timestamp_utc,sensor_sn,measurement_type,data_type,units,value
2026-08-19T00:00:00+00:00,22411189-1,Temperature,CURRENT,°C,19.495454101562494
2026-08-19T00:00:00+00:00,22411189-2,RH,CURRENT,%,75.6374456397345
2026-08-19T00:00:00+00:00,22411189-3,Dew Point,CURRENT,°C,15.098782943693726
2026-08-19T00:00:00+00:00,22411190-1,Temperature,CURRENT,°C,20.010258789062497
2026-08-19T00:00:00+00:00,22411190-2,RH,CURRENT,%,70.81406881818876
2026-08-19T00:00:00+00:00,22411190-3,Dew Point,CURRENT,°C,14.571116093738281
2026-08-19T00:00:00+00:00,22411191-1,Temperature,CURRENT,°C,20.846816406249992
2026-08-19T00:00:00+00:00,22411191-2,RH,CURRENT,%,67.01609826810102
2026-08-19T00:00:00+00:00,22411191-3,Dew Point,CURRENT,°C,14.516661553613769
2026-08-19T00:00:00+00:00,22411525-1,Temperature,CURRENT,°C,21.018417968749993
2026-08-19T00:00:00+00:00,22411525-2,RH,CURRENT,%,64.53498130769817
2026-08-19T00:00:00+00:00,22411525-3,Dew Point,CURRENT,°C,14.096181369460217
2026-08-19T00:00:00+00:00,22411526-1,Temperature,CURRENT,°C,18.959199218749994
2026-08-19T00:00:00+00:00,22411526-2,RH,CURRENT,%,77.9339284351873
2026-08-19T00:00:00+00:00,22411526-3,Dew Point,CURRENT,°C,15.04454242573501
2026-08-19T00:00:00+00:00,22411527-1,Temperature,CURRENT,°C,21.168569335937498
2026-08-19T00:00:00+00:00,22411527-2,RH,CURRENT,%,63.949034866865034
2026-08-19T00:00:00+00:00,22411527-3,Dew Point,CURRENT,°C,14.097648291188522
2026-08-19T00:00:00+00:00,22411528-1,Temperature,CURRENT,°C,18.508745117187495
2026-08-19T00:00:00+00:00,22411528-2,RH,CURRENT,%,82.40329594872969
2026-08-19T00:00:00+00:00,22411528-3,Dew Point,CURRENT,°C,15.47482517382647
2026-08-19T00:00:00+00:00,22411529-1,Temperature,CURRENT,°C,18.401494140624997
2026-08-19T00:00:00+00:00,22411529-2,RH,CURRENT,%,86.81162737468529
2026-08-19T00:00:00+00:00,22411529-3,Dew Point,CURRENT,°C,16.185630757810152
2026-08-19T00:00:00+00:00,22411530-1,Temperature,CURRENT,°C,20.503613281250004
2026-08-19T00:00:00+00:00,22411530-2,RH,CURRENT,%,68.20019836728466
2026-08-19T00:00:00+00:00,22411530-3,Dew Point,CURRENT,°C,14.460596070836392
2026-08-19T00:01:00+00:00,22411541-S,Battery,CURRENT,V,8.448314208984375
2026-08-19T00:05:00+00:00,22411189-1,Temperature,CURRENT,°C,19.5383544921875
2026-08-19T00:05:00+00:00,22411189-2,RH,CURRENT,%,75.49401083390555
2026-08-19T00:05:00+00:00,22411189-3,Dew Point,CURRENT,°C,15.1107304514002
2026-08-19T00:05:00+00:00,22411190-1,Temperature,CURRENT,°C,19.98880859375
2026-08-19T00:05:00+00:00,22411190-2,RH,CURRENT,%,71.34660868238346
2026-08-19T00:05:00+00:00,22411190-3,Dew Point,CURRENT,°C,14.666717088156897
2026-08-19T00:05:00+00:00,22411191-1,Temperature,CURRENT,°C,20.739565429687495
2026-08-19T00:05:00+00:00,22411191-2,RH,CURRENT,%,68.6350804913405
2026-08-19T00:05:00+00:00,22411191-3,Dew Point,CURRENT,°C,14.784607410498094
2026-08-19T00:05:00+00:00,22411525-1,Temperature,CURRENT,°C,20.889716796875
2026-08-19T00:05:00+00:00,22411525-2,RH,CURRENT,%,66.48813611047532
2026-08-19T00:05:00+00:00,22411525-3,Dew Point,CURRENT,°C,14.434998319832026
2026-08-19T00:05:00+00:00,22411526-1,Temperature,CURRENT,°C,19.002099609375
2026-08-19T00:05:00+00:00,22411526-2,RH,CURRENT,%,77.34493018997482
2026-08-19T00:05:00+00:00,22411526-3,Dew Point,CURRENT,°C,14.968166169266034
2026-08-19T00:05:00+00:00,22411527-1,Temperature,CURRENT,°C,21.018417968749993
2026-08-19T00:05:00+00:00,22411527-2,RH,CURRENT,%,66.17227435721371
2026-08-19T00:05:00+00:00,22411527-3,Dew Point,CURRENT,°C,14.483726526454138
2026-08-19T00:05:00+00:00,22411528-1,Temperature,CURRENT,°C,18.637446289062503
2026-08-19T00:05:00+00:00,22411528-2,RH,CURRENT,%,80.52033264667735
2026-08-19T00:05:00+00:00,22411528-3,Dew Point,CURRENT,°C,15.23989591866589
2026-08-19T00:05:00+00:00,22411529-1,Temperature,CURRENT,°C,17.99394042968749
2026-08-19T00:05:00+00:00,22411529-2,RH,CURRENT,%,85.76791027695124
2026-08-19T00:05:00+00:00,22411529-3,Dew Point,CURRENT,°C,15.59534744918146
2026-08-19T00:05:00+00:00,22411530-1,Temperature,CURRENT,°C,20.4392626953125
2026-08-19T00:05:00+00:00,22411530-2,RH,CURRENT,%,69.3736171511406
2026-08-19T00:05:00+00:00,22411530-3,Dew Point,CURRENT,°C,14.66351975424975
2026-08-19T00:06:00+00:00,22411541-S,Battery,CURRENT,V,8.438622070312501
2026-08-19T00:10:00+00:00,22411189-1,Temperature,CURRENT,°C,19.1951513671875
2026-08-19T00:10:00+00:00,22411189-2,RH,CURRENT,%,78.89219501029984
2026-08-19T00:10:00+00:00,22411189-3,Dew Point,CURRENT,°C,15.464327351372338
2026-08-19T00:10:00+00:00,22411190-1,Temperature,CURRENT,°C,19.624155273437502
2026-08-19T00:10:00+00:00,22411190-2,RH,CURRENT,%,74.48538948653392
2026-08-19T00:10:00+00:00,22411190-3,Dew Point,CURRENT,°C,14.98434206128522
2026-08-19T00:10:00+00:00,22411191-1,Temperature,CURRENT,°C,20.546513671874997
2026-08-19T00:10:00+00:00,22411191-2,RH,CURRENT,%,67.84313725490196
2026-08-19T00:10:00+00:00,22411191-3,Dew Point,CURRENT,°C,14.420260986318686
2026-08-19T00:10:00+00:00,22411525-1,Temperature,CURRENT,°C,20.782465820312503
2026-08-19T00:10:00+00:00,22411525-2,RH,CURRENT,%,64.75776302738994
2026-08-19T00:10:00+00:00,22411525-3,Dew Point,CURRENT,°C,13.925515492038334
2026-08-19T00:10:00+00:00,22411526-1,Temperature,CURRENT,°C,18.851948242187497
2026-08-19T00:10:00+00:00,22411526-2,RH,CURRENT,%,79.18516823071641
2026-08-19T00:10:00+00:00,22411526-3,Dew Point,CURRENT,°C,15.188282188450701
2026-08-19T00:10:00+00:00,22411527-1,Temperature,CURRENT,°C,21.018417968749993
2026-08-19T00:10:00+00:00,22411527-2,RH,CURRENT,%,63.21049820706493
2026-08-19T00:10:00+00:00,22411527-3,Dew Point,CURRENT,°C,13.776314435519154
2026-08-19T00:10:00+00:00,22411528-1,Temperature,CURRENT,°C,18.551645507812502
2026-08-19T00:10:00+00:00,22411528-2,RH,CURRENT,%,82.22934309910735
2026-08-19T00:10:00+00:00,22411528-3,Dew Point,CURRENT,°C,15.483771412329878
2026-08-19T00:10:00+00:00,22411529-1,Temperature,CURRENT,°C,17.8437890625
2026-08-19T00:10:00+00:00,22411529-2,RH,CURRENT,%,87.56694895857176
2026-08-19T00:10:00+00:00,22411529-3,Dew Point,CURRENT,°C,15.772266731206068
2026-08-19T00:10:00+00:00,22411530-1,Temperature,CURRENT,°C,20.117509765624995
2026-08-19T00:10:00+00:00,22411530-2,RH,CURRENT,%,71.29015030136568
2026-08-19T00:10:00+00:00,22411530-3,Dew Point,CURRENT,°C,14.778033150297924
2026-08-19T00:11:00+00:00,22411541-S,Battery,CURRENT,V,8.432160644531251
2026-08-19T00:15:00+00:00,22411189-1,Temperature,CURRENT,°C,19.15225097656249
2026-08-19T00:15:00+00:00,22411189-2,RH,CURRENT,%,75.67406729228657
2026-08-19T00:15:00+00:00,22411189-3,Dew Point,CURRENT,°C,14.77426096883404
2026-08-19T00:15:00+00:00,22411190-1,Temperature,CURRENT,°C,19.60270507812499
2026-08-19T00:15:00+00:00,22411190-2,RH,CURRENT,%,70.8522163729305
2026-08-19T00:15:00+00:00,22411190-3,Dew Point,CURRENT,°C,14.188354148419169
2026-08-19T00:15:00+00:00,22411191-1,Temperature,CURRENT,°C,20.546513671874997
2026-08-19T00:15:00+00:00,22411191-2,RH,CURRENT,%,66.42557412069887
2026-08-19T00:15:00+00:00,22411191-3,Dew Point,CURRENT,°C,14.09371598553725
2026-08-19T00:15:00+00:00,22411525-1,Temperature,CURRENT,°C,20.782465820312503
2026-08-19T00:15:00+00:00,22411525-2,RH,CURRENT,%,63.51720454718853
2026-08-19T00:15:00+00:00,22411525-3,Dew Point,CURRENT,°C,13.627533312105143
2026-08-19T00:15:00+00:00,22411526-1,Temperature,CURRENT,°C,18.744697265625
2026-08-19T00:15:00+00:00,22411526-2,RH,CURRENT,%,77.29762722209506
2026-08-19T00:15:00+00:00,22411526-3,Dew Point,CURRENT,°C,14.708943073748555
2026-08-19T00:15:00+00:00,22411527-1,Temperature,CURRENT,°C,20.996967773437497
2026-08-19T00:15:00+00:00,22411527-2,RH,CURRENT,%,62.68558785381857
2026-08-19T00:15:00+00:00,22411527-3,Dew Point,CURRENT,°C,13.62764429635484
2026-08-19T00:15:00+00:00,22411528-1,Temperature,CURRENT,°C,18.422944335937494
2026-08-19T00:15:00+00:00,22411528-2,RH,CURRENT,%,80.83772030212863
2026-08-19T00:15:00+00:00,22411528-3,Dew Point,CURRENT,°C,15.091972421036404
2026-08-19T00:15:00+00:00,22411529-1,Temperature,CURRENT,°C,17.715087890624993
2026-08-19T00:15:00+00:00,22411529-2,RH,CURRENT,%,86.88487067978943
2026-08-19T00:15:00+00:00,22411529-3,Dew Point,CURRENT,°C,15.523260897263249
2026-08-19T00:15:00+00:00,22411530-1,Temperature,CURRENT,°C,20.13895996093749
2026-08-19T00:15:00+00:00,22411530-2,RH,CURRENT,%,67.52422369726101
2026-08-19T00:15:00+00:00,22411530-3,Dew Point,CURRENT,°C,13.958551025255925
2026-08-19T00:16:00+00:00,22411541-S,Battery,CURRENT,V,8.428929931640626
2026-08-19T00:20:00+00:00,22411189-1,Temperature,CURRENT,°C,19.323852539062493
2026-08-19T00:20:00+00:00,22411189-2,RH,CURRENT,%,74.12832837415122
2026-08-19T00:20:00+00:00,22411189-3,Dew Point,CURRENT,°C,14.61981734219366
2026-08-19T00:20:00+00:00,22411190-1,Temperature,CURRENT,°C,19.774306640624992
2026-08-19T00:20:00+00:00,22411190-2,RH,CURRENT,%,69.62386511024643
2026-08-19T00:20:00+00:00,22411190-3,Dew Point,CURRENT,°C,14.082667567841579
2026-08-19T00:20:00+00:00,22411191-1,Temperature,CURRENT,°C,20.546513671874997
2026-08-19T00:20:00+00:00,22411191-2,RH,CURRENT,%,65.01564049744411
2026-08-19T00:20:00+00:00,22411191-3,Dew Point,CURRENT,°C,13.762806599993725
2026-08-19T00:20:00+00:00,22411525-1,Temperature,CURRENT,°C,20.718115234375
2026-08-19T00:20:00+00:00,22411525-2,RH,CURRENT,%,62.699320973525595
2026-08-19T00:20:00+00:00,22411525-3,Dew Point,CURRENT,°C,13.367446802361949
2026-08-19T00:20:00+00:00,22411526-1,Temperature,CURRENT,°C,18.809047851562504
2026-08-19T00:20:00+00:00,22411526-2,RH,CURRENT,%,77.26253147173266
2026-08-19T00:20:00+00:00,22411526-3,Dew Point,CURRENT,°C,14.764319756279606
2026-08-19T00:20:00+00:00,22411527-1,Temperature,CURRENT,°C,20.846816406249992
2026-08-19T00:20:00+00:00,22411527-2,RH,CURRENT,%,61.9150072480354
2026-08-19T00:20:00+00:00,22411527-3,Dew Point,CURRENT,°C,13.295764708646871
2026-08-19T00:20:00+00:00,22411528-1,Temperature,CURRENT,°C,18.4658447265625
2026-08-19T00:20:00+00:00,22411528-2,RH,CURRENT,%,80.3112840466926
2026-08-19T00:20:00+00:00,22411528-3,Dew Point,CURRENT,°C,15.0321224990952
2026-08-19T00:20:00+00:00,22411529-1,Temperature,CURRENT,°C,17.564936523437503
2026-08-19T00:20:00+00:00,22411529-2,RH,CURRENT,%,85.83962767986571
2026-08-19T00:20:00+00:00,22411529-3,Dew Point,CURRENT,°C,15.186775250538805
2026-08-19T00:20:00+00:00,22411530-1,Temperature,CURRENT,°C,20.246210937500003
2026-08-19T00:20:00+00:00,22411530-2,RH,CURRENT,%,66.2180514229038
2026-08-19T00:20:00+00:00,22411530-3,Dew Point,CURRENT,°C,13.759624924225895
2026-08-19T00:21:00+00:00,22411541-S,Battery,CURRENT,V,8.428929931640626
2026-08-19T00:25:00+00:00,22411189-1,Temperature,CURRENT,°C,19.323852539062493
2026-08-19T00:25:00+00:00,22411189-2,RH,CURRENT,%,74.6822308690013
2026-08-19T00:25:00+00:00,22411189-3,Dew Point,CURRENT,°C,14.735324725571266
2026-08-19T00:25:00+00:00,22411190-1,Temperature,CURRENT,°C,19.795756835937503
2026-08-19T00:25:00+00:00,22411190-2,RH,CURRENT,%,69.79324025329976
2026-08-19T00:25:00+00:00,22411190-3,Dew Point,CURRENT,°C,14.140742561146695
2026-08-19T00:25:00+00:00,22411191-1,Temperature,CURRENT,°C,20.5250634765625
2026-08-19T00:25:00+00:00,22411191-2,RH,CURRENT,%,65.65041580834668
2026-08-19T00:25:00+00:00,22411191-3,Dew Point,CURRENT,°C,13.892168472732733
2026-08-19T00:25:00+00:00,22411525-1,Temperature,CURRENT,°C,20.653764648437495
2026-08-19T00:25:00+00:00,22411525-2,RH,CURRENT,%,63.233386739909974
2026-08-19T00:25:00+00:00,22411525-3,Dew Point,CURRENT,°C,13.436866084098742
2026-08-19T00:25:00+00:00,22411526-1,Temperature,CURRENT,°C,18.809047851562504
2026-08-19T00:25:00+00:00,22411526-2,RH,CURRENT,%,76.26764324406805
2026-08-19T00:25:00+00:00,22411526-3,Dew Point,CURRENT,°C,14.563249746180697
2026-08-19T00:25:00+00:00,22411527-1,Temperature,CURRENT,°C,20.782465820312503
2026-08-19T00:25:00+00:00,22411527-2,RH,CURRENT,%,62.21713588158999
2026-08-19T00:25:00+00:00,22411527-3,Dew Point,CURRENT,°C,13.30972507041546
2026-08-19T00:25:00+00:00,22411528-1,Temperature,CURRENT,°C,18.53019531249999
2026-08-19T00:25:00+00:00,22411528-2,RH,CURRENT,%,79.51934081025406
2026-08-19T00:25:00+00:00,22411528-3,Dew Point,CURRENT,°C,14.94067149625528
2026-08-19T00:25:00+00:00,22411529-1,Temperature,CURRENT,°C,17.564936523437503
2026-08-19T00:25:00+00:00,22411529-2,RH,CURRENT,%,85.63057907988097
2026-08-19T00:25:00+00:00,22411529-3,Dew Point,CURRENT,°C,15.14879546636972
2026-08-19T00:25:00+00:00,22411530-1,Temperature,CURRENT,°C,20.246210937500003
2026-08-19T00:25:00+00:00,22411530-2,RH,CURRENT,%,66.90012970168613
2026-08-19T00:25:00+00:00,22411530-3,Dew Point,CURRENT,°C,13.917573806435822
2026-08-19T00:26:00+00:00,22411541-S,Battery,CURRENT,V,8.432160644531251
2026-08-19T00:30:00+00:00,22411189-1,Temperature,CURRENT,°C,19.216601562499996
2026-08-19T00:30:00+00:00,22411189-2,RH,CURRENT,%,73.23720149538414
2026-08-19T00:30:00+00:00,22411189-3,Dew Point,CURRENT,°C,14.329036742629604
2026-08-19T00:30:00+00:00,22411190-1,Temperature,CURRENT,°C,19.667055664062495
2026-08-19T00:30:00+00:00,22411190-2,RH,CURRENT,%,68.1681544213016
2026-08-19T00:30:00+00:00,22411190-3,Dew Point,CURRENT,°C,13.654344356725378
2026-08-19T00:30:00+00:00,22411191-1,Temperature,CURRENT,°C,20.310561523437492
2026-08-19T00:30:00+00:00,22411191-2,RH,CURRENT,%,64.64789806973373
2026-08-19T00:30:00+00:00,22411191-3,Dew Point,CURRENT,°C,13.451586296460766
2026-08-19T00:30:00+00:00,22411525-1,Temperature,CURRENT,°C,20.460712890624997
2026-08-19T00:30:00+00:00,22411525-2,RH,CURRENT,%,62.4277103837644
2026-08-19T00:30:00+00:00,22411525-3,Dew Point,CURRENT,°C,13.05762259713057
2026-08-19T00:30:00+00:00,22411526-1,Temperature,CURRENT,°C,18.723247070312503
2026-08-19T00:30:00+00:00,22411526-2,RH,CURRENT,%,75.1598382543679
2026-08-19T00:30:00+00:00,22411526-3,Dew Point,CURRENT,°C,14.25368247821792
2026-08-19T00:30:00+00:00,22411527-1,Temperature,CURRENT,°C,20.589414062500005
2026-08-19T00:30:00+00:00,22411527-2,RH,CURRENT,%,61.74258030060273
2026-08-19T00:30:00+00:00,22411527-3,Dew Point,CURRENT,°C,13.010129700721327
2026-08-19T00:30:00+00:00,22411528-1,Temperature,CURRENT,°C,18.2942431640625
2026-08-19T00:30:00+00:00,22411528-2,RH,CURRENT,%,78.75944151979859
2026-08-19T00:30:00+00:00,22411528-3,Dew Point,CURRENT,°C,14.562022089470378
2026-08-19T00:30:00+00:00,22411529-1,Temperature,CURRENT,°C,17.414785156249998
2026-08-19T00:30:00+00:00,22411529-2,RH,CURRENT,%,86.34775310902572
2026-08-19T00:30:00+00:00,22411529-3,Dew Point,CURRENT,°C,15.131070907744872
2026-08-19T00:30:00+00:00,22411530-1,Temperature,CURRENT,°C,20.074609375
2026-08-19T00:30:00+00:00,22411530-2,RH,CURRENT,%,65.62752727550163
2026-08-19T00:30:00+00:00,22411530-3,Dew Point,CURRENT,°C,13.458591454631165
2026-08-19T00:31:00+00:00,22411541-S,Battery,CURRENT,V,8.428929931640626
2026-08-19T00:35:00+00:00,22411189-1,Temperature,CURRENT,°C,18.937749023437497
2026-08-19T00:35:00+00:00,22411189-2,RH,CURRENT,%,74.39993896391242
2026-08-19T00:35:00+00:00,22411189-3,Dew Point,CURRENT,°C,14.303755763177431
2026-08-19T00:35:00+00:00,22411190-1,Temperature,CURRENT,°C,19.431103515625004
2026-08-19T00:35:00+00:00,22411190-2,RH,CURRENT,%,69.07148851758602
2026-08-19T00:35:00+00:00,22411190-3,Dew Point,CURRENT,°C,13.63137788850909
2026-08-19T00:35:00+00:00,22411191-1,Temperature,CURRENT,°C,20.074609375
2026-08-19T00:35:00+00:00,22411191-2,RH,CURRENT,%,65.46425574120698
2026-08-19T00:35:00+00:00,22411191-3,Dew Point,CURRENT,°C,13.420320279178304
2026-08-19T00:35:00+00:00,22411525-1,Temperature,CURRENT,°C,20.22476074218749
2026-08-19T00:35:00+00:00,22411525-2,RH,CURRENT,%,63.060959792477306
2026-08-19T00:35:00+00:00,22411525-3,Dew Point,CURRENT,°C,12.989109184272651
2026-08-19T00:35:00+00:00,22411526-1,Temperature,CURRENT,°C,18.4658447265625
2026-08-19T00:35:00+00:00,22411526-2,RH,CURRENT,%,76.39734493018997
2026-08-19T00:35:00+00:00,22411526-3,Dew Point,CURRENT,°C,14.257116196734506
2026-08-19T00:35:00+00:00,22411527-1,Temperature,CURRENT,°C,20.374912109374996
2026-08-19T00:35:00+00:00,22411527-2,RH,CURRENT,%,62.5482566567483
2026-08-19T00:35:00+00:00,22411527-3,Dew Point,CURRENT,°C,13.00609314263944
2026-08-19T00:35:00+00:00,22411528-1,Temperature,CURRENT,°C,18.0368408203125
2026-08-19T00:35:00+00:00,22411528-2,RH,CURRENT,%,80.81025406271458
2026-08-19T00:35:00+00:00,22411528-3,Dew Point,CURRENT,°C,14.710036970415448
2026-08-19T00:35:00+00:00,22411529-1,Temperature,CURRENT,°C,17.1359326171875
2026-08-19T00:35:00+00:00,22411529-2,RH,CURRENT,%,87.58831158922713
2026-08-19T00:35:00+00:00,22411529-3,Dew Point,CURRENT,°C,15.078638640718559
2026-08-19T00:35:00+00:00,22411530-1,Temperature,CURRENT,°C,19.81720703125
2026-08-19T00:35:00+00:00,22411530-2,RH,CURRENT,%,66.39658197909515
2026-08-19T00:35:00+00:00,22411530-3,Dew Point,CURRENT,°C,13.392691001835471
2026-08-19T00:36:00+00:00,22411541-S,Battery,CURRENT,V,8.428929931640626
2026-08-19T00:40:00+00:00,22411189-1,Temperature,CURRENT,°C,18.4658447265625
2026-08-19T00:40:00+00:00,22411189-2,RH,CURRENT,%,74.72800793469139
2026-08-19T00:40:00+00:00,22411189-3,Dew Point,CURRENT,°C,13.915926593496597
2026-08-19T00:40:00+00:00,22411190-1,Temperature,CURRENT,°C,19.023549804687498
2026-08-19T00:40:00+00:00,22411190-2,RH,CURRENT,%,68.75410086213473
2026-08-19T00:40:00+00:00,22411190-3,Dew Point,CURRENT,°C,13.170816218835114
2026-08-19T00:40:00+00:00,22411191-1,Temperature,CURRENT,°C,19.9030078125
2026-08-19T00:40:00+00:00,22411191-2,RH,CURRENT,%,63.8101777676051
2026-08-19T00:40:00+00:00,22411191-3,Dew Point,CURRENT,°C,12.865228492655634
2026-08-19T00:40:00+00:00,22411525-1,Temperature,CURRENT,°C,20.160410156250002
2026-08-19T00:40:00+00:00,22411525-2,RH,CURRENT,%,61.37026016632334
2026-08-19T00:40:00+00:00,22411525-3,Dew Point,CURRENT,°C,12.513078834243313
2026-08-19T00:40:00+00:00,22411526-1,Temperature,CURRENT,°C,18.1226416015625
2026-08-19T00:40:00+00:00,22411526-2,RH,CURRENT,%,76.77576867322804
2026-08-19T00:40:00+00:00,22411526-3,Dew Point,CURRENT,°C,14.000857470300682
2026-08-19T00:40:00+00:00,22411527-1,Temperature,CURRENT,°C,20.374912109374996
2026-08-19T00:40:00+00:00,22411527-2,RH,CURRENT,%,60.89112687876707
2026-08-19T00:40:00+00:00,22411527-3,Dew Point,CURRENT,°C,12.595649307720004
2026-08-19T00:40:00+00:00,22411528-1,Temperature,CURRENT,°C,17.650737304687503
2026-08-19T00:40:00+00:00,22411528-2,RH,CURRENT,%,80.8743419546807
2026-08-19T00:40:00+00:00,22411528-3,Dew Point,CURRENT,°C,14.345643857174554
2026-08-19T00:40:00+00:00,22411529-1,Temperature,CURRENT,°C,16.878530273437498
2026-08-19T00:40:00+00:00,22411529-2,RH,CURRENT,%,87.09391927977417
2026-08-19T00:40:00+00:00,22411529-3,Dew Point,CURRENT,°C,14.73711415493702
2026-08-19T00:40:00+00:00,22411530-1,Temperature,CURRENT,°C,19.516904296875005
2026-08-19T00:40:00+00:00,22411530-2,RH,CURRENT,%,65.24299992370489
2026-08-19T00:40:00+00:00,22411530-3,Dew Point,CURRENT,°C,12.838497824656715
2026-08-19T00:41:00+00:00,22411541-S,Battery,CURRENT,V,8.416007080078126
2026-08-19T00:45:00+00:00,22411189-1,Temperature,CURRENT,°C,18.61599609374999
2026-08-19T00:45:00+00:00,22411189-2,RH,CURRENT,%,74.11154345006486
2026-08-19T00:45:00+00:00,22411189-3,Dew Point,CURRENT,°C,13.933156543367991
2026-08-19T00:45:00+00:00,22411190-1,Temperature,CURRENT,°C,19.130800781249995
2026-08-19T00:45:00+00:00,22411190-2,RH,CURRENT,%,69.13405050736247
2026-08-19T00:45:00+00:00,22411190-3,Dew Point,CURRENT,°C,13.357962688063173
2026-08-19T00:45:00+00:00,22411191-1,Temperature,CURRENT,°C,20.053159179687505
2026-08-19T00:45:00+00:00,22411191-2,RH,CURRENT,%,64.47547112230106
2026-08-19T00:45:00+00:00,22411191-3,Dew Point,CURRENT,°C,13.166393625705027
2026-08-19T00:45:00+00:00,22411525-1,Temperature,CURRENT,°C,20.2676611328125
2026-08-19T00:45:00+00:00,22411525-2,RH,CURRENT,%,61.62813763637751
2026-08-19T00:45:00+00:00,22411525-3,Dew Point,CURRENT,°C,12.678219169016957
2026-08-19T00:45:00+00:00,22411526-1,Temperature,CURRENT,°C,18.1226416015625
2026-08-19T00:45:00+00:00,22411526-2,RH,CURRENT,%,75.98840314335851
2026-08-19T00:45:00+00:00,22411526-3,Dew Point,CURRENT,°C,13.841870917346574
2026-08-19T00:45:00+00:00,22411527-1,Temperature,CURRENT,°C,20.4392626953125
2026-08-19T00:45:00+00:00,22411527-2,RH,CURRENT,%,60.84992751964599
2026-08-19T00:45:00+00:00,22411527-3,Dew Point,CURRENT,°C,12.645928131430784
2026-08-19T00:45:00+00:00,22411528-1,Temperature,CURRENT,°C,17.779438476562497
2026-08-19T00:45:00+00:00,22411528-2,RH,CURRENT,%,79.1805905241474
2026-08-19T00:45:00+00:00,22411528-3,Dew Point,CURRENT,°C,14.143772379372866
2026-08-19T00:45:00+00:00,22411529-1,Temperature,CURRENT,°C,16.8141796875
2026-08-19T00:45:00+00:00,22411529-2,RH,CURRENT,%,86.2333104448005
2026-08-19T00:45:00+00:00,22411529-3,Dew Point,CURRENT,°C,14.519768557450734
2026-08-19T00:45:00+00:00,22411530-1,Temperature,CURRENT,°C,19.667055664062495
2026-08-19T00:45:00+00:00,22411530-2,RH,CURRENT,%,65.89303425650415
2026-08-19T00:45:00+00:00,22411530-3,Dew Point,CURRENT,°C,13.133004741980445
2026-08-19T00:46:00+00:00,22411541-S,Battery,CURRENT,V,8.4127763671875
2026-08-19T00:50:00+00:00,22411189-1,Temperature,CURRENT,°C,18.3800439453125
2026-08-19T00:50:00+00:00,22411189-2,RH,CURRENT,%,75.66491187914855
2026-08-19T00:50:00+00:00,22411189-3,Dew Point,CURRENT,°C,14.025207186649213
2026-08-19T00:50:00+00:00,22411190-1,Temperature,CURRENT,°C,18.873398437499993
2026-08-19T00:50:00+00:00,22411190-2,RH,CURRENT,%,71.19554436560617
2026-08-19T00:50:00+00:00,22411190-3,Dew Point,CURRENT,°C,13.56272570207514
2026-08-19T00:50:00+00:00,22411191-1,Temperature,CURRENT,°C,19.709956054687503
2026-08-19T00:50:00+00:00,22411191-2,RH,CURRENT,%,67.51812008850233
2026-08-19T00:50:00+00:00,22411191-3,Dew Point,CURRENT,°C,13.547895671669687
2026-08-19T00:50:00+00:00,22411525-1,Temperature,CURRENT,°C,19.9030078125
2026-08-19T00:50:00+00:00,22411525-2,RH,CURRENT,%,64.46021210040436
2026-08-19T00:50:00+00:00,22411525-3,Dew Point,CURRENT,°C,13.020335221525698
2026-08-19T00:50:00+00:00,22411526-1,Temperature,CURRENT,°C,17.92958984375
2026-08-19T00:50:00+00:00,22411526-2,RH,CURRENT,%,76.98329137102311
2026-08-19T00:50:00+00:00,22411526-3,Dew Point,CURRENT,°C,13.855314466575873
2026-08-19T00:50:00+00:00,22411527-1,Temperature,CURRENT,°C,20.13895996093749
2026-08-19T00:50:00+00:00,22411527-2,RH,CURRENT,%,62.83054856183718
2026-08-19T00:50:00+00:00,22411527-3,Dew Point,CURRENT,°C,12.85195260378501
2026-08-19T00:50:00+00:00,22411528-1,Temperature,CURRENT,°C,17.58638671875
2026-08-19T00:50:00+00:00,22411528-2,RH,CURRENT,%,80.72785534447242
2026-08-19T00:50:00+00:00,22411528-3,Dew Point,CURRENT,°C,14.254821276949802
2026-08-19T00:50:00+00:00,22411529-1,Temperature,CURRENT,°C,16.685478515625
2026-08-19T00:50:00+00:00,22411529-2,RH,CURRENT,%,88.05676356145571
2026-08-19T00:50:00+00:00,22411529-3,Dew Point,CURRENT,°C,14.717555341191916
2026-08-19T00:50:00+00:00,22411530-1,Temperature,CURRENT,°C,19.345302734375004
2026-08-19T00:50:00+00:00,22411530-2,RH,CURRENT,%,69.47890440222781
2026-08-19T00:50:00+00:00,22411530-3,Dew Point,CURRENT,°C,13.639759291489417
2026-08-19T00:51:00+00:00,22411541-S,Battery,CURRENT,V,8.409545654296876
2026-08-19T00:55:00+00:00,22411189-1,Temperature,CURRENT,°C,18.058291015624995
2026-08-19T00:55:00+00:00,22411189-2,RH,CURRENT,%,77.5921263447013
2026-08-19T00:55:00+00:00,22411189-3,Dew Point,CURRENT,°C,14.10173221786954
2026-08-19T00:55:00+00:00,22411190-1,Temperature,CURRENT,°C,18.680346679687496
2026-08-19T00:55:00+00:00,22411190-2,RH,CURRENT,%,72.09582665751125
2026-08-19T00:55:00+00:00,22411190-3,Dew Point,CURRENT,°C,13.570438054160563
2026-08-19T00:55:00+00:00,22411191-1,Temperature,CURRENT,°C,19.581254882812495
2026-08-19T00:55:00+00:00,22411191-2,RH,CURRENT,%,68.81818875410086
2026-08-19T00:55:00+00:00,22411191-3,Dew Point,CURRENT,°C,13.718444663317989
2026-08-19T00:55:00+00:00,22411525-1,Temperature,CURRENT,°C,19.81720703125
2026-08-19T00:55:00+00:00,22411525-2,RH,CURRENT,%,65.1468680857557
2026-08-19T00:55:00+00:00,22411525-3,Dew Point,CURRENT,°C,13.101200239554199
2026-08-19T00:55:00+00:00,22411526-1,Temperature,CURRENT,°C,17.54348632812499
2026-08-19T00:55:00+00:00,22411526-2,RH,CURRENT,%,79.36827649347677
2026-08-19T00:55:00+00:00,22411526-3,Dew Point,CURRENT,°C,13.95067956600196
2026-08-19T00:55:00+00:00,22411527-1,Temperature,CURRENT,°C,20.053159179687505
2026-08-19T00:55:00+00:00,22411527-2,RH,CURRENT,%,63.37682154573892
2026-08-19T00:55:00+00:00,22411527-3,Dew Point,CURRENT,°C,12.903186818961625
2026-08-19T00:55:00+00:00,22411528-1,Temperature,CURRENT,°C,17.157382812499996
2026-08-19T00:55:00+00:00,22411528-2,RH,CURRENT,%,83.55687800411994
2026-08-19T00:55:00+00:00,22411528-3,Dew Point,CURRENT,°C,14.368337021955599
2026-08-19T00:55:00+00:00,22411529-1,Temperature,CURRENT,°C,16.513876953125
2026-08-19T00:55:00+00:00,22411529-2,RH,CURRENT,%,89.31410696574349
2026-08-19T00:55:00+00:00,22411529-3,Dew Point,CURRENT,°C,14.76830532001782
2026-08-19T00:55:00+00:00,22411530-1,Temperature,CURRENT,°C,19.259501953125003
2026-08-19T00:55:00+00:00,22411530-2,RH,CURRENT,%,70.34256504158084
2026-08-19T00:55:00+00:00,22411530-3,Dew Point,CURRENT,°C,13.747739446032217
2026-08-19T00:56:00+00:00,22411541-S,Battery,CURRENT,V,8.403084228515626
2026-08-19T01:00:00+00:00,22411189-1,Temperature,CURRENT,°C,17.736538085937504
2026-08-19T01:00:00+00:00,22411189-2,RH,CURRENT,%,79.66887922484169
2026-08-19T01:00:00+00:00,22411189-3,Dew Point,CURRENT,°C,14.197016109468379
2026-08-19T01:00:00+00:00,22411190-1,Temperature,CURRENT,°C,18.272792968750004
2026-08-19T01:00:00+00:00,22411190-2,RH,CURRENT,%,74.11154345006486
2026-08-19T01:00:00+00:00,22411190-3,Dew Point,CURRENT,°C,13.601907825606874
2026-08-19T01:00:00+00:00,22411191-1,Temperature,CURRENT,°C,19.1093505859375
2026-08-19T01:00:00+00:00,22411191-2,RH,CURRENT,%,70.3746089875639
2026-08-19T01:00:00+00:00,22411191-3,Dew Point,CURRENT,°C,13.610765102512124
2026-08-19T01:00:00+00:00,22411525-1,Temperature,CURRENT,°C,19.431103515625004
2026-08-19T01:00:00+00:00,22411525-2,RH,CURRENT,%,66.6803997863737
2026-08-19T01:00:00+00:00,22411525-3,Dew Point,CURRENT,°C,13.09042546135003
2026-08-19T01:00:00+00:00,22411526-1,Temperature,CURRENT,°C,17.3075341796875
2026-08-19T01:00:00+00:00,22411526-2,RH,CURRENT,%,81.12458991378652
2026-08-19T01:00:00+00:00,22411526-3,Dew Point,CURRENT,°C,14.05848201924918
2026-08-19T01:00:00+00:00,22411527-1,Temperature,CURRENT,°C,19.73140625
2026-08-19T01:00:00+00:00,22411527-2,RH,CURRENT,%,64.25421530479896
2026-08-19T01:00:00+00:00,22411527-3,Dew Point,CURRENT,°C,12.808612096560463
2026-08-19T01:00:00+00:00,22411528-1,Temperature,CURRENT,°C,16.89998046875
2026-08-19T01:00:00+00:00,22411528-2,RH,CURRENT,%,85.03395132372015
2026-08-19T01:00:00+00:00,22411528-3,Dew Point,CURRENT,°C,14.387146972147658
2026-08-19T01:00:00+00:00,22411529-1,Temperature,CURRENT,°C,16.342275390624998
2026-08-19T01:00:00+00:00,22411529-2,RH,CURRENT,%,90.03433279926757
2026-08-19T01:00:00+00:00,22411529-3,Dew Point,CURRENT,°C,14.723411993314018
2026-08-19T01:00:00+00:00,22411530-1,Temperature,CURRENT,°C,18.701796874999992
2026-08-19T01:00:00+00:00,22411530-2,RH,CURRENT,%,71.70824750133517
2026-08-19T01:00:00+00:00,22411530-3,Dew Point,CURRENT,°C,13.508179457111495
2026-08-19T01:01:00+00:00,22411541-S,Battery,CURRENT,V,8.403084228515626
2026-08-19T01:05:00+00:00,22411189-1,Temperature,CURRENT,°C,17.286083984375004
2026-08-19T01:05:00+00:00,22411189-2,RH,CURRENT,%,80.94148165102617
2026-08-19T01:05:00+00:00,22411189-3,Dew Point,CURRENT,°C,14.00266673393428
2026-08-19T01:05:00+00:00,22411190-1,Temperature,CURRENT,°C,17.822338867187504
2026-08-19T01:05:00+00:00,22411190-2,RH,CURRENT,%,75.71526665140765
2026-08-19T01:05:00+00:00,22411190-3,Dew Point,CURRENT,°C,13.495758100255744
2026-08-19T01:05:00+00:00,22411191-1,Temperature,CURRENT,°C,18.766147460937496
2026-08-19T01:05:00+00:00,22411191-2,RH,CURRENT,%,71.03379873350119
2026-08-19T01:05:00+00:00,22411191-3,Dew Point,CURRENT,°C,13.424778596423298
2026-08-19T01:05:00+00:00,22411525-1,Temperature,CURRENT,°C,19.15225097656249
2026-08-19T01:05:00+00:00,22411525-2,RH,CURRENT,%,67.39147020675975
2026-08-19T01:05:00+00:00,22411525-3,Dew Point,CURRENT,°C,12.9870611041206
2026-08-19T01:05:00+00:00,22411526-1,Temperature,CURRENT,°C,16.9643310546875
2026-08-19T01:05:00+00:00,22411526-2,RH,CURRENT,%,82.43076218814375
2026-08-19T01:05:00+00:00,22411526-3,Dew Point,CURRENT,°C,13.96968909291032
2026-08-19T01:05:00+00:00,22411527-1,Temperature,CURRENT,°C,19.559804687499998
2026-08-19T01:05:00+00:00,22411527-2,RH,CURRENT,%,65.07057297627222
2026-08-19T01:05:00+00:00,22411527-3,Dew Point,CURRENT,°C,12.838784919310688
2026-08-19T01:05:00+00:00,22411528-1,Temperature,CURRENT,°C,16.599677734375
2026-08-19T01:05:00+00:00,22411528-2,RH,CURRENT,%,85.96017395284962
2026-08-19T01:05:00+00:00,22411528-3,Dew Point,CURRENT,°C,14.259745105347935
2026-08-19T01:05:00+00:00,22411529-1,Temperature,CURRENT,°C,16.2350244140625
2026-08-19T01:05:00+00:00,22411529-2,RH,CURRENT,%,90.88120851453422
2026-08-19T01:05:00+00:00,22411529-3,Dew Point,CURRENT,°C,14.762649331955831
2026-08-19T01:05:00+00:00,22411530-1,Temperature,CURRENT,°C,18.2942431640625
2026-08-19T01:05:00+00:00,22411530-2,RH,CURRENT,%,73.06172274357213
2026-08-19T01:05:00+00:00,22411530-3,Dew Point,CURRENT,°C,13.403288331851144
2026-08-19T01:06:00+00:00,22411541-S,Battery,CURRENT,V,8.403084228515626
2026-08-19T01:10:00+00:00,22411189-1,Temperature,CURRENT,°C,17.0501318359375
2026-08-19T01:10:00+00:00,22411189-2,RH,CURRENT,%,82.47653925383383
2026-08-19T01:10:00+00:00,22411189-3,Dew Point,CURRENT,°C,14.062174564390762
2026-08-19T01:10:00+00:00,22411190-1,Temperature,CURRENT,°C,17.564936523437503
2026-08-19T01:10:00+00:00,22411190-2,RH,CURRENT,%,77.81643396658274
2026-08-19T01:10:00+00:00,22411190-3,Dew Point,CURRENT,°C,13.667260275843667
2026-08-19T01:10:00+00:00,22411191-1,Temperature,CURRENT,°C,18.551645507812502
2026-08-19T01:10:00+00:00,22411191-2,RH,CURRENT,%,74.78446631570917
2026-08-19T01:10:00+00:00,22411191-3,Dew Point,CURRENT,°C,14.010477881606825
2026-08-19T01:10:00+00:00,22411525-1,Temperature,CURRENT,°C,18.787597656249993
2026-08-19T01:10:00+00:00,22411525-2,RH,CURRENT,%,71.79522392614633
2026-08-19T01:10:00+00:00,22411525-3,Dew Point,CURRENT,°C,13.6093021738981
2026-08-19T01:10:00+00:00,22411526-1,Temperature,CURRENT,°C,16.642578125
2026-08-19T01:10:00+00:00,22411526-2,RH,CURRENT,%,83.29900053406577
2026-08-19T01:10:00+00:00,22411526-3,Dew Point,CURRENT,°C,13.816370084328627
2026-08-19T01:10:00+00:00,22411527-1,Temperature,CURRENT,°C,19.1093505859375
2026-08-19T01:10:00+00:00,22411527-2,RH,CURRENT,%,70.09994659342337
2026-08-19T01:10:00+00:00,22411527-3,Dew Point,CURRENT,°C,13.550616298833685
2026-08-19T01:10:00+00:00,22411528-1,Temperature,CURRENT,°C,16.406625976562495
2026-08-19T01:10:00+00:00,22411528-2,RH,CURRENT,%,86.44083314259557
2026-08-19T01:10:00+00:00,22411528-3,Dew Point,CURRENT,°C,14.156089623387366
2026-08-19T01:10:00+00:00,22411529-1,Temperature,CURRENT,°C,16.1921240234375
2026-08-19T01:10:00+00:00,22411529-2,RH,CURRENT,%,90.97581445029374
2026-08-19T01:10:00+00:00,22411529-3,Dew Point,CURRENT,°C,14.736334247460585
2026-08-19T01:10:00+00:00,22411530-1,Temperature,CURRENT,°C,18.101191406250003
2026-08-19T01:10:00+00:00,22411530-2,RH,CURRENT,%,76.12115663385977
2026-08-19T01:10:00+00:00,22411530-3,Dew Point,CURRENT,°C,13.848005810223592
2026-08-19T01:11:00+00:00,22411541-S,Battery,CURRENT,V,8.409545654296876
2026-08-19T01:15:00+00:00,22411189-1,Temperature,CURRENT,°C,17.0072314453125
2026-08-19T01:15:00+00:00,22411189-2,RH,CURRENT,%,84.01312275883116
2026-08-19T01:15:00+00:00,22411189-3,Dew Point,CURRENT,°C,14.305458668621576
2026-08-19T01:15:00+00:00,22411190-1,Temperature,CURRENT,°C,17.522036132812495
2026-08-19T01:15:00+00:00,22411190-2,RH,CURRENT,%,79.30724040588998
2026-08-19T01:15:00+00:00,22411190-3,Dew Point,CURRENT,°C,13.917933950352456
2026-08-19T01:15:00+00:00,22411191-1,Temperature,CURRENT,°C,18.4658447265625
2026-08-19T01:15:00+00:00,22411191-2,RH,CURRENT,%,76.91309987029831
2026-08-19T01:15:00+00:00,22411191-3,Dew Point,CURRENT,°C,14.36120705984337
2026-08-19T01:15:00+00:00,22411525-1,Temperature,CURRENT,°C,18.744697265625
2026-08-19T01:15:00+00:00,22411525-2,RH,CURRENT,%,73.61562523842221
2026-08-19T01:15:00+00:00,22411525-3,Dew Point,CURRENT,°C,13.95375058997282
2026-08-19T01:15:00+00:00,22411526-1,Temperature,CURRENT,°C,16.513876953125
2026-08-19T01:15:00+00:00,22411526-2,RH,CURRENT,%,84.73640039673457
2026-08-19T01:15:00+00:00,22411526-3,Dew Point,CURRENT,°C,13.953994512715798
2026-08-19T01:15:00+00:00,22411527-1,Temperature,CURRENT,°C,19.06645019531249
2026-08-19T01:15:00+00:00,22411527-2,RH,CURRENT,%,70.4951552605478
2026-08-19T01:15:00+00:00,22411527-3,Dew Point,CURRENT,°C,13.595949681820962
2026-08-19T01:15:00+00:00,22411528-1,Temperature,CURRENT,°C,16.3208251953125
2026-08-19T01:15:00+00:00,22411528-2,RH,CURRENT,%,87.54711223010605
2026-08-19T01:15:00+00:00,22411528-3,Dew Point,CURRENT,°C,14.268203090198293
2026-08-19T01:15:00+00:00,22411529-1,Temperature,CURRENT,°C,16.1492236328125
2026-08-19T01:15:00+00:00,22411529-2,RH,CURRENT,%,91.24132143129626
2026-08-19T01:15:00+00:00,22411529-3,Dew Point,CURRENT,°C,14.73909396540039
2026-08-19T01:15:00+00:00,22411530-1,Temperature,CURRENT,°C,18.0368408203125
2026-08-19T01:15:00+00:00,22411530-2,RH,CURRENT,%,77.83474479285877
2026-08-19T01:15:00+00:00,22411530-3,Dew Point,CURRENT,°C,14.129131961179569
2026-08-19T01:16:00+00:00,22411541-S,Battery,CURRENT,V,8.396622802734376
2026-08-19T01:20:00+00:00,22411189-1,Temperature,CURRENT,°C,17.114482421874996
2026-08-19T01:20:00+00:00,22411189-2,RH,CURRENT,%,83.588921950103
2026-08-19T01:20:00+00:00,22411189-3,Dew Point,CURRENT,°C,14.332243635351007
2026-08-19T01:20:00+00:00,22411190-1,Temperature,CURRENT,°C,17.522036132812495
2026-08-19T01:20:00+00:00,22411190-2,RH,CURRENT,%,79.51323720149539
2026-08-19T01:20:00+00:00,22411190-3,Dew Point,CURRENT,°C,13.95794805758187
2026-08-19T01:20:00+00:00,22411191-1,Temperature,CURRENT,°C,18.422944335937494
2026-08-19T01:20:00+00:00,22411191-2,RH,CURRENT,%,76.6674296177615
2026-08-19T01:20:00+00:00,22411191-3,Dew Point,CURRENT,°C,14.270123307093913
2026-08-19T01:20:00+00:00,22411525-1,Temperature,CURRENT,°C,18.830498046875
2026-08-19T01:20:00+00:00,22411525-2,RH,CURRENT,%,72.25757228961623
2026-08-19T01:20:00+00:00,22411525-3,Dew Point,CURRENT,°C,13.749374669639021
2026-08-19T01:20:00+00:00,22411526-1,Temperature,CURRENT,°C,16.599677734375
2026-08-19T01:20:00+00:00,22411526-2,RH,CURRENT,%,84.76844434271763
2026-08-19T01:20:00+00:00,22411526-3,Dew Point,CURRENT,°C,14.044032521480032
2026-08-19T01:20:00+00:00,22411527-1,Temperature,CURRENT,°C,19.238051757812492
2026-08-19T01:20:00+00:00,22411527-2,RH,CURRENT,%,69.78561074235141
2026-08-19T01:20:00+00:00,22411527-3,Dew Point,CURRENT,°C,13.604817532967388
2026-08-19T01:20:00+00:00,22411528-1,Temperature,CURRENT,°C,16.492426757812495
2026-08-19T01:20:00+00:00,22411528-2,RH,CURRENT,%,86.92607003891051
2026-08-19T01:20:00+00:00,22411528-3,Dew Point,CURRENT,°C,14.327082019289707
2026-08-19T01:20:00+00:00,22411529-1,Temperature,CURRENT,°C,16.0205224609375
2026-08-19T01:20:00+00:00,22411529-2,RH,CURRENT,%,91.01853971160449
2026-08-19T01:20:00+00:00,22411529-3,Dew Point,CURRENT,°C,14.57373044561745
2026-08-19T01:20:00+00:00,22411530-1,Temperature,CURRENT,°C,18.015390625000002
2026-08-19T01:20:00+00:00,22411530-2,RH,CURRENT,%,77.50514991989013
2026-08-19T01:20:00+00:00,22411530-3,Dew Point,CURRENT,°C,14.042774231551334
2026-08-19T01:21:00+00:00,22411541-S,Battery,CURRENT,V,8.396622802734376
2026-08-19T01:25:00+00:00,22411189-1,Temperature,CURRENT,°C,16.9643310546875
2026-08-19T01:25:00+00:00,22411189-2,RH,CURRENT,%,85.45510032806897
2026-08-19T01:25:00+00:00,22411189-3,Dew Point,CURRENT,°C,14.526864753795673
2026-08-19T01:25:00+00:00,22411190-1,Temperature,CURRENT,°C,17.350434570312494
2026-08-19T01:25:00+00:00,22411190-2,RH,CURRENT,%,81.33974212252994
2026-08-19T01:25:00+00:00,22411190-3,Dew Point,CURRENT,°C,14.14126990547128
2026-08-19T01:25:00+00:00,22411191-1,Temperature,CURRENT,°C,18.186992187500003
2026-08-19T01:25:00+00:00,22411191-2,RH,CURRENT,%,79.11955443656062
2026-08-19T01:25:00+00:00,22411191-3,Dew Point,CURRENT,°C,14.528407285233799
2026-08-19T01:25:00+00:00,22411525-1,Temperature,CURRENT,°C,18.594545898437495
2026-08-19T01:25:00+00:00,22411525-2,RH,CURRENT,%,74.99504081788358
2026-08-19T01:25:00+00:00,22411525-3,Dew Point,CURRENT,°C,14.095348221002599
2026-08-19T01:25:00+00:00,22411526-1,Temperature,CURRENT,°C,16.599677734375
2026-08-19T01:25:00+00:00,22411526-2,RH,CURRENT,%,85.51003280689707
2026-08-19T01:25:00+00:00,22411526-3,Dew Point,CURRENT,°C,14.178576122057926
2026-08-19T01:25:00+00:00,22411527-1,Temperature,CURRENT,°C,19.023549804687498
2026-08-19T01:25:00+00:00,22411527-2,RH,CURRENT,%,72.59021896696422
2026-08-19T01:25:00+00:00,22411527-3,Dew Point,CURRENT,°C,14.005978028917378
2026-08-19T01:25:00+00:00,22411528-1,Temperature,CURRENT,°C,16.449526367187495
2026-08-19T01:25:00+00:00,22411528-2,RH,CURRENT,%,87.65239948119326
2026-08-19T01:25:00+00:00,22411528-3,Dew Point,CURRENT,°C,14.4136216021167
2026-08-19T01:25:00+00:00,22411529-1,Temperature,CURRENT,°C,15.9776220703125
2026-08-19T01:25:00+00:00,22411529-2,RH,CURRENT,%,91.3801785305562
2026-08-19T01:25:00+00:00,22411529-3,Dew Point,CURRENT,°C,14.592727242749815
2026-08-19T01:25:00+00:00,22411530-1,Temperature,CURRENT,°C,17.779438476562497
2026-08-19T01:25:00+00:00,22411530-2,RH,CURRENT,%,79.93133440146487
2026-08-19T01:25:00+00:00,22411530-3,Dew Point,CURRENT,°C,14.289658139744907
2026-08-19T01:26:00+00:00,22411541-S,Battery,CURRENT,V,8.390161376953126
2026-08-19T01:30:00+00:00,22411189-1,Temperature,CURRENT,°C,16.878530273437498
2026-08-19T01:30:00+00:00,22411189-2,RH,CURRENT,%,86.11581597619593
2026-08-19T01:30:00+00:00,22411189-3,Dew Point,CURRENT,°C,14.56191636662496
2026-08-19T01:30:00+00:00,22411190-1,Temperature,CURRENT,°C,17.286083984375004
2026-08-19T01:30:00+00:00,22411190-2,RH,CURRENT,%,81.57015335317006
2026-08-19T01:30:00+00:00,22411190-3,Dew Point,CURRENT,°C,14.122128795366372
2026-08-19T01:30:00+00:00,22411191-1,Temperature,CURRENT,°C,18.144091796874996
2026-08-19T01:30:00+00:00,22411191-2,RH,CURRENT,%,78.64042114900435
2026-08-19T01:30:00+00:00,22411191-3,Dew Point,CURRENT,°C,14.392596471171982
2026-08-19T01:30:00+00:00,22411525-1,Temperature,CURRENT,°C,18.4658447265625
2026-08-19T01:30:00+00:00,22411525-2,RH,CURRENT,%,73.79873350118257
2026-08-19T01:30:00+00:00,22411525-3,Dew Point,CURRENT,°C,13.72308755240189
2026-08-19T01:30:00+00:00,22411526-1,Temperature,CURRENT,°C,16.513876953125
2026-08-19T01:30:00+00:00,22411526-2,RH,CURRENT,%,86.62699320973526
2026-08-19T01:30:00+00:00,22411526-3,Dew Point,CURRENT,°C,14.294873147166896
2026-08-19T01:30:00+00:00,22411527-1,Temperature,CURRENT,°C,18.809047851562504
2026-08-19T01:30:00+00:00,22411527-2,RH,CURRENT,%,71.38780804150454
2026-08-19T01:30:00+00:00,22411527-3,Dew Point,CURRENT,°C,13.542386812657012
2026-08-19T01:30:00+00:00,22411528-1,Temperature,CURRENT,°C,16.3637255859375
2026-08-19T01:30:00+00:00,22411528-2,RH,CURRENT,%,88.94483863584344
2026-08-19T01:30:00+00:00,22411528-3,Dew Point,CURRENT,°C,14.555759196381482
2026-08-19T01:30:00+00:00,22411529-1,Temperature,CURRENT,°C,15.934721679687499
2026-08-19T01:30:00+00:00,22411529-2,RH,CURRENT,%,92.59784847791256
2026-08-19T01:30:00+00:00,22411529-3,Dew Point,CURRENT,°C,14.755582410906703
2026-08-19T01:30:00+00:00,22411530-1,Temperature,CURRENT,°C,17.779438476562497
2026-08-19T01:30:00+00:00,22411530-2,RH,CURRENT,%,79.3667505912871
2026-08-19T01:30:00+00:00,22411530-3,Dew Point,CURRENT,°C,14.180060079621564
2026-08-19T01:31:00+00:00,22411541-S,Battery,CURRENT,V,8.390161376953126
2026-08-19T01:35:00+00:00,22411189-1,Temperature,CURRENT,°C,17.0501318359375
2026-08-19T01:35:00+00:00,22411189-2,RH,CURRENT,%,84.08331425955596
2026-08-19T01:35:00+00:00,22411189-3,Dew Point,CURRENT,°C,14.360438026982697
2026-08-19T01:35:00+00:00,22411190-1,Temperature,CURRENT,°C,17.436235351562495
2026-08-19T01:35:00+00:00,22411190-2,RH,CURRENT,%,79.39116502632181
2026-08-19T01:35:00+00:00,22411190-3,Dew Point,CURRENT,°C,13.850723193435046
2026-08-19T01:35:00+00:00,22411191-1,Temperature,CURRENT,°C,18.337143554687493
2026-08-19T01:35:00+00:00,22411191-2,RH,CURRENT,%,74.35873960479134
2026-08-19T01:35:00+00:00,22411191-3,Dew Point,CURRENT,°C,13.715281209316775
2026-08-19T01:35:00+00:00,22411525-1,Temperature,CURRENT,°C,18.787597656249993
2026-08-19T01:35:00+00:00,22411525-2,RH,CURRENT,%,70.04043640802625
2026-08-19T01:35:00+00:00,22411525-3,Dew Point,CURRENT,°C,13.22917609621275
2026-08-19T01:35:00+00:00,22411526-1,Temperature,CURRENT,°C,16.578227539062496
2026-08-19T01:35:00+00:00,22411526-2,RH,CURRENT,%,85.21400778210116
2026-08-19T01:35:00+00:00,22411526-3,Dew Point,CURRENT,°C,14.10392788995859
2026-08-19T01:35:00+00:00,22411527-1,Temperature,CURRENT,°C,19.1951513671875
2026-08-19T01:35:00+00:00,22411527-2,RH,CURRENT,%,67.92095826657511
2026-08-19T01:35:00+00:00,22411527-3,Dew Point,CURRENT,°C,13.147889481263404
2026-08-19T01:35:00+00:00,22411528-1,Temperature,CURRENT,°C,16.428076171875
2026-08-19T01:35:00+00:00,22411528-2,RH,CURRENT,%,87.80956740672923
2026-08-19T01:35:00+00:00,22411528-3,Dew Point,CURRENT,°C,14.42022027750856
2026-08-19T01:35:00+00:00,22411529-1,Temperature,CURRENT,°C,15.913271484374995
2026-08-19T01:35:00+00:00,22411529-2,RH,CURRENT,%,92.0027466239414
2026-08-19T01:35:00+00:00,22411529-3,Dew Point,CURRENT,°C,14.634256732134872
2026-08-19T01:35:00+00:00,22411530-1,Temperature,CURRENT,°C,17.908139648437505
2026-08-19T01:35:00+00:00,22411530-2,RH,CURRENT,%,77.36324101625085
2026-08-19T01:35:00+00:00,22411530-3,Dew Point,CURRENT,°C,13.910416973393529
2026-08-19T01:36:00+00:00,22411541-S,Battery,CURRENT,V,8.3869306640625
2026-08-19T01:40:00+00:00,22411189-1,Temperature,CURRENT,°C,16.9214306640625
2026-08-19T01:40:00+00:00,22411189-2,RH,CURRENT,%,86.73228046082247
2026-08-19T01:40:00+00:00,22411189-3,Dew Point,CURRENT,°C,14.714759472730762
2026-08-19T01:40:00+00:00,22411190-1,Temperature,CURRENT,°C,17.286083984375004
2026-08-19T01:40:00+00:00,22411190-2,RH,CURRENT,%,82.39871824216068
2026-08-19T01:40:00+00:00,22411190-3,Dew Point,CURRENT,°C,14.278347346816592
2026-08-19T01:40:00+00:00,22411191-1,Temperature,CURRENT,°C,18.165541992187492
2026-08-19T01:40:00+00:00,22411191-2,RH,CURRENT,%,78.78233005264363
2026-08-19T01:40:00+00:00,22411191-3,Dew Point,CURRENT,°C,14.441369794162222
2026-08-19T01:40:00+00:00,22411525-1,Temperature,CURRENT,°C,18.594545898437495
2026-08-19T01:40:00+00:00,22411525-2,RH,CURRENT,%,74.09323262378882
2026-08-19T01:40:00+00:00,22411525-3,Dew Point,CURRENT,°C,13.908643231231464
2026-08-19T01:40:00+00:00,22411526-1,Temperature,CURRENT,°C,16.55677734375
2026-08-19T01:40:00+00:00,22411526-2,RH,CURRENT,%,86.98405432211796
2026-08-19T01:40:00+00:00,22411526-3,Dew Point,CURRENT,°C,14.400754454994733
2026-08-19T01:40:00+00:00,22411527-1,Temperature,CURRENT,°C,19.06645019531249
2026-08-19T01:40:00+00:00,22411527-2,RH,CURRENT,%,71.77538719768063
2026-08-19T01:40:00+00:00,22411527-3,Dew Point,CURRENT,°C,13.873116853049346
2026-08-19T01:40:00+00:00,22411528-1,Temperature,CURRENT,°C,16.3637255859375
2026-08-19T01:40:00+00:00,22411528-2,RH,CURRENT,%,89.56740672922865
2026-08-19T01:40:00+00:00,22411528-3,Dew Point,CURRENT,°C,14.663926412220851
2026-08-19T01:40:00+00:00,22411529-1,Temperature,CURRENT,°C,15.891821289062499
2026-08-19T01:40:00+00:00,22411529-2,RH,CURRENT,%,93.04951552605478
2026-08-19T01:40:00+00:00,22411529-3,Dew Point,CURRENT,°C,14.788561371460048
2026-08-19T01:40:00+00:00,22411530-1,Temperature,CURRENT,°C,17.6721875
2026-08-19T01:40:00+00:00,22411530-2,RH,CURRENT,%,80.74921797512779
2026-08-19T01:40:00+00:00,22411530-3,Dew Point,CURRENT,°C,14.34260938424578
2026-08-19T01:41:00+00:00,22411541-S,Battery,CURRENT,V,8.3869306640625
2026-08-19T01:45:00+00:00,22411189-1,Temperature,CURRENT,°C,16.985781249999995
2026-08-19T01:45:00+00:00,22411189-2,RH,CURRENT,%,85.06599526970321
2026-08-19T01:45:00+00:00,22411189-3,Dew Point,CURRENT,°C,14.47721823626615
2026-08-19T01:45:00+00:00,22411190-1,Temperature,CURRENT,°C,17.328984374999997
2026-08-19T01:45:00+00:00,22411190-2,RH,CURRENT,%,80.34637979705501
2026-08-19T01:45:00+00:00,22411190-3,Dew Point,CURRENT,°C,13.930655254484659
2026-08-19T01:45:00+00:00,22411191-1,Temperature,CURRENT,°C,18.2942431640625
2026-08-19T01:45:00+00:00,22411191-2,RH,CURRENT,%,75.30632486457618
2026-08-19T01:45:00+00:00,22411191-3,Dew Point,CURRENT,°C,13.868926098185865
2026-08-19T01:45:00+00:00,22411525-1,Temperature,CURRENT,°C,18.744697265625
2026-08-19T01:45:00+00:00,22411525-2,RH,CURRENT,%,70.20675974670024
2026-08-19T01:45:00+00:00,22411525-3,Dew Point,CURRENT,°C,13.224431203070482
2026-08-19T01:45:00+00:00,22411526-1,Temperature,CURRENT,°C,16.55677734375
2026-08-19T01:45:00+00:00,22411526-2,RH,CURRENT,%,86.05630579079882
2026-08-19T01:45:00+00:00,22411526-3,Dew Point,CURRENT,°C,14.234850744797402
2026-08-19T01:45:00+00:00,22411527-1,Temperature,CURRENT,°C,19.15225097656249
2026-08-19T01:45:00+00:00,22411527-2,RH,CURRENT,%,67.83398184176394
2026-08-19T01:45:00+00:00,22411527-3,Dew Point,CURRENT,°C,13.087294381136498
2026-08-19T01:45:00+00:00,22411528-1,Temperature,CURRENT,°C,16.38517578125
2026-08-19T01:45:00+00:00,22411528-2,RH,CURRENT,%,88.73426413366903
2026-08-19T01:45:00+00:00,22411528-3,Dew Point,CURRENT,°C,14.540192932308182
2026-08-19T01:45:00+00:00,22411529-1,Temperature,CURRENT,°C,15.891821289062499
2026-08-19T01:45:00+00:00,22411529-2,RH,CURRENT,%,92.42389562829023
2026-08-19T01:45:00+00:00,22411529-3,Dew Point,CURRENT,°C,14.683838758944665
2026-08-19T01:45:00+00:00,22411530-1,Temperature,CURRENT,°C,17.800888671874993
2026-08-19T01:45:00+00:00,22411530-2,RH,CURRENT,%,77.46242465857938
2026-08-19T01:45:00+00:00,22411530-3,Dew Point,CURRENT,°C,13.826091448401735
2026-08-19T01:46:00+00:00,22411541-S,Battery,CURRENT,V,8.383699951171875
2026-08-19T01:50:00+00:00,22411189-1,Temperature,CURRENT,°C,16.9643310546875
2026-08-19T01:50:00+00:00,22411189-2,RH,CURRENT,%,84.52582589456016
2026-08-19T01:50:00+00:00,22411189-3,Dew Point,CURRENT,°C,14.357530109463218
2026-08-19T01:50:00+00:00,22411190-1,Temperature,CURRENT,°C,17.350434570312494
2026-08-19T01:50:00+00:00,22411190-2,RH,CURRENT,%,79.89318684672313
2026-08-19T01:50:00+00:00,22411190-3,Dew Point,CURRENT,°C,13.864336342082613
2026-08-19T01:50:00+00:00,22411191-1,Temperature,CURRENT,°C,18.4658447265625
2026-08-19T01:50:00+00:00,22411191-2,RH,CURRENT,%,75.06981002517739
2026-08-19T01:50:00+00:00,22411191-3,Dew Point,CURRENT,°C,13.986326877134076
2026-08-19T01:50:00+00:00,22411525-1,Temperature,CURRENT,°C,18.916298828125
2026-08-19T01:50:00+00:00,22411525-2,RH,CURRENT,%,70.53482871747921
2026-08-19T01:50:00+00:00,22411525-3,Dew Point,CURRENT,°C,13.460571093902127
2026-08-19T01:50:00+00:00,22411526-1,Temperature,CURRENT,°C,16.55677734375
2026-08-19T01:50:00+00:00,22411526-2,RH,CURRENT,%,85.55123216601815
2026-08-19T01:50:00+00:00,22411526-3,Dew Point,CURRENT,°C,14.143870752515223
2026-08-19T01:50:00+00:00,22411527-1,Temperature,CURRENT,°C,19.302402343749996
2026-08-19T01:50:00+00:00,22411527-2,RH,CURRENT,%,67.88891432059205
2026-08-19T01:50:00+00:00,22411527-3,Dew Point,CURRENT,°C,13.243052969154364
2026-08-19T01:50:00+00:00,22411528-1,Temperature,CURRENT,°C,16.406625976562495
2026-08-19T01:50:00+00:00,22411528-2,RH,CURRENT,%,88.10101472495613
2026-08-19T01:50:00+00:00,22411528-3,Dew Point,CURRENT,°C,14.450388018976547
2026-08-19T01:50:00+00:00,22411529-1,Temperature,CURRENT,°C,15.891821289062499
2026-08-19T01:50:00+00:00,22411529-2,RH,CURRENT,%,92.15686274509804
2026-08-19T01:50:00+00:00,22411529-3,Dew Point,CURRENT,°C,14.63895066814386
2026-08-19T01:50:00+00:00,22411530-1,Temperature,CURRENT,°C,17.951040039062498
2026-08-19T01:50:00+00:00,22411530-2,RH,CURRENT,%,77.43495841916533
2026-08-19T01:50:00+00:00,22411530-3,Dew Point,CURRENT,°C,13.966339632614002
2026-08-19T01:51:00+00:00,22411541-S,Battery,CURRENT,V,8.38046923828125
2026-08-19T01:55:00+00:00,22411189-1,Temperature,CURRENT,°C,16.8141796875
2026-08-19T01:55:00+00:00,22411189-2,RH,CURRENT,%,86.52170595864806
2026-08-19T01:55:00+00:00,22411189-3,Dew Point,CURRENT,°C,14.571518784465544
2026-08-19T01:55:00+00:00,22411190-1,Temperature,CURRENT,°C,17.178833007812493
2026-08-19T01:55:00+00:00,22411190-2,RH,CURRENT,%,82.11490043488213
2026-08-19T01:55:00+00:00,22411190-3,Dew Point,CURRENT,°C,14.120151577902195
2026-08-19T01:55:00+00:00,22411191-1,Temperature,CURRENT,°C,18.1226416015625
2026-08-19T01:55:00+00:00,22411191-2,RH,CURRENT,%,79.06919966430152
2026-08-19T01:55:00+00:00,22411191-3,Dew Point,CURRENT,°C,14.455934392326288
2026-08-19T01:55:00+00:00,22411525-1,Temperature,CURRENT,°C,18.573095703125
2026-08-19T01:55:00+00:00,22411525-2,RH,CURRENT,%,75.12321660181583
2026-08-19T01:55:00+00:00,22411525-3,Dew Point,CURRENT,°C,14.100987822487244
2026-08-19T01:55:00+00:00,22411526-1,Temperature,CURRENT,°C,16.492426757812495
2026-08-19T01:55:00+00:00,22411526-2,RH,CURRENT,%,86.58579385061418
2026-08-19T01:55:00+00:00,22411526-3,Dew Point,CURRENT,°C,14.266408459593976
2026-08-19T01:55:00+00:00,22411527-1,Temperature,CURRENT,°C,19.087900390625002
2026-08-19T01:55:00+00:00,22411527-2,RH,CURRENT,%,71.66552224002442
2026-08-19T01:55:00+00:00,22411527-3,Dew Point,CURRENT,°C,13.870118347533477
2026-08-19T01:55:00+00:00,22411528-1,Temperature,CURRENT,°C,16.3637255859375
2026-08-19T01:55:00+00:00,22411528-2,RH,CURRENT,%,89.02265964751659
2026-08-19T01:55:00+00:00,22411528-3,Dew Point,CURRENT,°C,14.56931634643371
2026-08-19T01:55:00+00:00,22411529-1,Temperature,CURRENT,°C,15.913271484374995
2026-08-19T01:55:00+00:00,22411529-2,RH,CURRENT,%,92.31403067063401
2026-08-19T01:55:00+00:00,22411529-3,Dew Point,CURRENT,°C,14.686657987697716
2026-08-19T01:55:00+00:00,22411530-1,Temperature,CURRENT,°C,17.629287109374992
2026-08-19T01:55:00+00:00,22411530-2,RH,CURRENT,%,80.3616388189517
2026-08-19T01:55:00+00:00,22411530-3,Dew Point,CURRENT,°C,14.226353450602863
2026-08-19T01:56:00+00:00,22411541-S,Battery,CURRENT,V,8.383699951171875
2026-08-19T02:00:00+00:00,22411189-1,Temperature,CURRENT,°C,16.89998046875
2026-08-19T02:00:00+00:00,22411189-2,RH,CURRENT,%,84.93324177920195
2026-08-19T02:00:00+00:00,22411189-3,Dew Point,CURRENT,°C,14.368803478186768
2026-08-19T02:00:00+00:00,22411190-1,Temperature,CURRENT,°C,17.350434570312494
2026-08-19T02:00:00+00:00,22411190-2,RH,CURRENT,%,79.89318684672313
2026-08-19T02:00:00+00:00,22411190-3,Dew Point,CURRENT,°C,13.864336342082613
2026-08-19T02:00:00+00:00,22411191-1,Temperature,CURRENT,°C,18.337143554687493
2026-08-19T02:00:00+00:00,22411191-2,RH,CURRENT,%,74.92942702372778
2026-08-19T02:00:00+00:00,22411191-3,Dew Point,CURRENT,°C,13.833060369404652
2026-08-19T02:00:00+00:00,22411525-1,Temperature,CURRENT,°C,18.744697265625
2026-08-19T02:00:00+00:00,22411525-2,RH,CURRENT,%,71.04753185320821
2026-08-19T02:00:00+00:00,22411525-3,Dew Point,CURRENT,°C,13.407153052769003
2026-08-19T02:00:00+00:00,22411526-1,Temperature,CURRENT,°C,16.513876953125
2026-08-19T02:00:00+00:00,22411526-2,RH,CURRENT,%,85.91287098496986
2026-08-19T02:00:00+00:00,22411526-3,Dew Point,CURRENT,°C,14.166889335962303
2026-08-19T02:00:00+00:00,22411527-1,Temperature,CURRENT,°C,19.173701171875003
2026-08-19T02:00:00+00:00,22411527-2,RH,CURRENT,%,69.29579613946746
2026-08-19T02:00:00+00:00,22411527-3,Dew Point,CURRENT,°C,13.434910502665058
2026-08-19T02:00:00+00:00,22411528-1,Temperature,CURRENT,°C,16.38517578125
2026-08-19T02:00:00+00:00,22411528-2,RH,CURRENT,%,88.40009155413138
2026-08-19T02:00:00+00:00,22411528-3,Dew Point,CURRENT,°C,14.48172696940983
2026-08-19T02:00:00+00:00,22411529-1,Temperature,CURRENT,°C,15.913271484374995
2026-08-19T02:00:00+00:00,22411529-2,RH,CURRENT,%,91.8974593728542
2026-08-19T02:00:00+00:00,22411529-3,Dew Point,CURRENT,°C,14.616497582840791
2026-08-19T02:00:00+00:00,22411530-1,Temperature,CURRENT,°C,17.92958984375
2026-08-19T02:00:00+00:00,22411530-2,RH,CURRENT,%,76.56061646448462
2026-08-19T02:00:00+00:00,22411530-3,Dew Point,CURRENT,°C,13.770474175837899
2026-08-19T02:01:00+00:00,22411541-S,Battery,CURRENT,V,8.38046923828125
2026-08-19T02:05:00+00:00,22411189-1,Temperature,CURRENT,°C,17.028681640624995
2026-08-19T02:05:00+00:00,22411189-2,RH,CURRENT,%,85.16823071641107
2026-08-19T02:05:00+00:00,22411189-3,Dew Point,CURRENT,°C,14.537951818126341
2026-08-19T02:05:00+00:00,22411190-1,Temperature,CURRENT,°C,17.436235351562495
2026-08-19T02:05:00+00:00,22411190-2,RH,CURRENT,%,79.9496452277409
2026-08-19T02:05:00+00:00,22411190-3,Dew Point,CURRENT,°C,13.958823505789928
2026-08-19T02:05:00+00:00,22411191-1,Temperature,CURRENT,°C,18.594545898437495
2026-08-19T02:05:00+00:00,22411191-2,RH,CURRENT,%,74.70969710841536
2026-08-19T02:05:00+00:00,22411191-3,Dew Point,CURRENT,°C,14.036486381529773
2026-08-19T02:05:00+00:00,22411525-1,Temperature,CURRENT,°C,19.023549804687498
2026-08-19T02:05:00+00:00,22411525-2,RH,CURRENT,%,70.57297627222096
2026-08-19T02:05:00+00:00,22411525-3,Dew Point,CURRENT,°C,13.571768432615817
2026-08-19T02:05:00+00:00,22411526-1,Temperature,CURRENT,°C,16.621127929687496
2026-08-19T02:05:00+00:00,22411526-2,RH,CURRENT,%,85.99984740978103
2026-08-19T02:05:00+00:00,22411526-3,Dew Point,CURRENT,°C,14.287969550986803
2026-08-19T02:05:00+00:00,22411527-1,Temperature,CURRENT,°C,19.388203124999997
2026-08-19T02:05:00+00:00,22411527-2,RH,CURRENT,%,68.74647135118639
2026-08-19T02:05:00+00:00,22411527-3,Dew Point,CURRENT,°C,13.517801037816582
2026-08-19T02:05:00+00:00,22411528-1,Temperature,CURRENT,°C,16.4709765625
2026-08-19T02:05:00+00:00,22411528-2,RH,CURRENT,%,88.52216372930495
2026-08-19T02:05:00+00:00,22411528-3,Dew Point,CURRENT,°C,14.587761754313254
2026-08-19T02:05:00+00:00,22411529-1,Temperature,CURRENT,°C,15.934721679687499
2026-08-19T02:05:00+00:00,22411529-2,RH,CURRENT,%,92.27130540932326
2026-08-19T02:05:00+00:00,22411529-3,Dew Point,CURRENT,°C,14.700747295675319
2026-08-19T02:05:00+00:00,22411530-1,Temperature,CURRENT,°C,18.101191406250003
2026-08-19T02:05:00+00:00,22411530-2,RH,CURRENT,%,76.53467612726024
2026-08-19T02:05:00+00:00,22411530-3,Dew Point,CURRENT,°C,13.93154231165674
2026-08-19T02:06:00+00:00,22411541-S,Battery,CURRENT,V,8.3740078125
2026-08-19T02:10:00+00:00,22411189-1,Temperature,CURRENT,°C,17.200283203125004
2026-08-19T02:10:00+00:00,22411189-2,RH,CURRENT,%,82.67185473411155
2026-08-19T02:10:00+00:00,22411189-3,Dew Point,CURRENT,°C,14.245601120148834
2026-08-19T02:10:00+00:00,22411190-1,Temperature,CURRENT,°C,17.607836914062496
2026-08-19T02:10:00+00:00,22411190-2,RH,CURRENT,%,77.92629892423895
2026-08-19T02:10:00+00:00,22411190-3,Dew Point,CURRENT,°C,13.730644128259534
2026-08-19T02:10:00+00:00,22411191-1,Temperature,CURRENT,°C,18.766147460937496
2026-08-19T02:10:00+00:00,22411191-2,RH,CURRENT,%,72.75043869687953
2026-08-19T02:10:00+00:00,22411191-3,Dew Point,CURRENT,°C,13.792153309889848
2026-08-19T02:10:00+00:00,22411525-1,Temperature,CURRENT,°C,19.1093505859375
2026-08-19T02:10:00+00:00,22411525-2,RH,CURRENT,%,69.35988403143358
2026-08-19T02:10:00+00:00,22411525-3,Dew Point,CURRENT,°C,13.387513164449611
2026-08-19T02:10:00+00:00,22411526-1,Temperature,CURRENT,°C,16.72837890625
2026-08-19T02:10:00+00:00,22411526-2,RH,CURRENT,%,84.42969405661097
2026-08-19T02:10:00+00:00,22411526-3,Dew Point,CURRENT,°C,14.108474918220855
2026-08-19T02:10:00+00:00,22411527-1,Temperature,CURRENT,°C,19.388203124999997
2026-08-19T02:10:00+00:00,22411527-2,RH,CURRENT,%,68.28412298771649
2026-08-19T02:10:00+00:00,22411527-3,Dew Point,CURRENT,°C,13.414100354373499
2026-08-19T02:10:00+00:00,22411528-1,Temperature,CURRENT,°C,16.642578125
2026-08-19T02:10:00+00:00,22411528-2,RH,CURRENT,%,86.70481422140841
2026-08-19T02:10:00+00:00,22411528-3,Dew Point,CURRENT,°C,14.435422081645319
2026-08-19T02:10:00+00:00,22411529-1,Temperature,CURRENT,°C,15.999072265624996
2026-08-19T02:10:00+00:00,22411529-2,RH,CURRENT,%,90.82017242694744
2026-08-19T02:10:00+00:00,22411529-3,Dew Point,CURRENT,°C,14.518679265747409
2026-08-19T02:10:00+00:00,22411530-1,Temperature,CURRENT,°C,18.315693359374997
2026-08-19T02:10:00+00:00,22411530-2,RH,CURRENT,%,74.00015259021897
2026-08-19T02:10:00+00:00,22411530-3,Dew Point,CURRENT,°C,13.620169573156426
2026-08-19T02:11:00+00:00,22411541-S,Battery,CURRENT,V,8.383699951171875
2026-08-19T02:15:00+00:00,22411189-1,Temperature,CURRENT,°C,17.479135742187502
2026-08-19T02:15:00+00:00,22411189-2,RH,CURRENT,%,82.46738384069582
2026-08-19T02:15:00+00:00,22411189-3,Dew Point,CURRENT,°C,14.480040743046256
2026-08-19T02:15:00+00:00,22411190-1,Temperature,CURRENT,°C,17.908139648437505
2026-08-19T02:15:00+00:00,22411190-2,RH,CURRENT,%,77.83016708628976
2026-08-19T02:15:00+00:00,22411190-3,Dew Point,CURRENT,°C,14.00324952343479
2026-08-19T02:15:00+00:00,22411191-1,Temperature,CURRENT,°C,19.002099609375
2026-08-19T02:15:00+00:00,22411191-2,RH,CURRENT,%,74.11154345006486
2026-08-19T02:15:00+00:00,22411191-3,Dew Point,CURRENT,°C,14.305791780231248
2026-08-19T02:15:00+00:00,22411525-1,Temperature,CURRENT,°C,19.216601562499996
2026-08-19T02:15:00+00:00,22411525-2,RH,CURRENT,%,71.33134966048677
2026-08-19T02:15:00+00:00,22411525-3,Dew Point,CURRENT,°C,13.921707275479509
2026-08-19T02:15:00+00:00,22411526-1,Temperature,CURRENT,°C,16.9214306640625
2026-08-19T02:15:00+00:00,22411526-2,RH,CURRENT,%,83.83916990920882
2026-08-19T02:15:00+00:00,22411526-3,Dew Point,CURRENT,°C,14.18930934955316
2026-08-19T02:15:00+00:00,22411527-1,Temperature,CURRENT,°C,19.409653320312493
2026-08-19T02:15:00+00:00,22411527-2,RH,CURRENT,%,70.59128709849699
2026-08-19T02:15:00+00:00,22411527-3,Dew Point,CURRENT,°C,13.946153700933454
2026-08-19T02:15:00+00:00,22411528-1,Temperature,CURRENT,°C,16.835629882812498
2026-08-19T02:15:00+00:00,22411528-2,RH,CURRENT,%,86.1326009002823
2026-08-19T02:15:00+00:00,22411528-3,Dew Point,CURRENT,°C,14.522753411352362
2026-08-19T02:15:00+00:00,22411529-1,Temperature,CURRENT,°C,16.127773437499997
2026-08-19T02:15:00+00:00,22411529-2,RH,CURRENT,%,90.68741893644618
2026-08-19T02:15:00+00:00,22411529-3,Dew Point,CURRENT,°C,14.62337590175735
2026-08-19T02:15:00+00:00,22411530-1,Temperature,CURRENT,°C,18.637446289062503
2026-08-19T02:15:00+00:00,22411530-2,RH,CURRENT,%,75.30785076676585
2026-08-19T02:15:00+00:00,22411530-3,Dew Point,CURRENT,°C,14.201137037956242
2026-08-19T02:16:00+00:00,22411541-S,Battery,CURRENT,V,8.3740078125
2026-08-19T02:20:00+00:00,22411189-1,Temperature,CURRENT,°C,17.736538085937504
2026-08-19T02:20:00+00:00,22411189-2,RH,CURRENT,%,82.02639810788129
2026-08-19T02:20:00+00:00,22411189-3,Dew Point,CURRENT,°C,14.648579980101644
2026-08-19T02:20:00+00:00,22411190-1,Temperature,CURRENT,°C,18.1226416015625
2026-08-19T02:20:00+00:00,22411190-2,RH,CURRENT,%,77.67910276951247
2026-08-19T02:20:00+00:00,22411190-3,Dew Point,CURRENT,°C,14.181508067753137
2026-08-19T02:20:00+00:00,22411191-1,Temperature,CURRENT,°C,19.002099609375
2026-08-19T02:20:00+00:00,22411191-2,RH,CURRENT,%,72.98084992751964
2026-08-19T02:20:00+00:00,22411191-3,Dew Point,CURRENT,°C,14.068172721123565
2026-08-19T02:20:00+00:00,22411525-1,Temperature,CURRENT,°C,19.130800781249995
2026-08-19T02:20:00+00:00,22411525-2,RH,CURRENT,%,70.19150072480355
2026-08-19T02:20:00+00:00,22411525-3,Dew Point,CURRENT,°C,13.591252379712808
2026-08-19T02:20:00+00:00,22411526-1,Temperature,CURRENT,°C,17.2217333984375
2026-08-19T02:20:00+00:00,22411526-2,RH,CURRENT,%,83.14946211947814
2026-08-19T02:20:00+00:00,22411526-3,Dew Point,CURRENT,°C,14.355707202506714
2026-08-19T02:20:00+00:00,22411527-1,Temperature,CURRENT,°C,19.2809521484375
2026-08-19T02:20:00+00:00,22411527-2,RH,CURRENT,%,69.65743495841916
2026-08-19T02:20:00+00:00,22411527-3,Dew Point,CURRENT,°C,13.617625881607964
2026-08-19T02:20:00+00:00,22411528-1,Temperature,CURRENT,°C,17.114482421874996
2026-08-19T02:20:00+00:00,22411528-2,RH,CURRENT,%,85.18654154268711
2026-08-19T02:20:00+00:00,22411528-3,Dew Point,CURRENT,°C,14.625536183590345
2026-08-19T02:20:00+00:00,22411529-1,Temperature,CURRENT,°C,16.2779248046875
2026-08-19T02:20:00+00:00,22411529-2,RH,CURRENT,%,89.84512092774852
2026-08-19T02:20:00+00:00,22411529-3,Dew Point,CURRENT,°C,14.627154989844316
2026-08-19T02:20:00+00:00,22411530-1,Temperature,CURRENT,°C,18.723247070312503
2026-08-19T02:20:00+00:00,22411530-2,RH,CURRENT,%,74.11001754787519
2026-08-19T02:20:00+00:00,22411530-3,Dew Point,CURRENT,°C,14.036350565614386
2026-08-19T02:21:00+00:00,22411541-S,Battery,CURRENT,V,8.38046923828125
2026-08-19T02:25:00+00:00,22411189-1,Temperature,CURRENT,°C,18.1226416015625
2026-08-19T02:25:00+00:00,22411189-2,RH,CURRENT,%,77.80270084687571
2026-08-19T02:25:00+00:00,22411189-3,Dew Point,CURRENT,°C,14.20608195450724
2026-08-19T02:25:00+00:00,22411190-1,Temperature,CURRENT,°C,18.401494140624997
2026-08-19T02:25:00+00:00,22411190-2,RH,CURRENT,%,74.42282749675746
2026-08-19T02:25:00+00:00,22411190-3,Dew Point,CURRENT,°C,13.790688907274125
2026-08-19T02:25:00+00:00,22411191-1,Temperature,CURRENT,°C,19.087900390625002
2026-08-19T02:25:00+00:00,22411191-2,RH,CURRENT,%,72.33539330128939
2026-08-19T02:25:00+00:00,22411191-3,Dew Point,CURRENT,°C,14.013634759716906
2026-08-19T02:25:00+00:00,22411525-1,Temperature,CURRENT,°C,19.1951513671875
2026-08-19T02:25:00+00:00,22411525-2,RH,CURRENT,%,70.2738994430457
2026-08-19T02:25:00+00:00,22411525-3,Dew Point,CURRENT,°C,13.671000009350195
2026-08-19T02:25:00+00:00,22411526-1,Temperature,CURRENT,°C,17.607836914062496
2026-08-19T02:25:00+00:00,22411526-2,RH,CURRENT,%,78.97917143511101
2026-08-19T02:25:00+00:00,22411526-3,Dew Point,CURRENT,°C,13.937488852737056
2026-08-19T02:25:00+00:00,22411527-1,Temperature,CURRENT,°C,19.302402343749996
2026-08-19T02:25:00+00:00,22411527-2,RH,CURRENT,%,69.99008163576714
2026-08-19T02:25:00+00:00,22411527-3,Dew Point,CURRENT,°C,13.71150286449651
2026-08-19T02:25:00+00:00,22411528-1,Temperature,CURRENT,°C,17.522036132812495
2026-08-19T02:25:00+00:00,22411528-2,RH,CURRENT,%,80.91401541161211
2026-08-19T02:25:00+00:00,22411528-3,Dew Point,CURRENT,°C,14.227657061652124
2026-08-19T02:25:00+00:00,22411529-1,Temperature,CURRENT,°C,16.535327148437496
2026-08-19T02:25:00+00:00,22411529-2,RH,CURRENT,%,86.30197604333563
2026-08-19T02:25:00+00:00,22411529-3,Dew Point,CURRENT,°C,14.257836989683598
2026-08-19T02:25:00+00:00,22411530-1,Temperature,CURRENT,°C,18.894848632812504
2026-08-19T02:25:00+00:00,22411530-2,RH,CURRENT,%,72.40405889982452
2026-08-19T02:25:00+00:00,22411530-3,Dew Point,CURRENT,°C,13.842499342220332
2026-08-19T02:26:00+00:00,22411541-S,Battery,CURRENT,V,8.3740078125
2026-08-19T02:30:00+00:00,22411189-1,Temperature,CURRENT,°C,18.315693359374997
2026-08-19T02:30:00+00:00,22411189-2,RH,CURRENT,%,77.60891126878766
2026-08-19T02:30:00+00:00,22411189-3,Dew Point,CURRENT,°C,14.3549269075291
2026-08-19T02:30:00+00:00,22411190-1,Temperature,CURRENT,°C,18.551645507812502
2026-08-19T02:30:00+00:00,22411190-2,RH,CURRENT,%,74.3358510719463
2026-08-19T02:30:00+00:00,22411190-3,Dew Point,CURRENT,°C,13.917648044565112
2026-08-19T02:30:00+00:00,22411191-1,Temperature,CURRENT,°C,18.980649414062505
2026-08-19T02:30:00+00:00,22411191-2,RH,CURRENT,%,73.30128938735027
2026-08-19T02:30:00+00:00,22411191-3,Dew Point,CURRENT,°C,14.11516676422567
2026-08-19T02:30:00+00:00,22411525-1,Temperature,CURRENT,°C,19.044999999999995
2026-08-19T02:30:00+00:00,22411525-2,RH,CURRENT,%,71.28099488822767
2026-08-19T02:30:00+00:00,22411525-3,Dew Point,CURRENT,°C,13.745997642808703
2026-08-19T02:30:00+00:00,22411526-1,Temperature,CURRENT,°C,17.92958984375
2026-08-19T02:30:00+00:00,22411526-2,RH,CURRENT,%,78.1506065461204
2026-08-19T02:30:00+00:00,22411526-3,Dew Point,CURRENT,°C,14.087515415553012
2026-08-19T02:30:00+00:00,22411527-1,Temperature,CURRENT,°C,19.130800781249995
2026-08-19T02:30:00+00:00,22411527-2,RH,CURRENT,%,70.97581445029374
2026-08-19T02:30:00+00:00,22411527-3,Dew Point,CURRENT,°C,13.762300009695002
2026-08-19T02:30:00+00:00,22411528-1,Temperature,CURRENT,°C,17.779438476562497
2026-08-19T02:30:00+00:00,22411528-2,RH,CURRENT,%,80.1510643167773
2026-08-19T02:30:00+00:00,22411528-3,Dew Point,CURRENT,°C,14.332129012060511
2026-08-19T02:30:00+00:00,22411529-1,Temperature,CURRENT,°C,16.857080078125
2026-08-19T02:30:00+00:00,22411529-2,RH,CURRENT,%,85.35133897917143
2026-08-19T02:30:00+00:00,22411529-3,Dew Point,CURRENT,°C,14.402695481687227
2026-08-19T02:30:00+00:00,22411530-1,Temperature,CURRENT,°C,18.830498046875
2026-08-19T02:30:00+00:00,22411530-2,RH,CURRENT,%,73.07545586327916
2026-08-19T02:30:00+00:00,22411530-3,Dew Point,CURRENT,°C,13.922850535540405
2026-08-19T02:31:00+00:00,22411541-S,Battery,CURRENT,V,8.36754638671875
2026-08-19T02:35:00+00:00,22411189-1,Temperature,CURRENT,°C,18.1226416015625
2026-08-19T02:35:00+00:00,22411189-2,RH,CURRENT,%,77.05043106736858
2026-08-19T02:35:00+00:00,22411189-3,Dew Point,CURRENT,°C,14.055981444722574
2026-08-19T02:35:00+00:00,22411190-1,Temperature,CURRENT,°C,18.401494140624997
2026-08-19T02:35:00+00:00,22411190-2,RH,CURRENT,%,73.68581673914701
2026-08-19T02:35:00+00:00,22411190-3,Dew Point,CURRENT,°C,13.637445150643632
2026-08-19T02:35:00+00:00,22411191-1,Temperature,CURRENT,°C,18.809047851562504
2026-08-19T02:35:00+00:00,22411191-2,RH,CURRENT,%,72.69703212024109
2026-08-19T02:35:00+00:00,22411191-3,Dew Point,CURRENT,°C,13.822145424961667
2026-08-19T02:35:00+00:00,22411525-1,Temperature,CURRENT,°C,18.894848632812504
2026-08-19T02:35:00+00:00,22411525-2,RH,CURRENT,%,70.86900129701687
2026-08-19T02:35:00+00:00,22411525-3,Dew Point,CURRENT,°C,13.5126343053543
2026-08-19T02:35:00+00:00,22411526-1,Temperature,CURRENT,°C,17.822338867187504
2026-08-19T02:35:00+00:00,22411526-2,RH,CURRENT,%,77.87594415197985
2026-08-19T02:35:00+00:00,22411526-3,Dew Point,CURRENT,°C,13.9290014552884
2026-08-19T02:35:00+00:00,22411527-1,Temperature,CURRENT,°C,19.002099609375
2026-08-19T02:35:00+00:00,22411527-2,RH,CURRENT,%,70.66300450141146
2026-08-19T02:35:00+00:00,22411527-3,Dew Point,CURRENT,°C,13.570796933474336
2026-08-19T02:35:00+00:00,22411528-1,Temperature,CURRENT,°C,17.607836914062496
2026-08-19T02:35:00+00:00,22411528-2,RH,CURRENT,%,80.22735942626078
2026-08-19T02:35:00+00:00,22411528-3,Dew Point,CURRENT,°C,14.179593442817993
2026-08-19T02:35:00+00:00,22411529-1,Temperature,CURRENT,°C,16.8141796875
2026-08-19T02:35:00+00:00,22411529-2,RH,CURRENT,%,85.57564660105287
2026-08-19T02:35:00+00:00,22411529-3,Dew Point,CURRENT,°C,14.40118595547411
2026-08-19T02:35:00+00:00,22411530-1,Temperature,CURRENT,°C,18.680346679687496
2026-08-19T02:35:00+00:00,22411530-2,RH,CURRENT,%,72.3247119859617
2026-08-19T02:35:00+00:00,22411530-3,Dew Point,CURRENT,°C,13.619197986952255
2026-08-19T02:36:00+00:00,22411541-S,Battery,CURRENT,V,8.3740078125
2026-08-19T02:40:00+00:00,22411189-1,Temperature,CURRENT,°C,18.058291015624995
2026-08-19T02:40:00+00:00,22411189-2,RH,CURRENT,%,78.16891737239644
2026-08-19T02:40:00+00:00,22411189-3,Dew Point,CURRENT,°C,14.216173594918972
2026-08-19T02:40:00+00:00,22411190-1,Temperature,CURRENT,°C,18.3800439453125
2026-08-19T02:40:00+00:00,22411190-2,RH,CURRENT,%,74.27634088654918
2026-08-19T02:40:00+00:00,22411190-3,Dew Point,CURRENT,°C,13.739628047813355
2026-08-19T02:40:00+00:00,22411191-1,Temperature,CURRENT,°C,18.873398437499993
2026-08-19T02:40:00+00:00,22411191-2,RH,CURRENT,%,72.87556267643244
2026-08-19T02:40:00+00:00,22411191-3,Dew Point,CURRENT,°C,13.921928772048219
2026-08-19T02:40:00+00:00,22411525-1,Temperature,CURRENT,°C,18.937749023437497
2026-08-19T02:40:00+00:00,22411525-2,RH,CURRENT,%,71.00175478751812
2026-08-19T02:40:00+00:00,22411525-3,Dew Point,CURRENT,°C,13.582594093384385
2026-08-19T02:40:00+00:00,22411526-1,Temperature,CURRENT,°C,17.75798828125
2026-08-19T02:40:00+00:00,22411526-2,RH,CURRENT,%,79.01884489204242
2026-08-19T02:40:00+00:00,22411526-3,Dew Point,CURRENT,°C,14.091314668578756
2026-08-19T02:40:00+00:00,22411527-1,Temperature,CURRENT,°C,19.044999999999995
2026-08-19T02:40:00+00:00,22411527-2,RH,CURRENT,%,70.76981765468834
2026-08-19T02:40:00+00:00,22411527-3,Dew Point,CURRENT,°C,13.635199016582295
2026-08-19T02:40:00+00:00,22411528-1,Temperature,CURRENT,°C,17.479135742187502
2026-08-19T02:40:00+00:00,22411528-2,RH,CURRENT,%,81.68764782177462
2026-08-19T02:40:00+00:00,22411528-3,Dew Point,CURRENT,°C,14.332954727703134
2026-08-19T02:40:00+00:00,22411529-1,Temperature,CURRENT,°C,16.771279296875
2026-08-19T02:40:00+00:00,22411529-2,RH,CURRENT,%,86.60105287251088
2026-08-19T02:40:00+00:00,22411529-3,Dew Point,CURRENT,°C,14.543517923435855
2026-08-19T02:40:00+00:00,22411530-1,Temperature,CURRENT,°C,18.701796874999992
2026-08-19T02:40:00+00:00,22411530-2,RH,CURRENT,%,72.77485313191424
2026-08-19T02:40:00+00:00,22411530-3,Dew Point,CURRENT,°C,13.735354964767723
2026-08-19T02:41:00+00:00,22411541-S,Battery,CURRENT,V,8.364315673828125
2026-08-19T02:45:00+00:00,22411189-1,Temperature,CURRENT,°C,17.972490234374995
2026-08-19T02:45:00+00:00,22411189-2,RH,CURRENT,%,79.22941939421683
2026-08-19T02:45:00+00:00,22411189-3,Dew Point,CURRENT,°C,14.341170884080388
2026-08-19T02:45:00+00:00,22411190-1,Temperature,CURRENT,°C,18.315693359374997
2026-08-19T02:45:00+00:00,22411190-2,RH,CURRENT,%,75.21934843976501
2026-08-19T02:45:00+00:00,22411190-3,Dew Point,CURRENT,°C,13.87185242482629
2026-08-19T02:45:00+00:00,22411191-1,Temperature,CURRENT,°C,18.809047851562504
2026-08-19T02:45:00+00:00,22411191-2,RH,CURRENT,%,73.49813076981765
2026-08-19T02:45:00+00:00,22411191-3,Dew Point,CURRENT,°C,13.991153790318714
2026-08-19T02:45:00+00:00,22411525-1,Temperature,CURRENT,°C,18.937749023437497
2026-08-19T02:45:00+00:00,22411525-2,RH,CURRENT,%,71.30998702983139
2026-08-19T02:45:00+00:00,22411525-3,Dew Point,CURRENT,°C,13.649241717887385
2026-08-19T02:45:00+00:00,22411526-1,Temperature,CURRENT,°C,17.6721875
2026-08-19T02:45:00+00:00,22411526-2,RH,CURRENT,%,79.86724650949874
2026-08-19T02:45:00+00:00,22411526-3,Dew Point,CURRENT,°C,14.17277301124652
2026-08-19T02:45:00+00:00,22411527-1,Temperature,CURRENT,°C,19.06645019531249
2026-08-19T02:45:00+00:00,22411527-2,RH,CURRENT,%,71.00175478751812
2026-08-19T02:45:00+00:00,22411527-3,Dew Point,CURRENT,°C,13.706151242685467
2026-08-19T02:45:00+00:00,22411528-1,Temperature,CURRENT,°C,17.3933349609375
2026-08-19T02:45:00+00:00,22411528-2,RH,CURRENT,%,82.41702906843672
2026-08-19T02:45:00+00:00,22411528-3,Dew Point,CURRENT,°C,14.386670556620334
2026-08-19T02:45:00+00:00,22411529-1,Temperature,CURRENT,°C,16.706928710937497
2026-08-19T02:45:00+00:00,22411529-2,RH,CURRENT,%,87.33653772793164
2026-08-19T02:45:00+00:00,22411529-3,Dew Point,CURRENT,°C,14.611279199884669
2026-08-19T02:45:00+00:00,22411530-1,Temperature,CURRENT,°C,18.637446289062503
2026-08-19T02:45:00+00:00,22411530-2,RH,CURRENT,%,73.53017471580071
2026-08-19T02:45:00+00:00,22411530-3,Dew Point,CURRENT,°C,13.832422592003134
2026-08-19T02:46:00+00:00,22411541-S,Battery,CURRENT,V,8.364315673828125
2026-08-19T02:50:00+00:00,22411189-1,Temperature,CURRENT,°C,17.564936523437503
2026-08-19T02:50:00+00:00,22411189-2,RH,CURRENT,%,81.13527122911421
2026-08-19T02:50:00+00:00,22411189-3,Dew Point,CURRENT,°C,14.311756057590989
2026-08-19T02:50:00+00:00,22411190-1,Temperature,CURRENT,°C,18.058291015624995
2026-08-19T02:50:00+00:00,22411190-2,RH,CURRENT,%,76.08606088349737
2026-08-19T02:50:00+00:00,22411190-3,Dew Point,CURRENT,°C,13.799355887271558
2026-08-19T02:50:00+00:00,22411191-1,Temperature,CURRENT,°C,18.637446289062503
2026-08-19T02:50:00+00:00,22411191-2,RH,CURRENT,%,73.97421225299458
2026-08-19T02:50:00+00:00,22411191-3,Dew Point,CURRENT,°C,13.925248868279173
2026-08-19T02:50:00+00:00,22411525-1,Temperature,CURRENT,°C,18.787597656249993
2026-08-19T02:50:00+00:00,22411525-2,RH,CURRENT,%,71.87304493781949
2026-08-19T02:50:00+00:00,22411525-3,Dew Point,CURRENT,°C,13.625970372490892
2026-08-19T02:50:00+00:00,22411526-1,Temperature,CURRENT,°C,17.3075341796875
2026-08-19T02:50:00+00:00,22411526-2,RH,CURRENT,%,82.02792401007096
2026-08-19T02:50:00+00:00,22411526-3,Dew Point,CURRENT,°C,14.22957374697997
2026-08-19T02:50:00+00:00,22411527-1,Temperature,CURRENT,°C,18.916298828125
2026-08-19T02:50:00+00:00,22411527-2,RH,CURRENT,%,71.55260547798886
2026-08-19T02:50:00+00:00,22411527-3,Dew Point,CURRENT,°C,13.680911793033763
2026-08-19T02:50:00+00:00,22411528-1,Temperature,CURRENT,°C,16.9214306640625
2026-08-19T02:50:00+00:00,22411528-2,RH,CURRENT,%,85.20485236896315
2026-08-19T02:50:00+00:00,22411528-3,Dew Point,CURRENT,°C,14.439295708635894
2026-08-19T02:50:00+00:00,22411529-1,Temperature,CURRENT,°C,16.4709765625
2026-08-19T02:50:00+00:00,22411529-2,RH,CURRENT,%,88.94483863584344
2026-08-19T02:50:00+00:00,22411529-3,Dew Point,CURRENT,°C,14.661639881139502
2026-08-19T02:50:00+00:00,22411530-1,Temperature,CURRENT,°C,18.422944335937494
2026-08-19T02:50:00+00:00,22411530-2,RH,CURRENT,%,74.08865491721981
2026-08-19T02:50:00+00:00,22411530-3,Dew Point,CURRENT,°C,13.742073860586578
2026-08-19T02:51:00+00:00,22411541-S,Battery,CURRENT,V,8.36754638671875
2026-08-19T02:55:00+00:00,22411189-1,Temperature,CURRENT,°C,17.157382812499996
2026-08-19T02:55:00+00:00,22411189-2,RH,CURRENT,%,84.37628747997253
2026-08-19T02:55:00+00:00,22411189-3,Dew Point,CURRENT,°C,14.51947428191471
2026-08-19T02:55:00+00:00,22411190-1,Temperature,CURRENT,°C,17.693637695312496
2026-08-19T02:55:00+00:00,22411190-2,RH,CURRENT,%,79.51018539711605
2026-08-19T02:55:00+00:00,22411190-3,Dew Point,CURRENT,°C,14.124431807443742
2026-08-19T02:55:00+00:00,22411191-1,Temperature,CURRENT,°C,18.2084423828125
2026-08-19T02:55:00+00:00,22411191-2,RH,CURRENT,%,76.73151750972762
2026-08-19T02:55:00+00:00,22411191-3,Dew Point,CURRENT,°C,14.075128950449804
2026-08-19T02:55:00+00:00,22411525-1,Temperature,CURRENT,°C,18.508745117187495
2026-08-19T02:55:00+00:00,22411525-2,RH,CURRENT,%,73.27687495231555
2026-08-19T02:55:00+00:00,22411525-3,Dew Point,CURRENT,°C,13.655205903358205
2026-08-19T02:55:00+00:00,22411526-1,Temperature,CURRENT,°C,16.985781249999995
2026-08-19T02:55:00+00:00,22411526-2,RH,CURRENT,%,83.86663614862287
2026-08-19T02:55:00+00:00,22411526-3,Dew Point,CURRENT,°C,14.257440999550708
2026-08-19T02:55:00+00:00,22411527-1,Temperature,CURRENT,°C,18.766147460937496
2026-08-19T02:55:00+00:00,22411527-2,RH,CURRENT,%,72.40253299763485
2026-08-19T02:55:00+00:00,22411527-3,Dew Point,CURRENT,°C,13.718317936219375
2026-08-19T02:55:00+00:00,22411528-1,Temperature,CURRENT,°C,16.599677734375
2026-08-19T02:55:00+00:00,22411528-2,RH,CURRENT,%,86.98100251773862
2026-08-19T02:55:00+00:00,22411528-3,Dew Point,CURRENT,°C,14.442447083938644
2026-08-19T02:55:00+00:00,22411529-1,Temperature,CURRENT,°C,16.3208251953125
2026-08-19T02:55:00+00:00,22411529-2,RH,CURRENT,%,89.81307698176546
2026-08-19T02:55:00+00:00,22411529-3,Dew Point,CURRENT,°C,14.664025611605796
2026-08-19T02:55:00+00:00,22411530-1,Temperature,CURRENT,°C,17.779438476562497
2026-08-19T02:55:00+00:00,22411530-2,RH,CURRENT,%,78.60685130083162
2026-08-19T02:55:00+00:00,22411530-3,Dew Point,CURRENT,°C,14.031462124627703
2026-08-19T02:56:00+00:00,22411541-S,Battery,CURRENT,V,8.36754638671875
2026-08-19T03:00:00+00:00,22411189-1,Temperature,CURRENT,°C,16.749829101562497
2026-08-19T03:00:00+00:00,22411189-2,RH,CURRENT,%,84.16571297779812
2026-08-19T03:00:00+00:00,22411189-3,Dew Point,CURRENT,°C,14.081146888290473
2026-08-19T03:00:00+00:00,22411190-1,Temperature,CURRENT,°C,17.264633789062493
2026-08-19T03:00:00+00:00,22411190-2,RH,CURRENT,%,79.34538796063173
2026-08-19T03:00:00+00:00,22411190-3,Dew Point,CURRENT,°C,13.674794766731605
2026-08-19T03:00:00+00:00,22411191-1,Temperature,CURRENT,°C,18.508745117187495
2026-08-19T03:00:00+00:00,22411191-2,RH,CURRENT,%,74.99504081788358
2026-08-19T03:00:00+00:00,22411191-3,Dew Point,CURRENT,°C,14.012416908210712
2026-08-19T03:00:00+00:00,22411525-1,Temperature,CURRENT,°C,18.766147460937496
2026-08-19T03:00:00+00:00,22411525-2,RH,CURRENT,%,72.25299458304723
2026-08-19T03:00:00+00:00,22411525-3,Dew Point,CURRENT,°C,13.686485973711767
2026-08-19T03:00:00+00:00,22411526-1,Temperature,CURRENT,°C,16.428076171875
2026-08-19T03:00:00+00:00,22411526-2,RH,CURRENT,%,84.82948043030441
2026-08-19T03:00:00+00:00,22411526-3,Dew Point,CURRENT,°C,13.88671942560204
2026-08-19T03:00:00+00:00,22411527-1,Temperature,CURRENT,°C,18.959199218749994
2026-08-19T03:00:00+00:00,22411527-2,RH,CURRENT,%,71.72198062104219
2026-08-19T03:00:00+00:00,22411527-3,Dew Point,CURRENT,°C,13.758550011329344
2026-08-19T03:00:00+00:00,22411528-1,Temperature,CURRENT,°C,16.127773437499997
2026-08-19T03:00:00+00:00,22411528-2,RH,CURRENT,%,88.50385290302891
2026-08-19T03:00:00+00:00,22411528-3,Dew Point,CURRENT,°C,14.245940610564384
2026-08-19T03:00:00+00:00,22411529-1,Temperature,CURRENT,°C,16.041972656249996
2026-08-19T03:00:00+00:00,22411529-2,RH,CURRENT,%,90.02059967956055
2026-08-19T03:00:00+00:00,22411529-3,Dew Point,CURRENT,°C,14.424136328252873
2026-08-19T03:00:00+00:00,22411530-1,Temperature,CURRENT,°C,18.07974121093749
2026-08-19T03:00:00+00:00,22411530-2,RH,CURRENT,%,75.65575646601053
2026-08-19T03:00:00+00:00,22411530-3,Dew Point,CURRENT,°C,13.732754674462075
2026-08-19T03:01:00+00:00,22411541-S,Battery,CURRENT,V,8.35462353515625
2026-08-19T03:05:00+00:00,22411189-1,Temperature,CURRENT,°C,17.564936523437503
2026-08-19T03:05:00+00:00,22411189-2,RH,CURRENT,%,81.14900434882124
2026-08-19T03:05:00+00:00,22411189-3,Dew Point,CURRENT,°C,14.314374515257727
2026-08-19T03:05:00+00:00,22411190-1,Temperature,CURRENT,°C,17.908139648437505
2026-08-19T03:05:00+00:00,22411190-2,RH,CURRENT,%,77.09163042648966
2026-08-19T03:05:00+00:00,22411190-3,Dew Point,CURRENT,°C,13.856189940818854
2026-08-19T03:05:00+00:00,22411191-1,Temperature,CURRENT,°C,18.744697265625
2026-08-19T03:05:00+00:00,22411191-2,RH,CURRENT,%,74.45334554055086
2026-08-19T03:05:00+00:00,22411191-3,Dew Point,CURRENT,°C,14.128435129300188
2026-08-19T03:05:00+00:00,22411525-1,Temperature,CURRENT,°C,18.873398437499993
2026-08-19T03:05:00+00:00,22411525-2,RH,CURRENT,%,72.17517357137407
2026-08-19T03:05:00+00:00,22411525-3,Dew Point,CURRENT,°C,13.77307170044494
2026-08-19T03:05:00+00:00,22411526-1,Temperature,CURRENT,°C,17.0501318359375
2026-08-19T03:05:00+00:00,22411526-2,RH,CURRENT,%,82.67795834287023
2026-08-19T03:05:00+00:00,22411526-3,Dew Point,CURRENT,°C,14.099841739352721
2026-08-19T03:05:00+00:00,22411527-1,Temperature,CURRENT,°C,19.002099609375
2026-08-19T03:05:00+00:00,22411527-2,RH,CURRENT,%,71.92645151445792
2026-08-19T03:05:00+00:00,22411527-3,Dew Point,CURRENT,°C,13.843658932163631
2026-08-19T03:05:00+00:00,22411528-1,Temperature,CURRENT,°C,16.9643310546875
2026-08-19T03:05:00+00:00,22411528-2,RH,CURRENT,%,84.44495307850767
2026-08-19T03:05:00+00:00,22411528-3,Dew Point,CURRENT,°C,14.342716138191186
2026-08-19T03:05:00+00:00,22411529-1,Temperature,CURRENT,°C,16.1063232421875
2026-08-19T03:05:00+00:00,22411529-2,RH,CURRENT,%,89.18593118181124
2026-08-19T03:05:00+00:00,22411529-3,Dew Point,CURRENT,°C,14.343525216605883
2026-08-19T03:05:00+00:00,22411530-1,Temperature,CURRENT,°C,18.551645507812502
2026-08-19T03:05:00+00:00,22411530-2,RH,CURRENT,%,74.63797970550088
2026-08-19T03:05:00+00:00,22411530-3,Dew Point,CURRENT,°C,13.980219946731355
2026-08-19T03:06:00+00:00,22411541-S,Battery,CURRENT,V,8.357854248046875
2026-08-19T03:10:00+00:00,22411189-1,Temperature,CURRENT,°C,17.779438476562497
2026-08-19T03:10:00+00:00,22411189-2,RH,CURRENT,%,79.83367666132601
2026-08-19T03:10:00+00:00,22411189-3,Dew Point,CURRENT,°C,14.270749313407952
2026-08-19T03:10:00+00:00,22411190-1,Temperature,CURRENT,°C,18.058291015624995
2026-08-19T03:10:00+00:00,22411190-2,RH,CURRENT,%,76.21423666742962
2026-08-19T03:10:00+00:00,22411190-3,Dew Point,CURRENT,°C,13.825293532903897
2026-08-19T03:10:00+00:00,22411191-1,Temperature,CURRENT,°C,18.723247070312503
2026-08-19T03:10:00+00:00,22411191-2,RH,CURRENT,%,74.54489967193103
2026-08-19T03:10:00+00:00,22411191-3,Dew Point,CURRENT,°C,14.126704674705643
2026-08-19T03:10:00+00:00,22411525-1,Temperature,CURRENT,°C,18.787597656249993
2026-08-19T03:10:00+00:00,22411525-2,RH,CURRENT,%,72.651255054551
2026-08-19T03:10:00+00:00,22411525-3,Dew Point,CURRENT,°C,13.791786988538819
2026-08-19T03:10:00+00:00,22411526-1,Temperature,CURRENT,°C,17.3075341796875
2026-08-19T03:10:00+00:00,22411526-2,RH,CURRENT,%,81.05745021744106
2026-08-19T03:10:00+00:00,22411526-3,Dew Point,CURRENT,°C,14.045699116431404
2026-08-19T03:10:00+00:00,22411527-1,Temperature,CURRENT,°C,18.894848632812504
2026-08-19T03:10:00+00:00,22411527-2,RH,CURRENT,%,72.53528648813611
2026-08-19T03:10:00+00:00,22411527-3,Dew Point,CURRENT,°C,13.870412989281814
2026-08-19T03:10:00+00:00,22411528-1,Temperature,CURRENT,°C,17.157382812499996
2026-08-19T03:10:00+00:00,22411528-2,RH,CURRENT,%,83.2272831311513
2026-08-19T03:10:00+00:00,22411528-3,Dew Point,CURRENT,°C,14.307177498598747
2026-08-19T03:10:00+00:00,22411529-1,Temperature,CURRENT,°C,16.256474609374997
2026-08-19T03:10:00+00:00,22411529-2,RH,CURRENT,%,88.62745098039215
2026-08-19T03:10:00+00:00,22411529-3,Dew Point,CURRENT,°C,14.394524480417935
2026-08-19T03:10:00+00:00,22411530-1,Temperature,CURRENT,°C,18.573095703125
2026-08-19T03:10:00+00:00,22411530-2,RH,CURRENT,%,74.2351415274281
2026-08-19T03:10:00+00:00,22411530-3,Dew Point,CURRENT,°C,13.917448075394551
2026-08-19T03:11:00+00:00,22411541-S,Battery,CURRENT,V,8.35462353515625
2026-08-19T03:15:00+00:00,22411189-1,Temperature,CURRENT,°C,17.972490234374995
2026-08-19T03:15:00+00:00,22411189-2,RH,CURRENT,%,79.28587777523461
2026-08-19T03:15:00+00:00,22411189-3,Dew Point,CURRENT,°C,14.352194546592516
2026-08-19T03:15:00+00:00,22411190-1,Temperature,CURRENT,°C,18.186992187500003
2026-08-19T03:15:00+00:00,22411190-2,RH,CURRENT,%,76.07537956816968
2026-08-19T03:15:00+00:00,22411190-3,Dew Point,CURRENT,°C,13.921815212566829
2026-08-19T03:15:00+00:00,22411191-1,Temperature,CURRENT,°C,18.658896484375
2026-08-19T03:15:00+00:00,22411191-2,RH,CURRENT,%,75.1293202105745
2026-08-19T03:15:00+00:00,22411191-3,Dew Point,CURRENT,°C,14.185191440987488
2026-08-19T03:15:00+00:00,22411525-1,Temperature,CURRENT,°C,18.701796874999992
2026-08-19T03:15:00+00:00,22411525-2,RH,CURRENT,%,73.32875562676432
2026-08-19T03:15:00+00:00,22411525-3,Dew Point,CURRENT,°C,13.852179904806846
2026-08-19T03:15:00+00:00,22411526-1,Temperature,CURRENT,°C,17.607836914062496
2026-08-19T03:15:00+00:00,22411526-2,RH,CURRENT,%,80.00915541313802
2026-08-19T03:15:00+00:00,22411526-3,Dew Point,CURRENT,°C,14.137508999367759
2026-08-19T03:15:00+00:00,22411527-1,Temperature,CURRENT,°C,18.766147460937496
2026-08-19T03:15:00+00:00,22411527-2,RH,CURRENT,%,73.3043411917296
2026-08-19T03:15:00+00:00,22411527-3,Dew Point,CURRENT,°C,13.909070141802589
2026-08-19T03:15:00+00:00,22411528-1,Temperature,CURRENT,°C,17.479135742187502
2026-08-19T03:15:00+00:00,22411528-2,RH,CURRENT,%,81.87228198672464
2026-08-19T03:15:00+00:00,22411528-3,Dew Point,CURRENT,°C,14.3678942431436
2026-08-19T03:15:00+00:00,22411529-1,Temperature,CURRENT,°C,16.513876953125
2026-08-19T03:15:00+00:00,22411529-2,RH,CURRENT,%,87.09849698634318
2026-08-19T03:15:00+00:00,22411529-3,Dew Point,CURRENT,°C,14.37886893748685
2026-08-19T03:15:00+00:00,22411530-1,Temperature,CURRENT,°C,18.53019531249999
2026-08-19T03:15:00+00:00,22411530-2,RH,CURRENT,%,74.63340199893187
2026-08-19T03:15:00+00:00,22411530-3,Dew Point,CURRENT,°C,13.95855297435566
2026-08-19T03:16:00+00:00,22411541-S,Battery,CURRENT,V,8.35462353515625
2026-08-19T03:20:00+00:00,22411189-1,Temperature,CURRENT,°C,17.865239257812497
2026-08-19T03:20:00+00:00,22411189-2,RH,CURRENT,%,79.55138475623713
2026-08-19T03:20:00+00:00,22411189-3,Dew Point,CURRENT,°C,14.299517929871111
2026-08-19T03:20:00+00:00,22411190-1,Temperature,CURRENT,°C,18.07974121093749
2026-08-19T03:20:00+00:00,22411190-2,RH,CURRENT,%,76.42786297398337
2026-08-19T03:20:00+00:00,22411190-3,Dew Point,CURRENT,°C,13.889220344851376
2026-08-19T03:20:00+00:00,22411191-1,Temperature,CURRENT,°C,18.487294921874998
2026-08-19T03:20:00+00:00,22411191-2,RH,CURRENT,%,75.85259784847791
2026-08-19T03:20:00+00:00,22411191-3,Dew Point,CURRENT,°C,14.167264491738386
2026-08-19T03:20:00+00:00,22411525-1,Temperature,CURRENT,°C,18.508745117187495
2026-08-19T03:20:00+00:00,22411525-2,RH,CURRENT,%,74.17105363546197
2026-08-19T03:20:00+00:00,22411525-3,Dew Point,CURRENT,°C,13.842014155474331
2026-08-19T03:20:00+00:00,22411526-1,Temperature,CURRENT,°C,17.58638671875
2026-08-19T03:20:00+00:00,22411526-2,RH,CURRENT,%,79.80621042191196
2026-08-19T03:20:00+00:00,22411526-3,Dew Point,CURRENT,°C,14.077383017913997
2026-08-19T03:20:00+00:00,22411527-1,Temperature,CURRENT,°C,18.594545898437495
2026-08-19T03:20:00+00:00,22411527-2,RH,CURRENT,%,74.15579461356528
2026-08-19T03:20:00+00:00,22411527-3,Dew Point,CURRENT,°C,13.921659873907538
2026-08-19T03:20:00+00:00,22411528-1,Temperature,CURRENT,°C,17.436235351562495
2026-08-19T03:20:00+00:00,22411528-2,RH,CURRENT,%,81.7990386816205
2026-08-19T03:20:00+00:00,22411528-3,Dew Point,CURRENT,°C,14.312126864490974
2026-08-19T03:20:00+00:00,22411529-1,Temperature,CURRENT,°C,16.621127929687496
2026-08-19T03:20:00+00:00,22411529-2,RH,CURRENT,%,86.23941405355917
2026-08-19T03:20:00+00:00,22411529-3,Dew Point,CURRENT,°C,14.331005851531806
2026-08-19T03:20:00+00:00,22411530-1,Temperature,CURRENT,°C,18.401494140624997
2026-08-19T03:20:00+00:00,22411530-2,RH,CURRENT,%,75.17814908064393
2026-08-19T03:20:00+00:00,22411530-3,Dew Point,CURRENT,°C,13.946364456228228
2026-08-19T03:21:00+00:00,22411541-S,Battery,CURRENT,V,8.351392822265625
2026-08-19T03:25:00+00:00,22411189-1,Temperature,CURRENT,°C,17.822338867187504
2026-08-19T03:25:00+00:00,22411189-2,RH,CURRENT,%,80.33722438391699
2026-08-19T03:25:00+00:00,22411189-3,Dew Point,CURRENT,°C,14.409852611275134
2026-08-19T03:25:00+00:00,22411190-1,Temperature,CURRENT,°C,18.015390625000002
2026-08-19T03:25:00+00:00,22411190-2,RH,CURRENT,%,77.1847104600595
2026-08-19T03:25:00+00:00,22411190-3,Dew Point,CURRENT,°C,13.978830917023958
2026-08-19T03:25:00+00:00,22411191-1,Temperature,CURRENT,°C,18.358593750000004
2026-08-19T03:25:00+00:00,22411191-2,RH,CURRENT,%,76.80933852140078
2026-08-19T03:25:00+00:00,22411191-3,Dew Point,CURRENT,°C,14.236344413999278
2026-08-19T03:25:00+00:00,22411525-1,Temperature,CURRENT,°C,18.3800439453125
2026-08-19T03:25:00+00:00,22411525-2,RH,CURRENT,%,75.03624017700466
2026-08-19T03:25:00+00:00,22411525-3,Dew Point,CURRENT,°C,13.896486657528222
2026-08-19T03:25:00+00:00,22411526-1,Temperature,CURRENT,°C,17.564936523437503
2026-08-19T03:25:00+00:00,22411526-2,RH,CURRENT,%,80.3067063401236
2026-08-19T03:25:00+00:00,22411526-3,Dew Point,CURRENT,°C,14.153051804158615
2026-08-19T03:25:00+00:00,22411527-1,Temperature,CURRENT,°C,18.444394531250005
2026-08-19T03:25:00+00:00,22411527-2,RH,CURRENT,%,75.0743877317464
2026-08-19T03:25:00+00:00,22411527-3,Dew Point,CURRENT,°C,13.966532034313373
2026-08-19T03:25:00+00:00,22411528-1,Temperature,CURRENT,°C,17.436235351562495
2026-08-19T03:25:00+00:00,22411528-2,RH,CURRENT,%,82.24155031662471
2026-08-19T03:25:00+00:00,22411528-3,Dew Point,CURRENT,°C,14.39562328369226
2026-08-19T03:25:00+00:00,22411529-1,Temperature,CURRENT,°C,16.706928710937497
2026-08-19T03:25:00+00:00,22411529-2,RH,CURRENT,%,86.16006713969635
2026-08-19T03:25:00+00:00,22411529-3,Dew Point,CURRENT,°C,14.40113621502394
2026-08-19T03:25:00+00:00,22411530-1,Temperature,CURRENT,°C,18.251342773437493
2026-08-19T03:25:00+00:00,22411530-2,RH,CURRENT,%,76.26764324406805
2026-08-19T03:25:00+00:00,22411530-3,Dew Point,CURRENT,°C,14.02308043535935
2026-08-19T03:26:00+00:00,22411541-S,Battery,CURRENT,V,8.357854248046875
2026-08-19T03:30:00+00:00,22411189-1,Temperature,CURRENT,°C,17.800888671874993
2026-08-19T03:30:00+00:00,22411189-2,RH,CURRENT,%,80.81330586709392
2026-08-19T03:30:00+00:00,22411189-3,Dew Point,CURRENT,°C,14.480442382124007
2026-08-19T03:30:00+00:00,22411190-1,Temperature,CURRENT,°C,17.951040039062498
2026-08-19T03:30:00+00:00,22411190-2,RH,CURRENT,%,77.72945754177157
2026-08-19T03:30:00+00:00,22411190-3,Dew Point,CURRENT,°C,14.024919774224264
2026-08-19T03:30:00+00:00,22411191-1,Temperature,CURRENT,°C,18.315693359374997
2026-08-19T03:30:00+00:00,22411191-2,RH,CURRENT,%,77.30220492866407
2026-08-19T03:30:00+00:00,22411191-3,Dew Point,CURRENT,°C,14.293659116896988
2026-08-19T03:30:00+00:00,22411525-1,Temperature,CURRENT,°C,18.358593750000004
2026-08-19T03:30:00+00:00,22411525-2,RH,CURRENT,%,75.4665445944915
2026-08-19T03:30:00+00:00,22411525-3,Dew Point,CURRENT,°C,13.963943852552102
2026-08-19T03:30:00+00:00,22411526-1,Temperature,CURRENT,°C,17.54348632812499
2026-08-19T03:30:00+00:00,22411526-2,RH,CURRENT,%,80.63477531090257
2026-08-19T03:30:00+00:00,22411526-3,Dew Point,CURRENT,°C,14.195140894844467
2026-08-19T03:30:00+00:00,22411527-1,Temperature,CURRENT,°C,18.444394531250005
2026-08-19T03:30:00+00:00,22411527-2,RH,CURRENT,%,75.37651636530099
2026-08-19T03:30:00+00:00,22411527-3,Dew Point,CURRENT,°C,14.028513554279936
2026-08-19T03:30:00+00:00,22411528-1,Temperature,CURRENT,°C,17.3933349609375
2026-08-19T03:30:00+00:00,22411528-2,RH,CURRENT,%,82.60776684214542
2026-08-19T03:30:00+00:00,22411528-3,Dew Point,CURRENT,°C,14.422460070094855
2026-08-19T03:30:00+00:00,22411529-1,Temperature,CURRENT,°C,16.706928710937497
2026-08-19T03:30:00+00:00,22411529-2,RH,CURRENT,%,86.30655374990464
2026-08-19T03:30:00+00:00,22411529-3,Dew Point,CURRENT,°C,14.427438566199434
2026-08-19T03:30:00+00:00,22411530-1,Temperature,CURRENT,°C,18.229892578124996
2026-08-19T03:30:00+00:00,22411530-2,RH,CURRENT,%,76.70405127031357
2026-08-19T03:30:00+00:00,22411530-3,Dew Point,CURRENT,°C,14.090391725396634
2026-08-19T03:31:00+00:00,22411541-S,Battery,CURRENT,V,8.348162109375
2026-08-19T03:35:00+00:00,22411189-1,Temperature,CURRENT,°C,17.715087890624993
2026-08-19T03:35:00+00:00,22411189-2,RH,CURRENT,%,81.22224765392538
2026-08-19T03:35:00+00:00,22411189-3,Dew Point,CURRENT,°C,14.474906721222945
2026-08-19T03:35:00+00:00,22411190-1,Temperature,CURRENT,°C,17.92958984375
2026-08-19T03:35:00+00:00,22411190-2,RH,CURRENT,%,78.06668192568857
2026-08-19T03:35:00+00:00,22411190-3,Dew Point,CURRENT,°C,14.070923108554787
2026-08-19T03:35:00+00:00,22411191-1,Temperature,CURRENT,°C,18.251342773437493
2026-08-19T03:35:00+00:00,22411191-2,RH,CURRENT,%,77.90646219577324
2026-08-19T03:35:00+00:00,22411191-3,Dew Point,CURRENT,°C,14.35167108034354
2026-08-19T03:35:00+00:00,22411525-1,Temperature,CURRENT,°C,18.315693359374997
2026-08-19T03:35:00+00:00,22411525-2,RH,CURRENT,%,76.03875791561761
2026-08-19T03:35:00+00:00,22411525-3,Dew Point,CURRENT,°C,14.039002202545827
2026-08-19T03:35:00+00:00,22411526-1,Temperature,CURRENT,°C,17.5005859375
2026-08-19T03:35:00+00:00,22411526-2,RH,CURRENT,%,80.94148165102617
2026-08-19T03:35:00+00:00,22411526-3,Dew Point,CURRENT,°C,14.211973933970066
2026-08-19T03:35:00+00:00,22411527-1,Temperature,CURRENT,°C,18.401494140624997
2026-08-19T03:35:00+00:00,22411527-2,RH,CURRENT,%,75.9838254367895
2026-08-19T03:35:00+00:00,22411527-3,Dew Point,CURRENT,°C,14.110913006800862
2026-08-19T03:35:00+00:00,22411528-1,Temperature,CURRENT,°C,17.350434570312494
2026-08-19T03:35:00+00:00,22411528-2,RH,CURRENT,%,82.98771648737316
2026-08-19T03:35:00+00:00,22411528-3,Dew Point,CURRENT,°C,14.451547266423969
2026-08-19T03:35:00+00:00,22411529-1,Temperature,CURRENT,°C,16.706928710937497
2026-08-19T03:35:00+00:00,22411529-2,RH,CURRENT,%,86.45304036011292
2026-08-19T03:35:00+00:00,22411529-3,Dew Point,CURRENT,°C,14.45370178768348
2026-08-19T03:35:00+00:00,22411530-1,Temperature,CURRENT,°C,18.144091796874996
2026-08-19T03:35:00+00:00,22411530-2,RH,CURRENT,%,77.29304951552605
2026-08-19T03:35:00+00:00,22411530-3,Dew Point,CURRENT,°C,14.125341947596475
2026-08-19T03:36:00+00:00,22411541-S,Battery,CURRENT,V,8.35462353515625
2026-08-19T03:40:00+00:00,22411189-1,Temperature,CURRENT,°C,17.650737304687503
2026-08-19T03:40:00+00:00,22411189-2,RH,CURRENT,%,81.6235599298085
2026-08-19T03:40:00+00:00,22411189-3,Dew Point,CURRENT,°C,14.488426209635813
2026-08-19T03:40:00+00:00,22411190-1,Temperature,CURRENT,°C,17.8437890625
2026-08-19T03:40:00+00:00,22411190-2,RH,CURRENT,%,78.49393453879607
2026-08-19T03:40:00+00:00,22411190-3,Dew Point,CURRENT,°C,14.071827085157995
2026-08-19T03:40:00+00:00,22411191-1,Temperature,CURRENT,°C,18.229892578124996
2026-08-19T03:40:00+00:00,22411191-2,RH,CURRENT,%,78.11398489356833
2026-08-19T03:40:00+00:00,22411191-3,Dew Point,CURRENT,°C,14.372009183739186
2026-08-19T03:40:00+00:00,22411525-1,Temperature,CURRENT,°C,18.272792968750004
2026-08-19T03:40:00+00:00,22411525-2,RH,CURRENT,%,76.26459143968872
2026-08-19T03:40:00+00:00,22411525-3,Dew Point,CURRENT,°C,14.043239147053407
2026-08-19T03:40:00+00:00,22411526-1,Temperature,CURRENT,°C,17.436235351562495
2026-08-19T03:40:00+00:00,22411526-2,RH,CURRENT,%,81.3870450904097
2026-08-19T03:40:00+00:00,22411526-3,Dew Point,CURRENT,°C,14.234031866599574
2026-08-19T03:40:00+00:00,22411527-1,Temperature,CURRENT,°C,18.358593750000004
2026-08-19T03:40:00+00:00,22411527-2,RH,CURRENT,%,76.23559929808499
2026-08-19T03:40:00+00:00,22411527-3,Dew Point,CURRENT,°C,14.120470376812468
2026-08-19T03:40:00+00:00,22411528-1,Temperature,CURRENT,°C,17.286083984375004
2026-08-19T03:40:00+00:00,22411528-2,RH,CURRENT,%,83.2822156099794
2026-08-19T03:40:00+00:00,22411528-3,Dew Point,CURRENT,°C,14.443412108572744
2026-08-19T03:40:00+00:00,22411529-1,Temperature,CURRENT,°C,16.664028320312497
2026-08-19T03:40:00+00:00,22411529-2,RH,CURRENT,%,86.64225223163196
2026-08-19T03:40:00+00:00,22411529-3,Dew Point,CURRENT,°C,14.445352143012514
2026-08-19T03:40:00+00:00,22411530-1,Temperature,CURRENT,°C,18.1226416015625
2026-08-19T03:40:00+00:00,22411530-2,RH,CURRENT,%,77.50514991989013
2026-08-19T03:40:00+00:00,22411530-3,Dew Point,CURRENT,°C,14.146864421836398
2026-08-19T03:41:00+00:00,22411541-S,Battery,CURRENT,V,8.351392822265625
2026-08-19T03:45:00+00:00,22411189-1,Temperature,CURRENT,°C,17.822338867187504
2026-08-19T03:45:00+00:00,22411189-2,RH,CURRENT,%,81.19325551232166
2026-08-19T03:45:00+00:00,22411189-3,Dew Point,CURRENT,°C,14.574065878878585
2026-08-19T03:45:00+00:00,22411190-1,Temperature,CURRENT,°C,18.015390625000002
2026-08-19T03:45:00+00:00,22411190-2,RH,CURRENT,%,78.07736324101626
2026-08-19T03:45:00+00:00,22411190-3,Dew Point,CURRENT,°C,14.156384031528747
2026-08-19T03:45:00+00:00,22411191-1,Temperature,CURRENT,°C,18.401494140624997
2026-08-19T03:45:00+00:00,22411191-2,RH,CURRENT,%,77.65621423666742
2026-08-19T03:45:00+00:00,22411191-3,Dew Point,CURRENT,°C,14.447646361779144
2026-08-19T03:45:00+00:00,22411525-1,Temperature,CURRENT,°C,18.422944335937494
2026-08-19T03:45:00+00:00,22411525-2,RH,CURRENT,%,75.91058213168536
2026-08-19T03:45:00+00:00,22411525-3,Dew Point,CURRENT,°C,14.116781569962011
2026-08-19T03:45:00+00:00,22411526-1,Temperature,CURRENT,°C,17.54348632812499
2026-08-19T03:45:00+00:00,22411526-2,RH,CURRENT,%,81.0757610437171
2026-08-19T03:45:00+00:00,22411526-3,Dew Point,CURRENT,°C,14.279470278156827
2026-08-19T03:45:00+00:00,22411527-1,Temperature,CURRENT,°C,18.487294921874998
2026-08-19T03:45:00+00:00,22411527-2,RH,CURRENT,%,75.96551461051347
2026-08-19T03:45:00+00:00,22411527-3,Dew Point,CURRENT,°C,14.190253734987927
2026-08-19T03:45:00+00:00,22411528-1,Temperature,CURRENT,°C,17.436235351562495
2026-08-19T03:45:00+00:00,22411528-2,RH,CURRENT,%,82.80613412680248
2026-08-19T03:45:00+00:00,22411528-3,Dew Point,CURRENT,°C,14.501582922758685
2026-08-19T03:45:00+00:00,22411529-1,Temperature,CURRENT,°C,16.706928710937497
2026-08-19T03:45:00+00:00,22411529-2,RH,CURRENT,%,86.39505607690548
2026-08-19T03:45:00+00:00,22411529-3,Dew Point,CURRENT,°C,14.443310600096726
2026-08-19T03:45:00+00:00,22411530-1,Temperature,CURRENT,°C,18.315693359374997
2026-08-19T03:45:00+00:00,22411530-2,RH,CURRENT,%,76.98329137102311
2026-08-19T03:45:00+00:00,22411530-3,Dew Point,CURRENT,°C,14.22972624634742
2026-08-19T03:46:00+00:00,22411541-S,Battery,CURRENT,V,8.344931396484375
2026-08-19T03:50:00+00:00,22411189-1,Temperature,CURRENT,°C,17.650737304687503
2026-08-19T03:50:00+00:00,22411189-2,RH,CURRENT,%,81.93179217212176
2026-08-19T03:50:00+00:00,22411189-3,Dew Point,CURRENT,°C,14.546834080195314
2026-08-19T03:50:00+00:00,22411190-1,Temperature,CURRENT,°C,17.865239257812497
2026-08-19T03:50:00+00:00,22411190-2,RH,CURRENT,%,78.68009460593576
2026-08-19T03:50:00+00:00,22411190-3,Dew Point,CURRENT,°C,14.129268017744032
2026-08-19T03:50:00+00:00,22411191-1,Temperature,CURRENT,°C,18.165541992187492
2026-08-19T03:50:00+00:00,22411191-2,RH,CURRENT,%,78.63889524681468
2026-08-19T03:50:00+00:00,22411191-3,Dew Point,CURRENT,°C,14.413151050931274
2026-08-19T03:50:00+00:00,22411525-1,Temperature,CURRENT,°C,18.2084423828125
2026-08-19T03:50:00+00:00,22411525-2,RH,CURRENT,%,76.81696803234912
2026-08-19T03:50:00+00:00,22411525-3,Dew Point,CURRENT,°C,14.09231718257852
2026-08-19T03:50:00+00:00,22411526-1,Temperature,CURRENT,°C,17.45768554687499
2026-08-19T03:50:00+00:00,22411526-2,RH,CURRENT,%,81.5274280918593
2026-08-19T03:50:00+00:00,22411526-3,Dew Point,CURRENT,°C,14.281630029881798
2026-08-19T03:50:00+00:00,22411527-1,Temperature,CURRENT,°C,18.2942431640625
2026-08-19T03:50:00+00:00,22411527-2,RH,CURRENT,%,76.74830243381399
2026-08-19T03:50:00+00:00,22411527-3,Dew Point,CURRENT,°C,14.161676599243865
2026-08-19T03:50:00+00:00,22411528-1,Temperature,CURRENT,°C,17.3075341796875
2026-08-19T03:50:00+00:00,22411528-2,RH,CURRENT,%,83.44548714427405
2026-08-19T03:50:00+00:00,22411528-3,Dew Point,CURRENT,°C,14.494757369414838
2026-08-19T03:50:00+00:00,22411529-1,Temperature,CURRENT,°C,16.706928710937497
2026-08-19T03:50:00+00:00,22411529-2,RH,CURRENT,%,86.70481422140841
2026-08-19T03:50:00+00:00,22411529-3,Dew Point,CURRENT,°C,14.498750637508314
2026-08-19T03:50:00+00:00,22411530-1,Temperature,CURRENT,°C,18.058291015624995
2026-08-19T03:50:00+00:00,22411530-2,RH,CURRENT,%,77.98123140306706
2026-08-19T03:50:00+00:00,22411530-3,Dew Point,CURRENT,°C,14.179016279258532
2026-08-19T03:51:00+00:00,22411541-S,Battery,CURRENT,V,8.35462353515625
2026-08-19T03:55:00+00:00,22411189-1,Temperature,CURRENT,°C,17.54348632812499
2026-08-19T03:55:00+00:00,22411189-2,RH,CURRENT,%,82.43076218814375
2026-08-19T03:55:00+00:00,22411189-3,Dew Point,CURRENT,°C,14.53609210133835
2026-08-19T03:55:00+00:00,22411190-1,Temperature,CURRENT,°C,17.779438476562497
2026-08-19T03:55:00+00:00,22411190-2,RH,CURRENT,%,79.18364232852674
2026-08-19T03:55:00+00:00,22411190-3,Dew Point,CURRENT,°C,14.144367862866256
2026-08-19T03:55:00+00:00,22411191-1,Temperature,CURRENT,°C,18.165541992187492
2026-08-19T03:55:00+00:00,22411191-2,RH,CURRENT,%,78.85099565117876
2026-08-19T03:55:00+00:00,22411191-3,Dew Point,CURRENT,°C,14.45486281940712
2026-08-19T03:55:00+00:00,22411525-1,Temperature,CURRENT,°C,18.229892578124996
2026-08-19T03:55:00+00:00,22411525-2,RH,CURRENT,%,76.95582513160906
2026-08-19T03:55:00+00:00,22411525-3,Dew Point,CURRENT,°C,14.141011806478073
2026-08-19T03:55:00+00:00,22411526-1,Temperature,CURRENT,°C,17.3075341796875
2026-08-19T03:55:00+00:00,22411526-2,RH,CURRENT,%,82.05386434729535
2026-08-19T03:55:00+00:00,22411526-3,Dew Point,CURRENT,°C,14.234462393647833
2026-08-19T03:55:00+00:00,22411527-1,Temperature,CURRENT,°C,18.2942431640625
2026-08-19T03:55:00+00:00,22411527-2,RH,CURRENT,%,76.97718776226444
2026-08-19T03:55:00+00:00,22411527-3,Dew Point,CURRENT,°C,14.207700412721348
2026-08-19T03:55:00+00:00,22411528-1,Temperature,CURRENT,°C,17.178833007812493
2026-08-19T03:55:00+00:00,22411528-2,RH,CURRENT,%,83.97192339971008
2026-08-19T03:55:00+00:00,22411528-3,Dew Point,CURRENT,°C,14.466078224179988
2026-08-19T03:55:00+00:00,22411529-1,Temperature,CURRENT,°C,16.578227539062496
2026-08-19T03:55:00+00:00,22411529-2,RH,CURRENT,%,87.19462882429237
2026-08-19T03:55:00+00:00,22411529-3,Dew Point,CURRENT,°C,14.459318277706586
2026-08-19T03:55:00+00:00,22411530-1,Temperature,CURRENT,°C,18.058291015624995
2026-08-19T03:55:00+00:00,22411530-2,RH,CURRENT,%,78.27267872129397
2026-08-19T03:55:00+00:00,22411530-3,Dew Point,CURRENT,°C,14.236682268331151
2026-08-19T03:56:00+00:00,22411541-S,Battery,CURRENT,V,8.344931396484375
2026-08-19T04:00:00+00:00,22411189-1,Temperature,CURRENT,°C,17.3075341796875
2026-08-19T04:00:00+00:00,22411189-2,RH,CURRENT,%,83.50499732967117
2026-08-19T04:00:00+00:00,22411189-3,Dew Point,CURRENT,°C,14.505803278021332
2026-08-19T04:00:00+00:00,22411190-1,Temperature,CURRENT,°C,17.58638671875
2026-08-19T04:00:00+00:00,22411190-2,RH,CURRENT,%,79.91607537956817
2026-08-19T04:00:00+00:00,22411190-3,Dew Point,CURRENT,°C,14.098628691166946
2026-08-19T04:00:00+00:00,22411191-1,Temperature,CURRENT,°C,18.144091796874996
2026-08-19T04:00:00+00:00,22411191-2,RH,CURRENT,%,79.1103990234226
2026-08-19T04:00:00+00:00,22411191-3,Dew Point,CURRENT,°C,14.484873345213828
2026-08-19T04:00:00+00:00,22411525-1,Temperature,CURRENT,°C,18.186992187500003
2026-08-19T04:00:00+00:00,22411525-2,RH,CURRENT,%,77.24422064545662
2026-08-19T04:00:00+00:00,22411525-3,Dew Point,CURRENT,°C,14.157198453659397
2026-08-19T04:00:00+00:00,22411526-1,Temperature,CURRENT,°C,17.071582031249996
2026-08-19T04:00:00+00:00,22411526-2,RH,CURRENT,%,82.98008697642481
2026-08-19T04:00:00+00:00,22411526-3,Dew Point,CURRENT,°C,14.177187197327775
2026-08-19T04:00:00+00:00,22411527-1,Temperature,CURRENT,°C,18.272792968750004
2026-08-19T04:00:00+00:00,22411527-2,RH,CURRENT,%,77.2152285038529
2026-08-19T04:00:00+00:00,22411527-3,Dew Point,CURRENT,°C,14.234630088088158
2026-08-19T04:00:00+00:00,22411528-1,Temperature,CURRENT,°C,16.857080078125
2026-08-19T04:00:00+00:00,22411528-2,RH,CURRENT,%,85.18043793392843
2026-08-19T04:00:00+00:00,22411528-3,Dew Point,CURRENT,°C,14.37166791276286
2026-08-19T04:00:00+00:00,22411529-1,Temperature,CURRENT,°C,16.428076171875
2026-08-19T04:00:00+00:00,22411529-2,RH,CURRENT,%,88.85328450446326
2026-08-19T04:00:00+00:00,22411529-3,Dew Point,CURRENT,°C,14.603316729746872
2026-08-19T04:00:00+00:00,22411530-1,Temperature,CURRENT,°C,18.015390625000002
2026-08-19T04:00:00+00:00,22411530-2,RH,CURRENT,%,78.48020141908904
2026-08-19T04:00:00+00:00,22411530-3,Dew Point,CURRENT,°C,14.235928003224023
2026-08-19T04:01:00+00:00,22411541-S,Battery,CURRENT,V,8.344931396484375
2026-08-19T04:05:00+00:00,22411189-1,Temperature,CURRENT,°C,17.1359326171875
2026-08-19T04:05:00+00:00,22411189-2,RH,CURRENT,%,84.37628747997253
2026-08-19T04:05:00+00:00,22411189-3,Dew Point,CURRENT,°C,14.498436006887049
2026-08-19T04:05:00+00:00,22411190-1,Temperature,CURRENT,°C,17.436235351562495
2026-08-19T04:05:00+00:00,22411190-2,RH,CURRENT,%,80.61646448462653
2026-08-19T04:05:00+00:00,22411190-3,Dew Point,CURRENT,°C,14.087029679556437
2026-08-19T04:05:00+00:00,22411191-1,Temperature,CURRENT,°C,18.101191406250003
2026-08-19T04:05:00+00:00,22411191-2,RH,CURRENT,%,79.40337224383917
2026-08-19T04:05:00+00:00,22411191-3,Dew Point,CURRENT,°C,14.500393891228702
2026-08-19T04:05:00+00:00,22411525-1,Temperature,CURRENT,°C,18.186992187500003
2026-08-19T04:05:00+00:00,22411525-2,RH,CURRENT,%,77.3861295490959
2026-08-19T04:05:00+00:00,22411525-3,Dew Point,CURRENT,°C,14.18556322912138
2026-08-19T04:05:00+00:00,22411526-1,Temperature,CURRENT,°C,16.835629882812498
2026-08-19T04:05:00+00:00,22411526-2,RH,CURRENT,%,84.18402380407416
2026-08-19T04:05:00+00:00,22411526-3,Dew Point,CURRENT,°C,14.168638238006423
2026-08-19T04:05:00+00:00,22411527-1,Temperature,CURRENT,°C,18.2942431640625
2026-08-19T04:05:00+00:00,22411527-2,RH,CURRENT,%,77.2854200045777
2026-08-19T04:05:00+00:00,22411527-3,Dew Point,CURRENT,°C,14.269489823357317
2026-08-19T04:05:00+00:00,22411528-1,Temperature,CURRENT,°C,16.642578125
2026-08-19T04:05:00+00:00,22411528-2,RH,CURRENT,%,86.42710002288854
2026-08-19T04:05:00+00:00,22411528-3,Dew Point,CURRENT,°C,14.385750251264735
2026-08-19T04:05:00+00:00,22411529-1,Temperature,CURRENT,°C,16.170673828124997
2026-08-19T04:05:00+00:00,22411529-2,RH,CURRENT,%,89.26527809567406
2026-08-19T04:05:00+00:00,22411529-3,Dew Point,CURRENT,°C,14.420845037308666
2026-08-19T04:05:00+00:00,22411530-1,Temperature,CURRENT,°C,17.92958984375
2026-08-19T04:05:00+00:00,22411530-2,RH,CURRENT,%,78.93644617380026
2026-08-19T04:05:00+00:00,22411530-3,Dew Point,CURRENT,°C,14.242125855660282
2026-08-19T04:06:00+00:00,22411541-S,Battery,CURRENT,V,8.338469970703125
2026-08-19T04:10:00+00:00,22411189-1,Temperature,CURRENT,°C,17.3075341796875
2026-08-19T04:10:00+00:00,22411189-2,RH,CURRENT,%,83.87121385519188
2026-08-19T04:10:00+00:00,22411189-3,Dew Point,CURRENT,°C,14.573626513223235
2026-08-19T04:10:00+00:00,22411190-1,Temperature,CURRENT,°C,17.564936523437503
2026-08-19T04:10:00+00:00,22411190-2,RH,CURRENT,%,80.31586175326161
2026-08-19T04:10:00+00:00,22411190-3,Dew Point,CURRENT,°C,14.15481327530081
2026-08-19T04:10:00+00:00,22411191-1,Temperature,CURRENT,°C,18.1226416015625
2026-08-19T04:10:00+00:00,22411191-2,RH,CURRENT,%,79.50102998397803
2026-08-19T04:10:00+00:00,22411191-3,Dew Point,CURRENT,°C,14.540322827779905
2026-08-19T04:10:00+00:00,22411525-1,Temperature,CURRENT,°C,18.165541992187492
2026-08-19T04:10:00+00:00,22411525-2,RH,CURRENT,%,77.60433356221866
2026-08-19T04:10:00+00:00,22411525-3,Dew Point,CURRENT,°C,14.208267952975097
2026-08-19T04:10:00+00:00,22411526-1,Temperature,CURRENT,°C,16.9643310546875
2026-08-19T04:10:00+00:00,22411526-2,RH,CURRENT,%,84.01922636758984
2026-08-19T04:10:00+00:00,22411526-3,Dew Point,CURRENT,°C,14.264527349451386
2026-08-19T04:10:00+00:00,22411527-1,Temperature,CURRENT,°C,18.251342773437493
2026-08-19T04:10:00+00:00,22411527-2,RH,CURRENT,%,77.60585946440833
2026-08-19T04:10:00+00:00,22411527-3,Dew Point,CURRENT,°C,14.291855899194728
2026-08-19T04:10:00+00:00,22411528-1,Temperature,CURRENT,°C,16.857080078125
2026-08-19T04:10:00+00:00,22411528-2,RH,CURRENT,%,85.74044403753719
2026-08-19T04:10:00+00:00,22411528-3,Dew Point,CURRENT,°C,14.473135824225732
2026-08-19T04:10:00+00:00,22411529-1,Temperature,CURRENT,°C,16.1492236328125
2026-08-19T04:10:00+00:00,22411529-2,RH,CURRENT,%,89.3842984664683
2026-08-19T04:10:00+00:00,22411529-3,Dew Point,CURRENT,°C,14.420289559948491
2026-08-19T04:10:00+00:00,22411530-1,Temperature,CURRENT,°C,18.015390625000002
2026-08-19T04:10:00+00:00,22411530-2,RH,CURRENT,%,78.83268482490273
2026-08-19T04:10:00+00:00,22411530-3,Dew Point,CURRENT,°C,14.305235697512332
2026-08-19T04:11:00+00:00,22411541-S,Battery,CURRENT,V,8.348162109375
2026-08-19T04:15:00+00:00,22411189-1,Temperature,CURRENT,°C,17.328984374999997
2026-08-19T04:15:00+00:00,22411189-2,RH,CURRENT,%,83.91851682307164
2026-08-19T04:15:00+00:00,22411189-3,Dew Point,CURRENT,°C,14.603391974992427
2026-08-19T04:15:00+00:00,22411190-1,Temperature,CURRENT,°C,17.564936523437503
2026-08-19T04:15:00+00:00,22411190-2,RH,CURRENT,%,80.44403753719386
2026-08-19T04:15:00+00:00,22411190-3,Dew Point,CURRENT,°C,14.179455392998769
2026-08-19T04:15:00+00:00,22411191-1,Temperature,CURRENT,°C,18.144091796874996
2026-08-19T04:15:00+00:00,22411191-2,RH,CURRENT,%,79.5178149080644
2026-08-19T04:15:00+00:00,22411191-3,Dew Point,CURRENT,°C,14.564478334889788
2026-08-19T04:15:00+00:00,22411525-1,Temperature,CURRENT,°C,18.2084423828125
2026-08-19T04:15:00+00:00,22411525-2,RH,CURRENT,%,77.6424811169604
2026-08-19T04:15:00+00:00,22411525-3,Dew Point,CURRENT,°C,14.25750958689452
2026-08-19T04:15:00+00:00,22411526-1,Temperature,CURRENT,°C,17.028681640624995
2026-08-19T04:15:00+00:00,22411526-2,RH,CURRENT,%,83.84985122453651
2026-08-19T04:15:00+00:00,22411526-3,Dew Point,CURRENT,°C,14.296390435223167
2026-08-19T04:15:00+00:00,22411527-1,Temperature,CURRENT,°C,18.2942431640625
2026-08-19T04:15:00+00:00,22411527-2,RH,CURRENT,%,77.56008239871824
2026-08-19T04:15:00+00:00,22411527-3,Dew Point,CURRENT,°C,14.324367817608621
2026-08-19T04:15:00+00:00,22411528-1,Temperature,CURRENT,°C,16.89998046875
2026-08-19T04:15:00+00:00,22411528-2,RH,CURRENT,%,85.76333257038223
2026-08-19T04:15:00+00:00,22411528-3,Dew Point,CURRENT,°C,14.519432458377029
2026-08-19T04:15:00+00:00,22411529-1,Temperature,CURRENT,°C,16.170673828124997
2026-08-19T04:15:00+00:00,22411529-2,RH,CURRENT,%,89.4392309452964
2026-08-19T04:15:00+00:00,22411529-3,Dew Point,CURRENT,°C,14.45099399418072
2026-08-19T04:15:00+00:00,22411530-1,Temperature,CURRENT,°C,18.015390625000002
2026-08-19T04:15:00+00:00,22411530-2,RH,CURRENT,%,78.82810711833372
2026-08-19T04:15:00+00:00,22411530-3,Dew Point,CURRENT,°C,14.304337341446216
2026-08-19T04:16:00+00:00,22411541-S,Battery,CURRENT,V,8.3352392578125
2026-08-19T04:20:00+00:00,22411189-1,Temperature,CURRENT,°C,17.564936523437503
2026-08-19T04:20:00+00:00,22411189-2,RH,CURRENT,%,82.90226596475166
2026-08-19T04:20:00+00:00,22411189-3,Dew Point,CURRENT,°C,14.645514208881616
2026-08-19T04:20:00+00:00,22411190-1,Temperature,CURRENT,°C,17.75798828125
2026-08-19T04:20:00+00:00,22411190-2,RH,CURRENT,%,79.6734569314107
2026-08-19T04:20:00+00:00,22411190-3,Dew Point,CURRENT,°C,14.218793649599755
2026-08-19T04:20:00+00:00,22411191-1,Temperature,CURRENT,°C,18.229892578124996
2026-08-19T04:20:00+00:00,22411191-2,RH,CURRENT,%,79.08293278400855
2026-08-19T04:20:00+00:00,22411191-3,Dew Point,CURRENT,°C,14.562971073125805
2026-08-19T04:20:00+00:00,22411525-1,Temperature,CURRENT,°C,18.272792968750004
2026-08-19T04:20:00+00:00,22411525-2,RH,CURRENT,%,77.27168688487068
2026-08-19T04:20:00+00:00,22411525-3,Dew Point,CURRENT,°C,14.245931654303183
2026-08-19T04:20:00+00:00,22411526-1,Temperature,CURRENT,°C,17.243183593749997
2026-08-19T04:20:00+00:00,22411526-2,RH,CURRENT,%,83.17540245670253
2026-08-19T04:20:00+00:00,22411526-3,Dew Point,CURRENT,°C,14.381535855592803
2026-08-19T04:20:00+00:00,22411527-1,Temperature,CURRENT,°C,18.358593750000004
2026-08-19T04:20:00+00:00,22411527-2,RH,CURRENT,%,77.20607309071488
2026-08-19T04:20:00+00:00,22411527-3,Dew Point,CURRENT,°C,14.316026828546537
2026-08-19T04:20:00+00:00,22411528-1,Temperature,CURRENT,°C,17.1359326171875
2026-08-19T04:20:00+00:00,22411528-2,RH,CURRENT,%,84.8203250171664
2026-08-19T04:20:00+00:00,22411528-3,Dew Point,CURRENT,°C,14.579786565656228
2026-08-19T04:20:00+00:00,22411529-1,Temperature,CURRENT,°C,16.342275390624998
2026-08-19T04:20:00+00:00,22411529-2,RH,CURRENT,%,88.82581826504921
2026-08-19T04:20:00+00:00,22411529-3,Dew Point,CURRENT,°C,14.513831863596797
2026-08-19T04:20:00+00:00,22411530-1,Temperature,CURRENT,°C,18.101191406250003
2026-08-19T04:20:00+00:00,22411530-2,RH,CURRENT,%,78.39322499427787
2026-08-19T04:20:00+00:00,22411530-3,Dew Point,CURRENT,°C,14.302172870407299
2026-08-19T04:21:00+00:00,22411541-S,Battery,CURRENT,V,8.3352392578125
2026-08-19T04:25:00+00:00,22411189-1,Temperature,CURRENT,°C,17.607836914062496
2026-08-19T04:25:00+00:00,22411189-2,RH,CURRENT,%,82.66727702754254
2026-08-19T04:25:00+00:00,22411189-3,Dew Point,CURRENT,°C,14.643459475033481
2026-08-19T04:25:00+00:00,22411190-1,Temperature,CURRENT,°C,17.8437890625
2026-08-19T04:25:00+00:00,22411190-2,RH,CURRENT,%,79.30876630807965
2026-08-19T04:25:00+00:00,22411190-3,Dew Point,CURRENT,°C,14.231397908911257
2026-08-19T04:25:00+00:00,22411191-1,Temperature,CURRENT,°C,18.272792968750004
2026-08-19T04:25:00+00:00,22411191-2,RH,CURRENT,%,79.01579308766308
2026-08-19T04:25:00+00:00,22411191-3,Dew Point,CURRENT,°C,14.59153941180734
2026-08-19T04:25:00+00:00,22411525-1,Temperature,CURRENT,°C,18.315693359374997
2026-08-19T04:25:00+00:00,22411525-2,RH,CURRENT,%,77.14656290531777
2026-08-19T04:25:00+00:00,22411525-3,Dew Point,CURRENT,°C,14.262486393702478
2026-08-19T04:25:00+00:00,22411526-1,Temperature,CURRENT,°C,17.371884765625005
2026-08-19T04:25:00+00:00,22411526-2,RH,CURRENT,%,82.43533989471275
2026-08-19T04:25:00+00:00,22411526-3,Dew Point,CURRENT,°C,14.369131721379675
2026-08-19T04:25:00+00:00,22411527-1,Temperature,CURRENT,°C,18.401494140624997
2026-08-19T04:25:00+00:00,22411527-2,RH,CURRENT,%,77.07484550240329
2026-08-19T04:25:00+00:00,22411527-3,Dew Point,CURRENT,°C,14.331316203336236
2026-08-19T04:25:00+00:00,22411528-1,Temperature,CURRENT,°C,17.2217333984375
2026-08-19T04:25:00+00:00,22411528-2,RH,CURRENT,%,84.30151827267872
2026-08-19T04:25:00+00:00,22411528-3,Dew Point,CURRENT,°C,14.568844589485833
2026-08-19T04:25:00+00:00,22411529-1,Temperature,CURRENT,°C,16.492426757812495
2026-08-19T04:25:00+00:00,22411529-2,RH,CURRENT,%,88.13000686655985
2026-08-19T04:25:00+00:00,22411529-3,Dew Point,CURRENT,°C,14.540092690921396
2026-08-19T04:25:00+00:00,22411530-1,Temperature,CURRENT,°C,18.186992187500003
2026-08-19T04:25:00+00:00,22411530-2,RH,CURRENT,%,78.14908064393073
2026-08-19T04:25:00+00:00,22411530-3,Dew Point,CURRENT,°C,14.337284408422967
2026-08-19T04:26:00+00:00,22411541-S,Battery,CURRENT,V,8.332008544921875
2026-08-19T04:30:00+00:00,22411189-1,Temperature,CURRENT,°C,17.693637695312496
2026-08-19T04:30:00+00:00,22411189-2,RH,CURRENT,%,82.58487830930038
2026-08-19T04:30:00+00:00,22411189-3,Dew Point,CURRENT,°C,14.711919065166011
2026-08-19T04:30:00+00:00,22411190-1,Temperature,CURRENT,°C,17.865239257812497
2026-08-19T04:30:00+00:00,22411190-2,RH,CURRENT,%,79.40794995040818
2026-08-19T04:30:00+00:00,22411190-3,Dew Point,CURRENT,°C,14.271603637746582
2026-08-19T04:30:00+00:00,22411191-1,Temperature,CURRENT,°C,18.229892578124996
2026-08-19T04:30:00+00:00,22411191-2,RH,CURRENT,%,79.23857480735485
2026-08-19T04:30:00+00:00,22411191-3,Dew Point,CURRENT,°C,14.593453760883854
2026-08-19T04:30:00+00:00,22411525-1,Temperature,CURRENT,°C,18.251342773437493
2026-08-19T04:30:00+00:00,22411525-2,RH,CURRENT,%,77.4212252994583
2026-08-19T04:30:00+00:00,22411525-3,Dew Point,CURRENT,°C,14.255015792187326
2026-08-19T04:30:00+00:00,22411526-1,Temperature,CURRENT,°C,17.45768554687499
2026-08-19T04:30:00+00:00,22411526-2,RH,CURRENT,%,82.25070572976273
2026-08-19T04:30:00+00:00,22411526-3,Dew Point,CURRENT,°C,14.41831850665586
2026-08-19T04:30:00+00:00,22411527-1,Temperature,CURRENT,°C,18.315693359374997
2026-08-19T04:30:00+00:00,22411527-2,RH,CURRENT,%,77.45021744106202
2026-08-19T04:30:00+00:00,22411527-3,Dew Point,CURRENT,°C,14.323252731265383
2026-08-19T04:30:00+00:00,22411528-1,Temperature,CURRENT,°C,17.286083984375004
2026-08-19T04:30:00+00:00,22411528-2,RH,CURRENT,%,84.12451361867704
2026-08-19T04:30:00+00:00,22411528-3,Dew Point,CURRENT,°C,14.599355498967235
2026-08-19T04:30:00+00:00,22411529-1,Temperature,CURRENT,°C,16.578227539062496
2026-08-19T04:30:00+00:00,22411529-2,RH,CURRENT,%,87.89196612497139
2026-08-19T04:30:00+00:00,22411529-3,Dew Point,CURRENT,°C,14.582759885282321
2026-08-19T04:30:00+00:00,22411530-1,Temperature,CURRENT,°C,18.144091796874996
2026-08-19T04:30:00+00:00,22411530-2,RH,CURRENT,%,78.43900205996796
2026-08-19T04:30:00+00:00,22411530-3,Dew Point,CURRENT,°C,14.35290108445182
2026-08-19T04:31:00+00:00,22411541-S,Battery,CURRENT,V,8.332008544921875
2026-08-19T04:35:00+00:00,22411189-1,Temperature,CURRENT,°C,17.54348632812499
2026-08-19T04:35:00+00:00,22411189-2,RH,CURRENT,%,83.10826276035706
2026-08-19T04:35:00+00:00,22411189-3,Dew Point,CURRENT,°C,14.663018313169651
2026-08-19T04:35:00+00:00,22411190-1,Temperature,CURRENT,°C,17.736538085937504
2026-08-19T04:35:00+00:00,22411190-2,RH,CURRENT,%,79.85656519417105
2026-08-19T04:35:00+00:00,22411190-3,Dew Point,CURRENT,°C,14.233392322141587
2026-08-19T04:35:00+00:00,22411191-1,Temperature,CURRENT,°C,18.144091796874996
2026-08-19T04:35:00+00:00,22411191-2,RH,CURRENT,%,79.58648050659953
2026-08-19T04:35:00+00:00,22411191-3,Dew Point,CURRENT,°C,14.577859663909079
2026-08-19T04:35:00+00:00,22411525-1,Temperature,CURRENT,°C,18.186992187500003
2026-08-19T04:35:00+00:00,22411525-2,RH,CURRENT,%,77.70046540016784
2026-08-19T04:35:00+00:00,22411525-3,Dew Point,CURRENT,°C,14.248230606196193
2026-08-19T04:35:00+00:00,22411526-1,Temperature,CURRENT,°C,17.3075341796875
2026-08-19T04:35:00+00:00,22411526-2,RH,CURRENT,%,82.66880292973221
2026-08-19T04:35:00+00:00,22411526-3,Dew Point,CURRENT,°C,14.349956887110148
2026-08-19T04:35:00+00:00,22411527-1,Temperature,CURRENT,°C,18.251342773437493
2026-08-19T04:35:00+00:00,22411527-2,RH,CURRENT,%,77.75692378118562
2026-08-19T04:35:00+00:00,22411527-3,Dew Point,CURRENT,°C,14.321940660444753
2026-08-19T04:35:00+00:00,22411528-1,Temperature,CURRENT,°C,17.157382812499996
2026-08-19T04:35:00+00:00,22411528-2,RH,CURRENT,%,84.67841611352712
2026-08-19T04:35:00+00:00,22411528-3,Dew Point,CURRENT,°C,14.574876147068222
2026-08-19T04:35:00+00:00,22411529-1,Temperature,CURRENT,°C,16.513876953125
2026-08-19T04:35:00+00:00,22411529-2,RH,CURRENT,%,88.02777141985199
2026-08-19T04:35:00+00:00,22411529-3,Dew Point,CURRENT,°C,14.543252901515032
2026-08-19T04:35:00+00:00,22411530-1,Temperature,CURRENT,°C,18.058291015624995
2026-08-19T04:35:00+00:00,22411530-2,RH,CURRENT,%,78.85099565117876
2026-08-19T04:35:00+00:00,22411530-3,Dew Point,CURRENT,°C,14.350552965348859
2026-08-19T04:36:00+00:00,22411541-S,Battery,CURRENT,V,8.325547119140625
2026-08-19T04:40:00+00:00,22411189-1,Temperature,CURRENT,°C,17.328984374999997
2026-08-19T04:40:00+00:00,22411189-2,RH,CURRENT,%,84.11383230334935
2026-08-19T04:40:00+00:00,22411189-3,Dew Point,CURRENT,°C,14.639446425048872
2026-08-19T04:40:00+00:00,22411190-1,Temperature,CURRENT,°C,17.54348632812499
2026-08-19T04:40:00+00:00,22411190-2,RH,CURRENT,%,80.7690547035935
2026-08-19T04:40:00+00:00,22411190-3,Dew Point,CURRENT,°C,14.220861799153113
2026-08-19T04:40:00+00:00,22411191-1,Temperature,CURRENT,°C,17.865239257812497
2026-08-19T04:40:00+00:00,22411191-2,RH,CURRENT,%,80.8194094758526
2026-08-19T04:40:00+00:00,22411191-3,Dew Point,CURRENT,°C,14.544390080085634
2026-08-19T04:40:00+00:00,22411525-1,Temperature,CURRENT,°C,17.908139648437505
2026-08-19T04:40:00+00:00,22411525-2,RH,CURRENT,%,78.90135042343786
2026-08-19T04:40:00+00:00,22411525-3,Dew Point,CURRENT,°C,14.214385723525227
2026-08-19T04:40:00+00:00,22411526-1,Temperature,CURRENT,°C,17.178833007812493
2026-08-19T04:40:00+00:00,22411526-2,RH,CURRENT,%,83.35851071946288
2026-08-19T04:40:00+00:00,22411526-3,Dew Point,CURRENT,°C,14.352560359717387
2026-08-19T04:40:00+00:00,22411527-1,Temperature,CURRENT,°C,18.015390625000002
2026-08-19T04:40:00+00:00,22411527-2,RH,CURRENT,%,78.73960479133288
2026-08-19T04:40:00+00:00,22411527-3,Dew Point,CURRENT,°C,14.28696012270986
2026-08-19T04:40:00+00:00,22411528-1,Temperature,CURRENT,°C,17.028681640624995
2026-08-19T04:40:00+00:00,22411528-2,RH,CURRENT,%,85.23994811932555
2026-08-19T04:40:00+00:00,22411528-3,Dew Point,CURRENT,°C,14.550998021579705
2026-08-19T04:40:00+00:00,22411529-1,Temperature,CURRENT,°C,16.449526367187495
2026-08-19T04:40:00+00:00,22411529-2,RH,CURRENT,%,89.55825131609063
2026-08-19T04:40:00+00:00,22411529-3,Dew Point,CURRENT,°C,14.74711670636395
2026-08-19T04:40:00+00:00,22411530-1,Temperature,CURRENT,°C,17.75798828125
2026-08-19T04:40:00+00:00,22411530-2,RH,CURRENT,%,80.10833905546654
2026-08-19T04:40:00+00:00,22411530-3,Dew Point,CURRENT,°C,14.3029754567573
2026-08-19T04:41:00+00:00,22411541-S,Battery,CURRENT,V,8.325547119140625
2026-08-19T04:45:00+00:00,22411189-1,Temperature,CURRENT,°C,16.942880859374995
2026-08-19T04:45:00+00:00,22411189-2,RH,CURRENT,%,86.1020828564889
2026-08-19T04:45:00+00:00,22411189-3,Dew Point,CURRENT,°C,14.62271732125768
2026-08-19T04:45:00+00:00,22411190-1,Temperature,CURRENT,°C,17.157382812499996
2026-08-19T04:45:00+00:00,22411190-2,RH,CURRENT,%,82.50705729762723
2026-08-19T04:45:00+00:00,22411190-3,Dew Point,CURRENT,°C,14.172789723161982
2026-08-19T04:45:00+00:00,22411191-1,Temperature,CURRENT,°C,17.479135742187502
2026-08-19T04:45:00+00:00,22411191-2,RH,CURRENT,%,83.07927061875334
2026-08-19T04:45:00+00:00,22411191-3,Dew Point,CURRENT,°C,14.594612613534006
2026-08-19T04:45:00+00:00,22411525-1,Temperature,CURRENT,°C,17.564936523437503
2026-08-19T04:45:00+00:00,22411525-2,RH,CURRENT,%,80.92317082475013
2026-08-19T04:45:00+00:00,22411525-3,Dew Point,CURRENT,°C,14.271265982571276
2026-08-19T04:45:00+00:00,22411526-1,Temperature,CURRENT,°C,16.771279296875
2026-08-19T04:45:00+00:00,22411526-2,RH,CURRENT,%,84.93324177920195
2026-08-19T04:45:00+00:00,22411526-3,Dew Point,CURRENT,°C,14.24246859971595
2026-08-19T04:45:00+00:00,22411527-1,Temperature,CURRENT,°C,17.715087890624993
2026-08-19T04:45:00+00:00,22411527-2,RH,CURRENT,%,80.47150377660792
2026-08-19T04:45:00+00:00,22411527-3,Dew Point,CURRENT,°C,14.331137993407125
2026-08-19T04:45:00+00:00,22411528-1,Temperature,CURRENT,°C,16.664028320312497
2026-08-19T04:45:00+00:00,22411528-2,RH,CURRENT,%,86.6498817425803
2026-08-19T04:45:00+00:00,22411528-3,Dew Point,CURRENT,°C,14.446715874323832
2026-08-19T04:45:00+00:00,22411529-1,Temperature,CURRENT,°C,16.4709765625
2026-08-19T04:45:00+00:00,22411529-2,RH,CURRENT,%,92.55512321660181
2026-08-19T04:45:00+00:00,22411529-3,Dew Point,CURRENT,°C,15.280423946851288
2026-08-19T04:45:00+00:00,22411530-1,Temperature,CURRENT,°C,17.371884765625005
2026-08-19T04:45:00+00:00,22411530-2,RH,CURRENT,%,82.49790188448921
2026-08-19T04:45:00+00:00,22411530-3,Dew Point,CURRENT,°C,14.380874439031244
2026-08-19T04:46:00+00:00,22411541-S,Battery,CURRENT,V,8.325547119140625
2026-08-19T04:50:00+00:00,22411189-1,Temperature,CURRENT,°C,16.406625976562495
2026-08-19T04:50:00+00:00,22411189-2,RH,CURRENT,%,88.48249027237354
2026-08-19T04:50:00+00:00,22411189-3,Dew Point,CURRENT,°C,14.517323822251582
2026-08-19T04:50:00+00:00,22411190-1,Temperature,CURRENT,°C,16.599677734375
2026-08-19T04:50:00+00:00,22411190-2,RH,CURRENT,%,84.82948043030441
2026-08-19T04:50:00+00:00,22411190-3,Dew Point,CURRENT,°C,14.055144986059299
2026-08-19T04:50:00+00:00,22411191-1,Temperature,CURRENT,°C,16.857080078125
2026-08-19T04:50:00+00:00,22411191-2,RH,CURRENT,%,85.77248798352025
2026-08-19T04:50:00+00:00,22411191-3,Dew Point,CURRENT,°C,14.478924289196286
2026-08-19T04:50:00+00:00,22411525-1,Temperature,CURRENT,°C,16.9643310546875
2026-08-19T04:50:00+00:00,22411525-2,RH,CURRENT,%,83.39665827420463
2026-08-19T04:50:00+00:00,22411525-3,Dew Point,CURRENT,°C,14.14955868814149
2026-08-19T04:50:00+00:00,22411526-1,Temperature,CURRENT,°C,16.256474609374997
2026-08-19T04:50:00+00:00,22411526-2,RH,CURRENT,%,87.19920653086137
2026-08-19T04:50:00+00:00,22411526-3,Dew Point,CURRENT,°C,14.14326190690883
2026-08-19T04:50:00+00:00,22411527-1,Temperature,CURRENT,°C,17.114482421874996
2026-08-19T04:50:00+00:00,22411527-2,RH,CURRENT,%,83.0609597924773
2026-08-19T04:50:00+00:00,22411527-3,Dew Point,CURRENT,°C,14.234238413805652
2026-08-19T04:50:00+00:00,22411528-1,Temperature,CURRENT,°C,16.1921240234375
2026-08-19T04:50:00+00:00,22411528-2,RH,CURRENT,%,88.46875715266651
2026-08-19T04:50:00+00:00,22411528-3,Dew Point,CURRENT,°C,14.303295301442988
2026-08-19T04:50:00+00:00,22411529-1,Temperature,CURRENT,°C,16.428076171875
2026-08-19T04:50:00+00:00,22411529-2,RH,CURRENT,%,93.12275883115892
2026-08-19T04:50:00+00:00,22411529-3,Dew Point,CURRENT,°C,15.333189263264135
2026-08-19T04:50:00+00:00,22411530-1,Temperature,CURRENT,°C,16.706928710937497
2026-08-19T04:50:00+00:00,22411530-2,RH,CURRENT,%,85.12550545510032
2026-08-19T04:50:00+00:00,22411530-3,Dew Point,CURRENT,°C,14.214250930981724
2026-08-19T04:51:00+00:00,22411541-S,Battery,CURRENT,V,8.325547119140625
2026-08-19T04:55:00+00:00,22411189-1,Temperature,CURRENT,°C,15.999072265624996
2026-08-19T04:55:00+00:00,22411189-2,RH,CURRENT,%,90.37155718318456
2026-08-19T04:55:00+00:00,22411189-3,Dew Point,CURRENT,°C,14.441966859640592
2026-08-19T04:55:00+00:00,22411190-1,Temperature,CURRENT,°C,16.256474609374997
2026-08-19T04:55:00+00:00,22411190-2,RH,CURRENT,%,86.57663843747616
2026-08-19T04:55:00+00:00,22411190-3,Dew Point,CURRENT,°C,14.032605696426128
2026-08-19T04:55:00+00:00,22411191-1,Temperature,CURRENT,°C,16.749829101562497
2026-08-19T04:55:00+00:00,22411191-2,RH,CURRENT,%,86.33096818493935
2026-08-19T04:55:00+00:00,22411191-3,Dew Point,CURRENT,°C,14.474014955381701
2026-08-19T04:55:00+00:00,22411525-1,Temperature,CURRENT,°C,16.835629882812498
2026-08-19T04:55:00+00:00,22411525-2,RH,CURRENT,%,84.00396734569314
2026-08-19T04:55:00+00:00,22411525-3,Dew Point,CURRENT,°C,14.135554718636854
2026-08-19T04:55:00+00:00,22411526-1,Temperature,CURRENT,°C,15.806020507812498
2026-08-19T04:55:00+00:00,22411526-2,RH,CURRENT,%,89.10505836575875
2026-08-19T04:55:00+00:00,22411526-3,Dew Point,CURRENT,°C,14.032947938315786
2026-08-19T04:55:00+00:00,22411527-1,Temperature,CURRENT,°C,16.9643310546875
2026-08-19T04:55:00+00:00,22411527-2,RH,CURRENT,%,83.79797055008774
2026-08-19T04:55:00+00:00,22411527-3,Dew Point,CURRENT,°C,14.223754253597225
2026-08-19T04:55:00+00:00,22411528-1,Temperature,CURRENT,°C,15.763120117187498
2026-08-19T04:55:00+00:00,22411528-2,RH,CURRENT,%,90.35782406347754
2026-08-19T04:55:00+00:00,22411528-3,Dew Point,CURRENT,°C,14.206217572075062
2026-08-19T04:55:00+00:00,22411529-1,Temperature,CURRENT,°C,16.299374999999998
2026-08-19T04:55:00+00:00,22411529-2,RH,CURRENT,%,93.50423437857633
2026-08-19T04:55:00+00:00,22411529-3,Dew Point,CURRENT,°C,15.269124812446446
2026-08-19T04:55:00+00:00,22411530-1,Temperature,CURRENT,°C,16.55677734375
2026-08-19T04:55:00+00:00,22411530-2,RH,CURRENT,%,85.79385061417562
2026-08-19T04:55:00+00:00,22411530-3,Dew Point,CURRENT,°C,14.187632773861482
2026-08-19T04:56:00+00:00,22411541-S,Battery,CURRENT,V,8.325547119140625
2026-08-19T05:00:00+00:00,22411189-1,Temperature,CURRENT,°C,15.999072265624996
2026-08-19T05:00:00+00:00,22411189-2,RH,CURRENT,%,90.71030746929122
2026-08-19T05:00:00+00:00,22411189-3,Dew Point,CURRENT,°C,14.499923337388696
2026-08-19T05:00:00+00:00,22411190-1,Temperature,CURRENT,°C,16.256474609374997
2026-08-19T05:00:00+00:00,22411190-2,RH,CURRENT,%,86.76890211337454
2026-08-19T05:00:00+00:00,22411190-3,Dew Point,CURRENT,°C,14.066853241567824
2026-08-19T05:00:00+00:00,22411191-1,Temperature,CURRENT,°C,16.857080078125
2026-08-19T05:00:00+00:00,22411191-2,RH,CURRENT,%,86.07766842145419
2026-08-19T05:00:00+00:00,22411191-3,Dew Point,CURRENT,°C,14.533957675510877
2026-08-19T05:00:00+00:00,22411525-1,Temperature,CURRENT,°C,16.9214306640625
2026-08-19T05:00:00+00:00,22411525-2,RH,CURRENT,%,83.78881513694972
2026-08-19T05:00:00+00:00,22411525-3,Dew Point,CURRENT,°C,14.180023871586576
2026-08-19T05:00:00+00:00,22411526-1,Temperature,CURRENT,°C,15.61296875
2026-08-19T05:00:00+00:00,22411526-2,RH,CURRENT,%,90.59128709849699
2026-08-19T05:00:00+00:00,22411526-3,Dew Point,CURRENT,°C,14.097539281353697
2026-08-19T05:00:00+00:00,22411527-1,Temperature,CURRENT,°C,17.0072314453125
2026-08-19T05:00:00+00:00,22411527-2,RH,CURRENT,%,83.7445639734493
2026-08-19T05:00:00+00:00,22411527-3,Dew Point,CURRENT,°C,14.255936628476299
2026-08-19T05:00:00+00:00,22411528-1,Temperature,CURRENT,°C,15.61296875
2026-08-19T05:00:00+00:00,22411528-2,RH,CURRENT,%,91.94323643854429
2026-08-19T05:00:00+00:00,22411528-3,Dew Point,CURRENT,°C,14.326535215527452
2026-08-19T05:00:00+00:00,22411529-1,Temperature,CURRENT,°C,16.0634228515625
2026-08-19T05:00:00+00:00,22411529-2,RH,CURRENT,%,91.51140611886778
2026-08-19T05:00:00+00:00,22411529-3,Dew Point,CURRENT,°C,14.699983104544229
2026-08-19T05:00:00+00:00,22411530-1,Temperature,CURRENT,°C,16.72837890625
2026-08-19T05:00:00+00:00,22411530-2,RH,CURRENT,%,85.20332646677348
2026-08-19T05:00:00+00:00,22411530-3,Dew Point,CURRENT,°C,14.249441994616408
2026-08-19T05:01:00+00:00,22411541-S,Battery,CURRENT,V,8.325547119140625
2026-08-19T05:05:00+00:00,22411189-1,Temperature,CURRENT,°C,16.213574218749997
2026-08-19T05:05:00+00:00,22411189-2,RH,CURRENT,%,89.73525597009231
2026-08-19T05:05:00+00:00,22411189-3,Dew Point,CURRENT,°C,14.544580954042667
2026-08-19T05:05:00+00:00,22411190-1,Temperature,CURRENT,°C,16.406625976562495
2026-08-19T05:05:00+00:00,22411190-2,RH,CURRENT,%,86.01510643167774
2026-08-19T05:05:00+00:00,22411190-3,Dew Point,CURRENT,°C,14.079823146747382
2026-08-19T05:05:00+00:00,22411191-1,Temperature,CURRENT,°C,17.0501318359375
2026-08-19T05:05:00+00:00,22411191-2,RH,CURRENT,%,85.17128252079041
2026-08-19T05:05:00+00:00,22411191-3,Dew Point,CURRENT,°C,14.559569887140245
2026-08-19T05:05:00+00:00,22411525-1,Temperature,CURRENT,°C,17.114482421874996
2026-08-19T05:05:00+00:00,22411525-2,RH,CURRENT,%,82.96940566109713
2026-08-19T05:05:00+00:00,22411525-3,Dew Point,CURRENT,°C,14.217187716793097
2026-08-19T05:05:00+00:00,22411526-1,Temperature,CURRENT,°C,15.806020507812498
2026-08-19T05:05:00+00:00,22411526-2,RH,CURRENT,%,90.15640497444114
2026-08-19T05:05:00+00:00,22411526-3,Dew Point,CURRENT,°C,14.214150053307698
2026-08-19T05:05:00+00:00,22411527-1,Temperature,CURRENT,°C,17.178833007812493
2026-08-19T05:05:00+00:00,22411527-2,RH,CURRENT,%,82.99382009613184
2026-08-19T05:05:00+00:00,22411527-3,Dew Point,CURRENT,°C,14.284723082899227
2026-08-19T05:05:00+00:00,22411528-1,Temperature,CURRENT,°C,15.827470703125002
2026-08-19T05:05:00+00:00,22411528-2,RH,CURRENT,%,91.39848935683223
2026-08-19T05:05:00+00:00,22411528-3,Dew Point,CURRENT,°C,14.44710053607447
2026-08-19T05:05:00+00:00,22411529-1,Temperature,CURRENT,°C,15.720219726562497
2026-08-19T05:05:00+00:00,22411529-2,RH,CURRENT,%,92.05615320057984
2026-08-19T05:05:00+00:00,22411529-3,Dew Point,CURRENT,°C,14.451860215273573
2026-08-19T05:05:00+00:00,22411530-1,Temperature,CURRENT,°C,16.9214306640625
2026-08-19T05:05:00+00:00,22411530-2,RH,CURRENT,%,84.27100022888533
2026-08-19T05:05:00+00:00,22411530-3,Dew Point,CURRENT,°C,14.268739095863673
2026-08-19T05:06:00+00:00,22411541-S,Battery,CURRENT,V,8.325547119140625
2026-08-19T05:10:00+00:00,22411189-1,Temperature,CURRENT,°C,16.535327148437496
2026-08-19T05:10:00+00:00,22411189-2,RH,CURRENT,%,88.29480430304417
2026-08-19T05:10:00+00:00,22411189-3,Dew Point,CURRENT,°C,14.611365029554857
2026-08-19T05:10:00+00:00,22411190-1,Temperature,CURRENT,°C,16.685478515625
2026-08-19T05:10:00+00:00,22411190-2,RH,CURRENT,%,84.94850080109865
2026-08-19T05:10:00+00:00,22411190-3,Dew Point,CURRENT,°C,14.161020530061297
2026-08-19T05:10:00+00:00,22411191-1,Temperature,CURRENT,°C,17.2217333984375
2026-08-19T05:10:00+00:00,22411191-2,RH,CURRENT,%,84.38849469748989
2026-08-19T05:10:00+00:00,22411191-3,Dew Point,CURRENT,°C,14.584831835385101
2026-08-19T05:10:00+00:00,22411525-1,Temperature,CURRENT,°C,17.264633789062493
2026-08-19T05:10:00+00:00,22411525-2,RH,CURRENT,%,82.30106050202183
2026-08-19T05:10:00+00:00,22411525-3,Dew Point,CURRENT,°C,14.239032883586768
2026-08-19T05:10:00+00:00,22411526-1,Temperature,CURRENT,°C,16.1492236328125
2026-08-19T05:10:00+00:00,22411526-2,RH,CURRENT,%,88.76935988403143
2026-08-19T05:10:00+00:00,22411526-3,Dew Point,CURRENT,°C,14.313438976452606
2026-08-19T05:10:00+00:00,22411527-1,Temperature,CURRENT,°C,17.328984374999997
2026-08-19T05:10:00+00:00,22411527-2,RH,CURRENT,%,82.31479362172885
2026-08-19T05:10:00+00:00,22411527-3,Dew Point,CURRENT,°C,14.304535302486268
2026-08-19T05:10:00+00:00,22411528-1,Temperature,CURRENT,°C,16.170673828124997
2026-08-19T05:10:00+00:00,22411528-2,RH,CURRENT,%,89.95956359197375
2026-08-19T05:10:00+00:00,22411528-3,Dew Point,CURRENT,°C,14.5408703782109
2026-08-19T05:10:00+00:00,22411529-1,Temperature,CURRENT,°C,15.634418945312497
2026-08-19T05:10:00+00:00,22411529-2,RH,CURRENT,%,92.44678416113527
2026-08-19T05:10:00+00:00,22411529-3,Dew Point,CURRENT,°C,14.432350341436297
2026-08-19T05:10:00+00:00,22411530-1,Temperature,CURRENT,°C,17.114482421874996
2026-08-19T05:10:00+00:00,22411530-2,RH,CURRENT,%,83.41344319829099
2026-08-19T05:10:00+00:00,22411530-3,Dew Point,CURRENT,°C,14.299730044700725
2026-08-19T05:11:00+00:00,22411541-S,Battery,CURRENT,V,8.32231640625
2026-08-19T05:15:00+00:00,22411189-1,Temperature,CURRENT,°C,16.621127929687496
2026-08-19T05:15:00+00:00,22411189-2,RH,CURRENT,%,87.87823300526436
2026-08-19T05:15:00+00:00,22411189-3,Dew Point,CURRENT,°C,14.6226262235625
2026-08-19T05:15:00+00:00,22411190-1,Temperature,CURRENT,°C,16.792729492187497
2026-08-19T05:15:00+00:00,22411190-2,RH,CURRENT,%,84.51209277485313
2026-08-19T05:15:00+00:00,22411190-3,Dew Point,CURRENT,°C,14.186672250408163
2026-08-19T05:15:00+00:00,22411191-1,Temperature,CURRENT,°C,17.2217333984375
2026-08-19T05:15:00+00:00,22411191-2,RH,CURRENT,%,84.31982909895476
2026-08-19T05:15:00+00:00,22411191-3,Dew Point,CURRENT,°C,14.5722115273305
2026-08-19T05:15:00+00:00,22411525-1,Temperature,CURRENT,°C,17.264633789062493
2026-08-19T05:15:00+00:00,22411525-2,RH,CURRENT,%,82.2873273823148
2026-08-19T05:15:00+00:00,22411525-3,Dew Point,CURRENT,°C,14.236452625421565
2026-08-19T05:15:00+00:00,22411526-1,Temperature,CURRENT,°C,16.2779248046875
2026-08-19T05:15:00+00:00,22411526-2,RH,CURRENT,%,87.86907759212635
2026-08-19T05:15:00+00:00,22411526-3,Dew Point,CURRENT,°C,14.282699088961536
2026-08-19T05:15:00+00:00,22411527-1,Temperature,CURRENT,°C,17.328984374999997
2026-08-19T05:15:00+00:00,22411527-2,RH,CURRENT,%,82.31631952391852
2026-08-19T05:15:00+00:00,22411527-3,Dew Point,CURRENT,°C,14.30482207575547
2026-08-19T05:15:00+00:00,22411528-1,Temperature,CURRENT,°C,16.2350244140625
2026-08-19T05:15:00+00:00,22411528-2,RH,CURRENT,%,89.28816662851911
2026-08-19T05:15:00+00:00,22411528-3,Dew Point,CURRENT,°C,14.48837421072267
2026-08-19T05:15:00+00:00,22411529-1,Temperature,CURRENT,°C,15.634418945312497
2026-08-19T05:15:00+00:00,22411529-2,RH,CURRENT,%,92.47272449835965
2026-08-19T05:15:00+00:00,22411529-3,Dew Point,CURRENT,°C,14.436695085472262
2026-08-19T05:15:00+00:00,22411530-1,Temperature,CURRENT,°C,17.1359326171875
2026-08-19T05:15:00+00:00,22411530-2,RH,CURRENT,%,83.30968184939346
2026-08-19T05:15:00+00:00,22411530-3,Dew Point,CURRENT,°C,14.301481843907418
2026-08-19T05:16:00+00:00,22411541-S,Battery,CURRENT,V,8.31585498046875
2026-08-19T05:20:00+00:00,22411189-1,Temperature,CURRENT,°C,16.513876953125
2026-08-19T05:20:00+00:00,22411189-2,RH,CURRENT,%,88.11627374685283
2026-08-19T05:20:00+00:00,22411189-3,Dew Point,CURRENT,°C,14.558829024667919
2026-08-19T05:20:00+00:00,22411190-1,Temperature,CURRENT,°C,16.749829101562497
2026-08-19T05:20:00+00:00,22411190-2,RH,CURRENT,%,84.56702525368124
2026-08-19T05:20:00+00:00,22411190-3,Dew Point,CURRENT,°C,14.154625971121662
2026-08-19T05:20:00+00:00,22411191-1,Temperature,CURRENT,°C,17.178833007812493
2026-08-19T05:20:00+00:00,22411191-2,RH,CURRENT,%,84.54413672083619
2026-08-19T05:20:00+00:00,22411191-3,Dew Point,CURRENT,°C,14.571317912788242
2026-08-19T05:20:00+00:00,22411525-1,Temperature,CURRENT,°C,17.200283203125004
2026-08-19T05:20:00+00:00,22411525-2,RH,CURRENT,%,82.5436789501793
2026-08-19T05:20:00+00:00,22411525-3,Dew Point,CURRENT,°C,14.221610908770321
2026-08-19T05:20:00+00:00,22411526-1,Temperature,CURRENT,°C,16.2350244140625
2026-08-19T05:20:00+00:00,22411526-2,RH,CURRENT,%,87.8309300373846
2026-08-19T05:20:00+00:00,22411526-3,Dew Point,CURRENT,°C,14.233695597793172
2026-08-19T05:20:00+00:00,22411527-1,Temperature,CURRENT,°C,17.264633789062493
2026-08-19T05:20:00+00:00,22411527-2,RH,CURRENT,%,82.52994583047227
2026-08-19T05:20:00+00:00,22411527-3,Dew Point,CURRENT,°C,14.281981674993467
2026-08-19T05:20:00+00:00,22411528-1,Temperature,CURRENT,°C,16.1492236328125
2026-08-19T05:20:00+00:00,22411528-2,RH,CURRENT,%,89.46059357595178
2026-08-19T05:20:00+00:00,22411528-3,Dew Point,CURRENT,°C,14.433501458072374
2026-08-19T05:20:00+00:00,22411529-1,Temperature,CURRENT,°C,15.61296875
2026-08-19T05:20:00+00:00,22411529-2,RH,CURRENT,%,92.84504463263904
2026-08-19T05:20:00+00:00,22411529-3,Dew Point,CURRENT,°C,14.47764853192592
2026-08-19T05:20:00+00:00,22411530-1,Temperature,CURRENT,°C,17.0930322265625
2026-08-19T05:20:00+00:00,22411530-2,RH,CURRENT,%,83.46990157930877
2026-08-19T05:20:00+00:00,22411530-3,Dew Point,CURRENT,°C,14.289187018598339
2026-08-19T05:21:00+00:00,22411541-S,Battery,CURRENT,V,8.319085693359375
2026-08-19T05:25:00+00:00,22411189-1,Temperature,CURRENT,°C,16.170673828124997
2026-08-19T05:25:00+00:00,22411189-2,RH,CURRENT,%,89.54757000076295
2026-08-19T05:25:00+00:00,22411189-3,Dew Point,CURRENT,°C,14.469744994176695
2026-08-19T05:25:00+00:00,22411190-1,Temperature,CURRENT,°C,16.428076171875
2026-08-19T05:25:00+00:00,22411190-2,RH,CURRENT,%,85.76791027695124
2026-08-19T05:25:00+00:00,22411190-3,Dew Point,CURRENT,°C,14.056469055906337
2026-08-19T05:25:00+00:00,22411191-1,Temperature,CURRENT,°C,16.835629882812498
2026-08-19T05:25:00+00:00,22411191-2,RH,CURRENT,%,85.91287098496986
2026-08-19T05:25:00+00:00,22411191-3,Dew Point,CURRENT,°C,14.483175467599782
2026-08-19T05:25:00+00:00,22411525-1,Temperature,CURRENT,°C,16.9214306640625
2026-08-19T05:25:00+00:00,22411525-2,RH,CURRENT,%,83.72167544060426
2026-08-19T05:25:00+00:00,22411525-3,Dew Point,CURRENT,°C,14.167635616070218
2026-08-19T05:25:00+00:00,22411526-1,Temperature,CURRENT,°C,15.956171874999995
2026-08-19T05:25:00+00:00,22411526-2,RH,CURRENT,%,88.43518730449378
2026-08-19T05:25:00+00:00,22411526-3,Dew Point,CURRENT,°C,14.064646335788341
2026-08-19T05:25:00+00:00,22411527-1,Temperature,CURRENT,°C,17.0501318359375
2026-08-19T05:25:00+00:00,22411527-2,RH,CURRENT,%,83.53704127565423
2026-08-19T05:25:00+00:00,22411527-3,Dew Point,CURRENT,°C,14.259599434135989
2026-08-19T05:25:00+00:00,22411528-1,Temperature,CURRENT,°C,15.848920898437498
2026-08-19T05:25:00+00:00,22411528-2,RH,CURRENT,%,90.01449607080187
2026-08-19T05:25:00+00:00,22411528-3,Dew Point,CURRENT,°C,14.232216148225868
2026-08-19T05:25:00+00:00,22411529-1,Temperature,CURRENT,°C,15.591518554687497
2026-08-19T05:25:00+00:00,22411529-2,RH,CURRENT,%,93.63241016250858
2026-08-19T05:25:00+00:00,22411529-3,Dew Point,CURRENT,°C,14.587224905999676
2026-08-19T05:25:00+00:00,22411530-1,Temperature,CURRENT,°C,16.685478515625
2026-08-19T05:25:00+00:00,22411530-2,RH,CURRENT,%,85.3177691309987
2026-08-19T05:25:00+00:00,22411530-3,Dew Point,CURRENT,°C,14.22806428154245
2026-08-19T05:26:00+00:00,22411541-S,Battery,CURRENT,V,8.319085693359375
2026-08-19T05:30:00+00:00,22411189-1,Temperature,CURRENT,°C,15.827470703125002
2026-08-19T05:30:00+00:00,22411189-2,RH,CURRENT,%,91.0032806897078
2026-08-19T05:30:00+00:00,22411189-3,Dew Point,CURRENT,°C,14.380004456401506
2026-08-19T05:30:00+00:00,22411190-1,Temperature,CURRENT,°C,16.127773437499997
2026-08-19T05:30:00+00:00,22411190-2,RH,CURRENT,%,87.0771343556878
2026-08-19T05:30:00+00:00,22411190-3,Dew Point,CURRENT,°C,13.99489142130076
2026-08-19T05:30:00+00:00,22411191-1,Temperature,CURRENT,°C,16.55677734375
2026-08-19T05:30:00+00:00,22411191-2,RH,CURRENT,%,87.29686427100023
2026-08-19T05:30:00+00:00,22411191-3,Dew Point,CURRENT,°C,14.456342564341567
2026-08-19T05:30:00+00:00,22411525-1,Temperature,CURRENT,°C,16.685478515625
2026-08-19T05:30:00+00:00,22411525-2,RH,CURRENT,%,84.90119783321889
2026-08-19T05:30:00+00:00,22411525-3,Dew Point,CURRENT,°C,14.152413815997013
2026-08-19T05:30:00+00:00,22411526-1,Temperature,CURRENT,°C,15.61296875
2026-08-19T05:30:00+00:00,22411526-2,RH,CURRENT,%,89.90463111314564
2026-08-19T05:30:00+00:00,22411526-3,Dew Point,CURRENT,°C,13.980081734597457
2026-08-19T05:30:00+00:00,22411527-1,Temperature,CURRENT,°C,16.835629882812498
2026-08-19T05:30:00+00:00,22411527-2,RH,CURRENT,%,84.56244754711223
2026-08-19T05:30:00+00:00,22411527-3,Dew Point,CURRENT,°C,14.237967854679463
2026-08-19T05:30:00+00:00,22411528-1,Temperature,CURRENT,°C,15.505717773437496
2026-08-19T05:30:00+00:00,22411528-2,RH,CURRENT,%,91.45647364003968
2026-08-19T05:30:00+00:00,22411528-3,Dew Point,CURRENT,°C,14.138180680409253
2026-08-19T05:30:00+00:00,22411529-1,Temperature,CURRENT,°C,15.591518554687497
2026-08-19T05:30:00+00:00,22411529-2,RH,CURRENT,%,94.0794995040818
2026-08-19T05:30:00+00:00,22411529-3,Dew Point,CURRENT,°C,14.661105038867369
2026-08-19T05:30:00+00:00,22411530-1,Temperature,CURRENT,°C,16.38517578125
2026-08-19T05:30:00+00:00,22411530-2,RH,CURRENT,%,86.74753948271916
2026-08-19T05:30:00+00:00,22411530-3,Dew Point,CURRENT,°C,14.189719132218931
2026-08-19T05:31:00+00:00,22411541-S,Battery,CURRENT,V,8.302932128906251
2026-08-19T05:35:00+00:00,22411189-1,Temperature,CURRENT,°C,15.570068359375
2026-08-19T05:35:00+00:00,22411189-2,RH,CURRENT,%,92.47425040054932
2026-08-19T05:35:00+00:00,22411189-3,Dew Point,CURRENT,°C,14.373115231032736
2026-08-19T05:35:00+00:00,22411190-1,Temperature,CURRENT,°C,15.891821289062499
2026-08-19T05:35:00+00:00,22411190-2,RH,CURRENT,%,88.12085145342184
2026-08-19T05:35:00+00:00,22411190-3,Dew Point,CURRENT,°C,13.94622020650784
2026-08-19T05:35:00+00:00,22411191-1,Temperature,CURRENT,°C,16.492426757812495
2026-08-19T05:35:00+00:00,22411191-2,RH,CURRENT,%,87.83245593957427
2026-08-19T05:35:00+00:00,22411191-3,Dew Point,CURRENT,°C,14.48768604543306
2026-08-19T05:35:00+00:00,22411525-1,Temperature,CURRENT,°C,16.621127929687496
2026-08-19T05:35:00+00:00,22411525-2,RH,CURRENT,%,85.29945830472266
2026-08-19T05:35:00+00:00,22411525-3,Dew Point,CURRENT,°C,14.161544090058975
2026-08-19T05:35:00+00:00,22411526-1,Temperature,CURRENT,°C,15.248315429687501
2026-08-19T05:35:00+00:00,22411526-2,RH,CURRENT,%,91.36034180209049
2026-08-19T05:35:00+00:00,22411526-3,Dew Point,CURRENT,°C,13.866969213808785
2026-08-19T05:35:00+00:00,22411527-1,Temperature,CURRENT,°C,16.792729492187497
2026-08-19T05:35:00+00:00,22411527-2,RH,CURRENT,%,84.90730144197757
2026-08-19T05:35:00+00:00,22411527-3,Dew Point,CURRENT,°C,14.258800521520115
2026-08-19T05:35:00+00:00,22411528-1,Temperature,CURRENT,°C,15.1625146484375
2026-08-19T05:35:00+00:00,22411528-2,RH,CURRENT,%,92.77027542534523
2026-08-19T05:35:00+00:00,22411528-3,Dew Point,CURRENT,°C,14.018141971104777
2026-08-19T05:35:00+00:00,22411529-1,Temperature,CURRENT,°C,15.398466796874999
2026-08-19T05:35:00+00:00,22411529-2,RH,CURRENT,%,93.11512932021057
2026-08-19T05:35:00+00:00,22411529-3,Dew Point,CURRENT,°C,14.309689297368283
2026-08-19T05:35:00+00:00,22411530-1,Temperature,CURRENT,°C,16.3208251953125
2026-08-19T05:35:00+00:00,22411530-2,RH,CURRENT,%,87.30907148851759
2026-08-19T05:35:00+00:00,22411530-3,Dew Point,CURRENT,°C,14.226101727733186
2026-08-19T05:36:00+00:00,22411541-S,Battery,CURRENT,V,8.31585498046875
2026-08-19T05:40:00+00:00,22411189-1,Temperature,CURRENT,°C,15.484267578125
2026-08-19T05:40:00+00:00,22411189-2,RH,CURRENT,%,92.68482490272373
2026-08-19T05:40:00+00:00,22411189-3,Dew Point,CURRENT,°C,14.323188593133427
2026-08-19T05:40:00+00:00,22411190-1,Temperature,CURRENT,°C,15.784570312500001
2026-08-19T05:40:00+00:00,22411190-2,RH,CURRENT,%,88.53589684901198
2026-08-19T05:40:00+00:00,22411190-3,Dew Point,CURRENT,°C,13.91290263684161
2026-08-19T05:40:00+00:00,22411191-1,Temperature,CURRENT,°C,16.513876953125
2026-08-19T05:40:00+00:00,22411191-2,RH,CURRENT,%,87.58068207827878
2026-08-19T05:40:00+00:00,22411191-3,Dew Point,CURRENT,°C,14.46435603209102
2026-08-19T05:40:00+00:00,22411525-1,Temperature,CURRENT,°C,16.685478515625
2026-08-19T05:40:00+00:00,22411525-2,RH,CURRENT,%,84.90119783321889
2026-08-19T05:40:00+00:00,22411525-3,Dew Point,CURRENT,°C,14.152413815997013
2026-08-19T05:40:00+00:00,22411526-1,Temperature,CURRENT,°C,15.098164062499997
2026-08-19T05:40:00+00:00,22411526-2,RH,CURRENT,%,92.14007782101167
2026-08-19T05:40:00+00:00,22411526-3,Dew Point,CURRENT,°C,13.849168690020143
2026-08-19T05:40:00+00:00,22411527-1,Temperature,CURRENT,°C,16.857080078125
2026-08-19T05:40:00+00:00,22411527-2,RH,CURRENT,%,84.46173800259403
2026-08-19T05:40:00+00:00,22411527-3,Dew Point,CURRENT,°C,14.240585262299204
2026-08-19T05:40:00+00:00,22411528-1,Temperature,CURRENT,°C,15.012363281249996
2026-08-19T05:40:00+00:00,22411528-2,RH,CURRENT,%,93.58052948805981
2026-08-19T05:40:00+00:00,22411528-3,Dew Point,CURRENT,°C,14.003267459495591
2026-08-19T05:40:00+00:00,22411529-1,Temperature,CURRENT,°C,15.183964843749997
2026-08-19T05:40:00+00:00,22411529-2,RH,CURRENT,%,93.4706645304036
2026-08-19T05:40:00+00:00,22411529-3,Dew Point,CURRENT,°C,14.15559426269093
2026-08-19T05:40:00+00:00,22411530-1,Temperature,CURRENT,°C,16.299374999999998
2026-08-19T05:40:00+00:00,22411530-2,RH,CURRENT,%,86.99473563744564
2026-08-19T05:40:00+00:00,22411530-3,Dew Point,CURRENT,°C,14.149233085677535
2026-08-19T05:41:00+00:00,22411541-S,Battery,CURRENT,V,8.3093935546875
2026-08-19T05:45:00+00:00,22411189-1,Temperature,CURRENT,°C,15.806020507812498
2026-08-19T05:45:00+00:00,22411189-2,RH,CURRENT,%,91.50377660791943
2026-08-19T05:45:00+00:00,22411189-3,Dew Point,CURRENT,°C,14.443681899849643
2026-08-19T05:45:00+00:00,22411190-1,Temperature,CURRENT,°C,16.041972656249996
2026-08-19T05:45:00+00:00,22411190-2,RH,CURRENT,%,87.519645990692
2026-08-19T05:45:00+00:00,22411190-3,Dew Point,CURRENT,°C,13.988602179415684
2026-08-19T05:45:00+00:00,22411191-1,Temperature,CURRENT,°C,16.792729492187497
2026-08-19T05:45:00+00:00,22411191-2,RH,CURRENT,%,86.34317540245671
2026-08-19T05:45:00+00:00,22411191-3,Dew Point,CURRENT,°C,14.51840231479897
2026-08-19T05:45:00+00:00,22411525-1,Temperature,CURRENT,°C,16.878530273437498
2026-08-19T05:45:00+00:00,22411525-2,RH,CURRENT,%,83.94445716029603
2026-08-19T05:45:00+00:00,22411525-3,Dew Point,CURRENT,°C,14.166657724995886
2026-08-19T05:45:00+00:00,22411526-1,Temperature,CURRENT,°C,15.312666015624998
2026-08-19T05:45:00+00:00,22411526-2,RH,CURRENT,%,92.14770733196002
2026-08-19T05:45:00+00:00,22411526-3,Dew Point,CURRENT,°C,14.063140616216778
2026-08-19T05:45:00+00:00,22411527-1,Temperature,CURRENT,°C,17.0072314453125
2026-08-19T05:45:00+00:00,22411527-2,RH,CURRENT,%,83.74303807125963
2026-08-19T05:45:00+00:00,22411527-3,Dew Point,CURRENT,°C,14.255654855450816
2026-08-19T05:45:00+00:00,22411528-1,Temperature,CURRENT,°C,15.269765624999998
2026-08-19T05:45:00+00:00,22411528-2,RH,CURRENT,%,93.54390783550774
2026-08-19T05:45:00+00:00,22411528-3,Dew Point,CURRENT,°C,14.252933375668217
2026-08-19T05:45:00+00:00,22411529-1,Temperature,CURRENT,°C,15.0338134765625
2026-08-19T05:45:00+00:00,22411529-2,RH,CURRENT,%,94.72037842374304
2026-08-19T05:45:00+00:00,22411529-3,Dew Point,CURRENT,°C,14.211594252477118
2026-08-19T05:45:00+00:00,22411530-1,Temperature,CURRENT,°C,16.621127929687496
2026-08-19T05:45:00+00:00,22411530-2,RH,CURRENT,%,85.49172198062104
2026-08-19T05:45:00+00:00,22411530-3,Dew Point,CURRENT,°C,14.196339533927985
2026-08-19T05:46:00+00:00,22411541-S,Battery,CURRENT,V,8.3093935546875
2026-08-19T05:50:00+00:00,22411189-1,Temperature,CURRENT,°C,16.1921240234375
2026-08-19T05:50:00+00:00,22411189-2,RH,CURRENT,%,90.05569542992295
2026-08-19T05:50:00+00:00,22411189-3,Dew Point,CURRENT,°C,14.578633922593156
2026-08-19T05:50:00+00:00,22411190-1,Temperature,CURRENT,°C,16.449526367187495
2026-08-19T05:50:00+00:00,22411190-2,RH,CURRENT,%,86.17532616159305
2026-08-19T05:50:00+00:00,22411190-3,Dew Point,CURRENT,°C,14.15075240403568
2026-08-19T05:50:00+00:00,22411191-1,Temperature,CURRENT,°C,17.114482421874996
2026-08-19T05:50:00+00:00,22411191-2,RH,CURRENT,%,85.14839398794537
2026-08-19T05:50:00+00:00,22411191-3,Dew Point,CURRENT,°C,14.618589458499288
2026-08-19T05:50:00+00:00,22411525-1,Temperature,CURRENT,°C,17.200283203125004
2026-08-19T05:50:00+00:00,22411525-2,RH,CURRENT,%,82.87785152971695
2026-08-19T05:50:00+00:00,22411525-3,Dew Point,CURRENT,°C,14.284088544706513
2026-08-19T05:50:00+00:00,22411526-1,Temperature,CURRENT,°C,15.677319335937497
2026-08-19T05:50:00+00:00,22411526-2,RH,CURRENT,%,91.09483482108797
2026-08-19T05:50:00+00:00,22411526-3,Dew Point,CURRENT,°C,14.246897006281044
2026-08-19T05:50:00+00:00,22411527-1,Temperature,CURRENT,°C,17.264633789062493
2026-08-19T05:50:00+00:00,22411527-2,RH,CURRENT,%,82.78782330052644
2026-08-19T05:50:00+00:00,22411527-3,Dew Point,CURRENT,°C,14.330245645247944
2026-08-19T05:50:00+00:00,22411528-1,Temperature,CURRENT,°C,15.634418945312497
2026-08-19T05:50:00+00:00,22411528-2,RH,CURRENT,%,92.38117036697948
2026-08-19T05:50:00+00:00,22411528-3,Dew Point,CURRENT,°C,14.421355919574507
2026-08-19T05:50:00+00:00,22411529-1,Temperature,CURRENT,°C,15.0767138671875
2026-08-19T05:50:00+00:00,22411529-2,RH,CURRENT,%,95.64507515068284
2026-08-19T05:50:00+00:00,22411529-3,Dew Point,CURRENT,°C,14.404599959924395
2026-08-19T05:50:00+00:00,22411530-1,Temperature,CURRENT,°C,16.985781249999995
2026-08-19T05:50:00+00:00,22411530-2,RH,CURRENT,%,84.21149004348821
2026-08-19T05:50:00+00:00,22411530-3,Dew Point,CURRENT,°C,14.320914872397697
2026-08-19T05:51:00+00:00,22411541-S,Battery,CURRENT,V,8.302932128906251
2026-08-19T05:55:00+00:00,22411189-1,Temperature,CURRENT,°C,16.38517578125
2026-08-19T05:55:00+00:00,22411189-2,RH,CURRENT,%,89.09895475700007
2026-08-19T05:55:00+00:00,22411189-3,Dew Point,CURRENT,°C,14.603778278244256
2026-08-19T05:55:00+00:00,22411190-1,Temperature,CURRENT,°C,16.621127929687496
2026-08-19T05:55:00+00:00,22411190-2,RH,CURRENT,%,85.35896849011978
2026-08-19T05:55:00+00:00,22411190-3,Dew Point,CURRENT,°C,14.172321454463706
2026-08-19T05:55:00+00:00,22411191-1,Temperature,CURRENT,°C,17.157382812499996
2026-08-19T05:55:00+00:00,22411191-2,RH,CURRENT,%,84.81574731059739
2026-08-19T05:55:00+00:00,22411191-3,Dew Point,CURRENT,°C,14.60000151820363
2026-08-19T05:55:00+00:00,22411525-1,Temperature,CURRENT,°C,17.2217333984375
2026-08-19T05:55:00+00:00,22411525-2,RH,CURRENT,%,82.72220950637065
2026-08-19T05:55:00+00:00,22411525-3,Dew Point,CURRENT,°C,14.2760039830466
2026-08-19T05:55:00+00:00,22411526-1,Temperature,CURRENT,°C,15.9776220703125
2026-08-19T05:55:00+00:00,22411526-2,RH,CURRENT,%,89.64370183871213
2026-08-19T05:55:00+00:00,22411526-3,Dew Point,CURRENT,°C,14.295594325512138
2026-08-19T05:55:00+00:00,22411527-1,Temperature,CURRENT,°C,17.328984374999997
2026-08-19T05:55:00+00:00,22411527-2,RH,CURRENT,%,82.55436026550699
2026-08-19T05:55:00+00:00,22411527-3,Dew Point,CURRENT,°C,14.349501702857903
2026-08-19T05:55:00+00:00,22411528-1,Temperature,CURRENT,°C,15.913271484374995
2026-08-19T05:55:00+00:00,22411528-2,RH,CURRENT,%,91.00480659189746
2026-08-19T05:55:00+00:00,22411528-3,Dew Point,CURRENT,°C,14.465209604929719
2026-08-19T05:55:00+00:00,22411529-1,Temperature,CURRENT,°C,15.183964843749997
2026-08-19T05:55:00+00:00,22411529-2,RH,CURRENT,%,94.6471351186389
2026-08-19T05:55:00+00:00,22411529-3,Dew Point,CURRENT,°C,14.349013705626819
2026-08-19T05:55:00+00:00,22411530-1,Temperature,CURRENT,°C,17.028681640624995
2026-08-19T05:55:00+00:00,22411530-2,RH,CURRENT,%,83.95513847562371
2026-08-19T05:55:00+00:00,22411530-3,Dew Point,CURRENT,°C,14.315803752275546
2026-08-19T05:56:00+00:00,22411541-S,Battery,CURRENT,V,8.3093935546875
2026-08-19T06:00:00+00:00,22411189-1,Temperature,CURRENT,°C,16.513876953125
2026-08-19T06:00:00+00:00,22411189-2,RH,CURRENT,%,88.58777752346074
2026-08-19T06:00:00+00:00,22411189-3,Dew Point,CURRENT,°C,14.641581610581772
2026-08-19T06:00:00+00:00,22411190-1,Temperature,CURRENT,°C,16.749829101562497
2026-08-19T06:00:00+00:00,22411190-2,RH,CURRENT,%,85.01564049744411
2026-08-19T06:00:00+00:00,22411190-3,Dew Point,CURRENT,°C,14.236404843818569
2026-08-19T06:00:00+00:00,22411191-1,Temperature,CURRENT,°C,17.200283203125004
2026-08-19T06:00:00+00:00,22411191-2,RH,CURRENT,%,84.72419317921721
2026-08-19T06:00:00+00:00,22411191-3,Dew Point,CURRENT,°C,14.62535296256564
2026-08-19T06:00:00+00:00,22411525-1,Temperature,CURRENT,°C,17.243183593749997
2026-08-19T06:00:00+00:00,22411525-2,RH,CURRENT,%,82.67185473411155
2026-08-19T06:00:00+00:00,22411525-3,Dew Point,CURRENT,°C,14.287572068252219
2026-08-19T06:00:00+00:00,22411526-1,Temperature,CURRENT,°C,16.1921240234375
2026-08-19T06:00:00+00:00,22411526-2,RH,CURRENT,%,88.76478217746242
2026-08-19T06:00:00+00:00,22411526-3,Dew Point,CURRENT,°C,14.35498346541962
2026-08-19T06:00:00+00:00,22411527-1,Temperature,CURRENT,°C,17.328984374999997
2026-08-19T06:00:00+00:00,22411527-2,RH,CURRENT,%,82.62607766842146
2026-08-19T06:00:00+00:00,22411527-3,Dew Point,CURRENT,°C,14.362940719384298
2026-08-19T06:00:00+00:00,22411528-1,Temperature,CURRENT,°C,16.084873046874996
2026-08-19T06:00:00+00:00,22411528-2,RH,CURRENT,%,90.39597161821928
2026-08-19T06:00:00+00:00,22411528-3,Dew Point,CURRENT,°C,14.531025150495106
2026-08-19T06:00:00+00:00,22411529-1,Temperature,CURRENT,°C,15.334116210937495
2026-08-19T06:00:00+00:00,22411529-2,RH,CURRENT,%,94.18020904859999
2026-08-19T06:00:00+00:00,22411529-3,Dew Point,CURRENT,°C,14.421787574009128
2026-08-19T06:00:00+00:00,22411530-1,Temperature,CURRENT,°C,17.0930322265625
2026-08-19T06:00:00+00:00,22411530-2,RH,CURRENT,%,83.7750820172427
2026-08-19T06:00:00+00:00,22411530-3,Dew Point,CURRENT,°C,14.345651047742065
2026-08-19T06:01:00+00:00,22411541-S,Battery,CURRENT,V,8.3093935546875
2026-08-19T06:05:00+00:00,22411189-1,Temperature,CURRENT,°C,16.578227539062496
2026-08-19T06:05:00+00:00,22411189-2,RH,CURRENT,%,88.41687647821774
2026-08-19T06:05:00+00:00,22411189-3,Dew Point,CURRENT,°C,14.67511333144101
2026-08-19T06:05:00+00:00,22411190-1,Temperature,CURRENT,°C,16.771279296875
2026-08-19T06:05:00+00:00,22411190-2,RH,CURRENT,%,84.95765621423666
2026-08-19T06:05:00+00:00,22411190-3,Dew Point,CURRENT,°C,14.246912800476634
2026-08-19T06:05:00+00:00,22411191-1,Temperature,CURRENT,°C,17.264633789062493
2026-08-19T06:05:00+00:00,22411191-2,RH,CURRENT,%,84.59601739528496
2026-08-19T06:05:00+00:00,22411191-3,Dew Point,CURRENT,°C,14.665008213081293
2026-08-19T06:05:00+00:00,22411525-1,Temperature,CURRENT,°C,17.286083984375004
2026-08-19T06:05:00+00:00,22411525-2,RH,CURRENT,%,82.51621271076525
2026-08-19T06:05:00+00:00,22411525-3,Dew Point,CURRENT,°C,14.300388211510667
2026-08-19T06:05:00+00:00,22411526-1,Temperature,CURRENT,°C,16.299374999999998
2026-08-19T06:05:00+00:00,22411526-2,RH,CURRENT,%,88.32532234683757
2026-08-19T06:05:00+00:00,22411526-3,Dew Point,CURRENT,°C,14.38398680598257
2026-08-19T06:05:00+00:00,22411527-1,Temperature,CURRENT,°C,17.350434570312494
2026-08-19T06:05:00+00:00,22411527-2,RH,CURRENT,%,82.4933241779202
2026-08-19T06:05:00+00:00,22411527-3,Dew Point,CURRENT,°C,14.359035847697996
2026-08-19T06:05:00+00:00,22411528-1,Temperature,CURRENT,°C,16.213574218749997
2026-08-19T06:05:00+00:00,22411528-2,RH,CURRENT,%,89.98855573357747
2026-08-19T06:05:00+00:00,22411528-3,Dew Point,CURRENT,°C,14.588278298665664
2026-08-19T06:05:00+00:00,22411529-1,Temperature,CURRENT,°C,15.4413671875
2026-08-19T06:05:00+00:00,22411529-2,RH,CURRENT,%,93.81551842526893
2026-08-19T06:05:00+00:00,22411529-3,Dew Point,CURRENT,°C,14.468306859747202
2026-08-19T06:05:00+00:00,22411530-1,Temperature,CURRENT,°C,17.1359326171875
2026-08-19T06:05:00+00:00,22411530-2,RH,CURRENT,%,83.67895017929351
2026-08-19T06:05:00+00:00,22411530-3,Dew Point,CURRENT,°C,14.369918165107656
2026-08-19T06:06:00+00:00,22411541-S,Battery,CURRENT,V,8.31585498046875
2026-08-19T06:10:00+00:00,22411189-1,Temperature,CURRENT,°C,16.55677734375
2026-08-19T06:10:00+00:00,22411189-2,RH,CURRENT,%,88.45349813076982
2026-08-19T06:10:00+00:00,22411189-3,Dew Point,CURRENT,°C,14.66037710039972
2026-08-19T06:10:00+00:00,22411190-1,Temperature,CURRENT,°C,16.749829101562497
2026-08-19T06:10:00+00:00,22411190-2,RH,CURRENT,%,84.89662012664988
2026-08-19T06:10:00+00:00,22411190-3,Dew Point,CURRENT,°C,14.214745372775898
2026-08-19T06:10:00+00:00,22411191-1,Temperature,CURRENT,°C,17.157382812499996
2026-08-19T06:10:00+00:00,22411191-2,RH,CURRENT,%,84.91493095292591
2026-08-19T06:10:00+00:00,22411191-3,Dew Point,CURRENT,°C,14.618125438184812
2026-08-19T06:10:00+00:00,22411525-1,Temperature,CURRENT,°C,17.178833007812493
2026-08-19T06:10:00+00:00,22411525-2,RH,CURRENT,%,82.91905088883803
2026-08-19T06:10:00+00:00,22411525-3,Dew Point,CURRENT,°C,14.27078272890975
2026-08-19T06:10:00+00:00,22411526-1,Temperature,CURRENT,°C,16.3208251953125
2026-08-19T06:10:00+00:00,22411526-2,RH,CURRENT,%,88.01556420233463
2026-08-19T06:10:00+00:00,22411526-3,Dew Point,CURRENT,°C,14.350763976068313
2026-08-19T06:10:00+00:00,22411527-1,Temperature,CURRENT,°C,17.243183593749997
2026-08-19T06:10:00+00:00,22411527-2,RH,CURRENT,%,82.92973220416572
2026-08-19T06:10:00+00:00,22411527-3,Dew Point,CURRENT,°C,14.33575544300161
2026-08-19T06:10:00+00:00,22411528-1,Temperature,CURRENT,°C,16.256474609374997
2026-08-19T06:10:00+00:00,22411528-2,RH,CURRENT,%,89.6803234912642
2026-08-19T06:10:00+00:00,22411528-3,Dew Point,CURRENT,°C,14.577485739319043
2026-08-19T06:10:00+00:00,22411529-1,Temperature,CURRENT,°C,15.52716796875
2026-08-19T06:10:00+00:00,22411529-2,RH,CURRENT,%,93.25703822384985
2026-08-19T06:10:00+00:00,22411529-3,Dew Point,CURRENT,°C,14.461054890582366
2026-08-19T06:10:00+00:00,22411530-1,Temperature,CURRENT,°C,17.0501318359375
2026-08-19T06:10:00+00:00,22411530-2,RH,CURRENT,%,83.96734569314107
2026-08-19T06:10:00+00:00,22411530-3,Dew Point,CURRENT,°C,14.339079102327313
2026-08-19T06:11:00+00:00,22411541-S,Battery,CURRENT,V,8.302932128906251
2026-08-19T06:15:00+00:00,22411189-1,Temperature,CURRENT,°C,16.599677734375
2026-08-19T06:15:00+00:00,22411189-2,RH,CURRENT,%,88.32990005340658
2026-08-19T06:15:00+00:00,22411189-3,Dew Point,CURRENT,°C,14.681001745428512
2026-08-19T06:15:00+00:00,22411190-1,Temperature,CURRENT,°C,16.749829101562497
2026-08-19T06:15:00+00:00,22411190-2,RH,CURRENT,%,84.99275196459907
2026-08-19T06:15:00+00:00,22411190-3,Dew Point,CURRENT,°C,14.232241627727102
2026-08-19T06:15:00+00:00,22411191-1,Temperature,CURRENT,°C,17.178833007812493
2026-08-19T06:15:00+00:00,22411191-2,RH,CURRENT,%,84.90272373540856
2026-08-19T06:15:00+00:00,22411191-3,Dew Point,CURRENT,°C,14.636950131183236
2026-08-19T06:15:00+00:00,22411525-1,Temperature,CURRENT,°C,17.200283203125004
2026-08-19T06:15:00+00:00,22411525-2,RH,CURRENT,%,82.81071183337149
2026-08-19T06:15:00+00:00,22411525-3,Dew Point,CURRENT,°C,14.27155372261717
2026-08-19T06:15:00+00:00,22411526-1,Temperature,CURRENT,°C,16.342275390624998
2026-08-19T06:15:00+00:00,22411526-2,RH,CURRENT,%,87.8812848096437
2026-08-19T06:15:00+00:00,22411526-3,Dew Point,CURRENT,°C,14.348282774524389
2026-08-19T06:15:00+00:00,22411527-1,Temperature,CURRENT,°C,17.286083984375004
2026-08-19T06:15:00+00:00,22411527-2,RH,CURRENT,%,82.83207446402686
2026-08-19T06:15:00+00:00,22411527-3,Dew Point,CURRENT,°C,14.359504728128229
2026-08-19T06:15:00+00:00,22411528-1,Temperature,CURRENT,°C,16.2350244140625
2026-08-19T06:15:00+00:00,22411528-2,RH,CURRENT,%,89.61318379491874
2026-08-19T06:15:00+00:00,22411528-3,Dew Point,CURRENT,°C,14.544679204200357
2026-08-19T06:15:00+00:00,22411529-1,Temperature,CURRENT,°C,15.570068359375
2026-08-19T06:15:00+00:00,22411529-2,RH,CURRENT,%,93.51796749828335
2026-08-19T06:15:00+00:00,22411529-3,Dew Point,CURRENT,°C,14.54695603589211
2026-08-19T06:15:00+00:00,22411530-1,Temperature,CURRENT,°C,17.071582031249996
2026-08-19T06:15:00+00:00,22411530-2,RH,CURRENT,%,83.84985122453651
2026-08-19T06:15:00+00:00,22411530-3,Dew Point,CURRENT,°C,14.338434992363254
2026-08-19T06:16:00+00:00,22411541-S,Battery,CURRENT,V,8.3093935546875
2026-08-19T06:20:00+00:00,22411189-1,Temperature,CURRENT,°C,16.428076171875
2026-08-19T06:20:00+00:00,22411189-2,RH,CURRENT,%,88.94483863584344
2026-08-19T06:20:00+00:00,22411189-3,Dew Point,CURRENT,°C,14.619287685273463
2026-08-19T06:20:00+00:00,22411190-1,Temperature,CURRENT,°C,16.599677734375
2026-08-19T06:20:00+00:00,22411190-2,RH,CURRENT,%,85.49629968719005
2026-08-19T06:20:00+00:00,22411190-3,Dew Point,CURRENT,°C,14.176093892912085
2026-08-19T06:20:00+00:00,22411191-1,Temperature,CURRENT,°C,16.985781249999995
2026-08-19T06:20:00+00:00,22411191-2,RH,CURRENT,%,85.57106889448386
2026-08-19T06:20:00+00:00,22411191-3,Dew Point,CURRENT,°C,14.56895827714772
2026-08-19T06:20:00+00:00,22411525-1,Temperature,CURRENT,°C,17.028681640624995
2026-08-19T06:20:00+00:00,22411525-2,RH,CURRENT,%,83.4882124055848
2026-08-19T06:20:00+00:00,22411525-3,Dew Point,CURRENT,°C,14.229546642747612
2026-08-19T06:20:00+00:00,22411526-1,Temperature,CURRENT,°C,16.1921240234375
2026-08-19T06:20:00+00:00,22411526-2,RH,CURRENT,%,88.30395971618219
2026-08-19T06:20:00+00:00,22411526-3,Dew Point,CURRENT,°C,14.274454670813379
2026-08-19T06:20:00+00:00,22411527-1,Temperature,CURRENT,°C,17.114482421874996
2026-08-19T06:20:00+00:00,22411527-2,RH,CURRENT,%,83.46379797055009
2026-08-19T06:20:00+00:00,22411527-3,Dew Point,CURRENT,°C,14.309066165371757
2026-08-19T06:20:00+00:00,22411528-1,Temperature,CURRENT,°C,16.084873046874996
2026-08-19T06:20:00+00:00,22411528-2,RH,CURRENT,%,89.90463111314564
2026-08-19T06:20:00+00:00,22411528-3,Dew Point,CURRENT,°C,14.446585828140048
2026-08-19T06:20:00+00:00,22411529-1,Temperature,CURRENT,°C,15.570068359375
2026-08-19T06:20:00+00:00,22411529-2,RH,CURRENT,%,94.89433127336538
2026-08-19T06:20:00+00:00,22411529-3,Dew Point,CURRENT,°C,14.773618876924624
2026-08-19T06:20:00+00:00,22411530-1,Temperature,CURRENT,°C,16.9214306640625
2026-08-19T06:20:00+00:00,22411530-2,RH,CURRENT,%,84.58533607995727
2026-08-19T06:20:00+00:00,22411530-3,Dew Point,CURRENT,°C,14.326332973203785
2026-08-19T06:21:00+00:00,22411541-S,Battery,CURRENT,V,8.302932128906251
2026-08-19T06:25:00+00:00,22411189-1,Temperature,CURRENT,°C,16.127773437499997
2026-08-19T06:25:00+00:00,22411189-2,RH,CURRENT,%,90.46768902113375
2026-08-19T06:25:00+00:00,22411189-3,Dew Point,CURRENT,°C,14.585757900564651
2026-08-19T06:25:00+00:00,22411190-1,Temperature,CURRENT,°C,16.3208251953125
2026-08-19T06:25:00+00:00,22411190-2,RH,CURRENT,%,86.6453040360113
2026-08-19T06:25:00+00:00,22411190-3,Dew Point,CURRENT,°C,14.108169537526035
2026-08-19T06:25:00+00:00,22411191-1,Temperature,CURRENT,°C,16.749829101562497
2026-08-19T06:25:00+00:00,22411191-2,RH,CURRENT,%,87.04814221408408
2026-08-19T06:25:00+00:00,22411191-3,Dew Point,CURRENT,°C,14.602235722467698
2026-08-19T06:25:00+00:00,22411525-1,Temperature,CURRENT,°C,16.792729492187497
2026-08-19T06:25:00+00:00,22411525-2,RH,CURRENT,%,84.92408636606393
2026-08-19T06:25:00+00:00,22411525-3,Dew Point,CURRENT,°C,14.261857359604244
2026-08-19T06:25:00+00:00,22411526-1,Temperature,CURRENT,°C,15.870371093749995
2026-08-19T06:25:00+00:00,22411526-2,RH,CURRENT,%,89.56130312046997
2026-08-19T06:25:00+00:00,22411526-3,Dew Point,CURRENT,°C,14.17539632094262
2026-08-19T06:25:00+00:00,22411527-1,Temperature,CURRENT,°C,16.89998046875
2026-08-19T06:25:00+00:00,22411527-2,RH,CURRENT,%,84.6997787441825
2026-08-19T06:25:00+00:00,22411527-3,Dew Point,CURRENT,°C,14.326206431876136
2026-08-19T06:25:00+00:00,22411528-1,Temperature,CURRENT,°C,15.784570312500001
2026-08-19T06:25:00+00:00,22411528-2,RH,CURRENT,%,91.05058365758755
2026-08-19T06:25:00+00:00,22411528-3,Dew Point,CURRENT,°C,14.34557316234552
2026-08-19T06:25:00+00:00,22411529-1,Temperature,CURRENT,°C,15.591518554687497
2026-08-19T06:25:00+00:00,22411529-2,RH,CURRENT,%,95.5870908674754
2026-08-19T06:25:00+00:00,22411529-3,Dew Point,CURRENT,°C,14.907980608926701
2026-08-19T06:25:00+00:00,22411530-1,Temperature,CURRENT,°C,16.599677734375
2026-08-19T06:25:00+00:00,22411530-2,RH,CURRENT,%,86.21499961852446
2026-08-19T06:25:00+00:00,22411530-3,Dew Point,CURRENT,°C,14.305529857124796
2026-08-19T06:26:00+00:00,22411541-S,Battery,CURRENT,V,8.299701416015626
2026-08-19T06:30:00+00:00,22411189-1,Temperature,CURRENT,°C,15.806020507812498
2026-08-19T06:30:00+00:00,22411189-2,RH,CURRENT,%,91.17418173495079
2026-08-19T06:30:00+00:00,22411189-3,Dew Point,CURRENT,°C,14.387808978253643
2026-08-19T06:30:00+00:00,22411190-1,Temperature,CURRENT,°C,16.0205224609375
2026-08-19T06:30:00+00:00,22411190-2,RH,CURRENT,%,87.30449378194858
2026-08-19T06:30:00+00:00,22411190-3,Dew Point,CURRENT,°C,13.929497554761994
2026-08-19T06:30:00+00:00,22411191-1,Temperature,CURRENT,°C,16.38517578125
2026-08-19T06:30:00+00:00,22411191-2,RH,CURRENT,%,87.89196612497139
2026-08-19T06:30:00+00:00,22411191-3,Dew Point,CURRENT,°C,14.392454093857857
2026-08-19T06:30:00+00:00,22411525-1,Temperature,CURRENT,°C,16.4709765625
2026-08-19T06:30:00+00:00,22411525-2,RH,CURRENT,%,85.57564660105287
2026-08-19T06:30:00+00:00,22411525-3,Dew Point,CURRENT,°C,14.063976120114953
2026-08-19T06:30:00+00:00,22411526-1,Temperature,CURRENT,°C,15.52716796875
2026-08-19T06:30:00+00:00,22411526-2,RH,CURRENT,%,90.20675974670024
2026-08-19T06:30:00+00:00,22411526-3,Dew Point,CURRENT,°C,13.947004624982943
2026-08-19T06:30:00+00:00,22411527-1,Temperature,CURRENT,°C,16.599677734375
2026-08-19T06:30:00+00:00,22411527-2,RH,CURRENT,%,85.36964980544747
2026-08-19T06:30:00+00:00,22411527-3,Dew Point,CURRENT,°C,14.153185721714108
2026-08-19T06:30:00+00:00,22411528-1,Temperature,CURRENT,°C,15.462817382812496
2026-08-19T06:30:00+00:00,22411528-2,RH,CURRENT,%,91.72198062104219
2026-08-19T06:30:00+00:00,22411528-3,Dew Point,CURRENT,°C,14.140461137971494
2026-08-19T06:30:00+00:00,22411529-1,Temperature,CURRENT,°C,15.52716796875
2026-08-19T06:30:00+00:00,22411529-2,RH,CURRENT,%,95.26665140764477
2026-08-19T06:30:00+00:00,22411529-3,Dew Point,CURRENT,°C,14.791724917380659
2026-08-19T06:30:00+00:00,22411530-1,Temperature,CURRENT,°C,16.256474609374997
2026-08-19T06:30:00+00:00,22411530-2,RH,CURRENT,%,87.10002288853285
2026-08-19T06:30:00+00:00,22411530-3,Dew Point,CURRENT,°C,14.125679365028992
2026-08-19T06:31:00+00:00,22411541-S,Battery,CURRENT,V,8.302932128906251
2026-08-19T06:35:00+00:00,22411189-1,Temperature,CURRENT,°C,15.334116210937495
2026-08-19T06:35:00+00:00,22411189-2,RH,CURRENT,%,92.62836652170596
2026-08-19T06:35:00+00:00,22411189-3,Dew Point,CURRENT,°C,14.164780351628599
2026-08-19T06:35:00+00:00,22411190-1,Temperature,CURRENT,°C,15.52716796875
2026-08-19T06:35:00+00:00,22411190-2,RH,CURRENT,%,88.6701762417029
2026-08-19T06:35:00+00:00,22411190-3,Dew Point,CURRENT,°C,13.682248782614028
2026-08-19T06:35:00+00:00,22411191-1,Temperature,CURRENT,°C,15.741669921875001
2026-08-19T06:35:00+00:00,22411191-2,RH,CURRENT,%,89.96566720073243
2026-08-19T06:35:00+00:00,22411191-3,Dew Point,CURRENT,°C,14.117794335918475
2026-08-19T06:35:00+00:00,22411525-1,Temperature,CURRENT,°C,15.784570312500001
2026-08-19T06:35:00+00:00,22411525-2,RH,CURRENT,%,87.68596932936599
2026-08-19T06:35:00+00:00,22411525-3,Dew Point,CURRENT,°C,13.764226502980916
2026-08-19T06:35:00+00:00,22411526-1,Temperature,CURRENT,°C,15.098164062499997
2026-08-19T06:35:00+00:00,22411526-2,RH,CURRENT,%,91.52208743419547
2026-08-19T06:35:00+00:00,22411526-3,Dew Point,CURRENT,°C,13.745478647275307
2026-08-19T06:35:00+00:00,22411527-1,Temperature,CURRENT,°C,15.913271484374995
2026-08-19T06:35:00+00:00,22411527-2,RH,CURRENT,%,87.61272602426185
2026-08-19T06:35:00+00:00,22411527-3,Dew Point,CURRENT,°C,13.878181208960536
2026-08-19T06:35:00+00:00,22411528-1,Temperature,CURRENT,°C,15.055263671874997
2026-08-19T06:35:00+00:00,22411528-2,RH,CURRENT,%,92.84504463263904
2026-08-19T06:35:00+00:00,22411528-3,Dew Point,CURRENT,°C,13.924130997585749
2026-08-19T06:35:00+00:00,22411529-1,Temperature,CURRENT,°C,15.377016601562495
2026-08-19T06:35:00+00:00,22411529-2,RH,CURRENT,%,94.95994506752118
2026-08-19T06:35:00+00:00,22411529-3,Dew Point,CURRENT,°C,14.59221988358559
2026-08-19T06:35:00+00:00,22411530-1,Temperature,CURRENT,°C,15.655869140625
2026-08-19T06:35:00+00:00,22411530-2,RH,CURRENT,%,88.88380254825665
2026-08-19T06:35:00+00:00,22411530-3,Dew Point,CURRENT,°C,13.846348897527877
2026-08-19T06:36:00+00:00,22411541-S,Battery,CURRENT,V,8.302932128906251
2026-08-19T06:40:00+00:00,22411189-1,Temperature,CURRENT,°C,15.355566406249999
2026-08-19T06:40:00+00:00,22411189-2,RH,CURRENT,%,93.30281528953994
2026-08-19T06:40:00+00:00,22411189-3,Dew Point,CURRENT,°C,14.298241188250364
2026-08-19T06:40:00+00:00,22411190-1,Temperature,CURRENT,°C,15.570068359375
2026-08-19T06:40:00+00:00,22411190-2,RH,CURRENT,%,89.52010376134889
2026-08-19T06:40:00+00:00,22411190-3,Dew Point,CURRENT,°C,13.87157352437726
2026-08-19T06:40:00+00:00,22411191-1,Temperature,CURRENT,°C,16.0205224609375
2026-08-19T06:40:00+00:00,22411191-2,RH,CURRENT,%,89.75814450293736
2026-08-19T06:40:00+00:00,22411191-3,Dew Point,CURRENT,°C,14.357732263423976
2026-08-19T06:40:00+00:00,22411525-1,Temperature,CURRENT,°C,16.1063232421875
2026-08-19T06:40:00+00:00,22411525-2,RH,CURRENT,%,87.24193179217212
2026-08-19T06:40:00+00:00,22411525-3,Dew Point,CURRENT,°C,14.00294685586121
2026-08-19T06:40:00+00:00,22411526-1,Temperature,CURRENT,°C,14.969462890624996
2026-08-19T06:40:00+00:00,22411526-2,RH,CURRENT,%,93.09681849393453
2026-08-19T06:40:00+00:00,22411526-3,Dew Point,CURRENT,°C,13.880720237808749
2026-08-19T06:40:00+00:00,22411527-1,Temperature,CURRENT,°C,16.213574218749997
2026-08-19T06:40:00+00:00,22411527-2,RH,CURRENT,%,87.07560845349813
2026-08-19T06:40:00+00:00,22411527-3,Dew Point,CURRENT,°C,14.079106227279238
2026-08-19T06:40:00+00:00,22411528-1,Temperature,CURRENT,°C,14.926562499999996
2026-08-19T06:40:00+00:00,22411528-2,RH,CURRENT,%,94.37399862668804
2026-08-19T06:40:00+00:00,22411528-3,Dew Point,CURRENT,°C,14.04831249816105
2026-08-19T06:40:00+00:00,22411529-1,Temperature,CURRENT,°C,15.269765624999998
2026-08-19T06:40:00+00:00,22411529-2,RH,CURRENT,%,95.48180361638819
2026-08-19T06:40:00+00:00,22411529-3,Dew Point,CURRENT,°C,14.57041395830357
2026-08-19T06:40:00+00:00,22411530-1,Temperature,CURRENT,°C,15.870371093749995
2026-08-19T06:40:00+00:00,22411530-2,RH,CURRENT,%,88.74341954680705
2026-08-19T06:40:00+00:00,22411530-3,Dew Point,CURRENT,°C,14.033697751542624
2026-08-19T06:41:00+00:00,22411541-S,Battery,CURRENT,V,8.293239990234376
2026-08-19T06:45:00+00:00,22411189-1,Temperature,CURRENT,°C,15.355566406249999
2026-08-19T06:45:00+00:00,22411189-2,RH,CURRENT,%,93.46761272602426
2026-08-19T06:45:00+00:00,22411189-3,Dew Point,CURRENT,°C,14.325542982975774
2026-08-19T06:45:00+00:00,22411190-1,Temperature,CURRENT,°C,15.548618164062496
2026-08-19T06:45:00+00:00,22411190-2,RH,CURRENT,%,89.53078507667658
2026-08-19T06:45:00+00:00,22411190-3,Dew Point,CURRENT,°C,13.852218722449878
2026-08-19T06:45:00+00:00,22411191-1,Temperature,CURRENT,°C,15.934721679687499
2026-08-19T06:45:00+00:00,22411191-2,RH,CURRENT,%,90.04196231021592
2026-08-19T06:45:00+00:00,22411191-3,Dew Point,CURRENT,°C,14.321767853344914
2026-08-19T06:45:00+00:00,22411525-1,Temperature,CURRENT,°C,15.956171874999995
2026-08-19T06:45:00+00:00,22411525-2,RH,CURRENT,%,87.75310902571145
2026-08-19T06:45:00+00:00,22411525-3,Dew Point,CURRENT,°C,13.945151448841287
2026-08-19T06:45:00+00:00,22411526-1,Temperature,CURRENT,°C,14.926562499999996
2026-08-19T06:45:00+00:00,22411526-2,RH,CURRENT,%,93.38368810559243
2026-08-19T06:45:00+00:00,22411526-3,Dew Point,CURRENT,°C,13.885556633996986
2026-08-19T06:45:00+00:00,22411527-1,Temperature,CURRENT,°C,16.041972656249996
2026-08-19T06:45:00+00:00,22411527-2,RH,CURRENT,%,87.66765850308995
2026-08-19T06:45:00+00:00,22411527-3,Dew Point,CURRENT,°C,14.014680203059568
2026-08-19T06:45:00+00:00,22411528-1,Temperature,CURRENT,°C,14.883662109374995
2026-08-19T06:45:00+00:00,22411528-2,RH,CURRENT,%,94.83176928358893
2026-08-19T06:45:00+00:00,22411528-3,Dew Point,CURRENT,°C,14.080350853555979
2026-08-19T06:45:00+00:00,22411529-1,Temperature,CURRENT,°C,15.248315429687501
2026-08-19T06:45:00+00:00,22411529-2,RH,CURRENT,%,96.44769970244907
2026-08-19T06:45:00+00:00,22411529-3,Dew Point,CURRENT,°C,14.705160013293492
2026-08-19T06:45:00+00:00,22411530-1,Temperature,CURRENT,°C,15.806020507812498
2026-08-19T06:45:00+00:00,22411530-2,RH,CURRENT,%,89.0272373540856
2026-08-19T06:45:00+00:00,22411530-3,Dew Point,CURRENT,°C,14.019460863476374
2026-08-19T06:46:00+00:00,22411541-S,Battery,CURRENT,V,8.293239990234376
2026-08-19T06:50:00+00:00,22411189-1,Temperature,CURRENT,°C,15.183964843749997
2026-08-19T06:50:00+00:00,22411189-2,RH,CURRENT,%,93.77889677271686
2026-08-19T06:50:00+00:00,22411189-3,Dew Point,CURRENT,°C,14.206475218376218
2026-08-19T06:50:00+00:00,22411190-1,Temperature,CURRENT,°C,15.355566406249999
2026-08-19T06:50:00+00:00,22411190-2,RH,CURRENT,%,90.02517738612956
2026-08-19T06:50:00+00:00,22411190-3,Dew Point,CURRENT,°C,13.74625548489432
2026-08-19T06:50:00+00:00,22411191-1,Temperature,CURRENT,°C,15.634418945312497
2026-08-19T06:50:00+00:00,22411191-2,RH,CURRENT,%,91.08262760357061
2026-08-19T06:50:00+00:00,22411191-3,Dew Point,CURRENT,°C,14.202347074510282
2026-08-19T06:50:00+00:00,22411525-1,Temperature,CURRENT,°C,15.655869140625
2026-08-19T06:50:00+00:00,22411525-2,RH,CURRENT,%,88.79835202563515
2026-08-19T06:50:00+00:00,22411525-3,Dew Point,CURRENT,°C,13.831524124147606
2026-08-19T06:50:00+00:00,22411526-1,Temperature,CURRENT,°C,14.862211914062499
2026-08-19T06:50:00+00:00,22411526-2,RH,CURRENT,%,93.43404287785152
2026-08-19T06:50:00+00:00,22411526-3,Dew Point,CURRENT,°C,13.829950868871165
2026-08-19T06:50:00+00:00,22411527-1,Temperature,CURRENT,°C,15.741669921875001
2026-08-19T06:50:00+00:00,22411527-2,RH,CURRENT,%,88.74189364461738
2026-08-19T06:50:00+00:00,22411527-3,Dew Point,CURRENT,°C,13.906406635241177
2026-08-19T06:50:00+00:00,22411528-1,Temperature,CURRENT,°C,14.840761718749995
2026-08-19T06:50:00+00:00,22411528-2,RH,CURRENT,%,94.84550240329595
2026-08-19T06:50:00+00:00,22411528-3,Dew Point,CURRENT,°C,14.039896627906472
2026-08-19T06:50:00+00:00,22411529-1,Temperature,CURRENT,°C,15.226865234374998
2026-08-19T06:50:00+00:00,22411529-2,RH,CURRENT,%,96.85511558709086
2026-08-19T06:50:00+00:00,22411529-3,Dew Point,CURRENT,°C,14.749195843344623
2026-08-19T06:50:00+00:00,22411530-1,Temperature,CURRENT,°C,15.548618164062496
2026-08-19T06:50:00+00:00,22411530-2,RH,CURRENT,%,89.89547570000762
2026-08-19T06:50:00+00:00,22411530-3,Dew Point,CURRENT,°C,13.91489603507838
2026-08-19T06:51:00+00:00,22411541-S,Battery,CURRENT,V,8.293239990234376
2026-08-19T06:55:00+00:00,22411189-1,Temperature,CURRENT,°C,15.0338134765625
2026-08-19T06:55:00+00:00,22411189-2,RH,CURRENT,%,94.67002365148394
2026-08-19T06:55:00+00:00,22411189-3,Dew Point,CURRENT,°C,14.203374258496902
2026-08-19T06:55:00+00:00,22411190-1,Temperature,CURRENT,°C,15.183964843749997
2026-08-19T06:55:00+00:00,22411190-2,RH,CURRENT,%,90.89341573205158
2026-08-19T06:55:00+00:00,22411190-3,Dew Point,CURRENT,°C,13.724299826613851
2026-08-19T06:55:00+00:00,22411191-1,Temperature,CURRENT,°C,15.419916992187495
2026-08-19T06:55:00+00:00,22411191-2,RH,CURRENT,%,92.07141222247654
2026-08-19T06:55:00+00:00,22411191-3,Dew Point,CURRENT,°C,14.156688098493126
2026-08-19T06:55:00+00:00,22411525-1,Temperature,CURRENT,°C,15.4413671875
2026-08-19T06:55:00+00:00,22411525-2,RH,CURRENT,%,89.74441138323033
2026-08-19T06:55:00+00:00,22411525-3,Dew Point,CURRENT,°C,13.782958144724986
2026-08-19T06:55:00+00:00,22411526-1,Temperature,CURRENT,°C,14.733510742187498
2026-08-19T06:55:00+00:00,22411526-2,RH,CURRENT,%,93.91927977416647
2026-08-19T06:55:00+00:00,22411526-3,Dew Point,CURRENT,°C,13.781891197382677
2026-08-19T06:55:00+00:00,22411527-1,Temperature,CURRENT,°C,15.52716796875
2026-08-19T06:55:00+00:00,22411527-2,RH,CURRENT,%,89.66353856717784
2026-08-19T06:55:00+00:00,22411527-3,Dew Point,CURRENT,°C,13.853862103150359
2026-08-19T06:55:00+00:00,22411528-1,Temperature,CURRENT,°C,14.776411132812498
2026-08-19T06:55:00+00:00,22411528-2,RH,CURRENT,%,95.23460746166171
2026-08-19T06:55:00+00:00,22411528-3,Dew Point,CURRENT,°C,14.039048195129872
2026-08-19T06:55:00+00:00,22411529-1,Temperature,CURRENT,°C,15.205415039062501
2026-08-19T06:55:00+00:00,22411529-2,RH,CURRENT,%,96.74525062943465
2026-08-19T06:55:00+00:00,22411529-3,Dew Point,CURRENT,°C,14.710179900632507
2026-08-19T06:55:00+00:00,22411530-1,Temperature,CURRENT,°C,15.355566406249999
2026-08-19T06:55:00+00:00,22411530-2,RH,CURRENT,%,90.83390554665446
2026-08-19T06:55:00+00:00,22411530-3,Dew Point,CURRENT,°C,13.884071639512925
2026-08-19T06:56:00+00:00,22411541-S,Battery,CURRENT,V,8.293239990234376
2026-08-19T07:00:00+00:00,22411189-1,Temperature,CURRENT,°C,14.926562499999996
2026-08-19T07:00:00+00:00,22411189-2,RH,CURRENT,%,94.9233234149691
2026-08-19T07:00:00+00:00,22411189-3,Dew Point,CURRENT,°C,14.137948063936376
2026-08-19T07:00:00+00:00,22411190-1,Temperature,CURRENT,°C,15.0767138671875
2026-08-19T07:00:00+00:00,22411190-2,RH,CURRENT,%,91.31151293202106
2026-08-19T07:00:00+00:00,22411190-3,Dew Point,CURRENT,°C,13.688760941952163
2026-08-19T07:00:00+00:00,22411191-1,Temperature,CURRENT,°C,15.291215820312502
2026-08-19T07:00:00+00:00,22411191-2,RH,CURRENT,%,92.49103532463569
2026-08-19T07:00:00+00:00,22411191-3,Dew Point,CURRENT,°C,14.099296470375455
2026-08-19T07:00:00+00:00,22411525-1,Temperature,CURRENT,°C,15.312666015624998
2026-08-19T07:00:00+00:00,22411525-2,RH,CURRENT,%,90.22507057297628
2026-08-19T07:00:00+00:00,22411525-3,Dew Point,CURRENT,°C,13.737991152705497
2026-08-19T07:00:00+00:00,22411526-1,Temperature,CURRENT,°C,14.669160156250001
2026-08-19T07:00:00+00:00,22411526-2,RH,CURRENT,%,94.2504005493248
2026-08-19T07:00:00+00:00,22411526-3,Dew Point,CURRENT,°C,13.772136107423343
2026-08-19T07:00:00+00:00,22411527-1,Temperature,CURRENT,°C,15.377016601562495
2026-08-19T07:00:00+00:00,22411527-2,RH,CURRENT,%,90.21286335545892
2026-08-19T07:00:00+00:00,22411527-3,Dew Point,CURRENT,°C,13.79954990712238
2026-08-19T07:00:00+00:00,22411528-1,Temperature,CURRENT,°C,14.690610351562498
2026-08-19T07:00:00+00:00,22411528-2,RH,CURRENT,%,95.50469214923324
2026-08-19T07:00:00+00:00,22411528-3,Dew Point,CURRENT,°C,13.997320899546157
2026-08-19T07:00:00+00:00,22411529-1,Temperature,CURRENT,°C,15.183964843749997
2026-08-19T07:00:00+00:00,22411529-2,RH,CURRENT,%,96.60334172579537
2026-08-19T07:00:00+00:00,22411529-3,Dew Point,CURRENT,°C,14.666006855460834
2026-08-19T07:00:00+00:00,22411530-1,Temperature,CURRENT,°C,15.226865234374998
2026-08-19T07:00:00+00:00,22411530-2,RH,CURRENT,%,91.20012207217518
2026-08-19T07:00:00+00:00,22411530-3,Dew Point,CURRENT,°C,13.818669803693426
2026-08-19T07:01:00+00:00,22411541-S,Battery,CURRENT,V,8.299701416015626
2026-08-19T07:05:00+00:00,22411189-1,Temperature,CURRENT,°C,14.819311523437499
2026-08-19T07:05:00+00:00,22411189-2,RH,CURRENT,%,95.40245670252537
2026-08-19T07:05:00+00:00,22411189-3,Dew Point,CURRENT,°C,14.108956699074445
2026-08-19T07:05:00+00:00,22411190-1,Temperature,CURRENT,°C,14.969462890624996
2026-08-19T07:05:00+00:00,22411190-2,RH,CURRENT,%,91.78606851300832
2026-08-19T07:05:00+00:00,22411190-3,Dew Point,CURRENT,°C,13.662289084410961
2026-08-19T07:05:00+00:00,22411191-1,Temperature,CURRENT,°C,15.205415039062501
2026-08-19T07:05:00+00:00,22411191-2,RH,CURRENT,%,92.98084992751964
2026-08-19T07:05:00+00:00,22411191-3,Dew Point,CURRENT,°C,14.095728317856198
2026-08-19T07:05:00+00:00,22411525-1,Temperature,CURRENT,°C,15.205415039062501
2026-08-19T07:05:00+00:00,22411525-2,RH,CURRENT,%,90.71946288242924
2026-08-19T07:05:00+00:00,22411525-3,Dew Point,CURRENT,°C,13.71603325575867
2026-08-19T07:05:00+00:00,22411526-1,Temperature,CURRENT,°C,14.583359375
2026-08-19T07:05:00+00:00,22411526-2,RH,CURRENT,%,94.53727016098269
2026-08-19T07:05:00+00:00,22411526-3,Dew Point,CURRENT,°C,13.733613881621531
2026-08-19T07:05:00+00:00,22411527-1,Temperature,CURRENT,°C,15.291215820312502
2026-08-19T07:05:00+00:00,22411527-2,RH,CURRENT,%,90.75303273060197
2026-08-19T07:05:00+00:00,22411527-3,Dew Point,CURRENT,°C,13.806649400078271
2026-08-19T07:05:00+00:00,22411528-1,Temperature,CURRENT,°C,14.626259765625
2026-08-19T07:05:00+00:00,22411528-2,RH,CURRENT,%,95.78240634775311
2026-08-19T07:05:00+00:00,22411528-3,Dew Point,CURRENT,°C,13.978025869785242
2026-08-19T07:05:00+00:00,22411529-1,Temperature,CURRENT,°C,15.141064453124997
2026-08-19T07:05:00+00:00,22411529-2,RH,CURRENT,%,96.74982833600366
2026-08-19T07:05:00+00:00,22411529-3,Dew Point,CURRENT,°C,14.646722530052573
2026-08-19T07:05:00+00:00,22411530-1,Temperature,CURRENT,°C,15.141064453124997
2026-08-19T07:05:00+00:00,22411530-2,RH,CURRENT,%,91.59838254367895
2026-08-19T07:05:00+00:00,22411530-3,Dew Point,CURRENT,°C,13.800821183300972
2026-08-19T07:06:00+00:00,22411541-S,Battery,CURRENT,V,8.299701416015626
2026-08-19T07:10:00+00:00,22411189-1,Temperature,CURRENT,°C,14.776411132812498
2026-08-19T07:10:00+00:00,22411189-2,RH,CURRENT,%,96.26916914625772
2026-08-19T07:10:00+00:00,22411189-3,Dew Point,CURRENT,°C,14.205956894637099
2026-08-19T07:10:00+00:00,22411190-1,Temperature,CURRENT,°C,14.9051123046875
2026-08-19T07:10:00+00:00,22411190-2,RH,CURRENT,%,92.54291599908446
2026-08-19T07:10:00+00:00,22411190-3,Dew Point,CURRENT,°C,13.724903152655957
2026-08-19T07:10:00+00:00,22411191-1,Temperature,CURRENT,°C,15.1625146484375
2026-08-19T07:10:00+00:00,22411191-2,RH,CURRENT,%,93.6461432822156
2026-08-19T07:10:00+00:00,22411191-3,Dew Point,CURRENT,°C,14.163267445530618
2026-08-19T07:10:00+00:00,22411525-1,Temperature,CURRENT,°C,15.183964843749997
2026-08-19T07:10:00+00:00,22411525-2,RH,CURRENT,%,91.18791485465782
2026-08-19T07:10:00+00:00,22411525-3,Dew Point,CURRENT,°C,13.774122404413816
2026-08-19T07:10:00+00:00,22411526-1,Temperature,CURRENT,°C,14.519008789062497
2026-08-19T07:10:00+00:00,22411526-2,RH,CURRENT,%,95.25597009231709
2026-08-19T07:10:00+00:00,22411526-3,Dew Point,CURRENT,°C,13.786231204057717
2026-08-19T07:10:00+00:00,22411527-1,Temperature,CURRENT,°C,15.269765624999998
2026-08-19T07:10:00+00:00,22411527-2,RH,CURRENT,%,91.20622568093385
2026-08-19T07:10:00+00:00,22411527-3,Dew Point,CURRENT,°C,13.862186658884125
2026-08-19T07:10:00+00:00,22411528-1,Temperature,CURRENT,°C,14.561909179687497
2026-08-19T07:10:00+00:00,22411528-2,RH,CURRENT,%,96.43396658274204
2026-08-19T07:10:00+00:00,22411528-3,Dew Point,CURRENT,°C,14.018510353265617
2026-08-19T07:10:00+00:00,22411529-1,Temperature,CURRENT,°C,15.098164062499997
2026-08-19T07:10:00+00:00,22411529-2,RH,CURRENT,%,96.63996337834745
2026-08-19T07:10:00+00:00,22411529-3,Dew Point,CURRENT,°C,14.58631028058155
2026-08-19T07:10:00+00:00,22411530-1,Temperature,CURRENT,°C,15.0767138671875
2026-08-19T07:10:00+00:00,22411530-2,RH,CURRENT,%,92.29114213778897
2026-08-19T07:10:00+00:00,22411530-3,Dew Point,CURRENT,°C,13.853148589745452
2026-08-19T07:11:00+00:00,22411541-S,Battery,CURRENT,V,8.290009277343751
2026-08-19T07:15:00+00:00,22411189-1,Temperature,CURRENT,°C,14.840761718749995
2026-08-19T07:15:00+00:00,22411189-2,RH,CURRENT,%,96.11352712291142
2026-08-19T07:15:00+00:00,22411189-3,Dew Point,CURRENT,°C,14.245087731380545
2026-08-19T07:15:00+00:00,22411190-1,Temperature,CURRENT,°C,14.926562499999996
2026-08-19T07:15:00+00:00,22411190-2,RH,CURRENT,%,92.52002746623941
2026-08-19T07:15:00+00:00,22411190-3,Dew Point,CURRENT,°C,13.742374433047578
2026-08-19T07:15:00+00:00,22411191-1,Temperature,CURRENT,°C,15.226865234374998
2026-08-19T07:15:00+00:00,22411191-2,RH,CURRENT,%,93.50728618295567
2026-08-19T07:15:00+00:00,22411191-3,Dew Point,CURRENT,°C,14.204262841131166
2026-08-19T07:15:00+00:00,22411525-1,Temperature,CURRENT,°C,15.248315429687501
2026-08-19T07:15:00+00:00,22411525-2,RH,CURRENT,%,91.05973907072557
2026-08-19T07:15:00+00:00,22411525-3,Dew Point,CURRENT,°C,13.816171182644027
2026-08-19T07:15:00+00:00,22411526-1,Temperature,CURRENT,°C,14.561909179687497
2026-08-19T07:15:00+00:00,22411526-2,RH,CURRENT,%,95.37499046311132
2026-08-19T07:15:00+00:00,22411526-3,Dew Point,CURRENT,°C,13.848190715686545
2026-08-19T07:15:00+00:00,22411527-1,Temperature,CURRENT,°C,15.334116210937495
2026-08-19T07:15:00+00:00,22411527-2,RH,CURRENT,%,91.10399023422599
2026-08-19T07:15:00+00:00,22411527-3,Dew Point,CURRENT,°C,13.908617508271888
2026-08-19T07:15:00+00:00,22411528-1,Temperature,CURRENT,°C,14.647709960937497
2026-08-19T07:15:00+00:00,22411528-2,RH,CURRENT,%,96.5468833447776
2026-08-19T07:15:00+00:00,22411528-3,Dew Point,CURRENT,°C,14.12214200587625
2026-08-19T07:15:00+00:00,22411529-1,Temperature,CURRENT,°C,15.0338134765625
2026-08-19T07:15:00+00:00,22411529-2,RH,CURRENT,%,96.52399481193255
2026-08-19T07:15:00+00:00,22411529-3,Dew Point,CURRENT,°C,14.5035213188957
2026-08-19T07:15:00+00:00,22411530-1,Temperature,CURRENT,°C,15.183964843749997
2026-08-19T07:15:00+00:00,22411530-2,RH,CURRENT,%,92.04394598306249
2026-08-19T07:15:00+00:00,22411530-3,Dew Point,CURRENT,°C,13.918146004353293
2026-08-19T07:16:00+00:00,22411541-S,Battery,CURRENT,V,8.286778564453126
2026-08-19T07:20:00+00:00,22411189-1,Temperature,CURRENT,°C,14.840761718749995
2026-08-19T07:20:00+00:00,22411189-2,RH,CURRENT,%,96.11657892729076
2026-08-19T07:20:00+00:00,22411189-3,Dew Point,CURRENT,°C,14.24557870097913
2026-08-19T07:20:00+00:00,22411190-1,Temperature,CURRENT,°C,14.9480126953125
2026-08-19T07:20:00+00:00,22411190-2,RH,CURRENT,%,92.49256122682536
2026-08-19T07:20:00+00:00,22411190-3,Dew Point,CURRENT,°C,13.759081248960474
2026-08-19T07:20:00+00:00,22411191-1,Temperature,CURRENT,°C,15.312666015624998
2026-08-19T07:20:00+00:00,22411191-2,RH,CURRENT,%,93.24635690852216
2026-08-19T07:20:00+00:00,22411191-3,Dew Point,CURRENT,°C,14.246277247955408
2026-08-19T07:20:00+00:00,22411525-1,Temperature,CURRENT,°C,15.334116210937495
2026-08-19T07:20:00+00:00,22411525-2,RH,CURRENT,%,90.83085374227512
2026-08-19T07:20:00+00:00,22411525-3,Dew Point,CURRENT,°C,13.862321669773063
2026-08-19T07:20:00+00:00,22411526-1,Temperature,CURRENT,°C,14.583359375
2026-08-19T07:20:00+00:00,22411526-2,RH,CURRENT,%,95.30632486457618
2026-08-19T07:20:00+00:00,22411526-3,Dew Point,CURRENT,°C,13.85844779368159
2026-08-19T07:20:00+00:00,22411527-1,Temperature,CURRENT,°C,15.419916992187495
2026-08-19T07:20:00+00:00,22411527-2,RH,CURRENT,%,90.82627603570612
2026-08-19T07:20:00+00:00,22411527-3,Dew Point,CURRENT,°C,13.946471811963615
2026-08-19T07:20:00+00:00,22411528-1,Temperature,CURRENT,°C,14.669160156250001
2026-08-19T07:20:00+00:00,22411528-2,RH,CURRENT,%,96.36987869077592
2026-08-19T07:20:00+00:00,22411528-3,Dew Point,CURRENT,°C,14.115185143282599
2026-08-19T07:20:00+00:00,22411529-1,Temperature,CURRENT,°C,15.0338134765625
2026-08-19T07:20:00+00:00,22411529-2,RH,CURRENT,%,97.18776226443885
2026-08-19T07:20:00+00:00,22411529-3,Dew Point,CURRENT,°C,14.60975287289732
2026-08-19T07:20:00+00:00,22411530-1,Temperature,CURRENT,°C,15.226865234374998
2026-08-19T07:20:00+00:00,22411530-2,RH,CURRENT,%,91.91119249256123
2026-08-19T07:20:00+00:00,22411530-3,Dew Point,CURRENT,°C,13.93841372048746
2026-08-19T07:21:00+00:00,22411541-S,Battery,CURRENT,V,8.290009277343751
2026-08-19T07:25:00+00:00,22411189-1,Temperature,CURRENT,°C,14.840761718749995
2026-08-19T07:25:00+00:00,22411189-2,RH,CURRENT,%,95.84191653315023
2026-08-19T07:25:00+00:00,22411189-3,Dew Point,CURRENT,°C,14.201336568532023
2026-08-19T07:25:00+00:00,22411190-1,Temperature,CURRENT,°C,14.9480126953125
2026-08-19T07:25:00+00:00,22411190-2,RH,CURRENT,%,92.25299458304723
2026-08-19T07:25:00+00:00,22411190-3,Dew Point,CURRENT,°C,13.71913969748359
2026-08-19T07:25:00+00:00,22411191-1,Temperature,CURRENT,°C,15.248315429687501
2026-08-19T07:25:00+00:00,22411191-2,RH,CURRENT,%,93.28908216983291
2026-08-19T07:25:00+00:00,22411191-3,Dew Point,CURRENT,°C,14.18945597639485
2026-08-19T07:25:00+00:00,22411525-1,Temperature,CURRENT,°C,15.269765624999998
2026-08-19T07:25:00+00:00,22411525-2,RH,CURRENT,%,90.94834821087969
2026-08-19T07:25:00+00:00,22411525-3,Dew Point,CURRENT,°C,13.818545561554462
2026-08-19T07:25:00+00:00,22411526-1,Temperature,CURRENT,°C,14.583359375
2026-08-19T07:25:00+00:00,22411526-2,RH,CURRENT,%,95.19188220035096
2026-08-19T07:25:00+00:00,22411526-3,Dew Point,CURRENT,°C,13.839927424703797
2026-08-19T07:25:00+00:00,22411527-1,Temperature,CURRENT,°C,15.355566406249999
2026-08-19T07:25:00+00:00,22411527-2,RH,CURRENT,%,90.89341573205158
2026-08-19T07:25:00+00:00,22411527-3,Dew Point,CURRENT,°C,13.894170246872466
2026-08-19T07:25:00+00:00,22411528-1,Temperature,CURRENT,°C,14.647709960937497
2026-08-19T07:25:00+00:00,22411528-2,RH,CURRENT,%,96.33783474479286
2026-08-19T07:25:00+00:00,22411528-3,Dew Point,CURRENT,°C,14.088661934569542
2026-08-19T07:25:00+00:00,22411529-1,Temperature,CURRENT,°C,15.0767138671875
2026-08-19T07:25:00+00:00,22411529-2,RH,CURRENT,%,97.41206988632028
2026-08-19T07:25:00+00:00,22411529-3,Dew Point,CURRENT,°C,14.6883384388398
2026-08-19T07:25:00+00:00,22411530-1,Temperature,CURRENT,°C,15.183964843749997
2026-08-19T07:25:00+00:00,22411530-2,RH,CURRENT,%,91.89135576409552
2026-08-19T07:25:00+00:00,22411530-3,Dew Point,CURRENT,°C,13.892559666145466
2026-08-19T07:26:00+00:00,22411541-S,Battery,CURRENT,V,8.286778564453126
2026-08-19T07:30:00+00:00,22411189-1,Temperature,CURRENT,°C,14.754960937500002
2026-08-19T07:30:00+00:00,22411189-2,RH,CURRENT,%,96.4614328221561
2026-08-19T07:30:00+00:00,22411189-3,Dew Point,CURRENT,°C,14.21541225591608
2026-08-19T07:30:00+00:00,22411190-1,Temperature,CURRENT,°C,14.883662109374995
2026-08-19T07:30:00+00:00,22411190-2,RH,CURRENT,%,92.78553444724193
2026-08-19T07:30:00+00:00,22411190-3,Dew Point,CURRENT,°C,13.743940393756473
2026-08-19T07:30:00+00:00,22411191-1,Temperature,CURRENT,°C,15.269765624999998
2026-08-19T07:30:00+00:00,22411191-2,RH,CURRENT,%,93.54390783550774
2026-08-19T07:30:00+00:00,22411191-3,Dew Point,CURRENT,°C,14.252933375668217
2026-08-19T07:30:00+00:00,22411525-1,Temperature,CURRENT,°C,15.312666015624998
2026-08-19T07:30:00+00:00,22411525-2,RH,CURRENT,%,91.02616922255284
2026-08-19T07:30:00+00:00,22411525-3,Dew Point,CURRENT,°C,13.874201945757724
2026-08-19T07:30:00+00:00,22411526-1,Temperature,CURRENT,°C,14.49755859375
2026-08-19T07:30:00+00:00,22411526-2,RH,CURRENT,%,95.51842526894026
2026-08-19T07:30:00+00:00,22411526-3,Dew Point,CURRENT,°C,13.807265134643437
2026-08-19T07:30:00+00:00,22411527-1,Temperature,CURRENT,°C,15.398466796874999
2026-08-19T07:30:00+00:00,22411527-2,RH,CURRENT,%,91.03990234225986
2026-08-19T07:30:00+00:00,22411527-3,Dew Point,CURRENT,°C,13.96147943970765
2026-08-19T07:30:00+00:00,22411528-1,Temperature,CURRENT,°C,14.583359375
2026-08-19T07:30:00+00:00,22411528-2,RH,CURRENT,%,96.48889906157015
2026-08-19T07:30:00+00:00,22411528-3,Dew Point,CURRENT,°C,14.048690895929164
2026-08-19T07:30:00+00:00,22411529-1,Temperature,CURRENT,°C,15.098164062499997
2026-08-19T07:30:00+00:00,22411529-2,RH,CURRENT,%,97.53719386587319
2026-08-19T07:30:00+00:00,22411529-3,Dew Point,CURRENT,°C,14.729677462905041
2026-08-19T07:30:00+00:00,22411530-1,Temperature,CURRENT,°C,15.1625146484375
2026-08-19T07:30:00+00:00,22411530-2,RH,CURRENT,%,92.21179522392615
2026-08-19T07:30:00+00:00,22411530-3,Dew Point,CURRENT,°C,13.92497662376642
2026-08-19T07:31:00+00:00,22411541-S,Battery,CURRENT,V,8.293239990234376
2026-08-19T07:35:00+00:00,22411189-1,Temperature,CURRENT,°C,14.733510742187498
2026-08-19T07:35:00+00:00,22411189-2,RH,CURRENT,%,96.54383154039826
2026-08-19T07:35:00+00:00,22411189-3,Dew Point,CURRENT,°C,14.207220958131687
2026-08-19T07:35:00+00:00,22411190-1,Temperature,CURRENT,°C,14.862211914062499
2026-08-19T07:35:00+00:00,22411190-2,RH,CURRENT,%,92.73365377279316
2026-08-19T07:35:00+00:00,22411190-3,Dew Point,CURRENT,°C,13.714040305560966
2026-08-19T07:35:00+00:00,22411191-1,Temperature,CURRENT,°C,15.377016601562495
2026-08-19T07:35:00+00:00,22411191-2,RH,CURRENT,%,92.98542763408865
2026-08-19T07:35:00+00:00,22411191-3,Dew Point,CURRENT,°C,14.26683361024401
2026-08-19T07:35:00+00:00,22411525-1,Temperature,CURRENT,°C,15.462817382812496
2026-08-19T07:35:00+00:00,22411525-2,RH,CURRENT,%,90.48599984740979
2026-08-19T07:35:00+00:00,22411525-3,Dew Point,CURRENT,°C,13.931027056754122
2026-08-19T07:35:00+00:00,22411526-1,Temperature,CURRENT,°C,14.4117578125
2026-08-19T07:35:00+00:00,22411526-2,RH,CURRENT,%,95.55962462806134
2026-08-19T07:35:00+00:00,22411526-3,Dew Point,CURRENT,°C,13.728449970831255
2026-08-19T07:35:00+00:00,22411527-1,Temperature,CURRENT,°C,15.52716796875
2026-08-19T07:35:00+00:00,22411527-2,RH,CURRENT,%,90.47379262989243
2026-08-19T07:35:00+00:00,22411527-3,Dew Point,CURRENT,°C,13.992610685605035
2026-08-19T07:35:00+00:00,22411528-1,Temperature,CURRENT,°C,14.49755859375
2026-08-19T07:35:00+00:00,22411528-2,RH,CURRENT,%,96.58045319295033
2026-08-19T07:35:00+00:00,22411528-3,Dew Point,CURRENT,°C,13.977762466943272
2026-08-19T07:35:00+00:00,22411529-1,Temperature,CURRENT,°C,15.0767138671875
2026-08-19T07:35:00+00:00,22411529-2,RH,CURRENT,%,97.71114671549553
2026-08-19T07:35:00+00:00,22411529-3,Dew Point,CURRENT,°C,14.7359159005712
2026-08-19T07:35:00+00:00,22411530-1,Temperature,CURRENT,°C,15.248315429687501
2026-08-19T07:35:00+00:00,22411530-2,RH,CURRENT,%,91.73266193636988
2026-08-19T07:35:00+00:00,22411530-3,Dew Point,CURRENT,°C,13.929683652369969
2026-08-19T07:36:00+00:00,22411541-S,Battery,CURRENT,V,8.286778564453126
2026-08-19T07:40:00+00:00,22411189-1,Temperature,CURRENT,°C,14.647709960937497
2026-08-19T07:40:00+00:00,22411189-2,RH,CURRENT,%,97.27931639581902
2026-08-19T07:40:00+00:00,22411189-3,Dew Point,CURRENT,°C,14.238944849949824
2026-08-19T07:40:00+00:00,22411190-1,Temperature,CURRENT,°C,14.797861328124995
2026-08-19T07:40:00+00:00,22411190-2,RH,CURRENT,%,93.12428473334859
2026-08-19T07:40:00+00:00,22411190-3,Dew Point,CURRENT,°C,13.714889867763079
2026-08-19T07:40:00+00:00,22411191-1,Temperature,CURRENT,°C,15.312666015624998
2026-08-19T07:40:00+00:00,22411191-2,RH,CURRENT,%,93.61257343404287
2026-08-19T07:40:00+00:00,22411191-3,Dew Point,CURRENT,°C,14.306902240040722
2026-08-19T07:40:00+00:00,22411525-1,Temperature,CURRENT,°C,15.398466796874999
2026-08-19T07:40:00+00:00,22411525-2,RH,CURRENT,%,91.02769512474251
2026-08-19T07:40:00+00:00,22411525-3,Dew Point,CURRENT,°C,13.959410629640388
2026-08-19T07:40:00+00:00,22411526-1,Temperature,CURRENT,°C,14.283056640624999
2026-08-19T07:40:00+00:00,22411526-2,RH,CURRENT,%,96.01586938277256
2026-08-19T07:40:00+00:00,22411526-3,Dew Point,CURRENT,°C,13.673554932873897
2026-08-19T07:40:00+00:00,22411527-1,Temperature,CURRENT,°C,15.52716796875
2026-08-19T07:40:00+00:00,22411527-2,RH,CURRENT,%,90.79728389410239
2026-08-19T07:40:00+00:00,22411527-3,Dew Point,CURRENT,°C,14.047701242335684
2026-08-19T07:40:00+00:00,22411528-1,Temperature,CURRENT,°C,14.368857421875
2026-08-19T07:40:00+00:00,22411528-2,RH,CURRENT,%,96.92683299000534
2026-08-19T07:40:00+00:00,22411528-3,Dew Point,CURRENT,°C,13.904600607685696
2026-08-19T07:40:00+00:00,22411529-1,Temperature,CURRENT,°C,14.9909130859375
2026-08-19T07:40:00+00:00,22411529-2,RH,CURRENT,%,97.14808880750743
2026-08-19T07:40:00+00:00,22411529-3,Dew Point,CURRENT,°C,14.560605108040708
2026-08-19T07:40:00+00:00,22411530-1,Temperature,CURRENT,°C,15.1625146484375
2026-08-19T07:40:00+00:00,22411530-2,RH,CURRENT,%,92.65735866330968
2026-08-19T07:40:00+00:00,22411530-3,Dew Point,CURRENT,°C,13.999345025128113
2026-08-19T07:41:00+00:00,22411541-S,Battery,CURRENT,V,8.283547851562501
2026-08-19T07:45:00+00:00,22411189-1,Temperature,CURRENT,°C,14.690610351562498
2026-08-19T07:45:00+00:00,22411189-2,RH,CURRENT,%,96.90394445716029
2026-08-19T07:45:00+00:00,22411189-3,Dew Point,CURRENT,°C,14.221983335463287
2026-08-19T07:45:00+00:00,22411190-1,Temperature,CURRENT,°C,14.840761718749995
2026-08-19T07:45:00+00:00,22411190-2,RH,CURRENT,%,93.17463950560769
2026-08-19T07:45:00+00:00,22411190-3,Dew Point,CURRENT,°C,13.765811451753974
2026-08-19T07:45:00+00:00,22411191-1,Temperature,CURRENT,°C,15.462817382812496
2026-08-19T07:45:00+00:00,22411191-2,RH,CURRENT,%,93.11970702677958
2026-08-19T07:45:00+00:00,22411191-3,Dew Point,CURRENT,°C,14.374340201151409
2026-08-19T07:45:00+00:00,22411525-1,Temperature,CURRENT,°C,15.52716796875
2026-08-19T07:45:00+00:00,22411525-2,RH,CURRENT,%,90.55466544594492
2026-08-19T07:45:00+00:00,22411525-3,Dew Point,CURRENT,°C,14.006399506902975
2026-08-19T07:45:00+00:00,22411526-1,Temperature,CURRENT,°C,14.261606445312495
2026-08-19T07:45:00+00:00,22411526-2,RH,CURRENT,%,96.32715342946517
2026-08-19T07:45:00+00:00,22411526-3,Dew Point,CURRENT,°C,13.702001356229504
2026-08-19T07:45:00+00:00,22411527-1,Temperature,CURRENT,°C,15.655869140625
2026-08-19T07:45:00+00:00,22411527-2,RH,CURRENT,%,90.29831387808042
2026-08-19T07:45:00+00:00,22411527-3,Dew Point,CURRENT,°C,14.08995259863669
2026-08-19T07:45:00+00:00,22411528-1,Temperature,CURRENT,°C,14.325957031249999
2026-08-19T07:45:00+00:00,22411528-2,RH,CURRENT,%,97.21065079728389
2026-08-19T07:45:00+00:00,22411528-3,Dew Point,CURRENT,°C,13.9068780860779
2026-08-19T07:45:00+00:00,22411529-1,Temperature,CURRENT,°C,14.819311523437499
2026-08-19T07:45:00+00:00,22411529-2,RH,CURRENT,%,96.69947356374456
2026-08-19T07:45:00+00:00,22411529-3,Dew Point,CURRENT,°C,14.31770810146105
2026-08-19T07:45:00+00:00,22411530-1,Temperature,CURRENT,°C,15.291215820312502
2026-08-19T07:45:00+00:00,22411530-2,RH,CURRENT,%,92.06988632028687
2026-08-19T07:45:00+00:00,22411530-3,Dew Point,CURRENT,°C,14.028828635666247
2026-08-19T07:46:00+00:00,22411541-S,Battery,CURRENT,V,8.283547851562501
2026-08-19T07:50:00+00:00,22411189-1,Temperature,CURRENT,°C,14.712060546875001
2026-08-19T07:50:00+00:00,22411189-2,RH,CURRENT,%,96.84443427176318
2026-08-19T07:50:00+00:00,22411189-3,Dew Point,CURRENT,°C,14.233886543510273
2026-08-19T07:50:00+00:00,22411190-1,Temperature,CURRENT,°C,14.883662109374995
2026-08-19T07:50:00+00:00,22411190-2,RH,CURRENT,%,93.04646372167544
2026-08-19T07:50:00+00:00,22411190-3,Dew Point,CURRENT,°C,13.78719838315906
2026-08-19T07:50:00+00:00,22411191-1,Temperature,CURRENT,°C,15.655869140625
2026-08-19T07:50:00+00:00,22411191-2,RH,CURRENT,%,92.42389562829023
2026-08-19T07:50:00+00:00,22411191-3,Dew Point,CURRENT,°C,14.449792861537693
2026-08-19T07:50:00+00:00,22411525-1,Temperature,CURRENT,°C,15.784570312500001
2026-08-19T07:50:00+00:00,22411525-2,RH,CURRENT,%,89.70931563286793
2026-08-19T07:50:00+00:00,22411525-3,Dew Point,CURRENT,°C,14.116121750490732
2026-08-19T07:50:00+00:00,22411526-1,Temperature,CURRENT,°C,14.197255859374998
2026-08-19T07:50:00+00:00,22411526-2,RH,CURRENT,%,96.50720988784619
2026-08-19T07:50:00+00:00,22411526-3,Dew Point,CURRENT,°C,13.666583695831513
2026-08-19T07:50:00+00:00,22411527-1,Temperature,CURRENT,°C,15.913271484374995
2026-08-19T07:50:00+00:00,22411527-2,RH,CURRENT,%,89.48348210879682
2026-08-19T07:50:00+00:00,22411527-3,Dew Point,CURRENT,°C,14.204347723598737
2026-08-19T07:50:00+00:00,22411528-1,Temperature,CURRENT,°C,14.218706054687502
2026-08-19T07:50:00+00:00,22411528-2,RH,CURRENT,%,97.30678263523308
2026-08-19T07:50:00+00:00,22411528-3,Dew Point,CURRENT,°C,13.815058584145062
2026-08-19T07:50:00+00:00,22411529-1,Temperature,CURRENT,°C,14.626259765625
2026-08-19T07:50:00+00:00,22411529-2,RH,CURRENT,%,95.83733882658122
2026-08-19T07:50:00+00:00,22411529-3,Dew Point,CURRENT,°C,13.986872981112548
2026-08-19T07:50:00+00:00,22411530-1,Temperature,CURRENT,°C,15.4413671875
2026-08-19T07:50:00+00:00,22411530-2,RH,CURRENT,%,91.42137788967727
2026-08-19T07:50:00+00:00,22411530-3,Dew Point,CURRENT,°C,14.068504907958696
2026-08-19T07:51:00+00:00,22411541-S,Battery,CURRENT,V,8.283547851562501
2026-08-19T07:55:00+00:00,22411189-1,Temperature,CURRENT,°C,14.9909130859375
2026-08-19T07:55:00+00:00,22411189-2,RH,CURRENT,%,96.48432135500114
2026-08-19T07:55:00+00:00,22411189-3,Dew Point,CURRENT,°C,14.454371430530058
2026-08-19T07:55:00+00:00,22411190-1,Temperature,CURRENT,°C,15.141064453124997
2026-08-19T07:55:00+00:00,22411190-2,RH,CURRENT,%,92.73060196841382
2026-08-19T07:55:00+00:00,22411190-3,Dew Point,CURRENT,°C,13.990253869192683
2026-08-19T07:55:00+00:00,22411191-1,Temperature,CURRENT,°C,15.956171874999995
2026-08-19T07:55:00+00:00,22411191-2,RH,CURRENT,%,91.06431677729458
2026-08-19T07:55:00+00:00,22411191-3,Dew Point,CURRENT,°C,14.517811958942776
2026-08-19T07:55:00+00:00,22411525-1,Temperature,CURRENT,°C,16.041972656249996
2026-08-19T07:55:00+00:00,22411525-2,RH,CURRENT,%,88.37262531471733
2026-08-19T07:55:00+00:00,22411525-3,Dew Point,CURRENT,°C,14.138359223530047
2026-08-19T07:55:00+00:00,22411526-1,Temperature,CURRENT,°C,14.4117578125
2026-08-19T07:55:00+00:00,22411526-2,RH,CURRENT,%,96.95124742504005
2026-08-19T07:55:00+00:00,22411526-3,Dew Point,CURRENT,°C,13.951290456255654
2026-08-19T07:55:00+00:00,22411527-1,Temperature,CURRENT,°C,16.1492236328125
2026-08-19T07:55:00+00:00,22411527-2,RH,CURRENT,%,88.22156099794003
2026-08-19T07:55:00+00:00,22411527-3,Dew Point,CURRENT,°C,14.217706208809465
2026-08-19T07:55:00+00:00,22411528-1,Temperature,CURRENT,°C,14.4117578125
2026-08-19T07:55:00+00:00,22411528-2,RH,CURRENT,%,97.95223926146333
2026-08-19T07:55:00+00:00,22411528-3,Dew Point,CURRENT,°C,14.109850333246152
2026-08-19T07:55:00+00:00,22411529-1,Temperature,CURRENT,°C,14.49755859375
2026-08-19T07:55:00+00:00,22411529-2,RH,CURRENT,%,96.76661326009003
2026-08-19T07:55:00+00:00,22411529-3,Dew Point,CURRENT,°C,14.007478902541948
2026-08-19T07:55:00+00:00,22411530-1,Temperature,CURRENT,°C,15.784570312500001
2026-08-19T07:55:00+00:00,22411530-2,RH,CURRENT,%,90.07095445181965
2026-08-19T07:55:00+00:00,22411530-3,Dew Point,CURRENT,°C,14.178282255085582
2026-08-19T07:56:00+00:00,22411541-S,Battery,CURRENT,V,8.280317138671876
2026-08-19T08:00:00+00:00,22411189-1,Temperature,CURRENT,°C,15.591518554687497
2026-08-19T08:00:00+00:00,22411189-2,RH,CURRENT,%,94.46555275806821
2026-08-19T08:00:00+00:00,22411189-3,Dew Point,CURRENT,°C,14.72465181873045
2026-08-19T08:00:00+00:00,22411190-1,Temperature,CURRENT,°C,15.69876953125
2026-08-19T08:00:00+00:00,22411190-2,RH,CURRENT,%,90.84306095979248
2026-08-19T08:00:00+00:00,22411190-3,Dew Point,CURRENT,°C,14.225339303048353
2026-08-19T08:00:00+00:00,22411191-1,Temperature,CURRENT,°C,16.449526367187495
2026-08-19T08:00:00+00:00,22411191-2,RH,CURRENT,%,89.52925917448691
2026-08-19T08:00:00+00:00,22411191-3,Dew Point,CURRENT,°C,14.742090343222522
2026-08-19T08:00:00+00:00,22411525-1,Temperature,CURRENT,°C,16.535327148437496
2026-08-19T08:00:00+00:00,22411525-2,RH,CURRENT,%,86.98558022430763
2026-08-19T08:00:00+00:00,22411525-3,Dew Point,CURRENT,°C,14.379907951557854
2026-08-19T08:00:00+00:00,22411526-1,Temperature,CURRENT,°C,15.012363281249996
2026-08-19T08:00:00+00:00,22411526-2,RH,CURRENT,%,96.35919737544823
2026-08-19T08:00:00+00:00,22411526-3,Dew Point,CURRENT,°C,14.455660661983137
2026-08-19T08:00:00+00:00,22411527-1,Temperature,CURRENT,°C,16.599677734375
2026-08-19T08:00:00+00:00,22411527-2,RH,CURRENT,%,86.95811398489357
2026-08-19T08:00:00+00:00,22411527-3,Dew Point,CURRENT,°C,14.438371289405907
2026-08-19T08:00:00+00:00,22411528-1,Temperature,CURRENT,°C,15.0338134765625
2026-08-19T08:00:00+00:00,22411528-2,RH,CURRENT,%,97.34798199435416
2026-08-19T08:00:00+00:00,22411528-3,Dew Point,CURRENT,°C,14.635299608172245
2026-08-19T08:00:00+00:00,22411529-1,Temperature,CURRENT,°C,14.604809570312497
2026-08-19T08:00:00+00:00,22411529-2,RH,CURRENT,%,98.03158617532617
2026-08-19T08:00:00+00:00,22411529-3,Dew Point,CURRENT,°C,14.315246679987073
2026-08-19T08:00:00+00:00,22411530-1,Temperature,CURRENT,°C,16.3208251953125
2026-08-19T08:00:00+00:00,22411530-2,RH,CURRENT,%,88.36194399938964
2026-08-19T08:00:00+00:00,22411530-3,Dew Point,CURRENT,°C,14.411563106803335
2026-08-19T08:01:00+00:00,22411541-S,Battery,CURRENT,V,8.280317138671876
2026-08-19T08:05:00+00:00,22411189-1,Temperature,CURRENT,°C,15.891821289062499
2026-08-19T08:05:00+00:00,22411189-2,RH,CURRENT,%,92.53833829251545
2026-08-19T08:05:00+00:00,22411189-3,Dew Point,CURRENT,°C,14.703041700353463
2026-08-19T08:05:00+00:00,22411190-1,Temperature,CURRENT,°C,16.0205224609375
2026-08-19T08:05:00+00:00,22411190-2,RH,CURRENT,%,89.05928130006866
2026-08-19T08:05:00+00:00,22411190-3,Dew Point,CURRENT,°C,14.236816509912984
2026-08-19T08:05:00+00:00,22411191-1,Temperature,CURRENT,°C,16.599677734375
2026-08-19T08:05:00+00:00,22411191-2,RH,CURRENT,%,88.54047455558099
2026-08-19T08:05:00+00:00,22411191-3,Dew Point,CURRENT,°C,14.717953449492576
2026-08-19T08:05:00+00:00,22411525-1,Temperature,CURRENT,°C,16.664028320312497
2026-08-19T08:05:00+00:00,22411525-2,RH,CURRENT,%,86.15091172655833
2026-08-19T08:05:00+00:00,22411525-3,Dew Point,CURRENT,°C,14.357305233757378
2026-08-19T08:05:00+00:00,22411526-1,Temperature,CURRENT,°C,15.419916992187495
2026-08-19T08:05:00+00:00,22411526-2,RH,CURRENT,%,94.13900968947891
2026-08-19T08:05:00+00:00,22411526-3,Dew Point,CURRENT,°C,14.500313804202216
2026-08-19T08:05:00+00:00,22411527-1,Temperature,CURRENT,°C,16.72837890625
2026-08-19T08:05:00+00:00,22411527-2,RH,CURRENT,%,86.12344548714428
2026-08-19T08:05:00+00:00,22411527-3,Dew Point,CURRENT,°C,14.415646514277245
2026-08-19T08:05:00+00:00,22411528-1,Temperature,CURRENT,°C,15.377016601562495
2026-08-19T08:05:00+00:00,22411528-2,RH,CURRENT,%,95.14763103685054
2026-08-19T08:05:00+00:00,22411528-3,Dew Point,CURRENT,°C,14.622839491373991
2026-08-19T08:05:00+00:00,22411529-1,Temperature,CURRENT,°C,14.754960937500002
2026-08-19T08:05:00+00:00,22411529-2,RH,CURRENT,%,98.3062485694667
2026-08-19T08:05:00+00:00,22411529-3,Dew Point,CURRENT,°C,14.508616618309661
2026-08-19T08:05:00+00:00,22411530-1,Temperature,CURRENT,°C,16.492426757812495
2026-08-19T08:05:00+00:00,22411530-2,RH,CURRENT,%,87.30449378194858
2026-08-19T08:05:00+00:00,22411530-3,Dew Point,CURRENT,°C,14.39431334207152
2026-08-19T08:06:00+00:00,22411541-S,Battery,CURRENT,V,8.273855712890626
2026-08-19T08:10:00+00:00,22411189-1,Temperature,CURRENT,°C,15.763120117187498
2026-08-19T08:10:00+00:00,22411189-2,RH,CURRENT,%,93.11818112458991
2026-08-19T08:10:00+00:00,22411189-3,Dew Point,CURRENT,°C,14.672239018000939
2026-08-19T08:10:00+00:00,22411190-1,Temperature,CURRENT,°C,15.913271484374995
2026-08-19T08:10:00+00:00,22411190-2,RH,CURRENT,%,89.51705195696955
2026-08-19T08:10:00+00:00,22411190-3,Dew Point,CURRENT,°C,14.210145788278188
2026-08-19T08:10:00+00:00,22411191-1,Temperature,CURRENT,°C,16.428076171875
2026-08-19T08:10:00+00:00,22411191-2,RH,CURRENT,%,89.34615091172655
2026-08-19T08:10:00+00:00,22411191-3,Dew Point,CURRENT,°C,14.689124037533642
2026-08-19T08:10:00+00:00,22411525-1,Temperature,CURRENT,°C,16.4709765625
2026-08-19T08:10:00+00:00,22411525-2,RH,CURRENT,%,86.98863202868696
2026-08-19T08:10:00+00:00,22411525-3,Dew Point,CURRENT,°C,14.317096293233513
2026-08-19T08:10:00+00:00,22411526-1,Temperature,CURRENT,°C,15.355566406249999
2026-08-19T08:10:00+00:00,22411526-2,RH,CURRENT,%,93.34859235523002
2026-08-19T08:10:00+00:00,22411526-3,Dew Point,CURRENT,°C,14.305829260623042
2026-08-19T08:10:00+00:00,22411527-1,Temperature,CURRENT,°C,16.578227539062496
2026-08-19T08:10:00+00:00,22411527-2,RH,CURRENT,%,86.88944838635844
2026-08-19T08:10:00+00:00,22411527-3,Dew Point,CURRENT,°C,14.405023096669531
2026-08-19T08:10:00+00:00,22411528-1,Temperature,CURRENT,°C,15.291215820312502
2026-08-19T08:10:00+00:00,22411528-2,RH,CURRENT,%,94.58915083543145
2026-08-19T08:10:00+00:00,22411528-3,Dew Point,CURRENT,°C,14.44621976482711
2026-08-19T08:10:00+00:00,22411529-1,Temperature,CURRENT,°C,14.776411132812498
2026-08-19T08:10:00+00:00,22411529-2,RH,CURRENT,%,97.81033035782406
2026-08-19T08:10:00+00:00,22411529-3,Dew Point,CURRENT,°C,14.451701817637595
2026-08-19T08:10:00+00:00,22411530-1,Temperature,CURRENT,°C,16.3208251953125
2026-08-19T08:10:00+00:00,22411530-2,RH,CURRENT,%,88.16052491035325
2026-08-19T08:10:00+00:00,22411530-3,Dew Point,CURRENT,°C,14.376234039850731
2026-08-19T08:11:00+00:00,22411541-S,Battery,CURRENT,V,8.273855712890626
2026-08-19T08:15:00+00:00,22411189-1,Temperature,CURRENT,°C,15.484267578125
2026-08-19T08:15:00+00:00,22411189-2,RH,CURRENT,%,93.34401464866102
2026-08-19T08:15:00+00:00,22411189-3,Dew Point,CURRENT,°C,14.432889107502579
2026-08-19T08:15:00+00:00,22411190-1,Temperature,CURRENT,°C,15.913271484374995
2026-08-19T08:15:00+00:00,22411190-2,RH,CURRENT,%,89.63912413214312
2026-08-19T08:15:00+00:00,22411190-3,Dew Point,CURRENT,°C,14.231213592892606
2026-08-19T08:15:00+00:00,22411191-1,Temperature,CURRENT,°C,16.084873046874996
2026-08-19T08:15:00+00:00,22411191-2,RH,CURRENT,%,89.98855573357747
2026-08-19T08:15:00+00:00,22411191-3,Dew Point,CURRENT,°C,14.461037312392836
2026-08-19T08:15:00+00:00,22411525-1,Temperature,CURRENT,°C,16.170673828124997
2026-08-19T08:15:00+00:00,22411525-2,RH,CURRENT,%,87.59746700236515
2026-08-19T08:15:00+00:00,22411525-3,Dew Point,CURRENT,°C,14.129139425792834
2026-08-19T08:15:00+00:00,22411526-1,Temperature,CURRENT,°C,15.1196142578125
2026-08-19T08:15:00+00:00,22411526-2,RH,CURRENT,%,93.26161593041886
2026-08-19T08:15:00+00:00,22411526-3,Dew Point,CURRENT,°C,14.057099143298565
2026-08-19T08:15:00+00:00,22411527-1,Temperature,CURRENT,°C,16.2779248046875
2026-08-19T08:15:00+00:00,22411527-2,RH,CURRENT,%,87.55779354543374
2026-08-19T08:15:00+00:00,22411527-3,Dew Point,CURRENT,°C,14.227819009656923
2026-08-19T08:15:00+00:00,22411528-1,Temperature,CURRENT,°C,15.055263671874997
2026-08-19T08:15:00+00:00,22411528-2,RH,CURRENT,%,94.5464255741207
2026-08-19T08:15:00+00:00,22411528-3,Dew Point,CURRENT,°C,14.204518467955097
2026-08-19T08:15:00+00:00,22411529-1,Temperature,CURRENT,°C,14.797861328124995
2026-08-19T08:15:00+00:00,22411529-2,RH,CURRENT,%,97.90798809796291
2026-08-19T08:15:00+00:00,22411529-3,Dew Point,CURRENT,°C,14.48858774111171
2026-08-19T08:15:00+00:00,22411530-1,Temperature,CURRENT,°C,15.956171874999995
2026-08-19T08:15:00+00:00,22411530-2,RH,CURRENT,%,88.91737239642939
2026-08-19T08:15:00+00:00,22411530-3,Dew Point,CURRENT,°C,14.148634562403581
2026-08-19T08:16:00+00:00,22411541-S,Battery,CURRENT,V,8.280317138671876
2026-08-19T08:20:00+00:00,22411189-1,Temperature,CURRENT,°C,15.098164062499997
2026-08-19T08:20:00+00:00,22411189-2,RH,CURRENT,%,94.77225909819181
2026-08-19T08:20:00+00:00,22411189-3,Dew Point,CURRENT,°C,14.28408853272053
2026-08-19T08:20:00+00:00,22411190-1,Temperature,CURRENT,°C,15.312666015624998
2026-08-19T08:20:00+00:00,22411190-2,RH,CURRENT,%,90.80796520943008
2026-08-19T08:20:00+00:00,22411190-3,Dew Point,CURRENT,°C,13.837205283790698
2026-08-19T08:20:00+00:00,22411191-1,Temperature,CURRENT,°C,15.634418945312497
2026-08-19T08:20:00+00:00,22411191-2,RH,CURRENT,%,91.70824750133517
2026-08-19T08:20:00+00:00,22411191-3,Dew Point,CURRENT,°C,14.308202056969781
2026-08-19T08:20:00+00:00,22411525-1,Temperature,CURRENT,°C,15.69876953125
2026-08-19T08:20:00+00:00,22411525-2,RH,CURRENT,%,89.1279468986038
2026-08-19T08:20:00+00:00,22411525-3,Dew Point,CURRENT,°C,13.931001338256594
2026-08-19T08:20:00+00:00,22411526-1,Temperature,CURRENT,°C,14.776411132812498
2026-08-19T08:20:00+00:00,22411526-2,RH,CURRENT,%,93.92080567635614
2026-08-19T08:20:00+00:00,22411526-3,Dew Point,CURRENT,°C,13.824780794899848
2026-08-19T08:20:00+00:00,22411527-1,Temperature,CURRENT,°C,15.806020507812498
2026-08-19T08:20:00+00:00,22411527-2,RH,CURRENT,%,89.01808194094758
2026-08-19T08:20:00+00:00,22411527-3,Dew Point,CURRENT,°C,14.017873468830684
2026-08-19T08:20:00+00:00,22411528-1,Temperature,CURRENT,°C,14.712060546875001
2026-08-19T08:20:00+00:00,22411528-2,RH,CURRENT,%,95.51232166018158
2026-08-19T08:20:00+00:00,22411528-3,Dew Point,CURRENT,°C,14.019917333375762
2026-08-19T08:20:00+00:00,22411529-1,Temperature,CURRENT,°C,14.712060546875001
2026-08-19T08:20:00+00:00,22411529-2,RH,CURRENT,%,96.98634317540245
2026-08-19T08:20:00+00:00,22411529-3,Dew Point,CURRENT,°C,14.2565280783764
2026-08-19T08:20:00+00:00,22411530-1,Temperature,CURRENT,°C,15.52716796875
2026-08-19T08:20:00+00:00,22411530-2,RH,CURRENT,%,90.46463721675441
2026-08-19T08:20:00+00:00,22411530-3,Dew Point,CURRENT,°C,13.991049005621289
2026-08-19T08:21:00+00:00,22411541-S,Battery,CURRENT,V,8.273855712890626
2026-08-19T08:25:00+00:00,22411189-1,Temperature,CURRENT,°C,15.055263671874997
2026-08-19T08:25:00+00:00,22411189-2,RH,CURRENT,%,95.98840314335851
2026-08-19T08:25:00+00:00,22411189-3,Dew Point,CURRENT,°C,14.438711833441795
2026-08-19T08:25:00+00:00,22411190-1,Temperature,CURRENT,°C,15.248315429687501
2026-08-19T08:25:00+00:00,22411190-2,RH,CURRENT,%,91.97375448233768
2026-08-19T08:25:00+00:00,22411190-3,Dew Point,CURRENT,°C,13.970174792661743
2026-08-19T08:25:00+00:00,22411191-1,Temperature,CURRENT,°C,15.591518554687497
2026-08-19T08:25:00+00:00,22411191-2,RH,CURRENT,%,92.76264591439688
2026-08-19T08:25:00+00:00,22411191-3,Dew Point,CURRENT,°C,14.442608190583492
2026-08-19T08:25:00+00:00,22411525-1,Temperature,CURRENT,°C,15.655869140625
2026-08-19T08:25:00+00:00,22411525-2,RH,CURRENT,%,90.17013809414817
2026-08-19T08:25:00+00:00,22411525-3,Dew Point,CURRENT,°C,14.068016954323147
2026-08-19T08:25:00+00:00,22411526-1,Temperature,CURRENT,°C,14.690610351562498
2026-08-19T08:25:00+00:00,22411526-2,RH,CURRENT,%,95.33989471274892
2026-08-19T08:25:00+00:00,22411526-3,Dew Point,CURRENT,°C,13.970671428574972
2026-08-19T08:25:00+00:00,22411527-1,Temperature,CURRENT,°C,15.784570312500001
2026-08-19T08:25:00+00:00,22411527-2,RH,CURRENT,%,89.93362325474936
2026-08-19T08:25:00+00:00,22411527-3,Dew Point,CURRENT,°C,14.154702830341401
2026-08-19T08:25:00+00:00,22411528-1,Temperature,CURRENT,°C,14.604809570312497
2026-08-19T08:25:00+00:00,22411528-2,RH,CURRENT,%,96.63996337834745
2026-08-19T08:25:00+00:00,22411528-3,Dew Point,CURRENT,°C,14.094239831691363
2026-08-19T08:25:00+00:00,22411529-1,Temperature,CURRENT,°C,14.669160156250001
2026-08-19T08:25:00+00:00,22411529-2,RH,CURRENT,%,97.68368047608148
2026-08-19T08:25:00+00:00,22411529-3,Dew Point,CURRENT,°C,14.324522272720264
2026-08-19T08:25:00+00:00,22411530-1,Temperature,CURRENT,°C,15.484267578125
2026-08-19T08:25:00+00:00,22411530-2,RH,CURRENT,%,91.48851758602274
2026-08-19T08:25:00+00:00,22411530-3,Dew Point,CURRENT,°C,14.122342431585304
2026-08-19T08:26:00+00:00,22411541-S,Battery,CURRENT,V,8.273855712890626
2026-08-19T08:30:00+00:00,22411189-1,Temperature,CURRENT,°C,15.269765624999998
2026-08-19T08:30:00+00:00,22411189-2,RH,CURRENT,%,94.95536736095217
2026-08-19T08:30:00+00:00,22411189-3,Dew Point,CURRENT,°C,14.484732477343774
2026-08-19T08:30:00+00:00,22411190-1,Temperature,CURRENT,°C,15.398466796874999
2026-08-19T08:30:00+00:00,22411190-2,RH,CURRENT,%,91.20469977874419
2026-08-19T08:30:00+00:00,22411190-3,Dew Point,CURRENT,°C,13.989384580515894
2026-08-19T08:30:00+00:00,22411191-1,Temperature,CURRENT,°C,15.741669921875001
2026-08-19T08:30:00+00:00,22411191-2,RH,CURRENT,%,92.00122072175174
2026-08-19T08:30:00+00:00,22411191-3,Dew Point,CURRENT,°C,14.4638805077308
2026-08-19T08:30:00+00:00,22411525-1,Temperature,CURRENT,°C,15.763120117187498
2026-08-19T08:30:00+00:00,22411525-2,RH,CURRENT,%,89.67727168688486
2026-08-19T08:30:00+00:00,22411525-3,Dew Point,CURRENT,°C,14.089405032481984
2026-08-19T08:30:00+00:00,22411526-1,Temperature,CURRENT,°C,14.862211914062499
2026-08-19T08:30:00+00:00,22411526-2,RH,CURRENT,%,95.19188220035096
2026-08-19T08:30:00+00:00,22411526-3,Dew Point,CURRENT,°C,14.117540170813358
2026-08-19T08:30:00+00:00,22411527-1,Temperature,CURRENT,°C,15.848920898437498
2026-08-19T08:30:00+00:00,22411527-2,RH,CURRENT,%,89.62081330586709
2026-08-19T08:30:00+00:00,22411527-3,Dew Point,CURRENT,°C,14.16446562159994
2026-08-19T08:30:00+00:00,22411528-1,Temperature,CURRENT,°C,14.776411132812498
2026-08-19T08:30:00+00:00,22411528-2,RH,CURRENT,%,96.91004806591897
2026-08-19T08:30:00+00:00,22411528-3,Dew Point,CURRENT,°C,14.308564037128539
2026-08-19T08:30:00+00:00,22411529-1,Temperature,CURRENT,°C,14.733510742187498
2026-08-19T08:30:00+00:00,22411529-2,RH,CURRENT,%,98.37949187457085
2026-08-19T08:30:00+00:00,22411529-3,Dew Point,CURRENT,°C,14.498716234527196
2026-08-19T08:30:00+00:00,22411530-1,Temperature,CURRENT,°C,15.655869140625
2026-08-19T08:30:00+00:00,22411530-2,RH,CURRENT,%,90.70267795834287
2026-08-19T08:30:00+00:00,22411530-3,Dew Point,CURRENT,°C,14.158975759692462
2026-08-19T08:31:00+00:00,22411541-S,Battery,CURRENT,V,8.273855712890626
2026-08-19T08:35:00+00:00,22411189-1,Temperature,CURRENT,°C,15.183964843749997
2026-08-19T08:35:00+00:00,22411189-2,RH,CURRENT,%,95.51842526894026
2026-08-19T08:35:00+00:00,22411189-3,Dew Point,CURRENT,°C,14.49090477959667
2026-08-19T08:35:00+00:00,22411190-1,Temperature,CURRENT,°C,15.312666015624998
2026-08-19T08:35:00+00:00,22411190-2,RH,CURRENT,%,91.72198062104219
2026-08-19T08:35:00+00:00,22411190-3,Dew Point,CURRENT,°C,13.991659852030745
2026-08-19T08:35:00+00:00,22411191-1,Temperature,CURRENT,°C,15.655869140625
2026-08-19T08:35:00+00:00,22411191-2,RH,CURRENT,%,92.63904783703364
2026-08-19T08:35:00+00:00,22411191-3,Dew Point,CURRENT,°C,14.485810271502753
2026-08-19T08:35:00+00:00,22411525-1,Temperature,CURRENT,°C,15.677319335937497
2026-08-19T08:35:00+00:00,22411525-2,RH,CURRENT,%,90.2891584649424
2026-08-19T08:35:00+00:00,22411525-3,Dew Point,CURRENT,°C,14.10960270991765
2026-08-19T08:35:00+00:00,22411526-1,Temperature,CURRENT,°C,14.819311523437499
2026-08-19T08:35:00+00:00,22411526-2,RH,CURRENT,%,95.21934843976501
2026-08-19T08:35:00+00:00,22411526-3,Dew Point,CURRENT,°C,14.079285619625498
2026-08-19T08:35:00+00:00,22411527-1,Temperature,CURRENT,°C,15.763120117187498
2026-08-19T08:35:00+00:00,22411527-2,RH,CURRENT,%,90.24795910582132
2026-08-19T08:35:00+00:00,22411527-3,Dew Point,CURRENT,°C,14.187412299916115
2026-08-19T08:35:00+00:00,22411528-1,Temperature,CURRENT,°C,14.754960937500002
2026-08-19T08:35:00+00:00,22411528-2,RH,CURRENT,%,96.82612344548714
2026-08-19T08:35:00+00:00,22411528-3,Dew Point,CURRENT,°C,14.273761865363538
2026-08-19T08:35:00+00:00,22411529-1,Temperature,CURRENT,°C,14.819311523437499
2026-08-19T08:35:00+00:00,22411529-2,RH,CURRENT,%,98.72587167162585
2026-08-19T08:35:00+00:00,22411529-3,Dew Point,CURRENT,°C,14.63898650951811
2026-08-19T08:35:00+00:00,22411530-1,Temperature,CURRENT,°C,15.570068359375
2026-08-19T08:35:00+00:00,22411530-2,RH,CURRENT,%,91.39848935683223
2026-08-19T08:35:00+00:00,22411530-3,Dew Point,CURRENT,°C,14.192126630993362
2026-08-19T08:36:00+00:00,22411541-S,Battery,CURRENT,V,8.270625
2026-08-19T08:40:00+00:00,22411189-1,Temperature,CURRENT,°C,15.1196142578125
2026-08-19T08:40:00+00:00,22411189-2,RH,CURRENT,%,95.93499656672007
2026-08-19T08:40:00+00:00,22411189-3,Dew Point,CURRENT,°C,14.494218338392058
2026-08-19T08:40:00+00:00,22411190-1,Temperature,CURRENT,°C,15.248315429687501
2026-08-19T08:40:00+00:00,22411190-2,RH,CURRENT,%,92.24536507209888
2026-08-19T08:40:00+00:00,22411190-3,Dew Point,CURRENT,°C,14.015679990745111
2026-08-19T08:40:00+00:00,22411191-1,Temperature,CURRENT,°C,15.61296875
2026-08-19T08:40:00+00:00,22411191-2,RH,CURRENT,%,92.9732204165713
2026-08-19T08:40:00+00:00,22411191-3,Dew Point,CURRENT,°C,14.499021966544234
2026-08-19T08:40:00+00:00,22411525-1,Temperature,CURRENT,°C,15.61296875
2026-08-19T08:40:00+00:00,22411525-2,RH,CURRENT,%,90.60196841382468
2026-08-19T08:40:00+00:00,22411525-3,Dew Point,CURRENT,°C,14.099360220743389
2026-08-19T08:40:00+00:00,22411526-1,Temperature,CURRENT,°C,14.776411132812498
2026-08-19T08:40:00+00:00,22411526-2,RH,CURRENT,%,95.3307392996109
2026-08-19T08:40:00+00:00,22411526-3,Dew Point,CURRENT,°C,14.054624271692656
2026-08-19T08:40:00+00:00,22411527-1,Temperature,CURRENT,°C,15.69876953125
2026-08-19T08:40:00+00:00,22411527-2,RH,CURRENT,%,90.65079728389411
2026-08-19T08:40:00+00:00,22411527-3,Dew Point,CURRENT,°C,14.192587939252695
2026-08-19T08:40:00+00:00,22411528-1,Temperature,CURRENT,°C,14.776411132812498
2026-08-19T08:40:00+00:00,22411528-2,RH,CURRENT,%,96.73151750972762
2026-08-19T08:40:00+00:00,22411528-3,Dew Point,CURRENT,°C,14.280040576534471
2026-08-19T08:40:00+00:00,22411529-1,Temperature,CURRENT,°C,14.862211914062499
2026-08-19T08:40:00+00:00,22411529-2,RH,CURRENT,%,98.70908674753949
2026-08-19T08:40:00+00:00,22411529-3,Dew Point,CURRENT,°C,14.679249432813705
2026-08-19T08:40:00+00:00,22411530-1,Temperature,CURRENT,°C,15.52716796875
2026-08-19T08:40:00+00:00,22411530-2,RH,CURRENT,%,91.67315175097276
2026-08-19T08:40:00+00:00,22411530-3,Dew Point,CURRENT,°C,14.196001833071332
2026-08-19T08:41:00+00:00,22411541-S,Battery,CURRENT,V,8.270625
2026-08-19T08:45:00+00:00,22411189-1,Temperature,CURRENT,°C,15.012363281249996
2026-08-19T08:45:00+00:00,22411189-2,RH,CURRENT,%,96.33783474479286
2026-08-19T08:45:00+00:00,22411189-3,Dew Point,CURRENT,°C,14.452226522622663
2026-08-19T08:45:00+00:00,22411190-1,Temperature,CURRENT,°C,15.1625146484375
2026-08-19T08:45:00+00:00,22411190-2,RH,CURRENT,%,92.52460517280842
2026-08-19T08:45:00+00:00,22411190-3,Dew Point,CURRENT,°C,13.977220191706355
2026-08-19T08:45:00+00:00,22411191-1,Temperature,CURRENT,°C,15.52716796875
2026-08-19T08:45:00+00:00,22411191-2,RH,CURRENT,%,93.30586709391928
2026-08-19T08:45:00+00:00,22411191-3,Dew Point,CURRENT,°C,14.469163157854046
2026-08-19T08:45:00+00:00,22411525-1,Temperature,CURRENT,°C,15.52716796875
2026-08-19T08:45:00+00:00,22411525-2,RH,CURRENT,%,90.98496986343176
2026-08-19T08:45:00+00:00,22411525-3,Dew Point,CURRENT,°C,14.07958527047648
2026-08-19T08:45:00+00:00,22411526-1,Temperature,CURRENT,°C,14.712060546875001
2026-08-19T08:45:00+00:00,22411526-2,RH,CURRENT,%,95.54436560616465
2026-08-19T08:45:00+00:00,22411526-3,Dew Point,CURRENT,°C,14.02509500524079
2026-08-19T08:45:00+00:00,22411527-1,Temperature,CURRENT,°C,15.591518554687497
2026-08-19T08:45:00+00:00,22411527-2,RH,CURRENT,%,91.01243610284581
2026-08-19T08:45:00+00:00,22411527-3,Dew Point,CURRENT,°C,14.14795715567841
2026-08-19T08:45:00+00:00,22411528-1,Temperature,CURRENT,°C,14.754960937500002
2026-08-19T08:45:00+00:00,22411528-2,RH,CURRENT,%,96.86274509803921
2026-08-19T08:45:00+00:00,22411528-3,Dew Point,CURRENT,°C,14.279610583323745
2026-08-19T08:45:00+00:00,22411529-1,Temperature,CURRENT,°C,14.840761718749995
2026-08-19T08:45:00+00:00,22411529-2,RH,CURRENT,%,98.45273517967499
2026-08-19T08:45:00+00:00,22411529-3,Dew Point,CURRENT,°C,14.617464111322448
2026-08-19T08:45:00+00:00,22411530-1,Temperature,CURRENT,°C,15.4413671875
2026-08-19T08:45:00+00:00,22411530-2,RH,CURRENT,%,91.94323643854429
2026-08-19T08:45:00+00:00,22411530-3,Dew Point,CURRENT,°C,14.156427313686036
2026-08-19T08:46:00+00:00,22411541-S,Battery,CURRENT,V,8.270625
2026-08-19T08:50:00+00:00,22411189-1,Temperature,CURRENT,°C,14.862211914062499
2026-08-19T08:50:00+00:00,22411189-2,RH,CURRENT,%,96.47516594186312
2026-08-19T08:50:00+00:00,22411189-3,Dew Point,CURRENT,°C,14.324562529356955
2026-08-19T08:50:00+00:00,22411190-1,Temperature,CURRENT,°C,15.012363281249996
2026-08-19T08:50:00+00:00,22411190-2,RH,CURRENT,%,92.76112001220721
2026-08-19T08:50:00+00:00,22411190-3,Dew Point,CURRENT,°C,13.867609868548682
2026-08-19T08:50:00+00:00,22411191-1,Temperature,CURRENT,°C,15.312666015624998
2026-08-19T08:50:00+00:00,22411191-2,RH,CURRENT,%,93.88876173037308
2026-08-19T08:50:00+00:00,22411191-3,Dew Point,CURRENT,°C,14.352486123314117
2026-08-19T08:50:00+00:00,22411525-1,Temperature,CURRENT,°C,15.334116210937495
2026-08-19T08:50:00+00:00,22411525-2,RH,CURRENT,%,91.58464942397192
2026-08-19T08:50:00+00:00,22411525-3,Dew Point,CURRENT,°C,13.989792920537392
2026-08-19T08:50:00+00:00,22411526-1,Temperature,CURRENT,°C,14.647709960937497
2026-08-19T08:50:00+00:00,22411526-2,RH,CURRENT,%,95.54436560616465
2026-08-19T08:50:00+00:00,22411526-3,Dew Point,CURRENT,°C,13.961001419138913
2026-08-19T08:50:00+00:00,22411527-1,Temperature,CURRENT,°C,15.398466796874999
2026-08-19T08:50:00+00:00,22411527-2,RH,CURRENT,%,91.59838254367895
2026-08-19T08:50:00+00:00,22411527-3,Dew Point,CURRENT,°C,14.05586821274222
2026-08-19T08:50:00+00:00,22411528-1,Temperature,CURRENT,°C,14.669160156250001
2026-08-19T08:50:00+00:00,22411528-2,RH,CURRENT,%,96.7681391622797
2026-08-19T08:50:00+00:00,22411528-3,Dew Point,CURRENT,°C,14.17890582900258
2026-08-19T08:50:00+00:00,22411529-1,Temperature,CURRENT,°C,14.754960937500002
2026-08-19T08:50:00+00:00,22411529-2,RH,CURRENT,%,97.70656900892652
2026-08-19T08:50:00+00:00,22411529-3,Dew Point,CURRENT,°C,14.41384039123723
2026-08-19T08:50:00+00:00,22411530-1,Temperature,CURRENT,°C,15.226865234374998
2026-08-19T08:50:00+00:00,22411530-2,RH,CURRENT,%,92.53376058594644
2026-08-19T08:50:00+00:00,22411530-3,Dew Point,CURRENT,°C,14.042588368639338
2026-08-19T08:51:00+00:00,22411541-S,Battery,CURRENT,V,8.270625
2026-08-19T08:55:00+00:00,22411189-1,Temperature,CURRENT,°C,14.754960937500002
2026-08-19T08:55:00+00:00,22411189-2,RH,CURRENT,%,97.42580300602731
2026-08-19T08:55:00+00:00,22411189-3,Dew Point,CURRENT,°C,14.36929130491591
2026-08-19T08:55:00+00:00,22411190-1,Temperature,CURRENT,°C,14.9051123046875
2026-08-19T08:55:00+00:00,22411190-2,RH,CURRENT,%,93.63698786907759
2026-08-19T08:55:00+00:00,22411190-3,Dew Point,CURRENT,°C,13.906017995430863
2026-08-19T08:55:00+00:00,22411191-1,Temperature,CURRENT,°C,15.226865234374998
2026-08-19T08:55:00+00:00,22411191-2,RH,CURRENT,%,94.61966887922485
2026-08-19T08:55:00+00:00,22411191-3,Dew Point,CURRENT,°C,14.387199712957475
2026-08-19T08:55:00+00:00,22411525-1,Temperature,CURRENT,°C,15.269765624999998
2026-08-19T08:55:00+00:00,22411525-2,RH,CURRENT,%,92.18432898451209
2026-08-19T08:55:00+00:00,22411525-3,Dew Point,CURRENT,°C,14.026734906425547
2026-08-19T08:55:00+00:00,22411526-1,Temperature,CURRENT,°C,14.519008789062497
2026-08-19T08:55:00+00:00,22411526-2,RH,CURRENT,%,96.0891126878767
2026-08-19T08:55:00+00:00,22411526-3,Dew Point,CURRENT,°C,13.920468017315601
2026-08-19T08:55:00+00:00,22411527-1,Temperature,CURRENT,°C,15.334116210937495
2026-08-19T08:55:00+00:00,22411527-2,RH,CURRENT,%,92.16601815823606
2026-08-19T08:55:00+00:00,22411527-3,Dew Point,CURRENT,°C,14.08747853338769
2026-08-19T08:55:00+00:00,22411528-1,Temperature,CURRENT,°C,14.561909179687497
2026-08-19T08:55:00+00:00,22411528-2,RH,CURRENT,%,97.19386587319752
2026-08-19T08:55:00+00:00,22411528-3,Dew Point,CURRENT,°C,14.139719820741785
2026-08-19T08:55:00+00:00,22411529-1,Temperature,CURRENT,°C,14.754960937500002
2026-08-19T08:55:00+00:00,22411529-2,RH,CURRENT,%,98.31082627603571
2026-08-19T08:55:00+00:00,22411529-3,Dew Point,CURRENT,°C,14.509338148455358
2026-08-19T08:55:00+00:00,22411530-1,Temperature,CURRENT,°C,15.1625146484375
2026-08-19T08:55:00+00:00,22411530-2,RH,CURRENT,%,93.19752803845273
2026-08-19T08:55:00+00:00,22411530-3,Dew Point,CURRENT,°C,14.089084362495594
2026-08-19T08:56:00+00:00,22411541-S,Battery,CURRENT,V,8.273855712890626
2026-08-19T09:00:00+00:00,22411189-1,Temperature,CURRENT,°C,14.604809570312497
2026-08-19T09:00:00+00:00,22411189-2,RH,CURRENT,%,97.33424887464713
2026-08-19T09:00:00+00:00,22411189-3,Dew Point,CURRENT,°C,14.204847425342077
2026-08-19T09:00:00+00:00,22411190-1,Temperature,CURRENT,°C,14.754960937500002
2026-08-19T09:00:00+00:00,22411190-2,RH,CURRENT,%,93.60494392309452
2026-08-19T09:00:00+00:00,22411190-3,Dew Point,CURRENT,°C,13.751564239381882
2026-08-19T09:00:00+00:00,22411191-1,Temperature,CURRENT,°C,15.1196142578125
2026-08-19T09:00:00+00:00,22411191-2,RH,CURRENT,%,94.90043488212406
2026-08-19T09:00:00+00:00,22411191-3,Dew Point,CURRENT,°C,14.32634204429446
2026-08-19T09:00:00+00:00,22411525-1,Temperature,CURRENT,°C,15.141064453124997
2026-08-19T09:00:00+00:00,22411525-2,RH,CURRENT,%,92.44220645456626
2026-08-19T09:00:00+00:00,22411525-3,Dew Point,CURRENT,°C,13.942195593922035
2026-08-19T09:00:00+00:00,22411526-1,Temperature,CURRENT,°C,14.368857421875
2026-08-19T09:00:00+00:00,22411526-2,RH,CURRENT,%,96.09826810101472
2026-08-19T09:00:00+00:00,22411526-3,Dew Point,CURRENT,°C,13.7722789971674
2026-08-19T09:00:00+00:00,22411527-1,Temperature,CURRENT,°C,15.226865234374998
2026-08-19T09:00:00+00:00,22411527-2,RH,CURRENT,%,92.52918287937743
2026-08-19T09:00:00+00:00,22411527-3,Dew Point,CURRENT,°C,14.041824625657723
2026-08-19T09:00:00+00:00,22411528-1,Temperature,CURRENT,°C,14.4117578125
2026-08-19T09:00:00+00:00,22411528-2,RH,CURRENT,%,97.14808880750743
2026-08-19T09:00:00+00:00,22411528-3,Dew Point,CURRENT,°C,13.982583766703845
2026-08-19T09:00:00+00:00,22411529-1,Temperature,CURRENT,°C,14.754960937500002
2026-08-19T09:00:00+00:00,22411529-2,RH,CURRENT,%,98.64957656214237
2026-08-19T09:00:00+00:00,22411529-3,Dew Point,CURRENT,°C,14.562649779363793
2026-08-19T09:00:00+00:00,22411530-1,Temperature,CURRENT,°C,15.012363281249996
2026-08-19T09:00:00+00:00,22411530-2,RH,CURRENT,%,93.23262378881513
2026-08-19T09:00:00+00:00,22411530-3,Dew Point,CURRENT,°C,13.945797643356146
2026-08-19T09:01:00+00:00,22411541-S,Battery,CURRENT,V,8.260932861328126
2026-08-19T09:05:00+00:00,22411189-1,Temperature,CURRENT,°C,14.604809570312497
2026-08-19T09:05:00+00:00,22411189-2,RH,CURRENT,%,98.29709315632869
2026-08-19T09:05:00+00:00,22411189-3,Dew Point,CURRENT,°C,14.357099516054681
2026-08-19T09:05:00+00:00,22411190-1,Temperature,CURRENT,°C,14.733510742187498
2026-08-19T09:05:00+00:00,22411190-2,RH,CURRENT,%,94.42282749675746
2026-08-19T09:05:00+00:00,22411190-3,Dew Point,CURRENT,°C,13.864296782078435
2026-08-19T09:05:00+00:00,22411191-1,Temperature,CURRENT,°C,15.205415039062501
2026-08-19T09:05:00+00:00,22411191-2,RH,CURRENT,%,95.27580682078279
2026-08-19T09:05:00+00:00,22411191-3,Dew Point,CURRENT,°C,14.472865276660952
2026-08-19T09:05:00+00:00,22411525-1,Temperature,CURRENT,°C,15.269765624999998
2026-08-19T09:05:00+00:00,22411525-2,RH,CURRENT,%,92.64209964141298
2026-08-19T09:05:00+00:00,22411525-3,Dew Point,CURRENT,°C,14.103220927505182
2026-08-19T09:05:00+00:00,22411526-1,Temperature,CURRENT,°C,14.261606445312495
2026-08-19T09:05:00+00:00,22411526-2,RH,CURRENT,%,96.83527885862516
2026-08-19T09:05:00+00:00,22411526-3,Dew Point,CURRENT,°C,13.783029027467183
2026-08-19T09:05:00+00:00,22411527-1,Temperature,CURRENT,°C,15.377016601562495
2026-08-19T09:05:00+00:00,22411527-2,RH,CURRENT,%,92.48645761806668
2026-08-19T09:05:00+00:00,22411527-3,Dew Point,CURRENT,°C,14.183648146664007
2026-08-19T09:05:00+00:00,22411528-1,Temperature,CURRENT,°C,14.304506835937495
2026-08-19T09:05:00+00:00,22411528-2,RH,CURRENT,%,97.77065690089265
2026-08-19T09:05:00+00:00,22411528-3,Dew Point,CURRENT,°C,13.974067660369952
2026-08-19T09:05:00+00:00,22411529-1,Temperature,CURRENT,°C,14.733510742187498
2026-08-19T09:05:00+00:00,22411529-2,RH,CURRENT,%,98.5427634088655
2026-08-19T09:05:00+00:00,22411529-3,Dew Point,CURRENT,°C,14.524411460373049
2026-08-19T09:05:00+00:00,22411530-1,Temperature,CURRENT,°C,15.0767138671875
2026-08-19T09:05:00+00:00,22411530-2,RH,CURRENT,%,93.92996108949416
2026-08-19T09:05:00+00:00,22411530-3,Dew Point,CURRENT,°C,14.124760092695308
2026-08-19T09:06:00+00:00,22411541-S,Battery,CURRENT,V,8.270625
2026-08-19T09:10:00+00:00,22411189-1,Temperature,CURRENT,°C,14.754960937500002
2026-08-19T09:10:00+00:00,22411189-2,RH,CURRENT,%,97.70962081330586
2026-08-19T09:10:00+00:00,22411189-3,Dew Point,CURRENT,°C,14.414324003202656
2026-08-19T09:10:00+00:00,22411190-1,Temperature,CURRENT,°C,14.862211914062499
2026-08-19T09:10:00+00:00,22411190-2,RH,CURRENT,%,94.07186999313345
2026-08-19T09:10:00+00:00,22411190-3,Dew Point,CURRENT,°C,13.934846367437487
2026-08-19T09:10:00+00:00,22411191-1,Temperature,CURRENT,°C,15.462817382812496
2026-08-19T09:10:00+00:00,22411191-2,RH,CURRENT,%,93.85061417563134
2026-08-19T09:10:00+00:00,22411191-3,Dew Point,CURRENT,°C,14.495417927372504
2026-08-19T09:10:00+00:00,22411525-1,Temperature,CURRENT,°C,15.548618164062496
2026-08-19T09:10:00+00:00,22411525-2,RH,CURRENT,%,91.2092774853132
2026-08-19T09:10:00+00:00,22411525-3,Dew Point,CURRENT,°C,14.138857543773723
2026-08-19T09:10:00+00:00,22411526-1,Temperature,CURRENT,°C,14.368857421875
2026-08-19T09:10:00+00:00,22411526-2,RH,CURRENT,%,97.30678263523308
2026-08-19T09:10:00+00:00,22411526-3,Dew Point,CURRENT,°C,13.964946843786832
2026-08-19T09:10:00+00:00,22411527-1,Temperature,CURRENT,°C,15.677319335937497
2026-08-19T09:10:00+00:00,22411527-2,RH,CURRENT,%,90.98191805905242
2026-08-19T09:10:00+00:00,22411527-3,Dew Point,CURRENT,°C,14.227719346099954
2026-08-19T09:10:00+00:00,22411528-1,Temperature,CURRENT,°C,14.390307617187496
2026-08-19T09:10:00+00:00,22411528-2,RH,CURRENT,%,98.25436789501794
2026-08-19T09:10:00+00:00,22411528-3,Dew Point,CURRENT,°C,14.1359910082322
2026-08-19T09:10:00+00:00,22411529-1,Temperature,CURRENT,°C,14.690610351562498
2026-08-19T09:10:00+00:00,22411529-2,RH,CURRENT,%,98.51071946288243
2026-08-19T09:10:00+00:00,22411529-3,Dew Point,CURRENT,°C,14.476481720492588
2026-08-19T09:10:00+00:00,22411530-1,Temperature,CURRENT,°C,15.312666015624998
2026-08-19T09:10:00+00:00,22411530-2,RH,CURRENT,%,92.67872129396505
2026-08-19T09:10:00+00:00,22411530-3,Dew Point,CURRENT,°C,14.151894447745095
2026-08-19T09:11:00+00:00,22411541-S,Battery,CURRENT,V,8.260932861328126
2026-08-19T09:15:00+00:00,22411189-1,Temperature,CURRENT,°C,14.9051123046875
2026-08-19T09:15:00+00:00,22411189-2,RH,CURRENT,%,97.30373083085374
2026-08-19T09:15:00+00:00,22411189-3,Dew Point,CURRENT,°C,14.499773574361399
2026-08-19T09:15:00+00:00,22411190-1,Temperature,CURRENT,°C,15.012363281249996
2026-08-19T09:15:00+00:00,22411190-2,RH,CURRENT,%,93.64919508659494
2026-08-19T09:15:00+00:00,22411190-3,Dew Point,CURRENT,°C,14.014588030888257
2026-08-19T09:15:00+00:00,22411191-1,Temperature,CURRENT,°C,15.655869140625
2026-08-19T09:15:00+00:00,22411191-2,RH,CURRENT,%,93.09529259174487
2026-08-19T09:15:00+00:00,22411191-3,Dew Point,CURRENT,°C,14.561945492961737
2026-08-19T09:15:00+00:00,22411525-1,Temperature,CURRENT,°C,15.741669921875001
2026-08-19T09:15:00+00:00,22411525-2,RH,CURRENT,%,90.40360112916763
2026-08-19T09:15:00+00:00,22411525-3,Dew Point,CURRENT,°C,14.19282793846177
2026-08-19T09:15:00+00:00,22411526-1,Temperature,CURRENT,°C,14.476108398437496
2026-08-19T09:15:00+00:00,22411526-2,RH,CURRENT,%,97.22590981918059
2026-08-19T09:15:00+00:00,22411526-3,Dew Point,CURRENT,°C,14.05917133998499
2026-08-19T09:15:00+00:00,22411527-1,Temperature,CURRENT,°C,15.870371093749995
2026-08-19T09:15:00+00:00,22411527-2,RH,CURRENT,%,90.13962005035478
2026-08-19T09:15:00+00:00,22411527-3,Dew Point,CURRENT,°C,14.274906341162069
2026-08-19T09:15:00+00:00,22411528-1,Temperature,CURRENT,°C,14.49755859375
2026-08-19T09:15:00+00:00,22411528-2,RH,CURRENT,%,98.36423285267415
2026-08-19T09:15:00+00:00,22411528-3,Dew Point,CURRENT,°C,14.260462491352206
2026-08-19T09:15:00+00:00,22411529-1,Temperature,CURRENT,°C,14.712060546875001
2026-08-19T09:15:00+00:00,22411529-2,RH,CURRENT,%,98.70908674753949
2026-08-19T09:15:00+00:00,22411529-3,Dew Point,CURRENT,°C,14.529098454974974
2026-08-19T09:15:00+00:00,22411530-1,Temperature,CURRENT,°C,15.505717773437496
2026-08-19T09:15:00+00:00,22411530-2,RH,CURRENT,%,91.82269016556039
2026-08-19T09:15:00+00:00,22411530-3,Dew Point,CURRENT,°C,14.199937046249863
2026-08-19T09:16:00+00:00,22411541-S,Battery,CURRENT,V,8.2577021484375
2026-08-19T09:20:00+00:00,22411189-1,Temperature,CURRENT,°C,14.9051123046875
2026-08-19T09:20:00+00:00,22411189-2,RH,CURRENT,%,96.81391622796978
2026-08-19T09:20:00+00:00,22411189-3,Dew Point,CURRENT,°C,14.42160556249775
2026-08-19T09:20:00+00:00,22411190-1,Temperature,CURRENT,°C,15.0338134765625
2026-08-19T09:20:00+00:00,22411190-2,RH,CURRENT,%,93.03120469977874
2026-08-19T09:20:00+00:00,22411190-3,Dew Point,CURRENT,°C,13.933734192978035
2026-08-19T09:20:00+00:00,22411191-1,Temperature,CURRENT,°C,15.655869140625
2026-08-19T09:20:00+00:00,22411191-2,RH,CURRENT,%,92.54291599908446
2026-08-19T09:20:00+00:00,22411191-3,Dew Point,CURRENT,°C,14.469726463840058
2026-08-19T09:20:00+00:00,22411525-1,Temperature,CURRENT,°C,15.763120117187498
2026-08-19T09:20:00+00:00,22411525-2,RH,CURRENT,%,89.94277866788738
2026-08-19T09:20:00+00:00,22411525-3,Dew Point,CURRENT,°C,14.135069856165607
2026-08-19T09:20:00+00:00,22411526-1,Temperature,CURRENT,°C,14.476108398437496
2026-08-19T09:20:00+00:00,22411526-2,RH,CURRENT,%,96.96803234912642
2026-08-19T09:20:00+00:00,22411526-3,Dew Point,CURRENT,°C,14.018171276960274
2026-08-19T09:20:00+00:00,22411527-1,Temperature,CURRENT,°C,15.913271484374995
2026-08-19T09:20:00+00:00,22411527-2,RH,CURRENT,%,89.70321202410925
2026-08-19T09:20:00+00:00,22411527-3,Dew Point,CURRENT,°C,14.24226411676031
2026-08-19T09:20:00+00:00,22411528-1,Temperature,CURRENT,°C,14.49755859375
2026-08-19T09:20:00+00:00,22411528-2,RH,CURRENT,%,98.08957045853361
2026-08-19T09:20:00+00:00,22411528-3,Dew Point,CURRENT,°C,14.217227439335563
2026-08-19T09:20:00+00:00,22411529-1,Temperature,CURRENT,°C,14.690610351562498
2026-08-19T09:20:00+00:00,22411529-2,RH,CURRENT,%,98.64957656214237
2026-08-19T09:20:00+00:00,22411529-3,Dew Point,CURRENT,°C,14.498304100784912
2026-08-19T09:20:00+00:00,22411530-1,Temperature,CURRENT,°C,15.505717773437496
2026-08-19T09:20:00+00:00,22411530-2,RH,CURRENT,%,91.20622568093385
2026-08-19T09:20:00+00:00,22411530-3,Dew Point,CURRENT,°C,14.095855601783242
2026-08-19T09:21:00+00:00,22411541-S,Battery,CURRENT,V,8.254471435546876
2026-08-19T09:25:00+00:00,22411189-1,Temperature,CURRENT,°C,15.1196142578125
2026-08-19T09:25:00+00:00,22411189-2,RH,CURRENT,%,96.38818951705196
2026-08-19T09:25:00+00:00,22411189-3,Dew Point,CURRENT,°C,14.567257367870845
2026-08-19T09:25:00+00:00,22411190-1,Temperature,CURRENT,°C,15.269765624999998
2026-08-19T09:25:00+00:00,22411190-2,RH,CURRENT,%,92.71992065308613
2026-08-19T09:25:00+00:00,22411190-3,Dew Point,CURRENT,°C,14.116190562450324
2026-08-19T09:25:00+00:00,22411191-1,Temperature,CURRENT,°C,16.041972656249996
2026-08-19T09:25:00+00:00,22411191-2,RH,CURRENT,%,91.47173266193637
2026-08-19T09:25:00+00:00,22411191-3,Dew Point,CURRENT,°C,14.67200432942561
2026-08-19T09:25:00+00:00,22411525-1,Temperature,CURRENT,°C,16.1492236328125
2026-08-19T09:25:00+00:00,22411525-2,RH,CURRENT,%,88.65186541542687
2026-08-19T09:25:00+00:00,22411525-3,Dew Point,CURRENT,°C,14.292949508599662
2026-08-19T09:25:00+00:00,22411526-1,Temperature,CURRENT,°C,14.647709960937497
2026-08-19T09:25:00+00:00,22411526-2,RH,CURRENT,%,96.98329137102311
2026-08-19T09:25:00+00:00,22411526-3,Dew Point,CURRENT,°C,14.191830238492347
2026-08-19T09:25:00+00:00,22411527-1,Temperature,CURRENT,°C,16.2779248046875
2026-08-19T09:25:00+00:00,22411527-2,RH,CURRENT,%,88.42603189135576
2026-08-19T09:25:00+00:00,22411527-3,Dew Point,CURRENT,°C,14.380467225395726
2026-08-19T09:25:00+00:00,22411528-1,Temperature,CURRENT,°C,14.647709960937497
2026-08-19T09:25:00+00:00,22411528-2,RH,CURRENT,%,97.9034103913939
2026-08-19T09:25:00+00:00,22411528-3,Dew Point,CURRENT,°C,14.337863430718201
2026-08-19T09:25:00+00:00,22411529-1,Temperature,CURRENT,°C,14.583359375
2026-08-19T09:25:00+00:00,22411529-2,RH,CURRENT,%,98.21774624246586
2026-08-19T09:25:00+00:00,22411529-3,Dew Point,CURRENT,°C,14.323165145270597
2026-08-19T09:25:00+00:00,22411530-1,Temperature,CURRENT,°C,15.870371093749995
2026-08-19T09:25:00+00:00,22411530-2,RH,CURRENT,%,90.24795910582132
2026-08-19T09:25:00+00:00,22411530-3,Dew Point,CURRENT,°C,14.293485744002359
2026-08-19T09:26:00+00:00,22411541-S,Battery,CURRENT,V,8.2577021484375
2026-08-19T09:30:00+00:00,22411189-1,Temperature,CURRENT,°C,15.248315429687501
2026-08-19T09:30:00+00:00,22411189-2,RH,CURRENT,%,95.93957427328908
2026-08-19T09:30:00+00:00,22411189-3,Dew Point,CURRENT,°C,14.623208362954857
2026-08-19T09:30:00+00:00,22411190-1,Temperature,CURRENT,°C,15.419916992187495
2026-08-19T09:30:00+00:00,22411190-2,RH,CURRENT,%,92.0531013962005
2026-08-19T09:30:00+00:00,22411190-3,Dew Point,CURRENT,°C,14.153614800406011
2026-08-19T09:30:00+00:00,22411191-1,Temperature,CURRENT,°C,16.041972656249996
2026-08-19T09:30:00+00:00,22411191-2,RH,CURRENT,%,91.5403982604715
2026-08-19T09:30:00+00:00,22411191-3,Dew Point,CURRENT,°C,14.683647423855689
2026-08-19T09:30:00+00:00,22411525-1,Temperature,CURRENT,°C,16.1063232421875
2026-08-19T09:30:00+00:00,22411525-2,RH,CURRENT,%,89.05775539787899
2026-08-19T09:30:00+00:00,22411525-3,Dew Point,CURRENT,°C,14.32127105067813
2026-08-19T09:30:00+00:00,22411526-1,Temperature,CURRENT,°C,14.776411132812498
2026-08-19T09:30:00+00:00,22411526-2,RH,CURRENT,%,96.58503089951934
2026-08-19T09:30:00+00:00,22411526-3,Dew Point,CURRENT,°C,14.256602199162135
2026-08-19T09:30:00+00:00,22411527-1,Temperature,CURRENT,°C,16.213574218749997
2026-08-19T09:30:00+00:00,22411527-2,RH,CURRENT,%,88.90211337453269
2026-08-19T09:30:00+00:00,22411527-3,Dew Point,CURRENT,°C,14.400086329634162
2026-08-19T09:30:00+00:00,22411528-1,Temperature,CURRENT,°C,14.733510742187498
2026-08-19T09:30:00+00:00,22411528-2,RH,CURRENT,%,97.7325093461509
2026-08-19T09:30:00+00:00,22411528-3,Dew Point,CURRENT,°C,14.396526712327574
2026-08-19T09:30:00+00:00,22411529-1,Temperature,CURRENT,°C,14.561909179687497
2026-08-19T09:30:00+00:00,22411529-2,RH,CURRENT,%,98.42526894026093
2026-08-19T09:30:00+00:00,22411529-3,Dew Point,CURRENT,°C,14.33438368144517
2026-08-19T09:30:00+00:00,22411530-1,Temperature,CURRENT,°C,15.913271484374995
2026-08-19T09:30:00+00:00,22411530-2,RH,CURRENT,%,90.53788052185855
2026-08-19T09:30:00+00:00,22411530-3,Dew Point,CURRENT,°C,14.38555513943248
2026-08-19T09:31:00+00:00,22411541-S,Battery,CURRENT,V,8.254471435546876
2026-08-19T09:35:00+00:00,22411189-1,Temperature,CURRENT,°C,15.419916992187495
2026-08-19T09:35:00+00:00,22411189-2,RH,CURRENT,%,94.94926375219349
2026-08-19T09:35:00+00:00,22411189-3,Dew Point,CURRENT,°C,14.633171258145993
2026-08-19T09:35:00+00:00,22411190-1,Temperature,CURRENT,°C,15.570068359375
2026-08-19T09:35:00+00:00,22411190-2,RH,CURRENT,%,91.28709849698635
2026-08-19T09:35:00+00:00,22411190-3,Dew Point,CURRENT,°C,14.173279350642373
2026-08-19T09:35:00+00:00,22411191-1,Temperature,CURRENT,°C,16.127773437499997
2026-08-19T09:35:00+00:00,22411191-2,RH,CURRENT,%,90.94377050431068
2026-08-19T09:35:00+00:00,22411191-3,Dew Point,CURRENT,°C,14.667162665590142
2026-08-19T09:35:00+00:00,22411525-1,Temperature,CURRENT,°C,16.213574218749997
2026-08-19T09:35:00+00:00,22411525-2,RH,CURRENT,%,88.44129091325246
2026-08-19T09:35:00+00:00,22411525-3,Dew Point,CURRENT,°C,14.319653442490734
2026-08-19T09:35:00+00:00,22411526-1,Temperature,CURRENT,°C,14.9051123046875
2026-08-19T09:35:00+00:00,22411526-2,RH,CURRENT,%,95.9792477302205
2026-08-19T09:35:00+00:00,22411526-3,Dew Point,CURRENT,°C,14.287600557751317
2026-08-19T09:35:00+00:00,22411527-1,Temperature,CURRENT,°C,16.3208251953125
2026-08-19T09:35:00+00:00,22411527-2,RH,CURRENT,%,88.2383459220264
2026-08-19T09:35:00+00:00,22411527-3,Dew Point,CURRENT,°C,14.389892291564186
2026-08-19T09:35:00+00:00,22411528-1,Temperature,CURRENT,°C,14.862211914062499
2026-08-19T09:35:00+00:00,22411528-2,RH,CURRENT,%,97.24879835202563
2026-08-19T09:35:00+00:00,22411528-3,Dew Point,CURRENT,°C,14.448202541942186
2026-08-19T09:35:00+00:00,22411529-1,Temperature,CURRENT,°C,14.647709960937497
2026-08-19T09:35:00+00:00,22411529-2,RH,CURRENT,%,98.99137865262837
2026-08-19T09:35:00+00:00,22411529-3,Dew Point,CURRENT,°C,14.508990792636794
2026-08-19T09:35:00+00:00,22411530-1,Temperature,CURRENT,°C,15.999072265624996
2026-08-19T09:35:00+00:00,22411530-2,RH,CURRENT,%,89.6803234912642
2026-08-19T09:35:00+00:00,22411530-3,Dew Point,CURRENT,°C,14.323110738826987
2026-08-19T09:36:00+00:00,22411541-S,Battery,CURRENT,V,8.254471435546876
2026-08-19T09:40:00+00:00,22411189-1,Temperature,CURRENT,°C,15.098164062499997
2026-08-19T09:40:00+00:00,22411189-2,RH,CURRENT,%,94.76615548943313
2026-08-19T09:40:00+00:00,22411189-3,Dew Point,CURRENT,°C,14.283092346244596
2026-08-19T09:40:00+00:00,22411190-1,Temperature,CURRENT,°C,15.269765624999998
2026-08-19T09:40:00+00:00,22411190-2,RH,CURRENT,%,91.06736858167392
2026-08-19T09:40:00+00:00,22411190-3,Dew Point,CURRENT,°C,13.838701080076948
2026-08-19T09:40:00+00:00,22411191-1,Temperature,CURRENT,°C,15.655869140625
2026-08-19T09:40:00+00:00,22411191-2,RH,CURRENT,%,91.56176089112688
2026-08-19T09:40:00+00:00,22411191-3,Dew Point,CURRENT,°C,14.304725960072297
2026-08-19T09:40:00+00:00,22411525-1,Temperature,CURRENT,°C,15.741669921875001
2026-08-19T09:40:00+00:00,22411525-2,RH,CURRENT,%,88.95399404898146
2026-08-19T09:40:00+00:00,22411525-3,Dew Point,CURRENT,°C,13.94322614001879
2026-08-19T09:40:00+00:00,22411526-1,Temperature,CURRENT,°C,14.754960937500002
2026-08-19T09:40:00+00:00,22411526-2,RH,CURRENT,%,94.5967803463798
2026-08-19T09:40:00+00:00,22411526-3,Dew Point,CURRENT,°C,13.914012968976529
2026-08-19T09:40:00+00:00,22411527-1,Temperature,CURRENT,°C,15.848920898437498
2026-08-19T09:40:00+00:00,22411527-2,RH,CURRENT,%,88.83497367818723
2026-08-19T09:40:00+00:00,22411527-3,Dew Point,CURRENT,°C,14.028442742541678
2026-08-19T09:40:00+00:00,22411528-1,Temperature,CURRENT,°C,14.669160156250001
2026-08-19T09:40:00+00:00,22411528-2,RH,CURRENT,%,96.06317235065232
2026-08-19T09:40:00+00:00,22411528-3,Dew Point,CURRENT,°C,14.065955232122654
2026-08-19T09:40:00+00:00,22411529-1,Temperature,CURRENT,°C,14.669160156250001
2026-08-19T09:40:00+00:00,22411529-2,RH,CURRENT,%,98.90135042343786
2026-08-19T09:40:00+00:00,22411529-3,Dew Point,CURRENT,°C,14.516348245041767
2026-08-19T09:40:00+00:00,22411530-1,Temperature,CURRENT,°C,15.52716796875
2026-08-19T09:40:00+00:00,22411530-2,RH,CURRENT,%,90.50125886930648
2026-08-19T09:40:00+00:00,22411530-3,Dew Point,CURRENT,°C,13.997294893774432
2026-08-19T09:41:00+00:00,22411541-S,Battery,CURRENT,V,8.2577021484375
2026-08-19T09:45:00+00:00,22411189-1,Temperature,CURRENT,°C,14.4117578125
2026-08-19T09:45:00+00:00,22411189-2,RH,CURRENT,%,97.07484550240329
2026-08-19T09:45:00+00:00,22411189-3,Dew Point,CURRENT,°C,13.970946248677766
2026-08-19T09:45:00+00:00,22411190-1,Temperature,CURRENT,°C,14.583359375
2026-08-19T09:45:00+00:00,22411190-2,RH,CURRENT,%,92.73365377279316
2026-08-19T09:45:00+00:00,22411190-3,Dew Point,CURRENT,°C,13.437316023476269
2026-08-19T09:45:00+00:00,22411191-1,Temperature,CURRENT,°C,14.712060546875001
2026-08-19T09:45:00+00:00,22411191-2,RH,CURRENT,%,95.01792935072862
2026-08-19T09:45:00+00:00,22411191-3,Dew Point,CURRENT,°C,13.939839484290253
2026-08-19T09:45:00+00:00,22411525-1,Temperature,CURRENT,°C,14.733510742187498
2026-08-19T09:45:00+00:00,22411525-2,RH,CURRENT,%,92.6710917830167
2026-08-19T09:45:00+00:00,22411525-3,Dew Point,CURRENT,°C,13.57594131289448
2026-08-19T09:45:00+00:00,22411526-1,Temperature,CURRENT,°C,14.261606445312495
2026-08-19T09:45:00+00:00,22411526-2,RH,CURRENT,%,95.18730449378195
2026-08-19T09:45:00+00:00,22411526-3,Dew Point,CURRENT,°C,13.518863335817006
2026-08-19T09:45:00+00:00,22411527-1,Temperature,CURRENT,°C,14.797861328124995
2026-08-19T09:45:00+00:00,22411527-2,RH,CURRENT,%,92.68940260929274
2026-08-19T09:45:00+00:00,22411527-3,Dew Point,CURRENT,°C,13.642835745699278
2026-08-19T09:45:00+00:00,22411528-1,Temperature,CURRENT,°C,14.175805664062501
2026-08-19T09:45:00+00:00,22411528-2,RH,CURRENT,%,97.08247501335164
2026-08-19T09:45:00+00:00,22411528-3,Dew Point,CURRENT,°C,13.736686770813948
2026-08-19T09:45:00+00:00,22411529-1,Temperature,CURRENT,°C,14.390307617187496
2026-08-19T09:45:00+00:00,22411529-2,RH,CURRENT,%,96.55603875791562
2026-08-19T09:45:00+00:00,22411529-3,Dew Point,CURRENT,°C,13.866900311005976
2026-08-19T09:45:00+00:00,22411530-1,Temperature,CURRENT,°C,14.647709960937497
2026-08-19T09:45:00+00:00,22411530-2,RH,CURRENT,%,93.676661326009
2026-08-19T09:45:00+00:00,22411530-3,Dew Point,CURRENT,°C,13.656796624572229
2026-08-19T09:46:00+00:00,22411541-S,Battery,CURRENT,V,8.254471435546876
2026-08-19T09:50:00+00:00,22411189-1,Temperature,CURRENT,°C,14.111455078124997
2026-08-19T09:50:00+00:00,22411189-2,RH,CURRENT,%,97.95834287022201
2026-08-19T09:50:00+00:00,22411189-3,Dew Point,CURRENT,°C,13.810790799328062
2026-08-19T09:50:00+00:00,22411190-1,Temperature,CURRENT,°C,14.261606445312495
2026-08-19T09:50:00+00:00,22411190-2,RH,CURRENT,%,93.97116044861524
2026-08-19T09:50:00+00:00,22411190-3,Dew Point,CURRENT,°C,13.321332557262469
2026-08-19T09:50:00+00:00,22411191-1,Temperature,CURRENT,°C,14.390307617187496
2026-08-19T09:50:00+00:00,22411191-2,RH,CURRENT,%,96.4614328221561
2026-08-19T09:50:00+00:00,22411191-3,Dew Point,CURRENT,°C,13.851788748057713
2026-08-19T09:50:00+00:00,22411525-1,Temperature,CURRENT,°C,14.433208007812496
2026-08-19T09:50:00+00:00,22411525-2,RH,CURRENT,%,93.91012436102845
2026-08-19T09:50:00+00:00,22411525-3,Dew Point,CURRENT,°C,13.481916807780992
2026-08-19T09:50:00+00:00,22411526-1,Temperature,CURRENT,°C,13.982753906249997
2026-08-19T09:50:00+00:00,22411526-2,RH,CURRENT,%,95.91973754482338
2026-08-19T09:50:00+00:00,22411526-3,Dew Point,CURRENT,°C,13.35888615867541
2026-08-19T09:50:00+00:00,22411527-1,Temperature,CURRENT,°C,14.49755859375
2026-08-19T09:50:00+00:00,22411527-2,RH,CURRENT,%,93.90707255664911
2026-08-19T09:50:00+00:00,22411527-3,Dew Point,CURRENT,°C,13.545375721440841
2026-08-19T09:50:00+00:00,22411528-1,Temperature,CURRENT,°C,13.939853515624996
2026-08-19T09:50:00+00:00,22411528-2,RH,CURRENT,%,97.75997558556496
2026-08-19T09:50:00+00:00,22411528-3,Dew Point,CURRENT,°C,13.608159441055921
2026-08-19T09:50:00+00:00,22411529-1,Temperature,CURRENT,°C,14.261606445312495
2026-08-19T09:50:00+00:00,22411529-2,RH,CURRENT,%,97.54024567025253
2026-08-19T09:50:00+00:00,22411529-3,Dew Point,CURRENT,°C,13.894830126038071
2026-08-19T09:50:00+00:00,22411530-1,Temperature,CURRENT,°C,14.325957031249999
2026-08-19T09:50:00+00:00,22411530-2,RH,CURRENT,%,94.84397650110628
2026-08-19T09:50:00+00:00,22411530-3,Dew Point,CURRENT,°C,13.5273605691737
2026-08-19T09:51:00+00:00,22411541-S,Battery,CURRENT,V,8.254471435546876
2026-08-19T09:55:00+00:00,22411189-1,Temperature,CURRENT,°C,13.9184033203125
2026-08-19T09:55:00+00:00,22411189-2,RH,CURRENT,%,99.18974593728542
2026-08-19T09:55:00+00:00,22411189-3,Dew Point,CURRENT,°C,13.810272105214132
2026-08-19T09:55:00+00:00,22411190-1,Temperature,CURRENT,°C,14.0900048828125
2026-08-19T09:55:00+00:00,22411190-2,RH,CURRENT,%,95.13237201495384
2026-08-19T09:55:00+00:00,22411190-3,Dew Point,CURRENT,°C,13.339161057989129
2026-08-19T09:55:00+00:00,22411191-1,Temperature,CURRENT,°C,14.390307617187496
2026-08-19T09:55:00+00:00,22411191-2,RH,CURRENT,%,96.96498054474708
2026-08-19T09:55:00+00:00,22411191-3,Dew Point,CURRENT,°C,13.932072178278196
2026-08-19T09:55:00+00:00,22411525-1,Temperature,CURRENT,°C,14.454658203125
2026-08-19T09:55:00+00:00,22411525-2,RH,CURRENT,%,94.28091859311819
2026-08-19T09:55:00+00:00,22411525-3,Dew Point,CURRENT,°C,13.563825738973842
2026-08-19T09:55:00+00:00,22411526-1,Temperature,CURRENT,°C,13.768251953124995
2026-08-19T09:55:00+00:00,22411526-2,RH,CURRENT,%,96.9787136644541
2026-08-19T09:55:00+00:00,22411526-3,Dew Point,CURRENT,°C,13.313545866265093
2026-08-19T09:55:00+00:00,22411527-1,Temperature,CURRENT,°C,14.561909179687497
2026-08-19T09:55:00+00:00,22411527-2,RH,CURRENT,%,94.18631265735867
2026-08-19T09:55:00+00:00,22411527-3,Dew Point,CURRENT,°C,13.655022528433703
2026-08-19T09:55:00+00:00,22411528-1,Temperature,CURRENT,°C,13.768251953124995
2026-08-19T09:55:00+00:00,22411528-2,RH,CURRENT,%,98.59006637674526
2026-08-19T09:55:00+00:00,22411528-3,Dew Point,CURRENT,°C,13.56673189877296
2026-08-19T09:55:00+00:00,22411529-1,Temperature,CURRENT,°C,14.154355468749998
2026-08-19T09:55:00+00:00,22411529-2,RH,CURRENT,%,97.1801327534905
2026-08-19T09:55:00+00:00,22411529-3,Dew Point,CURRENT,°C,13.730762433330696
2026-08-19T09:55:00+00:00,22411530-1,Temperature,CURRENT,°C,14.261606445312495
2026-08-19T09:55:00+00:00,22411530-2,RH,CURRENT,%,95.57335774776837
2026-08-19T09:55:00+00:00,22411530-3,Dew Point,CURRENT,°C,13.581104505454313
2026-08-19T09:56:00+00:00,22411541-S,Battery,CURRENT,V,8.260932861328126
2026-08-19T10:00:00+00:00,22411189-1,Temperature,CURRENT,°C,13.768251953124995
2026-08-19T10:00:00+00:00,22411189-2,RH,CURRENT,%,99.6780346379797
2026-08-19T10:00:00+00:00,22411189-3,Dew Point,CURRENT,°C,13.735634459848152
2026-08-19T10:00:00+00:00,22411190-1,Temperature,CURRENT,°C,13.9184033203125
2026-08-19T10:00:00+00:00,22411190-2,RH,CURRENT,%,95.50774395361258
2026-08-19T10:00:00+00:00,22411190-3,Dew Point,CURRENT,°C,13.228720545718735
2026-08-19T10:00:00+00:00,22411191-1,Temperature,CURRENT,°C,14.111455078124997
2026-08-19T10:00:00+00:00,22411191-2,RH,CURRENT,%,97.62874799725337
2026-08-19T10:00:00+00:00,22411191-3,Dew Point,CURRENT,°C,13.758866466447254
2026-08-19T10:00:00+00:00,22411525-1,Temperature,CURRENT,°C,14.132905273437501
2026-08-19T10:00:00+00:00,22411525-2,RH,CURRENT,%,95.06065461203937
2026-08-19T10:00:00+00:00,22411525-3,Dew Point,CURRENT,°C,13.370287049664263
2026-08-19T10:00:00+00:00,22411526-1,Temperature,CURRENT,°C,13.618100585937498
2026-08-19T10:00:00+00:00,22411526-2,RH,CURRENT,%,97.48073548485542
2026-08-19T10:00:00+00:00,22411526-3,Dew Point,CURRENT,°C,13.24289796197496
2026-08-19T10:00:00+00:00,22411527-1,Temperature,CURRENT,°C,14.218706054687502
2026-08-19T10:00:00+00:00,22411527-2,RH,CURRENT,%,95.01029983978027
2026-08-19T10:00:00+00:00,22411527-3,Dew Point,CURRENT,°C,13.447551600642601
2026-08-19T10:00:00+00:00,22411528-1,Temperature,CURRENT,°C,13.618100585937498
2026-08-19T10:00:00+00:00,22411528-2,RH,CURRENT,%,99.02342259861143
2026-08-19T10:00:00+00:00,22411528-3,Dew Point,CURRENT,°C,13.483993169145347
2026-08-19T10:00:00+00:00,22411529-1,Temperature,CURRENT,°C,13.9184033203125
2026-08-19T10:00:00+00:00,22411529-2,RH,CURRENT,%,96.923781185626
2026-08-19T10:00:00+00:00,22411529-3,Dew Point,CURRENT,°C,13.454666511567297
2026-08-19T10:00:00+00:00,22411530-1,Temperature,CURRENT,°C,14.025654296874997
2026-08-19T10:00:00+00:00,22411530-2,RH,CURRENT,%,96.03112840466926
2026-08-19T10:00:00+00:00,22411530-3,Dew Point,CURRENT,°C,13.419464102117661
2026-08-19T10:01:00+00:00,22411541-S,Battery,CURRENT,V,8.25124072265625
2026-08-19T10:05:00+00:00,22411189-1,Temperature,CURRENT,°C,13.768251953124995
2026-08-19T10:05:00+00:00,22411189-2,RH,CURRENT,%,100
2026-08-19T10:05:00+00:00,22411189-3,Dew Point,CURRENT,°C,13.78530802811027
2026-08-19T10:05:00+00:00,22411190-1,Temperature,CURRENT,°C,13.939853515624996
2026-08-19T10:05:00+00:00,22411190-2,RH,CURRENT,%,96.30884260318913
2026-08-19T10:05:00+00:00,22411190-3,Dew Point,CURRENT,°C,13.37828961083652
2026-08-19T10:05:00+00:00,22411191-1,Temperature,CURRENT,°C,14.261606445312495
2026-08-19T10:05:00+00:00,22411191-2,RH,CURRENT,%,98.37491416800184
2026-08-19T10:05:00+00:00,22411191-3,Dew Point,CURRENT,°C,14.02628768667704
2026-08-19T10:05:00+00:00,22411525-1,Temperature,CURRENT,°C,14.304506835937495
2026-08-19T10:05:00+00:00,22411525-2,RH,CURRENT,%,95.68322270542458
2026-08-19T10:05:00+00:00,22411525-3,Dew Point,CURRENT,°C,13.641514117255642
2026-08-19T10:05:00+00:00,22411526-1,Temperature,CURRENT,°C,13.55375
2026-08-19T10:05:00+00:00,22411526-2,RH,CURRENT,%,98.00411993591212
2026-08-19T10:05:00+00:00,22411526-3,Dew Point,CURRENT,°C,13.260772291822493
2026-08-19T10:05:00+00:00,22411527-1,Temperature,CURRENT,°C,14.433208007812496
2026-08-19T10:05:00+00:00,22411527-2,RH,CURRENT,%,95.6725413900969
2026-08-19T10:05:00+00:00,22411527-3,Dew Point,CURRENT,°C,13.76800527507007
2026-08-19T10:05:00+00:00,22411528-1,Temperature,CURRENT,°C,13.575200195312497
2026-08-19T10:05:00+00:00,22411528-2,RH,CURRENT,%,99.45983062485695
2026-08-19T10:05:00+00:00,22411528-3,Dew Point,CURRENT,°C,13.508657466758098
2026-08-19T10:05:00+00:00,22411529-1,Temperature,CURRENT,°C,13.854052734374996
2026-08-19T10:05:00+00:00,22411529-2,RH,CURRENT,%,97.91103990234225
2026-08-19T10:05:00+00:00,22411529-3,Dew Point,CURRENT,°C,13.546200872227574
2026-08-19T10:05:00+00:00,22411530-1,Temperature,CURRENT,°C,14.154355468749998
2026-08-19T10:05:00+00:00,22411530-2,RH,CURRENT,%,96.91767757686732
2026-08-19T10:05:00+00:00,22411530-3,Dew Point,CURRENT,°C,13.689122852918379
2026-08-19T10:06:00+00:00,22411541-S,Battery,CURRENT,V,8.25124072265625
2026-08-19T10:10:00+00:00,22411189-1,Temperature,CURRENT,°C,13.8326025390625
2026-08-19T10:10:00+00:00,22411189-2,RH,CURRENT,%,100
2026-08-19T10:10:00+00:00,22411189-3,Dew Point,CURRENT,°C,13.849761380337776
2026-08-19T10:10:00+00:00,22411190-1,Temperature,CURRENT,°C,14.0042041015625
2026-08-19T10:10:00+00:00,22411190-2,RH,CURRENT,%,96.26459143968872
2026-08-19T10:10:00+00:00,22411190-3,Dew Point,CURRENT,°C,13.435385784654178
2026-08-19T10:10:00+00:00,22411191-1,Temperature,CURRENT,°C,14.390307617187496
2026-08-19T10:10:00+00:00,22411191-2,RH,CURRENT,%,98.00411993591212
2026-08-19T10:10:00+00:00,22411191-3,Dew Point,CURRENT,°C,14.096598225123557
2026-08-19T10:10:00+00:00,22411525-1,Temperature,CURRENT,°C,14.454658203125
2026-08-19T10:10:00+00:00,22411525-2,RH,CURRENT,%,95.32921339742123
2026-08-19T10:10:00+00:00,22411525-3,Dew Point,CURRENT,°C,13.733997292447514
2026-08-19T10:10:00+00:00,22411526-1,Temperature,CURRENT,°C,13.532299804687497
2026-08-19T10:10:00+00:00,22411526-2,RH,CURRENT,%,98.11398489356833
2026-08-19T10:10:00+00:00,22411526-3,Dew Point,CURRENT,°C,13.256528372134616
2026-08-19T10:10:00+00:00,22411527-1,Temperature,CURRENT,°C,14.604809570312497
2026-08-19T10:10:00+00:00,22411527-2,RH,CURRENT,%,95.17051956969559
2026-08-19T10:10:00+00:00,22411527-3,Dew Point,CURRENT,°C,13.857822432033323
2026-08-19T10:10:00+00:00,22411528-1,Temperature,CURRENT,°C,13.55375
2026-08-19T10:10:00+00:00,22411528-2,RH,CURRENT,%,99.4171053635462
2026-08-19T10:10:00+00:00,22411528-3,Dew Point,CURRENT,°C,13.480583503746471
2026-08-19T10:10:00+00:00,22411529-1,Temperature,CURRENT,°C,13.9184033203125
2026-08-19T10:10:00+00:00,22411529-2,RH,CURRENT,%,98.77775234607462
2026-08-19T10:10:00+00:00,22411529-3,Dew Point,CURRENT,°C,13.746150470082174
2026-08-19T10:10:00+00:00,22411530-1,Temperature,CURRENT,°C,14.240156249999998
2026-08-19T10:10:00+00:00,22411530-2,RH,CURRENT,%,96.42328526741436
2026-08-19T10:10:00+00:00,22411530-3,Dew Point,CURRENT,°C,13.695970930009294
2026-08-19T10:11:00+00:00,22411541-S,Battery,CURRENT,V,8.25124072265625
2026-08-19T10:15:00+00:00,22411189-1,Temperature,CURRENT,°C,14.0042041015625
2026-08-19T10:15:00+00:00,22411189-2,RH,CURRENT,%,100
2026-08-19T10:15:00+00:00,22411189-3,Dew Point,CURRENT,°C,14.021636975935445
2026-08-19T10:15:00+00:00,22411190-1,Temperature,CURRENT,°C,14.132905273437501
2026-08-19T10:15:00+00:00,22411190-2,RH,CURRENT,%,96.79560540169375
2026-08-19T10:15:00+00:00,22411190-3,Dew Point,CURRENT,°C,13.648323038439438
2026-08-19T10:15:00+00:00,22411191-1,Temperature,CURRENT,°C,14.583359375
2026-08-19T10:15:00+00:00,22411191-2,RH,CURRENT,%,97.32967116807812
2026-08-19T10:15:00+00:00,22411191-3,Dew Point,CURRENT,°C,14.1827072766193
2026-08-19T10:15:00+00:00,22411525-1,Temperature,CURRENT,°C,14.626259765625
2026-08-19T10:15:00+00:00,22411525-2,RH,CURRENT,%,94.60746166170749
2026-08-19T10:15:00+00:00,22411525-3,Dew Point,CURRENT,°C,13.787721892301713
2026-08-19T10:15:00+00:00,22411526-1,Temperature,CURRENT,°C,13.682451171875002
2026-08-19T10:15:00+00:00,22411526-2,RH,CURRENT,%,98.52597848477913
2026-08-19T10:15:00+00:00,22411526-3,Dew Point,CURRENT,°C,13.470949905040216
2026-08-19T10:15:00+00:00,22411527-1,Temperature,CURRENT,°C,14.712060546875001
2026-08-19T10:15:00+00:00,22411527-2,RH,CURRENT,%,94.52048523689632
2026-08-19T10:15:00+00:00,22411527-3,Dew Point,CURRENT,°C,13.858897506896756
2026-08-19T10:15:00+00:00,22411528-1,Temperature,CURRENT,°C,13.746801757812499
2026-08-19T10:15:00+00:00,22411528-2,RH,CURRENT,%,99.76043335622187
2026-08-19T10:15:00+00:00,22411528-3,Dew Point,CURRENT,°C,13.726882377802678
2026-08-19T10:15:00+00:00,22411529-1,Temperature,CURRENT,°C,13.982753906249997
2026-08-19T10:15:00+00:00,22411529-2,RH,CURRENT,%,98.974593728542
2026-08-19T10:15:00+00:00,22411529-3,Dew Point,CURRENT,°C,13.841187550540512
2026-08-19T10:15:00+00:00,22411530-1,Temperature,CURRENT,°C,14.476108398437496
2026-08-19T10:15:00+00:00,22411530-2,RH,CURRENT,%,95.6923781185626
2026-08-19T10:15:00+00:00,22411530-3,Dew Point,CURRENT,°C,13.813936291312789
2026-08-19T10:16:00+00:00,22411541-S,Battery,CURRENT,V,8.244779296875
2026-08-19T10:20:00+00:00,22411189-1,Temperature,CURRENT,°C,14.0900048828125
2026-08-19T10:20:00+00:00,22411189-2,RH,CURRENT,%,100
2026-08-19T10:20:00+00:00,22411189-3,Dew Point,CURRENT,°C,14.107574768093011
2026-08-19T10:20:00+00:00,22411190-1,Temperature,CURRENT,°C,14.218706054687502
2026-08-19T10:20:00+00:00,22411190-2,RH,CURRENT,%,96.34699015793088
2026-08-19T10:20:00+00:00,22411190-3,Dew Point,CURRENT,°C,13.662398352601201
2026-08-19T10:20:00+00:00,22411191-1,Temperature,CURRENT,°C,14.604809570312497
2026-08-19T10:20:00+00:00,22411191-2,RH,CURRENT,%,97.08247501335164
2026-08-19T10:20:00+00:00,22411191-3,Dew Point,CURRENT,°C,14.164817205910724
2026-08-19T10:20:00+00:00,22411525-1,Temperature,CURRENT,°C,14.626259765625
2026-08-19T10:20:00+00:00,22411525-2,RH,CURRENT,%,94.48844129091326
2026-08-19T10:20:00+00:00,22411525-3,Dew Point,CURRENT,°C,13.768328847653242
2026-08-19T10:20:00+00:00,22411526-1,Temperature,CURRENT,°C,13.789702148437499
2026-08-19T10:20:00+00:00,22411526-2,RH,CURRENT,%,98.6633096818494
2026-08-19T10:20:00+00:00,22411526-3,Dew Point,CURRENT,°C,13.599602909291775
2026-08-19T10:20:00+00:00,22411527-1,Temperature,CURRENT,°C,14.712060546875001
2026-08-19T10:20:00+00:00,22411527-2,RH,CURRENT,%,94.48691538872359
2026-08-19T10:20:00+00:00,22411527-3,Dew Point,CURRENT,°C,13.853421712135841
2026-08-19T10:20:00+00:00,22411528-1,Temperature,CURRENT,°C,13.854052734374996
2026-08-19T10:20:00+00:00,22411528-2,RH,CURRENT,%,99.85198748760205
2026-08-19T10:20:00+00:00,22411528-3,Dew Point,CURRENT,°C,13.84841197257282
2026-08-19T10:20:00+00:00,22411529-1,Temperature,CURRENT,°C,14.111455078124997
2026-08-19T10:20:00+00:00,22411529-2,RH,CURRENT,%,99.45525291828794
2026-08-19T10:20:00+00:00,22411529-3,Dew Point,CURRENT,°C,14.044701779033764
2026-08-19T10:20:00+00:00,22411530-1,Temperature,CURRENT,°C,14.519008789062497
2026-08-19T10:20:00+00:00,22411530-2,RH,CURRENT,%,95.44365606164645
2026-08-19T10:20:00+00:00,22411530-3,Dew Point,CURRENT,°C,13.816561006601802
2026-08-19T10:21:00+00:00,22411541-S,Battery,CURRENT,V,8.244779296875
2026-08-19T10:25:00+00:00,22411189-1,Temperature,CURRENT,°C,14.218706054687502
2026-08-19T10:25:00+00:00,22411189-2,RH,CURRENT,%,99.71618219272145
2026-08-19T10:25:00+00:00,22411189-3,Dew Point,CURRENT,°C,14.19254350571194
2026-08-19T10:25:00+00:00,22411190-1,Temperature,CURRENT,°C,14.325957031249999
2026-08-19T10:25:00+00:00,22411190-2,RH,CURRENT,%,96.07080186160067
2026-08-19T10:25:00+00:00,22411190-3,Dew Point,CURRENT,°C,13.72511738031493
2026-08-19T10:25:00+00:00,22411191-1,Temperature,CURRENT,°C,14.647709960937497
2026-08-19T10:25:00+00:00,22411191-2,RH,CURRENT,%,96.96955825131609
2026-08-19T10:25:00+00:00,22411191-3,Dew Point,CURRENT,°C,14.189641448422748
2026-08-19T10:25:00+00:00,22411525-1,Temperature,CURRENT,°C,14.647709960937497
2026-08-19T10:25:00+00:00,22411525-2,RH,CURRENT,%,94.42282749675746
2026-08-19T10:25:00+00:00,22411525-3,Dew Point,CURRENT,°C,13.778962296635935
2026-08-19T10:25:00+00:00,22411526-1,Temperature,CURRENT,°C,13.939853515624996
2026-08-19T10:25:00+00:00,22411526-2,RH,CURRENT,%,98.80521858548867
2026-08-19T10:25:00+00:00,22411526-3,Dew Point,CURRENT,°C,13.771885363749389
2026-08-19T10:25:00+00:00,22411527-1,Temperature,CURRENT,°C,14.733510742187498
2026-08-19T10:25:00+00:00,22411527-2,RH,CURRENT,%,94.43198290989548
2026-08-19T10:25:00+00:00,22411527-3,Dew Point,CURRENT,°C,13.865791492841524
2026-08-19T10:25:00+00:00,22411528-1,Temperature,CURRENT,°C,14.0042041015625
2026-08-19T10:25:00+00:00,22411528-2,RH,CURRENT,%,100
2026-08-19T10:25:00+00:00,22411528-3,Dew Point,CURRENT,°C,14.021636975935445
2026-08-19T10:25:00+00:00,22411529-1,Temperature,CURRENT,°C,14.304506835937495
2026-08-19T10:25:00+00:00,22411529-2,RH,CURRENT,%,99.77111467154955
2026-08-19T10:25:00+00:00,22411529-3,Dew Point,CURRENT,°C,14.286969791087841
2026-08-19T10:25:00+00:00,22411530-1,Temperature,CURRENT,°C,14.561909179687497
2026-08-19T10:25:00+00:00,22411530-2,RH,CURRENT,%,95.37041275654231
2026-08-19T10:25:00+00:00,22411530-3,Dew Point,CURRENT,°C,13.84745086911294
2026-08-19T10:26:00+00:00,22411541-S,Battery,CURRENT,V,8.244779296875
2026-08-19T10:30:00+00:00,22411189-1,Temperature,CURRENT,°C,14.433208007812496
2026-08-19T10:30:00+00:00,22411189-2,RH,CURRENT,%,99.22484168764782
2026-08-19T10:30:00+00:00,22411189-3,Dew Point,CURRENT,°C,14.330858159394511
2026-08-19T10:30:00+00:00,22411190-1,Temperature,CURRENT,°C,14.540458984375
2026-08-19T10:30:00+00:00,22411190-2,RH,CURRENT,%,95.53063248645762
2026-08-19T10:30:00+00:00,22411190-3,Dew Point,CURRENT,°C,13.85196276405989
2026-08-19T10:30:00+00:00,22411191-1,Temperature,CURRENT,°C,14.840761718749995
2026-08-19T10:30:00+00:00,22411191-2,RH,CURRENT,%,96.32257572289616
2026-08-19T10:30:00+00:00,22411191-3,Dew Point,CURRENT,°C,14.278687575590508
2026-08-19T10:30:00+00:00,22411525-1,Temperature,CURRENT,°C,14.862211914062499
2026-08-19T10:30:00+00:00,22411525-2,RH,CURRENT,%,93.70565346761272
2026-08-19T10:30:00+00:00,22411525-3,Dew Point,CURRENT,°C,13.874695859680463
2026-08-19T10:30:00+00:00,22411526-1,Temperature,CURRENT,°C,14.132905273437501
2026-08-19T10:30:00+00:00,22411526-2,RH,CURRENT,%,98.85099565117876
2026-08-19T10:30:00+00:00,22411526-3,Dew Point,CURRENT,°C,13.972107287625517
2026-08-19T10:30:00+00:00,22411527-1,Temperature,CURRENT,°C,14.926562499999996
2026-08-19T10:30:00+00:00,22411527-2,RH,CURRENT,%,93.64919508659494
2026-08-19T10:30:00+00:00,22411527-3,Dew Point,CURRENT,°C,13.929340280549338
2026-08-19T10:30:00+00:00,22411528-1,Temperature,CURRENT,°C,14.218706054687502
2026-08-19T10:30:00+00:00,22411528-2,RH,CURRENT,%,99.99389639124132
2026-08-19T10:30:00+00:00,22411528-3,Dew Point,CURRENT,°C,14.235537698947875
2026-08-19T10:30:00+00:00,22411529-1,Temperature,CURRENT,°C,14.454658203125
2026-08-19T10:30:00+00:00,22411529-2,RH,CURRENT,%,99.83978027008469
2026-08-19T10:30:00+00:00,22411529-3,Dew Point,CURRENT,°C,14.44797360437929
2026-08-19T10:30:00+00:00,22411530-1,Temperature,CURRENT,°C,14.776411132812498
2026-08-19T10:30:00+00:00,22411530-2,RH,CURRENT,%,94.61051346608683
2026-08-19T10:30:00+00:00,22411530-3,Dew Point,CURRENT,°C,13.93759051907133
2026-08-19T10:31:00+00:00,22411541-S,Battery,CURRENT,V,8.244779296875
2026-08-19T10:35:00+00:00,22411189-1,Temperature,CURRENT,°C,14.647709960937497
2026-08-19T10:35:00+00:00,22411189-2,RH,CURRENT,%,98.36423285267415
2026-08-19T10:35:00+00:00,22411189-3,Dew Point,CURRENT,°C,14.41054917056607
2026-08-19T10:35:00+00:00,22411190-1,Temperature,CURRENT,°C,14.797861328124995
2026-08-19T10:35:00+00:00,22411190-2,RH,CURRENT,%,94.52353704127566
2026-08-19T10:35:00+00:00,22411190-3,Dew Point,CURRENT,°C,13.944740702389243
2026-08-19T10:35:00+00:00,22411191-1,Temperature,CURRENT,°C,15.0338134765625
2026-08-19T10:35:00+00:00,22411191-2,RH,CURRENT,%,95.54131380178531
2026-08-19T10:35:00+00:00,22411191-3,Dew Point,CURRENT,°C,14.345067229884451
2026-08-19T10:35:00+00:00,22411525-1,Temperature,CURRENT,°C,15.012363281249996
2026-08-19T10:35:00+00:00,22411525-2,RH,CURRENT,%,93.00984206912337
2026-08-19T10:35:00+00:00,22411525-3,Dew Point,CURRENT,°C,13.908897895234208
2026-08-19T10:35:00+00:00,22411526-1,Temperature,CURRENT,°C,14.261606445312495
2026-08-19T10:35:00+00:00,22411526-2,RH,CURRENT,%,98.58548867017625
2026-08-19T10:35:00+00:00,22411526-3,Dew Point,CURRENT,°C,14.059297859035764
2026-08-19T10:35:00+00:00,22411527-1,Temperature,CURRENT,°C,15.098164062499997
2026-08-19T10:35:00+00:00,22411527-2,RH,CURRENT,%,93.05409323262379
2026-08-19T10:35:00+00:00,22411527-3,Dew Point,CURRENT,°C,14.001414360778336
2026-08-19T10:35:00+00:00,22411528-1,Temperature,CURRENT,°C,14.325957031249999
2026-08-19T10:35:00+00:00,22411528-2,RH,CURRENT,%,99.67956054016938
2026-08-19T10:35:00+00:00,22411528-3,Dew Point,CURRENT,°C,14.294246017072467
2026-08-19T10:35:00+00:00,22411529-1,Temperature,CURRENT,°C,14.540458984375
2026-08-19T10:35:00+00:00,22411529-2,RH,CURRENT,%,99.68719005111772
2026-08-19T10:35:00+00:00,22411529-3,Dew Point,CURRENT,°C,14.510191740634452
2026-08-19T10:35:00+00:00,22411530-1,Temperature,CURRENT,°C,14.9480126953125
2026-08-19T10:35:00+00:00,22411530-2,RH,CURRENT,%,93.88418402380407
2026-08-19T10:35:00+00:00,22411530-3,Dew Point,CURRENT,°C,13.989319072154798
2026-08-19T10:36:00+00:00,22411541-S,Battery,CURRENT,V,8.244779296875
2026-08-19T10:40:00+00:00,22411189-1,Temperature,CURRENT,°C,14.926562499999996
2026-08-19T10:40:00+00:00,22411189-2,RH,CURRENT,%,97.20302128633554
2026-08-19T10:40:00+00:00,22411189-3,Dew Point,CURRENT,°C,14.505139496154872
2026-08-19T10:40:00+00:00,22411190-1,Temperature,CURRENT,°C,15.205415039062501
2026-08-19T10:40:00+00:00,22411190-2,RH,CURRENT,%,93.17311360341802
2026-08-19T10:40:00+00:00,22411190-3,Dew Point,CURRENT,°C,14.127635138520661
2026-08-19T10:40:00+00:00,22411191-1,Temperature,CURRENT,°C,15.205415039062501
2026-08-19T10:40:00+00:00,22411191-2,RH,CURRENT,%,94.87602044708935
2026-08-19T10:40:00+00:00,22411191-3,Dew Point,CURRENT,°C,14.407744534367385
2026-08-19T10:40:00+00:00,22411525-1,Temperature,CURRENT,°C,15.1625146484375
2026-08-19T10:40:00+00:00,22411525-2,RH,CURRENT,%,92.52307927061875
2026-08-19T10:40:00+00:00,22411525-3,Dew Point,CURRENT,°C,13.97696572140922
2026-08-19T10:40:00+00:00,22411526-1,Temperature,CURRENT,°C,14.347407226562495
2026-08-19T10:40:00+00:00,22411526-2,RH,CURRENT,%,98.30472266727703
2026-08-19T10:40:00+00:00,22411526-3,Dew Point,CURRENT,°C,14.101028166178963
2026-08-19T10:40:00+00:00,22411527-1,Temperature,CURRENT,°C,15.248315429687501
2026-08-19T10:40:00+00:00,22411527-2,RH,CURRENT,%,92.55970092317082
2026-08-19T10:40:00+00:00,22411527-3,Dew Point,CURRENT,°C,14.068196793738888
2026-08-19T10:40:00+00:00,22411528-1,Temperature,CURRENT,°C,14.368857421875
2026-08-19T10:40:00+00:00,22411528-2,RH,CURRENT,%,99.39574273289082
2026-08-19T10:40:00+00:00,22411528-3,Dew Point,CURRENT,°C,14.293083360707026
2026-08-19T10:40:00+00:00,22411529-1,Temperature,CURRENT,°C,14.583359375
2026-08-19T10:40:00+00:00,22411529-2,RH,CURRENT,%,99.45067521171893
2026-08-19T10:40:00+00:00,22411529-3,Dew Point,CURRENT,°C,14.516329387801038
2026-08-19T10:40:00+00:00,22411530-1,Temperature,CURRENT,°C,15.141064453124997
2026-08-19T10:40:00+00:00,22411530-2,RH,CURRENT,%,93.27382314793621
2026-08-19T10:40:00+00:00,22411530-3,Dew Point,CURRENT,°C,14.080421297902463
2026-08-19T10:41:00+00:00,22411541-S,Battery,CURRENT,V,8.23831787109375
2026-08-19T10:45:00+00:00,22411189-1,Temperature,CURRENT,°C,15.334116210937495
2026-08-19T10:45:00+00:00,22411189-2,RH,CURRENT,%,95.70000762951095
2026-08-19T10:45:00+00:00,22411189-3,Dew Point,CURRENT,°C,14.669912401960735
2026-08-19T10:45:00+00:00,22411190-1,Temperature,CURRENT,°C,15.61296875
2026-08-19T10:45:00+00:00,22411190-2,RH,CURRENT,%,91.5754940108339
2026-08-19T10:45:00+00:00,22411190-3,Dew Point,CURRENT,°C,14.264540268079239
2026-08-19T10:45:00+00:00,22411191-1,Temperature,CURRENT,°C,15.4413671875
2026-08-19T10:45:00+00:00,22411191-2,RH,CURRENT,%,94.17105363546197
2026-08-19T10:45:00+00:00,22411191-3,Dew Point,CURRENT,°C,14.52691324178934
2026-08-19T10:45:00+00:00,22411525-1,Temperature,CURRENT,°C,15.398466796874999
2026-08-19T10:45:00+00:00,22411525-2,RH,CURRENT,%,91.92950331883726
2026-08-19T10:45:00+00:00,22411525-3,Dew Point,CURRENT,°C,14.111592797359888
2026-08-19T10:45:00+00:00,22411526-1,Temperature,CURRENT,°C,14.561909179687497
2026-08-19T10:45:00+00:00,22411526-2,RH,CURRENT,%,98.14145113298238
2026-08-19T10:45:00+00:00,22411526-3,Dew Point,CURRENT,°C,14.28970717306584
2026-08-19T10:45:00+00:00,22411527-1,Temperature,CURRENT,°C,15.484267578125
2026-08-19T10:45:00+00:00,22411527-2,RH,CURRENT,%,91.91119249256123
2026-08-19T10:45:00+00:00,22411527-3,Dew Point,CURRENT,°C,14.193566471236839
2026-08-19T10:45:00+00:00,22411528-1,Temperature,CURRENT,°C,14.540458984375
2026-08-19T10:45:00+00:00,22411528-2,RH,CURRENT,%,99.19432364385443
2026-08-19T10:45:00+00:00,22411528-3,Dew Point,CURRENT,°C,14.433413986280476
2026-08-19T10:45:00+00:00,22411529-1,Temperature,CURRENT,°C,14.647709960937497
2026-08-19T10:45:00+00:00,22411529-2,RH,CURRENT,%,99.2263675898375
2026-08-19T10:45:00+00:00,22411529-3,Dew Point,CURRENT,°C,14.545735615812166
2026-08-19T10:45:00+00:00,22411530-1,Temperature,CURRENT,°C,15.398466796874999
2026-08-19T10:45:00+00:00,22411530-2,RH,CURRENT,%,92.50476844434272
2026-08-19T10:45:00+00:00,22411530-3,Dew Point,CURRENT,°C,14.20798727749153
2026-08-19T10:46:00+00:00,22411541-S,Battery,CURRENT,V,8.254471435546876
2026-08-19T10:50:00+00:00,22411189-1,Temperature,CURRENT,°C,15.763120117187498
2026-08-19T10:50:00+00:00,22411189-2,RH,CURRENT,%,94.14358739604792
2026-08-19T10:50:00+00:00,22411189-3,Dew Point,CURRENT,°C,14.842272140992314
2026-08-19T10:50:00+00:00,22411190-1,Temperature,CURRENT,°C,16.041972656249996
2026-08-19T10:50:00+00:00,22411190-2,RH,CURRENT,%,90.11978332188907
2026-08-19T10:50:00+00:00,22411190-3,Dew Point,CURRENT,°C,14.441189058139475
2026-08-19T10:50:00+00:00,22411191-1,Temperature,CURRENT,°C,15.741669921875001
2026-08-19T10:50:00+00:00,22411191-2,RH,CURRENT,%,93.16090638590066
2026-08-19T10:50:00+00:00,22411191-3,Dew Point,CURRENT,°C,14.658058739018362
2026-08-19T10:50:00+00:00,22411525-1,Temperature,CURRENT,°C,15.677319335937497
2026-08-19T10:50:00+00:00,22411525-2,RH,CURRENT,%,90.98649576562143
2026-08-19T10:50:00+00:00,22411525-3,Dew Point,CURRENT,°C,14.228497224783643
2026-08-19T10:50:00+00:00,22411526-1,Temperature,CURRENT,°C,14.969462890624996
2026-08-19T10:50:00+00:00,22411526-2,RH,CURRENT,%,97.40901808194094
2026-08-19T10:50:00+00:00,22411526-3,Dew Point,CURRENT,°C,14.580776508592763
2026-08-19T10:50:00+00:00,22411527-1,Temperature,CURRENT,°C,15.784570312500001
2026-08-19T10:50:00+00:00,22411527-2,RH,CURRENT,%,90.9529259174487
2026-08-19T10:50:00+00:00,22411527-3,Dew Point,CURRENT,°C,14.32896723394617
2026-08-19T10:50:00+00:00,22411528-1,Temperature,CURRENT,°C,14.926562499999996
2026-08-19T10:50:00+00:00,22411528-2,RH,CURRENT,%,98.67704280155642
2026-08-19T10:50:00+00:00,22411528-3,Dew Point,CURRENT,°C,14.738559507977934
2026-08-19T10:50:00+00:00,22411529-1,Temperature,CURRENT,°C,14.669160156250001
2026-08-19T10:50:00+00:00,22411529-2,RH,CURRENT,%,99.16533150225071
2026-08-19T10:50:00+00:00,22411529-3,Dew Point,CURRENT,°C,14.55766116640711
2026-08-19T10:50:00+00:00,22411530-1,Temperature,CURRENT,°C,15.720219726562497
2026-08-19T10:50:00+00:00,22411530-2,RH,CURRENT,%,91.53124284733349
2026-08-19T10:50:00+00:00,22411530-3,Dew Point,CURRENT,°C,14.363323791978376
2026-08-19T10:51:00+00:00,22411541-S,Battery,CURRENT,V,8.23831787109375
2026-08-19T10:55:00+00:00,22411189-1,Temperature,CURRENT,°C,16.1921240234375
2026-08-19T10:55:00+00:00,22411189-2,RH,CURRENT,%,92.91371023117418
2026-08-19T10:55:00+00:00,22411189-3,Dew Point,CURRENT,°C,15.063948795828415
2026-08-19T10:55:00+00:00,22411190-1,Temperature,CURRENT,°C,16.4709765625
2026-08-19T10:55:00+00:00,22411190-2,RH,CURRENT,%,88.99977111467155
2026-08-19T10:55:00+00:00,22411190-3,Dew Point,CURRENT,°C,14.67121874977783
2026-08-19T10:55:00+00:00,22411191-1,Temperature,CURRENT,°C,16.0205224609375
2026-08-19T10:55:00+00:00,22411191-2,RH,CURRENT,%,92.49103532463569
2026-08-19T10:55:00+00:00,22411191-3,Dew Point,CURRENT,°C,14.822778909985654
2026-08-19T10:55:00+00:00,22411525-1,Temperature,CURRENT,°C,15.934721679687499
2026-08-19T10:55:00+00:00,22411525-2,RH,CURRENT,%,90.39597161821928
2026-08-19T10:55:00+00:00,22411525-3,Dew Point,CURRENT,°C,14.382493872321763
2026-08-19T10:55:00+00:00,22411526-1,Temperature,CURRENT,°C,15.377016601562495
2026-08-19T10:55:00+00:00,22411526-2,RH,CURRENT,%,95.99450675211719
2026-08-19T10:55:00+00:00,22411526-3,Dew Point,CURRENT,°C,14.76034575962636
2026-08-19T10:55:00+00:00,22411527-1,Temperature,CURRENT,°C,16.0205224609375
2026-08-19T10:55:00+00:00,22411527-2,RH,CURRENT,%,90.4097047379263
2026-08-19T10:55:00+00:00,22411527-3,Dew Point,CURRENT,°C,14.469722152069753
2026-08-19T10:55:00+00:00,22411528-1,Temperature,CURRENT,°C,15.4413671875
2026-08-19T10:55:00+00:00,22411528-2,RH,CURRENT,%,97.4868390936141
2026-08-19T10:55:00+00:00,22411528-3,Dew Point,CURRENT,°C,15.06433710976958
2026-08-19T10:55:00+00:00,22411529-1,Temperature,CURRENT,°C,14.862211914062499
2026-08-19T10:55:00+00:00,22411529-2,RH,CURRENT,%,99.44609750514992
2026-08-19T10:55:00+00:00,22411529-3,Dew Point,CURRENT,°C,14.794723116172031
2026-08-19T10:55:00+00:00,22411530-1,Temperature,CURRENT,°C,15.999072265624996
2026-08-19T10:55:00+00:00,22411530-2,RH,CURRENT,%,90.92545967803464
2026-08-19T10:55:00+00:00,22411530-3,Dew Point,CURRENT,°C,14.536635031970519
2026-08-19T10:56:00+00:00,22411541-S,Battery,CURRENT,V,8.244779296875
2026-08-19T11:00:00+00:00,22411189-1,Temperature,CURRENT,°C,16.492426757812495
2026-08-19T11:00:00+00:00,22411189-2,RH,CURRENT,%,92.06683451590753
2026-08-19T11:00:00+00:00,22411189-3,Dew Point,CURRENT,°C,15.219251005649523
2026-08-19T11:00:00+00:00,22411190-1,Temperature,CURRENT,°C,16.771279296875
2026-08-19T11:00:00+00:00,22411190-2,RH,CURRENT,%,88.05065995269703
2026-08-19T11:00:00+00:00,22411190-3,Dew Point,CURRENT,°C,14.801077293011351
2026-08-19T11:00:00+00:00,22411191-1,Temperature,CURRENT,°C,16.256474609374997
2026-08-19T11:00:00+00:00,22411191-2,RH,CURRENT,%,91.83642328526741
2026-08-19T11:00:00+00:00,22411191-3,Dew Point,CURRENT,°C,14.94635357851435
2026-08-19T11:00:00+00:00,22411525-1,Temperature,CURRENT,°C,16.1921240234375
2026-08-19T11:00:00+00:00,22411525-2,RH,CURRENT,%,89.72304875257495
2026-08-19T11:00:00+00:00,22411525-3,Dew Point,CURRENT,°C,14.521273253931998
2026-08-19T11:00:00+00:00,22411526-1,Temperature,CURRENT,°C,15.870371093749995
2026-08-19T11:00:00+00:00,22411526-2,RH,CURRENT,%,94.38315403982605
2026-08-19T11:00:00+00:00,22411526-3,Dew Point,CURRENT,°C,14.988422157337714
2026-08-19T11:00:00+00:00,22411527-1,Temperature,CURRENT,°C,16.256474609374997
2026-08-19T11:00:00+00:00,22411527-2,RH,CURRENT,%,89.8313878080415
2026-08-19T11:00:00+00:00,22411527-3,Dew Point,CURRENT,°C,14.603581970704514
2026-08-19T11:00:00+00:00,22411528-1,Temperature,CURRENT,°C,15.934721679687499
2026-08-19T11:00:00+00:00,22411528-2,RH,CURRENT,%,95.68627450980392
2026-08-19T11:00:00+00:00,22411528-3,Dew Point,CURRENT,°C,15.265988974235029
2026-08-19T11:00:00+00:00,22411529-1,Temperature,CURRENT,°C,15.1196142578125
2026-08-19T11:00:00+00:00,22411529-2,RH,CURRENT,%,99.74670023651484
2026-08-19T11:00:00+00:00,22411529-3,Dew Point,CURRENT,°C,15.099338467174826
2026-08-19T11:00:00+00:00,22411530-1,Temperature,CURRENT,°C,16.256474609374997
2026-08-19T11:00:00+00:00,22411530-2,RH,CURRENT,%,90.16556038757916
2026-08-19T11:00:00+00:00,22411530-3,Dew Point,CURRENT,°C,14.661173525148723
2026-08-19T11:01:00+00:00,22411541-S,Battery,CURRENT,V,8.244779296875
2026-08-19T11:05:00+00:00,22411189-1,Temperature,CURRENT,°C,17.071582031249996
2026-08-19T11:05:00+00:00,22411189-2,RH,CURRENT,%,91.13603418020905
2026-08-19T11:05:00+00:00,22411189-3,Dew Point,CURRENT,°C,15.634467713543422
2026-08-19T11:05:00+00:00,22411190-1,Temperature,CURRENT,°C,17.286083984375004
2026-08-19T11:05:00+00:00,22411190-2,RH,CURRENT,%,87.44182497901885
2026-08-19T11:05:00+00:00,22411190-3,Dew Point,CURRENT,°C,15.20050265227519
2026-08-19T11:05:00+00:00,22411191-1,Temperature,CURRENT,°C,16.706928710937497
2026-08-19T11:05:00+00:00,22411191-2,RH,CURRENT,%,91.11772335393302
2026-08-19T11:05:00+00:00,22411191-3,Dew Point,CURRENT,°C,15.270269326481491
2026-08-19T11:05:00+00:00,22411525-1,Temperature,CURRENT,°C,16.621127929687496
2026-08-19T11:05:00+00:00,22411525-2,RH,CURRENT,%,89.09895475700007
2026-08-19T11:05:00+00:00,22411525-3,Dew Point,CURRENT,°C,14.836764235715297
2026-08-19T11:05:00+00:00,22411526-1,Temperature,CURRENT,°C,16.749829101562497
2026-08-19T11:05:00+00:00,22411526-2,RH,CURRENT,%,92.02868696116579
2026-08-19T11:05:00+00:00,22411526-3,Dew Point,CURRENT,°C,15.467972780831673
2026-08-19T11:05:00+00:00,22411527-1,Temperature,CURRENT,°C,16.664028320312497
2026-08-19T11:05:00+00:00,22411527-2,RH,CURRENT,%,89.13557640955214
2026-08-19T11:05:00+00:00,22411527-3,Dew Point,CURRENT,°C,14.885511423039787
2026-08-19T11:05:00+00:00,22411528-1,Temperature,CURRENT,°C,16.2350244140625
2026-08-19T11:05:00+00:00,22411528-2,RH,CURRENT,%,95.04081788357367
2026-08-19T11:05:00+00:00,22411528-3,Dew Point,CURRENT,°C,15.459423581176216
2026-08-19T11:05:00+00:00,22411529-1,Temperature,CURRENT,°C,15.505717773437496
2026-08-19T11:05:00+00:00,22411529-2,RH,CURRENT,%,99.98168917372396
2026-08-19T11:05:00+00:00,22411529-3,Dew Point,CURRENT,°C,15.522687344660943
2026-08-19T11:05:00+00:00,22411530-1,Temperature,CURRENT,°C,16.72837890625
2026-08-19T11:05:00+00:00,22411530-2,RH,CURRENT,%,89.48348210879682
2026-08-19T11:05:00+00:00,22411530-3,Dew Point,CURRENT,°C,15.009642711339069
2026-08-19T11:06:00+00:00,22411541-S,Battery,CURRENT,V,8.244779296875
2026-08-19T11:10:00+00:00,22411189-1,Temperature,CURRENT,°C,17.071582031249996
2026-08-19T11:10:00+00:00,22411189-2,RH,CURRENT,%,89.80392156862744
2026-08-19T11:10:00+00:00,22411189-3,Dew Point,CURRENT,°C,15.404474463773639
2026-08-19T11:10:00+00:00,22411190-1,Temperature,CURRENT,°C,17.286083984375004
2026-08-19T11:10:00+00:00,22411190-2,RH,CURRENT,%,86.14328221560999
2026-08-19T11:10:00+00:00,22411190-3,Dew Point,CURRENT,°C,14.967608900782194
2026-08-19T11:10:00+00:00,22411191-1,Temperature,CURRENT,°C,16.621127929687496
2026-08-19T11:10:00+00:00,22411191-2,RH,CURRENT,%,90.52414740215153
2026-08-19T11:10:00+00:00,22411191-3,Dew Point,CURRENT,°C,15.083538901634599
2026-08-19T11:10:00+00:00,22411525-1,Temperature,CURRENT,°C,16.513876953125
2026-08-19T11:10:00+00:00,22411525-2,RH,CURRENT,%,88.48249027237354
2026-08-19T11:10:00+00:00,22411525-3,Dew Point,CURRENT,°C,14.623136436129162
2026-08-19T11:10:00+00:00,22411526-1,Temperature,CURRENT,°C,17.0501318359375
2026-08-19T11:10:00+00:00,22411526-2,RH,CURRENT,%,89.39345387960631
2026-08-19T11:10:00+00:00,22411526-3,Dew Point,CURRENT,°C,15.311814659148958
2026-08-19T11:10:00+00:00,22411527-1,Temperature,CURRENT,°C,16.55677734375
2026-08-19T11:10:00+00:00,22411527-2,RH,CURRENT,%,88.66102082856489
2026-08-19T11:10:00+00:00,22411527-3,Dew Point,CURRENT,°C,14.696737045690012
2026-08-19T11:10:00+00:00,22411528-1,Temperature,CURRENT,°C,16.299374999999998
2026-08-19T11:10:00+00:00,22411528-2,RH,CURRENT,%,94.07492179751279
2026-08-19T11:10:00+00:00,22411528-3,Dew Point,CURRENT,°C,15.364014638411877
2026-08-19T11:10:00+00:00,22411529-1,Temperature,CURRENT,°C,15.827470703125002
2026-08-19T11:10:00+00:00,22411529-2,RH,CURRENT,%,99.86724650949874
2026-08-19T11:10:00+00:00,22411529-3,Dew Point,CURRENT,°C,15.82701272529194
2026-08-19T11:10:00+00:00,22411530-1,Temperature,CURRENT,°C,16.664028320312497
2026-08-19T11:10:00+00:00,22411530-2,RH,CURRENT,%,88.75715266651407
2026-08-19T11:10:00+00:00,22411530-3,Dew Point,CURRENT,°C,14.81940697118586
2026-08-19T11:11:00+00:00,22411541-S,Battery,CURRENT,V,8.244779296875
2026-08-19T11:15:00+00:00,22411189-1,Temperature,CURRENT,°C,16.8141796875
2026-08-19T11:15:00+00:00,22411189-2,RH,CURRENT,%,90.84000915541314
2026-08-19T11:15:00+00:00,22411189-3,Dew Point,CURRENT,°C,15.328846805812123
2026-08-19T11:15:00+00:00,22411190-1,Temperature,CURRENT,°C,17.0501318359375
2026-08-19T11:15:00+00:00,22411190-2,RH,CURRENT,%,87.03440909437705
2026-08-19T11:15:00+00:00,22411190-3,Dew Point,CURRENT,°C,14.895455705077419
2026-08-19T11:15:00+00:00,22411191-1,Temperature,CURRENT,°C,16.535327148437496
2026-08-19T11:15:00+00:00,22411191-2,RH,CURRENT,%,91.10093842984665
2026-08-19T11:15:00+00:00,22411191-3,Dew Point,CURRENT,°C,15.097490040531575
2026-08-19T11:15:00+00:00,22411525-1,Temperature,CURRENT,°C,16.4709765625
2026-08-19T11:15:00+00:00,22411525-2,RH,CURRENT,%,89.08522163729305
2026-08-19T11:15:00+00:00,22411525-3,Dew Point,CURRENT,°C,14.68610891046901
2026-08-19T11:15:00+00:00,22411526-1,Temperature,CURRENT,°C,16.857080078125
2026-08-19T11:15:00+00:00,22411526-2,RH,CURRENT,%,89.4743266956588
2026-08-19T11:15:00+00:00,22411526-3,Dew Point,CURRENT,°C,15.135197937491366
2026-08-19T11:15:00+00:00,22411527-1,Temperature,CURRENT,°C,16.513876953125
2026-08-19T11:15:00+00:00,22411527-2,RH,CURRENT,%,89.06691081101701
2026-08-19T11:15:00+00:00,22411527-3,Dew Point,CURRENT,°C,14.725278451639467
2026-08-19T11:15:00+00:00,22411528-1,Temperature,CURRENT,°C,16.299374999999998
2026-08-19T11:15:00+00:00,22411528-2,RH,CURRENT,%,93.58968490119783
2026-08-19T11:15:00+00:00,22411528-3,Dew Point,CURRENT,°C,15.283365181415073
2026-08-19T11:15:00+00:00,22411529-1,Temperature,CURRENT,°C,15.934721679687499
2026-08-19T11:15:00+00:00,22411529-2,RH,CURRENT,%,99.03257801174945
2026-08-19T11:15:00+00:00,22411529-3,Dew Point,CURRENT,°C,15.802961339033967
2026-08-19T11:15:00+00:00,22411530-1,Temperature,CURRENT,°C,16.535327148437496
2026-08-19T11:15:00+00:00,22411530-2,RH,CURRENT,%,89.54757000076295
2026-08-19T11:15:00+00:00,22411530-3,Dew Point,CURRENT,°C,14.83003962263263
2026-08-19T11:16:00+00:00,22411541-S,Battery,CURRENT,V,8.244779296875
2026-08-19T11:20:00+00:00,22411189-1,Temperature,CURRENT,°C,16.985781249999995
2026-08-19T11:20:00+00:00,22411189-2,RH,CURRENT,%,90.76523994811933
2026-08-19T11:20:00+00:00,22411189-3,Dew Point,CURRENT,°C,15.485833102918305
2026-08-19T11:20:00+00:00,22411190-1,Temperature,CURRENT,°C,17.264633789062493
2026-08-19T11:20:00+00:00,22411190-2,RH,CURRENT,%,86.67887388418403
2026-08-19T11:20:00+00:00,22411190-3,Dew Point,CURRENT,°C,15.042929964402658
2026-08-19T11:20:00+00:00,22411191-1,Temperature,CURRENT,°C,16.835629882812498
2026-08-19T11:20:00+00:00,22411191-2,RH,CURRENT,%,89.97482261387044
2026-08-19T11:20:00+00:00,22411191-3,Dew Point,CURRENT,°C,15.200886558842491
2026-08-19T11:20:00+00:00,22411525-1,Temperature,CURRENT,°C,16.749829101562497
2026-08-19T11:20:00+00:00,22411525-2,RH,CURRENT,%,87.91332875562676
2026-08-19T11:20:00+00:00,22411525-3,Dew Point,CURRENT,°C,14.755691702474376
2026-08-19T11:20:00+00:00,22411526-1,Temperature,CURRENT,°C,16.9214306640625
2026-08-19T11:20:00+00:00,22411526-2,RH,CURRENT,%,89.76729991607537
2026-08-19T11:20:00+00:00,22411526-3,Dew Point,CURRENT,°C,15.24971321273257
2026-08-19T11:20:00+00:00,22411527-1,Temperature,CURRENT,°C,16.792729492187497
2026-08-19T11:20:00+00:00,22411527-2,RH,CURRENT,%,87.92248416876478
2026-08-19T11:20:00+00:00,22411527-3,Dew Point,CURRENT,°C,14.799599690942268
2026-08-19T11:20:00+00:00,22411528-1,Temperature,CURRENT,°C,16.449526367187495
2026-08-19T11:20:00+00:00,22411528-2,RH,CURRENT,%,93.48134584573128
2026-08-19T11:20:00+00:00,22411528-3,Dew Point,CURRENT,°C,15.414452273208331
2026-08-19T11:20:00+00:00,22411529-1,Temperature,CURRENT,°C,16.0205224609375
2026-08-19T11:20:00+00:00,22411529-2,RH,CURRENT,%,98.35965514610514
2026-08-19T11:20:00+00:00,22411529-3,Dew Point,CURRENT,°C,15.782032864645629
2026-08-19T11:20:00+00:00,22411530-1,Temperature,CURRENT,°C,16.835629882812498
2026-08-19T11:20:00+00:00,22411530-2,RH,CURRENT,%,88.40314335851072
2026-08-19T11:20:00+00:00,22411530-3,Dew Point,CURRENT,°C,14.92662174361736
2026-08-19T11:21:00+00:00,22411541-S,Battery,CURRENT,V,8.25124072265625
2026-08-19T11:25:00+00:00,22411189-1,Temperature,CURRENT,°C,17.114482421874996
2026-08-19T11:25:00+00:00,22411189-2,RH,CURRENT,%,89.84512092774852
2026-08-19T11:25:00+00:00,22411189-3,Dew Point,CURRENT,°C,15.454035591038041
2026-08-19T11:25:00+00:00,22411190-1,Temperature,CURRENT,°C,17.350434570312494
2026-08-19T11:25:00+00:00,22411190-2,RH,CURRENT,%,86.25162127107653
2026-08-19T11:25:00+00:00,22411190-3,Dew Point,CURRENT,°C,15.050441669567137
2026-08-19T11:25:00+00:00,22411191-1,Temperature,CURRENT,°C,17.0072314453125
2026-08-19T11:25:00+00:00,22411191-2,RH,CURRENT,%,89.33241779201953
2026-08-19T11:25:00+00:00,22411191-3,Dew Point,CURRENT,°C,15.258790686451185
2026-08-19T11:25:00+00:00,22411525-1,Temperature,CURRENT,°C,16.942880859374995
2026-08-19T11:25:00+00:00,22411525-2,RH,CURRENT,%,87.17631799801633
2026-08-19T11:25:00+00:00,22411525-3,Dew Point,CURRENT,°C,14.815164249177895
2026-08-19T11:25:00+00:00,22411526-1,Temperature,CURRENT,°C,17.0072314453125
2026-08-19T11:25:00+00:00,22411526-2,RH,CURRENT,%,89.25612268253604
2026-08-19T11:25:00+00:00,22411526-3,Dew Point,CURRENT,°C,15.245473069952755
2026-08-19T11:25:00+00:00,22411527-1,Temperature,CURRENT,°C,16.985781249999995
2026-08-19T11:25:00+00:00,22411527-2,RH,CURRENT,%,87.23125047684444
2026-08-19T11:25:00+00:00,22411527-3,Dew Point,CURRENT,°C,14.867198919701027
2026-08-19T11:25:00+00:00,22411528-1,Temperature,CURRENT,°C,16.621127929687496
2026-08-19T11:25:00+00:00,22411528-2,RH,CURRENT,%,92.94422827496757
2026-08-19T11:25:00+00:00,22411528-3,Dew Point,CURRENT,°C,15.494882027232793
2026-08-19T11:25:00+00:00,22411529-1,Temperature,CURRENT,°C,16.256474609374997
2026-08-19T11:25:00+00:00,22411529-2,RH,CURRENT,%,98.75944151979859
2026-08-19T11:25:00+00:00,22411529-3,Dew Point,CURRENT,°C,16.081502352688208
2026-08-19T11:25:00+00:00,22411530-1,Temperature,CURRENT,°C,17.0072314453125
2026-08-19T11:25:00+00:00,22411530-2,RH,CURRENT,%,87.7454795147631
2026-08-19T11:25:00+00:00,22411530-3,Dew Point,CURRENT,°C,14.9797072091949
2026-08-19T11:26:00+00:00,22411541-S,Battery,CURRENT,V,8.2577021484375
2026-08-19T11:30:00+00:00,22411189-1,Temperature,CURRENT,°C,17.779438476562497
2026-08-19T11:30:00+00:00,22411189-2,RH,CURRENT,%,89.63607232776378
2026-08-19T11:30:00+00:00,22411189-3,Dew Point,CURRENT,°C,16.074723197409835
2026-08-19T11:30:00+00:00,22411190-1,Temperature,CURRENT,°C,17.972490234374995
2026-08-19T11:30:00+00:00,22411190-2,RH,CURRENT,%,85.94033722438391
2026-08-19T11:30:00+00:00,22411190-3,Dew Point,CURRENT,°C,15.605655642259707
2026-08-19T11:30:00+00:00,22411191-1,Temperature,CURRENT,°C,17.693637695312496
2026-08-19T11:30:00+00:00,22411191-2,RH,CURRENT,%,88.35736629282063
2026-08-19T11:30:00+00:00,22411191-3,Dew Point,CURRENT,°C,15.764882106071996
2026-08-19T11:30:00+00:00,22411525-1,Temperature,CURRENT,°C,17.629287109374992
2026-08-19T11:30:00+00:00,22411525-2,RH,CURRENT,%,86.25619897764554
2026-08-19T11:30:00+00:00,22411525-3,Dew Point,CURRENT,°C,15.325500414004562
2026-08-19T11:30:00+00:00,22411526-1,Temperature,CURRENT,°C,17.693637695312496
2026-08-19T11:30:00+00:00,22411526-2,RH,CURRENT,%,89.53536278324559
2026-08-19T11:30:00+00:00,22411526-3,Dew Point,CURRENT,°C,15.97232076815351
2026-08-19T11:30:00+00:00,22411527-1,Temperature,CURRENT,°C,17.693637695312496
2026-08-19T11:30:00+00:00,22411527-2,RH,CURRENT,%,86.21957732509347
2026-08-19T11:30:00+00:00,22411527-3,Dew Point,CURRENT,°C,15.382158140541184
2026-08-19T11:30:00+00:00,22411528-1,Temperature,CURRENT,°C,17.1359326171875
2026-08-19T11:30:00+00:00,22411528-2,RH,CURRENT,%,93.65835049973296
2026-08-19T11:30:00+00:00,22411528-3,Dew Point,CURRENT,°C,16.125928598070228
2026-08-19T11:30:00+00:00,22411529-1,Temperature,CURRENT,°C,16.685478515625
2026-08-19T11:30:00+00:00,22411529-2,RH,CURRENT,%,99.42168307011521
2026-08-19T11:30:00+00:00,22411529-3,Dew Point,CURRENT,°C,16.615779013159273
2026-08-19T11:30:00+00:00,22411530-1,Temperature,CURRENT,°C,17.693637695312496
2026-08-19T11:30:00+00:00,22411530-2,RH,CURRENT,%,86.98405432211796
2026-08-19T11:30:00+00:00,22411530-3,Dew Point,CURRENT,°C,15.519966766646888
2026-08-19T11:31:00+00:00,22411541-S,Battery,CURRENT,V,8.2577021484375
2026-08-19T11:35:00+00:00,22411189-1,Temperature,CURRENT,°C,19.173701171875003
2026-08-19T11:35:00+00:00,22411189-2,RH,CURRENT,%,86.4042114900435
2026-08-19T11:35:00+00:00,22411189-3,Dew Point,CURRENT,°C,16.871292324491446
2026-08-19T11:35:00+00:00,22411190-1,Temperature,CURRENT,°C,19.323852539062493
2026-08-19T11:35:00+00:00,22411190-2,RH,CURRENT,%,82.9205767910277
2026-08-19T11:35:00+00:00,22411190-3,Dew Point,CURRENT,°C,16.370192479759332
2026-08-19T11:35:00+00:00,22411191-1,Temperature,CURRENT,°C,18.680346679687496
2026-08-19T11:35:00+00:00,22411191-2,RH,CURRENT,%,86.2333104448005
2026-08-19T11:35:00+00:00,22411191-3,Dew Point,CURRENT,°C,16.354925009120308
2026-08-19T11:35:00+00:00,22411525-1,Temperature,CURRENT,°C,18.573095703125
2026-08-19T11:35:00+00:00,22411525-2,RH,CURRENT,%,84.32440680552376
2026-08-19T11:35:00+00:00,22411525-3,Dew Point,CURRENT,°C,15.898281906461792
2026-08-19T11:35:00+00:00,22411526-1,Temperature,CURRENT,°C,19.238051757812492
2026-08-19T11:35:00+00:00,22411526-2,RH,CURRENT,%,85.56496528572518
2026-08-19T11:35:00+00:00,22411526-3,Dew Point,CURRENT,°C,16.780511496020022
2026-08-19T11:35:00+00:00,22411527-1,Temperature,CURRENT,°C,18.573095703125
2026-08-19T11:35:00+00:00,22411527-2,RH,CURRENT,%,84.43121995880064
2026-08-19T11:35:00+00:00,22411527-3,Dew Point,CURRENT,°C,15.918115425976897
2026-08-19T11:35:00+00:00,22411528-1,Temperature,CURRENT,°C,18.144091796874996
2026-08-19T11:35:00+00:00,22411528-2,RH,CURRENT,%,91.32066834515908
2026-08-19T11:35:00+00:00,22411528-3,Dew Point,CURRENT,°C,16.728302268559254
2026-08-19T11:35:00+00:00,22411529-1,Temperature,CURRENT,°C,17.92958984375
2026-08-19T11:35:00+00:00,22411529-2,RH,CURRENT,%,100
2026-08-19T11:35:00+00:00,22411529-3,Dew Point,CURRENT,°C,17.953287117334494
2026-08-19T11:35:00+00:00,22411530-1,Temperature,CURRENT,°C,18.766147460937496
2026-08-19T11:35:00+00:00,22411530-2,RH,CURRENT,%,84.69672693980316
2026-08-19T11:35:00+00:00,22411530-3,Dew Point,CURRENT,°C,16.156730191446737
2026-08-19T11:36:00+00:00,22411541-S,Battery,CURRENT,V,8.267394287109376
2026-08-19T11:40:00+00:00,22411189-1,Temperature,CURRENT,°C,19.15225097656249
2026-08-19T11:40:00+00:00,22411189-2,RH,CURRENT,%,84.69672693980316
2026-08-19T11:40:00+00:00,22411189-3,Dew Point,CURRENT,°C,16.535540151099717
2026-08-19T11:40:00+00:00,22411190-1,Temperature,CURRENT,°C,19.216601562499996
2026-08-19T11:40:00+00:00,22411190-2,RH,CURRENT,%,81.78072785534447
2026-08-19T11:40:00+00:00,22411190-3,Dew Point,CURRENT,°C,16.047955451092204
2026-08-19T11:40:00+00:00,22411191-1,Temperature,CURRENT,°C,18.658896484375
2026-08-19T11:40:00+00:00,22411191-2,RH,CURRENT,%,85.29030289158464
2026-08-19T11:40:00+00:00,22411191-3,Dew Point,CURRENT,°C,16.161093813432995
2026-08-19T11:40:00+00:00,22411525-1,Temperature,CURRENT,°C,18.573095703125
2026-08-19T11:40:00+00:00,22411525-2,RH,CURRENT,%,83.73540856031128
2026-08-19T11:40:00+00:00,22411525-3,Dew Point,CURRENT,°C,15.788517085706715
2026-08-19T11:40:00+00:00,22411526-1,Temperature,CURRENT,°C,19.3667529296875
2026-08-19T11:40:00+00:00,22411526-2,RH,CURRENT,%,83.33714808880751
2026-08-19T11:40:00+00:00,22411526-3,Dew Point,CURRENT,°C,16.491020641719942
2026-08-19T11:40:00+00:00,22411527-1,Temperature,CURRENT,°C,18.573095703125
2026-08-19T11:40:00+00:00,22411527-2,RH,CURRENT,%,83.97650110627909
2026-08-19T11:40:00+00:00,22411527-3,Dew Point,CURRENT,°C,15.833528281124133
2026-08-19T11:40:00+00:00,22411528-1,Temperature,CURRENT,°C,18.53019531249999
2026-08-19T11:40:00+00:00,22411528-2,RH,CURRENT,%,88.85328450446326
2026-08-19T11:40:00+00:00,22411528-3,Dew Point,CURRENT,°C,16.678188202647974
2026-08-19T11:40:00+00:00,22411529-1,Temperature,CURRENT,°C,18.701796874999992
2026-08-19T11:40:00+00:00,22411529-2,RH,CURRENT,%,94.99198901350424
2026-08-19T11:40:00+00:00,22411529-3,Dew Point,CURRENT,°C,17.906401008254573
2026-08-19T11:40:00+00:00,22411530-1,Temperature,CURRENT,°C,18.744697265625
2026-08-19T11:40:00+00:00,22411530-2,RH,CURRENT,%,83.68505378805219
2026-08-19T11:40:00+00:00,22411530-3,Dew Point,CURRENT,°C,15.94721589954835
2026-08-19T11:41:00+00:00,22411541-S,Battery,CURRENT,V,8.280317138671876
2026-08-19T11:45:00+00:00,22411189-1,Temperature,CURRENT,°C,19.709956054687503
2026-08-19T11:45:00+00:00,22411189-2,RH,CURRENT,%,82.67795834287023
2026-08-19T11:45:00+00:00,22411189-3,Dew Point,CURRENT,°C,16.701786085528273
2026-08-19T11:45:00+00:00,22411190-1,Temperature,CURRENT,°C,19.838657226562496
2026-08-19T11:45:00+00:00,22411190-2,RH,CURRENT,%,79.80315861753262
2026-08-19T11:45:00+00:00,22411190-3,Dew Point,CURRENT,°C,16.270388720474596
2026-08-19T11:45:00+00:00,22411191-1,Temperature,CURRENT,°C,19.323852539062493
2026-08-19T11:45:00+00:00,22411191-2,RH,CURRENT,%,82.71763179980164
2026-08-19T11:45:00+00:00,22411191-3,Dew Point,CURRENT,°C,16.33166538336762
2026-08-19T11:45:00+00:00,22411525-1,Temperature,CURRENT,°C,19.216601562499996
2026-08-19T11:45:00+00:00,22411525-2,RH,CURRENT,%,81.04829480430304
2026-08-19T11:45:00+00:00,22411525-3,Dew Point,CURRENT,°C,15.906926139396882
2026-08-19T11:45:00+00:00,22411526-1,Temperature,CURRENT,°C,19.559804687499998
2026-08-19T11:45:00+00:00,22411526-2,RH,CURRENT,%,82.22476539253834
2026-08-19T11:45:00+00:00,22411526-3,Dew Point,CURRENT,°C,16.46839166390996
2026-08-19T11:45:00+00:00,22411527-1,Temperature,CURRENT,°C,19.259501953125003
2026-08-19T11:45:00+00:00,22411527-2,RH,CURRENT,%,81.29091325246051
2026-08-19T11:45:00+00:00,22411527-3,Dew Point,CURRENT,°C,15.995641200684215
2026-08-19T11:45:00+00:00,22411528-1,Temperature,CURRENT,°C,19.087900390625002
2026-08-19T11:45:00+00:00,22411528-2,RH,CURRENT,%,86.46372167544061
2026-08-19T11:45:00+00:00,22411528-3,Dew Point,CURRENT,°C,16.79776759926288
2026-08-19T11:45:00+00:00,22411529-1,Temperature,CURRENT,°C,19.06645019531249
2026-08-19T11:45:00+00:00,22411529-2,RH,CURRENT,%,92.87708857862211
2026-08-19T11:45:00+00:00,22411529-3,Dew Point,CURRENT,°C,17.910440111749466
2026-08-19T11:45:00+00:00,22411530-1,Temperature,CURRENT,°C,19.302402343749996
2026-08-19T11:45:00+00:00,22411530-2,RH,CURRENT,%,81.09864957656214
2026-08-19T11:45:00+00:00,22411530-3,Dew Point,CURRENT,°C,16.000384546224346
2026-08-19T11:46:00+00:00,22411541-S,Battery,CURRENT,V,8.283547851562501
2026-08-19T11:50:00+00:00,22411189-1,Temperature,CURRENT,°C,20.310561523437492
2026-08-19T11:50:00+00:00,22411189-2,RH,CURRENT,%,80.70038910505836
2026-08-19T11:50:00+00:00,22411189-3,Dew Point,CURRENT,°C,16.906359295444844
2026-08-19T11:50:00+00:00,22411190-1,Temperature,CURRENT,°C,20.482163085937493
2026-08-19T11:50:00+00:00,22411190-2,RH,CURRENT,%,77.76607919432364
2026-08-19T11:50:00+00:00,22411190-3,Dew Point,CURRENT,°C,16.48939025110026
2026-08-19T11:50:00+00:00,22411191-1,Temperature,CURRENT,°C,19.5383544921875
2026-08-19T11:50:00+00:00,22411191-2,RH,CURRENT,%,82.22781719691768
2026-08-19T11:50:00+00:00,22411191-3,Dew Point,CURRENT,°C,16.448008758046665
2026-08-19T11:50:00+00:00,22411525-1,Temperature,CURRENT,°C,19.409653320312493
2026-08-19T11:50:00+00:00,22411525-2,RH,CURRENT,%,80.77821011673151
2026-08-19T11:50:00+00:00,22411525-3,Dew Point,CURRENT,°C,16.042932058395653
2026-08-19T11:50:00+00:00,22411526-1,Temperature,CURRENT,°C,20.096059570312498
2026-08-19T11:50:00+00:00,22411526-2,RH,CURRENT,%,81.15663385976958
2026-08-19T11:50:00+00:00,22411526-3,Dew Point,CURRENT,°C,16.786099654286787
2026-08-19T11:50:00+00:00,22411527-1,Temperature,CURRENT,°C,19.388203124999997
2026-08-19T11:50:00+00:00,22411527-2,RH,CURRENT,%,81.00099183642328
2026-08-19T11:50:00+00:00,22411527-3,Dew Point,CURRENT,°C,16.065207902398008
2026-08-19T11:50:00+00:00,22411528-1,Temperature,CURRENT,°C,19.624155273437502
2026-08-19T11:50:00+00:00,22411528-2,RH,CURRENT,%,84.95307850766766
2026-08-19T11:50:00+00:00,22411528-3,Dew Point,CURRENT,°C,17.046280618909876
2026-08-19T11:50:00+00:00,22411529-1,Temperature,CURRENT,°C,19.81720703125
2026-08-19T11:50:00+00:00,22411529-2,RH,CURRENT,%,89.2637521934844
2026-08-19T11:50:00+00:00,22411529-3,Dew Point,CURRENT,°C,18.02179262112942
2026-08-19T11:50:00+00:00,22411530-1,Temperature,CURRENT,°C,19.60270507812499
2026-08-19T11:50:00+00:00,22411530-2,RH,CURRENT,%,80.79041733424887
2026-08-19T11:50:00+00:00,22411530-3,Dew Point,CURRENT,°C,16.23359435434547
2026-08-19T11:51:00+00:00,22411541-S,Battery,CURRENT,V,8.299701416015626
2026-08-19T11:55:00+00:00,22411189-1,Temperature,CURRENT,°C,19.474003906249997
2026-08-19T11:55:00+00:00,22411189-2,RH,CURRENT,%,84.03295948729686
2026-08-19T11:55:00+00:00,22411189-3,Dew Point,CURRENT,°C,16.727077497442018
2026-08-19T11:55:00+00:00,22411190-1,Temperature,CURRENT,°C,19.624155273437502
2026-08-19T11:55:00+00:00,22411190-2,RH,CURRENT,%,80.86366063935301
2026-08-19T11:55:00+00:00,22411190-3,Dew Point,CURRENT,°C,16.268752670309038
2026-08-19T11:55:00+00:00,22411191-1,Temperature,CURRENT,°C,18.937749023437497
2026-08-19T11:55:00+00:00,22411191-2,RH,CURRENT,%,84.92866407263294
2026-08-19T11:55:00+00:00,22411191-3,Dew Point,CURRENT,°C,16.368086151076277
2026-08-19T11:55:00+00:00,22411525-1,Temperature,CURRENT,°C,18.851948242187497
2026-08-19T11:55:00+00:00,22411525-2,RH,CURRENT,%,83.29137102311742
2026-08-19T11:55:00+00:00,22411525-3,Dew Point,CURRENT,°C,15.978343871142942
2026-08-19T11:55:00+00:00,22411526-1,Temperature,CURRENT,°C,19.581254882812495
2026-08-19T11:55:00+00:00,22411526-2,RH,CURRENT,%,82.65812161440452
2026-08-19T11:55:00+00:00,22411526-3,Dew Point,CURRENT,°C,16.57212093480508
2026-08-19T11:55:00+00:00,22411527-1,Temperature,CURRENT,°C,18.873398437499993
2026-08-19T11:55:00+00:00,22411527-2,RH,CURRENT,%,83.45159075303273
2026-08-19T11:55:00+00:00,22411527-3,Dew Point,CURRENT,°C,16.029480143221313
2026-08-19T11:55:00+00:00,22411528-1,Temperature,CURRENT,°C,19.238051757812492
2026-08-19T11:55:00+00:00,22411528-2,RH,CURRENT,%,85.82742046234836
2026-08-19T11:55:00+00:00,22411528-3,Dew Point,CURRENT,°C,16.82883541592023
2026-08-19T11:55:00+00:00,22411529-1,Temperature,CURRENT,°C,19.624155273437502
2026-08-19T11:55:00+00:00,22411529-2,RH,CURRENT,%,88.39093614099336
2026-08-19T11:55:00+00:00,22411529-3,Dew Point,CURRENT,°C,17.674959436879885
2026-08-19T11:55:00+00:00,22411530-1,Temperature,CURRENT,°C,19.002099609375
2026-08-19T11:55:00+00:00,22411530-2,RH,CURRENT,%,83.63775082017243
2026-08-19T11:55:00+00:00,22411530-3,Dew Point,CURRENT,°C,16.190503885692756
2026-08-19T11:56:00+00:00,22411541-S,Battery,CURRENT,V,8.293239990234376
2026-08-19T12:00:00+00:00,22411189-1,Temperature,CURRENT,°C,19.130800781249995
2026-08-19T12:00:00+00:00,22411189-2,RH,CURRENT,%,85.74044403753719
2026-08-19T12:00:00+00:00,22411189-3,Dew Point,CURRENT,°C,16.707452547232922
2026-08-19T12:00:00+00:00,22411190-1,Temperature,CURRENT,°C,19.259501953125003
2026-08-19T12:00:00+00:00,22411190-2,RH,CURRENT,%,82.47196154726483
2026-08-19T12:00:00+00:00,22411190-3,Dew Point,CURRENT,°C,16.221990800409657
2026-08-19T12:00:00+00:00,22411191-1,Temperature,CURRENT,°C,18.830498046875
2026-08-19T12:00:00+00:00,22411191-2,RH,CURRENT,%,85.74044403753719
2026-08-19T12:00:00+00:00,22411191-3,Dew Point,CURRENT,°C,16.41237591192072
2026-08-19T12:00:00+00:00,22411525-1,Temperature,CURRENT,°C,18.766147460937496
2026-08-19T12:00:00+00:00,22411525-2,RH,CURRENT,%,83.67132066834516
2026-08-19T12:00:00+00:00,22411525-3,Dew Point,CURRENT,°C,15.965657466636857
2026-08-19T12:00:00+00:00,22411526-1,Temperature,CURRENT,°C,19.238051757812492
2026-08-19T12:00:00+00:00,22411526-2,RH,CURRENT,%,84.32593270771343
2026-08-19T12:00:00+00:00,22411526-3,Dew Point,CURRENT,°C,16.550609086703037
2026-08-19T12:00:00+00:00,22411527-1,Temperature,CURRENT,°C,18.787597656249993
2026-08-19T12:00:00+00:00,22411527-2,RH,CURRENT,%,83.6240177004654
2026-08-19T12:00:00+00:00,22411527-3,Dew Point,CURRENT,°C,15.977805846369943
2026-08-19T12:00:00+00:00,22411528-1,Temperature,CURRENT,°C,18.980649414062505
2026-08-19T12:00:00+00:00,22411528-2,RH,CURRENT,%,86.93522545204853
2026-08-19T12:00:00+00:00,22411528-3,Dew Point,CURRENT,°C,16.77803688344598
2026-08-19T12:00:00+00:00,22411529-1,Temperature,CURRENT,°C,19.323852539062493
2026-08-19T12:00:00+00:00,22411529-2,RH,CURRENT,%,89.94735637445639
2026-08-19T12:00:00+00:00,22411529-3,Dew Point,CURRENT,°C,17.655737437989583
2026-08-19T12:00:00+00:00,22411530-1,Temperature,CURRENT,°C,18.851948242187497
2026-08-19T12:00:00+00:00,22411530-2,RH,CURRENT,%,84.18249790188449
2026-08-19T12:00:00+00:00,22411530-3,Dew Point,CURRENT,°C,16.145282082690816
2026-08-19T12:01:00+00:00,22411541-S,Battery,CURRENT,V,8.293239990234376
2026-08-19T12:05:00+00:00,22411189-1,Temperature,CURRENT,°C,19.044999999999995
2026-08-19T12:05:00+00:00,22411189-2,RH,CURRENT,%,86.60868238345923
2026-08-19T12:05:00+00:00,22411189-3,Dew Point,CURRENT,°C,16.7819941344344
2026-08-19T12:05:00+00:00,22411190-1,Temperature,CURRENT,°C,19.1093505859375
2026-08-19T12:05:00+00:00,22411190-2,RH,CURRENT,%,83.28526741435874
2026-08-19T12:05:00+00:00,22411190-3,Dew Point,CURRENT,°C,16.229210098285932
2026-08-19T12:05:00+00:00,22411191-1,Temperature,CURRENT,°C,18.894848632812504
2026-08-19T12:05:00+00:00,22411191-2,RH,CURRENT,%,85.74044403753719
2026-08-19T12:05:00+00:00,22411191-3,Dew Point,CURRENT,°C,16.47560717798032
2026-08-19T12:05:00+00:00,22411525-1,Temperature,CURRENT,°C,18.851948242187497
2026-08-19T12:05:00+00:00,22411525-2,RH,CURRENT,%,83.76134889753567
2026-08-19T12:05:00+00:00,22411525-3,Dew Point,CURRENT,°C,16.066580621828287
2026-08-19T12:05:00+00:00,22411526-1,Temperature,CURRENT,°C,19.1093505859375
2026-08-19T12:05:00+00:00,22411526-2,RH,CURRENT,%,85.61074235141527
2026-08-19T12:05:00+00:00,22411526-3,Dew Point,CURRENT,°C,16.66251356902084
2026-08-19T12:05:00+00:00,22411527-1,Temperature,CURRENT,°C,18.873398437499993
2026-08-19T12:05:00+00:00,22411527-2,RH,CURRENT,%,83.75829709315633
2026-08-19T12:05:00+00:00,22411527-3,Dew Point,CURRENT,°C,16.08702523775564
2026-08-19T12:05:00+00:00,22411528-1,Temperature,CURRENT,°C,18.980649414062505
2026-08-19T12:05:00+00:00,22411528-2,RH,CURRENT,%,88.48096437018387
2026-08-19T12:05:00+00:00,22411528-3,Dew Point,CURRENT,°C,17.05636670381223
2026-08-19T12:05:00+00:00,22411529-1,Temperature,CURRENT,°C,19.130800781249995
2026-08-19T12:05:00+00:00,22411529-2,RH,CURRENT,%,90.87510490577554
2026-08-19T12:05:00+00:00,22411529-3,Dew Point,CURRENT,°C,17.627774535194582
2026-08-19T12:05:00+00:00,22411530-1,Temperature,CURRENT,°C,18.916298828125
2026-08-19T12:05:00+00:00,22411530-2,RH,CURRENT,%,84.45868619821469
2026-08-19T12:05:00+00:00,22411530-3,Dew Point,CURRENT,°C,16.25982054368823
2026-08-19T12:06:00+00:00,22411541-S,Battery,CURRENT,V,8.302932128906251
2026-08-19T12:10:00+00:00,22411189-1,Temperature,CURRENT,°C,19.1951513671875
2026-08-19T12:10:00+00:00,22411189-2,RH,CURRENT,%,87.04966811627375
2026-08-19T12:10:00+00:00,22411189-3,Dew Point,CURRENT,°C,17.00995542810138
2026-08-19T12:10:00+00:00,22411190-1,Temperature,CURRENT,°C,19.216601562499996
2026-08-19T12:10:00+00:00,22411190-2,RH,CURRENT,%,83.99481193255512
2026-08-19T12:10:00+00:00,22411190-3,Dew Point,CURRENT,°C,16.467645796743493
2026-08-19T12:10:00+00:00,22411191-1,Temperature,CURRENT,°C,19.044999999999995
2026-08-19T12:10:00+00:00,22411191-2,RH,CURRENT,%,85.89150835431448
2026-08-19T12:10:00+00:00,22411191-3,Dew Point,CURRENT,°C,16.650884542329084
2026-08-19T12:10:00+00:00,22411525-1,Temperature,CURRENT,°C,18.980649414062505
2026-08-19T12:10:00+00:00,22411525-2,RH,CURRENT,%,84.02685587853819
2026-08-19T12:10:00+00:00,22411525-3,Dew Point,CURRENT,°C,16.24238347631932
2026-08-19T12:10:00+00:00,22411526-1,Temperature,CURRENT,°C,19.238051757812492
2026-08-19T12:10:00+00:00,22411526-2,RH,CURRENT,%,86.16922255283437
2026-08-19T12:10:00+00:00,22411526-3,Dew Point,CURRENT,°C,16.891575198903265
2026-08-19T12:10:00+00:00,22411527-1,Temperature,CURRENT,°C,19.002099609375
2026-08-19T12:10:00+00:00,22411527-2,RH,CURRENT,%,84.11993591210803
2026-08-19T12:10:00+00:00,22411527-3,Dew Point,CURRENT,°C,16.280803641195664
2026-08-19T12:10:00+00:00,22411528-1,Temperature,CURRENT,°C,19.173701171875003
2026-08-19T12:10:00+00:00,22411528-2,RH,CURRENT,%,88.92957961394674
2026-08-19T12:10:00+00:00,22411528-3,Dew Point,CURRENT,°C,17.326900179237704
2026-08-19T12:10:00+00:00,22411529-1,Temperature,CURRENT,°C,19.173701171875003
2026-08-19T12:10:00+00:00,22411529-2,RH,CURRENT,%,93.10902571145189
2026-08-19T12:10:00+00:00,22411529-3,Dew Point,CURRENT,°C,18.056611517525674
2026-08-19T12:10:00+00:00,22411530-1,Temperature,CURRENT,°C,19.06645019531249
2026-08-19T12:10:00+00:00,22411530-2,RH,CURRENT,%,84.71808957045853
2026-08-19T12:10:00+00:00,22411530-3,Dew Point,CURRENT,°C,16.4553294547138
2026-08-19T12:11:00+00:00,22411541-S,Battery,CURRENT,V,8.3093935546875
2026-08-19T12:15:00+00:00,22411189-1,Temperature,CURRENT,°C,19.2809521484375
2026-08-19T12:15:00+00:00,22411189-2,RH,CURRENT,%,87.64934767681392
2026-08-19T12:15:00+00:00,22411189-3,Dew Point,CURRENT,°C,17.203038130101
2026-08-19T12:15:00+00:00,22411190-1,Temperature,CURRENT,°C,19.2809521484375
2026-08-19T12:15:00+00:00,22411190-2,RH,CURRENT,%,84.32135500114443
2026-08-19T12:15:00+00:00,22411190-3,Dew Point,CURRENT,°C,16.59182003992988
2026-08-19T12:15:00+00:00,22411191-1,Temperature,CURRENT,°C,19.087900390625002
2026-08-19T12:15:00+00:00,22411191-2,RH,CURRENT,%,86.21194781414512
2026-08-19T12:15:00+00:00,22411191-3,Dew Point,CURRENT,°C,16.75176568294797
2026-08-19T12:15:00+00:00,22411525-1,Temperature,CURRENT,°C,19.023549804687498
2026-08-19T12:15:00+00:00,22411525-2,RH,CURRENT,%,84.2069123369192
2026-08-19T12:15:00+00:00,22411525-3,Dew Point,CURRENT,°C,16.318073385847764
2026-08-19T12:15:00+00:00,22411526-1,Temperature,CURRENT,°C,19.345302734375004
2026-08-19T12:15:00+00:00,22411526-2,RH,CURRENT,%,86.56290531776914
2026-08-19T12:15:00+00:00,22411526-3,Dew Point,CURRENT,°C,17.069075356769826
2026-08-19T12:15:00+00:00,22411527-1,Temperature,CURRENT,°C,19.044999999999995
2026-08-19T12:15:00+00:00,22411527-2,RH,CURRENT,%,84.35187304493782
2026-08-19T12:15:00+00:00,22411527-3,Dew Point,CURRENT,°C,16.36614604007918
2026-08-19T12:15:00+00:00,22411528-1,Temperature,CURRENT,°C,19.259501953125003
2026-08-19T12:15:00+00:00,22411528-2,RH,CURRENT,%,88.56794079499504
2026-08-19T12:15:00+00:00,22411528-3,Dew Point,CURRENT,°C,17.34700303884406
2026-08-19T12:15:00+00:00,22411529-1,Temperature,CURRENT,°C,19.259501953125003
2026-08-19T12:15:00+00:00,22411529-2,RH,CURRENT,%,92.62073701075761
2026-08-19T12:15:00+00:00,22411529-3,Dew Point,CURRENT,°C,18.05797462088934
2026-08-19T12:15:00+00:00,22411530-1,Temperature,CURRENT,°C,19.1093505859375
2026-08-19T12:15:00+00:00,22411530-2,RH,CURRENT,%,84.86915388723583
2026-08-19T12:15:00+00:00,22411530-3,Dew Point,CURRENT,°C,16.52546598926672
2026-08-19T12:16:00+00:00,22411541-S,Battery,CURRENT,V,8.3093935546875
2026-08-19T12:20:00+00:00,22411189-1,Temperature,CURRENT,°C,19.495454101562494
2026-08-19T12:20:00+00:00,22411189-2,RH,CURRENT,%,85.52529182879377
2026-08-19T12:20:00+00:00,22411189-3,Dew Point,CURRENT,°C,17.02603212691408
2026-08-19T12:20:00+00:00,22411190-1,Temperature,CURRENT,°C,19.516904296875005
2026-08-19T12:20:00+00:00,22411190-2,RH,CURRENT,%,82.67185473411155
2026-08-19T12:20:00+00:00,22411190-3,Dew Point,CURRENT,°C,16.511794565055222
2026-08-19T12:20:00+00:00,22411191-1,Temperature,CURRENT,°C,19.238051757812492
2026-08-19T12:20:00+00:00,22411191-2,RH,CURRENT,%,85.20027466239414
2026-08-19T12:20:00+00:00,22411191-3,Dew Point,CURRENT,°C,16.713147701434007
2026-08-19T12:20:00+00:00,22411525-1,Temperature,CURRENT,°C,19.130800781249995
2026-08-19T12:20:00+00:00,22411525-2,RH,CURRENT,%,83.58434424353399
2026-08-19T12:20:00+00:00,22411525-3,Dew Point,CURRENT,°C,16.306536729488467
2026-08-19T12:20:00+00:00,22411526-1,Temperature,CURRENT,°C,19.559804687499998
2026-08-19T12:20:00+00:00,22411526-2,RH,CURRENT,%,84.52124818799115
2026-08-19T12:20:00+00:00,22411526-3,Dew Point,CURRENT,°C,16.902628136446918
2026-08-19T12:20:00+00:00,22411527-1,Temperature,CURRENT,°C,19.15225097656249
2026-08-19T12:20:00+00:00,22411527-2,RH,CURRENT,%,83.71252002746624
2026-08-19T12:20:00+00:00,22411527-3,Dew Point,CURRENT,°C,16.351636497499236
2026-08-19T12:20:00+00:00,22411528-1,Temperature,CURRENT,°C,19.4525537109375
2026-08-19T12:20:00+00:00,22411528-2,RH,CURRENT,%,86.75516899366751
2026-08-19T12:20:00+00:00,22411528-3,Dew Point,CURRENT,°C,17.20969492521986
2026-08-19T12:20:00+00:00,22411529-1,Temperature,CURRENT,°C,19.3667529296875
2026-08-19T12:20:00+00:00,22411529-2,RH,CURRENT,%,92.03021286335546
2026-08-19T12:20:00+00:00,22411529-3,Dew Point,CURRENT,°C,18.062410151961934
2026-08-19T12:20:00+00:00,22411530-1,Temperature,CURRENT,°C,19.259501953125003
2026-08-19T12:20:00+00:00,22411530-2,RH,CURRENT,%,83.74761577782864
2026-08-19T12:20:00+00:00,22411530-3,Dew Point,CURRENT,°C,16.463302936790527
2026-08-19T12:21:00+00:00,22411541-S,Battery,CURRENT,V,8.31585498046875
2026-08-19T12:25:00+00:00,22411189-1,Temperature,CURRENT,°C,19.624155273437502
2026-08-19T12:25:00+00:00,22411189-2,RH,CURRENT,%,86.52628366521706
2026-08-19T12:25:00+00:00,22411189-3,Dew Point,CURRENT,°C,17.336684804278022
2026-08-19T12:25:00+00:00,22411190-1,Temperature,CURRENT,°C,19.667055664062495
2026-08-19T12:25:00+00:00,22411190-2,RH,CURRENT,%,83.5339894712749
2026-08-19T12:25:00+00:00,22411190-3,Dew Point,CURRENT,°C,16.822271473632256
2026-08-19T12:25:00+00:00,22411191-1,Temperature,CURRENT,°C,19.2809521484375
2026-08-19T12:25:00+00:00,22411191-2,RH,CURRENT,%,86.87571526665141
2026-08-19T12:25:00+00:00,22411191-3,Dew Point,CURRENT,°C,17.062789902132987
2026-08-19T12:25:00+00:00,22411525-1,Temperature,CURRENT,°C,19.1951513671875
2026-08-19T12:25:00+00:00,22411525-2,RH,CURRENT,%,85.3330281528954
2026-08-19T12:25:00+00:00,22411525-3,Dew Point,CURRENT,°C,16.695570260322683
2026-08-19T12:25:00+00:00,22411526-1,Temperature,CURRENT,°C,19.73140625
2026-08-19T12:25:00+00:00,22411526-2,RH,CURRENT,%,84.68146791790646
2026-08-19T12:25:00+00:00,22411526-3,Dew Point,CURRENT,°C,17.100883361667083
2026-08-19T12:25:00+00:00,22411527-1,Temperature,CURRENT,°C,19.216601562499996
2026-08-19T12:25:00+00:00,22411527-2,RH,CURRENT,%,85.43678950179293
2026-08-19T12:25:00+00:00,22411527-3,Dew Point,CURRENT,°C,16.735796988819555
2026-08-19T12:25:00+00:00,22411528-1,Temperature,CURRENT,°C,19.60270507812499
2026-08-19T12:25:00+00:00,22411528-2,RH,CURRENT,%,86.68802929732205
2026-08-19T12:25:00+00:00,22411528-3,Dew Point,CURRENT,°C,17.345174624439995
2026-08-19T12:25:00+00:00,22411529-1,Temperature,CURRENT,°C,19.495454101562494
2026-08-19T12:25:00+00:00,22411529-2,RH,CURRENT,%,90.39902342259862
2026-08-19T12:25:00+00:00,22411529-3,Dew Point,CURRENT,°C,17.905047184455746
2026-08-19T12:25:00+00:00,22411530-1,Temperature,CURRENT,°C,19.323852539062493
2026-08-19T12:25:00+00:00,22411530-2,RH,CURRENT,%,85.78927290760662
2026-08-19T12:25:00+00:00,22411530-3,Dew Point,CURRENT,°C,16.906131305039754
2026-08-19T12:26:00+00:00,22411541-S,Battery,CURRENT,V,8.325547119140625
2026-08-19T12:30:00+00:00,22411189-1,Temperature,CURRENT,°C,19.860107421874993
2026-08-19T12:30:00+00:00,22411189-2,RH,CURRENT,%,87.4891279468986
2026-08-19T12:30:00+00:00,22411189-3,Dew Point,CURRENT,°C,17.744562287657356
2026-08-19T12:30:00+00:00,22411190-1,Temperature,CURRENT,°C,19.860107421874993
2026-08-19T12:30:00+00:00,22411190-2,RH,CURRENT,%,84.01922636758984
2026-08-19T12:30:00+00:00,22411190-3,Dew Point,CURRENT,°C,17.102911297974448
2026-08-19T12:30:00+00:00,22411191-1,Temperature,CURRENT,°C,19.495454101562494
2026-08-19T12:30:00+00:00,22411191-2,RH,CURRENT,%,86.59647516594187
2026-08-19T12:30:00+00:00,22411191-3,Dew Point,CURRENT,°C,17.22292160833656
2026-08-19T12:30:00+00:00,22411525-1,Temperature,CURRENT,°C,19.388203124999997
2026-08-19T12:30:00+00:00,22411525-2,RH,CURRENT,%,84.67231250476844
2026-08-19T12:30:00+00:00,22411525-3,Dew Point,CURRENT,°C,16.762481794168753
2026-08-19T12:30:00+00:00,22411526-1,Temperature,CURRENT,°C,20.010258789062497
2026-08-19T12:30:00+00:00,22411526-2,RH,CURRENT,%,85.82131685358968
2026-08-19T12:30:00+00:00,22411526-3,Dew Point,CURRENT,°C,17.58653385006058
2026-08-19T12:30:00+00:00,22411527-1,Temperature,CURRENT,°C,19.388203124999997
2026-08-19T12:30:00+00:00,22411527-2,RH,CURRENT,%,84.88441290913252
2026-08-19T12:30:00+00:00,22411527-3,Dew Point,CURRENT,°C,16.801950078956533
2026-08-19T12:30:00+00:00,22411528-1,Temperature,CURRENT,°C,19.924458007812497
2026-08-19T12:30:00+00:00,22411528-2,RH,CURRENT,%,87.89501792935073
2026-08-19T12:30:00+00:00,22411528-3,Dew Point,CURRENT,°C,17.88157844956376
2026-08-19T12:30:00+00:00,22411529-1,Temperature,CURRENT,°C,19.81720703125
2026-08-19T12:30:00+00:00,22411529-2,RH,CURRENT,%,92.17669947356374
2026-08-19T12:30:00+00:00,22411529-3,Dew Point,CURRENT,°C,18.534356032290685
2026-08-19T12:30:00+00:00,22411530-1,Temperature,CURRENT,°C,19.559804687499998
2026-08-19T12:30:00+00:00,22411530-2,RH,CURRENT,%,85.55733577477683
2026-08-19T12:30:00+00:00,22411530-3,Dew Point,CURRENT,°C,17.095164583593853
2026-08-19T12:31:00+00:00,22411541-S,Battery,CURRENT,V,8.332008544921875
2026-08-19T12:35:00+00:00,22411189-1,Temperature,CURRENT,°C,20.031708984374994
2026-08-19T12:35:00+00:00,22411189-2,RH,CURRENT,%,86.97642481116961
2026-08-19T12:35:00+00:00,22411189-3,Dew Point,CURRENT,°C,17.820076119540357
2026-08-19T12:35:00+00:00,22411190-1,Temperature,CURRENT,°C,20.010258789062497
2026-08-19T12:35:00+00:00,22411190-2,RH,CURRENT,%,84.08789196612497
2026-08-19T12:35:00+00:00,22411190-3,Dew Point,CURRENT,°C,17.263003573195313
2026-08-19T12:35:00+00:00,22411191-1,Temperature,CURRENT,°C,19.667055664062495
2026-08-19T12:35:00+00:00,22411191-2,RH,CURRENT,%,86.39047837033647
2026-08-19T12:35:00+00:00,22411191-3,Dew Point,CURRENT,°C,17.353990409356083
2026-08-19T12:35:00+00:00,22411525-1,Temperature,CURRENT,°C,19.581254882812495
2026-08-19T12:35:00+00:00,22411525-2,RH,CURRENT,%,84.42053864347295
2026-08-19T12:35:00+00:00,22411525-3,Dew Point,CURRENT,°C,16.90483861652774
2026-08-19T12:35:00+00:00,22411526-1,Temperature,CURRENT,°C,20.203310546874995
2026-08-19T12:35:00+00:00,22411526-2,RH,CURRENT,%,85.78622110322728
2026-08-19T12:35:00+00:00,22411526-3,Dew Point,CURRENT,°C,17.769729215045718
2026-08-19T12:35:00+00:00,22411527-1,Temperature,CURRENT,°C,19.581254882812495
2026-08-19T12:35:00+00:00,22411527-2,RH,CURRENT,%,84.5685511558709
2026-08-19T12:35:00+00:00,22411527-3,Dew Point,CURRENT,°C,16.932503385343086
2026-08-19T12:35:00+00:00,22411528-1,Temperature,CURRENT,°C,20.096059570312498
2026-08-19T12:35:00+00:00,22411528-2,RH,CURRENT,%,87.85076676585031
2026-08-19T12:35:00+00:00,22411528-3,Dew Point,CURRENT,°C,18.04267874355894
2026-08-19T12:35:00+00:00,22411529-1,Temperature,CURRENT,°C,20.053159179687505
2026-08-19T12:35:00+00:00,22411529-2,RH,CURRENT,%,91.24284733348593
2026-08-19T12:35:00+00:00,22411529-3,Dew Point,CURRENT,°C,18.605230927346145
2026-08-19T12:35:00+00:00,22411530-1,Temperature,CURRENT,°C,19.73140625
2026-08-19T12:35:00+00:00,22411530-2,RH,CURRENT,%,84.72266727702754
2026-08-19T12:35:00+00:00,22411530-3,Dew Point,CURRENT,°C,17.108576226645404
2026-08-19T12:36:00+00:00,22411541-S,Battery,CURRENT,V,8.3352392578125
2026-08-19T12:40:00+00:00,22411189-1,Temperature,CURRENT,°C,20.117509765624995
2026-08-19T12:40:00+00:00,22411189-2,RH,CURRENT,%,83.1815060654612
2026-08-19T12:40:00+00:00,22411189-3,Dew Point,CURRENT,°C,17.19648129486244
2026-08-19T12:40:00+00:00,22411190-1,Temperature,CURRENT,°C,20.13895996093749
2026-08-19T12:40:00+00:00,22411190-2,RH,CURRENT,%,80.65461203936827
2026-08-19T12:40:00+00:00,22411190-3,Dew Point,CURRENT,°C,16.73007599942642
2026-08-19T12:40:00+00:00,22411191-1,Temperature,CURRENT,°C,19.881557617187504
2026-08-19T12:40:00+00:00,22411191-2,RH,CURRENT,%,82.78629739833677
2026-08-19T12:40:00+00:00,22411191-3,Dew Point,CURRENT,°C,16.890306091861188
2026-08-19T12:40:00+00:00,22411525-1,Temperature,CURRENT,°C,19.81720703125
2026-08-19T12:40:00+00:00,22411525-2,RH,CURRENT,%,81.06660563057908
2026-08-19T12:40:00+00:00,22411525-3,Dew Point,CURRENT,°C,16.496510225044247
2026-08-19T12:40:00+00:00,22411526-1,Temperature,CURRENT,°C,20.22476074218749
2026-08-19T12:40:00+00:00,22411526-2,RH,CURRENT,%,82.01419089036393
2026-08-19T12:40:00+00:00,22411526-3,Dew Point,CURRENT,°C,17.07779030590243
2026-08-19T12:40:00+00:00,22411527-1,Temperature,CURRENT,°C,19.838657226562496
2026-08-19T12:40:00+00:00,22411527-2,RH,CURRENT,%,81.34584573128862
2026-08-19T12:40:00+00:00,22411527-3,Dew Point,CURRENT,°C,16.571586028506186
2026-08-19T12:40:00+00:00,22411528-1,Temperature,CURRENT,°C,20.096059570312498
2026-08-19T12:40:00+00:00,22411528-2,RH,CURRENT,%,84.448004882887
2026-08-19T12:40:00+00:00,22411528-3,Dew Point,CURRENT,°C,17.41483517195169
2026-08-19T12:40:00+00:00,22411529-1,Temperature,CURRENT,°C,20.074609375
2026-08-19T12:40:00+00:00,22411529-2,RH,CURRENT,%,88.07507438773175
2026-08-19T12:40:00+00:00,22411529-3,Dew Point,CURRENT,°C,18.062167640749323
2026-08-19T12:40:00+00:00,22411530-1,Temperature,CURRENT,°C,19.9030078125
2026-08-19T12:40:00+00:00,22411530-2,RH,CURRENT,%,81.27718013275349
2026-08-19T12:40:00+00:00,22411530-3,Dew Point,CURRENT,°C,16.621094916063267
2026-08-19T12:41:00+00:00,22411541-S,Battery,CURRENT,V,8.338469970703125
2026-08-19T12:45:00+00:00,22411189-1,Temperature,CURRENT,°C,20.2676611328125
2026-08-19T12:45:00+00:00,22411189-2,RH,CURRENT,%,81.96231021591515
2026-08-19T12:45:00+00:00,22411189-3,Dew Point,CURRENT,°C,17.10969920485582
2026-08-19T12:45:00+00:00,22411190-1,Temperature,CURRENT,°C,20.332011718750003
2026-08-19T12:45:00+00:00,22411190-2,RH,CURRENT,%,79.23857480735485
2026-08-19T12:45:00+00:00,22411190-3,Dew Point,CURRENT,°C,16.63888985567171
2026-08-19T12:45:00+00:00,22411191-1,Temperature,CURRENT,°C,20.13895996093749
2026-08-19T12:45:00+00:00,22411191-2,RH,CURRENT,%,81.08339055466544
2026-08-19T12:45:00+00:00,22411191-3,Dew Point,CURRENT,°C,16.81371489195539
2026-08-19T12:45:00+00:00,22411525-1,Temperature,CURRENT,°C,20.053159179687505
2026-08-19T12:45:00+00:00,22411525-2,RH,CURRENT,%,79.35301747158007
2026-08-19T12:45:00+00:00,22411525-3,Dew Point,CURRENT,°C,16.39028043925337
2026-08-19T12:45:00+00:00,22411526-1,Temperature,CURRENT,°C,20.289111328124996
2026-08-19T12:45:00+00:00,22411526-2,RH,CURRENT,%,81.23903257801175
2026-08-19T12:45:00+00:00,22411526-3,Dew Point,CURRENT,°C,16.990518520361228
2026-08-19T12:45:00+00:00,22411527-1,Temperature,CURRENT,°C,20.096059570312498
2026-08-19T12:45:00+00:00,22411527-2,RH,CURRENT,%,79.40947585259785
2026-08-19T12:45:00+00:00,22411527-3,Dew Point,CURRENT,°C,16.4432176387645
2026-08-19T12:45:00+00:00,22411528-1,Temperature,CURRENT,°C,20.1818603515625
2026-08-19T12:45:00+00:00,22411528-2,RH,CURRENT,%,83.45616845960174
2026-08-19T12:45:00+00:00,22411528-3,Dew Point,CURRENT,°C,17.31168003590952
2026-08-19T12:45:00+00:00,22411529-1,Temperature,CURRENT,°C,20.053159179687505
2026-08-19T12:45:00+00:00,22411529-2,RH,CURRENT,%,88.59540703440909
2026-08-19T12:45:00+00:00,22411529-3,Dew Point,CURRENT,°C,18.13490446251769
2026-08-19T12:45:00+00:00,22411530-1,Temperature,CURRENT,°C,20.13895996093749
2026-08-19T12:45:00+00:00,22411530-2,RH,CURRENT,%,79.97253376058595
2026-08-19T12:45:00+00:00,22411530-3,Dew Point,CURRENT,°C,16.596221516715687
2026-08-19T12:46:00+00:00,22411541-S,Battery,CURRENT,V,8.348162109375
2026-08-19T12:50:00+00:00,22411189-1,Temperature,CURRENT,°C,20.289111328124996
2026-08-19T12:50:00+00:00,22411189-2,RH,CURRENT,%,82.56656748302434
2026-08-19T12:50:00+00:00,22411189-3,Dew Point,CURRENT,°C,17.246905468390775
2026-08-19T12:50:00+00:00,22411190-1,Temperature,CURRENT,°C,20.374912109374996
2026-08-19T12:50:00+00:00,22411190-2,RH,CURRENT,%,79.41252765697719
2026-08-19T12:50:00+00:00,22411190-3,Dew Point,CURRENT,°C,16.715200248167665
2026-08-19T12:50:00+00:00,22411191-1,Temperature,CURRENT,°C,20.160410156250002
2026-08-19T12:50:00+00:00,22411191-2,RH,CURRENT,%,81.08491645685511
2026-08-19T12:50:00+00:00,22411191-3,Dew Point,CURRENT,°C,16.834941257375853
2026-08-19T12:50:00+00:00,22411525-1,Temperature,CURRENT,°C,20.074609375
2026-08-19T12:50:00+00:00,22411525-2,RH,CURRENT,%,79.21721217669948
2026-08-19T12:50:00+00:00,22411525-3,Dew Point,CURRENT,°C,16.38421377723605
2026-08-19T12:50:00+00:00,22411526-1,Temperature,CURRENT,°C,20.289111328124996
2026-08-19T12:50:00+00:00,22411526-2,RH,CURRENT,%,80.93842984664683
2026-08-19T12:50:00+00:00,22411526-3,Dew Point,CURRENT,°C,16.93195390746144
2026-08-19T12:50:00+00:00,22411527-1,Temperature,CURRENT,°C,20.13895996093749
2026-08-19T12:50:00+00:00,22411527-2,RH,CURRENT,%,79.12108033875029
2026-08-19T12:50:00+00:00,22411527-3,Dew Point,CURRENT,°C,16.427717245256733
2026-08-19T12:50:00+00:00,22411528-1,Temperature,CURRENT,°C,20.13895996093749
2026-08-19T12:50:00+00:00,22411528-2,RH,CURRENT,%,82.91142137788968
2026-08-19T12:50:00+00:00,22411528-3,Dew Point,CURRENT,°C,17.166005588210563
2026-08-19T12:50:00+00:00,22411529-1,Temperature,CURRENT,°C,19.945908203124993
2026-08-19T12:50:00+00:00,22411529-2,RH,CURRENT,%,87.95910582131685
2026-08-19T12:50:00+00:00,22411529-3,Dew Point,CURRENT,°C,17.91431963851807
2026-08-19T12:50:00+00:00,22411530-1,Temperature,CURRENT,°C,20.160410156250002
2026-08-19T12:50:00+00:00,22411530-2,RH,CURRENT,%,80.26092927443351
2026-08-19T12:50:00+00:00,22411530-3,Dew Point,CURRENT,°C,16.673842207112372
2026-08-19T12:51:00+00:00,22411541-S,Battery,CURRENT,V,8.35462353515625
2026-08-19T12:55:00+00:00,22411189-1,Temperature,CURRENT,°C,20.3534619140625
2026-08-19T12:55:00+00:00,22411189-2,RH,CURRENT,%,81.80209048599984
2026-08-19T12:55:00+00:00,22411189-3,Dew Point,CURRENT,°C,17.162562597604197
2026-08-19T12:55:00+00:00,22411190-1,Temperature,CURRENT,°C,20.460712890624997
2026-08-19T12:55:00+00:00,22411190-2,RH,CURRENT,%,78.77622644388495
2026-08-19T12:55:00+00:00,22411190-3,Dew Point,CURRENT,°C,16.671831852321176
2026-08-19T12:55:00+00:00,22411191-1,Temperature,CURRENT,°C,20.22476074218749
2026-08-19T12:55:00+00:00,22411191-2,RH,CURRENT,%,80.8041504539559
2026-08-19T12:55:00+00:00,22411191-3,Dew Point,CURRENT,°C,16.842970942417427
2026-08-19T12:55:00+00:00,22411525-1,Temperature,CURRENT,°C,20.160410156250002
2026-08-19T12:55:00+00:00,22411525-2,RH,CURRENT,%,79.20653086137179
2026-08-19T12:55:00+00:00,22411525-3,Dew Point,CURRENT,°C,16.465568311775424
2026-08-19T12:55:00+00:00,22411526-1,Temperature,CURRENT,°C,20.332011718750003
2026-08-19T12:55:00+00:00,22411526-2,RH,CURRENT,%,80.79652094300755
2026-08-19T12:55:00+00:00,22411526-3,Dew Point,CURRENT,°C,16.94608006417773
2026-08-19T12:55:00+00:00,22411527-1,Temperature,CURRENT,°C,20.203310546874995
2026-08-19T12:55:00+00:00,22411527-2,RH,CURRENT,%,79.44609750514992
2026-08-19T12:55:00+00:00,22411527-3,Dew Point,CURRENT,°C,16.55485480333249
2026-08-19T12:55:00+00:00,22411528-1,Temperature,CURRENT,°C,20.160410156250002
2026-08-19T12:55:00+00:00,22411528-2,RH,CURRENT,%,83.14793621728847
2026-08-19T12:55:00+00:00,22411528-3,Dew Point,CURRENT,°C,17.232082303452817
2026-08-19T12:55:00+00:00,22411529-1,Temperature,CURRENT,°C,19.81720703125
2026-08-19T12:55:00+00:00,22411529-2,RH,CURRENT,%,88.06897077897307
2026-08-19T12:55:00+00:00,22411529-3,Dew Point,CURRENT,°C,17.80731405292531
2026-08-19T12:55:00+00:00,22411530-1,Temperature,CURRENT,°C,20.22476074218749
2026-08-19T12:55:00+00:00,22411530-2,RH,CURRENT,%,79.7436484321355
2026-08-19T12:55:00+00:00,22411530-3,Dew Point,CURRENT,°C,16.63462418978099
2026-08-19T12:56:00+00:00,22411541-S,Battery,CURRENT,V,8.35462353515625
2026-08-19T13:00:00+00:00,22411189-1,Temperature,CURRENT,°C,20.289111328124996
2026-08-19T13:00:00+00:00,22411189-2,RH,CURRENT,%,81.5274280918593
2026-08-19T13:00:00+00:00,22411189-3,Dew Point,CURRENT,°C,17.046526739242985
2026-08-19T13:00:00+00:00,22411190-1,Temperature,CURRENT,°C,20.396362304687493
2026-08-19T13:00:00+00:00,22411190-2,RH,CURRENT,%,78.62058442053865
2026-08-19T13:00:00+00:00,22411190-3,Dew Point,CURRENT,°C,16.578116281518167
2026-08-19T13:00:00+00:00,22411191-1,Temperature,CURRENT,°C,20.22476074218749
2026-08-19T13:00:00+00:00,22411191-2,RH,CURRENT,%,80.4074158846418
2026-08-19T13:00:00+00:00,22411191-3,Dew Point,CURRENT,°C,16.76531027905263
2026-08-19T13:00:00+00:00,22411525-1,Temperature,CURRENT,°C,20.1818603515625
2026-08-19T13:00:00+00:00,22411525-2,RH,CURRENT,%,78.72587167162585
2026-08-19T13:00:00+00:00,22411525-3,Dew Point,CURRENT,°C,16.39067014289979
2026-08-19T13:00:00+00:00,22411526-1,Temperature,CURRENT,°C,20.2676611328125
2026-08-19T13:00:00+00:00,22411526-2,RH,CURRENT,%,81.28023193713283
2026-08-19T13:00:00+00:00,22411526-3,Dew Point,CURRENT,°C,16.977594960752143
2026-08-19T13:00:00+00:00,22411527-1,Temperature,CURRENT,°C,20.22476074218749
2026-08-19T13:00:00+00:00,22411527-2,RH,CURRENT,%,78.89066910811017
2026-08-19T13:00:00+00:00,22411527-3,Dew Point,CURRENT,°C,16.46527858401562
2026-08-19T13:00:00+00:00,22411528-1,Temperature,CURRENT,°C,20.13895996093749
2026-08-19T13:00:00+00:00,22411528-2,RH,CURRENT,%,83.54314488441291
2026-08-19T13:00:00+00:00,22411528-3,Dew Point,CURRENT,°C,17.28616799589474
2026-08-19T13:00:00+00:00,22411529-1,Temperature,CURRENT,°C,19.73140625
2026-08-19T13:00:00+00:00,22411529-2,RH,CURRENT,%,89.38277256427862
2026-08-19T13:00:00+00:00,22411529-3,Dew Point,CURRENT,°C,17.958280329153432
2026-08-19T13:00:00+00:00,22411530-1,Temperature,CURRENT,°C,20.22476074218749
2026-08-19T13:00:00+00:00,22411530-2,RH,CURRENT,%,79.22941939421683
2026-08-19T13:00:00+00:00,22411530-3,Dew Point,CURRENT,°C,16.53272325419476
2026-08-19T13:01:00+00:00,22411541-S,Battery,CURRENT,V,8.35462353515625
2026-08-19T13:05:00+00:00,22411189-1,Temperature,CURRENT,°C,20.332011718750003
2026-08-19T13:05:00+00:00,22411189-2,RH,CURRENT,%,81.37788967727168
2026-08-19T13:05:00+00:00,22411189-3,Dew Point,CURRENT,°C,17.059384018538562
2026-08-19T13:05:00+00:00,22411190-1,Temperature,CURRENT,°C,20.396362304687493
2026-08-19T13:05:00+00:00,22411190-2,RH,CURRENT,%,78.65873197528039
2026-08-19T13:05:00+00:00,22411190-3,Dew Point,CURRENT,°C,16.585756975377638
2026-08-19T13:05:00+00:00,22411191-1,Temperature,CURRENT,°C,20.2676611328125
2026-08-19T13:05:00+00:00,22411191-2,RH,CURRENT,%,79.91760128175784
2026-08-19T13:05:00+00:00,22411191-3,Dew Point,CURRENT,°C,16.710748054129983
2026-08-19T13:05:00+00:00,22411525-1,Temperature,CURRENT,°C,20.22476074218749
2026-08-19T13:05:00+00:00,22411525-2,RH,CURRENT,%,78.1857022964828
2026-08-19T13:05:00+00:00,22411525-3,Dew Point,CURRENT,°C,16.324103337745896
2026-08-19T13:05:00+00:00,22411526-1,Temperature,CURRENT,°C,20.310561523437492
2026-08-19T13:05:00+00:00,22411526-2,RH,CURRENT,%,80.68513008316167
2026-08-19T13:05:00+00:00,22411526-3,Dew Point,CURRENT,°C,16.903373210129672
2026-08-19T13:05:00+00:00,22411527-1,Temperature,CURRENT,°C,20.246210937500003
2026-08-19T13:05:00+00:00,22411527-2,RH,CURRENT,%,78.19485770962082
2026-08-19T13:05:00+00:00,22411527-3,Dew Point,CURRENT,°C,16.346779241242967
2026-08-19T13:05:00+00:00,22411528-1,Temperature,CURRENT,°C,20.1818603515625
2026-08-19T13:05:00+00:00,22411528-2,RH,CURRENT,%,82.63065537499047
2026-08-19T13:05:00+00:00,22411528-3,Dew Point,CURRENT,°C,17.154299480810785
2026-08-19T13:05:00+00:00,22411529-1,Temperature,CURRENT,°C,19.752856445312496
2026-08-19T13:05:00+00:00,22411529-2,RH,CURRENT,%,87.49675745784695
2026-08-19T13:05:00+00:00,22411529-3,Dew Point,CURRENT,°C,17.64030435612622
2026-08-19T13:05:00+00:00,22411530-1,Temperature,CURRENT,°C,20.2676611328125
2026-08-19T13:05:00+00:00,22411530-2,RH,CURRENT,%,79.0249485008011
2026-08-19T13:05:00+00:00,22411530-3,Dew Point,CURRENT,°C,16.53376881602514
2026-08-19T13:06:00+00:00,22411541-S,Battery,CURRENT,V,8.364315673828125
2026-08-19T13:10:00+00:00,22411189-1,Temperature,CURRENT,°C,20.589414062500005
2026-08-19T13:10:00+00:00,22411189-2,RH,CURRENT,%,81.25886930647745
2026-08-19T13:10:00+00:00,22411189-3,Dew Point,CURRENT,°C,17.287457613754572
2026-08-19T13:10:00+00:00,22411190-1,Temperature,CURRENT,°C,20.653764648437495
2026-08-19T13:10:00+00:00,22411190-2,RH,CURRENT,%,78.60685130083162
2026-08-19T13:10:00+00:00,22411190-3,Dew Point,CURRENT,°C,16.82554298259201
2026-08-19T13:10:00+00:00,22411191-1,Temperature,CURRENT,°C,20.503613281250004
2026-08-19T13:10:00+00:00,22411191-2,RH,CURRENT,%,79.53612573434043
2026-08-19T13:10:00+00:00,22411191-3,Dew Point,CURRENT,°C,16.864996823580945
2026-08-19T13:10:00+00:00,22411525-1,Temperature,CURRENT,°C,20.4392626953125
2026-08-19T13:10:00+00:00,22411525-2,RH,CURRENT,%,77.6974135957885
2026-08-19T13:10:00+00:00,22411525-3,Dew Point,CURRENT,°C,16.43385063996856
2026-08-19T13:10:00+00:00,22411526-1,Temperature,CURRENT,°C,20.589414062500005
2026-08-19T13:10:00+00:00,22411526-2,RH,CURRENT,%,80.37079423208972
2026-08-19T13:10:00+00:00,22411526-3,Dew Point,CURRENT,°C,17.11352502739432
2026-08-19T13:10:00+00:00,22411527-1,Temperature,CURRENT,°C,20.482163085937493
2026-08-19T13:10:00+00:00,22411527-2,RH,CURRENT,%,77.76150148775463
2026-08-19T13:10:00+00:00,22411527-3,Dew Point,CURRENT,°C,16.488463719004397
2026-08-19T13:10:00+00:00,22411528-1,Temperature,CURRENT,°C,20.482163085937493
2026-08-19T13:10:00+00:00,22411528-2,RH,CURRENT,%,82.38345922026399
2026-08-19T13:10:00+00:00,22411528-3,Dew Point,CURRENT,°C,17.400489522341342
2026-08-19T13:10:00+00:00,22411529-1,Temperature,CURRENT,°C,19.967358398437504
2026-08-19T13:10:00+00:00,22411529-2,RH,CURRENT,%,88.99061570153353
2026-08-19T13:10:00+00:00,22411529-3,Dew Point,CURRENT,°C,18.121196673801474
2026-08-19T13:10:00+00:00,22411530-1,Temperature,CURRENT,°C,20.503613281250004
2026-08-19T13:10:00+00:00,22411530-2,RH,CURRENT,%,78.30930037384604
2026-08-19T13:10:00+00:00,22411530-3,Dew Point,CURRENT,°C,16.619839374350157
2026-08-19T13:11:00+00:00,22411541-S,Battery,CURRENT,V,8.36754638671875
2026-08-19T13:15:00+00:00,22411189-1,Temperature,CURRENT,°C,20.782465820312503
2026-08-19T13:15:00+00:00,22411189-2,RH,CURRENT,%,80.72327763790341
2026-08-19T13:15:00+00:00,22411189-3,Dew Point,CURRENT,°C,17.3710104911119
2026-08-19T13:15:00+00:00,22411190-1,Temperature,CURRENT,°C,20.825366210937496
2026-08-19T13:15:00+00:00,22411190-2,RH,CURRENT,%,78.1857022964828
2026-08-19T13:15:00+00:00,22411190-3,Dew Point,CURRENT,°C,16.907463859334424
2026-08-19T13:15:00+00:00,22411191-1,Temperature,CURRENT,°C,20.6108642578125
2026-08-19T13:15:00+00:00,22411191-2,RH,CURRENT,%,79.5178149080644
2026-08-19T13:15:00+00:00,22411191-3,Dew Point,CURRENT,°C,16.965751732820994
2026-08-19T13:15:00+00:00,22411525-1,Temperature,CURRENT,°C,20.5250634765625
2026-08-19T13:15:00+00:00,22411525-2,RH,CURRENT,%,77.63790341039139
2026-08-19T13:15:00+00:00,22411525-3,Dew Point,CURRENT,°C,16.50506171158684
2026-08-19T13:15:00+00:00,22411526-1,Temperature,CURRENT,°C,20.803916015625
2026-08-19T13:15:00+00:00,22411526-2,RH,CURRENT,%,80
2026-08-19T13:15:00+00:00,22411526-3,Dew Point,CURRENT,°C,17.24933776422875
2026-08-19T13:15:00+00:00,22411527-1,Temperature,CURRENT,°C,20.546513671874997
2026-08-19T13:15:00+00:00,22411527-2,RH,CURRENT,%,77.6928358892195
2026-08-19T13:15:00+00:00,22411527-3,Dew Point,CURRENT,°C,16.53701405034269
2026-08-19T13:15:00+00:00,22411528-1,Temperature,CURRENT,°C,20.67521484374999
2026-08-19T13:15:00+00:00,22411528-2,RH,CURRENT,%,82.61234454871443
2026-08-19T13:15:00+00:00,22411528-3,Dew Point,CURRENT,°C,17.63327293183523
2026-08-19T13:15:00+00:00,22411529-1,Temperature,CURRENT,°C,20.160410156250002
2026-08-19T13:15:00+00:00,22411529-2,RH,CURRENT,%,87.96826123445487
2026-08-19T13:15:00+00:00,22411529-3,Dew Point,CURRENT,°C,18.12740243615676
2026-08-19T13:15:00+00:00,22411530-1,Temperature,CURRENT,°C,20.6108642578125
2026-08-19T13:15:00+00:00,22411530-2,RH,CURRENT,%,78.47409781033036
2026-08-19T13:15:00+00:00,22411530-3,Dew Point,CURRENT,°C,16.75718444303926
2026-08-19T13:16:00+00:00,22411541-S,Battery,CURRENT,V,8.36754638671875
2026-08-19T13:20:00+00:00,22411189-1,Temperature,CURRENT,°C,21.168569335937498
2026-08-19T13:20:00+00:00,22411189-2,RH,CURRENT,%,81.18867780575265
2026-08-19T13:20:00+00:00,22411189-3,Dew Point,CURRENT,°C,17.838913243706767
2026-08-19T13:20:00+00:00,22411190-1,Temperature,CURRENT,°C,21.190019531249995
2026-08-19T13:20:00+00:00,22411190-2,RH,CURRENT,%,78.59006637674526
2026-08-19T13:20:00+00:00,22411190-3,Dew Point,CURRENT,°C,17.343339530537396
2026-08-19T13:20:00+00:00,22411191-1,Temperature,CURRENT,°C,20.975517578125
2026-08-19T13:20:00+00:00,22411191-2,RH,CURRENT,%,79.74212252994583
2026-08-19T13:20:00+00:00,22411191-3,Dew Point,CURRENT,°C,17.365301479333716
2026-08-19T13:20:00+00:00,22411525-1,Temperature,CURRENT,°C,20.868266601562503
2026-08-19T13:20:00+00:00,22411525-2,RH,CURRENT,%,78.17807278553445
2026-08-19T13:20:00+00:00,22411525-3,Dew Point,CURRENT,°C,16.947589356392758
2026-08-19T13:20:00+00:00,22411526-1,Temperature,CURRENT,°C,21.190019531249995
2026-08-19T13:20:00+00:00,22411526-2,RH,CURRENT,%,81.4373998626688
2026-08-19T13:20:00+00:00,22411526-3,Dew Point,CURRENT,°C,17.908518026907878
2026-08-19T13:20:00+00:00,22411527-1,Temperature,CURRENT,°C,20.911166992187496
2026-08-19T13:20:00+00:00,22411527-2,RH,CURRENT,%,78.2009613183795
2026-08-19T13:20:00+00:00,22411527-3,Dew Point,CURRENT,°C,16.993881332464692
2026-08-19T13:20:00+00:00,22411528-1,Temperature,CURRENT,°C,21.061318359375
2026-08-19T13:20:00+00:00,22411528-2,RH,CURRENT,%,83.45464255741207
2026-08-19T13:20:00+00:00,22411528-3,Dew Point,CURRENT,°C,18.172534030769953
2026-08-19T13:20:00+00:00,22411529-1,Temperature,CURRENT,°C,20.460712890624997
2026-08-19T13:20:00+00:00,22411529-2,RH,CURRENT,%,90.50431067368582
2026-08-19T13:20:00+00:00,22411529-3,Dew Point,CURRENT,°C,18.87837340309917
2026-08-19T13:20:00+00:00,22411530-1,Temperature,CURRENT,°C,20.975517578125
2026-08-19T13:20:00+00:00,22411530-2,RH,CURRENT,%,78.72281986724651
2026-08-19T13:20:00+00:00,22411530-3,Dew Point,CURRENT,°C,17.161579268147307
2026-08-19T13:21:00+00:00,22411541-S,Battery,CURRENT,V,8.3740078125
2026-08-19T13:25:00+00:00,22411189-1,Temperature,CURRENT,°C,21.704824218749998
2026-08-19T13:25:00+00:00,22411189-2,RH,CURRENT,%,78.80979629205768
2026-08-19T13:25:00+00:00,22411189-3,Dew Point,CURRENT,°C,17.8880508301433
2026-08-19T13:25:00+00:00,22411190-1,Temperature,CURRENT,°C,21.726274414062495
2026-08-19T13:25:00+00:00,22411190-2,RH,CURRENT,%,76.14557106889448
2026-08-19T13:25:00+00:00,22411190-3,Dew Point,CURRENT,°C,17.362721608207817
2026-08-19T13:25:00+00:00,22411191-1,Temperature,CURRENT,°C,21.5117724609375
2026-08-19T13:25:00+00:00,22411191-2,RH,CURRENT,%,78.8494697489891
2026-08-19T13:25:00+00:00,22411191-3,Dew Point,CURRENT,°C,17.708377930303342
2026-08-19T13:25:00+00:00,22411525-1,Temperature,CURRENT,°C,21.383071289062492
2026-08-19T13:25:00+00:00,22411525-2,RH,CURRENT,%,77.31746395056076
2026-08-19T13:25:00+00:00,22411525-3,Dew Point,CURRENT,°C,17.272149296588278
2026-08-19T13:25:00+00:00,22411526-1,Temperature,CURRENT,°C,21.812075195312495
2026-08-19T13:25:00+00:00,22411526-2,RH,CURRENT,%,77.3357747768368
2026-08-19T13:25:00+00:00,22411526-3,Dew Point,CURRENT,°C,17.6919664855629
2026-08-19T13:25:00+00:00,22411527-1,Temperature,CURRENT,°C,21.404521484375003
2026-08-19T13:25:00+00:00,22411527-2,RH,CURRENT,%,77.55855649652857
2026-08-19T13:25:00+00:00,22411527-3,Dew Point,CURRENT,°C,17.34227527833409
2026-08-19T13:25:00+00:00,22411528-1,Temperature,CURRENT,°C,21.640473632812494
2026-08-19T13:25:00+00:00,22411528-2,RH,CURRENT,%,79.90234225986114
2026-08-19T13:25:00+00:00,22411528-3,Dew Point,CURRENT,°C,18.0446659834056
2026-08-19T13:25:00+00:00,22411529-1,Temperature,CURRENT,°C,20.932617187499993
2026-08-19T13:25:00+00:00,22411529-2,RH,CURRENT,%,87.15495536736096
2026-08-19T13:25:00+00:00,22411529-3,Dew Point,CURRENT,°C,18.73963111386034
2026-08-19T13:25:00+00:00,22411530-1,Temperature,CURRENT,°C,21.468872070312493
2026-08-19T13:25:00+00:00,22411530-2,RH,CURRENT,%,77.25185015640497
2026-08-19T13:25:00+00:00,22411530-3,Dew Point,CURRENT,°C,17.34190885916829
2026-08-19T13:26:00+00:00,22411541-S,Battery,CURRENT,V,8.396622802734376
2026-08-19T13:30:00+00:00,22411189-1,Temperature,CURRENT,°C,21.940776367187503
2026-08-19T13:30:00+00:00,22411189-2,RH,CURRENT,%,77.66079194323643
2026-08-19T13:30:00+00:00,22411189-3,Dew Point,CURRENT,°C,17.883500403852366
2026-08-19T13:30:00+00:00,22411190-1,Temperature,CURRENT,°C,21.983676757812496
2026-08-19T13:30:00+00:00,22411190-2,RH,CURRENT,%,75.03318837262532
2026-08-19T13:30:00+00:00,22411190-3,Dew Point,CURRENT,°C,17.37840726820266
2026-08-19T13:30:00+00:00,22411191-1,Temperature,CURRENT,°C,21.812075195312495
2026-08-19T13:30:00+00:00,22411191-2,RH,CURRENT,%,76.49195086594949
2026-08-19T13:30:00+00:00,22411191-3,Dew Point,CURRENT,°C,17.517767195971814
2026-08-19T13:30:00+00:00,22411525-1,Temperature,CURRENT,°C,21.704824218749998
2026-08-19T13:30:00+00:00,22411525-2,RH,CURRENT,%,74.79209582665752
2026-08-19T13:30:00+00:00,22411525-3,Dew Point,CURRENT,°C,17.05809443047409
2026-08-19T13:30:00+00:00,22411526-1,Temperature,CURRENT,°C,22.176728515624994
2026-08-19T13:30:00+00:00,22411526-2,RH,CURRENT,%,76.48279545281147
2026-08-19T13:30:00+00:00,22411526-3,Dew Point,CURRENT,°C,17.869019686908285
2026-08-19T13:30:00+00:00,22411527-1,Temperature,CURRENT,°C,21.74772460937499
2026-08-19T13:30:00+00:00,22411527-2,RH,CURRENT,%,74.91569390402076
2026-08-19T13:30:00+00:00,22411527-3,Dew Point,CURRENT,°C,17.12564448022094
2026-08-19T13:30:00+00:00,22411528-1,Temperature,CURRENT,°C,21.9622265625
2026-08-19T13:30:00+00:00,22411528-2,RH,CURRENT,%,79.32097352559701
2026-08-19T13:30:00+00:00,22411528-3,Dew Point,CURRENT,°C,18.241397576919834
2026-08-19T13:30:00+00:00,22411529-1,Temperature,CURRENT,°C,21.3401708984375
2026-08-19T13:30:00+00:00,22411529-2,RH,CURRENT,%,84.69672693980316
2026-08-19T13:30:00+00:00,22411529-3,Dew Point,CURRENT,°C,18.681906921965943
2026-08-19T13:30:00+00:00,22411530-1,Temperature,CURRENT,°C,21.74772460937499
2026-08-19T13:30:00+00:00,22411530-2,RH,CURRENT,%,75.50774395361258
2026-08-19T13:30:00+00:00,22411530-3,Dew Point,CURRENT,°C,17.250225064448866
2026-08-19T13:31:00+00:00,22411541-S,Battery,CURRENT,V,8.396622802734376
2026-08-19T13:35:00+00:00,22411189-1,Temperature,CURRENT,°C,21.533222656249997
2026-08-19T13:35:00+00:00,22411189-2,RH,CURRENT,%,81.5228503852903
2026-08-19T13:35:00+00:00,22411189-3,Dew Point,CURRENT,°C,18.260264606186226
2026-08-19T13:35:00+00:00,22411190-1,Temperature,CURRENT,°C,21.576123046875004
2026-08-19T13:35:00+00:00,22411190-2,RH,CURRENT,%,78.60227359426261
2026-08-19T13:35:00+00:00,22411190-3,Dew Point,CURRENT,°C,17.72102768558066
2026-08-19T13:35:00+00:00,22411191-1,Temperature,CURRENT,°C,21.404521484375003
2026-08-19T13:35:00+00:00,22411191-2,RH,CURRENT,%,79.91302357518883
2026-08-19T13:35:00+00:00,22411191-3,Dew Point,CURRENT,°C,17.8170214717395
2026-08-19T13:35:00+00:00,22411525-1,Temperature,CURRENT,°C,21.29727050781249
2026-08-19T13:35:00+00:00,22411525-2,RH,CURRENT,%,78.1307698176547
2026-08-19T13:35:00+00:00,22411525-3,Dew Point,CURRENT,°C,17.354651124145875
2026-08-19T13:35:00+00:00,22411526-1,Temperature,CURRENT,°C,21.769174804687502
2026-08-19T13:35:00+00:00,22411526-2,RH,CURRENT,%,79.22484168764782
2026-08-19T13:35:00+00:00,22411526-3,Dew Point,CURRENT,°C,18.0342606447903
2026-08-19T13:35:00+00:00,22411527-1,Temperature,CURRENT,°C,21.3401708984375
2026-08-19T13:35:00+00:00,22411527-2,RH,CURRENT,%,78.43442435339895
2026-08-19T13:35:00+00:00,22411527-3,Dew Point,CURRENT,°C,17.45781637461873
2026-08-19T13:35:00+00:00,22411528-1,Temperature,CURRENT,°C,21.5975732421875
2026-08-19T13:35:00+00:00,22411528-2,RH,CURRENT,%,82.69474326695659
2026-08-19T13:35:00+00:00,22411528-3,Dew Point,CURRENT,°C,18.551187054872074
2026-08-19T13:35:00+00:00,22411529-1,Temperature,CURRENT,°C,21.275820312499995
2026-08-19T13:35:00+00:00,22411529-2,RH,CURRENT,%,86.97489890897994
2026-08-19T13:35:00+00:00,22411529-3,Dew Point,CURRENT,°C,19.044285674728997
2026-08-19T13:35:00+00:00,22411530-1,Temperature,CURRENT,°C,21.404521484375003
2026-08-19T13:35:00+00:00,22411530-2,RH,CURRENT,%,78.99290455481804
2026-08-19T13:35:00+00:00,22411530-3,Dew Point,CURRENT,°C,17.63296878060395
2026-08-19T13:36:00+00:00,22411541-S,Battery,CURRENT,V,8.403084228515626
2026-08-19T13:40:00+00:00,22411189-1,Temperature,CURRENT,°C,21.125668945312505
2026-08-19T13:40:00+00:00,22411189-2,RH,CURRENT,%,80.72785534447242
2026-08-19T13:40:00+00:00,22411189-3,Dew Point,CURRENT,°C,17.706568733982667
2026-08-19T13:40:00+00:00,22411190-1,Temperature,CURRENT,°C,21.190019531249995
2026-08-19T13:40:00+00:00,22411190-2,RH,CURRENT,%,78.24979018844893
2026-08-19T13:40:00+00:00,22411190-3,Dew Point,CURRENT,°C,17.274602084585943
2026-08-19T13:40:00+00:00,22411191-1,Temperature,CURRENT,°C,21.082768554687497
2026-08-19T13:40:00+00:00,22411191-2,RH,CURRENT,%,79.6932936598764
2026-08-19T13:40:00+00:00,22411191-3,Dew Point,CURRENT,°C,17.46000717798621
2026-08-19T13:40:00+00:00,22411525-1,Temperature,CURRENT,°C,20.996967773437497
2026-08-19T13:40:00+00:00,22411525-2,RH,CURRENT,%,78.32761120012208
2026-08-19T13:40:00+00:00,22411525-3,Dew Point,CURRENT,°C,17.102807055660364
2026-08-19T13:40:00+00:00,22411526-1,Temperature,CURRENT,°C,21.318720703125003
2026-08-19T13:40:00+00:00,22411526-2,RH,CURRENT,%,78.84641794460975
2026-08-19T13:40:00+00:00,22411526-3,Dew Point,CURRENT,°C,17.52007765660053
2026-08-19T13:40:00+00:00,22411527-1,Temperature,CURRENT,°C,20.996967773437497
2026-08-19T13:40:00+00:00,22411527-2,RH,CURRENT,%,78.61753261615931
2026-08-19T13:40:00+00:00,22411527-3,Dew Point,CURRENT,°C,17.16125208853227
2026-08-19T13:40:00+00:00,22411528-1,Temperature,CURRENT,°C,21.168569335937498
2026-08-19T13:40:00+00:00,22411528-2,RH,CURRENT,%,81.55184252689402
2026-08-19T13:40:00+00:00,22411528-3,Dew Point,CURRENT,°C,17.909928247362572
2026-08-19T13:40:00+00:00,22411529-1,Temperature,CURRENT,°C,20.954067382812504
2026-08-19T13:40:00+00:00,22411529-2,RH,CURRENT,%,85.28114747844663
2026-08-19T13:40:00+00:00,22411529-3,Dew Point,CURRENT,°C,18.41299320913022
2026-08-19T13:40:00+00:00,22411530-1,Temperature,CURRENT,°C,21.061318359375
2026-08-19T13:40:00+00:00,22411530-2,RH,CURRENT,%,78.41611352712292
2026-08-19T13:40:00+00:00,22411530-3,Dew Point,CURRENT,°C,17.183190242861674
2026-08-19T13:41:00+00:00,22411541-S,Battery,CURRENT,V,8.4127763671875
2026-08-19T13:45:00+00:00,22411189-1,Temperature,CURRENT,°C,20.76101562499999
2026-08-19T13:45:00+00:00,22411189-2,RH,CURRENT,%,81.60219729915312
2026-08-19T13:45:00+00:00,22411189-3,Dew Point,CURRENT,°C,17.52181237059078
2026-08-19T13:45:00+00:00,22411190-1,Temperature,CURRENT,°C,20.825366210937496
2026-08-19T13:45:00+00:00,22411190-2,RH,CURRENT,%,78.4924086366064
2026-08-19T13:45:00+00:00,22411190-3,Dew Point,CURRENT,°C,16.969303846631046
2026-08-19T13:45:00+00:00,22411191-1,Temperature,CURRENT,°C,20.803916015625
2026-08-19T13:45:00+00:00,22411191-2,RH,CURRENT,%,79.56816968032349
2026-08-19T13:45:00+00:00,22411191-3,Dew Point,CURRENT,°C,17.163666254395174
2026-08-19T13:45:00+00:00,22411525-1,Temperature,CURRENT,°C,20.718115234375
2026-08-19T13:45:00+00:00,22411525-2,RH,CURRENT,%,78.11245899137866
2026-08-19T13:45:00+00:00,22411525-3,Dew Point,CURRENT,°C,16.788508311495505
2026-08-19T13:45:00+00:00,22411526-1,Temperature,CURRENT,°C,20.889716796875
2026-08-19T13:45:00+00:00,22411526-2,RH,CURRENT,%,80.04577706569009
2026-08-19T13:45:00+00:00,22411526-3,Dew Point,CURRENT,°C,17.341973422745358
2026-08-19T13:45:00+00:00,22411527-1,Temperature,CURRENT,°C,20.739565429687495
2026-08-19T13:45:00+00:00,22411527-2,RH,CURRENT,%,78.23300526436256
2026-08-19T13:45:00+00:00,22411527-3,Dew Point,CURRENT,°C,16.833674291990828
2026-08-19T13:45:00+00:00,22411528-1,Temperature,CURRENT,°C,20.782465820312503
2026-08-19T13:45:00+00:00,22411528-2,RH,CURRENT,%,82.67338063630122
2026-08-19T13:45:00+00:00,22411528-3,Dew Point,CURRENT,°C,17.74989645144069
2026-08-19T13:45:00+00:00,22411529-1,Temperature,CURRENT,°C,20.589414062500005
2026-08-19T13:45:00+00:00,22411529-2,RH,CURRENT,%,85.34065766384374
2026-08-19T13:45:00+00:00,22411529-3,Dew Point,CURRENT,°C,18.066089348669713
2026-08-19T13:45:00+00:00,22411530-1,Temperature,CURRENT,°C,20.782465820312503
2026-08-19T13:45:00+00:00,22411530-2,RH,CURRENT,%,78.46646829938202
2026-08-19T13:45:00+00:00,22411530-3,Dew Point,CURRENT,°C,16.92239603970675
2026-08-19T13:46:00+00:00,22411541-S,Battery,CURRENT,V,8.399853515625
2026-08-19T13:50:00+00:00,22411189-1,Temperature,CURRENT,°C,20.503613281250004
2026-08-19T13:50:00+00:00,22411189-2,RH,CURRENT,%,83.09758144502938
2026-08-19T13:50:00+00:00,22411189-3,Dew Point,CURRENT,°C,17.55837759241953
2026-08-19T13:50:00+00:00,22411190-1,Temperature,CURRENT,°C,20.546513671874997
2026-08-19T13:50:00+00:00,22411190-2,RH,CURRENT,%,80.34332799267567
2026-08-19T13:50:00+00:00,22411190-3,Dew Point,CURRENT,°C,17.066309564363937
2026-08-19T13:50:00+00:00,22411191-1,Temperature,CURRENT,°C,20.546513671874997
2026-08-19T13:50:00+00:00,22411191-2,RH,CURRENT,%,81.61898222323948
2026-08-19T13:50:00+00:00,22411191-3,Dew Point,CURRENT,°C,17.31562171825809
2026-08-19T13:50:00+00:00,22411525-1,Temperature,CURRENT,°C,20.482163085937493
2026-08-19T13:50:00+00:00,22411525-2,RH,CURRENT,%,79.97711146715496
2026-08-19T13:50:00+00:00,22411525-3,Dew Point,CURRENT,°C,16.931417446068675
2026-08-19T13:50:00+00:00,22411526-1,Temperature,CURRENT,°C,20.589414062500005
2026-08-19T13:50:00+00:00,22411526-2,RH,CURRENT,%,81.72579537651636
2026-08-19T13:50:00+00:00,22411526-3,Dew Point,CURRENT,°C,17.37823997528483
2026-08-19T13:50:00+00:00,22411527-1,Temperature,CURRENT,°C,20.503613281250004
2026-08-19T13:50:00+00:00,22411527-2,RH,CURRENT,%,80.0549324788281
2026-08-19T13:50:00+00:00,22411527-3,Dew Point,CURRENT,°C,16.967674912524874
2026-08-19T13:50:00+00:00,22411528-1,Temperature,CURRENT,°C,20.482163085937493
2026-08-19T13:50:00+00:00,22411528-2,RH,CURRENT,%,84.00854505226215
2026-08-19T13:50:00+00:00,22411528-3,Dew Point,CURRENT,°C,17.710527163113234
2026-08-19T13:50:00+00:00,22411529-1,Temperature,CURRENT,°C,20.289111328124996
2026-08-19T13:50:00+00:00,22411529-2,RH,CURRENT,%,86.84214541847868
2026-08-19T13:50:00+00:00,22411529-3,Dew Point,CURRENT,°C,18.048807586727083
2026-08-19T13:50:00+00:00,22411530-1,Temperature,CURRENT,°C,20.5250634765625
2026-08-19T13:50:00+00:00,22411530-2,RH,CURRENT,%,80.41962310215915
2026-08-19T13:50:00+00:00,22411530-3,Dew Point,CURRENT,°C,17.060410515512935
2026-08-19T13:51:00+00:00,22411541-S,Battery,CURRENT,V,8.399853515625
2026-08-19T13:55:00+00:00,22411189-1,Temperature,CURRENT,°C,20.4392626953125
2026-08-19T13:55:00+00:00,22411189-2,RH,CURRENT,%,82.67795834287023
2026-08-19T13:55:00+00:00,22411189-3,Dew Point,CURRENT,°C,17.415110930713503
2026-08-19T13:55:00+00:00,22411190-1,Temperature,CURRENT,°C,20.460712890624997
2026-08-19T13:55:00+00:00,22411190-2,RH,CURRENT,%,80.03967345693141
2026-08-19T13:55:00+00:00,22411190-3,Dew Point,CURRENT,°C,16.92287323914836
2026-08-19T13:55:00+00:00,22411191-1,Temperature,CURRENT,°C,20.460712890624997
2026-08-19T13:55:00+00:00,22411191-2,RH,CURRENT,%,81.21309224078736
2026-08-19T13:55:00+00:00,22411191-3,Dew Point,CURRENT,°C,17.152936496419894
2026-08-19T13:55:00+00:00,22411525-1,Temperature,CURRENT,°C,20.396362304687493
2026-08-19T13:55:00+00:00,22411525-2,RH,CURRENT,%,79.62005035477226
2026-08-19T13:55:00+00:00,22411525-3,Dew Point,CURRENT,°C,16.777238793426918
2026-08-19T13:55:00+00:00,22411526-1,Temperature,CURRENT,°C,20.482163085937493
2026-08-19T13:55:00+00:00,22411526-2,RH,CURRENT,%,81.28023193713283
2026-08-19T13:55:00+00:00,22411526-3,Dew Point,CURRENT,°C,17.186946790287063
2026-08-19T13:55:00+00:00,22411527-1,Temperature,CURRENT,°C,20.417812500000004
2026-08-19T13:55:00+00:00,22411527-2,RH,CURRENT,%,79.8443579766537
2026-08-19T13:55:00+00:00,22411527-3,Dew Point,CURRENT,°C,16.842515180256914
2026-08-19T13:55:00+00:00,22411528-1,Temperature,CURRENT,°C,20.396362304687493
2026-08-19T13:55:00+00:00,22411528-2,RH,CURRENT,%,83.61486228732738
2026-08-19T13:55:00+00:00,22411528-3,Dew Point,CURRENT,°C,17.55186924353971
2026-08-19T13:55:00+00:00,22411529-1,Temperature,CURRENT,°C,20.13895996093749
2026-08-19T13:55:00+00:00,22411529-2,RH,CURRENT,%,86.49118791485466
2026-08-19T13:55:00+00:00,22411529-3,Dew Point,CURRENT,°C,17.836617088937118
2026-08-19T13:55:00+00:00,22411530-1,Temperature,CURRENT,°C,20.460712890624997
2026-08-19T13:55:00+00:00,22411530-2,RH,CURRENT,%,79.99084458686198
2026-08-19T13:55:00+00:00,22411530-3,Dew Point,CURRENT,°C,16.913235859987232
2026-08-19T13:56:00+00:00,22411541-S,Battery,CURRENT,V,8.403084228515626
2026-08-19T14:00:00+00:00,22411189-1,Temperature,CURRENT,°C,20.4392626953125
2026-08-19T14:00:00+00:00,22411189-2,RH,CURRENT,%,85.00343327992675
2026-08-19T14:00:00+00:00,22411189-3,Dew Point,CURRENT,°C,17.855648534139103
2026-08-19T14:00:00+00:00,22411190-1,Temperature,CURRENT,°C,20.460712890624997
2026-08-19T14:00:00+00:00,22411190-2,RH,CURRENT,%,82.05996795605402
2026-08-19T14:00:00+00:00,22411190-3,Dew Point,CURRENT,°C,17.317174928977867
2026-08-19T14:00:00+00:00,22411191-1,Temperature,CURRENT,°C,20.460712890624997
2026-08-19T14:00:00+00:00,22411191-2,RH,CURRENT,%,83.24864576180667
2026-08-19T14:00:00+00:00,22411191-3,Dew Point,CURRENT,°C,17.54521431951591
2026-08-19T14:00:00+00:00,22411525-1,Temperature,CURRENT,°C,20.396362304687493
2026-08-19T14:00:00+00:00,22411525-2,RH,CURRENT,%,81.4724956130312
2026-08-19T14:00:00+00:00,22411525-3,Dew Point,CURRENT,°C,17.140578855458187
2026-08-19T14:00:00+00:00,22411526-1,Temperature,CURRENT,°C,20.482163085937493
2026-08-19T14:00:00+00:00,22411526-2,RH,CURRENT,%,83.96429388876173
2026-08-19T14:00:00+00:00,22411526-3,Dew Point,CURRENT,°C,17.702154653209774
2026-08-19T14:00:00+00:00,22411527-1,Temperature,CURRENT,°C,20.417812500000004
2026-08-19T14:00:00+00:00,22411527-2,RH,CURRENT,%,81.63424124513618
2026-08-19T14:00:00+00:00,22411527-3,Dew Point,CURRENT,°C,17.19290564503832
2026-08-19T14:00:00+00:00,22411528-1,Temperature,CURRENT,°C,20.396362304687493
2026-08-19T14:00:00+00:00,22411528-2,RH,CURRENT,%,86.15701533531701
2026-08-19T14:00:00+00:00,22411528-3,Dew Point,CURRENT,°C,18.02810552000647
2026-08-19T14:00:00+00:00,22411529-1,Temperature,CURRENT,°C,20.117509765624995
2026-08-19T14:00:00+00:00,22411529-2,RH,CURRENT,%,89.31410696574349
2026-08-19T14:00:00+00:00,22411529-3,Dew Point,CURRENT,°C,18.32733540218546
2026-08-19T14:00:00+00:00,22411530-1,Temperature,CURRENT,°C,20.4392626953125
2026-08-19T14:00:00+00:00,22411530-2,RH,CURRENT,%,81.90280003051804
2026-08-19T14:00:00+00:00,22411530-3,Dew Point,CURRENT,°C,17.265852304146122
2026-08-19T14:01:00+00:00,22411541-S,Battery,CURRENT,V,8.403084228515626
2026-08-19T14:05:00+00:00,22411189-1,Temperature,CURRENT,°C,20.3534619140625
2026-08-19T14:05:00+00:00,22411189-2,RH,CURRENT,%,86.17532616159305
2026-08-19T14:05:00+00:00,22411189-3,Dew Point,CURRENT,°C,17.989314948242775
2026-08-19T14:05:00+00:00,22411190-1,Temperature,CURRENT,°C,20.396362304687493
2026-08-19T14:05:00+00:00,22411190-2,RH,CURRENT,%,83.50957503624018
2026-08-19T14:05:00+00:00,22411190-3,Dew Point,CURRENT,°C,17.53187309275097
2026-08-19T14:05:00+00:00,22411191-1,Temperature,CURRENT,°C,20.374912109374996
2026-08-19T14:05:00+00:00,22411191-2,RH,CURRENT,%,85.0110627908751
2026-08-19T14:05:00+00:00,22411191-3,Dew Point,CURRENT,°C,17.793919680614508
2026-08-19T14:05:00+00:00,22411525-1,Temperature,CURRENT,°C,20.310561523437492
2026-08-19T14:05:00+00:00,22411525-2,RH,CURRENT,%,83.20897230487526
2026-08-19T14:05:00+00:00,22411525-3,Dew Point,CURRENT,°C,17.390675691890422
2026-08-19T14:05:00+00:00,22411526-1,Temperature,CURRENT,°C,20.417812500000004
2026-08-19T14:05:00+00:00,22411526-2,RH,CURRENT,%,84.2572671091783
2026-08-19T14:05:00+00:00,22411526-3,Dew Point,CURRENT,°C,17.694428186553203
2026-08-19T14:05:00+00:00,22411527-1,Temperature,CURRENT,°C,20.332011718750003
2026-08-19T14:05:00+00:00,22411527-2,RH,CURRENT,%,83.38597695887694
2026-08-19T14:05:00+00:00,22411527-3,Dew Point,CURRENT,°C,17.44536567651501
2026-08-19T14:05:00+00:00,22411528-1,Temperature,CURRENT,°C,20.332011718750003
2026-08-19T14:05:00+00:00,22411528-2,RH,CURRENT,%,86.5445944914931
2026-08-19T14:05:00+00:00,22411528-3,Dew Point,CURRENT,°C,18.036331466658325
2026-08-19T14:05:00+00:00,22411529-1,Temperature,CURRENT,°C,20.096059570312498
2026-08-19T14:05:00+00:00,22411529-2,RH,CURRENT,%,89.32478828107118
2026-08-19T14:05:00+00:00,22411529-3,Dew Point,CURRENT,°C,18.308062031598453
2026-08-19T14:05:00+00:00,22411530-1,Temperature,CURRENT,°C,20.374912109374996
2026-08-19T14:05:00+00:00,22411530-2,RH,CURRENT,%,83.75677119096666
2026-08-19T14:05:00+00:00,22411530-3,Dew Point,CURRENT,°C,17.557772342052253
2026-08-19T14:06:00+00:00,22411541-S,Battery,CURRENT,V,8.403084228515626
2026-08-19T14:10:00+00:00,22411189-1,Temperature,CURRENT,°C,20.396362304687493
2026-08-19T14:10:00+00:00,22411189-2,RH,CURRENT,%,86.47745479514764
2026-08-19T14:10:00+00:00,22411189-3,Dew Point,CURRENT,°C,18.087259370790107
2026-08-19T14:10:00+00:00,22411190-1,Temperature,CURRENT,°C,20.396362304687493
2026-08-19T14:10:00+00:00,22411190-2,RH,CURRENT,%,83.3829251544976
2026-08-19T14:10:00+00:00,22411190-3,Dew Point,CURRENT,°C,17.50779048210721
2026-08-19T14:10:00+00:00,22411191-1,Temperature,CURRENT,°C,20.374912109374996
2026-08-19T14:10:00+00:00,22411191-2,RH,CURRENT,%,84.17486839093614
2026-08-19T14:10:00+00:00,22411191-3,Dew Point,CURRENT,°C,17.636830145454212
2026-08-19T14:10:00+00:00,22411525-1,Temperature,CURRENT,°C,20.310561523437492
2026-08-19T14:10:00+00:00,22411525-2,RH,CURRENT,%,82.4582284275578
2026-08-19T14:10:00+00:00,22411525-3,Dew Point,CURRENT,°C,17.24709053072018
2026-08-19T14:10:00+00:00,22411526-1,Temperature,CURRENT,°C,20.4392626953125
2026-08-19T14:10:00+00:00,22411526-2,RH,CURRENT,%,84.8706797894255
2026-08-19T14:10:00+00:00,22411526-3,Dew Point,CURRENT,°C,17.830785494209696
2026-08-19T14:10:00+00:00,22411527-1,Temperature,CURRENT,°C,20.332011718750003
2026-08-19T14:10:00+00:00,22411527-2,RH,CURRENT,%,82.63218127718014
2026-08-19T14:10:00+00:00,22411527-3,Dew Point,CURRENT,°C,17.30144008157108
2026-08-19T14:10:00+00:00,22411528-1,Temperature,CURRENT,°C,20.374912109374996
2026-08-19T14:10:00+00:00,22411528-2,RH,CURRENT,%,87.25871671625849
2026-08-19T14:10:00+00:00,22411528-3,Dew Point,CURRENT,°C,18.20956103323266
2026-08-19T14:10:00+00:00,22411529-1,Temperature,CURRENT,°C,20.160410156250002
2026-08-19T14:10:00+00:00,22411529-2,RH,CURRENT,%,89.54299229419394
2026-08-19T14:10:00+00:00,22411529-3,Dew Point,CURRENT,°C,18.41058934327047
2026-08-19T14:10:00+00:00,22411530-1,Temperature,CURRENT,°C,20.374912109374996
2026-08-19T14:10:00+00:00,22411530-2,RH,CURRENT,%,83.30510414282445
2026-08-19T14:10:00+00:00,22411530-3,Dew Point,CURRENT,°C,17.471977585685643
2026-08-19T14:11:00+00:00,22411541-S,Battery,CURRENT,V,8.409545654296876
2026-08-19T14:15:00+00:00,22411189-1,Temperature,CURRENT,°C,20.546513671874997
2026-08-19T14:15:00+00:00,22411189-2,RH,CURRENT,%,83.9002059967956
2026-08-19T14:15:00+00:00,22411189-3,Dew Point,CURRENT,°C,17.753074960175933
2026-08-19T14:15:00+00:00,22411190-1,Temperature,CURRENT,°C,20.546513671874997
2026-08-19T14:15:00+00:00,22411190-2,RH,CURRENT,%,81.371786068513
2026-08-19T14:15:00+00:00,22411190-3,Dew Point,CURRENT,°C,17.267577906321907
2026-08-19T14:15:00+00:00,22411191-1,Temperature,CURRENT,°C,20.546513671874997
2026-08-19T14:15:00+00:00,22411191-2,RH,CURRENT,%,82.96177615014878
2026-08-19T14:15:00+00:00,22411191-3,Dew Point,CURRENT,°C,17.57439573435108
2026-08-19T14:15:00+00:00,22411525-1,Temperature,CURRENT,°C,20.460712890624997
2026-08-19T14:15:00+00:00,22411525-2,RH,CURRENT,%,81.49691004806591
2026-08-19T14:15:00+00:00,22411525-3,Dew Point,CURRENT,°C,17.20814498555571
2026-08-19T14:15:00+00:00,22411526-1,Temperature,CURRENT,°C,20.567963867187494
2026-08-19T14:15:00+00:00,22411526-2,RH,CURRENT,%,83.03807125963226
2026-08-19T14:15:00+00:00,22411526-3,Dew Point,CURRENT,°C,17.60997896546442
2026-08-19T14:15:00+00:00,22411527-1,Temperature,CURRENT,°C,20.482163085937493
2026-08-19T14:15:00+00:00,22411527-2,RH,CURRENT,%,81.6235599298085
2026-08-19T14:15:00+00:00,22411527-3,Dew Point,CURRENT,°C,17.253672654806557
2026-08-19T14:15:00+00:00,22411528-1,Temperature,CURRENT,°C,20.546513671874997
2026-08-19T14:15:00+00:00,22411528-2,RH,CURRENT,%,85.1667048142214
2026-08-19T14:15:00+00:00,22411528-3,Dew Point,CURRENT,°C,17.99146512811056
2026-08-19T14:15:00+00:00,22411529-1,Temperature,CURRENT,°C,20.289111328124996
2026-08-19T14:15:00+00:00,22411529-2,RH,CURRENT,%,89.14168001831082
2026-08-19T14:15:00+00:00,22411529-3,Dew Point,CURRENT,°C,18.465901188971344
2026-08-19T14:15:00+00:00,22411530-1,Temperature,CURRENT,°C,20.503613281250004
2026-08-19T14:15:00+00:00,22411530-2,RH,CURRENT,%,81.66933699549858
2026-08-19T14:15:00+00:00,22411530-3,Dew Point,CURRENT,°C,17.283498213466103
2026-08-19T14:16:00+00:00,22411541-S,Battery,CURRENT,V,8.409545654296876
2026-08-19T14:20:00+00:00,22411189-1,Temperature,CURRENT,°C,20.868266601562503
2026-08-19T14:20:00+00:00,22411189-2,RH,CURRENT,%,84.16876478217746
2026-08-19T14:20:00+00:00,22411189-3,Dew Point,CURRENT,°C,18.11927173775273
2026-08-19T14:20:00+00:00,22411190-1,Temperature,CURRENT,°C,20.846816406249992
2026-08-19T14:20:00+00:00,22411190-2,RH,CURRENT,%,81.72121766994735
2026-08-19T14:20:00+00:00,22411190-3,Dew Point,CURRENT,°C,17.628734736232072
2026-08-19T14:20:00+00:00,22411191-1,Temperature,CURRENT,°C,20.782465820312503
2026-08-19T14:20:00+00:00,22411191-2,RH,CURRENT,%,83.14030670634013
2026-08-19T14:20:00+00:00,22411191-3,Dew Point,CURRENT,°C,17.839453395091226
2026-08-19T14:20:00+00:00,22411525-1,Temperature,CURRENT,°C,20.718115234375
2026-08-19T14:20:00+00:00,22411525-2,RH,CURRENT,%,81.29396505683985
2026-08-19T14:20:00+00:00,22411525-3,Dew Point,CURRENT,°C,17.419907201330187
2026-08-19T14:20:00+00:00,22411526-1,Temperature,CURRENT,°C,20.932617187499993
2026-08-19T14:20:00+00:00,22411526-2,RH,CURRENT,%,83.03044174868391
2026-08-19T14:20:00+00:00,22411526-3,Dew Point,CURRENT,°C,17.965349062531658
2026-08-19T14:20:00+00:00,22411527-1,Temperature,CURRENT,°C,20.739565429687495
2026-08-19T14:20:00+00:00,22411527-2,RH,CURRENT,%,81.34584573128862
2026-08-19T14:20:00+00:00,22411527-3,Dew Point,CURRENT,°C,17.45095933396053
2026-08-19T14:20:00+00:00,22411528-1,Temperature,CURRENT,°C,20.911166992187496
2026-08-19T14:20:00+00:00,22411528-2,RH,CURRENT,%,84.66315709163042
2026-08-19T14:20:00+00:00,22411528-3,Dew Point,CURRENT,°C,18.2547537901902
2026-08-19T14:20:00+00:00,22411529-1,Temperature,CURRENT,°C,20.632314453124998
2026-08-19T14:20:00+00:00,22411529-2,RH,CURRENT,%,89.47890440222781
2026-08-19T14:20:00+00:00,22411529-3,Dew Point,CURRENT,°C,18.865266866979198
2026-08-19T14:20:00+00:00,22411530-1,Temperature,CURRENT,°C,20.803916015625
2026-08-19T14:20:00+00:00,22411530-2,RH,CURRENT,%,81.59151598382543
2026-08-19T14:20:00+00:00,22411530-3,Dew Point,CURRENT,°C,17.56162381549279
2026-08-19T14:21:00+00:00,22411541-S,Battery,CURRENT,V,8.419237792968751
2026-08-19T14:25:00+00:00,22411189-1,Temperature,CURRENT,°C,20.954067382812504
2026-08-19T14:25:00+00:00,22411189-2,RH,CURRENT,%,83.80865186541543
2026-08-19T14:25:00+00:00,22411189-3,Dew Point,CURRENT,°C,18.134992556647457
2026-08-19T14:25:00+00:00,22411190-1,Temperature,CURRENT,°C,20.911166992187496
2026-08-19T14:25:00+00:00,22411190-2,RH,CURRENT,%,81.29396505683985
2026-08-19T14:25:00+00:00,22411190-3,Dew Point,CURRENT,°C,17.608319491796387
2026-08-19T14:25:00+00:00,22411191-1,Temperature,CURRENT,°C,20.846816406249992
2026-08-19T14:25:00+00:00,22411191-2,RH,CURRENT,%,82.65506981002518
2026-08-19T14:25:00+00:00,22411191-3,Dew Point,CURRENT,°C,17.80930936157436
2026-08-19T14:25:00+00:00,22411525-1,Temperature,CURRENT,°C,20.76101562499999
2026-08-19T14:25:00+00:00,22411525-2,RH,CURRENT,%,81.15663385976958
2026-08-19T14:25:00+00:00,22411525-3,Dew Point,CURRENT,°C,17.43496423178087
2026-08-19T14:25:00+00:00,22411526-1,Temperature,CURRENT,°C,21.061318359375
2026-08-19T14:25:00+00:00,22411526-2,RH,CURRENT,%,82.54062714579996
2026-08-19T14:25:00+00:00,22411526-3,Dew Point,CURRENT,°C,17.997017427390166
2026-08-19T14:25:00+00:00,22411527-1,Temperature,CURRENT,°C,20.76101562499999
2026-08-19T14:25:00+00:00,22411527-2,RH,CURRENT,%,81.32600900282291
2026-08-19T14:25:00+00:00,22411527-3,Dew Point,CURRENT,°C,17.468027499332862
2026-08-19T14:25:00+00:00,22411528-1,Temperature,CURRENT,°C,20.996967773437497
2026-08-19T14:25:00+00:00,22411528-2,RH,CURRENT,%,84.91950865949492
2026-08-19T14:25:00+00:00,22411528-3,Dew Point,CURRENT,°C,18.387205863361977
2026-08-19T14:25:00+00:00,22411529-1,Temperature,CURRENT,°C,20.825366210937496
2026-08-19T14:25:00+00:00,22411529-2,RH,CURRENT,%,87.65239948119326
2026-08-19T14:25:00+00:00,22411529-3,Dew Point,CURRENT,°C,18.725175686327244
2026-08-19T14:25:00+00:00,22411530-1,Temperature,CURRENT,°C,20.846816406249992
2026-08-19T14:25:00+00:00,22411530-2,RH,CURRENT,%,81.30312046997787
2026-08-19T14:25:00+00:00,22411530-3,Dew Point,CURRENT,°C,17.547303074260384
2026-08-19T14:26:00+00:00,22411541-S,Battery,CURRENT,V,8.419237792968751
2026-08-19T14:30:00+00:00,22411189-1,Temperature,CURRENT,°C,20.846816406249992
2026-08-19T14:30:00+00:00,22411189-2,RH,CURRENT,%,83.14030670634013
2026-08-19T14:30:00+00:00,22411189-3,Dew Point,CURRENT,°C,17.90243323473723
2026-08-19T14:30:00+00:00,22411190-1,Temperature,CURRENT,°C,20.846816406249992
2026-08-19T14:30:00+00:00,22411190-2,RH,CURRENT,%,80.87739375906004
2026-08-19T14:30:00+00:00,22411190-3,Dew Point,CURRENT,°C,17.464007777711473
2026-08-19T14:30:00+00:00,22411191-1,Temperature,CURRENT,°C,20.803916015625
2026-08-19T14:30:00+00:00,22411191-2,RH,CURRENT,%,82.04470893415733
2026-08-19T14:30:00+00:00,22411191-3,Dew Point,CURRENT,°C,17.649573066587873
2026-08-19T14:30:00+00:00,22411525-1,Temperature,CURRENT,°C,20.718115234375
2026-08-19T14:30:00+00:00,22411525-2,RH,CURRENT,%,80.33875028610666
2026-08-19T14:30:00+00:00,22411525-3,Dew Point,CURRENT,°C,17.23264363400135
2026-08-19T14:30:00+00:00,22411526-1,Temperature,CURRENT,°C,20.975517578125
2026-08-19T14:30:00+00:00,22411526-2,RH,CURRENT,%,81.1810482948043
2026-08-19T14:30:00+00:00,22411526-3,Dew Point,CURRENT,°C,17.64904351358245
2026-08-19T14:30:00+00:00,22411527-1,Temperature,CURRENT,°C,20.718115234375
2026-08-19T14:30:00+00:00,22411527-2,RH,CURRENT,%,80.59052414740215
2026-08-19T14:30:00+00:00,22411527-3,Dew Point,CURRENT,°C,17.282190697135835
2026-08-19T14:30:00+00:00,22411528-1,Temperature,CURRENT,°C,20.954067382812504
2026-08-19T14:30:00+00:00,22411528-2,RH,CURRENT,%,83.35088120851454
2026-08-19T14:30:00+00:00,22411528-3,Dew Point,CURRENT,°C,18.04769617532021
2026-08-19T14:30:00+00:00,22411529-1,Temperature,CURRENT,°C,20.825366210937496
2026-08-19T14:30:00+00:00,22411529-2,RH,CURRENT,%,85.33150225070573
2026-08-19T14:30:00+00:00,22411529-3,Dew Point,CURRENT,°C,18.29605752070724
2026-08-19T14:30:00+00:00,22411530-1,Temperature,CURRENT,°C,20.803916015625
2026-08-19T14:30:00+00:00,22411530-2,RH,CURRENT,%,80.74006256198977
2026-08-19T14:30:00+00:00,22411530-3,Dew Point,CURRENT,°C,17.395222637323318
2026-08-19T14:31:00+00:00,22411541-S,Battery,CURRENT,V,8.428929931640626
2026-08-19T14:35:00+00:00,22411189-1,Temperature,CURRENT,°C,20.567963867187494
2026-08-19T14:35:00+00:00,22411189-2,RH,CURRENT,%,83.76592660410468
2026-08-19T14:35:00+00:00,22411189-3,Dew Point,CURRENT,°C,17.74862882051374
2026-08-19T14:35:00+00:00,22411190-1,Temperature,CURRENT,°C,20.567963867187494
2026-08-19T14:35:00+00:00,22411190-2,RH,CURRENT,%,81.4221408407721
2026-08-19T14:35:00+00:00,22411190-3,Dew Point,CURRENT,°C,17.298314302396424
2026-08-19T14:35:00+00:00,22411191-1,Temperature,CURRENT,°C,20.546513671874997
2026-08-19T14:35:00+00:00,22411191-2,RH,CURRENT,%,83.04264896620127
2026-08-19T14:35:00+00:00,22411191-3,Dew Point,CURRENT,°C,17.5898636017793
2026-08-19T14:35:00+00:00,22411525-1,Temperature,CURRENT,°C,20.482163085937493
2026-08-19T14:35:00+00:00,22411525-2,RH,CURRENT,%,81.37636377508201
2026-08-19T14:35:00+00:00,22411525-3,Dew Point,CURRENT,°C,17.20565487641511
2026-08-19T14:35:00+00:00,22411526-1,Temperature,CURRENT,°C,20.696665039062502
2026-08-19T14:35:00+00:00,22411526-2,RH,CURRENT,%,81.93026626993209
2026-08-19T14:35:00+00:00,22411526-3,Dew Point,CURRENT,°C,17.522628188602212
2026-08-19T14:35:00+00:00,22411527-1,Temperature,CURRENT,°C,20.503613281250004
2026-08-19T14:35:00+00:00,22411527-2,RH,CURRENT,%,81.55031662470435
2026-08-19T14:35:00+00:00,22411527-3,Dew Point,CURRENT,°C,17.260402019816194
2026-08-19T14:35:00+00:00,22411528-1,Temperature,CURRENT,°C,20.653764648437495
2026-08-19T14:35:00+00:00,22411528-2,RH,CURRENT,%,83.84069581139849
2026-08-19T14:35:00+00:00,22411528-3,Dew Point,CURRENT,°C,17.84687423551123
2026-08-19T14:35:00+00:00,22411529-1,Temperature,CURRENT,°C,20.589414062500005
2026-08-19T14:35:00+00:00,22411529-2,RH,CURRENT,%,85.34065766384374
2026-08-19T14:35:00+00:00,22411529-3,Dew Point,CURRENT,°C,18.066089348669713
2026-08-19T14:35:00+00:00,22411530-1,Temperature,CURRENT,°C,20.546513671874997
2026-08-19T14:35:00+00:00,22411530-2,RH,CURRENT,%,81.59761959258411
2026-08-19T14:35:00+00:00,22411530-3,Dew Point,CURRENT,°C,17.31147481800885
2026-08-19T14:36:00+00:00,22411541-S,Battery,CURRENT,V,8.432160644531251
2026-08-19T14:40:00+00:00,22411189-1,Temperature,CURRENT,°C,20.310561523437492
2026-08-19T14:40:00+00:00,22411189-2,RH,CURRENT,%,84.79133287556267
2026-08-19T14:40:00+00:00,22411189-3,Dew Point,CURRENT,°C,17.689635465075945
2026-08-19T14:40:00+00:00,22411190-1,Temperature,CURRENT,°C,20.332011718750003
2026-08-19T14:40:00+00:00,22411190-2,RH,CURRENT,%,82.34683756771192
2026-08-19T14:40:00+00:00,22411190-3,Dew Point,CURRENT,°C,17.246657984440937
2026-08-19T14:40:00+00:00,22411191-1,Temperature,CURRENT,°C,20.310561523437492
2026-08-19T14:40:00+00:00,22411191-2,RH,CURRENT,%,83.99023422598611
2026-08-19T14:40:00+00:00,22411191-3,Dew Point,CURRENT,°C,17.5388980536138
2026-08-19T14:40:00+00:00,22411525-1,Temperature,CURRENT,°C,20.246210937500003
2026-08-19T14:40:00+00:00,22411525-2,RH,CURRENT,%,82.20492866407264
2026-08-19T14:40:00+00:00,22411525-3,Dew Point,CURRENT,°C,17.135492357693703
2026-08-19T14:40:00+00:00,22411526-1,Temperature,CURRENT,°C,20.396362304687493
2026-08-19T14:40:00+00:00,22411526-2,RH,CURRENT,%,83.14946211947814
2026-08-19T14:40:00+00:00,22411526-3,Dew Point,CURRENT,°C,17.46331316917035
2026-08-19T14:40:00+00:00,22411527-1,Temperature,CURRENT,°C,20.2676611328125
2026-08-19T14:40:00+00:00,22411527-2,RH,CURRENT,%,82.45212481879912
2026-08-19T14:40:00+00:00,22411527-3,Dew Point,CURRENT,°C,17.20397328576208
2026-08-19T14:40:00+00:00,22411528-1,Temperature,CURRENT,°C,20.332011718750003
2026-08-19T14:40:00+00:00,22411528-2,RH,CURRENT,%,85.3727016098268
2026-08-19T14:40:00+00:00,22411528-3,Dew Point,CURRENT,°C,17.819312390700322
2026-08-19T14:40:00+00:00,22411529-1,Temperature,CURRENT,°C,20.246210937500003
2026-08-19T14:40:00+00:00,22411529-2,RH,CURRENT,%,87.15037766079195
2026-08-19T14:40:00+00:00,22411529-3,Dew Point,CURRENT,°C,18.0630369175491
2026-08-19T14:40:00+00:00,22411530-1,Temperature,CURRENT,°C,20.310561523437492
2026-08-19T14:40:00+00:00,22411530-2,RH,CURRENT,%,82.49790188448921
2026-08-19T14:40:00+00:00,22411530-3,Dew Point,CURRENT,°C,17.254706959140137
2026-08-19T14:41:00+00:00,22411541-S,Battery,CURRENT,V,8.432160644531251
2026-08-19T14:45:00+00:00,22411189-1,Temperature,CURRENT,°C,20.246210937500003
2026-08-19T14:45:00+00:00,22411189-2,RH,CURRENT,%,85.51461051346608
2026-08-19T14:45:00+00:00,22411189-3,Dew Point,CURRENT,°C,17.76145865343787
2026-08-19T14:45:00+00:00,22411190-1,Temperature,CURRENT,°C,20.2676611328125
2026-08-19T14:45:00+00:00,22411190-2,RH,CURRENT,%,83.10368505378806
2026-08-19T14:45:00+00:00,22411190-3,Dew Point,CURRENT,°C,17.32862107867027
2026-08-19T14:45:00+00:00,22411191-1,Temperature,CURRENT,°C,20.2676611328125
2026-08-19T14:45:00+00:00,22411191-2,RH,CURRENT,%,84.55481803616388
2026-08-19T14:45:00+00:00,22411191-3,Dew Point,CURRENT,°C,17.603185530802303
2026-08-19T14:45:00+00:00,22411525-1,Temperature,CURRENT,°C,20.203310546874995
2026-08-19T14:45:00+00:00,22411525-2,RH,CURRENT,%,82.87785152971695
2026-08-19T14:45:00+00:00,22411525-3,Dew Point,CURRENT,°C,17.222556478070388
2026-08-19T14:45:00+00:00,22411526-1,Temperature,CURRENT,°C,20.310561523437492
2026-08-19T14:45:00+00:00,22411526-2,RH,CURRENT,%,83.9459830624857
2026-08-19T14:45:00+00:00,22411526-3,Dew Point,CURRENT,°C,17.53053496868457
2026-08-19T14:45:00+00:00,22411527-1,Temperature,CURRENT,°C,20.22476074218749
2026-08-19T14:45:00+00:00,22411527-2,RH,CURRENT,%,83.01976043335623
2026-08-19T14:45:00+00:00,22411527-3,Dew Point,CURRENT,°C,17.270632735195647
2026-08-19T14:45:00+00:00,22411528-1,Temperature,CURRENT,°C,20.2676611328125
2026-08-19T14:45:00+00:00,22411528-2,RH,CURRENT,%,85.88693064774547
2026-08-19T14:45:00+00:00,22411528-3,Dew Point,CURRENT,°C,17.85162200386276
2026-08-19T14:45:00+00:00,22411529-1,Temperature,CURRENT,°C,20.13895996093749
2026-08-19T14:45:00+00:00,22411529-2,RH,CURRENT,%,87.86297398336767
2026-08-19T14:45:00+00:00,22411529-3,Dew Point,CURRENT,°C,18.087171243823658
2026-08-19T14:45:00+00:00,22411530-1,Temperature,CURRENT,°C,20.2676611328125
2026-08-19T14:45:00+00:00,22411530-2,RH,CURRENT,%,83.15403982604715
2026-08-19T14:45:00+00:00,22411530-3,Dew Point,CURRENT,°C,17.33821861319472
2026-08-19T14:46:00+00:00,22411541-S,Battery,CURRENT,V,8.432160644531251
2026-08-19T14:50:00+00:00,22411189-1,Temperature,CURRENT,°C,20.2676611328125
2026-08-19T14:50:00+00:00,22411189-2,RH,CURRENT,%,85.72060730907148
2026-08-19T14:50:00+00:00,22411189-3,Dew Point,CURRENT,°C,17.820788099036516
2026-08-19T14:50:00+00:00,22411190-1,Temperature,CURRENT,°C,20.2676611328125
2026-08-19T14:50:00+00:00,22411190-2,RH,CURRENT,%,83.15861753261616
2026-08-19T14:50:00+00:00,22411190-3,Dew Point,CURRENT,°C,17.339090863929545
2026-08-19T14:50:00+00:00,22411191-1,Temperature,CURRENT,°C,20.246210937500003
2026-08-19T14:50:00+00:00,22411191-2,RH,CURRENT,%,84.72724498359655
2026-08-19T14:50:00+00:00,22411191-3,Dew Point,CURRENT,°C,17.614491365011784
2026-08-19T14:50:00+00:00,22411525-1,Temperature,CURRENT,°C,20.1818603515625
2026-08-19T14:50:00+00:00,22411525-2,RH,CURRENT,%,83.03349355306325
2026-08-19T14:50:00+00:00,22411525-3,Dew Point,CURRENT,°C,17.23127004989298
2026-08-19T14:50:00+00:00,22411526-1,Temperature,CURRENT,°C,20.310561523437492
2026-08-19T14:50:00+00:00,22411526-2,RH,CURRENT,%,84.22064545662623
2026-08-19T14:50:00+00:00,22411526-3,Dew Point,CURRENT,°C,17.58238152571635
2026-08-19T14:50:00+00:00,22411527-1,Temperature,CURRENT,°C,20.203310546874995
2026-08-19T14:50:00+00:00,22411527-2,RH,CURRENT,%,83.28984512092775
2026-08-19T14:50:00+00:00,22411527-3,Dew Point,CURRENT,°C,17.301080351401577
2026-08-19T14:50:00+00:00,22411528-1,Temperature,CURRENT,°C,20.246210937500003
2026-08-19T14:50:00+00:00,22411528-2,RH,CURRENT,%,85.90829327840085
2026-08-19T14:50:00+00:00,22411528-3,Dew Point,CURRENT,°C,17.83449851210968
2026-08-19T14:50:00+00:00,22411529-1,Temperature,CURRENT,°C,20.096059570312498
2026-08-19T14:50:00+00:00,22411529-2,RH,CURRENT,%,87.77294575417716
2026-08-19T14:50:00+00:00,22411529-3,Dew Point,CURRENT,°C,18.028559778361203
2026-08-19T14:50:00+00:00,22411530-1,Temperature,CURRENT,°C,20.246210937500003
2026-08-19T14:50:00+00:00,22411530-2,RH,CURRENT,%,83.36461432822156
2026-08-19T14:50:00+00:00,22411530-3,Dew Point,CURRENT,°C,17.35729733447637
2026-08-19T14:51:00+00:00,22411541-S,Battery,CURRENT,V,8.432160644531251
2026-08-19T14:55:00+00:00,22411189-1,Temperature,CURRENT,°C,20.117509765624995
2026-08-19T14:55:00+00:00,22411189-2,RH,CURRENT,%,86.34317540245671
2026-08-19T14:55:00+00:00,22411189-3,Dew Point,CURRENT,°C,17.788281859694116
2026-08-19T14:55:00+00:00,22411190-1,Temperature,CURRENT,°C,20.13895996093749
2026-08-19T14:55:00+00:00,22411190-2,RH,CURRENT,%,83.75219348439765
2026-08-19T14:55:00+00:00,22411190-3,Dew Point,CURRENT,°C,17.32575667346811
2026-08-19T14:55:00+00:00,22411191-1,Temperature,CURRENT,°C,20.117509765624995
2026-08-19T14:55:00+00:00,22411191-2,RH,CURRENT,%,85.44136720836194
2026-08-19T14:55:00+00:00,22411191-3,Dew Point,CURRENT,°C,17.6214422994424
2026-08-19T14:55:00+00:00,22411525-1,Temperature,CURRENT,°C,20.053159179687505
2026-08-19T14:55:00+00:00,22411525-2,RH,CURRENT,%,83.588921950103
2026-08-19T14:55:00+00:00,22411525-3,Dew Point,CURRENT,°C,17.210809793569787
2026-08-19T14:55:00+00:00,22411526-1,Temperature,CURRENT,°C,20.160410156250002
2026-08-19T14:55:00+00:00,22411526-2,RH,CURRENT,%,84.53955901426718
2026-08-19T14:55:00+00:00,22411526-3,Dew Point,CURRENT,°C,17.495129925903086
2026-08-19T14:55:00+00:00,22411527-1,Temperature,CURRENT,°C,20.074609375
2026-08-19T14:55:00+00:00,22411527-2,RH,CURRENT,%,83.79339284351873
2026-08-19T14:55:00+00:00,22411527-3,Dew Point,CURRENT,°C,17.270503537620463
2026-08-19T14:55:00+00:00,22411528-1,Temperature,CURRENT,°C,20.096059570312498
2026-08-19T14:55:00+00:00,22411528-2,RH,CURRENT,%,86.3035019455253
2026-08-19T14:55:00+00:00,22411528-3,Dew Point,CURRENT,°C,17.759881905567003
2026-08-19T14:55:00+00:00,22411529-1,Temperature,CURRENT,°C,19.945908203124993
2026-08-19T14:55:00+00:00,22411529-2,RH,CURRENT,%,88.07507438773175
2026-08-19T14:55:00+00:00,22411529-3,Dew Point,CURRENT,°C,17.935292419327784
2026-08-19T14:55:00+00:00,22411530-1,Temperature,CURRENT,°C,20.117509765624995
2026-08-19T14:55:00+00:00,22411530-2,RH,CURRENT,%,83.97650110627909
2026-08-19T14:55:00+00:00,22411530-3,Dew Point,CURRENT,°C,17.34711822207061
2026-08-19T14:56:00+00:00,22411541-S,Battery,CURRENT,V,8.432160644531251
2026-08-19T15:00:00+00:00,22411189-1,Temperature,CURRENT,°C,20.160410156250002
2026-08-19T15:00:00+00:00,22411189-2,RH,CURRENT,%,86.57206073090715
2026-08-19T15:00:00+00:00,22411189-3,Dew Point,CURRENT,°C,17.872584915509382
2026-08-19T15:00:00+00:00,22411190-1,Temperature,CURRENT,°C,20.1818603515625
2026-08-19T15:00:00+00:00,22411190-2,RH,CURRENT,%,83.94140535591669
2026-08-19T15:00:00+00:00,22411190-3,Dew Point,CURRENT,°C,17.403553296868964
2026-08-19T15:00:00+00:00,22411191-1,Temperature,CURRENT,°C,20.160410156250002
2026-08-19T15:00:00+00:00,22411191-2,RH,CURRENT,%,85.47035934996566
2026-08-19T15:00:00+00:00,22411191-3,Dew Point,CURRENT,°C,17.668963550510156
2026-08-19T15:00:00+00:00,22411525-1,Temperature,CURRENT,°C,20.096059570312498
2026-08-19T15:00:00+00:00,22411525-2,RH,CURRENT,%,83.72167544060426
2026-08-19T15:00:00+00:00,22411525-3,Dew Point,CURRENT,°C,17.277957162782222
2026-08-19T15:00:00+00:00,22411526-1,Temperature,CURRENT,°C,20.203310546874995
2026-08-19T15:00:00+00:00,22411526-2,RH,CURRENT,%,84.80201419089036
2026-08-19T15:00:00+00:00,22411526-3,Dew Point,CURRENT,°C,17.5864066315121
2026-08-19T15:00:00+00:00,22411527-1,Temperature,CURRENT,°C,20.117509765624995
2026-08-19T15:00:00+00:00,22411527-2,RH,CURRENT,%,83.87121385519188
2026-08-19T15:00:00+00:00,22411527-3,Dew Point,CURRENT,°C,17.327240158257457
2026-08-19T15:00:00+00:00,22411528-1,Temperature,CURRENT,°C,20.160410156250002
2026-08-19T15:00:00+00:00,22411528-2,RH,CURRENT,%,86.57358663309682
2026-08-19T15:00:00+00:00,22411528-3,Dew Point,CURRENT,°C,17.872865362512375
2026-08-19T15:00:00+00:00,22411529-1,Temperature,CURRENT,°C,19.967358398437504
2026-08-19T15:00:00+00:00,22411529-2,RH,CURRENT,%,88.36804760814832
2026-08-19T15:00:00+00:00,22411529-3,Dew Point,CURRENT,°C,18.00932348858864
2026-08-19T15:00:00+00:00,22411530-1,Temperature,CURRENT,°C,20.160410156250002
2026-08-19T15:00:00+00:00,22411530-2,RH,CURRENT,%,84.04669260700389
2026-08-19T15:00:00+00:00,22411530-3,Dew Point,CURRENT,°C,17.402403843342125
2026-08-19T15:01:00+00:00,22411541-S,Battery,CURRENT,V,8.432160644531251
2026-08-19T15:05:00+00:00,22411189-1,Temperature,CURRENT,°C,20.2676611328125
2026-08-19T15:05:00+00:00,22411189-2,RH,CURRENT,%,85.92202639810787
2026-08-19T15:05:00+00:00,22411189-3,Dew Point,CURRENT,°C,17.85812156066723
2026-08-19T15:05:00+00:00,22411190-1,Temperature,CURRENT,°C,20.246210937500003
2026-08-19T15:05:00+00:00,22411190-2,RH,CURRENT,%,83.48210879682613
2026-08-19T15:05:00+00:00,22411190-3,Dew Point,CURRENT,°C,17.37961866107931
2026-08-19T15:05:00+00:00,22411191-1,Temperature,CURRENT,°C,20.246210937500003
2026-08-19T15:05:00+00:00,22411191-2,RH,CURRENT,%,85.12245365072098
2026-08-19T15:05:00+00:00,22411191-3,Dew Point,CURRENT,°C,17.688408612917048
2026-08-19T15:05:00+00:00,22411525-1,Temperature,CURRENT,°C,20.1818603515625
2026-08-19T15:05:00+00:00,22411525-2,RH,CURRENT,%,83.35088120851454
2026-08-19T15:05:00+00:00,22411525-3,Dew Point,CURRENT,°C,17.291683525654264
2026-08-19T15:05:00+00:00,22411526-1,Temperature,CURRENT,°C,20.332011718750003
2026-08-19T15:05:00+00:00,22411526-2,RH,CURRENT,%,84.44953078507667
2026-08-19T15:05:00+00:00,22411526-3,Dew Point,CURRENT,°C,17.646509049234215
2026-08-19T15:05:00+00:00,22411527-1,Temperature,CURRENT,°C,20.1818603515625
2026-08-19T15:05:00+00:00,22411527-2,RH,CURRENT,%,83.56450751506829
2026-08-19T15:05:00+00:00,22411527-3,Dew Point,CURRENT,°C,17.33223310550304
2026-08-19T15:05:00+00:00,22411528-1,Temperature,CURRENT,°C,20.2676611328125
2026-08-19T15:05:00+00:00,22411528-2,RH,CURRENT,%,86.19668879224842
2026-08-19T15:05:00+00:00,22411528-3,Dew Point,CURRENT,°C,17.90890753907992
2026-08-19T15:05:00+00:00,22411529-1,Temperature,CURRENT,°C,20.117509765624995
2026-08-19T15:05:00+00:00,22411529-2,RH,CURRENT,%,88.07354848554208
2026-08-19T15:05:00+00:00,22411529-3,Dew Point,CURRENT,°C,18.10418299051992
2026-08-19T15:05:00+00:00,22411530-1,Temperature,CURRENT,°C,20.246210937500003
2026-08-19T15:05:00+00:00,22411530-2,RH,CURRENT,%,83.77660791943237
2026-08-19T15:05:00+00:00,22411530-3,Dew Point,CURRENT,°C,17.43544625751578
2026-08-19T15:06:00+00:00,22411541-S,Battery,CURRENT,V,8.454775634765625
2026-08-19T15:10:00+00:00,22411189-1,Temperature,CURRENT,°C,20.374912109374996
2026-08-19T15:10:00+00:00,22411189-2,RH,CURRENT,%,86.9520103761349
2026-08-19T15:10:00+00:00,22411189-3,Dew Point,CURRENT,°C,18.15340031000908
2026-08-19T15:10:00+00:00,22411190-1,Temperature,CURRENT,°C,20.374912109374996
2026-08-19T15:10:00+00:00,22411190-2,RH,CURRENT,%,84.27557793545434
2026-08-19T15:10:00+00:00,22411190-3,Dew Point,CURRENT,°C,17.655821870833165
2026-08-19T15:10:00+00:00,22411191-1,Temperature,CURRENT,°C,20.332011718750003
2026-08-19T15:10:00+00:00,22411191-2,RH,CURRENT,%,85.5786984054322
2026-08-19T15:10:00+00:00,22411191-3,Dew Point,CURRENT,°C,17.857648435536447
2026-08-19T15:10:00+00:00,22411525-1,Temperature,CURRENT,°C,20.246210937500003
2026-08-19T15:10:00+00:00,22411525-2,RH,CURRENT,%,83.70183871213855
2026-08-19T15:10:00+00:00,22411525-3,Dew Point,CURRENT,°C,17.421288708995966
2026-08-19T15:10:00+00:00,22411526-1,Temperature,CURRENT,°C,20.460712890624997
2026-08-19T15:10:00+00:00,22411526-2,RH,CURRENT,%,85.38338292515449
2026-08-19T15:10:00+00:00,22411526-3,Dew Point,CURRENT,°C,17.947684488625896
2026-08-19T15:10:00+00:00,22411527-1,Temperature,CURRENT,°C,20.2676611328125
2026-08-19T15:10:00+00:00,22411527-2,RH,CURRENT,%,83.86205844205386
2026-08-19T15:10:00+00:00,22411527-3,Dew Point,CURRENT,°C,17.472629664516603
2026-08-19T15:10:00+00:00,22411528-1,Temperature,CURRENT,°C,20.460712890624997
2026-08-19T15:10:00+00:00,22411528-2,RH,CURRENT,%,87.26787212939651
2026-08-19T15:10:00+00:00,22411528-3,Dew Point,CURRENT,°C,18.29571907614247
2026-08-19T15:10:00+00:00,22411529-1,Temperature,CURRENT,°C,20.310561523437492
2026-08-19T15:10:00+00:00,22411529-2,RH,CURRENT,%,89.18745708400091
2026-08-19T15:10:00+00:00,22411529-3,Dew Point,CURRENT,°C,18.495286901315684
2026-08-19T15:10:00+00:00,22411530-1,Temperature,CURRENT,°C,20.332011718750003
2026-08-19T15:10:00+00:00,22411530-2,RH,CURRENT,%,84.28015564202335
2026-08-19T15:10:00+00:00,22411530-3,Dew Point,CURRENT,°C,17.61462520950381
2026-08-19T15:11:00+00:00,22411541-S,Battery,CURRENT,V,8.461237060546875
2026-08-19T15:15:00+00:00,22411189-1,Temperature,CURRENT,°C,20.246210937500003
2026-08-19T15:15:00+00:00,22411189-2,RH,CURRENT,%,86.99015793087663
2026-08-19T15:15:00+00:00,22411189-3,Dew Point,CURRENT,°C,18.03371794866651
2026-08-19T15:15:00+00:00,22411190-1,Temperature,CURRENT,°C,20.246210937500003
2026-08-19T15:15:00+00:00,22411190-2,RH,CURRENT,%,84.40680552376593
2026-08-19T15:15:00+00:00,22411190-3,Dew Point,CURRENT,°C,17.554336503213232
2026-08-19T15:15:00+00:00,22411191-1,Temperature,CURRENT,°C,20.22476074218749
2026-08-19T15:15:00+00:00,22411191-2,RH,CURRENT,%,86.09292744335089
2026-08-19T15:15:00+00:00,22411191-3,Dew Point,CURRENT,°C,17.847567053508175
2026-08-19T15:15:00+00:00,22411525-1,Temperature,CURRENT,°C,20.160410156250002
2026-08-19T15:15:00+00:00,22411525-2,RH,CURRENT,%,84.31982909895476
2026-08-19T15:15:00+00:00,22411525-3,Dew Point,CURRENT,°C,17.453849382364034
2026-08-19T15:15:00+00:00,22411526-1,Temperature,CURRENT,°C,20.332011718750003
2026-08-19T15:15:00+00:00,22411526-2,RH,CURRENT,%,85.24605172808423
2026-08-19T15:15:00+00:00,22411526-3,Dew Point,CURRENT,°C,17.795702601378423
2026-08-19T15:15:00+00:00,22411527-1,Temperature,CURRENT,°C,20.160410156250002
2026-08-19T15:15:00+00:00,22411527-2,RH,CURRENT,%,84.55329213397421
2026-08-19T15:15:00+00:00,22411527-3,Dew Point,CURRENT,°C,17.497706839085676
2026-08-19T15:15:00+00:00,22411528-1,Temperature,CURRENT,°C,20.374912109374996
2026-08-19T15:15:00+00:00,22411528-2,RH,CURRENT,%,87.04966811627375
2026-08-19T15:15:00+00:00,22411528-3,Dew Point,CURRENT,°C,18.171301121811673
2026-08-19T15:15:00+00:00,22411529-1,Temperature,CURRENT,°C,20.2676611328125
2026-08-19T15:15:00+00:00,22411529-2,RH,CURRENT,%,88.76630807965209
2026-08-19T15:15:00+00:00,22411529-3,Dew Point,CURRENT,°C,18.377297461627375
2026-08-19T15:15:00+00:00,22411530-1,Temperature,CURRENT,°C,20.22476074218749
2026-08-19T15:15:00+00:00,22411530-2,RH,CURRENT,%,84.6692607003891
2026-08-19T15:15:00+00:00,22411530-3,Dew Point,CURRENT,°C,17.58257899787961
2026-08-19T15:16:00+00:00,22411541-S,Battery,CURRENT,V,8.461237060546875
2026-08-19T15:20:00+00:00,22411189-1,Temperature,CURRENT,°C,20.2676611328125
2026-08-19T15:20:00+00:00,22411189-2,RH,CURRENT,%,87.82177462424659
2026-08-19T15:20:00+00:00,22411189-3,Dew Point,CURRENT,°C,18.20652446078922
2026-08-19T15:20:00+00:00,22411190-1,Temperature,CURRENT,°C,20.2676611328125
2026-08-19T15:20:00+00:00,22411190-2,RH,CURRENT,%,85.34676127260242
2026-08-19T15:20:00+00:00,22411190-3,Dew Point,CURRENT,°C,17.751290897856748
2026-08-19T15:20:00+00:00,22411191-1,Temperature,CURRENT,°C,20.246210937500003
2026-08-19T15:20:00+00:00,22411191-2,RH,CURRENT,%,87.18699931334402
2026-08-19T15:20:00+00:00,22411191-3,Dew Point,CURRENT,°C,18.069731770507467
2026-08-19T15:20:00+00:00,22411525-1,Temperature,CURRENT,°C,20.1818603515625
2026-08-19T15:20:00+00:00,22411525-2,RH,CURRENT,%,85.3681239032578
2026-08-19T15:20:00+00:00,22411525-3,Dew Point,CURRENT,°C,17.67101522652192
2026-08-19T15:20:00+00:00,22411526-1,Temperature,CURRENT,°C,20.374912109374996
2026-08-19T15:20:00+00:00,22411526-2,RH,CURRENT,%,85.97390707255664
2026-08-19T15:20:00+00:00,22411526-3,Dew Point,CURRENT,°C,17.973134968199926
2026-08-19T15:20:00+00:00,22411527-1,Temperature,CURRENT,°C,20.1818603515625
2026-08-19T15:20:00+00:00,22411527-2,RH,CURRENT,%,85.63820859082932
2026-08-19T15:20:00+00:00,22411527-3,Dew Point,CURRENT,°C,17.721205939227453
2026-08-19T15:20:00+00:00,22411528-1,Temperature,CURRENT,°C,20.374912109374996
2026-08-19T15:20:00+00:00,22411528-2,RH,CURRENT,%,87.63866636148623
2026-08-19T15:20:00+00:00,22411528-3,Dew Point,CURRENT,°C,18.278894156348926
2026-08-19T15:20:00+00:00,22411529-1,Temperature,CURRENT,°C,20.289111328124996
2026-08-19T15:20:00+00:00,22411529-2,RH,CURRENT,%,89.69863431754024
2026-08-19T15:20:00+00:00,22411529-3,Dew Point,CURRENT,°C,18.56550447987223
2026-08-19T15:20:00+00:00,22411530-1,Temperature,CURRENT,°C,20.246210937500003
2026-08-19T15:20:00+00:00,22411530-2,RH,CURRENT,%,85.644312199588
2026-08-19T15:20:00+00:00,22411530-3,Dew Point,CURRENT,°C,17.78555463243704
2026-08-19T15:21:00+00:00,22411541-S,Battery,CURRENT,V,8.4644677734375
2026-08-19T15:25:00+00:00,22411189-1,Temperature,CURRENT,°C,19.881557617187504
2026-08-19T15:25:00+00:00,22411189-2,RH,CURRENT,%,89.8008697642481
2026-08-19T15:25:00+00:00,22411189-3,Dew Point,CURRENT,°C,18.18098604801972
2026-08-19T15:25:00+00:00,22411190-1,Temperature,CURRENT,°C,19.9030078125
2026-08-19T15:25:00+00:00,22411190-2,RH,CURRENT,%,86.9520103761349
2026-08-19T15:25:00+00:00,22411190-3,Dew Point,CURRENT,°C,17.688938083104986
2026-08-19T15:25:00+00:00,22411191-1,Temperature,CURRENT,°C,19.838657226562496
2026-08-19T15:25:00+00:00,22411191-2,RH,CURRENT,%,88.94331273365377
2026-08-19T15:25:00+00:00,22411191-3,Dew Point,CURRENT,°C,17.98568940336195
2026-08-19T15:25:00+00:00,22411525-1,Temperature,CURRENT,°C,19.774306640624992
2026-08-19T15:25:00+00:00,22411525-2,RH,CURRENT,%,87.10002288853285
2026-08-19T15:25:00+00:00,22411525-3,Dew Point,CURRENT,°C,17.589262825288415
2026-08-19T15:25:00+00:00,22411526-1,Temperature,CURRENT,°C,19.98880859375
2026-08-19T15:25:00+00:00,22411526-2,RH,CURRENT,%,87.44792858777753
2026-08-19T15:25:00+00:00,22411526-3,Dew Point,CURRENT,°C,17.863838553208787
2026-08-19T15:25:00+00:00,22411527-1,Temperature,CURRENT,°C,19.795756835937503
2026-08-19T15:25:00+00:00,22411527-2,RH,CURRENT,%,87.30449378194858
2026-08-19T15:25:00+00:00,22411527-3,Dew Point,CURRENT,°C,17.647617255389783
2026-08-19T15:25:00+00:00,22411528-1,Temperature,CURRENT,°C,19.98880859375
2026-08-19T15:25:00+00:00,22411528-2,RH,CURRENT,%,88.99977111467155
2026-08-19T15:25:00+00:00,22411528-3,Dew Point,CURRENT,°C,18.14401019844727
2026-08-19T15:25:00+00:00,22411529-1,Temperature,CURRENT,°C,19.967358398437504
2026-08-19T15:25:00+00:00,22411529-2,RH,CURRENT,%,90.17624170290685
2026-08-19T15:25:00+00:00,22411529-3,Dew Point,CURRENT,°C,18.332367760492797
2026-08-19T15:25:00+00:00,22411530-1,Temperature,CURRENT,°C,19.860107421874993
2026-08-19T15:25:00+00:00,22411530-2,RH,CURRENT,%,87.17174029144732
2026-08-19T15:25:00+00:00,22411530-3,Dew Point,CURRENT,°C,17.686806342972265
2026-08-19T15:26:00+00:00,22411541-S,Battery,CURRENT,V,8.467698486328125
2026-08-19T15:30:00+00:00,22411189-1,Temperature,CURRENT,°C,19.68850585937499
2026-08-19T15:30:00+00:00,22411189-2,RH,CURRENT,%,92.44068055237659
2026-08-19T15:30:00+00:00,22411189-3,Dew Point,CURRENT,°C,18.452458096393944
2026-08-19T15:30:00+00:00,22411190-1,Temperature,CURRENT,°C,19.709956054687503
2026-08-19T15:30:00+00:00,22411190-2,RH,CURRENT,%,89.3842984664683
2026-08-19T15:30:00+00:00,22411190-3,Dew Point,CURRENT,°C,17.937367008981358
2026-08-19T15:30:00+00:00,22411191-1,Temperature,CURRENT,°C,19.667055664062495
2026-08-19T15:30:00+00:00,22411191-2,RH,CURRENT,%,91.60906385900664
2026-08-19T15:30:00+00:00,22411191-3,Dew Point,CURRENT,°C,18.28684691888058
2026-08-19T15:30:00+00:00,22411525-1,Temperature,CURRENT,°C,19.581254882812495
2026-08-19T15:30:00+00:00,22411525-2,RH,CURRENT,%,89.62081330586709
2026-08-19T15:30:00+00:00,22411525-3,Dew Point,CURRENT,°C,17.85228847102825
2026-08-19T15:30:00+00:00,22411526-1,Temperature,CURRENT,°C,19.795756835937503
2026-08-19T15:30:00+00:00,22411526-2,RH,CURRENT,%,90.01144426642253
2026-08-19T15:30:00+00:00,22411526-3,Dew Point,CURRENT,°C,18.133534417508002
2026-08-19T15:30:00+00:00,22411527-1,Temperature,CURRENT,°C,19.581254882812495
2026-08-19T15:30:00+00:00,22411527-2,RH,CURRENT,%,89.82223239490348
2026-08-19T15:30:00+00:00,22411527-3,Dew Point,CURRENT,°C,17.88800761997314
2026-08-19T15:30:00+00:00,22411528-1,Temperature,CURRENT,°C,19.81720703125
2026-08-19T15:30:00+00:00,22411528-2,RH,CURRENT,%,91.83642328526741
2026-08-19T15:30:00+00:00,22411528-3,Dew Point,CURRENT,°C,18.47521833479362
2026-08-19T15:30:00+00:00,22411529-1,Temperature,CURRENT,°C,19.795756835937503
2026-08-19T15:30:00+00:00,22411529-2,RH,CURRENT,%,93.0281528953994
2026-08-19T15:30:00+00:00,22411529-3,Dew Point,CURRENT,°C,18.66020905737284
2026-08-19T15:30:00+00:00,22411530-1,Temperature,CURRENT,°C,19.667055664062495
2026-08-19T15:30:00+00:00,22411530-2,RH,CURRENT,%,89.66201266498817
2026-08-19T15:30:00+00:00,22411530-3,Dew Point,CURRENT,°C,17.9443740846891
2026-08-19T15:31:00+00:00,22411541-S,Battery,CURRENT,V,8.474159912109375
2026-08-19T15:35:00+00:00,22411189-1,Temperature,CURRENT,°C,19.388203124999997
2026-08-19T15:35:00+00:00,22411189-2,RH,CURRENT,%,93.00373846036469
2026-08-19T15:35:00+00:00,22411189-3,Dew Point,CURRENT,°C,18.251490215203397
2026-08-19T15:35:00+00:00,22411190-1,Temperature,CURRENT,°C,19.409653320312493
2026-08-19T15:35:00+00:00,22411190-2,RH,CURRENT,%,89.94583047226672
2026-08-19T15:35:00+00:00,22411190-3,Dew Point,CURRENT,°C,17.740276185280795
2026-08-19T15:35:00+00:00,22411191-1,Temperature,CURRENT,°C,19.323852539062493
2026-08-19T15:35:00+00:00,22411191-2,RH,CURRENT,%,92.12176699473564
2026-08-19T15:35:00+00:00,22411191-3,Dew Point,CURRENT,°C,18.035725198326386
2026-08-19T15:35:00+00:00,22411525-1,Temperature,CURRENT,°C,19.259501953125003
2026-08-19T15:35:00+00:00,22411525-2,RH,CURRENT,%,90.0282291905089
2026-08-19T15:35:00+00:00,22411525-3,Dew Point,CURRENT,°C,17.606399935244795
2026-08-19T15:35:00+00:00,22411526-1,Temperature,CURRENT,°C,19.559804687499998
2026-08-19T15:35:00+00:00,22411526-2,RH,CURRENT,%,90.85374227512017
2026-08-19T15:35:00+00:00,22411526-3,Dew Point,CURRENT,°C,18.048612870007755
2026-08-19T15:35:00+00:00,22411527-1,Temperature,CURRENT,°C,19.259501953125003
2026-08-19T15:35:00+00:00,22411527-2,RH,CURRENT,%,91.01243610284581
2026-08-19T15:35:00+00:00,22411527-3,Dew Point,CURRENT,°C,17.779158030943734
2026-08-19T15:35:00+00:00,22411528-1,Temperature,CURRENT,°C,19.5383544921875
2026-08-19T15:35:00+00:00,22411528-2,RH,CURRENT,%,92.37201495384146
2026-08-19T15:35:00+00:00,22411528-3,Dew Point,CURRENT,°C,18.29167582749907
2026-08-19T15:35:00+00:00,22411529-1,Temperature,CURRENT,°C,19.624155273437502
2026-08-19T15:35:00+00:00,22411529-2,RH,CURRENT,%,93.39436942092011
2026-08-19T15:35:00+00:00,22411529-3,Dew Point,CURRENT,°C,18.552712801908882
2026-08-19T15:35:00+00:00,22411530-1,Temperature,CURRENT,°C,19.323852539062493
2026-08-19T15:35:00+00:00,22411530-2,RH,CURRENT,%,90.38071259632258
2026-08-19T15:35:00+00:00,22411530-3,Dew Point,CURRENT,°C,17.73210524527839
2026-08-19T15:36:00+00:00,22411541-S,Battery,CURRENT,V,8.477390625
2026-08-19T15:40:00+00:00,22411189-1,Temperature,CURRENT,°C,19.302402343749996
2026-08-19T15:40:00+00:00,22411189-2,RH,CURRENT,%,94.9538414587625
2026-08-19T15:40:00+00:00,22411189-3,Dew Point,CURRENT,°C,18.497694318608605
2026-08-19T15:40:00+00:00,22411190-1,Temperature,CURRENT,°C,19.323852539062493
2026-08-19T15:40:00+00:00,22411190-2,RH,CURRENT,%,91.78759441519799
2026-08-19T15:40:00+00:00,22411190-3,Dew Point,CURRENT,°C,17.977841186634606
2026-08-19T15:40:00+00:00,22411191-1,Temperature,CURRENT,°C,19.302402343749996
2026-08-19T15:40:00+00:00,22411191-2,RH,CURRENT,%,94.14816510261693
2026-08-19T15:40:00+00:00,22411191-3,Dew Point,CURRENT,°C,18.361520591492248
2026-08-19T15:40:00+00:00,22411525-1,Temperature,CURRENT,°C,19.216601562499996
2026-08-19T15:40:00+00:00,22411525-2,RH,CURRENT,%,91.85626001373312
2026-08-19T15:40:00+00:00,22411525-3,Dew Point,CURRENT,°C,17.88346172363396
2026-08-19T15:40:00+00:00,22411526-1,Temperature,CURRENT,°C,19.4525537109375
2026-08-19T15:40:00+00:00,22411526-2,RH,CURRENT,%,92.304875257496
2026-08-19T15:40:00+00:00,22411526-3,Dew Point,CURRENT,°C,18.194987565898074
2026-08-19T15:40:00+00:00,22411527-1,Temperature,CURRENT,°C,19.238051757812492
2026-08-19T15:40:00+00:00,22411527-2,RH,CURRENT,%,92.24536507209888
2026-08-19T15:40:00+00:00,22411527-3,Dew Point,CURRENT,°C,17.972012263556575
2026-08-19T15:40:00+00:00,22411528-1,Temperature,CURRENT,°C,19.431103515625004
2026-08-19T15:40:00+00:00,22411528-2,RH,CURRENT,%,94.06271457999543
2026-08-19T15:40:00+00:00,22411528-3,Dew Point,CURRENT,°C,18.47494186981069
2026-08-19T15:40:00+00:00,22411529-1,Temperature,CURRENT,°C,19.4525537109375
2026-08-19T15:40:00+00:00,22411529-2,RH,CURRENT,%,95.3154802777142
2026-08-19T15:40:00+00:00,22411529-3,Dew Point,CURRENT,°C,18.7079801653873
2026-08-19T15:40:00+00:00,22411530-1,Temperature,CURRENT,°C,19.2809521484375
2026-08-19T15:40:00+00:00,22411530-2,RH,CURRENT,%,92.59784847791256
2026-08-19T15:40:00+00:00,22411530-3,Dew Point,CURRENT,°C,18.07531547633277
2026-08-19T15:41:00+00:00,22411541-S,Battery,CURRENT,V,8.480621337890625
2026-08-19T15:45:00+00:00,22411189-1,Temperature,CURRENT,°C,19.774306640624992
2026-08-19T15:45:00+00:00,22411189-2,RH,CURRENT,%,93.65072098878461
2026-08-19T15:45:00+00:00,22411189-3,Dew Point,CURRENT,°C,18.745727674884296
2026-08-19T15:45:00+00:00,22411190-1,Temperature,CURRENT,°C,19.752856445312496
2026-08-19T15:45:00+00:00,22411190-2,RH,CURRENT,%,90.59128709849699
2026-08-19T15:45:00+00:00,22411190-3,Dew Point,CURRENT,°C,18.193512956929784
2026-08-19T15:45:00+00:00,22411191-1,Temperature,CURRENT,°C,19.68850585937499
2026-08-19T15:45:00+00:00,22411191-2,RH,CURRENT,%,93.07392996108949
2026-08-19T15:45:00+00:00,22411191-3,Dew Point,CURRENT,°C,18.561624031849593
2026-08-19T15:45:00+00:00,22411525-1,Temperature,CURRENT,°C,19.581254882812495
2026-08-19T15:45:00+00:00,22411525-2,RH,CURRENT,%,91.18333714808881
2026-08-19T15:45:00+00:00,22411525-3,Dew Point,CURRENT,°C,18.127560986810543
2026-08-19T15:45:00+00:00,22411526-1,Temperature,CURRENT,°C,19.9030078125
2026-08-19T15:45:00+00:00,22411526-2,RH,CURRENT,%,92.02410925459678
2026-08-19T15:45:00+00:00,22411526-3,Dew Point,CURRENT,°C,18.592908626189924
2026-08-19T15:45:00+00:00,22411527-1,Temperature,CURRENT,°C,19.581254882812495
2026-08-19T15:45:00+00:00,22411527-2,RH,CURRENT,%,91.66857404440375
2026-08-19T15:45:00+00:00,22411527-3,Dew Point,CURRENT,°C,18.212205797903795
2026-08-19T15:45:00+00:00,22411528-1,Temperature,CURRENT,°C,19.860107421874993
2026-08-19T15:45:00+00:00,22411528-2,RH,CURRENT,%,94.02456702525369
2026-08-19T15:45:00+00:00,22411528-3,Dew Point,CURRENT,°C,18.89484452775352
2026-08-19T15:45:00+00:00,22411529-1,Temperature,CURRENT,°C,19.9030078125
2026-08-19T15:45:00+00:00,22411529-2,RH,CURRENT,%,96.83222705424582
2026-08-19T15:45:00+00:00,22411529-3,Dew Point,CURRENT,°C,19.410432348512135
2026-08-19T15:45:00+00:00,22411530-1,Temperature,CURRENT,°C,19.667055664062495
2026-08-19T15:45:00+00:00,22411530-2,RH,CURRENT,%,91.35118638895247
2026-08-19T15:45:00+00:00,22411530-3,Dew Point,CURRENT,°C,18.24185623578877
2026-08-19T15:46:00+00:00,22411541-S,Battery,CURRENT,V,8.49677490234375
2026-08-19T15:50:00+00:00,22411189-1,Temperature,CURRENT,°C,20.096059570312498
2026-08-19T15:50:00+00:00,22411189-2,RH,CURRENT,%,94.9187457084001
2026-08-19T15:50:00+00:00,22411189-3,Dew Point,CURRENT,°C,19.28153218019462
2026-08-19T15:50:00+00:00,22411190-1,Temperature,CURRENT,°C,20.074609375
2026-08-19T15:50:00+00:00,22411190-2,RH,CURRENT,%,91.77233539330129
2026-08-19T15:50:00+00:00,22411190-3,Dew Point,CURRENT,°C,18.719114882596383
2026-08-19T15:50:00+00:00,22411191-1,Temperature,CURRENT,°C,19.945908203124993
2026-08-19T15:50:00+00:00,22411191-2,RH,CURRENT,%,94.29617761501488
2026-08-19T15:50:00+00:00,22411191-3,Dew Point,CURRENT,°C,19.026425270267197
2026-08-19T15:50:00+00:00,22411525-1,Temperature,CURRENT,°C,19.838657226562496
2026-08-19T15:50:00+00:00,22411525-2,RH,CURRENT,%,92.11718928816663
2026-08-19T15:50:00+00:00,22411525-3,Dew Point,CURRENT,°C,18.54529209459009
2026-08-19T15:50:00+00:00,22411526-1,Temperature,CURRENT,°C,20.2676611328125
2026-08-19T15:50:00+00:00,22411526-2,RH,CURRENT,%,92.53376058594644
2026-08-19T15:50:00+00:00,22411526-3,Dew Point,CURRENT,°C,19.043013056113534
2026-08-19T15:50:00+00:00,22411527-1,Temperature,CURRENT,°C,19.860107421874993
2026-08-19T15:50:00+00:00,22411527-2,RH,CURRENT,%,92.38574807354848
2026-08-19T15:50:00+00:00,22411527-3,Dew Point,CURRENT,°C,18.61313748977465
2026-08-19T15:50:00+00:00,22411528-1,Temperature,CURRENT,°C,20.2676611328125
2026-08-19T15:50:00+00:00,22411528-2,RH,CURRENT,%,94.4563973449302
2026-08-19T15:50:00+00:00,22411528-3,Dew Point,CURRENT,°C,19.373654036740604
2026-08-19T15:50:00+00:00,22411529-1,Temperature,CURRENT,°C,20.332011718750003
2026-08-19T15:50:00+00:00,22411529-2,RH,CURRENT,%,96.57129777981231
2026-08-19T15:50:00+00:00,22411529-3,Dew Point,CURRENT,°C,19.79479877285189
2026-08-19T15:50:00+00:00,22411530-1,Temperature,CURRENT,°C,19.924458007812497
2026-08-19T15:50:00+00:00,22411530-2,RH,CURRENT,%,93.10597390707255
2026-08-19T15:50:00+00:00,22411530-3,Dew Point,CURRENT,°C,18.801355077724672
2026-08-19T15:51:00+00:00,22411541-S,Battery,CURRENT,V,8.49677490234375
2026-08-19T15:55:00+00:00,22411189-1,Temperature,CURRENT,°C,20.374912109374996
2026-08-19T15:55:00+00:00,22411189-2,RH,CURRENT,%,89.63607232776378
2026-08-19T15:55:00+00:00,22411189-3,Dew Point,CURRENT,°C,18.639110636085025
2026-08-19T15:55:00+00:00,22411190-1,Temperature,CURRENT,°C,20.374912109374996
2026-08-19T15:55:00+00:00,22411190-2,RH,CURRENT,%,86.8009460593576
2026-08-19T15:55:00+00:00,22411190-3,Dew Point,CURRENT,°C,18.125675294513332
2026-08-19T15:55:00+00:00,22411191-1,Temperature,CURRENT,°C,19.967358398437504
2026-08-19T15:55:00+00:00,22411191-2,RH,CURRENT,%,90.14724956130313
2026-08-19T15:55:00+00:00,22411191-3,Dew Point,CURRENT,°C,18.32723305301751
2026-08-19T15:55:00+00:00,22411525-1,Temperature,CURRENT,°C,19.838657226562496
2026-08-19T15:55:00+00:00,22411525-2,RH,CURRENT,%,88.86243991760128
2026-08-19T15:55:00+00:00,22411525-3,Dew Point,CURRENT,°C,17.971203295896533
2026-08-19T15:55:00+00:00,22411526-1,Temperature,CURRENT,°C,20.6108642578125
2026-08-19T15:55:00+00:00,22411526-2,RH,CURRENT,%,88.3085374227512
2026-08-19T15:55:00+00:00,22411526-3,Dew Point,CURRENT,°C,18.633168253162772
2026-08-19T15:55:00+00:00,22411527-1,Temperature,CURRENT,°C,19.881557617187504
2026-08-19T15:55:00+00:00,22411527-2,RH,CURRENT,%,88.86243991760128
2026-08-19T15:55:00+00:00,22411527-3,Dew Point,CURRENT,°C,18.013542332235556
2026-08-19T15:55:00+00:00,22411528-1,Temperature,CURRENT,°C,20.5250634765625
2026-08-19T15:55:00+00:00,22411528-2,RH,CURRENT,%,90.55161364156558
2026-08-19T15:55:00+00:00,22411528-3,Dew Point,CURRENT,°C,18.95040909433525
2026-08-19T15:55:00+00:00,22411529-1,Temperature,CURRENT,°C,20.718115234375
2026-08-19T15:55:00+00:00,22411529-2,RH,CURRENT,%,93.73769741359578
2026-08-19T15:55:00+00:00,22411529-3,Dew Point,CURRENT,°C,19.698275912962938
2026-08-19T15:55:00+00:00,22411530-1,Temperature,CURRENT,°C,19.945908203124993
2026-08-19T15:55:00+00:00,22411530-2,RH,CURRENT,%,88.56794079499504
2026-08-19T15:55:00+00:00,22411530-3,Dew Point,CURRENT,°C,18.024157905804316
2026-08-19T15:56:00+00:00,22411541-S,Battery,CURRENT,V,8.503236328125
2026-08-19T16:00:00+00:00,22411189-1,Temperature,CURRENT,°C,20.567963867187494
2026-08-19T16:00:00+00:00,22411189-2,RH,CURRENT,%,92.1034561684596
2026-08-19T16:00:00+00:00,22411189-3,Dew Point,CURRENT,°C,19.265883693830446
2026-08-19T16:00:00+00:00,22411190-1,Temperature,CURRENT,°C,20.546513671874997
2026-08-19T16:00:00+00:00,22411190-2,RH,CURRENT,%,88.93110551613641
2026-08-19T16:00:00+00:00,22411190-3,Dew Point,CURRENT,°C,18.682151567131903
2026-08-19T16:00:00+00:00,22411191-1,Temperature,CURRENT,°C,20.031708984374994
2026-08-19T16:00:00+00:00,22411191-2,RH,CURRENT,%,92.04699778744182
2026-08-19T16:00:00+00:00,22411191-3,Dew Point,CURRENT,°C,18.724463549051148
2026-08-19T16:00:00+00:00,22411525-1,Temperature,CURRENT,°C,19.924458007812497
2026-08-19T16:00:00+00:00,22411525-2,RH,CURRENT,%,90.25406271458
2026-08-19T16:00:00+00:00,22411525-3,Dew Point,CURRENT,°C,18.30372232484414
2026-08-19T16:00:00+00:00,22411526-1,Temperature,CURRENT,°C,20.846816406249992
2026-08-19T16:00:00+00:00,22411526-2,RH,CURRENT,%,90.38223849851225
2026-08-19T16:00:00+00:00,22411526-3,Dew Point,CURRENT,°C,19.238572821175016
2026-08-19T16:00:00+00:00,22411527-1,Temperature,CURRENT,°C,19.924458007812497
2026-08-19T16:00:00+00:00,22411527-2,RH,CURRENT,%,90.24490730144198
2026-08-19T16:00:00+00:00,22411527-3,Dew Point,CURRENT,°C,18.302102754896794
2026-08-19T16:00:00+00:00,22411528-1,Temperature,CURRENT,°C,20.846816406249992
2026-08-19T16:00:00+00:00,22411528-2,RH,CURRENT,%,92.19043259327077
2026-08-19T16:00:00+00:00,22411528-3,Dew Point,CURRENT,°C,19.55752645352548
2026-08-19T16:00:00+00:00,22411529-1,Temperature,CURRENT,°C,21.082768554687497
2026-08-19T16:00:00+00:00,22411529-2,RH,CURRENT,%,95.3307392996109
2026-08-19T16:00:00+00:00,22411529-3,Dew Point,CURRENT,°C,20.33358685961184
2026-08-19T16:00:00+00:00,22411530-1,Temperature,CURRENT,°C,20.096059570312498
2026-08-19T16:00:00+00:00,22411530-2,RH,CURRENT,%,90.75303273060197
2026-08-19T16:00:00+00:00,22411530-3,Dew Point,CURRENT,°C,18.561572110666297
2026-08-19T16:01:00+00:00,22411541-S,Battery,CURRENT,V,8.519389892578126
2026-08-19T16:05:00+00:00,22411189-1,Temperature,CURRENT,°C,20.117509765624995
2026-08-19T16:05:00+00:00,22411189-2,RH,CURRENT,%,92.35370412756542
2026-08-19T16:05:00+00:00,22411189-3,Dew Point,CURRENT,°C,18.862842647739704
2026-08-19T16:05:00+00:00,22411190-1,Temperature,CURRENT,°C,20.074609375
2026-08-19T16:05:00+00:00,22411190-2,RH,CURRENT,%,89.80392156862744
2026-08-19T16:05:00+00:00,22411190-3,Dew Point,CURRENT,°C,18.37230294101613
2026-08-19T16:05:00+00:00,22411191-1,Temperature,CURRENT,°C,19.73140625
2026-08-19T16:05:00+00:00,22411191-2,RH,CURRENT,%,92.8023193713283
2026-08-19T16:05:00+00:00,22411191-3,Dew Point,CURRENT,°C,18.557449923253667
2026-08-19T16:05:00+00:00,22411525-1,Temperature,CURRENT,°C,19.64560546875
2026-08-19T16:05:00+00:00,22411525-2,RH,CURRENT,%,90.65079728389411
2026-08-19T16:05:00+00:00,22411525-3,Dew Point,CURRENT,°C,18.09787683856708
2026-08-19T16:05:00+00:00,22411526-1,Temperature,CURRENT,°C,20.482163085937493
2026-08-19T16:05:00+00:00,22411526-2,RH,CURRENT,%,89.74441138323033
2026-08-19T16:05:00+00:00,22411526-3,Dew Point,CURRENT,°C,18.76442193694579
2026-08-19T16:05:00+00:00,22411527-1,Temperature,CURRENT,°C,19.64560546875
2026-08-19T16:05:00+00:00,22411527-2,RH,CURRENT,%,90.70572976272221
2026-08-19T16:05:00+00:00,22411527-3,Dew Point,CURRENT,°C,18.107533187770432
2026-08-19T16:05:00+00:00,22411528-1,Temperature,CURRENT,°C,20.567963867187494
2026-08-19T16:05:00+00:00,22411528-2,RH,CURRENT,%,91.47631036850538
2026-08-19T16:05:00+00:00,22411528-3,Dew Point,CURRENT,°C,19.156029332248274
2026-08-19T16:05:00+00:00,22411529-1,Temperature,CURRENT,°C,21.147119140625
2026-08-19T16:05:00+00:00,22411529-2,RH,CURRENT,%,92.19806210421912
2026-08-19T16:05:00+00:00,22411529-3,Dew Point,CURRENT,°C,19.856585536288286
2026-08-19T16:05:00+00:00,22411530-1,Temperature,CURRENT,°C,19.795756835937503
2026-08-19T16:05:00+00:00,22411530-2,RH,CURRENT,%,91.03074692912185
2026-08-19T16:05:00+00:00,22411530-3,Dew Point,CURRENT,°C,18.313195681048864
2026-08-19T16:06:00+00:00,22411541-S,Battery,CURRENT,V,8.519389892578126
2026-08-19T16:10:00+00:00,22411189-1,Temperature,CURRENT,°C,20.13895996093749
2026-08-19T16:10:00+00:00,22411189-2,RH,CURRENT,%,91.99664301518273
2026-08-19T16:10:00+00:00,22411189-3,Dew Point,CURRENT,°C,18.822004125467437
2026-08-19T16:10:00+00:00,22411190-1,Temperature,CURRENT,°C,20.13895996093749
2026-08-19T16:10:00+00:00,22411190-2,RH,CURRENT,%,89.03486686503395
2026-08-19T16:10:00+00:00,22411190-3,Dew Point,CURRENT,°C,18.298517531988068
2026-08-19T16:10:00+00:00,22411191-1,Temperature,CURRENT,°C,19.752856445312496
2026-08-19T16:10:00+00:00,22411191-2,RH,CURRENT,%,91.95086594949264
2026-08-19T16:10:00+00:00,22411191-3,Dew Point,CURRENT,°C,18.431349154972683
2026-08-19T16:10:00+00:00,22411525-1,Temperature,CURRENT,°C,19.64560546875
2026-08-19T16:10:00+00:00,22411525-2,RH,CURRENT,%,89.95651178759441
2026-08-19T16:10:00+00:00,22411525-3,Dew Point,CURRENT,°C,17.975387737683626
2026-08-19T16:10:00+00:00,22411526-1,Temperature,CURRENT,°C,20.396362304687493
2026-08-19T16:10:00+00:00,22411526-2,RH,CURRENT,%,89.97940032043945
2026-08-19T16:10:00+00:00,22411526-3,Dew Point,CURRENT,°C,18.72152026480021
2026-08-19T16:10:00+00:00,22411527-1,Temperature,CURRENT,°C,19.667055664062495
2026-08-19T16:10:00+00:00,22411527-2,RH,CURRENT,%,90.01449607080187
2026-08-19T16:10:00+00:00,22411527-3,Dew Point,CURRENT,°C,18.0068529621168
2026-08-19T16:10:00+00:00,22411528-1,Temperature,CURRENT,°C,20.396362304687493
2026-08-19T16:10:00+00:00,22411528-2,RH,CURRENT,%,91.64873731593805
2026-08-19T16:10:00+00:00,22411528-3,Dew Point,CURRENT,°C,19.01629326355037
2026-08-19T16:10:00+00:00,22411529-1,Temperature,CURRENT,°C,20.932617187499993
2026-08-19T16:10:00+00:00,22411529-2,RH,CURRENT,%,92.07598992904555
2026-08-19T16:10:00+00:00,22411529-3,Dew Point,CURRENT,°C,19.62255295410442
2026-08-19T16:10:00+00:00,22411530-1,Temperature,CURRENT,°C,19.774306640624992
2026-08-19T16:10:00+00:00,22411530-2,RH,CURRENT,%,90.36392767223622
2026-08-19T16:10:00+00:00,22411530-3,Dew Point,CURRENT,°C,18.174649455430874
2026-08-19T16:11:00+00:00,22411541-S,Battery,CURRENT,V,8.512928466796875
2026-08-19T16:15:00+00:00,22411189-1,Temperature,CURRENT,°C,20.5250634765625
2026-08-19T16:15:00+00:00,22411189-2,RH,CURRENT,%,91.108567940795
2026-08-19T16:15:00+00:00,22411189-3,Dew Point,CURRENT,°C,19.04883701290373
2026-08-19T16:15:00+00:00,22411190-1,Temperature,CURRENT,°C,20.503613281250004
2026-08-19T16:15:00+00:00,22411190-2,RH,CURRENT,%,88.25665674830243
2026-08-19T16:15:00+00:00,22411190-3,Dew Point,CURRENT,°C,18.51800938646655
2026-08-19T16:15:00+00:00,22411191-1,Temperature,CURRENT,°C,20.13895996093749
2026-08-19T16:15:00+00:00,22411191-2,RH,CURRENT,%,91.17723353933013
2026-08-19T16:15:00+00:00,22411191-3,Dew Point,CURRENT,°C,18.67866870245215
2026-08-19T16:15:00+00:00,22411525-1,Temperature,CURRENT,°C,20.031708984374994
2026-08-19T16:15:00+00:00,22411525-2,RH,CURRENT,%,89.26527809567406
2026-08-19T16:15:00+00:00,22411525-3,Dew Point,CURRENT,°C,18.23387868373766
2026-08-19T16:15:00+00:00,22411526-1,Temperature,CURRENT,°C,20.718115234375
2026-08-19T16:15:00+00:00,22411526-2,RH,CURRENT,%,89.90463111314564
2026-08-19T16:15:00+00:00,22411526-3,Dew Point,CURRENT,°C,19.02619877469194
2026-08-19T16:15:00+00:00,22411527-1,Temperature,CURRENT,°C,20.031708984374994
2026-08-19T16:15:00+00:00,22411527-2,RH,CURRENT,%,89.30495155260547
2026-08-19T16:15:00+00:00,22411527-3,Dew Point,CURRENT,°C,18.240968994337386
2026-08-19T16:15:00+00:00,22411528-1,Temperature,CURRENT,°C,20.739565429687495
2026-08-19T16:15:00+00:00,22411528-2,RH,CURRENT,%,91.30693522545205
2026-08-19T16:15:00+00:00,22411528-3,Dew Point,CURRENT,°C,19.29617174732533
2026-08-19T16:15:00+00:00,22411529-1,Temperature,CURRENT,°C,21.082768554687497
2026-08-19T16:15:00+00:00,22411529-2,RH,CURRENT,%,93.29671168078126
2026-08-19T16:15:00+00:00,22411529-3,Dew Point,CURRENT,°C,19.984253884696148
2026-08-19T16:15:00+00:00,22411530-1,Temperature,CURRENT,°C,20.160410156250002
2026-08-19T16:15:00+00:00,22411530-2,RH,CURRENT,%,89.34767681391622
2026-08-19T16:15:00+00:00,22411530-3,Dew Point,CURRENT,°C,18.375703298201532
2026-08-19T16:16:00+00:00,22411541-S,Battery,CURRENT,V,8.519389892578126
2026-08-19T16:20:00+00:00,22411189-1,Temperature,CURRENT,°C,21.061318359375
2026-08-19T16:20:00+00:00,22411189-2,RH,CURRENT,%,89.3186846723125
2026-08-19T16:20:00+00:00,22411189-3,Dew Point,CURRENT,°C,19.26016956984947
2026-08-19T16:20:00+00:00,22411190-1,Temperature,CURRENT,°C,21.018417968749993
2026-08-19T16:20:00+00:00,22411190-2,RH,CURRENT,%,86.77500572213322
2026-08-19T16:20:00+00:00,22411190-3,Dew Point,CURRENT,°C,18.754082658651143
2026-08-19T16:20:00+00:00,22411191-1,Temperature,CURRENT,°C,20.632314453124998
2026-08-19T16:20:00+00:00,22411191-2,RH,CURRENT,%,89.69863431754024
2026-08-19T16:20:00+00:00,22411191-3,Dew Point,CURRENT,°C,18.904601474362135
2026-08-19T16:20:00+00:00,22411525-1,Temperature,CURRENT,°C,20.482163085937493
2026-08-19T16:20:00+00:00,22411525-2,RH,CURRENT,%,87.94995040817884
2026-08-19T16:20:00+00:00,22411525-3,Dew Point,CURRENT,°C,18.44120925460706
2026-08-19T16:20:00+00:00,22411526-1,Temperature,CURRENT,°C,21.232919921875002
2026-08-19T16:20:00+00:00,22411526-2,RH,CURRENT,%,88.48706797894255
2026-08-19T16:20:00+00:00,22411526-3,Dew Point,CURRENT,°C,19.279052239580025
2026-08-19T16:20:00+00:00,22411527-1,Temperature,CURRENT,°C,20.503613281250004
2026-08-19T16:20:00+00:00,22411527-2,RH,CURRENT,%,87.91485465781643
2026-08-19T16:20:00+00:00,22411527-3,Dew Point,CURRENT,°C,18.455971014321026
2026-08-19T16:20:00+00:00,22411528-1,Temperature,CURRENT,°C,21.21146972656249
2026-08-19T16:20:00+00:00,22411528-2,RH,CURRENT,%,90.69199664301519
2026-08-19T16:20:00+00:00,22411528-3,Dew Point,CURRENT,°C,19.654383024931242
2026-08-19T16:20:00+00:00,22411529-1,Temperature,CURRENT,°C,21.3401708984375
2026-08-19T16:20:00+00:00,22411529-2,RH,CURRENT,%,92.87098496986343
2026-08-19T16:20:00+00:00,22411529-3,Dew Point,CURRENT,°C,20.165719581528005
2026-08-19T16:20:00+00:00,22411530-1,Temperature,CURRENT,°C,20.632314453124998
2026-08-19T16:20:00+00:00,22411530-2,RH,CURRENT,%,87.85534447241932
2026-08-19T16:20:00+00:00,22411530-3,Dew Point,CURRENT,°C,18.571979401341274
2026-08-19T16:21:00+00:00,22411541-S,Battery,CURRENT,V,8.532312744140626
2026-08-19T16:25:00+00:00,22411189-1,Temperature,CURRENT,°C,21.318720703125003
2026-08-19T16:25:00+00:00,22411189-2,RH,CURRENT,%,88.56336308842603
2026-08-19T16:25:00+00:00,22411189-3,Dew Point,CURRENT,°C,19.377552825322763
2026-08-19T16:25:00+00:00,22411190-1,Temperature,CURRENT,°C,21.3401708984375
2026-08-19T16:25:00+00:00,22411190-2,RH,CURRENT,%,85.5939574273289
2026-08-19T16:25:00+00:00,22411190-3,Dew Point,CURRENT,°C,18.850750478253868
2026-08-19T16:25:00+00:00,22411191-1,Temperature,CURRENT,°C,20.67521484374999
2026-08-19T16:25:00+00:00,22411191-2,RH,CURRENT,%,89.30647745479514
2026-08-19T16:25:00+00:00,22411191-3,Dew Point,CURRENT,°C,18.876704376390975
2026-08-19T16:25:00+00:00,22411525-1,Temperature,CURRENT,°C,20.546513671874997
2026-08-19T16:25:00+00:00,22411525-2,RH,CURRENT,%,87.73022049286641
2026-08-19T16:25:00+00:00,22411525-3,Dew Point,CURRENT,°C,18.4646410400512
2026-08-19T16:25:00+00:00,22411526-1,Temperature,CURRENT,°C,21.533222656249997
2026-08-19T16:25:00+00:00,22411526-2,RH,CURRENT,%,87.12291142137789
2026-08-19T16:25:00+00:00,22411526-3,Dew Point,CURRENT,°C,19.32497521985269
2026-08-19T16:25:00+00:00,22411527-1,Temperature,CURRENT,°C,20.567963867187494
2026-08-19T16:25:00+00:00,22411527-2,RH,CURRENT,%,87.7958342870222
2026-08-19T16:25:00+00:00,22411527-3,Dew Point,CURRENT,°C,18.49772921620461
2026-08-19T16:25:00+00:00,22411528-1,Temperature,CURRENT,°C,21.490322265625004
2026-08-19T16:25:00+00:00,22411528-2,RH,CURRENT,%,88.98146028839551
2026-08-19T16:25:00+00:00,22411528-3,Dew Point,CURRENT,°C,19.622768367811965
2026-08-19T16:25:00+00:00,22411529-1,Temperature,CURRENT,°C,21.554672851562493
2026-08-19T16:25:00+00:00,22411529-2,RH,CURRENT,%,92.26214999618524
2026-08-19T16:25:00+00:00,22411529-3,Dew Point,CURRENT,°C,20.271899417410165
2026-08-19T16:25:00+00:00,22411530-1,Temperature,CURRENT,°C,20.718115234375
2026-08-19T16:25:00+00:00,22411530-2,RH,CURRENT,%,88.2383459220264
2026-08-19T16:25:00+00:00,22411530-3,Dew Point,CURRENT,°C,18.72619097588798
2026-08-19T16:26:00+00:00,22411541-S,Battery,CURRENT,V,8.538774169921876
2026-08-19T16:30:00+00:00,22411189-1,Temperature,CURRENT,°C,21.83352539062499
2026-08-19T16:30:00+00:00,22411189-2,RH,CURRENT,%,85.16823071641107
2026-08-19T16:30:00+00:00,22411189-3,Dew Point,CURRENT,°C,19.255098366353206
2026-08-19T16:30:00+00:00,22411190-1,Temperature,CURRENT,°C,21.769174804687502
2026-08-19T16:30:00+00:00,22411190-2,RH,CURRENT,%,82.5940337224384
2026-08-19T16:30:00+00:00,22411190-3,Dew Point,CURRENT,°C,18.699491072227865
2026-08-19T16:30:00+00:00,22411191-1,Temperature,CURRENT,°C,21.082768554687497
2026-08-19T16:30:00+00:00,22411191-2,RH,CURRENT,%,86.24246585793851
2026-08-19T16:30:00+00:00,22411191-3,Dew Point,CURRENT,°C,18.7187620425492
2026-08-19T16:30:00+00:00,22411525-1,Temperature,CURRENT,°C,20.911166992187496
2026-08-19T16:30:00+00:00,22411525-2,RH,CURRENT,%,85.04310673685816
2026-08-19T16:30:00+00:00,22411525-3,Dew Point,CURRENT,°C,18.326233575894012
2026-08-19T16:30:00+00:00,22411526-1,Temperature,CURRENT,°C,22.133828125
2026-08-19T16:30:00+00:00,22411526-2,RH,CURRENT,%,84.26031891355764
2026-08-19T16:30:00+00:00,22411526-3,Dew Point,CURRENT,°C,19.3772033138438
2026-08-19T16:30:00+00:00,22411527-1,Temperature,CURRENT,°C,20.932617187499993
2026-08-19T16:30:00+00:00,22411527-2,RH,CURRENT,%,84.89814602883955
2026-08-19T16:30:00+00:00,22411527-3,Dew Point,CURRENT,°C,18.320043111406026
2026-08-19T16:30:00+00:00,22411528-1,Temperature,CURRENT,°C,22.069477539062497
2026-08-19T16:30:00+00:00,22411528-2,RH,CURRENT,%,86.28061341268025
2026-08-19T16:30:00+00:00,22411528-3,Dew Point,CURRENT,°C,19.695956663404196
2026-08-19T16:30:00+00:00,22411529-1,Temperature,CURRENT,°C,22.133828125
2026-08-19T16:30:00+00:00,22411529-2,RH,CURRENT,%,92.90455481803616
2026-08-19T16:30:00+00:00,22411529-3,Dew Point,CURRENT,°C,20.959150847732804
2026-08-19T16:30:00+00:00,22411530-1,Temperature,CURRENT,°C,21.104218749999994
2026-08-19T16:30:00+00:00,22411530-2,RH,CURRENT,%,84.960708018616
2026-08-19T16:30:00+00:00,22411530-3,Dew Point,CURRENT,°C,18.50020290762012
2026-08-19T16:31:00+00:00,22411541-S,Battery,CURRENT,V,8.564619873046876
2026-08-19T16:35:00+00:00,22411189-1,Temperature,CURRENT,°C,22.262529296874995
2026-08-19T16:35:00+00:00,22411189-2,RH,CURRENT,%,85.34065766384374
2026-08-19T16:35:00+00:00,22411189-3,Dew Point,CURRENT,°C,19.708826622233516
2026-08-19T16:35:00+00:00,22411190-1,Temperature,CURRENT,°C,22.176728515624994
2026-08-19T16:35:00+00:00,22411190-2,RH,CURRENT,%,83.03044174868391
2026-08-19T16:35:00+00:00,22411190-3,Dew Point,CURRENT,°C,19.182677582501025
2026-08-19T16:35:00+00:00,22411191-1,Temperature,CURRENT,°C,21.468872070312493
2026-08-19T16:35:00+00:00,22411191-2,RH,CURRENT,%,86.34317540245671
2026-08-19T16:35:00+00:00,22411191-3,Dew Point,CURRENT,°C,19.11710747537122
2026-08-19T16:35:00+00:00,22411525-1,Temperature,CURRENT,°C,21.318720703125003
2026-08-19T16:35:00+00:00,22411525-2,RH,CURRENT,%,84.48920424200809
2026-08-19T16:35:00+00:00,22411525-3,Dew Point,CURRENT,°C,18.621597371491358
2026-08-19T16:35:00+00:00,22411526-1,Temperature,CURRENT,°C,22.627182617187493
2026-08-19T16:35:00+00:00,22411526-2,RH,CURRENT,%,83.37834744792859
2026-08-19T16:35:00+00:00,22411526-3,Dew Point,CURRENT,°C,19.690863676032755
2026-08-19T16:35:00+00:00,22411527-1,Temperature,CURRENT,°C,21.318720703125003
2026-08-19T16:35:00+00:00,22411527-2,RH,CURRENT,%,84.90272373540856
2026-08-19T16:35:00+00:00,22411527-3,Dew Point,CURRENT,°C,18.69976260619367
2026-08-19T16:35:00+00:00,22411528-1,Temperature,CURRENT,°C,22.4984814453125
2026-08-19T16:35:00+00:00,22411528-2,RH,CURRENT,%,85.53292133974212
2026-08-19T16:35:00+00:00,22411528-3,Dew Point,CURRENT,°C,19.976870723382735
2026-08-19T16:35:00+00:00,22411529-1,Temperature,CURRENT,°C,22.627182617187493
2026-08-19T16:35:00+00:00,22411529-2,RH,CURRENT,%,89.18593118181124
2026-08-19T16:35:00+00:00,22411529-3,Dew Point,CURRENT,°C,20.782150695438823
2026-08-19T16:35:00+00:00,22411530-1,Temperature,CURRENT,°C,21.533222656249997
2026-08-19T16:35:00+00:00,22411530-2,RH,CURRENT,%,85.12703135729
2026-08-19T16:35:00+00:00,22411530-3,Dew Point,CURRENT,°C,18.952564303367677
2026-08-19T16:36:00+00:00,22411541-S,Battery,CURRENT,V,8.567850585937501
2026-08-19T16:40:00+00:00,22411189-1,Temperature,CURRENT,°C,22.841684570312502
2026-08-19T16:40:00+00:00,22411189-2,RH,CURRENT,%,85.58480201419088
2026-08-19T16:40:00+00:00,22411189-3,Dew Point,CURRENT,°C,20.323739181208506
2026-08-19T16:40:00+00:00,22411190-1,Temperature,CURRENT,°C,22.7558837890625
2026-08-19T16:40:00+00:00,22411190-2,RH,CURRENT,%,82.79240100709545
2026-08-19T16:40:00+00:00,22411190-3,Dew Point,CURRENT,°C,19.702971657443534
2026-08-19T16:40:00+00:00,22411191-1,Temperature,CURRENT,°C,21.9622265625
2026-08-19T16:40:00+00:00,22411191-2,RH,CURRENT,%,85.79842832074463
2026-08-19T16:40:00+00:00,22411191-3,Dew Point,CURRENT,°C,19.500171336588117
2026-08-19T16:40:00+00:00,22411525-1,Temperature,CURRENT,°C,21.790625
2026-08-19T16:40:00+00:00,22411525-2,RH,CURRENT,%,84.21911955443656
2026-08-19T16:40:00+00:00,22411525-3,Dew Point,CURRENT,°C,19.032929759097122
2026-08-19T16:40:00+00:00,22411526-1,Temperature,CURRENT,°C,23.206337890625
2026-08-19T16:40:00+00:00,22411526-2,RH,CURRENT,%,83.51415274280919
2026-08-19T16:40:00+00:00,22411526-3,Dew Point,CURRENT,°C,20.28416219246809
2026-08-19T16:40:00+00:00,22411527-1,Temperature,CURRENT,°C,21.790625
2026-08-19T16:40:00+00:00,22411527-2,RH,CURRENT,%,84.30151827267872
2026-08-19T16:40:00+00:00,22411527-3,Dew Point,CURRENT,°C,19.04863207786604
2026-08-19T16:40:00+00:00,22411528-1,Temperature,CURRENT,°C,23.013286132812503
2026-08-19T16:40:00+00:00,22411528-2,RH,CURRENT,%,86.03341725795377
2026-08-19T16:40:00+00:00,22411528-3,Dew Point,CURRENT,°C,20.57719343037895
2026-08-19T16:40:00+00:00,22411529-1,Temperature,CURRENT,°C,23.056186523437496
2026-08-19T16:40:00+00:00,22411529-2,RH,CURRENT,%,89.95040817883573
2026-08-19T16:40:00+00:00,22411529-3,Dew Point,CURRENT,°C,21.345108411488688
2026-08-19T16:40:00+00:00,22411530-1,Temperature,CURRENT,°C,22.005126953124993
2026-08-19T16:40:00+00:00,22411530-2,RH,CURRENT,%,84.6692607003891
2026-08-19T16:40:00+00:00,22411530-3,Dew Point,CURRENT,°C,19.328939186486306
2026-08-19T16:41:00+00:00,22411541-S,Battery,CURRENT,V,8.577542724609375
2026-08-19T16:45:00+00:00,22411189-1,Temperature,CURRENT,°C,22.6700830078125
2026-08-19T16:45:00+00:00,22411189-2,RH,CURRENT,%,81.48317692835889
2026-08-19T16:45:00+00:00,22411189-3,Dew Point,CURRENT,°C,19.362214359047492
2026-08-19T16:45:00+00:00,22411190-1,Temperature,CURRENT,°C,22.691533203124997
2026-08-19T16:45:00+00:00,22411190-2,RH,CURRENT,%,78.87846189059282
2026-08-19T16:45:00+00:00,22411190-3,Dew Point,CURRENT,°C,18.86115289873264
2026-08-19T16:45:00+00:00,22411191-1,Temperature,CURRENT,°C,21.812075195312495
2026-08-19T16:45:00+00:00,22411191-2,RH,CURRENT,%,82.78324559395743
2026-08-19T16:45:00+00:00,22411191-3,Dew Point,CURRENT,°C,18.778101541537097
2026-08-19T16:45:00+00:00,22411525-1,Temperature,CURRENT,°C,21.619023437499997
2026-08-19T16:45:00+00:00,22411525-2,RH,CURRENT,%,81.27107652399481
2026-08-19T16:45:00+00:00,22411525-3,Dew Point,CURRENT,°C,18.2946379708798
2026-08-19T16:45:00+00:00,22411526-1,Temperature,CURRENT,°C,23.077636718749993
2026-08-19T16:45:00+00:00,22411526-2,RH,CURRENT,%,79.20653086137179
2026-08-19T16:45:00+00:00,22411526-3,Dew Point,CURRENT,°C,19.30324371291185
2026-08-19T16:45:00+00:00,22411527-1,Temperature,CURRENT,°C,21.640473632812494
2026-08-19T16:45:00+00:00,22411527-2,RH,CURRENT,%,81.15815976195925
2026-08-19T16:45:00+00:00,22411527-3,Dew Point,CURRENT,°C,18.293373132718568
2026-08-19T16:45:00+00:00,22411528-1,Temperature,CURRENT,°C,22.798784179687495
2026-08-19T16:45:00+00:00,22411528-2,RH,CURRENT,%,82.18814373998627
2026-08-19T16:45:00+00:00,22411528-3,Dew Point,CURRENT,°C,19.62671528638835
2026-08-19T16:45:00+00:00,22411529-1,Temperature,CURRENT,°C,22.927485351562503
2026-08-19T16:45:00+00:00,22411529-2,RH,CURRENT,%,85.04768444342717
2026-08-19T16:45:00+00:00,22411529-3,Dew Point,CURRENT,°C,20.305874434801158
2026-08-19T16:45:00+00:00,22411530-1,Temperature,CURRENT,°C,21.83352539062499
2026-08-19T16:45:00+00:00,22411530-2,RH,CURRENT,%,81.65712977798123
2026-08-19T16:45:00+00:00,22411530-3,Dew Point,CURRENT,°C,18.57975661485214
2026-08-19T16:46:00+00:00,22411541-S,Battery,CURRENT,V,8.584004150390625
2026-08-19T16:50:00+00:00,22411189-1,Temperature,CURRENT,°C,22.970385742187496
2026-08-19T16:50:00+00:00,22411189-2,RH,CURRENT,%,79.90844586861982
2026-08-19T16:50:00+00:00,22411189-3,Dew Point,CURRENT,°C,19.340855164866888
2026-08-19T16:50:00+00:00,22411190-1,Temperature,CURRENT,°C,23.013286132812503
2026-08-19T16:50:00+00:00,22411190-2,RH,CURRENT,%,77.92172121766994
2026-08-19T16:50:00+00:00,22411190-3,Dew Point,CURRENT,°C,18.977920397704914
2026-08-19T16:50:00+00:00,22411191-1,Temperature,CURRENT,°C,22.176728515624994
2026-08-19T16:50:00+00:00,22411191-2,RH,CURRENT,%,81.93636987869077
2026-08-19T16:50:00+00:00,22411191-3,Dew Point,CURRENT,°C,18.969632445859855
2026-08-19T16:50:00+00:00,22411525-1,Temperature,CURRENT,°C,22.026577148437504
2026-08-19T16:50:00+00:00,22411525-2,RH,CURRENT,%,80.50354772259098
2026-08-19T16:50:00+00:00,22411525-3,Dew Point,CURRENT,°C,18.54048180281316
2026-08-19T16:50:00+00:00,22411526-1,Temperature,CURRENT,°C,23.35648925781249
2026-08-19T16:50:00+00:00,22411526-2,RH,CURRENT,%,77.66536964980544
2026-08-19T16:50:00+00:00,22411526-3,Dew Point,CURRENT,°C,19.25800985029352
2026-08-19T16:50:00+00:00,22411527-1,Temperature,CURRENT,°C,22.026577148437504
2026-08-19T16:50:00+00:00,22411527-2,RH,CURRENT,%,80.68207827878233
2026-08-19T16:50:00+00:00,22411527-3,Dew Point,CURRENT,°C,18.57591812515389
2026-08-19T16:50:00+00:00,22411528-1,Temperature,CURRENT,°C,23.099086914062504
2026-08-19T16:50:00+00:00,22411528-2,RH,CURRENT,%,79.94048981460288
2026-08-19T16:50:00+00:00,22411528-3,Dew Point,CURRENT,°C,19.47262438202006
2026-08-19T16:50:00+00:00,22411529-1,Temperature,CURRENT,°C,23.056186523437496
2026-08-19T16:50:00+00:00,22411529-2,RH,CURRENT,%,84.29388876173037
2026-08-19T16:50:00+00:00,22411529-3,Dew Point,CURRENT,°C,20.28774448383257
2026-08-19T16:50:00+00:00,22411530-1,Temperature,CURRENT,°C,22.198178710937505
2026-08-19T16:50:00+00:00,22411530-2,RH,CURRENT,%,80.42877851529717
2026-08-19T16:50:00+00:00,22411530-3,Dew Point,CURRENT,°C,18.692852649223834
2026-08-19T16:51:00+00:00,22411541-S,Battery,CURRENT,V,8.606619140625
2026-08-19T16:55:00+00:00,22411189-1,Temperature,CURRENT,°C,23.227788085937497
2026-08-19T16:55:00+00:00,22411189-2,RH,CURRENT,%,79.25383382925155
2026-08-19T16:55:00+00:00,22411189-3,Dew Point,CURRENT,°C,19.458892791414506
2026-08-19T16:55:00+00:00,22411190-1,Temperature,CURRENT,°C,23.227788085937497
2026-08-19T16:55:00+00:00,22411190-2,RH,CURRENT,%,76.88715953307393
2026-08-19T16:55:00+00:00,22411190-3,Dew Point,CURRENT,°C,18.97143100567752
2026-08-19T16:55:00+00:00,22411191-1,Temperature,CURRENT,°C,22.434130859374996
2026-08-19T16:55:00+00:00,22411191-2,RH,CURRENT,%,80.74616617074845
2026-08-19T16:55:00+00:00,22411191-3,Dew Point,CURRENT,°C,18.985988997004892
2026-08-19T16:55:00+00:00,22411525-1,Temperature,CURRENT,°C,22.262529296874995
2026-08-19T16:55:00+00:00,22411525-2,RH,CURRENT,%,79.51018539711605
2026-08-19T16:55:00+00:00,22411525-3,Dew Point,CURRENT,°C,18.571659119073637
2026-08-19T16:55:00+00:00,22411526-1,Temperature,CURRENT,°C,23.592441406249996
2026-08-19T16:55:00+00:00,22411526-2,RH,CURRENT,%,78.04837109941253
2026-08-19T16:55:00+00:00,22411526-3,Dew Point,CURRENT,°C,19.566204333855644
2026-08-19T16:55:00+00:00,22411527-1,Temperature,CURRENT,°C,22.28397949218749
2026-08-19T16:55:00+00:00,22411527-2,RH,CURRENT,%,79.48577096208133
2026-08-19T16:55:00+00:00,22411527-3,Dew Point,CURRENT,°C,18.58761885976347
2026-08-19T16:55:00+00:00,22411528-1,Temperature,CURRENT,°C,23.44229003906249
2026-08-19T16:55:00+00:00,22411528-2,RH,CURRENT,%,80.341802090486
2026-08-19T16:55:00+00:00,22411528-3,Dew Point,CURRENT,°C,19.887705567440623
2026-08-19T16:55:00+00:00,22411529-1,Temperature,CURRENT,°C,23.184887695312504
2026-08-19T16:55:00+00:00,22411529-2,RH,CURRENT,%,87.47539482719158
2026-08-19T16:55:00+00:00,22411529-3,Dew Point,CURRENT,°C,21.016565930951412
2026-08-19T16:55:00+00:00,22411530-1,Temperature,CURRENT,°C,22.455581054687492
2026-08-19T16:55:00+00:00,22411530-2,RH,CURRENT,%,79.56816968032349
2026-08-19T16:55:00+00:00,22411530-3,Dew Point,CURRENT,°C,18.771201113350287
2026-08-19T16:56:00+00:00,22411541-S,Battery,CURRENT,V,8.61308056640625
2026-08-19T17:00:00+00:00,22411189-1,Temperature,CURRENT,°C,23.141987304687497
2026-08-19T17:00:00+00:00,22411189-2,RH,CURRENT,%,78.85557335774777
2026-08-19T17:00:00+00:00,22411189-3,Dew Point,CURRENT,°C,19.29436255214374
2026-08-19T17:00:00+00:00,22411190-1,Temperature,CURRENT,°C,23.141987304687497
2026-08-19T17:00:00+00:00,22411190-2,RH,CURRENT,%,76.31799801632715
2026-08-19T17:00:00+00:00,22411190-3,Dew Point,CURRENT,°C,18.769185941640522
2026-08-19T17:00:00+00:00,22411191-1,Temperature,CURRENT,°C,22.519931640624996
2026-08-19T17:00:00+00:00,22411191-2,RH,CURRENT,%,79.81231403067063
2026-08-19T17:00:00+00:00,22411191-3,Dew Point,CURRENT,°C,18.88295009722589
2026-08-19T17:00:00+00:00,22411525-1,Temperature,CURRENT,°C,22.348330078124995
2026-08-19T17:00:00+00:00,22411525-2,RH,CURRENT,%,78.71671625848784
2026-08-19T17:00:00+00:00,22411525-3,Dew Point,CURRENT,°C,18.49469158519288
2026-08-19T17:00:00+00:00,22411526-1,Temperature,CURRENT,°C,23.592441406249996
2026-08-19T17:00:00+00:00,22411526-2,RH,CURRENT,%,76.85969329365987
2026-08-19T17:00:00+00:00,22411526-3,Dew Point,CURRENT,°C,19.319001582655755
2026-08-19T17:00:00+00:00,22411527-1,Temperature,CURRENT,°C,22.348330078124995
2026-08-19T17:00:00+00:00,22411527-2,RH,CURRENT,%,79.01884489204242
2026-08-19T17:00:00+00:00,22411527-3,Dew Point,CURRENT,°C,18.555956745839453
2026-08-19T17:00:00+00:00,22411528-1,Temperature,CURRENT,°C,23.44229003906249
2026-08-19T17:00:00+00:00,22411528-2,RH,CURRENT,%,79.18974593728542
2026-08-19T17:00:00+00:00,22411528-3,Dew Point,CURRENT,°C,19.654468195351875
2026-08-19T17:00:00+00:00,22411529-1,Temperature,CURRENT,°C,23.249238281249994
2026-08-19T17:00:00+00:00,22411529-2,RH,CURRENT,%,83.39971007858396
2026-08-19T17:00:00+00:00,22411529-3,Dew Point,CURRENT,°C,20.303925527186983
2026-08-19T17:00:00+00:00,22411530-1,Temperature,CURRENT,°C,22.519931640624996
2026-08-19T17:00:00+00:00,22411530-2,RH,CURRENT,%,78.50614175631343
2026-08-19T17:00:00+00:00,22411530-3,Dew Point,CURRENT,°C,18.618591554100615
2026-08-19T17:01:00+00:00,22411541-S,Battery,CURRENT,V,8.6195419921875
2026-08-19T17:05:00+00:00,22411189-1,Temperature,CURRENT,°C,22.691533203124997
2026-08-19T17:05:00+00:00,22411189-2,RH,CURRENT,%,79.30876630807965
2026-08-19T17:05:00+00:00,22411189-3,Dew Point,CURRENT,°C,18.94841820711779
2026-08-19T17:05:00+00:00,22411190-1,Temperature,CURRENT,°C,22.691533203124997
2026-08-19T17:05:00+00:00,22411190-2,RH,CURRENT,%,76.83070115205615
2026-08-19T17:05:00+00:00,22411190-3,Dew Point,CURRENT,°C,18.440072344909822
2026-08-19T17:05:00+00:00,22411191-1,Temperature,CURRENT,°C,22.090927734374993
2026-08-19T17:05:00+00:00,22411191-2,RH,CURRENT,%,79.36369878690776
2026-08-19T17:05:00+00:00,22411191-3,Dew Point,CURRENT,°C,18.37520749082597
2026-08-19T17:05:00+00:00,22411525-1,Temperature,CURRENT,°C,21.940776367187503
2026-08-19T17:05:00+00:00,22411525-2,RH,CURRENT,%,77.96597238117036
2026-08-19T17:05:00+00:00,22411525-3,Dew Point,CURRENT,°C,17.945924365291784
2026-08-19T17:05:00+00:00,22411526-1,Temperature,CURRENT,°C,23.034736328125
2026-08-19T17:05:00+00:00,22411526-2,RH,CURRENT,%,77.69588769359883
2026-08-19T17:05:00+00:00,22411526-3,Dew Point,CURRENT,°C,18.95215908643961
2026-08-19T17:05:00+00:00,22411527-1,Temperature,CURRENT,°C,21.940776367187503
2026-08-19T17:05:00+00:00,22411527-2,RH,CURRENT,%,78.16281376363776
2026-08-19T17:05:00+00:00,22411527-3,Dew Point,CURRENT,°C,17.986074432827415
2026-08-19T17:05:00+00:00,22411528-1,Temperature,CURRENT,°C,22.841684570312502
2026-08-19T17:05:00+00:00,22411528-2,RH,CURRENT,%,80.59357595178149
2026-08-19T17:05:00+00:00,22411528-3,Dew Point,CURRENT,°C,19.35288902872378
2026-08-19T17:05:00+00:00,22411529-1,Temperature,CURRENT,°C,22.777333984374998
2026-08-19T17:05:00+00:00,22411529-2,RH,CURRENT,%,85.51003280689707
2026-08-19T17:05:00+00:00,22411529-3,Dew Point,CURRENT,°C,20.246374115627965
2026-08-19T17:05:00+00:00,22411530-1,Temperature,CURRENT,°C,22.133828125
2026-08-19T17:05:00+00:00,22411530-2,RH,CURRENT,%,78.29709315632869
2026-08-19T17:05:00+00:00,22411530-3,Dew Point,CURRENT,°C,18.20092120228853
2026-08-19T17:06:00+00:00,22411541-S,Battery,CURRENT,V,8.62600341796875
2026-08-19T17:10:00+00:00,22411189-1,Temperature,CURRENT,°C,22.391230468750003
2026-08-19T17:10:00+00:00,22411189-2,RH,CURRENT,%,79.94811932555123
2026-08-19T17:10:00+00:00,22411189-3,Dew Point,CURRENT,°C,18.784892647576562
2026-08-19T17:10:00+00:00,22411190-1,Temperature,CURRENT,°C,22.348330078124995
2026-08-19T17:10:00+00:00,22411190-2,RH,CURRENT,%,77.75997558556496
2026-08-19T17:10:00+00:00,22411190-3,Dew Point,CURRENT,°C,18.299318107829727
2026-08-19T17:10:00+00:00,22411191-1,Temperature,CURRENT,°C,22.026577148437504
2026-08-19T17:10:00+00:00,22411191-2,RH,CURRENT,%,79.5925841153582
2026-08-19T17:10:00+00:00,22411191-3,Dew Point,CURRENT,°C,18.35858769055934
2026-08-19T17:10:00+00:00,22411525-1,Temperature,CURRENT,°C,21.919326171874992
2026-08-19T17:10:00+00:00,22411525-2,RH,CURRENT,%,78.16281376363776
2026-08-19T17:10:00+00:00,22411525-3,Dew Point,CURRENT,°C,17.96524436417211
2026-08-19T17:10:00+00:00,22411526-1,Temperature,CURRENT,°C,22.691533203124997
2026-08-19T17:10:00+00:00,22411526-2,RH,CURRENT,%,78.6129549095903
2026-08-19T17:10:00+00:00,22411526-3,Dew Point,CURRENT,°C,18.80710031806434
2026-08-19T17:10:00+00:00,22411527-1,Temperature,CURRENT,°C,21.940776367187503
2026-08-19T17:10:00+00:00,22411527-2,RH,CURRENT,%,78.38254367895019
2026-08-19T17:10:00+00:00,22411527-3,Dew Point,CURRENT,°C,18.03078869329533
2026-08-19T17:10:00+00:00,22411528-1,Temperature,CURRENT,°C,22.5842822265625
2026-08-19T17:10:00+00:00,22411528-2,RH,CURRENT,%,81.07881284809643
2026-08-19T17:10:00+00:00,22411528-3,Dew Point,CURRENT,°C,19.198460991944025
2026-08-19T17:10:00+00:00,22411529-1,Temperature,CURRENT,°C,22.4126806640625
2026-08-19T17:10:00+00:00,22411529-2,RH,CURRENT,%,84.91493095292591
2026-08-19T17:10:00+00:00,22411529-3,Dew Point,CURRENT,°C,19.775453743155374
2026-08-19T17:10:00+00:00,22411530-1,Temperature,CURRENT,°C,22.026577148437504
2026-08-19T17:10:00+00:00,22411530-2,RH,CURRENT,%,78.39780270084688
2026-08-19T17:10:00+00:00,22411530-3,Dew Point,CURRENT,°C,18.11724068824529
2026-08-19T17:11:00+00:00,22411541-S,Battery,CURRENT,V,8.629234130859375
2026-08-19T17:15:00+00:00,22411189-1,Temperature,CURRENT,°C,22.627182617187493
2026-08-19T17:15:00+00:00,22411189-2,RH,CURRENT,%,79.94811932555123
2026-08-19T17:15:00+00:00,22411189-3,Dew Point,CURRENT,°C,19.014654950934958
2026-08-19T17:15:00+00:00,22411190-1,Temperature,CURRENT,°C,22.5842822265625
2026-08-19T17:15:00+00:00,22411190-2,RH,CURRENT,%,77.34950789654383
2026-08-19T17:15:00+00:00,22411190-3,Dew Point,CURRENT,°C,18.4436692853384
2026-08-19T17:15:00+00:00,22411191-1,Temperature,CURRENT,°C,22.305429687500002
2026-08-19T17:15:00+00:00,22411191-2,RH,CURRENT,%,79.11192492561227
2026-08-19T17:15:00+00:00,22411191-3,Dew Point,CURRENT,°C,18.533069090857307
2026-08-19T17:15:00+00:00,22411525-1,Temperature,CURRENT,°C,22.176728515624994
2026-08-19T17:15:00+00:00,22411525-2,RH,CURRENT,%,77.70962081330586
2026-08-19T17:15:00+00:00,22411525-3,Dew Point,CURRENT,°C,18.122463945866848
2026-08-19T17:15:00+00:00,22411526-1,Temperature,CURRENT,°C,22.884584960937495
2026-08-19T17:15:00+00:00,22411526-2,RH,CURRENT,%,77.70046540016784
2026-08-19T17:15:00+00:00,22411526-3,Dew Point,CURRENT,°C,18.80741993448854
2026-08-19T17:15:00+00:00,22411527-1,Temperature,CURRENT,°C,22.198178710937505
2026-08-19T17:15:00+00:00,22411527-2,RH,CURRENT,%,77.84390020599679
2026-08-19T17:15:00+00:00,22411527-3,Dew Point,CURRENT,°C,18.170809858399103
2026-08-19T17:15:00+00:00,22411528-1,Temperature,CURRENT,°C,22.82023437499999
2026-08-19T17:15:00+00:00,22411528-2,RH,CURRENT,%,80.17395284962234
2026-08-19T17:15:00+00:00,22411528-3,Dew Point,CURRENT,°C,19.247996353536088
2026-08-19T17:15:00+00:00,22411529-1,Temperature,CURRENT,°C,22.4984814453125
2026-08-19T17:15:00+00:00,22411529-2,RH,CURRENT,%,84.52277409018082
2026-08-19T17:15:00+00:00,22411529-3,Dew Point,CURRENT,°C,19.784856933235215
2026-08-19T17:15:00+00:00,22411530-1,Temperature,CURRENT,°C,22.28397949218749
2026-08-19T17:15:00+00:00,22411530-2,RH,CURRENT,%,78.05447470817121
2026-08-19T17:15:00+00:00,22411530-3,Dew Point,CURRENT,°C,18.29720356080409
2026-08-19T17:16:00+00:00,22411541-S,Battery,CURRENT,V,8.642156982421875
2026-08-19T17:20:00+00:00,22411189-1,Temperature,CURRENT,°C,23.034736328125
2026-08-19T17:20:00+00:00,22411189-2,RH,CURRENT,%,78.47562371252003
2026-08-19T17:20:00+00:00,22411189-3,Dew Point,CURRENT,°C,19.112489950604846
2026-08-19T17:20:00+00:00,22411190-1,Temperature,CURRENT,°C,22.991835937499992
2026-08-19T17:20:00+00:00,22411190-2,RH,CURRENT,%,76.49805447470817
2026-08-19T17:20:00+00:00,22411190-3,Dew Point,CURRENT,°C,18.66155129008864
2026-08-19T17:20:00+00:00,22411191-1,Temperature,CURRENT,°C,22.648632812500004
2026-08-19T17:20:00+00:00,22411191-2,RH,CURRENT,%,79.15312428473335
2026-08-19T17:20:00+00:00,22411191-3,Dew Point,CURRENT,°C,18.875180027067863
2026-08-19T17:20:00+00:00,22411525-1,Temperature,CURRENT,°C,22.4984814453125
2026-08-19T17:20:00+00:00,22411525-2,RH,CURRENT,%,78.51987487602045
2026-08-19T17:20:00+00:00,22411525-3,Dew Point,CURRENT,°C,18.60055049089712
2026-08-19T17:20:00+00:00,22411526-1,Temperature,CURRENT,°C,23.335039062499995
2026-08-19T17:20:00+00:00,22411526-2,RH,CURRENT,%,75.87548638132296
2026-08-19T17:20:00+00:00,22411526-3,Dew Point,CURRENT,°C,18.862789654530786
2026-08-19T17:20:00+00:00,22411527-1,Temperature,CURRENT,°C,22.519931640624996
2026-08-19T17:20:00+00:00,22411527-2,RH,CURRENT,%,78.87388418402381
2026-08-19T17:20:00+00:00,22411527-3,Dew Point,CURRENT,°C,18.6934065325399
2026-08-19T17:20:00+00:00,22411528-1,Temperature,CURRENT,°C,23.292138671875
2026-08-19T17:20:00+00:00,22411528-2,RH,CURRENT,%,77.54482337682154
2026-08-19T17:20:00+00:00,22411528-3,Dew Point,CURRENT,°C,19.170610337290917
2026-08-19T17:20:00+00:00,22411529-1,Temperature,CURRENT,°C,22.841684570312502
2026-08-19T17:20:00+00:00,22411529-2,RH,CURRENT,%,82.87327382314794
2026-08-19T17:20:00+00:00,22411529-3,Dew Point,CURRENT,°C,19.802655043781012
2026-08-19T17:20:00+00:00,22411530-1,Temperature,CURRENT,°C,22.648632812500004
2026-08-19T17:20:00+00:00,22411530-2,RH,CURRENT,%,77.9385061417563
2026-08-19T17:20:00+00:00,22411530-3,Dew Point,CURRENT,°C,18.62743110325844
2026-08-19T17:21:00+00:00,22411541-S,Battery,CURRENT,V,8.642156982421875
2026-08-19T17:25:00+00:00,22411189-1,Temperature,CURRENT,°C,23.227788085937497
2026-08-19T17:25:00+00:00,22411189-2,RH,CURRENT,%,76.58960860608835
2026-08-19T17:25:00+00:00,22411189-3,Dew Point,CURRENT,°C,18.90921878975897
2026-08-19T17:25:00+00:00,22411190-1,Temperature,CURRENT,°C,23.206337890625
2026-08-19T17:25:00+00:00,22411190-2,RH,CURRENT,%,74.56931410696575
2026-08-19T17:25:00+00:00,22411190-3,Dew Point,CURRENT,°C,18.46042629006145
2026-08-19T17:25:00+00:00,22411191-1,Temperature,CURRENT,°C,22.7558837890625
2026-08-19T17:25:00+00:00,22411191-2,RH,CURRENT,%,77.18318455786984
2026-08-19T17:25:00+00:00,22411191-3,Dew Point,CURRENT,°C,18.57563374860043
2026-08-19T17:25:00+00:00,22411525-1,Temperature,CURRENT,°C,22.605732421874997
2026-08-19T17:25:00+00:00,22411525-2,RH,CURRENT,%,75.7976653696498
2026-08-19T17:25:00+00:00,22411525-3,Dew Point,CURRENT,°C,18.14091479424018
2026-08-19T17:25:00+00:00,22411526-1,Temperature,CURRENT,°C,23.549541015625003
2026-08-19T17:25:00+00:00,22411526-2,RH,CURRENT,%,75.54436560616465
2026-08-19T17:25:00+00:00,22411526-3,Dew Point,CURRENT,°C,19.000056756246334
2026-08-19T17:25:00+00:00,22411527-1,Temperature,CURRENT,°C,22.627182617187493
2026-08-19T17:25:00+00:00,22411527-2,RH,CURRENT,%,75.86022735942626
2026-08-19T17:25:00+00:00,22411527-3,Dew Point,CURRENT,°C,18.174821317608405
2026-08-19T17:25:00+00:00,22411528-1,Temperature,CURRENT,°C,23.4851904296875
2026-08-19T17:25:00+00:00,22411528-2,RH,CURRENT,%,78.16891737239644
2026-08-19T17:25:00+00:00,22411528-3,Dew Point,CURRENT,°C,19.486957963484745
2026-08-19T17:25:00+00:00,22411529-1,Temperature,CURRENT,°C,23.206337890625
2026-08-19T17:25:00+00:00,22411529-2,RH,CURRENT,%,82.06301976043336
2026-08-19T17:25:00+00:00,22411529-3,Dew Point,CURRENT,°C,20.00028369984952
2026-08-19T17:25:00+00:00,22411530-1,Temperature,CURRENT,°C,22.777333984374998
2026-08-19T17:25:00+00:00,22411530-2,RH,CURRENT,%,76.09826810101472
2026-08-19T17:25:00+00:00,22411530-3,Dew Point,CURRENT,°C,18.37010941311825
2026-08-19T17:26:00+00:00,22411541-S,Battery,CURRENT,V,8.655079833984376
2026-08-19T17:30:00+00:00,22411189-1,Temperature,CURRENT,°C,23.377939453125002
2026-08-19T17:30:00+00:00,22411189-2,RH,CURRENT,%,77.81185626001373
2026-08-19T17:30:00+00:00,22411189-3,Dew Point,CURRENT,°C,19.30913655067857
2026-08-19T17:30:00+00:00,22411190-1,Temperature,CURRENT,°C,23.313588867187498
2026-08-19T17:30:00+00:00,22411190-2,RH,CURRENT,%,75.4665445944915
2026-08-19T17:30:00+00:00,22411190-3,Dew Point,CURRENT,°C,18.755427874656714
2026-08-19T17:30:00+00:00,22411191-1,Temperature,CURRENT,°C,22.927485351562503
2026-08-19T17:30:00+00:00,22411191-2,RH,CURRENT,%,77.20302128633554
2026-08-19T17:30:00+00:00,22411191-3,Dew Point,CURRENT,°C,18.746110608133844
2026-08-19T17:30:00+00:00,22411525-1,Temperature,CURRENT,°C,22.777333984374998
2026-08-19T17:30:00+00:00,22411525-2,RH,CURRENT,%,76.04333562218662
2026-08-19T17:30:00+00:00,22411525-3,Dew Point,CURRENT,°C,18.35857524929269
2026-08-19T17:30:00+00:00,22411526-1,Temperature,CURRENT,°C,23.678242187499997
2026-08-19T17:30:00+00:00,22411526-2,RH,CURRENT,%,75.46807049668116
2026-08-19T17:30:00+00:00,22411526-3,Dew Point,CURRENT,°C,19.108245708593635
2026-08-19T17:30:00+00:00,22411527-1,Temperature,CURRENT,°C,22.82023437499999
2026-08-19T17:30:00+00:00,22411527-2,RH,CURRENT,%,76.40650034332799
2026-08-19T17:30:00+00:00,22411527-3,Dew Point,CURRENT,°C,18.476231821868275
2026-08-19T17:30:00+00:00,22411528-1,Temperature,CURRENT,°C,23.549541015625003
2026-08-19T17:30:00+00:00,22411528-2,RH,CURRENT,%,77.58144502937361
2026-08-19T17:30:00+00:00,22411528-3,Dew Point,CURRENT,°C,19.427882583991043
2026-08-19T17:30:00+00:00,22411529-1,Temperature,CURRENT,°C,23.35648925781249
2026-08-19T17:30:00+00:00,22411529-2,RH,CURRENT,%,82.31631952391852
2026-08-19T17:30:00+00:00,22411529-3,Dew Point,CURRENT,°C,20.196886879928954
2026-08-19T17:30:00+00:00,22411530-1,Temperature,CURRENT,°C,22.927485351562503
2026-08-19T17:30:00+00:00,22411530-2,RH,CURRENT,%,76.50720988784619
2026-08-19T17:30:00+00:00,22411530-3,Dew Point,CURRENT,°C,18.601151642342966
2026-08-19T17:31:00+00:00,22411541-S,Battery,CURRENT,V,8.658310546875
2026-08-19T17:35:00+00:00,22411189-1,Temperature,CURRENT,°C,24.407548828124995
2026-08-19T17:35:00+00:00,22411189-2,RH,CURRENT,%,75.06065461203937
2026-08-19T17:35:00+00:00,22411189-3,Dew Point,CURRENT,°C,19.725767910199444
2026-08-19T17:35:00+00:00,22411190-1,Temperature,CURRENT,°C,24.27884765625
2026-08-19T17:35:00+00:00,22411190-2,RH,CURRENT,%,72.74280918593118
2026-08-19T17:35:00+00:00,22411190-3,Dew Point,CURRENT,°C,19.09659387668937
2026-08-19T17:35:00+00:00,22411191-1,Temperature,CURRENT,°C,23.97854492187499
2026-08-19T17:35:00+00:00,22411191-2,RH,CURRENT,%,74.28091859311819
2026-08-19T17:35:00+00:00,22411191-3,Dew Point,CURRENT,°C,19.143471164326417
2026-08-19T17:35:00+00:00,22411525-1,Temperature,CURRENT,°C,23.764042968749997
2026-08-19T17:35:00+00:00,22411525-2,RH,CURRENT,%,73.17311360341802
2026-08-19T17:35:00+00:00,22411525-3,Dew Point,CURRENT,°C,18.695691099432075
2026-08-19T17:35:00+00:00,22411526-1,Temperature,CURRENT,°C,24.707851562500004
2026-08-19T17:35:00+00:00,22411526-2,RH,CURRENT,%,73.69954985885404
2026-08-19T17:35:00+00:00,22411526-3,Dew Point,CURRENT,°C,19.720080164234346
2026-08-19T17:35:00+00:00,22411527-1,Temperature,CURRENT,°C,23.785493164062494
2026-08-19T17:35:00+00:00,22411527-2,RH,CURRENT,%,73.29518577859159
2026-08-19T17:35:00+00:00,22411527-3,Dew Point,CURRENT,°C,18.743045660218264
2026-08-19T17:35:00+00:00,22411528-1,Temperature,CURRENT,°C,24.8151025390625
2026-08-19T17:35:00+00:00,22411528-2,RH,CURRENT,%,75.77325093461509
2026-08-19T17:35:00+00:00,22411528-3,Dew Point,CURRENT,°C,20.27249341169802
2026-08-19T17:35:00+00:00,22411529-1,Temperature,CURRENT,°C,24.214497070312497
2026-08-19T17:35:00+00:00,22411529-2,RH,CURRENT,%,81.93026626993209
2026-08-19T17:35:00+00:00,22411529-3,Dew Point,CURRENT,°C,20.958705177808177
2026-08-19T17:35:00+00:00,22411530-1,Temperature,CURRENT,°C,23.97854492187499
2026-08-19T17:35:00+00:00,22411530-2,RH,CURRENT,%,73.38826581216144
2026-08-19T17:35:00+00:00,22411530-3,Dew Point,CURRENT,°C,18.949331925421347
2026-08-19T17:36:00+00:00,22411541-S,Battery,CURRENT,V,8.648618408203125
2026-08-19T17:40:00+00:00,22411189-1,Temperature,CURRENT,°C,23.97854492187499
2026-08-19T17:40:00+00:00,22411189-2,RH,CURRENT,%,74.4960708018616
2026-08-19T17:40:00+00:00,22411189-3,Dew Point,CURRENT,°C,19.189958288698
2026-08-19T17:40:00+00:00,22411190-1,Temperature,CURRENT,°C,23.93564453125
2026-08-19T17:40:00+00:00,22411190-2,RH,CURRENT,%,72.36743724727245
2026-08-19T17:40:00+00:00,22411190-3,Dew Point,CURRENT,°C,18.68351716094396
2026-08-19T17:40:00+00:00,22411191-1,Temperature,CURRENT,°C,23.635341796875004
2026-08-19T17:40:00+00:00,22411191-2,RH,CURRENT,%,74.32974746318762
2026-08-19T17:40:00+00:00,22411191-3,Dew Point,CURRENT,°C,18.82291702130796
2026-08-19T17:40:00+00:00,22411525-1,Temperature,CURRENT,°C,23.463740234375003
2026-08-19T17:40:00+00:00,22411525-2,RH,CURRENT,%,73.24025329976348
2026-08-19T17:40:00+00:00,22411525-3,Dew Point,CURRENT,°C,18.421179258968586
2026-08-19T17:40:00+00:00,22411526-1,Temperature,CURRENT,°C,24.42899902343749
2026-08-19T17:40:00+00:00,22411526-2,RH,CURRENT,%,73.01747158007171
2026-08-19T17:40:00+00:00,22411526-3,Dew Point,CURRENT,°C,19.301677217714683
2026-08-19T17:40:00+00:00,22411527-1,Temperature,CURRENT,°C,23.463740234375003
2026-08-19T17:40:00+00:00,22411527-2,RH,CURRENT,%,73.4706645304036
2026-08-19T17:40:00+00:00,22411527-3,Dew Point,CURRENT,°C,18.471381643716942
2026-08-19T17:40:00+00:00,22411528-1,Temperature,CURRENT,°C,24.493349609374995
2026-08-19T17:40:00+00:00,22411528-2,RH,CURRENT,%,74.61051346608683
2026-08-19T17:40:00+00:00,22411528-3,Dew Point,CURRENT,°C,19.711513995910764
2026-08-19T17:40:00+00:00,22411529-1,Temperature,CURRENT,°C,24.214497070312497
2026-08-19T17:40:00+00:00,22411529-2,RH,CURRENT,%,80.06713969634546
2026-08-19T17:40:00+00:00,22411529-3,Dew Point,CURRENT,°C,20.58434873111781
2026-08-19T17:40:00+00:00,22411530-1,Temperature,CURRENT,°C,23.613891601562493
2026-08-19T17:40:00+00:00,22411530-2,RH,CURRENT,%,73.06782635233081
2026-08-19T17:40:00+00:00,22411530-3,Dew Point,CURRENT,°C,18.52807890670533
2026-08-19T17:41:00+00:00,22411541-S,Battery,CURRENT,V,8.658310546875
2026-08-19T17:45:00+00:00,22411189-1,Temperature,CURRENT,°C,24.343198242187505
2026-08-19T17:45:00+00:00,22411189-2,RH,CURRENT,%,74.3755245288777
2026-08-19T17:45:00+00:00,22411189-3,Dew Point,CURRENT,°C,19.51574557987914
2026-08-19T17:45:00+00:00,22411190-1,Temperature,CURRENT,°C,24.257397460937504
2026-08-19T17:45:00+00:00,22411190-2,RH,CURRENT,%,72.86640726329442
2026-08-19T17:45:00+00:00,22411190-3,Dew Point,CURRENT,°C,19.103226357060123
2026-08-19T17:45:00+00:00,22411191-1,Temperature,CURRENT,°C,24.042895507812496
2026-08-19T17:45:00+00:00,22411191-2,RH,CURRENT,%,75.84649423971923
2026-08-19T17:45:00+00:00,22411191-3,Dew Point,CURRENT,°C,19.54132507878601
2026-08-19T17:45:00+00:00,22411525-1,Temperature,CURRENT,°C,23.871293945312495
2026-08-19T17:45:00+00:00,22411525-2,RH,CURRENT,%,74.33890287632563
2026-08-19T17:45:00+00:00,22411525-3,Dew Point,CURRENT,°C,19.052537983900493
2026-08-19T17:45:00+00:00,22411526-1,Temperature,CURRENT,°C,24.793652343750004
2026-08-19T17:45:00+00:00,22411526-2,RH,CURRENT,%,71.72198062104219
2026-08-19T17:45:00+00:00,22411526-3,Dew Point,CURRENT,°C,19.364168179116025
2026-08-19T17:45:00+00:00,22411527-1,Temperature,CURRENT,°C,23.871293945312495
2026-08-19T17:45:00+00:00,22411527-2,RH,CURRENT,%,74.66392004272527
2026-08-19T17:45:00+00:00,22411527-3,Dew Point,CURRENT,°C,19.122613640643863
2026-08-19T17:45:00+00:00,22411528-1,Temperature,CURRENT,°C,24.9009033203125
2026-08-19T17:45:00+00:00,22411528-2,RH,CURRENT,%,73.33791103990234
2026-08-19T17:45:00+00:00,22411528-3,Dew Point,CURRENT,°C,19.826613107842626
2026-08-19T17:45:00+00:00,22411529-1,Temperature,CURRENT,°C,24.42899902343749
2026-08-19T17:45:00+00:00,22411529-2,RH,CURRENT,%,79.54680704966812
2026-08-19T17:45:00+00:00,22411529-3,Dew Point,CURRENT,°C,20.687140488462855
2026-08-19T17:45:00+00:00,22411530-1,Temperature,CURRENT,°C,24.042895507812496
2026-08-19T17:45:00+00:00,22411530-2,RH,CURRENT,%,74.21683070115206
2026-08-19T17:45:00+00:00,22411530-3,Dew Point,CURRENT,°C,19.191671563778307
2026-08-19T17:46:00+00:00,22411541-S,Battery,CURRENT,V,8.655079833984376
2026-08-19T17:50:00+00:00,22411189-1,Temperature,CURRENT,°C,25.072504882812503
2026-08-19T17:50:00+00:00,22411189-2,RH,CURRENT,%,75.40398260471504
2026-08-19T17:50:00+00:00,22411189-3,Dew Point,CURRENT,°C,20.44206434757852
2026-08-19T17:50:00+00:00,22411190-1,Temperature,CURRENT,°C,25.05105468749999
2026-08-19T17:50:00+00:00,22411190-2,RH,CURRENT,%,73.83077744716563
2026-08-19T17:50:00+00:00,22411190-3,Dew Point,CURRENT,°C,20.07958442187663
2026-08-19T17:50:00+00:00,22411191-1,Temperature,CURRENT,°C,24.858002929687494
2026-08-19T17:50:00+00:00,22411191-2,RH,CURRENT,%,75.06828412298772
2026-08-19T17:50:00+00:00,22411191-3,Dew Point,CURRENT,°C,20.16248504350904
2026-08-19T17:50:00+00:00,22411525-1,Temperature,CURRENT,°C,24.6435009765625
2026-08-19T17:50:00+00:00,22411525-2,RH,CURRENT,%,74.41367208361945
2026-08-19T17:50:00+00:00,22411525-3,Dew Point,CURRENT,°C,19.81374800691427
2026-08-19T17:50:00+00:00,22411526-1,Temperature,CURRENT,°C,25.651660156249996
2026-08-19T17:50:00+00:00,22411526-2,RH,CURRENT,%,73.03883421072709
2026-08-19T17:50:00+00:00,22411526-3,Dew Point,CURRENT,°C,20.4831810305524
2026-08-19T17:50:00+00:00,22411527-1,Temperature,CURRENT,°C,24.664951171874996
2026-08-19T17:50:00+00:00,22411527-2,RH,CURRENT,%,74.90196078431373
2026-08-19T17:50:00+00:00,22411527-3,Dew Point,CURRENT,°C,19.940156131503354
2026-08-19T17:50:00+00:00,22411528-1,Temperature,CURRENT,°C,25.758911132812493
2026-08-19T17:50:00+00:00,22411528-2,RH,CURRENT,%,73.79873350118257
2026-08-19T17:50:00+00:00,22411528-3,Dew Point,CURRENT,°C,20.75471061666645
2026-08-19T17:50:00+00:00,22411529-1,Temperature,CURRENT,°C,25.072504882812503
2026-08-19T17:50:00+00:00,22411529-2,RH,CURRENT,%,78.4069581139849
2026-08-19T17:50:00+00:00,22411529-3,Dew Point,CURRENT,°C,21.077558883532443
2026-08-19T17:50:00+00:00,22411530-1,Temperature,CURRENT,°C,24.836552734374997
2026-08-19T17:50:00+00:00,22411530-2,RH,CURRENT,%,75.02250705729763
2026-08-19T17:50:00+00:00,22411530-3,Dew Point,CURRENT,°C,20.13188924560346
2026-08-19T17:51:00+00:00,22411541-S,Battery,CURRENT,V,8.658310546875
2026-08-19T17:55:00+00:00,22411189-1,Temperature,CURRENT,°C,25.136855468749992
2026-08-19T17:55:00+00:00,22411189-2,RH,CURRENT,%,72.96711680781262
2026-08-19T17:55:00+00:00,22411189-3,Dew Point,CURRENT,°C,19.97182406799443
2026-08-19T17:55:00+00:00,22411190-1,Temperature,CURRENT,°C,25.072504882812503
2026-08-19T17:55:00+00:00,22411190-2,RH,CURRENT,%,71.08415350576028
2026-08-19T17:55:00+00:00,22411190-3,Dew Point,CURRENT,°C,19.48793753094807
2026-08-19T17:55:00+00:00,22411191-1,Temperature,CURRENT,°C,24.8151025390625
2026-08-19T17:55:00+00:00,22411191-2,RH,CURRENT,%,72.90608072022583
2026-08-19T17:55:00+00:00,22411191-3,Dew Point,CURRENT,°C,19.64867421549206
2026-08-19T17:55:00+00:00,22411525-1,Temperature,CURRENT,°C,24.622050781250003
2026-08-19T17:55:00+00:00,22411525-2,RH,CURRENT,%,71.9127183947509
2026-08-19T17:55:00+00:00,22411525-3,Dew Point,CURRENT,°C,19.242076808738172
2026-08-19T17:55:00+00:00,22411526-1,Temperature,CURRENT,°C,25.866162109375004
2026-08-19T17:55:00+00:00,22411526-2,RH,CURRENT,%,70.18692301823454
2026-08-19T17:55:00+00:00,22411526-3,Dew Point,CURRENT,°C,20.043451934358302
2026-08-19T17:55:00+00:00,22411527-1,Temperature,CURRENT,°C,24.622050781250003
2026-08-19T17:55:00+00:00,22411527-2,RH,CURRENT,%,72.24689097428855
2026-08-19T17:55:00+00:00,22411527-3,Dew Point,CURRENT,°C,19.316658318879394
2026-08-19T17:55:00+00:00,22411528-1,Temperature,CURRENT,°C,25.994863281249998
2026-08-19T17:55:00+00:00,22411528-2,RH,CURRENT,%,71.49156939040208
2026-08-19T17:55:00+00:00,22411528-3,Dew Point,CURRENT,°C,20.465366351692612
2026-08-19T17:55:00+00:00,22411529-1,Temperature,CURRENT,°C,25.608759765625003
2026-08-19T17:55:00+00:00,22411529-2,RH,CURRENT,%,76.60334172579537
2026-08-19T17:55:00+00:00,22411529-3,Dew Point,CURRENT,°C,21.217702185579423
2026-08-19T17:55:00+00:00,22411530-1,Temperature,CURRENT,°C,24.793652343750004
2026-08-19T17:55:00+00:00,22411530-2,RH,CURRENT,%,71.80895704585336
2026-08-19T17:55:00+00:00,22411530-3,Dew Point,CURRENT,°C,19.383679146932494
2026-08-19T17:56:00+00:00,22411541-S,Battery,CURRENT,V,8.655079833984376
2026-08-19T18:00:00+00:00,22411189-1,Temperature,CURRENT,°C,25.201206054687496
2026-08-19T18:00:00+00:00,22411189-2,RH,CURRENT,%,71.18486305027848
2026-08-19T18:00:00+00:00,22411189-3,Dew Point,CURRENT,°C,19.634224503155533
2026-08-19T18:00:00+00:00,22411190-1,Temperature,CURRENT,°C,25.179755859375
2026-08-19T18:00:00+00:00,22411190-2,RH,CURRENT,%,69.48805981536583
2026-08-19T18:00:00+00:00,22411190-3,Dew Point,CURRENT,°C,19.225121675651586
2026-08-19T18:00:00+00:00,22411191-1,Temperature,CURRENT,°C,24.922353515624998
2026-08-19T18:00:00+00:00,22411191-2,RH,CURRENT,%,71.28252079041734
2026-08-19T18:00:00+00:00,22411191-3,Dew Point,CURRENT,°C,19.388768314039595
2026-08-19T18:00:00+00:00,22411525-1,Temperature,CURRENT,°C,24.7293017578125
2026-08-19T18:00:00+00:00,22411525-2,RH,CURRENT,%,70.48142214084078
2026-08-19T18:00:00+00:00,22411525-3,Dew Point,CURRENT,°C,19.02193954633076
2026-08-19T18:00:00+00:00,22411526-1,Temperature,CURRENT,°C,25.866162109375004
2026-08-19T18:00:00+00:00,22411526-2,RH,CURRENT,%,68.378728923476
2026-08-19T18:00:00+00:00,22411526-3,Dew Point,CURRENT,°C,19.62177003531358
2026-08-19T18:00:00+00:00,22411527-1,Temperature,CURRENT,°C,24.686401367187493
2026-08-19T18:00:00+00:00,22411527-2,RH,CURRENT,%,70.78812848096437
2026-08-19T18:00:00+00:00,22411527-3,Dew Point,CURRENT,°C,19.05053881147336
2026-08-19T18:00:00+00:00,22411528-1,Temperature,CURRENT,°C,25.9734130859375
2026-08-19T18:00:00+00:00,22411528-2,RH,CURRENT,%,70.79575799191272
2026-08-19T18:00:00+00:00,22411528-3,Dew Point,CURRENT,°C,20.286109169749746
2026-08-19T18:00:00+00:00,22411529-1,Temperature,CURRENT,°C,25.780361328125004
2026-08-19T18:00:00+00:00,22411529-2,RH,CURRENT,%,75.66796368352789
2026-08-19T18:00:00+00:00,22411529-3,Dew Point,CURRENT,°C,21.18310885109176
2026-08-19T18:00:00+00:00,22411530-1,Temperature,CURRENT,°C,24.922353515624998
2026-08-19T18:00:00+00:00,22411530-2,RH,CURRENT,%,70.18692301823454
2026-08-19T18:00:00+00:00,22411530-3,Dew Point,CURRENT,°C,19.139625144067374
2026-08-19T18:01:00+00:00,22411541-S,Battery,CURRENT,V,8.648618408203125
2026-08-19T18:05:00+00:00,22411189-1,Temperature,CURRENT,°C,25.329907226562504
2026-08-19T18:05:00+00:00,22411189-2,RH,CURRENT,%,70.82017242694744
2026-08-19T18:05:00+00:00,22411189-3,Dew Point,CURRENT,°C,19.674785859296044
2026-08-19T18:05:00+00:00,22411190-1,Temperature,CURRENT,°C,25.222656249999993
2026-08-19T18:05:00+00:00,22411190-2,RH,CURRENT,%,69.36751354238193
2026-08-19T18:05:00+00:00,22411190-3,Dew Point,CURRENT,°C,19.23822904278571
2026-08-19T18:05:00+00:00,22411191-1,Temperature,CURRENT,°C,24.96525390624999
2026-08-19T18:05:00+00:00,22411191-2,RH,CURRENT,%,70.7866025787747
2026-08-19T18:05:00+00:00,22411191-3,Dew Point,CURRENT,°C,19.317542549864324
2026-08-19T18:05:00+00:00,22411525-1,Temperature,CURRENT,°C,24.772202148437493
2026-08-19T18:05:00+00:00,22411525-2,RH,CURRENT,%,69.94125276569771
2026-08-19T18:05:00+00:00,22411525-3,Dew Point,CURRENT,°C,18.939551231515928
2026-08-19T18:05:00+00:00,22411526-1,Temperature,CURRENT,°C,25.951962890625005
2026-08-19T18:05:00+00:00,22411526-2,RH,CURRENT,%,68.45807583733882
2026-08-19T18:05:00+00:00,22411526-3,Dew Point,CURRENT,°C,19.722379812111207
2026-08-19T18:05:00+00:00,22411527-1,Temperature,CURRENT,°C,24.7293017578125
2026-08-19T18:05:00+00:00,22411527-2,RH,CURRENT,%,69.99160753795681
2026-08-19T18:05:00+00:00,22411527-3,Dew Point,CURRENT,°C,18.91002569983656
2026-08-19T18:05:00+00:00,22411528-1,Temperature,CURRENT,°C,26.102114257812495
2026-08-19T18:05:00+00:00,22411528-2,RH,CURRENT,%,69.34157320515754
2026-08-19T18:05:00+00:00,22411528-3,Dew Point,CURRENT,°C,20.073099157474225
2026-08-19T18:05:00+00:00,22411529-1,Temperature,CURRENT,°C,26.016313476562495
2026-08-19T18:05:00+00:00,22411529-2,RH,CURRENT,%,72.84351873044938
2026-08-19T18:05:00+00:00,22411529-3,Dew Point,CURRENT,°C,20.79052193963366
2026-08-19T18:05:00+00:00,22411530-1,Temperature,CURRENT,°C,24.986704101562502
2026-08-19T18:05:00+00:00,22411530-2,RH,CURRENT,%,69.96414129854276
2026-08-19T18:05:00+00:00,22411530-3,Dew Point,CURRENT,°C,19.15015248328161
2026-08-19T18:06:00+00:00,22411541-S,Battery,CURRENT,V,8.63246484375
2026-08-19T18:10:00+00:00,22411189-1,Temperature,CURRENT,°C,24.600600585937492
2026-08-19T18:10:00+00:00,22411189-2,RH,CURRENT,%,72.34760051880674
2026-08-19T18:10:00+00:00,22411189-3,Dew Point,CURRENT,°C,19.31845344080729
2026-08-19T18:10:00+00:00,22411190-1,Temperature,CURRENT,°C,24.600600585937492
2026-08-19T18:10:00+00:00,22411190-2,RH,CURRENT,%,70.34409094377051
2026-08-19T18:10:00+00:00,22411190-3,Dew Point,CURRENT,°C,18.867331842844095
2026-08-19T18:10:00+00:00,22411191-1,Temperature,CURRENT,°C,24.3646484375
2026-08-19T18:10:00+00:00,22411191-2,RH,CURRENT,%,71.39543755245289
2026-08-19T18:10:00+00:00,22411191-3,Dew Point,CURRENT,°C,18.87896612744233
2026-08-19T18:10:00+00:00,22411525-1,Temperature,CURRENT,°C,24.214497070312497
2026-08-19T18:10:00+00:00,22411525-2,RH,CURRENT,%,70.57755397878996
2026-08-19T18:10:00+00:00,22411525-3,Dew Point,CURRENT,°C,18.55040850440976
2026-08-19T18:10:00+00:00,22411526-1,Temperature,CURRENT,°C,25.115405273437496
2026-08-19T18:10:00+00:00,22411526-2,RH,CURRENT,%,69.65133134966048
2026-08-19T18:10:00+00:00,22411526-3,Dew Point,CURRENT,°C,19.20129730075313
2026-08-19T18:10:00+00:00,22411527-1,Temperature,CURRENT,°C,24.171596679687504
2026-08-19T18:10:00+00:00,22411527-2,RH,CURRENT,%,70.97428854810407
2026-08-19T18:10:00+00:00,22411527-3,Dew Point,CURRENT,°C,18.598955920199305
2026-08-19T18:10:00+00:00,22411528-1,Temperature,CURRENT,°C,25.265556640625
2026-08-19T18:10:00+00:00,22411528-2,RH,CURRENT,%,70.91477836270695
2026-08-19T18:10:00+00:00,22411528-3,Dew Point,CURRENT,°C,19.6346240651951
2026-08-19T18:10:00+00:00,22411529-1,Temperature,CURRENT,°C,25.437158203125
2026-08-19T18:10:00+00:00,22411529-2,RH,CURRENT,%,73.10444800488288
2026-08-19T18:10:00+00:00,22411529-3,Dew Point,CURRENT,°C,20.291299329626177
2026-08-19T18:10:00+00:00,22411530-1,Temperature,CURRENT,°C,24.42899902343749
2026-08-19T18:10:00+00:00,22411530-2,RH,CURRENT,%,70.29221026932174
2026-08-19T18:10:00+00:00,22411530-3,Dew Point,CURRENT,°C,18.69111407593012
2026-08-19T18:11:00+00:00,22411541-S,Battery,CURRENT,V,8.63892626953125
2026-08-19T18:15:00+00:00,22411189-1,Temperature,CURRENT,°C,25.179755859375
2026-08-19T18:15:00+00:00,22411189-2,RH,CURRENT,%,69.57808804455634
2026-08-19T18:15:00+00:00,22411189-3,Dew Point,CURRENT,°C,19.24594319216153
2026-08-19T18:15:00+00:00,22411190-1,Temperature,CURRENT,°C,25.072504882812503
2026-08-19T18:15:00+00:00,22411190-2,RH,CURRENT,%,68.19562066071565
2026-08-19T18:15:00+00:00,22411190-3,Dew Point,CURRENT,°C,18.821234962583567
2026-08-19T18:15:00+00:00,22411191-1,Temperature,CURRENT,°C,24.943803710937495
2026-08-19T18:15:00+00:00,22411191-2,RH,CURRENT,%,69.25764858472571
2026-08-19T18:15:00+00:00,22411191-3,Dew Point,CURRENT,°C,18.94613219626498
2026-08-19T18:15:00+00:00,22411525-1,Temperature,CURRENT,°C,24.772202148437493
2026-08-19T18:15:00+00:00,22411525-2,RH,CURRENT,%,68.45197222858015
2026-08-19T18:15:00+00:00,22411525-3,Dew Point,CURRENT,°C,18.59468686925446
2026-08-19T18:15:00+00:00,22411526-1,Temperature,CURRENT,°C,25.673110351562492
2026-08-19T18:15:00+00:00,22411526-2,RH,CURRENT,%,67.87975890745403
2026-08-19T18:15:00+00:00,22411526-3,Dew Point,CURRENT,°C,19.31960215867629
2026-08-19T18:15:00+00:00,22411527-1,Temperature,CURRENT,°C,24.707851562500004
2026-08-19T18:15:00+00:00,22411527-2,RH,CURRENT,%,68.82887006942855
2026-08-19T18:15:00+00:00,22411527-3,Dew Point,CURRENT,°C,18.621097841136642
2026-08-19T18:15:00+00:00,22411528-1,Temperature,CURRENT,°C,25.866162109375004
2026-08-19T18:15:00+00:00,22411528-2,RH,CURRENT,%,69.54757000076295
2026-08-19T18:15:00+00:00,22411528-3,Dew Point,CURRENT,°C,19.89544821496781
2026-08-19T18:15:00+00:00,22411529-1,Temperature,CURRENT,°C,25.8018115234375
2026-08-19T18:15:00+00:00,22411529-2,RH,CURRENT,%,73.37300679026474
2026-08-19T18:15:00+00:00,22411529-3,Dew Point,CURRENT,°C,20.701913174079134
2026-08-19T18:15:00+00:00,22411530-1,Temperature,CURRENT,°C,24.943803710937495
2026-08-19T18:15:00+00:00,22411530-2,RH,CURRENT,%,68.26428625925078
2026-08-19T18:15:00+00:00,22411530-3,Dew Point,CURRENT,°C,18.714538192459003
2026-08-19T18:16:00+00:00,22411541-S,Battery,CURRENT,V,8.61308056640625
2026-08-19T18:20:00+00:00,22411189-1,Temperature,CURRENT,°C,25.9734130859375
2026-08-19T18:20:00+00:00,22411189-2,RH,CURRENT,%,68.59388113221942
2026-08-19T18:20:00+00:00,22411189-3,Dew Point,CURRENT,°C,19.774855445729067
2026-08-19T18:20:00+00:00,22411190-1,Temperature,CURRENT,°C,25.866162109375004
2026-08-19T18:20:00+00:00,22411190-2,RH,CURRENT,%,66.91996643015183
2026-08-19T18:20:00+00:00,22411190-3,Dew Point,CURRENT,°C,19.274409165839884
2026-08-19T18:20:00+00:00,22411191-1,Temperature,CURRENT,°C,25.608759765625003
2026-08-19T18:20:00+00:00,22411191-2,RH,CURRENT,%,68.10101472495613
2026-08-19T18:20:00+00:00,22411191-3,Dew Point,CURRENT,°C,19.310590337062074
2026-08-19T18:20:00+00:00,22411525-1,Temperature,CURRENT,°C,25.394257812499994
2026-08-19T18:20:00+00:00,22411525-2,RH,CURRENT,%,67.01152056153201
2026-08-19T18:20:00+00:00,22411525-3,Dew Point,CURRENT,°C,18.847122063877862
2026-08-19T18:20:00+00:00,22411526-1,Temperature,CURRENT,°C,26.552568359374995
2026-08-19T18:20:00+00:00,22411526-2,RH,CURRENT,%,67.03440909437705
2026-08-19T18:20:00+00:00,22411526-3,Dew Point,CURRENT,°C,19.955355066095578
2026-08-19T18:20:00+00:00,22411527-1,Temperature,CURRENT,°C,25.351357421875
2026-08-19T18:20:00+00:00,22411527-2,RH,CURRENT,%,67.61425192645152
2026-08-19T18:20:00+00:00,22411527-3,Dew Point,CURRENT,°C,18.949872870366278
2026-08-19T18:20:00+00:00,22411528-1,Temperature,CURRENT,°C,26.7885205078125
2026-08-19T18:20:00+00:00,22411528-2,RH,CURRENT,%,68.25513084611276
2026-08-19T18:20:00+00:00,22411528-3,Dew Point,CURRENT,°C,20.47264484327763
2026-08-19T18:20:00+00:00,22411529-1,Temperature,CURRENT,°C,26.7885205078125
2026-08-19T18:20:00+00:00,22411529-2,RH,CURRENT,%,72.1187151903563
2026-08-19T18:20:00+00:00,22411529-3,Dew Point,CURRENT,°C,21.369758612797018
2026-08-19T18:20:00+00:00,22411530-1,Temperature,CURRENT,°C,25.608759765625003
2026-08-19T18:20:00+00:00,22411530-2,RH,CURRENT,%,67.03440909437705
2026-08-19T18:20:00+00:00,22411530-3,Dew Point,CURRENT,°C,19.056830208801628
2026-08-19T18:21:00+00:00,22411541-S,Battery,CURRENT,V,8.61308056640625
2026-08-19T18:25:00+00:00,22411189-1,Temperature,CURRENT,°C,25.994863281249998
2026-08-19T18:25:00+00:00,22411189-2,RH,CURRENT,%,69.23018234531166
2026-08-19T18:25:00+00:00,22411189-3,Dew Point,CURRENT,°C,19.94455949921341
2026-08-19T18:25:00+00:00,22411190-1,Temperature,CURRENT,°C,25.866162109375004
2026-08-19T18:25:00+00:00,22411190-2,RH,CURRENT,%,67.74395361257343
2026-08-19T18:25:00+00:00,22411190-3,Dew Point,CURRENT,°C,19.471421711846393
2026-08-19T18:25:00+00:00,22411191-1,Temperature,CURRENT,°C,25.5444091796875
2026-08-19T18:25:00+00:00,22411191-2,RH,CURRENT,%,69.17677576867322
2026-08-19T18:25:00+00:00,22411191-3,Dew Point,CURRENT,°C,19.50152036483187
2026-08-19T18:25:00+00:00,22411525-1,Temperature,CURRENT,°C,25.329907226562504
2026-08-19T18:25:00+00:00,22411525-2,RH,CURRENT,%,68.35736629282063
2026-08-19T18:25:00+00:00,22411525-3,Dew Point,CURRENT,°C,19.104907185242922
2026-08-19T18:25:00+00:00,22411526-1,Temperature,CURRENT,°C,26.638369140624995
2026-08-19T18:25:00+00:00,22411526-2,RH,CURRENT,%,66.83299000534066
2026-08-19T18:25:00+00:00,22411526-3,Dew Point,CURRENT,°C,19.988345086601072
2026-08-19T18:25:00+00:00,22411527-1,Temperature,CURRENT,°C,25.287006835937497
2026-08-19T18:25:00+00:00,22411527-2,RH,CURRENT,%,68.6350804913405
2026-08-19T18:25:00+00:00,22411527-3,Dew Point,CURRENT,°C,19.129090085072686
2026-08-19T18:25:00+00:00,22411528-1,Temperature,CURRENT,°C,26.767070312500003
2026-08-19T18:25:00+00:00,22411528-2,RH,CURRENT,%,68.45349813076982
2026-08-19T18:25:00+00:00,22411528-3,Dew Point,CURRENT,°C,20.49930089210074
2026-08-19T18:25:00+00:00,22411529-1,Temperature,CURRENT,°C,27.088823242187495
2026-08-19T18:25:00+00:00,22411529-2,RH,CURRENT,%,71.52513923857481
2026-08-19T18:25:00+00:00,22411529-3,Dew Point,CURRENT,°C,21.52289708816
2026-08-19T18:25:00+00:00,22411530-1,Temperature,CURRENT,°C,25.565859374999995
2026-08-19T18:25:00+00:00,22411530-2,RH,CURRENT,%,68.2230869001297
2026-08-19T18:25:00+00:00,22411530-3,Dew Point,CURRENT,°C,19.298475007010865
2026-08-19T18:26:00+00:00,22411541-S,Battery,CURRENT,V,8.61308056640625
2026-08-19T18:30:00+00:00,22411189-1,Temperature,CURRENT,°C,26.03776367187499
2026-08-19T18:30:00+00:00,22411189-2,RH,CURRENT,%,67.49523155565728
2026-08-19T18:30:00+00:00,22411189-3,Dew Point,CURRENT,°C,19.575687441479197
2026-08-19T18:30:00+00:00,22411190-1,Temperature,CURRENT,°C,25.8876123046875
2026-08-19T18:30:00+00:00,22411190-2,RH,CURRENT,%,66.18600747692074
2026-08-19T18:30:00+00:00,22411190-3,Dew Point,CURRENT,°C,19.117516162661122
2026-08-19T18:30:00+00:00,22411191-1,Temperature,CURRENT,°C,25.6302099609375
2026-08-19T18:30:00+00:00,22411191-2,RH,CURRENT,%,67.13359273670558
2026-08-19T18:30:00+00:00,22411191-3,Dew Point,CURRENT,°C,19.10100234200427
2026-08-19T18:30:00+00:00,22411525-1,Temperature,CURRENT,°C,25.458608398437498
2026-08-19T18:30:00+00:00,22411525-2,RH,CURRENT,%,66.52170595864806
2026-08-19T18:30:00+00:00,22411525-3,Dew Point,CURRENT,°C,18.790766789333116
2026-08-19T18:30:00+00:00,22411526-1,Temperature,CURRENT,°C,26.7027197265625
2026-08-19T18:30:00+00:00,22411526-2,RH,CURRENT,%,64.81269550621805
2026-08-19T18:30:00+00:00,22411526-3,Dew Point,CURRENT,°C,19.553775796171664
2026-08-19T18:30:00+00:00,22411527-1,Temperature,CURRENT,°C,25.394257812499994
2026-08-19T18:30:00+00:00,22411527-2,RH,CURRENT,%,67.11070420386054
2026-08-19T18:30:00+00:00,22411527-3,Dew Point,CURRENT,°C,18.870836920273824
2026-08-19T18:30:00+00:00,22411528-1,Temperature,CURRENT,°C,26.895771484374997
2026-08-19T18:30:00+00:00,22411528-2,RH,CURRENT,%,65.32692454413672
2026-08-19T18:30:00+00:00,22411528-3,Dew Point,CURRENT,°C,19.86441157488772
2026-08-19T18:30:00+00:00,22411529-1,Temperature,CURRENT,°C,27.582177734375
2026-08-19T18:30:00+00:00,22411529-2,RH,CURRENT,%,66.60257877470055
2026-08-19T18:30:00+00:00,22411529-3,Dew Point,CURRENT,°C,20.83011214310573
2026-08-19T18:30:00+00:00,22411530-1,Temperature,CURRENT,°C,25.673110351562492
2026-08-19T18:30:00+00:00,22411530-2,RH,CURRENT,%,66.14480811779966
2026-08-19T18:30:00+00:00,22411530-3,Dew Point,CURRENT,°C,18.9036314676302
2026-08-19T18:31:00+00:00,22411541-S,Battery,CURRENT,V,8.603388427734375
2026-08-19T18:35:00+00:00,22411189-1,Temperature,CURRENT,°C,26.33806640625
2026-08-19T18:35:00+00:00,22411189-2,RH,CURRENT,%,68.55420767528801
2026-08-19T18:35:00+00:00,22411189-3,Dew Point,CURRENT,°C,20.11364272481911
2026-08-19T18:35:00+00:00,22411190-1,Temperature,CURRENT,°C,26.145014648437503
2026-08-19T18:35:00+00:00,22411190-2,RH,CURRENT,%,67.22667277027543
2026-08-19T18:35:00+00:00,22411190-3,Dew Point,CURRENT,°C,19.61356059933243
2026-08-19T18:35:00+00:00,22411191-1,Temperature,CURRENT,°C,25.994863281249998
2026-08-19T18:35:00+00:00,22411191-2,RH,CURRENT,%,68.3939879453727
2026-08-19T18:35:00+00:00,22411191-3,Dew Point,CURRENT,°C,19.748207461926345
2026-08-19T18:35:00+00:00,22411525-1,Temperature,CURRENT,°C,25.780361328125004
2026-08-19T18:35:00+00:00,22411525-2,RH,CURRENT,%,67.32280460822462
2026-08-19T18:35:00+00:00,22411525-3,Dew Point,CURRENT,°C,19.28925792134387
2026-08-19T18:35:00+00:00,22411526-1,Temperature,CURRENT,°C,27.003022460937494
2026-08-19T18:35:00+00:00,22411526-2,RH,CURRENT,%,65.61379415579461
2026-08-19T18:35:00+00:00,22411526-3,Dew Point,CURRENT,°C,20.03705394695381
2026-08-19T18:35:00+00:00,22411527-1,Temperature,CURRENT,°C,25.758911132812493
2026-08-19T18:35:00+00:00,22411527-2,RH,CURRENT,%,67.2632944228275
2026-08-19T18:35:00+00:00,22411527-3,Dew Point,CURRENT,°C,19.25460028963715
2026-08-19T18:35:00+00:00,22411528-1,Temperature,CURRENT,°C,27.303325195312503
2026-08-19T18:35:00+00:00,22411528-2,RH,CURRENT,%,66.52018005645839
2026-08-19T18:35:00+00:00,22411528-3,Dew Point,CURRENT,°C,20.544810985501698
2026-08-19T18:35:00+00:00,22411529-1,Temperature,CURRENT,°C,28.161333007812495
2026-08-19T18:35:00+00:00,22411529-2,RH,CURRENT,%,68.10559243152514
2026-08-19T18:35:00+00:00,22411529-3,Dew Point,CURRENT,°C,21.74624883963559
2026-08-19T18:35:00+00:00,22411530-1,Temperature,CURRENT,°C,25.994863281249998
2026-08-19T18:35:00+00:00,22411530-2,RH,CURRENT,%,67.31670099946594
2026-08-19T18:35:00+00:00,22411530-3,Dew Point,CURRENT,°C,19.492124502239925
2026-08-19T18:36:00+00:00,22411541-S,Battery,CURRENT,V,8.606619140625
2026-08-19T18:40:00+00:00,22411189-1,Temperature,CURRENT,°C,26.6169189453125
2026-08-19T18:40:00+00:00,22411189-2,RH,CURRENT,%,68.20935378042267
2026-08-19T18:40:00+00:00,22411189-3,Dew Point,CURRENT,°C,20.298046263876213
2026-08-19T18:40:00+00:00,22411190-1,Temperature,CURRENT,°C,26.273715820312496
2026-08-19T18:40:00+00:00,22411190-2,RH,CURRENT,%,67.35484855420768
2026-08-19T18:40:00+00:00,22411190-3,Dew Point,CURRENT,°C,19.76688288970207
2026-08-19T18:40:00+00:00,22411191-1,Temperature,CURRENT,°C,26.0806640625
2026-08-19T18:40:00+00:00,22411191-2,RH,CURRENT,%,68.38025482566567
2026-08-19T18:40:00+00:00,22411191-3,Dew Point,CURRENT,°C,19.82685378266087
2026-08-19T18:40:00+00:00,22411525-1,Temperature,CURRENT,°C,25.866162109375004
2026-08-19T18:40:00+00:00,22411525-2,RH,CURRENT,%,67.28618295567254
2026-08-19T18:40:00+00:00,22411525-3,Dew Point,CURRENT,°C,19.362230782215946
2026-08-19T18:40:00+00:00,22411526-1,Temperature,CURRENT,°C,27.324775390625
2026-08-19T18:40:00+00:00,22411526-2,RH,CURRENT,%,66.8558785381857
2026-08-19T18:40:00+00:00,22411526-3,Dew Point,CURRENT,°C,20.647025348634248
2026-08-19T18:40:00+00:00,22411527-1,Temperature,CURRENT,°C,25.844711914062493
2026-08-19T18:40:00+00:00,22411527-2,RH,CURRENT,%,67.47692072938125
2026-08-19T18:40:00+00:00,22411527-3,Dew Point,CURRENT,°C,19.387367001809455
2026-08-19T18:40:00+00:00,22411528-1,Temperature,CURRENT,°C,27.582177734375
2026-08-19T18:40:00+00:00,22411528-2,RH,CURRENT,%,67.64782177462425
2026-08-19T18:40:00+00:00,22411528-3,Dew Point,CURRENT,°C,21.083896888652262
2026-08-19T18:40:00+00:00,22411529-1,Temperature,CURRENT,°C,28.8477392578125
2026-08-19T18:40:00+00:00,22411529-2,RH,CURRENT,%,68.66865033951323
2026-08-19T18:40:00+00:00,22411529-3,Dew Point,CURRENT,°C,22.536489243959927
2026-08-19T18:40:00+00:00,22411530-1,Temperature,CURRENT,°C,26.059213867187502
2026-08-19T18:40:00+00:00,22411530-2,RH,CURRENT,%,67.40825513084611
2026-08-19T18:40:00+00:00,22411530-3,Dew Point,CURRENT,°C,19.57533315754493
2026-08-19T18:41:00+00:00,22411541-S,Battery,CURRENT,V,8.596927001953125
2026-08-19T18:45:00+00:00,22411189-1,Temperature,CURRENT,°C,26.724169921874996
2026-08-19T18:45:00+00:00,22411189-2,RH,CURRENT,%,63.30357824063478
2026-08-19T18:45:00+00:00,22411189-3,Dew Point,CURRENT,°C,19.19479595631553
2026-08-19T18:45:00+00:00,22411190-1,Temperature,CURRENT,°C,26.402416992187504
2026-08-19T18:45:00+00:00,22411190-2,RH,CURRENT,%,62.232394903486686
2026-08-19T18:45:00+00:00,22411190-3,Dew Point,CURRENT,°C,18.617277991957327
2026-08-19T18:45:00+00:00,22411191-1,Temperature,CURRENT,°C,25.9734130859375
2026-08-19T18:45:00+00:00,22411191-2,RH,CURRENT,%,64.35645075150683
2026-08-19T18:45:00+00:00,22411191-3,Dew Point,CURRENT,°C,18.749196160154458
2026-08-19T18:45:00+00:00,22411525-1,Temperature,CURRENT,°C,25.7160107421875
2026-08-19T18:45:00+00:00,22411525-2,RH,CURRENT,%,64.36865796902418
2026-08-19T18:45:00+00:00,22411525-3,Dew Point,CURRENT,°C,18.508411787665736
2026-08-19T18:45:00+00:00,22411526-1,Temperature,CURRENT,°C,27.582177734375
2026-08-19T18:45:00+00:00,22411526-2,RH,CURRENT,%,60.87739375906004
2026-08-19T18:45:00+00:00,22411526-3,Dew Point,CURRENT,°C,19.374930048164046
2026-08-19T18:45:00+00:00,22411527-1,Temperature,CURRENT,°C,25.651660156249996
2026-08-19T18:45:00+00:00,22411527-2,RH,CURRENT,%,65.25673304341191
2026-08-19T18:45:00+00:00,22411527-3,Dew Point,CURRENT,°C,18.66664596894878
2026-08-19T18:45:00+00:00,22411528-1,Temperature,CURRENT,°C,27.560727539062505
2026-08-19T18:45:00+00:00,22411528-2,RH,CURRENT,%,62.7038986800946
2026-08-19T18:45:00+00:00,22411528-3,Dew Point,CURRENT,°C,19.83147935186954
2026-08-19T18:45:00+00:00,22411529-1,Temperature,CURRENT,°C,29.25529296874999
2026-08-19T18:45:00+00:00,22411529-2,RH,CURRENT,%,61.264972915236136
2026-08-19T18:45:00+00:00,22411529-3,Dew Point,CURRENT,°C,21.05131196400095
2026-08-19T18:45:00+00:00,22411530-1,Temperature,CURRENT,°C,25.994863281249998
2026-08-19T18:45:00+00:00,22411530-2,RH,CURRENT,%,63.42259861142901
2026-08-19T18:45:00+00:00,22411530-3,Dew Point,CURRENT,°C,18.53551792160185
2026-08-19T18:46:00+00:00,22411541-S,Battery,CURRENT,V,8.596927001953125
2026-08-19T18:50:00+00:00,22411189-1,Temperature,CURRENT,°C,25.05105468749999
2026-08-19T18:50:00+00:00,22411189-2,RH,CURRENT,%,70.40817883573663
2026-08-19T18:50:00+00:00,22411189-3,Dew Point,CURRENT,°C,19.31351858934127
2026-08-19T18:50:00+00:00,22411190-1,Temperature,CURRENT,°C,24.986704101562502
2026-08-19T18:50:00+00:00,22411190-2,RH,CURRENT,%,69.07148851758602
2026-08-19T18:50:00+00:00,22411190-3,Dew Point,CURRENT,°C,18.943956610125515
2026-08-19T18:50:00+00:00,22411191-1,Temperature,CURRENT,°C,24.772202148437493
2026-08-19T18:50:00+00:00,22411191-2,RH,CURRENT,%,70.32883192187381
2026-08-19T18:50:00+00:00,22411191-3,Dew Point,CURRENT,°C,19.02824648483526
2026-08-19T18:50:00+00:00,22411525-1,Temperature,CURRENT,°C,24.622050781250003
2026-08-19T18:50:00+00:00,22411525-2,RH,CURRENT,%,69.3690394445716
2026-08-19T18:50:00+00:00,22411525-3,Dew Point,CURRENT,°C,18.664217047343453
2026-08-19T18:50:00+00:00,22411526-1,Temperature,CURRENT,°C,25.5444091796875
2026-08-19T18:50:00+00:00,22411526-2,RH,CURRENT,%,67.63866636148623
2026-08-19T18:50:00+00:00,22411526-3,Dew Point,CURRENT,°C,19.13968355724761
2026-08-19T18:50:00+00:00,22411527-1,Temperature,CURRENT,°C,24.622050781250003
2026-08-19T18:50:00+00:00,22411527-2,RH,CURRENT,%,69.64675364309147
2026-08-19T18:50:00+00:00,22411527-3,Dew Point,CURRENT,°C,18.728200016356684
2026-08-19T18:50:00+00:00,22411528-1,Temperature,CURRENT,°C,25.50150878906249
2026-08-19T18:50:00+00:00,22411528-2,RH,CURRENT,%,69.46822308690012
2026-08-19T18:50:00+00:00,22411528-3,Dew Point,CURRENT,°C,19.52825919996273
2026-08-19T18:50:00+00:00,22411529-1,Temperature,CURRENT,°C,26.466767578124994
2026-08-19T18:50:00+00:00,22411529-2,RH,CURRENT,%,69.82986190585183
2026-08-19T18:50:00+00:00,22411529-3,Dew Point,CURRENT,°C,20.535660698943243
2026-08-19T18:50:00+00:00,22411530-1,Temperature,CURRENT,°C,24.772202148437493
2026-08-19T18:50:00+00:00,22411530-2,RH,CURRENT,%,69.29121843289845
2026-08-19T18:50:00+00:00,22411530-3,Dew Point,CURRENT,°C,18.789824506667234
2026-08-19T18:51:00+00:00,22411541-S,Battery,CURRENT,V,8.567850585937501
2026-08-19T18:55:00+00:00,22411189-1,Temperature,CURRENT,°C,25.930512695312494
2026-08-19T18:55:00+00:00,22411189-2,RH,CURRENT,%,68.90516517891203
2026-08-19T18:55:00+00:00,22411189-3,Dew Point,CURRENT,°C,19.807011675372017
2026-08-19T18:55:00+00:00,22411190-1,Temperature,CURRENT,°C,25.7160107421875
2026-08-19T18:55:00+00:00,22411190-2,RH,CURRENT,%,67.46776531624323
2026-08-19T18:55:00+00:00,22411190-3,Dew Point,CURRENT,°C,19.262550297122885
2026-08-19T18:55:00+00:00,22411191-1,Temperature,CURRENT,°C,25.673110351562492
2026-08-19T18:55:00+00:00,22411191-2,RH,CURRENT,%,68.31921873807889
2026-08-19T18:55:00+00:00,22411191-3,Dew Point,CURRENT,°C,19.423489234322947
2026-08-19T18:55:00+00:00,22411525-1,Temperature,CURRENT,°C,25.480058593749995
2026-08-19T18:55:00+00:00,22411525-2,RH,CURRENT,%,67.37773708705272
2026-08-19T18:55:00+00:00,22411525-3,Dew Point,CURRENT,°C,19.01627882348326
2026-08-19T18:55:00+00:00,22411526-1,Temperature,CURRENT,°C,26.295166015624993
2026-08-19T18:55:00+00:00,22411526-2,RH,CURRENT,%,67.49217975127794
2026-08-19T18:55:00+00:00,22411526-3,Dew Point,CURRENT,°C,19.820215781391152
2026-08-19T18:55:00+00:00,22411527-1,Temperature,CURRENT,°C,25.480058593749995
2026-08-19T18:55:00+00:00,22411527-2,RH,CURRENT,%,67.9316395819028
2026-08-19T18:55:00+00:00,22411527-3,Dew Point,CURRENT,°C,19.147784277254374
2026-08-19T18:55:00+00:00,22411528-1,Temperature,CURRENT,°C,26.402416992187504
2026-08-19T18:55:00+00:00,22411528-2,RH,CURRENT,%,68.64881361104753
2026-08-19T18:55:00+00:00,22411528-3,Dew Point,CURRENT,°C,20.197416826594353
2026-08-19T18:55:00+00:00,22411529-1,Temperature,CURRENT,°C,26.7885205078125
2026-08-19T18:55:00+00:00,22411529-2,RH,CURRENT,%,71.75860227359426
2026-08-19T18:55:00+00:00,22411529-3,Dew Point,CURRENT,°C,21.287940357501636
2026-08-19T18:55:00+00:00,22411530-1,Temperature,CURRENT,°C,25.608759765625003
2026-08-19T18:55:00+00:00,22411530-2,RH,CURRENT,%,67.53337911039903
2026-08-19T18:55:00+00:00,22411530-3,Dew Point,CURRENT,°C,19.175978413183586
2026-08-19T18:56:00+00:00,22411541-S,Battery,CURRENT,V,8.577542724609375
2026-08-19T19:00:00+00:00,22411189-1,Temperature,CURRENT,°C,26.445317382812497
2026-08-19T19:00:00+00:00,22411189-2,RH,CURRENT,%,63.95361257343404
2026-08-19T19:00:00+00:00,22411189-3,Dew Point,CURRENT,°C,19.09525280537597
2026-08-19T19:00:00+00:00,22411190-1,Temperature,CURRENT,°C,26.209365234374992
2026-08-19T19:00:00+00:00,22411190-2,RH,CURRENT,%,62.30563820859083
2026-08-19T19:00:00+00:00,22411190-3,Dew Point,CURRENT,°C,18.4539974068643
2026-08-19T19:00:00+00:00,22411191-1,Temperature,CURRENT,°C,25.9734130859375
2026-08-19T19:00:00+00:00,22411191-2,RH,CURRENT,%,62.47348744945449
2026-08-19T19:00:00+00:00,22411191-3,Dew Point,CURRENT,°C,18.274346153183018
2026-08-19T19:00:00+00:00,22411525-1,Temperature,CURRENT,°C,25.8018115234375
2026-08-19T19:00:00+00:00,22411525-2,RH,CURRENT,%,61.480125123979555
2026-08-19T19:00:00+00:00,22411525-3,Dew Point,CURRENT,°C,17.857149126700627
2026-08-19T19:00:00+00:00,22411526-1,Temperature,CURRENT,°C,26.9601220703125
2026-08-19T19:00:00+00:00,22411526-2,RH,CURRENT,%,62.17288471808957
2026-08-19T19:00:00+00:00,22411526-3,Dew Point,CURRENT,°C,19.12786889335982
2026-08-19T19:00:00+00:00,22411527-1,Temperature,CURRENT,°C,25.780361328125004
2026-08-19T19:00:00+00:00,22411527-2,RH,CURRENT,%,61.80056458381018
2026-08-19T19:00:00+00:00,22411527-3,Dew Point,CURRENT,°C,17.91966554579257
2026-08-19T19:00:00+00:00,22411528-1,Temperature,CURRENT,°C,27.024472656250005
2026-08-19T19:00:00+00:00,22411528-2,RH,CURRENT,%,63.8101777676051
2026-08-19T19:00:00+00:00,22411528-3,Dew Point,CURRENT,°C,19.607090299256654
2026-08-19T19:00:00+00:00,22411529-1,Temperature,CURRENT,°C,27.903930664062493
2026-08-19T19:00:00+00:00,22411529-2,RH,CURRENT,%,64.9912260624094
2026-08-19T19:00:00+00:00,22411529-3,Dew Point,CURRENT,°C,20.736998095098823
2026-08-19T19:00:00+00:00,22411530-1,Temperature,CURRENT,°C,25.9734130859375
2026-08-19T19:00:00+00:00,22411530-2,RH,CURRENT,%,62.276646066987105
2026-08-19T19:00:00+00:00,22411530-3,Dew Point,CURRENT,°C,18.223985673427094
2026-08-19T19:01:00+00:00,22411541-S,Battery,CURRENT,V,8.567850585937501
2026-08-19T19:05:00+00:00,22411189-1,Temperature,CURRENT,°C,26.852871093750004
2026-08-19T19:05:00+00:00,22411189-2,RH,CURRENT,%,60.190737773708705
2026-08-19T19:05:00+00:00,22411189-3,Dew Point,CURRENT,°C,18.5075910248939
2026-08-19T19:05:00+00:00,22411190-1,Temperature,CURRENT,°C,26.595468750000002
2026-08-19T19:05:00+00:00,22411190-2,RH,CURRENT,%,59.08293278400855
2026-08-19T19:05:00+00:00,22411190-3,Dew Point,CURRENT,°C,17.969708401766482
2026-08-19T19:05:00+00:00,22411191-1,Temperature,CURRENT,°C,26.4238671875
2026-08-19T19:05:00+00:00,22411191-2,RH,CURRENT,%,59.69939726863508
2026-08-19T19:05:00+00:00,22411191-3,Dew Point,CURRENT,°C,17.974092712992583
2026-08-19T19:05:00+00:00,22411525-1,Temperature,CURRENT,°C,26.209365234374992
2026-08-19T19:05:00+00:00,22411525-2,RH,CURRENT,%,59.16990920881972
2026-08-19T19:05:00+00:00,22411525-3,Dew Point,CURRENT,°C,17.631266214166192
2026-08-19T19:05:00+00:00,22411526-1,Temperature,CURRENT,°C,27.517827148437497
2026-08-19T19:05:00+00:00,22411526-2,RH,CURRENT,%,58.86778057526512
2026-08-19T19:05:00+00:00,22411526-3,Dew Point,CURRENT,°C,18.775400593693604
2026-08-19T19:05:00+00:00,22411527-1,Temperature,CURRENT,°C,26.145014648437503
2026-08-19T19:05:00+00:00,22411527-2,RH,CURRENT,%,59.774166475928894
2026-08-19T19:05:00+00:00,22411527-3,Dew Point,CURRENT,°C,17.732337839229423
2026-08-19T19:05:00+00:00,22411528-1,Temperature,CURRENT,°C,27.710878906249995
2026-08-19T19:05:00+00:00,22411528-2,RH,CURRENT,%,60.75837338826581
2026-08-19T19:05:00+00:00,22411528-3,Dew Point,CURRENT,°C,19.46441433070004
2026-08-19T19:05:00+00:00,22411529-1,Temperature,CURRENT,°C,28.976440429687493
2026-08-19T19:05:00+00:00,22411529-2,RH,CURRENT,%,63.25780117494469
2026-08-19T19:05:00+00:00,22411529-3,Dew Point,CURRENT,°C,21.311058240912306
2026-08-19T19:05:00+00:00,22411530-1,Temperature,CURRENT,°C,26.359516601562497
2026-08-19T19:05:00+00:00,22411530-2,RH,CURRENT,%,59.18822003509575
2026-08-19T19:05:00+00:00,22411530-3,Dew Point,CURRENT,°C,17.776916180801216
2026-08-19T19:06:00+00:00,22411541-S,Battery,CURRENT,V,8.567850585937501
2026-08-19T19:10:00+00:00,22411189-1,Temperature,CURRENT,°C,27.517827148437497
2026-08-19T19:10:00+00:00,22411189-2,RH,CURRENT,%,63.34935530632487
2026-08-19T19:10:00+00:00,22411189-3,Dew Point,CURRENT,°C,19.956500965562665
2026-08-19T19:10:00+00:00,22411190-1,Temperature,CURRENT,°C,27.217524414062503
2026-08-19T19:10:00+00:00,22411190-2,RH,CURRENT,%,61.988250553139544
2026-08-19T19:10:00+00:00,22411190-3,Dew Point,CURRENT,°C,19.322700985158928
2026-08-19T19:10:00+00:00,22411191-1,Temperature,CURRENT,°C,26.852871093750004
2026-08-19T19:10:00+00:00,22411191-2,RH,CURRENT,%,61.65407797360189
2026-08-19T19:10:00+00:00,22411191-3,Dew Point,CURRENT,°C,18.892272589475617
2026-08-19T19:10:00+00:00,22411525-1,Temperature,CURRENT,°C,26.595468750000002
2026-08-19T19:10:00+00:00,22411525-2,RH,CURRENT,%,60.781261921110854
2026-08-19T19:10:00+00:00,22411525-3,Dew Point,CURRENT,°C,18.421766126848368
2026-08-19T19:10:00+00:00,22411526-1,Temperature,CURRENT,°C,28.311484375
2026-08-19T19:10:00+00:00,22411526-2,RH,CURRENT,%,60.738536659800104
2026-08-19T19:10:00+00:00,22411526-3,Dew Point,CURRENT,°C,20.023683076286623
2026-08-19T19:10:00+00:00,22411527-1,Temperature,CURRENT,°C,26.57401855468749
2026-08-19T19:10:00+00:00,22411527-2,RH,CURRENT,%,61.08644235904479
2026-08-19T19:10:00+00:00,22411527-3,Dew Point,CURRENT,°C,18.481641123069007
2026-08-19T19:10:00+00:00,22411528-1,Temperature,CURRENT,°C,28.18278320312499
2026-08-19T19:10:00+00:00,22411528-2,RH,CURRENT,%,62.278171969176775
2026-08-19T19:10:00+00:00,22411528-3,Dew Point,CURRENT,°C,20.308010074198073
2026-08-19T19:10:00+00:00,22411529-1,Temperature,CURRENT,°C,29.8344482421875
2026-08-19T19:10:00+00:00,22411529-2,RH,CURRENT,%,62.610818646524756
2026-08-19T19:10:00+00:00,22411529-3,Dew Point,CURRENT,°C,21.952461358988053
2026-08-19T19:10:00+00:00,22411530-1,Temperature,CURRENT,°C,26.852871093750004
2026-08-19T19:10:00+00:00,22411530-2,RH,CURRENT,%,62.221713588159
2026-08-19T19:10:00+00:00,22411530-3,Dew Point,CURRENT,°C,19.03934422155004
2026-08-19T19:11:00+00:00,22411541-S,Battery,CURRENT,V,8.574312011718751
2026-08-19T19:15:00+00:00,22411189-1,Temperature,CURRENT,°C,26.938671875000004
2026-08-19T19:15:00+00:00,22411189-2,RH,CURRENT,%,61.85091935606928
2026-08-19T19:15:00+00:00,22411189-3,Dew Point,CURRENT,°C,19.02425839398102
2026-08-19T19:15:00+00:00,22411190-1,Temperature,CURRENT,°C,26.7027197265625
2026-08-19T19:15:00+00:00,22411190-2,RH,CURRENT,%,60.436408026245516
2026-08-19T19:15:00+00:00,22411190-3,Dew Point,CURRENT,°C,18.431654673170566
2026-08-19T19:15:00+00:00,22411191-1,Temperature,CURRENT,°C,26.380966796874993
2026-08-19T19:15:00+00:00,22411191-2,RH,CURRENT,%,62.17746242465858
2026-08-19T19:15:00+00:00,22411191-3,Dew Point,CURRENT,°C,18.582917205775896
2026-08-19T19:15:00+00:00,22411525-1,Temperature,CURRENT,°C,26.16646484375
2026-08-19T19:15:00+00:00,22411525-2,RH,CURRENT,%,61.8295567254139
2026-08-19T19:15:00+00:00,22411525-3,Dew Point,CURRENT,°C,18.291023575511254
2026-08-19T19:15:00+00:00,22411526-1,Temperature,CURRENT,°C,27.667978515625002
2026-08-19T19:15:00+00:00,22411526-2,RH,CURRENT,%,61.49843595025559
2026-08-19T19:15:00+00:00,22411526-3,Dew Point,CURRENT,°C,19.61921533499337
2026-08-19T19:15:00+00:00,22411527-1,Temperature,CURRENT,°C,26.145014648437503
2026-08-19T19:15:00+00:00,22411527-2,RH,CURRENT,%,62.273594262607766
2026-08-19T19:15:00+00:00,22411527-3,Dew Point,CURRENT,°C,18.385074982559797
2026-08-19T19:15:00+00:00,22411528-1,Temperature,CURRENT,°C,27.796679687499996
2026-08-19T19:15:00+00:00,22411528-2,RH,CURRENT,%,62.03860532539864
2026-08-19T19:15:00+00:00,22411528-3,Dew Point,CURRENT,°C,19.881647285386777
2026-08-19T19:15:00+00:00,22411529-1,Temperature,CURRENT,°C,29.405444335937496
2026-08-19T19:15:00+00:00,22411529-2,RH,CURRENT,%,61.71816586556802
2026-08-19T19:15:00+00:00,22411529-3,Dew Point,CURRENT,°C,21.31294299794984
2026-08-19T19:15:00+00:00,22411530-1,Temperature,CURRENT,°C,26.4238671875
2026-08-19T19:15:00+00:00,22411530-2,RH,CURRENT,%,60.40588998245212
2026-08-19T19:15:00+00:00,22411530-3,Dew Point,CURRENT,°C,18.161570160579707
2026-08-19T19:16:00+00:00,22411541-S,Battery,CURRENT,V,8.564619873046876
2026-08-19T19:20:00+00:00,22411189-1,Temperature,CURRENT,°C,27.19607421874999
2026-08-19T19:20:00+00:00,22411189-2,RH,CURRENT,%,61.16426337071794
2026-08-19T19:20:00+00:00,22411189-3,Dew Point,CURRENT,°C,19.087353784049405
2026-08-19T19:20:00+00:00,22411190-1,Temperature,CURRENT,°C,26.917221679687493
2026-08-19T19:20:00+00:00,22411190-2,RH,CURRENT,%,60.38757915617609
2026-08-19T19:20:00+00:00,22411190-3,Dew Point,CURRENT,°C,18.62026740296506
2026-08-19T19:20:00+00:00,22411191-1,Temperature,CURRENT,°C,26.531118164062498
2026-08-19T19:20:00+00:00,22411191-2,RH,CURRENT,%,61.74715800717174
2026-08-19T19:20:00+00:00,22411191-3,Dew Point,CURRENT,°C,18.613326678650463
2026-08-19T19:20:00+00:00,22411525-1,Temperature,CURRENT,°C,26.316616210937504
2026-08-19T19:20:00+00:00,22411525-2,RH,CURRENT,%,61.37178606851301
2026-08-19T19:20:00+00:00,22411525-3,Dew Point,CURRENT,°C,18.31382356000368
2026-08-19T19:20:00+00:00,22411526-1,Temperature,CURRENT,°C,27.882480468749996
2026-08-19T19:20:00+00:00,22411526-2,RH,CURRENT,%,59.90539406424048
2026-08-19T19:20:00+00:00,22411526-3,Dew Point,CURRENT,°C,19.39786887308162
2026-08-19T19:20:00+00:00,22411527-1,Temperature,CURRENT,°C,26.230815429687503
2026-08-19T19:20:00+00:00,22411527-2,RH,CURRENT,%,61.42671854734112
2026-08-19T19:20:00+00:00,22411527-3,Dew Point,CURRENT,°C,18.24731546551726
2026-08-19T19:20:00+00:00,22411528-1,Temperature,CURRENT,°C,27.8610302734375
2026-08-19T19:20:00+00:00,22411528-2,RH,CURRENT,%,62.45975432974746
2026-08-19T19:20:00+00:00,22411528-3,Dew Point,CURRENT,°C,20.051741890010017
2026-08-19T19:20:00+00:00,22411529-1,Temperature,CURRENT,°C,29.577045898437497
2026-08-19T19:20:00+00:00,22411529-2,RH,CURRENT,%,62.38193331807431
2026-08-19T19:20:00+00:00,22411529-3,Dew Point,CURRENT,°C,21.649665562801825
2026-08-19T19:20:00+00:00,22411530-1,Temperature,CURRENT,°C,26.552568359374995
2026-08-19T19:20:00+00:00,22411530-2,RH,CURRENT,%,60.97199969481956
2026-08-19T19:20:00+00:00,22411530-3,Dew Point,CURRENT,°C,18.431486918663904
2026-08-19T19:21:00+00:00,22411541-S,Battery,CURRENT,V,8.561389160156251
2026-08-19T19:25:00+00:00,22411189-1,Temperature,CURRENT,°C,27.582177734375
2026-08-19T19:25:00+00:00,22411189-2,RH,CURRENT,%,59.806210421911956
2026-08-19T19:25:00+00:00,22411189-3,Dew Point,CURRENT,°C,19.089453439402742
2026-08-19T19:25:00+00:00,22411190-1,Temperature,CURRENT,°C,27.260424804687496
2026-08-19T19:25:00+00:00,22411190-2,RH,CURRENT,%,59.018844892042424
2026-08-19T19:25:00+00:00,22411190-3,Dew Point,CURRENT,°C,18.57536516511291
2026-08-19T19:25:00+00:00,22411191-1,Temperature,CURRENT,°C,26.402416992187504
2026-08-19T19:25:00+00:00,22411191-2,RH,CURRENT,%,61.83260852979324
2026-08-19T19:25:00+00:00,22411191-3,Dew Point,CURRENT,°C,18.51417579637243
2026-08-19T19:25:00+00:00,22411525-1,Temperature,CURRENT,°C,26.102114257812495
2026-08-19T19:25:00+00:00,22411525-2,RH,CURRENT,%,61.98977645532921
2026-08-19T19:25:00+00:00,22411525-3,Dew Point,CURRENT,°C,18.271676884707805
2026-08-19T19:25:00+00:00,22411526-1,Temperature,CURRENT,°C,28.525986328124993
2026-08-19T19:25:00+00:00,22411526-2,RH,CURRENT,%,56.82001983672846
2026-08-19T19:25:00+00:00,22411526-3,Dew Point,CURRENT,°C,19.149046673392927
2026-08-19T19:25:00+00:00,22411527-1,Temperature,CURRENT,°C,26.059213867187502
2026-08-19T19:25:00+00:00,22411527-2,RH,CURRENT,%,62.20950637064164
2026-08-19T19:25:00+00:00,22411527-3,Dew Point,CURRENT,°C,18.287702569540606
2026-08-19T19:25:00+00:00,22411528-1,Temperature,CURRENT,°C,28.354384765624992
2026-08-19T19:25:00+00:00,22411528-2,RH,CURRENT,%,59.20195315480278
2026-08-19T19:25:00+00:00,22411528-3,Dew Point,CURRENT,°C,19.649939856564806
2026-08-19T19:25:00+00:00,22411529-1,Temperature,CURRENT,°C,30.606655273437504
2026-08-19T19:25:00+00:00,22411529-2,RH,CURRENT,%,57.2457465476463
2026-08-19T19:25:00+00:00,22411529-3,Dew Point,CURRENT,°C,21.209512929429895
2026-08-19T19:25:00+00:00,22411530-1,Temperature,CURRENT,°C,26.445317382812497
2026-08-19T19:25:00+00:00,22411530-2,RH,CURRENT,%,61.12306401159686
2026-08-19T19:25:00+00:00,22411530-3,Dew Point,CURRENT,°C,18.370114249248907
2026-08-19T19:26:00+00:00,22411541-S,Battery,CURRENT,V,8.558158447265626
2026-08-19T19:30:00+00:00,22411189-1,Temperature,CURRENT,°C,27.024472656250005
2026-08-19T19:30:00+00:00,22411189-2,RH,CURRENT,%,60.694285496299685
2026-08-19T19:30:00+00:00,22411189-3,Dew Point,CURRENT,°C,18.80219807893682
2026-08-19T19:30:00+00:00,22411190-1,Temperature,CURRENT,°C,26.809970703124996
2026-08-19T19:30:00+00:00,22411190-2,RH,CURRENT,%,59.938963912413215
2026-08-19T19:30:00+00:00,22411190-3,Dew Point,CURRENT,°C,18.400313197919026
2026-08-19T19:30:00+00:00,22411191-1,Temperature,CURRENT,°C,26.402416992187504
2026-08-19T19:30:00+00:00,22411191-2,RH,CURRENT,%,61.353475242236975
2026-08-19T19:30:00+00:00,22411191-3,Dew Point,CURRENT,°C,18.38983917397506
2026-08-19T19:30:00+00:00,22411525-1,Temperature,CURRENT,°C,26.16646484375
2026-08-19T19:30:00+00:00,22411525-2,RH,CURRENT,%,61.15053025101091
2026-08-19T19:30:00+00:00,22411525-3,Dew Point,CURRENT,°C,18.11486105729568
2026-08-19T19:30:00+00:00,22411526-1,Temperature,CURRENT,°C,27.903930664062493
2026-08-19T19:30:00+00:00,22411526-2,RH,CURRENT,%,57.936980239566644
2026-08-19T19:30:00+00:00,22411526-3,Dew Point,CURRENT,°C,18.881064588036587
2026-08-19T19:30:00+00:00,22411527-1,Temperature,CURRENT,°C,26.145014648437503
2026-08-19T19:30:00+00:00,22411527-2,RH,CURRENT,%,61.54421301594568
2026-08-19T19:30:00+00:00,22411527-3,Dew Point,CURRENT,°C,18.19699929994815
2026-08-19T19:30:00+00:00,22411528-1,Temperature,CURRENT,°C,27.7752294921875
2026-08-19T19:30:00+00:00,22411528-2,RH,CURRENT,%,60.32806897077897
2026-08-19T19:30:00+00:00,22411528-3,Dew Point,CURRENT,°C,19.41040169927862
2026-08-19T19:30:00+00:00,22411529-1,Temperature,CURRENT,°C,29.898798828125003
2026-08-19T19:30:00+00:00,22411529-2,RH,CURRENT,%,58.899824521248185
2026-08-19T19:30:00+00:00,22411529-3,Dew Point,CURRENT,°C,21.01308340484217
2026-08-19T19:30:00+00:00,22411530-1,Temperature,CURRENT,°C,26.380966796874993
2026-08-19T19:30:00+00:00,22411530-2,RH,CURRENT,%,60.862134737163345
2026-08-19T19:30:00+00:00,22411530-3,Dew Point,CURRENT,°C,18.241274406897737
2026-08-19T19:31:00+00:00,22411541-S,Battery,CURRENT,V,8.548466308593751
2026-08-19T19:35:00+00:00,22411189-1,Temperature,CURRENT,°C,27.003022460937494
2026-08-19T19:35:00+00:00,22411189-2,RH,CURRENT,%,61.736476691844054
2026-08-19T19:35:00+00:00,22411189-3,Dew Point,CURRENT,°C,19.055151284591258
2026-08-19T19:35:00+00:00,22411190-1,Temperature,CURRENT,°C,26.724169921874996
2026-08-19T19:35:00+00:00,22411190-2,RH,CURRENT,%,60.524910353246355
2026-08-19T19:35:00+00:00,22411190-3,Dew Point,CURRENT,°C,18.47520109938119
2026-08-19T19:35:00+00:00,22411191-1,Temperature,CURRENT,°C,26.380966796874993
2026-08-19T19:35:00+00:00,22411191-2,RH,CURRENT,%,61.7593652246891
2026-08-19T19:35:00+00:00,22411191-3,Dew Point,CURRENT,°C,18.475012189837383
2026-08-19T19:35:00+00:00,22411525-1,Temperature,CURRENT,°C,26.16646484375
2026-08-19T19:35:00+00:00,22411525-2,RH,CURRENT,%,61.1108567940795
2026-08-19T19:35:00+00:00,22411525-3,Dew Point,CURRENT,°C,18.104515559424105
2026-08-19T19:35:00+00:00,22411526-1,Temperature,CURRENT,°C,27.839580078125003
2026-08-19T19:35:00+00:00,22411526-2,RH,CURRENT,%,60.23956664377813
2026-08-19T19:35:00+00:00,22411526-3,Dew Point,CURRENT,°C,19.44718834315253
2026-08-19T19:35:00+00:00,22411527-1,Temperature,CURRENT,°C,26.145014648437503
2026-08-19T19:35:00+00:00,22411527-2,RH,CURRENT,%,61.44960708018616
2026-08-19T19:35:00+00:00,22411527-3,Dew Point,CURRENT,°C,18.172461783737837
2026-08-19T19:35:00+00:00,22411528-1,Temperature,CURRENT,°C,27.818129882812492
2026-08-19T19:35:00+00:00,22411528-2,RH,CURRENT,%,61.4679179064622
2026-08-19T19:35:00+00:00,22411528-3,Dew Point,CURRENT,°C,19.75256206379477
2026-08-19T19:35:00+00:00,22411529-1,Temperature,CURRENT,°C,29.705747070312505
2026-08-19T19:35:00+00:00,22411529-2,RH,CURRENT,%,61.022354467078664
2026-08-19T19:35:00+00:00,22411529-3,Dew Point,CURRENT,°C,21.410110611971035
2026-08-19T19:35:00+00:00,22411530-1,Temperature,CURRENT,°C,26.359516601562497
2026-08-19T19:35:00+00:00,22411530-2,RH,CURRENT,%,60.96742198825055
2026-08-19T19:35:00+00:00,22411530-3,Dew Point,CURRENT,°C,18.248679378843423
2026-08-19T19:36:00+00:00,22411541-S,Battery,CURRENT,V,8.561389160156251
2026-08-19T19:40:00+00:00,22411189-1,Temperature,CURRENT,°C,26.938671875000004
2026-08-19T19:40:00+00:00,22411189-2,RH,CURRENT,%,59.98779278248264
2026-08-19T19:40:00+00:00,22411189-3,Dew Point,CURRENT,°C,18.534139444735022
2026-08-19T19:40:00+00:00,22411190-1,Temperature,CURRENT,°C,26.681269531250003
2026-08-19T19:40:00+00:00,22411190-2,RH,CURRENT,%,58.75181200885023
2026-08-19T19:40:00+00:00,22411190-3,Dew Point,CURRENT,°C,17.960588109635815
2026-08-19T19:40:00+00:00,22411191-1,Temperature,CURRENT,°C,26.295166015624993
2026-08-19T19:40:00+00:00,22411191-2,RH,CURRENT,%,59.82299534599832
2026-08-19T19:40:00+00:00,22411191-3,Dew Point,CURRENT,°C,17.88624189081779
2026-08-19T19:40:00+00:00,22411525-1,Temperature,CURRENT,°C,26.059213867187502
2026-08-19T19:40:00+00:00,22411525-2,RH,CURRENT,%,59.224841687647825
2026-08-19T19:40:00+00:00,22411525-3,Dew Point,CURRENT,°C,17.505252083469856
2026-08-19T19:40:00+00:00,22411526-1,Temperature,CURRENT,°C,27.6894287109375
2026-08-19T19:40:00+00:00,22411526-2,RH,CURRENT,%,58.57785915922789
2026-08-19T19:40:00+00:00,22411526-3,Dew Point,CURRENT,°C,18.8568932993492
2026-08-19T19:40:00+00:00,22411527-1,Temperature,CURRENT,°C,25.994863281249998
2026-08-19T19:40:00+00:00,22411527-2,RH,CURRENT,%,59.690241855497064
2026-08-19T19:40:00+00:00,22411527-3,Dew Point,CURRENT,°C,17.56911733160269
2026-08-19T19:40:00+00:00,22411528-1,Temperature,CURRENT,°C,27.603627929687498
2026-08-19T19:40:00+00:00,22411528-2,RH,CURRENT,%,59.84588387884337
2026-08-19T19:40:00+00:00,22411528-3,Dew Point,CURRENT,°C,19.12023253228566
2026-08-19T19:40:00+00:00,22411529-1,Temperature,CURRENT,°C,29.426894531249992
2026-08-19T19:40:00+00:00,22411529-2,RH,CURRENT,%,58.49088273441672
2026-08-19T19:40:00+00:00,22411529-3,Dew Point,CURRENT,°C,20.458251104895417
2026-08-19T19:40:00+00:00,22411530-1,Temperature,CURRENT,°C,26.316616210937504
2026-08-19T19:40:00+00:00,22411530-2,RH,CURRENT,%,59.017318989852754
2026-08-19T19:40:00+00:00,22411530-3,Dew Point,CURRENT,°C,17.69075465117767
2026-08-19T19:41:00+00:00,22411541-S,Battery,CURRENT,V,8.558158447265626
2026-08-19T19:45:00+00:00,22411189-1,Temperature,CURRENT,°C,26.938671875000004
2026-08-19T19:45:00+00:00,22411189-2,RH,CURRENT,%,59.850461585412376
2026-08-19T19:45:00+00:00,22411189-3,Dew Point,CURRENT,°C,18.497487885170912
2026-08-19T19:45:00+00:00,22411190-1,Temperature,CURRENT,°C,26.7027197265625
2026-08-19T19:45:00+00:00,22411190-2,RH,CURRENT,%,58.767071030746926
2026-08-19T19:45:00+00:00,22411190-3,Dew Point,CURRENT,°C,17.984808196398024
2026-08-19T19:45:00+00:00,22411191-1,Temperature,CURRENT,°C,26.252265625
2026-08-19T19:45:00+00:00,22411191-2,RH,CURRENT,%,60.276188296330204
2026-08-19T19:45:00+00:00,22411191-3,Dew Point,CURRENT,°C,17.966092179519674
2026-08-19T19:45:00+00:00,22411525-1,Temperature,CURRENT,°C,26.03776367187499
2026-08-19T19:45:00+00:00,22411525-2,RH,CURRENT,%,59.974059662775616
2026-08-19T19:45:00+00:00,22411525-3,Dew Point,CURRENT,°C,17.68471576521581
2026-08-19T19:45:00+00:00,22411526-1,Temperature,CURRENT,°C,27.64652832031249
2026-08-19T19:45:00+00:00,22411526-2,RH,CURRENT,%,58.23910887312123
2026-08-19T19:45:00+00:00,22411526-3,Dew Point,CURRENT,°C,18.723818918428336
2026-08-19T19:45:00+00:00,22411527-1,Temperature,CURRENT,°C,26.016313476562495
2026-08-19T19:45:00+00:00,22411527-2,RH,CURRENT,%,60.18005645838102
2026-08-19T19:45:00+00:00,22411527-3,Dew Point,CURRENT,°C,17.719057054173614
2026-08-19T19:45:00+00:00,22411528-1,Temperature,CURRENT,°C,27.517827148437497
2026-08-19T19:45:00+00:00,22411528-2,RH,CURRENT,%,60.32349126420996
2026-08-19T19:45:00+00:00,22411528-3,Dew Point,CURRENT,°C,19.16742548179605
2026-08-19T19:45:00+00:00,22411529-1,Temperature,CURRENT,°C,29.426894531249992
2026-08-19T19:45:00+00:00,22411529-2,RH,CURRENT,%,58.96849011978332
2026-08-19T19:45:00+00:00,22411529-3,Dew Point,CURRENT,°C,20.590346175720416
2026-08-19T19:45:00+00:00,22411530-1,Temperature,CURRENT,°C,26.230815429687503
2026-08-19T19:45:00+00:00,22411530-2,RH,CURRENT,%,59.84283207446403
2026-08-19T19:45:00+00:00,22411530-3,Dew Point,CURRENT,°C,17.83111934065958
2026-08-19T19:46:00+00:00,22411541-S,Battery,CURRENT,V,8.5420048828125
2026-08-19T19:50:00+00:00,22411189-1,Temperature,CURRENT,°C,27.067373046874998
2026-08-19T19:50:00+00:00,22411189-2,RH,CURRENT,%,60.904859998474095
2026-08-19T19:50:00+00:00,22411189-3,Dew Point,CURRENT,°C,18.898065740002448
2026-08-19T19:50:00+00:00,22411190-1,Temperature,CURRENT,°C,26.831420898437493
2026-08-19T19:50:00+00:00,22411190-2,RH,CURRENT,%,60.12207217517357
2026-08-19T19:50:00+00:00,22411190-3,Dew Point,CURRENT,°C,18.46919834960545
2026-08-19T19:50:00+00:00,22411191-1,Temperature,CURRENT,°C,26.638369140624995
2026-08-19T19:50:00+00:00,22411191-2,RH,CURRENT,%,60.3921568627451
2026-08-19T19:50:00+00:00,22411191-3,Dew Point,CURRENT,°C,18.35948848844574
2026-08-19T19:50:00+00:00,22411525-1,Temperature,CURRENT,°C,26.466767578124994
2026-08-19T19:50:00+00:00,22411525-2,RH,CURRENT,%,59.3667505912871
2026-08-19T19:50:00+00:00,22411525-3,Dew Point,CURRENT,°C,17.925370758977113
2026-08-19T19:50:00+00:00,22411526-1,Temperature,CURRENT,°C,27.667978515625002
2026-08-19T19:50:00+00:00,22411526-2,RH,CURRENT,%,59.45372701609827
2026-08-19T19:50:00+00:00,22411526-3,Dew Point,CURRENT,°C,19.074974876938445
2026-08-19T19:50:00+00:00,22411527-1,Temperature,CURRENT,°C,26.4238671875
2026-08-19T19:50:00+00:00,22411527-2,RH,CURRENT,%,59.658197909514
2026-08-19T19:50:00+00:00,22411527-3,Dew Point,CURRENT,°C,17.963100076428443
2026-08-19T19:50:00+00:00,22411528-1,Temperature,CURRENT,°C,27.710878906249995
2026-08-19T19:50:00+00:00,22411528-2,RH,CURRENT,%,60.79499504081788
2026-08-19T19:50:00+00:00,22411528-3,Dew Point,CURRENT,°C,19.47412201777455
2026-08-19T19:50:00+00:00,22411529-1,Temperature,CURRENT,°C,29.1909423828125
2026-08-19T19:50:00+00:00,22411529-2,RH,CURRENT,%,59.658197909514
2026-08-19T19:50:00+00:00,22411529-3,Dew Point,CURRENT,°C,20.558251495830895
2026-08-19T19:50:00+00:00,22411530-1,Temperature,CURRENT,°C,26.6169189453125
2026-08-19T19:50:00+00:00,22411530-2,RH,CURRENT,%,60.13122758831159
2026-08-19T19:50:00+00:00,22411530-3,Dew Point,CURRENT,°C,18.270206374017242
2026-08-19T19:51:00+00:00,22411541-S,Battery,CURRENT,V,8.5420048828125
2026-08-19T19:55:00+00:00,22411189-1,Temperature,CURRENT,°C,27.324775390625
2026-08-19T19:55:00+00:00,22411189-2,RH,CURRENT,%,60.605783169298846
2026-08-19T19:55:00+00:00,22411189-3,Dew Point,CURRENT,°C,19.06105593962726
2026-08-19T19:55:00+00:00,22411190-1,Temperature,CURRENT,°C,27.088823242187495
2026-08-19T19:55:00+00:00,22411190-2,RH,CURRENT,%,59.74975204089418
2026-08-19T19:55:00+00:00,22411190-3,Dew Point,CURRENT,°C,18.611439719952042
2026-08-19T19:55:00+00:00,22411191-1,Temperature,CURRENT,°C,26.8743212890625
2026-08-19T19:55:00+00:00,22411191-2,RH,CURRENT,%,60.20752269779507
2026-08-19T19:55:00+00:00,22411191-3,Dew Point,CURRENT,°C,18.53219473695054
2026-08-19T19:55:00+00:00,22411525-1,Temperature,CURRENT,°C,26.638369140624995
2026-08-19T19:55:00+00:00,22411525-2,RH,CURRENT,%,59.91149767299916
2026-08-19T19:55:00+00:00,22411525-3,Dew Point,CURRENT,°C,18.23192313046924
2026-08-19T19:55:00+00:00,22411526-1,Temperature,CURRENT,°C,27.968281249999997
2026-08-19T19:55:00+00:00,22411526-2,RH,CURRENT,%,58.42832074464027
2026-08-19T19:55:00+00:00,22411526-3,Dew Point,CURRENT,°C,19.076760246267202
2026-08-19T19:55:00+00:00,22411527-1,Temperature,CURRENT,°C,26.6169189453125
2026-08-19T19:55:00+00:00,22411527-2,RH,CURRENT,%,60.234988937209124
2026-08-19T19:55:00+00:00,22411527-3,Dew Point,CURRENT,°C,18.297727317166853
2026-08-19T19:55:00+00:00,22411528-1,Temperature,CURRENT,°C,28.0326318359375
2026-08-19T19:55:00+00:00,22411528-2,RH,CURRENT,%,59.65056839856565
2026-08-19T19:55:00+00:00,22411528-3,Dew Point,CURRENT,°C,19.470062103076714
2026-08-19T19:55:00+00:00,22411529-1,Temperature,CURRENT,°C,29.426894531249992
2026-08-19T19:55:00+00:00,22411529-2,RH,CURRENT,%,59.351491569390404
2026-08-19T19:55:00+00:00,22411529-3,Dew Point,CURRENT,°C,20.69560143601541
2026-08-19T19:55:00+00:00,22411530-1,Temperature,CURRENT,°C,26.852871093750004
2026-08-19T19:55:00+00:00,22411530-2,RH,CURRENT,%,59.53459983215076
2026-08-19T19:55:00+00:00,22411530-3,Dew Point,CURRENT,°C,18.332442251882583
2026-08-19T19:56:00+00:00,22411541-S,Battery,CURRENT,V,8.548466308593751
2026-08-19T20:00:00+00:00,22411189-1,Temperature,CURRENT,°C,27.324775390625
2026-08-19T20:00:00+00:00,22411189-2,RH,CURRENT,%,60.143434805828946
2026-08-19T20:00:00+00:00,22411189-3,Dew Point,CURRENT,°C,18.938129831150906
2026-08-19T20:00:00+00:00,22411190-1,Temperature,CURRENT,°C,27.131723632812502
2026-08-19T20:00:00+00:00,22411190-2,RH,CURRENT,%,58.52750438696879
2026-08-19T20:00:00+00:00,22411190-3,Dew Point,CURRENT,°C,18.321249423518818
2026-08-19T20:00:00+00:00,22411191-1,Temperature,CURRENT,°C,26.57401855468749
2026-08-19T20:00:00+00:00,22411191-2,RH,CURRENT,%,59.681086442359046
2026-08-19T20:00:00+00:00,22411191-3,Dew Point,CURRENT,°C,18.11008186286721
2026-08-19T20:00:00+00:00,22411525-1,Temperature,CURRENT,°C,26.380966796874993
2026-08-19T20:00:00+00:00,22411525-2,RH,CURRENT,%,59.645990691996644
2026-08-19T20:00:00+00:00,22411525-3,Dew Point,CURRENT,°C,17.91959402351624
2026-08-19T20:00:00+00:00,22411526-1,Temperature,CURRENT,°C,28.054082031249997
2026-08-19T20:00:00+00:00,22411526-2,RH,CURRENT,%,58.643472953383686
2026-08-19T20:00:00+00:00,22411526-3,Dew Point,CURRENT,°C,19.21610230648384
2026-08-19T20:00:00+00:00,22411527-1,Temperature,CURRENT,°C,26.380966796874993
2026-08-19T20:00:00+00:00,22411527-2,RH,CURRENT,%,60.11291676203555
2026-08-19T20:00:00+00:00,22411527-3,Dew Point,CURRENT,°C,18.043773088320894
2026-08-19T20:00:00+00:00,22411528-1,Temperature,CURRENT,°C,28.011181640625004
2026-08-19T20:00:00+00:00,22411528-2,RH,CURRENT,%,60.016784924086366
2026-08-19T20:00:00+00:00,22411528-3,Dew Point,CURRENT,°C,19.5485761799229
2026-08-19T20:00:00+00:00,22411529-1,Temperature,CURRENT,°C,29.705747070312505
2026-08-19T20:00:00+00:00,22411529-2,RH,CURRENT,%,60.82551308461127
2026-08-19T20:00:00+00:00,22411529-3,Dew Point,CURRENT,°C,21.35727999407251
2026-08-19T20:00:00+00:00,22411530-1,Temperature,CURRENT,°C,26.595468750000002
2026-08-19T20:00:00+00:00,22411530-2,RH,CURRENT,%,58.904402227817194
2026-08-19T20:00:00+00:00,22411530-3,Dew Point,CURRENT,°C,17.921529058041088
2026-08-19T20:01:00+00:00,22411541-S,Battery,CURRENT,V,8.5420048828125
2026-08-19T20:05:00+00:00,22411189-1,Temperature,CURRENT,°C,27.324775390625
2026-08-19T20:05:00+00:00,22411189-2,RH,CURRENT,%,59.87335011825742
2026-08-19T20:05:00+00:00,22411189-3,Dew Point,CURRENT,°C,18.865938414203857
2026-08-19T20:05:00+00:00,22411190-1,Temperature,CURRENT,°C,27.131723632812502
2026-08-19T20:05:00+00:00,22411190-2,RH,CURRENT,%,59.19127183947509
2026-08-19T20:05:00+00:00,22411190-3,Dew Point,CURRENT,°C,18.501442906164307
2026-08-19T20:05:00+00:00,22411191-1,Temperature,CURRENT,°C,26.724169921874996
2026-08-19T20:05:00+00:00,22411191-2,RH,CURRENT,%,60.29907682917525
2026-08-19T20:05:00+00:00,22411191-3,Dew Point,CURRENT,°C,18.4154542095529
2026-08-19T20:05:00+00:00,22411525-1,Temperature,CURRENT,°C,26.488217773437505
2026-08-19T20:05:00+00:00,22411525-2,RH,CURRENT,%,59.97100785839628
2026-08-19T20:05:00+00:00,22411525-3,Dew Point,CURRENT,°C,18.106808573296746
2026-08-19T20:05:00+00:00,22411526-1,Temperature,CURRENT,°C,28.075532226562494
2026-08-19T20:05:00+00:00,22411526-2,RH,CURRENT,%,57.4013885709926
2026-08-19T20:05:00+00:00,22411526-3,Dew Point,CURRENT,°C,18.892366164001007
2026-08-19T20:05:00+00:00,22411527-1,Temperature,CURRENT,°C,26.445317382812497
2026-08-19T20:05:00+00:00,22411527-2,RH,CURRENT,%,60.36469062333104
2026-08-19T20:05:00+00:00,22411527-3,Dew Point,CURRENT,°C,18.170843939699388
2026-08-19T20:05:00+00:00,22411528-1,Temperature,CURRENT,°C,27.925380859375004
2026-08-19T20:05:00+00:00,22411528-2,RH,CURRENT,%,58.684672312504766
2026-08-19T20:05:00+00:00,22411528-3,Dew Point,CURRENT,°C,19.10694403727149
2026-08-19T20:05:00+00:00,22411529-1,Temperature,CURRENT,°C,29.598496093749993
2026-08-19T20:05:00+00:00,22411529-2,RH,CURRENT,%,56.97261005569543
2026-08-19T20:05:00+00:00,22411529-3,Dew Point,CURRENT,°C,20.191918056117206
2026-08-19T20:05:00+00:00,22411530-1,Temperature,CURRENT,°C,26.7027197265625
2026-08-19T20:05:00+00:00,22411530-2,RH,CURRENT,%,59.9298084992752
2026-08-19T20:05:00+00:00,22411530-3,Dew Point,CURRENT,°C,18.297202481104442
2026-08-19T20:06:00+00:00,22411541-S,Battery,CURRENT,V,8.538774169921876
2026-08-19T20:10:00+00:00,22411189-1,Temperature,CURRENT,°C,26.767070312500003
2026-08-19T20:10:00+00:00,22411189-2,RH,CURRENT,%,59.768062867170215
2026-08-19T20:10:00+00:00,22411189-3,Dew Point,CURRENT,°C,18.314447476135282
2026-08-19T20:10:00+00:00,22411190-1,Temperature,CURRENT,°C,26.552568359374995
2026-08-19T20:10:00+00:00,22411190-2,RH,CURRENT,%,59.227893492027164
2026-08-19T20:10:00+00:00,22411190-3,Dew Point,CURRENT,°C,17.968523965752098
2026-08-19T20:10:00+00:00,22411191-1,Temperature,CURRENT,°C,26.273715820312496
2026-08-19T20:10:00+00:00,22411191-2,RH,CURRENT,%,60.358587014572365
2026-08-19T20:10:00+00:00,22411191-3,Dew Point,CURRENT,°C,18.00800043918791
2026-08-19T20:10:00+00:00,22411525-1,Temperature,CURRENT,°C,26.0806640625
2026-08-19T20:10:00+00:00,22411525-2,RH,CURRENT,%,60.103761348897535
2026-08-19T20:10:00+00:00,22411525-3,Dew Point,CURRENT,°C,17.75933230753793
2026-08-19T20:10:00+00:00,22411526-1,Temperature,CURRENT,°C,27.474926757812504
2026-08-19T20:10:00+00:00,22411526-2,RH,CURRENT,%,58.056000610360876
2026-08-19T20:10:00+00:00,22411526-3,Dew Point,CURRENT,°C,18.51298672389358
2026-08-19T20:10:00+00:00,22411527-1,Temperature,CURRENT,°C,25.994863281249998
2026-08-19T20:10:00+00:00,22411527-2,RH,CURRENT,%,60.55695429922942
2026-08-19T20:10:00+00:00,22411527-3,Dew Point,CURRENT,°C,17.79815151795406
2026-08-19T20:10:00+00:00,22411528-1,Temperature,CURRENT,°C,27.410576171875
2026-08-19T20:10:00+00:00,22411528-2,RH,CURRENT,%,59.353017471580074
2026-08-19T20:10:00+00:00,22411528-3,Dew Point,CURRENT,°C,18.8064776696295
2026-08-19T20:10:00+00:00,22411529-1,Temperature,CURRENT,°C,28.8477392578125
2026-08-19T20:10:00+00:00,22411529-2,RH,CURRENT,%,58.939497978179595
2026-08-19T20:10:00+00:00,22411529-3,Dew Point,CURRENT,°C,20.040186597815037
2026-08-19T20:10:00+00:00,22411530-1,Temperature,CURRENT,°C,26.295166015624993
2026-08-19T20:10:00+00:00,22411530-2,RH,CURRENT,%,59.61852445258259
2026-08-19T20:10:00+00:00,22411530-3,Dew Point,CURRENT,°C,17.83177085262856
2026-08-19T20:11:00+00:00,22411541-S,Battery,CURRENT,V,8.548466308593751
2026-08-19T20:15:00+00:00,22411189-1,Temperature,CURRENT,°C,26.531118164062498
2026-08-19T20:15:00+00:00,22411189-2,RH,CURRENT,%,63.865110246433204
2026-08-19T20:15:00+00:00,22411189-3,Dew Point,CURRENT,°C,19.1541928134921
2026-08-19T20:15:00+00:00,22411190-1,Temperature,CURRENT,°C,26.380966796874993
2026-08-19T20:15:00+00:00,22411190-2,RH,CURRENT,%,62.56504158083467
2026-08-19T20:15:00+00:00,22411190-3,Dew Point,CURRENT,°C,18.682380276878945
2026-08-19T20:15:00+00:00,22411191-1,Temperature,CURRENT,°C,26.187915039062496
2026-08-19T20:15:00+00:00,22411191-2,RH,CURRENT,%,63.72014953841459
2026-08-19T20:15:00+00:00,22411191-3,Dew Point,CURRENT,°C,18.793027354775283
2026-08-19T20:15:00+00:00,22411525-1,Temperature,CURRENT,°C,26.059213867187502
2026-08-19T20:15:00+00:00,22411525-2,RH,CURRENT,%,62.93125810635538
2026-08-19T20:15:00+00:00,22411525-3,Dew Point,CURRENT,°C,18.4719711284216
2026-08-19T20:15:00+00:00,22411526-1,Temperature,CURRENT,°C,27.088823242187495
2026-08-19T20:15:00+00:00,22411526-2,RH,CURRENT,%,61.567101548790724
2026-08-19T20:15:00+00:00,22411526-3,Dew Point,CURRENT,°C,19.09184270860411
2026-08-19T20:15:00+00:00,22411527-1,Temperature,CURRENT,°C,26.016313476562495
2026-08-19T20:15:00+00:00,22411527-2,RH,CURRENT,%,63.22423132677196
2026-08-19T20:15:00+00:00,22411527-3,Dew Point,CURRENT,°C,18.505697407094434
2026-08-19T20:15:00+00:00,22411528-1,Temperature,CURRENT,°C,27.0459228515625
2026-08-19T20:15:00+00:00,22411528-2,RH,CURRENT,%,62.607766842145416
2026-08-19T20:15:00+00:00,22411528-3,Dew Point,CURRENT,°C,19.320890156365724
2026-08-19T20:15:00+00:00,22411529-1,Temperature,CURRENT,°C,28.1184326171875
2026-08-19T20:15:00+00:00,22411529-2,RH,CURRENT,%,63.1616693369955
2026-08-19T20:15:00+00:00,22411529-3,Dew Point,CURRENT,°C,20.47585955023204
2026-08-19T20:15:00+00:00,22411530-1,Temperature,CURRENT,°C,26.187915039062496
2026-08-19T20:15:00+00:00,22411530-2,RH,CURRENT,%,63.152513923857484
2026-08-19T20:15:00+00:00,22411530-3,Dew Point,CURRENT,°C,18.649703151258258
2026-08-19T20:16:00+00:00,22411541-S,Battery,CURRENT,V,8.532312744140626
2026-08-19T20:20:00+00:00,22411189-1,Temperature,CURRENT,°C,26.8743212890625
2026-08-19T20:20:00+00:00,22411189-2,RH,CURRENT,%,61.06813153276875
2026-08-19T20:20:00+00:00,22411189-3,Dew Point,CURRENT,°C,18.75938956611218
2026-08-19T20:20:00+00:00,22411190-1,Temperature,CURRENT,°C,26.65981933593749
2026-08-19T20:20:00+00:00,22411190-2,RH,CURRENT,%,60.25482566567483
2026-08-19T20:20:00+00:00,22411190-3,Dew Point,CURRENT,°C,18.3432803231625
2026-08-19T20:20:00+00:00,22411191-1,Temperature,CURRENT,°C,26.402416992187504
2026-08-19T20:20:00+00:00,22411191-2,RH,CURRENT,%,61.37483787289235
2026-08-19T20:20:00+00:00,22411191-3,Dew Point,CURRENT,°C,18.395400915169507
2026-08-19T20:20:00+00:00,22411525-1,Temperature,CURRENT,°C,26.230815429687503
2026-08-19T20:20:00+00:00,22411525-2,RH,CURRENT,%,60.66529335469596
2026-08-19T20:20:00+00:00,22411525-3,Dew Point,CURRENT,°C,18.048424138664416
2026-08-19T20:20:00+00:00,22411526-1,Temperature,CURRENT,°C,27.410576171875
2026-08-19T20:20:00+00:00,22411526-2,RH,CURRENT,%,59.3667505912871
2026-08-19T20:20:00+00:00,22411526-3,Dew Point,CURRENT,°C,18.810185806861433
2026-08-19T20:20:00+00:00,22411527-1,Temperature,CURRENT,°C,26.209365234374992
2026-08-19T20:20:00+00:00,22411527-2,RH,CURRENT,%,61.013199053940646
2026-08-19T20:20:00+00:00,22411527-3,Dew Point,CURRENT,°C,18.119388221513198
2026-08-19T20:20:00+00:00,22411528-1,Temperature,CURRENT,°C,27.303325195312503
2026-08-19T20:20:00+00:00,22411528-2,RH,CURRENT,%,60.87129015030136
2026-08-19T20:20:00+00:00,22411528-3,Dew Point,CURRENT,°C,19.111106198723384
2026-08-19T20:20:00+00:00,22411529-1,Temperature,CURRENT,°C,28.26858398437499
2026-08-19T20:20:00+00:00,22411529-2,RH,CURRENT,%,60.78583962767986
2026-08-19T20:20:00+00:00,22411529-3,Dew Point,CURRENT,°C,19.995955114430814
2026-08-19T20:20:00+00:00,22411530-1,Temperature,CURRENT,°C,26.380966796874993
2026-08-19T20:20:00+00:00,22411530-2,RH,CURRENT,%,60.569161516746775
2026-08-19T20:20:00+00:00,22411530-3,Dew Point,CURRENT,°C,18.164298496460624
2026-08-19T20:21:00+00:00,22411541-S,Battery,CURRENT,V,8.538774169921876
2026-08-19T20:25:00+00:00,22411189-1,Temperature,CURRENT,°C,27.560727539062505
2026-08-19T20:25:00+00:00,22411189-2,RH,CURRENT,%,59.83825436789502
2026-08-19T20:25:00+00:00,22411189-3,Dew Point,CURRENT,°C,19.077931807335226
2026-08-19T20:25:00+00:00,22411190-1,Temperature,CURRENT,°C,27.324775390625
2026-08-19T20:25:00+00:00,22411190-2,RH,CURRENT,%,59.07225146868086
2026-08-19T20:25:00+00:00,22411190-3,Dew Point,CURRENT,°C,18.650122540131967
2026-08-19T20:25:00+00:00,22411191-1,Temperature,CURRENT,°C,27.003022460937494
2026-08-19T20:25:00+00:00,22411191-2,RH,CURRENT,%,59.723811703669796
2026-08-19T20:25:00+00:00,22411191-3,Dew Point,CURRENT,°C,18.52399468752533
2026-08-19T20:25:00+00:00,22411525-1,Temperature,CURRENT,°C,26.7885205078125
2026-08-19T20:25:00+00:00,22411525-2,RH,CURRENT,%,59.21416037232014
2026-08-19T20:25:00+00:00,22411525-3,Dew Point,CURRENT,°C,18.18597893762303
2026-08-19T20:25:00+00:00,22411526-1,Temperature,CURRENT,°C,28.139882812499998
2026-08-19T20:25:00+00:00,22411526-2,RH,CURRENT,%,57.90035858701457
2026-08-19T20:25:00+00:00,22411526-3,Dew Point,CURRENT,°C,19.091378345971847
2026-08-19T20:25:00+00:00,22411527-1,Temperature,CURRENT,°C,26.767070312500003
2026-08-19T20:25:00+00:00,22411527-2,RH,CURRENT,%,59.595635919737546
2026-08-19T20:25:00+00:00,22411527-3,Dew Point,CURRENT,°C,18.268327342570945
2026-08-19T20:25:00+00:00,22411528-1,Temperature,CURRENT,°C,28.075532226562494
2026-08-19T20:25:00+00:00,22411528-2,RH,CURRENT,%,59.20958266575113
2026-08-19T20:25:00+00:00,22411528-3,Dew Point,CURRENT,°C,19.39076535869368
2026-08-19T20:25:00+00:00,22411529-1,Temperature,CURRENT,°C,29.126591796874997
2026-08-19T20:25:00+00:00,22411529-2,RH,CURRENT,%,61.28328374151217
2026-08-19T20:25:00+00:00,22411529-3,Dew Point,CURRENT,°C,20.935112934063746
2026-08-19T20:25:00+00:00,22411530-1,Temperature,CURRENT,°C,26.981572265624997
2026-08-19T20:25:00+00:00,22411530-2,RH,CURRENT,%,59.27977416647593
2026-08-19T20:25:00+00:00,22411530-3,Dew Point,CURRENT,°C,18.38459874705008
2026-08-19T20:26:00+00:00,22411541-S,Battery,CURRENT,V,8.532312744140626
2026-08-19T20:30:00+00:00,22411189-1,Temperature,CURRENT,°C,27.067373046874998
2026-08-19T20:30:00+00:00,22411189-2,RH,CURRENT,%,60.8392462043183
2026-08-19T20:30:00+00:00,22411189-3,Dew Point,CURRENT,°C,18.880778270676046
2026-08-19T20:30:00+00:00,22411190-1,Temperature,CURRENT,°C,26.8743212890625
2026-08-19T20:30:00+00:00,22411190-2,RH,CURRENT,%,60.186160067139696
2026-08-19T20:30:00+00:00,22411190-3,Dew Point,CURRENT,°C,18.52651908849232
2026-08-19T20:30:00+00:00,22411191-1,Temperature,CURRENT,°C,26.595468750000002
2026-08-19T20:30:00+00:00,22411191-2,RH,CURRENT,%,61.223773556115056
2026-08-19T20:30:00+00:00,22411191-3,Dew Point,CURRENT,°C,18.537735977312746
2026-08-19T20:30:00+00:00,22411525-1,Temperature,CURRENT,°C,26.380966796874993
2026-08-19T20:30:00+00:00,22411525-2,RH,CURRENT,%,60.4974441138323
2026-08-19T20:30:00+00:00,22411525-3,Dew Point,CURRENT,°C,18.145405787641145
2026-08-19T20:30:00+00:00,22411526-1,Temperature,CURRENT,°C,27.710878906249995
2026-08-19T20:30:00+00:00,22411526-2,RH,CURRENT,%,58.51071946288243
2026-08-19T20:30:00+00:00,22411526-3,Dew Point,CURRENT,°C,18.8585756016692
2026-08-19T20:30:00+00:00,22411527-1,Temperature,CURRENT,°C,26.33806640625
2026-08-19T20:30:00+00:00,22411527-2,RH,CURRENT,%,60.89417868314641
2026-08-19T20:30:00+00:00,22411527-3,Dew Point,CURRENT,°C,18.209321833837013
2026-08-19T20:30:00+00:00,22411528-1,Temperature,CURRENT,°C,27.582177734375
2026-08-19T20:30:00+00:00,22411528-2,RH,CURRENT,%,60.15869382772564
2026-08-19T20:30:00+00:00,22411528-3,Dew Point,CURRENT,°C,19.183882665786808
2026-08-19T20:30:00+00:00,22411529-1,Temperature,CURRENT,°C,28.6546875
2026-08-19T20:30:00+00:00,22411529-2,RH,CURRENT,%,60.396734569314106
2026-08-19T20:30:00+00:00,22411529-3,Dew Point,CURRENT,°C,20.25472853187293
2026-08-19T20:30:00+00:00,22411530-1,Temperature,CURRENT,°C,26.595468750000002
2026-08-19T20:30:00+00:00,22411530-2,RH,CURRENT,%,60.72175173571374
2026-08-19T20:30:00+00:00,22411530-3,Dew Point,CURRENT,°C,18.406113854353656
2026-08-19T20:31:00+00:00,22411541-S,Battery,CURRENT,V,8.538774169921876
2026-08-19T20:35:00+00:00,22411189-1,Temperature,CURRENT,°C,27.410576171875
2026-08-19T20:35:00+00:00,22411189-2,RH,CURRENT,%,60.97352559700923
2026-08-19T20:35:00+00:00,22411189-3,Dew Point,CURRENT,°C,19.238942684047544
2026-08-19T20:35:00+00:00,22411190-1,Temperature,CURRENT,°C,27.217524414062503
2026-08-19T20:35:00+00:00,22411190-2,RH,CURRENT,%,60.08850232700084
2026-08-19T20:35:00+00:00,22411190-3,Dew Point,CURRENT,°C,18.822778998282466
2026-08-19T20:35:00+00:00,22411191-1,Temperature,CURRENT,°C,26.917221679687493
2026-08-19T20:35:00+00:00,22411191-2,RH,CURRENT,%,61.142900740062565
2026-08-19T20:35:00+00:00,22411191-3,Dew Point,CURRENT,°C,18.819363181971383
2026-08-19T20:35:00+00:00,22411525-1,Temperature,CURRENT,°C,26.7027197265625
2026-08-19T20:35:00+00:00,22411525-2,RH,CURRENT,%,60.45166704814221
2026-08-19T20:35:00+00:00,22411525-3,Dew Point,CURRENT,°C,18.435689113208756
2026-08-19T20:35:00+00:00,22411526-1,Temperature,CURRENT,°C,28.075532226562494
2026-08-19T20:35:00+00:00,22411526-2,RH,CURRENT,%,58.58854047455558
2026-08-19T20:35:00+00:00,22411526-3,Dew Point,CURRENT,°C,19.22110526793888
2026-08-19T20:35:00+00:00,22411527-1,Temperature,CURRENT,°C,26.638369140624995
2026-08-19T20:35:00+00:00,22411527-2,RH,CURRENT,%,60.987258716716255
2026-08-19T20:35:00+00:00,22411527-3,Dew Point,CURRENT,°C,18.516201075481032
2026-08-19T20:35:00+00:00,22411528-1,Temperature,CURRENT,°C,27.9468310546875
2026-08-19T20:35:00+00:00,22411528-2,RH,CURRENT,%,61.00862134737164
2026-08-19T20:35:00+00:00,22411528-3,Dew Point,CURRENT,°C,19.752560737330395
2026-08-19T20:35:00+00:00,22411529-1,Temperature,CURRENT,°C,28.954990234374996
2026-08-19T20:35:00+00:00,22411529-2,RH,CURRENT,%,60.529488059815364
2026-08-19T20:35:00+00:00,22411529-3,Dew Point,CURRENT,°C,20.572412079457056
2026-08-19T20:35:00+00:00,22411530-1,Temperature,CURRENT,°C,26.917221679687493
2026-08-19T20:35:00+00:00,22411530-2,RH,CURRENT,%,60.57373922331578
2026-08-19T20:35:00+00:00,22411530-3,Dew Point,CURRENT,°C,18.669538973526414
2026-08-19T20:36:00+00:00,22411541-S,Battery,CURRENT,V,8.5420048828125
2026-08-19T20:40:00+00:00,22411189-1,Temperature,CURRENT,°C,27.131723632812502
2026-08-19T20:40:00+00:00,22411189-2,RH,CURRENT,%,61.733424887464714
2026-08-19T20:40:00+00:00,22411189-3,Dew Point,CURRENT,°C,19.175601045281955
2026-08-19T20:40:00+00:00,22411190-1,Temperature,CURRENT,°C,26.917221679687493
2026-08-19T20:40:00+00:00,22411190-2,RH,CURRENT,%,60.37232013427939
2026-08-19T20:40:00+00:00,22411190-3,Dew Point,CURRENT,°C,18.61622285792297
2026-08-19T20:40:00+00:00,22411191-1,Temperature,CURRENT,°C,26.65981933593749
2026-08-19T20:40:00+00:00,22411191-2,RH,CURRENT,%,60.43335622186618
2026-08-19T20:40:00+00:00,22411191-3,Dew Point,CURRENT,°C,18.390536841431533
2026-08-19T20:40:00+00:00,22411525-1,Temperature,CURRENT,°C,26.466767578124994
2026-08-19T20:40:00+00:00,22411525-2,RH,CURRENT,%,59.429312581063556
2026-08-19T20:40:00+00:00,22411525-3,Dew Point,CURRENT,°C,17.942137614338982
2026-08-19T20:40:00+00:00,22411526-1,Temperature,CURRENT,°C,27.73232910156249
2026-08-19T20:40:00+00:00,22411526-2,RH,CURRENT,%,60.50202182040131
2026-08-19T20:40:00+00:00,22411526-3,Dew Point,CURRENT,°C,19.416470132954547
2026-08-19T20:40:00+00:00,22411527-1,Temperature,CURRENT,°C,26.4238671875
2026-08-19T20:40:00+00:00,22411527-2,RH,CURRENT,%,59.8794537270161
2026-08-19T20:40:00+00:00,22411527-3,Dew Point,CURRENT,°C,18.022056807044375
2026-08-19T20:40:00+00:00,22411528-1,Temperature,CURRENT,°C,27.582177734375
2026-08-19T20:40:00+00:00,22411528-2,RH,CURRENT,%,62.34988937209125
2026-08-19T20:40:00+00:00,22411528-3,Dew Point,CURRENT,°C,19.760270350116034
2026-08-19T20:40:00+00:00,22411529-1,Temperature,CURRENT,°C,28.247133789062495
2026-08-19T20:40:00+00:00,22411529-2,RH,CURRENT,%,63.40886549172198
2026-08-19T20:40:00+00:00,22411529-3,Dew Point,CURRENT,°C,20.66091974543656
2026-08-19T20:40:00+00:00,22411530-1,Temperature,CURRENT,°C,26.638369140624995
2026-08-19T20:40:00+00:00,22411530-2,RH,CURRENT,%,60.16784924086366
2026-08-19T20:40:00+00:00,22411530-3,Dew Point,CURRENT,°C,18.30006900053498
2026-08-19T20:41:00+00:00,22411541-S,Battery,CURRENT,V,8.532312744140626
2026-08-19T20:45:00+00:00,22411189-1,Temperature,CURRENT,°C,25.522958984375002
2026-08-19T20:45:00+00:00,22411189-2,RH,CURRENT,%,62.281223773556114
2026-08-19T20:45:00+00:00,22411189-3,Dew Point,CURRENT,°C,17.800210362938866
2026-08-19T20:45:00+00:00,22411190-1,Temperature,CURRENT,°C,25.5444091796875
2026-08-19T20:45:00+00:00,22411190-2,RH,CURRENT,%,60.88654917219806
2026-08-19T20:45:00+00:00,22411190-3,Dew Point,CURRENT,°C,17.460746853928313
2026-08-19T20:45:00+00:00,22411191-1,Temperature,CURRENT,°C,25.351357421875
2026-08-19T20:45:00+00:00,22411191-2,RH,CURRENT,%,61.896696421759366
2026-08-19T20:45:00+00:00,22411191-3,Dew Point,CURRENT,°C,17.539990953526654
2026-08-19T20:45:00+00:00,22411525-1,Temperature,CURRENT,°C,25.265556640625
2026-08-19T20:45:00+00:00,22411525-2,RH,CURRENT,%,61.367208361944
2026-08-19T20:45:00+00:00,22411525-3,Dew Point,CURRENT,°C,17.322920731821018
2026-08-19T20:45:00+00:00,22411526-1,Temperature,CURRENT,°C,25.823261718749997
2026-08-19T20:45:00+00:00,22411526-2,RH,CURRENT,%,60.4974441138323
2026-08-19T20:45:00+00:00,22411526-3,Dew Point,CURRENT,°C,17.621223328016182
2026-08-19T20:45:00+00:00,22411527-1,Temperature,CURRENT,°C,25.265556640625
2026-08-19T20:45:00+00:00,22411527-2,RH,CURRENT,%,61.62203402761883
2026-08-19T20:45:00+00:00,22411527-3,Dew Point,CURRENT,°C,17.38858870117027
2026-08-19T20:45:00+00:00,22411528-1,Temperature,CURRENT,°C,25.608759765625003
2026-08-19T20:45:00+00:00,22411528-2,RH,CURRENT,%,62.111848630502784
2026-08-19T20:45:00+00:00,22411528-3,Dew Point,CURRENT,°C,17.83783058116098
2026-08-19T20:45:00+00:00,22411529-1,Temperature,CURRENT,°C,25.994863281249998
2026-08-19T20:45:00+00:00,22411529-2,RH,CURRENT,%,62.53910124361028
2026-08-19T20:45:00+00:00,22411529-3,Dew Point,CURRENT,°C,18.3113470961901
2026-08-19T20:45:00+00:00,22411530-1,Temperature,CURRENT,°C,25.329907226562504
2026-08-19T20:45:00+00:00,22411530-2,RH,CURRENT,%,61.30159456778821
2026-08-19T20:45:00+00:00,22411530-3,Dew Point,CURRENT,°C,17.366567028287303
2026-08-19T20:46:00+00:00,22411541-S,Battery,CURRENT,V,8.519389892578126
2026-08-19T20:50:00+00:00,22411189-1,Temperature,CURRENT,°C,24.922353515624998
2026-08-19T20:50:00+00:00,22411189-2,RH,CURRENT,%,67.00083924620432
2026-08-19T20:50:00+00:00,22411189-3,Dew Point,CURRENT,°C,18.395252933339115
2026-08-19T20:50:00+00:00,22411190-1,Temperature,CURRENT,°C,24.96525390624999
2026-08-19T20:50:00+00:00,22411190-2,RH,CURRENT,%,65.36659800106813
2026-08-19T20:50:00+00:00,22411190-3,Dew Point,CURRENT,°C,18.04206454238012
2026-08-19T20:50:00+00:00,22411191-1,Temperature,CURRENT,°C,24.96525390624999
2026-08-19T20:50:00+00:00,22411191-2,RH,CURRENT,%,66.04562447547113
2026-08-19T20:50:00+00:00,22411191-3,Dew Point,CURRENT,°C,18.206822166506747
2026-08-19T20:50:00+00:00,22411525-1,Temperature,CURRENT,°C,24.922353515624998
2026-08-19T20:50:00+00:00,22411525-2,RH,CURRENT,%,64.98817425803006
2026-08-19T20:50:00+00:00,22411525-3,Dew Point,CURRENT,°C,17.9088999871554
2026-08-19T20:50:00+00:00,22411526-1,Temperature,CURRENT,°C,25.029604492187495
2026-08-19T20:50:00+00:00,22411526-2,RH,CURRENT,%,65.73281452658884
2026-08-19T20:50:00+00:00,22411526-3,Dew Point,CURRENT,°C,18.192233734608205
2026-08-19T20:50:00+00:00,22411527-1,Temperature,CURRENT,°C,24.943803710937495
2026-08-19T20:50:00+00:00,22411527-2,RH,CURRENT,%,65.34981307698176
2026-08-19T20:50:00+00:00,22411527-3,Dew Point,CURRENT,°C,18.01761225093656
2026-08-19T20:50:00+00:00,22411528-1,Temperature,CURRENT,°C,24.9009033203125
2026-08-19T20:50:00+00:00,22411528-2,RH,CURRENT,%,66.84977492942703
2026-08-19T20:50:00+00:00,22411528-3,Dew Point,CURRENT,°C,18.33877732739119
2026-08-19T20:50:00+00:00,22411529-1,Temperature,CURRENT,°C,24.8151025390625
2026-08-19T20:50:00+00:00,22411529-2,RH,CURRENT,%,68.80445563439383
2026-08-19T20:50:00+00:00,22411529-3,Dew Point,CURRENT,°C,18.717883458652143
2026-08-19T20:50:00+00:00,22411530-1,Temperature,CURRENT,°C,24.943803710937495
2026-08-19T20:50:00+00:00,22411530-2,RH,CURRENT,%,65.38033112077515
2026-08-19T20:50:00+00:00,22411530-3,Dew Point,CURRENT,°C,18.025049657961173
2026-08-19T20:51:00+00:00,22411541-S,Battery,CURRENT,V,8.512928466796875
2026-08-19T20:55:00+00:00,22411189-1,Temperature,CURRENT,°C,24.300297851562497
2026-08-19T20:55:00+00:00,22411189-2,RH,CURRENT,%,71.23521782253758
2026-08-19T20:55:00+00:00,22411189-3,Dew Point,CURRENT,°C,18.78119230680918
2026-08-19T20:55:00+00:00,22411190-1,Temperature,CURRENT,°C,24.3646484375
2026-08-19T20:55:00+00:00,22411190-2,RH,CURRENT,%,69.61623559929808
2026-08-19T20:55:00+00:00,22411190-3,Dew Point,CURRENT,°C,18.474895273894862
2026-08-19T20:55:00+00:00,22411191-1,Temperature,CURRENT,°C,24.343198242187505
2026-08-19T20:55:00+00:00,22411191-2,RH,CURRENT,%,70.2738994430457
2026-08-19T20:55:00+00:00,22411191-3,Dew Point,CURRENT,°C,18.604749366339796
2026-08-19T20:55:00+00:00,22411525-1,Temperature,CURRENT,°C,24.257397460937504
2026-08-19T20:55:00+00:00,22411525-2,RH,CURRENT,%,69.43770504310673
2026-08-19T20:55:00+00:00,22411525-3,Dew Point,CURRENT,°C,18.331263273462888
2026-08-19T20:55:00+00:00,22411526-1,Temperature,CURRENT,°C,24.407548828124995
2026-08-19T20:55:00+00:00,22411526-2,RH,CURRENT,%,70.12741283283742
2026-08-19T20:55:00+00:00,22411526-3,Dew Point,CURRENT,°C,18.63299003706619
2026-08-19T20:55:00+00:00,22411527-1,Temperature,CURRENT,°C,24.27884765625
2026-08-19T20:55:00+00:00,22411527-2,RH,CURRENT,%,69.57045853360799
2026-08-19T20:55:00+00:00,22411527-3,Dew Point,CURRENT,°C,18.382289641037268
2026-08-19T20:55:00+00:00,22411528-1,Temperature,CURRENT,°C,24.321748046874994
2026-08-19T20:55:00+00:00,22411528-2,RH,CURRENT,%,71.81811245899138
2026-08-19T20:55:00+00:00,22411528-3,Dew Point,CURRENT,°C,18.932453868153633
2026-08-19T20:55:00+00:00,22411529-1,Temperature,CURRENT,°C,24.171596679687504
2026-08-19T20:55:00+00:00,22411529-2,RH,CURRENT,%,74.10086213473717
2026-08-19T20:55:00+00:00,22411529-3,Dew Point,CURRENT,°C,19.290649448912223
2026-08-19T20:55:00+00:00,22411530-1,Temperature,CURRENT,°C,24.27884765625
2026-08-19T20:55:00+00:00,22411530-2,RH,CURRENT,%,69.5246814679179
2026-08-19T20:55:00+00:00,22411530-3,Dew Point,CURRENT,°C,18.371775254349544
2026-08-19T20:56:00+00:00,22411541-S,Battery,CURRENT,V,8.503236328125
2026-08-19T21:00:00+00:00,22411189-1,Temperature,CURRENT,°C,22.712983398437494
2026-08-19T21:00:00+00:00,22411189-2,RH,CURRENT,%,79.829098954757
2026-08-19T21:00:00+00:00,22411189-3,Dew Point,CURRENT,°C,19.074272654320662
2026-08-19T21:00:00+00:00,22411190-1,Temperature,CURRENT,°C,22.927485351562503
2026-08-19T21:00:00+00:00,22411190-2,RH,CURRENT,%,76.9741359578851
2026-08-19T21:00:00+00:00,22411190-3,Dew Point,CURRENT,°C,18.698553372140687
2026-08-19T21:00:00+00:00,22411191-1,Temperature,CURRENT,°C,22.777333984374998
2026-08-19T21:00:00+00:00,22411191-2,RH,CURRENT,%,78.58396276798658
2026-08-19T21:00:00+00:00,22411191-3,Dew Point,CURRENT,°C,18.88455662683164
2026-08-19T21:00:00+00:00,22411525-1,Temperature,CURRENT,°C,22.734433593750005
2026-08-19T21:00:00+00:00,22411525-2,RH,CURRENT,%,76.78644998855573
2026-08-19T21:00:00+00:00,22411525-3,Dew Point,CURRENT,°C,18.472429023799258
2026-08-19T21:00:00+00:00,22411526-1,Temperature,CURRENT,°C,22.991835937499992
2026-08-19T21:00:00+00:00,22411526-2,RH,CURRENT,%,78.80064087891967
2026-08-19T21:00:00+00:00,22411526-3,Dew Point,CURRENT,°C,19.137212210800985
2026-08-19T21:00:00+00:00,22411527-1,Temperature,CURRENT,°C,22.841684570312502
2026-08-19T21:00:00+00:00,22411527-2,RH,CURRENT,%,82.31937132829786
2026-08-19T21:00:00+00:00,22411527-3,Dew Point,CURRENT,°C,19.694379171915987
2026-08-19T21:00:00+00:00,22411528-1,Temperature,CURRENT,°C,22.841684570312502
2026-08-19T21:00:00+00:00,22411528-2,RH,CURRENT,%,80.84687571526665
2026-08-19T21:00:00+00:00,22411528-3,Dew Point,CURRENT,°C,19.40340861418829
2026-08-19T21:00:00+00:00,22411529-1,Temperature,CURRENT,°C,22.991835937499992
2026-08-19T21:00:00+00:00,22411529-2,RH,CURRENT,%,82.69169146257725
2026-08-19T21:00:00+00:00,22411529-3,Dew Point,CURRENT,°C,19.91405512976671
2026-08-19T21:00:00+00:00,22411530-1,Temperature,CURRENT,°C,22.82023437499999
2026-08-19T21:00:00+00:00,22411530-2,RH,CURRENT,%,77.36629282063019
2026-08-19T21:00:00+00:00,22411530-3,Dew Point,CURRENT,°C,18.675953993185836
2026-08-19T21:01:00+00:00,22411541-S,Battery,CURRENT,V,8.49677490234375
2026-08-19T21:05:00+00:00,22411189-1,Temperature,CURRENT,°C,21.576123046875004
2026-08-19T21:05:00+00:00,22411189-2,RH,CURRENT,%,87.88586251621271
2026-08-19T21:05:00+00:00,22411189-3,Dew Point,CURRENT,°C,19.507640850264302
2026-08-19T21:05:00+00:00,22411190-1,Temperature,CURRENT,°C,21.661923828125005
2026-08-19T21:05:00+00:00,22411190-2,RH,CURRENT,%,84.95155260547799
2026-08-19T21:05:00+00:00,22411190-3,Dew Point,CURRENT,°C,19.04574805400299
2026-08-19T21:05:00+00:00,22411191-1,Temperature,CURRENT,°C,21.640473632812494
2026-08-19T21:05:00+00:00,22411191-2,RH,CURRENT,%,86.11429007400626
2026-08-19T21:05:00+00:00,22411191-3,Dew Point,CURRENT,°C,19.243141859342035
2026-08-19T21:05:00+00:00,22411525-1,Temperature,CURRENT,°C,21.6833740234375
2026-08-19T21:05:00+00:00,22411525-2,RH,CURRENT,%,83.93987945372702
2026-08-19T21:05:00+00:00,22411525-3,Dew Point,CURRENT,°C,18.874532830813497
2026-08-19T21:05:00+00:00,22411526-1,Temperature,CURRENT,°C,21.5975732421875
2026-08-19T21:05:00+00:00,22411526-2,RH,CURRENT,%,86.75516899366751
2026-08-19T21:05:00+00:00,22411526-3,Dew Point,CURRENT,°C,19.320234699184393
2026-08-19T21:05:00+00:00,22411527-1,Temperature,CURRENT,°C,21.790625
2026-08-19T21:05:00+00:00,22411527-2,RH,CURRENT,%,84.16876478217746
2026-08-19T21:05:00+00:00,22411527-3,Dew Point,CURRENT,°C,19.02332727943026
2026-08-19T21:05:00+00:00,22411528-1,Temperature,CURRENT,°C,21.447421874999996
2026-08-19T21:05:00+00:00,22411528-2,RH,CURRENT,%,89.6406500343328
2026-08-19T21:05:00+00:00,22411528-3,Dew Point,CURRENT,°C,19.699495050514077
2026-08-19T21:05:00+00:00,22411529-1,Temperature,CURRENT,°C,21.640473632812494
2026-08-19T21:05:00+00:00,22411529-2,RH,CURRENT,%,90.27542534523538
2026-08-19T21:05:00+00:00,22411529-3,Dew Point,CURRENT,°C,20.00431693623888
2026-08-19T21:05:00+00:00,22411530-1,Temperature,CURRENT,°C,21.74772460937499
2026-08-19T21:05:00+00:00,22411530-2,RH,CURRENT,%,84.68146791790646
2026-08-19T21:05:00+00:00,22411530-3,Dew Point,CURRENT,°C,19.07878445617116
2026-08-19T21:06:00+00:00,22411541-S,Battery,CURRENT,V,8.48385205078125
2026-08-19T21:10:00+00:00,22411189-1,Temperature,CURRENT,°C,21.5117724609375
2026-08-19T21:10:00+00:00,22411189-2,RH,CURRENT,%,91.60906385900664
2026-08-19T21:10:00+00:00,22411189-3,Dew Point,CURRENT,°C,20.11429159722638
2026-08-19T21:10:00+00:00,22411190-1,Temperature,CURRENT,°C,21.5117724609375
2026-08-19T21:10:00+00:00,22411190-2,RH,CURRENT,%,88.65491721980621
2026-08-19T21:10:00+00:00,22411190-3,Dew Point,CURRENT,°C,19.584640957418888
2026-08-19T21:10:00+00:00,22411191-1,Temperature,CURRENT,°C,21.661923828125005
2026-08-19T21:10:00+00:00,22411191-2,RH,CURRENT,%,89.64370183871213
2026-08-19T21:10:00+00:00,22411191-3,Dew Point,CURRENT,°C,19.911951512807097
2026-08-19T21:10:00+00:00,22411525-1,Temperature,CURRENT,°C,21.661923828125005
2026-08-19T21:10:00+00:00,22411525-2,RH,CURRENT,%,87.44792858777753
2026-08-19T21:10:00+00:00,22411525-3,Dew Point,CURRENT,°C,19.511661227014688
2026-08-19T21:10:00+00:00,22411526-1,Temperature,CURRENT,°C,21.404521484375003
2026-08-19T21:10:00+00:00,22411526-2,RH,CURRENT,%,90.39902342259862
2026-08-19T21:10:00+00:00,22411526-3,Dew Point,CURRENT,°C,19.79310946710635
2026-08-19T21:10:00+00:00,22411527-1,Temperature,CURRENT,°C,21.790625
2026-08-19T21:10:00+00:00,22411527-2,RH,CURRENT,%,87.2281986724651
2026-08-19T21:10:00+00:00,22411527-3,Dew Point,CURRENT,°C,19.597830166862444
2026-08-19T21:10:00+00:00,22411528-1,Temperature,CURRENT,°C,21.29727050781249
2026-08-19T21:10:00+00:00,22411528-2,RH,CURRENT,%,93.09224078736553
2026-08-19T21:10:00+00:00,22411528-3,Dew Point,CURRENT,°C,20.16168660659813
2026-08-19T21:10:00+00:00,22411529-1,Temperature,CURRENT,°C,21.404521484375003
2026-08-19T21:10:00+00:00,22411529-2,RH,CURRENT,%,94.14816510261693
2026-08-19T21:10:00+00:00,22411529-3,Dew Point,CURRENT,°C,20.451116406400203
2026-08-19T21:10:00+00:00,22411530-1,Temperature,CURRENT,°C,21.726274414062495
2026-08-19T21:10:00+00:00,22411530-2,RH,CURRENT,%,87.84008545052262
2026-08-19T21:10:00+00:00,22411530-3,Dew Point,CURRENT,°C,19.647201331651097
2026-08-19T21:11:00+00:00,22411541-S,Battery,CURRENT,V,8.480621337890625
2026-08-19T21:15:00+00:00,22411189-1,Temperature,CURRENT,°C,21.919326171874992
2026-08-19T21:15:00+00:00,22411189-2,RH,CURRENT,%,91.54802777141985
2026-08-19T21:15:00+00:00,22411189-3,Dew Point,CURRENT,°C,20.507184891086503
2026-08-19T21:15:00+00:00,22411190-1,Temperature,CURRENT,°C,21.87642578125
2026-08-19T21:15:00+00:00,22411190-2,RH,CURRENT,%,88.42603189135576
2026-08-19T21:15:00+00:00,22411190-3,Dew Point,CURRENT,°C,19.90258419456841
2026-08-19T21:15:00+00:00,22411191-1,Temperature,CURRENT,°C,22.04802734375
2026-08-19T21:15:00+00:00,22411191-2,RH,CURRENT,%,89.54299229419394
2026-08-19T21:15:00+00:00,22411191-3,Dew Point,CURRENT,°C,20.275153385546687
2026-08-19T21:15:00+00:00,22411525-1,Temperature,CURRENT,°C,21.9622265625
2026-08-19T21:15:00+00:00,22411525-2,RH,CURRENT,%,87.57610437170977
2026-08-19T21:15:00+00:00,22411525-3,Dew Point,CURRENT,°C,19.831066253379493
2026-08-19T21:15:00+00:00,22411526-1,Temperature,CURRENT,°C,21.74772460937499
2026-08-19T21:15:00+00:00,22411526-2,RH,CURRENT,%,90.86594949263753
2026-08-19T21:15:00+00:00,22411526-3,Dew Point,CURRENT,°C,20.21597353667815
2026-08-19T21:15:00+00:00,22411527-1,Temperature,CURRENT,°C,22.090927734374993
2026-08-19T21:15:00+00:00,22411527-2,RH,CURRENT,%,87.31975280384528
2026-08-19T21:15:00+00:00,22411527-3,Dew Point,CURRENT,°C,19.910436066366543
2026-08-19T21:15:00+00:00,22411528-1,Temperature,CURRENT,°C,21.6833740234375
2026-08-19T21:15:00+00:00,22411528-2,RH,CURRENT,%,93.2188906691081
2026-08-19T21:15:00+00:00,22411528-3,Dew Point,CURRENT,°C,20.567021744964144
2026-08-19T21:15:00+00:00,22411529-1,Temperature,CURRENT,°C,21.619023437499997
2026-08-19T21:15:00+00:00,22411529-2,RH,CURRENT,%,95.41161211566339
2026-08-19T21:15:00+00:00,22411529-3,Dew Point,CURRENT,°C,20.881280075460026
2026-08-19T21:15:00+00:00,22411530-1,Temperature,CURRENT,°C,22.04802734375
2026-08-19T21:15:00+00:00,22411530-2,RH,CURRENT,%,87.80498970016022
2026-08-19T21:15:00+00:00,22411530-3,Dew Point,CURRENT,°C,19.957783367650666
2026-08-19T21:16:00+00:00,22411541-S,Battery,CURRENT,V,8.48385205078125
2026-08-19T21:20:00+00:00,22411189-1,Temperature,CURRENT,°C,22.262529296874995
2026-08-19T21:20:00+00:00,22411189-2,RH,CURRENT,%,91.79064621957733
2026-08-19T21:20:00+00:00,22411189-3,Dew Point,CURRENT,°C,20.89022918800077
2026-08-19T21:20:00+00:00,22411190-1,Temperature,CURRENT,°C,22.21962890625
2026-08-19T21:20:00+00:00,22411190-2,RH,CURRENT,%,88.74341954680705
2026-08-19T21:20:00+00:00,22411190-3,Dew Point,CURRENT,°C,20.29912709442047
2026-08-19T21:20:00+00:00,22411191-1,Temperature,CURRENT,°C,22.3268798828125
2026-08-19T21:20:00+00:00,22411191-2,RH,CURRENT,%,89.6757457846952
2026-08-19T21:20:00+00:00,22411191-3,Dew Point,CURRENT,°C,20.574655127921496
2026-08-19T21:20:00+00:00,22411525-1,Temperature,CURRENT,°C,22.176728515624994
2026-08-19T21:20:00+00:00,22411525-2,RH,CURRENT,%,87.37468528267338
2026-08-19T21:20:00+00:00,22411525-3,Dew Point,CURRENT,°C,20.005090861423053
2026-08-19T21:20:00+00:00,22411526-1,Temperature,CURRENT,°C,22.176728515624994
2026-08-19T21:20:00+00:00,22411526-2,RH,CURRENT,%,90.75303273060197
2026-08-19T21:20:00+00:00,22411526-3,Dew Point,CURRENT,°C,20.62028625979666
2026-08-19T21:20:00+00:00,22411527-1,Temperature,CURRENT,°C,22.28397949218749
2026-08-19T21:20:00+00:00,22411527-2,RH,CURRENT,%,87.20988784618906
2026-08-19T21:20:00+00:00,22411527-3,Dew Point,CURRENT,°C,20.08013629123512
2026-08-19T21:20:00+00:00,22411528-1,Temperature,CURRENT,°C,22.112377929687504
2026-08-19T21:20:00+00:00,22411528-2,RH,CURRENT,%,93.64919508659494
2026-08-19T21:20:00+00:00,22411528-3,Dew Point,CURRENT,°C,21.068018291001014
2026-08-19T21:20:00+00:00,22411529-1,Temperature,CURRENT,°C,21.983676757812496
2026-08-19T21:20:00+00:00,22411529-2,RH,CURRENT,%,96.30121309224079
2026-08-19T21:20:00+00:00,22411529-3,Dew Point,CURRENT,°C,21.39603220730718
2026-08-19T21:20:00+00:00,22411530-1,Temperature,CURRENT,°C,22.305429687500002
2026-08-19T21:20:00+00:00,22411530-2,RH,CURRENT,%,88.13458457312886
2026-08-19T21:20:00+00:00,22411530-3,Dew Point,CURRENT,°C,20.272126869724268
2026-08-19T21:21:00+00:00,22411541-S,Battery,CURRENT,V,8.487082763671875
2026-08-19T21:25:00+00:00,22411189-1,Temperature,CURRENT,°C,22.605732421874997
2026-08-19T21:25:00+00:00,22411189-2,RH,CURRENT,%,90.60044251163501
2026-08-19T21:25:00+00:00,22411189-3,Dew Point,CURRENT,°C,21.017296773011907
2026-08-19T21:25:00+00:00,22411190-1,Temperature,CURRENT,°C,22.519931640624996
2026-08-19T21:25:00+00:00,22411190-2,RH,CURRENT,%,87.37315938048371
2026-08-19T21:25:00+00:00,22411190-3,Dew Point,CURRENT,°C,20.342753245612965
2026-08-19T21:25:00+00:00,22411191-1,Temperature,CURRENT,°C,22.5842822265625
2026-08-19T21:25:00+00:00,22411191-2,RH,CURRENT,%,88.25207904173342
2026-08-19T21:25:00+00:00,22411191-3,Dew Point,CURRENT,°C,20.568650439978676
2026-08-19T21:25:00+00:00,22411525-1,Temperature,CURRENT,°C,22.455581054687492
2026-08-19T21:25:00+00:00,22411525-2,RH,CURRENT,%,86.45456626230259
2026-08-19T21:25:00+00:00,22411525-3,Dew Point,CURRENT,°C,20.108152586538036
2026-08-19T21:25:00+00:00,22411526-1,Temperature,CURRENT,°C,22.519931640624996
2026-08-19T21:25:00+00:00,22411526-2,RH,CURRENT,%,90.56992446784162
2026-08-19T21:25:00+00:00,22411526-3,Dew Point,CURRENT,°C,20.926935604787563
2026-08-19T21:25:00+00:00,22411527-1,Temperature,CURRENT,°C,22.541381835937493
2026-08-19T21:25:00+00:00,22411527-2,RH,CURRENT,%,86.54154268711376
2026-08-19T21:25:00+00:00,22411527-3,Dew Point,CURRENT,°C,20.20881793615689
2026-08-19T21:25:00+00:00,22411528-1,Temperature,CURRENT,°C,22.4984814453125
2026-08-19T21:25:00+00:00,22411528-2,RH,CURRENT,%,93.47676813916227
2026-08-19T21:25:00+00:00,22411528-3,Dew Point,CURRENT,°C,21.42139563973134
2026-08-19T21:25:00+00:00,22411529-1,Temperature,CURRENT,°C,22.305429687500002
2026-08-19T21:25:00+00:00,22411529-2,RH,CURRENT,%,96.74982833600366
2026-08-19T21:25:00+00:00,22411529-3,Dew Point,CURRENT,°C,21.792978963655212
2026-08-19T21:25:00+00:00,22411530-1,Temperature,CURRENT,°C,22.5842822265625
2026-08-19T21:25:00+00:00,22411530-2,RH,CURRENT,%,87.3289082169833
2026-08-19T21:25:00+00:00,22411530-3,Dew Point,CURRENT,°C,20.397896229300507
2026-08-19T21:26:00+00:00,22411541-S,Battery,CURRENT,V,8.487082763671875
2026-08-19T21:30:00+00:00,22411189-1,Temperature,CURRENT,°C,22.712983398437494
2026-08-19T21:30:00+00:00,22411189-2,RH,CURRENT,%,87.72259098191806
2026-08-19T21:30:00+00:00,22411189-3,Dew Point,CURRENT,°C,20.59769627398423
2026-08-19T21:30:00+00:00,22411190-1,Temperature,CURRENT,°C,22.6700830078125
2026-08-19T21:30:00+00:00,22411190-2,RH,CURRENT,%,85.07057297627222
2026-08-19T21:30:00+00:00,22411190-3,Dew Point,CURRENT,°C,20.057636553552598
2026-08-19T21:30:00+00:00,22411191-1,Temperature,CURRENT,°C,22.691533203124997
2026-08-19T21:30:00+00:00,22411191-2,RH,CURRENT,%,86.19211108567941
2026-08-19T21:30:00+00:00,22411191-3,Dew Point,CURRENT,°C,20.29087228078552
2026-08-19T21:30:00+00:00,22411525-1,Temperature,CURRENT,°C,22.5842822265625
2026-08-19T21:30:00+00:00,22411525-2,RH,CURRENT,%,84.38391699092088
2026-08-19T21:30:00+00:00,22411525-3,Dew Point,CURRENT,°C,19.842422176301906
2026-08-19T21:30:00+00:00,22411526-1,Temperature,CURRENT,°C,22.648632812500004
2026-08-19T21:30:00+00:00,22411526-2,RH,CURRENT,%,87.04509040970474
2026-08-19T21:30:00+00:00,22411526-3,Dew Point,CURRENT,°C,20.408416306007496
2026-08-19T21:30:00+00:00,22411527-1,Temperature,CURRENT,°C,22.648632812500004
2026-08-19T21:30:00+00:00,22411527-2,RH,CURRENT,%,84.40222781719692
2026-08-19T21:30:00+00:00,22411527-3,Dew Point,CURRENT,°C,19.90901670108728
2026-08-19T21:30:00+00:00,22411528-1,Temperature,CURRENT,°C,22.562832031250004
2026-08-19T21:30:00+00:00,22411528-2,RH,CURRENT,%,89.81307698176546
2026-08-19T21:30:00+00:00,22411528-3,Dew Point,CURRENT,°C,20.832665303973855
2026-08-19T21:30:00+00:00,22411529-1,Temperature,CURRENT,°C,22.348330078124995
2026-08-19T21:30:00+00:00,22411529-2,RH,CURRENT,%,93.41725795376516
2026-08-19T21:30:00+00:00,22411529-3,Dew Point,CURRENT,°C,21.26187899351489
2026-08-19T21:30:00+00:00,22411530-1,Temperature,CURRENT,°C,22.691533203124997
2026-08-19T21:30:00+00:00,22411530-2,RH,CURRENT,%,84.956130312047
2026-08-19T21:30:00+00:00,22411530-3,Dew Point,CURRENT,°C,20.05689799001847
2026-08-19T21:31:00+00:00,22411541-S,Battery,CURRENT,V,8.500005615234375
2026-08-19T21:35:00+00:00,22411189-1,Temperature,CURRENT,°C,23.89274414062499
2026-08-19T21:35:00+00:00,22411189-2,RH,CURRENT,%,85.98306248569466
2026-08-19T21:35:00+00:00,22411189-3,Dew Point,CURRENT,°C,21.43185149773168
2026-08-19T21:35:00+00:00,22411190-1,Temperature,CURRENT,°C,23.785493164062494
2026-08-19T21:35:00+00:00,22411190-2,RH,CURRENT,%,83.14335851071947
2026-08-19T21:35:00+00:00,22411190-3,Dew Point,CURRENT,°C,20.77872320144104
2026-08-19T21:35:00+00:00,22411191-1,Temperature,CURRENT,°C,23.764042968749997
2026-08-19T21:35:00+00:00,22411191-2,RH,CURRENT,%,84.33356221866178
2026-08-19T21:35:00+00:00,22411191-3,Dew Point,CURRENT,°C,20.989233905342115
2026-08-19T21:35:00+00:00,22411525-1,Temperature,CURRENT,°C,23.592441406249996
2026-08-19T21:35:00+00:00,22411525-2,RH,CURRENT,%,82.87937743190662
2026-08-19T21:35:00+00:00,22411525-3,Dew Point,CURRENT,°C,20.538161262023422
2026-08-19T21:35:00+00:00,22411526-1,Temperature,CURRENT,°C,24.064345703124992
2026-08-19T21:35:00+00:00,22411526-2,RH,CURRENT,%,85.34523537041275
2026-08-19T21:35:00+00:00,22411526-3,Dew Point,CURRENT,°C,21.478569063444887
2026-08-19T21:35:00+00:00,22411527-1,Temperature,CURRENT,°C,23.635341796875004
2026-08-19T21:35:00+00:00,22411527-2,RH,CURRENT,%,83.07469291218433
2026-08-19T21:35:00+00:00,22411527-3,Dew Point,CURRENT,°C,20.618376903703084
2026-08-19T21:35:00+00:00,22411528-1,Temperature,CURRENT,°C,23.957094726562495
2026-08-19T21:35:00+00:00,22411528-2,RH,CURRENT,%,88.76478217746242
2026-08-19T21:35:00+00:00,22411528-3,Dew Point,CURRENT,°C,22.01720382028688
2026-08-19T21:35:00+00:00,22411529-1,Temperature,CURRENT,°C,23.013286132812503
2026-08-19T21:35:00+00:00,22411529-2,RH,CURRENT,%,95.61303120469978
2026-08-19T21:35:00+00:00,22411529-3,Dew Point,CURRENT,°C,22.30421329870649
2026-08-19T21:35:00+00:00,22411530-1,Temperature,CURRENT,°C,23.699692382812493
2026-08-19T21:35:00+00:00,22411530-2,RH,CURRENT,%,83.61181048294804
2026-08-19T21:35:00+00:00,22411530-3,Dew Point,CURRENT,°C,20.786186120511132
2026-08-19T21:36:00+00:00,22411541-S,Battery,CURRENT,V,8.503236328125
2026-08-19T21:40:00+00:00,22411189-1,Temperature,CURRENT,°C,25.05105468749999
2026-08-19T21:40:00+00:00,22411189-2,RH,CURRENT,%,80.8697642481117
2026-08-19T21:40:00+00:00,22411189-3,Dew Point,CURRENT,°C,21.562145527426125
2026-08-19T21:40:00+00:00,22411190-1,Temperature,CURRENT,°C,24.7293017578125
2026-08-19T21:40:00+00:00,22411190-2,RH,CURRENT,%,78.74113069352255
2026-08-19T21:40:00+00:00,22411190-3,Dew Point,CURRENT,°C,20.81348256033968
2026-08-19T21:40:00+00:00,22411191-1,Temperature,CURRENT,°C,24.386098632812498
2026-08-19T21:40:00+00:00,22411191-2,RH,CURRENT,%,78.61753261615931
2026-08-19T21:40:00+00:00,22411191-3,Dew Point,CURRENT,°C,20.454491068143692
2026-08-19T21:40:00+00:00,22411525-1,Temperature,CURRENT,°C,24.171596679687504
2026-08-19T21:40:00+00:00,22411525-2,RH,CURRENT,%,77.29762722209506
2026-08-19T21:40:00+00:00,22411525-3,Dew Point,CURRENT,°C,19.97195965725172
2026-08-19T21:40:00+00:00,22411526-1,Temperature,CURRENT,°C,25.608759765625003
2026-08-19T21:40:00+00:00,22411526-2,RH,CURRENT,%,79.37743190661479
2026-08-19T21:40:00+00:00,22411526-3,Dew Point,CURRENT,°C,21.79994077426611
2026-08-19T21:40:00+00:00,22411527-1,Temperature,CURRENT,°C,24.193046875
2026-08-19T21:40:00+00:00,22411527-2,RH,CURRENT,%,77.58602273594262
2026-08-19T21:40:00+00:00,22411527-3,Dew Point,CURRENT,°C,20.05301047168753
2026-08-19T21:40:00+00:00,22411528-1,Temperature,CURRENT,°C,25.351357421875
2026-08-19T21:40:00+00:00,22411528-2,RH,CURRENT,%,82.7695124742504
2026-08-19T21:40:00+00:00,22411528-3,Dew Point,CURRENT,°C,22.236528879132255
2026-08-19T21:40:00+00:00,22411529-1,Temperature,CURRENT,°C,24.193046875
2026-08-19T21:40:00+00:00,22411529-2,RH,CURRENT,%,94.64866102082857
2026-08-19T21:40:00+00:00,22411529-3,Dew Point,CURRENT,°C,23.310786848080067
2026-08-19T21:40:00+00:00,22411530-1,Temperature,CURRENT,°C,24.386098632812498
2026-08-19T21:40:00+00:00,22411530-2,RH,CURRENT,%,78.03616388189518
2026-08-19T21:40:00+00:00,22411530-3,Dew Point,CURRENT,°C,20.33404950057738
2026-08-19T21:41:00+00:00,22411541-S,Battery,CURRENT,V,8.519389892578126
2026-08-19T21:45:00+00:00,22411189-1,Temperature,CURRENT,°C,24.707851562500004
2026-08-19T21:45:00+00:00,22411189-2,RH,CURRENT,%,79.37132829785611
2026-08-19T21:45:00+00:00,22411189-3,Dew Point,CURRENT,°C,20.922457800541277
2026-08-19T21:45:00+00:00,22411190-1,Temperature,CURRENT,°C,24.5577001953125
2026-08-19T21:45:00+00:00,22411190-2,RH,CURRENT,%,77.49599450675211
2026-08-19T21:45:00+00:00,22411190-3,Dew Point,CURRENT,°C,20.38784886475759
2026-08-19T21:45:00+00:00,22411191-1,Temperature,CURRENT,°C,24.214497070312497
2026-08-19T21:45:00+00:00,22411191-2,RH,CURRENT,%,79.36217288471809
2026-08-19T21:45:00+00:00,22411191-3,Dew Point,CURRENT,°C,20.44071230167899
2026-08-19T21:45:00+00:00,22411525-1,Temperature,CURRENT,°C,24.042895507812496
2026-08-19T21:45:00+00:00,22411525-2,RH,CURRENT,%,78.09414816510262
2026-08-19T21:45:00+00:00,22411525-3,Dew Point,CURRENT,°C,20.012943391020475
2026-08-19T21:45:00+00:00,22411526-1,Temperature,CURRENT,°C,25.372807617187497
2026-08-19T21:45:00+00:00,22411526-2,RH,CURRENT,%,76.70710307469291
2026-08-19T21:45:00+00:00,22411526-3,Dew Point,CURRENT,°C,21.011318102511044
2026-08-19T21:45:00+00:00,22411527-1,Temperature,CURRENT,°C,24.042895507812496
2026-08-19T21:45:00+00:00,22411527-2,RH,CURRENT,%,78.31387808041505
2026-08-19T21:45:00+00:00,22411527-3,Dew Point,CURRENT,°C,20.058409332691777
2026-08-19T21:45:00+00:00,22411528-1,Temperature,CURRENT,°C,25.05105468749999
2026-08-19T21:45:00+00:00,22411528-2,RH,CURRENT,%,80.04425116350042
2026-08-19T21:45:00+00:00,22411528-3,Dew Point,CURRENT,°C,21.394250643061117
2026-08-19T21:45:00+00:00,22411529-1,Temperature,CURRENT,°C,24.128696289062496
2026-08-19T21:45:00+00:00,22411529-2,RH,CURRENT,%,87.36095216296636
2026-08-19T21:45:00+00:00,22411529-3,Dew Point,CURRENT,°C,21.924474032723573
2026-08-19T21:45:00+00:00,22411530-1,Temperature,CURRENT,°C,24.214497070312497
2026-08-19T21:45:00+00:00,22411530-2,RH,CURRENT,%,77.70046540016784
2026-08-19T21:45:00+00:00,22411530-3,Dew Point,CURRENT,°C,20.097676007085294
2026-08-19T21:46:00+00:00,22411541-S,Battery,CURRENT,V,8.512928466796875
2026-08-19T21:50:00+00:00,22411189-1,Temperature,CURRENT,°C,25.05105468749999
2026-08-19T21:50:00+00:00,22411189-2,RH,CURRENT,%,76.61097123674372
2026-08-19T21:50:00+00:00,22411189-3,Dew Point,CURRENT,°C,20.679332842094865
2026-08-19T21:50:00+00:00,22411190-1,Temperature,CURRENT,°C,24.922353515624998
2026-08-19T21:50:00+00:00,22411190-2,RH,CURRENT,%,75.07896543831541
2026-08-19T21:50:00+00:00,22411190-3,Dew Point,CURRENT,°C,20.226942308223233
2026-08-19T21:50:00+00:00,22411191-1,Temperature,CURRENT,°C,24.6435009765625
2026-08-19T21:50:00+00:00,22411191-2,RH,CURRENT,%,76.07537956816968
2026-08-19T21:50:00+00:00,22411191-3,Dew Point,CURRENT,°C,20.171001865009146
2026-08-19T21:50:00+00:00,22411525-1,Temperature,CURRENT,°C,24.450449218750002
2026-08-19T21:50:00+00:00,22411525-2,RH,CURRENT,%,75.0240329594873
2026-08-19T21:50:00+00:00,22411525-3,Dew Point,CURRENT,°C,19.759324163443633
2026-08-19T21:50:00+00:00,22411526-1,Temperature,CURRENT,°C,25.308457031249993
2026-08-19T21:50:00+00:00,22411526-2,RH,CURRENT,%,74.81651026169223
2026-08-19T21:50:00+00:00,22411526-3,Dew Point,CURRENT,°C,20.54294491400874
2026-08-19T21:50:00+00:00,22411527-1,Temperature,CURRENT,°C,24.4718994140625
2026-08-19T21:50:00+00:00,22411527-2,RH,CURRENT,%,74.9385824368658
2026-08-19T21:50:00+00:00,22411527-3,Dew Point,CURRENT,°C,19.761637793236847
2026-08-19T21:50:00+00:00,22411528-1,Temperature,CURRENT,°C,25.179755859375
2026-08-19T21:50:00+00:00,22411528-2,RH,CURRENT,%,78.31998168917373
2026-08-19T21:50:00+00:00,22411528-3,Dew Point,CURRENT,°C,21.16359149597743
2026-08-19T21:50:00+00:00,22411529-1,Temperature,CURRENT,°C,23.871293945312495
2026-08-19T21:50:00+00:00,22411529-2,RH,CURRENT,%,87.15495536736096
2026-08-19T21:50:00+00:00,22411529-3,Dew Point,CURRENT,°C,21.632365229997433
2026-08-19T21:50:00+00:00,22411530-1,Temperature,CURRENT,°C,24.600600585937492
2026-08-19T21:50:00+00:00,22411530-2,RH,CURRENT,%,75.37499046311132
2026-08-19T21:50:00+00:00,22411530-3,Dew Point,CURRENT,°C,19.97980689976232
2026-08-19T21:51:00+00:00,22411541-S,Battery,CURRENT,V,8.52908203125
2026-08-19T21:55:00+00:00,22411189-1,Temperature,CURRENT,°C,25.093955078125
2026-08-19T21:55:00+00:00,22411189-2,RH,CURRENT,%,78.49851224536508
2026-08-19T21:55:00+00:00,22411189-3,Dew Point,CURRENT,°C,21.117430856682002
2026-08-19T21:55:00+00:00,22411190-1,Temperature,CURRENT,°C,24.879453125000005
2026-08-19T21:55:00+00:00,22411190-2,RH,CURRENT,%,77.13282978561074
2026-08-19T21:55:00+00:00,22411190-3,Dew Point,CURRENT,°C,20.623480221589475
2026-08-19T21:55:00+00:00,22411191-1,Temperature,CURRENT,°C,24.493349609374995
2026-08-19T21:55:00+00:00,22411191-2,RH,CURRENT,%,78.96086060883498
2026-08-19T21:55:00+00:00,22411191-3,Dew Point,CURRENT,°C,20.62950518272162
2026-08-19T21:55:00+00:00,22411525-1,Temperature,CURRENT,°C,24.321748046874994
2026-08-19T21:55:00+00:00,22411525-2,RH,CURRENT,%,77.88509956511787
2026-08-19T21:55:00+00:00,22411525-3,Dew Point,CURRENT,°C,20.240181023083014
2026-08-19T21:55:00+00:00,22411526-1,Temperature,CURRENT,°C,24.96525390624999
2026-08-19T21:55:00+00:00,22411526-2,RH,CURRENT,%,78.23300526436256
2026-08-19T21:55:00+00:00,22411526-3,Dew Point,CURRENT,°C,20.937208342246276
2026-08-19T21:55:00+00:00,22411527-1,Temperature,CURRENT,°C,24.321748046874994
2026-08-19T21:55:00+00:00,22411527-2,RH,CURRENT,%,78.37033646143283
2026-08-19T21:55:00+00:00,22411527-3,Dew Point,CURRENT,°C,20.340882136685998
2026-08-19T21:55:00+00:00,22411528-1,Temperature,CURRENT,°C,24.836552734374997
2026-08-19T21:55:00+00:00,22411528-2,RH,CURRENT,%,81.40077821011673
2026-08-19T21:55:00+00:00,22411528-3,Dew Point,CURRENT,°C,21.460059725615658
2026-08-19T21:55:00+00:00,22411529-1,Temperature,CURRENT,°C,23.849843749999998
2026-08-19T21:55:00+00:00,22411529-2,RH,CURRENT,%,88.64576180666819
2026-08-19T21:55:00+00:00,22411529-3,Dew Point,CURRENT,°C,21.889368443922965
2026-08-19T21:55:00+00:00,22411530-1,Temperature,CURRENT,°C,24.4718994140625
2026-08-19T21:55:00+00:00,22411530-2,RH,CURRENT,%,77.83474479285877
2026-08-19T21:55:00+00:00,22411530-3,Dew Point,CURRENT,°C,20.375390186419246
2026-08-19T21:56:00+00:00,22411541-S,Battery,CURRENT,V,8.52908203125
2026-08-19T22:00:00+00:00,22411189-1,Temperature,CURRENT,°C,24.5577001953125
2026-08-19T22:00:00+00:00,22411189-2,RH,CURRENT,%,76.2050812542916
2026-08-19T22:00:00+00:00,22411189-3,Dew Point,CURRENT,°C,20.11557011868254
2026-08-19T22:00:00+00:00,22411190-1,Temperature,CURRENT,°C,24.386098632812498
2026-08-19T22:00:00+00:00,22411190-2,RH,CURRENT,%,74.68680857557031
2026-08-19T22:00:00+00:00,22411190-3,Dew Point,CURRENT,°C,19.6244859407995
2026-08-19T22:00:00+00:00,22411191-1,Temperature,CURRENT,°C,24.171596679687504
2026-08-19T22:00:00+00:00,22411191-2,RH,CURRENT,%,75.86175326161593
2026-08-19T22:00:00+00:00,22411191-3,Dew Point,CURRENT,°C,19.66904827167964
2026-08-19T22:00:00+00:00,22411525-1,Temperature,CURRENT,°C,24.0214453125
2026-08-19T22:00:00+00:00,22411525-2,RH,CURRENT,%,74.58762493324178
2026-08-19T22:00:00+00:00,22411525-3,Dew Point,CURRENT,°C,19.25111057438254
2026-08-19T22:00:00+00:00,22411526-1,Temperature,CURRENT,°C,24.27884765625
2026-08-19T22:00:00+00:00,22411526-2,RH,CURRENT,%,75.95178149080644
2026-08-19T22:00:00+00:00,22411526-3,Dew Point,CURRENT,°C,19.79193482050858
2026-08-19T22:00:00+00:00,22411527-1,Temperature,CURRENT,°C,24.042895507812496
2026-08-19T22:00:00+00:00,22411527-2,RH,CURRENT,%,74.73411154345007
2026-08-19T22:00:00+00:00,22411527-3,Dew Point,CURRENT,°C,19.303378572035186
2026-08-19T22:00:00+00:00,22411528-1,Temperature,CURRENT,°C,24.10724609375
2026-08-19T22:00:00+00:00,22411528-2,RH,CURRENT,%,79.45983062485695
2026-08-19T22:00:00+00:00,22411528-3,Dew Point,CURRENT,°C,20.356338058603374
2026-08-19T22:00:00+00:00,22411529-1,Temperature,CURRENT,°C,23.249238281249994
2026-08-19T22:00:00+00:00,22411529-2,RH,CURRENT,%,85.97695887693598
2026-08-19T22:00:00+00:00,22411529-3,Dew Point,CURRENT,°C,20.79838089706398
2026-08-19T22:00:00+00:00,22411530-1,Temperature,CURRENT,°C,24.128696289062496
2026-08-19T22:00:00+00:00,22411530-2,RH,CURRENT,%,74.96299687190051
2026-08-19T22:00:00+00:00,22411530-3,Dew Point,CURRENT,°C,19.435454099196825
2026-08-19T22:01:00+00:00,22411541-S,Battery,CURRENT,V,8.519389892578126
2026-08-19T22:05:00+00:00,22411189-1,Temperature,CURRENT,°C,24.579150390624996
2026-08-19T22:05:00+00:00,22411189-2,RH,CURRENT,%,77.37239642938887
2026-08-19T22:05:00+00:00,22411189-3,Dew Point,CURRENT,°C,20.382748930827308
2026-08-19T22:05:00+00:00,22411190-1,Temperature,CURRENT,°C,24.450449218750002
2026-08-19T22:05:00+00:00,22411190-2,RH,CURRENT,%,75.95330739299611
2026-08-19T22:05:00+00:00,22411190-3,Dew Point,CURRENT,°C,19.958252688640847
2026-08-19T22:05:00+00:00,22411191-1,Temperature,CURRENT,°C,24.300297851562497
2026-08-19T22:05:00+00:00,22411191-2,RH,CURRENT,%,76.90394445716029
2026-08-19T22:05:00+00:00,22411191-3,Dew Point,CURRENT,°C,20.014093050597328
2026-08-19T22:05:00+00:00,22411525-1,Temperature,CURRENT,°C,24.150146484374993
2026-08-19T22:05:00+00:00,22411525-2,RH,CURRENT,%,75.49095902952621
2026-08-19T22:05:00+00:00,22411525-3,Dew Point,CURRENT,°C,19.56927757921776
2026-08-19T22:05:00+00:00,22411526-1,Temperature,CURRENT,°C,24.4718994140625
2026-08-19T22:05:00+00:00,22411526-2,RH,CURRENT,%,76.81391622796978
2026-08-19T22:05:00+00:00,22411526-3,Dew Point,CURRENT,°C,20.16137109509992
2026-08-19T22:05:00+00:00,22411527-1,Temperature,CURRENT,°C,24.171596679687504
2026-08-19T22:05:00+00:00,22411527-2,RH,CURRENT,%,75.48485542076753
2026-08-19T22:05:00+00:00,22411527-3,Dew Point,CURRENT,°C,19.588707578738816
2026-08-19T22:05:00+00:00,22411528-1,Temperature,CURRENT,°C,24.085795898437503
2026-08-19T22:05:00+00:00,22411528-2,RH,CURRENT,%,80.60730907148852
2026-08-19T22:05:00+00:00,22411528-3,Dew Point,CURRENT,°C,20.568229449280757
2026-08-19T22:05:00+00:00,22411529-1,Temperature,CURRENT,°C,22.948935546875
2026-08-19T22:05:00+00:00,22411529-2,RH,CURRENT,%,87.54863813229572
2026-08-19T22:05:00+00:00,22411529-3,Dew Point,CURRENT,°C,20.797828405127003
2026-08-19T22:05:00+00:00,22411530-1,Temperature,CURRENT,°C,24.235947265624993
2026-08-19T22:05:00+00:00,22411530-2,RH,CURRENT,%,76.12268253604944
2026-08-19T22:05:00+00:00,22411530-3,Dew Point,CURRENT,°C,19.78673073559715
2026-08-19T22:06:00+00:00,22411541-S,Battery,CURRENT,V,8.519389892578126
2026-08-19T22:10:00+00:00,22411189-1,Temperature,CURRENT,°C,24.96525390624999
2026-08-19T22:10:00+00:00,22411189-2,RH,CURRENT,%,75.58556496528573
2026-08-19T22:10:00+00:00,22411189-3,Dew Point,CURRENT,°C,20.377440404366556
2026-08-19T22:10:00+00:00,22411190-1,Temperature,CURRENT,°C,24.858002929687494
2026-08-19T22:10:00+00:00,22411190-2,RH,CURRENT,%,74.23361562523843
2026-08-19T22:10:00+00:00,22411190-3,Dew Point,CURRENT,°C,19.98150474397496
2026-08-19T22:10:00+00:00,22411191-1,Temperature,CURRENT,°C,24.600600585937492
2026-08-19T22:10:00+00:00,22411191-2,RH,CURRENT,%,75.7930876630808
2026-08-19T22:10:00+00:00,22411191-3,Dew Point,CURRENT,°C,20.06930968440292
2026-08-19T22:10:00+00:00,22411525-1,Temperature,CURRENT,°C,24.42899902343749
2026-08-19T22:10:00+00:00,22411525-2,RH,CURRENT,%,74.9584191653315
2026-08-19T22:10:00+00:00,22411525-3,Dew Point,CURRENT,°C,19.72448233626393
2026-08-19T22:10:00+00:00,22411526-1,Temperature,CURRENT,°C,25.244106445312504
2026-08-19T22:10:00+00:00,22411526-2,RH,CURRENT,%,73.77126726176851
2026-08-19T22:10:00+00:00,22411526-3,Dew Point,CURRENT,°C,20.252572358696362
2026-08-19T22:10:00+00:00,22411527-1,Temperature,CURRENT,°C,24.42899902343749
2026-08-19T22:10:00+00:00,22411527-2,RH,CURRENT,%,75.03318837262532
2026-08-19T22:10:00+00:00,22411527-3,Dew Point,CURRENT,°C,19.740577276895728
2026-08-19T22:10:00+00:00,22411528-1,Temperature,CURRENT,°C,24.536250000000003
2026-08-19T22:10:00+00:00,22411528-2,RH,CURRENT,%,77.67910276951247
2026-08-19T22:10:00+00:00,22411528-3,Dew Point,CURRENT,°C,20.405340961945
2026-08-19T22:10:00+00:00,22411529-1,Temperature,CURRENT,°C,23.034736328125
2026-08-19T22:10:00+00:00,22411529-2,RH,CURRENT,%,86.3584344243534
2026-08-19T22:10:00+00:00,22411529-3,Dew Point,CURRENT,°C,20.65957050682805
2026-08-19T22:10:00+00:00,22411530-1,Temperature,CURRENT,°C,24.5577001953125
2026-08-19T22:10:00+00:00,22411530-2,RH,CURRENT,%,74.49912260624095
2026-08-19T22:10:00+00:00,22411530-3,Dew Point,CURRENT,°C,19.74949555870782
2026-08-19T22:11:00+00:00,22411541-S,Battery,CURRENT,V,8.519389892578126
2026-08-19T22:15:00+00:00,22411189-1,Temperature,CURRENT,°C,24.750751953124997
2026-08-19T22:15:00+00:00,22411189-2,RH,CURRENT,%,76.37445639734493
2026-08-19T22:15:00+00:00,22411189-3,Dew Point,CURRENT,°C,20.338388630769977
2026-08-19T22:15:00+00:00,22411190-1,Temperature,CURRENT,°C,24.686401367187493
2026-08-19T22:15:00+00:00,22411190-2,RH,CURRENT,%,74.87907225146868
2026-08-19T22:15:00+00:00,22411190-3,Dew Point,CURRENT,°C,19.95592555244425
2026-08-19T22:15:00+00:00,22411191-1,Temperature,CURRENT,°C,24.450449218750002
2026-08-19T22:15:00+00:00,22411191-2,RH,CURRENT,%,76.05249103532464
2026-08-19T22:15:00+00:00,22411191-3,Dew Point,CURRENT,°C,19.979358902099108
2026-08-19T22:15:00+00:00,22411525-1,Temperature,CURRENT,°C,24.27884765625
2026-08-19T22:15:00+00:00,22411525-2,RH,CURRENT,%,74.9889372091249
2026-08-19T22:15:00+00:00,22411525-3,Dew Point,CURRENT,°C,19.58604159066826
2026-08-19T22:15:00+00:00,22411526-1,Temperature,CURRENT,°C,25.158305664062503
2026-08-19T22:15:00+00:00,22411526-2,RH,CURRENT,%,73.82619974059662
2026-08-19T22:15:00+00:00,22411526-3,Dew Point,CURRENT,°C,20.181946633096697
2026-08-19T22:15:00+00:00,22411527-1,Temperature,CURRENT,°C,24.27884765625
2026-08-19T22:15:00+00:00,22411527-2,RH,CURRENT,%,75.09575036240177
2026-08-19T22:15:00+00:00,22411527-3,Dew Point,CURRENT,°C,19.608996009280496
2026-08-19T22:15:00+00:00,22411528-1,Temperature,CURRENT,°C,24.622050781250003
2026-08-19T22:15:00+00:00,22411528-2,RH,CURRENT,%,77.61348897535667
2026-08-19T22:15:00+00:00,22411528-3,Dew Point,CURRENT,°C,20.474848467570162
2026-08-19T22:15:00+00:00,22411529-1,Temperature,CURRENT,°C,23.120537109375
2026-08-19T22:15:00+00:00,22411529-2,RH,CURRENT,%,85.5893797207599
2026-08-19T22:15:00+00:00,22411529-3,Dew Point,CURRENT,°C,20.598463552572294
2026-08-19T22:15:00+00:00,22411530-1,Temperature,CURRENT,°C,24.407548828124995
2026-08-19T22:15:00+00:00,22411530-2,RH,CURRENT,%,74.71580071717403
2026-08-19T22:15:00+00:00,22411530-3,Dew Point,CURRENT,°C,19.651452706325863
2026-08-19T22:16:00+00:00,22411541-S,Battery,CURRENT,V,8.519389892578126
2026-08-19T22:20:00+00:00,22411189-1,Temperature,CURRENT,°C,24.707851562500004
2026-08-19T22:20:00+00:00,22411189-2,RH,CURRENT,%,75.28343633173114
2026-08-19T22:20:00+00:00,22411189-3,Dew Point,CURRENT,°C,20.06377635789157
2026-08-19T22:20:00+00:00,22411190-1,Temperature,CURRENT,°C,24.664951171874996
2026-08-19T22:20:00+00:00,22411190-2,RH,CURRENT,%,73.68886854352635
2026-08-19T22:20:00+00:00,22411190-3,Dew Point,CURRENT,°C,19.676401300578416
2026-08-19T22:20:00+00:00,22411191-1,Temperature,CURRENT,°C,24.4718994140625
2026-08-19T22:20:00+00:00,22411191-2,RH,CURRENT,%,74.67917906462196
2026-08-19T22:20:00+00:00,22411191-3,Dew Point,CURRENT,°C,19.705658141208605
2026-08-19T22:20:00+00:00,22411525-1,Temperature,CURRENT,°C,24.343198242187505
2026-08-19T22:20:00+00:00,22411525-2,RH,CURRENT,%,73.28755626764324
2026-08-19T22:20:00+00:00,22411525-3,Dew Point,CURRENT,°C,19.278469954187745
2026-08-19T22:20:00+00:00,22411526-1,Temperature,CURRENT,°C,25.115405273437496
2026-08-19T22:20:00+00:00,22411526-2,RH,CURRENT,%,73.08155947203784
2026-08-19T22:20:00+00:00,22411526-3,Dew Point,CURRENT,°C,19.97652700733503
2026-08-19T22:20:00+00:00,22411527-1,Temperature,CURRENT,°C,24.343198242187505
2026-08-19T22:20:00+00:00,22411527-2,RH,CURRENT,%,73.53933012893873
2026-08-19T22:20:00+00:00,22411527-3,Dew Point,CURRENT,°C,19.333652137655736
2026-08-19T22:20:00+00:00,22411528-1,Temperature,CURRENT,°C,24.51479980468749
2026-08-19T22:20:00+00:00,22411528-2,RH,CURRENT,%,77.03364614328221
2026-08-19T22:20:00+00:00,22411528-3,Dew Point,CURRENT,°C,20.24921844254323
2026-08-19T22:20:00+00:00,22411529-1,Temperature,CURRENT,°C,23.163437499999993
2026-08-19T22:20:00+00:00,22411529-2,RH,CURRENT,%,84.57770656900892
2026-08-19T22:20:00+00:00,22411529-3,Dew Point,CURRENT,°C,20.447426107240705
2026-08-19T22:20:00+00:00,22411530-1,Temperature,CURRENT,°C,24.42899902343749
2026-08-19T22:20:00+00:00,22411530-2,RH,CURRENT,%,73.78042267490653
2026-08-19T22:20:00+00:00,22411530-3,Dew Point,CURRENT,°C,19.469033528352377
2026-08-19T22:21:00+00:00,22411541-S,Battery,CURRENT,V,8.532312744140626
2026-08-19T22:25:00+00:00,22411189-1,Temperature,CURRENT,°C,25.136855468749992
2026-08-19T22:25:00+00:00,22411189-2,RH,CURRENT,%,73.64461738002593
2026-08-19T22:25:00+00:00,22411189-3,Dew Point,CURRENT,°C,20.12139134408621
2026-08-19T22:25:00+00:00,22411190-1,Temperature,CURRENT,°C,25.029604492187495
2026-08-19T22:25:00+00:00,22411190-2,RH,CURRENT,%,72.21484702830548
2026-08-19T22:25:00+00:00,22411190-3,Dew Point,CURRENT,°C,19.70124062732817
2026-08-19T22:25:00+00:00,22411191-1,Temperature,CURRENT,°C,24.8151025390625
2026-08-19T22:25:00+00:00,22411191-2,RH,CURRENT,%,73.24483100633249
2026-08-19T22:25:00+00:00,22411191-3,Dew Point,CURRENT,°C,19.723483533503757
2026-08-19T22:25:00+00:00,22411525-1,Temperature,CURRENT,°C,24.6435009765625
2026-08-19T22:25:00+00:00,22411525-2,RH,CURRENT,%,72.30334935530632
2026-08-19T22:25:00+00:00,22411525-3,Dew Point,CURRENT,°C,19.349849708383964
2026-08-19T22:25:00+00:00,22411526-1,Temperature,CURRENT,°C,25.5444091796875
2026-08-19T22:25:00+00:00,22411526-2,RH,CURRENT,%,71.86694132906081
2026-08-19T22:25:00+00:00,22411526-3,Dew Point,CURRENT,°C,20.117790365306245
2026-08-19T22:25:00+00:00,22411527-1,Temperature,CURRENT,°C,24.6435009765625
2026-08-19T22:25:00+00:00,22411527-2,RH,CURRENT,%,72.4452582589456
2026-08-19T22:25:00+00:00,22411527-3,Dew Point,CURRENT,°C,19.38141356780856
2026-08-19T22:25:00+00:00,22411528-1,Temperature,CURRENT,°C,24.750751953124997
2026-08-19T22:25:00+00:00,22411528-2,RH,CURRENT,%,76.7223620965896
2026-08-19T22:25:00+00:00,22411528-3,Dew Point,CURRENT,°C,20.412127340551017
2026-08-19T22:25:00+00:00,22411529-1,Temperature,CURRENT,°C,23.377939453125002
2026-08-19T22:25:00+00:00,22411529-2,RH,CURRENT,%,85.3177691309987
2026-08-19T22:25:00+00:00,22411529-3,Dew Point,CURRENT,°C,20.799500689633867
2026-08-19T22:25:00+00:00,22411530-1,Temperature,CURRENT,°C,24.750751953124997
2026-08-19T22:25:00+00:00,22411530-2,RH,CURRENT,%,72.41779201953155
2026-08-19T22:25:00+00:00,22411530-3,Dew Point,CURRENT,°C,19.478431410344857
2026-08-19T22:26:00+00:00,22411541-S,Battery,CURRENT,V,8.52908203125
2026-08-19T22:30:00+00:00,22411189-1,Temperature,CURRENT,°C,25.029604492187495
2026-08-19T22:30:00+00:00,22411189-2,RH,CURRENT,%,74.29312581063554
2026-08-19T22:30:00+00:00,22411189-3,Dew Point,CURRENT,°C,20.159987322115324
2026-08-19T22:30:00+00:00,22411190-1,Temperature,CURRENT,°C,24.96525390624999
2026-08-19T22:30:00+00:00,22411190-2,RH,CURRENT,%,72.62836652170596
2026-08-19T22:30:00+00:00,22411190-3,Dew Point,CURRENT,°C,19.731537032901517
2026-08-19T22:30:00+00:00,22411191-1,Temperature,CURRENT,°C,24.686401367187493
2026-08-19T22:30:00+00:00,22411191-2,RH,CURRENT,%,74.39993896391242
2026-08-19T22:30:00+00:00,22411191-3,Dew Point,CURRENT,°C,19.852155726602227
2026-08-19T22:30:00+00:00,22411525-1,Temperature,CURRENT,°C,24.5577001953125
2026-08-19T22:30:00+00:00,22411525-2,RH,CURRENT,%,73.59884031433585
2026-08-19T22:30:00+00:00,22411525-3,Dew Point,CURRENT,°C,19.553342663653158
2026-08-19T22:30:00+00:00,22411526-1,Temperature,CURRENT,°C,25.072504882812503
2026-08-19T22:30:00+00:00,22411526-2,RH,CURRENT,%,73.09529259174487
2026-08-19T22:30:00+00:00,22411526-3,Dew Point,CURRENT,°C,19.938271360953685
2026-08-19T22:30:00+00:00,22411527-1,Temperature,CURRENT,°C,24.536250000000003
2026-08-19T22:30:00+00:00,22411527-2,RH,CURRENT,%,73.9833676661326
2026-08-19T22:30:00+00:00,22411527-3,Dew Point,CURRENT,°C,19.6166981796909
2026-08-19T22:30:00+00:00,22411528-1,Temperature,CURRENT,°C,24.6435009765625
2026-08-19T22:30:00+00:00,22411528-2,RH,CURRENT,%,77.19691767757686
2026-08-19T22:30:00+00:00,22411528-3,Dew Point,CURRENT,°C,20.408286300945324
2026-08-19T22:30:00+00:00,22411529-1,Temperature,CURRENT,°C,23.613891601562493
2026-08-19T22:30:00+00:00,22411529-2,RH,CURRENT,%,83.2776379034104
2026-08-19T22:30:00+00:00,22411529-3,Dew Point,CURRENT,°C,20.63705193722479
2026-08-19T22:30:00+00:00,22411530-1,Temperature,CURRENT,°C,24.6435009765625
2026-08-19T22:30:00+00:00,22411530-2,RH,CURRENT,%,73.35927367055771
2026-08-19T22:30:00+00:00,22411530-3,Dew Point,CURRENT,°C,19.58342565289988
2026-08-19T22:31:00+00:00,22411541-S,Battery,CURRENT,V,8.525851318359376
2026-08-19T22:35:00+00:00,22411189-1,Temperature,CURRENT,°C,24.664951171874996
2026-08-19T22:35:00+00:00,22411189-2,RH,CURRENT,%,77.07331960021362
2026-08-19T22:35:00+00:00,22411189-3,Dew Point,CURRENT,°C,20.40307150235055
2026-08-19T22:35:00+00:00,22411190-1,Temperature,CURRENT,°C,24.686401367187493
2026-08-19T22:35:00+00:00,22411190-2,RH,CURRENT,%,75.08354314488442
2026-08-19T22:35:00+00:00,22411190-3,Dew Point,CURRENT,°C,20.000032808837837
2026-08-19T22:35:00+00:00,22411191-1,Temperature,CURRENT,°C,24.42899902343749
2026-08-19T22:35:00+00:00,22411191-2,RH,CURRENT,%,76.69947356374456
2026-08-19T22:35:00+00:00,22411191-3,Dew Point,CURRENT,°C,20.095674291565654
2026-08-19T22:35:00+00:00,22411525-1,Temperature,CURRENT,°C,24.300297851562497
2026-08-19T22:35:00+00:00,22411525-2,RH,CURRENT,%,75.56725413900969
2026-08-19T22:35:00+00:00,22411525-3,Dew Point,CURRENT,°C,19.730719487117014
2026-08-19T22:35:00+00:00,22411526-1,Temperature,CURRENT,°C,24.407548828124995
2026-08-19T22:35:00+00:00,22411526-2,RH,CURRENT,%,76.42328526741436
2026-08-19T22:35:00+00:00,22411526-3,Dew Point,CURRENT,°C,20.016520928454838
2026-08-19T22:35:00+00:00,22411527-1,Temperature,CURRENT,°C,24.27884765625
2026-08-19T22:35:00+00:00,22411527-2,RH,CURRENT,%,75.95178149080644
2026-08-19T22:35:00+00:00,22411527-3,Dew Point,CURRENT,°C,19.79193482050858
2026-08-19T22:35:00+00:00,22411528-1,Temperature,CURRENT,°C,24.450449218750002
2026-08-19T22:35:00+00:00,22411528-2,RH,CURRENT,%,78.461890592813
2026-08-19T22:35:00+00:00,22411528-3,Dew Point,CURRENT,°C,20.484825129823545
2026-08-19T22:35:00+00:00,22411529-1,Temperature,CURRENT,°C,23.549541015625003
2026-08-19T22:35:00+00:00,22411529-2,RH,CURRENT,%,83.76287479972534
2026-08-19T22:35:00+00:00,22411529-3,Dew Point,CURRENT,°C,20.668515567336605
2026-08-19T22:35:00+00:00,22411530-1,Temperature,CURRENT,°C,24.386098632812498
2026-08-19T22:35:00+00:00,22411530-2,RH,CURRENT,%,75.5214770733196
2026-08-19T22:35:00+00:00,22411530-3,Dew Point,CURRENT,°C,19.803875087392708
2026-08-19T22:36:00+00:00,22411541-S,Battery,CURRENT,V,8.50969775390625
2026-08-19T22:40:00+00:00,22411189-1,Temperature,CURRENT,°C,24.493349609374995
2026-08-19T22:40:00+00:00,22411189-2,RH,CURRENT,%,77.56008239871824
2026-08-19T22:40:00+00:00,22411189-3,Dew Point,CURRENT,°C,20.33885251824018
2026-08-19T22:40:00+00:00,22411190-1,Temperature,CURRENT,°C,24.51479980468749
2026-08-19T22:40:00+00:00,22411190-2,RH,CURRENT,%,75.7427328908217
2026-08-19T22:40:00+00:00,22411190-3,Dew Point,CURRENT,°C,19.97558740838631
2026-08-19T22:40:00+00:00,22411191-1,Temperature,CURRENT,°C,24.300297851562497
2026-08-19T22:40:00+00:00,22411191-2,RH,CURRENT,%,77.44563973449301
2026-08-19T22:40:00+00:00,22411191-3,Dew Point,CURRENT,°C,20.12770546742775
2026-08-19T22:40:00+00:00,22411525-1,Temperature,CURRENT,°C,24.171596679687504
2026-08-19T22:40:00+00:00,22411525-2,RH,CURRENT,%,76.3103685053788
2026-08-19T22:40:00+00:00,22411525-3,Dew Point,CURRENT,°C,19.764222654881195
2026-08-19T22:40:00+00:00,22411526-1,Temperature,CURRENT,°C,24.064345703124992
2026-08-19T22:40:00+00:00,22411526-2,RH,CURRENT,%,77.24269474326695
2026-08-19T22:40:00+00:00,22411526-3,Dew Point,CURRENT,°C,19.856493443553532
2026-08-19T22:40:00+00:00,22411527-1,Temperature,CURRENT,°C,24.150146484374993
2026-08-19T22:40:00+00:00,22411527-2,RH,CURRENT,%,76.62470435645075
2026-08-19T22:40:00+00:00,22411527-3,Dew Point,CURRENT,°C,19.80984569107814
2026-08-19T22:40:00+00:00,22411528-1,Temperature,CURRENT,°C,24.407548828124995
2026-08-19T22:40:00+00:00,22411528-2,RH,CURRENT,%,78.20553902494851
2026-08-19T22:40:00+00:00,22411528-3,Dew Point,CURRENT,°C,20.390044926276744
2026-08-19T22:40:00+00:00,22411529-1,Temperature,CURRENT,°C,23.549541015625003
2026-08-19T22:40:00+00:00,22411529-2,RH,CURRENT,%,83.14793621728847
2026-08-19T22:40:00+00:00,22411529-3,Dew Point,CURRENT,°C,20.548749514908916
2026-08-19T22:40:00+00:00,22411530-1,Temperature,CURRENT,°C,24.257397460937504
2026-08-19T22:40:00+00:00,22411530-2,RH,CURRENT,%,76.20355535210193
2026-08-19T22:40:00+00:00,22411530-3,Dew Point,CURRENT,°C,19.82463915544326
2026-08-19T22:41:00+00:00,22411541-S,Battery,CURRENT,V,8.519389892578126
2026-08-19T22:45:00+00:00,22411189-1,Temperature,CURRENT,°C,24.150146484374993
2026-08-19T22:45:00+00:00,22411189-2,RH,CURRENT,%,79.87182421606775
2026-08-19T22:45:00+00:00,22411189-3,Dew Point,CURRENT,°C,20.482020850159838
2026-08-19T22:45:00+00:00,22411190-1,Temperature,CURRENT,°C,24.214497070312497
2026-08-19T22:45:00+00:00,22411190-2,RH,CURRENT,%,77.78286411841
2026-08-19T22:45:00+00:00,22411190-3,Dew Point,CURRENT,°C,20.114836519297807
2026-08-19T22:45:00+00:00,22411191-1,Temperature,CURRENT,°C,24.085795898437503
2026-08-19T22:45:00+00:00,22411191-2,RH,CURRENT,%,79.00053406576639
2026-08-19T22:45:00+00:00,22411191-3,Dew Point,CURRENT,°C,20.241480378213435
2026-08-19T22:45:00+00:00,22411525-1,Temperature,CURRENT,°C,23.957094726562495
2026-08-19T22:45:00+00:00,22411525-2,RH,CURRENT,%,77.4715800717174
2026-08-19T22:45:00+00:00,22411525-3,Dew Point,CURRENT,°C,19.800306056048278
2026-08-19T22:45:00+00:00,22411526-1,Temperature,CURRENT,°C,23.8283935546875
2026-08-19T22:45:00+00:00,22411526-2,RH,CURRENT,%,79.36369878690776
2026-08-19T22:45:00+00:00,22411526-3,Dew Point,CURRENT,°C,20.065457764160687
2026-08-19T22:45:00+00:00,22411527-1,Temperature,CURRENT,°C,23.957094726562495
2026-08-19T22:45:00+00:00,22411527-2,RH,CURRENT,%,77.70046540016784
2026-08-19T22:45:00+00:00,22411527-3,Dew Point,CURRENT,°C,19.847965320555236
2026-08-19T22:45:00+00:00,22411528-1,Temperature,CURRENT,°C,23.999995117187503
2026-08-19T22:45:00+00:00,22411528-2,RH,CURRENT,%,80.25024795910582
2026-08-19T22:45:00+00:00,22411528-3,Dew Point,CURRENT,°C,20.412538157145566
2026-08-19T22:45:00+00:00,22411529-1,Temperature,CURRENT,°C,23.592441406249996
2026-08-19T22:45:00+00:00,22411529-2,RH,CURRENT,%,84.07415884641794
2026-08-19T22:45:00+00:00,22411529-3,Dew Point,CURRENT,°C,20.770884085309614
2026-08-19T22:45:00+00:00,22411530-1,Temperature,CURRENT,°C,24.0214453125
2026-08-19T22:45:00+00:00,22411530-2,RH,CURRENT,%,77.84390020599679
2026-08-19T22:45:00+00:00,22411530-3,Dew Point,CURRENT,°C,19.94021210894121
2026-08-19T22:46:00+00:00,22411541-S,Battery,CURRENT,V,8.503236328125
2026-08-19T22:50:00+00:00,22411189-1,Temperature,CURRENT,°C,24.042895507812496
2026-08-19T22:50:00+00:00,22411189-2,RH,CURRENT,%,80.42420080872816
2026-08-19T22:50:00+00:00,22411189-3,Dew Point,CURRENT,°C,20.489482919066575
2026-08-19T22:50:00+00:00,22411190-1,Temperature,CURRENT,°C,24.214497070312497
2026-08-19T22:50:00+00:00,22411190-2,RH,CURRENT,%,77.88509956511787
2026-08-19T22:50:00+00:00,22411190-3,Dew Point,CURRENT,°C,20.13610618357029
2026-08-19T22:50:00+00:00,22411191-1,Temperature,CURRENT,°C,24.042895507812496
2026-08-19T22:50:00+00:00,22411191-2,RH,CURRENT,%,79.29961089494164
2026-08-19T22:50:00+00:00,22411191-3,Dew Point,CURRENT,°C,20.261011966427777
2026-08-19T22:50:00+00:00,22411525-1,Temperature,CURRENT,°C,23.93564453125
2026-08-19T22:50:00+00:00,22411525-2,RH,CURRENT,%,77.99496452277408
2026-08-19T22:50:00+00:00,22411525-3,Dew Point,CURRENT,°C,19.88828716287546
2026-08-19T22:50:00+00:00,22411526-1,Temperature,CURRENT,°C,23.8283935546875
2026-08-19T22:50:00+00:00,22411526-2,RH,CURRENT,%,79.66887922484169
2026-08-19T22:50:00+00:00,22411526-3,Dew Point,CURRENT,°C,20.127592136425477
2026-08-19T22:50:00+00:00,22411527-1,Temperature,CURRENT,°C,23.89274414062499
2026-08-19T22:50:00+00:00,22411527-2,RH,CURRENT,%,78.25436789501794
2026-08-19T22:50:00+00:00,22411527-3,Dew Point,CURRENT,°C,19.900310080415125
2026-08-19T22:50:00+00:00,22411528-1,Temperature,CURRENT,°C,23.8283935546875
2026-08-19T22:50:00+00:00,22411528-2,RH,CURRENT,%,81.30769817654688
2026-08-19T22:50:00+00:00,22411528-3,Dew Point,CURRENT,°C,20.45773697240199
2026-08-19T22:50:00+00:00,22411529-1,Temperature,CURRENT,°C,23.613891601562493
2026-08-19T22:50:00+00:00,22411529-2,RH,CURRENT,%,83.66063935301747
2026-08-19T22:50:00+00:00,22411529-3,Dew Point,CURRENT,°C,20.711671165653012
2026-08-19T22:50:00+00:00,22411530-1,Temperature,CURRENT,°C,23.999995117187503
2026-08-19T22:50:00+00:00,22411530-2,RH,CURRENT,%,78.1002517738613
2026-08-19T22:50:00+00:00,22411530-3,Dew Point,CURRENT,°C,19.97256224983425
2026-08-19T22:51:00+00:00,22411541-S,Battery,CURRENT,V,8.503236328125
2026-08-19T22:55:00+00:00,22411189-1,Temperature,CURRENT,°C,23.871293945312495
2026-08-19T22:55:00+00:00,22411189-2,RH,CURRENT,%,79.18974593728542
2026-08-19T22:55:00+00:00,22411189-3,Dew Point,CURRENT,°C,20.07166655784856
2026-08-19T22:55:00+00:00,22411190-1,Temperature,CURRENT,°C,24.042895507812496
2026-08-19T22:55:00+00:00,22411190-2,RH,CURRENT,%,76.64911879148546
2026-08-19T22:55:00+00:00,22411190-3,Dew Point,CURRENT,°C,19.711123569917188
2026-08-19T22:55:00+00:00,22411191-1,Temperature,CURRENT,°C,23.89274414062499
2026-08-19T22:55:00+00:00,22411191-2,RH,CURRENT,%,78.03921568627452
2026-08-19T22:55:00+00:00,22411191-3,Dew Point,CURRENT,°C,19.855813221962762
2026-08-19T22:55:00+00:00,22411525-1,Temperature,CURRENT,°C,23.785493164062494
2026-08-19T22:55:00+00:00,22411525-2,RH,CURRENT,%,76.85511558709086
2026-08-19T22:55:00+00:00,22411525-3,Dew Point,CURRENT,°C,19.505078637200135
2026-08-19T22:55:00+00:00,22411526-1,Temperature,CURRENT,°C,23.806943359375005
2026-08-19T22:55:00+00:00,22411526-2,RH,CURRENT,%,78.17807278553445
2026-08-19T22:55:00+00:00,22411526-3,Dew Point,CURRENT,°C,19.801240008266
2026-08-19T22:55:00+00:00,22411527-1,Temperature,CURRENT,°C,23.785493164062494
2026-08-19T22:55:00+00:00,22411527-2,RH,CURRENT,%,77.08705271992065
2026-08-19T22:55:00+00:00,22411527-3,Dew Point,CURRENT,°C,19.55364781735476
2026-08-19T22:55:00+00:00,22411528-1,Temperature,CURRENT,°C,23.89274414062499
2026-08-19T22:55:00+00:00,22411528-2,RH,CURRENT,%,79.59716182192722
2026-08-19T22:55:00+00:00,22411528-3,Dew Point,CURRENT,°C,20.17562795447113
2026-08-19T22:55:00+00:00,22411529-1,Temperature,CURRENT,°C,23.3993896484375
2026-08-19T22:55:00+00:00,22411529-2,RH,CURRENT,%,83.08842603189136
2026-08-19T22:55:00+00:00,22411529-3,Dew Point,CURRENT,°C,20.390211779495942
2026-08-19T22:55:00+00:00,22411530-1,Temperature,CURRENT,°C,23.849843749999998
2026-08-19T22:55:00+00:00,22411530-2,RH,CURRENT,%,76.98176546883344
2026-08-19T22:55:00+00:00,22411530-3,Dew Point,CURRENT,°C,19.593972846325123
2026-08-19T22:56:00+00:00,22411541-S,Battery,CURRENT,V,8.500005615234375
2026-08-19T23:00:00+00:00,22411189-1,Temperature,CURRENT,°C,23.999995117187503
2026-08-19T23:00:00+00:00,22411189-2,RH,CURRENT,%,78.9547570000763
2026-08-19T23:00:00+00:00,22411189-3,Dew Point,CURRENT,°C,20.14868156427681
2026-08-19T23:00:00+00:00,22411190-1,Temperature,CURRENT,°C,24.128696289062496
2026-08-19T23:00:00+00:00,22411190-2,RH,CURRENT,%,76.23254749370565
2026-08-19T23:00:00+00:00,22411190-3,Dew Point,CURRENT,°C,19.70622932641668
2026-08-19T23:00:00+00:00,22411191-1,Temperature,CURRENT,°C,23.914194335937502
2026-08-19T23:00:00+00:00,22411191-2,RH,CURRENT,%,77.50820172426947
2026-08-19T23:00:00+00:00,22411191-3,Dew Point,CURRENT,°C,19.76633353226816
2026-08-19T23:00:00+00:00,22411525-1,Temperature,CURRENT,°C,23.806943359375005
2026-08-19T23:00:00+00:00,22411525-2,RH,CURRENT,%,76.34241245136187
2026-08-19T23:00:00+00:00,22411525-3,Dew Point,CURRENT,°C,19.41802261361144
2026-08-19T23:00:00+00:00,22411526-1,Temperature,CURRENT,°C,24.085795898437503
2026-08-19T23:00:00+00:00,22411526-2,RH,CURRENT,%,78.21927214465553
2026-08-19T23:00:00+00:00,22411526-3,Dew Point,CURRENT,°C,20.08050075586546
2026-08-19T23:00:00+00:00,22411527-1,Temperature,CURRENT,°C,23.785493164062494
2026-08-19T23:00:00+00:00,22411527-2,RH,CURRENT,%,76.60639353017471
2026-08-19T23:00:00+00:00,22411527-3,Dew Point,CURRENT,°C,19.452851913917122
2026-08-19T23:00:00+00:00,22411528-1,Temperature,CURRENT,°C,23.8283935546875
2026-08-19T23:00:00+00:00,22411528-2,RH,CURRENT,%,79.92217898832685
2026-08-19T23:00:00+00:00,22411528-3,Dew Point,CURRENT,°C,20.179005811947782
2026-08-19T23:00:00+00:00,22411529-1,Temperature,CURRENT,°C,23.5709912109375
2026-08-19T23:00:00+00:00,22411529-2,RH,CURRENT,%,84.01007095445182
2026-08-19T23:00:00+00:00,22411529-3,Dew Point,CURRENT,°C,20.737458886110872
2026-08-19T23:00:00+00:00,22411530-1,Temperature,CURRENT,°C,23.89274414062499
2026-08-19T23:00:00+00:00,22411530-2,RH,CURRENT,%,76.3912413214313
2026-08-19T23:00:00+00:00,22411530-3,Dew Point,CURRENT,°C,19.51138224854363
2026-08-19T23:01:00+00:00,22411541-S,Battery,CURRENT,V,8.493544189453125
2026-08-19T23:05:00+00:00,22411189-1,Temperature,CURRENT,°C,23.957094726562495
2026-08-19T23:05:00+00:00,22411189-2,RH,CURRENT,%,77.6470588235294
2026-08-19T23:05:00+00:00,22411189-3,Dew Point,CURRENT,°C,19.836855818037296
2026-08-19T23:05:00+00:00,22411190-1,Temperature,CURRENT,°C,24.0214453125
2026-08-19T23:05:00+00:00,22411190-2,RH,CURRENT,%,75.60082398718242
2026-08-19T23:05:00+00:00,22411190-3,Dew Point,CURRENT,°C,19.468300383495023
2026-08-19T23:05:00+00:00,22411191-1,Temperature,CURRENT,°C,23.849843749999998
2026-08-19T23:05:00+00:00,22411191-2,RH,CURRENT,%,77.441062027924
2026-08-19T23:05:00+00:00,22411191-3,Dew Point,CURRENT,°C,19.68993739548484
2026-08-19T23:05:00+00:00,22411525-1,Temperature,CURRENT,°C,23.7425927734375
2026-08-19T23:05:00+00:00,22411525-2,RH,CURRENT,%,76.33325703822385
2026-08-19T23:05:00+00:00,22411525-3,Dew Point,CURRENT,°C,19.35379989805709
2026-08-19T23:05:00+00:00,22411526-1,Temperature,CURRENT,°C,24.193046875
2026-08-19T23:05:00+00:00,22411526-2,RH,CURRENT,%,75.45281147478447
2026-08-19T23:05:00+00:00,22411526-3,Dew Point,CURRENT,°C,19.60259330309412
2026-08-19T23:05:00+00:00,22411527-1,Temperature,CURRENT,°C,23.7425927734375
2026-08-19T23:05:00+00:00,22411527-2,RH,CURRENT,%,76.68421454184787
2026-08-19T23:05:00+00:00,22411527-3,Dew Point,CURRENT,°C,19.427657256580442
2026-08-19T23:05:00+00:00,22411528-1,Temperature,CURRENT,°C,23.506640624999996
2026-08-19T23:05:00+00:00,22411528-2,RH,CURRENT,%,78.98832684824903
2026-08-19T23:05:00+00:00,22411528-3,Dew Point,CURRENT,°C,19.67594689772631
2026-08-19T23:05:00+00:00,22411529-1,Temperature,CURRENT,°C,23.93564453125
2026-08-19T23:05:00+00:00,22411529-2,RH,CURRENT,%,79.2614633401999
2026-08-19T23:05:00+00:00,22411529-3,Dew Point,CURRENT,°C,20.148904829826648
2026-08-19T23:05:00+00:00,22411530-1,Temperature,CURRENT,°C,23.806943359375005
2026-08-19T23:05:00+00:00,22411530-2,RH,CURRENT,%,76.19439993896391
2026-08-19T23:05:00+00:00,22411530-3,Dew Point,CURRENT,°C,19.38677313103613
2026-08-19T23:06:00+00:00,22411541-S,Battery,CURRENT,V,8.48385205078125
2026-08-19T23:10:00+00:00,22411189-1,Temperature,CURRENT,°C,23.871293945312495
2026-08-19T23:10:00+00:00,22411189-2,RH,CURRENT,%,77.70046540016784
2026-08-19T23:10:00+00:00,22411189-3,Dew Point,CURRENT,°C,19.764726686988183
2026-08-19T23:10:00+00:00,22411190-1,Temperature,CURRENT,°C,23.89274414062499
2026-08-19T23:10:00+00:00,22411190-2,RH,CURRENT,%,75.30785076676585
2026-08-19T23:10:00+00:00,22411190-3,Dew Point,CURRENT,°C,19.28139276032489
2026-08-19T23:10:00+00:00,22411191-1,Temperature,CURRENT,°C,23.785493164062494
2026-08-19T23:10:00+00:00,22411191-2,RH,CURRENT,%,76.45685511558709
2026-08-19T23:10:00+00:00,22411191-3,Dew Point,CURRENT,°C,19.42138035923452
2026-08-19T23:10:00+00:00,22411525-1,Temperature,CURRENT,°C,23.678242187499997
2026-08-19T23:10:00+00:00,22411525-2,RH,CURRENT,%,75.27428091859312
2026-08-19T23:10:00+00:00,22411525-3,Dew Point,CURRENT,°C,19.066945701330255
2026-08-19T23:10:00+00:00,22411526-1,Temperature,CURRENT,°C,24.193046875
2026-08-19T23:10:00+00:00,22411526-2,RH,CURRENT,%,76.12115663385977
2026-08-19T23:10:00+00:00,22411526-3,Dew Point,CURRENT,°C,19.74489632704153
2026-08-19T23:10:00+00:00,22411527-1,Temperature,CURRENT,°C,23.678242187499997
2026-08-19T23:10:00+00:00,22411527-2,RH,CURRENT,%,75.49858854047456
2026-08-19T23:10:00+00:00,22411527-3,Dew Point,CURRENT,°C,19.11474118851232
2026-08-19T23:10:00+00:00,22411528-1,Temperature,CURRENT,°C,23.4851904296875
2026-08-19T23:10:00+00:00,22411528-2,RH,CURRENT,%,80.341802090486
2026-08-19T23:10:00+00:00,22411528-3,Dew Point,CURRENT,°C,19.929501973850563
2026-08-19T23:10:00+00:00,22411529-1,Temperature,CURRENT,°C,24.042895507812496
2026-08-19T23:10:00+00:00,22411529-2,RH,CURRENT,%,80.28686961165789
2026-08-19T23:10:00+00:00,22411529-3,Dew Point,CURRENT,°C,20.46173307090457
2026-08-19T23:10:00+00:00,22411530-1,Temperature,CURRENT,°C,23.699692382812493
2026-08-19T23:10:00+00:00,22411530-2,RH,CURRENT,%,75.63134203097582
2026-08-19T23:10:00+00:00,22411530-3,Dew Point,CURRENT,°C,19.163709824469514
2026-08-19T23:11:00+00:00,22411541-S,Battery,CURRENT,V,8.477390625
2026-08-19T23:15:00+00:00,22411189-1,Temperature,CURRENT,°C,23.785493164062494
2026-08-19T23:15:00+00:00,22411189-2,RH,CURRENT,%,77.62417029068436
2026-08-19T23:15:00+00:00,22411189-3,Dew Point,CURRENT,°C,19.665634933655294
2026-08-19T23:15:00+00:00,22411190-1,Temperature,CURRENT,°C,23.806943359375005
2026-08-19T23:15:00+00:00,22411190-2,RH,CURRENT,%,75.52300297550927
2026-08-19T23:15:00+00:00,22411190-3,Dew Point,CURRENT,°C,19.244352700008626
2026-08-19T23:15:00+00:00,22411191-1,Temperature,CURRENT,°C,23.678242187499997
2026-08-19T23:15:00+00:00,22411191-2,RH,CURRENT,%,76.84596017395285
2026-08-19T23:15:00+00:00,22411191-3,Dew Point,CURRENT,°C,19.39925230851885
2026-08-19T23:15:00+00:00,22411525-1,Temperature,CURRENT,°C,23.5709912109375
2026-08-19T23:15:00+00:00,22411525-2,RH,CURRENT,%,75.4360265506981
2026-08-19T23:15:00+00:00,22411525-3,Dew Point,CURRENT,°C,18.997755621826236
2026-08-19T23:15:00+00:00,22411526-1,Temperature,CURRENT,°C,24.150146484374993
2026-08-19T23:15:00+00:00,22411526-2,RH,CURRENT,%,75.3154802777142
2026-08-19T23:15:00+00:00,22411526-3,Dew Point,CURRENT,°C,19.531760930026916
2026-08-19T23:15:00+00:00,22411527-1,Temperature,CURRENT,°C,23.5709912109375
2026-08-19T23:15:00+00:00,22411527-2,RH,CURRENT,%,75.65117875944152
2026-08-19T23:15:00+00:00,22411527-3,Dew Point,CURRENT,°C,19.04347987145555
2026-08-19T23:15:00+00:00,22411528-1,Temperature,CURRENT,°C,23.613891601562493
2026-08-19T23:15:00+00:00,22411528-2,RH,CURRENT,%,79.06157015335317
2026-08-19T23:15:00+00:00,22411528-3,Dew Point,CURRENT,°C,19.79518333200101
2026-08-19T23:15:00+00:00,22411529-1,Temperature,CURRENT,°C,24.064345703124992
2026-08-19T23:15:00+00:00,22411529-2,RH,CURRENT,%,79.16685740444038
2026-08-19T23:15:00+00:00,22411529-3,Dew Point,CURRENT,°C,20.254713445390923
2026-08-19T23:15:00+00:00,22411530-1,Temperature,CURRENT,°C,23.592441406249996
2026-08-19T23:15:00+00:00,22411530-2,RH,CURRENT,%,76.02044708934157
2026-08-19T23:15:00+00:00,22411530-3,Dew Point,CURRENT,°C,19.14244602912035
2026-08-19T23:16:00+00:00,22411541-S,Battery,CURRENT,V,8.474159912109375
2026-08-19T23:20:00+00:00,22411189-1,Temperature,CURRENT,°C,23.013286132812503
2026-08-19T23:20:00+00:00,22411189-2,RH,CURRENT,%,80.75837338826581
2026-08-19T23:20:00+00:00,22411189-3,Dew Point,CURRENT,°C,19.553076419621906
2026-08-19T23:20:00+00:00,22411190-1,Temperature,CURRENT,°C,23.120537109375
2026-08-19T23:20:00+00:00,22411190-2,RH,CURRENT,%,78.29251544975968
2026-08-19T23:20:00+00:00,22411190-3,Dew Point,CURRENT,°C,19.158290698291278
2026-08-19T23:20:00+00:00,22411191-1,Temperature,CURRENT,°C,23.056186523437496
2026-08-19T23:20:00+00:00,22411191-2,RH,CURRENT,%,79.36827649347677
2026-08-19T23:20:00+00:00,22411191-3,Dew Point,CURRENT,°C,19.315204029864308
2026-08-19T23:20:00+00:00,22411525-1,Temperature,CURRENT,°C,22.991835937499992
2026-08-19T23:20:00+00:00,22411525-2,RH,CURRENT,%,77.7325093461509
2026-08-19T23:20:00+00:00,22411525-3,Dew Point,CURRENT,°C,18.918094716529612
2026-08-19T23:20:00+00:00,22411526-1,Temperature,CURRENT,°C,23.313588867187498
2026-08-19T23:20:00+00:00,22411526-2,RH,CURRENT,%,78.03921568627452
2026-08-19T23:20:00+00:00,22411526-3,Dew Point,CURRENT,°C,19.293624758697625
2026-08-19T23:20:00+00:00,22411527-1,Temperature,CURRENT,°C,23.013286132812503
2026-08-19T23:20:00+00:00,22411527-2,RH,CURRENT,%,77.88967727168688
2026-08-19T23:20:00+00:00,22411527-3,Dew Point,CURRENT,°C,18.971319252224106
2026-08-19T23:20:00+00:00,22411528-1,Temperature,CURRENT,°C,22.90603515624999
2026-08-19T23:20:00+00:00,22411528-2,RH,CURRENT,%,81.15358205539025
2026-08-19T23:20:00+00:00,22411528-3,Dew Point,CURRENT,°C,19.52717246114332
2026-08-19T23:20:00+00:00,22411529-1,Temperature,CURRENT,°C,23.270688476562505
2026-08-19T23:20:00+00:00,22411529-2,RH,CURRENT,%,80.6134126802472
2026-08-19T23:20:00+00:00,22411529-3,Dew Point,CURRENT,°C,19.77500931997675
2026-08-19T23:20:00+00:00,22411530-1,Temperature,CURRENT,°C,23.013286132812503
2026-08-19T23:20:00+00:00,22411530-2,RH,CURRENT,%,78.30014496070802
2026-08-19T23:20:00+00:00,22411530-3,Dew Point,CURRENT,°C,19.05569766581968
2026-08-19T23:21:00+00:00,22411541-S,Battery,CURRENT,V,8.477390625
2026-08-19T23:25:00+00:00,22411189-1,Temperature,CURRENT,°C,22.198178710937505
2026-08-19T23:25:00+00:00,22411189-2,RH,CURRENT,%,82.10574502174411
2026-08-19T23:25:00+00:00,22411189-3,Dew Point,CURRENT,°C,19.023734381901274
2026-08-19T23:25:00+00:00,22411190-1,Temperature,CURRENT,°C,22.348330078124995
2026-08-19T23:25:00+00:00,22411190-2,RH,CURRENT,%,79.46440833142596
2026-08-19T23:25:00+00:00,22411190-3,Dew Point,CURRENT,°C,18.645934343928456
2026-08-19T23:25:00+00:00,22411191-1,Temperature,CURRENT,°C,22.348330078124995
2026-08-19T23:25:00+00:00,22411191-2,RH,CURRENT,%,80.54474708171206
2026-08-19T23:25:00+00:00,22411191-3,Dew Point,CURRENT,°C,18.8622797302826
2026-08-19T23:25:00+00:00,22411525-1,Temperature,CURRENT,°C,22.348330078124995
2026-08-19T23:25:00+00:00,22411525-2,RH,CURRENT,%,78.8189517051957
2026-08-19T23:25:00+00:00,22411525-3,Dew Point,CURRENT,°C,18.515445726679815
2026-08-19T23:25:00+00:00,22411526-1,Temperature,CURRENT,°C,22.348330078124995
2026-08-19T23:25:00+00:00,22411526-2,RH,CURRENT,%,79.87029831387808
2026-08-19T23:25:00+00:00,22411526-3,Dew Point,CURRENT,°C,18.727516771797433
2026-08-19T23:25:00+00:00,22411527-1,Temperature,CURRENT,°C,22.36978027343749
2026-08-19T23:25:00+00:00,22411527-2,RH,CURRENT,%,78.98222323949035
2026-08-19T23:25:00+00:00,22411527-3,Dew Point,CURRENT,°C,18.569397730320972
2026-08-19T23:25:00+00:00,22411528-1,Temperature,CURRENT,°C,22.069477539062497
2026-08-19T23:25:00+00:00,22411528-2,RH,CURRENT,%,82.73594262607767
2026-08-19T23:25:00+00:00,22411528-3,Dew Point,CURRENT,°C,19.020683327020233
2026-08-19T23:25:00+00:00,22411529-1,Temperature,CURRENT,°C,22.176728515624994
2026-08-19T23:25:00+00:00,22411529-2,RH,CURRENT,%,83.07927061875334
2026-08-19T23:25:00+00:00,22411529-3,Dew Point,CURRENT,°C,19.192128499634425
2026-08-19T23:25:00+00:00,22411530-1,Temperature,CURRENT,°C,22.3268798828125
2026-08-19T23:25:00+00:00,22411530-2,RH,CURRENT,%,79.40337224383917
2026-08-19T23:25:00+00:00,22411530-3,Dew Point,CURRENT,°C,18.612764744283584
2026-08-19T23:26:00+00:00,22411541-S,Battery,CURRENT,V,8.4644677734375
2026-08-19T23:30:00+00:00,22411189-1,Temperature,CURRENT,°C,21.87642578125
2026-08-19T23:30:00+00:00,22411189-2,RH,CURRENT,%,83.13115129320211
2026-08-19T23:30:00+00:00,22411189-3,Dew Point,CURRENT,°C,18.908294809406723
2026-08-19T23:30:00+00:00,22411190-1,Temperature,CURRENT,°C,22.005126953124993
2026-08-19T23:30:00+00:00,22411190-2,RH,CURRENT,%,80.43945983062486
2026-08-19T23:30:00+00:00,22411190-3,Dew Point,CURRENT,°C,18.506839718730692
2026-08-19T23:30:00+00:00,22411191-1,Temperature,CURRENT,°C,22.112377929687504
2026-08-19T23:30:00+00:00,22411191-2,RH,CURRENT,%,81.42366674296177
2026-08-19T23:30:00+00:00,22411191-3,Dew Point,CURRENT,°C,18.806129462124158
2026-08-19T23:30:00+00:00,22411525-1,Temperature,CURRENT,°C,22.090927734374993
2026-08-19T23:30:00+00:00,22411525-2,RH,CURRENT,%,79.81536583504997
2026-08-19T23:30:00+00:00,22411525-3,Dew Point,CURRENT,°C,18.465891171299436
2026-08-19T23:30:00+00:00,22411526-1,Temperature,CURRENT,°C,21.854975585937503
2026-08-19T23:30:00+00:00,22411526-2,RH,CURRENT,%,81.50453955901426
2026-08-19T23:30:00+00:00,22411526-3,Dew Point,CURRENT,°C,18.570773732252448
2026-08-19T23:30:00+00:00,22411527-1,Temperature,CURRENT,°C,22.133828125
2026-08-19T23:30:00+00:00,22411527-2,RH,CURRENT,%,79.88403143358511
2026-08-19T23:30:00+00:00,22411527-3,Dew Point,CURRENT,°C,18.52141076685995
2026-08-19T23:30:00+00:00,22411528-1,Temperature,CURRENT,°C,21.640473632812494
2026-08-19T23:30:00+00:00,22411528-2,RH,CURRENT,%,83.8300144960708
2026-08-19T23:30:00+00:00,22411528-3,Dew Point,CURRENT,°C,18.811504928785265
2026-08-19T23:30:00+00:00,22411529-1,Temperature,CURRENT,°C,21.404521484375003
2026-08-19T23:30:00+00:00,22411529-2,RH,CURRENT,%,85.17586022735942
2026-08-19T23:30:00+00:00,22411529-3,Dew Point,CURRENT,°C,18.835432550214183
2026-08-19T23:30:00+00:00,22411530-1,Temperature,CURRENT,°C,22.04802734375
2026-08-19T23:30:00+00:00,22411530-2,RH,CURRENT,%,80.29297322041657
2026-08-19T23:30:00+00:00,22411530-3,Dew Point,CURRENT,°C,18.519496379921176
2026-08-19T23:31:00+00:00,22411541-S,Battery,CURRENT,V,8.467698486328125
2026-08-19T23:35:00+00:00,22411189-1,Temperature,CURRENT,°C,21.74772460937499
2026-08-19T23:35:00+00:00,22411189-2,RH,CURRENT,%,83.73540856031128
2026-08-19T23:35:00+00:00,22411189-3,Dew Point,CURRENT,°C,18.89845893102718
2026-08-19T23:35:00+00:00,22411190-1,Temperature,CURRENT,°C,21.854975585937503
2026-08-19T23:35:00+00:00,22411190-2,RH,CURRENT,%,80.97047379262989
2026-08-19T23:35:00+00:00,22411190-3,Dew Point,CURRENT,°C,18.465641385136593
2026-08-19T23:35:00+00:00,22411191-1,Temperature,CURRENT,°C,21.9622265625
2026-08-19T23:35:00+00:00,22411191-2,RH,CURRENT,%,82.11337453269246
2026-08-19T23:35:00+00:00,22411191-3,Dew Point,CURRENT,°C,18.79468493384671
2026-08-19T23:35:00+00:00,22411525-1,Temperature,CURRENT,°C,21.940776367187503
2026-08-19T23:35:00+00:00,22411525-2,RH,CURRENT,%,80.46692607003891
2026-08-19T23:35:00+00:00,22411525-3,Dew Point,CURRENT,°C,18.449582163238365
2026-08-19T23:35:00+00:00,22411526-1,Temperature,CURRENT,°C,21.726274414062495
2026-08-19T23:35:00+00:00,22411526-2,RH,CURRENT,%,82.46128023193714
2026-08-19T23:35:00+00:00,22411526-3,Dew Point,CURRENT,°C,18.63179290679862
2026-08-19T23:35:00+00:00,22411527-1,Temperature,CURRENT,°C,21.983676757812496
2026-08-19T23:35:00+00:00,22411527-2,RH,CURRENT,%,80.54016937514305
2026-08-19T23:35:00+00:00,22411527-3,Dew Point,CURRENT,°C,18.505940665087103
2026-08-19T23:35:00+00:00,22411528-1,Temperature,CURRENT,°C,21.447421874999996
2026-08-19T23:35:00+00:00,22411528-2,RH,CURRENT,%,84.956130312047
2026-08-19T23:35:00+00:00,22411528-3,Dew Point,CURRENT,°C,18.836126970081654
2026-08-19T23:35:00+00:00,22411529-1,Temperature,CURRENT,°C,21.104218749999994
2026-08-19T23:35:00+00:00,22411529-2,RH,CURRENT,%,86.6102082856489
2026-08-19T23:35:00+00:00,22411529-3,Dew Point,CURRENT,°C,18.80803168408933
2026-08-19T23:35:00+00:00,22411530-1,Temperature,CURRENT,°C,21.87642578125
2026-08-19T23:35:00+00:00,22411530-2,RH,CURRENT,%,80.96894789044022
2026-08-19T23:35:00+00:00,22411530-3,Dew Point,CURRENT,°C,18.486262166722238
2026-08-19T23:36:00+00:00,22411541-S,Battery,CURRENT,V,8.454775634765625
2026-08-19T23:40:00+00:00,22411189-1,Temperature,CURRENT,°C,21.704824218749998
2026-08-19T23:40:00+00:00,22411189-2,RH,CURRENT,%,83.96887159533074
2026-08-19T23:40:00+00:00,22411189-3,Dew Point,CURRENT,°C,18.901088451663444
2026-08-19T23:40:00+00:00,22411190-1,Temperature,CURRENT,°C,21.812075195312495
2026-08-19T23:40:00+00:00,22411190-2,RH,CURRENT,%,81.38551918822003
2026-08-19T23:40:00+00:00,22411190-3,Dew Point,CURRENT,°C,18.505525554466583
2026-08-19T23:40:00+00:00,22411191-1,Temperature,CURRENT,°C,21.854975585937503
2026-08-19T23:40:00+00:00,22411191-2,RH,CURRENT,%,82.65354390783551
2026-08-19T23:40:00+00:00,22411191-3,Dew Point,CURRENT,°C,18.794930076373653
2026-08-19T23:40:00+00:00,22411525-1,Temperature,CURRENT,°C,21.812075195312495
2026-08-19T23:40:00+00:00,22411525-2,RH,CURRENT,%,80.95063706416418
2026-08-19T23:40:00+00:00,22411525-3,Dew Point,CURRENT,°C,18.419881780039418
2026-08-19T23:40:00+00:00,22411526-1,Temperature,CURRENT,°C,21.576123046875004
2026-08-19T23:40:00+00:00,22411526-2,RH,CURRENT,%,82.69016556038758
2026-08-19T23:40:00+00:00,22411526-3,Dew Point,CURRENT,°C,18.529323950864082
2026-08-19T23:40:00+00:00,22411527-1,Temperature,CURRENT,°C,21.854975585937503
2026-08-19T23:40:00+00:00,22411527-2,RH,CURRENT,%,81.05134660868238
2026-08-19T23:40:00+00:00,22411527-3,Dew Point,CURRENT,°C,18.48160034511431
2026-08-19T23:40:00+00:00,22411528-1,Temperature,CURRENT,°C,21.29727050781249
2026-08-19T23:40:00+00:00,22411528-2,RH,CURRENT,%,85.37880521858548
2026-08-19T23:40:00+00:00,22411528-3,Dew Point,CURRENT,°C,18.76827997679945
2026-08-19T23:40:00+00:00,22411529-1,Temperature,CURRENT,°C,20.846816406249992
2026-08-19T23:40:00+00:00,22411529-2,RH,CURRENT,%,87.59441519798581
2026-08-19T23:40:00+00:00,22411529-3,Dew Point,CURRENT,°C,18.735706890683957
2026-08-19T23:40:00+00:00,22411530-1,Temperature,CURRENT,°C,21.769174804687502
2026-08-19T23:40:00+00:00,22411530-2,RH,CURRENT,%,81.42671854734111
2026-08-19T23:40:00+00:00,22411530-3,Dew Point,CURRENT,°C,18.47174456407507
2026-08-19T23:41:00+00:00,22411541-S,Battery,CURRENT,V,8.448314208984375
2026-08-19T23:45:00+00:00,22411189-1,Temperature,CURRENT,°C,21.147119140625
2026-08-19T23:45:00+00:00,22411189-2,RH,CURRENT,%,86.1875333791104
2026-08-19T23:45:00+00:00,22411189-3,Dew Point,CURRENT,°C,18.77181891368965
2026-08-19T23:45:00+00:00,22411190-1,Temperature,CURRENT,°C,21.275820312499995
2026-08-19T23:45:00+00:00,22411190-2,RH,CURRENT,%,83.37834744792859
2026-08-19T23:45:00+00:00,22411190-3,Dew Point,CURRENT,°C,18.367948763417086
2026-08-19T23:45:00+00:00,22411191-1,Temperature,CURRENT,°C,21.361621093749996
2026-08-19T23:45:00+00:00,22411191-2,RH,CURRENT,%,84.68146791790646
2026-08-19T23:45:00+00:00,22411191-3,Dew Point,CURRENT,°C,18.700062384079885
2026-08-19T23:45:00+00:00,22411525-1,Temperature,CURRENT,°C,21.361621093749996
2026-08-19T23:45:00+00:00,22411525-2,RH,CURRENT,%,82.87785152971695
2026-08-19T23:45:00+00:00,22411525-3,Dew Point,CURRENT,°C,18.355750750040052
2026-08-19T23:45:00+00:00,22411526-1,Temperature,CURRENT,°C,21.125668945312505
2026-08-19T23:45:00+00:00,22411526-2,RH,CURRENT,%,84.41596093690394
2026-08-19T23:45:00+00:00,22411526-3,Dew Point,CURRENT,°C,18.418425818311725
2026-08-19T23:45:00+00:00,22411527-1,Temperature,CURRENT,°C,21.404521484375003
2026-08-19T23:45:00+00:00,22411527-2,RH,CURRENT,%,82.81071183337149
2026-08-19T23:45:00+00:00,22411527-3,Dew Point,CURRENT,°C,18.384771199291883
2026-08-19T23:45:00+00:00,22411528-1,Temperature,CURRENT,°C,20.825366210937496
2026-08-19T23:45:00+00:00,22411528-2,RH,CURRENT,%,87.05271992065309
2026-08-19T23:45:00+00:00,22411528-3,Dew Point,CURRENT,°C,18.61526064570131
2026-08-19T23:45:00+00:00,22411529-1,Temperature,CURRENT,°C,20.460712890624997
2026-08-19T23:45:00+00:00,22411529-2,RH,CURRENT,%,88.86701762417029
2026-08-19T23:45:00+00:00,22411529-3,Dew Point,CURRENT,°C,18.585933284488107
2026-08-19T23:45:00+00:00,22411530-1,Temperature,CURRENT,°C,21.275820312499995
2026-08-19T23:45:00+00:00,22411530-2,RH,CURRENT,%,83.37224383916991
2026-08-19T23:45:00+00:00,22411530-3,Dew Point,CURRENT,°C,18.366779440543976
2026-08-19T23:46:00+00:00,22411541-S,Battery,CURRENT,V,8.454775634765625
2026-08-19T23:50:00+00:00,22411189-1,Temperature,CURRENT,°C,20.67521484374999
2026-08-19T23:50:00+00:00,22411189-2,RH,CURRENT,%,87.71343556878004
2026-08-19T23:50:00+00:00,22411189-3,Dew Point,CURRENT,°C,18.588387791112584
2026-08-19T23:50:00+00:00,22411190-1,Temperature,CURRENT,°C,20.846816406249992
2026-08-19T23:50:00+00:00,22411190-2,RH,CURRENT,%,84.68299382009613
2026-08-19T23:50:00+00:00,22411190-3,Dew Point,CURRENT,°C,18.195368673074604
2026-08-19T23:50:00+00:00,22411191-1,Temperature,CURRENT,°C,20.975517578125
2026-08-19T23:50:00+00:00,22411191-2,RH,CURRENT,%,85.99679560540169
2026-08-19T23:50:00+00:00,22411191-3,Dew Point,CURRENT,°C,18.567671930734978
2026-08-19T23:50:00+00:00,22411525-1,Temperature,CURRENT,°C,21.018417968749993
2026-08-19T23:50:00+00:00,22411525-2,RH,CURRENT,%,83.97650110627909
2026-08-19T23:50:00+00:00,22411525-3,Dew Point,CURRENT,°C,18.22995414533452
2026-08-19T23:50:00+00:00,22411526-1,Temperature,CURRENT,°C,20.653764648437495
2026-08-19T23:50:00+00:00,22411526-2,RH,CURRENT,%,85.96017395284962
2026-08-19T23:50:00+00:00,22411526-3,Dew Point,CURRENT,°C,18.244646858884792
2026-08-19T23:50:00+00:00,22411527-1,Temperature,CURRENT,°C,21.104218749999994
2026-08-19T23:50:00+00:00,22411527-2,RH,CURRENT,%,83.9810788128481
2026-08-19T23:50:00+00:00,22411527-3,Dew Point,CURRENT,°C,18.314900569688202
2026-08-19T23:50:00+00:00,22411528-1,Temperature,CURRENT,°C,20.396362304687493
2026-08-19T23:50:00+00:00,22411528-2,RH,CURRENT,%,88.35278858625162
2026-08-19T23:50:00+00:00,22411528-3,Dew Point,CURRENT,°C,18.429651773832934
2026-08-19T23:50:00+00:00,22411529-1,Temperature,CURRENT,°C,20.053159179687505
2026-08-19T23:50:00+00:00,22411529-2,RH,CURRENT,%,90.12588693064775
2026-08-19T23:50:00+00:00,22411529-3,Dew Point,CURRENT,°C,18.408275204353547
2026-08-19T23:50:00+00:00,22411530-1,Temperature,CURRENT,°C,20.911166992187496
2026-08-19T23:50:00+00:00,22411530-2,RH,CURRENT,%,84.67841611352712
2026-08-19T23:50:00+00:00,22411530-3,Dew Point,CURRENT,°C,18.25762987087325
2026-08-19T23:51:00+00:00,22411541-S,Battery,CURRENT,V,8.44508349609375
2026-08-19T23:55:00+00:00,22411189-1,Temperature,CURRENT,°C,20.096059570312498
2026-08-19T23:55:00+00:00,22411189-2,RH,CURRENT,%,90.85831998168918
2026-08-19T23:55:00+00:00,22411189-3,Dew Point,CURRENT,°C,18.580121854999202
2026-08-19T23:55:00+00:00,22411190-1,Temperature,CURRENT,°C,20.289111328124996
2026-08-19T23:55:00+00:00,22411190-2,RH,CURRENT,%,87.52880140383002
2026-08-19T23:55:00+00:00,22411190-3,Dew Point,CURRENT,°C,18.17435691362965
2026-08-19T23:55:00+00:00,22411191-1,Temperature,CURRENT,°C,20.396362304687493
2026-08-19T23:55:00+00:00,22411191-2,RH,CURRENT,%,89.00434882124055
2026-08-19T23:55:00+00:00,22411191-3,Dew Point,CURRENT,°C,18.547123510795007
2026-08-19T23:55:00+00:00,22411525-1,Temperature,CURRENT,°C,20.460712890624997
2026-08-19T23:55:00+00:00,22411525-2,RH,CURRENT,%,86.77500572213322
2026-08-19T23:55:00+00:00,22411525-3,Dew Point,CURRENT,°C,18.205334808385505
2026-08-19T23:55:00+00:00,22411526-1,Temperature,CURRENT,°C,20.160410156250002
2026-08-19T23:55:00+00:00,22411526-2,RH,CURRENT,%,88.37109941252766
2026-08-19T23:55:00+00:00,22411526-3,Dew Point,CURRENT,°C,18.200265359570913
2026-08-19T23:55:00+00:00,22411527-1,Temperature,CURRENT,°C,20.589414062500005
2026-08-19T23:55:00+00:00,22411527-2,RH,CURRENT,%,86.62241550316625
2026-08-19T23:55:00+00:00,22411527-3,Dew Point,CURRENT,°C,18.303869170683445
2026-08-19T23:55:00+00:00,22411528-1,Temperature,CURRENT,°C,19.9030078125
2026-08-19T23:55:00+00:00,22411528-2,RH,CURRENT,%,90.85679407949951
2026-08-19T23:55:00+00:00,22411528-3,Dew Point,CURRENT,°C,18.38880086197951
2026-08-19T23:55:00+00:00,22411529-1,Temperature,CURRENT,°C,19.624155273437502
2026-08-19T23:55:00+00:00,22411529-2,RH,CURRENT,%,91.93408102540627
2026-08-19T23:55:00+00:00,22411529-3,Dew Point,CURRENT,°C,18.300874300915567
2026-08-19T23:55:00+00:00,22411530-1,Temperature,CURRENT,°C,20.332011718750003
2026-08-19T23:55:00+00:00,22411530-2,RH,CURRENT,%,87.73937590600443
2026-08-19T23:55:00+00:00,22411530-3,Dew Point,CURRENT,°C,18.25495679259798
2026-08-19T23:56:00+00:00,22411541-S,Battery,CURRENT,V,8.438622070312501
