timestamp_utc,sensor_sn,measurement_type,data_type,units,value
2026-09-04T00:00:00+00:00,22411189-1,Temperature,CURRENT,°C,22.198178710937505
2026-09-04T00:00:00+00:00,22411189-2,RH,CURRENT,%,100
2026-09-04T00:00:00+00:00,22411189-3,Dew Point,CURRENT,°C,22.228679156671188
2026-09-04T00:00:00+00:00,22411190-1,Temperature,CURRENT,°C,22.28397949218749
2026-09-04T00:00:00+00:00,22411190-2,RH,CURRENT,%,98.64499885557336
2026-09-04T00:00:00+00:00,22411190-3,Dew Point,CURRENT,°C,22.090127186655096
2026-09-04T00:00:00+00:00,22411191-1,Temperature,CURRENT,°C,22.391230468750003
2026-09-04T00:00:00+00:00,22411191-2,RH,CURRENT,%,100
2026-09-04T00:00:00+00:00,22411191-3,Dew Point,CURRENT,°C,22.422038375627817
2026-09-04T00:00:00+00:00,22411525-1,Temperature,CURRENT,°C,22.36978027343749
2026-09-04T00:00:00+00:00,22411525-2,RH,CURRENT,%,98.44815747310598
2026-09-04T00:00:00+00:00,22411525-3,Dew Point,CURRENT,°C,22.143059193073853
2026-09-04T00:00:00+00:00,22411526-1,Temperature,CURRENT,°C,22.155278320312497
2026-09-04T00:00:00+00:00,22411526-2,RH,CURRENT,%,98.84641794460975
2026-09-04T00:00:00+00:00,22411526-3,Dew Point,CURRENT,°C,21.994950060293167
2026-09-04T00:00:00+00:00,22411527-1,Temperature,CURRENT,°C,22.4126806640625
2026-09-04T00:00:00+00:00,22411527-2,RH,CURRENT,%,98.77317463950561
2026-09-04T00:00:00+00:00,22411527-3,Dew Point,CURRENT,°C,22.240182366641545
2026-09-04T00:00:00+00:00,22411528-1,Temperature,CURRENT,°C,22.176728515624994
2026-09-04T00:00:00+00:00,22411528-2,RH,CURRENT,%,100
2026-09-04T00:00:00+00:00,22411528-3,Dew Point,CURRENT,°C,22.207194797834077
2026-09-04T00:00:00+00:00,22411529-1,Temperature,CURRENT,°C,22.241079101562498
2026-09-04T00:00:00+00:00,22411529-2,RH,CURRENT,%,99.22026398107882
2026-09-04T00:00:00+00:00,22411529-3,Dew Point,CURRENT,°C,22.142834868146814
2026-09-04T00:00:00+00:00,22411530-1,Temperature,CURRENT,°C,22.348330078124995
2026-09-04T00:00:00+00:00,22411530-2,RH,CURRENT,%,98.7182421606775
2026-09-04T00:00:00+00:00,22411530-3,Dew Point,CURRENT,°C,22.166678253772467
2026-09-04T00:00:00+00:00,22411541-S,Battery,CURRENT,V,8.35462353515625
2026-09-04T00:00:00+00:00,22447758-1,Temperature,CURRENT,°C,22.3268798828125
2026-09-04T00:00:00+00:00,22447758-2,RH,CURRENT,%,96.32410162508583
2026-09-04T00:00:00+00:00,22447758-3,Dew Point,CURRENT,°C,21.74204400569338
2026-09-04T00:00:00+00:00,22447759-1,Temperature,CURRENT,°C,22.28397949218749
2026-09-04T00:00:00+00:00,22447759-2,RH,CURRENT,%,96.8184939345388
2026-09-04T00:00:00+00:00,22447759-3,Dew Point,CURRENT,°C,21.783220442081173
2026-09-04T00:00:00+00:00,22447760-1,Temperature,CURRENT,°C,22.348330078124995
2026-09-04T00:00:00+00:00,22447760-2,RH,CURRENT,%,96.58960860608835
2026-09-04T00:00:00+00:00,22447760-3,Dew Point,CURRENT,°C,21.808575725840658
2026-09-04T00:00:00+00:00,22447761-1,Temperature,CURRENT,°C,22.262529296874995
2026-09-04T00:00:00+00:00,22447761-2,RH,CURRENT,%,95.9487296864271
2026-09-04T00:00:00+00:00,22447761-3,Dew Point,CURRENT,°C,21.613920704714307
2026-09-04T00:00:00+00:00,22447762-1,Temperature,CURRENT,°C,22.28397949218749
2026-09-04T00:00:00+00:00,22447762-2,RH,CURRENT,%,96.20050354772259
2026-09-04T00:00:00+00:00,22447762-3,Dew Point,CURRENT,°C,21.678234141128627
2026-09-04T00:00:00+00:00,22447764-1,Temperature,CURRENT,°C,22.28397949218749
2026-09-04T00:00:00+00:00,22447764-2,RH,CURRENT,%,96.93141069657435
2026-09-04T00:00:00+00:00,22447764-3,Dew Point,CURRENT,°C,21.80233983960483
2026-09-04T00:00:00+00:00,22447765-1,Temperature,CURRENT,°C,22.305429687500002
2026-09-04T00:00:00+00:00,22447765-2,RH,CURRENT,%,96.13031204699779
2026-09-04T00:00:00+00:00,22447765-3,Dew Point,CURRENT,°C,21.68764988294098
2026-09-04T00:00:00+00:00,22447766-1,Temperature,CURRENT,°C,22.305429687500002
2026-09-04T00:00:00+00:00,22447766-2,RH,CURRENT,%,96.72541390096895
2026-09-04T00:00:00+00:00,22447766-3,Dew Point,CURRENT,°C,21.788839231382703
2026-09-04T00:05:00+00:00,22411189-1,Temperature,CURRENT,°C,22.133828125
2026-09-04T00:05:00+00:00,22411189-2,RH,CURRENT,%,100
2026-09-04T00:05:00+00:00,22411189-3,Dew Point,CURRENT,°C,22.164226079454718
2026-09-04T00:05:00+00:00,22411190-1,Temperature,CURRENT,°C,22.21962890625
2026-09-04T00:05:00+00:00,22411190-2,RH,CURRENT,%,98.67704280155642
2026-09-04T00:05:00+00:00,22411190-3,Dew Point,CURRENT,°C,22.03112257707215
2026-09-04T00:05:00+00:00,22411191-1,Temperature,CURRENT,°C,22.3268798828125
2026-09-04T00:05:00+00:00,22411191-2,RH,CURRENT,%,100
2026-09-04T00:05:00+00:00,22411191-3,Dew Point,CURRENT,°C,22.357585304757738
2026-09-04T00:05:00+00:00,22411525-1,Temperature,CURRENT,°C,22.28397949218749
2026-09-04T00:05:00+00:00,22411525-2,RH,CURRENT,%,98.51987487602045
2026-09-04T00:05:00+00:00,22411525-3,Dew Point,CURRENT,°C,22.069261718063796
2026-09-04T00:05:00+00:00,22411526-1,Temperature,CURRENT,°C,22.112377929687504
2026-09-04T00:05:00+00:00,22411526-2,RH,CURRENT,%,99.01579308766308
2026-09-04T00:05:00+00:00,22411526-3,Dew Point,CURRENT,°C,21.980164962989008
2026-09-04T00:05:00+00:00,22411527-1,Temperature,CURRENT,°C,22.3268798828125
2026-09-04T00:05:00+00:00,22411527-2,RH,CURRENT,%,98.79911497673
2026-09-04T00:05:00+00:00,22411527-3,Dew Point,CURRENT,°C,22.158698611460924
2026-09-04T00:05:00+00:00,22411528-1,Temperature,CURRENT,°C,22.155278320312497
2026-09-04T00:05:00+00:00,22411528-2,RH,CURRENT,%,100
2026-09-04T00:05:00+00:00,22411528-3,Dew Point,CURRENT,°C,22.185710438761923
2026-09-04T00:05:00+00:00,22411529-1,Temperature,CURRENT,°C,22.176728515624994
2026-09-04T00:05:00+00:00,22411529-2,RH,CURRENT,%,99.53307392996109
2026-09-04T00:05:00+00:00,22411529-3,Dew Point,CURRENT,°C,22.13020226030061
2026-09-04T00:05:00+00:00,22411530-1,Temperature,CURRENT,°C,22.262529296874995
2026-09-04T00:05:00+00:00,22411530-2,RH,CURRENT,%,98.92729076066225
2026-09-04T00:05:00+00:00,22411530-3,Dew Point,CURRENT,°C,22.115661906963755
2026-09-04T00:05:00+00:00,22411541-S,Battery,CURRENT,V,8.35462353515625
2026-09-04T00:05:00+00:00,22447758-1,Temperature,CURRENT,°C,22.21962890625
2026-09-04T00:05:00+00:00,22447758-2,RH,CURRENT,%,96.40650034332799
2026-09-04T00:05:00+00:00,22447758-3,Dew Point,CURRENT,°C,21.649139532517797
2026-09-04T00:05:00+00:00,22447759-1,Temperature,CURRENT,°C,22.198178710937505
2026-09-04T00:05:00+00:00,22447759-2,RH,CURRENT,%,96.8032349126421
2026-09-04T00:05:00+00:00,22447759-3,Dew Point,CURRENT,°C,21.69505036468054
2026-09-04T00:05:00+00:00,22447760-1,Temperature,CURRENT,°C,22.241079101562498
2026-09-04T00:05:00+00:00,22447760-2,RH,CURRENT,%,96.65674830243381
2026-09-04T00:05:00+00:00,22447760-3,Dew Point,CURRENT,°C,21.713014997850866
2026-09-04T00:05:00+00:00,22447761-1,Temperature,CURRENT,°C,22.176728515624994
2026-09-04T00:05:00+00:00,22447761-2,RH,CURRENT,%,95.97009231708248
2026-09-04T00:05:00+00:00,22447761-3,Dew Point,CURRENT,°C,21.532075929132173
2026-09-04T00:05:00+00:00,22447762-1,Temperature,CURRENT,°C,22.198178710937505
2026-09-04T00:05:00+00:00,22447762-2,RH,CURRENT,%,96.09826810101472
2026-09-04T00:05:00+00:00,22447762-3,Dew Point,CURRENT,°C,21.575303401719744
2026-09-04T00:05:00+00:00,22447764-1,Temperature,CURRENT,°C,22.176728515624994
2026-09-04T00:05:00+00:00,22447764-2,RH,CURRENT,%,97.04737926298924
2026-09-04T00:05:00+00:00,22447764-3,Dew Point,CURRENT,°C,21.71494054795219
2026-09-04T00:05:00+00:00,22447765-1,Temperature,CURRENT,°C,22.198178710937505
2026-09-04T00:05:00+00:00,22447765-2,RH,CURRENT,%,96.25085831998169
2026-09-04T00:05:00+00:00,22447765-3,Dew Point,CURRENT,°C,21.60128758503166
2026-09-04T00:05:00+00:00,22447766-1,Temperature,CURRENT,°C,22.198178710937505
2026-09-04T00:05:00+00:00,22447766-2,RH,CURRENT,%,96.62623025864042
2026-09-04T00:05:00+00:00,22447766-3,Dew Point,CURRENT,°C,21.665055838781843
2026-09-04T00:10:00+00:00,22411189-1,Temperature,CURRENT,°C,22.090927734374993
2026-09-04T00:10:00+00:00,22411189-2,RH,CURRENT,%,100
2026-09-04T00:10:00+00:00,22411189-3,Dew Point,CURRENT,°C,22.121257360135143
2026-09-04T00:10:00+00:00,22411190-1,Temperature,CURRENT,°C,22.155278320312497
2026-09-04T00:10:00+00:00,22411190-2,RH,CURRENT,%,98.70298313878081
2026-09-04T00:10:00+00:00,22411190-3,Dew Point,CURRENT,°C,21.97109542938752
2026-09-04T00:10:00+00:00,22411191-1,Temperature,CURRENT,°C,22.262529296874995
2026-09-04T00:10:00+00:00,22411191-2,RH,CURRENT,%,100
2026-09-04T00:10:00+00:00,22411191-3,Dew Point,CURRENT,°C,22.293132231772177
2026-09-04T00:10:00+00:00,22411525-1,Temperature,CURRENT,°C,22.262529296874995
2026-09-04T00:10:00+00:00,22411525-2,RH,CURRENT,%,98.42374303807127
2026-09-04T00:10:00+00:00,22411525-3,Dew Point,CURRENT,°C,22.03177401912082
2026-09-04T00:10:00+00:00,22411526-1,Temperature,CURRENT,°C,22.069477539062497
2026-09-04T00:10:00+00:00,22411526-2,RH,CURRENT,%,99.15159838254368
2026-09-04T00:10:00+00:00,22411526-3,Dew Point,CURRENT,°C,21.959759338280058
2026-09-04T00:10:00+00:00,22411527-1,Temperature,CURRENT,°C,22.305429687500002
2026-09-04T00:10:00+00:00,22411527-2,RH,CURRENT,%,98.63431754024568
2026-09-04T00:10:00+00:00,22411527-3,Dew Point,CURRENT,°C,22.109793871038015
2026-09-04T00:10:00+00:00,22411528-1,Temperature,CURRENT,°C,22.112377929687504
2026-09-04T00:10:00+00:00,22411528-2,RH,CURRENT,%,100
2026-09-04T00:10:00+00:00,22411528-3,Dew Point,CURRENT,°C,22.142741719912454
2026-09-04T00:10:00+00:00,22411529-1,Temperature,CURRENT,°C,22.112377929687504
2026-09-04T00:10:00+00:00,22411529-2,RH,CURRENT,%,99.63378347447929
2026-09-04T00:10:00+00:00,22411529-3,Dew Point,CURRENT,°C,22.082411987349918
2026-09-04T00:10:00+00:00,22411530-1,Temperature,CURRENT,°C,22.21962890625
2026-09-04T00:10:00+00:00,22411530-2,RH,CURRENT,%,99.01579308766308
2026-09-04T00:10:00+00:00,22411530-3,Dew Point,CURRENT,°C,22.087452350677122
2026-09-04T00:10:00+00:00,22411541-S,Battery,CURRENT,V,8.364315673828125
2026-09-04T00:10:00+00:00,22447758-1,Temperature,CURRENT,°C,22.133828125
2026-09-04T00:10:00+00:00,22447758-2,RH,CURRENT,%,96.27832455939574
2026-09-04T00:10:00+00:00,22447758-3,Dew Point,CURRENT,°C,21.54181625419912
2026-09-04T00:10:00+00:00,22447759-1,Temperature,CURRENT,°C,22.112377929687504
2026-09-04T00:10:00+00:00,22447759-2,RH,CURRENT,%,96.74830243381399
2026-09-04T00:10:00+00:00,22447759-3,Dew Point,CURRENT,°C,21.600167986841633
2026-09-04T00:10:00+00:00,22447760-1,Temperature,CURRENT,°C,22.133828125
2026-09-04T00:10:00+00:00,22447760-2,RH,CURRENT,%,96.64911879148546
2026-09-04T00:10:00+00:00,22447760-3,Dew Point,CURRENT,°C,21.604761324088496
2026-09-04T00:10:00+00:00,22447761-1,Temperature,CURRENT,°C,22.069477539062497
2026-09-04T00:10:00+00:00,22447761-2,RH,CURRENT,%,96.02197299153124
2026-09-04T00:10:00+00:00,22447761-3,Dew Point,CURRENT,°C,21.434051578436044
2026-09-04T00:10:00+00:00,22447762-1,Temperature,CURRENT,°C,22.112377929687504
2026-09-04T00:10:00+00:00,22447762-2,RH,CURRENT,%,96.02044708934157
2026-09-04T00:10:00+00:00,22447762-3,Dew Point,CURRENT,°C,21.47654031995217
2026-09-04T00:10:00+00:00,22447764-1,Temperature,CURRENT,°C,22.069477539062497
2026-09-04T00:10:00+00:00,22447764-2,RH,CURRENT,%,96.94972152285038
2026-09-04T00:10:00+00:00,22447764-3,Dew Point,CURRENT,°C,21.591435131558406
2026-09-04T00:10:00+00:00,22447765-1,Temperature,CURRENT,°C,22.112377929687504
2026-09-04T00:10:00+00:00,22447765-2,RH,CURRENT,%,96.16235599298085
2026-09-04T00:10:00+00:00,22447765-3,Dew Point,CURRENT,°C,21.50070793249782
2026-09-04T00:10:00+00:00,22447766-1,Temperature,CURRENT,°C,22.133828125
2026-09-04T00:10:00+00:00,22447766-2,RH,CURRENT,%,96.5514610513466
2026-09-04T00:10:00+00:00,22447766-3,Dew Point,CURRENT,°C,21.588203692702844
2026-09-04T00:15:00+00:00,22411189-1,Temperature,CURRENT,°C,22.069477539062497
2026-09-04T00:15:00+00:00,22411189-2,RH,CURRENT,%,100
2026-09-04T00:15:00+00:00,22411189-3,Dew Point,CURRENT,°C,22.099773000122777
2026-09-04T00:15:00+00:00,22411190-1,Temperature,CURRENT,°C,22.133828125
2026-09-04T00:15:00+00:00,22411190-2,RH,CURRENT,%,98.80827038986801
2026-09-04T00:15:00+00:00,22411190-3,Dew Point,CURRENT,°C,21.967156911645503
2026-09-04T00:15:00+00:00,22411191-1,Temperature,CURRENT,°C,22.262529296874995
2026-09-04T00:15:00+00:00,22411191-2,RH,CURRENT,%,100
2026-09-04T00:15:00+00:00,22411191-3,Dew Point,CURRENT,°C,22.293132231772177
2026-09-04T00:15:00+00:00,22411525-1,Temperature,CURRENT,°C,22.262529296874995
2026-09-04T00:15:00+00:00,22411525-2,RH,CURRENT,%,98.49698634317541
2026-09-04T00:15:00+00:00,22411525-3,Dew Point,CURRENT,°C,22.043999157973637
2026-09-04T00:15:00+00:00,22411526-1,Temperature,CURRENT,°C,22.04802734375
2026-09-04T00:15:00+00:00,22411526-2,RH,CURRENT,%,99.24773022049287
2026-09-04T00:15:00+00:00,22411526-3,Dew Point,CURRENT,°C,21.954212807045955
2026-09-04T00:15:00+00:00,22411527-1,Temperature,CURRENT,°C,22.28397949218749
2026-09-04T00:15:00+00:00,22411527-2,RH,CURRENT,%,98.73655298695354
2026-09-04T00:15:00+00:00,22411527-3,Dew Point,CURRENT,°C,22.105379962190344
2026-09-04T00:15:00+00:00,22411528-1,Temperature,CURRENT,°C,22.069477539062497
2026-09-04T00:15:00+00:00,22411528-2,RH,CURRENT,%,100
2026-09-04T00:15:00+00:00,22411528-3,Dew Point,CURRENT,°C,22.099773000122777
2026-09-04T00:15:00+00:00,22411529-1,Temperature,CURRENT,°C,22.04802734375
2026-09-04T00:15:00+00:00,22411529-2,RH,CURRENT,%,99.71923399710079
2026-09-04T00:15:00+00:00,22411529-3,Dew Point,CURRENT,°C,22.032076079617116
2026-09-04T00:15:00+00:00,22411530-1,Temperature,CURRENT,°C,22.198178710937505
2026-09-04T00:15:00+00:00,22411530-2,RH,CURRENT,%,98.97764553292134
2026-09-04T00:15:00+00:00,22411530-3,Dew Point,CURRENT,°C,22.059660899373064
2026-09-04T00:15:00+00:00,22411541-S,Battery,CURRENT,V,8.3352392578125
2026-09-04T00:15:00+00:00,22447758-1,Temperature,CURRENT,°C,22.133828125
2026-09-04T00:15:00+00:00,22447758-2,RH,CURRENT,%,96.50568398565652
2026-09-04T00:15:00+00:00,22447758-3,Dew Point,CURRENT,°C,21.580437265658965
2026-09-04T00:15:00+00:00,22447759-1,Temperature,CURRENT,°C,22.112377929687504
2026-09-04T00:15:00+00:00,22447759-2,RH,CURRENT,%,96.95124742504005
2026-09-04T00:15:00+00:00,22447759-3,Dew Point,CURRENT,°C,21.634493706097484
2026-09-04T00:15:00+00:00,22447760-1,Temperature,CURRENT,°C,22.133828125
2026-09-04T00:15:00+00:00,22447760-2,RH,CURRENT,%,96.91767757686732
2026-09-04T00:15:00+00:00,22447760-3,Dew Point,CURRENT,°C,21.650219559102204
2026-09-04T00:15:00+00:00,22447761-1,Temperature,CURRENT,°C,22.069477539062497
2026-09-04T00:15:00+00:00,22447761-2,RH,CURRENT,%,96.33630884260319
2026-09-04T00:15:00+00:00,22447761-3,Dew Point,CURRENT,°C,21.48752385442771
2026-09-04T00:15:00+00:00,22447762-1,Temperature,CURRENT,°C,22.090927734374993
2026-09-04T00:15:00+00:00,22447762-2,RH,CURRENT,%,96.23102159151598
2026-09-04T00:15:00+00:00,22447762-3,Dew Point,CURRENT,°C,21.49101050071168
2026-09-04T00:15:00+00:00,22447764-1,Temperature,CURRENT,°C,22.069477539062497
2026-09-04T00:15:00+00:00,22447764-2,RH,CURRENT,%,97.19386587319752
2026-09-04T00:15:00+00:00,22447764-3,Dew Point,CURRENT,°C,21.632633107202118
2026-09-04T00:15:00+00:00,22447765-1,Temperature,CURRENT,°C,22.090927734374993
2026-09-04T00:15:00+00:00,22447765-2,RH,CURRENT,%,96.44159609369039
2026-09-04T00:15:00+00:00,22447765-3,Dew Point,CURRENT,°C,21.52678655547969
2026-09-04T00:15:00+00:00,22447766-1,Temperature,CURRENT,°C,22.112377929687504
2026-09-04T00:15:00+00:00,22447766-2,RH,CURRENT,%,96.74067292286564
2026-09-04T00:15:00+00:00,22447766-3,Dew Point,CURRENT,°C,21.5988763197745
2026-09-04T00:20:00+00:00,22411189-1,Temperature,CURRENT,°C,22.026577148437504
2026-09-04T00:20:00+00:00,22411189-2,RH,CURRENT,%,100
2026-09-04T00:20:00+00:00,22411189-3,Dew Point,CURRENT,°C,22.056804279392903
2026-09-04T00:20:00+00:00,22411190-1,Temperature,CURRENT,°C,22.090927734374993
2026-09-04T00:20:00+00:00,22411190-2,RH,CURRENT,%,98.79606317235066
2026-09-04T00:20:00+00:00,22411190-3,Dew Point,CURRENT,°C,21.92222465103823
2026-09-04T00:20:00+00:00,22411191-1,Temperature,CURRENT,°C,22.21962890625
2026-09-04T00:20:00+00:00,22411191-2,RH,CURRENT,%,100
2026-09-04T00:20:00+00:00,22411191-3,Dew Point,CURRENT,°C,22.25016351527323
2026-09-04T00:20:00+00:00,22411525-1,Temperature,CURRENT,°C,22.21962890625
2026-09-04T00:20:00+00:00,22411525-2,RH,CURRENT,%,98.38864728770886
2026-09-04T00:20:00+00:00,22411525-3,Dew Point,CURRENT,°C,21.983032880470436
2026-09-04T00:20:00+00:00,22411526-1,Temperature,CURRENT,°C,22.005126953124993
2026-09-04T00:20:00+00:00,22411526-2,RH,CURRENT,%,99.34538796063173
2026-09-04T00:20:00+00:00,22411526-3,Dew Point,CURRENT,°C,21.92743328909704
2026-09-04T00:20:00+00:00,22411527-1,Temperature,CURRENT,°C,22.262529296874995
2026-09-04T00:20:00+00:00,22411527-2,RH,CURRENT,%,98.46646829938202
2026-09-04T00:20:00+00:00,22411527-3,Dew Point,CURRENT,°C,22.038906315413033
2026-09-04T00:20:00+00:00,22411528-1,Temperature,CURRENT,°C,22.026577148437504
2026-09-04T00:20:00+00:00,22411528-2,RH,CURRENT,%,100
2026-09-04T00:20:00+00:00,22411528-3,Dew Point,CURRENT,°C,22.056804279392903
2026-09-04T00:20:00+00:00,22411529-1,Temperature,CURRENT,°C,22.005126953124993
2026-09-04T00:20:00+00:00,22411529-2,RH,CURRENT,%,99.94354161898222
2026-09-04T00:20:00+00:00,22411529-3,Dew Point,CURRENT,°C,22.026039357605573
2026-09-04T00:20:00+00:00,22411530-1,Temperature,CURRENT,°C,22.176728515624994
2026-09-04T00:20:00+00:00,22411530-2,RH,CURRENT,%,99.10582131685359
2026-09-04T00:20:00+00:00,22411530-3,Dew Point,CURRENT,°C,22.059474678001706
2026-09-04T00:20:00+00:00,22411541-S,Battery,CURRENT,V,8.35462353515625
2026-09-04T00:20:00+00:00,22447758-1,Temperature,CURRENT,°C,22.005126953124993
2026-09-04T00:20:00+00:00,22447758-2,RH,CURRENT,%,96.73609521629663
2026-09-04T00:20:00+00:00,22447758-3,Dew Point,CURRENT,°C,21.49112923144409
2026-09-04T00:20:00+00:00,22447759-1,Temperature,CURRENT,°C,22.005126953124993
2026-09-04T00:20:00+00:00,22447759-2,RH,CURRENT,%,96.98634317540245
2026-09-04T00:20:00+00:00,22447759-3,Dew Point,CURRENT,°C,21.533416404596068
2026-09-04T00:20:00+00:00,22447760-1,Temperature,CURRENT,°C,22.005126953124993
2026-09-04T00:20:00+00:00,22447760-2,RH,CURRENT,%,96.98786907759212
2026-09-04T00:20:00+00:00,22447760-3,Dew Point,CURRENT,°C,21.53367396065772
2026-09-04T00:20:00+00:00,22447761-1,Temperature,CURRENT,°C,21.940776367187503
2026-09-04T00:20:00+00:00,22447761-2,RH,CURRENT,%,96.19897764553292
2026-09-04T00:20:00+00:00,22447761-3,Dew Point,CURRENT,°C,21.33590459831908
2026-09-04T00:20:00+00:00,22447762-1,Temperature,CURRENT,°C,21.983676757812496
2026-09-04T00:20:00+00:00,22447762-2,RH,CURRENT,%,96.35461966887922
2026-09-04T00:20:00+00:00,22447762-3,Dew Point,CURRENT,°C,21.40509904809234
2026-09-04T00:20:00+00:00,22447764-1,Temperature,CURRENT,°C,21.983676757812496
2026-09-04T00:20:00+00:00,22447764-2,RH,CURRENT,%,97.39375906004425
2026-09-04T00:20:00+00:00,22447764-3,Dew Point,CURRENT,°C,21.580645733051757
2026-09-04T00:20:00+00:00,22447765-1,Temperature,CURRENT,°C,21.983676757812496
2026-09-04T00:20:00+00:00,22447765-2,RH,CURRENT,%,96.6170748455024
2026-09-04T00:20:00+00:00,22447765-3,Dew Point,CURRENT,°C,21.449592383975247
2026-09-04T00:20:00+00:00,22447766-1,Temperature,CURRENT,°C,22.005126953124993
2026-09-04T00:20:00+00:00,22447766-2,RH,CURRENT,%,96.87647821774624
2026-09-04T00:20:00+00:00,22447766-3,Dew Point,CURRENT,°C,21.51486305742148
2026-09-04T00:25:00+00:00,22411189-1,Temperature,CURRENT,°C,22.026577148437504
2026-09-04T00:25:00+00:00,22411189-2,RH,CURRENT,%,100
2026-09-04T00:25:00+00:00,22411189-3,Dew Point,CURRENT,°C,22.056804279392903
2026-09-04T00:25:00+00:00,22411190-1,Temperature,CURRENT,°C,22.069477539062497
2026-09-04T00:25:00+00:00,22411190-2,RH,CURRENT,%,98.6434729533837
2026-09-04T00:25:00+00:00,22411190-3,Dew Point,CURRENT,°C,21.875400366017498
2026-09-04T00:25:00+00:00,22411191-1,Temperature,CURRENT,°C,22.21962890625
2026-09-04T00:25:00+00:00,22411191-2,RH,CURRENT,%,100
2026-09-04T00:25:00+00:00,22411191-3,Dew Point,CURRENT,°C,22.25016351527323
2026-09-04T00:25:00+00:00,22411525-1,Temperature,CURRENT,°C,22.21962890625
2026-09-04T00:25:00+00:00,22411525-2,RH,CURRENT,%,97.6470588235294
2026-09-04T00:25:00+00:00,22411525-3,Dew Point,CURRENT,°C,21.85880591521407
2026-09-04T00:25:00+00:00,22411526-1,Temperature,CURRENT,°C,22.005126953124993
2026-09-04T00:25:00+00:00,22411526-2,RH,CURRENT,%,99.45372701609827
2026-09-04T00:25:00+00:00,22411526-3,Dew Point,CURRENT,°C,21.945331450378074
2026-09-04T00:25:00+00:00,22411527-1,Temperature,CURRENT,°C,22.262529296874995
2026-09-04T00:25:00+00:00,22411527-2,RH,CURRENT,%,97.60585946440833
2026-09-04T00:25:00+00:00,22411527-3,Dew Point,CURRENT,°C,21.894717418157903
2026-09-04T00:25:00+00:00,22411528-1,Temperature,CURRENT,°C,22.026577148437504
2026-09-04T00:25:00+00:00,22411528-2,RH,CURRENT,%,100
2026-09-04T00:25:00+00:00,22411528-3,Dew Point,CURRENT,°C,22.056804279392903
2026-09-04T00:25:00+00:00,22411529-1,Temperature,CURRENT,°C,22.005126953124993
2026-09-04T00:25:00+00:00,22411529-2,RH,CURRENT,%,100
2026-09-04T00:25:00+00:00,22411529-3,Dew Point,CURRENT,°C,22.035319918675377
2026-09-04T00:25:00+00:00,22411530-1,Temperature,CURRENT,°C,22.176728515624994
2026-09-04T00:25:00+00:00,22411530-2,RH,CURRENT,%,98.5976958876936
2026-09-04T00:25:00+00:00,22411530-3,Dew Point,CURRENT,°C,21.97501182915236
2026-09-04T00:25:00+00:00,22411541-S,Battery,CURRENT,V,8.344931396484375
2026-09-04T00:25:00+00:00,22447758-1,Temperature,CURRENT,°C,22.04802734375
2026-09-04T00:25:00+00:00,22447758-2,RH,CURRENT,%,95.97009231708248
2026-09-04T00:25:00+00:00,22447758-3,Dew Point,CURRENT,°C,21.4038384135495
2026-09-04T00:25:00+00:00,22447759-1,Temperature,CURRENT,°C,22.04802734375
2026-09-04T00:25:00+00:00,22447759-2,RH,CURRENT,%,96.29205767910277
2026-09-04T00:25:00+00:00,22447759-3,Dew Point,CURRENT,°C,21.458623449634796
2026-09-04T00:25:00+00:00,22447760-1,Temperature,CURRENT,°C,22.069477539062497
2026-09-04T00:25:00+00:00,22447760-2,RH,CURRENT,%,96.42023346303502
2026-09-04T00:25:00+00:00,22447760-3,Dew Point,CURRENT,°C,21.50177464727409
2026-09-04T00:25:00+00:00,22447761-1,Temperature,CURRENT,°C,21.983676757812496
2026-09-04T00:25:00+00:00,22447761-2,RH,CURRENT,%,96.04028381780728
2026-09-04T00:25:00+00:00,22447761-3,Dew Point,CURRENT,°C,21.351670942561114
2026-09-04T00:25:00+00:00,22447762-1,Temperature,CURRENT,°C,22.026577148437504
2026-09-04T00:25:00+00:00,22447762-2,RH,CURRENT,%,95.70153353170062
2026-09-04T00:25:00+00:00,22447762-3,Dew Point,CURRENT,°C,21.336652565997106
2026-09-04T00:25:00+00:00,22447764-1,Temperature,CURRENT,°C,22.005126953124993
2026-09-04T00:25:00+00:00,22447764-2,RH,CURRENT,%,96.78492408636606
2026-09-04T00:25:00+00:00,22447764-3,Dew Point,CURRENT,°C,21.499387886445273
2026-09-04T00:25:00+00:00,22447765-1,Temperature,CURRENT,°C,22.04802734375
2026-09-04T00:25:00+00:00,22447765-2,RH,CURRENT,%,96.04028381780728
2026-09-04T00:25:00+00:00,22447765-3,Dew Point,CURRENT,°C,21.41579574483927
2026-09-04T00:25:00+00:00,22447766-1,Temperature,CURRENT,°C,22.069477539062497
2026-09-04T00:25:00+00:00,22447766-2,RH,CURRENT,%,96.0845349813077
2026-09-04T00:25:00+00:00,22447766-3,Dew Point,CURRENT,°C,21.444706297315296
2026-09-04T00:30:00+00:00,22411189-1,Temperature,CURRENT,°C,22.04802734375
2026-09-04T00:30:00+00:00,22411189-2,RH,CURRENT,%,100
2026-09-04T00:30:00+00:00,22411189-3,Dew Point,CURRENT,°C,22.07828863987537
2026-09-04T00:30:00+00:00,22411190-1,Temperature,CURRENT,°C,22.090927734374993
2026-09-04T00:30:00+00:00,22411190-2,RH,CURRENT,%,98.1353475242237
2026-09-04T00:30:00+00:00,22411190-3,Dew Point,CURRENT,°C,21.81209421026349
2026-09-04T00:30:00+00:00,22411191-1,Temperature,CURRENT,°C,22.28397949218749
2026-09-04T00:30:00+00:00,22411191-2,RH,CURRENT,%,99.69634546425574
2026-09-04T00:30:00+00:00,22411191-3,Dew Point,CURRENT,°C,22.264540714928483
2026-09-04T00:30:00+00:00,22411525-1,Temperature,CURRENT,°C,22.28397949218749
2026-09-04T00:30:00+00:00,22411525-2,RH,CURRENT,%,97.05195696955825
2026-09-04T00:30:00+00:00,22411525-3,Dew Point,CURRENT,°C,21.82272962736213
2026-09-04T00:30:00+00:00,22411526-1,Temperature,CURRENT,°C,21.983676757812496
2026-09-04T00:30:00+00:00,22411526-2,RH,CURRENT,%,99.47356374456398
2026-09-04T00:30:00+00:00,22411526-3,Dew Point,CURRENT,°C,21.927136714965272
2026-09-04T00:30:00+00:00,22411527-1,Temperature,CURRENT,°C,22.3268798828125
2026-09-04T00:30:00+00:00,22411527-2,RH,CURRENT,%,96.9741359578851
2026-09-04T00:30:00+00:00,22411527-3,Dew Point,CURRENT,°C,21.85237107296987
2026-09-04T00:30:00+00:00,22411528-1,Temperature,CURRENT,°C,22.005126953124993
2026-09-04T00:30:00+00:00,22411528-2,RH,CURRENT,%,100
2026-09-04T00:30:00+00:00,22411528-3,Dew Point,CURRENT,°C,22.035319918675377
2026-09-04T00:30:00+00:00,22411529-1,Temperature,CURRENT,°C,21.983676757812496
2026-09-04T00:30:00+00:00,22411529-2,RH,CURRENT,%,100
2026-09-04T00:30:00+00:00,22411529-3,Dew Point,CURRENT,°C,22.013835557722818
2026-09-04T00:30:00+00:00,22411530-1,Temperature,CURRENT,°C,22.21962890625
2026-09-04T00:30:00+00:00,22411530-2,RH,CURRENT,%,98.19028000305181
2026-09-04T00:30:00+00:00,22411530-3,Dew Point,CURRENT,°C,21.949883789747343
2026-09-04T00:30:00+00:00,22411541-S,Battery,CURRENT,V,8.338469970703125
2026-09-04T00:30:00+00:00,22447758-1,Temperature,CURRENT,°C,22.155278320312497
2026-09-04T00:30:00+00:00,22447758-2,RH,CURRENT,%,95.75188830395972
2026-09-04T00:30:00+00:00,22447758-3,Dew Point,CURRENT,°C,21.47345175899549
2026-09-04T00:30:00+00:00,22447759-1,Temperature,CURRENT,°C,22.133828125
2026-09-04T00:30:00+00:00,22447759-2,RH,CURRENT,%,95.94415197985809
2026-09-04T00:30:00+00:00,22447759-3,Dew Point,CURRENT,°C,21.484906262760507
2026-09-04T00:30:00+00:00,22447760-1,Temperature,CURRENT,°C,22.155278320312497
2026-09-04T00:30:00+00:00,22447760-2,RH,CURRENT,%,96.07537956816968
2026-09-04T00:30:00+00:00,22447760-3,Dew Point,CURRENT,°C,21.52865096337256
2026-09-04T00:30:00+00:00,22447761-1,Temperature,CURRENT,°C,22.069477539062497
2026-09-04T00:30:00+00:00,22447761-2,RH,CURRENT,%,95.85259784847791
2026-09-04T00:30:00+00:00,22447761-3,Dew Point,CURRENT,°C,21.405175406616394
2026-09-04T00:30:00+00:00,22447762-1,Temperature,CURRENT,°C,22.112377929687504
2026-09-04T00:30:00+00:00,22447762-2,RH,CURRENT,%,95.32616159304189
2026-09-04T00:30:00+00:00,22447762-3,Dew Point,CURRENT,°C,21.357849166339314
2026-09-04T00:30:00+00:00,22447764-1,Temperature,CURRENT,°C,22.090927734374993
2026-09-04T00:30:00+00:00,22447764-2,RH,CURRENT,%,96.62165255207141
2026-09-04T00:30:00+00:00,22447764-3,Dew Point,CURRENT,°C,21.557323586284483
2026-09-04T00:30:00+00:00,22447765-1,Temperature,CURRENT,°C,22.112377929687504
2026-09-04T00:30:00+00:00,22447765-2,RH,CURRENT,%,95.7427328908217
2026-09-04T00:30:00+00:00,22447765-3,Dew Point,CURRENT,°C,21.4291541280978
2026-09-04T00:30:00+00:00,22447766-1,Temperature,CURRENT,°C,22.133828125
2026-09-04T00:30:00+00:00,22447766-2,RH,CURRENT,%,95.80224307621882
2026-09-04T00:30:00+00:00,22447766-3,Dew Point,CURRENT,°C,21.460686603843403
2026-09-04T00:35:00+00:00,22411189-1,Temperature,CURRENT,°C,22.069477539062497
2026-09-04T00:35:00+00:00,22411189-2,RH,CURRENT,%,100
2026-09-04T00:35:00+00:00,22411189-3,Dew Point,CURRENT,°C,22.099773000122777
2026-09-04T00:35:00+00:00,22411190-1,Temperature,CURRENT,°C,22.112377929687504
2026-09-04T00:35:00+00:00,22411190-2,RH,CURRENT,%,97.87899595635919
2026-09-04T00:35:00+00:00,22411190-3,Dew Point,CURRENT,°C,21.790616317137836
2026-09-04T00:35:00+00:00,22411191-1,Temperature,CURRENT,°C,22.305429687500002
2026-09-04T00:35:00+00:00,22411191-2,RH,CURRENT,%,99.43083848325323
2026-09-04T00:35:00+00:00,22411191-3,Dew Point,CURRENT,°C,22.24211533741939
2026-09-04T00:35:00+00:00,22411525-1,Temperature,CURRENT,°C,22.305429687500002
2026-09-04T00:35:00+00:00,22411525-2,RH,CURRENT,%,96.78950179293507
2026-09-04T00:35:00+00:00,22411525-3,Dew Point,CURRENT,°C,21.79970408265167
2026-09-04T00:35:00+00:00,22411526-1,Temperature,CURRENT,°C,22.005126953124993
2026-09-04T00:35:00+00:00,22411526-2,RH,CURRENT,%,99.44457160296025
2026-09-04T00:35:00+00:00,22411526-3,Dew Point,CURRENT,°C,21.94381958868169
2026-09-04T00:35:00+00:00,22411527-1,Temperature,CURRENT,°C,22.348330078124995
2026-09-04T00:35:00+00:00,22411527-2,RH,CURRENT,%,96.95582513160906
2026-09-04T00:35:00+00:00,22411527-3,Dew Point,CURRENT,°C,21.870672571674948
2026-09-04T00:35:00+00:00,22411528-1,Temperature,CURRENT,°C,22.005126953124993
2026-09-04T00:35:00+00:00,22411528-2,RH,CURRENT,%,100
2026-09-04T00:35:00+00:00,22411528-3,Dew Point,CURRENT,°C,22.035319918675377
2026-09-04T00:35:00+00:00,22411529-1,Temperature,CURRENT,°C,22.005126953124993
2026-09-04T00:35:00+00:00,22411529-2,RH,CURRENT,%,100
2026-09-04T00:35:00+00:00,22411529-3,Dew Point,CURRENT,°C,22.035319918675377
2026-09-04T00:35:00+00:00,22411530-1,Temperature,CURRENT,°C,22.241079101562498
2026-09-04T00:35:00+00:00,22411530-2,RH,CURRENT,%,97.84237430380712
2026-09-04T00:35:00+00:00,22411530-3,Dew Point,CURRENT,°C,21.913028986805774
2026-09-04T00:35:00+00:00,22411541-S,Battery,CURRENT,V,8.344931396484375
2026-09-04T00:35:00+00:00,22447758-1,Temperature,CURRENT,°C,22.176728515624994
2026-09-04T00:35:00+00:00,22447758-2,RH,CURRENT,%,95.42992294193942
2026-09-04T00:35:00+00:00,22447758-3,Dew Point,CURRENT,°C,21.439708570448637
2026-09-04T00:35:00+00:00,22447759-1,Temperature,CURRENT,°C,22.155278320312497
2026-09-04T00:35:00+00:00,22447759-2,RH,CURRENT,%,95.77019913023575
2026-09-04T00:35:00+00:00,22447759-3,Dew Point,CURRENT,°C,21.476580589402158
2026-09-04T00:35:00+00:00,22447760-1,Temperature,CURRENT,°C,22.176728515624994
2026-09-04T00:35:00+00:00,22447760-2,RH,CURRENT,%,95.893797207599
2026-09-04T00:35:00+00:00,22447760-3,Dew Point,CURRENT,°C,21.519057283024722
2026-09-04T00:35:00+00:00,22447761-1,Temperature,CURRENT,°C,22.112377929687504
2026-09-04T00:35:00+00:00,22447761-2,RH,CURRENT,%,95.46349279011216
2026-09-04T00:35:00+00:00,22447761-3,Dew Point,CURRENT,°C,21.381386328801057
2026-09-04T00:35:00+00:00,22447762-1,Temperature,CURRENT,°C,22.155278320312497
2026-09-04T00:35:00+00:00,22447762-2,RH,CURRENT,%,95.14763103685054
2026-09-04T00:35:00+00:00,22447762-3,Dew Point,CURRENT,°C,21.369905918948785
2026-09-04T00:35:00+00:00,22447764-1,Temperature,CURRENT,°C,22.112377929687504
2026-09-04T00:35:00+00:00,22447764-2,RH,CURRENT,%,96.28747997253376
2026-09-04T00:35:00+00:00,22447764-3,Dew Point,CURRENT,°C,21.521991173755236
2026-09-04T00:35:00+00:00,22447765-1,Temperature,CURRENT,°C,22.155278320312497
2026-09-04T00:35:00+00:00,22447765-2,RH,CURRENT,%,95.46196688792249
2026-09-04T00:35:00+00:00,22447765-3,Dew Point,CURRENT,°C,21.423842146180014
2026-09-04T00:35:00+00:00,22447766-1,Temperature,CURRENT,°C,22.155278320312497
2026-09-04T00:35:00+00:00,22447766-2,RH,CURRENT,%,95.61303120469978
2026-09-04T00:35:00+00:00,22447766-3,Dew Point,CURRENT,°C,21.449707766198106
2026-09-04T00:40:00+00:00,22411189-1,Temperature,CURRENT,°C,22.026577148437504
2026-09-04T00:40:00+00:00,22411189-2,RH,CURRENT,%,100
2026-09-04T00:40:00+00:00,22411189-3,Dew Point,CURRENT,°C,22.056804279392903
2026-09-04T00:40:00+00:00,22411190-1,Temperature,CURRENT,°C,22.069477539062497
2026-09-04T00:40:00+00:00,22411190-2,RH,CURRENT,%,98.10940718699932
2026-09-04T00:40:00+00:00,22411190-3,Dew Point,CURRENT,°C,21.78632463525555
2026-09-04T00:40:00+00:00,22411191-1,Temperature,CURRENT,°C,22.198178710937505
2026-09-04T00:40:00+00:00,22411191-2,RH,CURRENT,%,99.88097962920577
2026-09-04T00:40:00+00:00,22411191-3,Dew Point,CURRENT,°C,22.209080233470708
2026-09-04T00:40:00+00:00,22411525-1,Temperature,CURRENT,°C,22.198178710937505
2026-09-04T00:40:00+00:00,22411525-2,RH,CURRENT,%,97.20607309071488
2026-09-04T00:40:00+00:00,22411525-3,Dew Point,CURRENT,°C,21.763135562792563
2026-09-04T00:40:00+00:00,22411526-1,Temperature,CURRENT,°C,21.983676757812496
2026-09-04T00:40:00+00:00,22411526-2,RH,CURRENT,%,99.50102998397803
2026-09-04T00:40:00+00:00,22411526-3,Dew Point,CURRENT,°C,21.931670031099664
2026-09-04T00:40:00+00:00,22411527-1,Temperature,CURRENT,°C,22.241079101562498
2026-09-04T00:40:00+00:00,22411527-2,RH,CURRENT,%,97.32661936369878
2026-09-04T00:40:00+00:00,22411527-3,Dew Point,CURRENT,°C,21.82628325924721
2026-09-04T00:40:00+00:00,22411528-1,Temperature,CURRENT,°C,22.026577148437504
2026-09-04T00:40:00+00:00,22411528-2,RH,CURRENT,%,100
2026-09-04T00:40:00+00:00,22411528-3,Dew Point,CURRENT,°C,22.056804279392903
2026-09-04T00:40:00+00:00,22411529-1,Temperature,CURRENT,°C,22.005126953124993
2026-09-04T00:40:00+00:00,22411529-2,RH,CURRENT,%,100
2026-09-04T00:40:00+00:00,22411529-3,Dew Point,CURRENT,°C,22.035319918675377
2026-09-04T00:40:00+00:00,22411530-1,Temperature,CURRENT,°C,22.155278320312497
2026-09-04T00:40:00+00:00,22411530-2,RH,CURRENT,%,98.16281376363776
2026-09-04T00:40:00+00:00,22411530-3,Dew Point,CURRENT,°C,21.88098730564163
2026-09-04T00:40:00+00:00,22411541-S,Battery,CURRENT,V,8.338469970703125
2026-09-04T00:40:00+00:00,22447758-1,Temperature,CURRENT,°C,22.112377929687504
2026-09-04T00:40:00+00:00,22447758-2,RH,CURRENT,%,96.09521629663539
2026-09-04T00:40:00+00:00,22447758-3,Dew Point,CURRENT,°C,21.489277679874647
2026-09-04T00:40:00+00:00,22447759-1,Temperature,CURRENT,°C,22.069477539062497
2026-09-04T00:40:00+00:00,22447759-2,RH,CURRENT,%,96.45227740901808
2026-09-04T00:40:00+00:00,22447759-3,Dew Point,CURRENT,°C,21.50721300024638
2026-09-04T00:40:00+00:00,22447760-1,Temperature,CURRENT,°C,22.112377929687504
2026-09-04T00:40:00+00:00,22447760-2,RH,CURRENT,%,96.47821774624246
2026-09-04T00:40:00+00:00,22447760-3,Dew Point,CURRENT,°C,21.55438869127842
2026-09-04T00:40:00+00:00,22447761-1,Temperature,CURRENT,°C,22.04802734375
2026-09-04T00:40:00+00:00,22447761-2,RH,CURRENT,%,95.83733882658122
2026-09-04T00:40:00+00:00,22447761-3,Dew Point,CURRENT,°C,21.38120255256428
2026-09-04T00:40:00+00:00,22447762-1,Temperature,CURRENT,°C,22.04802734375
2026-09-04T00:40:00+00:00,22447762-2,RH,CURRENT,%,95.75036240177005
2026-09-04T00:40:00+00:00,22447762-3,Dew Point,CURRENT,°C,21.36635730119129
2026-09-04T00:40:00+00:00,22447764-1,Temperature,CURRENT,°C,22.04802734375
2026-09-04T00:40:00+00:00,22447764-2,RH,CURRENT,%,96.81696803234912
2026-09-04T00:40:00+00:00,22447764-3,Dew Point,CURRENT,°C,21.547599007767634
2026-09-04T00:40:00+00:00,22447765-1,Temperature,CURRENT,°C,22.090927734374993
2026-09-04T00:40:00+00:00,22447765-2,RH,CURRENT,%,95.93957427328908
2026-09-04T00:40:00+00:00,22447765-3,Dew Point,CURRENT,°C,21.44138135016606
2026-09-04T00:40:00+00:00,22447766-1,Temperature,CURRENT,°C,22.069477539062497
2026-09-04T00:40:00+00:00,22447766-2,RH,CURRENT,%,96.29205767910277
2026-09-04T00:40:00+00:00,22447766-3,Dew Point,CURRENT,°C,21.48000543196717
2026-09-04T00:45:00+00:00,22411189-1,Temperature,CURRENT,°C,22.005126953124993
2026-09-04T00:45:00+00:00,22411189-2,RH,CURRENT,%,100
2026-09-04T00:45:00+00:00,22411189-3,Dew Point,CURRENT,°C,22.035319918675377
2026-09-04T00:45:00+00:00,22411190-1,Temperature,CURRENT,°C,22.069477539062497
2026-09-04T00:45:00+00:00,22411190-2,RH,CURRENT,%,98.26504921034562
2026-09-04T00:45:00+00:00,22411190-3,Dew Point,CURRENT,°C,21.812327494700646
2026-09-04T00:45:00+00:00,22411191-1,Temperature,CURRENT,°C,22.176728515624994
2026-09-04T00:45:00+00:00,22411191-2,RH,CURRENT,%,100
2026-09-04T00:45:00+00:00,22411191-3,Dew Point,CURRENT,°C,22.207194797834077
2026-09-04T00:45:00+00:00,22411525-1,Temperature,CURRENT,°C,22.155278320312497
2026-09-04T00:45:00+00:00,22411525-2,RH,CURRENT,%,97.53719386587319
2026-09-04T00:45:00+00:00,22411525-3,Dew Point,CURRENT,°C,21.77608184889608
2026-09-04T00:45:00+00:00,22411526-1,Temperature,CURRENT,°C,22.005126953124993
2026-09-04T00:45:00+00:00,22411526-2,RH,CURRENT,%,99.5223926146334
2026-09-04T00:45:00+00:00,22411526-3,Dew Point,CURRENT,°C,21.956666539614496
2026-09-04T00:45:00+00:00,22411527-1,Temperature,CURRENT,°C,22.198178710937505
2026-09-04T00:45:00+00:00,22411527-2,RH,CURRENT,%,97.59975585564965
2026-09-04T00:45:00+00:00,22411527-3,Dew Point,CURRENT,°C,21.829435636031814
2026-09-04T00:45:00+00:00,22411528-1,Temperature,CURRENT,°C,22.026577148437504
2026-09-04T00:45:00+00:00,22411528-2,RH,CURRENT,%,100
2026-09-04T00:45:00+00:00,22411528-3,Dew Point,CURRENT,°C,22.056804279392903
2026-09-04T00:45:00+00:00,22411529-1,Temperature,CURRENT,°C,22.026577148437504
2026-09-04T00:45:00+00:00,22411529-2,RH,CURRENT,%,100
2026-09-04T00:45:00+00:00,22411529-3,Dew Point,CURRENT,°C,22.056804279392903
2026-09-04T00:45:00+00:00,22411530-1,Temperature,CURRENT,°C,22.112377929687504
2026-09-04T00:45:00+00:00,22411530-2,RH,CURRENT,%,98.37338826581217
2026-09-04T00:45:00+00:00,22411530-3,Dew Point,CURRENT,°C,21.87328595094296
2026-09-04T00:45:00+00:00,22411541-S,Battery,CURRENT,V,8.32231640625
2026-09-04T00:45:00+00:00,22447758-1,Temperature,CURRENT,°C,22.069477539062497
2026-09-04T00:45:00+00:00,22447758-2,RH,CURRENT,%,96.2600137331197
2026-09-04T00:45:00+00:00,22447758-3,Dew Point,CURRENT,°C,21.474559172335212
2026-09-04T00:45:00+00:00,22447759-1,Temperature,CURRENT,°C,22.026577148437504
2026-09-04T00:45:00+00:00,22447759-2,RH,CURRENT,%,96.61097123674372
2026-09-04T00:45:00+00:00,22447759-3,Dew Point,CURRENT,°C,21.491340719116888
2026-09-04T00:45:00+00:00,22447760-1,Temperature,CURRENT,°C,22.069477539062497
2026-09-04T00:45:00+00:00,22447760-2,RH,CURRENT,%,96.65827420462348
2026-09-04T00:45:00+00:00,22447760-3,Dew Point,CURRENT,°C,21.542136195890098
2026-09-04T00:45:00+00:00,22447761-1,Temperature,CURRENT,°C,22.026577148437504
2026-09-04T00:45:00+00:00,22447761-2,RH,CURRENT,%,95.94415197985809
2026-09-04T00:45:00+00:00,22447761-3,Dew Point,CURRENT,°C,21.3780452430182
2026-09-04T00:45:00+00:00,22447762-1,Temperature,CURRENT,°C,22.005126953124993
2026-09-04T00:45:00+00:00,22447762-2,RH,CURRENT,%,95.94415197985809
2026-09-04T00:45:00+00:00,22447762-3,Dew Point,CURRENT,°C,21.356673010653896
2026-09-04T00:45:00+00:00,22447764-1,Temperature,CURRENT,°C,22.026577148437504
2026-09-04T00:45:00+00:00,22447764-2,RH,CURRENT,%,96.94056610971236
2026-09-04T00:45:00+00:00,22447764-3,Dew Point,CURRENT,°C,21.54708820615597
2026-09-04T00:45:00+00:00,22447765-1,Temperature,CURRENT,°C,22.04802734375
2026-09-04T00:45:00+00:00,22447765-2,RH,CURRENT,%,96.11200122072175
2026-09-04T00:45:00+00:00,22447765-3,Dew Point,CURRENT,°C,21.428005134066492
2026-09-04T00:45:00+00:00,22447766-1,Temperature,CURRENT,°C,22.04802734375
2026-09-04T00:45:00+00:00,22447766-2,RH,CURRENT,%,96.42786297398337
2026-09-04T00:45:00+00:00,22447766-3,Dew Point,CURRENT,°C,21.48168384856189
2026-09-04T00:50:00+00:00,22411189-1,Temperature,CURRENT,°C,21.983676757812496
2026-09-04T00:50:00+00:00,22411189-2,RH,CURRENT,%,100
2026-09-04T00:50:00+00:00,22411189-3,Dew Point,CURRENT,°C,22.013835557722818
2026-09-04T00:50:00+00:00,22411190-1,Temperature,CURRENT,°C,22.026577148437504
2026-09-04T00:50:00+00:00,22411190-2,RH,CURRENT,%,98.48020141908904
2026-09-04T00:50:00+00:00,22411190-3,Dew Point,CURRENT,°C,21.805327887817683
2026-09-04T00:50:00+00:00,22411191-1,Temperature,CURRENT,°C,22.112377929687504
2026-09-04T00:50:00+00:00,22411191-2,RH,CURRENT,%,100
2026-09-04T00:50:00+00:00,22411191-3,Dew Point,CURRENT,°C,22.142741719912454
2026-09-04T00:50:00+00:00,22411525-1,Temperature,CURRENT,°C,22.090927734374993
2026-09-04T00:50:00+00:00,22411525-2,RH,CURRENT,%,97.97512779430838
2026-09-04T00:50:00+00:00,22411525-3,Dew Point,CURRENT,°C,21.78529065989122
2026-09-04T00:50:00+00:00,22411526-1,Temperature,CURRENT,°C,21.983676757812496
2026-09-04T00:50:00+00:00,22411526-2,RH,CURRENT,%,99.55596246280614
2026-09-04T00:50:00+00:00,22411526-3,Dew Point,CURRENT,°C,21.940733385073475
2026-09-04T00:50:00+00:00,22411527-1,Temperature,CURRENT,°C,22.112377929687504
2026-09-04T00:50:00+00:00,22411527-2,RH,CURRENT,%,98.1506065461204
2026-09-04T00:50:00+00:00,22411527-3,Dew Point,CURRENT,°C,21.836078615839085
2026-09-04T00:50:00+00:00,22411528-1,Temperature,CURRENT,°C,22.005126953124993
2026-09-04T00:50:00+00:00,22411528-2,RH,CURRENT,%,100
2026-09-04T00:50:00+00:00,22411528-3,Dew Point,CURRENT,°C,22.035319918675377
2026-09-04T00:50:00+00:00,22411529-1,Temperature,CURRENT,°C,22.005126953124993
2026-09-04T00:50:00+00:00,22411529-2,RH,CURRENT,%,100
2026-09-04T00:50:00+00:00,22411529-3,Dew Point,CURRENT,°C,22.035319918675377
2026-09-04T00:50:00+00:00,22411530-1,Temperature,CURRENT,°C,22.069477539062497
2026-09-04T00:50:00+00:00,22411530-2,RH,CURRENT,%,98.66636148622874
2026-09-04T00:50:00+00:00,22411530-3,Dew Point,CURRENT,°C,21.879208474741613
2026-09-04T00:50:00+00:00,22411541-S,Battery,CURRENT,V,8.332008544921875
2026-09-04T00:50:00+00:00,22447758-1,Temperature,CURRENT,°C,22.005126953124993
2026-09-04T00:50:00+00:00,22447758-2,RH,CURRENT,%,96.63538567177844
2026-09-04T00:50:00+00:00,22447758-3,Dew Point,CURRENT,°C,21.47408424609662
2026-09-04T00:50:00+00:00,22447759-1,Temperature,CURRENT,°C,21.983676757812496
2026-09-04T00:50:00+00:00,22447759-2,RH,CURRENT,%,96.83680476081483
2026-09-04T00:50:00+00:00,22447759-3,Dew Point,CURRENT,°C,21.486761476207107
2026-09-04T00:50:00+00:00,22447760-1,Temperature,CURRENT,°C,22.005126953124993
2026-09-04T00:50:00+00:00,22447760-2,RH,CURRENT,%,96.83222705424582
2026-09-04T00:50:00+00:00,22447760-3,Dew Point,CURRENT,°C,21.507384987669724
2026-09-04T00:50:00+00:00,22447761-1,Temperature,CURRENT,°C,21.983676757812496
2026-09-04T00:50:00+00:00,22447761-2,RH,CURRENT,%,96.09063859006638
2026-09-04T00:50:00+00:00,22447761-3,Dew Point,CURRENT,°C,21.360240082156324
2026-09-04T00:50:00+00:00,22447762-1,Temperature,CURRENT,°C,21.9622265625
2026-09-04T00:50:00+00:00,22447762-2,RH,CURRENT,%,96.15014877546349
2026-09-04T00:50:00+00:00,22447762-3,Dew Point,CURRENT,°C,21.348984152773824
2026-09-04T00:50:00+00:00,22447764-1,Temperature,CURRENT,°C,21.983676757812496
2026-09-04T00:50:00+00:00,22447764-2,RH,CURRENT,%,97.10688944838635
2026-09-04T00:50:00+00:00,22447764-3,Dew Point,CURRENT,°C,21.53234766299246
2026-09-04T00:50:00+00:00,22447765-1,Temperature,CURRENT,°C,22.005126953124993
2026-09-04T00:50:00+00:00,22447765-2,RH,CURRENT,%,96.34699015793088
2026-09-04T00:50:00+00:00,22447765-3,Dew Point,CURRENT,°C,21.425187601814365
2026-09-04T00:50:00+00:00,22447766-1,Temperature,CURRENT,°C,21.983676757812496
2026-09-04T00:50:00+00:00,22447766-2,RH,CURRENT,%,96.61554894331273
2026-09-04T00:50:00+00:00,22447766-3,Dew Point,CURRENT,°C,21.449334007154345
2026-09-04T00:55:00+00:00,22411189-1,Temperature,CURRENT,°C,21.940776367187503
2026-09-04T00:55:00+00:00,22411189-2,RH,CURRENT,%,100
2026-09-04T00:55:00+00:00,22411189-3,Dew Point,CURRENT,°C,21.970866835112528
2026-09-04T00:55:00+00:00,22411190-1,Temperature,CURRENT,°C,21.983676757812496
2026-09-04T00:55:00+00:00,22411190-2,RH,CURRENT,%,98.31845578698406
2026-09-04T00:55:00+00:00,22411190-3,Dew Point,CURRENT,°C,21.735488449326795
2026-09-04T00:55:00+00:00,22411191-1,Temperature,CURRENT,°C,22.090927734374993
2026-09-04T00:55:00+00:00,22411191-2,RH,CURRENT,%,99.73907072556649
2026-09-04T00:55:00+00:00,22411191-3,Dew Point,CURRENT,°C,22.078299340122623
2026-09-04T00:55:00+00:00,22411525-1,Temperature,CURRENT,°C,22.090927734374993
2026-09-04T00:55:00+00:00,22411525-2,RH,CURRENT,%,97.22590981918059
2026-09-04T00:55:00+00:00,22411525-3,Dew Point,CURRENT,°C,21.659441684573974
2026-09-04T00:55:00+00:00,22411526-1,Temperature,CURRENT,°C,21.940776367187503
2026-09-04T00:55:00+00:00,22411526-2,RH,CURRENT,%,99.5727473868925
2026-09-04T00:55:00+00:00,22411526-3,Dew Point,CURRENT,°C,21.900556417152526
2026-09-04T00:55:00+00:00,22411527-1,Temperature,CURRENT,°C,22.133828125
2026-09-04T00:55:00+00:00,22411527-2,RH,CURRENT,%,96.47058823529412
2026-09-04T00:55:00+00:00,22411527-3,Dew Point,CURRENT,°C,21.57448082491205
2026-09-04T00:55:00+00:00,22411528-1,Temperature,CURRENT,°C,21.9622265625
2026-09-04T00:55:00+00:00,22411528-2,RH,CURRENT,%,100
2026-09-04T00:55:00+00:00,22411528-3,Dew Point,CURRENT,°C,21.992351196535193
2026-09-04T00:55:00+00:00,22411529-1,Temperature,CURRENT,°C,21.9622265625
2026-09-04T00:55:00+00:00,22411529-2,RH,CURRENT,%,100
2026-09-04T00:55:00+00:00,22411529-3,Dew Point,CURRENT,°C,21.992351196535193
2026-09-04T00:55:00+00:00,22411530-1,Temperature,CURRENT,°C,22.04802734375
2026-09-04T00:55:00+00:00,22411530-2,RH,CURRENT,%,98.1857022964828
2026-09-04T00:55:00+00:00,22411530-3,Dew Point,CURRENT,°C,21.777640975984294
2026-09-04T00:55:00+00:00,22411541-S,Battery,CURRENT,V,8.338469970703125
2026-09-04T00:55:00+00:00,22447758-1,Temperature,CURRENT,°C,21.9622265625
2026-09-04T00:55:00+00:00,22447758-2,RH,CURRENT,%,96.41565575646601
2026-09-04T00:55:00+00:00,22447758-3,Dew Point,CURRENT,°C,21.394070297046287
2026-09-04T00:55:00+00:00,22447759-1,Temperature,CURRENT,°C,21.940776367187503
2026-09-04T00:55:00+00:00,22447759-2,RH,CURRENT,%,96.72693980315861
2026-09-04T00:55:00+00:00,22447759-3,Dew Point,CURRENT,°C,21.42539777615376
2026-09-04T00:55:00+00:00,22447760-1,Temperature,CURRENT,°C,21.9622265625
2026-09-04T00:55:00+00:00,22447760-2,RH,CURRENT,%,96.77729457541771
2026-09-04T00:55:00+00:00,22447760-3,Dew Point,CURRENT,°C,21.455306539268825
2026-09-04T00:55:00+00:00,22447761-1,Temperature,CURRENT,°C,21.919326171874992
2026-09-04T00:55:00+00:00,22447761-2,RH,CURRENT,%,96.14099336232547
2026-09-04T00:55:00+00:00,22447761-3,Dew Point,CURRENT,°C,21.304671931357674
2026-09-04T00:55:00+00:00,22447762-1,Temperature,CURRENT,°C,21.919326171874992
2026-09-04T00:55:00+00:00,22447762-2,RH,CURRENT,%,96.07537956816968
2026-09-04T00:55:00+00:00,22447762-3,Dew Point,CURRENT,°C,21.293515945425664
2026-09-04T00:55:00+00:00,22447764-1,Temperature,CURRENT,°C,21.940776367187503
2026-09-04T00:55:00+00:00,22447764-2,RH,CURRENT,%,96.99092088197146
2026-09-04T00:55:00+00:00,22447764-3,Dew Point,CURRENT,°C,21.469984418261127
2026-09-04T00:55:00+00:00,22447765-1,Temperature,CURRENT,°C,21.940776367187503
2026-09-04T00:55:00+00:00,22447765-2,RH,CURRENT,%,96.26459143968872
2026-09-04T00:55:00+00:00,22447765-3,Dew Point,CURRENT,°C,21.34704990253687
2026-09-04T00:55:00+00:00,22447766-1,Temperature,CURRENT,°C,21.940776367187503
2026-09-04T00:55:00+00:00,22447766-2,RH,CURRENT,%,96.49195086594949
2026-09-04T00:55:00+00:00,22447766-3,Dew Point,CURRENT,°C,21.385618395887995
2026-09-04T01:00:00+00:00,22411189-1,Temperature,CURRENT,°C,21.940776367187503
2026-09-04T01:00:00+00:00,22411189-2,RH,CURRENT,%,100
2026-09-04T01:00:00+00:00,22411189-3,Dew Point,CURRENT,°C,21.970866835112528
2026-09-04T01:00:00+00:00,22411190-1,Temperature,CURRENT,°C,22.005126953124993
2026-09-04T01:00:00+00:00,22411190-2,RH,CURRENT,%,98.14602883955139
2026-09-04T01:00:00+00:00,22411190-3,Dew Point,CURRENT,°C,21.72814549277863
2026-09-04T01:00:00+00:00,22411191-1,Temperature,CURRENT,°C,22.176728515624994
2026-09-04T01:00:00+00:00,22411191-2,RH,CURRENT,%,99.67956054016938
2026-09-04T01:00:00+00:00,22411191-3,Dew Point,CURRENT,°C,22.154390680101088
2026-09-04T01:00:00+00:00,22411525-1,Temperature,CURRENT,°C,22.198178710937505
2026-09-04T01:00:00+00:00,22411525-2,RH,CURRENT,%,96.85511558709086
2026-09-04T01:00:00+00:00,22411525-3,Dew Point,CURRENT,°C,21.703832783552073
2026-09-04T01:00:00+00:00,22411526-1,Temperature,CURRENT,°C,21.897875976562496
2026-09-04T01:00:00+00:00,22411526-2,RH,CURRENT,%,99.56054016937514
2026-09-04T01:00:00+00:00,22411526-3,Dew Point,CURRENT,°C,21.855598884895432
2026-09-04T01:00:00+00:00,22411527-1,Temperature,CURRENT,°C,22.28397949218749
2026-09-04T01:00:00+00:00,22411527-2,RH,CURRENT,%,96.82154573891813
2026-09-04T01:00:00+00:00,22411527-3,Dew Point,CURRENT,°C,21.783737438614253
2026-09-04T01:00:00+00:00,22411528-1,Temperature,CURRENT,°C,21.940776367187503
2026-09-04T01:00:00+00:00,22411528-2,RH,CURRENT,%,100
2026-09-04T01:00:00+00:00,22411528-3,Dew Point,CURRENT,°C,21.970866835112528
2026-09-04T01:00:00+00:00,22411529-1,Temperature,CURRENT,°C,21.9622265625
2026-09-04T01:00:00+00:00,22411529-2,RH,CURRENT,%,100
2026-09-04T01:00:00+00:00,22411529-3,Dew Point,CURRENT,°C,21.992351196535193
2026-09-04T01:00:00+00:00,22411530-1,Temperature,CURRENT,°C,22.112377929687504
2026-09-04T01:00:00+00:00,22411530-2,RH,CURRENT,%,98.09109636072328
2026-09-04T01:00:00+00:00,22411530-3,Dew Point,CURRENT,°C,21.826127185321035
2026-09-04T01:00:00+00:00,22411541-S,Battery,CURRENT,V,8.338469970703125
2026-09-04T01:00:00+00:00,22447758-1,Temperature,CURRENT,°C,21.983676757812496
2026-09-04T01:00:00+00:00,22447758-2,RH,CURRENT,%,95.8480201419089
2026-09-04T01:00:00+00:00,22447758-3,Dew Point,CURRENT,°C,21.318916256584984
2026-09-04T01:00:00+00:00,22447759-1,Temperature,CURRENT,°C,21.983676757812496
2026-09-04T01:00:00+00:00,22447759-2,RH,CURRENT,%,96.02197299153124
2026-09-04T01:00:00+00:00,22447759-3,Dew Point,CURRENT,°C,21.34855391843355
2026-09-04T01:00:00+00:00,22447760-1,Temperature,CURRENT,°C,21.983676757812496
2026-09-04T01:00:00+00:00,22447760-2,RH,CURRENT,%,96.33173113603418
2026-09-04T01:00:00+00:00,22447760-3,Dew Point,CURRENT,°C,21.401213797006065
2026-09-04T01:00:00+00:00,22447761-1,Temperature,CURRENT,°C,21.919326171874992
2026-09-04T01:00:00+00:00,22447761-2,RH,CURRENT,%,95.893797207599
2026-09-04T01:00:00+00:00,22447761-3,Dew Point,CURRENT,°C,21.262607660043127
2026-09-04T01:00:00+00:00,22447762-1,Temperature,CURRENT,°C,21.9622265625
2026-09-04T01:00:00+00:00,22447762-2,RH,CURRENT,%,95.40245670252537
2026-09-04T01:00:00+00:00,22447762-3,Dew Point,CURRENT,°C,21.221430327555126
2026-09-04T01:00:00+00:00,22447764-1,Temperature,CURRENT,°C,21.940776367187503
2026-09-04T01:00:00+00:00,22447764-2,RH,CURRENT,%,96.63385976958877
2026-09-04T01:00:00+00:00,22447764-3,Dew Point,CURRENT,°C,21.409651118678504
2026-09-04T01:00:00+00:00,22447765-1,Temperature,CURRENT,°C,21.940776367187503
2026-09-04T01:00:00+00:00,22447765-2,RH,CURRENT,%,95.893797207599
2026-09-04T01:00:00+00:00,22447765-3,Dew Point,CURRENT,°C,21.283978514693068
2026-09-04T01:00:00+00:00,22447766-1,Temperature,CURRENT,°C,21.983676757812496
2026-09-04T01:00:00+00:00,22447766-2,RH,CURRENT,%,96.04791332875563
2026-09-04T01:00:00+00:00,22447766-3,Dew Point,CURRENT,°C,21.35296954935652
2026-09-04T01:05:00+00:00,22411189-1,Temperature,CURRENT,°C,21.897875976562496
2026-09-04T01:05:00+00:00,22411189-2,RH,CURRENT,%,100
2026-09-04T01:05:00+00:00,22411189-3,Dew Point,CURRENT,°C,21.927898111562026
2026-09-04T01:05:00+00:00,22411190-1,Temperature,CURRENT,°C,21.9622265625
2026-09-04T01:05:00+00:00,22411190-2,RH,CURRENT,%,98.53360799572748
2026-09-04T01:05:00+00:00,22411190-3,Dew Point,CURRENT,°C,21.74988942571427
2026-09-04T01:05:00+00:00,22411191-1,Temperature,CURRENT,°C,22.026577148437504
2026-09-04T01:05:00+00:00,22411191-2,RH,CURRENT,%,100
2026-09-04T01:05:00+00:00,22411191-3,Dew Point,CURRENT,°C,22.056804279392903
2026-09-04T01:05:00+00:00,22411525-1,Temperature,CURRENT,°C,22.026577148437504
2026-09-04T01:05:00+00:00,22411525-2,RH,CURRENT,%,97.90188448920424
2026-09-04T01:05:00+00:00,22411525-3,Dew Point,CURRENT,°C,21.70874440519303
2026-09-04T01:05:00+00:00,22411526-1,Temperature,CURRENT,°C,21.854975585937503
2026-09-04T01:05:00+00:00,22411526-2,RH,CURRENT,%,99.56054016937514
2026-09-04T01:05:00+00:00,22411526-3,Dew Point,CURRENT,°C,21.81265408630863
2026-09-04T01:05:00+00:00,22411527-1,Temperature,CURRENT,°C,22.069477539062497
2026-09-04T01:05:00+00:00,22411527-2,RH,CURRENT,%,98.03158617532617
2026-09-04T01:05:00+00:00,22411527-3,Dew Point,CURRENT,°C,21.773309689309478
2026-09-04T01:05:00+00:00,22411528-1,Temperature,CURRENT,°C,21.919326171874992
2026-09-04T01:05:00+00:00,22411528-2,RH,CURRENT,%,100
2026-09-04T01:05:00+00:00,22411528-3,Dew Point,CURRENT,°C,21.949382473454797
2026-09-04T01:05:00+00:00,22411529-1,Temperature,CURRENT,°C,21.9622265625
2026-09-04T01:05:00+00:00,22411529-2,RH,CURRENT,%,100
2026-09-04T01:05:00+00:00,22411529-3,Dew Point,CURRENT,°C,21.992351196535193
2026-09-04T01:05:00+00:00,22411530-1,Temperature,CURRENT,°C,22.005126953124993
2026-09-04T01:05:00+00:00,22411530-2,RH,CURRENT,%,98.90592813000687
2026-09-04T01:05:00+00:00,22411530-3,Dew Point,CURRENT,°C,21.85465700123752
2026-09-04T01:05:00+00:00,22411541-S,Battery,CURRENT,V,8.3352392578125
2026-09-04T01:05:00+00:00,22447758-1,Temperature,CURRENT,°C,21.940776367187503
2026-09-04T01:05:00+00:00,22447758-2,RH,CURRENT,%,96.58960860608835
2026-09-04T01:05:00+00:00,22447758-3,Dew Point,CURRENT,°C,21.402160354417486
2026-09-04T01:05:00+00:00,22447759-1,Temperature,CURRENT,°C,21.919326171874992
2026-09-04T01:05:00+00:00,22447759-2,RH,CURRENT,%,96.78950179293507
2026-09-04T01:05:00+00:00,22447759-3,Dew Point,CURRENT,°C,21.41457821088045
2026-09-04T01:05:00+00:00,22447760-1,Temperature,CURRENT,°C,21.940776367187503
2026-09-04T01:05:00+00:00,22447760-2,RH,CURRENT,%,96.86884870679789
2026-09-04T01:05:00+00:00,22447760-3,Dew Point,CURRENT,°C,21.449379513939782
2026-09-04T01:05:00+00:00,22447761-1,Temperature,CURRENT,°C,21.897875976562496
2026-09-04T01:05:00+00:00,22447761-2,RH,CURRENT,%,96.27832455939574
2026-09-04T01:05:00+00:00,22447761-3,Dew Point,CURRENT,°C,21.306618492895208
2026-09-04T01:05:00+00:00,22447762-1,Temperature,CURRENT,°C,21.919326171874992
2026-09-04T01:05:00+00:00,22447762-2,RH,CURRENT,%,96.16693369954986
2026-09-04T01:05:00+00:00,22447762-3,Dew Point,CURRENT,°C,21.309080602452312
2026-09-04T01:05:00+00:00,22447764-1,Temperature,CURRENT,°C,21.897875976562496
2026-09-04T01:05:00+00:00,22447764-2,RH,CURRENT,%,97.17860685130083
2026-09-04T01:05:00+00:00,22447764-3,Dew Point,CURRENT,°C,21.45880672063232
2026-09-04T01:05:00+00:00,22447765-1,Temperature,CURRENT,°C,21.919326171874992
2026-09-04T01:05:00+00:00,22447765-2,RH,CURRENT,%,96.44159609369039
2026-09-04T01:05:00+00:00,22447765-3,Dew Point,CURRENT,°C,21.355697009268226
2026-09-04T01:05:00+00:00,22447766-1,Temperature,CURRENT,°C,21.919326171874992
2026-09-04T01:05:00+00:00,22447766-2,RH,CURRENT,%,96.68879224841687
2026-09-04T01:05:00+00:00,22447766-3,Dew Point,CURRENT,°C,21.39755269586159
2026-09-04T01:10:00+00:00,22411189-1,Temperature,CURRENT,°C,21.9622265625
2026-09-04T01:10:00+00:00,22411189-2,RH,CURRENT,%,100
2026-09-04T01:10:00+00:00,22411189-3,Dew Point,CURRENT,°C,21.992351196535193
2026-09-04T01:10:00+00:00,22411190-1,Temperature,CURRENT,°C,22.026577148437504
2026-09-04T01:10:00+00:00,22411190-2,RH,CURRENT,%,98.7640192263676
2026-09-04T01:10:00+00:00,22411190-3,Dew Point,CURRENT,°C,21.85254657454338
2026-09-04T01:10:00+00:00,22411191-1,Temperature,CURRENT,°C,22.176728515624994
2026-09-04T01:10:00+00:00,22411191-2,RH,CURRENT,%,100
2026-09-04T01:10:00+00:00,22411191-3,Dew Point,CURRENT,°C,22.207194797834077
2026-09-04T01:10:00+00:00,22411525-1,Temperature,CURRENT,°C,22.21962890625
2026-09-04T01:10:00+00:00,22411525-2,RH,CURRENT,%,98.27725642786298
2026-09-04T01:10:00+00:00,22411525-3,Dew Point,CURRENT,°C,21.964425585685387
2026-09-04T01:10:00+00:00,22411526-1,Temperature,CURRENT,°C,21.919326171874992
2026-09-04T01:10:00+00:00,22411526-2,RH,CURRENT,%,99.68413824673839
2026-09-04T01:10:00+00:00,22411526-3,Dew Point,CURRENT,°C,21.897436940349593
2026-09-04T01:10:00+00:00,22411527-1,Temperature,CURRENT,°C,22.28397949218749
2026-09-04T01:10:00+00:00,22411527-2,RH,CURRENT,%,98.27878233005265
2026-09-04T01:10:00+00:00,22411527-3,Dew Point,CURRENT,°C,22.028992171646763
2026-09-04T01:10:00+00:00,22411528-1,Temperature,CURRENT,°C,21.9622265625
2026-09-04T01:10:00+00:00,22411528-2,RH,CURRENT,%,100
2026-09-04T01:10:00+00:00,22411528-3,Dew Point,CURRENT,°C,21.992351196535193
2026-09-04T01:10:00+00:00,22411529-1,Temperature,CURRENT,°C,21.9622265625
2026-09-04T01:10:00+00:00,22411529-2,RH,CURRENT,%,100
2026-09-04T01:10:00+00:00,22411529-3,Dew Point,CURRENT,°C,21.992351196535193
2026-09-04T01:10:00+00:00,22411530-1,Temperature,CURRENT,°C,22.133828125
2026-09-04T01:10:00+00:00,22411530-2,RH,CURRENT,%,99.25688563363089
2026-09-04T01:10:00+00:00,22411530-3,Dew Point,CURRENT,°C,22.041584144850596
2026-09-04T01:10:00+00:00,22411541-S,Battery,CURRENT,V,8.325547119140625
2026-09-04T01:10:00+00:00,22447758-1,Temperature,CURRENT,°C,22.069477539062497
2026-09-04T01:10:00+00:00,22447758-2,RH,CURRENT,%,96.87800411993591
2026-09-04T01:10:00+00:00,22447758-3,Dew Point,CURRENT,°C,21.5793160029055
2026-09-04T01:10:00+00:00,22447759-1,Temperature,CURRENT,°C,22.069477539062497
2026-09-04T01:10:00+00:00,22447759-2,RH,CURRENT,%,97.08247501335164
2026-09-04T01:10:00+00:00,22447759-3,Dew Point,CURRENT,°C,21.613847759163622
2026-09-04T01:10:00+00:00,22447760-1,Temperature,CURRENT,°C,22.04802734375
2026-09-04T01:10:00+00:00,22447760-2,RH,CURRENT,%,97.2304875257496
2026-09-04T01:10:00+00:00,22447760-3,Dew Point,CURRENT,°C,21.61739681291999
2026-09-04T01:10:00+00:00,22447761-1,Temperature,CURRENT,°C,21.983676757812496
2026-09-04T01:10:00+00:00,22447761-2,RH,CURRENT,%,96.75440604257267
2026-09-04T01:10:00+00:00,22447761-3,Dew Point,CURRENT,°C,21.472831710458784
2026-09-04T01:10:00+00:00,22447762-1,Temperature,CURRENT,°C,22.026577148437504
2026-09-04T01:10:00+00:00,22447762-2,RH,CURRENT,%,96.4614328221561
2026-09-04T01:10:00+00:00,22447762-3,Dew Point,CURRENT,°C,21.465993061356603
2026-09-04T01:10:00+00:00,22447764-1,Temperature,CURRENT,°C,22.005126953124993
2026-09-04T01:10:00+00:00,22447764-2,RH,CURRENT,%,97.3861295490959
2026-09-04T01:10:00+00:00,22447764-3,Dew Point,CURRENT,°C,21.600775355886558
2026-09-04T01:10:00+00:00,22447765-1,Temperature,CURRENT,°C,22.026577148437504
2026-09-04T01:10:00+00:00,22447765-2,RH,CURRENT,%,96.79102769512474
2026-09-04T01:10:00+00:00,22447765-3,Dew Point,CURRENT,°C,21.52181592057431
2026-09-04T01:10:00+00:00,22447766-1,Temperature,CURRENT,°C,22.069477539062497
2026-09-04T01:10:00+00:00,22447766-2,RH,CURRENT,%,96.87800411993591
2026-09-04T01:10:00+00:00,22447766-3,Dew Point,CURRENT,°C,21.5793160029055
2026-09-04T01:15:00+00:00,22411189-1,Temperature,CURRENT,°C,22.305429687500002
2026-09-04T01:15:00+00:00,22411189-2,RH,CURRENT,%,100
2026-09-04T01:15:00+00:00,22411189-3,Dew Point,CURRENT,°C,22.336100947330937
2026-09-04T01:15:00+00:00,22411190-1,Temperature,CURRENT,°C,22.348330078124995
2026-09-04T01:15:00+00:00,22411190-2,RH,CURRENT,%,98.61142900740063
2026-09-04T01:15:00+00:00,22411190-3,Dew Point,CURRENT,°C,22.148870444616144
2026-09-04T01:15:00+00:00,22411191-1,Temperature,CURRENT,°C,22.541381835937493
2026-09-04T01:15:00+00:00,22411191-2,RH,CURRENT,%,100
2026-09-04T01:15:00+00:00,22411191-3,Dew Point,CURRENT,°C,22.57242886609786
2026-09-04T01:15:00+00:00,22411525-1,Temperature,CURRENT,°C,22.541381835937493
2026-09-04T01:15:00+00:00,22411525-2,RH,CURRENT,%,97.35713740749217
2026-09-04T01:15:00+00:00,22411525-3,Dew Point,CURRENT,°C,22.13118992485247
2026-09-04T01:15:00+00:00,22411526-1,Temperature,CURRENT,°C,22.176728515624994
2026-09-04T01:15:00+00:00,22411526-2,RH,CURRENT,%,99.76958876935988
2026-09-04T01:15:00+00:00,22411526-3,Dew Point,CURRENT,°C,22.169241080537343
2026-09-04T01:15:00+00:00,22411527-1,Temperature,CURRENT,°C,22.605732421874997
2026-09-04T01:15:00+00:00,22411527-2,RH,CURRENT,%,97.23811703669794
2026-09-04T01:15:00+00:00,22411527-3,Dew Point,CURRENT,°C,22.175298522341723
2026-09-04T01:15:00+00:00,22411528-1,Temperature,CURRENT,°C,22.241079101562498
2026-09-04T01:15:00+00:00,22411528-2,RH,CURRENT,%,100
2026-09-04T01:15:00+00:00,22411528-3,Dew Point,CURRENT,°C,22.27164787364024
2026-09-04T01:15:00+00:00,22411529-1,Temperature,CURRENT,°C,22.155278320312497
2026-09-04T01:15:00+00:00,22411529-2,RH,CURRENT,%,100
2026-09-04T01:15:00+00:00,22411529-3,Dew Point,CURRENT,°C,22.185710438761923
2026-09-04T01:15:00+00:00,22411530-1,Temperature,CURRENT,°C,22.4984814453125
2026-09-04T01:15:00+00:00,22411530-2,RH,CURRENT,%,98.01785305561914
2026-09-04T01:15:00+00:00,22411530-3,Dew Point,CURRENT,°C,22.199611457360305
2026-09-04T01:15:00+00:00,22411541-S,Battery,CURRENT,V,8.302932128906251
2026-09-04T01:15:00+00:00,22447758-1,Temperature,CURRENT,°C,22.391230468750003
2026-09-04T01:15:00+00:00,22447758-2,RH,CURRENT,%,95.82970931563287
2026-09-04T01:15:00+00:00,22447758-3,Dew Point,CURRENT,°C,21.72180353931879
2026-09-04T01:15:00+00:00,22447759-1,Temperature,CURRENT,°C,22.36978027343749
2026-09-04T01:15:00+00:00,22447759-2,RH,CURRENT,%,96.1348897535668
2026-09-04T01:15:00+00:00,22447759-3,Dew Point,CURRENT,°C,21.75256271461203
2026-09-04T01:15:00+00:00,22447760-1,Temperature,CURRENT,°C,22.36978027343749
2026-09-04T01:15:00+00:00,22447760-2,RH,CURRENT,%,96.35919737544823
2026-09-04T01:15:00+00:00,22447760-3,Dew Point,CURRENT,°C,21.79078471528365
2026-09-04T01:15:00+00:00,22447761-1,Temperature,CURRENT,°C,22.262529296874995
2026-09-04T01:15:00+00:00,22447761-2,RH,CURRENT,%,96.14404516670481
2026-09-04T01:15:00+00:00,22447761-3,Dew Point,CURRENT,°C,21.647235712430586
2026-09-04T01:15:00+00:00,22447762-1,Temperature,CURRENT,°C,22.348330078124995
2026-09-04T01:15:00+00:00,22447762-2,RH,CURRENT,%,95.44823376821546
2026-09-04T01:15:00+00:00,22447762-3,Dew Point,CURRENT,°C,21.61371224118585
2026-09-04T01:15:00+00:00,22447764-1,Temperature,CURRENT,°C,22.3268798828125
2026-09-04T01:15:00+00:00,22447764-2,RH,CURRENT,%,96.65674830243381
2026-09-04T01:15:00+00:00,22447764-3,Dew Point,CURRENT,°C,21.798583436459936
2026-09-04T01:15:00+00:00,22447765-1,Temperature,CURRENT,°C,22.3268798828125
2026-09-04T01:15:00+00:00,22447765-2,RH,CURRENT,%,96.09369039444572
2026-09-04T01:15:00+00:00,22447765-3,Dew Point,CURRENT,°C,21.702781294305666
2026-09-04T01:15:00+00:00,22447766-1,Temperature,CURRENT,°C,22.391230468750003
2026-09-04T01:15:00+00:00,22447766-2,RH,CURRENT,%,96.07232776379034
2026-09-04T01:15:00+00:00,22447766-3,Dew Point,CURRENT,°C,21.763263940130482
2026-09-04T01:20:00+00:00,22411189-1,Temperature,CURRENT,°C,22.348330078124995
2026-09-04T01:20:00+00:00,22411189-2,RH,CURRENT,%,100
2026-09-04T01:20:00+00:00,22411189-3,Dew Point,CURRENT,°C,22.37906966194947
2026-09-04T01:20:00+00:00,22411190-1,Temperature,CURRENT,°C,22.4126806640625
2026-09-04T01:20:00+00:00,22411190-2,RH,CURRENT,%,98.0498970016022
2026-09-04T01:20:00+00:00,22411190-3,Dew Point,CURRENT,°C,22.119266738153197
2026-09-04T01:20:00+00:00,22411191-1,Temperature,CURRENT,°C,22.605732421874997
2026-09-04T01:20:00+00:00,22411191-2,RH,CURRENT,%,99.43083848325323
2026-09-04T01:20:00+00:00,22411191-3,Dew Point,CURRENT,°C,22.54267880933802
2026-09-04T01:20:00+00:00,22411525-1,Temperature,CURRENT,°C,22.5842822265625
2026-09-04T01:20:00+00:00,22411525-2,RH,CURRENT,%,96.85969329365987
2026-09-04T01:20:00+00:00,22411525-3,Dew Point,CURRENT,°C,22.089766927493365
2026-09-04T01:20:00+00:00,22411526-1,Temperature,CURRENT,°C,22.262529296874995
2026-09-04T01:20:00+00:00,22411526-2,RH,CURRENT,%,99.76501106279088
2026-09-04T01:20:00+00:00,22411526-3,Dew Point,CURRENT,°C,22.25439809183049
2026-09-04T01:20:00+00:00,22411527-1,Temperature,CURRENT,°C,22.605732421874997
2026-09-04T01:20:00+00:00,22411527-2,RH,CURRENT,%,97.04280155642023
2026-09-04T01:20:00+00:00,22411527-3,Dew Point,CURRENT,°C,22.142224419804442
2026-09-04T01:20:00+00:00,22411528-1,Temperature,CURRENT,°C,22.28397949218749
2026-09-04T01:20:00+00:00,22411528-2,RH,CURRENT,%,100
2026-09-04T01:20:00+00:00,22411528-3,Dew Point,CURRENT,°C,22.314616589669086
2026-09-04T01:20:00+00:00,22411529-1,Temperature,CURRENT,°C,22.198178710937505
2026-09-04T01:20:00+00:00,22411529-2,RH,CURRENT,%,100
2026-09-04T01:20:00+00:00,22411529-3,Dew Point,CURRENT,°C,22.228679156671188
2026-09-04T01:20:00+00:00,22411530-1,Temperature,CURRENT,°C,22.541381835937493
2026-09-04T01:20:00+00:00,22411530-2,RH,CURRENT,%,97.55092698558022
2026-09-04T01:20:00+00:00,22411530-3,Dew Point,CURRENT,°C,22.163897222195725
2026-09-04T01:20:00+00:00,22411541-S,Battery,CURRENT,V,8.280317138671876
2026-09-04T01:20:00+00:00,22447758-1,Temperature,CURRENT,°C,22.477031250000003
2026-09-04T01:20:00+00:00,22447758-2,RH,CURRENT,%,95.29411764705883
2026-09-04T01:20:00+00:00,22447758-3,Dew Point,CURRENT,°C,21.715366870547268
2026-09-04T01:20:00+00:00,22447759-1,Temperature,CURRENT,°C,22.455581054687492
2026-09-04T01:20:00+00:00,22447759-2,RH,CURRENT,%,95.71984435797665
2026-09-04T01:20:00+00:00,22447759-3,Dew Point,CURRENT,°C,21.767096036571534
2026-09-04T01:20:00+00:00,22447760-1,Temperature,CURRENT,°C,22.455581054687492
2026-09-04T01:20:00+00:00,22447760-2,RH,CURRENT,%,95.91515983825437
2026-09-04T01:20:00+00:00,22447760-3,Dew Point,CURRENT,°C,21.800530102472376
2026-09-04T01:20:00+00:00,22447761-1,Temperature,CURRENT,°C,22.36978027343749
2026-09-04T01:20:00+00:00,22447761-2,RH,CURRENT,%,95.6420233463035
2026-09-04T01:20:00+00:00,22447761-3,Dew Point,CURRENT,°C,21.668303890191822
2026-09-04T01:20:00+00:00,22447762-1,Temperature,CURRENT,°C,22.4126806640625
2026-09-04T01:20:00+00:00,22447762-2,RH,CURRENT,%,95.16136415655757
2026-09-04T01:20:00+00:00,22447762-3,Dew Point,CURRENT,°C,21.628465719852425
2026-09-04T01:20:00+00:00,22447764-1,Temperature,CURRENT,°C,22.4126806640625
2026-09-04T01:20:00+00:00,22447764-2,RH,CURRENT,%,96.25391012436103
2026-09-04T01:20:00+00:00,22447764-3,Dew Point,CURRENT,°C,21.815615020104786
2026-09-04T01:20:00+00:00,22447765-1,Temperature,CURRENT,°C,22.4126806640625
2026-09-04T01:20:00+00:00,22447765-2,RH,CURRENT,%,95.62829022659648
2026-09-04T01:20:00+00:00,22447765-3,Dew Point,CURRENT,°C,21.70867701628492
2026-09-04T01:20:00+00:00,22447766-1,Temperature,CURRENT,°C,22.434130859374996
2026-09-04T01:20:00+00:00,22447766-2,RH,CURRENT,%,95.61455710688945
2026-09-04T01:20:00+00:00,22447766-3,Dew Point,CURRENT,°C,21.727685507328825
2026-09-04T01:25:00+00:00,22411189-1,Temperature,CURRENT,°C,22.133828125
2026-09-04T01:25:00+00:00,22411189-2,RH,CURRENT,%,100
2026-09-04T01:25:00+00:00,22411189-3,Dew Point,CURRENT,°C,22.164226079454718
2026-09-04T01:25:00+00:00,22411190-1,Temperature,CURRENT,°C,22.198178710937505
2026-09-04T01:25:00+00:00,22411190-2,RH,CURRENT,%,98.02700846875716
2026-09-04T01:25:00+00:00,22411190-3,Dew Point,CURRENT,°C,21.901125378022513
2026-09-04T01:25:00+00:00,22411191-1,Temperature,CURRENT,°C,22.262529296874995
2026-09-04T01:25:00+00:00,22411191-2,RH,CURRENT,%,100
2026-09-04T01:25:00+00:00,22411191-3,Dew Point,CURRENT,°C,22.293132231772177
2026-09-04T01:25:00+00:00,22411525-1,Temperature,CURRENT,°C,22.262529296874995
2026-09-04T01:25:00+00:00,22411525-2,RH,CURRENT,%,97.79659723811703
2026-09-04T01:25:00+00:00,22411525-3,Dew Point,CURRENT,°C,21.9267696906245
2026-09-04T01:25:00+00:00,22411526-1,Temperature,CURRENT,°C,22.069477539062497
2026-09-04T01:25:00+00:00,22411526-2,RH,CURRENT,%,99.60631723506523
2026-09-04T01:25:00+00:00,22411526-3,Dew Point,CURRENT,°C,22.034932181223247
2026-09-04T01:25:00+00:00,22411527-1,Temperature,CURRENT,°C,22.262529296874995
2026-09-04T01:25:00+00:00,22411527-2,RH,CURRENT,%,97.76913099870298
2026-09-04T01:25:00+00:00,22411527-3,Dew Point,CURRENT,°C,21.92215753070822
2026-09-04T01:25:00+00:00,22411528-1,Temperature,CURRENT,°C,22.090927734374993
2026-09-04T01:25:00+00:00,22411528-2,RH,CURRENT,%,100
2026-09-04T01:25:00+00:00,22411528-3,Dew Point,CURRENT,°C,22.121257360135143
2026-09-04T01:25:00+00:00,22411529-1,Temperature,CURRENT,°C,22.069477539062497
2026-09-04T01:25:00+00:00,22411529-2,RH,CURRENT,%,100
2026-09-04T01:25:00+00:00,22411529-3,Dew Point,CURRENT,°C,22.099773000122777
2026-09-04T01:25:00+00:00,22411530-1,Temperature,CURRENT,°C,22.21962890625
2026-09-04T01:25:00+00:00,22411530-2,RH,CURRENT,%,98.20553902494851
2026-09-04T01:25:00+00:00,22411530-3,Dew Point,CURRENT,°C,21.952435795626315
2026-09-04T01:25:00+00:00,22411541-S,Battery,CURRENT,V,8.31585498046875
2026-09-04T01:25:00+00:00,22447758-1,Temperature,CURRENT,°C,22.133828125
2026-09-04T01:25:00+00:00,22447758-2,RH,CURRENT,%,96.3561455710689
2026-09-04T01:25:00+00:00,22447758-3,Dew Point,CURRENT,°C,21.555044487388262
2026-09-04T01:25:00+00:00,22447759-1,Temperature,CURRENT,°C,22.112377929687504
2026-09-04T01:25:00+00:00,22447759-2,RH,CURRENT,%,96.87190051117723
2026-09-04T01:25:00+00:00,22447759-3,Dew Point,CURRENT,°C,21.621080604709995
2026-09-04T01:25:00+00:00,22447760-1,Temperature,CURRENT,°C,22.155278320312497
2026-09-04T01:25:00+00:00,22447760-2,RH,CURRENT,%,96.89631494621194
2026-09-04T01:25:00+00:00,22447760-3,Dew Point,CURRENT,°C,21.66800644705848
2026-09-04T01:25:00+00:00,22447761-1,Temperature,CURRENT,°C,22.112377929687504
2026-09-04T01:25:00+00:00,22447761-2,RH,CURRENT,%,96.27679865720607
2026-09-04T01:25:00+00:00,22447761-3,Dew Point,CURRENT,°C,21.520175255353273
2026-09-04T01:25:00+00:00,22447762-1,Temperature,CURRENT,°C,22.090927734374993
2026-09-04T01:25:00+00:00,22447762-2,RH,CURRENT,%,96.02502479591058
2026-09-04T01:25:00+00:00,22447762-3,Dew Point,CURRENT,°C,21.455945939060516
2026-09-04T01:25:00+00:00,22447764-1,Temperature,CURRENT,°C,22.133828125
2026-09-04T01:25:00+00:00,22447764-2,RH,CURRENT,%,96.80018310826276
2026-09-04T01:25:00+00:00,22447764-3,Dew Point,CURRENT,°C,21.630345139885634
2026-09-04T01:25:00+00:00,22447765-1,Temperature,CURRENT,°C,22.133828125
2026-09-04T01:25:00+00:00,22447765-2,RH,CURRENT,%,96.30121309224079
2026-09-04T01:25:00+00:00,22447765-3,Dew Point,CURRENT,°C,21.545707880464057
2026-09-04T01:25:00+00:00,22447766-1,Temperature,CURRENT,°C,22.112377929687504
2026-09-04T01:25:00+00:00,22447766-2,RH,CURRENT,%,96.5468833447776
2026-09-04T01:25:00+00:00,22447766-3,Dew Point,CURRENT,°C,21.566038099541043
2026-09-04T01:30:00+00:00,22411189-1,Temperature,CURRENT,°C,22.005126953124993
2026-09-04T01:30:00+00:00,22411189-2,RH,CURRENT,%,100
2026-09-04T01:30:00+00:00,22411189-3,Dew Point,CURRENT,°C,22.035319918675377
2026-09-04T01:30:00+00:00,22411190-1,Temperature,CURRENT,°C,22.069477539062497
2026-09-04T01:30:00+00:00,22411190-2,RH,CURRENT,%,98.82352941176471
2026-09-04T01:30:00+00:00,22411190-3,Dew Point,CURRENT,°C,21.90533666563462
2026-09-04T01:30:00+00:00,22411191-1,Temperature,CURRENT,°C,22.090927734374993
2026-09-04T01:30:00+00:00,22411191-2,RH,CURRENT,%,100
2026-09-04T01:30:00+00:00,22411191-3,Dew Point,CURRENT,°C,22.121257360135143
2026-09-04T01:30:00+00:00,22411525-1,Temperature,CURRENT,°C,22.069477539062497
2026-09-04T01:30:00+00:00,22411525-2,RH,CURRENT,%,98.7533379110399
2026-09-04T01:30:00+00:00,22411525-3,Dew Point,CURRENT,°C,21.89367225374567
2026-09-04T01:30:00+00:00,22411526-1,Temperature,CURRENT,°C,21.983676757812496
2026-09-04T01:30:00+00:00,22411526-2,RH,CURRENT,%,99.72075989929046
2026-09-04T01:30:00+00:00,22411526-3,Dew Point,CURRENT,°C,21.967897261457875
2026-09-04T01:30:00+00:00,22411527-1,Temperature,CURRENT,°C,22.112377929687504
2026-09-04T01:30:00+00:00,22411527-2,RH,CURRENT,%,98.86015106431678
2026-09-04T01:30:00+00:00,22411527-3,Dew Point,CURRENT,°C,21.954326006160112
2026-09-04T01:30:00+00:00,22411528-1,Temperature,CURRENT,°C,22.005126953124993
2026-09-04T01:30:00+00:00,22411528-2,RH,CURRENT,%,100
2026-09-04T01:30:00+00:00,22411528-3,Dew Point,CURRENT,°C,22.035319918675377
2026-09-04T01:30:00+00:00,22411529-1,Temperature,CURRENT,°C,21.983676757812496
2026-09-04T01:30:00+00:00,22411529-2,RH,CURRENT,%,100
2026-09-04T01:30:00+00:00,22411529-3,Dew Point,CURRENT,°C,22.013835557722818
2026-09-04T01:30:00+00:00,22411530-1,Temperature,CURRENT,°C,22.069477539062497
2026-09-04T01:30:00+00:00,22411530-2,RH,CURRENT,%,98.81284809643702
2026-09-04T01:30:00+00:00,22411530-3,Dew Point,CURRENT,°C,21.903562113378786
2026-09-04T01:30:00+00:00,22411541-S,Battery,CURRENT,V,8.31585498046875
2026-09-04T01:30:00+00:00,22447758-1,Temperature,CURRENT,°C,22.04802734375
2026-09-04T01:30:00+00:00,22447758-2,RH,CURRENT,%,96.93751430533302
2026-09-04T01:30:00+00:00,22447758-3,Dew Point,CURRENT,°C,21.56797282369265
2026-09-04T01:30:00+00:00,22447759-1,Temperature,CURRENT,°C,22.005126953124993
2026-09-04T01:30:00+00:00,22447759-2,RH,CURRENT,%,97.37544823376821
2026-09-04T01:30:00+00:00,22447759-3,Dew Point,CURRENT,°C,21.598978833008186
2026-09-04T01:30:00+00:00,22447760-1,Temperature,CURRENT,°C,22.069477539062497
2026-09-04T01:30:00+00:00,22447760-2,RH,CURRENT,%,97.35408560311284
2026-09-04T01:30:00+00:00,22447760-3,Dew Point,CURRENT,°C,21.65962017128261
2026-09-04T01:30:00+00:00,22447761-1,Temperature,CURRENT,°C,22.005126953124993
2026-09-04T01:30:00+00:00,22447761-2,RH,CURRENT,%,96.72999160753795
2026-09-04T01:30:00+00:00,22447761-3,Dew Point,CURRENT,°C,21.49009664348711
2026-09-04T01:30:00+00:00,22447762-1,Temperature,CURRENT,°C,22.005126953124993
2026-09-04T01:30:00+00:00,22447762-2,RH,CURRENT,%,96.63996337834745
2026-09-04T01:30:00+00:00,22447762-3,Dew Point,CURRENT,°C,21.474859354788265
2026-09-04T01:30:00+00:00,22447764-1,Temperature,CURRENT,°C,22.026577148437504
2026-09-04T01:30:00+00:00,22447764-2,RH,CURRENT,%,97.33119707026779
2026-09-04T01:30:00+00:00,22447764-3,Dew Point,CURRENT,°C,21.612945264497487
2026-09-04T01:30:00+00:00,22447765-1,Temperature,CURRENT,°C,22.026577148437504
2026-09-04T01:30:00+00:00,22447765-2,RH,CURRENT,%,96.82612344548714
2026-09-04T01:30:00+00:00,22447765-3,Dew Point,CURRENT,°C,21.52775023329468
2026-09-04T01:30:00+00:00,22447766-1,Temperature,CURRENT,°C,22.026577148437504
2026-09-04T01:30:00+00:00,22447766-2,RH,CURRENT,%,97.16945143816281
2026-09-04T01:30:00+00:00,22447766-3,Dew Point,CURRENT,°C,21.585704389303814
2026-09-04T01:35:00+00:00,22411189-1,Temperature,CURRENT,°C,22.005126953124993
2026-09-04T01:35:00+00:00,22411189-2,RH,CURRENT,%,100
2026-09-04T01:35:00+00:00,22411189-3,Dew Point,CURRENT,°C,22.035319918675377
2026-09-04T01:35:00+00:00,22411190-1,Temperature,CURRENT,°C,22.04802734375
2026-09-04T01:35:00+00:00,22411190-2,RH,CURRENT,%,98.97764553292134
2026-09-04T01:35:00+00:00,22411190-3,Dew Point,CURRENT,°C,21.909465844924952
2026-09-04T01:35:00+00:00,22411191-1,Temperature,CURRENT,°C,22.069477539062497
2026-09-04T01:35:00+00:00,22411191-2,RH,CURRENT,%,100
2026-09-04T01:35:00+00:00,22411191-3,Dew Point,CURRENT,°C,22.099773000122777
2026-09-04T01:35:00+00:00,22411525-1,Temperature,CURRENT,°C,22.04802734375
2026-09-04T01:35:00+00:00,22411525-2,RH,CURRENT,%,98.93339436942092
2026-09-04T01:35:00+00:00,22411525-3,Dew Point,CURRENT,°C,21.9021242549791
2026-09-04T01:35:00+00:00,22411526-1,Temperature,CURRENT,°C,21.983676757812496
2026-09-04T01:35:00+00:00,22411526-2,RH,CURRENT,%,99.7940032043946
2026-09-04T01:35:00+00:00,22411526-3,Dew Point,CURRENT,°C,21.979957510796588
2026-09-04T01:35:00+00:00,22411527-1,Temperature,CURRENT,°C,22.069477539062497
2026-09-04T01:35:00+00:00,22411527-2,RH,CURRENT,%,99.01579308766308
2026-09-04T01:35:00+00:00,22411527-3,Dew Point,CURRENT,°C,21.937249990729885
2026-09-04T01:35:00+00:00,22411528-1,Temperature,CURRENT,°C,22.026577148437504
2026-09-04T01:35:00+00:00,22411528-2,RH,CURRENT,%,100
2026-09-04T01:35:00+00:00,22411528-3,Dew Point,CURRENT,°C,22.056804279392903
2026-09-04T01:35:00+00:00,22411529-1,Temperature,CURRENT,°C,22.005126953124993
2026-09-04T01:35:00+00:00,22411529-2,RH,CURRENT,%,100
2026-09-04T01:35:00+00:00,22411529-3,Dew Point,CURRENT,°C,22.035319918675377
2026-09-04T01:35:00+00:00,22411530-1,Temperature,CURRENT,°C,22.069477539062497
2026-09-04T01:35:00+00:00,22411530-2,RH,CURRENT,%,99.2263675898375
2026-09-04T01:35:00+00:00,22411530-3,Dew Point,CURRENT,°C,21.972140632673003
2026-09-04T01:35:00+00:00,22411541-S,Battery,CURRENT,V,8.3093935546875
2026-09-04T01:35:00+00:00,22447758-1,Temperature,CURRENT,°C,22.112377929687504
2026-09-04T01:35:00+00:00,22447758-2,RH,CURRENT,%,96.7177843900206
2026-09-04T01:35:00+00:00,22447758-3,Dew Point,CURRENT,°C,21.595000784507423
2026-09-04T01:35:00+00:00,22447759-1,Temperature,CURRENT,°C,22.04802734375
2026-09-04T01:35:00+00:00,22447759-2,RH,CURRENT,%,97.1297779812314
2026-09-04T01:35:00+00:00,22447759-3,Dew Point,CURRENT,°C,21.600422009964365
2026-09-04T01:35:00+00:00,22447760-1,Temperature,CURRENT,°C,22.112377929687504
2026-09-04T01:35:00+00:00,22447760-2,RH,CURRENT,%,97.10536354619668
2026-09-04T01:35:00+00:00,22447760-3,Dew Point,CURRENT,°C,21.66051869471255
2026-09-04T01:35:00+00:00,22447761-1,Temperature,CURRENT,°C,22.069477539062497
2026-09-04T01:35:00+00:00,22447761-2,RH,CURRENT,%,96.46906233310445
2026-09-04T01:35:00+00:00,22447761-3,Dew Point,CURRENT,°C,21.51006103135027
2026-09-04T01:35:00+00:00,22447762-1,Temperature,CURRENT,°C,22.04802734375
2026-09-04T01:35:00+00:00,22447762-2,RH,CURRENT,%,96.4965285725185
2026-09-04T01:35:00+00:00,22447762-3,Dew Point,CURRENT,°C,21.493332801751322
2026-09-04T01:35:00+00:00,22447764-1,Temperature,CURRENT,°C,22.069477539062497
2026-09-04T01:35:00+00:00,22447764-2,RH,CURRENT,%,97.25642786297398
2026-09-04T01:35:00+00:00,22447764-3,Dew Point,CURRENT,°C,21.6431755350205
2026-09-04T01:35:00+00:00,22447765-1,Temperature,CURRENT,°C,22.069477539062497
2026-09-04T01:35:00+00:00,22447765-2,RH,CURRENT,%,96.61097123674372
2026-09-04T01:35:00+00:00,22447765-3,Dew Point,CURRENT,°C,21.534122551187924
2026-09-04T01:35:00+00:00,22447766-1,Temperature,CURRENT,°C,22.04802734375
2026-09-04T01:35:00+00:00,22447766-2,RH,CURRENT,%,96.91920347905699
2026-09-04T01:35:00+00:00,22447766-3,Dew Point,CURRENT,°C,21.564879493158507
2026-09-04T01:40:00+00:00,22411189-1,Temperature,CURRENT,°C,22.005126953124993
2026-09-04T01:40:00+00:00,22411189-2,RH,CURRENT,%,100
2026-09-04T01:40:00+00:00,22411189-3,Dew Point,CURRENT,°C,22.035319918675377
2026-09-04T01:40:00+00:00,22411190-1,Temperature,CURRENT,°C,22.04802734375
2026-09-04T01:40:00+00:00,22411190-2,RH,CURRENT,%,99.12108033875029
2026-09-04T01:40:00+00:00,22411190-3,Dew Point,CURRENT,°C,21.933243030261856
2026-09-04T01:40:00+00:00,22411191-1,Temperature,CURRENT,°C,22.069477539062497
2026-09-04T01:40:00+00:00,22411191-2,RH,CURRENT,%,100
2026-09-04T01:40:00+00:00,22411191-3,Dew Point,CURRENT,°C,22.099773000122777
2026-09-04T01:40:00+00:00,22411525-1,Temperature,CURRENT,°C,22.04802734375
2026-09-04T01:40:00+00:00,22411525-2,RH,CURRENT,%,98.99748226138705
2026-09-04T01:40:00+00:00,22411525-3,Dew Point,CURRENT,°C,21.912755971810142
2026-09-04T01:40:00+00:00,22411526-1,Temperature,CURRENT,°C,22.005126953124993
2026-09-04T01:40:00+00:00,22411526-2,RH,CURRENT,%,99.8794537270161
2026-09-04T01:40:00+00:00,22411526-3,Dew Point,CURRENT,°C,22.015499115770528
2026-09-04T01:40:00+00:00,22411527-1,Temperature,CURRENT,°C,22.090927734374993
2026-09-04T01:40:00+00:00,22411527-2,RH,CURRENT,%,99.23399710078584
2026-09-04T01:40:00+00:00,22411527-3,Dew Point,CURRENT,°C,21.994867035591312
2026-09-04T01:40:00+00:00,22411528-1,Temperature,CURRENT,°C,22.04802734375
2026-09-04T01:40:00+00:00,22411528-2,RH,CURRENT,%,100
2026-09-04T01:40:00+00:00,22411528-3,Dew Point,CURRENT,°C,22.07828863987537
2026-09-04T01:40:00+00:00,22411529-1,Temperature,CURRENT,°C,22.069477539062497
2026-09-04T01:40:00+00:00,22411529-2,RH,CURRENT,%,100
2026-09-04T01:40:00+00:00,22411529-3,Dew Point,CURRENT,°C,22.099773000122777
2026-09-04T01:40:00+00:00,22411530-1,Temperature,CURRENT,°C,22.069477539062497
2026-09-04T01:40:00+00:00,22411530-2,RH,CURRENT,%,99.5880064087892
2026-09-04T01:40:00+00:00,22411530-3,Dew Point,CURRENT,°C,22.03191088480206
2026-09-04T01:40:00+00:00,22411541-S,Battery,CURRENT,V,8.302932128906251
2026-09-04T01:40:00+00:00,22447758-1,Temperature,CURRENT,°C,22.04802734375
2026-09-04T01:40:00+00:00,22447758-2,RH,CURRENT,%,97.04127565423056
2026-09-04T01:40:00+00:00,22447758-3,Dew Point,CURRENT,°C,21.58549206003559
2026-09-04T01:40:00+00:00,22447759-1,Temperature,CURRENT,°C,22.026577148437504
2026-09-04T01:40:00+00:00,22447759-2,RH,CURRENT,%,97.26100556954299
2026-09-04T01:40:00+00:00,22447759-3,Dew Point,CURRENT,°C,21.60112861386286
2026-09-04T01:40:00+00:00,22447760-1,Temperature,CURRENT,°C,22.069477539062497
2026-09-04T01:40:00+00:00,22447760-2,RH,CURRENT,%,97.27473868925001
2026-09-04T01:40:00+00:00,22447760-3,Dew Point,CURRENT,°C,21.646260002843228
2026-09-04T01:40:00+00:00,22447761-1,Temperature,CURRENT,°C,22.026577148437504
2026-09-04T01:40:00+00:00,22447761-2,RH,CURRENT,%,96.58350499732967
2026-09-04T01:40:00+00:00,22447761-3,Dew Point,CURRENT,°C,21.48668759800306
2026-09-04T01:40:00+00:00,22447762-1,Temperature,CURRENT,°C,22.026577148437504
2026-09-04T01:40:00+00:00,22447762-2,RH,CURRENT,%,96.6475928892958
2026-09-04T01:40:00+00:00,22447762-3,Dew Point,CURRENT,°C,21.497543082988887
2026-09-04T01:40:00+00:00,22447764-1,Temperature,CURRENT,°C,22.04802734375
2026-09-04T01:40:00+00:00,22447764-2,RH,CURRENT,%,97.48226138704509
2026-09-04T01:40:00+00:00,22447764-3,Dew Point,CURRENT,°C,21.659766712273715
2026-09-04T01:40:00+00:00,22447765-1,Temperature,CURRENT,°C,22.04802734375
2026-09-04T01:40:00+00:00,22447765-2,RH,CURRENT,%,96.90089265278095
2026-09-04T01:40:00+00:00,22447765-3,Dew Point,CURRENT,°C,21.5617856519832
2026-09-04T01:40:00+00:00,22447766-1,Temperature,CURRENT,°C,22.026577148437504
2026-09-04T01:40:00+00:00,22447766-2,RH,CURRENT,%,97.17402914473182
2026-09-04T01:40:00+00:00,22447766-3,Dew Point,CURRENT,°C,21.58647590202306
2026-09-04T01:45:00+00:00,22411189-1,Temperature,CURRENT,°C,22.069477539062497
2026-09-04T01:45:00+00:00,22411189-2,RH,CURRENT,%,100
2026-09-04T01:45:00+00:00,22411189-3,Dew Point,CURRENT,°C,22.099773000122777
2026-09-04T01:45:00+00:00,22411190-1,Temperature,CURRENT,°C,22.090927734374993
2026-09-04T01:45:00+00:00,22411190-2,RH,CURRENT,%,99.24315251392386
2026-09-04T01:45:00+00:00,22411190-3,Dew Point,CURRENT,°C,21.996382701131246
2026-09-04T01:45:00+00:00,22411191-1,Temperature,CURRENT,°C,22.133828125
2026-09-04T01:45:00+00:00,22411191-2,RH,CURRENT,%,100
2026-09-04T01:45:00+00:00,22411191-3,Dew Point,CURRENT,°C,22.164226079454718
2026-09-04T01:45:00+00:00,22411525-1,Temperature,CURRENT,°C,22.112377929687504
2026-09-04T01:45:00+00:00,22411525-2,RH,CURRENT,%,99.16227969787137
2026-09-04T01:45:00+00:00,22411525-3,Dew Point,CURRENT,°C,22.004451593061567
2026-09-04T01:45:00+00:00,22411526-1,Temperature,CURRENT,°C,22.04802734375
2026-09-04T01:45:00+00:00,22411526-2,RH,CURRENT,%,99.93133440146487
2026-09-04T01:45:00+00:00,22411526-3,Dew Point,CURRENT,°C,22.06699713397514
2026-09-04T01:45:00+00:00,22411527-1,Temperature,CURRENT,°C,22.133828125
2026-09-04T01:45:00+00:00,22411527-2,RH,CURRENT,%,99.45067521171893
2026-09-04T01:45:00+00:00,22411527-3,Dew Point,CURRENT,°C,22.073643841708986
2026-09-04T01:45:00+00:00,22411528-1,Temperature,CURRENT,°C,22.112377929687504
2026-09-04T01:45:00+00:00,22411528-2,RH,CURRENT,%,100
2026-09-04T01:45:00+00:00,22411528-3,Dew Point,CURRENT,°C,22.142741719912454
2026-09-04T01:45:00+00:00,22411529-1,Temperature,CURRENT,°C,22.112377929687504
2026-09-04T01:45:00+00:00,22411529-2,RH,CURRENT,%,100
2026-09-04T01:45:00+00:00,22411529-3,Dew Point,CURRENT,°C,22.142741719912454
2026-09-04T01:45:00+00:00,22411530-1,Temperature,CURRENT,°C,22.133828125
2026-09-04T01:45:00+00:00,22411530-2,RH,CURRENT,%,99.7436484321355
2026-09-04T01:45:00+00:00,22411530-3,Dew Point,CURRENT,°C,22.12200859532418
2026-09-04T01:45:00+00:00,22411541-S,Battery,CURRENT,V,8.3093935546875
2026-09-04T01:45:00+00:00,22447758-1,Temperature,CURRENT,°C,22.090927734374993
2026-09-04T01:45:00+00:00,22447758-2,RH,CURRENT,%,97.32661936369878
2026-09-04T01:45:00+00:00,22447758-3,Dew Point,CURRENT,°C,21.676407432134116
2026-09-04T01:45:00+00:00,22447759-1,Temperature,CURRENT,°C,22.04802734375
2026-09-04T01:45:00+00:00,22447759-2,RH,CURRENT,%,97.5265125505455
2026-09-04T01:45:00+00:00,22447759-3,Dew Point,CURRENT,°C,21.667203662832357
2026-09-04T01:45:00+00:00,22447760-1,Temperature,CURRENT,°C,22.090927734374993
2026-09-04T01:45:00+00:00,22447760-2,RH,CURRENT,%,97.5921263447013
2026-09-04T01:45:00+00:00,22447760-3,Dew Point,CURRENT,°C,21.721061906983806
2026-09-04T01:45:00+00:00,22447761-1,Temperature,CURRENT,°C,22.069477539062497
2026-09-04T01:45:00+00:00,22447761-2,RH,CURRENT,%,96.81239032578011
2026-09-04T01:45:00+00:00,22447761-3,Dew Point,CURRENT,°C,21.568221421439613
2026-09-04T01:45:00+00:00,22447762-1,Temperature,CURRENT,°C,22.04802734375
2026-09-04T01:45:00+00:00,22447762-2,RH,CURRENT,%,96.83527885862516
2026-09-04T01:45:00+00:00,22447762-3,Dew Point,CURRENT,°C,21.550695191707916
2026-09-04T01:45:00+00:00,22447764-1,Temperature,CURRENT,°C,22.069477539062497
2026-09-04T01:45:00+00:00,22447764-2,RH,CURRENT,%,97.83932249942778
2026-09-04T01:45:00+00:00,22447764-3,Dew Point,CURRENT,°C,21.741116380424618
2026-09-04T01:45:00+00:00,22447765-1,Temperature,CURRENT,°C,22.069477539062497
2026-09-04T01:45:00+00:00,22447765-2,RH,CURRENT,%,97.11146715495536
2026-09-04T01:45:00+00:00,22447765-3,Dew Point,CURRENT,°C,21.61873890836063
2026-09-04T01:45:00+00:00,22447766-1,Temperature,CURRENT,°C,22.069477539062497
2026-09-04T01:45:00+00:00,22447766-2,RH,CURRENT,%,97.36171511406118
2026-09-04T01:45:00+00:00,22447766-3,Dew Point,CURRENT,°C,21.660904301474375
2026-09-04T01:50:00+00:00,22411189-1,Temperature,CURRENT,°C,22.090927734374993
2026-09-04T01:50:00+00:00,22411189-2,RH,CURRENT,%,100
2026-09-04T01:50:00+00:00,22411189-3,Dew Point,CURRENT,°C,22.121257360135143
2026-09-04T01:50:00+00:00,22411190-1,Temperature,CURRENT,°C,22.112377929687504
2026-09-04T01:50:00+00:00,22411190-2,RH,CURRENT,%,99.37743190661479
2026-09-04T01:50:00+00:00,22411190-3,Dew Point,CURRENT,°C,22.040065827258136
2026-09-04T01:50:00+00:00,22411191-1,Temperature,CURRENT,°C,22.155278320312497
2026-09-04T01:50:00+00:00,22411191-2,RH,CURRENT,%,100
2026-09-04T01:50:00+00:00,22411191-3,Dew Point,CURRENT,°C,22.185710438761923
2026-09-04T01:50:00+00:00,22411525-1,Temperature,CURRENT,°C,22.112377929687504
2026-09-04T01:50:00+00:00,22411525-2,RH,CURRENT,%,99.17448691538873
2026-09-04T01:50:00+00:00,22411525-3,Dew Point,CURRENT,°C,22.006474064060217
2026-09-04T01:50:00+00:00,22411526-1,Temperature,CURRENT,°C,22.090927734374993
2026-09-04T01:50:00+00:00,22411526-2,RH,CURRENT,%,99.97558556496529
2026-09-04T01:50:00+00:00,22411526-3,Dew Point,CURRENT,°C,22.11724205059799
2026-09-04T01:50:00+00:00,22411527-1,Temperature,CURRENT,°C,22.155278320312497
2026-09-04T01:50:00+00:00,22411527-2,RH,CURRENT,%,99.48577096208133
2026-09-04T01:50:00+00:00,22411527-3,Dew Point,CURRENT,°C,22.100914434178872
2026-09-04T01:50:00+00:00,22411528-1,Temperature,CURRENT,°C,22.155278320312497
2026-09-04T01:50:00+00:00,22411528-2,RH,CURRENT,%,100
2026-09-04T01:50:00+00:00,22411528-3,Dew Point,CURRENT,°C,22.185710438761923
2026-09-04T01:50:00+00:00,22411529-1,Temperature,CURRENT,°C,22.155278320312497
2026-09-04T01:50:00+00:00,22411529-2,RH,CURRENT,%,100
2026-09-04T01:50:00+00:00,22411529-3,Dew Point,CURRENT,°C,22.185710438761923
2026-09-04T01:50:00+00:00,22411530-1,Temperature,CURRENT,°C,22.155278320312497
2026-09-04T01:50:00+00:00,22411530-2,RH,CURRENT,%,99.74822613870451
2026-09-04T01:50:00+00:00,22411530-3,Dew Point,CURRENT,°C,22.1442408132502
2026-09-04T01:50:00+00:00,22411541-S,Battery,CURRENT,V,8.299701416015626
2026-09-04T01:50:00+00:00,22447758-1,Temperature,CURRENT,°C,22.112377929687504
2026-09-04T01:50:00+00:00,22447758-2,RH,CURRENT,%,97.50820172426947
2026-09-04T01:50:00+00:00,22447758-3,Dew Point,CURRENT,°C,21.728374366220375
2026-09-04T01:50:00+00:00,22447759-1,Temperature,CURRENT,°C,22.069477539062497
2026-09-04T01:50:00+00:00,22447759-2,RH,CURRENT,%,97.75082017242694
2026-09-04T01:50:00+00:00,22447759-3,Dew Point,CURRENT,°C,21.726278659300526
2026-09-04T01:50:00+00:00,22447760-1,Temperature,CURRENT,°C,22.112377929687504
2026-09-04T01:50:00+00:00,22447760-2,RH,CURRENT,%,97.74624246585793
2026-09-04T01:50:00+00:00,22447760-3,Dew Point,CURRENT,°C,21.768355870869428
2026-09-04T01:50:00+00:00,22447761-1,Temperature,CURRENT,°C,22.069477539062497
2026-09-04T01:50:00+00:00,22447761-2,RH,CURRENT,%,97.03822384985122
2026-09-04T01:50:00+00:00,22447761-3,Dew Point,CURRENT,°C,21.606379860006292
2026-09-04T01:50:00+00:00,22447762-1,Temperature,CURRENT,°C,22.069477539062497
2026-09-04T01:50:00+00:00,22447762-2,RH,CURRENT,%,97.03364614328221
2026-09-04T01:50:00+00:00,22447762-3,Dew Point,CURRENT,°C,21.605607148910867
2026-09-04T01:50:00+00:00,22447764-1,Temperature,CURRENT,°C,22.090927734374993
2026-09-04T01:50:00+00:00,22447764-2,RH,CURRENT,%,97.93545433737697
2026-09-04T01:50:00+00:00,22447764-3,Dew Point,CURRENT,°C,21.778647675943965
2026-09-04T01:50:00+00:00,22447765-1,Temperature,CURRENT,°C,22.069477539062497
2026-09-04T01:50:00+00:00,22447765-2,RH,CURRENT,%,97.37239642938887
2026-09-04T01:50:00+00:00,22447765-3,Dew Point,CURRENT,°C,21.662701936058085
2026-09-04T01:50:00+00:00,22447766-1,Temperature,CURRENT,°C,22.090927734374993
2026-09-04T01:50:00+00:00,22447766-2,RH,CURRENT,%,97.68673228046082
2026-09-04T01:50:00+00:00,22447766-3,Dew Point,CURRENT,°C,21.73694762789391
2026-09-04T01:55:00+00:00,22411189-1,Temperature,CURRENT,°C,22.133828125
2026-09-04T01:55:00+00:00,22411189-2,RH,CURRENT,%,100
2026-09-04T01:55:00+00:00,22411189-3,Dew Point,CURRENT,°C,22.164226079454718
2026-09-04T01:55:00+00:00,22411190-1,Temperature,CURRENT,°C,22.176728515624994
2026-09-04T01:55:00+00:00,22411190-2,RH,CURRENT,%,99.39574273289082
2026-09-04T01:55:00+00:00,22411190-3,Dew Point,CURRENT,°C,22.107497361829413
2026-09-04T01:55:00+00:00,22411191-1,Temperature,CURRENT,°C,22.21962890625
2026-09-04T01:55:00+00:00,22411191-2,RH,CURRENT,%,100
2026-09-04T01:55:00+00:00,22411191-3,Dew Point,CURRENT,°C,22.25016351527323
2026-09-04T01:55:00+00:00,22411525-1,Temperature,CURRENT,°C,22.198178710937505
2026-09-04T01:55:00+00:00,22411525-2,RH,CURRENT,%,99.17906462195774
2026-09-04T01:55:00+00:00,22411525-3,Dew Point,CURRENT,°C,22.09308024634596
2026-09-04T01:55:00+00:00,22411526-1,Temperature,CURRENT,°C,22.155278320312497
2026-09-04T01:55:00+00:00,22411526-2,RH,CURRENT,%,100
2026-09-04T01:55:00+00:00,22411526-3,Dew Point,CURRENT,°C,22.185710438761923
2026-09-04T01:55:00+00:00,22411527-1,Temperature,CURRENT,°C,22.198178710937505
2026-09-04T01:55:00+00:00,22411527-2,RH,CURRENT,%,99.47356374456398
2026-09-04T01:55:00+00:00,22411527-3,Dew Point,CURRENT,°C,22.141836838449642
2026-09-04T01:55:00+00:00,22411528-1,Temperature,CURRENT,°C,22.176728515624994
2026-09-04T01:55:00+00:00,22411528-2,RH,CURRENT,%,100
2026-09-04T01:55:00+00:00,22411528-3,Dew Point,CURRENT,°C,22.207194797834077
2026-09-04T01:55:00+00:00,22411529-1,Temperature,CURRENT,°C,22.176728515624994
2026-09-04T01:55:00+00:00,22411529-2,RH,CURRENT,%,100
2026-09-04T01:55:00+00:00,22411529-3,Dew Point,CURRENT,°C,22.207194797834077
2026-09-04T01:55:00+00:00,22411530-1,Temperature,CURRENT,°C,22.21962890625
2026-09-04T01:55:00+00:00,22411530-2,RH,CURRENT,%,99.7787441824979
2026-09-04T01:55:00+00:00,22411530-3,Dew Point,CURRENT,°C,22.213707302195626
2026-09-04T01:55:00+00:00,22411541-S,Battery,CURRENT,V,8.299701416015626
2026-09-04T01:55:00+00:00,22447758-1,Temperature,CURRENT,°C,22.176728515624994
2026-09-04T01:55:00+00:00,22447758-2,RH,CURRENT,%,97.22438391699092
2026-09-04T01:55:00+00:00,22447758-3,Dew Point,CURRENT,°C,21.744816502144676
2026-09-04T01:55:00+00:00,22447759-1,Temperature,CURRENT,°C,22.133828125
2026-09-04T01:55:00+00:00,22447759-2,RH,CURRENT,%,97.54940108339055
2026-09-04T01:55:00+00:00,22447759-3,Dew Point,CURRENT,°C,21.75671737271337
2026-09-04T01:55:00+00:00,22447760-1,Temperature,CURRENT,°C,22.176728515624994
2026-09-04T01:55:00+00:00,22447760-2,RH,CURRENT,%,97.6424811169604
2026-09-04T01:55:00+00:00,22447760-3,Dew Point,CURRENT,°C,21.81519733448893
2026-09-04T01:55:00+00:00,22447761-1,Temperature,CURRENT,°C,22.133828125
2026-09-04T01:55:00+00:00,22447761-2,RH,CURRENT,%,97.03212024109254
2026-09-04T01:55:00+00:00,22447761-3,Dew Point,CURRENT,°C,21.669557533362834
2026-09-04T01:55:00+00:00,22447762-1,Temperature,CURRENT,°C,22.133828125
2026-09-04T01:55:00+00:00,22447762-2,RH,CURRENT,%,96.94056610971236
2026-09-04T01:55:00+00:00,22447762-3,Dew Point,CURRENT,°C,21.654088749314173
2026-09-04T01:55:00+00:00,22447764-1,Temperature,CURRENT,°C,22.133828125
2026-09-04T01:55:00+00:00,22447764-2,RH,CURRENT,%,97.82864118410009
2026-09-04T01:55:00+00:00,22447764-3,Dew Point,CURRENT,°C,21.803600579886094
2026-09-04T01:55:00+00:00,22447765-1,Temperature,CURRENT,°C,22.133828125
2026-09-04T01:55:00+00:00,22447765-2,RH,CURRENT,%,97.24422064545662
2026-09-04T01:55:00+00:00,22447765-3,Dew Point,CURRENT,°C,21.70534462066005
2026-09-04T01:55:00+00:00,22447766-1,Temperature,CURRENT,°C,22.155278320312497
2026-09-04T01:55:00+00:00,22447766-2,RH,CURRENT,%,97.61043717097733
2026-09-04T01:55:00+00:00,22447766-3,Dew Point,CURRENT,°C,21.788393792498255
2026-09-04T02:00:00+00:00,22411189-1,Temperature,CURRENT,°C,22.069477539062497
2026-09-04T02:00:00+00:00,22411189-2,RH,CURRENT,%,100
2026-09-04T02:00:00+00:00,22411189-3,Dew Point,CURRENT,°C,22.099773000122777
2026-09-04T02:00:00+00:00,22411190-1,Temperature,CURRENT,°C,22.090927734374993
2026-09-04T02:00:00+00:00,22411190-2,RH,CURRENT,%,99.19279774166476
2026-09-04T02:00:00+00:00,22411190-3,Dew Point,CURRENT,°C,21.988045028761956
2026-09-04T02:00:00+00:00,22411191-1,Temperature,CURRENT,°C,22.155278320312497
2026-09-04T02:00:00+00:00,22411191-2,RH,CURRENT,%,100
2026-09-04T02:00:00+00:00,22411191-3,Dew Point,CURRENT,°C,22.185710438761923
2026-09-04T02:00:00+00:00,22411525-1,Temperature,CURRENT,°C,22.155278320312497
2026-09-04T02:00:00+00:00,22411525-2,RH,CURRENT,%,98.73044937819486
2026-09-04T02:00:00+00:00,22411525-3,Dew Point,CURRENT,°C,21.975665680358066
2026-09-04T02:00:00+00:00,22411526-1,Temperature,CURRENT,°C,22.069477539062497
2026-09-04T02:00:00+00:00,22411526-2,RH,CURRENT,%,99.97558556496529
2026-09-04T02:00:00+00:00,22411526-3,Dew Point,CURRENT,°C,22.095758354596896
2026-09-04T02:00:00+00:00,22411527-1,Temperature,CURRENT,°C,22.133828125
2026-09-04T02:00:00+00:00,22411527-2,RH,CURRENT,%,99.09361409933624
2026-09-04T02:00:00+00:00,22411527-3,Dew Point,CURRENT,°C,22.01453075540366
2026-09-04T02:00:00+00:00,22411528-1,Temperature,CURRENT,°C,22.090927734374993
2026-09-04T02:00:00+00:00,22411528-2,RH,CURRENT,%,100
2026-09-04T02:00:00+00:00,22411528-3,Dew Point,CURRENT,°C,22.121257360135143
2026-09-04T02:00:00+00:00,22411529-1,Temperature,CURRENT,°C,22.112377929687504
2026-09-04T02:00:00+00:00,22411529-2,RH,CURRENT,%,100
2026-09-04T02:00:00+00:00,22411529-3,Dew Point,CURRENT,°C,22.142741719912454
2026-09-04T02:00:00+00:00,22411530-1,Temperature,CURRENT,°C,22.133828125
2026-09-04T02:00:00+00:00,22411530-2,RH,CURRENT,%,99.38506141756314
2026-09-04T02:00:00+00:00,22411530-3,Dew Point,CURRENT,°C,22.062795098291556
2026-09-04T02:00:00+00:00,22411541-S,Battery,CURRENT,V,8.293239990234376
2026-09-04T02:00:00+00:00,22447758-1,Temperature,CURRENT,°C,22.198178710937505
2026-09-04T02:00:00+00:00,22447758-2,RH,CURRENT,%,96.95429922941939
2026-09-04T02:00:00+00:00,22447758-3,Dew Point,CURRENT,°C,21.720611269378285
2026-09-04T02:00:00+00:00,22447759-1,Temperature,CURRENT,°C,22.090927734374993
2026-09-04T02:00:00+00:00,22447759-2,RH,CURRENT,%,97.49599450675211
2026-09-04T02:00:00+00:00,22447759-3,Dew Point,CURRENT,°C,21.704906178278772
2026-09-04T02:00:00+00:00,22447760-1,Temperature,CURRENT,°C,22.198178710937505
2026-09-04T02:00:00+00:00,22447760-2,RH,CURRENT,%,97.21217669947356
2026-09-04T02:00:00+00:00,22447760-3,Dew Point,CURRENT,°C,21.764165259642702
2026-09-04T02:00:00+00:00,22447761-1,Temperature,CURRENT,°C,22.155278320312497
2026-09-04T02:00:00+00:00,22447761-2,RH,CURRENT,%,96.68574044403753
2026-09-04T02:00:00+00:00,22447761-3,Dew Point,CURRENT,°C,21.632359638751254
2026-09-04T02:00:00+00:00,22447762-1,Temperature,CURRENT,°C,22.069477539062497
2026-09-04T02:00:00+00:00,22447762-2,RH,CURRENT,%,96.65827420462348
2026-09-04T02:00:00+00:00,22447762-3,Dew Point,CURRENT,°C,21.542136195890098
2026-09-04T02:00:00+00:00,22447764-1,Temperature,CURRENT,°C,22.176728515624994
2026-09-04T02:00:00+00:00,22447764-2,RH,CURRENT,%,97.441062027924
2026-09-04T02:00:00+00:00,22447764-3,Dew Point,CURRENT,°C,21.781324173526798
2026-09-04T02:00:00+00:00,22447765-1,Temperature,CURRENT,°C,22.176728515624994
2026-09-04T02:00:00+00:00,22447765-2,RH,CURRENT,%,96.75745784695201
2026-09-04T02:00:00+00:00,22447765-3,Dew Point,CURRENT,°C,21.665902795923838
2026-09-04T02:00:00+00:00,22447766-1,Temperature,CURRENT,°C,22.112377929687504
2026-09-04T02:00:00+00:00,22447766-2,RH,CURRENT,%,97.5768673228046
2026-09-04T02:00:00+00:00,22447766-3,Dew Point,CURRENT,°C,21.739916235302573
2026-09-04T02:05:00+00:00,22411189-1,Temperature,CURRENT,°C,21.983676757812496
2026-09-04T02:05:00+00:00,22411189-2,RH,CURRENT,%,100
2026-09-04T02:05:00+00:00,22411189-3,Dew Point,CURRENT,°C,22.013835557722818
2026-09-04T02:05:00+00:00,22411190-1,Temperature,CURRENT,°C,22.005126953124993
2026-09-04T02:05:00+00:00,22411190-2,RH,CURRENT,%,99.43083848325323
2026-09-04T02:05:00+00:00,22411190-3,Dew Point,CURRENT,°C,21.941551568153322
2026-09-04T02:05:00+00:00,22411191-1,Temperature,CURRENT,°C,22.026577148437504
2026-09-04T02:05:00+00:00,22411191-2,RH,CURRENT,%,100
2026-09-04T02:05:00+00:00,22411191-3,Dew Point,CURRENT,°C,22.056804279392903
2026-09-04T02:05:00+00:00,22411525-1,Temperature,CURRENT,°C,22.005126953124993
2026-09-04T02:05:00+00:00,22411525-2,RH,CURRENT,%,99.23399710078584
2026-09-04T02:05:00+00:00,22411525-3,Dew Point,CURRENT,°C,21.90901316870017
2026-09-04T02:05:00+00:00,22411526-1,Temperature,CURRENT,°C,22.005126953124993
2026-09-04T02:05:00+00:00,22411526-2,RH,CURRENT,%,100
2026-09-04T02:05:00+00:00,22411526-3,Dew Point,CURRENT,°C,22.035319918675377
2026-09-04T02:05:00+00:00,22411527-1,Temperature,CURRENT,°C,22.005126953124993
2026-09-04T02:05:00+00:00,22411527-2,RH,CURRENT,%,99.45830472266728
2026-09-04T02:05:00+00:00,22411527-3,Dew Point,CURRENT,°C,21.946087335637404
2026-09-04T02:05:00+00:00,22411528-1,Temperature,CURRENT,°C,22.026577148437504
2026-09-04T02:05:00+00:00,22411528-2,RH,CURRENT,%,100
2026-09-04T02:05:00+00:00,22411528-3,Dew Point,CURRENT,°C,22.056804279392903
2026-09-04T02:05:00+00:00,22411529-1,Temperature,CURRENT,°C,22.026577148437504
2026-09-04T02:05:00+00:00,22411529-2,RH,CURRENT,%,100
2026-09-04T02:05:00+00:00,22411529-3,Dew Point,CURRENT,°C,22.056804279392903
2026-09-04T02:05:00+00:00,22411530-1,Temperature,CURRENT,°C,22.026577148437504
2026-09-04T02:05:00+00:00,22411530-2,RH,CURRENT,%,99.66124971389334
2026-09-04T02:05:00+00:00,22411530-3,Dew Point,CURRENT,°C,22.00104288743236
2026-09-04T02:05:00+00:00,22411541-S,Battery,CURRENT,V,8.302932128906251
2026-09-04T02:05:00+00:00,22447758-1,Temperature,CURRENT,°C,22.069477539062497
2026-09-04T02:05:00+00:00,22447758-2,RH,CURRENT,%,97.16182192721446
2026-09-04T02:05:00+00:00,22447758-3,Dew Point,CURRENT,°C,21.62723103094455
2026-09-04T02:05:00+00:00,22447759-1,Temperature,CURRENT,°C,21.940776367187503
2026-09-04T02:05:00+00:00,22447759-2,RH,CURRENT,%,97.86984054322117
2026-09-04T02:05:00+00:00,22447759-3,Dew Point,CURRENT,°C,21.617674465142567
2026-09-04T02:05:00+00:00,22447760-1,Temperature,CURRENT,°C,22.090927734374993
2026-09-04T02:05:00+00:00,22447760-2,RH,CURRENT,%,97.47768368047608
2026-09-04T02:05:00+00:00,22447760-3,Dew Point,CURRENT,°C,21.70182731890191
2026-09-04T02:05:00+00:00,22447761-1,Temperature,CURRENT,°C,22.069477539062497
2026-09-04T02:05:00+00:00,22447761-2,RH,CURRENT,%,96.73456931410696
2026-09-04T02:05:00+00:00,22447761-3,Dew Point,CURRENT,°C,21.555054212099854
2026-09-04T02:05:00+00:00,22447762-1,Temperature,CURRENT,°C,21.9622265625
2026-09-04T02:05:00+00:00,22447762-2,RH,CURRENT,%,97.0595864805066
2026-09-04T02:05:00+00:00,22447762-3,Dew Point,CURRENT,°C,21.502968189236473
2026-09-04T02:05:00+00:00,22447764-1,Temperature,CURRENT,°C,22.069477539062497
2026-09-04T02:05:00+00:00,22447764-2,RH,CURRENT,%,97.6424811169604
2026-09-04T02:05:00+00:00,22447764-3,Dew Point,CURRENT,°C,21.708099257262255
2026-09-04T02:05:00+00:00,22447765-1,Temperature,CURRENT,°C,22.069477539062497
2026-09-04T02:05:00+00:00,22447765-2,RH,CURRENT,%,96.89936675059128
2026-09-04T02:05:00+00:00,22447765-3,Dew Point,CURRENT,°C,21.582926775562218
2026-09-04T02:05:00+00:00,22447766-1,Temperature,CURRENT,°C,21.9622265625
2026-09-04T02:05:00+00:00,22447766-2,RH,CURRENT,%,97.9888609140154
2026-09-04T02:05:00+00:00,22447766-3,Dew Point,CURRENT,°C,21.65901423656945
2026-09-04T02:10:00+00:00,22411189-1,Temperature,CURRENT,°C,21.919326171874992
2026-09-04T02:10:00+00:00,22411189-2,RH,CURRENT,%,100
2026-09-04T02:10:00+00:00,22411189-3,Dew Point,CURRENT,°C,21.949382473454797
2026-09-04T02:10:00+00:00,22411190-1,Temperature,CURRENT,°C,21.9622265625
2026-09-04T02:10:00+00:00,22411190-2,RH,CURRENT,%,99.45830472266728
2026-09-04T02:10:00+00:00,22411190-3,Dew Point,CURRENT,°C,21.90314812996429
2026-09-04T02:10:00+00:00,22411191-1,Temperature,CURRENT,°C,21.983676757812496
2026-09-04T02:10:00+00:00,22411191-2,RH,CURRENT,%,100
2026-09-04T02:10:00+00:00,22411191-3,Dew Point,CURRENT,°C,22.013835557722818
2026-09-04T02:10:00+00:00,22411525-1,Temperature,CURRENT,°C,21.940776367187503
2026-09-04T02:10:00+00:00,22411525-2,RH,CURRENT,%,99.24925612268254
2026-09-04T02:10:00+00:00,22411525-3,Dew Point,CURRENT,°C,21.847145867310182
2026-09-04T02:10:00+00:00,22411526-1,Temperature,CURRENT,°C,21.9622265625
2026-09-04T02:10:00+00:00,22411526-2,RH,CURRENT,%,100
2026-09-04T02:10:00+00:00,22411526-3,Dew Point,CURRENT,°C,21.992351196535193
2026-09-04T02:10:00+00:00,22411527-1,Temperature,CURRENT,°C,21.940776367187503
2026-09-04T02:10:00+00:00,22411527-2,RH,CURRENT,%,99.42778667887389
2026-09-04T02:10:00+00:00,22411527-3,Dew Point,CURRENT,°C,21.87664121579479
2026-09-04T02:10:00+00:00,22411528-1,Temperature,CURRENT,°C,21.983676757812496
2026-09-04T02:10:00+00:00,22411528-2,RH,CURRENT,%,100
2026-09-04T02:10:00+00:00,22411528-3,Dew Point,CURRENT,°C,22.013835557722818
2026-09-04T02:10:00+00:00,22411529-1,Temperature,CURRENT,°C,21.983676757812496
2026-09-04T02:10:00+00:00,22411529-2,RH,CURRENT,%,100
2026-09-04T02:10:00+00:00,22411529-3,Dew Point,CURRENT,°C,22.013835557722818
2026-09-04T02:10:00+00:00,22411530-1,Temperature,CURRENT,°C,21.983676757812496
2026-09-04T02:10:00+00:00,22411530-2,RH,CURRENT,%,99.73449301899748
2026-09-04T02:10:00+00:00,22411530-3,Dew Point,CURRENT,°C,21.97015914744972
2026-09-04T02:10:00+00:00,22411541-S,Battery,CURRENT,V,8.302932128906251
2026-09-04T02:10:00+00:00,22447758-1,Temperature,CURRENT,°C,22.026577148437504
2026-09-04T02:10:00+00:00,22447758-2,RH,CURRENT,%,97.08705271992065
2026-09-04T02:10:00+00:00,22447758-3,Dew Point,CURRENT,°C,21.571811727413724
2026-09-04T02:10:00+00:00,22447759-1,Temperature,CURRENT,°C,21.919326171874992
2026-09-04T02:10:00+00:00,22447759-2,RH,CURRENT,%,97.72945754177157
2026-09-04T02:10:00+00:00,22447759-3,Dew Point,CURRENT,°C,21.572740971216877
2026-09-04T02:10:00+00:00,22447760-1,Temperature,CURRENT,°C,22.026577148437504
2026-09-04T02:10:00+00:00,22447760-2,RH,CURRENT,%,97.43190661478599
2026-09-04T02:10:00+00:00,22447760-3,Dew Point,CURRENT,°C,21.629886591669315
2026-09-04T02:10:00+00:00,22447761-1,Temperature,CURRENT,°C,22.005126953124993
2026-09-04T02:10:00+00:00,22447761-2,RH,CURRENT,%,96.78187228198672
2026-09-04T02:10:00+00:00,22447761-3,Dew Point,CURRENT,°C,21.498871827172565
2026-09-04T02:10:00+00:00,22447762-1,Temperature,CURRENT,°C,21.919326171874992
2026-09-04T02:10:00+00:00,22447762-2,RH,CURRENT,%,96.98329137102311
2026-09-04T02:10:00+00:00,22447762-3,Dew Point,CURRENT,°C,21.44729592623349
2026-09-04T02:10:00+00:00,22447764-1,Temperature,CURRENT,°C,22.026577148437504
2026-09-04T02:10:00+00:00,22447764-2,RH,CURRENT,%,97.60891126878766
2026-09-04T02:10:00+00:00,22447764-3,Dew Point,CURRENT,°C,21.65962521862977
2026-09-04T02:10:00+00:00,22447765-1,Temperature,CURRENT,°C,22.005126953124993
2026-09-04T02:10:00+00:00,22447765-2,RH,CURRENT,%,96.9787136644541
2026-09-04T02:10:00+00:00,22447765-3,Dew Point,CURRENT,°C,21.53212857117952
2026-09-04T02:10:00+00:00,22447766-1,Temperature,CURRENT,°C,21.940776367187503
2026-09-04T02:10:00+00:00,22447766-2,RH,CURRENT,%,97.96749828336003
2026-09-04T02:10:00+00:00,22447766-3,Dew Point,CURRENT,°C,21.634012863608465
2026-09-04T02:15:00+00:00,22411189-1,Temperature,CURRENT,°C,21.554672851562493
2026-09-04T02:15:00+00:00,22411189-2,RH,CURRENT,%,100
2026-09-04T02:15:00+00:00,22411189-3,Dew Point,CURRENT,°C,21.584148289310647
2026-09-04T02:15:00+00:00,22411190-1,Temperature,CURRENT,°C,21.576123046875004
2026-09-04T02:15:00+00:00,22411190-2,RH,CURRENT,%,97.32509346150911
2026-09-04T02:15:00+00:00,22411190-3,Dew Point,CURRENT,°C,21.16228918581356
2026-09-04T02:15:00+00:00,22411191-1,Temperature,CURRENT,°C,21.726274414062495
2026-09-04T02:15:00+00:00,22411191-2,RH,CURRENT,%,99.33012893873503
2026-09-04T02:15:00+00:00,22411191-3,Dew Point,CURRENT,°C,21.64585161107173
2026-09-04T02:15:00+00:00,22411525-1,Temperature,CURRENT,°C,21.704824218749998
2026-09-04T02:15:00+00:00,22411525-2,RH,CURRENT,%,96.55756466010529
2026-09-04T02:15:00+00:00,22411525-3,Dew Point,CURRENT,°C,21.16144955899361
2026-09-04T02:15:00+00:00,22411526-1,Temperature,CURRENT,°C,21.5975732421875
2026-09-04T02:15:00+00:00,22411526-2,RH,CURRENT,%,99.42626077668422
2026-09-04T02:15:00+00:00,22411526-3,Dew Point,CURRENT,°C,21.532889426086385
2026-09-04T02:15:00+00:00,22411527-1,Temperature,CURRENT,°C,21.704824218749998
2026-09-04T02:15:00+00:00,22411527-2,RH,CURRENT,%,96.74525062943465
2026-09-04T02:15:00+00:00,22411527-3,Dew Point,CURRENT,°C,21.19315168472807
2026-09-04T02:15:00+00:00,22411528-1,Temperature,CURRENT,°C,21.533222656249997
2026-09-04T02:15:00+00:00,22411528-2,RH,CURRENT,%,100
2026-09-04T02:15:00+00:00,22411528-3,Dew Point,CURRENT,°C,21.562663923421997
2026-09-04T02:15:00+00:00,22411529-1,Temperature,CURRENT,°C,21.661923828125005
2026-09-04T02:15:00+00:00,22411529-2,RH,CURRENT,%,100
2026-09-04T02:15:00+00:00,22411529-3,Dew Point,CURRENT,°C,21.69157011522813
2026-09-04T02:15:00+00:00,22411530-1,Temperature,CURRENT,°C,21.6833740234375
2026-09-04T02:15:00+00:00,22411530-2,RH,CURRENT,%,97.61959258411535
2026-09-04T02:15:00+00:00,22411530-3,Dew Point,CURRENT,°C,21.318713466806482
2026-09-04T02:15:00+00:00,22411541-S,Battery,CURRENT,V,8.293239990234376
2026-09-04T02:15:00+00:00,22447758-1,Temperature,CURRENT,°C,21.854975585937503
2026-09-04T02:15:00+00:00,22447758-2,RH,CURRENT,%,94.00167849240864
2026-09-04T02:15:00+00:00,22447758-3,Dew Point,CURRENT,°C,20.87350626042805
2026-09-04T02:15:00+00:00,22447759-1,Temperature,CURRENT,°C,21.5975732421875
2026-09-04T02:15:00+00:00,22447759-2,RH,CURRENT,%,95.0240329594873
2026-09-04T02:15:00+00:00,22447759-3,Dew Point,CURRENT,°C,20.793650576015207
2026-09-04T02:15:00+00:00,22447760-1,Temperature,CURRENT,°C,21.854975585937503
2026-09-04T02:15:00+00:00,22447760-2,RH,CURRENT,%,94.93705653467613
2026-09-04T02:15:00+00:00,22447760-3,Dew Point,CURRENT,°C,21.034873506321173
2026-09-04T02:15:00+00:00,22447761-1,Temperature,CURRENT,°C,21.83352539062499
2026-09-04T02:15:00+00:00,22447761-2,RH,CURRENT,%,94.30838483253224
2026-09-04T02:15:00+00:00,22447761-3,Dew Point,CURRENT,°C,20.905245879840738
2026-09-04T02:15:00+00:00,22447762-1,Temperature,CURRENT,°C,21.640473632812494
2026-09-04T02:15:00+00:00,22447762-2,RH,CURRENT,%,94.44571602960251
2026-09-04T02:15:00+00:00,22447762-3,Dew Point,CURRENT,°C,20.7369838169944
2026-09-04T02:15:00+00:00,22447764-1,Temperature,CURRENT,°C,21.83352539062499
2026-09-04T02:15:00+00:00,22447764-2,RH,CURRENT,%,95.00572213321126
2026-09-04T02:15:00+00:00,22447764-3,Dew Point,CURRENT,°C,21.025318730751906
2026-09-04T02:15:00+00:00,22447765-1,Temperature,CURRENT,°C,21.83352539062499
2026-09-04T02:15:00+00:00,22447765-2,RH,CURRENT,%,94.16342412451363
2026-09-04T02:15:00+00:00,22447765-3,Dew Point,CURRENT,°C,20.880188062248383
2026-09-04T02:15:00+00:00,22447766-1,Temperature,CURRENT,°C,21.619023437499997
2026-09-04T02:15:00+00:00,22447766-2,RH,CURRENT,%,95.62829022659648
2026-09-04T02:15:00+00:00,22447766-3,Dew Point,CURRENT,°C,20.918233444496995
2026-09-04T02:20:00+00:00,22411189-1,Temperature,CURRENT,°C,20.846816406249992
2026-09-04T02:20:00+00:00,22411189-2,RH,CURRENT,%,96.16693369954986
2026-09-04T02:20:00+00:00,22411189-3,Dew Point,CURRENT,°C,20.24014288030799
2026-09-04T02:20:00+00:00,22411190-1,Temperature,CURRENT,°C,20.954067382812504
2026-09-04T02:20:00+00:00,22411190-2,RH,CURRENT,%,92.24841687647822
2026-09-04T02:20:00+00:00,22411190-3,Dew Point,CURRENT,°C,19.674001668287023
2026-09-04T02:20:00+00:00,22411191-1,Temperature,CURRENT,°C,21.147119140625
2026-09-04T02:20:00+00:00,22411191-2,RH,CURRENT,%,93.39284351873044
2026-09-04T02:20:00+00:00,22411191-3,Dew Point,CURRENT,°C,20.064814308521232
2026-09-04T02:20:00+00:00,22411525-1,Temperature,CURRENT,°C,21.147119140625
2026-09-04T02:20:00+00:00,22411525-2,RH,CURRENT,%,90.98954757000077
2026-09-04T02:20:00+00:00,22411525-3,Dew Point,CURRENT,°C,19.643548699527283
2026-09-04T02:20:00+00:00,22411526-1,Temperature,CURRENT,°C,20.911166992187496
2026-09-04T02:20:00+00:00,22411526-2,RH,CURRENT,%,96.93141069657435
2026-09-04T02:20:00+00:00,22411526-3,Dew Point,CURRENT,°C,20.43273885845216
2026-09-04T02:20:00+00:00,22411527-1,Temperature,CURRENT,°C,21.168569335937498
2026-09-04T02:20:00+00:00,22411527-2,RH,CURRENT,%,91.06431677729458
2026-09-04T02:20:00+00:00,22411527-3,Dew Point,CURRENT,°C,19.6780335595296
2026-09-04T02:20:00+00:00,22411528-1,Temperature,CURRENT,°C,20.739565429687495
2026-09-04T02:20:00+00:00,22411528-2,RH,CURRENT,%,97.94460975051499
2026-09-04T02:20:00+00:00,22411528-3,Dew Point,CURRENT,°C,20.43020779027887
2026-09-04T02:20:00+00:00,22411529-1,Temperature,CURRENT,°C,20.932617187499993
2026-09-04T02:20:00+00:00,22411529-2,RH,CURRENT,%,98.3367666132601
2026-09-04T02:20:00+00:00,22411529-3,Dew Point,CURRENT,°C,20.68803387580635
2026-09-04T02:20:00+00:00,22411530-1,Temperature,CURRENT,°C,21.082768554687497
2026-09-04T02:20:00+00:00,22411530-2,RH,CURRENT,%,92.36743724727245
2026-09-04T02:20:00+00:00,22411530-3,Dew Point,CURRENT,°C,19.822435003706417
2026-09-04T02:20:00+00:00,22411541-S,Battery,CURRENT,V,8.290009277343751
2026-09-04T02:20:00+00:00,22447758-1,Temperature,CURRENT,°C,21.275820312499995
2026-09-04T02:20:00+00:00,22447758-2,RH,CURRENT,%,90.48599984740979
2026-09-04T02:20:00+00:00,22447758-3,Dew Point,CURRENT,°C,19.681347896393966
2026-09-04T02:20:00+00:00,22447759-1,Temperature,CURRENT,°C,20.911166992187496
2026-09-04T02:20:00+00:00,22447759-2,RH,CURRENT,%,91.83337148088808
2026-09-04T02:20:00+00:00,22447759-3,Dew Point,CURRENT,°C,19.558746287162673
2026-09-04T02:20:00+00:00,22447760-1,Temperature,CURRENT,°C,21.29727050781249
2026-09-04T02:20:00+00:00,22447760-2,RH,CURRENT,%,90.90409704737927
2026-09-04T02:20:00+00:00,22447760-3,Dew Point,CURRENT,°C,19.77698937360301
2026-09-04T02:20:00+00:00,22447761-1,Temperature,CURRENT,°C,21.2543701171875
2026-09-04T02:20:00+00:00,22447761-2,RH,CURRENT,%,90.3547722590982
2026-09-04T02:20:00+00:00,22447761-3,Dew Point,CURRENT,°C,19.63671785073222
2026-09-04T02:20:00+00:00,22447762-1,Temperature,CURRENT,°C,20.996967773437497
2026-09-04T02:20:00+00:00,22447762-2,RH,CURRENT,%,90.98954757000077
2026-09-04T02:20:00+00:00,22447762-3,Dew Point,CURRENT,°C,19.494932772978327
2026-09-04T02:20:00+00:00,22447764-1,Temperature,CURRENT,°C,21.2543701171875
2026-09-04T02:20:00+00:00,22447764-2,RH,CURRENT,%,91.25963225757229
2026-09-04T02:20:00+00:00,22447764-3,Dew Point,CURRENT,°C,19.79756606949392
2026-09-04T02:20:00+00:00,22447765-1,Temperature,CURRENT,°C,21.29727050781249
2026-09-04T02:20:00+00:00,22447765-2,RH,CURRENT,%,90.20218204013123
2026-09-04T02:20:00+00:00,22447765-3,Dew Point,CURRENT,°C,19.65186969428656
2026-09-04T02:20:00+00:00,22447766-1,Temperature,CURRENT,°C,20.954067382812504
2026-09-04T02:20:00+00:00,22447766-2,RH,CURRENT,%,92.79011215381094
2026-09-04T02:20:00+00:00,22447766-3,Dew Point,CURRENT,°C,19.76851424473992
2026-09-04T02:25:00+00:00,22411189-1,Temperature,CURRENT,°C,20.482163085937493
2026-09-04T02:25:00+00:00,22411189-2,RH,CURRENT,%,98.63431754024568
2026-09-04T02:25:00+00:00,22411189-3,Dew Point,CURRENT,°C,20.286788706329347
2026-09-04T02:25:00+00:00,22411190-1,Temperature,CURRENT,°C,20.653764648437495
2026-09-04T02:25:00+00:00,22411190-2,RH,CURRENT,%,94.697489890898
2026-09-04T02:25:00+00:00,22411190-3,Dew Point,CURRENT,°C,19.798781049222647
2026-09-04T02:25:00+00:00,22411191-1,Temperature,CURRENT,°C,20.825366210937496
2026-09-04T02:25:00+00:00,22411191-2,RH,CURRENT,%,95.70000762951095
2026-09-04T02:25:00+00:00,22411191-3,Dew Point,CURRENT,°C,20.139916276126588
2026-09-04T02:25:00+00:00,22411525-1,Temperature,CURRENT,°C,20.825366210937496
2026-09-04T02:25:00+00:00,22411525-2,RH,CURRENT,%,93.26161593041886
2026-09-04T02:25:00+00:00,22411525-3,Dew Point,CURRENT,°C,19.722607535159625
2026-09-04T02:25:00+00:00,22411526-1,Temperature,CURRENT,°C,20.482163085937493
2026-09-04T02:25:00+00:00,22411526-2,RH,CURRENT,%,96.98786907759212
2026-09-04T02:25:00+00:00,22411526-3,Dew Point,CURRENT,°C,20.014153020425205
2026-09-04T02:25:00+00:00,22411527-1,Temperature,CURRENT,°C,20.825366210937496
2026-09-04T02:25:00+00:00,22411527-2,RH,CURRENT,%,93.35774776836804
2026-09-04T02:25:00+00:00,22411527-3,Dew Point,CURRENT,°C,19.739239313422274
2026-09-04T02:25:00+00:00,22411528-1,Temperature,CURRENT,°C,20.460712890624997
2026-09-04T02:25:00+00:00,22411528-2,RH,CURRENT,%,98.803692683299
2026-09-04T02:25:00+00:00,22411528-3,Dew Point,CURRENT,°C,20.293157480204094
2026-09-04T02:25:00+00:00,22411529-1,Temperature,CURRENT,°C,20.417812500000004
2026-09-04T02:25:00+00:00,22411529-2,RH,CURRENT,%,99.17906462195774
2026-09-04T02:25:00+00:00,22411529-3,Dew Point,CURRENT,°C,20.31173131531425
2026-09-04T02:25:00+00:00,22411530-1,Temperature,CURRENT,°C,20.76101562499999
2026-09-04T02:25:00+00:00,22411530-2,RH,CURRENT,%,94.37857633325704
2026-09-04T02:25:00+00:00,22411530-3,Dew Point,CURRENT,°C,19.850949054943666
2026-09-04T02:25:00+00:00,22411541-S,Battery,CURRENT,V,8.283547851562501
2026-09-04T02:25:00+00:00,22447758-1,Temperature,CURRENT,°C,20.846816406249992
2026-09-04T02:25:00+00:00,22447758-2,RH,CURRENT,%,92.19348439765011
2026-09-04T02:25:00+00:00,22447758-3,Dew Point,CURRENT,°C,19.558060129206662
2026-09-04T02:25:00+00:00,22447759-1,Temperature,CURRENT,°C,20.6108642578125
2026-09-04T02:25:00+00:00,22447759-2,RH,CURRENT,%,93.32112611581597
2026-09-04T02:25:00+00:00,22447759-3,Dew Point,CURRENT,°C,19.51991921406958
2026-09-04T02:25:00+00:00,22447760-1,Temperature,CURRENT,°C,20.846816406249992
2026-09-04T02:25:00+00:00,22447760-2,RH,CURRENT,%,92.61921110856794
2026-09-04T02:25:00+00:00,22447760-3,Dew Point,CURRENT,°C,19.632356899024916
2026-09-04T02:25:00+00:00,22447761-1,Temperature,CURRENT,°C,20.825366210937496
2026-09-04T02:25:00+00:00,22447761-2,RH,CURRENT,%,92.133974212253
2026-09-04T02:25:00+00:00,22447761-3,Dew Point,CURRENT,°C,19.52638631583512
2026-09-04T02:25:00+00:00,22447762-1,Temperature,CURRENT,°C,20.632314453124998
2026-09-04T02:25:00+00:00,22447762-2,RH,CURRENT,%,92.19501029983978
2026-09-04T02:25:00+00:00,22447762-3,Dew Point,CURRENT,°C,19.34566499753886
2026-09-04T02:25:00+00:00,22447764-1,Temperature,CURRENT,°C,20.825366210937496
2026-09-04T02:25:00+00:00,22447764-2,RH,CURRENT,%,92.80384527351796
2026-09-04T02:25:00+00:00,22447764-3,Dew Point,CURRENT,°C,19.64320230163443
2026-09-04T02:25:00+00:00,22447765-1,Temperature,CURRENT,°C,20.846816406249992
2026-09-04T02:25:00+00:00,22447765-2,RH,CURRENT,%,91.65789272907607
2026-09-04T02:25:00+00:00,22447765-3,Dew Point,CURRENT,°C,19.464162577368604
2026-09-04T02:25:00+00:00,22447766-1,Temperature,CURRENT,°C,20.653764648437495
2026-09-04T02:25:00+00:00,22447766-2,RH,CURRENT,%,92.99458304722667
2026-09-04T02:25:00+00:00,22447766-3,Dew Point,CURRENT,°C,19.506015578369375
2026-09-04T02:30:00+00:00,22411189-1,Temperature,CURRENT,°C,20.332011718750003
2026-09-04T02:30:00+00:00,22411189-2,RH,CURRENT,%,100
2026-09-04T02:30:00+00:00,22411189-3,Dew Point,CURRENT,°C,20.35953905851532
2026-09-04T02:30:00+00:00,22411190-1,Temperature,CURRENT,°C,20.482163085937493
2026-09-04T02:30:00+00:00,22411190-2,RH,CURRENT,%,96.35461966887922
2026-09-04T02:30:00+00:00,22411190-3,Dew Point,CURRENT,°C,19.908214550449227
2026-09-04T02:30:00+00:00,22411191-1,Temperature,CURRENT,°C,20.589414062500005
2026-09-04T02:30:00+00:00,22411191-2,RH,CURRENT,%,97.8530556191348
2026-09-04T02:30:00+00:00,22411191-3,Dew Point,CURRENT,°C,20.265048703165967
2026-09-04T02:30:00+00:00,22411525-1,Temperature,CURRENT,°C,20.589414062500005
2026-09-04T02:30:00+00:00,22411525-2,RH,CURRENT,%,95.29411764705883
2026-09-04T02:30:00+00:00,22411525-3,Dew Point,CURRENT,°C,19.836201436958785
2026-09-04T02:30:00+00:00,22411526-1,Temperature,CURRENT,°C,20.332011718750003
2026-09-04T02:30:00+00:00,22411526-2,RH,CURRENT,%,97.91561760891126
2026-09-04T02:30:00+00:00,22411526-3,Dew Point,CURRENT,°C,20.018279200986797
2026-09-04T02:30:00+00:00,22411527-1,Temperature,CURRENT,°C,20.567963867187494
2026-09-04T02:30:00+00:00,22411527-2,RH,CURRENT,%,95.52758068207828
2026-09-04T02:30:00+00:00,22411527-3,Dew Point,CURRENT,°C,19.85438058843784
2026-09-04T02:30:00+00:00,22411528-1,Temperature,CURRENT,°C,20.374912109374996
2026-09-04T02:30:00+00:00,22411528-2,RH,CURRENT,%,99.76958876935988
2026-09-04T02:30:00+00:00,22411528-3,Dew Point,CURRENT,°C,20.365079300775054
2026-09-04T02:30:00+00:00,22411529-1,Temperature,CURRENT,°C,20.289111328124996
2026-09-04T02:30:00+00:00,22411529-2,RH,CURRENT,%,99.85198748760205
2026-09-04T02:30:00+00:00,22411529-3,Dew Point,CURRENT,°C,20.292551489975033
2026-09-04T02:30:00+00:00,22411530-1,Temperature,CURRENT,°C,20.567963867187494
2026-09-04T02:30:00+00:00,22411530-2,RH,CURRENT,%,96.18219272144655
2026-09-04T02:30:00+00:00,22411530-3,Dew Point,CURRENT,°C,19.964781358524146
2026-09-04T02:30:00+00:00,22411541-S,Battery,CURRENT,V,8.293239990234376
2026-09-04T02:30:00+00:00,22447758-1,Temperature,CURRENT,°C,20.632314453124998
2026-09-04T02:30:00+00:00,22447758-2,RH,CURRENT,%,93.82772564278629
2026-09-04T02:30:00+00:00,22447758-3,Dew Point,CURRENT,°C,19.628517795515798
2026-09-04T02:30:00+00:00,22447759-1,Temperature,CURRENT,°C,20.460712890624997
2026-09-04T02:30:00+00:00,22447759-2,RH,CURRENT,%,94.64408331425956
2026-09-04T02:30:00+00:00,22447759-3,Dew Point,CURRENT,°C,19.59764260024739
2026-09-04T02:30:00+00:00,22447760-1,Temperature,CURRENT,°C,20.632314453124998
2026-09-04T02:30:00+00:00,22447760-2,RH,CURRENT,%,94.17105363546197
2026-09-04T02:30:00+00:00,22447760-3,Dew Point,CURRENT,°C,19.687447820847204
2026-09-04T02:30:00+00:00,22447761-1,Temperature,CURRENT,°C,20.6108642578125
2026-09-04T02:30:00+00:00,22447761-2,RH,CURRENT,%,93.75600823987182
2026-09-04T02:30:00+00:00,22447761-3,Dew Point,CURRENT,°C,19.59487307999781
2026-09-04T02:30:00+00:00,22447762-1,Temperature,CURRENT,°C,20.482163085937493
2026-09-04T02:30:00+00:00,22447762-2,RH,CURRENT,%,93.76974135957884
2026-09-04T02:30:00+00:00,22447762-3,Dew Point,CURRENT,°C,19.46936595235957
2026-09-04T02:30:00+00:00,22447764-1,Temperature,CURRENT,°C,20.589414062500005
2026-09-04T02:30:00+00:00,22447764-2,RH,CURRENT,%,94.34958419165332
2026-09-04T02:30:00+00:00,22447764-3,Dew Point,CURRENT,°C,19.675361295992662
2026-09-04T02:30:00+00:00,22447765-1,Temperature,CURRENT,°C,20.632314453124998
2026-09-04T02:30:00+00:00,22447765-2,RH,CURRENT,%,93.44472419317921
2026-09-04T02:30:00+00:00,22447765-3,Dew Point,CURRENT,°C,19.56255511336487
2026-09-04T02:30:00+00:00,22447766-1,Temperature,CURRENT,°C,20.482163085937493
2026-09-04T02:30:00+00:00,22447766-2,RH,CURRENT,%,94.44571602960251
2026-09-04T02:30:00+00:00,22447766-3,Dew Point,CURRENT,°C,19.585141707040485
2026-09-04T02:35:00+00:00,22411189-1,Temperature,CURRENT,°C,20.160410156250002
2026-09-04T02:35:00+00:00,22411189-2,RH,CURRENT,%,100
2026-09-04T02:35:00+00:00,22411189-3,Dew Point,CURRENT,°C,20.187664017641136
2026-09-04T02:35:00+00:00,22411190-1,Temperature,CURRENT,°C,20.2676611328125
2026-09-04T02:35:00+00:00,22411190-2,RH,CURRENT,%,96.58503089951934
2026-09-04T02:35:00+00:00,22411190-3,Dew Point,CURRENT,°C,19.732922964151893
2026-09-04T02:35:00+00:00,22411191-1,Temperature,CURRENT,°C,20.374912109374996
2026-09-04T02:35:00+00:00,22411191-2,RH,CURRENT,%,98.2558937972076
2026-09-04T02:35:00+00:00,22411191-3,Dew Point,CURRENT,°C,20.117295041902228
2026-09-04T02:35:00+00:00,22411525-1,Temperature,CURRENT,°C,20.332011718750003
2026-09-04T02:35:00+00:00,22411525-2,RH,CURRENT,%,95.73815518425269
2026-09-04T02:35:00+00:00,22411525-3,Dew Point,CURRENT,°C,19.65492733154517
2026-09-04T02:35:00+00:00,22411526-1,Temperature,CURRENT,°C,20.203310546874995
2026-09-04T02:35:00+00:00,22411526-2,RH,CURRENT,%,98.32303349355307
2026-09-04T02:35:00+00:00,22411526-3,Dew Point,CURRENT,°C,19.956845749536043
2026-09-04T02:35:00+00:00,22411527-1,Temperature,CURRENT,°C,20.332011718750003
2026-09-04T02:35:00+00:00,22411527-2,RH,CURRENT,%,96.06317235065232
2026-09-04T02:35:00+00:00,22411527-3,Dew Point,CURRENT,°C,19.709618731900587
2026-09-04T02:35:00+00:00,22411528-1,Temperature,CURRENT,°C,20.246210937500003
2026-09-04T02:35:00+00:00,22411528-2,RH,CURRENT,%,99.92675669489586
2026-09-04T02:35:00+00:00,22411528-3,Dew Point,CURRENT,°C,20.261723788117987
2026-09-04T02:35:00+00:00,22411529-1,Temperature,CURRENT,°C,20.22476074218749
2026-09-04T02:35:00+00:00,22411529-2,RH,CURRENT,%,100
2026-09-04T02:35:00+00:00,22411529-3,Dew Point,CURRENT,°C,20.252117159731835
2026-09-04T02:35:00+00:00,22411530-1,Temperature,CURRENT,°C,20.3534619140625
2026-09-04T02:35:00+00:00,22411530-2,RH,CURRENT,%,96.58503089951934
2026-09-04T02:35:00+00:00,22411530-3,Dew Point,CURRENT,°C,19.818486317540412
2026-09-04T02:35:00+00:00,22411541-S,Battery,CURRENT,V,8.286778564453126
2026-09-04T02:35:00+00:00,22447758-1,Temperature,CURRENT,°C,20.4392626953125
2026-09-04T02:35:00+00:00,22447758-2,RH,CURRENT,%,94.12680247196155
2026-09-04T02:35:00+00:00,22447758-3,Dew Point,CURRENT,°C,19.487967800204387
2026-09-04T02:35:00+00:00,22447759-1,Temperature,CURRENT,°C,20.289111328124996
2026-09-04T02:35:00+00:00,22447759-2,RH,CURRENT,%,94.8027771419852
2026-09-04T02:35:00+00:00,22447759-3,Dew Point,CURRENT,°C,19.45393600094745
2026-09-04T02:35:00+00:00,22447760-1,Temperature,CURRENT,°C,20.460712890624997
2026-09-04T02:35:00+00:00,22447760-2,RH,CURRENT,%,94.48844129091326
2026-09-04T02:35:00+00:00,22447760-3,Dew Point,CURRENT,°C,19.571103008383314
2026-09-04T02:35:00+00:00,22447761-1,Temperature,CURRENT,°C,20.417812500000004
2026-09-04T02:35:00+00:00,22447761-2,RH,CURRENT,%,93.83688105592431
2026-09-04T02:35:00+00:00,22447761-3,Dew Point,CURRENT,°C,19.416957222269268
2026-09-04T02:35:00+00:00,22447762-1,Temperature,CURRENT,°C,20.310561523437492
2026-09-04T02:35:00+00:00,22447762-2,RH,CURRENT,%,93.9879453727016
2026-09-04T02:35:00+00:00,22447762-3,Dew Point,CURRENT,°C,19.33627519104415
2026-09-04T02:35:00+00:00,22447764-1,Temperature,CURRENT,°C,20.417812500000004
2026-09-04T02:35:00+00:00,22447764-2,RH,CURRENT,%,94.88212405584802
2026-09-04T02:35:00+00:00,22447764-3,Dew Point,CURRENT,°C,19.595472591457927
2026-09-04T02:35:00+00:00,22447765-1,Temperature,CURRENT,°C,20.4392626953125
2026-09-04T02:35:00+00:00,22447765-2,RH,CURRENT,%,93.95742732890821
2026-09-04T02:35:00+00:00,22447765-3,Dew Point,CURRENT,°C,19.458950541691213
2026-09-04T02:35:00+00:00,22447766-1,Temperature,CURRENT,°C,20.310561523437492
2026-09-04T02:35:00+00:00,22447766-2,RH,CURRENT,%,94.83939879453727
2026-09-04T02:35:00+00:00,22447766-3,Dew Point,CURRENT,°C,19.481499652654787
2026-09-04T02:40:00+00:00,22411189-1,Temperature,CURRENT,°C,20.053159179687505
2026-09-04T02:40:00+00:00,22411189-2,RH,CURRENT,%,100
2026-09-04T02:40:00+00:00,22411189-3,Dew Point,CURRENT,°C,20.080242109455593
2026-09-04T02:40:00+00:00,22411190-1,Temperature,CURRENT,°C,20.13895996093749
2026-09-04T02:40:00+00:00,22411190-2,RH,CURRENT,%,98.23147936217289
2026-09-04T02:40:00+00:00,22411190-3,Dew Point,CURRENT,°C,19.877472197921808
2026-09-04T02:40:00+00:00,22411191-1,Temperature,CURRENT,°C,20.160410156250002
2026-09-04T02:40:00+00:00,22411191-2,RH,CURRENT,%,100
2026-09-04T02:40:00+00:00,22411191-3,Dew Point,CURRENT,°C,20.187664017641136
2026-09-04T02:40:00+00:00,22411525-1,Temperature,CURRENT,°C,20.117509765624995
2026-09-04T02:40:00+00:00,22411525-2,RH,CURRENT,%,98.41153582055391
2026-09-04T02:40:00+00:00,22411525-3,Dew Point,CURRENT,°C,19.88563171324561
2026-09-04T02:40:00+00:00,22411526-1,Temperature,CURRENT,°C,20.074609375
2026-09-04T02:40:00+00:00,22411526-2,RH,CURRENT,%,98.93644617380026
2026-09-04T02:40:00+00:00,22411526-3,Dew Point,CURRENT,°C,19.928730496362935
2026-09-04T02:40:00+00:00,22411527-1,Temperature,CURRENT,°C,20.117509765624995
2026-09-04T02:40:00+00:00,22411527-2,RH,CURRENT,%,98.57175555046922
2026-09-04T02:40:00+00:00,22411527-3,Dew Point,CURRENT,°C,19.91192718580075
2026-09-04T02:40:00+00:00,22411528-1,Temperature,CURRENT,°C,20.13895996093749
2026-09-04T02:40:00+00:00,22411528-2,RH,CURRENT,%,100
2026-09-04T02:40:00+00:00,22411528-3,Dew Point,CURRENT,°C,20.166179636474123
2026-09-04T02:40:00+00:00,22411529-1,Temperature,CURRENT,°C,20.074609375
2026-09-04T02:40:00+00:00,22411529-2,RH,CURRENT,%,100
2026-09-04T02:40:00+00:00,22411529-3,Dew Point,CURRENT,°C,20.101726491562797
2026-09-04T02:40:00+00:00,22411530-1,Temperature,CURRENT,°C,20.160410156250002
2026-09-04T02:40:00+00:00,22411530-2,RH,CURRENT,%,98.10482948043031
2026-09-04T02:40:00+00:00,22411530-3,Dew Point,CURRENT,°C,19.878055724634653
2026-09-04T02:40:00+00:00,22411541-S,Battery,CURRENT,V,8.283547851562501
2026-09-04T02:40:00+00:00,22447758-1,Temperature,CURRENT,°C,20.22476074218749
2026-09-04T02:40:00+00:00,22447758-2,RH,CURRENT,%,95.73662928206302
2026-09-04T02:40:00+00:00,22447758-3,Dew Point,CURRENT,°C,19.547834188525815
2026-09-04T02:40:00+00:00,22447759-1,Temperature,CURRENT,°C,20.074609375
2026-09-04T02:40:00+00:00,22447759-2,RH,CURRENT,%,96.71625848783093
2026-09-04T02:40:00+00:00,22447759-3,Dew Point,CURRENT,°C,19.56229327287737
2026-09-04T02:40:00+00:00,22447760-1,Temperature,CURRENT,°C,20.246210937500003
2026-09-04T02:40:00+00:00,22447760-2,RH,CURRENT,%,96.19439993896391
2026-09-04T02:40:00+00:00,22447760-3,Dew Point,CURRENT,°C,19.646134945667384
2026-09-04T02:40:00+00:00,22447761-1,Temperature,CURRENT,°C,20.22476074218749
2026-09-04T02:40:00+00:00,22447761-2,RH,CURRENT,%,95.49095902952621
2026-09-04T02:40:00+00:00,22447761-3,Dew Point,CURRENT,°C,19.50642063721663
2026-09-04T02:40:00+00:00,22447762-1,Temperature,CURRENT,°C,20.096059570312498
2026-09-04T02:40:00+00:00,22447762-2,RH,CURRENT,%,95.83733882658122
2026-09-04T02:40:00+00:00,22447762-3,Dew Point,CURRENT,°C,19.4365639029996
2026-09-04T02:40:00+00:00,22447764-1,Temperature,CURRENT,°C,20.22476074218749
2026-09-04T02:40:00+00:00,22447764-2,RH,CURRENT,%,96.37445639734493
2026-09-04T02:40:00+00:00,22447764-3,Dew Point,CURRENT,°C,19.654922737072763
2026-09-04T02:40:00+00:00,22447765-1,Temperature,CURRENT,°C,20.22476074218749
2026-09-04T02:40:00+00:00,22447765-2,RH,CURRENT,%,95.50316624704357
2026-09-04T02:40:00+00:00,22447765-3,Dew Point,CURRENT,°C,19.508480652498978
2026-09-04T02:40:00+00:00,22447766-1,Temperature,CURRENT,°C,20.096059570312498
2026-09-04T02:40:00+00:00,22447766-2,RH,CURRENT,%,96.65674830243381
2026-09-04T02:40:00+00:00,22447766-3,Dew Point,CURRENT,°C,19.57376330696748
2026-09-04T02:45:00+00:00,22411189-1,Temperature,CURRENT,°C,19.709956054687503
2026-09-04T02:45:00+00:00,22411189-2,RH,CURRENT,%,100
2026-09-04T02:45:00+00:00,22411189-3,Dew Point,CURRENT,°C,19.73649196377313
2026-09-04T02:45:00+00:00,22411190-1,Temperature,CURRENT,°C,19.774306640624992
2026-09-04T02:45:00+00:00,22411190-2,RH,CURRENT,%,98.3871213855192
2026-09-04T02:45:00+00:00,22411190-3,Dew Point,CURRENT,°C,19.538571981373632
2026-09-04T02:45:00+00:00,22411191-1,Temperature,CURRENT,°C,19.752856445312496
2026-09-04T02:45:00+00:00,22411191-2,RH,CURRENT,%,100
2026-09-04T02:45:00+00:00,22411191-3,Dew Point,CURRENT,°C,19.779460735274153
2026-09-04T02:45:00+00:00,22411525-1,Temperature,CURRENT,°C,19.709956054687503
2026-09-04T02:45:00+00:00,22411525-2,RH,CURRENT,%,99.0554665445945
2026-09-04T02:45:00+00:00,22411525-3,Dew Point,CURRENT,°C,19.583370878112834
2026-09-04T02:45:00+00:00,22411526-1,Temperature,CURRENT,°C,19.774306640624992
2026-09-04T02:45:00+00:00,22411526-2,RH,CURRENT,%,99.09666590371558
2026-09-04T02:45:00+00:00,22411526-3,Dew Point,CURRENT,°C,19.654456262529504
2026-09-04T02:45:00+00:00,22411527-1,Temperature,CURRENT,°C,19.73140625
2026-09-04T02:45:00+00:00,22411527-2,RH,CURRENT,%,99.24010070954452
2026-09-04T02:45:00+00:00,22411527-3,Dew Point,CURRENT,°C,19.634866428134877
2026-09-04T02:45:00+00:00,22411528-1,Temperature,CURRENT,°C,19.81720703125
2026-09-04T02:45:00+00:00,22411528-2,RH,CURRENT,%,100
2026-09-04T02:45:00+00:00,22411528-3,Dew Point,CURRENT,°C,19.843913890762824
2026-09-04T02:45:00+00:00,22411529-1,Temperature,CURRENT,°C,19.774306640624992
2026-09-04T02:45:00+00:00,22411529-2,RH,CURRENT,%,100
2026-09-04T02:45:00+00:00,22411529-3,Dew Point,CURRENT,°C,19.800945120672086
2026-09-04T02:45:00+00:00,22411530-1,Temperature,CURRENT,°C,19.774306640624992
2026-09-04T02:45:00+00:00,22411530-2,RH,CURRENT,%,98.49393453879607
2026-09-04T02:45:00+00:00,22411530-3,Dew Point,CURRENT,°C,19.556063569268833
2026-09-04T02:45:00+00:00,22411541-S,Battery,CURRENT,V,8.280317138671876
2026-09-04T02:45:00+00:00,22447758-1,Temperature,CURRENT,°C,19.81720703125
2026-09-04T02:45:00+00:00,22447758-2,RH,CURRENT,%,96.25085831998169
2026-09-04T02:45:00+00:00,22447758-3,Dew Point,CURRENT,°C,19.227968115724412
2026-09-04T02:45:00+00:00,22447759-1,Temperature,CURRENT,°C,19.709956054687503
2026-09-04T02:45:00+00:00,22447759-2,RH,CURRENT,%,97.0794232089723
2026-09-04T02:45:00+00:00,22447759-3,Dew Point,CURRENT,°C,19.258853256553035
2026-09-04T02:45:00+00:00,22447760-1,Temperature,CURRENT,°C,19.838657226562496
2026-09-04T02:45:00+00:00,22447760-2,RH,CURRENT,%,96.57587548638132
2026-09-04T02:45:00+00:00,22447760-3,Dew Point,CURRENT,°C,19.30357900942485
2026-09-04T02:45:00+00:00,22447761-1,Temperature,CURRENT,°C,19.81720703125
2026-09-04T02:45:00+00:00,22447761-2,RH,CURRENT,%,95.77019913023575
2026-09-04T02:45:00+00:00,22447761-3,Dew Point,CURRENT,°C,19.14748909470931
2026-09-04T02:45:00+00:00,22447762-1,Temperature,CURRENT,°C,19.709956054687503
2026-09-04T02:45:00+00:00,22447762-2,RH,CURRENT,%,96.24933241779202
2026-09-04T02:45:00+00:00,22447762-3,Dew Point,CURRENT,°C,19.12080457134465
2026-09-04T02:45:00+00:00,22447764-1,Temperature,CURRENT,°C,19.838657226562496
2026-09-04T02:45:00+00:00,22447764-2,RH,CURRENT,%,96.91920347905699
2026-09-04T02:45:00+00:00,22447764-3,Dew Point,CURRENT,°C,19.360690206626305
2026-09-04T02:45:00+00:00,22447765-1,Temperature,CURRENT,°C,19.838657226562496
2026-09-04T02:45:00+00:00,22447765-2,RH,CURRENT,%,95.80071717402915
2026-09-04T02:45:00+00:00,22447765-3,Dew Point,CURRENT,°C,19.173978564622715
2026-09-04T02:45:00+00:00,22447766-1,Temperature,CURRENT,°C,19.752856445312496
2026-09-04T02:45:00+00:00,22447766-2,RH,CURRENT,%,97.31136034180209
2026-09-04T02:45:00+00:00,22447766-3,Dew Point,CURRENT,°C,19.340063338432014
2026-09-04T02:50:00+00:00,22411189-1,Temperature,CURRENT,°C,19.474003906249997
2026-09-04T02:50:00+00:00,22411189-2,RH,CURRENT,%,100
2026-09-04T02:50:00+00:00,22411189-3,Dew Point,CURRENT,°C,19.500163703711227
2026-09-04T02:50:00+00:00,22411190-1,Temperature,CURRENT,°C,19.495454101562494
2026-09-04T02:50:00+00:00,22411190-2,RH,CURRENT,%,98.75486381322958
2026-09-04T02:50:00+00:00,22411190-3,Dew Point,CURRENT,°C,19.319864589644954
2026-09-04T02:50:00+00:00,22411191-1,Temperature,CURRENT,°C,19.516904296875005
2026-09-04T02:50:00+00:00,22411191-2,RH,CURRENT,%,100
2026-09-04T02:50:00+00:00,22411191-3,Dew Point,CURRENT,°C,19.543132480383413
2026-09-04T02:50:00+00:00,22411525-1,Temperature,CURRENT,°C,19.474003906249997
2026-09-04T02:50:00+00:00,22411525-2,RH,CURRENT,%,99.53612573434043
2026-09-04T02:50:00+00:00,22411525-3,Dew Point,CURRENT,°C,19.42526019025156
2026-09-04T02:50:00+00:00,22411526-1,Temperature,CURRENT,°C,19.5383544921875
2026-09-04T02:50:00+00:00,22411526-2,RH,CURRENT,%,99.30876630807965
2026-09-04T02:50:00+00:00,22411526-3,Dew Point,CURRENT,°C,19.45283321759918
2026-09-04T02:50:00+00:00,22411527-1,Temperature,CURRENT,°C,19.495454101562494
2026-09-04T02:50:00+00:00,22411527-2,RH,CURRENT,%,99.5727473868925
2026-09-04T02:50:00+00:00,22411527-3,Dew Point,CURRENT,°C,19.452657580413735
2026-09-04T02:50:00+00:00,22411528-1,Temperature,CURRENT,°C,19.559804687499998
2026-09-04T02:50:00+00:00,22411528-2,RH,CURRENT,%,100
2026-09-04T02:50:00+00:00,22411528-3,Dew Point,CURRENT,°C,19.586101256115374
2026-09-04T02:50:00+00:00,22411529-1,Temperature,CURRENT,°C,19.559804687499998
2026-09-04T02:50:00+00:00,22411529-2,RH,CURRENT,%,100
2026-09-04T02:50:00+00:00,22411529-3,Dew Point,CURRENT,°C,19.586101256115374
2026-09-04T02:50:00+00:00,22411530-1,Temperature,CURRENT,°C,19.5383544921875
2026-09-04T02:50:00+00:00,22411530-2,RH,CURRENT,%,98.9242389562829
2026-09-04T02:50:00+00:00,22411530-3,Dew Point,CURRENT,°C,19.39035399885019
2026-09-04T02:50:00+00:00,22411541-S,Battery,CURRENT,V,8.273855712890626
2026-09-04T02:50:00+00:00,22447758-1,Temperature,CURRENT,°C,19.559804687499998
2026-09-04T02:50:00+00:00,22447758-2,RH,CURRENT,%,96.53925383382925
2026-09-04T02:50:00+00:00,22447758-3,Dew Point,CURRENT,°C,19.01940930596844
2026-09-04T02:50:00+00:00,22447759-1,Temperature,CURRENT,°C,19.4525537109375
2026-09-04T02:50:00+00:00,22447759-2,RH,CURRENT,%,97.49904631113145
2026-09-04T02:50:00+00:00,22447759-3,Dew Point,CURRENT,°C,19.071250352711765
2026-09-04T02:50:00+00:00,22447760-1,Temperature,CURRENT,°C,19.60270507812499
2026-09-04T02:50:00+00:00,22447760-2,RH,CURRENT,%,96.75745784695201
2026-09-04T02:50:00+00:00,22447760-3,Dew Point,CURRENT,°C,19.098452396363577
2026-09-04T02:50:00+00:00,22447761-1,Temperature,CURRENT,°C,19.559804687499998
2026-09-04T02:50:00+00:00,22447761-2,RH,CURRENT,%,96.04028381780728
2026-09-04T02:50:00+00:00,22447761-3,Dew Point,CURRENT,°C,18.93624276245538
2026-09-04T02:50:00+00:00,22447762-1,Temperature,CURRENT,°C,19.474003906249997
2026-09-04T02:50:00+00:00,22447762-2,RH,CURRENT,%,96.40955214770733
2026-09-04T02:50:00+00:00,22447762-3,Dew Point,CURRENT,°C,18.91228225008424
2026-09-04T02:50:00+00:00,22447764-1,Temperature,CURRENT,°C,19.60270507812499
2026-09-04T02:50:00+00:00,22447764-2,RH,CURRENT,%,97.31288624399176
2026-09-04T02:50:00+00:00,22447764-3,Dew Point,CURRENT,°C,19.190437416550278
2026-09-04T02:50:00+00:00,22447765-1,Temperature,CURRENT,°C,19.64560546875
2026-09-04T02:50:00+00:00,22447765-2,RH,CURRENT,%,95.90295262073701
2026-09-04T02:50:00+00:00,22447765-3,Dew Point,CURRENT,°C,18.998775148641165
2026-09-04T02:50:00+00:00,22447766-1,Temperature,CURRENT,°C,19.516904296875005
2026-09-04T02:50:00+00:00,22447766-2,RH,CURRENT,%,97.81490806439307
2026-09-04T02:50:00+00:00,22447766-3,Dew Point,CURRENT,°C,19.187483333093898
2026-09-04T02:55:00+00:00,22411189-1,Temperature,CURRENT,°C,19.409653320312493
2026-09-04T02:55:00+00:00,22411189-2,RH,CURRENT,%,100
2026-09-04T02:55:00+00:00,22411189-3,Dew Point,CURRENT,°C,19.435710536940082
2026-09-04T02:55:00+00:00,22411190-1,Temperature,CURRENT,°C,19.431103515625004
2026-09-04T02:55:00+00:00,22411190-2,RH,CURRENT,%,99.12413214312963
2026-09-04T02:55:00+00:00,22411190-3,Dew Point,CURRENT,°C,19.315556118664016
2026-09-04T02:55:00+00:00,22411191-1,Temperature,CURRENT,°C,19.4525537109375
2026-09-04T02:55:00+00:00,22411191-2,RH,CURRENT,%,100
2026-09-04T02:55:00+00:00,22411191-3,Dew Point,CURRENT,°C,19.47867931502258
2026-09-04T02:55:00+00:00,22411525-1,Temperature,CURRENT,°C,19.409653320312493
2026-09-04T02:55:00+00:00,22411525-2,RH,CURRENT,%,99.7283894102388
2026-09-04T02:55:00+00:00,22411525-3,Dew Point,CURRENT,°C,19.391911490814916
2026-09-04T02:55:00+00:00,22411526-1,Temperature,CURRENT,°C,19.4525537109375
2026-09-04T02:55:00+00:00,22411526-2,RH,CURRENT,%,99.56054016937514
2026-09-04T02:55:00+00:00,22411526-3,Dew Point,CURRENT,°C,19.407737548020283
2026-09-04T02:55:00+00:00,22411527-1,Temperature,CURRENT,°C,19.4525537109375
2026-09-04T02:55:00+00:00,22411527-2,RH,CURRENT,%,99.85656519417105
2026-09-04T02:55:00+00:00,22411527-3,Dew Point,CURRENT,°C,19.455554740291685
2026-09-04T02:55:00+00:00,22411528-1,Temperature,CURRENT,°C,19.516904296875005
2026-09-04T02:55:00+00:00,22411528-2,RH,CURRENT,%,100
2026-09-04T02:55:00+00:00,22411528-3,Dew Point,CURRENT,°C,19.543132480383413
2026-09-04T02:55:00+00:00,22411529-1,Temperature,CURRENT,°C,19.495454101562494
2026-09-04T02:55:00+00:00,22411529-2,RH,CURRENT,%,100
2026-09-04T02:55:00+00:00,22411529-3,Dew Point,CURRENT,°C,19.52164809216485
2026-09-04T02:55:00+00:00,22411530-1,Temperature,CURRENT,°C,19.474003906249997
2026-09-04T02:55:00+00:00,22411530-2,RH,CURRENT,%,99.20195315480278
2026-09-04T02:55:00+00:00,22411530-3,Dew Point,CURRENT,°C,19.371110643112
2026-09-04T02:55:00+00:00,22411541-S,Battery,CURRENT,V,8.273855712890626
2026-09-04T02:55:00+00:00,22447758-1,Temperature,CURRENT,°C,19.495454101562494
2026-09-04T02:55:00+00:00,22447758-2,RH,CURRENT,%,96.94972152285038
2026-09-04T02:55:00+00:00,22447758-3,Dew Point,CURRENT,°C,19.02333947789583
2026-09-04T02:55:00+00:00,22447759-1,Temperature,CURRENT,°C,19.388203124999997
2026-09-04T02:55:00+00:00,22447759-2,RH,CURRENT,%,97.92019531548027
2026-09-04T02:55:00+00:00,22447759-3,Dew Point,CURRENT,°C,19.076211127858357
2026-09-04T02:55:00+00:00,22447760-1,Temperature,CURRENT,°C,19.516904296875005
2026-09-04T02:55:00+00:00,22447760-2,RH,CURRENT,%,97.34035248340581
2026-09-04T02:55:00+00:00,22447760-3,Dew Point,CURRENT,°C,19.109326295065667
2026-09-04T02:55:00+00:00,22447761-1,Temperature,CURRENT,°C,19.474003906249997
2026-09-04T02:55:00+00:00,22447761-2,RH,CURRENT,%,96.57892729076066
2026-09-04T02:55:00+00:00,22447761-3,Dew Point,CURRENT,°C,18.940441923499307
2026-09-04T02:55:00+00:00,22447762-1,Temperature,CURRENT,°C,19.409653320312493
2026-09-04T02:55:00+00:00,22447762-2,RH,CURRENT,%,96.92683299000534
2026-09-04T02:55:00+00:00,22447762-3,Dew Point,CURRENT,°C,18.93394630456508
2026-09-04T02:55:00+00:00,22447764-1,Temperature,CURRENT,°C,19.516904296875005
2026-09-04T02:55:00+00:00,22447764-2,RH,CURRENT,%,97.56771190966658
2026-09-04T02:55:00+00:00,22447764-3,Dew Point,CURRENT,°C,19.14681280454699
2026-09-04T02:55:00+00:00,22447765-1,Temperature,CURRENT,°C,19.5383544921875
2026-09-04T02:55:00+00:00,22447765-2,RH,CURRENT,%,96.38361181048295
2026-09-04T02:55:00+00:00,22447765-3,Dew Point,CURRENT,°C,18.972122350721254
2026-09-04T02:55:00+00:00,22447766-1,Temperature,CURRENT,°C,19.431103515625004
2026-09-04T02:55:00+00:00,22447766-2,RH,CURRENT,%,98.0804150453956
2026-09-04T02:55:00+00:00,22447766-3,Dew Point,CURRENT,°C,19.145337248972773
2026-09-04T03:00:00+00:00,22411189-1,Temperature,CURRENT,°C,19.4525537109375
2026-09-04T03:00:00+00:00,22411189-2,RH,CURRENT,%,100
2026-09-04T03:00:00+00:00,22411189-3,Dew Point,CURRENT,°C,19.47867931502258
2026-09-04T03:00:00+00:00,22411190-1,Temperature,CURRENT,°C,19.4525537109375
2026-09-04T03:00:00+00:00,22411190-2,RH,CURRENT,%,99.28892957961395
2026-09-04T03:00:00+00:00,22411190-3,Dew Point,CURRENT,°C,19.363754512186407
2026-09-04T03:00:00+00:00,22411191-1,Temperature,CURRENT,°C,19.474003906249997
2026-09-04T03:00:00+00:00,22411191-2,RH,CURRENT,%,100
2026-09-04T03:00:00+00:00,22411191-3,Dew Point,CURRENT,°C,19.500163703711227
2026-09-04T03:00:00+00:00,22411525-1,Temperature,CURRENT,°C,19.431103515625004
2026-09-04T03:00:00+00:00,22411525-2,RH,CURRENT,%,99.65667200732433
2026-09-04T03:00:00+00:00,22411525-3,Dew Point,CURRENT,°C,19.40180429711118
2026-09-04T03:00:00+00:00,22411526-1,Temperature,CURRENT,°C,19.474003906249997
2026-09-04T03:00:00+00:00,22411526-2,RH,CURRENT,%,99.7283894102388
2026-09-04T03:00:00+00:00,22411526-3,Dew Point,CURRENT,°C,19.456342699527628
2026-09-04T03:00:00+00:00,22411527-1,Temperature,CURRENT,°C,19.474003906249997
2026-09-04T03:00:00+00:00,22411527-2,RH,CURRENT,%,99.86724650949874
2026-09-04T03:00:00+00:00,22411527-3,Dew Point,CURRENT,°C,19.4787585969887
2026-09-04T03:00:00+00:00,22411528-1,Temperature,CURRENT,°C,19.5383544921875
2026-09-04T03:00:00+00:00,22411528-2,RH,CURRENT,%,100
2026-09-04T03:00:00+00:00,22411528-3,Dew Point,CURRENT,°C,19.564616868366922
2026-09-04T03:00:00+00:00,22411529-1,Temperature,CURRENT,°C,19.516904296875005
2026-09-04T03:00:00+00:00,22411529-2,RH,CURRENT,%,100
2026-09-04T03:00:00+00:00,22411529-3,Dew Point,CURRENT,°C,19.543132480383413
2026-09-04T03:00:00+00:00,22411530-1,Temperature,CURRENT,°C,19.516904296875005
2026-09-04T03:00:00+00:00,22411530-2,RH,CURRENT,%,99.27214465552758
2026-09-04T03:00:00+00:00,22411530-3,Dew Point,CURRENT,°C,19.425427211088238
2026-09-04T03:00:00+00:00,22411541-S,Battery,CURRENT,V,8.273855712890626
2026-09-04T03:00:00+00:00,22447758-1,Temperature,CURRENT,°C,19.516904296875005
2026-09-04T03:00:00+00:00,22447758-2,RH,CURRENT,%,97.19386587319752
2026-09-04T03:00:00+00:00,22447758-3,Dew Point,CURRENT,°C,19.085133315817504
2026-09-04T03:00:00+00:00,22447759-1,Temperature,CURRENT,°C,19.431103515625004
2026-09-04T03:00:00+00:00,22447759-2,RH,CURRENT,%,98.02548256656749
2026-09-04T03:00:00+00:00,22447759-3,Dew Point,CURRENT,°C,19.136334536482956
2026-09-04T03:00:00+00:00,22447760-1,Temperature,CURRENT,°C,19.559804687499998
2026-09-04T03:00:00+00:00,22447760-2,RH,CURRENT,%,97.40444037537193
2026-09-04T03:00:00+00:00,22447760-3,Dew Point,CURRENT,°C,19.16272819929971
2026-09-04T03:00:00+00:00,22447761-1,Temperature,CURRENT,°C,19.495454101562494
2026-09-04T03:00:00+00:00,22447761-2,RH,CURRENT,%,96.62928206301976
2026-09-04T03:00:00+00:00,22447761-3,Dew Point,CURRENT,°C,18.970197757000296
2026-09-04T03:00:00+00:00,22447762-1,Temperature,CURRENT,°C,19.4525537109375
2026-09-04T03:00:00+00:00,22447762-2,RH,CURRENT,%,97.0244907301442
2026-09-04T03:00:00+00:00,22447762-3,Dew Point,CURRENT,°C,18.992910502458628
2026-09-04T03:00:00+00:00,22447764-1,Temperature,CURRENT,°C,19.559804687499998
2026-09-04T03:00:00+00:00,22447764-2,RH,CURRENT,%,97.52803845273517
2026-09-04T03:00:00+00:00,22447764-3,Dew Point,CURRENT,°C,19.183111330006714
2026-09-04T03:00:00+00:00,22447765-1,Temperature,CURRENT,°C,19.581254882812495
2026-09-04T03:00:00+00:00,22447765-2,RH,CURRENT,%,96.47821774624246
2026-09-04T03:00:00+00:00,22447765-3,Dew Point,CURRENT,°C,19.03064439898926
2026-09-04T03:00:00+00:00,22447766-1,Temperature,CURRENT,°C,19.4525537109375
2026-09-04T03:00:00+00:00,22447766-2,RH,CURRENT,%,98.02700846875716
2026-09-04T03:00:00+00:00,22447766-3,Dew Point,CURRENT,°C,19.15801552026458
2026-09-04T03:05:00+00:00,22411189-1,Temperature,CURRENT,°C,19.474003906249997
2026-09-04T03:05:00+00:00,22411189-2,RH,CURRENT,%,100
2026-09-04T03:05:00+00:00,22411189-3,Dew Point,CURRENT,°C,19.500163703711227
2026-09-04T03:05:00+00:00,22411190-1,Temperature,CURRENT,°C,19.474003906249997
2026-09-04T03:05:00+00:00,22411190-2,RH,CURRENT,%,99.32249942778668
2026-09-04T03:05:00+00:00,22411190-3,Dew Point,CURRENT,°C,19.39066241351868
2026-09-04T03:05:00+00:00,22411191-1,Temperature,CURRENT,°C,19.516904296875005
2026-09-04T03:05:00+00:00,22411191-2,RH,CURRENT,%,100
2026-09-04T03:05:00+00:00,22411191-3,Dew Point,CURRENT,°C,19.543132480383413
2026-09-04T03:05:00+00:00,22411525-1,Temperature,CURRENT,°C,19.474003906249997
2026-09-04T03:05:00+00:00,22411525-2,RH,CURRENT,%,99.09208819714657
2026-09-04T03:05:00+00:00,22411525-3,Dew Point,CURRENT,°C,19.353273197449994
2026-09-04T03:05:00+00:00,22411526-1,Temperature,CURRENT,°C,19.474003906249997
2026-09-04T03:05:00+00:00,22411526-2,RH,CURRENT,%,99.87029831387808
2026-09-04T03:05:00+00:00,22411526-3,Dew Point,CURRENT,°C,19.479250947831083
2026-09-04T03:05:00+00:00,22411527-1,Temperature,CURRENT,°C,19.516904296875005
2026-09-04T03:05:00+00:00,22411527-2,RH,CURRENT,%,99.8992904554818
2026-09-04T03:05:00+00:00,22411527-3,Dew Point,CURRENT,°C,19.526890976070966
2026-09-04T03:05:00+00:00,22411528-1,Temperature,CURRENT,°C,19.559804687499998
2026-09-04T03:05:00+00:00,22411528-2,RH,CURRENT,%,100
2026-09-04T03:05:00+00:00,22411528-3,Dew Point,CURRENT,°C,19.586101256115374
2026-09-04T03:05:00+00:00,22411529-1,Temperature,CURRENT,°C,19.559804687499998
2026-09-04T03:05:00+00:00,22411529-2,RH,CURRENT,%,100
2026-09-04T03:05:00+00:00,22411529-3,Dew Point,CURRENT,°C,19.586101256115374
2026-09-04T03:05:00+00:00,22411530-1,Temperature,CURRENT,°C,19.559804687499998
2026-09-04T03:05:00+00:00,22411530-2,RH,CURRENT,%,99.39116502632181
2026-09-04T03:05:00+00:00,22411530-3,Dew Point,CURRENT,°C,19.48766203582231
2026-09-04T03:05:00+00:00,22411541-S,Battery,CURRENT,V,8.270625
2026-09-04T03:05:00+00:00,22447758-1,Temperature,CURRENT,°C,19.559804687499998
2026-09-04T03:05:00+00:00,22447758-2,RH,CURRENT,%,97.16945143816281
2026-09-04T03:05:00+00:00,22447758-3,Dew Point,CURRENT,°C,19.12391260057974
2026-09-04T03:05:00+00:00,22447759-1,Temperature,CURRENT,°C,19.4525537109375
2026-09-04T03:05:00+00:00,22447759-2,RH,CURRENT,%,98.0804150453956
2026-09-04T03:05:00+00:00,22447759-3,Dew Point,CURRENT,°C,19.16676955855879
2026-09-04T03:05:00+00:00,22447760-1,Temperature,CURRENT,°C,19.581254882812495
2026-09-04T03:05:00+00:00,22447760-2,RH,CURRENT,%,97.4715800717174
2026-09-04T03:05:00+00:00,22447760-3,Dew Point,CURRENT,°C,19.195218905528296
2026-09-04T03:05:00+00:00,22447761-1,Temperature,CURRENT,°C,19.5383544921875
2026-09-04T03:05:00+00:00,22447761-2,RH,CURRENT,%,96.78644998855573
2026-09-04T03:05:00+00:00,22447761-3,Dew Point,CURRENT,°C,19.039075157158315
2026-09-04T03:05:00+00:00,22447762-1,Temperature,CURRENT,°C,19.474003906249997
2026-09-04T03:05:00+00:00,22447762-2,RH,CURRENT,%,97.09773403524834
2026-09-04T03:05:00+00:00,22447762-3,Dew Point,CURRENT,°C,19.026428709016937
2026-09-04T03:05:00+00:00,22447764-1,Temperature,CURRENT,°C,19.581254882812495
2026-09-04T03:05:00+00:00,22447764-2,RH,CURRENT,%,97.43953612573434
2026-09-04T03:05:00+00:00,22447764-3,Dew Point,CURRENT,°C,19.189933002746734
2026-09-04T03:05:00+00:00,22447765-1,Temperature,CURRENT,°C,19.60270507812499
2026-09-04T03:05:00+00:00,22447765-2,RH,CURRENT,%,96.53315022507057
2026-09-04T03:05:00+00:00,22447765-3,Dew Point,CURRENT,°C,19.061173597937458
2026-09-04T03:05:00+00:00,22447766-1,Temperature,CURRENT,°C,19.474003906249997
2026-09-04T03:05:00+00:00,22447766-2,RH,CURRENT,%,98.09109636072328
2026-09-04T03:05:00+00:00,22447766-3,Dew Point,CURRENT,°C,19.18995246288012
2026-09-04T03:10:00+00:00,22411189-1,Temperature,CURRENT,°C,19.495454101562494
2026-09-04T03:10:00+00:00,22411189-2,RH,CURRENT,%,100
2026-09-04T03:10:00+00:00,22411189-3,Dew Point,CURRENT,°C,19.52164809216485
2026-09-04T03:10:00+00:00,22411190-1,Temperature,CURRENT,°C,19.495454101562494
2026-09-04T03:10:00+00:00,22411190-2,RH,CURRENT,%,99.37590600442512
2026-09-04T03:10:00+00:00,22411190-3,Dew Point,CURRENT,°C,19.420785499056002
2026-09-04T03:10:00+00:00,22411191-1,Temperature,CURRENT,°C,19.559804687499998
2026-09-04T03:10:00+00:00,22411191-2,RH,CURRENT,%,100
2026-09-04T03:10:00+00:00,22411191-3,Dew Point,CURRENT,°C,19.586101256115374
2026-09-04T03:10:00+00:00,22411525-1,Temperature,CURRENT,°C,19.516904296875005
2026-09-04T03:10:00+00:00,22411525-2,RH,CURRENT,%,99.38048371099413
2026-09-04T03:10:00+00:00,22411525-3,Dew Point,CURRENT,°C,19.4429950028332
2026-09-04T03:10:00+00:00,22411526-1,Temperature,CURRENT,°C,19.516904296875005
2026-09-04T03:10:00+00:00,22411526-2,RH,CURRENT,%,99.97100785839628
2026-09-04T03:10:00+00:00,22411526-3,Dew Point,CURRENT,°C,19.538458362834625
2026-09-04T03:10:00+00:00,22411527-1,Temperature,CURRENT,°C,19.559804687499998
2026-09-04T03:10:00+00:00,22411527-2,RH,CURRENT,%,100
2026-09-04T03:10:00+00:00,22411527-3,Dew Point,CURRENT,°C,19.586101256115374
2026-09-04T03:10:00+00:00,22411528-1,Temperature,CURRENT,°C,19.581254882812495
2026-09-04T03:10:00+00:00,22411528-2,RH,CURRENT,%,100
2026-09-04T03:10:00+00:00,22411528-3,Dew Point,CURRENT,°C,19.60758564362878
2026-09-04T03:10:00+00:00,22411529-1,Temperature,CURRENT,°C,19.581254882812495
2026-09-04T03:10:00+00:00,22411529-2,RH,CURRENT,%,100
2026-09-04T03:10:00+00:00,22411529-3,Dew Point,CURRENT,°C,19.60758564362878
2026-09-04T03:10:00+00:00,22411530-1,Temperature,CURRENT,°C,19.581254882812495
2026-09-04T03:10:00+00:00,22411530-2,RH,CURRENT,%,99.49645227740902
2026-09-04T03:10:00+00:00,22411530-3,Dew Point,CURRENT,°C,19.526193808477085
2026-09-04T03:10:00+00:00,22411541-S,Battery,CURRENT,V,8.273855712890626
2026-09-04T03:10:00+00:00,22447758-1,Temperature,CURRENT,°C,19.559804687499998
2026-09-04T03:10:00+00:00,22447758-2,RH,CURRENT,%,97.25337605859464
2026-09-04T03:10:00+00:00,22447758-3,Dew Point,CURRENT,°C,19.137784732467168
2026-09-04T03:10:00+00:00,22447759-1,Temperature,CURRENT,°C,19.495454101562494
2026-09-04T03:10:00+00:00,22447759-2,RH,CURRENT,%,98.1307698176547
2026-09-04T03:10:00+00:00,22447759-3,Dew Point,CURRENT,°C,19.217886906511225
2026-09-04T03:10:00+00:00,22447760-1,Temperature,CURRENT,°C,19.60270507812499
2026-09-04T03:10:00+00:00,22447760-2,RH,CURRENT,%,97.5921263447013
2026-09-04T03:10:00+00:00,22447760-3,Dew Point,CURRENT,°C,19.236509251554942
2026-09-04T03:10:00+00:00,22447761-1,Temperature,CURRENT,°C,19.559804687499998
2026-09-04T03:10:00+00:00,22447761-2,RH,CURRENT,%,96.94056610971236
2026-09-04T03:10:00+00:00,22447761-3,Dew Point,CURRENT,°C,19.086026166566533
2026-09-04T03:10:00+00:00,22447762-1,Temperature,CURRENT,°C,19.516904296875005
2026-09-04T03:10:00+00:00,22447762-2,RH,CURRENT,%,97.13740749217975
2026-09-04T03:10:00+00:00,22447762-3,Dew Point,CURRENT,°C,19.075800420768186
2026-09-04T03:10:00+00:00,22447764-1,Temperature,CURRENT,°C,19.60270507812499
2026-09-04T03:10:00+00:00,22447764-2,RH,CURRENT,%,97.79659723811703
2026-09-04T03:10:00+00:00,22447764-3,Dew Point,CURRENT,°C,19.27017182931413
2026-09-04T03:10:00+00:00,22447765-1,Temperature,CURRENT,°C,19.624155273437502
2026-09-04T03:10:00+00:00,22447765-2,RH,CURRENT,%,96.90394445716029
2026-09-04T03:10:00+00:00,22447765-3,Dew Point,CURRENT,°C,19.14415686556155
2026-09-04T03:10:00+00:00,22447766-1,Temperature,CURRENT,°C,19.5383544921875
2026-09-04T03:10:00+00:00,22447766-2,RH,CURRENT,%,98.28336003662166
2026-09-04T03:10:00+00:00,22447766-3,Dew Point,CURRENT,°C,19.2857482942074
2026-09-04T03:15:00+00:00,22411189-1,Temperature,CURRENT,°C,19.516904296875005
2026-09-04T03:15:00+00:00,22411189-2,RH,CURRENT,%,100
2026-09-04T03:15:00+00:00,22411189-3,Dew Point,CURRENT,°C,19.543132480383413
2026-09-04T03:15:00+00:00,22411190-1,Temperature,CURRENT,°C,19.495454101562494
2026-09-04T03:15:00+00:00,22411190-2,RH,CURRENT,%,99.51018539711605
2026-09-04T03:15:00+00:00,22411190-3,Dew Point,CURRENT,°C,19.442533673321993
2026-09-04T03:15:00+00:00,22411191-1,Temperature,CURRENT,°C,19.559804687499998
2026-09-04T03:15:00+00:00,22411191-2,RH,CURRENT,%,100
2026-09-04T03:15:00+00:00,22411191-3,Dew Point,CURRENT,°C,19.586101256115374
2026-09-04T03:15:00+00:00,22411525-1,Temperature,CURRENT,°C,19.516904296875005
2026-09-04T03:15:00+00:00,22411525-2,RH,CURRENT,%,99.52849622339208
2026-09-04T03:15:00+00:00,22411525-3,Dew Point,CURRENT,°C,19.46696901285387
2026-09-04T03:15:00+00:00,22411526-1,Temperature,CURRENT,°C,19.5383544921875
2026-09-04T03:15:00+00:00,22411526-2,RH,CURRENT,%,100
2026-09-04T03:15:00+00:00,22411526-3,Dew Point,CURRENT,°C,19.564616868366922
2026-09-04T03:15:00+00:00,22411527-1,Temperature,CURRENT,°C,19.559804687499998
2026-09-04T03:15:00+00:00,22411527-2,RH,CURRENT,%,100
2026-09-04T03:15:00+00:00,22411527-3,Dew Point,CURRENT,°C,19.586101256115374
2026-09-04T03:15:00+00:00,22411528-1,Temperature,CURRENT,°C,19.60270507812499
2026-09-04T03:15:00+00:00,22411528-2,RH,CURRENT,%,100
2026-09-04T03:15:00+00:00,22411528-3,Dew Point,CURRENT,°C,19.629070030907126
2026-09-04T03:15:00+00:00,22411529-1,Temperature,CURRENT,°C,19.60270507812499
2026-09-04T03:15:00+00:00,22411529-2,RH,CURRENT,%,100
2026-09-04T03:15:00+00:00,22411529-3,Dew Point,CURRENT,°C,19.629070030907126
2026-09-04T03:15:00+00:00,22411530-1,Temperature,CURRENT,°C,19.581254882812495
2026-09-04T03:15:00+00:00,22411530-2,RH,CURRENT,%,99.64141298542764
2026-09-04T03:15:00+00:00,22411530-3,Dew Point,CURRENT,°C,19.5496616535565
2026-09-04T03:15:00+00:00,22411541-S,Battery,CURRENT,V,8.267394287109376
2026-09-04T03:15:00+00:00,22447758-1,Temperature,CURRENT,°C,19.559804687499998
2026-09-04T03:15:00+00:00,22447758-2,RH,CURRENT,%,97.61043717097733
2026-09-04T03:15:00+00:00,22447758-3,Dew Point,CURRENT,°C,19.196687532556915
2026-09-04T03:15:00+00:00,22447759-1,Temperature,CURRENT,°C,19.495454101562494
2026-09-04T03:15:00+00:00,22447759-2,RH,CURRENT,%,98.1811245899138
2026-09-04T03:15:00+00:00,22447759-3,Dew Point,CURRENT,°C,19.226135945118838
2026-09-04T03:15:00+00:00,22447760-1,Temperature,CURRENT,°C,19.581254882812495
2026-09-04T03:15:00+00:00,22447760-2,RH,CURRENT,%,97.86068513008316
2026-09-04T03:15:00+00:00,22447760-3,Dew Point,CURRENT,°C,19.259283853443016
2026-09-04T03:15:00+00:00,22447761-1,Temperature,CURRENT,°C,19.5383544921875
2026-09-04T03:15:00+00:00,22447761-2,RH,CURRENT,%,97.13893339436942
2026-09-04T03:15:00+00:00,22447761-3,Dew Point,CURRENT,°C,19.09745916016025
2026-09-04T03:15:00+00:00,22447762-1,Temperature,CURRENT,°C,19.495454101562494
2026-09-04T03:15:00+00:00,22447762-2,RH,CURRENT,%,97.34035248340581
2026-09-04T03:15:00+00:00,22447762-3,Dew Point,CURRENT,°C,19.087914303835934
2026-09-04T03:15:00+00:00,22447764-1,Temperature,CURRENT,°C,19.559804687499998
2026-09-04T03:15:00+00:00,22447764-2,RH,CURRENT,%,98.00717174029145
2026-09-04T03:15:00+00:00,22447764-3,Dew Point,CURRENT,°C,19.26191441701188
2026-09-04T03:15:00+00:00,22447765-1,Temperature,CURRENT,°C,19.559804687499998
2026-09-04T03:15:00+00:00,22447765-2,RH,CURRENT,%,97.25795376516365
2026-09-04T03:15:00+00:00,22447765-3,Dew Point,CURRENT,°C,19.138541092959095
2026-09-04T03:15:00+00:00,22447766-1,Temperature,CURRENT,°C,19.516904296875005
2026-09-04T03:15:00+00:00,22447766-2,RH,CURRENT,%,98.36575875486382
2026-09-04T03:15:00+00:00,22447766-3,Dew Point,CURRENT,°C,19.27779088022386
2026-09-04T03:20:00+00:00,22411189-1,Temperature,CURRENT,°C,19.495454101562494
2026-09-04T03:20:00+00:00,22411189-2,RH,CURRENT,%,100
2026-09-04T03:20:00+00:00,22411189-3,Dew Point,CURRENT,°C,19.52164809216485
2026-09-04T03:20:00+00:00,22411190-1,Temperature,CURRENT,°C,19.495454101562494
2026-09-04T03:20:00+00:00,22411190-2,RH,CURRENT,%,99.67040512703136
2026-09-04T03:20:00+00:00,22411190-3,Dew Point,CURRENT,°C,19.468449636647232
2026-09-04T03:20:00+00:00,22411191-1,Temperature,CURRENT,°C,19.559804687499998
2026-09-04T03:20:00+00:00,22411191-2,RH,CURRENT,%,100
2026-09-04T03:20:00+00:00,22411191-3,Dew Point,CURRENT,°C,19.586101256115374
2026-09-04T03:20:00+00:00,22411525-1,Temperature,CURRENT,°C,19.516904296875005
2026-09-04T03:20:00+00:00,22411525-2,RH,CURRENT,%,99.6383611810483
2026-09-04T03:20:00+00:00,22411525-3,Dew Point,CURRENT,°C,19.48474399744991
2026-09-04T03:20:00+00:00,22411526-1,Temperature,CURRENT,°C,19.516904296875005
2026-09-04T03:20:00+00:00,22411526-2,RH,CURRENT,%,100
2026-09-04T03:20:00+00:00,22411526-3,Dew Point,CURRENT,°C,19.543132480383413
2026-09-04T03:20:00+00:00,22411527-1,Temperature,CURRENT,°C,19.559804687499998
2026-09-04T03:20:00+00:00,22411527-2,RH,CURRENT,%,100
2026-09-04T03:20:00+00:00,22411527-3,Dew Point,CURRENT,°C,19.586101256115374
2026-09-04T03:20:00+00:00,22411528-1,Temperature,CURRENT,°C,19.60270507812499
2026-09-04T03:20:00+00:00,22411528-2,RH,CURRENT,%,100
2026-09-04T03:20:00+00:00,22411528-3,Dew Point,CURRENT,°C,19.629070030907126
2026-09-04T03:20:00+00:00,22411529-1,Temperature,CURRENT,°C,19.624155273437502
2026-09-04T03:20:00+00:00,22411529-2,RH,CURRENT,%,100
2026-09-04T03:20:00+00:00,22411529-3,Dew Point,CURRENT,°C,19.650554417950442
2026-09-04T03:20:00+00:00,22411530-1,Temperature,CURRENT,°C,19.581254882812495
2026-09-04T03:20:00+00:00,22411530-2,RH,CURRENT,%,99.75738155184253
2026-09-04T03:20:00+00:00,22411530-3,Dew Point,CURRENT,°C,19.568414438322197
2026-09-04T03:20:00+00:00,22411541-S,Battery,CURRENT,V,8.270625
2026-09-04T03:20:00+00:00,22447758-1,Temperature,CURRENT,°C,19.5383544921875
2026-09-04T03:20:00+00:00,22447758-2,RH,CURRENT,%,97.41359578850995
2026-09-04T03:20:00+00:00,22447758-3,Dew Point,CURRENT,°C,19.142824842441872
2026-09-04T03:20:00+00:00,22447759-1,Temperature,CURRENT,°C,19.495454101562494
2026-09-04T03:20:00+00:00,22447759-2,RH,CURRENT,%,97.95834287022201
2026-09-04T03:20:00+00:00,22447759-3,Dew Point,CURRENT,°C,19.189612120123424
2026-09-04T03:20:00+00:00,22447760-1,Temperature,CURRENT,°C,19.559804687499998
2026-09-04T03:20:00+00:00,22447760-2,RH,CURRENT,%,97.87136644541084
2026-09-04T03:20:00+00:00,22447760-3,Dew Point,CURRENT,°C,19.2396127965492
2026-09-04T03:20:00+00:00,22447761-1,Temperature,CURRENT,°C,19.5383544921875
2026-09-04T03:20:00+00:00,22447761-2,RH,CURRENT,%,97.24422064545662
2026-09-04T03:20:00+00:00,22447761-3,Dew Point,CURRENT,°C,19.114862586481152
2026-09-04T03:20:00+00:00,22447762-1,Temperature,CURRENT,°C,19.516904296875005
2026-09-04T03:20:00+00:00,22447762-2,RH,CURRENT,%,97.21065079728389
2026-09-04T03:20:00+00:00,22447762-3,Dew Point,CURRENT,°C,19.087907045624505
2026-09-04T03:20:00+00:00,22447764-1,Temperature,CURRENT,°C,19.559804687499998
2026-09-04T03:20:00+00:00,22447764-2,RH,CURRENT,%,97.88815136949721
2026-09-04T03:20:00+00:00,22447764-3,Dew Point,CURRENT,°C,19.242370642260685
2026-09-04T03:20:00+00:00,22447765-1,Temperature,CURRENT,°C,19.559804687499998
2026-09-04T03:20:00+00:00,22447765-2,RH,CURRENT,%,97.0794232089723
2026-09-04T03:20:00+00:00,22447765-3,Dew Point,CURRENT,°C,19.109019928161707
2026-09-04T03:20:00+00:00,22447766-1,Temperature,CURRENT,°C,19.5383544921875
2026-09-04T03:20:00+00:00,22447766-2,RH,CURRENT,%,98.32761120012208
2026-09-04T03:20:00+00:00,22447766-3,Dew Point,CURRENT,°C,19.29299021795397
2026-09-04T03:25:00+00:00,22411189-1,Temperature,CURRENT,°C,19.5383544921875
2026-09-04T03:25:00+00:00,22411189-2,RH,CURRENT,%,100
2026-09-04T03:25:00+00:00,22411189-3,Dew Point,CURRENT,°C,19.564616868366922
2026-09-04T03:25:00+00:00,22411190-1,Temperature,CURRENT,°C,19.5383544921875
2026-09-04T03:25:00+00:00,22411190-2,RH,CURRENT,%,99.78942549782559
2026-09-04T03:25:00+00:00,22411190-3,Dew Point,CURRENT,°C,19.53063534274535
2026-09-04T03:25:00+00:00,22411191-1,Temperature,CURRENT,°C,19.624155273437502
2026-09-04T03:25:00+00:00,22411191-2,RH,CURRENT,%,100
2026-09-04T03:25:00+00:00,22411191-3,Dew Point,CURRENT,°C,19.650554417950442
2026-09-04T03:25:00+00:00,22411525-1,Temperature,CURRENT,°C,19.581254882812495
2026-09-04T03:25:00+00:00,22411525-2,RH,CURRENT,%,99.64599069199664
2026-09-04T03:25:00+00:00,22411525-3,Dew Point,CURRENT,°C,19.55040225687629
2026-09-04T03:25:00+00:00,22411526-1,Temperature,CURRENT,°C,19.5383544921875
2026-09-04T03:25:00+00:00,22411526-2,RH,CURRENT,%,100
2026-09-04T03:25:00+00:00,22411526-3,Dew Point,CURRENT,°C,19.564616868366922
2026-09-04T03:25:00+00:00,22411527-1,Temperature,CURRENT,°C,19.60270507812499
2026-09-04T03:25:00+00:00,22411527-2,RH,CURRENT,%,100
2026-09-04T03:25:00+00:00,22411527-3,Dew Point,CURRENT,°C,19.629070030907126
2026-09-04T03:25:00+00:00,22411528-1,Temperature,CURRENT,°C,19.624155273437502
2026-09-04T03:25:00+00:00,22411528-2,RH,CURRENT,%,100
2026-09-04T03:25:00+00:00,22411528-3,Dew Point,CURRENT,°C,19.650554417950442
2026-09-04T03:25:00+00:00,22411529-1,Temperature,CURRENT,°C,19.709956054687503
2026-09-04T03:25:00+00:00,22411529-2,RH,CURRENT,%,100
2026-09-04T03:25:00+00:00,22411529-3,Dew Point,CURRENT,°C,19.73649196377313
2026-09-04T03:25:00+00:00,22411530-1,Temperature,CURRENT,°C,19.624155273437502
2026-09-04T03:25:00+00:00,22411530-2,RH,CURRENT,%,99.85351338979171
2026-09-04T03:25:00+00:00,22411530-3,Dew Point,CURRENT,°C,19.626905939476742
2026-09-04T03:25:00+00:00,22411541-S,Battery,CURRENT,V,8.260932861328126
2026-09-04T03:25:00+00:00,22447758-1,Temperature,CURRENT,°C,19.581254882812495
2026-09-04T03:25:00+00:00,22447758-2,RH,CURRENT,%,97.66994735637445
2026-09-04T03:25:00+00:00,22447758-3,Dew Point,CURRENT,°C,19.22790736676777
2026-09-04T03:25:00+00:00,22447759-1,Temperature,CURRENT,°C,19.5383544921875
2026-09-04T03:25:00+00:00,22447759-2,RH,CURRENT,%,98.19180590524148
2026-09-04T03:25:00+00:00,22447759-3,Dew Point,CURRENT,°C,19.270755943494322
2026-09-04T03:25:00+00:00,22447760-1,Temperature,CURRENT,°C,19.581254882812495
2026-09-04T03:25:00+00:00,22447760-2,RH,CURRENT,%,98.02090485999848
2026-09-04T03:25:00+00:00,22447760-3,Dew Point,CURRENT,°C,19.28559878527078
2026-09-04T03:25:00+00:00,22447761-1,Temperature,CURRENT,°C,19.559804687499998
2026-09-04T03:25:00+00:00,22447761-2,RH,CURRENT,%,97.36324101625085
2026-09-04T03:25:00+00:00,22447761-3,Dew Point,CURRENT,°C,19.155928793895036
2026-09-04T03:25:00+00:00,22447762-1,Temperature,CURRENT,°C,19.559804687499998
2026-09-04T03:25:00+00:00,22447762-2,RH,CURRENT,%,97.33882658121614
2026-09-04T03:25:00+00:00,22447762-3,Dew Point,CURRENT,°C,19.151898328747365
2026-09-04T03:25:00+00:00,22447764-1,Temperature,CURRENT,°C,19.581254882812495
2026-09-04T03:25:00+00:00,22447764-2,RH,CURRENT,%,98.0956740672923
2026-09-04T03:25:00+00:00,22447764-3,Dew Point,CURRENT,°C,19.297866211937396
2026-09-04T03:25:00+00:00,22447765-1,Temperature,CURRENT,°C,19.581254882812495
2026-09-04T03:25:00+00:00,22447765-2,RH,CURRENT,%,97.35408560311284
2026-09-04T03:25:00+00:00,22447765-3,Dew Point,CURRENT,°C,19.175829823545573
2026-09-04T03:25:00+00:00,22447766-1,Temperature,CURRENT,°C,19.559804687499998
2026-09-04T03:25:00+00:00,22447766-2,RH,CURRENT,%,98.44815747310598
2026-09-04T03:25:00+00:00,22447766-3,Dew Point,CURRENT,°C,19.334146096480325
2026-09-04T03:30:00+00:00,22411189-1,Temperature,CURRENT,°C,19.581254882812495
2026-09-04T03:30:00+00:00,22411189-2,RH,CURRENT,%,100
2026-09-04T03:30:00+00:00,22411189-3,Dew Point,CURRENT,°C,19.60758564362878
2026-09-04T03:30:00+00:00,22411190-1,Temperature,CURRENT,°C,19.559804687499998
2026-09-04T03:30:00+00:00,22411190-2,RH,CURRENT,%,99.829098954757
2026-09-04T03:30:00+00:00,22411190-3,Dew Point,CURRENT,°C,19.558522233615587
2026-09-04T03:30:00+00:00,22411191-1,Temperature,CURRENT,°C,19.64560546875
2026-09-04T03:30:00+00:00,22411191-2,RH,CURRENT,%,100
2026-09-04T03:30:00+00:00,22411191-3,Dew Point,CURRENT,°C,19.67203880475869
2026-09-04T03:30:00+00:00,22411525-1,Temperature,CURRENT,°C,19.624155273437502
2026-09-04T03:30:00+00:00,22411525-2,RH,CURRENT,%,99.65514610513466
2026-09-04T03:30:00+00:00,22411525-3,Dew Point,CURRENT,°C,19.594833545157716
2026-09-04T03:30:00+00:00,22411526-1,Temperature,CURRENT,°C,19.581254882812495
2026-09-04T03:30:00+00:00,22411526-2,RH,CURRENT,%,100
2026-09-04T03:30:00+00:00,22411526-3,Dew Point,CURRENT,°C,19.60758564362878
2026-09-04T03:30:00+00:00,22411527-1,Temperature,CURRENT,°C,19.64560546875
2026-09-04T03:30:00+00:00,22411527-2,RH,CURRENT,%,100
2026-09-04T03:30:00+00:00,22411527-3,Dew Point,CURRENT,°C,19.67203880475869
2026-09-04T03:30:00+00:00,22411528-1,Temperature,CURRENT,°C,19.667055664062495
2026-09-04T03:30:00+00:00,22411528-2,RH,CURRENT,%,100
2026-09-04T03:30:00+00:00,22411528-3,Dew Point,CURRENT,°C,19.69352319133188
2026-09-04T03:30:00+00:00,22411529-1,Temperature,CURRENT,°C,19.73140625
2026-09-04T03:30:00+00:00,22411529-2,RH,CURRENT,%,100
2026-09-04T03:30:00+00:00,22411529-3,Dew Point,CURRENT,°C,19.757976349641165
2026-09-04T03:30:00+00:00,22411530-1,Temperature,CURRENT,°C,19.667055664062495
2026-09-04T03:30:00+00:00,22411530-2,RH,CURRENT,%,99.76043335622187
2026-09-04T03:30:00+00:00,22411530-3,Dew Point,CURRENT,°C,19.65481938451856
2026-09-04T03:30:00+00:00,22411541-S,Battery,CURRENT,V,8.260932861328126
2026-09-04T03:30:00+00:00,22447758-1,Temperature,CURRENT,°C,19.60270507812499
2026-09-04T03:30:00+00:00,22447758-2,RH,CURRENT,%,97.57381551842526
2026-09-04T03:30:00+00:00,22447758-3,Dew Point,CURRENT,°C,19.23349168312111
2026-09-04T03:30:00+00:00,22447759-1,Temperature,CURRENT,°C,19.559804687499998
2026-09-04T03:30:00+00:00,22447759-2,RH,CURRENT,%,98.21469443808652
2026-09-04T03:30:00+00:00,22447759-3,Dew Point,CURRENT,°C,19.29594113535025
2026-09-04T03:30:00+00:00,22447760-1,Temperature,CURRENT,°C,19.624155273437502
2026-09-04T03:30:00+00:00,22447760-2,RH,CURRENT,%,98.01785305561914
2026-09-04T03:30:00+00:00,22447760-3,Dew Point,CURRENT,°C,19.327959026054724
2026-09-04T03:30:00+00:00,22447761-1,Temperature,CURRENT,°C,19.581254882812495
2026-09-04T03:30:00+00:00,22447761-2,RH,CURRENT,%,97.40901808194094
2026-09-04T03:30:00+00:00,22447761-3,Dew Point,CURRENT,°C,19.18489739557472
2026-09-04T03:30:00+00:00,22447762-1,Temperature,CURRENT,°C,19.559804687499998
2026-09-04T03:30:00+00:00,22447762-2,RH,CURRENT,%,97.34493018997482
2026-09-04T03:30:00+00:00,22447762-3,Dew Point,CURRENT,°C,19.1529060279408
2026-09-04T03:30:00+00:00,22447764-1,Temperature,CURRENT,°C,19.624155273437502
2026-09-04T03:30:00+00:00,22447764-2,RH,CURRENT,%,98.15823605706875
2026-09-04T03:30:00+00:00,22447764-3,Dew Point,CURRENT,°C,19.350993317488705
2026-09-04T03:30:00+00:00,22447765-1,Temperature,CURRENT,°C,19.624155273437502
2026-09-04T03:30:00+00:00,22447765-2,RH,CURRENT,%,97.45937285420004
2026-09-04T03:30:00+00:00,22447765-3,Dew Point,CURRENT,°C,19.236035883937145
2026-09-04T03:30:00+00:00,22447766-1,Temperature,CURRENT,°C,19.581254882812495
2026-09-04T03:30:00+00:00,22447766-2,RH,CURRENT,%,98.49393453879607
2026-09-04T03:30:00+00:00,22447766-3,Dew Point,CURRENT,°C,19.363071546487387
2026-09-04T03:35:00+00:00,22411189-1,Temperature,CURRENT,°C,19.624155273437502
2026-09-04T03:35:00+00:00,22411189-2,RH,CURRENT,%,100
2026-09-04T03:35:00+00:00,22411189-3,Dew Point,CURRENT,°C,19.650554417950442
2026-09-04T03:35:00+00:00,22411190-1,Temperature,CURRENT,°C,19.624155273437502
2026-09-04T03:35:00+00:00,22411190-2,RH,CURRENT,%,99.83520256351568
2026-09-04T03:35:00+00:00,22411190-3,Dew Point,CURRENT,°C,19.62394774650667
2026-09-04T03:35:00+00:00,22411191-1,Temperature,CURRENT,°C,19.709956054687503
2026-09-04T03:35:00+00:00,22411191-2,RH,CURRENT,%,100
2026-09-04T03:35:00+00:00,22411191-3,Dew Point,CURRENT,°C,19.73649196377313
2026-09-04T03:35:00+00:00,22411525-1,Temperature,CURRENT,°C,19.667055664062495
2026-09-04T03:35:00+00:00,22411525-2,RH,CURRENT,%,99.62005035477226
2026-09-04T03:35:00+00:00,22411525-3,Dew Point,CURRENT,°C,19.632101656258385
2026-09-04T03:35:00+00:00,22411526-1,Temperature,CURRENT,°C,19.624155273437502
2026-09-04T03:35:00+00:00,22411526-2,RH,CURRENT,%,100
2026-09-04T03:35:00+00:00,22411526-3,Dew Point,CURRENT,°C,19.650554417950442
2026-09-04T03:35:00+00:00,22411527-1,Temperature,CURRENT,°C,19.709956054687503
2026-09-04T03:35:00+00:00,22411527-2,RH,CURRENT,%,99.86114290074006
2026-09-04T03:35:00+00:00,22411527-3,Dew Point,CURRENT,°C,19.714060952969948
2026-09-04T03:35:00+00:00,22411528-1,Temperature,CURRENT,°C,19.709956054687503
2026-09-04T03:35:00+00:00,22411528-2,RH,CURRENT,%,100
2026-09-04T03:35:00+00:00,22411528-3,Dew Point,CURRENT,°C,19.73649196377313
2026-09-04T03:35:00+00:00,22411529-1,Temperature,CURRENT,°C,19.709956054687503
2026-09-04T03:35:00+00:00,22411529-2,RH,CURRENT,%,100
2026-09-04T03:35:00+00:00,22411529-3,Dew Point,CURRENT,°C,19.73649196377313
2026-09-04T03:35:00+00:00,22411530-1,Temperature,CURRENT,°C,19.73140625
2026-09-04T03:35:00+00:00,22411530-2,RH,CURRENT,%,99.80315861753262
2026-09-04T03:35:00+00:00,22411530-3,Dew Point,CURRENT,°C,19.726165159773036
2026-09-04T03:35:00+00:00,22411541-S,Battery,CURRENT,V,8.260932861328126
2026-09-04T03:35:00+00:00,22447758-1,Temperature,CURRENT,°C,19.68850585937499
2026-09-04T03:35:00+00:00,22447758-2,RH,CURRENT,%,97.51735713740749
2026-09-04T03:35:00+00:00,22447758-3,Dew Point,CURRENT,°C,19.30985167768421
2026-09-04T03:35:00+00:00,22447759-1,Temperature,CURRENT,°C,19.64560546875
2026-09-04T03:35:00+00:00,22447759-2,RH,CURRENT,%,98.11398489356833
2026-09-04T03:35:00+00:00,22447759-3,Dew Point,CURRENT,°C,19.365168807079357
2026-09-04T03:35:00+00:00,22447760-1,Temperature,CURRENT,°C,19.709956054687503
2026-09-04T03:35:00+00:00,22447760-2,RH,CURRENT,%,97.86984054322117
2026-09-04T03:35:00+00:00,22447760-3,Dew Point,CURRENT,°C,19.389347568502885
2026-09-04T03:35:00+00:00,22447761-1,Temperature,CURRENT,°C,19.64560546875
2026-09-04T03:35:00+00:00,22447761-2,RH,CURRENT,%,97.29304951552605
2026-09-04T03:35:00+00:00,22447761-3,Dew Point,CURRENT,°C,19.22998146410534
2026-09-04T03:35:00+00:00,22447762-1,Temperature,CURRENT,°C,19.64560546875
2026-09-04T03:35:00+00:00,22447762-2,RH,CURRENT,%,97.23353933012893
2026-09-04T03:35:00+00:00,22447762-3,Dew Point,CURRENT,°C,19.220142894467738
2026-09-04T03:35:00+00:00,22447764-1,Temperature,CURRENT,°C,19.68850585937499
2026-09-04T03:35:00+00:00,22447764-2,RH,CURRENT,%,98.04074158846419
2026-09-04T03:35:00+00:00,22447764-3,Dew Point,CURRENT,°C,19.396010118818463
2026-09-04T03:35:00+00:00,22447765-1,Temperature,CURRENT,°C,19.709956054687503
2026-09-04T03:35:00+00:00,22447765-2,RH,CURRENT,%,97.3205157549401
2026-09-04T03:35:00+00:00,22447765-3,Dew Point,CURRENT,°C,19.298754751198693
2026-09-04T03:35:00+00:00,22447766-1,Temperature,CURRENT,°C,19.667055664062495
2026-09-04T03:35:00+00:00,22447766-2,RH,CURRENT,%,98.42984664682994
2026-09-04T03:35:00+00:00,22447766-3,Dew Point,CURRENT,°C,19.438361599075805
2026-09-04T03:40:00+00:00,22411189-1,Temperature,CURRENT,°C,19.667055664062495
2026-09-04T03:40:00+00:00,22411189-2,RH,CURRENT,%,100
2026-09-04T03:40:00+00:00,22411189-3,Dew Point,CURRENT,°C,19.69352319133188
2026-09-04T03:40:00+00:00,22411190-1,Temperature,CURRENT,°C,19.64560546875
2026-09-04T03:40:00+00:00,22411190-2,RH,CURRENT,%,99.75280384527352
2026-09-04T03:40:00+00:00,22411190-3,Dew Point,CURRENT,°C,19.632107723855444
2026-09-04T03:40:00+00:00,22411191-1,Temperature,CURRENT,°C,19.774306640624992
2026-09-04T03:40:00+00:00,22411191-2,RH,CURRENT,%,100
2026-09-04T03:40:00+00:00,22411191-3,Dew Point,CURRENT,°C,19.800945120672086
2026-09-04T03:40:00+00:00,22411525-1,Temperature,CURRENT,°C,19.73140625
2026-09-04T03:40:00+00:00,22411525-2,RH,CURRENT,%,99.34538796063173
2026-09-04T03:40:00+00:00,22411525-3,Dew Point,CURRENT,°C,19.651972926908975
2026-09-04T03:40:00+00:00,22411526-1,Temperature,CURRENT,°C,19.64560546875
2026-09-04T03:40:00+00:00,22411526-2,RH,CURRENT,%,100
2026-09-04T03:40:00+00:00,22411526-3,Dew Point,CURRENT,°C,19.67203880475869
2026-09-04T03:40:00+00:00,22411527-1,Temperature,CURRENT,°C,19.774306640624992
2026-09-04T03:40:00+00:00,22411527-2,RH,CURRENT,%,99.2111085679408
2026-09-04T03:40:00+00:00,22411527-3,Dew Point,CURRENT,°C,19.673079267379627
2026-09-04T03:40:00+00:00,22411528-1,Temperature,CURRENT,°C,19.709956054687503
2026-09-04T03:40:00+00:00,22411528-2,RH,CURRENT,%,100
2026-09-04T03:40:00+00:00,22411528-3,Dew Point,CURRENT,°C,19.73649196377313
2026-09-04T03:40:00+00:00,22411529-1,Temperature,CURRENT,°C,19.68850585937499
2026-09-04T03:40:00+00:00,22411529-2,RH,CURRENT,%,100
2026-09-04T03:40:00+00:00,22411529-3,Dew Point,CURRENT,°C,19.715007577670026
2026-09-04T03:40:00+00:00,22411530-1,Temperature,CURRENT,°C,19.795756835937503
2026-09-04T03:40:00+00:00,22411530-2,RH,CURRENT,%,99.35301747158007
2026-09-04T03:40:00+00:00,22411530-3,Dew Point,CURRENT,°C,19.717612617962278
2026-09-04T03:40:00+00:00,22411541-S,Battery,CURRENT,V,8.267394287109376
2026-09-04T03:40:00+00:00,22447758-1,Temperature,CURRENT,°C,19.73140625
2026-09-04T03:40:00+00:00,22447758-2,RH,CURRENT,%,97.06874189364461
2026-09-04T03:40:00+00:00,22447758-3,Dew Point,CURRENT,°C,19.27848790313032
2026-09-04T03:40:00+00:00,22447759-1,Temperature,CURRENT,°C,19.667055664062495
2026-09-04T03:40:00+00:00,22447759-2,RH,CURRENT,%,97.90188448920424
2026-09-04T03:40:00+00:00,22447759-3,Dew Point,CURRENT,°C,19.35176367441409
2026-09-04T03:40:00+00:00,22447760-1,Temperature,CURRENT,°C,19.752856445312496
2026-09-04T03:40:00+00:00,22447760-2,RH,CURRENT,%,97.5722896162356
2026-09-04T03:40:00+00:00,22447760-3,Dew Point,CURRENT,°C,19.383168452874088
2026-09-04T03:40:00+00:00,22447761-1,Temperature,CURRENT,°C,19.68850585937499
2026-09-04T03:40:00+00:00,22447761-2,RH,CURRENT,%,97.02754253452353
2026-09-04T03:40:00+00:00,22447761-3,Dew Point,CURRENT,°C,19.22885221789953
2026-09-04T03:40:00+00:00,22447762-1,Temperature,CURRENT,°C,19.68850585937499
2026-09-04T03:40:00+00:00,22447762-2,RH,CURRENT,%,96.92683299000534
2026-09-04T03:40:00+00:00,22447762-3,Dew Point,CURRENT,°C,19.212153801219316
2026-09-04T03:40:00+00:00,22447764-1,Temperature,CURRENT,°C,19.73140625
2026-09-04T03:40:00+00:00,22447764-2,RH,CURRENT,%,97.67910276951247
2026-09-04T03:40:00+00:00,22447764-3,Dew Point,CURRENT,°C,19.37936349893504
2026-09-04T03:40:00+00:00,22447765-1,Temperature,CURRENT,°C,19.752856445312496
2026-09-04T03:40:00+00:00,22447765-2,RH,CURRENT,%,96.95582513160906
2026-09-04T03:40:00+00:00,22447765-3,Dew Point,CURRENT,°C,19.28116643696351
2026-09-04T03:40:00+00:00,22447766-1,Temperature,CURRENT,°C,19.709956054687503
2026-09-04T03:40:00+00:00,22447766-2,RH,CURRENT,%,98.3871213855192
2026-09-04T03:40:00+00:00,22447766-3,Dew Point,CURRENT,°C,19.4742500865144
2026-09-04T03:45:00+00:00,22411189-1,Temperature,CURRENT,°C,19.68850585937499
2026-09-04T03:45:00+00:00,22411189-2,RH,CURRENT,%,100
2026-09-04T03:45:00+00:00,22411189-3,Dew Point,CURRENT,°C,19.715007577670026
2026-09-04T03:45:00+00:00,22411190-1,Temperature,CURRENT,°C,19.667055664062495
2026-09-04T03:45:00+00:00,22411190-2,RH,CURRENT,%,99.72075989929046
2026-09-04T03:45:00+00:00,22411190-3,Dew Point,CURRENT,°C,19.64840199276675
2026-09-04T03:45:00+00:00,22411191-1,Temperature,CURRENT,°C,19.81720703125
2026-09-04T03:45:00+00:00,22411191-2,RH,CURRENT,%,100
2026-09-04T03:45:00+00:00,22411191-3,Dew Point,CURRENT,°C,19.843913890762824
2026-09-04T03:45:00+00:00,22411525-1,Temperature,CURRENT,°C,19.774306640624992
2026-09-04T03:45:00+00:00,22411525-2,RH,CURRENT,%,99.09819180590524
2026-09-04T03:45:00+00:00,22411525-3,Dew Point,CURRENT,°C,19.654704692962653
2026-09-04T03:45:00+00:00,22411526-1,Temperature,CURRENT,°C,19.667055664062495
2026-09-04T03:45:00+00:00,22411526-2,RH,CURRENT,%,100
2026-09-04T03:45:00+00:00,22411526-3,Dew Point,CURRENT,°C,19.69352319133188
2026-09-04T03:45:00+00:00,22411527-1,Temperature,CURRENT,°C,19.81720703125
2026-09-04T03:45:00+00:00,22411527-2,RH,CURRENT,%,99.10734721904326
2026-09-04T03:45:00+00:00,22411527-3,Dew Point,CURRENT,°C,19.699115676576024
2026-09-04T03:45:00+00:00,22411528-1,Temperature,CURRENT,°C,19.73140625
2026-09-04T03:45:00+00:00,22411528-2,RH,CURRENT,%,100
2026-09-04T03:45:00+00:00,22411528-3,Dew Point,CURRENT,°C,19.757976349641165
2026-09-04T03:45:00+00:00,22411529-1,Temperature,CURRENT,°C,19.68850585937499
2026-09-04T03:45:00+00:00,22411529-2,RH,CURRENT,%,100
2026-09-04T03:45:00+00:00,22411529-3,Dew Point,CURRENT,°C,19.715007577670026
2026-09-04T03:45:00+00:00,22411530-1,Temperature,CURRENT,°C,19.81720703125
2026-09-04T03:45:00+00:00,22411530-2,RH,CURRENT,%,99.3316548409247
2026-09-04T03:45:00+00:00,22411530-3,Dew Point,CURRENT,°C,19.735607832950972
2026-09-04T03:45:00+00:00,22411541-S,Battery,CURRENT,V,8.267394287109376
2026-09-04T03:45:00+00:00,22447758-1,Temperature,CURRENT,°C,19.752856445312496
2026-09-04T03:45:00+00:00,22447758-2,RH,CURRENT,%,97.25642786297398
2026-09-04T03:45:00+00:00,22447758-3,Dew Point,CURRENT,°C,19.33097569603924
2026-09-04T03:45:00+00:00,22447759-1,Temperature,CURRENT,°C,19.68850585937499
2026-09-04T03:45:00+00:00,22447759-2,RH,CURRENT,%,97.95223926146333
2026-09-04T03:45:00+00:00,22447759-3,Dew Point,CURRENT,°C,19.381469362733462
2026-09-04T03:45:00+00:00,22447760-1,Temperature,CURRENT,°C,19.752856445312496
2026-09-04T03:45:00+00:00,22447760-2,RH,CURRENT,%,97.6424811169604
2026-09-04T03:45:00+00:00,22447760-3,Dew Point,CURRENT,°C,19.394746768812457
2026-09-04T03:45:00+00:00,22447761-1,Temperature,CURRENT,°C,19.709956054687503
2026-09-04T03:45:00+00:00,22447761-2,RH,CURRENT,%,97.08400091554131
2026-09-04T03:45:00+00:00,22447761-3,Dew Point,CURRENT,°C,19.259611686825476
2026-09-04T03:45:00+00:00,22447762-1,Temperature,CURRENT,°C,19.709956054687503
2026-09-04T03:45:00+00:00,22447762-2,RH,CURRENT,%,97.02754253452353
2026-09-04T03:45:00+00:00,22447762-3,Dew Point,CURRENT,°C,19.2502555262071
2026-09-04T03:45:00+00:00,22447764-1,Temperature,CURRENT,°C,19.752856445312496
2026-09-04T03:45:00+00:00,22447764-2,RH,CURRENT,%,97.68673228046082
2026-09-04T03:45:00+00:00,22447764-3,Dew Point,CURRENT,°C,19.40204240061353
2026-09-04T03:45:00+00:00,22447765-1,Temperature,CURRENT,°C,19.774306640624992
2026-09-04T03:45:00+00:00,22447765-2,RH,CURRENT,%,97.0092317082475
2026-09-04T03:45:00+00:00,22447765-3,Dew Point,CURRENT,°C,19.3114284387082
2026-09-04T03:45:00+00:00,22447766-1,Temperature,CURRENT,°C,19.73140625
2026-09-04T03:45:00+00:00,22447766-2,RH,CURRENT,%,98.28793774319067
2026-09-04T03:45:00+00:00,22447766-3,Dew Point,CURRENT,°C,19.479439073884784
2026-09-04T03:50:00+00:00,22411189-1,Temperature,CURRENT,°C,19.795756835937503
2026-09-04T03:50:00+00:00,22411189-2,RH,CURRENT,%,100
2026-09-04T03:50:00+00:00,22411189-3,Dew Point,CURRENT,°C,19.822429505834993
2026-09-04T03:50:00+00:00,22411190-1,Temperature,CURRENT,°C,19.774306640624992
2026-09-04T03:50:00+00:00,22411190-2,RH,CURRENT,%,99.72075989929046
2026-09-04T03:50:00+00:00,22411190-3,Dew Point,CURRENT,°C,19.755786255328204
2026-09-04T03:50:00+00:00,22411191-1,Temperature,CURRENT,°C,19.9030078125
2026-09-04T03:50:00+00:00,22411191-2,RH,CURRENT,%,100
2026-09-04T03:50:00+00:00,22411191-3,Dew Point,CURRENT,°C,19.929851428123644
2026-09-04T03:50:00+00:00,22411525-1,Temperature,CURRENT,°C,19.860107421874993
2026-09-04T03:50:00+00:00,22411525-2,RH,CURRENT,%,99.13786526283666
2026-09-04T03:50:00+00:00,22411525-3,Dew Point,CURRENT,°C,19.74700695813138
2026-09-04T03:50:00+00:00,22411526-1,Temperature,CURRENT,°C,19.752856445312496
2026-09-04T03:50:00+00:00,22411526-2,RH,CURRENT,%,100
2026-09-04T03:50:00+00:00,22411526-3,Dew Point,CURRENT,°C,19.779460735274153
2026-09-04T03:50:00+00:00,22411527-1,Temperature,CURRENT,°C,19.9030078125
2026-09-04T03:50:00+00:00,22411527-2,RH,CURRENT,%,99.25230792706188
2026-09-04T03:50:00+00:00,22411527-3,Dew Point,CURRENT,°C,19.808563942732683
2026-09-04T03:50:00+00:00,22411528-1,Temperature,CURRENT,°C,19.838657226562496
2026-09-04T03:50:00+00:00,22411528-2,RH,CURRENT,%,100
2026-09-04T03:50:00+00:00,22411528-3,Dew Point,CURRENT,°C,19.865398275455597
2026-09-04T03:50:00+00:00,22411529-1,Temperature,CURRENT,°C,19.795756835937503
2026-09-04T03:50:00+00:00,22411529-2,RH,CURRENT,%,100
2026-09-04T03:50:00+00:00,22411529-3,Dew Point,CURRENT,°C,19.822429505834993
2026-09-04T03:50:00+00:00,22411530-1,Temperature,CURRENT,°C,19.9030078125
2026-09-04T03:50:00+00:00,22411530-2,RH,CURRENT,%,99.44609750514992
2026-09-04T03:50:00+00:00,22411530-3,Dew Point,CURRENT,°C,19.84007618797066
2026-09-04T03:50:00+00:00,22411541-S,Battery,CURRENT,V,8.267394287109376
2026-09-04T03:50:00+00:00,22447758-1,Temperature,CURRENT,°C,19.81720703125
2026-09-04T03:50:00+00:00,22447758-2,RH,CURRENT,%,97.54024567025253
2026-09-04T03:50:00+00:00,22447758-3,Dew Point,CURRENT,°C,19.442132514586287
2026-09-04T03:50:00+00:00,22447759-1,Temperature,CURRENT,°C,19.752856445312496
2026-09-04T03:50:00+00:00,22447759-2,RH,CURRENT,%,98.17349507896544
2026-09-04T03:50:00+00:00,22447759-3,Dew Point,CURRENT,°C,19.48210413035082
2026-09-04T03:50:00+00:00,22447760-1,Temperature,CURRENT,°C,19.81720703125
2026-09-04T03:50:00+00:00,22447760-2,RH,CURRENT,%,97.949187457084
2026-09-04T03:50:00+00:00,22447760-3,Dew Point,CURRENT,°C,19.509539643215195
2026-09-04T03:50:00+00:00,22447761-1,Temperature,CURRENT,°C,19.774306640624992
2026-09-04T03:50:00+00:00,22447761-2,RH,CURRENT,%,97.34340428778515
2026-09-04T03:50:00+00:00,22447761-3,Dew Point,CURRENT,°C,19.366774391096776
2026-09-04T03:50:00+00:00,22447762-1,Temperature,CURRENT,°C,19.774306640624992
2026-09-04T03:50:00+00:00,22447762-2,RH,CURRENT,%,97.27168688487068
2026-09-04T03:50:00+00:00,22447762-3,Dew Point,CURRENT,°C,19.354910515326605
2026-09-04T03:50:00+00:00,22447764-1,Temperature,CURRENT,°C,19.81720703125
2026-09-04T03:50:00+00:00,22447764-2,RH,CURRENT,%,98.07583733882659
2026-09-04T03:50:00+00:00,22447764-3,Dew Point,CURRENT,°C,19.53036580879156
2026-09-04T03:50:00+00:00,22447765-1,Temperature,CURRENT,°C,19.838657226562496
2026-09-04T03:50:00+00:00,22447765-2,RH,CURRENT,%,97.34035248340581
2026-09-04T03:50:00+00:00,22447765-3,Dew Point,CURRENT,°C,19.430505411634005
2026-09-04T03:50:00+00:00,22447766-1,Temperature,CURRENT,°C,19.795756835937503
2026-09-04T03:50:00+00:00,22447766-2,RH,CURRENT,%,98.41458762493325
2026-09-04T03:50:00+00:00,22447766-3,Dew Point,CURRENT,°C,19.56451277799448
2026-09-04T03:55:00+00:00,22411189-1,Temperature,CURRENT,°C,19.881557617187504
2026-09-04T03:55:00+00:00,22411189-2,RH,CURRENT,%,100
2026-09-04T03:55:00+00:00,22411189-3,Dew Point,CURRENT,°C,19.908367044136018
2026-09-04T03:55:00+00:00,22411190-1,Temperature,CURRENT,°C,19.838657226562496
2026-09-04T03:55:00+00:00,22411190-2,RH,CURRENT,%,99.56359197375448
2026-09-04T03:55:00+00:00,22411190-3,Dew Point,CURRENT,°C,19.79473810760286
2026-09-04T03:55:00+00:00,22411191-1,Temperature,CURRENT,°C,20.010258789062497
2026-09-04T03:55:00+00:00,22411191-2,RH,CURRENT,%,100
2026-09-04T03:55:00+00:00,22411191-3,Dew Point,CURRENT,°C,20.037273344536008
2026-09-04T03:55:00+00:00,22411525-1,Temperature,CURRENT,°C,19.967358398437504
2026-09-04T03:55:00+00:00,22411525-2,RH,CURRENT,%,98.58854047455559
2026-09-04T03:55:00+00:00,22411525-3,Dew Point,CURRENT,°C,19.764557230003845
2026-09-04T03:55:00+00:00,22411526-1,Temperature,CURRENT,°C,19.838657226562496
2026-09-04T03:55:00+00:00,22411526-2,RH,CURRENT,%,100
2026-09-04T03:55:00+00:00,22411526-3,Dew Point,CURRENT,°C,19.865398275455597
2026-09-04T03:55:00+00:00,22411527-1,Temperature,CURRENT,°C,20.010258789062497
2026-09-04T03:55:00+00:00,22411527-2,RH,CURRENT,%,98.60379949645228
2026-09-04T03:55:00+00:00,22411527-3,Dew Point,CURRENT,°C,19.80994933198997
2026-09-04T03:55:00+00:00,22411528-1,Temperature,CURRENT,°C,19.9030078125
2026-09-04T03:55:00+00:00,22411528-2,RH,CURRENT,%,100
2026-09-04T03:55:00+00:00,22411528-3,Dew Point,CURRENT,°C,19.929851428123644
2026-09-04T03:55:00+00:00,22411529-1,Temperature,CURRENT,°C,19.881557617187504
2026-09-04T03:55:00+00:00,22411529-2,RH,CURRENT,%,100
2026-09-04T03:55:00+00:00,22411529-3,Dew Point,CURRENT,°C,19.908367044136018
2026-09-04T03:55:00+00:00,22411530-1,Temperature,CURRENT,°C,20.010258789062497
2026-09-04T03:55:00+00:00,22411530-2,RH,CURRENT,%,99.08293278400855
2026-09-04T03:55:00+00:00,22411530-3,Dew Point,CURRENT,°C,19.888275423334758
2026-09-04T03:55:00+00:00,22411541-S,Battery,CURRENT,V,8.2577021484375
2026-09-04T03:55:00+00:00,22447758-1,Temperature,CURRENT,°C,19.9030078125
2026-09-04T03:55:00+00:00,22447758-2,RH,CURRENT,%,97.35408560311284
2026-09-04T03:55:00+00:00,22447758-3,Dew Point,CURRENT,°C,19.497014332245342
2026-09-04T03:55:00+00:00,22447759-1,Temperature,CURRENT,°C,19.838657226562496
2026-09-04T03:55:00+00:00,22447759-2,RH,CURRENT,%,98.00411993591212
2026-09-04T03:55:00+00:00,22447759-3,Dew Point,CURRENT,°C,19.540005706796688
2026-09-04T03:55:00+00:00,22447760-1,Temperature,CURRENT,°C,19.9030078125
2026-09-04T03:55:00+00:00,22447760-2,RH,CURRENT,%,97.81033035782406
2026-09-04T03:55:00+00:00,22447760-3,Dew Point,CURRENT,°C,19.572378308032217
2026-09-04T03:55:00+00:00,22447761-1,Temperature,CURRENT,°C,19.881557617187504
2026-09-04T03:55:00+00:00,22447761-2,RH,CURRENT,%,97.15266651407644
2026-09-04T03:55:00+00:00,22447761-3,Dew Point,CURRENT,°C,19.442238240396275
2026-09-04T03:55:00+00:00,22447762-1,Temperature,CURRENT,°C,19.860107421874993
2026-09-04T03:55:00+00:00,22447762-2,RH,CURRENT,%,97.12520027466239
2026-09-04T03:55:00+00:00,22447762-3,Dew Point,CURRENT,°C,19.416277989849647
2026-09-04T03:55:00+00:00,22447764-1,Temperature,CURRENT,°C,19.924458007812497
2026-09-04T03:55:00+00:00,22447764-2,RH,CURRENT,%,97.91103990234225
2026-09-04T03:55:00+00:00,22447764-3,Dew Point,CURRENT,°C,19.610399963286326
2026-09-04T03:55:00+00:00,22447765-1,Temperature,CURRENT,°C,19.924458007812497
2026-09-04T03:55:00+00:00,22447765-2,RH,CURRENT,%,97.1145189593347
2026-09-04T03:55:00+00:00,22447765-3,Dew Point,CURRENT,°C,19.478723807953322
2026-09-04T03:55:00+00:00,22447766-1,Temperature,CURRENT,°C,19.881557617187504
2026-09-04T03:55:00+00:00,22447766-2,RH,CURRENT,%,98.286411841001
2026-09-04T03:55:00+00:00,22447766-3,Dew Point,CURRENT,°C,19.62925401241247
2026-09-04T04:00:00+00:00,22411189-1,Temperature,CURRENT,°C,19.9030078125
2026-09-04T04:00:00+00:00,22411189-2,RH,CURRENT,%,100
2026-09-04T04:00:00+00:00,22411189-3,Dew Point,CURRENT,°C,19.929851428123644
2026-09-04T04:00:00+00:00,22411190-1,Temperature,CURRENT,°C,19.860107421874993
2026-09-04T04:00:00+00:00,22411190-2,RH,CURRENT,%,99.27061875333791
2026-09-04T04:00:00+00:00,22411190-3,Dew Point,CURRENT,°C,19.768614461819027
2026-09-04T04:00:00+00:00,22411191-1,Temperature,CURRENT,°C,20.031708984374994
2026-09-04T04:00:00+00:00,22411191-2,RH,CURRENT,%,100
2026-09-04T04:00:00+00:00,22411191-3,Dew Point,CURRENT,°C,20.058757727113314
2026-09-04T04:00:00+00:00,22411525-1,Temperature,CURRENT,°C,19.98880859375
2026-09-04T04:00:00+00:00,22411525-2,RH,CURRENT,%,98.461890592813
2026-09-04T04:00:00+00:00,22411525-3,Dew Point,CURRENT,°C,19.76524432233761
2026-09-04T04:00:00+00:00,22411526-1,Temperature,CURRENT,°C,19.838657226562496
2026-09-04T04:00:00+00:00,22411526-2,RH,CURRENT,%,100
2026-09-04T04:00:00+00:00,22411526-3,Dew Point,CURRENT,°C,19.865398275455597
2026-09-04T04:00:00+00:00,22411527-1,Temperature,CURRENT,°C,20.031708984374994
2026-09-04T04:00:00+00:00,22411527-2,RH,CURRENT,%,98.55344472419318
2026-09-04T04:00:00+00:00,22411527-3,Dew Point,CURRENT,°C,19.82314341684575
2026-09-04T04:00:00+00:00,22411528-1,Temperature,CURRENT,°C,19.924458007812497
2026-09-04T04:00:00+00:00,22411528-2,RH,CURRENT,%,100
2026-09-04T04:00:00+00:00,22411528-3,Dew Point,CURRENT,°C,19.951335811876213
2026-09-04T04:00:00+00:00,22411529-1,Temperature,CURRENT,°C,19.9030078125
2026-09-04T04:00:00+00:00,22411529-2,RH,CURRENT,%,100
2026-09-04T04:00:00+00:00,22411529-3,Dew Point,CURRENT,°C,19.929851428123644
2026-09-04T04:00:00+00:00,22411530-1,Temperature,CURRENT,°C,20.031708984374994
2026-09-04T04:00:00+00:00,22411530-2,RH,CURRENT,%,98.88151369497216
2026-09-04T04:00:00+00:00,22411530-3,Dew Point,CURRENT,°C,19.876843042969906
2026-09-04T04:00:00+00:00,22411541-S,Battery,CURRENT,V,8.254471435546876
2026-09-04T04:00:00+00:00,22447758-1,Temperature,CURRENT,°C,19.945908203124993
2026-09-04T04:00:00+00:00,22447758-2,RH,CURRENT,%,96.78187228198672
2026-09-04T04:00:00+00:00,22447758-3,Dew Point,CURRENT,°C,19.44484924577183
2026-09-04T04:00:00+00:00,22447759-1,Temperature,CURRENT,°C,19.860107421874993
2026-09-04T04:00:00+00:00,22447759-2,RH,CURRENT,%,97.61806668192568
2026-09-04T04:00:00+00:00,22447759-3,Dew Point,CURRENT,°C,19.497818087075174
2026-09-04T04:00:00+00:00,22447760-1,Temperature,CURRENT,°C,19.967358398437504
2026-09-04T04:00:00+00:00,22447760-2,RH,CURRENT,%,97.27931639581902
2026-09-04T04:00:00+00:00,22447760-3,Dew Point,CURRENT,°C,19.54886481267814
2026-09-04T04:00:00+00:00,22447761-1,Temperature,CURRENT,°C,19.924458007812497
2026-09-04T04:00:00+00:00,22447761-2,RH,CURRENT,%,96.62928206301976
2026-09-04T04:00:00+00:00,22447761-3,Dew Point,CURRENT,°C,19.39804352828453
2026-09-04T04:00:00+00:00,22447762-1,Temperature,CURRENT,°C,19.9030078125
2026-09-04T04:00:00+00:00,22447762-2,RH,CURRENT,%,96.68421454184787
2026-09-04T04:00:00+00:00,22447762-3,Dew Point,CURRENT,°C,19.38580117444308
2026-09-04T04:00:00+00:00,22447764-1,Temperature,CURRENT,°C,19.967358398437504
2026-09-04T04:00:00+00:00,22447764-2,RH,CURRENT,%,97.36324101625085
2026-09-04T04:00:00+00:00,22447764-3,Dew Point,CURRENT,°C,19.56276717785454
2026-09-04T04:00:00+00:00,22447765-1,Temperature,CURRENT,°C,19.98880859375
2026-09-04T04:00:00+00:00,22447765-2,RH,CURRENT,%,96.58808270389868
2026-09-04T04:00:00+00:00,22447765-3,Dew Point,CURRENT,°C,19.45535016929943
2026-09-04T04:00:00+00:00,22447766-1,Temperature,CURRENT,°C,19.924458007812497
2026-09-04T04:00:00+00:00,22447766-2,RH,CURRENT,%,97.96749828336003
2026-09-04T04:00:00+00:00,22447766-3,Dew Point,CURRENT,°C,19.619697729637426
2026-09-04T04:05:00+00:00,22411189-1,Temperature,CURRENT,°C,19.924458007812497
2026-09-04T04:05:00+00:00,22411189-2,RH,CURRENT,%,100
2026-09-04T04:05:00+00:00,22411189-3,Dew Point,CURRENT,°C,19.951335811876213
2026-09-04T04:05:00+00:00,22411190-1,Temperature,CURRENT,°C,19.9030078125
2026-09-04T04:05:00+00:00,22411190-2,RH,CURRENT,%,99.42778667887389
2026-09-04T04:05:00+00:00,22411190-3,Dew Point,CURRENT,°C,19.837100951507878
2026-09-04T04:05:00+00:00,22411191-1,Temperature,CURRENT,°C,20.010258789062497
2026-09-04T04:05:00+00:00,22411191-2,RH,CURRENT,%,100
2026-09-04T04:05:00+00:00,22411191-3,Dew Point,CURRENT,°C,20.037273344536008
2026-09-04T04:05:00+00:00,22411525-1,Temperature,CURRENT,°C,19.967358398437504
2026-09-04T04:05:00+00:00,22411525-2,RH,CURRENT,%,98.97306782635233
2026-09-04T04:05:00+00:00,22411525-3,Dew Point,CURRENT,°C,19.827431485973126
2026-09-04T04:05:00+00:00,22411526-1,Temperature,CURRENT,°C,19.9030078125
2026-09-04T04:05:00+00:00,22411526-2,RH,CURRENT,%,100
2026-09-04T04:05:00+00:00,22411526-3,Dew Point,CURRENT,°C,19.929851428123644
2026-09-04T04:05:00+00:00,22411527-1,Temperature,CURRENT,°C,20.010258789062497
2026-09-04T04:05:00+00:00,22411527-2,RH,CURRENT,%,99.19432364385443
2026-09-04T04:05:00+00:00,22411527-3,Dew Point,CURRENT,°C,19.9064375283385
2026-09-04T04:05:00+00:00,22411528-1,Temperature,CURRENT,°C,19.98880859375
2026-09-04T04:05:00+00:00,22411528-2,RH,CURRENT,%,100
2026-09-04T04:05:00+00:00,22411528-3,Dew Point,CURRENT,°C,20.01578896172364
2026-09-04T04:05:00+00:00,22411529-1,Temperature,CURRENT,°C,19.967358398437504
2026-09-04T04:05:00+00:00,22411529-2,RH,CURRENT,%,100
2026-09-04T04:05:00+00:00,22411529-3,Dew Point,CURRENT,°C,19.994304578676207
2026-09-04T04:05:00+00:00,22411530-1,Temperature,CURRENT,°C,20.031708984374994
2026-09-04T04:05:00+00:00,22411530-2,RH,CURRENT,%,99.15770199130236
2026-09-04T04:05:00+00:00,22411530-3,Dew Point,CURRENT,°C,19.921929974359767
2026-09-04T04:05:00+00:00,22411541-S,Battery,CURRENT,V,8.260932861328126
2026-09-04T04:05:00+00:00,22447758-1,Temperature,CURRENT,°C,20.010258789062497
2026-09-04T04:05:00+00:00,22447758-2,RH,CURRENT,%,97.35408560311284
2026-09-04T04:05:00+00:00,22447758-3,Dew Point,CURRENT,°C,19.60407552343434
2026-09-04T04:05:00+00:00,22447759-1,Temperature,CURRENT,°C,19.924458007812497
2026-09-04T04:05:00+00:00,22447759-2,RH,CURRENT,%,98.03463797970551
2026-09-04T04:05:00+00:00,22447759-3,Dew Point,CURRENT,°C,19.63074843445721
2026-09-04T04:05:00+00:00,22447760-1,Temperature,CURRENT,°C,20.010258789062497
2026-09-04T04:05:00+00:00,22447760-2,RH,CURRENT,%,97.78896772716868
2026-09-04T04:05:00+00:00,22447760-3,Dew Point,CURRENT,°C,19.6759774506796
2026-09-04T04:05:00+00:00,22447761-1,Temperature,CURRENT,°C,19.98880859375
2026-09-04T04:05:00+00:00,22447761-2,RH,CURRENT,%,97.0641641870756
2026-09-04T04:05:00+00:00,22447761-3,Dew Point,CURRENT,°C,19.534580454299398
2026-09-04T04:05:00+00:00,22447762-1,Temperature,CURRENT,°C,19.967358398437504
2026-09-04T04:05:00+00:00,22447762-2,RH,CURRENT,%,97.06874189364461
2026-09-04T04:05:00+00:00,22447762-3,Dew Point,CURRENT,°C,19.51393627634161
2026-09-04T04:05:00+00:00,22447764-1,Temperature,CURRENT,°C,20.010258789062497
2026-09-04T04:05:00+00:00,22447764-2,RH,CURRENT,%,97.96139467460135
2026-09-04T04:05:00+00:00,22447764-3,Dew Point,CURRENT,°C,19.70440852986002
2026-09-04T04:05:00+00:00,22447765-1,Temperature,CURRENT,°C,20.031708984374994
2026-09-04T04:05:00+00:00,22447765-2,RH,CURRENT,%,97.11146715495536
2026-09-04T04:05:00+00:00,22447765-3,Dew Point,CURRENT,°C,19.585245171231836
2026-09-04T04:05:00+00:00,22447766-1,Temperature,CURRENT,°C,19.967358398437504
2026-09-04T04:05:00+00:00,22447766-2,RH,CURRENT,%,98.20553902494851
2026-09-04T04:05:00+00:00,22447766-3,Dew Point,CURRENT,°C,19.701718918008616
2026-09-04T04:10:00+00:00,22411189-1,Temperature,CURRENT,°C,19.945908203124993
2026-09-04T04:10:00+00:00,22411189-2,RH,CURRENT,%,100
2026-09-04T04:10:00+00:00,22411189-3,Dew Point,CURRENT,°C,19.972820195393734
2026-09-04T04:10:00+00:00,22411190-1,Temperature,CURRENT,°C,19.924458007812497
2026-09-04T04:10:00+00:00,22411190-2,RH,CURRENT,%,99.46288242923629
2026-09-04T04:10:00+00:00,22411190-3,Dew Point,CURRENT,°C,19.864272934475114
2026-09-04T04:10:00+00:00,22411191-1,Temperature,CURRENT,°C,20.031708984374994
2026-09-04T04:10:00+00:00,22411191-2,RH,CURRENT,%,100
2026-09-04T04:10:00+00:00,22411191-3,Dew Point,CURRENT,°C,20.058757727113314
2026-09-04T04:10:00+00:00,22411525-1,Temperature,CURRENT,°C,19.98880859375
2026-09-04T04:10:00+00:00,22411525-2,RH,CURRENT,%,98.78080415045396
2026-09-04T04:10:00+00:00,22411525-3,Dew Point,CURRENT,°C,19.81747244598813
2026-09-04T04:10:00+00:00,22411526-1,Temperature,CURRENT,°C,19.945908203124993
2026-09-04T04:10:00+00:00,22411526-2,RH,CURRENT,%,100
2026-09-04T04:10:00+00:00,22411526-3,Dew Point,CURRENT,°C,19.972820195393734
2026-09-04T04:10:00+00:00,22411527-1,Temperature,CURRENT,°C,20.010258789062497
2026-09-04T04:10:00+00:00,22411527-2,RH,CURRENT,%,98.82810711833372
2026-09-04T04:10:00+00:00,22411527-3,Dew Point,CURRENT,°C,19.84665925641321
2026-09-04T04:10:00+00:00,22411528-1,Temperature,CURRENT,°C,20.010258789062497
2026-09-04T04:10:00+00:00,22411528-2,RH,CURRENT,%,100
2026-09-04T04:10:00+00:00,22411528-3,Dew Point,CURRENT,°C,20.037273344536008
2026-09-04T04:10:00+00:00,22411529-1,Temperature,CURRENT,°C,19.98880859375
2026-09-04T04:10:00+00:00,22411529-2,RH,CURRENT,%,100
2026-09-04T04:10:00+00:00,22411529-3,Dew Point,CURRENT,°C,20.01578896172364
2026-09-04T04:10:00+00:00,22411530-1,Temperature,CURRENT,°C,20.053159179687505
2026-09-04T04:10:00+00:00,22411530-2,RH,CURRENT,%,99.09819180590524
2026-09-04T04:10:00+00:00,22411530-3,Dew Point,CURRENT,°C,19.9336843622229
2026-09-04T04:10:00+00:00,22411541-S,Battery,CURRENT,V,8.2577021484375
2026-09-04T04:10:00+00:00,22447758-1,Temperature,CURRENT,°C,20.031708984374994
2026-09-04T04:10:00+00:00,22447758-2,RH,CURRENT,%,97.15724422064545
2026-09-04T04:10:00+00:00,22447758-3,Dew Point,CURRENT,°C,19.592844834808652
2026-09-04T04:10:00+00:00,22447759-1,Temperature,CURRENT,°C,19.967358398437504
2026-09-04T04:10:00+00:00,22447759-2,RH,CURRENT,%,97.87899595635919
2026-09-04T04:10:00+00:00,22447759-3,Dew Point,CURRENT,°C,19.647974123972602
2026-09-04T04:10:00+00:00,22447760-1,Temperature,CURRENT,°C,20.053159179687505
2026-09-04T04:10:00+00:00,22447760-2,RH,CURRENT,%,97.62874799725337
2026-09-04T04:10:00+00:00,22447760-3,Dew Point,CURRENT,°C,19.692359427612402
2026-09-04T04:10:00+00:00,22447761-1,Temperature,CURRENT,°C,20.010258789062497
2026-09-04T04:10:00+00:00,22447761-2,RH,CURRENT,%,96.87647821774624
2026-09-04T04:10:00+00:00,22447761-3,Dew Point,CURRENT,°C,19.524785144304275
2026-09-04T04:10:00+00:00,22447762-1,Temperature,CURRENT,°C,19.98880859375
2026-09-04T04:10:00+00:00,22447762-2,RH,CURRENT,%,96.923781185626
2026-09-04T04:10:00+00:00,22447762-3,Dew Point,CURRENT,°C,19.511253080407187
2026-09-04T04:10:00+00:00,22447764-1,Temperature,CURRENT,°C,20.053159179687505
2026-09-04T04:10:00+00:00,22447764-2,RH,CURRENT,%,97.66536964980544
2026-09-04T04:10:00+00:00,22447764-3,Dew Point,CURRENT,°C,19.698412236660214
2026-09-04T04:10:00+00:00,22447765-1,Temperature,CURRENT,°C,20.053159179687505
2026-09-04T04:10:00+00:00,22447765-2,RH,CURRENT,%,96.87190051117723
2026-09-04T04:10:00+00:00,22447765-3,Dew Point,CURRENT,°C,19.56682130766528
2026-09-04T04:10:00+00:00,22447766-1,Temperature,CURRENT,°C,20.010258789062497
2026-09-04T04:10:00+00:00,22447766-2,RH,CURRENT,%,98.06668192568857
2026-09-04T04:10:00+00:00,22447766-3,Dew Point,CURRENT,°C,19.72174758560898
2026-09-04T04:15:00+00:00,22411189-1,Temperature,CURRENT,°C,19.924458007812497
2026-09-04T04:15:00+00:00,22411189-2,RH,CURRENT,%,100
2026-09-04T04:15:00+00:00,22411189-3,Dew Point,CURRENT,°C,19.951335811876213
2026-09-04T04:15:00+00:00,22411190-1,Temperature,CURRENT,°C,19.881557617187504
2026-09-04T04:15:00+00:00,22411190-2,RH,CURRENT,%,98.89219501029984
2026-09-04T04:15:00+00:00,22411190-3,Dew Point,CURRENT,°C,19.72840820575179
2026-09-04T04:15:00+00:00,22411191-1,Temperature,CURRENT,°C,20.096059570312498
2026-09-04T04:15:00+00:00,22411191-2,RH,CURRENT,%,100
2026-09-04T04:15:00+00:00,22411191-3,Dew Point,CURRENT,°C,20.123210873434957
2026-09-04T04:15:00+00:00,22411525-1,Temperature,CURRENT,°C,20.074609375
2026-09-04T04:15:00+00:00,22411525-2,RH,CURRENT,%,97.68215457389181
2026-09-04T04:15:00+00:00,22411525-3,Dew Point,CURRENT,°C,19.72260701939471
2026-09-04T04:15:00+00:00,22411526-1,Temperature,CURRENT,°C,19.860107421874993
2026-09-04T04:15:00+00:00,22411526-2,RH,CURRENT,%,100
2026-09-04T04:15:00+00:00,22411526-3,Dew Point,CURRENT,°C,19.88688265991333
2026-09-04T04:15:00+00:00,22411527-1,Temperature,CURRENT,°C,20.096059570312498
2026-09-04T04:15:00+00:00,22411527-2,RH,CURRENT,%,97.68673228046082
2026-09-04T04:15:00+00:00,22411527-3,Dew Point,CURRENT,°C,19.744784855535066
2026-09-04T04:15:00+00:00,22411528-1,Temperature,CURRENT,°C,19.924458007812497
2026-09-04T04:15:00+00:00,22411528-2,RH,CURRENT,%,100
2026-09-04T04:15:00+00:00,22411528-3,Dew Point,CURRENT,°C,19.951335811876213
2026-09-04T04:15:00+00:00,22411529-1,Temperature,CURRENT,°C,19.9030078125
2026-09-04T04:15:00+00:00,22411529-2,RH,CURRENT,%,100
2026-09-04T04:15:00+00:00,22411529-3,Dew Point,CURRENT,°C,19.929851428123644
2026-09-04T04:15:00+00:00,22411530-1,Temperature,CURRENT,°C,20.096059570312498
2026-09-04T04:15:00+00:00,22411530-2,RH,CURRENT,%,98.23147936217289
2026-09-04T04:15:00+00:00,22411530-3,Dew Point,CURRENT,°C,19.834599588831342
2026-09-04T04:15:00+00:00,22411541-S,Battery,CURRENT,V,8.2577021484375
2026-09-04T04:15:00+00:00,22447758-1,Temperature,CURRENT,°C,19.98880859375
2026-09-04T04:15:00+00:00,22447758-2,RH,CURRENT,%,96.31799801632715
2026-09-04T04:15:00+00:00,22447758-3,Dew Point,CURRENT,°C,19.41025022951139
2026-09-04T04:15:00+00:00,22447759-1,Temperature,CURRENT,°C,19.924458007812497
2026-09-04T04:15:00+00:00,22447759-2,RH,CURRENT,%,97.31746395056076
2026-09-04T04:15:00+00:00,22447759-3,Dew Point,CURRENT,°C,19.512362906059
2026-09-04T04:15:00+00:00,22447760-1,Temperature,CURRENT,°C,20.031708984374994
2026-09-04T04:15:00+00:00,22447760-2,RH,CURRENT,%,96.88105592431525
2026-09-04T04:15:00+00:00,22447760-3,Dew Point,CURRENT,°C,19.546945888338662
2026-09-04T04:15:00+00:00,22447761-1,Temperature,CURRENT,°C,19.98880859375
2026-09-04T04:15:00+00:00,22447761-2,RH,CURRENT,%,96.15014877546349
2026-09-04T04:15:00+00:00,22447761-3,Dew Point,CURRENT,°C,19.38216625006794
2026-09-04T04:15:00+00:00,22447762-1,Temperature,CURRENT,°C,19.945908203124993
2026-09-04T04:15:00+00:00,22447762-2,RH,CURRENT,%,96.25391012436103
2026-09-04T04:15:00+00:00,22447762-3,Dew Point,CURRENT,°C,19.356768778623813
2026-09-04T04:15:00+00:00,22447764-1,Temperature,CURRENT,°C,20.010258789062497
2026-09-04T04:15:00+00:00,22447764-2,RH,CURRENT,%,96.92683299000534
2026-09-04T04:15:00+00:00,22447764-3,Dew Point,CURRENT,°C,19.533160936588096
2026-09-04T04:15:00+00:00,22447765-1,Temperature,CURRENT,°C,20.053159179687505
2026-09-04T04:15:00+00:00,22447765-2,RH,CURRENT,%,96.1043717097734
2026-09-04T04:15:00+00:00,22447765-3,Dew Point,CURRENT,°C,19.43863228199382
2026-09-04T04:15:00+00:00,22447766-1,Temperature,CURRENT,°C,19.967358398437504
2026-09-04T04:15:00+00:00,22447766-2,RH,CURRENT,%,97.70962081330586
2026-09-04T04:15:00+00:00,22447766-3,Dew Point,CURRENT,°C,19.6200353565543
2026-09-04T04:20:00+00:00,22411189-1,Temperature,CURRENT,°C,19.945908203124993
2026-09-04T04:20:00+00:00,22411189-2,RH,CURRENT,%,100
2026-09-04T04:20:00+00:00,22411189-3,Dew Point,CURRENT,°C,19.972820195393734
2026-09-04T04:20:00+00:00,22411190-1,Temperature,CURRENT,°C,19.881557617187504
2026-09-04T04:20:00+00:00,22411190-2,RH,CURRENT,%,98.43900205996796
2026-09-04T04:20:00+00:00,22411190-3,Dew Point,CURRENT,°C,19.654280133987548
2026-09-04T04:20:00+00:00,22411191-1,Temperature,CURRENT,°C,20.117509765624995
2026-09-04T04:20:00+00:00,22411191-2,RH,CURRENT,%,99.78789959563592
2026-09-04T04:20:00+00:00,22411191-3,Dew Point,CURRENT,°C,20.110312739921948
2026-09-04T04:20:00+00:00,22411525-1,Temperature,CURRENT,°C,20.117509765624995
2026-09-04T04:20:00+00:00,22411525-2,RH,CURRENT,%,97.25642786297398
2026-09-04T04:20:00+00:00,22411525-3,Dew Point,CURRENT,°C,19.694938072949817
2026-09-04T04:20:00+00:00,22411526-1,Temperature,CURRENT,°C,19.838657226562496
2026-09-04T04:20:00+00:00,22411526-2,RH,CURRENT,%,100
2026-09-04T04:20:00+00:00,22411526-3,Dew Point,CURRENT,°C,19.865398275455597
2026-09-04T04:20:00+00:00,22411527-1,Temperature,CURRENT,°C,20.13895996093749
2026-09-04T04:20:00+00:00,22411527-2,RH,CURRENT,%,97.47768368047608
2026-09-04T04:20:00+00:00,22411527-3,Dew Point,CURRENT,°C,19.753033000826917
2026-09-04T04:20:00+00:00,22411528-1,Temperature,CURRENT,°C,19.881557617187504
2026-09-04T04:20:00+00:00,22411528-2,RH,CURRENT,%,100
2026-09-04T04:20:00+00:00,22411528-3,Dew Point,CURRENT,°C,19.908367044136018
2026-09-04T04:20:00+00:00,22411529-1,Temperature,CURRENT,°C,19.81720703125
2026-09-04T04:20:00+00:00,22411529-2,RH,CURRENT,%,100
2026-09-04T04:20:00+00:00,22411529-3,Dew Point,CURRENT,°C,19.843913890762824
2026-09-04T04:20:00+00:00,22411530-1,Temperature,CURRENT,°C,20.13895996093749
2026-09-04T04:20:00+00:00,22411530-2,RH,CURRENT,%,97.81948577096207
2026-09-04T04:20:00+00:00,22411530-3,Dew Point,CURRENT,°C,19.80956277636175
2026-09-04T04:20:00+00:00,22411541-S,Battery,CURRENT,V,8.2577021484375
2026-09-04T04:20:00+00:00,22447758-1,Temperature,CURRENT,°C,19.967358398437504
2026-09-04T04:20:00+00:00,22447758-2,RH,CURRENT,%,96.28290226596475
2026-09-04T04:20:00+00:00,22447758-3,Dew Point,CURRENT,°C,19.382999097806778
2026-09-04T04:20:00+00:00,22447759-1,Temperature,CURRENT,°C,19.9030078125
2026-09-04T04:20:00+00:00,22447759-2,RH,CURRENT,%,97.22438391699092
2026-09-04T04:20:00+00:00,22447759-3,Dew Point,CURRENT,°C,19.47553339862314
2026-09-04T04:20:00+00:00,22447760-1,Temperature,CURRENT,°C,20.010258789062497
2026-09-04T04:20:00+00:00,22447760-2,RH,CURRENT,%,96.74982833600366
2026-09-04T04:20:00+00:00,22447760-3,Dew Point,CURRENT,°C,19.50370191193852
2026-09-04T04:20:00+00:00,22447761-1,Temperature,CURRENT,°C,19.945908203124993
2026-09-04T04:20:00+00:00,22447761-2,RH,CURRENT,%,95.98992904554818
2026-09-04T04:20:00+00:00,22447761-3,Dew Point,CURRENT,°C,19.312569953247205
2026-09-04T04:20:00+00:00,22447762-1,Temperature,CURRENT,°C,19.924458007812497
2026-09-04T04:20:00+00:00,22447762-2,RH,CURRENT,%,96.14862287327382
2026-09-04T04:20:00+00:00,22447762-3,Dew Point,CURRENT,°C,19.317774223468376
2026-09-04T04:20:00+00:00,22447764-1,Temperature,CURRENT,°C,19.967358398437504
2026-09-04T04:20:00+00:00,22447764-2,RH,CURRENT,%,96.89173723964294
2026-09-04T04:20:00+00:00,22447764-3,Dew Point,CURRENT,°C,19.48452474994449
2026-09-04T04:20:00+00:00,22447765-1,Temperature,CURRENT,°C,20.010258789062497
2026-09-04T04:20:00+00:00,22447765-2,RH,CURRENT,%,96.00213626306554
2026-09-04T04:20:00+00:00,22447765-3,Dew Point,CURRENT,°C,19.378740421170388
2026-09-04T04:20:00+00:00,22447766-1,Temperature,CURRENT,°C,19.945908203124993
2026-09-04T04:20:00+00:00,22447766-2,RH,CURRENT,%,97.63790341039139
2026-09-04T04:20:00+00:00,22447766-3,Dew Point,CURRENT,°C,19.586772608555194
2026-09-04T04:25:00+00:00,22411189-1,Temperature,CURRENT,°C,19.9030078125
2026-09-04T04:25:00+00:00,22411189-2,RH,CURRENT,%,100
2026-09-04T04:25:00+00:00,22411189-3,Dew Point,CURRENT,°C,19.929851428123644
2026-09-04T04:25:00+00:00,22411190-1,Temperature,CURRENT,°C,19.838657226562496
2026-09-04T04:25:00+00:00,22411190-2,RH,CURRENT,%,98.3916990920882
2026-09-04T04:25:00+00:00,22411190-3,Dew Point,CURRENT,°C,19.603644196490432
2026-09-04T04:25:00+00:00,22411191-1,Temperature,CURRENT,°C,20.096059570312498
2026-09-04T04:25:00+00:00,22411191-2,RH,CURRENT,%,99.64751659418631
2026-09-04T04:25:00+00:00,22411191-3,Dew Point,CURRENT,°C,20.06604595144003
2026-09-04T04:25:00+00:00,22411525-1,Temperature,CURRENT,°C,20.096059570312498
2026-09-04T04:25:00+00:00,22411525-2,RH,CURRENT,%,97.13893339436942
2026-09-04T04:25:00+00:00,22411525-3,Dew Point,CURRENT,°C,19.654024150568628
2026-09-04T04:25:00+00:00,22411526-1,Temperature,CURRENT,°C,19.774306640624992
2026-09-04T04:25:00+00:00,22411526-2,RH,CURRENT,%,100
2026-09-04T04:25:00+00:00,22411526-3,Dew Point,CURRENT,°C,19.800945120672086
2026-09-04T04:25:00+00:00,22411527-1,Temperature,CURRENT,°C,20.117509765624995
2026-09-04T04:25:00+00:00,22411527-2,RH,CURRENT,%,97.1297779812314
2026-09-04T04:25:00+00:00,22411527-3,Dew Point,CURRENT,°C,19.673909461032146
2026-09-04T04:25:00+00:00,22411528-1,Temperature,CURRENT,°C,19.81720703125
2026-09-04T04:25:00+00:00,22411528-2,RH,CURRENT,%,100
2026-09-04T04:25:00+00:00,22411528-3,Dew Point,CURRENT,°C,19.843913890762824
2026-09-04T04:25:00+00:00,22411529-1,Temperature,CURRENT,°C,19.667055664062495
2026-09-04T04:25:00+00:00,22411529-2,RH,CURRENT,%,100
2026-09-04T04:25:00+00:00,22411529-3,Dew Point,CURRENT,°C,19.69352319133188
2026-09-04T04:25:00+00:00,22411530-1,Temperature,CURRENT,°C,20.117509765624995
2026-09-04T04:25:00+00:00,22411530-2,RH,CURRENT,%,97.69130998702983
2026-09-04T04:25:00+00:00,22411530-3,Dew Point,CURRENT,°C,19.766962907007724
2026-09-04T04:25:00+00:00,22411541-S,Battery,CURRENT,V,8.23831787109375
2026-09-04T04:25:00+00:00,22447758-1,Temperature,CURRENT,°C,19.881557617187504
2026-09-04T04:25:00+00:00,22447758-2,RH,CURRENT,%,96.33783474479286
2026-09-04T04:25:00+00:00,22447758-3,Dew Point,CURRENT,°C,19.30664584836945
2026-09-04T04:25:00+00:00,22447759-1,Temperature,CURRENT,°C,19.795756835937503
2026-09-04T04:25:00+00:00,22447759-2,RH,CURRENT,%,97.21217669947356
2026-09-04T04:25:00+00:00,22447759-3,Dew Point,CURRENT,°C,19.366468588925656
2026-09-04T04:25:00+00:00,22447760-1,Temperature,CURRENT,°C,19.9030078125
2026-09-04T04:25:00+00:00,22447760-2,RH,CURRENT,%,96.70710307469291
2026-09-04T04:25:00+00:00,22447760-3,Dew Point,CURRENT,°C,19.389612273907336
2026-09-04T04:25:00+00:00,22447761-1,Temperature,CURRENT,°C,19.838657226562496
2026-09-04T04:25:00+00:00,22447761-2,RH,CURRENT,%,95.94415197985809
2026-09-04T04:25:00+00:00,22447761-3,Dew Point,CURRENT,°C,19.198028750718105
2026-09-04T04:25:00+00:00,22447762-1,Temperature,CURRENT,°C,19.838657226562496
2026-09-04T04:25:00+00:00,22447762-2,RH,CURRENT,%,95.99298084992752
2026-09-04T04:25:00+00:00,22447762-3,Dew Point,CURRENT,°C,19.20620887177815
2026-09-04T04:25:00+00:00,22447764-1,Temperature,CURRENT,°C,19.881557617187504
2026-09-04T04:25:00+00:00,22447764-2,RH,CURRENT,%,96.72083619439994
2026-09-04T04:25:00+00:00,22447764-3,Dew Point,CURRENT,°C,19.370503795896514
2026-09-04T04:25:00+00:00,22447765-1,Temperature,CURRENT,°C,19.924458007812497
2026-09-04T04:25:00+00:00,22447765-2,RH,CURRENT,%,95.8281834134432
2026-09-04T04:25:00+00:00,22447765-3,Dew Point,CURRENT,°C,19.264066114211694
2026-09-04T04:25:00+00:00,22447766-1,Temperature,CURRENT,°C,19.881557617187504
2026-09-04T04:25:00+00:00,22447766-2,RH,CURRENT,%,97.72945754177157
2026-09-04T04:25:00+00:00,22447766-3,Dew Point,CURRENT,°C,19.537619343116038
2026-09-04T04:30:00+00:00,22411189-1,Temperature,CURRENT,°C,19.881557617187504
2026-09-04T04:30:00+00:00,22411189-2,RH,CURRENT,%,100
2026-09-04T04:30:00+00:00,22411189-3,Dew Point,CURRENT,°C,19.908367044136018
2026-09-04T04:30:00+00:00,22411190-1,Temperature,CURRENT,°C,19.838657226562496
2026-09-04T04:30:00+00:00,22411190-2,RH,CURRENT,%,98.23147936217289
2026-09-04T04:30:00+00:00,22411190-3,Dew Point,CURRENT,°C,19.57736357865598
2026-09-04T04:30:00+00:00,22411191-1,Temperature,CURRENT,°C,20.096059570312498
2026-09-04T04:30:00+00:00,22411191-2,RH,CURRENT,%,99.46898603799497
2026-09-04T04:30:00+00:00,22411191-3,Dew Point,CURRENT,°C,20.03702480148362
2026-09-04T04:30:00+00:00,22411525-1,Temperature,CURRENT,°C,20.117509765624995
2026-09-04T04:30:00+00:00,22411525-2,RH,CURRENT,%,96.88258182650492
2026-09-04T04:30:00+00:00,22411525-3,Dew Point,CURRENT,°C,19.63279648788365
2026-09-04T04:30:00+00:00,22411526-1,Temperature,CURRENT,°C,19.73140625
2026-09-04T04:30:00+00:00,22411526-2,RH,CURRENT,%,100
2026-09-04T04:30:00+00:00,22411526-3,Dew Point,CURRENT,°C,19.757976349641165
2026-09-04T04:30:00+00:00,22411527-1,Temperature,CURRENT,°C,20.13895996093749
2026-09-04T04:30:00+00:00,22411527-2,RH,CURRENT,%,97.06569008926527
2026-09-04T04:30:00+00:00,22411527-3,Dew Point,CURRENT,°C,19.684663560856535
2026-09-04T04:30:00+00:00,22411528-1,Temperature,CURRENT,°C,19.795756835937503
2026-09-04T04:30:00+00:00,22411528-2,RH,CURRENT,%,100
2026-09-04T04:30:00+00:00,22411528-3,Dew Point,CURRENT,°C,19.822429505834993
2026-09-04T04:30:00+00:00,22411529-1,Temperature,CURRENT,°C,19.624155273437502
2026-09-04T04:30:00+00:00,22411529-2,RH,CURRENT,%,100
2026-09-04T04:30:00+00:00,22411529-3,Dew Point,CURRENT,°C,19.650554417950442
2026-09-04T04:30:00+00:00,22411530-1,Temperature,CURRENT,°C,20.096059570312498
2026-09-04T04:30:00+00:00,22411530-2,RH,CURRENT,%,97.4914168001831
2026-09-04T04:30:00+00:00,22411530-3,Dew Point,CURRENT,°C,19.71247567198248
2026-09-04T04:30:00+00:00,22411541-S,Battery,CURRENT,V,8.244779296875
2026-09-04T04:30:00+00:00,22447758-1,Temperature,CURRENT,°C,19.752856445312496
2026-09-04T04:30:00+00:00,22447758-2,RH,CURRENT,%,96.39276722362096
2026-09-04T04:30:00+00:00,22447758-3,Dew Point,CURRENT,°C,19.18750426407395
2026-09-04T04:30:00+00:00,22447759-1,Temperature,CURRENT,°C,19.709956054687503
2026-09-04T04:30:00+00:00,22447759-2,RH,CURRENT,%,97.3205157549401
2026-09-04T04:30:00+00:00,22447759-3,Dew Point,CURRENT,°C,19.298754751198693
2026-09-04T04:30:00+00:00,22447760-1,Temperature,CURRENT,°C,19.795756835937503
2026-09-04T04:30:00+00:00,22447760-2,RH,CURRENT,%,96.70862897688258
2026-09-04T04:30:00+00:00,22447760-3,Dew Point,CURRENT,°C,19.282894138269278
2026-09-04T04:30:00+00:00,22447761-1,Temperature,CURRENT,°C,19.73140625
2026-09-04T04:30:00+00:00,22447761-2,RH,CURRENT,%,96.03112840466926
2026-09-04T04:30:00+00:00,22447761-3,Dew Point,CURRENT,°C,19.105718853232503
2026-09-04T04:30:00+00:00,22447762-1,Temperature,CURRENT,°C,19.752856445312496
2026-09-04T04:30:00+00:00,22447762-2,RH,CURRENT,%,96.07690547035935
2026-09-04T04:30:00+00:00,22447762-3,Dew Point,CURRENT,°C,19.13475230791194
2026-09-04T04:30:00+00:00,22447764-1,Temperature,CURRENT,°C,19.752856445312496
2026-09-04T04:30:00+00:00,22447764-2,RH,CURRENT,%,96.85969329365987
2026-09-04T04:30:00+00:00,22447764-3,Dew Point,CURRENT,°C,19.26520907723464
2026-09-04T04:30:00+00:00,22447765-1,Temperature,CURRENT,°C,19.81720703125
2026-09-04T04:30:00+00:00,22447765-2,RH,CURRENT,%,95.92431525139239
2026-09-04T04:30:00+00:00,22447765-3,Dew Point,CURRENT,°C,19.173331890738318
2026-09-04T04:30:00+00:00,22447766-1,Temperature,CURRENT,°C,19.774306640624992
2026-09-04T04:30:00+00:00,22447766-2,RH,CURRENT,%,97.5921263447013
2026-09-04T04:30:00+00:00,22447766-3,Dew Point,CURRENT,°C,19.407860168759978
2026-09-04T04:35:00+00:00,22411189-1,Temperature,CURRENT,°C,19.795756835937503
2026-09-04T04:35:00+00:00,22411189-2,RH,CURRENT,%,100
2026-09-04T04:35:00+00:00,22411189-3,Dew Point,CURRENT,°C,19.822429505834993
2026-09-04T04:35:00+00:00,22411190-1,Temperature,CURRENT,°C,19.795756835937503
2026-09-04T04:35:00+00:00,22411190-2,RH,CURRENT,%,98.2513160906386
2026-09-04T04:35:00+00:00,22411190-3,Dew Point,CURRENT,°C,19.537745589467967
2026-09-04T04:35:00+00:00,22411191-1,Temperature,CURRENT,°C,20.031708984374994
2026-09-04T04:35:00+00:00,22411191-2,RH,CURRENT,%,99.57885099565118
2026-09-04T04:35:00+00:00,22411191-3,Dew Point,CURRENT,°C,19.990470359589256
2026-09-04T04:35:00+00:00,22411525-1,Temperature,CURRENT,°C,20.031708984374994
2026-09-04T04:35:00+00:00,22411525-2,RH,CURRENT,%,97.03364614328221
2026-09-04T04:35:00+00:00,22411525-3,Dew Point,CURRENT,°C,19.572318549178853
2026-09-04T04:35:00+00:00,22411526-1,Temperature,CURRENT,°C,19.667055664062495
2026-09-04T04:35:00+00:00,22411526-2,RH,CURRENT,%,100
2026-09-04T04:35:00+00:00,22411526-3,Dew Point,CURRENT,°C,19.69352319133188
2026-09-04T04:35:00+00:00,22411527-1,Temperature,CURRENT,°C,20.053159179687505
2026-09-04T04:35:00+00:00,22411527-2,RH,CURRENT,%,97.2808422980087
2026-09-04T04:35:00+00:00,22411527-3,Dew Point,CURRENT,°C,19.634758486993114
2026-09-04T04:35:00+00:00,22411528-1,Temperature,CURRENT,°C,19.73140625
2026-09-04T04:35:00+00:00,22411528-2,RH,CURRENT,%,100
2026-09-04T04:35:00+00:00,22411528-3,Dew Point,CURRENT,°C,19.757976349641165
2026-09-04T04:35:00+00:00,22411529-1,Temperature,CURRENT,°C,19.559804687499998
2026-09-04T04:35:00+00:00,22411529-2,RH,CURRENT,%,100
2026-09-04T04:35:00+00:00,22411529-3,Dew Point,CURRENT,°C,19.586101256115374
2026-09-04T04:35:00+00:00,22411530-1,Temperature,CURRENT,°C,20.010258789062497
2026-09-04T04:35:00+00:00,22411530-2,RH,CURRENT,%,97.58144502937361
2026-09-04T04:35:00+00:00,22411530-3,Dew Point,CURRENT,°C,19.641701316952062
2026-09-04T04:35:00+00:00,22411541-S,Battery,CURRENT,V,8.25124072265625
2026-09-04T04:35:00+00:00,22447758-1,Temperature,CURRENT,°C,19.73140625
2026-09-04T04:35:00+00:00,22447758-2,RH,CURRENT,%,96.43396658274204
2026-09-04T04:35:00+00:00,22447758-3,Dew Point,CURRENT,°C,19.1729869411997
2026-09-04T04:35:00+00:00,22447759-1,Temperature,CURRENT,°C,19.709956054687503
2026-09-04T04:35:00+00:00,22447759-2,RH,CURRENT,%,97.34798199435416
2026-09-04T04:35:00+00:00,22447759-3,Dew Point,CURRENT,°C,19.303295002745536
2026-09-04T04:35:00+00:00,22447760-1,Temperature,CURRENT,°C,19.774306640624992
2026-09-04T04:35:00+00:00,22447760-2,RH,CURRENT,%,96.84138246738384
2026-09-04T04:35:00+00:00,22447760-3,Dew Point,CURRENT,°C,19.283566150942296
2026-09-04T04:35:00+00:00,22447761-1,Temperature,CURRENT,°C,19.709956054687503
2026-09-04T04:35:00+00:00,22447761-2,RH,CURRENT,%,96.15320057984283
2026-09-04T04:35:00+00:00,22447761-3,Dew Point,CURRENT,°C,19.104750084478695
2026-09-04T04:35:00+00:00,22447762-1,Temperature,CURRENT,°C,19.73140625
2026-09-04T04:35:00+00:00,22447762-2,RH,CURRENT,%,96.14404516670481
2026-09-04T04:35:00+00:00,22447762-3,Dew Point,CURRENT,°C,19.124599165444266
2026-09-04T04:35:00+00:00,22447764-1,Temperature,CURRENT,°C,19.709956054687503
2026-09-04T04:35:00+00:00,22447764-2,RH,CURRENT,%,96.95582513160906
2026-09-04T04:35:00+00:00,22447764-3,Dew Point,CURRENT,°C,19.23836380373166
2026-09-04T04:35:00+00:00,22447765-1,Temperature,CURRENT,°C,19.795756835937503
2026-09-04T04:35:00+00:00,22447765-2,RH,CURRENT,%,96.0845349813077
2026-09-04T04:35:00+00:00,22447765-3,Dew Point,CURRENT,°C,19.178782562786683
2026-09-04T04:35:00+00:00,22447766-1,Temperature,CURRENT,°C,19.774306640624992
2026-09-04T04:35:00+00:00,22447766-2,RH,CURRENT,%,97.43953612573434
2026-09-04T04:35:00+00:00,22447766-3,Dew Point,CURRENT,°C,19.382665045508425
2026-09-04T04:40:00+00:00,22411189-1,Temperature,CURRENT,°C,19.73140625
2026-09-04T04:40:00+00:00,22411189-2,RH,CURRENT,%,100
2026-09-04T04:40:00+00:00,22411189-3,Dew Point,CURRENT,°C,19.757976349641165
2026-09-04T04:40:00+00:00,22411190-1,Temperature,CURRENT,°C,19.73140625
2026-09-04T04:40:00+00:00,22411190-2,RH,CURRENT,%,98.26047150377661
2026-09-04T04:40:00+00:00,22411190-3,Dew Point,CURRENT,°C,19.47493608127588
2026-09-04T04:40:00+00:00,22411191-1,Temperature,CURRENT,°C,19.98880859375
2026-09-04T04:40:00+00:00,22411191-2,RH,CURRENT,%,99.68719005111772
2026-09-04T04:40:00+00:00,22411191-3,Dew Point,CURRENT,°C,19.96510926290376
2026-09-04T04:40:00+00:00,22411525-1,Temperature,CURRENT,°C,19.98880859375
2026-09-04T04:40:00+00:00,22411525-2,RH,CURRENT,%,97.14656290531777
2026-09-04T04:40:00+00:00,22411525-3,Dew Point,CURRENT,°C,19.548258868193727
2026-09-04T04:40:00+00:00,22411526-1,Temperature,CURRENT,°C,19.581254882812495
2026-09-04T04:40:00+00:00,22411526-2,RH,CURRENT,%,100
2026-09-04T04:40:00+00:00,22411526-3,Dew Point,CURRENT,°C,19.60758564362878
2026-09-04T04:40:00+00:00,22411527-1,Temperature,CURRENT,°C,20.010258789062497
2026-09-04T04:40:00+00:00,22411527-2,RH,CURRENT,%,97.37697413595788
2026-09-04T04:40:00+00:00,22411527-3,Dew Point,CURRENT,°C,19.60786683204659
2026-09-04T04:40:00+00:00,22411528-1,Temperature,CURRENT,°C,19.624155273437502
2026-09-04T04:40:00+00:00,22411528-2,RH,CURRENT,%,100
2026-09-04T04:40:00+00:00,22411528-3,Dew Point,CURRENT,°C,19.650554417950442
2026-09-04T04:40:00+00:00,22411529-1,Temperature,CURRENT,°C,19.3667529296875
2026-09-04T04:40:00+00:00,22411529-2,RH,CURRENT,%,100
2026-09-04T04:40:00+00:00,22411529-3,Dew Point,CURRENT,°C,19.3927417579174
2026-09-04T04:40:00+00:00,22411530-1,Temperature,CURRENT,°C,19.967358398437504
2026-09-04T04:40:00+00:00,22411530-2,RH,CURRENT,%,97.69588769359883
2026-09-04T04:40:00+00:00,22411530-3,Dew Point,CURRENT,°C,19.617768195042355
2026-09-04T04:40:00+00:00,22411541-S,Battery,CURRENT,V,8.23831787109375
2026-09-04T04:40:00+00:00,22447758-1,Temperature,CURRENT,°C,19.624155273437502
2026-09-04T04:40:00+00:00,22447758-2,RH,CURRENT,%,96.25391012436103
2026-09-04T04:40:00+00:00,22447758-3,Dew Point,CURRENT,°C,19.03604116421141
2026-09-04T04:40:00+00:00,22447759-1,Temperature,CURRENT,°C,19.581254882812495
2026-09-04T04:40:00+00:00,22447759-2,RH,CURRENT,%,97.11909666590371
2026-09-04T04:40:00+00:00,22447759-3,Dew Point,CURRENT,°C,19.136990165332605
2026-09-04T04:40:00+00:00,22447760-1,Temperature,CURRENT,°C,19.624155273437502
2026-09-04T04:40:00+00:00,22447760-2,RH,CURRENT,%,96.69336995498588
2026-09-04T04:40:00+00:00,22447760-3,Dew Point,CURRENT,°C,19.109203131582447
2026-09-04T04:40:00+00:00,22447761-1,Temperature,CURRENT,°C,19.559804687499998
2026-09-04T04:40:00+00:00,22447761-2,RH,CURRENT,%,96.00366216525521
2026-09-04T04:40:00+00:00,22447761-3,Dew Point,CURRENT,°C,18.930123915056917
2026-09-04T04:40:00+00:00,22447762-1,Temperature,CURRENT,°C,19.60270507812499
2026-09-04T04:40:00+00:00,22447762-2,RH,CURRENT,%,96.00213626306554
2026-09-04T04:40:00+00:00,22447762-3,Dew Point,CURRENT,°C,18.9726187630989
2026-09-04T04:40:00+00:00,22447764-1,Temperature,CURRENT,°C,19.60270507812499
2026-09-04T04:40:00+00:00,22447764-2,RH,CURRENT,%,96.70710307469291
2026-09-04T04:40:00+00:00,22447764-3,Dew Point,CURRENT,°C,19.0900902731239
2026-09-04T04:40:00+00:00,22447765-1,Temperature,CURRENT,°C,19.68850585937499
2026-09-04T04:40:00+00:00,22447765-2,RH,CURRENT,%,95.88769359884031
2026-09-04T04:40:00+00:00,22447765-3,Dew Point,CURRENT,°C,19.038964374215194
2026-09-04T04:40:00+00:00,22447766-1,Temperature,CURRENT,°C,19.64560546875
2026-09-04T04:40:00+00:00,22447766-2,RH,CURRENT,%,96.98786907759212
2026-09-04T04:40:00+00:00,22447766-3,Dew Point,CURRENT,°C,19.179471418199707
2026-09-04T04:45:00+00:00,22411189-1,Temperature,CURRENT,°C,19.68850585937499
2026-09-04T04:45:00+00:00,22411189-2,RH,CURRENT,%,100
2026-09-04T04:45:00+00:00,22411189-3,Dew Point,CURRENT,°C,19.715007577670026
2026-09-04T04:45:00+00:00,22411190-1,Temperature,CURRENT,°C,19.709956054687503
2026-09-04T04:45:00+00:00,22411190-2,RH,CURRENT,%,98.43289845120928
2026-09-04T04:45:00+00:00,22411190-3,Dew Point,CURRENT,°C,19.481744764638893
2026-09-04T04:45:00+00:00,22411191-1,Temperature,CURRENT,°C,19.924458007812497
2026-09-04T04:45:00+00:00,22411191-2,RH,CURRENT,%,100
2026-09-04T04:45:00+00:00,22411191-3,Dew Point,CURRENT,°C,19.951335811876213
2026-09-04T04:45:00+00:00,22411525-1,Temperature,CURRENT,°C,19.9030078125
2026-09-04T04:45:00+00:00,22411525-2,RH,CURRENT,%,97.50362401770046
2026-09-04T04:45:00+00:00,22411525-3,Dew Point,CURRENT,°C,19.52174953941623
2026-09-04T04:45:00+00:00,22411526-1,Temperature,CURRENT,°C,19.559804687499998
2026-09-04T04:45:00+00:00,22411526-2,RH,CURRENT,%,100
2026-09-04T04:45:00+00:00,22411526-3,Dew Point,CURRENT,°C,19.586101256115374
2026-09-04T04:45:00+00:00,22411527-1,Temperature,CURRENT,°C,19.945908203124993
2026-09-04T04:45:00+00:00,22411527-2,RH,CURRENT,%,97.66842145418478
2026-09-04T04:45:00+00:00,22411527-3,Dew Point,CURRENT,°C,19.59181214384181
2026-09-04T04:45:00+00:00,22411528-1,Temperature,CURRENT,°C,19.60270507812499
2026-09-04T04:45:00+00:00,22411528-2,RH,CURRENT,%,100
2026-09-04T04:45:00+00:00,22411528-3,Dew Point,CURRENT,°C,19.629070030907126
2026-09-04T04:45:00+00:00,22411529-1,Temperature,CURRENT,°C,19.323852539062493
2026-09-04T04:45:00+00:00,22411529-2,RH,CURRENT,%,100
2026-09-04T04:45:00+00:00,22411529-3,Dew Point,CURRENT,°C,19.349772977954483
2026-09-04T04:45:00+00:00,22411530-1,Temperature,CURRENT,°C,19.9030078125
2026-09-04T04:45:00+00:00,22411530-2,RH,CURRENT,%,98.05294880598154
2026-09-04T04:45:00+00:00,22411530-3,Dew Point,CURRENT,°C,19.61232965787171
2026-09-04T04:45:00+00:00,22411541-S,Battery,CURRENT,V,8.23831787109375
2026-09-04T04:45:00+00:00,22447758-1,Temperature,CURRENT,°C,19.64560546875
2026-09-04T04:45:00+00:00,22447758-2,RH,CURRENT,%,96.68116273746853
2026-09-04T04:45:00+00:00,22447758-3,Dew Point,CURRENT,°C,19.12856853954091
2026-09-04T04:45:00+00:00,22447759-1,Temperature,CURRENT,°C,19.60270507812499
2026-09-04T04:45:00+00:00,22447759-2,RH,CURRENT,%,97.46700236514839
2026-09-04T04:45:00+00:00,22447759-3,Dew Point,CURRENT,°C,19.215879320655144
2026-09-04T04:45:00+00:00,22447760-1,Temperature,CURRENT,°C,19.64560546875
2026-09-04T04:45:00+00:00,22447760-2,RH,CURRENT,%,97.19386587319752
2026-09-04T04:45:00+00:00,22447760-3,Dew Point,CURRENT,°C,19.21358092107224
2026-09-04T04:45:00+00:00,22447761-1,Temperature,CURRENT,°C,19.581254882812495
2026-09-04T04:45:00+00:00,22447761-2,RH,CURRENT,%,96.53315022507057
2026-09-04T04:45:00+00:00,22447761-3,Dew Point,CURRENT,°C,19.03978392935374
2026-09-04T04:45:00+00:00,22447762-1,Temperature,CURRENT,°C,19.624155273437502
2026-09-04T04:45:00+00:00,22447762-2,RH,CURRENT,%,96.44159609369039
2026-09-04T04:45:00+00:00,22447762-3,Dew Point,CURRENT,°C,19.067323100683232
2026-09-04T04:45:00+00:00,22447764-1,Temperature,CURRENT,°C,19.624155273437502
2026-09-04T04:45:00+00:00,22447764-2,RH,CURRENT,%,97.17860685130083
2026-09-04T04:45:00+00:00,22447764-3,Dew Point,CURRENT,°C,19.189648964179366
2026-09-04T04:45:00+00:00,22447765-1,Temperature,CURRENT,°C,19.667055664062495
2026-09-04T04:45:00+00:00,22447765-2,RH,CURRENT,%,96.37445639734493
2026-09-04T04:45:00+00:00,22447765-3,Dew Point,CURRENT,°C,19.09890942999599
2026-09-04T04:45:00+00:00,22447766-1,Temperature,CURRENT,°C,19.667055664062495
2026-09-04T04:45:00+00:00,22447766-2,RH,CURRENT,%,97.43495841916533
2026-09-04T04:45:00+00:00,22447766-3,Dew Point,CURRENT,°C,19.274835991945043
2026-09-04T04:50:00+00:00,22411189-1,Temperature,CURRENT,°C,19.73140625
2026-09-04T04:50:00+00:00,22411189-2,RH,CURRENT,%,100
2026-09-04T04:50:00+00:00,22411189-3,Dew Point,CURRENT,°C,19.757976349641165
2026-09-04T04:50:00+00:00,22411190-1,Temperature,CURRENT,°C,19.73140625
2026-09-04T04:50:00+00:00,22411190-2,RH,CURRENT,%,98.30472266727703
2026-09-04T04:50:00+00:00,22411190-3,Dew Point,CURRENT,°C,19.48219036088419
2026-09-04T04:50:00+00:00,22411191-1,Temperature,CURRENT,°C,19.924458007812497
2026-09-04T04:50:00+00:00,22411191-2,RH,CURRENT,%,99.92217898832685
2026-09-04T04:50:00+00:00,22411191-3,Dew Point,CURRENT,°C,19.93874695858859
2026-09-04T04:50:00+00:00,22411525-1,Temperature,CURRENT,°C,19.924458007812497
2026-09-04T04:50:00+00:00,22411525-2,RH,CURRENT,%,97.45326924544136
2026-09-04T04:50:00+00:00,22411525-3,Dew Point,CURRENT,°C,19.534839027953982
2026-09-04T04:50:00+00:00,22411526-1,Temperature,CURRENT,°C,19.581254882812495
2026-09-04T04:50:00+00:00,22411526-2,RH,CURRENT,%,100
2026-09-04T04:50:00+00:00,22411526-3,Dew Point,CURRENT,°C,19.60758564362878
2026-09-04T04:50:00+00:00,22411527-1,Temperature,CURRENT,°C,19.945908203124993
2026-09-04T04:50:00+00:00,22411527-2,RH,CURRENT,%,97.68673228046082
2026-09-04T04:50:00+00:00,22411527-3,Dew Point,CURRENT,°C,19.59483520395192
2026-09-04T04:50:00+00:00,22411528-1,Temperature,CURRENT,°C,19.64560546875
2026-09-04T04:50:00+00:00,22411528-2,RH,CURRENT,%,100
2026-09-04T04:50:00+00:00,22411528-3,Dew Point,CURRENT,°C,19.67203880475869
2026-09-04T04:50:00+00:00,22411529-1,Temperature,CURRENT,°C,19.388203124999997
2026-09-04T04:50:00+00:00,22411529-2,RH,CURRENT,%,100
2026-09-04T04:50:00+00:00,22411529-3,Dew Point,CURRENT,°C,19.414226147546255
2026-09-04T04:50:00+00:00,22411530-1,Temperature,CURRENT,°C,19.9030078125
2026-09-04T04:50:00+00:00,22411530-2,RH,CURRENT,%,97.88967727168688
2026-09-04T04:50:00+00:00,22411530-3,Dew Point,CURRENT,°C,19.585453687245025
2026-09-04T04:50:00+00:00,22411541-S,Battery,CURRENT,V,8.244779296875
2026-09-04T04:50:00+00:00,22447758-1,Temperature,CURRENT,°C,19.709956054687503
2026-09-04T04:50:00+00:00,22447758-2,RH,CURRENT,%,96.2554360265507
2026-09-04T04:50:00+00:00,22447758-3,Dew Point,CURRENT,°C,19.12182343014552
2026-09-04T04:50:00+00:00,22447759-1,Temperature,CURRENT,°C,19.667055664062495
2026-09-04T04:50:00+00:00,22447759-2,RH,CURRENT,%,97.07331960021362
2026-09-04T04:50:00+00:00,22447759-3,Dew Point,CURRENT,°C,19.215032816371533
2026-09-04T04:50:00+00:00,22447760-1,Temperature,CURRENT,°C,19.709956054687503
2026-09-04T04:50:00+00:00,22447760-2,RH,CURRENT,%,96.78644998855573
2026-09-04T04:50:00+00:00,22447760-3,Dew Point,CURRENT,°C,19.210248521233076
2026-09-04T04:50:00+00:00,22447761-1,Temperature,CURRENT,°C,19.624155273437502
2026-09-04T04:50:00+00:00,22447761-2,RH,CURRENT,%,96.07232776379034
2026-09-04T04:50:00+00:00,22447761-3,Dew Point,CURRENT,°C,19.005725692953817
2026-09-04T04:50:00+00:00,22447762-1,Temperature,CURRENT,°C,19.667055664062495
2026-09-04T04:50:00+00:00,22447762-2,RH,CURRENT,%,95.9487296864271
2026-09-04T04:50:00+00:00,22447762-3,Dew Point,CURRENT,°C,19.0278089175243
2026-09-04T04:50:00+00:00,22447764-1,Temperature,CURRENT,°C,19.667055664062495
2026-09-04T04:50:00+00:00,22447764-2,RH,CURRENT,%,96.92225528343633
2026-09-04T04:50:00+00:00,22447764-3,Dew Point,CURRENT,°C,19.18999401481033
2026-09-04T04:50:00+00:00,22447765-1,Temperature,CURRENT,°C,19.73140625
2026-09-04T04:50:00+00:00,22447765-2,RH,CURRENT,%,96.15777828641184
2026-09-04T04:50:00+00:00,22447765-3,Dew Point,CURRENT,°C,19.12689409627603
2026-09-04T04:50:00+00:00,22447766-1,Temperature,CURRENT,°C,19.73140625
2026-09-04T04:50:00+00:00,22447766-2,RH,CURRENT,%,97.25185015640497
2026-09-04T04:50:00+00:00,22447766-3,Dew Point,CURRENT,°C,19.308808706330787
2026-09-04T04:55:00+00:00,22411189-1,Temperature,CURRENT,°C,19.60270507812499
2026-09-04T04:55:00+00:00,22411189-2,RH,CURRENT,%,100
2026-09-04T04:55:00+00:00,22411189-3,Dew Point,CURRENT,°C,19.629070030907126
2026-09-04T04:55:00+00:00,22411190-1,Temperature,CURRENT,°C,19.64560546875
2026-09-04T04:55:00+00:00,22411190-2,RH,CURRENT,%,98.4924086366064
2026-09-04T04:55:00+00:00,22411190-3,Dew Point,CURRENT,°C,19.427152740266475
2026-09-04T04:55:00+00:00,22411191-1,Temperature,CURRENT,°C,19.838657226562496
2026-09-04T04:55:00+00:00,22411191-2,RH,CURRENT,%,100
2026-09-04T04:55:00+00:00,22411191-3,Dew Point,CURRENT,°C,19.865398275455597
2026-09-04T04:55:00+00:00,22411525-1,Temperature,CURRENT,°C,19.81720703125
2026-09-04T04:55:00+00:00,22411525-2,RH,CURRENT,%,97.76607919432364
2026-09-04T04:55:00+00:00,22411525-3,Dew Point,CURRENT,°C,19.479387841159134
2026-09-04T04:55:00+00:00,22411526-1,Temperature,CURRENT,°C,19.474003906249997
2026-09-04T04:55:00+00:00,22411526-2,RH,CURRENT,%,100
2026-09-04T04:55:00+00:00,22411526-3,Dew Point,CURRENT,°C,19.500163703711227
2026-09-04T04:55:00+00:00,22411527-1,Temperature,CURRENT,°C,19.860107421874993
2026-09-04T04:55:00+00:00,22411527-2,RH,CURRENT,%,98.0498970016022
2026-09-04T04:55:00+00:00,22411527-3,Dew Point,CURRENT,°C,19.568964902987616
2026-09-04T04:55:00+00:00,22411528-1,Temperature,CURRENT,°C,19.516904296875005
2026-09-04T04:55:00+00:00,22411528-2,RH,CURRENT,%,100
2026-09-04T04:55:00+00:00,22411528-3,Dew Point,CURRENT,°C,19.543132480383413
2026-09-04T04:55:00+00:00,22411529-1,Temperature,CURRENT,°C,19.259501953125003
2026-09-04T04:55:00+00:00,22411529-2,RH,CURRENT,%,100
2026-09-04T04:55:00+00:00,22411529-3,Dew Point,CURRENT,°C,19.285319806247255
2026-09-04T04:55:00+00:00,22411530-1,Temperature,CURRENT,°C,19.81720703125
2026-09-04T04:55:00+00:00,22411530-2,RH,CURRENT,%,98.3062485694667
2026-09-04T04:55:00+00:00,22411530-3,Dew Point,CURRENT,°C,19.5681941227983
2026-09-04T04:55:00+00:00,22411541-S,Battery,CURRENT,V,8.244779296875
2026-09-04T04:55:00+00:00,22447758-1,Temperature,CURRENT,°C,19.581254882812495
2026-09-04T04:55:00+00:00,22447758-2,RH,CURRENT,%,96.47821774624246
2026-09-04T04:55:00+00:00,22447758-3,Dew Point,CURRENT,°C,19.03064439898926
2026-09-04T04:55:00+00:00,22447759-1,Temperature,CURRENT,°C,19.5383544921875
2026-09-04T04:55:00+00:00,22447759-2,RH,CURRENT,%,97.1801327534905
2026-09-04T04:55:00+00:00,22447759-3,Dew Point,CURRENT,°C,19.104271161035268
2026-09-04T04:55:00+00:00,22447760-1,Temperature,CURRENT,°C,19.60270507812499
2026-09-04T04:55:00+00:00,22447760-2,RH,CURRENT,%,96.91004806591897
2026-09-04T04:55:00+00:00,22447760-3,Dew Point,CURRENT,°C,19.12376893466627
2026-09-04T04:55:00+00:00,22447761-1,Temperature,CURRENT,°C,19.5383544921875
2026-09-04T04:55:00+00:00,22447761-2,RH,CURRENT,%,96.30884260318913
2026-09-04T04:55:00+00:00,22447761-3,Dew Point,CURRENT,°C,18.959668573340906
2026-09-04T04:55:00+00:00,22447762-1,Temperature,CURRENT,°C,19.581254882812495
2026-09-04T04:55:00+00:00,22447762-2,RH,CURRENT,%,96.16235599298085
2026-09-04T04:55:00+00:00,22447762-3,Dew Point,CURRENT,°C,18.97800357128713
2026-09-04T04:55:00+00:00,22447764-1,Temperature,CURRENT,°C,19.559804687499998
2026-09-04T04:55:00+00:00,22447764-2,RH,CURRENT,%,97.03212024109254
2026-09-04T04:55:00+00:00,22447764-3,Dew Point,CURRENT,°C,19.101190121844382
2026-09-04T04:55:00+00:00,22447765-1,Temperature,CURRENT,°C,19.624155273437502
2026-09-04T04:55:00+00:00,22447765-2,RH,CURRENT,%,96.14557106889448
2026-09-04T04:55:00+00:00,22447765-3,Dew Point,CURRENT,°C,19.017959809546923
2026-09-04T04:55:00+00:00,22447766-1,Temperature,CURRENT,°C,19.60270507812499
2026-09-04T04:55:00+00:00,22447766-2,RH,CURRENT,%,97.34798199435416
2026-09-04T04:55:00+00:00,22447766-3,Dew Point,CURRENT,°C,19.19623421546033
2026-09-04T05:00:00+00:00,22411189-1,Temperature,CURRENT,°C,19.709956054687503
2026-09-04T05:00:00+00:00,22411189-2,RH,CURRENT,%,100
2026-09-04T05:00:00+00:00,22411189-3,Dew Point,CURRENT,°C,19.73649196377313
2026-09-04T05:00:00+00:00,22411190-1,Temperature,CURRENT,°C,19.73140625
2026-09-04T05:00:00+00:00,22411190-2,RH,CURRENT,%,98.52597848477913
2026-09-04T05:00:00+00:00,22411190-3,Dew Point,CURRENT,°C,19.51841897116719
2026-09-04T05:00:00+00:00,22411191-1,Temperature,CURRENT,°C,19.945908203124993
2026-09-04T05:00:00+00:00,22411191-2,RH,CURRENT,%,100
2026-09-04T05:00:00+00:00,22411191-3,Dew Point,CURRENT,°C,19.972820195393734
2026-09-04T05:00:00+00:00,22411525-1,Temperature,CURRENT,°C,19.924458007812497
2026-09-04T05:00:00+00:00,22411525-2,RH,CURRENT,%,97.60585946440833
2026-09-04T05:00:00+00:00,22411525-3,Dew Point,CURRENT,°C,19.56006043653548
2026-09-04T05:00:00+00:00,22411526-1,Temperature,CURRENT,°C,19.559804687499998
2026-09-04T05:00:00+00:00,22411526-2,RH,CURRENT,%,100
2026-09-04T05:00:00+00:00,22411526-3,Dew Point,CURRENT,°C,19.586101256115374
2026-09-04T05:00:00+00:00,22411527-1,Temperature,CURRENT,°C,19.967358398437504
2026-09-04T05:00:00+00:00,22411527-2,RH,CURRENT,%,97.65163653009841
2026-09-04T05:00:00+00:00,22411527-3,Dew Point,CURRENT,°C,19.610461000215604
2026-09-04T05:00:00+00:00,22411528-1,Temperature,CURRENT,°C,19.624155273437502
2026-09-04T05:00:00+00:00,22411528-2,RH,CURRENT,%,100
2026-09-04T05:00:00+00:00,22411528-3,Dew Point,CURRENT,°C,19.650554417950442
2026-09-04T05:00:00+00:00,22411529-1,Temperature,CURRENT,°C,19.323852539062493
2026-09-04T05:00:00+00:00,22411529-2,RH,CURRENT,%,100
2026-09-04T05:00:00+00:00,22411529-3,Dew Point,CURRENT,°C,19.349772977954483
2026-09-04T05:00:00+00:00,22411530-1,Temperature,CURRENT,°C,19.9030078125
2026-09-04T05:00:00+00:00,22411530-2,RH,CURRENT,%,98.17807278553445
2026-09-04T05:00:00+00:00,22411530-3,Dew Point,CURRENT,°C,19.632899716578493
2026-09-04T05:00:00+00:00,22411541-S,Battery,CURRENT,V,8.235087158203125
2026-09-04T05:00:00+00:00,22447758-1,Temperature,CURRENT,°C,19.60270507812499
2026-09-04T05:00:00+00:00,22447758-2,RH,CURRENT,%,96.86427100022888
2026-09-04T05:00:00+00:00,22447758-3,Dew Point,CURRENT,°C,19.1161776371888
2026-09-04T05:00:00+00:00,22447759-1,Temperature,CURRENT,°C,19.60270507812499
2026-09-04T05:00:00+00:00,22447759-2,RH,CURRENT,%,97.46242465857938
2026-09-04T05:00:00+00:00,22447759-3,Dew Point,CURRENT,°C,19.215124127853727
2026-09-04T05:00:00+00:00,22447760-1,Temperature,CURRENT,°C,19.624155273437502
2026-09-04T05:00:00+00:00,22447760-2,RH,CURRENT,%,97.26710917830167
2026-09-04T05:00:00+00:00,22447760-3,Dew Point,CURRENT,°C,19.20428356797623
2026-09-04T05:00:00+00:00,22447761-1,Temperature,CURRENT,°C,19.5383544921875
2026-09-04T05:00:00+00:00,22447761-2,RH,CURRENT,%,96.7223620965896
2026-09-04T05:00:00+00:00,22447761-3,Dew Point,CURRENT,°C,19.02843990264291
2026-09-04T05:00:00+00:00,22447762-1,Temperature,CURRENT,°C,19.60270507812499
2026-09-04T05:00:00+00:00,22447762-2,RH,CURRENT,%,96.41412985427634
2026-09-04T05:00:00+00:00,22447762-3,Dew Point,CURRENT,°C,19.041362225415195
2026-09-04T05:00:00+00:00,22447764-1,Temperature,CURRENT,°C,19.581254882812495
2026-09-04T05:00:00+00:00,22447764-2,RH,CURRENT,%,97.45326924544136
2026-09-04T05:00:00+00:00,22447764-3,Dew Point,CURRENT,°C,19.192198575840308
2026-09-04T05:00:00+00:00,22447765-1,Temperature,CURRENT,°C,19.624155273437502
2026-09-04T05:00:00+00:00,22447765-2,RH,CURRENT,%,96.68421454184787
2026-09-04T05:00:00+00:00,22447765-3,Dew Point,CURRENT,°C,19.107681893854938
2026-09-04T05:00:00+00:00,22447766-1,Temperature,CURRENT,°C,19.624155273437502
2026-09-04T05:00:00+00:00,22447766-2,RH,CURRENT,%,97.45784695201037
2026-09-04T05:00:00+00:00,22447766-3,Dew Point,CURRENT,°C,19.2357840972411
2026-09-04T05:05:00+00:00,22411189-1,Temperature,CURRENT,°C,19.709956054687503
2026-09-04T05:05:00+00:00,22411189-2,RH,CURRENT,%,100
2026-09-04T05:05:00+00:00,22411189-3,Dew Point,CURRENT,°C,19.73649196377313
2026-09-04T05:05:00+00:00,22411190-1,Temperature,CURRENT,°C,19.73140625
2026-09-04T05:05:00+00:00,22411190-2,RH,CURRENT,%,98.2009613183795
2026-09-04T05:05:00+00:00,22411190-3,Dew Point,CURRENT,°C,19.46517581905036
2026-09-04T05:05:00+00:00,22411191-1,Temperature,CURRENT,°C,19.967358398437504
2026-09-04T05:05:00+00:00,22411191-2,RH,CURRENT,%,99.8489356832227
2026-09-04T05:05:00+00:00,22411191-3,Dew Point,CURRENT,°C,19.969851404638895
2026-09-04T05:05:00+00:00,22411525-1,Temperature,CURRENT,°C,19.924458007812497
2026-09-04T05:05:00+00:00,22411525-2,RH,CURRENT,%,97.35408560311284
2026-09-04T05:05:00+00:00,22411525-3,Dew Point,CURRENT,°C,19.518426582951545
2026-09-04T05:05:00+00:00,22411526-1,Temperature,CURRENT,°C,19.559804687499998
2026-09-04T05:05:00+00:00,22411526-2,RH,CURRENT,%,100
2026-09-04T05:05:00+00:00,22411526-3,Dew Point,CURRENT,°C,19.586101256115374
2026-09-04T05:05:00+00:00,22411527-1,Temperature,CURRENT,°C,19.967358398437504
2026-09-04T05:05:00+00:00,22411527-2,RH,CURRENT,%,97.54634927901121
2026-09-04T05:05:00+00:00,22411527-3,Dew Point,CURRENT,°C,19.59306326585651
2026-09-04T05:05:00+00:00,22411528-1,Temperature,CURRENT,°C,19.60270507812499
2026-09-04T05:05:00+00:00,22411528-2,RH,CURRENT,%,100
2026-09-04T05:05:00+00:00,22411528-3,Dew Point,CURRENT,°C,19.629070030907126
2026-09-04T05:05:00+00:00,22411529-1,Temperature,CURRENT,°C,19.323852539062493
2026-09-04T05:05:00+00:00,22411529-2,RH,CURRENT,%,100
2026-09-04T05:05:00+00:00,22411529-3,Dew Point,CURRENT,°C,19.349772977954483
2026-09-04T05:05:00+00:00,22411530-1,Temperature,CURRENT,°C,19.924458007812497
2026-09-04T05:05:00+00:00,22411530-2,RH,CURRENT,%,97.94766155489432
2026-09-04T05:05:00+00:00,22411530-3,Dew Point,CURRENT,°C,19.61643148103047
2026-09-04T05:05:00+00:00,22411541-S,Battery,CURRENT,V,8.228625732421875
2026-09-04T05:05:00+00:00,22447758-1,Temperature,CURRENT,°C,19.68850585937499
2026-09-04T05:05:00+00:00,22447758-2,RH,CURRENT,%,96.20050354772259
2026-09-04T05:05:00+00:00,22447758-3,Dew Point,CURRENT,°C,19.091271274079222
2026-09-04T05:05:00+00:00,22447759-1,Temperature,CURRENT,°C,19.667055664062495
2026-09-04T05:05:00+00:00,22447759-2,RH,CURRENT,%,96.86732280460822
2026-09-04T05:05:00+00:00,22447759-3,Dew Point,CURRENT,°C,19.18088053073247
2026-09-04T05:05:00+00:00,22447760-1,Temperature,CURRENT,°C,19.709956054687503
2026-09-04T05:05:00+00:00,22447760-2,RH,CURRENT,%,96.68879224841687
2026-09-04T05:05:00+00:00,22447760-3,Dew Point,CURRENT,°C,19.194018338587497
2026-09-04T05:05:00+00:00,22447761-1,Temperature,CURRENT,°C,19.581254882812495
2026-09-04T05:05:00+00:00,22447761-2,RH,CURRENT,%,96.25391012436103
2026-09-04T05:05:00+00:00,22447761-3,Dew Point,CURRENT,°C,18.993277333392978
2026-09-04T05:05:00+00:00,22447762-1,Temperature,CURRENT,°C,19.68850585937499
2026-09-04T05:05:00+00:00,22447762-2,RH,CURRENT,%,95.78240634775311
2026-09-04T05:05:00+00:00,22447762-3,Dew Point,CURRENT,°C,19.021325052958083
2026-09-04T05:05:00+00:00,22447764-1,Temperature,CURRENT,°C,19.667055664062495
2026-09-04T05:05:00+00:00,22447764-2,RH,CURRENT,%,96.63080796520943
2026-09-04T05:05:00+00:00,22447764-3,Dew Point,CURRENT,°C,19.141590203497163
2026-09-04T05:05:00+00:00,22447765-1,Temperature,CURRENT,°C,19.73140625
2026-09-04T05:05:00+00:00,22447765-2,RH,CURRENT,%,95.9334706645304
2026-09-04T05:05:00+00:00,22447765-3,Dew Point,CURRENT,°C,19.08937426517437
2026-09-04T05:05:00+00:00,22447766-1,Temperature,CURRENT,°C,19.709956054687503
2026-09-04T05:05:00+00:00,22447766-2,RH,CURRENT,%,96.93598840314336
2026-09-04T05:05:00+00:00,22447766-3,Dew Point,CURRENT,°C,19.235073245342104
2026-09-04T05:10:00+00:00,22411189-1,Temperature,CURRENT,°C,19.709956054687503
2026-09-04T05:10:00+00:00,22411189-2,RH,CURRENT,%,100
2026-09-04T05:10:00+00:00,22411189-3,Dew Point,CURRENT,°C,19.73649196377313
2026-09-04T05:10:00+00:00,22411190-1,Temperature,CURRENT,°C,19.752856445312496
2026-09-04T05:10:00+00:00,22411190-2,RH,CURRENT,%,98.03616388189518
2026-09-04T05:10:00+00:00,22411190-3,Dew Point,CURRENT,°C,19.459551407847904
2026-09-04T05:10:00+00:00,22411191-1,Temperature,CURRENT,°C,19.945908203124993
2026-09-04T05:10:00+00:00,22411191-2,RH,CURRENT,%,99.75738155184253
2026-09-04T05:10:00+00:00,22411191-3,Dew Point,CURRENT,°C,19.93353771673094
2026-09-04T05:10:00+00:00,22411525-1,Temperature,CURRENT,°C,19.924458007812497
2026-09-04T05:10:00+00:00,22411525-2,RH,CURRENT,%,97.32509346150911
2026-09-04T05:10:00+00:00,22411525-3,Dew Point,CURRENT,°C,19.513626336649594
2026-09-04T05:10:00+00:00,22411526-1,Temperature,CURRENT,°C,19.581254882812495
2026-09-04T05:10:00+00:00,22411526-2,RH,CURRENT,%,100
2026-09-04T05:10:00+00:00,22411526-3,Dew Point,CURRENT,°C,19.60758564362878
2026-09-04T05:10:00+00:00,22411527-1,Temperature,CURRENT,°C,19.945908203124993
2026-09-04T05:10:00+00:00,22411527-2,RH,CURRENT,%,97.5219348439765
2026-09-04T05:10:00+00:00,22411527-3,Dew Point,CURRENT,°C,19.567609800969493
2026-09-04T05:10:00+00:00,22411528-1,Temperature,CURRENT,°C,19.624155273437502
2026-09-04T05:10:00+00:00,22411528-2,RH,CURRENT,%,100
2026-09-04T05:10:00+00:00,22411528-3,Dew Point,CURRENT,°C,19.650554417950442
2026-09-04T05:10:00+00:00,22411529-1,Temperature,CURRENT,°C,19.345302734375004
2026-09-04T05:10:00+00:00,22411529-2,RH,CURRENT,%,100
2026-09-04T05:10:00+00:00,22411529-3,Dew Point,CURRENT,°C,19.371257368053474
2026-09-04T05:10:00+00:00,22411530-1,Temperature,CURRENT,°C,19.9030078125
2026-09-04T05:10:00+00:00,22411530-2,RH,CURRENT,%,97.79659723811703
2026-09-04T05:10:00+00:00,22411530-3,Dew Point,CURRENT,°C,19.570114319861297
2026-09-04T05:10:00+00:00,22411541-S,Battery,CURRENT,V,8.23831787109375
2026-09-04T05:10:00+00:00,22447758-1,Temperature,CURRENT,°C,19.624155273437502
2026-09-04T05:10:00+00:00,22447758-2,RH,CURRENT,%,96.35919737544823
2026-09-04T05:10:00+00:00,22447758-3,Dew Point,CURRENT,°C,19.053596132343834
2026-09-04T05:10:00+00:00,22447759-1,Temperature,CURRENT,°C,19.581254882812495
2026-09-04T05:10:00+00:00,22447759-2,RH,CURRENT,%,96.99092088197146
2026-09-04T05:10:00+00:00,22447759-3,Dew Point,CURRENT,°C,19.115770231023376
2026-09-04T05:10:00+00:00,22447760-1,Temperature,CURRENT,°C,19.624155273437502
2026-09-04T05:10:00+00:00,22447760-2,RH,CURRENT,%,96.8078126192111
2026-09-04T05:10:00+00:00,22447760-3,Dew Point,CURRENT,°C,19.128207978219258
2026-09-04T05:10:00+00:00,22447761-1,Temperature,CURRENT,°C,19.5383544921875
2026-09-04T05:10:00+00:00,22447761-2,RH,CURRENT,%,96.16235599298085
2026-09-04T05:10:00+00:00,22447761-3,Dew Point,CURRENT,°C,18.935244793929453
2026-09-04T05:10:00+00:00,22447762-1,Temperature,CURRENT,°C,19.60270507812499
2026-09-04T05:10:00+00:00,22447762-2,RH,CURRENT,%,96.01739528496223
2026-09-04T05:10:00+00:00,22447762-3,Dew Point,CURRENT,°C,18.975169416031267
2026-09-04T05:10:00+00:00,22447764-1,Temperature,CURRENT,°C,19.581254882812495
2026-09-04T05:10:00+00:00,22447764-2,RH,CURRENT,%,97.00465400167849
2026-09-04T05:10:00+00:00,22447764-3,Dew Point,CURRENT,°C,19.118044968512233
2026-09-04T05:10:00+00:00,22447765-1,Temperature,CURRENT,°C,19.64560546875
2026-09-04T05:10:00+00:00,22447765-2,RH,CURRENT,%,96.1348897535668
2026-09-04T05:10:00+00:00,22447765-3,Dew Point,CURRENT,°C,19.037554768928832
2026-09-04T05:10:00+00:00,22447766-1,Temperature,CURRENT,°C,19.64560546875
2026-09-04T05:10:00+00:00,22447766-2,RH,CURRENT,%,96.83527885862516
2026-09-04T05:10:00+00:00,22447766-3,Dew Point,CURRENT,°C,19.154164233714162
2026-09-04T05:15:00+00:00,22411189-1,Temperature,CURRENT,°C,19.624155273437502
2026-09-04T05:15:00+00:00,22411189-2,RH,CURRENT,%,100
2026-09-04T05:15:00+00:00,22411189-3,Dew Point,CURRENT,°C,19.650554417950442
2026-09-04T05:15:00+00:00,22411190-1,Temperature,CURRENT,°C,19.68850585937499
2026-09-04T05:15:00+00:00,22411190-2,RH,CURRENT,%,98.3367666132601
2026-09-04T05:15:00+00:00,22411190-3,Dew Point,CURRENT,°C,19.44456315256812
2026-09-04T05:15:00+00:00,22411191-1,Temperature,CURRENT,°C,19.838657226562496
2026-09-04T05:15:00+00:00,22411191-2,RH,CURRENT,%,100
2026-09-04T05:15:00+00:00,22411191-3,Dew Point,CURRENT,°C,19.865398275455597
2026-09-04T05:15:00+00:00,22411525-1,Temperature,CURRENT,°C,19.838657226562496
2026-09-04T05:15:00+00:00,22411525-2,RH,CURRENT,%,97.9034103913939
2026-09-04T05:15:00+00:00,22411525-3,Dew Point,CURRENT,°C,19.52343369399917
2026-09-04T05:15:00+00:00,22411526-1,Temperature,CURRENT,°C,19.495454101562494
2026-09-04T05:15:00+00:00,22411526-2,RH,CURRENT,%,100
2026-09-04T05:15:00+00:00,22411526-3,Dew Point,CURRENT,°C,19.52164809216485
2026-09-04T05:15:00+00:00,22411527-1,Temperature,CURRENT,°C,19.881557617187504
2026-09-04T05:15:00+00:00,22411527-2,RH,CURRENT,%,98.26504921034562
2026-09-04T05:15:00+00:00,22411527-3,Dew Point,CURRENT,°C,19.625747644048275
2026-09-04T05:15:00+00:00,22411528-1,Temperature,CURRENT,°C,19.5383544921875
2026-09-04T05:15:00+00:00,22411528-2,RH,CURRENT,%,100
2026-09-04T05:15:00+00:00,22411528-3,Dew Point,CURRENT,°C,19.564616868366922
2026-09-04T05:15:00+00:00,22411529-1,Temperature,CURRENT,°C,19.302402343749996
2026-09-04T05:15:00+00:00,22411529-2,RH,CURRENT,%,100
2026-09-04T05:15:00+00:00,22411529-3,Dew Point,CURRENT,°C,19.328288587620463
2026-09-04T05:15:00+00:00,22411530-1,Temperature,CURRENT,°C,19.81720703125
2026-09-04T05:15:00+00:00,22411530-2,RH,CURRENT,%,98.38406958113985
2026-09-04T05:15:00+00:00,22411530-3,Dew Point,CURRENT,°C,19.580953054830385
2026-09-04T05:15:00+00:00,22411541-S,Battery,CURRENT,V,8.228625732421875
2026-09-04T05:15:00+00:00,22447758-1,Temperature,CURRENT,°C,19.60270507812499
2026-09-04T05:15:00+00:00,22447758-2,RH,CURRENT,%,96.9787136644541
2026-09-04T05:15:00+00:00,22447758-3,Dew Point,CURRENT,°C,19.13515000072915
2026-09-04T05:15:00+00:00,22447759-1,Temperature,CURRENT,°C,19.581254882812495
2026-09-04T05:15:00+00:00,22447759-2,RH,CURRENT,%,97.53566796368352
2026-09-04T05:15:00+00:00,22447759-3,Dew Point,CURRENT,°C,19.205786151925576
2026-09-04T05:15:00+00:00,22447760-1,Temperature,CURRENT,°C,19.624155273437502
2026-09-04T05:15:00+00:00,22447760-2,RH,CURRENT,%,97.32204165712977
2026-09-04T05:15:00+00:00,22447760-3,Dew Point,CURRENT,°C,19.213361256987543
2026-09-04T05:15:00+00:00,22447761-1,Temperature,CURRENT,°C,19.559804687499998
2026-09-04T05:15:00+00:00,22447761-2,RH,CURRENT,%,96.63996337834745
2026-09-04T05:15:00+00:00,22447761-3,Dew Point,CURRENT,°C,19.03614958433625
2026-09-04T05:15:00+00:00,22447762-1,Temperature,CURRENT,°C,19.624155273437502
2026-09-04T05:15:00+00:00,22447762-2,RH,CURRENT,%,96.50110627908751
2026-09-04T05:15:00+00:00,22447762-3,Dew Point,CURRENT,°C,19.07723064222512
2026-09-04T05:15:00+00:00,22447764-1,Temperature,CURRENT,°C,19.559804687499998
2026-09-04T05:15:00+00:00,22447764-2,RH,CURRENT,%,97.48073548485542
2026-09-04T05:15:00+00:00,22447764-3,Dew Point,CURRENT,°C,19.175313049625956
2026-09-04T05:15:00+00:00,22447765-1,Temperature,CURRENT,°C,19.624155273437502
2026-09-04T05:15:00+00:00,22447765-2,RH,CURRENT,%,96.69947356374456
2026-09-04T05:15:00+00:00,22447765-3,Dew Point,CURRENT,°C,19.110217220059678
2026-09-04T05:15:00+00:00,22447766-1,Temperature,CURRENT,°C,19.624155273437502
2026-09-04T05:15:00+00:00,22447766-2,RH,CURRENT,%,97.28389410238803
2026-09-04T05:15:00+00:00,22447766-3,Dew Point,CURRENT,°C,19.207057782024798
2026-09-04T05:20:00+00:00,22411189-1,Temperature,CURRENT,°C,19.81720703125
2026-09-04T05:20:00+00:00,22411189-2,RH,CURRENT,%,100
2026-09-04T05:20:00+00:00,22411189-3,Dew Point,CURRENT,°C,19.843913890762824
2026-09-04T05:20:00+00:00,22411190-1,Temperature,CURRENT,°C,19.860107421874993
2026-09-04T05:20:00+00:00,22411190-2,RH,CURRENT,%,98.48783093003739
2026-09-04T05:20:00+00:00,22411190-3,Dew Point,CURRENT,°C,19.640837968468347
2026-09-04T05:20:00+00:00,22411191-1,Temperature,CURRENT,°C,20.031708984374994
2026-09-04T05:20:00+00:00,22411191-2,RH,CURRENT,%,100
2026-09-04T05:20:00+00:00,22411191-3,Dew Point,CURRENT,°C,20.058757727113314
2026-09-04T05:20:00+00:00,22411525-1,Temperature,CURRENT,°C,20.031708984374994
2026-09-04T05:20:00+00:00,22411525-2,RH,CURRENT,%,97.85610742351415
2026-09-04T05:20:00+00:00,22411525-3,Dew Point,CURRENT,°C,19.708479200507348
2026-09-04T05:20:00+00:00,22411526-1,Temperature,CURRENT,°C,19.667055664062495
2026-09-04T05:20:00+00:00,22411526-2,RH,CURRENT,%,100
2026-09-04T05:20:00+00:00,22411526-3,Dew Point,CURRENT,°C,19.69352319133188
2026-09-04T05:20:00+00:00,22411527-1,Temperature,CURRENT,°C,20.053159179687505
2026-09-04T05:20:00+00:00,22411527-2,RH,CURRENT,%,98.07736324101626
2026-09-04T05:20:00+00:00,22411527-3,Dew Point,CURRENT,°C,19.766369910623144
2026-09-04T05:20:00+00:00,22411528-1,Temperature,CURRENT,°C,19.73140625
2026-09-04T05:20:00+00:00,22411528-2,RH,CURRENT,%,100
2026-09-04T05:20:00+00:00,22411528-3,Dew Point,CURRENT,°C,19.757976349641165
2026-09-04T05:20:00+00:00,22411529-1,Temperature,CURRENT,°C,19.495454101562494
2026-09-04T05:20:00+00:00,22411529-2,RH,CURRENT,%,100
2026-09-04T05:20:00+00:00,22411529-3,Dew Point,CURRENT,°C,19.52164809216485
2026-09-04T05:20:00+00:00,22411530-1,Temperature,CURRENT,°C,20.010258789062497
2026-09-04T05:20:00+00:00,22411530-2,RH,CURRENT,%,98.40238040741589
2026-09-04T05:20:00+00:00,22411530-3,Dew Point,CURRENT,°C,19.77692303129533
2026-09-04T05:20:00+00:00,22411541-S,Battery,CURRENT,V,8.228625732421875
2026-09-04T05:20:00+00:00,22447758-1,Temperature,CURRENT,°C,19.838657226562496
2026-09-04T05:20:00+00:00,22447758-2,RH,CURRENT,%,96.61249713893339
2026-09-04T05:20:00+00:00,22447758-3,Dew Point,CURRENT,°C,19.309679324802158
2026-09-04T05:20:00+00:00,22447759-1,Temperature,CURRENT,°C,19.81720703125
2026-09-04T05:20:00+00:00,22447759-2,RH,CURRENT,%,97.26710917830167
2026-09-04T05:20:00+00:00,22447759-3,Dew Point,CURRENT,°C,19.396972762980237
2026-09-04T05:20:00+00:00,22447760-1,Temperature,CURRENT,°C,19.838657226562496
2026-09-04T05:20:00+00:00,22447760-2,RH,CURRENT,%,97.18928816662851
2026-09-04T05:20:00+00:00,22447760-3,Dew Point,CURRENT,°C,19.405493445554537
2026-09-04T05:20:00+00:00,22447761-1,Temperature,CURRENT,°C,19.774306640624992
2026-09-04T05:20:00+00:00,22447761-2,RH,CURRENT,%,96.56519417105363
2026-09-04T05:20:00+00:00,22447761-3,Dew Point,CURRENT,°C,19.23762794099595
2026-09-04T05:20:00+00:00,22447762-1,Temperature,CURRENT,°C,19.81720703125
2026-09-04T05:20:00+00:00,22447762-2,RH,CURRENT,%,96.30426489662013
2026-09-04T05:20:00+00:00,22447762-3,Dew Point,CURRENT,°C,19.236888512957222
2026-09-04T05:20:00+00:00,22447764-1,Temperature,CURRENT,°C,19.81720703125
2026-09-04T05:20:00+00:00,22447764-2,RH,CURRENT,%,97.27168688487068
2026-09-04T05:20:00+00:00,22447764-3,Dew Point,CURRENT,°C,19.39773054380433
2026-09-04T05:20:00+00:00,22447765-1,Temperature,CURRENT,°C,19.860107421874993
2026-09-04T05:20:00+00:00,22447765-2,RH,CURRENT,%,96.48279545281147
2026-09-04T05:20:00+00:00,22447765-3,Dew Point,CURRENT,°C,19.309453102189178
2026-09-04T05:20:00+00:00,22447766-1,Temperature,CURRENT,°C,19.860107421874993
2026-09-04T05:20:00+00:00,22447766-2,RH,CURRENT,%,96.91920347905699
2026-09-04T05:20:00+00:00,22447766-3,Dew Point,CURRENT,°C,19.382090471332045
2026-09-04T05:25:00+00:00,22411189-1,Temperature,CURRENT,°C,19.967358398437504
2026-09-04T05:25:00+00:00,22411189-2,RH,CURRENT,%,100
2026-09-04T05:25:00+00:00,22411189-3,Dew Point,CURRENT,°C,19.994304578676207
2026-09-04T05:25:00+00:00,22411190-1,Temperature,CURRENT,°C,20.010258789062497
2026-09-04T05:25:00+00:00,22411190-2,RH,CURRENT,%,98.15823605706875
2026-09-04T05:25:00+00:00,22411190-3,Dew Point,CURRENT,°C,19.73681179634225
2026-09-04T05:25:00+00:00,22411191-1,Temperature,CURRENT,°C,20.1818603515625
2026-09-04T05:25:00+00:00,22411191-2,RH,CURRENT,%,99.92217898832685
2026-09-04T05:25:00+00:00,22411191-3,Dew Point,CURRENT,°C,20.19653433983354
2026-09-04T05:25:00+00:00,22411525-1,Temperature,CURRENT,°C,20.1818603515625
2026-09-04T05:25:00+00:00,22411525-2,RH,CURRENT,%,97.41359578850995
2026-09-04T05:25:00+00:00,22411525-3,Dew Point,CURRENT,°C,19.785242014028537
2026-09-04T05:25:00+00:00,22411526-1,Temperature,CURRENT,°C,19.795756835937503
2026-09-04T05:25:00+00:00,22411526-2,RH,CURRENT,%,100
2026-09-04T05:25:00+00:00,22411526-3,Dew Point,CURRENT,°C,19.822429505834993
2026-09-04T05:25:00+00:00,22411527-1,Temperature,CURRENT,°C,20.203310546874995
2026-09-04T05:25:00+00:00,22411527-2,RH,CURRENT,%,97.53109025711451
2026-09-04T05:25:00+00:00,22411527-3,Dew Point,CURRENT,°C,19.826128360896526
2026-09-04T05:25:00+00:00,22411528-1,Temperature,CURRENT,°C,19.860107421874993
2026-09-04T05:25:00+00:00,22411528-2,RH,CURRENT,%,100
2026-09-04T05:25:00+00:00,22411528-3,Dew Point,CURRENT,°C,19.88688265991333
2026-09-04T05:25:00+00:00,22411529-1,Temperature,CURRENT,°C,19.60270507812499
2026-09-04T05:25:00+00:00,22411529-2,RH,CURRENT,%,100
2026-09-04T05:25:00+00:00,22411529-3,Dew Point,CURRENT,°C,19.629070030907126
2026-09-04T05:25:00+00:00,22411530-1,Temperature,CURRENT,°C,20.160410156250002
2026-09-04T05:25:00+00:00,22411530-2,RH,CURRENT,%,98.0300602731365
2026-09-04T05:25:00+00:00,22411530-3,Dew Point,CURRENT,°C,19.865733998124007
2026-09-04T05:25:00+00:00,22411541-S,Battery,CURRENT,V,8.228625732421875
2026-09-04T05:25:00+00:00,22447758-1,Temperature,CURRENT,°C,19.9030078125
2026-09-04T05:25:00+00:00,22447758-2,RH,CURRENT,%,96.30426489662013
2026-09-04T05:25:00+00:00,22447758-3,Dew Point,CURRENT,°C,19.322421354665284
2026-09-04T05:25:00+00:00,22447759-1,Temperature,CURRENT,°C,19.881557617187504
2026-09-04T05:25:00+00:00,22447759-2,RH,CURRENT,%,96.85969329365987
2026-09-04T05:25:00+00:00,22447759-3,Dew Point,CURRENT,°C,19.39360085486813
2026-09-04T05:25:00+00:00,22447760-1,Temperature,CURRENT,°C,19.9030078125
2026-09-04T05:25:00+00:00,22447760-2,RH,CURRENT,%,96.74982833600366
2026-09-04T05:25:00+00:00,22447760-3,Dew Point,CURRENT,°C,19.396724215645207
2026-09-04T05:25:00+00:00,22447761-1,Temperature,CURRENT,°C,19.81720703125
2026-09-04T05:25:00+00:00,22447761-2,RH,CURRENT,%,96.16388189517052
2026-09-04T05:25:00+00:00,22447761-3,Dew Point,CURRENT,°C,19.21343133924908
2026-09-04T05:25:00+00:00,22447762-1,Temperature,CURRENT,°C,19.881557617187504
2026-09-04T05:25:00+00:00,22447762-2,RH,CURRENT,%,95.9990844586862
2026-09-04T05:25:00+00:00,22447762-3,Dew Point,CURRENT,°C,19.24998056235792
2026-09-04T05:25:00+00:00,22447764-1,Temperature,CURRENT,°C,19.881557617187504
2026-09-04T05:25:00+00:00,22447764-2,RH,CURRENT,%,96.86732280460822
2026-09-04T05:25:00+00:00,22447764-3,Dew Point,CURRENT,°C,19.394869084411503
2026-09-04T05:25:00+00:00,22447765-1,Temperature,CURRENT,°C,19.945908203124993
2026-09-04T05:25:00+00:00,22447765-2,RH,CURRENT,%,96.05249103532464
2026-09-04T05:25:00+00:00,22447765-3,Dew Point,CURRENT,°C,19.323054424195373
2026-09-04T05:25:00+00:00,22447766-1,Temperature,CURRENT,°C,19.924458007812497
2026-09-04T05:25:00+00:00,22447766-2,RH,CURRENT,%,96.48737315938048
2026-09-04T05:25:00+00:00,22447766-3,Dew Point,CURRENT,°C,19.374381376214455
2026-09-04T05:30:00+00:00,22411189-1,Temperature,CURRENT,°C,19.881557617187504
2026-09-04T05:30:00+00:00,22411189-2,RH,CURRENT,%,100
2026-09-04T05:30:00+00:00,22411189-3,Dew Point,CURRENT,°C,19.908367044136018
2026-09-04T05:30:00+00:00,22411190-1,Temperature,CURRENT,°C,19.945908203124993
2026-09-04T05:30:00+00:00,22411190-2,RH,CURRENT,%,97.93545433737697
2026-09-04T05:30:00+00:00,22411190-3,Dew Point,CURRENT,°C,19.635849424640345
2026-09-04T05:30:00+00:00,22411191-1,Temperature,CURRENT,°C,20.074609375
2026-09-04T05:30:00+00:00,22411191-2,RH,CURRENT,%,99.92217898832685
2026-09-04T05:30:00+00:00,22411191-3,Dew Point,CURRENT,°C,20.089122938157818
2026-09-04T05:30:00+00:00,22411525-1,Temperature,CURRENT,°C,20.053159179687505
2026-09-04T05:30:00+00:00,22411525-2,RH,CURRENT,%,97.36781872281986
2026-09-04T05:30:00+00:00,22411525-3,Dew Point,CURRENT,°C,19.649175592285605
2026-09-04T05:30:00+00:00,22411526-1,Temperature,CURRENT,°C,19.752856445312496
2026-09-04T05:30:00+00:00,22411526-2,RH,CURRENT,%,100
2026-09-04T05:30:00+00:00,22411526-3,Dew Point,CURRENT,°C,19.779460735274153
2026-09-04T05:30:00+00:00,22411527-1,Temperature,CURRENT,°C,20.074609375
2026-09-04T05:30:00+00:00,22411527-2,RH,CURRENT,%,97.61959258411535
2026-09-04T05:30:00+00:00,22411527-3,Dew Point,CURRENT,°C,19.712265436005758
2026-09-04T05:30:00+00:00,22411528-1,Temperature,CURRENT,°C,19.795756835937503
2026-09-04T05:30:00+00:00,22411528-2,RH,CURRENT,%,100
2026-09-04T05:30:00+00:00,22411528-3,Dew Point,CURRENT,°C,19.822429505834993
2026-09-04T05:30:00+00:00,22411529-1,Temperature,CURRENT,°C,19.516904296875005
2026-09-04T05:30:00+00:00,22411529-2,RH,CURRENT,%,100
2026-09-04T05:30:00+00:00,22411529-3,Dew Point,CURRENT,°C,19.543132480383413
2026-09-04T05:30:00+00:00,22411530-1,Temperature,CURRENT,°C,20.053159179687505
2026-09-04T05:30:00+00:00,22411530-2,RH,CURRENT,%,97.8835736629282
2026-09-04T05:30:00+00:00,22411530-3,Dew Point,CURRENT,°C,19.734435796039865
2026-09-04T05:30:00+00:00,22411541-S,Battery,CURRENT,V,8.215702880859375
2026-09-04T05:30:00+00:00,22447758-1,Temperature,CURRENT,°C,19.81720703125
2026-09-04T05:30:00+00:00,22447758-2,RH,CURRENT,%,96.27832455939574
2026-09-04T05:30:00+00:00,22447758-3,Dew Point,CURRENT,°C,19.232556289250535
2026-09-04T05:30:00+00:00,22447759-1,Temperature,CURRENT,°C,19.795756835937503
2026-09-04T05:30:00+00:00,22447759-2,RH,CURRENT,%,96.86427100022888
2026-09-04T05:30:00+00:00,22447759-3,Dew Point,CURRENT,°C,19.308766807519838
2026-09-04T05:30:00+00:00,22447760-1,Temperature,CURRENT,°C,19.81720703125
2026-09-04T05:30:00+00:00,22447760-2,RH,CURRENT,%,96.72083619439994
2026-09-04T05:30:00+00:00,22447760-3,Dew Point,CURRENT,°C,19.306319472867067
2026-09-04T05:30:00+00:00,22447761-1,Temperature,CURRENT,°C,19.752856445312496
2026-09-04T05:30:00+00:00,22447761-2,RH,CURRENT,%,95.98077363241016
2026-09-04T05:30:00+00:00,22447761-3,Dew Point,CURRENT,°C,19.118667248880367
2026-09-04T05:30:00+00:00,22447762-1,Temperature,CURRENT,°C,19.795756835937503
2026-09-04T05:30:00+00:00,22447762-2,RH,CURRENT,%,95.9288929579614
2026-09-04T05:30:00+00:00,22447762-3,Dew Point,CURRENT,°C,19.152726160311307
2026-09-04T05:30:00+00:00,22447764-1,Temperature,CURRENT,°C,19.774306640624992
2026-09-04T05:30:00+00:00,22447764-2,RH,CURRENT,%,96.87190051117723
2026-09-04T05:30:00+00:00,22447764-3,Dew Point,CURRENT,°C,19.288635162031706
2026-09-04T05:30:00+00:00,22447765-1,Temperature,CURRENT,°C,19.838657226562496
2026-09-04T05:30:00+00:00,22447765-2,RH,CURRENT,%,96.00671396963455
2026-09-04T05:30:00+00:00,22447765-3,Dew Point,CURRENT,°C,19.208508874948684
2026-09-04T05:30:00+00:00,22447766-1,Temperature,CURRENT,°C,19.838657226562496
2026-09-04T05:30:00+00:00,22447766-2,RH,CURRENT,%,96.45990691996643
2026-09-04T05:30:00+00:00,22447766-3,Dew Point,CURRENT,°C,19.28424798482333
2026-09-04T05:35:00+00:00,22411189-1,Temperature,CURRENT,°C,19.752856445312496
2026-09-04T05:35:00+00:00,22411189-2,RH,CURRENT,%,100
2026-09-04T05:35:00+00:00,22411189-3,Dew Point,CURRENT,°C,19.779460735274153
2026-09-04T05:35:00+00:00,22411190-1,Temperature,CURRENT,°C,19.81720703125
2026-09-04T05:35:00+00:00,22411190-2,RH,CURRENT,%,98.1506065461204
2026-09-04T05:35:00+00:00,22411190-3,Dew Point,CURRENT,°C,19.542649733658354
2026-09-04T05:35:00+00:00,22411191-1,Temperature,CURRENT,°C,19.9030078125
2026-09-04T05:35:00+00:00,22411191-2,RH,CURRENT,%,100
2026-09-04T05:35:00+00:00,22411191-3,Dew Point,CURRENT,°C,19.929851428123644
2026-09-04T05:35:00+00:00,22411525-1,Temperature,CURRENT,°C,19.9030078125
2026-09-04T05:35:00+00:00,22411525-2,RH,CURRENT,%,97.88967727168688
2026-09-04T05:35:00+00:00,22411525-3,Dew Point,CURRENT,°C,19.585453687245025
2026-09-04T05:35:00+00:00,22411526-1,Temperature,CURRENT,°C,19.64560546875
2026-09-04T05:35:00+00:00,22411526-2,RH,CURRENT,%,100
2026-09-04T05:35:00+00:00,22411526-3,Dew Point,CURRENT,°C,19.67203880475869
2026-09-04T05:35:00+00:00,22411527-1,Temperature,CURRENT,°C,19.9030078125
2026-09-04T05:35:00+00:00,22411527-2,RH,CURRENT,%,98.21316853589686
2026-09-04T05:35:00+00:00,22411527-3,Dew Point,CURRENT,°C,19.638665249514762
2026-09-04T05:35:00+00:00,22411528-1,Temperature,CURRENT,°C,19.667055664062495
2026-09-04T05:35:00+00:00,22411528-2,RH,CURRENT,%,100
2026-09-04T05:35:00+00:00,22411528-3,Dew Point,CURRENT,°C,19.69352319133188
2026-09-04T05:35:00+00:00,22411529-1,Temperature,CURRENT,°C,19.431103515625004
2026-09-04T05:35:00+00:00,22411529-2,RH,CURRENT,%,100
2026-09-04T05:35:00+00:00,22411529-3,Dew Point,CURRENT,°C,19.457194926098865
2026-09-04T05:35:00+00:00,22411530-1,Temperature,CURRENT,°C,19.9030078125
2026-09-04T05:35:00+00:00,22411530-2,RH,CURRENT,%,98.17196917677578
2026-09-04T05:35:00+00:00,22411530-3,Dew Point,CURRENT,°C,19.631896831193902
2026-09-04T05:35:00+00:00,22411541-S,Battery,CURRENT,V,8.235087158203125
2026-09-04T05:35:00+00:00,22447758-1,Temperature,CURRENT,°C,19.667055664062495
2026-09-04T05:35:00+00:00,22447758-2,RH,CURRENT,%,96.65674830243381
2026-09-04T05:35:00+00:00,22447758-3,Dew Point,CURRENT,°C,19.145903570349024
2026-09-04T05:35:00+00:00,22447759-1,Temperature,CURRENT,°C,19.667055664062495
2026-09-04T05:35:00+00:00,22447759-2,RH,CURRENT,%,97.22590981918059
2026-09-04T05:35:00+00:00,22447759-3,Dew Point,CURRENT,°C,19.240289952900223
2026-09-04T05:35:00+00:00,22447760-1,Temperature,CURRENT,°C,19.667055664062495
2026-09-04T05:35:00+00:00,22447760-2,RH,CURRENT,%,97.1297779812314
2026-09-04T05:35:00+00:00,22447760-3,Dew Point,CURRENT,°C,19.224382002263503
2026-09-04T05:35:00+00:00,22447761-1,Temperature,CURRENT,°C,19.624155273437502
2026-09-04T05:35:00+00:00,22447761-2,RH,CURRENT,%,96.29510948348211
2026-09-04T05:35:00+00:00,22447761-3,Dew Point,CURRENT,°C,19.042912499441936
2026-09-04T05:35:00+00:00,22447762-1,Temperature,CURRENT,°C,19.667055664062495
2026-09-04T05:35:00+00:00,22447762-2,RH,CURRENT,%,96.30426489662013
2026-09-04T05:35:00+00:00,22447762-3,Dew Point,CURRENT,°C,19.087205707224868
2026-09-04T05:35:00+00:00,22447764-1,Temperature,CURRENT,°C,19.624155273437502
2026-09-04T05:35:00+00:00,22447764-2,RH,CURRENT,%,97.25642786297398
2026-09-04T05:35:00+00:00,22447764-3,Dew Point,CURRENT,°C,19.20251794096868
2026-09-04T05:35:00+00:00,22447765-1,Temperature,CURRENT,°C,19.68850585937499
2026-09-04T05:35:00+00:00,22447765-2,RH,CURRENT,%,96.40497444113832
2026-09-04T05:35:00+00:00,22447765-3,Dew Point,CURRENT,°C,19.125381759539607
2026-09-04T05:35:00+00:00,22447766-1,Temperature,CURRENT,°C,19.709956054687503
2026-09-04T05:35:00+00:00,22447766-2,RH,CURRENT,%,96.84901197833219
2026-09-04T05:35:00+00:00,22447766-3,Dew Point,CURRENT,°C,19.220638454825917
2026-09-04T05:40:00+00:00,22411189-1,Temperature,CURRENT,°C,19.709956054687503
2026-09-04T05:40:00+00:00,22411189-2,RH,CURRENT,%,100
2026-09-04T05:40:00+00:00,22411189-3,Dew Point,CURRENT,°C,19.73649196377313
2026-09-04T05:40:00+00:00,22411190-1,Temperature,CURRENT,°C,19.752856445312496
2026-09-04T05:40:00+00:00,22411190-2,RH,CURRENT,%,98.59922178988327
2026-09-04T05:40:00+00:00,22411190-3,Dew Point,CURRENT,°C,19.55184263202226
2026-09-04T05:40:00+00:00,22411191-1,Temperature,CURRENT,°C,19.81720703125
2026-09-04T05:40:00+00:00,22411191-2,RH,CURRENT,%,100
2026-09-04T05:40:00+00:00,22411191-3,Dew Point,CURRENT,°C,19.843913890762824
2026-09-04T05:40:00+00:00,22411525-1,Temperature,CURRENT,°C,19.81720703125
2026-09-04T05:40:00+00:00,22411525-2,RH,CURRENT,%,98.37796597238118
2026-09-04T05:40:00+00:00,22411525-3,Dew Point,CURRENT,°C,19.579952673353322
2026-09-04T05:40:00+00:00,22411526-1,Temperature,CURRENT,°C,19.624155273437502
2026-09-04T05:40:00+00:00,22411526-2,RH,CURRENT,%,100
2026-09-04T05:40:00+00:00,22411526-3,Dew Point,CURRENT,°C,19.650554417950442
2026-09-04T05:40:00+00:00,22411527-1,Temperature,CURRENT,°C,19.81720703125
2026-09-04T05:40:00+00:00,22411527-2,RH,CURRENT,%,98.66636148622874
2026-09-04T05:40:00+00:00,22411527-3,Dew Point,CURRENT,°C,19.627161491496988
2026-09-04T05:40:00+00:00,22411528-1,Temperature,CURRENT,°C,19.667055664062495
2026-09-04T05:40:00+00:00,22411528-2,RH,CURRENT,%,100
2026-09-04T05:40:00+00:00,22411528-3,Dew Point,CURRENT,°C,19.69352319133188
2026-09-04T05:40:00+00:00,22411529-1,Temperature,CURRENT,°C,19.474003906249997
2026-09-04T05:40:00+00:00,22411529-2,RH,CURRENT,%,100
2026-09-04T05:40:00+00:00,22411529-3,Dew Point,CURRENT,°C,19.500163703711227
2026-09-04T05:40:00+00:00,22411530-1,Temperature,CURRENT,°C,19.81720703125
2026-09-04T05:40:00+00:00,22411530-2,RH,CURRENT,%,98.60685130083162
2026-09-04T05:40:00+00:00,22411530-3,Dew Point,CURRENT,°C,19.617429881157296
2026-09-04T05:40:00+00:00,22411541-S,Battery,CURRENT,V,8.228625732421875
2026-09-04T05:40:00+00:00,22447758-1,Temperature,CURRENT,°C,19.64560546875
2026-09-04T05:40:00+00:00,22447758-2,RH,CURRENT,%,97.30220492866407
2026-09-04T05:40:00+00:00,22447758-3,Dew Point,CURRENT,°C,19.231494622907928
2026-09-04T05:40:00+00:00,22447759-1,Temperature,CURRENT,°C,19.64560546875
2026-09-04T05:40:00+00:00,22447759-2,RH,CURRENT,%,97.69130998702983
2026-09-04T05:40:00+00:00,22447759-3,Dew Point,CURRENT,°C,19.295689023008947
2026-09-04T05:40:00+00:00,22447760-1,Temperature,CURRENT,°C,19.667055664062495
2026-09-04T05:40:00+00:00,22447760-2,RH,CURRENT,%,97.66079194323643
2026-09-04T05:40:00+00:00,22447760-3,Dew Point,CURRENT,°C,19.312083018876056
2026-09-04T05:40:00+00:00,22447761-1,Temperature,CURRENT,°C,19.624155273437502
2026-09-04T05:40:00+00:00,22447761-2,RH,CURRENT,%,96.95124742504005
2026-09-04T05:40:00+00:00,22447761-3,Dew Point,CURRENT,°C,19.15199965004449
2026-09-04T05:40:00+00:00,22447762-1,Temperature,CURRENT,°C,19.64560546875
2026-09-04T05:40:00+00:00,22447762-2,RH,CURRENT,%,96.81391622796978
2026-09-04T05:40:00+00:00,22447762-3,Dew Point,CURRENT,°C,19.150618444274517
2026-09-04T05:40:00+00:00,22447764-1,Temperature,CURRENT,°C,19.624155273437502
2026-09-04T05:40:00+00:00,22447764-2,RH,CURRENT,%,97.86984054322117
2026-09-04T05:40:00+00:00,22447764-3,Dew Point,CURRENT,°C,19.303641595577727
2026-09-04T05:40:00+00:00,22447765-1,Temperature,CURRENT,°C,19.667055664062495
2026-09-04T05:40:00+00:00,22447765-2,RH,CURRENT,%,97.03364614328221
2026-09-04T05:40:00+00:00,22447765-3,Dew Point,CURRENT,°C,19.208460271944553
2026-09-04T05:40:00+00:00,22447766-1,Temperature,CURRENT,°C,19.68850585937499
2026-09-04T05:40:00+00:00,22447766-2,RH,CURRENT,%,97.33424887464713
2026-09-04T05:40:00+00:00,22447766-3,Dew Point,CURRENT,°C,19.279613250336624
2026-09-04T05:45:00+00:00,22411189-1,Temperature,CURRENT,°C,19.795756835937503
2026-09-04T05:45:00+00:00,22411189-2,RH,CURRENT,%,100
2026-09-04T05:45:00+00:00,22411189-3,Dew Point,CURRENT,°C,19.822429505834993
2026-09-04T05:45:00+00:00,22411190-1,Temperature,CURRENT,°C,19.81720703125
2026-09-04T05:45:00+00:00,22411190-2,RH,CURRENT,%,98.78690775921264
2026-09-04T05:45:00+00:00,22411190-3,Dew Point,CURRENT,°C,19.64685851899121
2026-09-04T05:45:00+00:00,22411191-1,Temperature,CURRENT,°C,19.9030078125
2026-09-04T05:45:00+00:00,22411191-2,RH,CURRENT,%,100
2026-09-04T05:45:00+00:00,22411191-3,Dew Point,CURRENT,°C,19.929851428123644
2026-09-04T05:45:00+00:00,22411525-1,Temperature,CURRENT,°C,19.9030078125
2026-09-04T05:45:00+00:00,22411525-2,RH,CURRENT,%,98.51529716945144
2026-09-04T05:45:00+00:00,22411525-3,Dew Point,CURRENT,°C,19.6882245786843
2026-09-04T05:45:00+00:00,22411526-1,Temperature,CURRENT,°C,19.68850585937499
2026-09-04T05:45:00+00:00,22411526-2,RH,CURRENT,%,100
2026-09-04T05:45:00+00:00,22411526-3,Dew Point,CURRENT,°C,19.715007577670026
2026-09-04T05:45:00+00:00,22411527-1,Temperature,CURRENT,°C,19.9030078125
2026-09-04T05:45:00+00:00,22411527-2,RH,CURRENT,%,98.75028610666057
2026-09-04T05:45:00+00:00,22411527-3,Dew Point,CURRENT,°C,19.726678905012065
2026-09-04T05:45:00+00:00,22411528-1,Temperature,CURRENT,°C,19.752856445312496
2026-09-04T05:45:00+00:00,22411528-2,RH,CURRENT,%,100
2026-09-04T05:45:00+00:00,22411528-3,Dew Point,CURRENT,°C,19.779460735274153
2026-09-04T05:45:00+00:00,22411529-1,Temperature,CURRENT,°C,19.581254882812495
2026-09-04T05:45:00+00:00,22411529-2,RH,CURRENT,%,100
2026-09-04T05:45:00+00:00,22411529-3,Dew Point,CURRENT,°C,19.60758564362878
2026-09-04T05:45:00+00:00,22411530-1,Temperature,CURRENT,°C,19.9030078125
2026-09-04T05:45:00+00:00,22411530-2,RH,CURRENT,%,98.84031433585108
2026-09-04T05:45:00+00:00,22411530-3,Dew Point,CURRENT,°C,19.741390205307816
2026-09-04T05:45:00+00:00,22411541-S,Battery,CURRENT,V,8.235087158203125
2026-09-04T05:45:00+00:00,22447758-1,Temperature,CURRENT,°C,19.81720703125
2026-09-04T05:45:00+00:00,22447758-2,RH,CURRENT,%,96.98634317540245
2026-09-04T05:45:00+00:00,22447758-3,Dew Point,CURRENT,°C,19.35043579749658
2026-09-04T05:45:00+00:00,22447759-1,Temperature,CURRENT,°C,19.795756835937503
2026-09-04T05:45:00+00:00,22447759-2,RH,CURRENT,%,97.36629282063019
2026-09-04T05:45:00+00:00,22447759-3,Dew Point,CURRENT,°C,19.391971749318206
2026-09-04T05:45:00+00:00,22447760-1,Temperature,CURRENT,°C,19.81720703125
2026-09-04T05:45:00+00:00,22447760-2,RH,CURRENT,%,97.45326924544136
2026-09-04T05:45:00+00:00,22447760-3,Dew Point,CURRENT,°C,19.427764051875297
2026-09-04T05:45:00+00:00,22447761-1,Temperature,CURRENT,°C,19.774306640624992
2026-09-04T05:45:00+00:00,22447761-2,RH,CURRENT,%,96.72541390096895
2026-09-04T05:45:00+00:00,22447761-3,Dew Point,CURRENT,°C,19.264291155516357
2026-09-04T05:45:00+00:00,22447762-1,Temperature,CURRENT,°C,19.795756835937503
2026-09-04T05:45:00+00:00,22447762-2,RH,CURRENT,%,96.5163653009842
2026-09-04T05:45:00+00:00,22447762-3,Dew Point,CURRENT,°C,19.250883444224172
2026-09-04T05:45:00+00:00,22447764-1,Temperature,CURRENT,°C,19.795756835937503
2026-09-04T05:45:00+00:00,22447764-2,RH,CURRENT,%,97.61806668192568
2026-09-04T05:45:00+00:00,22447764-3,Dew Point,CURRENT,°C,19.433559464432452
2026-09-04T05:45:00+00:00,22447765-1,Temperature,CURRENT,°C,19.838657226562496
2026-09-04T05:45:00+00:00,22447765-2,RH,CURRENT,%,96.86884870679789
2026-09-04T05:45:00+00:00,22447765-3,Dew Point,CURRENT,°C,19.3523249834538
2026-09-04T05:45:00+00:00,22447766-1,Temperature,CURRENT,°C,19.838657226562496
2026-09-04T05:45:00+00:00,22447766-2,RH,CURRENT,%,97.0595864805066
2026-09-04T05:45:00+00:00,22447766-3,Dew Point,CURRENT,°C,19.383991376961273
2026-09-04T05:50:00+00:00,22411189-1,Temperature,CURRENT,°C,19.795756835937503
2026-09-04T05:50:00+00:00,22411189-2,RH,CURRENT,%,100
2026-09-04T05:50:00+00:00,22411189-3,Dew Point,CURRENT,°C,19.822429505834993
2026-09-04T05:50:00+00:00,22411190-1,Temperature,CURRENT,°C,19.838657226562496
2026-09-04T05:50:00+00:00,22411190-2,RH,CURRENT,%,98.59464408331426
2026-09-04T05:50:00+00:00,22411190-3,Dew Point,CURRENT,°C,19.636879298630262
2026-09-04T05:50:00+00:00,22411191-1,Temperature,CURRENT,°C,19.967358398437504
2026-09-04T05:50:00+00:00,22411191-2,RH,CURRENT,%,100
2026-09-04T05:50:00+00:00,22411191-3,Dew Point,CURRENT,°C,19.994304578676207
2026-09-04T05:50:00+00:00,22411525-1,Temperature,CURRENT,°C,19.967358398437504
2026-09-04T05:50:00+00:00,22411525-2,RH,CURRENT,%,98.21927214465553
2026-09-04T05:50:00+00:00,22411525-3,Dew Point,CURRENT,°C,19.703975786396136
2026-09-04T05:50:00+00:00,22411526-1,Temperature,CURRENT,°C,19.709956054687503
2026-09-04T05:50:00+00:00,22411526-2,RH,CURRENT,%,100
2026-09-04T05:50:00+00:00,22411526-3,Dew Point,CURRENT,°C,19.73649196377313
2026-09-04T05:50:00+00:00,22411527-1,Temperature,CURRENT,°C,19.967358398437504
2026-09-04T05:50:00+00:00,22411527-2,RH,CURRENT,%,98.45120927748532
2026-09-04T05:50:00+00:00,22411527-3,Dew Point,CURRENT,°C,19.74205015573211
2026-09-04T05:50:00+00:00,22411528-1,Temperature,CURRENT,°C,19.73140625
2026-09-04T05:50:00+00:00,22411528-2,RH,CURRENT,%,100
2026-09-04T05:50:00+00:00,22411528-3,Dew Point,CURRENT,°C,19.757976349641165
2026-09-04T05:50:00+00:00,22411529-1,Temperature,CURRENT,°C,19.516904296875005
2026-09-04T05:50:00+00:00,22411529-2,RH,CURRENT,%,100
2026-09-04T05:50:00+00:00,22411529-3,Dew Point,CURRENT,°C,19.543132480383413
2026-09-04T05:50:00+00:00,22411530-1,Temperature,CURRENT,°C,19.945908203124993
2026-09-04T05:50:00+00:00,22411530-2,RH,CURRENT,%,98.72587167162585
2026-09-04T05:50:00+00:00,22411530-3,Dew Point,CURRENT,°C,19.765587063712445
2026-09-04T05:50:00+00:00,22411541-S,Battery,CURRENT,V,8.222164306640625
2026-09-04T05:50:00+00:00,22447758-1,Temperature,CURRENT,°C,19.81720703125
2026-09-04T05:50:00+00:00,22447758-2,RH,CURRENT,%,96.51483939879454
2026-09-04T05:50:00+00:00,22447758-3,Dew Point,CURRENT,°C,19.27201824749989
2026-09-04T05:50:00+00:00,22447759-1,Temperature,CURRENT,°C,19.81720703125
2026-09-04T05:50:00+00:00,22447759-2,RH,CURRENT,%,96.99092088197146
2026-09-04T05:50:00+00:00,22447759-3,Dew Point,CURRENT,°C,19.351195496876414
2026-09-04T05:50:00+00:00,22447760-1,Temperature,CURRENT,°C,19.81720703125
2026-09-04T05:50:00+00:00,22447760-2,RH,CURRENT,%,96.96955825131609
2026-09-04T05:50:00+00:00,22447760-3,Dew Point,CURRENT,°C,19.34764996471646
2026-09-04T05:50:00+00:00,22447761-1,Temperature,CURRENT,°C,19.752856445312496
2026-09-04T05:50:00+00:00,22447761-2,RH,CURRENT,%,96.23102159151598
2026-09-04T05:50:00+00:00,22447761-3,Dew Point,CURRENT,°C,19.160510108864468
2026-09-04T05:50:00+00:00,22447762-1,Temperature,CURRENT,°C,19.795756835937503
2026-09-04T05:50:00+00:00,22447762-2,RH,CURRENT,%,96.13641565575647
2026-09-04T05:50:00+00:00,22447762-3,Dew Point,CURRENT,°C,19.187459824964527
2026-09-04T05:50:00+00:00,22447764-1,Temperature,CURRENT,°C,19.795756835937503
2026-09-04T05:50:00+00:00,22447764-2,RH,CURRENT,%,97.1297779812314
2026-09-04T05:50:00+00:00,22447764-3,Dew Point,CURRENT,°C,19.352818722689616
2026-09-04T05:50:00+00:00,22447765-1,Temperature,CURRENT,°C,19.838657226562496
2026-09-04T05:50:00+00:00,22447765-2,RH,CURRENT,%,96.34241245136187
2026-09-04T05:50:00+00:00,22447765-3,Dew Point,CURRENT,°C,19.26464185962368
2026-09-04T05:50:00+00:00,22447766-1,Temperature,CURRENT,°C,19.838657226562496
2026-09-04T05:50:00+00:00,22447766-2,RH,CURRENT,%,96.61249713893339
2026-09-04T05:50:00+00:00,22447766-3,Dew Point,CURRENT,°C,19.309679324802158
2026-09-04T05:55:00+00:00,22411189-1,Temperature,CURRENT,°C,19.709956054687503
2026-09-04T05:55:00+00:00,22411189-2,RH,CURRENT,%,100
2026-09-04T05:55:00+00:00,22411189-3,Dew Point,CURRENT,°C,19.73649196377313
2026-09-04T05:55:00+00:00,22411190-1,Temperature,CURRENT,°C,19.752856445312496
2026-09-04T05:55:00+00:00,22411190-2,RH,CURRENT,%,98.41916533150226
2026-09-04T05:55:00+00:00,22411190-3,Dew Point,CURRENT,°C,19.522379698294703
2026-09-04T05:55:00+00:00,22411191-1,Temperature,CURRENT,°C,19.860107421874993
2026-09-04T05:55:00+00:00,22411191-2,RH,CURRENT,%,100
2026-09-04T05:55:00+00:00,22411191-3,Dew Point,CURRENT,°C,19.88688265991333
2026-09-04T05:55:00+00:00,22411525-1,Temperature,CURRENT,°C,19.860107421874993
2026-09-04T05:55:00+00:00,22411525-2,RH,CURRENT,%,98.19943541618983
2026-09-04T05:55:00+00:00,22411525-3,Dew Point,CURRENT,°C,19.59353843734541
2026-09-04T05:55:00+00:00,22411526-1,Temperature,CURRENT,°C,19.624155273437502
2026-09-04T05:55:00+00:00,22411526-2,RH,CURRENT,%,100
2026-09-04T05:55:00+00:00,22411526-3,Dew Point,CURRENT,°C,19.650554417950442
2026-09-04T05:55:00+00:00,22411527-1,Temperature,CURRENT,°C,19.881557617187504
2026-09-04T05:55:00+00:00,22411527-2,RH,CURRENT,%,98.49698634317541
2026-09-04T05:55:00+00:00,22411527-3,Dew Point,CURRENT,°C,19.663781164662986
2026-09-04T05:55:00+00:00,22411528-1,Temperature,CURRENT,°C,19.624155273437502
2026-09-04T05:55:00+00:00,22411528-2,RH,CURRENT,%,100
2026-09-04T05:55:00+00:00,22411528-3,Dew Point,CURRENT,°C,19.650554417950442
2026-09-04T05:55:00+00:00,22411529-1,Temperature,CURRENT,°C,19.431103515625004
2026-09-04T05:55:00+00:00,22411529-2,RH,CURRENT,%,100
2026-09-04T05:55:00+00:00,22411529-3,Dew Point,CURRENT,°C,19.457194926098865
2026-09-04T05:55:00+00:00,22411530-1,Temperature,CURRENT,°C,19.838657226562496
2026-09-04T05:55:00+00:00,22411530-2,RH,CURRENT,%,98.46494239719235
2026-09-04T05:55:00+00:00,22411530-3,Dew Point,CURRENT,°C,19.615645728586777
2026-09-04T05:55:00+00:00,22411541-S,Battery,CURRENT,V,8.215702880859375
2026-09-04T05:55:00+00:00,22447758-1,Temperature,CURRENT,°C,19.709956054687503
2026-09-04T05:55:00+00:00,22447758-2,RH,CURRENT,%,96.60791943236438
2026-09-04T05:55:00+00:00,22447758-3,Dew Point,CURRENT,°C,19.180566859337855
2026-09-04T05:55:00+00:00,22447759-1,Temperature,CURRENT,°C,19.709956054687503
2026-09-04T05:55:00+00:00,22447759-2,RH,CURRENT,%,97.06569008926527
2026-09-04T05:55:00+00:00,22447759-3,Dew Point,CURRENT,°C,19.256577778004726
2026-09-04T05:55:00+00:00,22447760-1,Temperature,CURRENT,°C,19.73140625
2026-09-04T05:55:00+00:00,22447760-2,RH,CURRENT,%,97.07331960021362
2026-09-04T05:55:00+00:00,22447760-3,Dew Point,CURRENT,°C,19.279246532780846
2026-09-04T05:55:00+00:00,22447761-1,Temperature,CURRENT,°C,19.667055664062495
2026-09-04T05:55:00+00:00,22447761-2,RH,CURRENT,%,96.22644388494697
2026-09-04T05:55:00+00:00,22447761-3,Dew Point,CURRENT,°C,19.074221113480956
2026-09-04T05:55:00+00:00,22447762-1,Temperature,CURRENT,°C,19.709956054687503
2026-09-04T05:55:00+00:00,22447762-2,RH,CURRENT,%,96.22796978713664
2026-09-04T05:55:00+00:00,22447762-3,Dew Point,CURRENT,°C,19.11723812034088
2026-09-04T05:55:00+00:00,22447764-1,Temperature,CURRENT,°C,19.667055664062495
2026-09-04T05:55:00+00:00,22447764-2,RH,CURRENT,%,97.17555504692149
2026-09-04T05:55:00+00:00,22447764-3,Dew Point,CURRENT,°C,19.2319589338308
2026-09-04T05:55:00+00:00,22447765-1,Temperature,CURRENT,°C,19.73140625
2026-09-04T05:55:00+00:00,22447765-2,RH,CURRENT,%,96.42328526741436
2026-09-04T05:55:00+00:00,22447765-3,Dew Point,CURRENT,°C,19.17120649316766
2026-09-04T05:55:00+00:00,22447766-1,Temperature,CURRENT,°C,19.73140625
2026-09-04T05:55:00+00:00,22447766-2,RH,CURRENT,%,96.78187228198672
2026-09-04T05:55:00+00:00,22447766-3,Dew Point,CURRENT,°C,19.230884561459476
2026-09-04T06:00:00+00:00,22411189-1,Temperature,CURRENT,°C,19.709956054687503
2026-09-04T06:00:00+00:00,22411189-2,RH,CURRENT,%,100
2026-09-04T06:00:00+00:00,22411189-3,Dew Point,CURRENT,°C,19.73649196377313
2026-09-04T06:00:00+00:00,22411190-1,Temperature,CURRENT,°C,19.73140625
2026-09-04T06:00:00+00:00,22411190-2,RH,CURRENT,%,98.68009460593576
2026-09-04T06:00:00+00:00,22411190-3,Dew Point,CURRENT,°C,19.543612048198742
2026-09-04T06:00:00+00:00,22411191-1,Temperature,CURRENT,°C,19.838657226562496
2026-09-04T06:00:00+00:00,22411191-2,RH,CURRENT,%,100
2026-09-04T06:00:00+00:00,22411191-3,Dew Point,CURRENT,°C,19.865398275455597
2026-09-04T06:00:00+00:00,22411525-1,Temperature,CURRENT,°C,19.81720703125
2026-09-04T06:00:00+00:00,22411525-2,RH,CURRENT,%,98.35202563515679
2026-09-04T06:00:00+00:00,22411525-3,Dew Point,CURRENT,°C,19.575700446350787
2026-09-04T06:00:00+00:00,22411526-1,Temperature,CURRENT,°C,19.60270507812499
2026-09-04T06:00:00+00:00,22411526-2,RH,CURRENT,%,100
2026-09-04T06:00:00+00:00,22411526-3,Dew Point,CURRENT,°C,19.629070030907126
2026-09-04T06:00:00+00:00,22411527-1,Temperature,CURRENT,°C,19.838657226562496
2026-09-04T06:00:00+00:00,22411527-2,RH,CURRENT,%,98.5931181811246
2026-09-04T06:00:00+00:00,22411527-3,Dew Point,CURRENT,°C,19.6366296339807
2026-09-04T06:00:00+00:00,22411528-1,Temperature,CURRENT,°C,19.624155273437502
2026-09-04T06:00:00+00:00,22411528-2,RH,CURRENT,%,100
2026-09-04T06:00:00+00:00,22411528-3,Dew Point,CURRENT,°C,19.650554417950442
2026-09-04T06:00:00+00:00,22411529-1,Temperature,CURRENT,°C,19.409653320312493
2026-09-04T06:00:00+00:00,22411529-2,RH,CURRENT,%,100
2026-09-04T06:00:00+00:00,22411529-3,Dew Point,CURRENT,°C,19.435710536940082
2026-09-04T06:00:00+00:00,22411530-1,Temperature,CURRENT,°C,19.81720703125
2026-09-04T06:00:00+00:00,22411530-2,RH,CURRENT,%,98.75791561760892
2026-09-04T06:00:00+00:00,22411530-3,Dew Point,CURRENT,°C,19.642123179989742
2026-09-04T06:00:00+00:00,22411541-S,Battery,CURRENT,V,8.22539501953125
2026-09-04T06:00:00+00:00,22447758-1,Temperature,CURRENT,°C,19.752856445312496
2026-09-04T06:00:00+00:00,22447758-2,RH,CURRENT,%,96.76356145571069
2026-09-04T06:00:00+00:00,22447758-3,Dew Point,CURRENT,°C,19.249237856780493
2026-09-04T06:00:00+00:00,22447759-1,Temperature,CURRENT,°C,19.73140625
2026-09-04T06:00:00+00:00,22447759-2,RH,CURRENT,%,97.15114061188677
2026-09-04T06:00:00+00:00,22447759-3,Dew Point,CURRENT,°C,19.29213845094238
2026-09-04T06:00:00+00:00,22447760-1,Temperature,CURRENT,°C,19.752856445312496
2026-09-04T06:00:00+00:00,22447760-2,RH,CURRENT,%,97.27473868925001
2026-09-04T06:00:00+00:00,22447760-3,Dew Point,CURRENT,°C,19.334005408960174
2026-09-04T06:00:00+00:00,22447761-1,Temperature,CURRENT,°C,19.709956054687503
2026-09-04T06:00:00+00:00,22447761-2,RH,CURRENT,%,96.48432135500114
2026-09-04T06:00:00+00:00,22447761-3,Dew Point,CURRENT,°C,19.159989893247403
2026-09-04T06:00:00+00:00,22447762-1,Temperature,CURRENT,°C,19.752856445312496
2026-09-04T06:00:00+00:00,22447762-2,RH,CURRENT,%,96.38361181048295
2026-09-04T06:00:00+00:00,22447762-3,Dew Point,CURRENT,°C,19.185977351456742
2026-09-04T06:00:00+00:00,22447764-1,Temperature,CURRENT,°C,19.709956054687503
2026-09-04T06:00:00+00:00,22447764-2,RH,CURRENT,%,97.3907072556649
2026-09-04T06:00:00+00:00,22447764-3,Dew Point,CURRENT,°C,19.310355389368553
2026-09-04T06:00:00+00:00,22447765-1,Temperature,CURRENT,°C,19.774306640624992
2026-09-04T06:00:00+00:00,22447765-2,RH,CURRENT,%,96.58960860608835
2026-09-04T06:00:00+00:00,22447765-3,Dew Point,CURRENT,°C,19.241693405187853
2026-09-04T06:00:00+00:00,22447766-1,Temperature,CURRENT,°C,19.774306640624992
2026-09-04T06:00:00+00:00,22447766-2,RH,CURRENT,%,96.88563363088426
2026-09-04T06:00:00+00:00,22447766-3,Dew Point,CURRENT,°C,19.29091576127213
2026-09-04T06:05:00+00:00,22411189-1,Temperature,CURRENT,°C,19.774306640624992
2026-09-04T06:05:00+00:00,22411189-2,RH,CURRENT,%,100
2026-09-04T06:05:00+00:00,22411189-3,Dew Point,CURRENT,°C,19.800945120672086
2026-09-04T06:05:00+00:00,22411190-1,Temperature,CURRENT,°C,19.795756835937503
2026-09-04T06:05:00+00:00,22411190-2,RH,CURRENT,%,98.59922178988327
2026-09-04T06:05:00+00:00,22411190-3,Dew Point,CURRENT,°C,19.594735458959544
2026-09-04T06:05:00+00:00,22411191-1,Temperature,CURRENT,°C,19.9030078125
2026-09-04T06:05:00+00:00,22411191-2,RH,CURRENT,%,100
2026-09-04T06:05:00+00:00,22411191-3,Dew Point,CURRENT,°C,19.929851428123644
2026-09-04T06:05:00+00:00,22411525-1,Temperature,CURRENT,°C,19.9030078125
2026-09-04T06:05:00+00:00,22411525-2,RH,CURRENT,%,98.20553902494851
2026-09-04T06:05:00+00:00,22411525-3,Dew Point,CURRENT,°C,19.63741202609354
2026-09-04T06:05:00+00:00,22411526-1,Temperature,CURRENT,°C,19.667055664062495
2026-09-04T06:05:00+00:00,22411526-2,RH,CURRENT,%,100
2026-09-04T06:05:00+00:00,22411526-3,Dew Point,CURRENT,°C,19.69352319133188
2026-09-04T06:05:00+00:00,22411527-1,Temperature,CURRENT,°C,19.924458007812497
2026-09-04T06:05:00+00:00,22411527-2,RH,CURRENT,%,98.38406958113985
2026-09-04T06:05:00+00:00,22411527-3,Dew Point,CURRENT,°C,19.68815567962368
2026-09-04T06:05:00+00:00,22411528-1,Temperature,CURRENT,°C,19.667055664062495
2026-09-04T06:05:00+00:00,22411528-2,RH,CURRENT,%,100
2026-09-04T06:05:00+00:00,22411528-3,Dew Point,CURRENT,°C,19.69352319133188
2026-09-04T06:05:00+00:00,22411529-1,Temperature,CURRENT,°C,19.474003906249997
2026-09-04T06:05:00+00:00,22411529-2,RH,CURRENT,%,100
2026-09-04T06:05:00+00:00,22411529-3,Dew Point,CURRENT,°C,19.500163703711227
2026-09-04T06:05:00+00:00,22411530-1,Temperature,CURRENT,°C,19.9030078125
2026-09-04T06:05:00+00:00,22411530-2,RH,CURRENT,%,98.68162050812543
2026-09-04T06:05:00+00:00,22411530-3,Dew Point,CURRENT,°C,19.715450534624896
2026-09-04T06:05:00+00:00,22411541-S,Battery,CURRENT,V,8.22539501953125
2026-09-04T06:05:00+00:00,22447758-1,Temperature,CURRENT,°C,19.838657226562496
2026-09-04T06:05:00+00:00,22447758-2,RH,CURRENT,%,96.62012664988174
2026-09-04T06:05:00+00:00,22447758-3,Dew Point,CURRENT,°C,19.310949969224303
2026-09-04T06:05:00+00:00,22447759-1,Temperature,CURRENT,°C,19.81720703125
2026-09-04T06:05:00+00:00,22447759-2,RH,CURRENT,%,96.96498054474708
2026-09-04T06:05:00+00:00,22447759-3,Dew Point,CURRENT,°C,19.346890118931196
2026-09-04T06:05:00+00:00,22447760-1,Temperature,CURRENT,°C,19.838657226562496
2026-09-04T06:05:00+00:00,22447760-2,RH,CURRENT,%,96.96040283817807
2026-09-04T06:05:00+00:00,22447760-3,Dew Point,CURRENT,°C,19.36753165276801
2026-09-04T06:05:00+00:00,22447761-1,Temperature,CURRENT,°C,19.795756835937503
2026-09-04T06:05:00+00:00,22447761-2,RH,CURRENT,%,96.23102159151598
2026-09-04T06:05:00+00:00,22447761-3,Dew Point,CURRENT,°C,19.203272526735372
2026-09-04T06:05:00+00:00,22447762-1,Temperature,CURRENT,°C,19.838657226562496
2026-09-04T06:05:00+00:00,22447762-2,RH,CURRENT,%,96.12573434042878
2026-09-04T06:05:00+00:00,22447762-3,Dew Point,CURRENT,°C,19.228430188323948
2026-09-04T06:05:00+00:00,22447764-1,Temperature,CURRENT,°C,19.795756835937503
2026-09-04T06:05:00+00:00,22447764-2,RH,CURRENT,%,97.32661936369878
2026-09-04T06:05:00+00:00,22447764-3,Dew Point,CURRENT,°C,19.38540995622212
2026-09-04T06:05:00+00:00,22447765-1,Temperature,CURRENT,°C,19.838657226562496
2026-09-04T06:05:00+00:00,22447765-2,RH,CURRENT,%,96.50110627908751
2026-09-04T06:05:00+00:00,22447765-3,Dew Point,CURRENT,°C,19.291117912916395
2026-09-04T06:05:00+00:00,22447766-1,Temperature,CURRENT,°C,19.860107421874993
2026-09-04T06:05:00+00:00,22447766-2,RH,CURRENT,%,96.68116273746853
2026-09-04T06:05:00+00:00,22447766-3,Dew Point,CURRENT,°C,19.342505641201324
2026-09-04T06:10:00+00:00,22411189-1,Temperature,CURRENT,°C,19.838657226562496
2026-09-04T06:10:00+00:00,22411189-2,RH,CURRENT,%,100
2026-09-04T06:10:00+00:00,22411189-3,Dew Point,CURRENT,°C,19.865398275455597
2026-09-04T06:10:00+00:00,22411190-1,Temperature,CURRENT,°C,19.881557617187504
2026-09-04T06:10:00+00:00,22411190-2,RH,CURRENT,%,98.58396276798658
2026-09-04T06:10:00+00:00,22411190-3,Dew Point,CURRENT,°C,19.678023542497638
2026-09-04T06:10:00+00:00,22411191-1,Temperature,CURRENT,°C,19.98880859375
2026-09-04T06:10:00+00:00,22411191-2,RH,CURRENT,%,100
2026-09-04T06:10:00+00:00,22411191-3,Dew Point,CURRENT,°C,20.01578896172364
2026-09-04T06:10:00+00:00,22411525-1,Temperature,CURRENT,°C,19.967358398437504
2026-09-04T06:10:00+00:00,22411525-2,RH,CURRENT,%,98.11398489356833
2026-09-04T06:10:00+00:00,22411525-3,Dew Point,CURRENT,°C,19.686666070882296
2026-09-04T06:10:00+00:00,22411526-1,Temperature,CURRENT,°C,19.73140625
2026-09-04T06:10:00+00:00,22411526-2,RH,CURRENT,%,100
2026-09-04T06:10:00+00:00,22411526-3,Dew Point,CURRENT,°C,19.757976349641165
2026-09-04T06:10:00+00:00,22411527-1,Temperature,CURRENT,°C,19.98880859375
2026-09-04T06:10:00+00:00,22411527-2,RH,CURRENT,%,98.36423285267415
2026-09-04T06:10:00+00:00,22411527-3,Dew Point,CURRENT,°C,19.749221432798585
2026-09-04T06:10:00+00:00,22411528-1,Temperature,CURRENT,°C,19.752856445312496
2026-09-04T06:10:00+00:00,22411528-2,RH,CURRENT,%,100
2026-09-04T06:10:00+00:00,22411528-3,Dew Point,CURRENT,°C,19.779460735274153
2026-09-04T06:10:00+00:00,22411529-1,Temperature,CURRENT,°C,19.581254882812495
2026-09-04T06:10:00+00:00,22411529-2,RH,CURRENT,%,100
2026-09-04T06:10:00+00:00,22411529-3,Dew Point,CURRENT,°C,19.60758564362878
2026-09-04T06:10:00+00:00,22411530-1,Temperature,CURRENT,°C,19.98880859375
2026-09-04T06:10:00+00:00,22411530-2,RH,CURRENT,%,98.62058442053865
2026-09-04T06:10:00+00:00,22411530-3,Dew Point,CURRENT,°C,19.791251899133787
2026-09-04T06:10:00+00:00,22411541-S,Battery,CURRENT,V,8.215702880859375
2026-09-04T06:10:00+00:00,22447758-1,Temperature,CURRENT,°C,19.945908203124993
2026-09-04T06:10:00+00:00,22447758-2,RH,CURRENT,%,96.45075150682841
2026-09-04T06:10:00+00:00,22447758-3,Dew Point,CURRENT,°C,19.389657323910875
2026-09-04T06:10:00+00:00,22447759-1,Temperature,CURRENT,°C,19.924458007812497
2026-09-04T06:10:00+00:00,22447759-2,RH,CURRENT,%,96.82764934767681
2026-09-04T06:10:00+00:00,22447759-3,Dew Point,CURRENT,°C,19.43106876282263
2026-09-04T06:10:00+00:00,22447760-1,Temperature,CURRENT,°C,19.945908203124993
2026-09-04T06:10:00+00:00,22447760-2,RH,CURRENT,%,96.86732280460822
2026-09-04T06:10:00+00:00,22447760-3,Dew Point,CURRENT,°C,19.45906550721156
2026-09-04T06:10:00+00:00,22447761-1,Temperature,CURRENT,°C,19.9030078125
2026-09-04T06:10:00+00:00,22447761-2,RH,CURRENT,%,96.17151140611887
2026-09-04T06:10:00+00:00,22447761-3,Dew Point,CURRENT,°C,19.300225026865938
2026-09-04T06:10:00+00:00,22447762-1,Temperature,CURRENT,°C,19.945908203124993
2026-09-04T06:10:00+00:00,22447762-2,RH,CURRENT,%,95.95635919737545
2026-09-04T06:10:00+00:00,22447762-3,Dew Point,CURRENT,°C,19.3069416750097
2026-09-04T06:10:00+00:00,22447764-1,Temperature,CURRENT,°C,19.924458007812497
2026-09-04T06:10:00+00:00,22447764-2,RH,CURRENT,%,97.07789730678263
2026-09-04T06:10:00+00:00,22447764-3,Dew Point,CURRENT,°C,19.472647046791863
2026-09-04T06:10:00+00:00,22447765-1,Temperature,CURRENT,°C,19.967358398437504
2026-09-04T06:10:00+00:00,22447765-2,RH,CURRENT,%,96.25848783093004
2026-09-04T06:10:00+00:00,22447765-3,Dew Point,CURRENT,°C,19.37891619469515
2026-09-04T06:10:00+00:00,22447766-1,Temperature,CURRENT,°C,19.98880859375
2026-09-04T06:10:00+00:00,22447766-2,RH,CURRENT,%,96.45532921339742
2026-09-04T06:10:00+00:00,22447766-3,Dew Point,CURRENT,°C,19.433196206461023
2026-09-04T06:15:00+00:00,22411189-1,Temperature,CURRENT,°C,19.860107421874993
2026-09-04T06:15:00+00:00,22411189-2,RH,CURRENT,%,100
2026-09-04T06:15:00+00:00,22411189-3,Dew Point,CURRENT,°C,19.88688265991333
2026-09-04T06:15:00+00:00,22411190-1,Temperature,CURRENT,°C,19.881557617187504
2026-09-04T06:15:00+00:00,22411190-2,RH,CURRENT,%,98.47562371252003
2026-09-04T06:15:00+00:00,22411190-3,Dew Point,CURRENT,°C,19.660281354217595
2026-09-04T06:15:00+00:00,22411191-1,Temperature,CURRENT,°C,19.967358398437504
2026-09-04T06:15:00+00:00,22411191-2,RH,CURRENT,%,100
2026-09-04T06:15:00+00:00,22411191-3,Dew Point,CURRENT,°C,19.994304578676207
2026-09-04T06:15:00+00:00,22411525-1,Temperature,CURRENT,°C,19.967358398437504
2026-09-04T06:15:00+00:00,22411525-2,RH,CURRENT,%,98.17654688334478
2026-09-04T06:15:00+00:00,22411525-3,Dew Point,CURRENT,°C,19.696953511488132
2026-09-04T06:15:00+00:00,22411526-1,Temperature,CURRENT,°C,19.752856445312496
2026-09-04T06:15:00+00:00,22411526-2,RH,CURRENT,%,100
2026-09-04T06:15:00+00:00,22411526-3,Dew Point,CURRENT,°C,19.779460735274153
2026-09-04T06:15:00+00:00,22411527-1,Temperature,CURRENT,°C,19.967358398437504
2026-09-04T06:15:00+00:00,22411527-2,RH,CURRENT,%,98.43442435339895
2026-09-04T06:15:00+00:00,22411527-3,Dew Point,CURRENT,°C,19.739297408342605
2026-09-04T06:15:00+00:00,22411528-1,Temperature,CURRENT,°C,19.795756835937503
2026-09-04T06:15:00+00:00,22411528-2,RH,CURRENT,%,100
2026-09-04T06:15:00+00:00,22411528-3,Dew Point,CURRENT,°C,19.822429505834993
2026-09-04T06:15:00+00:00,22411529-1,Temperature,CURRENT,°C,19.64560546875
2026-09-04T06:15:00+00:00,22411529-2,RH,CURRENT,%,100
2026-09-04T06:15:00+00:00,22411529-3,Dew Point,CURRENT,°C,19.67203880475869
2026-09-04T06:15:00+00:00,22411530-1,Temperature,CURRENT,°C,19.967358398437504
2026-09-04T06:15:00+00:00,22411530-2,RH,CURRENT,%,98.55344472419318
2026-09-04T06:15:00+00:00,22411530-3,Dew Point,CURRENT,°C,19.758808031609775
2026-09-04T06:15:00+00:00,22411541-S,Battery,CURRENT,V,8.222164306640625
2026-09-04T06:15:00+00:00,22447758-1,Temperature,CURRENT,°C,19.9030078125
2026-09-04T06:15:00+00:00,22447758-2,RH,CURRENT,%,96.52552071412222
2026-09-04T06:15:00+00:00,22447758-3,Dew Point,CURRENT,°C,19.359355824894777
2026-09-04T06:15:00+00:00,22447759-1,Temperature,CURRENT,°C,19.881557617187504
2026-09-04T06:15:00+00:00,22447759-2,RH,CURRENT,%,96.9085221637293
2026-09-04T06:15:00+00:00,22447759-3,Dew Point,CURRENT,°C,19.401716014448517
2026-09-04T06:15:00+00:00,22447760-1,Temperature,CURRENT,°C,19.9030078125
2026-09-04T06:15:00+00:00,22447760-2,RH,CURRENT,%,96.95582513160906
2026-09-04T06:15:00+00:00,22447760-3,Dew Point,CURRENT,°C,19.430975428176563
2026-09-04T06:15:00+00:00,22447761-1,Temperature,CURRENT,°C,19.860107421874993
2026-09-04T06:15:00+00:00,22447761-2,RH,CURRENT,%,96.2050812542916
2026-09-04T06:15:00+00:00,22447761-3,Dew Point,CURRENT,°C,19.263079535731805
2026-09-04T06:15:00+00:00,22447762-1,Temperature,CURRENT,°C,19.881557617187504
2026-09-04T06:15:00+00:00,22447762-2,RH,CURRENT,%,96.07080186160067
2026-09-04T06:15:00+00:00,22447762-3,Dew Point,CURRENT,°C,19.261991846810744
2026-09-04T06:15:00+00:00,22447764-1,Temperature,CURRENT,°C,19.881557617187504
2026-09-04T06:15:00+00:00,22447764-2,RH,CURRENT,%,97.13435568780041
2026-09-04T06:15:00+00:00,22447764-3,Dew Point,CURRENT,°C,19.439202165077344
2026-09-04T06:15:00+00:00,22447765-1,Temperature,CURRENT,°C,19.924458007812497
2026-09-04T06:15:00+00:00,22447765-2,RH,CURRENT,%,96.29663538567178
2026-09-04T06:15:00+00:00,22447765-3,Dew Point,CURRENT,°C,19.34252940547254
2026-09-04T06:15:00+00:00,22447766-1,Temperature,CURRENT,°C,19.924458007812497
2026-09-04T06:15:00+00:00,22447766-2,RH,CURRENT,%,96.55756466010529
2026-09-04T06:15:00+00:00,22447766-3,Dew Point,CURRENT,°C,19.386089038438328
2026-09-04T06:20:00+00:00,22411189-1,Temperature,CURRENT,°C,19.9030078125
2026-09-04T06:20:00+00:00,22411189-2,RH,CURRENT,%,100
2026-09-04T06:20:00+00:00,22411189-3,Dew Point,CURRENT,°C,19.929851428123644
2026-09-04T06:20:00+00:00,22411190-1,Temperature,CURRENT,°C,19.924458007812497
2026-09-04T06:20:00+00:00,22411190-2,RH,CURRENT,%,98.40238040741589
2026-09-04T06:20:00+00:00,22411190-3,Dew Point,CURRENT,°C,19.691158999661383
2026-09-04T06:20:00+00:00,22411191-1,Temperature,CURRENT,°C,20.031708984374994
2026-09-04T06:20:00+00:00,22411191-2,RH,CURRENT,%,100
2026-09-04T06:20:00+00:00,22411191-3,Dew Point,CURRENT,°C,20.058757727113314
2026-09-04T06:20:00+00:00,22411525-1,Temperature,CURRENT,°C,20.010258789062497
2026-09-04T06:20:00+00:00,22411525-2,RH,CURRENT,%,97.91561760891126
2026-09-04T06:20:00+00:00,22411525-3,Dew Point,CURRENT,°C,19.696864725812386
2026-09-04T06:20:00+00:00,22411526-1,Temperature,CURRENT,°C,19.795756835937503
2026-09-04T06:20:00+00:00,22411526-2,RH,CURRENT,%,100
2026-09-04T06:20:00+00:00,22411526-3,Dew Point,CURRENT,°C,19.822429505834993
2026-09-04T06:20:00+00:00,22411527-1,Temperature,CURRENT,°C,20.031708984374994
2026-09-04T06:20:00+00:00,22411527-2,RH,CURRENT,%,98.11245899137866
2026-09-04T06:20:00+00:00,22411527-3,Dew Point,CURRENT,°C,19.75071429185156
2026-09-04T06:20:00+00:00,22411528-1,Temperature,CURRENT,°C,19.838657226562496
2026-09-04T06:20:00+00:00,22411528-2,RH,CURRENT,%,100
2026-09-04T06:20:00+00:00,22411528-3,Dew Point,CURRENT,°C,19.865398275455597
2026-09-04T06:20:00+00:00,22411529-1,Temperature,CURRENT,°C,19.68850585937499
2026-09-04T06:20:00+00:00,22411529-2,RH,CURRENT,%,100
2026-09-04T06:20:00+00:00,22411529-3,Dew Point,CURRENT,°C,19.715007577670026
2026-09-04T06:20:00+00:00,22411530-1,Temperature,CURRENT,°C,20.010258789062497
2026-09-04T06:20:00+00:00,22411530-2,RH,CURRENT,%,98.46646829938202
2026-09-04T06:20:00+00:00,22411530-3,Dew Point,CURRENT,°C,19.787437807520277
2026-09-04T06:20:00+00:00,22411541-S,Battery,CURRENT,V,8.209241455078125
2026-09-04T06:20:00+00:00,22447758-1,Temperature,CURRENT,°C,19.924458007812497
2026-09-04T06:20:00+00:00,22447758-2,RH,CURRENT,%,96.48279545281147
2026-09-04T06:20:00+00:00,22447758-3,Dew Point,CURRENT,°C,19.37361757426759
2026-09-04T06:20:00+00:00,22447759-1,Temperature,CURRENT,°C,19.9030078125
2026-09-04T06:20:00+00:00,22447759-2,RH,CURRENT,%,96.92225528343633
2026-09-04T06:20:00+00:00,22447759-3,Dew Point,CURRENT,°C,19.425398093284553
2026-09-04T06:20:00+00:00,22447760-1,Temperature,CURRENT,°C,19.924458007812497
2026-09-04T06:20:00+00:00,22447760-2,RH,CURRENT,%,96.99549858854047
2026-09-04T06:20:00+00:00,22447760-3,Dew Point,CURRENT,°C,19.45896699938527
2026-09-04T06:20:00+00:00,22447761-1,Temperature,CURRENT,°C,19.881557617187504
2026-09-04T06:20:00+00:00,22447761-2,RH,CURRENT,%,96.20813305867094
2026-09-04T06:20:00+00:00,22447761-3,Dew Point,CURRENT,°C,19.2849703038955
2026-09-04T06:20:00+00:00,22447762-1,Temperature,CURRENT,°C,19.9030078125
2026-09-04T06:20:00+00:00,22447762-2,RH,CURRENT,%,96.04791332875563
2026-09-04T06:20:00+00:00,22447762-3,Dew Point,CURRENT,°C,19.279535373107144
2026-09-04T06:20:00+00:00,22447764-1,Temperature,CURRENT,°C,19.9030078125
2026-09-04T06:20:00+00:00,22447764-2,RH,CURRENT,%,97.13740749217975
2026-09-04T06:20:00+00:00,22447764-3,Dew Point,CURRENT,°C,19.46111449250858
2026-09-04T06:20:00+00:00,22447765-1,Temperature,CURRENT,°C,19.945908203124993
2026-09-04T06:20:00+00:00,22447765-2,RH,CURRENT,%,96.32715342946517
2026-09-04T06:20:00+00:00,22447765-3,Dew Point,CURRENT,°C,19.369013243964577
2026-09-04T06:20:00+00:00,22447766-1,Temperature,CURRENT,°C,19.945908203124993
2026-09-04T06:20:00+00:00,22447766-2,RH,CURRENT,%,96.54230563820859
2026-09-04T06:20:00+00:00,22447766-3,Dew Point,CURRENT,°C,19.4049343207369
2026-09-04T06:25:00+00:00,22411189-1,Temperature,CURRENT,°C,19.98880859375
2026-09-04T06:25:00+00:00,22411189-2,RH,CURRENT,%,100
2026-09-04T06:25:00+00:00,22411189-3,Dew Point,CURRENT,°C,20.01578896172364
2026-09-04T06:25:00+00:00,22411190-1,Temperature,CURRENT,°C,20.010258789062497
2026-09-04T06:25:00+00:00,22411190-2,RH,CURRENT,%,98.17807278553445
2026-09-04T06:25:00+00:00,22411190-3,Dew Point,CURRENT,°C,19.740074088904883
2026-09-04T06:25:00+00:00,22411191-1,Temperature,CURRENT,°C,20.117509765624995
2026-09-04T06:25:00+00:00,22411191-2,RH,CURRENT,%,100
2026-09-04T06:25:00+00:00,22411191-3,Dew Point,CURRENT,°C,20.144695255072055
2026-09-04T06:25:00+00:00,22411525-1,Temperature,CURRENT,°C,20.096059570312498
2026-09-04T06:25:00+00:00,22411525-2,RH,CURRENT,%,97.77523460746166
2026-09-04T06:25:00+00:00,22411525-3,Dew Point,CURRENT,°C,19.759406357764806
2026-09-04T06:25:00+00:00,22411526-1,Temperature,CURRENT,°C,19.881557617187504
2026-09-04T06:25:00+00:00,22411526-2,RH,CURRENT,%,100
2026-09-04T06:25:00+00:00,22411526-3,Dew Point,CURRENT,°C,19.908367044136018
2026-09-04T06:25:00+00:00,22411527-1,Temperature,CURRENT,°C,20.096059570312498
2026-09-04T06:25:00+00:00,22411527-2,RH,CURRENT,%,98.00717174029145
2026-09-04T06:25:00+00:00,22411527-3,Dew Point,CURRENT,°C,19.797669935061784
2026-09-04T06:25:00+00:00,22411528-1,Temperature,CURRENT,°C,19.924458007812497
2026-09-04T06:25:00+00:00,22411528-2,RH,CURRENT,%,100
2026-09-04T06:25:00+00:00,22411528-3,Dew Point,CURRENT,°C,19.951335811876213
2026-09-04T06:25:00+00:00,22411529-1,Temperature,CURRENT,°C,19.774306640624992
2026-09-04T06:25:00+00:00,22411529-2,RH,CURRENT,%,100
2026-09-04T06:25:00+00:00,22411529-3,Dew Point,CURRENT,°C,19.800945120672086
2026-09-04T06:25:00+00:00,22411530-1,Temperature,CURRENT,°C,20.096059570312498
2026-09-04T06:25:00+00:00,22411530-2,RH,CURRENT,%,98.23758297093157
2026-09-04T06:25:00+00:00,22411530-3,Dew Point,CURRENT,°C,19.835603446300944
2026-09-04T06:25:00+00:00,22411541-S,Battery,CURRENT,V,8.209241455078125
2026-09-04T06:25:00+00:00,22447758-1,Temperature,CURRENT,°C,19.98880859375
2026-09-04T06:25:00+00:00,22447758-2,RH,CURRENT,%,96.55756466010529
2026-09-04T06:25:00+00:00,22447758-3,Dew Point,CURRENT,°C,19.4502596629982
2026-09-04T06:25:00+00:00,22447759-1,Temperature,CURRENT,°C,19.98880859375
2026-09-04T06:25:00+00:00,22447759-2,RH,CURRENT,%,96.84138246738384
2026-09-04T06:25:00+00:00,22447759-3,Dew Point,CURRENT,°C,19.49754715864745
2026-09-04T06:25:00+00:00,22447760-1,Temperature,CURRENT,°C,19.98880859375
2026-09-04T06:25:00+00:00,22447760-2,RH,CURRENT,%,96.98634317540245
2026-09-04T06:25:00+00:00,22447760-3,Dew Point,CURRENT,°C,19.52165262329767
2026-09-04T06:25:00+00:00,22447761-1,Temperature,CURRENT,°C,19.945908203124993
2026-09-04T06:25:00+00:00,22447761-2,RH,CURRENT,%,96.26459143968872
2026-09-04T06:25:00+00:00,22447761-3,Dew Point,CURRENT,°C,19.358554937342152
2026-09-04T06:25:00+00:00,22447762-1,Temperature,CURRENT,°C,19.98880859375
2026-09-04T06:25:00+00:00,22447762-2,RH,CURRENT,%,96.0494392309453
2026-09-04T06:25:00+00:00,22447762-3,Dew Point,CURRENT,°C,19.36529527059379
2026-09-04T06:25:00+00:00,22447764-1,Temperature,CURRENT,°C,19.967358398437504
2026-09-04T06:25:00+00:00,22447764-2,RH,CURRENT,%,97.1297779812314
2026-09-04T06:25:00+00:00,22447764-3,Dew Point,CURRENT,°C,19.524067305400365
2026-09-04T06:25:00+00:00,22447765-1,Temperature,CURRENT,°C,20.010258789062497
2026-09-04T06:25:00+00:00,22447765-2,RH,CURRENT,%,96.3958190280003
2026-09-04T06:25:00+00:00,22447765-3,Dew Point,CURRENT,°C,19.444642160523504
2026-09-04T06:25:00+00:00,22447766-1,Temperature,CURRENT,°C,20.010258789062497
2026-09-04T06:25:00+00:00,22447766-2,RH,CURRENT,%,96.55298695353628
2026-09-04T06:25:00+00:00,22447766-3,Dew Point,CURRENT,°C,19.470886030683896
2026-09-04T06:30:00+00:00,22411189-1,Temperature,CURRENT,°C,20.096059570312498
2026-09-04T06:30:00+00:00,22411189-2,RH,CURRENT,%,100
2026-09-04T06:30:00+00:00,22411189-3,Dew Point,CURRENT,°C,20.123210873434957
2026-09-04T06:30:00+00:00,22411190-1,Temperature,CURRENT,°C,20.096059570312498
2026-09-04T06:30:00+00:00,22411190-2,RH,CURRENT,%,97.75539787899595
2026-09-04T06:30:00+00:00,22411190-3,Dew Point,CURRENT,°C,19.75613013123069
2026-09-04T06:30:00+00:00,22411191-1,Temperature,CURRENT,°C,20.22476074218749
2026-09-04T06:30:00+00:00,22411191-2,RH,CURRENT,%,99.73296711680781
2026-09-04T06:30:00+00:00,22411191-3,Dew Point,CURRENT,°C,20.208783321546036
2026-09-04T06:30:00+00:00,22411525-1,Temperature,CURRENT,°C,20.22476074218749
2026-09-04T06:30:00+00:00,22411525-2,RH,CURRENT,%,97.2304875257496
2026-09-04T06:30:00+00:00,22411525-3,Dew Point,CURRENT,°C,19.79767678016325
2026-09-04T06:30:00+00:00,22411526-1,Temperature,CURRENT,°C,19.945908203124993
2026-09-04T06:30:00+00:00,22411526-2,RH,CURRENT,%,100
2026-09-04T06:30:00+00:00,22411526-3,Dew Point,CURRENT,°C,19.972820195393734
2026-09-04T06:30:00+00:00,22411527-1,Temperature,CURRENT,°C,20.22476074218749
2026-09-04T06:30:00+00:00,22411527-2,RH,CURRENT,%,97.42580300602731
2026-09-04T06:30:00+00:00,22411527-3,Dew Point,CURRENT,°C,19.830094043430215
2026-09-04T06:30:00+00:00,22411528-1,Temperature,CURRENT,°C,19.967358398437504
2026-09-04T06:30:00+00:00,22411528-2,RH,CURRENT,%,100
2026-09-04T06:30:00+00:00,22411528-3,Dew Point,CURRENT,°C,19.994304578676207
2026-09-04T06:30:00+00:00,22411529-1,Temperature,CURRENT,°C,19.795756835937503
2026-09-04T06:30:00+00:00,22411529-2,RH,CURRENT,%,100
2026-09-04T06:30:00+00:00,22411529-3,Dew Point,CURRENT,°C,19.822429505834993
2026-09-04T06:30:00+00:00,22411530-1,Temperature,CURRENT,°C,20.22476074218749
2026-09-04T06:30:00+00:00,22411530-2,RH,CURRENT,%,97.92477302204928
2026-09-04T06:30:00+00:00,22411530-3,Dew Point,CURRENT,°C,19.912652687423506
2026-09-04T06:30:00+00:00,22411541-S,Battery,CURRENT,V,8.215702880859375
2026-09-04T06:30:00+00:00,22447758-1,Temperature,CURRENT,°C,20.13895996093749
2026-09-04T06:30:00+00:00,22447758-2,RH,CURRENT,%,95.71526665140765
2026-09-04T06:30:00+00:00,22447758-3,Dew Point,CURRENT,°C,19.458770118887482
2026-09-04T06:30:00+00:00,22447759-1,Temperature,CURRENT,°C,20.117509765624995
2026-09-04T06:30:00+00:00,22447759-2,RH,CURRENT,%,96.09826810101472
2026-09-04T06:30:00+00:00,22447759-3,Dew Point,CURRENT,°C,19.50174145194128
2026-09-04T06:30:00+00:00,22447760-1,Temperature,CURRENT,°C,20.13895996093749
2026-09-04T06:30:00+00:00,22447760-2,RH,CURRENT,%,96.20813305867094
2026-09-04T06:30:00+00:00,22447760-3,Dew Point,CURRENT,°C,19.541536002740084
2026-09-04T06:30:00+00:00,22447761-1,Temperature,CURRENT,°C,20.096059570312498
2026-09-04T06:30:00+00:00,22447761-2,RH,CURRENT,%,95.47264820325017
2026-09-04T06:30:00+00:00,22447761-3,Dew Point,CURRENT,°C,19.37517100584633
2026-09-04T06:30:00+00:00,22447762-1,Temperature,CURRENT,°C,20.13895996093749
2026-09-04T06:30:00+00:00,22447762-2,RH,CURRENT,%,95.27428091859312
2026-09-04T06:30:00+00:00,22447762-3,Dew Point,CURRENT,°C,19.38439983269906
2026-09-04T06:30:00+00:00,22447764-1,Temperature,CURRENT,°C,20.096059570312498
2026-09-04T06:30:00+00:00,22447764-2,RH,CURRENT,%,96.41870756084535
2026-09-04T06:30:00+00:00,22447764-3,Dew Point,CURRENT,°C,19.534011670358304
2026-09-04T06:30:00+00:00,22447765-1,Temperature,CURRENT,°C,20.160410156250002
2026-09-04T06:30:00+00:00,22447765-2,RH,CURRENT,%,95.55352101930266
2026-09-04T06:30:00+00:00,22447765-3,Dew Point,CURRENT,°C,19.45288944240397
2026-09-04T06:30:00+00:00,22447766-1,Temperature,CURRENT,°C,20.1818603515625
2026-09-04T06:30:00+00:00,22447766-2,RH,CURRENT,%,95.66491187914855
2026-09-04T06:30:00+00:00,22447766-3,Dew Point,CURRENT,°C,19.493023680534886
2026-09-04T06:35:00+00:00,22411189-1,Temperature,CURRENT,°C,20.203310546874995
2026-09-04T06:35:00+00:00,22411189-2,RH,CURRENT,%,100
2026-09-04T06:35:00+00:00,22411189-3,Dew Point,CURRENT,°C,20.230632779269982
2026-09-04T06:35:00+00:00,22411190-1,Temperature,CURRENT,°C,20.203310546874995
2026-09-04T06:35:00+00:00,22411190-2,RH,CURRENT,%,97.19386587319752
2026-09-04T06:35:00+00:00,22411190-3,Dew Point,CURRENT,°C,19.770184464600316
2026-09-04T06:35:00+00:00,22411191-1,Temperature,CURRENT,°C,20.332011718750003
2026-09-04T06:35:00+00:00,22411191-2,RH,CURRENT,%,99.1805905241474
2026-09-04T06:35:00+00:00,22411191-3,Dew Point,CURRENT,°C,20.226132138721855
2026-09-04T06:35:00+00:00,22411525-1,Temperature,CURRENT,°C,20.310561523437492
2026-09-04T06:35:00+00:00,22411525-2,RH,CURRENT,%,96.68116273746853
2026-09-04T06:35:00+00:00,22411525-3,Dew Point,CURRENT,°C,19.791771023563353
2026-09-04T06:35:00+00:00,22411526-1,Temperature,CURRENT,°C,20.031708984374994
2026-09-04T06:35:00+00:00,22411526-2,RH,CURRENT,%,99.81689173723964
2026-09-04T06:35:00+00:00,22411526-3,Dew Point,CURRENT,°C,20.029098527466846
2026-09-04T06:35:00+00:00,22411527-1,Temperature,CURRENT,°C,20.310561523437492
2026-09-04T06:35:00+00:00,22411527-2,RH,CURRENT,%,96.92683299000534
2026-09-04T06:35:00+00:00,22411527-3,Dew Point,CURRENT,°C,19.832766132146332
2026-09-04T06:35:00+00:00,22411528-1,Temperature,CURRENT,°C,20.031708984374994
2026-09-04T06:35:00+00:00,22411528-2,RH,CURRENT,%,100
2026-09-04T06:35:00+00:00,22411528-3,Dew Point,CURRENT,°C,20.058757727113314
2026-09-04T06:35:00+00:00,22411529-1,Temperature,CURRENT,°C,19.838657226562496
2026-09-04T06:35:00+00:00,22411529-2,RH,CURRENT,%,100
2026-09-04T06:35:00+00:00,22411529-3,Dew Point,CURRENT,°C,19.865398275455597
2026-09-04T06:35:00+00:00,22411530-1,Temperature,CURRENT,°C,20.332011718750003
2026-09-04T06:35:00+00:00,22411530-2,RH,CURRENT,%,97.24727244983596
2026-09-04T06:35:00+00:00,22411530-3,Dew Point,CURRENT,°C,19.907510851184853
2026-09-04T06:35:00+00:00,22411541-S,Battery,CURRENT,V,8.209241455078125
2026-09-04T06:35:00+00:00,22447758-1,Temperature,CURRENT,°C,20.22476074218749
2026-09-04T06:35:00+00:00,22447758-2,RH,CURRENT,%,95.37499046311132
2026-09-04T06:35:00+00:00,22447758-3,Dew Point,CURRENT,°C,19.486838995093596
2026-09-04T06:35:00+00:00,22447759-1,Temperature,CURRENT,°C,20.1818603515625
2026-09-04T06:35:00+00:00,22447759-2,RH,CURRENT,%,95.90142671854734
2026-09-04T06:35:00+00:00,22447759-3,Dew Point,CURRENT,°C,19.53281896886329
2026-09-04T06:35:00+00:00,22447760-1,Temperature,CURRENT,°C,20.203310546874995
2026-09-04T06:35:00+00:00,22447760-2,RH,CURRENT,%,95.90753032730602
2026-09-04T06:35:00+00:00,22447760-3,Dew Point,CURRENT,°C,19.55521682217979
2026-09-04T06:35:00+00:00,22447761-1,Temperature,CURRENT,°C,20.160410156250002
2026-09-04T06:35:00+00:00,22447761-2,RH,CURRENT,%,95.13847562371252
2026-09-04T06:35:00+00:00,22447761-3,Dew Point,CURRENT,°C,19.38278671654278
2026-09-04T06:35:00+00:00,22447762-1,Temperature,CURRENT,°C,20.1818603515625
2026-09-04T06:35:00+00:00,22447762-2,RH,CURRENT,%,95.0545510032807
2026-09-04T06:35:00+00:00,22447762-3,Dew Point,CURRENT,°C,19.38992714330948
2026-09-04T06:35:00+00:00,22447764-1,Temperature,CURRENT,°C,20.1818603515625
2026-09-04T06:35:00+00:00,22447764-2,RH,CURRENT,%,96.03112840466926
2026-09-04T06:35:00+00:00,22447764-3,Dew Point,CURRENT,°C,19.55460575934896
2026-09-04T06:35:00+00:00,22447765-1,Temperature,CURRENT,°C,20.246210937500003
2026-09-04T06:35:00+00:00,22447765-2,RH,CURRENT,%,95.14610513466087
2026-09-04T06:35:00+00:00,22447765-3,Dew Point,CURRENT,°C,19.46948048100949
2026-09-04T06:35:00+00:00,22447766-1,Temperature,CURRENT,°C,20.22476074218749
2026-09-04T06:35:00+00:00,22447766-2,RH,CURRENT,%,95.28496223392081
2026-09-04T06:35:00+00:00,22447766-3,Dew Point,CURRENT,°C,19.471623092352402
2026-09-04T06:40:00+00:00,22411189-1,Temperature,CURRENT,°C,20.246210937500003
2026-09-04T06:40:00+00:00,22411189-2,RH,CURRENT,%,99.41405355916686
2026-09-04T06:40:00+00:00,22411189-3,Dew Point,CURRENT,°C,20.178365733704165
2026-09-04T06:40:00+00:00,22411190-1,Temperature,CURRENT,°C,20.246210937500003
2026-09-04T06:40:00+00:00,22411190-2,RH,CURRENT,%,96.1547264820325
2026-09-04T06:40:00+00:00,22411190-3,Dew Point,CURRENT,°C,19.639480060297707
2026-09-04T06:40:00+00:00,22411191-1,Temperature,CURRENT,°C,20.374912109374996
2026-09-04T06:40:00+00:00,22411191-2,RH,CURRENT,%,98.01174944686046
2026-09-04T06:40:00+00:00,22411191-3,Dew Point,CURRENT,°C,20.07701767087759
2026-09-04T06:40:00+00:00,22411525-1,Temperature,CURRENT,°C,20.374912109374996
2026-09-04T06:40:00+00:00,22411525-2,RH,CURRENT,%,95.54131380178531
2026-09-04T06:40:00+00:00,22411525-3,Dew Point,CURRENT,°C,19.664448750114165
2026-09-04T06:40:00+00:00,22411526-1,Temperature,CURRENT,°C,20.074609375
2026-09-04T06:40:00+00:00,22411526-2,RH,CURRENT,%,99.08293278400855
2026-09-04T06:40:00+00:00,22411526-3,Dew Point,CURRENT,°C,19.952654061864393
2026-09-04T06:40:00+00:00,22411527-1,Temperature,CURRENT,°C,20.3534619140625
2026-09-04T06:40:00+00:00,22411527-2,RH,CURRENT,%,95.78698405432212
2026-09-04T06:40:00+00:00,22411527-3,Dew Point,CURRENT,°C,19.684522813269954
2026-09-04T06:40:00+00:00,22411528-1,Temperature,CURRENT,°C,20.053159179687505
2026-09-04T06:40:00+00:00,22411528-2,RH,CURRENT,%,100
2026-09-04T06:40:00+00:00,22411528-3,Dew Point,CURRENT,°C,20.080242109455593
2026-09-04T06:40:00+00:00,22411529-1,Temperature,CURRENT,°C,19.81720703125
2026-09-04T06:40:00+00:00,22411529-2,RH,CURRENT,%,100
2026-09-04T06:40:00+00:00,22411529-3,Dew Point,CURRENT,°C,19.843913890762824
2026-09-04T06:40:00+00:00,22411530-1,Temperature,CURRENT,°C,20.374912109374996
2026-09-04T06:40:00+00:00,22411530-2,RH,CURRENT,%,96.10894941634241
2026-09-04T06:40:00+00:00,22411530-3,Dew Point,CURRENT,°C,19.76006387389848
2026-09-04T06:40:00+00:00,22411541-S,Battery,CURRENT,V,8.2060107421875
2026-09-04T06:40:00+00:00,22447758-1,Temperature,CURRENT,°C,20.246210937500003
2026-09-04T06:40:00+00:00,22447758-2,RH,CURRENT,%,94.37399862668804
2026-09-04T06:40:00+00:00,22447758-3,Dew Point,CURRENT,°C,19.338276130532392
2026-09-04T06:40:00+00:00,22447759-1,Temperature,CURRENT,°C,20.203310546874995
2026-09-04T06:40:00+00:00,22447759-2,RH,CURRENT,%,94.89585717555505
2026-09-04T06:40:00+00:00,22447759-3,Dew Point,CURRENT,°C,19.38437084507025
2026-09-04T06:40:00+00:00,22447760-1,Temperature,CURRENT,°C,20.246210937500003
2026-09-04T06:40:00+00:00,22447760-2,RH,CURRENT,%,94.87296864271
2026-09-04T06:40:00+00:00,22447760-3,Dew Point,CURRENT,°C,19.423173106992696
2026-09-04T06:40:00+00:00,22447761-1,Temperature,CURRENT,°C,20.203310546874995
2026-09-04T06:40:00+00:00,22447761-2,RH,CURRENT,%,94.23208972304876
2026-09-04T06:40:00+00:00,22447761-3,Dew Point,CURRENT,°C,19.27140967347287
2026-09-04T06:40:00+00:00,22447762-1,Temperature,CURRENT,°C,20.203310546874995
2026-09-04T06:40:00+00:00,22447762-2,RH,CURRENT,%,94.1496910048066
2026-09-04T06:40:00+00:00,22447762-3,Dew Point,CURRENT,°C,19.257338377571177
2026-09-04T06:40:00+00:00,22447764-1,Temperature,CURRENT,°C,20.22476074218749
2026-09-04T06:40:00+00:00,22447764-2,RH,CURRENT,%,94.91264209964142
2026-09-04T06:40:00+00:00,22447764-3,Dew Point,CURRENT,°C,19.408562463286447
2026-09-04T06:40:00+00:00,22447765-1,Temperature,CURRENT,°C,20.310561523437492
2026-09-04T06:40:00+00:00,22447765-2,RH,CURRENT,%,94.05203326466774
2026-09-04T06:40:00+00:00,22447765-3,Dew Point,CURRENT,°C,19.347246030568122
2026-09-04T06:40:00+00:00,22447766-1,Temperature,CURRENT,°C,20.2676611328125
2026-09-04T06:40:00+00:00,22447766-2,RH,CURRENT,%,94.32822156099795
2026-09-04T06:40:00+00:00,22447766-3,Dew Point,CURRENT,°C,19.351795336649438
2026-09-04T06:45:00+00:00,22411189-1,Temperature,CURRENT,°C,20.246210937500003
2026-09-04T06:45:00+00:00,22411189-2,RH,CURRENT,%,97.34035248340581
2026-09-04T06:45:00+00:00,22411189-3,Dew Point,CURRENT,°C,19.837330268826925
2026-09-04T06:45:00+00:00,22411190-1,Temperature,CURRENT,°C,20.246210937500003
2026-09-04T06:45:00+00:00,22411190-2,RH,CURRENT,%,93.85519188220034
2026-09-04T06:45:00+00:00,22411190-3,Dew Point,CURRENT,°C,19.249586644187815
2026-09-04T06:45:00+00:00,22411191-1,Temperature,CURRENT,°C,20.396362304687493
2026-09-04T06:45:00+00:00,22411191-2,RH,CURRENT,%,95.37956816968033
2026-09-04T06:45:00+00:00,22411191-3,Dew Point,CURRENT,°C,19.658469768678202
2026-09-04T06:45:00+00:00,22411525-1,Temperature,CURRENT,°C,20.417812500000004
2026-09-04T06:45:00+00:00,22411525-2,RH,CURRENT,%,93.00373846036469
2026-09-04T06:45:00+00:00,22411525-3,Dew Point,CURRENT,°C,19.27341604151791
2026-09-04T06:45:00+00:00,22411526-1,Temperature,CURRENT,°C,20.053159179687505
2026-09-04T06:45:00+00:00,22411526-2,RH,CURRENT,%,97.79201953154802
2026-09-04T06:45:00+00:00,22411526-3,Dew Point,CURRENT,°C,19.719329576501643
2026-09-04T06:45:00+00:00,22411527-1,Temperature,CURRENT,°C,20.417812500000004
2026-09-04T06:45:00+00:00,22411527-2,RH,CURRENT,%,93.16090638590066
2026-09-04T06:45:00+00:00,22411527-3,Dew Point,CURRENT,°C,19.30058017133995
2026-09-04T06:45:00+00:00,22411528-1,Temperature,CURRENT,°C,19.98880859375
2026-09-04T06:45:00+00:00,22411528-2,RH,CURRENT,%,99.24315251392386
2026-09-04T06:45:00+00:00,22411528-3,Dew Point,CURRENT,°C,19.892929474230435
2026-09-04T06:45:00+00:00,22411529-1,Temperature,CURRENT,°C,19.667055664062495
2026-09-04T06:45:00+00:00,22411529-2,RH,CURRENT,%,100
2026-09-04T06:45:00+00:00,22411529-3,Dew Point,CURRENT,°C,19.69352319133188
2026-09-04T06:45:00+00:00,22411530-1,Temperature,CURRENT,°C,20.417812500000004
2026-09-04T06:45:00+00:00,22411530-2,RH,CURRENT,%,93.82314793621728
2026-09-04T06:45:00+00:00,22411530-3,Dew Point,CURRENT,°C,19.41460021151631
2026-09-04T06:45:00+00:00,22411541-S,Battery,CURRENT,V,8.2060107421875
2026-09-04T06:45:00+00:00,22447758-1,Temperature,CURRENT,°C,20.2676611328125
2026-09-04T06:45:00+00:00,22447758-2,RH,CURRENT,%,91.76317998016327
2026-09-04T06:45:00+00:00,22447758-3,Dew Point,CURRENT,°C,18.908804765526632
2026-09-04T06:45:00+00:00,22447759-1,Temperature,CURRENT,°C,20.22476074218749
2026-09-04T06:45:00+00:00,22447759-2,RH,CURRENT,%,92.33539330128939
2026-09-04T06:45:00+00:00,22447759-3,Dew Point,CURRENT,°C,18.966016797424444
2026-09-04T06:45:00+00:00,22447760-1,Temperature,CURRENT,°C,20.2676611328125
2026-09-04T06:45:00+00:00,22447760-2,RH,CURRENT,%,92.47425040054932
2026-09-04T06:45:00+00:00,22447760-3,Dew Point,CURRENT,°C,19.032683366887834
2026-09-04T06:45:00+00:00,22447761-1,Temperature,CURRENT,°C,20.203310546874995
2026-09-04T06:45:00+00:00,22447761-2,RH,CURRENT,%,91.72808422980087
2026-09-04T06:45:00+00:00,22447761-3,Dew Point,CURRENT,°C,18.838909473601582
2026-09-04T06:45:00+00:00,22447762-1,Temperature,CURRENT,°C,20.22476074218749
2026-09-04T06:45:00+00:00,22447762-2,RH,CURRENT,%,91.59380483710994
2026-09-04T06:45:00+00:00,22447762-3,Dew Point,CURRENT,°C,18.836674922704717
2026-09-04T06:45:00+00:00,22447764-1,Temperature,CURRENT,°C,20.246210937500003
2026-09-04T06:45:00+00:00,22447764-2,RH,CURRENT,%,92.03936827649348
2026-09-04T06:45:00+00:00,22447764-3,Dew Point,CURRENT,°C,18.935758015563085
2026-09-04T06:45:00+00:00,22447765-1,Temperature,CURRENT,°C,20.332011718750003
2026-09-04T06:45:00+00:00,22447765-2,RH,CURRENT,%,91.12230106050202
2026-09-04T06:45:00+00:00,22447765-3,Dew Point,CURRENT,°C,18.86013919364268
2026-09-04T06:45:00+00:00,22447766-1,Temperature,CURRENT,°C,20.310561523437492
2026-09-04T06:45:00+00:00,22447766-2,RH,CURRENT,%,91.30693522545205
2026-09-04T06:45:00+00:00,22447766-3,Dew Point,CURRENT,°C,18.8713590570699
2026-09-04T06:50:00+00:00,22411189-1,Temperature,CURRENT,°C,20.22476074218749
2026-09-04T06:50:00+00:00,22411189-2,RH,CURRENT,%,95.62829022659648
2026-09-04T06:50:00+00:00,22411189-3,Dew Point,CURRENT,°C,19.529582540622002
2026-09-04T06:50:00+00:00,22411190-1,Temperature,CURRENT,°C,20.203310546874995
2026-09-04T06:50:00+00:00,22411190-2,RH,CURRENT,%,92.30334935530632
2026-09-04T06:50:00+00:00,22411190-3,Dew Point,CURRENT,°C,18.93917700617615
2026-09-04T06:50:00+00:00,22411191-1,Temperature,CURRENT,°C,20.374912109374996
2026-09-04T06:50:00+00:00,22411191-2,RH,CURRENT,%,93.91470206759746
2026-09-04T06:50:00+00:00,22411191-3,Dew Point,CURRENT,°C,19.387676423596123
2026-09-04T06:50:00+00:00,22411525-1,Temperature,CURRENT,°C,20.396362304687493
2026-09-04T06:50:00+00:00,22411525-2,RH,CURRENT,%,91.53887235828184
2026-09-04T06:50:00+00:00,22411525-3,Dew Point,CURRENT,°C,18.99703823716976
2026-09-04T06:50:00+00:00,22411526-1,Temperature,CURRENT,°C,19.98880859375
2026-09-04T06:50:00+00:00,22411526-2,RH,CURRENT,%,95.88921950102998
2026-09-04T06:50:00+00:00,22411526-3,Dew Point,CURRENT,°C,19.338423157659967
2026-09-04T06:50:00+00:00,22411527-1,Temperature,CURRENT,°C,20.374912109374996
2026-09-04T06:50:00+00:00,22411527-2,RH,CURRENT,%,91.83337148088808
2026-09-04T06:50:00+00:00,22411527-3,Dew Point,CURRENT,°C,19.0273509204935
2026-09-04T06:50:00+00:00,22411528-1,Temperature,CURRENT,°C,19.967358398437504
2026-09-04T06:50:00+00:00,22411528-2,RH,CURRENT,%,97.62417029068436
2026-09-04T06:50:00+00:00,22411528-3,Dew Point,CURRENT,°C,19.605924043151145
2026-09-04T06:50:00+00:00,22411529-1,Temperature,CURRENT,°C,19.5383544921875
2026-09-04T06:50:00+00:00,22411529-2,RH,CURRENT,%,100
2026-09-04T06:50:00+00:00,22411529-3,Dew Point,CURRENT,°C,19.564616868366922
2026-09-04T06:50:00+00:00,22411530-1,Temperature,CURRENT,°C,20.374912109374996
2026-09-04T06:50:00+00:00,22411530-2,RH,CURRENT,%,92.2392614633402
2026-09-04T06:50:00+00:00,22411530-3,Dew Point,CURRENT,°C,19.098176569904265
2026-09-04T06:50:00+00:00,22411541-S,Battery,CURRENT,V,8.209241455078125
2026-09-04T06:50:00+00:00,22447758-1,Temperature,CURRENT,°C,20.160410156250002
2026-09-04T06:50:00+00:00,22447758-2,RH,CURRENT,%,91.45647364003968
2026-09-04T06:50:00+00:00,22447758-3,Dew Point,CURRENT,°C,18.748886346075235
2026-09-04T06:50:00+00:00,22447759-1,Temperature,CURRENT,°C,20.096059570312498
2026-09-04T06:50:00+00:00,22447759-2,RH,CURRENT,%,91.97985809109636
2026-09-04T06:50:00+00:00,22447759-3,Dew Point,CURRENT,°C,18.776558213243614
2026-09-04T06:50:00+00:00,22447760-1,Temperature,CURRENT,°C,20.1818603515625
2026-09-04T06:50:00+00:00,22447760-2,RH,CURRENT,%,91.99359121080339
2026-09-04T06:50:00+00:00,22447760-3,Dew Point,CURRENT,°C,18.86399411495041
2026-09-04T06:50:00+00:00,22447761-1,Temperature,CURRENT,°C,20.117509765624995
2026-09-04T06:50:00+00:00,22447761-2,RH,CURRENT,%,91.19707026779584
2026-09-04T06:50:00+00:00,22447761-3,Dew Point,CURRENT,°C,18.660914120687444
2026-09-04T06:50:00+00:00,22447762-1,Temperature,CURRENT,°C,20.096059570312498
2026-09-04T06:50:00+00:00,22447762-2,RH,CURRENT,%,91.14671549553674
2026-09-04T06:50:00+00:00,22447762-3,Dew Point,CURRENT,°C,18.63083586052482
2026-09-04T06:50:00+00:00,22447764-1,Temperature,CURRENT,°C,20.13895996093749
2026-09-04T06:50:00+00:00,22447764-2,RH,CURRENT,%,92.21332112611582
2026-09-04T06:50:00+00:00,22447764-3,Dew Point,CURRENT,°C,18.859719801589534
2026-09-04T06:50:00+00:00,22447765-1,Temperature,CURRENT,°C,20.2676611328125
2026-09-04T06:50:00+00:00,22447765-2,RH,CURRENT,%,91.09025711451896
2026-09-04T06:50:00+00:00,22447765-3,Dew Point,CURRENT,°C,18.79079603588515
2026-09-04T06:50:00+00:00,22447766-1,Temperature,CURRENT,°C,20.203310546874995
2026-09-04T06:50:00+00:00,22447766-2,RH,CURRENT,%,91.34355687800412
2026-09-04T06:50:00+00:00,22447766-3,Dew Point,CURRENT,°C,18.771579883548693
2026-09-04T06:55:00+00:00,22411189-1,Temperature,CURRENT,°C,20.117509765624995
2026-09-04T06:55:00+00:00,22411189-2,RH,CURRENT,%,95.85564965285725
2026-09-04T06:55:00+00:00,22411189-3,Dew Point,CURRENT,°C,19.461011604862815
2026-09-04T06:55:00+00:00,22411190-1,Temperature,CURRENT,°C,20.117509765624995
2026-09-04T06:55:00+00:00,22411190-2,RH,CURRENT,%,92.53376058594644
2026-09-04T06:55:00+00:00,22411190-3,Dew Point,CURRENT,°C,18.89407814610463
2026-09-04T06:55:00+00:00,22411191-1,Temperature,CURRENT,°C,20.289111328124996
2026-09-04T06:55:00+00:00,22411191-2,RH,CURRENT,%,94.0794995040818
2026-09-04T06:55:00+00:00,22411191-3,Dew Point,CURRENT,°C,19.3306253249549
2026-09-04T06:55:00+00:00,22411525-1,Temperature,CURRENT,°C,20.310561523437492
2026-09-04T06:55:00+00:00,22411525-2,RH,CURRENT,%,91.6716258487831
2026-09-04T06:55:00+00:00,22411525-3,Dew Point,CURRENT,°C,18.935296638488275
2026-09-04T06:55:00+00:00,22411526-1,Temperature,CURRENT,°C,19.9030078125
2026-09-04T06:55:00+00:00,22411526-2,RH,CURRENT,%,95.53215838864729
2026-09-04T06:55:00+00:00,22411526-3,Dew Point,CURRENT,°C,19.19294860788792
2026-09-04T06:55:00+00:00,22411527-1,Temperature,CURRENT,°C,20.310561523437492
2026-09-04T06:55:00+00:00,22411527-2,RH,CURRENT,%,92.02410925459678
2026-09-04T06:55:00+00:00,22411527-3,Dew Point,CURRENT,°C,18.996882893512087
2026-09-04T06:55:00+00:00,22411528-1,Temperature,CURRENT,°C,19.881557617187504
2026-09-04T06:55:00+00:00,22411528-2,RH,CURRENT,%,97.47310597390707
2026-09-04T06:55:00+00:00,22411528-3,Dew Point,CURRENT,°C,19.495288698764092
2026-09-04T06:55:00+00:00,22411529-1,Temperature,CURRENT,°C,19.431103515625004
2026-09-04T06:55:00+00:00,22411529-2,RH,CURRENT,%,100
2026-09-04T06:55:00+00:00,22411529-3,Dew Point,CURRENT,°C,19.457194926098865
2026-09-04T06:55:00+00:00,22411530-1,Temperature,CURRENT,°C,20.289111328124996
2026-09-04T06:55:00+00:00,22411530-2,RH,CURRENT,%,92.36743724727245
2026-09-04T06:55:00+00:00,22411530-3,Dew Point,CURRENT,°C,19.035399861088194
2026-09-04T06:55:00+00:00,22411541-S,Battery,CURRENT,V,8.2060107421875
2026-09-04T06:55:00+00:00,22447758-1,Temperature,CURRENT,°C,20.053159179687505
2026-09-04T06:55:00+00:00,22447758-2,RH,CURRENT,%,91.85473411154345
2026-09-04T06:55:00+00:00,22447758-3,Dew Point,CURRENT,°C,18.712233191323694
2026-09-04T06:55:00+00:00,22447759-1,Temperature,CURRENT,°C,19.98880859375
2026-09-04T06:55:00+00:00,22447759-2,RH,CURRENT,%,92.31860837720302
2026-09-04T06:55:00+00:00,22447759-3,Dew Point,CURRENT,°C,18.729126126497906
2026-09-04T06:55:00+00:00,22447760-1,Temperature,CURRENT,°C,20.053159179687505
2026-09-04T06:55:00+00:00,22447760-2,RH,CURRENT,%,92.39948119325551
2026-09-04T06:55:00+00:00,22447760-3,Dew Point,CURRENT,°C,18.8069710003515
2026-09-04T06:55:00+00:00,22447761-1,Temperature,CURRENT,°C,19.98880859375
2026-09-04T06:55:00+00:00,22447761-2,RH,CURRENT,%,91.68993667505913
2026-09-04T06:55:00+00:00,22447761-3,Dew Point,CURRENT,°C,18.619719491673916
2026-09-04T06:55:00+00:00,22447762-1,Temperature,CURRENT,°C,19.98880859375
2026-09-04T06:55:00+00:00,22447762-2,RH,CURRENT,%,91.54802777141985
2026-09-04T06:55:00+00:00,22447762-3,Dew Point,CURRENT,°C,18.594932547457507
2026-09-04T06:55:00+00:00,22447764-1,Temperature,CURRENT,°C,20.031708984374994
2026-09-04T06:55:00+00:00,22447764-2,RH,CURRENT,%,92.45441367208362
2026-09-04T06:55:00+00:00,22447764-3,Dew Point,CURRENT,°C,18.795222988731012
2026-09-04T06:55:00+00:00,22447765-1,Temperature,CURRENT,°C,20.13895996093749
2026-09-04T06:55:00+00:00,22447765-2,RH,CURRENT,%,91.39238574807355
2026-09-04T06:55:00+00:00,22447765-3,Dew Point,CURRENT,°C,18.71641304687533
2026-09-04T06:55:00+00:00,22447766-1,Temperature,CURRENT,°C,20.096059570312498
2026-09-04T06:55:00+00:00,22447766-2,RH,CURRENT,%,91.82269016556039
2026-09-04T06:55:00+00:00,22447766-3,Dew Point,CURRENT,°C,18.74915710492691
2026-09-04T07:00:00+00:00,22411189-1,Temperature,CURRENT,°C,20.010258789062497
2026-09-04T07:00:00+00:00,22411189-2,RH,CURRENT,%,96.57587548638132
2026-09-04T07:00:00+00:00,22411189-3,Dew Point,CURRENT,°C,19.47470483587239
2026-09-04T07:00:00+00:00,22411190-1,Temperature,CURRENT,°C,19.98880859375
2026-09-04T07:00:00+00:00,22411190-2,RH,CURRENT,%,93.47219043259327
2026-09-04T07:00:00+00:00,22411190-3,Dew Point,CURRENT,°C,18.928197253078075
2026-09-04T07:00:00+00:00,22411191-1,Temperature,CURRENT,°C,20.160410156250002
2026-09-04T07:00:00+00:00,22411191-2,RH,CURRENT,%,94.9187457084001
2026-09-04T07:00:00+00:00,22411191-3,Dew Point,CURRENT,°C,19.345565137053033
2026-09-04T07:00:00+00:00,22411525-1,Temperature,CURRENT,°C,20.160410156250002
2026-09-04T07:00:00+00:00,22411525-2,RH,CURRENT,%,92.47730220492866
2026-09-04T07:00:00+00:00,22411525-3,Dew Point,CURRENT,°C,18.92683936388721
2026-09-04T07:00:00+00:00,22411526-1,Temperature,CURRENT,°C,19.838657226562496
2026-09-04T07:00:00+00:00,22411526-2,RH,CURRENT,%,95.73815518425269
2026-09-04T07:00:00+00:00,22411526-3,Dew Point,CURRENT,°C,19.163478721938628
2026-09-04T07:00:00+00:00,22411527-1,Temperature,CURRENT,°C,20.160410156250002
2026-09-04T07:00:00+00:00,22411527-2,RH,CURRENT,%,92.66956588082704
2026-09-04T07:00:00+00:00,22411527-3,Dew Point,CURRENT,°C,18.96016268251383
2026-09-04T07:00:00+00:00,22411528-1,Temperature,CURRENT,°C,19.81720703125
2026-09-04T07:00:00+00:00,22411528-2,RH,CURRENT,%,97.66994735637445
2026-09-04T07:00:00+00:00,22411528-3,Dew Point,CURRENT,°C,19.463538366012866
2026-09-04T07:00:00+00:00,22411529-1,Temperature,CURRENT,°C,19.388203124999997
2026-09-04T07:00:00+00:00,22411529-2,RH,CURRENT,%,100
2026-09-04T07:00:00+00:00,22411529-3,Dew Point,CURRENT,°C,19.414226147546255
2026-09-04T07:00:00+00:00,22411530-1,Temperature,CURRENT,°C,20.160410156250002
2026-09-04T07:00:00+00:00,22411530-2,RH,CURRENT,%,93.2341496910048
2026-09-04T07:00:00+00:00,22411530-3,Dew Point,CURRENT,°C,19.057668438077567
2026-09-04T07:00:00+00:00,22411541-S,Battery,CURRENT,V,8.202780029296875
2026-09-04T07:00:00+00:00,22447758-1,Temperature,CURRENT,°C,19.98880859375
2026-09-04T07:00:00+00:00,22447758-2,RH,CURRENT,%,91.64873731593805
2026-09-04T07:00:00+00:00,22447758-3,Dew Point,CURRENT,°C,18.612526742585075
2026-09-04T07:00:00+00:00,22447759-1,Temperature,CURRENT,°C,19.945908203124993
2026-09-04T07:00:00+00:00,22447759-2,RH,CURRENT,%,92.02105745021744
2026-09-04T07:00:00+00:00,22447759-3,Dew Point,CURRENT,°C,18.63490172021995
2026-09-04T07:00:00+00:00,22447760-1,Temperature,CURRENT,°C,19.98880859375
2026-09-04T07:00:00+00:00,22447760-2,RH,CURRENT,%,92.23620965896086
2026-09-04T07:00:00+00:00,22447760-3,Dew Point,CURRENT,°C,18.714823616624233
2026-09-04T07:00:00+00:00,22447761-1,Temperature,CURRENT,°C,19.924458007812497
2026-09-04T07:00:00+00:00,22447761-2,RH,CURRENT,%,91.5907530327306
2026-09-04T07:00:00+00:00,22447761-3,Dew Point,CURRENT,°C,18.538650603736464
2026-09-04T07:00:00+00:00,22447762-1,Temperature,CURRENT,°C,19.967358398437504
2026-09-04T07:00:00+00:00,22447762-2,RH,CURRENT,%,91.43968871595331
2026-09-04T07:00:00+00:00,22447762-3,Dew Point,CURRENT,°C,18.5547415308385
2026-09-04T07:00:00+00:00,22447764-1,Temperature,CURRENT,°C,19.924458007812497
2026-09-04T07:00:00+00:00,22447764-2,RH,CURRENT,%,92.43305104142824
2026-09-04T07:00:00+00:00,22447764-3,Dew Point,CURRENT,°C,18.68515106361447
2026-09-04T07:00:00+00:00,22447765-1,Temperature,CURRENT,°C,20.031708984374994
2026-09-04T07:00:00+00:00,22447765-2,RH,CURRENT,%,91.39391165026322
2026-09-04T07:00:00+00:00,22447765-3,Dew Point,CURRENT,°C,18.610462572065046
2026-09-04T07:00:00+00:00,22447766-1,Temperature,CURRENT,°C,20.010258789062497
2026-09-04T07:00:00+00:00,22447766-2,RH,CURRENT,%,91.6411078049897
2026-09-04T07:00:00+00:00,22447766-3,Dew Point,CURRENT,°C,18.632445265818152
2026-09-04T07:05:00+00:00,22411189-1,Temperature,CURRENT,°C,19.9030078125
2026-09-04T07:05:00+00:00,22411189-2,RH,CURRENT,%,96.94972152285038
2026-09-04T07:05:00+00:00,22411189-3,Dew Point,CURRENT,°C,19.42996149294135
2026-09-04T07:05:00+00:00,22411190-1,Temperature,CURRENT,°C,19.9030078125
2026-09-04T07:05:00+00:00,22411190-2,RH,CURRENT,%,93.81857022964827
2026-09-04T07:05:00+00:00,22411190-3,Dew Point,CURRENT,°C,18.902298337169576
2026-09-04T07:05:00+00:00,22411191-1,Temperature,CURRENT,°C,20.053159179687505
2026-09-04T07:05:00+00:00,22411191-2,RH,CURRENT,%,95.48027771419852
2026-09-04T07:05:00+00:00,22411191-3,Dew Point,CURRENT,°C,19.333737237840833
2026-09-04T07:05:00+00:00,22411525-1,Temperature,CURRENT,°C,20.074609375
2026-09-04T07:05:00+00:00,22411525-2,RH,CURRENT,%,93.0083161669337
2026-09-04T07:05:00+00:00,22411525-3,Dew Point,CURRENT,°C,18.933567936227032
2026-09-04T07:05:00+00:00,22411526-1,Temperature,CURRENT,°C,19.73140625
2026-09-04T07:05:00+00:00,22411526-2,RH,CURRENT,%,95.9334706645304
2026-09-04T07:05:00+00:00,22411526-3,Dew Point,CURRENT,°C,19.08937426517437
2026-09-04T07:05:00+00:00,22411527-1,Temperature,CURRENT,°C,20.074609375
2026-09-04T07:05:00+00:00,22411527-2,RH,CURRENT,%,93.30586709391928
2026-09-04T07:05:00+00:00,22411527-3,Dew Point,CURRENT,°C,18.98482291881785
2026-09-04T07:05:00+00:00,22411528-1,Temperature,CURRENT,°C,19.709956054687503
2026-09-04T07:05:00+00:00,22411528-2,RH,CURRENT,%,97.7477683680476
2026-09-04T07:05:00+00:00,22411528-3,Dew Point,CURRENT,°C,19.369254341470903
2026-09-04T07:05:00+00:00,22411529-1,Temperature,CURRENT,°C,19.302402343749996
2026-09-04T07:05:00+00:00,22411529-2,RH,CURRENT,%,99.93133440146487
2026-09-04T07:05:00+00:00,22411529-3,Dew Point,CURRENT,°C,19.317234873922025
2026-09-04T07:05:00+00:00,22411530-1,Temperature,CURRENT,°C,20.053159179687505
2026-09-04T07:05:00+00:00,22411530-2,RH,CURRENT,%,93.5912108033875
2026-09-04T07:05:00+00:00,22411530-3,Dew Point,CURRENT,°C,19.01253420876731
2026-09-04T07:05:00+00:00,22411541-S,Battery,CURRENT,V,8.202780029296875
2026-09-04T07:05:00+00:00,22447758-1,Temperature,CURRENT,°C,19.860107421874993
2026-09-04T07:05:00+00:00,22447758-2,RH,CURRENT,%,92.28198672465095
2026-09-04T07:05:00+00:00,22447758-3,Dew Point,CURRENT,°C,18.59515447203224
2026-09-04T07:05:00+00:00,22447759-1,Temperature,CURRENT,°C,19.838657226562496
2026-09-04T07:05:00+00:00,22447759-2,RH,CURRENT,%,92.61463340199893
2026-09-04T07:05:00+00:00,22447759-3,Dew Point,CURRENT,°C,18.631464481418586
2026-09-04T07:05:00+00:00,22447760-1,Temperature,CURRENT,°C,19.881557617187504
2026-09-04T07:05:00+00:00,22447760-2,RH,CURRENT,%,92.81147478446631
2026-09-04T07:05:00+00:00,22447760-3,Dew Point,CURRENT,°C,18.708020857805533
2026-09-04T07:05:00+00:00,22447761-1,Temperature,CURRENT,°C,19.81720703125
2026-09-04T07:05:00+00:00,22447761-2,RH,CURRENT,%,92.1538109407187
2026-09-04T07:05:00+00:00,22447761-3,Dew Point,CURRENT,°C,18.530384158891657
2026-09-04T07:05:00+00:00,22447762-1,Temperature,CURRENT,°C,19.860107421874993
2026-09-04T07:05:00+00:00,22447762-2,RH,CURRENT,%,91.93865873197528
2026-09-04T07:05:00+00:00,22447762-3,Dew Point,CURRENT,°C,18.535525429948454
2026-09-04T07:05:00+00:00,22447764-1,Temperature,CURRENT,°C,19.81720703125
2026-09-04T07:05:00+00:00,22447764-2,RH,CURRENT,%,92.93965056839856
2026-09-04T07:05:00+00:00,22447764-3,Dew Point,CURRENT,°C,18.666260433589112
2026-09-04T07:05:00+00:00,22447765-1,Temperature,CURRENT,°C,19.924458007812497
2026-09-04T07:05:00+00:00,22447765-2,RH,CURRENT,%,91.9478141451133
2026-09-04T07:05:00+00:00,22447765-3,Dew Point,CURRENT,°C,18.600897429226087
2026-09-04T07:05:00+00:00,22447766-1,Temperature,CURRENT,°C,19.9030078125
2026-09-04T07:05:00+00:00,22447766-2,RH,CURRENT,%,92.2041657129778
2026-09-04T07:05:00+00:00,22447766-3,Dew Point,CURRENT,°C,18.624189971151598
2026-09-04T07:10:00+00:00,22411189-1,Temperature,CURRENT,°C,19.68850585937499
2026-09-04T07:10:00+00:00,22411189-2,RH,CURRENT,%,97.80270084687571
2026-09-04T07:10:00+00:00,22411189-3,Dew Point,CURRENT,°C,19.356874364287236
2026-09-04T07:10:00+00:00,22411190-1,Temperature,CURRENT,°C,19.709956054687503
2026-09-04T07:10:00+00:00,22411190-2,RH,CURRENT,%,94.62424658579386
2026-09-04T07:10:00+00:00,22411190-3,Dew Point,CURRENT,°C,18.847500784429876
2026-09-04T07:10:00+00:00,22411191-1,Temperature,CURRENT,°C,19.860107421874993
2026-09-04T07:10:00+00:00,22411191-2,RH,CURRENT,%,96.37750820172427
2026-09-04T07:10:00+00:00,22411191-3,Dew Point,CURRENT,°C,19.29188567467414
2026-09-04T07:10:00+00:00,22411525-1,Temperature,CURRENT,°C,19.881557617187504
2026-09-04T07:10:00+00:00,22411525-2,RH,CURRENT,%,93.87045090409704
2026-09-04T07:10:00+00:00,22411525-3,Dew Point,CURRENT,°C,18.88985118163399
2026-09-04T07:10:00+00:00,22411526-1,Temperature,CURRENT,°C,19.559804687499998
2026-09-04T07:10:00+00:00,22411526-2,RH,CURRENT,%,96.37293049515526
2026-09-04T07:10:00+00:00,22411526-3,Dew Point,CURRENT,°C,18.99172899905475
2026-09-04T07:10:00+00:00,22411527-1,Temperature,CURRENT,°C,19.881557617187504
2026-09-04T07:10:00+00:00,22411527-2,RH,CURRENT,%,94.16342412451363
2026-09-04T07:10:00+00:00,22411527-3,Dew Point,CURRENT,°C,18.939838795541387
2026-09-04T07:10:00+00:00,22411528-1,Temperature,CURRENT,°C,19.495454101562494
2026-09-04T07:10:00+00:00,22411528-2,RH,CURRENT,%,98.12771801327536
2026-09-04T07:10:00+00:00,22411528-3,Dew Point,CURRENT,°C,19.217386845771525
2026-09-04T07:10:00+00:00,22411529-1,Temperature,CURRENT,°C,19.087900390625002
2026-09-04T07:10:00+00:00,22411529-2,RH,CURRENT,%,99.98626688029297
2026-09-04T07:10:00+00:00,22411529-3,Dew Point,CURRENT,°C,19.111238153266545
2026-09-04T07:10:00+00:00,22411530-1,Temperature,CURRENT,°C,19.838657226562496
2026-09-04T07:10:00+00:00,22411530-2,RH,CURRENT,%,94.39993896391242
2026-09-04T07:10:00+00:00,22411530-3,Dew Point,CURRENT,°C,18.937434522354266
2026-09-04T07:10:00+00:00,22411541-S,Battery,CURRENT,V,8.202780029296875
2026-09-04T07:10:00+00:00,22447758-1,Temperature,CURRENT,°C,19.64560546875
2026-09-04T07:10:00+00:00,22447758-2,RH,CURRENT,%,93.00373846036469
2026-09-04T07:10:00+00:00,22447758-3,Dew Point,CURRENT,°C,18.50697519754984
2026-09-04T07:10:00+00:00,22447759-1,Temperature,CURRENT,°C,19.64560546875
2026-09-04T07:10:00+00:00,22447759-2,RH,CURRENT,%,93.31197070267795
2026-09-04T07:10:00+00:00,22447759-3,Dew Point,CURRENT,°C,18.55989366480264
2026-09-04T07:10:00+00:00,22447760-1,Temperature,CURRENT,°C,19.68850585937499
2026-09-04T07:10:00+00:00,22447760-2,RH,CURRENT,%,93.43862058442053
2026-09-04T07:10:00+00:00,22447760-3,Dew Point,CURRENT,°C,18.624198468667817
2026-09-04T07:10:00+00:00,22447761-1,Temperature,CURRENT,°C,19.60270507812499
2026-09-04T07:10:00+00:00,22447761-2,RH,CURRENT,%,92.75349050125887
2026-09-04T07:10:00+00:00,22447761-3,Dew Point,CURRENT,°C,18.421332323976017
2026-09-04T07:10:00+00:00,22447762-1,Temperature,CURRENT,°C,19.667055664062495
2026-09-04T07:10:00+00:00,22447762-2,RH,CURRENT,%,92.61158159761959
2026-09-04T07:10:00+00:00,22447762-3,Dew Point,CURRENT,°C,18.460705004063556
2026-09-04T07:10:00+00:00,22447764-1,Temperature,CURRENT,°C,19.60270507812499
2026-09-04T07:10:00+00:00,22447764-2,RH,CURRENT,%,93.59884031433585
2026-09-04T07:10:00+00:00,22447764-3,Dew Point,CURRENT,°C,18.56639266584717
2026-09-04T07:10:00+00:00,22447765-1,Temperature,CURRENT,°C,19.709956054687503
2026-09-04T07:10:00+00:00,22447765-2,RH,CURRENT,%,92.57343404287785
2026-09-04T07:10:00+00:00,22447765-3,Dew Point,CURRENT,°C,18.496675542850774
2026-09-04T07:10:00+00:00,22447766-1,Temperature,CURRENT,°C,19.68850585937499
2026-09-04T07:10:00+00:00,22447766-2,RH,CURRENT,%,92.99000534065766
2026-09-04T07:10:00+00:00,22447766-3,Dew Point,CURRENT,°C,18.54719369121641
2026-09-04T07:15:00+00:00,22411189-1,Temperature,CURRENT,°C,19.474003906249997
2026-09-04T07:15:00+00:00,22411189-2,RH,CURRENT,%,98.6480506599527
2026-09-04T07:15:00+00:00,22411189-3,Dew Point,CURRENT,°C,19.281003469935435
2026-09-04T07:15:00+00:00,22411190-1,Temperature,CURRENT,°C,19.495454101562494
2026-09-04T07:15:00+00:00,22411190-2,RH,CURRENT,%,95.45281147478447
2026-09-04T07:15:00+00:00,22411190-3,Dew Point,CURRENT,°C,18.7737601266478
2026-09-04T07:15:00+00:00,22411191-1,Temperature,CURRENT,°C,19.64560546875
2026-09-04T07:15:00+00:00,22411191-2,RH,CURRENT,%,97.32967116807812
2026-09-04T07:15:00+00:00,22411191-3,Dew Point,CURRENT,°C,19.23603335210669
2026-09-04T07:15:00+00:00,22411525-1,Temperature,CURRENT,°C,19.64560546875
2026-09-04T07:15:00+00:00,22411525-2,RH,CURRENT,%,94.81193255512322
2026-09-04T07:15:00+00:00,22411525-3,Dew Point,CURRENT,°C,18.815249592904873
2026-09-04T07:15:00+00:00,22411526-1,Temperature,CURRENT,°C,19.3667529296875
2026-09-04T07:15:00+00:00,22411526-2,RH,CURRENT,%,96.90547035934996
2026-09-04T07:15:00+00:00,22411526-3,Dew Point,CURRENT,°C,18.887609854341036
2026-09-04T07:15:00+00:00,22411527-1,Temperature,CURRENT,°C,19.667055664062495
2026-09-04T07:15:00+00:00,22411527-2,RH,CURRENT,%,94.97215228503853
2026-09-04T07:15:00+00:00,22411527-3,Dew Point,CURRENT,°C,18.863662365546645
2026-09-04T07:15:00+00:00,22411528-1,Temperature,CURRENT,°C,19.323852539062493
2026-09-04T07:15:00+00:00,22411528-2,RH,CURRENT,%,98.68009460593576
2026-09-04T07:15:00+00:00,22411528-3,Dew Point,CURRENT,°C,19.136087610983573
2026-09-04T07:15:00+00:00,22411529-1,Temperature,CURRENT,°C,18.937749023437497
2026-09-04T07:15:00+00:00,22411529-2,RH,CURRENT,%,100
2026-09-04T07:15:00+00:00,22411529-3,Dew Point,CURRENT,°C,18.96305391597904
2026-09-04T07:15:00+00:00,22411530-1,Temperature,CURRENT,°C,19.624155273437502
2026-09-04T07:15:00+00:00,22411530-2,RH,CURRENT,%,95.27885862516213
2026-09-04T07:15:00+00:00,22411530-3,Dew Point,CURRENT,°C,18.872663711522364
2026-09-04T07:15:00+00:00,22411541-S,Battery,CURRENT,V,8.19954931640625
2026-09-04T07:15:00+00:00,22447758-1,Temperature,CURRENT,°C,19.431103515625004
2026-09-04T07:15:00+00:00,22447758-2,RH,CURRENT,%,93.69039444571602
2026-09-04T07:15:00+00:00,22447758-3,Dew Point,CURRENT,°C,18.41155454095117
2026-09-04T07:15:00+00:00,22447759-1,Temperature,CURRENT,°C,19.431103515625004
2026-09-04T07:15:00+00:00,22447759-2,RH,CURRENT,%,94.00167849240864
2026-09-04T07:15:00+00:00,22447759-3,Dew Point,CURRENT,°C,18.464565570153596
2026-09-04T07:15:00+00:00,22447760-1,Temperature,CURRENT,°C,19.474003906249997
2026-09-04T07:15:00+00:00,22447760-2,RH,CURRENT,%,94.11764705882354
2026-09-04T07:15:00+00:00,22447760-3,Dew Point,CURRENT,°C,18.526919735061448
2026-09-04T07:15:00+00:00,22447761-1,Temperature,CURRENT,°C,19.388203124999997
2026-09-04T07:15:00+00:00,22447761-2,RH,CURRENT,%,93.45235370412756
2026-09-04T07:15:00+00:00,22447761-3,Dew Point,CURRENT,°C,18.328306024413564
2026-09-04T07:15:00+00:00,22447762-1,Temperature,CURRENT,°C,19.4525537109375
2026-09-04T07:15:00+00:00,22447762-2,RH,CURRENT,%,93.3196002136263
2026-09-04T07:15:00+00:00,22447762-3,Dew Point,CURRENT,°C,18.369506981657082
2026-09-04T07:15:00+00:00,22447764-1,Temperature,CURRENT,°C,19.345302734375004
2026-09-04T07:15:00+00:00,22447764-2,RH,CURRENT,%,94.4411383230335
2026-09-04T07:15:00+00:00,22447764-3,Dew Point,CURRENT,°C,18.45381855667916
2026-09-04T07:15:00+00:00,22447765-1,Temperature,CURRENT,°C,19.474003906249997
2026-09-04T07:15:00+00:00,22447765-2,RH,CURRENT,%,93.42183566033417
2026-09-04T07:15:00+00:00,22447765-3,Dew Point,CURRENT,°C,18.408300285246572
2026-09-04T07:15:00+00:00,22447766-1,Temperature,CURRENT,°C,19.4525537109375
2026-09-04T07:15:00+00:00,22447766-2,RH,CURRENT,%,93.78347447928587
2026-09-04T07:15:00+00:00,22447766-3,Dew Point,CURRENT,°C,18.44873467343259
2026-09-04T07:20:00+00:00,22411189-1,Temperature,CURRENT,°C,19.431103515625004
2026-09-04T07:20:00+00:00,22411189-2,RH,CURRENT,%,98.70908674753949
2026-09-04T07:20:00+00:00,22411189-3,Dew Point,CURRENT,°C,19.248055392732184
2026-09-04T07:20:00+00:00,22411190-1,Temperature,CURRENT,°C,19.4525537109375
2026-09-04T07:20:00+00:00,22411190-2,RH,CURRENT,%,95.40245670252537
2026-09-04T07:20:00+00:00,22411190-3,Dew Point,CURRENT,°C,18.722588628804832
2026-09-04T07:20:00+00:00,22411191-1,Temperature,CURRENT,°C,19.60270507812499
2026-09-04T07:20:00+00:00,22411191-2,RH,CURRENT,%,97.2152285038529
2026-09-04T07:20:00+00:00,22411191-3,Dew Point,CURRENT,°C,19.174297562746165
2026-09-04T07:20:00+00:00,22411525-1,Temperature,CURRENT,°C,19.624155273437502
2026-09-04T07:20:00+00:00,22411525-2,RH,CURRENT,%,94.6623941405356
2026-09-04T07:20:00+00:00,22411525-3,Dew Point,CURRENT,°C,18.768613833944233
2026-09-04T07:20:00+00:00,22411526-1,Temperature,CURRENT,°C,19.2809521484375
2026-09-04T07:20:00+00:00,22411526-2,RH,CURRENT,%,97.29762722209506
2026-09-04T07:20:00+00:00,22411526-3,Dew Point,CURRENT,°C,18.86675398466067
2026-09-04T07:20:00+00:00,22411527-1,Temperature,CURRENT,°C,19.64560546875
2026-09-04T07:20:00+00:00,22411527-2,RH,CURRENT,%,94.81193255512322
2026-09-04T07:20:00+00:00,22411527-3,Dew Point,CURRENT,°C,18.815249592904873
2026-09-04T07:20:00+00:00,22411528-1,Temperature,CURRENT,°C,19.216601562499996
2026-09-04T07:20:00+00:00,22411528-2,RH,CURRENT,%,99.15312428473335
2026-09-04T07:20:00+00:00,22411528-3,Dew Point,CURRENT,°C,19.105646743392946
2026-09-04T07:20:00+00:00,22411529-1,Temperature,CURRENT,°C,18.851948242187497
2026-09-04T07:20:00+00:00,22411529-2,RH,CURRENT,%,100
2026-09-04T07:20:00+00:00,22411529-3,Dew Point,CURRENT,°C,18.877116336308866
2026-09-04T07:20:00+00:00,22411530-1,Temperature,CURRENT,°C,19.581254882812495
2026-09-04T07:20:00+00:00,22411530-2,RH,CURRENT,%,95.34447241931792
2026-09-04T07:20:00+00:00,22411530-3,Dew Point,CURRENT,°C,18.84099051301982
2026-09-04T07:20:00+00:00,22411541-S,Battery,CURRENT,V,8.2060107421875
2026-09-04T07:20:00+00:00,22447758-1,Temperature,CURRENT,°C,19.431103515625004
2026-09-04T07:20:00+00:00,22447758-2,RH,CURRENT,%,93.65377279316395
2026-09-04T07:20:00+00:00,22447758-3,Dew Point,CURRENT,°C,18.405307818695462
2026-09-04T07:20:00+00:00,22447759-1,Temperature,CURRENT,°C,19.431103515625004
2026-09-04T07:20:00+00:00,22447759-2,RH,CURRENT,%,93.88876173037308
2026-09-04T07:20:00+00:00,22447759-3,Dew Point,CURRENT,°C,18.445353861147243
2026-09-04T07:20:00+00:00,22447760-1,Temperature,CURRENT,°C,19.4525537109375
2026-09-04T07:20:00+00:00,22447760-2,RH,CURRENT,%,94.08865491721981
2026-09-04T07:20:00+00:00,22447760-3,Dew Point,CURRENT,°C,18.500671316104373
2026-09-04T07:20:00+00:00,22447761-1,Temperature,CURRENT,°C,19.3667529296875
2026-09-04T07:20:00+00:00,22447761-2,RH,CURRENT,%,93.46761272602426
2026-09-04T07:20:00+00:00,22447761-3,Dew Point,CURRENT,°C,18.309609390800198
2026-09-04T07:20:00+00:00,22447762-1,Temperature,CURRENT,°C,19.431103515625004
2026-09-04T07:20:00+00:00,22447762-2,RH,CURRENT,%,93.27534905012588
2026-09-04T07:20:00+00:00,22447762-3,Dew Point,CURRENT,°C,18.34063286092363
2026-09-04T07:20:00+00:00,22447764-1,Temperature,CURRENT,°C,19.3667529296875
2026-09-04T07:20:00+00:00,22447764-2,RH,CURRENT,%,94.31906614785993
2026-09-04T07:20:00+00:00,22447764-3,Dew Point,CURRENT,°C,18.45447456119727
2026-09-04T07:20:00+00:00,22447765-1,Temperature,CURRENT,°C,19.474003906249997
2026-09-04T07:20:00+00:00,22447765-2,RH,CURRENT,%,93.39284351873044
2026-09-04T07:20:00+00:00,22447765-3,Dew Point,CURRENT,°C,18.403341048079685
2026-09-04T07:20:00+00:00,22447766-1,Temperature,CURRENT,°C,19.474003906249997
2026-09-04T07:20:00+00:00,22447766-2,RH,CURRENT,%,93.5912108033875
2026-09-04T07:20:00+00:00,22447766-3,Dew Point,CURRENT,°C,18.437245778574837
2026-09-04T07:25:00+00:00,22411189-1,Temperature,CURRENT,°C,19.5383544921875
2026-09-04T07:25:00+00:00,22411189-2,RH,CURRENT,%,98.29251544975968
2026-09-04T07:25:00+00:00,22411189-3,Dew Point,CURRENT,°C,19.287246857247844
2026-09-04T07:25:00+00:00,22411190-1,Temperature,CURRENT,°C,19.5383544921875
2026-09-04T07:25:00+00:00,22411190-2,RH,CURRENT,%,94.94621194781415
2026-09-04T07:25:00+00:00,22411190-3,Dew Point,CURRENT,°C,18.73120983694155
2026-09-04T07:25:00+00:00,22411191-1,Temperature,CURRENT,°C,19.709956054687503
2026-09-04T07:25:00+00:00,22411191-2,RH,CURRENT,%,96.49195086594949
2026-09-04T07:25:00+00:00,22411191-3,Dew Point,CURRENT,°C,19.16126074396033
2026-09-04T07:25:00+00:00,22411525-1,Temperature,CURRENT,°C,19.709956054687503
2026-09-04T07:25:00+00:00,22411525-2,RH,CURRENT,%,94.07186999313345
2026-09-04T07:25:00+00:00,22411525-3,Dew Point,CURRENT,°C,18.7536674984564
2026-09-04T07:25:00+00:00,22411526-1,Temperature,CURRENT,°C,19.3667529296875
2026-09-04T07:25:00+00:00,22411526-2,RH,CURRENT,%,97.2152285038529
2026-09-04T07:25:00+00:00,22411526-3,Dew Point,CURRENT,°C,18.938803485786096
2026-09-04T07:25:00+00:00,22411527-1,Temperature,CURRENT,°C,19.752856445312496
2026-09-04T07:25:00+00:00,22411527-2,RH,CURRENT,%,94.14511329823759
2026-09-04T07:25:00+00:00,22411527-3,Dew Point,CURRENT,°C,18.8087825939504
2026-09-04T07:25:00+00:00,22411528-1,Temperature,CURRENT,°C,19.2809521484375
2026-09-04T07:25:00+00:00,22411528-2,RH,CURRENT,%,99.08445868619822
2026-09-04T07:25:00+00:00,22411528-3,Dew Point,CURRENT,°C,19.158896913161747
2026-09-04T07:25:00+00:00,22411529-1,Temperature,CURRENT,°C,18.894848632812504
2026-09-04T07:25:00+00:00,22411529-2,RH,CURRENT,%,100
2026-09-04T07:25:00+00:00,22411529-3,Dew Point,CURRENT,°C,18.920085126614065
2026-09-04T07:25:00+00:00,22411530-1,Temperature,CURRENT,°C,19.68850585937499
2026-09-04T07:25:00+00:00,22411530-2,RH,CURRENT,%,94.90501258869307
2026-09-04T07:25:00+00:00,22411530-3,Dew Point,CURRENT,°C,18.873667294679926
2026-09-04T07:25:00+00:00,22411541-S,Battery,CURRENT,V,8.193087890625
2026-09-04T07:25:00+00:00,22447758-1,Temperature,CURRENT,°C,19.474003906249997
2026-09-04T07:25:00+00:00,22447758-2,RH,CURRENT,%,93.55764095521477
2026-09-04T07:25:00+00:00,22447758-3,Dew Point,CURRENT,°C,18.431512478907017
2026-09-04T07:25:00+00:00,22447759-1,Temperature,CURRENT,°C,19.474003906249997
2026-09-04T07:25:00+00:00,22447759-2,RH,CURRENT,%,93.82009613183794
2026-09-04T07:25:00+00:00,22447759-3,Dew Point,CURRENT,°C,18.4762885577549
2026-09-04T07:25:00+00:00,22447760-1,Temperature,CURRENT,°C,19.474003906249997
2026-09-04T07:25:00+00:00,22447760-2,RH,CURRENT,%,94.11306935225453
2026-09-04T07:25:00+00:00,22447760-3,Dew Point,CURRENT,°C,18.526141855560986
2026-09-04T07:25:00+00:00,22447761-1,Temperature,CURRENT,°C,19.388203124999997
2026-09-04T07:25:00+00:00,22447761-2,RH,CURRENT,%,93.53170061799038
2026-09-04T07:25:00+00:00,22447761-3,Dew Point,CURRENT,°C,18.341858889836782
2026-09-04T07:25:00+00:00,22447762-1,Temperature,CURRENT,°C,19.4525537109375
2026-09-04T07:25:00+00:00,22447762-2,RH,CURRENT,%,93.30739299610894
2026-09-04T07:25:00+00:00,22447762-3,Dew Point,CURRENT,°C,18.367417391618332
2026-09-04T07:25:00+00:00,22447764-1,Temperature,CURRENT,°C,19.431103515625004
2026-09-04T07:25:00+00:00,22447764-2,RH,CURRENT,%,94.184786755169
2026-09-04T07:25:00+00:00,22447764-3,Dew Point,CURRENT,°C,18.495676803214284
2026-09-04T07:25:00+00:00,22447765-1,Temperature,CURRENT,°C,19.5383544921875
2026-09-04T07:25:00+00:00,22447765-2,RH,CURRENT,%,93.2188906691081
2026-09-04T07:25:00+00:00,22447765-3,Dew Point,CURRENT,°C,18.437446984371395
2026-09-04T07:25:00+00:00,22447766-1,Temperature,CURRENT,°C,19.516904296875005
2026-09-04T07:25:00+00:00,22447766-2,RH,CURRENT,%,93.4355687800412
2026-09-04T07:25:00+00:00,22447766-3,Dew Point,CURRENT,°C,18.453254408573653
2026-09-04T07:30:00+00:00,22411189-1,Temperature,CURRENT,°C,19.495454101562494
2026-09-04T07:30:00+00:00,22411189-2,RH,CURRENT,%,98.03616388189518
2026-09-04T07:30:00+00:00,22411189-3,Dew Point,CURRENT,°C,19.202378693396312
2026-09-04T07:30:00+00:00,22411190-1,Temperature,CURRENT,°C,19.495454101562494
2026-09-04T07:30:00+00:00,22411190-2,RH,CURRENT,%,94.84092469672694
2026-09-04T07:30:00+00:00,22411190-3,Dew Point,CURRENT,°C,18.670753261834463
2026-09-04T07:30:00+00:00,22411191-1,Temperature,CURRENT,°C,19.68850585937499
2026-09-04T07:30:00+00:00,22411191-2,RH,CURRENT,%,96.54230563820859
2026-09-04T07:30:00+00:00,22411191-3,Dew Point,CURRENT,°C,19.148256272718108
2026-09-04T07:30:00+00:00,22411525-1,Temperature,CURRENT,°C,19.667055664062495
2026-09-04T07:30:00+00:00,22411525-2,RH,CURRENT,%,94.08560311284047
2026-09-04T07:30:00+00:00,22411525-3,Dew Point,CURRENT,°C,18.713364090804532
2026-09-04T07:30:00+00:00,22411526-1,Temperature,CURRENT,°C,19.323852539062493
2026-09-04T07:30:00+00:00,22411526-2,RH,CURRENT,%,96.84901197833219
2026-09-04T07:30:00+00:00,22411526-3,Dew Point,CURRENT,°C,18.835466578642674
2026-09-04T07:30:00+00:00,22411527-1,Temperature,CURRENT,°C,19.709956054687503
2026-09-04T07:30:00+00:00,22411527-2,RH,CURRENT,%,94.2504005493248
2026-09-04T07:30:00+00:00,22411527-3,Dew Point,CURRENT,°C,18.78404744161265
2026-09-04T07:30:00+00:00,22411528-1,Temperature,CURRENT,°C,19.259501953125003
2026-09-04T07:30:00+00:00,22411528-2,RH,CURRENT,%,98.81284809643702
2026-09-04T07:30:00+00:00,22411528-3,Dew Point,CURRENT,°C,19.093335490851857
2026-09-04T07:30:00+00:00,22411529-1,Temperature,CURRENT,°C,18.894848632812504
2026-09-04T07:30:00+00:00,22411529-2,RH,CURRENT,%,100
2026-09-04T07:30:00+00:00,22411529-3,Dew Point,CURRENT,°C,18.920085126614065
2026-09-04T07:30:00+00:00,22411530-1,Temperature,CURRENT,°C,19.64560546875
2026-09-04T07:30:00+00:00,22411530-2,RH,CURRENT,%,94.61661707484551
2026-09-04T07:30:00+00:00,22411530-3,Dew Point,CURRENT,°C,18.7821998198133
2026-09-04T07:30:00+00:00,22411541-S,Battery,CURRENT,V,8.193087890625
2026-09-04T07:30:00+00:00,22447758-1,Temperature,CURRENT,°C,19.474003906249997
2026-09-04T07:30:00+00:00,22447758-2,RH,CURRENT,%,93.12275883115892
2026-09-04T07:30:00+00:00,22447758-3,Dew Point,CURRENT,°C,18.35707698147315
2026-09-04T07:30:00+00:00,22447759-1,Temperature,CURRENT,°C,19.474003906249997
2026-09-04T07:30:00+00:00,22447759-2,RH,CURRENT,%,93.27992675669489
2026-09-04T07:30:00+00:00,22447759-3,Dew Point,CURRENT,°C,18.384013271989147
2026-09-04T07:30:00+00:00,22447760-1,Temperature,CURRENT,°C,19.495454101562494
2026-09-04T07:30:00+00:00,22447760-2,RH,CURRENT,%,93.56221866178377
2026-09-04T07:30:00+00:00,22447760-3,Dew Point,CURRENT,°C,18.45360074786986
2026-09-04T07:30:00+00:00,22447761-1,Temperature,CURRENT,°C,19.409653320312493
2026-09-04T07:30:00+00:00,22447761-2,RH,CURRENT,%,93.0083161669337
2026-09-04T07:30:00+00:00,22447761-3,Dew Point,CURRENT,°C,18.273566321931472
2026-09-04T07:30:00+00:00,22447762-1,Temperature,CURRENT,°C,19.474003906249997
2026-09-04T07:30:00+00:00,22447762-2,RH,CURRENT,%,92.69245441367208
2026-09-04T07:30:00+00:00,22447762-3,Dew Point,CURRENT,°C,18.283124949658372
2026-09-04T07:30:00+00:00,22447764-1,Temperature,CURRENT,°C,19.409653320312493
2026-09-04T07:30:00+00:00,22447764-2,RH,CURRENT,%,93.8826581216144
2026-09-04T07:30:00+00:00,22447764-3,Dew Point,CURRENT,°C,18.42299932858608
2026-09-04T07:30:00+00:00,22447765-1,Temperature,CURRENT,°C,19.516904296875005
2026-09-04T07:30:00+00:00,22447765-2,RH,CURRENT,%,92.92591744869154
2026-09-04T07:30:00+00:00,22447765-3,Dew Point,CURRENT,°C,18.365861474820107
2026-09-04T07:30:00+00:00,22447766-1,Temperature,CURRENT,°C,19.495454101562494
2026-09-04T07:30:00+00:00,22447766-2,RH,CURRENT,%,93.08155947203784
2026-09-04T07:30:00+00:00,22447766-3,Dew Point,CURRENT,°C,18.37130209131247
2026-09-04T07:35:00+00:00,22411189-1,Temperature,CURRENT,°C,19.5383544921875
2026-09-04T07:35:00+00:00,22411189-2,RH,CURRENT,%,97.0092317082475
2026-09-04T07:35:00+00:00,22411189-3,Dew Point,CURRENT,°C,19.075997455144435
2026-09-04T07:35:00+00:00,22411190-1,Temperature,CURRENT,°C,19.5383544921875
2026-09-04T07:35:00+00:00,22411190-2,RH,CURRENT,%,93.79262989242389
2026-09-04T07:35:00+00:00,22411190-3,Dew Point,CURRENT,°C,18.535546457303656
2026-09-04T07:35:00+00:00,22411191-1,Temperature,CURRENT,°C,19.73140625
2026-09-04T07:35:00+00:00,22411191-2,RH,CURRENT,%,95.30174715800717
2026-09-04T07:35:00+00:00,22411191-3,Dew Point,CURRENT,°C,18.983292174572455
2026-09-04T07:35:00+00:00,22411525-1,Temperature,CURRENT,°C,19.709956054687503
2026-09-04T07:35:00+00:00,22411525-2,RH,CURRENT,%,92.90913252460517
2026-09-04T07:35:00+00:00,22411525-3,Dew Point,CURRENT,°C,18.554564874156387
2026-09-04T07:35:00+00:00,22411526-1,Temperature,CURRENT,°C,19.345302734375004
2026-09-04T07:35:00+00:00,22411526-2,RH,CURRENT,%,96.07537956816968
2026-09-04T07:35:00+00:00,22411526-3,Dew Point,CURRENT,°C,18.728334585814554
2026-09-04T07:35:00+00:00,22411527-1,Temperature,CURRENT,°C,19.752856445312496
2026-09-04T07:35:00+00:00,22411527-2,RH,CURRENT,%,93.0632486457618
2026-09-04T07:35:00+00:00,22411527-3,Dew Point,CURRENT,°C,18.62366395756311
2026-09-04T07:35:00+00:00,22411528-1,Temperature,CURRENT,°C,19.2809521484375
2026-09-04T07:35:00+00:00,22411528-2,RH,CURRENT,%,98.02090485999848
2026-09-04T07:35:00+00:00,22411528-3,Dew Point,CURRENT,°C,18.98556920625149
2026-09-04T07:35:00+00:00,22411529-1,Temperature,CURRENT,°C,18.873398437499993
2026-09-04T07:35:00+00:00,22411529-2,RH,CURRENT,%,99.79247730220493
2026-09-04T07:35:00+00:00,22411529-3,Dew Point,CURRENT,°C,18.865285296895813
2026-09-04T07:35:00+00:00,22411530-1,Temperature,CURRENT,°C,19.709956054687503
2026-09-04T07:35:00+00:00,22411530-2,RH,CURRENT,%,93.58968490119783
2026-09-04T07:35:00+00:00,22411530-3,Dew Point,CURRENT,°C,18.67136281891807
2026-09-04T07:35:00+00:00,22411541-S,Battery,CURRENT,V,8.193087890625
2026-09-04T07:35:00+00:00,22447758-1,Temperature,CURRENT,°C,19.516904296875005
2026-09-04T07:35:00+00:00,22447758-2,RH,CURRENT,%,92.03479056992447
2026-09-04T07:35:00+00:00,22447758-3,Dew Point,CURRENT,°C,18.21204158130872
2026-09-04T07:35:00+00:00,22447759-1,Temperature,CURRENT,°C,19.495454101562494
2026-09-04T07:35:00+00:00,22447759-2,RH,CURRENT,%,92.26672770275425
2026-09-04T07:35:00+00:00,22447759-3,Dew Point,CURRENT,°C,18.230932659779324
2026-09-04T07:35:00+00:00,22447760-1,Temperature,CURRENT,°C,19.5383544921875
2026-09-04T07:35:00+00:00,22447760-2,RH,CURRENT,%,92.47272449835965
2026-09-04T07:35:00+00:00,22447760-3,Dew Point,CURRENT,°C,18.30907190988898
2026-09-04T07:35:00+00:00,22447761-1,Temperature,CURRENT,°C,19.4525537109375
2026-09-04T07:35:00+00:00,22447761-2,RH,CURRENT,%,91.96154726482033
2026-09-04T07:35:00+00:00,22447761-3,Dew Point,CURRENT,°C,18.1355593246355
2026-09-04T07:35:00+00:00,22447762-1,Temperature,CURRENT,°C,19.495454101562494
2026-09-04T07:35:00+00:00,22447762-2,RH,CURRENT,%,91.74944686045625
2026-09-04T07:35:00+00:00,22447762-3,Dew Point,CURRENT,°C,18.14125761985002
2026-09-04T07:35:00+00:00,22447764-1,Temperature,CURRENT,°C,19.474003906249997
2026-09-04T07:35:00+00:00,22447764-2,RH,CURRENT,%,92.75349050125887
2026-09-04T07:35:00+00:00,22447764-3,Dew Point,CURRENT,°C,18.293632864389785
2026-09-04T07:35:00+00:00,22447765-1,Temperature,CURRENT,°C,19.581254882812495
2026-09-04T07:35:00+00:00,22447765-2,RH,CURRENT,%,91.7265583276112
2026-09-04T07:35:00+00:00,22447765-3,Dew Point,CURRENT,°C,18.22229433746409
2026-09-04T07:35:00+00:00,22447766-1,Temperature,CURRENT,°C,19.559804687499998
2026-09-04T07:35:00+00:00,22447766-2,RH,CURRENT,%,91.97375448233768
2026-09-04T07:35:00+00:00,22447766-3,Dew Point,CURRENT,°C,18.24398002846101
2026-09-04T07:40:00+00:00,22411189-1,Temperature,CURRENT,°C,19.474003906249997
2026-09-04T07:40:00+00:00,22411189-2,RH,CURRENT,%,95.96246280613413
2026-09-04T07:40:00+00:00,22411189-3,Dew Point,CURRENT,°C,18.83774238709336
2026-09-04T07:40:00+00:00,22411190-1,Temperature,CURRENT,°C,19.474003906249997
2026-09-04T07:40:00+00:00,22411190-2,RH,CURRENT,%,92.71534294651713
2026-09-04T07:40:00+00:00,22411190-3,Dew Point,CURRENT,°C,18.28706612720804
2026-09-04T07:40:00+00:00,22411191-1,Temperature,CURRENT,°C,19.667055664062495
2026-09-04T07:40:00+00:00,22411191-2,RH,CURRENT,%,94.10238803692684
2026-09-04T07:40:00+00:00,22411191-3,Dew Point,CURRENT,°C,18.716221157023792
2026-09-04T07:40:00+00:00,22411525-1,Temperature,CURRENT,°C,19.667055664062495
2026-09-04T07:40:00+00:00,22411525-2,RH,CURRENT,%,91.70977340352484
2026-09-04T07:40:00+00:00,22411525-3,Dew Point,CURRENT,°C,18.30438715027071
2026-09-04T07:40:00+00:00,22411526-1,Temperature,CURRENT,°C,19.302402343749996
2026-09-04T07:40:00+00:00,22411526-2,RH,CURRENT,%,95.18272678721294
2026-09-04T07:40:00+00:00,22411526-3,Dew Point,CURRENT,°C,18.536195573626767
2026-09-04T07:40:00+00:00,22411527-1,Temperature,CURRENT,°C,19.68850585937499
2026-09-04T07:40:00+00:00,22411527-2,RH,CURRENT,%,91.94171053635462
2026-09-04T07:40:00+00:00,22411527-3,Dew Point,CURRENT,°C,18.365978599730028
2026-09-04T07:40:00+00:00,22411528-1,Temperature,CURRENT,°C,19.238051757812492
2026-09-04T07:40:00+00:00,22411528-2,RH,CURRENT,%,97.15724422064545
2026-09-04T07:40:00+00:00,22411528-3,Dew Point,CURRENT,°C,18.800789240537135
2026-09-04T07:40:00+00:00,22411529-1,Temperature,CURRENT,°C,18.830498046875
2026-09-04T07:40:00+00:00,22411529-2,RH,CURRENT,%,99.31792172121767
2026-09-04T07:40:00+00:00,22411529-3,Dew Point,CURRENT,°C,18.74594027712893
2026-09-04T07:40:00+00:00,22411530-1,Temperature,CURRENT,°C,19.64560546875
2026-09-04T07:40:00+00:00,22411530-2,RH,CURRENT,%,92.5505455100328
2026-09-04T07:40:00+00:00,22411530-3,Dew Point,CURRENT,°C,18.42888990929927
2026-09-04T07:40:00+00:00,22411541-S,Battery,CURRENT,V,8.193087890625
2026-09-04T07:40:00+00:00,22447758-1,Temperature,CURRENT,°C,19.4525537109375
2026-09-04T07:40:00+00:00,22447758-2,RH,CURRENT,%,91.23826962691692
2026-09-04T07:40:00+00:00,22447758-3,Dew Point,CURRENT,°C,18.009725588536796
2026-09-04T07:40:00+00:00,22447759-1,Temperature,CURRENT,°C,19.431103515625004
2026-09-04T07:40:00+00:00,22447759-2,RH,CURRENT,%,91.5754940108339
2026-09-04T07:40:00+00:00,22447759-3,Dew Point,CURRENT,°C,18.04725371338006
2026-09-04T07:40:00+00:00,22447760-1,Temperature,CURRENT,°C,19.4525537109375
2026-09-04T07:40:00+00:00,22447760-2,RH,CURRENT,%,91.81506065461204
2026-09-04T07:40:00+00:00,22447760-3,Dew Point,CURRENT,°C,18.11014414764217
2026-09-04T07:40:00+00:00,22447761-1,Temperature,CURRENT,°C,19.3667529296875
2026-09-04T07:40:00+00:00,22447761-2,RH,CURRENT,%,91.25200274662394
2026-09-04T07:40:00+00:00,22447761-3,Dew Point,CURRENT,°C,17.927162557590968
2026-09-04T07:40:00+00:00,22447762-1,Temperature,CURRENT,°C,19.409653320312493
2026-09-04T07:40:00+00:00,22447762-2,RH,CURRENT,%,91.12230106050202
2026-09-04T07:40:00+00:00,22447762-3,Dew Point,CURRENT,°C,17.94699590735347
2026-09-04T07:40:00+00:00,22447764-1,Temperature,CURRENT,°C,19.388203124999997
2026-09-04T07:40:00+00:00,22447764-2,RH,CURRENT,%,91.84100099183642
2026-09-04T07:40:00+00:00,22447764-3,Dew Point,CURRENT,°C,18.050875968845478
2026-09-04T07:40:00+00:00,22447765-1,Temperature,CURRENT,°C,19.495454101562494
2026-09-04T07:40:00+00:00,22447765-2,RH,CURRENT,%,90.94071869993134
2026-09-04T07:40:00+00:00,22447765-3,Dew Point,CURRENT,°C,18.000166882240816
2026-09-04T07:40:00+00:00,22447766-1,Temperature,CURRENT,°C,19.474003906249997
2026-09-04T07:40:00+00:00,22447766-2,RH,CURRENT,%,91.1589227130541
2026-09-04T07:40:00+00:00,22447766-3,Dew Point,CURRENT,°C,18.017105287897305
2026-09-04T07:45:00+00:00,22411189-1,Temperature,CURRENT,°C,19.431103515625004
2026-09-04T07:45:00+00:00,22411189-2,RH,CURRENT,%,96.60334172579537
2026-09-04T07:45:00+00:00,22411189-3,Dew Point,CURRENT,°C,18.901714081331612
2026-09-04T07:45:00+00:00,22411190-1,Temperature,CURRENT,°C,19.431103515625004
2026-09-04T07:45:00+00:00,22411190-2,RH,CURRENT,%,93.61867704280155
2026-09-04T07:45:00+00:00,22411190-3,Dew Point,CURRENT,°C,18.399319370085284
2026-09-04T07:45:00+00:00,22411191-1,Temperature,CURRENT,°C,19.581254882812495
2026-09-04T07:45:00+00:00,22411191-2,RH,CURRENT,%,95.01487754634928
2026-09-04T07:45:00+00:00,22411191-3,Dew Point,CURRENT,°C,18.785485410819263
2026-09-04T07:45:00+00:00,22411525-1,Temperature,CURRENT,°C,19.559804687499998
2026-09-04T07:45:00+00:00,22411525-2,RH,CURRENT,%,92.651255054551
2026-09-04T07:45:00+00:00,22411525-3,Dew Point,CURRENT,°C,18.36115001327549
2026-09-04T07:45:00+00:00,22411526-1,Temperature,CURRENT,°C,19.302402343749996
2026-09-04T07:45:00+00:00,22411526-2,RH,CURRENT,%,95.37193865873198
2026-09-04T07:45:00+00:00,22411526-3,Dew Point,CURRENT,°C,18.567962149795093
2026-09-04T07:45:00+00:00,22411527-1,Temperature,CURRENT,°C,19.581254882812495
2026-09-04T07:45:00+00:00,22411527-2,RH,CURRENT,%,92.68787670710307
2026-09-04T07:45:00+00:00,22411527-3,Dew Point,CURRENT,°C,18.38874347711142
2026-09-04T07:45:00+00:00,22411528-1,Temperature,CURRENT,°C,19.259501953125003
2026-09-04T07:45:00+00:00,22411528-2,RH,CURRENT,%,97.35713740749217
2026-09-04T07:45:00+00:00,22411528-3,Dew Point,CURRENT,°C,18.85514652430525
2026-09-04T07:45:00+00:00,22411529-1,Temperature,CURRENT,°C,18.873398437499993
2026-09-04T07:45:00+00:00,22411529-2,RH,CURRENT,%,99.29808499275197
2026-09-04T07:45:00+00:00,22411529-3,Dew Point,CURRENT,°C,18.785671267397856
2026-09-04T07:45:00+00:00,22411530-1,Temperature,CURRENT,°C,19.559804687499998
2026-09-04T07:45:00+00:00,22411530-2,RH,CURRENT,%,93.25246051728084
2026-09-04T07:45:00+00:00,22411530-3,Dew Point,CURRENT,°C,18.464498869265352
2026-09-04T07:45:00+00:00,22411541-S,Battery,CURRENT,V,8.193087890625
2026-09-04T07:45:00+00:00,22447758-1,Temperature,CURRENT,°C,19.3667529296875
2026-09-04T07:45:00+00:00,22447758-2,RH,CURRENT,%,91.66857404440375
2026-09-04T07:45:00+00:00,22447758-3,Dew Point,CURRENT,°C,17.99968482968808
2026-09-04T07:45:00+00:00,22447759-1,Temperature,CURRENT,°C,19.345302734375004
2026-09-04T07:45:00+00:00,22447759-2,RH,CURRENT,%,91.88830395971618
2026-09-04T07:45:00+00:00,22447759-3,Dew Point,CURRENT,°C,18.01656364076575
2026-09-04T07:45:00+00:00,22447760-1,Temperature,CURRENT,°C,19.388203124999997
2026-09-04T07:45:00+00:00,22447760-2,RH,CURRENT,%,91.91119249256123
2026-09-04T07:45:00+00:00,22447760-3,Dew Point,CURRENT,°C,18.063049417436908
2026-09-04T07:45:00+00:00,22447761-1,Temperature,CURRENT,°C,19.323852539062493
2026-09-04T07:45:00+00:00,22447761-2,RH,CURRENT,%,91.42900740062562
2026-09-04T07:45:00+00:00,22447761-3,Dew Point,CURRENT,°C,17.91552264504363
2026-09-04T07:45:00+00:00,22447762-1,Temperature,CURRENT,°C,19.345302734375004
2026-09-04T07:45:00+00:00,22447762-2,RH,CURRENT,%,91.19096665903716
2026-09-04T07:45:00+00:00,22447762-3,Dew Point,CURRENT,°C,17.895273868748806
2026-09-04T07:45:00+00:00,22447764-1,Temperature,CURRENT,°C,19.323852539062493
2026-09-04T07:45:00+00:00,22447764-2,RH,CURRENT,%,92.60547798886091
2026-09-04T07:45:00+00:00,22447764-3,Dew Point,CURRENT,°C,18.119186891567157
2026-09-04T07:45:00+00:00,22447765-1,Temperature,CURRENT,°C,19.409653320312493
2026-09-04T07:45:00+00:00,22447765-2,RH,CURRENT,%,91.54345006485084
2026-09-04T07:45:00+00:00,22447765-3,Dew Point,CURRENT,°C,18.02042906727185
2026-09-04T07:45:00+00:00,22447766-1,Temperature,CURRENT,°C,19.388203124999997
2026-09-04T07:45:00+00:00,22447766-2,RH,CURRENT,%,91.68688487067979
2026-09-04T07:45:00+00:00,22447766-3,Dew Point,CURRENT,°C,18.024118710697653
2026-09-04T07:50:00+00:00,22411189-1,Temperature,CURRENT,°C,19.409653320312493
2026-09-04T07:50:00+00:00,22411189-2,RH,CURRENT,%,96.40650034332799
2026-09-04T07:50:00+00:00,22411189-3,Dew Point,CURRENT,°C,18.84761582606458
2026-09-04T07:50:00+00:00,22411190-1,Temperature,CURRENT,°C,19.388203124999997
2026-09-04T07:50:00+00:00,22411190-2,RH,CURRENT,%,93.30281528953994
2026-09-04T07:50:00+00:00,22411190-3,Dew Point,CURRENT,°C,18.30273668534101
2026-09-04T07:50:00+00:00,22411191-1,Temperature,CURRENT,°C,19.559804687499998
2026-09-04T07:50:00+00:00,22411191-2,RH,CURRENT,%,94.92637521934844
2026-09-04T07:50:00+00:00,22411191-3,Dew Point,CURRENT,°C,18.749207729843327
2026-09-04T07:50:00+00:00,22411525-1,Temperature,CURRENT,°C,19.516904296875005
2026-09-04T07:50:00+00:00,22411525-2,RH,CURRENT,%,92.58716716258488
2026-09-04T07:50:00+00:00,22411525-3,Dew Point,CURRENT,°C,18.307541580790673
2026-09-04T07:50:00+00:00,22411526-1,Temperature,CURRENT,°C,19.2809521484375
2026-09-04T07:50:00+00:00,22411526-2,RH,CURRENT,%,95.15526054779889
2026-09-04T07:50:00+00:00,22411526-3,Dew Point,CURRENT,°C,18.51022829144313
2026-09-04T07:50:00+00:00,22411527-1,Temperature,CURRENT,°C,19.5383544921875
2026-09-04T07:50:00+00:00,22411527-2,RH,CURRENT,%,92.69703212024109
2026-09-04T07:50:00+00:00,22411527-3,Dew Point,CURRENT,°C,18.347758210174266
2026-09-04T07:50:00+00:00,22411528-1,Temperature,CURRENT,°C,19.238051757812492
2026-09-04T07:50:00+00:00,22411528-2,RH,CURRENT,%,97.08857862211032
2026-09-04T07:50:00+00:00,22411528-3,Dew Point,CURRENT,°C,18.789458652635304
2026-09-04T07:50:00+00:00,22411529-1,Temperature,CURRENT,°C,18.916298828125
2026-09-04T07:50:00+00:00,22411529-2,RH,CURRENT,%,99.04325932707714
2026-09-04T07:50:00+00:00,22411529-3,Dew Point,CURRENT,°C,18.78741727709853
2026-09-04T07:50:00+00:00,22411530-1,Temperature,CURRENT,°C,19.5383544921875
2026-09-04T07:50:00+00:00,22411530-2,RH,CURRENT,%,93.0785076676585
2026-09-04T07:50:00+00:00,22411530-3,Dew Point,CURRENT,°C,18.413363472860226
2026-09-04T07:50:00+00:00,22411541-S,Battery,CURRENT,V,8.19954931640625
2026-09-04T07:50:00+00:00,22447758-1,Temperature,CURRENT,°C,19.3667529296875
2026-09-04T07:50:00+00:00,22447758-2,RH,CURRENT,%,91.93408102540627
2026-09-04T07:50:00+00:00,22447758-3,Dew Point,CURRENT,°C,18.04575741665824
2026-09-04T07:50:00+00:00,22447759-1,Temperature,CURRENT,°C,19.345302734375004
2026-09-04T07:50:00+00:00,22447759-2,RH,CURRENT,%,92.19806210421912
2026-09-04T07:50:00+00:00,22447759-3,Dew Point,CURRENT,°C,18.07018242595066
2026-09-04T07:50:00+00:00,22447760-1,Temperature,CURRENT,°C,19.388203124999997
2026-09-04T07:50:00+00:00,22447760-2,RH,CURRENT,%,92.36743724727245
2026-09-04T07:50:00+00:00,22447760-3,Dew Point,CURRENT,°C,18.14197905030282
2026-09-04T07:50:00+00:00,22447761-1,Temperature,CURRENT,°C,19.302402343749996
2026-09-04T07:50:00+00:00,22447761-2,RH,CURRENT,%,91.8318455786984
2026-09-04T07:50:00+00:00,22447761-3,Dew Point,CURRENT,°C,17.964259825618516
2026-09-04T07:50:00+00:00,22447762-1,Temperature,CURRENT,°C,19.345302734375004
2026-09-04T07:50:00+00:00,22447762-2,RH,CURRENT,%,91.60448615243763
2026-09-04T07:50:00+00:00,22447762-3,Dew Point,CURRENT,°C,17.96729600770356
2026-09-04T07:50:00+00:00,22447764-1,Temperature,CURRENT,°C,19.323852539062493
2026-09-04T07:50:00+00:00,22447764-2,RH,CURRENT,%,92.72907606622415
2026-09-04T07:50:00+00:00,22447764-3,Dew Point,CURRENT,°C,18.140451842630075
2026-09-04T07:50:00+00:00,22447765-1,Temperature,CURRENT,°C,19.409653320312493
2026-09-04T07:50:00+00:00,22447765-2,RH,CURRENT,%,91.73266193636988
2026-09-04T07:50:00+00:00,22447765-3,Dew Point,CURRENT,°C,18.05332453475554
2026-09-04T07:50:00+00:00,22447766-1,Temperature,CURRENT,°C,19.388203124999997
2026-09-04T07:50:00+00:00,22447766-2,RH,CURRENT,%,91.97375448233768
2026-09-04T07:50:00+00:00,22447766-3,Dew Point,CURRENT,°C,18.073892807567674
2026-09-04T07:55:00+00:00,22411189-1,Temperature,CURRENT,°C,19.388203124999997
2026-09-04T07:55:00+00:00,22411189-2,RH,CURRENT,%,95.06065461203937
2026-09-04T07:55:00+00:00,22411189-3,Dew Point,CURRENT,°C,18.60106659767597
2026-09-04T07:55:00+00:00,22411190-1,Temperature,CURRENT,°C,19.3667529296875
2026-09-04T07:55:00+00:00,22411190-2,RH,CURRENT,%,91.80132753490501
2026-09-04T07:55:00+00:00,22411190-3,Dew Point,CURRENT,°C,18.02273570434003
2026-09-04T07:55:00+00:00,22411191-1,Temperature,CURRENT,°C,19.5383544921875
2026-09-04T07:55:00+00:00,22411191-2,RH,CURRENT,%,93.34706645304036
2026-09-04T07:55:00+00:00,22411191-3,Dew Point,CURRENT,°C,18.459408571177825
2026-09-04T07:55:00+00:00,22411525-1,Temperature,CURRENT,°C,19.495454101562494
2026-09-04T07:55:00+00:00,22411525-2,RH,CURRENT,%,91.10551613641566
2026-09-04T07:55:00+00:00,22411525-3,Dew Point,CURRENT,°C,18.02900630408707
2026-09-04T07:55:00+00:00,22411526-1,Temperature,CURRENT,°C,19.238051757812492
2026-09-04T07:55:00+00:00,22411526-2,RH,CURRENT,%,94.45487144274053
2026-09-04T07:55:00+00:00,22411526-3,Dew Point,CURRENT,°C,18.34948399980217
2026-09-04T07:55:00+00:00,22411527-1,Temperature,CURRENT,°C,19.516904296875005
2026-09-04T07:55:00+00:00,22411527-2,RH,CURRENT,%,91.1589227130541
2026-09-04T07:55:00+00:00,22411527-3,Dew Point,CURRENT,°C,18.059579922250094
2026-09-04T07:55:00+00:00,22411528-1,Temperature,CURRENT,°C,19.216601562499996
2026-09-04T07:55:00+00:00,22411528-2,RH,CURRENT,%,96.30121309224079
2026-09-04T07:55:00+00:00,22411528-3,Dew Point,CURRENT,°C,18.637647501016982
2026-09-04T07:55:00+00:00,22411529-1,Temperature,CURRENT,°C,18.894848632812504
2026-09-04T07:55:00+00:00,22411529-2,RH,CURRENT,%,98.57633325703823
2026-09-04T07:55:00+00:00,22411529-3,Dew Point,CURRENT,°C,18.690265482103356
2026-09-04T07:55:00+00:00,22411530-1,Temperature,CURRENT,°C,19.495454101562494
2026-09-04T07:55:00+00:00,22411530-2,RH,CURRENT,%,91.75402456702525
2026-09-04T07:55:00+00:00,22411530-3,Dew Point,CURRENT,°C,18.142053143064263
2026-09-04T07:55:00+00:00,22411541-S,Battery,CURRENT,V,8.1801650390625
2026-09-04T07:55:00+00:00,22447758-1,Temperature,CURRENT,°C,19.3667529296875
2026-09-04T07:55:00+00:00,22447758-2,RH,CURRENT,%,90.84763866636149
2026-09-04T07:55:00+00:00,22447758-3,Dew Point,CURRENT,°C,17.856487726144792
2026-09-04T07:55:00+00:00,22447759-1,Temperature,CURRENT,°C,19.3667529296875
2026-09-04T07:55:00+00:00,22447759-2,RH,CURRENT,%,91.13603418020905
2026-09-04T07:55:00+00:00,22447759-3,Dew Point,CURRENT,°C,17.90692163586778
2026-09-04T07:55:00+00:00,22447760-1,Temperature,CURRENT,°C,19.409653320312493
2026-09-04T07:55:00+00:00,22447760-2,RH,CURRENT,%,91.26115815976196
2026-09-04T07:55:00+00:00,22447760-3,Dew Point,CURRENT,°C,17.97124033711495
2026-09-04T07:55:00+00:00,22447761-1,Temperature,CURRENT,°C,19.323852539062493
2026-09-04T07:55:00+00:00,22447761-2,RH,CURRENT,%,90.78049897001603
2026-09-04T07:55:00+00:00,22447761-3,Dew Point,CURRENT,°C,17.802273456540714
2026-09-04T07:55:00+00:00,22447762-1,Temperature,CURRENT,°C,19.3667529296875
2026-09-04T07:55:00+00:00,22447762-2,RH,CURRENT,%,90.55008773937591
2026-09-04T07:55:00+00:00,22447762-3,Dew Point,CURRENT,°C,17.804305612139036
2026-09-04T07:55:00+00:00,22447764-1,Temperature,CURRENT,°C,19.345302734375004
2026-09-04T07:55:00+00:00,22447764-2,RH,CURRENT,%,91.48393987945373
2026-09-04T07:55:00+00:00,22447764-3,Dew Point,CURRENT,°C,17.946330065809317
2026-09-04T07:55:00+00:00,22447765-1,Temperature,CURRENT,°C,19.409653320312493
2026-09-04T07:55:00+00:00,22447765-2,RH,CURRENT,%,90.60196841382468
2026-09-04T07:55:00+00:00,22447765-3,Dew Point,CURRENT,°C,17.855857267836708
2026-09-04T07:55:00+00:00,22447766-1,Temperature,CURRENT,°C,19.409653320312493
2026-09-04T07:55:00+00:00,22447766-2,RH,CURRENT,%,90.70267795834287
2026-09-04T07:55:00+00:00,22447766-3,Dew Point,CURRENT,°C,17.873532703848753
2026-09-04T08:00:00+00:00,22411189-1,Temperature,CURRENT,°C,19.345302734375004
2026-09-04T08:00:00+00:00,22411189-2,RH,CURRENT,%,95.5870908674754
2026-09-04T08:00:00+00:00,22411189-3,Dew Point,CURRENT,°C,18.646743816629545
2026-09-04T08:00:00+00:00,22411190-1,Temperature,CURRENT,°C,19.345302734375004
2026-09-04T08:00:00+00:00,22411190-2,RH,CURRENT,%,92.4452582589456
2026-09-04T08:00:00+00:00,22411190-3,Dew Point,CURRENT,°C,18.112858782134108
2026-09-04T08:00:00+00:00,22411191-1,Temperature,CURRENT,°C,19.495454101562494
2026-09-04T08:00:00+00:00,22411191-2,RH,CURRENT,%,94.18173495078966
2026-09-04T08:00:00+00:00,22411191-3,Dew Point,CURRENT,°C,18.55913048056249
2026-09-04T08:00:00+00:00,22411525-1,Temperature,CURRENT,°C,19.474003906249997
2026-09-04T08:00:00+00:00,22411525-2,RH,CURRENT,%,91.85015640497444
2026-09-04T08:00:00+00:00,22411525-3,Dew Point,CURRENT,°C,18.137493780669153
2026-09-04T08:00:00+00:00,22411526-1,Temperature,CURRENT,°C,19.238051757812492
2026-09-04T08:00:00+00:00,22411526-2,RH,CURRENT,%,94.42282749675746
2026-09-04T08:00:00+00:00,22411526-3,Dew Point,CURRENT,°C,18.344065106392307
2026-09-04T08:00:00+00:00,22411527-1,Temperature,CURRENT,°C,19.474003906249997
2026-09-04T08:00:00+00:00,22411527-2,RH,CURRENT,%,92.06073090714885
2026-09-04T08:00:00+00:00,22411527-3,Dew Point,CURRENT,°C,18.17401082168556
2026-09-04T08:00:00+00:00,22411528-1,Temperature,CURRENT,°C,19.1951513671875
2026-09-04T08:00:00+00:00,22411528-2,RH,CURRENT,%,96.41870756084535
2026-09-04T08:00:00+00:00,22411528-3,Dew Point,CURRENT,°C,18.63577975795197
2026-09-04T08:00:00+00:00,22411529-1,Temperature,CURRENT,°C,18.873398437499993
2026-09-04T08:00:00+00:00,22411529-2,RH,CURRENT,%,98.46646829938202
2026-09-04T08:00:00+00:00,22411529-3,Dew Point,CURRENT,°C,18.650966783825623
2026-09-04T08:00:00+00:00,22411530-1,Temperature,CURRENT,°C,19.474003906249997
2026-09-04T08:00:00+00:00,22411530-2,RH,CURRENT,%,92.26825360494392
2026-09-04T08:00:00+00:00,22411530-3,Dew Point,CURRENT,°C,18.209927167579114
2026-09-04T08:00:00+00:00,22411541-S,Battery,CURRENT,V,8.193087890625
2026-09-04T08:00:00+00:00,22447758-1,Temperature,CURRENT,°C,19.302402343749996
2026-09-04T08:00:00+00:00,22447758-2,RH,CURRENT,%,90.7164110780499
2026-09-04T08:00:00+00:00,22447758-3,Dew Point,CURRENT,°C,17.769818717718962
2026-09-04T08:00:00+00:00,22447759-1,Temperature,CURRENT,°C,19.2809521484375
2026-09-04T08:00:00+00:00,22447759-2,RH,CURRENT,%,90.8674753948272
2026-09-04T08:00:00+00:00,22447759-3,Dew Point,CURRENT,°C,17.775045141387
2026-09-04T08:00:00+00:00,22447760-1,Temperature,CURRENT,°C,19.323852539062493
2026-09-04T08:00:00+00:00,22447760-2,RH,CURRENT,%,91.09636072327764
2026-09-04T08:00:00+00:00,22447760-3,Dew Point,CURRENT,°C,17.85752064022518
2026-09-04T08:00:00+00:00,22447761-1,Temperature,CURRENT,°C,19.238051757812492
2026-09-04T08:00:00+00:00,22447761-2,RH,CURRENT,%,90.80643930724041
2026-09-04T08:00:00+00:00,22447761-3,Dew Point,CURRENT,°C,17.721907863534817
2026-09-04T08:00:00+00:00,22447762-1,Temperature,CURRENT,°C,19.2809521484375
2026-09-04T08:00:00+00:00,22447762-2,RH,CURRENT,%,90.24490730144198
2026-09-04T08:00:00+00:00,22447762-3,Dew Point,CURRENT,°C,17.66578587054504
2026-09-04T08:00:00+00:00,22447764-1,Temperature,CURRENT,°C,19.259501953125003
2026-09-04T08:00:00+00:00,22447764-2,RH,CURRENT,%,91.66704814221409
2026-09-04T08:00:00+00:00,22447764-3,Dew Point,CURRENT,°C,17.893158713018344
2026-09-04T08:00:00+00:00,22447765-1,Temperature,CURRENT,°C,19.345302734375004
2026-09-04T08:00:00+00:00,22447765-2,RH,CURRENT,%,90.54245822842756
2026-09-04T08:00:00+00:00,22447765-3,Dew Point,CURRENT,°C,17.78174611860293
2026-09-04T08:00:00+00:00,22447766-1,Temperature,CURRENT,°C,19.323852539062493
2026-09-04T08:00:00+00:00,22447766-2,RH,CURRENT,%,90.5607690547036
2026-09-04T08:00:00+00:00,22447766-3,Dew Point,CURRENT,°C,17.76374128655321
2026-09-04T08:05:00+00:00,22411189-1,Temperature,CURRENT,°C,19.2809521484375
2026-09-04T08:05:00+00:00,22411189-2,RH,CURRENT,%,95.31700617990387
2026-09-04T08:05:00+00:00,22411189-3,Dew Point,CURRENT,°C,18.5373893416241
2026-09-04T08:05:00+00:00,22411190-1,Temperature,CURRENT,°C,19.259501953125003
2026-09-04T08:05:00+00:00,22411190-2,RH,CURRENT,%,92.17669947356374
2026-09-04T08:05:00+00:00,22411190-3,Dew Point,CURRENT,°C,17.98142207936752
2026-09-04T08:05:00+00:00,22411191-1,Temperature,CURRENT,°C,19.409653320312493
2026-09-04T08:05:00+00:00,22411191-2,RH,CURRENT,%,93.80025940337224
2026-09-04T08:05:00+00:00,22411191-3,Dew Point,CURRENT,°C,18.40896874348443
2026-09-04T08:05:00+00:00,22411525-1,Temperature,CURRENT,°C,19.388203124999997
2026-09-04T08:05:00+00:00,22411525-2,RH,CURRENT,%,91.44426642252232
2026-09-04T08:05:00+00:00,22411525-3,Dew Point,CURRENT,°C,17.98191601139222
2026-09-04T08:05:00+00:00,22411526-1,Temperature,CURRENT,°C,19.173701171875003
2026-09-04T08:05:00+00:00,22411526-2,RH,CURRENT,%,94.04287785152972
2026-09-04T08:05:00+00:00,22411526-3,Dew Point,CURRENT,°C,18.21572903724642
2026-09-04T08:05:00+00:00,22411527-1,Temperature,CURRENT,°C,19.431103515625004
2026-09-04T08:05:00+00:00,22411527-2,RH,CURRENT,%,91.56786449988556
2026-09-04T08:05:00+00:00,22411527-3,Dew Point,CURRENT,°C,18.04592622139391
2026-09-04T08:05:00+00:00,22411528-1,Temperature,CURRENT,°C,19.1093505859375
2026-09-04T08:05:00+00:00,22411528-2,RH,CURRENT,%,95.93804837109941
2026-09-04T08:05:00+00:00,22411528-3,Dew Point,CURRENT,°C,18.470317693191717
2026-09-04T08:05:00+00:00,22411529-1,Temperature,CURRENT,°C,18.809047851562504
2026-09-04T08:05:00+00:00,22411529-2,RH,CURRENT,%,98.06363012130923
2026-09-04T08:05:00+00:00,22411529-3,Dew Point,CURRENT,°C,18.5210612140998
2026-09-04T08:05:00+00:00,22411530-1,Temperature,CURRENT,°C,19.409653320312493
2026-09-04T08:05:00+00:00,22411530-2,RH,CURRENT,%,91.9829098954757
2026-09-04T08:05:00+00:00,22411530-3,Dew Point,CURRENT,°C,18.09674033551508
2026-09-04T08:05:00+00:00,22411541-S,Battery,CURRENT,V,8.193087890625
2026-09-04T08:05:00+00:00,22447758-1,Temperature,CURRENT,°C,19.259501953125003
2026-09-04T08:05:00+00:00,22447758-2,RH,CURRENT,%,90.35019455252919
2026-09-04T08:05:00+00:00,22447758-3,Dew Point,CURRENT,°C,17.663095820341006
2026-09-04T08:05:00+00:00,22447759-1,Temperature,CURRENT,°C,19.238051757812492
2026-09-04T08:05:00+00:00,22447759-2,RH,CURRENT,%,90.47379262989243
2026-09-04T08:05:00+00:00,22447759-3,Dew Point,CURRENT,°C,17.6635959844232
2026-09-04T08:05:00+00:00,22447760-1,Temperature,CURRENT,°C,19.302402343749996
2026-09-04T08:05:00+00:00,22447760-2,RH,CURRENT,%,90.81254291599909
2026-09-04T08:05:00+00:00,22447760-3,Dew Point,CURRENT,°C,17.78665847722819
2026-09-04T08:05:00+00:00,22447761-1,Temperature,CURRENT,°C,19.216601562499996
2026-09-04T08:05:00+00:00,22447761-2,RH,CURRENT,%,90.39139391165027
2026-09-04T08:05:00+00:00,22447761-3,Dew Point,CURRENT,°C,17.62790750894839
2026-09-04T08:05:00+00:00,22447762-1,Temperature,CURRENT,°C,19.259501953125003
2026-09-04T08:05:00+00:00,22447762-2,RH,CURRENT,%,90.06179903868163
2026-09-04T08:05:00+00:00,22447762-3,Dew Point,CURRENT,°C,17.612319637547035
2026-09-04T08:05:00+00:00,22447764-1,Temperature,CURRENT,°C,19.216601562499996
2026-09-04T08:05:00+00:00,22447764-2,RH,CURRENT,%,91.12230106050202
2026-09-04T08:05:00+00:00,22447764-3,Dew Point,CURRENT,°C,17.755868031982413
2026-09-04T08:05:00+00:00,22447765-1,Temperature,CURRENT,°C,19.302402343749996
2026-09-04T08:05:00+00:00,22447765-2,RH,CURRENT,%,90.0480659189746
2026-09-04T08:05:00+00:00,22447765-3,Dew Point,CURRENT,°C,17.652308464315333
2026-09-04T08:05:00+00:00,22447766-1,Temperature,CURRENT,°C,19.302402343749996
2026-09-04T08:05:00+00:00,22447766-2,RH,CURRENT,%,90.21133745326925
2026-09-04T08:05:00+00:00,22447766-3,Dew Point,CURRENT,°C,17.681085619476466
2026-09-04T08:10:00+00:00,22411189-1,Temperature,CURRENT,°C,19.1093505859375
2026-09-04T08:10:00+00:00,22411189-2,RH,CURRENT,%,95.98992904554818
2026-09-04T08:10:00+00:00,22411189-3,Dew Point,CURRENT,°C,18.478960330355047
2026-09-04T08:10:00+00:00,22411190-1,Temperature,CURRENT,°C,19.1093505859375
2026-09-04T08:10:00+00:00,22411190-2,RH,CURRENT,%,92.7214465552758
2026-09-04T08:10:00+00:00,22411190-3,Dew Point,CURRENT,°C,17.92631410318343
2026-09-04T08:10:00+00:00,22411191-1,Temperature,CURRENT,°C,19.238051757812492
2026-09-04T08:10:00+00:00,22411191-2,RH,CURRENT,%,94.2397192339971
2026-09-04T08:10:00+00:00,22411191-3,Dew Point,CURRENT,°C,18.31306908774097
2026-09-04T08:10:00+00:00,22411525-1,Temperature,CURRENT,°C,19.216601562499996
2026-09-04T08:10:00+00:00,22411525-2,RH,CURRENT,%,91.97375448233768
2026-09-04T08:10:00+00:00,22411525-3,Dew Point,CURRENT,°C,17.903804386354967
2026-09-04T08:10:00+00:00,22411526-1,Temperature,CURRENT,°C,19.002099609375
2026-09-04T08:10:00+00:00,22411526-2,RH,CURRENT,%,94.51438162813764
2026-09-04T08:10:00+00:00,22411526-3,Dew Point,CURRENT,°C,18.12487473374202
2026-09-04T08:10:00+00:00,22411527-1,Temperature,CURRENT,°C,19.238051757812492
2026-09-04T08:10:00+00:00,22411527-2,RH,CURRENT,%,92.14770733196002
2026-09-04T08:10:00+00:00,22411527-3,Dew Point,CURRENT,°C,17.955146480206157
2026-09-04T08:10:00+00:00,22411528-1,Temperature,CURRENT,°C,18.980649414062505
2026-09-04T08:10:00+00:00,22411528-2,RH,CURRENT,%,96.38208590829328
2026-09-04T08:10:00+00:00,22411528-3,Dew Point,CURRENT,°C,18.41584241484271
2026-09-04T08:10:00+00:00,22411529-1,Temperature,CURRENT,°C,18.680346679687496
2026-09-04T08:10:00+00:00,22411529-2,RH,CURRENT,%,98.14908064393073
2026-09-04T08:10:00+00:00,22411529-3,Dew Point,CURRENT,°C,18.406385117243826
2026-09-04T08:10:00+00:00,22411530-1,Temperature,CURRENT,°C,19.216601562499996
2026-09-04T08:10:00+00:00,22411530-2,RH,CURRENT,%,92.61005569542992
2026-09-04T08:10:00+00:00,22411530-3,Dew Point,CURRENT,°C,18.013578173081818
2026-09-04T08:10:00+00:00,22411541-S,Battery,CURRENT,V,8.193087890625
2026-09-04T08:10:00+00:00,22447758-1,Temperature,CURRENT,°C,19.1093505859375
2026-09-04T08:10:00+00:00,22447758-2,RH,CURRENT,%,90.91172655832762
2026-09-04T08:10:00+00:00,22447758-3,Dew Point,CURRENT,°C,17.612942691433368
2026-09-04T08:10:00+00:00,22447759-1,Temperature,CURRENT,°C,19.06645019531249
2026-09-04T08:10:00+00:00,22447759-2,RH,CURRENT,%,91.06279087510491
2026-09-04T08:10:00+00:00,22447759-3,Dew Point,CURRENT,°C,17.596839109713684
2026-09-04T08:10:00+00:00,22447760-1,Temperature,CURRENT,°C,19.130800781249995
2026-09-04T08:10:00+00:00,22447760-2,RH,CURRENT,%,91.38933394369421
2026-09-04T08:10:00+00:00,22447760-3,Dew Point,CURRENT,°C,17.717416434987594
2026-09-04T08:10:00+00:00,22447761-1,Temperature,CURRENT,°C,19.044999999999995
2026-09-04T08:10:00+00:00,22447761-2,RH,CURRENT,%,90.94834821087969
2026-09-04T08:10:00+00:00,22447761-3,Dew Point,CURRENT,°C,17.555643196783915
2026-09-04T08:10:00+00:00,22447762-1,Temperature,CURRENT,°C,19.087900390625002
2026-09-04T08:10:00+00:00,22447762-2,RH,CURRENT,%,90.60044251163501
2026-09-04T08:10:00+00:00,22447762-3,Dew Point,CURRENT,°C,17.5372695426641
2026-09-04T08:10:00+00:00,22447764-1,Temperature,CURRENT,°C,19.044999999999995
2026-09-04T08:10:00+00:00,22447764-2,RH,CURRENT,%,91.625848783093
2026-09-04T08:10:00+00:00,22447764-3,Dew Point,CURRENT,°C,17.673493338233815
2026-09-04T08:10:00+00:00,22447765-1,Temperature,CURRENT,°C,19.130800781249995
2026-09-04T08:10:00+00:00,22447765-2,RH,CURRENT,%,90.65079728389411
2026-09-04T08:10:00+00:00,22447765-3,Dew Point,CURRENT,°C,17.588533388092728
2026-09-04T08:10:00+00:00,22447766-1,Temperature,CURRENT,°C,19.130800781249995
2026-09-04T08:10:00+00:00,22447766-2,RH,CURRENT,%,90.72404058899825
2026-09-04T08:10:00+00:00,22447766-3,Dew Point,CURRENT,°C,17.60135616327489
2026-09-04T08:15:00+00:00,22411189-1,Temperature,CURRENT,°C,19.002099609375
2026-09-04T08:15:00+00:00,22411189-2,RH,CURRENT,%,95.65575646601053
2026-09-04T08:15:00+00:00,22411189-3,Dew Point,CURRENT,°C,18.316392209187292
2026-09-04T08:15:00+00:00,22411190-1,Temperature,CURRENT,°C,19.002099609375
2026-09-04T08:15:00+00:00,22411190-2,RH,CURRENT,%,92.5001907377737
2026-09-04T08:15:00+00:00,22411190-3,Dew Point,CURRENT,°C,17.78190833622487
2026-09-04T08:15:00+00:00,22411191-1,Temperature,CURRENT,°C,19.15225097656249
2026-09-04T08:15:00+00:00,22411191-2,RH,CURRENT,%,94.07186999313345
2026-09-04T08:15:00+00:00,22411191-3,Dew Point,CURRENT,°C,18.199325779034492
2026-09-04T08:15:00+00:00,22411525-1,Temperature,CURRENT,°C,19.130800781249995
2026-09-04T08:15:00+00:00,22411525-2,RH,CURRENT,%,91.72198062104219
2026-09-04T08:15:00+00:00,22411525-3,Dew Point,CURRENT,°C,17.77516941101628
2026-09-04T08:15:00+00:00,22411526-1,Temperature,CURRENT,°C,18.894848632812504
2026-09-04T08:15:00+00:00,22411526-2,RH,CURRENT,%,94.4563973449302
2026-09-04T08:15:00+00:00,22411526-3,Dew Point,CURRENT,°C,18.008431374503093
2026-09-04T08:15:00+00:00,22411527-1,Temperature,CURRENT,°C,19.173701171875003
2026-09-04T08:15:00+00:00,22411527-2,RH,CURRENT,%,91.91424429694057
2026-09-04T08:15:00+00:00,22411527-3,Dew Point,CURRENT,°C,17.850984939043755
2026-09-04T08:15:00+00:00,22411528-1,Temperature,CURRENT,°C,18.851948242187497
2026-09-04T08:15:00+00:00,22411528-2,RH,CURRENT,%,96.45075150682841
2026-09-04T08:15:00+00:00,22411528-3,Dew Point,CURRENT,°C,18.29889693011954
2026-09-04T08:15:00+00:00,22411529-1,Temperature,CURRENT,°C,18.573095703125
2026-09-04T08:15:00+00:00,22411529-2,RH,CURRENT,%,98.1002517738613
2026-09-04T08:15:00+00:00,22411529-3,Dew Point,CURRENT,°C,18.291269348618105
2026-09-04T08:15:00+00:00,22411530-1,Temperature,CURRENT,°C,19.130800781249995
2026-09-04T08:15:00+00:00,22411530-2,RH,CURRENT,%,92.49103532463569
2026-09-04T08:15:00+00:00,22411530-3,Dew Point,CURRENT,°C,17.90799117502311
2026-09-04T08:15:00+00:00,22411541-S,Battery,CURRENT,V,8.1801650390625
2026-09-04T08:15:00+00:00,22447758-1,Temperature,CURRENT,°C,19.044999999999995
2026-09-04T08:15:00+00:00,22447758-2,RH,CURRENT,%,90.48752574959946
2026-09-04T08:15:00+00:00,22447758-3,Dew Point,CURRENT,°C,17.47504382807992
2026-09-04T08:15:00+00:00,22447759-1,Temperature,CURRENT,°C,19.044999999999995
2026-09-04T08:15:00+00:00,22447759-2,RH,CURRENT,%,90.70725566491188
2026-09-04T08:15:00+00:00,22447759-3,Dew Point,CURRENT,°C,17.51352003656217
2026-09-04T08:15:00+00:00,22447760-1,Temperature,CURRENT,°C,19.06645019531249
2026-09-04T08:15:00+00:00,22447760-2,RH,CURRENT,%,90.96208133058671
2026-09-04T08:15:00+00:00,22447760-3,Dew Point,CURRENT,°C,17.579271704900368
2026-09-04T08:15:00+00:00,22447761-1,Temperature,CURRENT,°C,18.980649414062505
2026-09-04T08:15:00+00:00,22447761-2,RH,CURRENT,%,90.54245822842756
2026-09-04T08:15:00+00:00,22447761-3,Dew Point,CURRENT,°C,17.42101092711901
2026-09-04T08:15:00+00:00,22447762-1,Temperature,CURRENT,°C,19.023549804687498
2026-09-04T08:15:00+00:00,22447762-2,RH,CURRENT,%,90.12130922407874
2026-09-04T08:15:00+00:00,22447762-3,Dew Point,CURRENT,°C,17.389527065388467
2026-09-04T08:15:00+00:00,22447764-1,Temperature,CURRENT,°C,19.002099609375
2026-09-04T08:15:00+00:00,22447764-2,RH,CURRENT,%,91.30235751888304
2026-09-04T08:15:00+00:00,22447764-3,Dew Point,CURRENT,°C,17.574834225315993
2026-09-04T08:15:00+00:00,22447765-1,Temperature,CURRENT,°C,19.06645019531249
2026-09-04T08:15:00+00:00,22447765-2,RH,CURRENT,%,90.39902342259862
2026-09-04T08:15:00+00:00,22447765-3,Dew Point,CURRENT,°C,17.480738995268876
2026-09-04T08:15:00+00:00,22447766-1,Temperature,CURRENT,°C,19.087900390625002
2026-09-04T08:15:00+00:00,22447766-2,RH,CURRENT,%,90.39597161821928
2026-09-04T08:15:00+00:00,22447766-3,Dew Point,CURRENT,°C,17.501419014244913
2026-09-04T08:20:00+00:00,22411189-1,Temperature,CURRENT,°C,19.023549804687498
2026-09-04T08:20:00+00:00,22411189-2,RH,CURRENT,%,95.46196688792249
2026-09-04T08:20:00+00:00,22411189-3,Dew Point,CURRENT,°C,18.305376807729544
2026-09-04T08:20:00+00:00,22411190-1,Temperature,CURRENT,°C,19.044999999999995
2026-09-04T08:20:00+00:00,22411190-2,RH,CURRENT,%,92.28046082246128
2026-09-04T08:20:00+00:00,22411190-3,Dew Point,CURRENT,°C,17.786639514620497
2026-09-04T08:20:00+00:00,22411191-1,Temperature,CURRENT,°C,19.173701171875003
2026-09-04T08:20:00+00:00,22411191-2,RH,CURRENT,%,93.92385748073548
2026-09-04T08:20:00+00:00,22411191-3,Dew Point,CURRENT,°C,18.195526463107615
2026-09-04T08:20:00+00:00,22411525-1,Temperature,CURRENT,°C,19.15225097656249
2026-09-04T08:20:00+00:00,22411525-2,RH,CURRENT,%,91.5907530327306
2026-09-04T08:20:00+00:00,22411525-3,Dew Point,CURRENT,°C,17.773658216190945
2026-09-04T08:20:00+00:00,22411526-1,Temperature,CURRENT,°C,18.916298828125
2026-09-04T08:20:00+00:00,22411526-2,RH,CURRENT,%,94.35111009384299
2026-09-04T08:20:00+00:00,22411526-3,Dew Point,CURRENT,°C,18.01199714126404
2026-09-04T08:20:00+00:00,22411527-1,Temperature,CURRENT,°C,19.1951513671875
2026-09-04T08:20:00+00:00,22411527-2,RH,CURRENT,%,91.69604028381781
2026-09-04T08:20:00+00:00,22411527-3,Dew Point,CURRENT,°C,17.83443185237851
2026-09-04T08:20:00+00:00,22411528-1,Temperature,CURRENT,°C,18.873398437499993
2026-09-04T08:20:00+00:00,22411528-2,RH,CURRENT,%,96.22186617837797
2026-09-04T08:20:00+00:00,22411528-3,Dew Point,CURRENT,°C,18.28235403737342
2026-09-04T08:20:00+00:00,22411529-1,Temperature,CURRENT,°C,18.61599609374999
2026-09-04T08:20:00+00:00,22411529-2,RH,CURRENT,%,97.86526283665216
2026-09-04T08:20:00+00:00,22411529-3,Dew Point,CURRENT,°C,18.29584364114779
2026-09-04T08:20:00+00:00,22411530-1,Temperature,CURRENT,°C,19.173701171875003
2026-09-04T08:20:00+00:00,22411530-2,RH,CURRENT,%,92.18127718013275
2026-09-04T08:20:00+00:00,22411530-3,Dew Point,CURRENT,°C,17.89714454159344
2026-09-04T08:20:00+00:00,22411541-S,Battery,CURRENT,V,8.189857177734375
2026-09-04T08:20:00+00:00,22447758-1,Temperature,CURRENT,°C,19.002099609375
2026-09-04T08:20:00+00:00,22447758-2,RH,CURRENT,%,91.30540932326238
2026-09-04T08:20:00+00:00,22447758-3,Dew Point,CURRENT,°C,17.57536481772544
2026-09-04T08:20:00+00:00,22447759-1,Temperature,CURRENT,°C,19.002099609375
2026-09-04T08:20:00+00:00,22447759-2,RH,CURRENT,%,91.45189593347067
2026-09-04T08:20:00+00:00,22447759-3,Dew Point,CURRENT,°C,17.60081500961045
2026-09-04T08:20:00+00:00,22447760-1,Temperature,CURRENT,°C,19.023549804687498
2026-09-04T08:20:00+00:00,22447760-2,RH,CURRENT,%,91.77386129549096
2026-09-04T08:20:00+00:00,22447760-3,Dew Point,CURRENT,°C,17.677882753353863
2026-09-04T08:20:00+00:00,22447761-1,Temperature,CURRENT,°C,18.937749023437497
2026-09-04T08:20:00+00:00,22447761-2,RH,CURRENT,%,91.3145647364004
2026-09-04T08:20:00+00:00,22447761-3,Dew Point,CURRENT,°C,17.513229512618167
2026-09-04T08:20:00+00:00,22447762-1,Temperature,CURRENT,°C,19.002099609375
2026-09-04T08:20:00+00:00,22447762-2,RH,CURRENT,%,90.8674753948272
2026-09-04T08:20:00+00:00,22447762-3,Dew Point,CURRENT,°C,17.499065552207874
2026-09-04T08:20:00+00:00,22447764-1,Temperature,CURRENT,°C,18.980649414062505
2026-09-04T08:20:00+00:00,22447764-2,RH,CURRENT,%,92.17669947356374
2026-09-04T08:20:00+00:00,22447764-3,Dew Point,CURRENT,°C,17.70495047030202
2026-09-04T08:20:00+00:00,22447765-1,Temperature,CURRENT,°C,19.044999999999995
2026-09-04T08:20:00+00:00,22447765-2,RH,CURRENT,%,91.09025711451896
2026-09-04T08:20:00+00:00,22447765-3,Dew Point,CURRENT,°C,17.580391516653858
2026-09-04T08:20:00+00:00,22447766-1,Temperature,CURRENT,°C,19.06645019531249
2026-09-04T08:20:00+00:00,22447766-2,RH,CURRENT,%,91.1787594415198
2026-09-04T08:20:00+00:00,22447766-3,Dew Point,CURRENT,°C,17.61704718143159
2026-09-04T08:25:00+00:00,22411189-1,Temperature,CURRENT,°C,18.959199218749994
2026-09-04T08:25:00+00:00,22411189-2,RH,CURRENT,%,95.82055390249485
2026-09-04T08:25:00+00:00,22411189-3,Dew Point,CURRENT,°C,18.301138747886313
2026-09-04T08:25:00+00:00,22411190-1,Temperature,CURRENT,°C,18.959199218749994
2026-09-04T08:25:00+00:00,22411190-2,RH,CURRENT,%,92.73975738155184
2026-09-04T08:25:00+00:00,22411190-3,Dew Point,CURRENT,°C,17.780474608178196
2026-09-04T08:25:00+00:00,22411191-1,Temperature,CURRENT,°C,19.087900390625002
2026-09-04T08:25:00+00:00,22411191-2,RH,CURRENT,%,94.36789501792936
2026-09-04T08:25:00+00:00,22411191-3,Dew Point,CURRENT,°C,18.185466291387982
2026-09-04T08:25:00+00:00,22411525-1,Temperature,CURRENT,°C,19.06645019531249
2026-09-04T08:25:00+00:00,22411525-2,RH,CURRENT,%,92.03021286335546
2026-09-04T08:25:00+00:00,22411525-3,Dew Point,CURRENT,°C,17.764731616485214
2026-09-04T08:25:00+00:00,22411526-1,Temperature,CURRENT,°C,18.851948242187497
2026-09-04T08:25:00+00:00,22411526-2,RH,CURRENT,%,94.38315403982605
2026-09-04T08:25:00+00:00,22411526-3,Dew Point,CURRENT,°C,17.953416207257728
2026-09-04T08:25:00+00:00,22411527-1,Temperature,CURRENT,°C,19.1093505859375
2026-09-04T08:25:00+00:00,22411527-2,RH,CURRENT,%,92.13550011444266
2026-09-04T08:25:00+00:00,22411527-3,Dew Point,CURRENT,°C,17.82544225359999
2026-09-04T08:25:00+00:00,22411528-1,Temperature,CURRENT,°C,18.809047851562504
2026-09-04T08:25:00+00:00,22411528-2,RH,CURRENT,%,96.31952391851682
2026-09-04T08:25:00+00:00,22411528-3,Dew Point,CURRENT,°C,18.23439526108553
2026-09-04T08:25:00+00:00,22411529-1,Temperature,CURRENT,°C,18.594545898437495
2026-09-04T08:25:00+00:00,22411529-2,RH,CURRENT,%,97.93087663080796
2026-09-04T08:25:00+00:00,22411529-3,Dew Point,CURRENT,°C,18.285115180327026
2026-09-04T08:25:00+00:00,22411530-1,Temperature,CURRENT,°C,19.06645019531249
2026-09-04T08:25:00+00:00,22411530-2,RH,CURRENT,%,92.59174486915389
2026-09-04T08:25:00+00:00,22411530-3,Dew Point,CURRENT,°C,17.861475946082095
2026-09-04T08:25:00+00:00,22411541-S,Battery,CURRENT,V,8.1801650390625
2026-09-04T08:25:00+00:00,22447758-1,Temperature,CURRENT,°C,18.959199218749994
2026-09-04T08:25:00+00:00,22447758-2,RH,CURRENT,%,90.62943465323873
2026-09-04T08:25:00+00:00,22447758-3,Dew Point,CURRENT,°C,17.41501272459775
2026-09-04T08:25:00+00:00,22447759-1,Temperature,CURRENT,°C,18.937749023437497
2026-09-04T08:25:00+00:00,22447759-2,RH,CURRENT,%,90.74235141527429
2026-09-04T08:25:00+00:00,22447759-3,Dew Point,CURRENT,°C,17.413529419420296
2026-09-04T08:25:00+00:00,22447760-1,Temperature,CURRENT,°C,18.959199218749994
2026-09-04T08:25:00+00:00,22447760-2,RH,CURRENT,%,91.30998702983139
2026-09-04T08:25:00+00:00,22447760-3,Dew Point,CURRENT,°C,17.5336763029683
2026-09-04T08:25:00+00:00,22447761-1,Temperature,CURRENT,°C,18.894848632812504
2026-09-04T08:25:00+00:00,22447761-2,RH,CURRENT,%,90.75303273060197
2026-09-04T08:25:00+00:00,22447761-3,Dew Point,CURRENT,°C,17.372943326443988
2026-09-04T08:25:00+00:00,22447762-1,Temperature,CURRENT,°C,18.937749023437497
2026-09-04T08:25:00+00:00,22447762-2,RH,CURRENT,%,90.38071259632258
2026-09-04T08:25:00+00:00,22447762-3,Dew Point,CURRENT,°C,17.35023465913846
2026-09-04T08:25:00+00:00,22447764-1,Temperature,CURRENT,°C,18.916298828125
2026-09-04T08:25:00+00:00,22447764-2,RH,CURRENT,%,91.42137788967727
2026-09-04T08:25:00+00:00,22447764-3,Dew Point,CURRENT,°C,17.510534118506484
2026-09-04T08:25:00+00:00,22447765-1,Temperature,CURRENT,°C,19.002099609375
2026-09-04T08:25:00+00:00,22447765-2,RH,CURRENT,%,90.46768902113375
2026-09-04T08:25:00+00:00,22447765-3,Dew Point,CURRENT,°C,17.429130892164977
2026-09-04T08:25:00+00:00,22447766-1,Temperature,CURRENT,°C,19.002099609375
2026-09-04T08:25:00+00:00,22447766-2,RH,CURRENT,%,90.38071259632258
2026-09-04T08:25:00+00:00,22447766-3,Dew Point,CURRENT,°C,17.413880264205616
2026-09-04T08:30:00+00:00,22411189-1,Temperature,CURRENT,°C,18.916298828125
2026-09-04T08:30:00+00:00,22411189-2,RH,CURRENT,%,94.71122301060502
2026-09-04T08:30:00+00:00,22411189-3,Dew Point,CURRENT,°C,18.072691198030668
2026-09-04T08:30:00+00:00,22411190-1,Temperature,CURRENT,°C,18.937749023437497
2026-09-04T08:30:00+00:00,22411190-2,RH,CURRENT,%,91.39391165026322
2026-09-04T08:30:00+00:00,22411190-3,Dew Point,CURRENT,°C,17.52701137367652
2026-09-04T08:30:00+00:00,22411191-1,Temperature,CURRENT,°C,19.044999999999995
2026-09-04T08:30:00+00:00,22411191-2,RH,CURRENT,%,92.651255054551
2026-09-04T08:30:00+00:00,22411191-3,Dew Point,CURRENT,°C,17.85041791461099
2026-09-04T08:30:00+00:00,22411525-1,Temperature,CURRENT,°C,19.044999999999995
2026-09-04T08:30:00+00:00,22411525-2,RH,CURRENT,%,90.31815060654613
2026-09-04T08:30:00+00:00,22411525-3,Dew Point,CURRENT,°C,17.445329204066436
2026-09-04T08:30:00+00:00,22411526-1,Temperature,CURRENT,°C,18.830498046875
2026-09-04T08:30:00+00:00,22411526-2,RH,CURRENT,%,93.76821545738918
2026-09-04T08:30:00+00:00,22411526-3,Dew Point,CURRENT,°C,17.82807347093396
2026-09-04T08:30:00+00:00,22411527-1,Temperature,CURRENT,°C,19.06645019531249
2026-09-04T08:30:00+00:00,22411527-2,RH,CURRENT,%,90.43564507515069
2026-09-04T08:30:00+00:00,22411527-3,Dew Point,CURRENT,°C,17.487163943660363
2026-09-04T08:30:00+00:00,22411528-1,Temperature,CURRENT,°C,18.787597656249993
2026-09-04T08:30:00+00:00,22411528-2,RH,CURRENT,%,95.7976653696498
2026-09-04T08:30:00+00:00,22411528-3,Dew Point,CURRENT,°C,18.126368496514807
2026-09-04T08:30:00+00:00,22411529-1,Temperature,CURRENT,°C,18.53019531249999
2026-09-04T08:30:00+00:00,22411529-2,RH,CURRENT,%,97.34798199435416
2026-09-04T08:30:00+00:00,22411529-3,Dew Point,CURRENT,°C,18.12561775127244
2026-09-04T08:30:00+00:00,22411530-1,Temperature,CURRENT,°C,19.044999999999995
2026-09-04T08:30:00+00:00,22411530-2,RH,CURRENT,%,91.3344014648661
2026-09-04T08:30:00+00:00,22411530-3,Dew Point,CURRENT,°C,17.62289037692901
2026-09-04T08:30:00+00:00,22411541-S,Battery,CURRENT,V,8.17370361328125
2026-09-04T08:30:00+00:00,22447758-1,Temperature,CURRENT,°C,18.894848632812504
2026-09-04T08:30:00+00:00,22447758-2,RH,CURRENT,%,90.33646143282216
2026-09-04T08:30:00+00:00,22447758-3,Dew Point,CURRENT,°C,17.300046573325822
2026-09-04T08:30:00+00:00,22447759-1,Temperature,CURRENT,°C,18.873398437499993
2026-09-04T08:30:00+00:00,22447759-2,RH,CURRENT,%,90.54703593499657
2026-09-04T08:30:00+00:00,22447759-3,Dew Point,CURRENT,°C,17.315712051184097
2026-09-04T08:30:00+00:00,22447760-1,Temperature,CURRENT,°C,18.916298828125
2026-09-04T08:30:00+00:00,22447760-2,RH,CURRENT,%,90.69810025177387
2026-09-04T08:30:00+00:00,22447760-3,Dew Point,CURRENT,°C,17.38457187402988
2026-09-04T08:30:00+00:00,22447761-1,Temperature,CURRENT,°C,18.851948242187497
2026-09-04T08:30:00+00:00,22447761-2,RH,CURRENT,%,90.35782406347754
2026-09-04T08:30:00+00:00,22447761-3,Dew Point,CURRENT,°C,17.26136275105826
2026-09-04T08:30:00+00:00,22447762-1,Temperature,CURRENT,°C,18.894848632812504
2026-09-04T08:30:00+00:00,22447762-2,RH,CURRENT,%,89.9519340810254
2026-09-04T08:30:00+00:00,22447762-3,Dew Point,CURRENT,°C,17.23249549957348
2026-09-04T08:30:00+00:00,22447764-1,Temperature,CURRENT,°C,18.851948242187497
2026-09-04T08:30:00+00:00,22447764-2,RH,CURRENT,%,90.97123674372473
2026-09-04T08:30:00+00:00,22447764-3,Dew Point,CURRENT,°C,17.368545514276654
2026-09-04T08:30:00+00:00,22447765-1,Temperature,CURRENT,°C,18.916298828125
2026-09-04T08:30:00+00:00,22447765-2,RH,CURRENT,%,90.04196231021592
2026-09-04T08:30:00+00:00,22447765-3,Dew Point,CURRENT,°C,17.2695390450847
2026-09-04T08:30:00+00:00,22447766-1,Temperature,CURRENT,°C,18.916298828125
2026-09-04T08:30:00+00:00,22447766-2,RH,CURRENT,%,90.18844892042421
2026-09-04T08:30:00+00:00,22447766-3,Dew Point,CURRENT,°C,17.295284292921018
2026-09-04T08:35:00+00:00,22411189-1,Temperature,CURRENT,°C,18.916298828125
2026-09-04T08:35:00+00:00,22411189-2,RH,CURRENT,%,94.43808651865416
2026-09-04T08:35:00+00:00,22411189-3,Dew Point,CURRENT,°C,18.026674849750414
2026-09-04T08:35:00+00:00,22411190-1,Temperature,CURRENT,°C,18.937749023437497
2026-09-04T08:35:00+00:00,22411190-2,RH,CURRENT,%,91.21538109407187
2026-09-04T08:35:00+00:00,22411190-3,Dew Point,CURRENT,°C,17.495987431925382
2026-09-04T08:35:00+00:00,22411191-1,Temperature,CURRENT,°C,19.06645019531249
2026-09-04T08:35:00+00:00,22411191-2,RH,CURRENT,%,92.67566948958572
2026-09-04T08:35:00+00:00,22411191-3,Dew Point,CURRENT,°C,17.875890868981326
2026-09-04T08:35:00+00:00,22411525-1,Temperature,CURRENT,°C,19.044999999999995
2026-09-04T08:35:00+00:00,22411525-2,RH,CURRENT,%,90.2037079423209
2026-09-04T08:35:00+00:00,22411525-3,Dew Point,CURRENT,°C,17.425224118713942
2026-09-04T08:35:00+00:00,22411526-1,Temperature,CURRENT,°C,18.809047851562504
2026-09-04T08:35:00+00:00,22411526-2,RH,CURRENT,%,93.14564736400396
2026-09-04T08:35:00+00:00,22411526-3,Dew Point,CURRENT,°C,17.700865106436037
2026-09-04T08:35:00+00:00,22411527-1,Temperature,CURRENT,°C,19.06645019531249
2026-09-04T08:35:00+00:00,22411527-2,RH,CURRENT,%,90.33035782406348
2026-09-04T08:35:00+00:00,22411527-3,Dew Point,CURRENT,°C,17.468686071350213
2026-09-04T08:35:00+00:00,22411528-1,Temperature,CURRENT,°C,18.744697265625
2026-09-04T08:35:00+00:00,22411528-2,RH,CURRENT,%,95.15220874341955
2026-09-04T08:35:00+00:00,22411528-3,Dew Point,CURRENT,°C,17.975928581539037
2026-09-04T08:35:00+00:00,22411529-1,Temperature,CURRENT,°C,18.487294921874998
2026-09-04T08:35:00+00:00,22411529-2,RH,CURRENT,%,96.87800411993591
2026-09-04T08:35:00+00:00,22411529-3,Dew Point,CURRENT,°C,18.005686565333143
2026-09-04T08:35:00+00:00,22411530-1,Temperature,CURRENT,°C,19.044999999999995
2026-09-04T08:35:00+00:00,22411530-2,RH,CURRENT,%,91.07652399481194
2026-09-04T08:35:00+00:00,22411530-3,Dew Point,CURRENT,°C,17.577997993998927
2026-09-04T08:35:00+00:00,22411541-S,Battery,CURRENT,V,8.18662646484375
2026-09-04T08:35:00+00:00,22447758-1,Temperature,CURRENT,°C,18.894848632812504
2026-09-04T08:35:00+00:00,22447758-2,RH,CURRENT,%,89.8466468299382
2026-09-04T08:35:00+00:00,22447758-3,Dew Point,CURRENT,°C,17.213955271871324
2026-09-04T08:35:00+00:00,22447759-1,Temperature,CURRENT,°C,18.873398437499993
2026-09-04T08:35:00+00:00,22447759-2,RH,CURRENT,%,90.06179903868163
2026-09-04T08:35:00+00:00,22447759-3,Dew Point,CURRENT,°C,17.230615593594354
2026-09-04T08:35:00+00:00,22447760-1,Temperature,CURRENT,°C,18.916298828125
2026-09-04T08:35:00+00:00,22447760-2,RH,CURRENT,%,90.44632639047838
2026-09-04T08:35:00+00:00,22447760-3,Dew Point,CURRENT,°C,17.34051780831954
2026-09-04T08:35:00+00:00,22447761-1,Temperature,CURRENT,°C,18.830498046875
2026-09-04T08:35:00+00:00,22447761-2,RH,CURRENT,%,89.90005340657663
2026-09-04T08:35:00+00:00,22447761-3,Dew Point,CURRENT,°C,17.15975830705393
2026-09-04T08:35:00+00:00,22447762-1,Temperature,CURRENT,°C,18.894848632812504
2026-09-04T08:35:00+00:00,22447762-2,RH,CURRENT,%,89.44380865186541
2026-09-04T08:35:00+00:00,22447762-3,Dew Point,CURRENT,°C,17.142842613566536
2026-09-04T08:35:00+00:00,22447764-1,Temperature,CURRENT,°C,18.851948242187497
2026-09-04T08:35:00+00:00,22447764-2,RH,CURRENT,%,90.53177691309988
2026-09-04T08:35:00+00:00,22447764-3,Dew Point,CURRENT,°C,17.29182243433463
2026-09-04T08:35:00+00:00,22447765-1,Temperature,CURRENT,°C,18.916298828125
2026-09-04T08:35:00+00:00,22447765-2,RH,CURRENT,%,89.61776150148775
2026-09-04T08:35:00+00:00,22447765-3,Dew Point,CURRENT,°C,17.194777634706732
2026-09-04T08:35:00+00:00,22447766-1,Temperature,CURRENT,°C,18.916298828125
2026-09-04T08:35:00+00:00,22447766-2,RH,CURRENT,%,89.65896086060883
2026-09-04T08:35:00+00:00,22447766-3,Dew Point,CURRENT,°C,17.20205220779939
2026-09-04T08:40:00+00:00,22411189-1,Temperature,CURRENT,°C,18.830498046875
2026-09-04T08:40:00+00:00,22411189-2,RH,CURRENT,%,94.52353704127566
2026-09-04T08:40:00+00:00,22411189-3,Dew Point,CURRENT,°C,17.95574785957621
2026-09-04T08:40:00+00:00,22411190-1,Temperature,CURRENT,°C,18.851948242187497
2026-09-04T08:40:00+00:00,22411190-2,RH,CURRENT,%,91.39391165026322
2026-09-04T08:40:00+00:00,22411190-3,Dew Point,CURRENT,°C,17.442032594628035
2026-09-04T08:40:00+00:00,22411191-1,Temperature,CURRENT,°C,18.959199218749994
2026-09-04T08:40:00+00:00,22411191-2,RH,CURRENT,%,93.0586709391928
2026-09-04T08:40:00+00:00,22411191-3,Dew Point,CURRENT,°C,17.83506877905452
2026-09-04T08:40:00+00:00,22411525-1,Temperature,CURRENT,°C,18.937749023437497
2026-09-04T08:40:00+00:00,22411525-2,RH,CURRENT,%,90.65690089265279
2026-09-04T08:40:00+00:00,22411525-3,Dew Point,CURRENT,°C,17.398593653584683
2026-09-04T08:40:00+00:00,22411526-1,Temperature,CURRENT,°C,18.723247070312503
2026-09-04T08:40:00+00:00,22411526-2,RH,CURRENT,%,93.15480277714198
2026-09-04T08:40:00+00:00,22411526-3,Dew Point,CURRENT,°C,17.617245737314285
2026-09-04T08:40:00+00:00,22411527-1,Temperature,CURRENT,°C,18.959199218749994
2026-09-04T08:40:00+00:00,22411527-2,RH,CURRENT,%,90.73319600213627
2026-09-04T08:40:00+00:00,22411527-3,Dew Point,CURRENT,°C,17.433155237635894
2026-09-04T08:40:00+00:00,22411528-1,Temperature,CURRENT,°C,18.680346679687496
2026-09-04T08:40:00+00:00,22411528-2,RH,CURRENT,%,95.0240329594873
2026-09-04T08:40:00+00:00,22411528-3,Dew Point,CURRENT,°C,17.890420979763796
2026-09-04T08:40:00+00:00,22411529-1,Temperature,CURRENT,°C,18.422944335937494
2026-09-04T08:40:00+00:00,22411529-2,RH,CURRENT,%,96.56061646448462
2026-09-04T08:40:00+00:00,22411529-3,Dew Point,CURRENT,°C,17.88925682137417
2026-09-04T08:40:00+00:00,22411530-1,Temperature,CURRENT,°C,18.959199218749994
2026-09-04T08:40:00+00:00,22411530-2,RH,CURRENT,%,91.25047684443427
2026-09-04T08:40:00+00:00,22411530-3,Dew Point,CURRENT,°C,17.523330847536652
2026-09-04T08:40:00+00:00,22411541-S,Battery,CURRENT,V,8.18662646484375
2026-09-04T08:40:00+00:00,22447758-1,Temperature,CURRENT,°C,18.787597656249993
2026-09-04T08:40:00+00:00,22447758-2,RH,CURRENT,%,89.74898908979934
2026-09-04T08:40:00+00:00,22447758-3,Dew Point,CURRENT,°C,17.090757195362002
2026-09-04T08:40:00+00:00,22447759-1,Temperature,CURRENT,°C,18.787597656249993
2026-09-04T08:40:00+00:00,22447759-2,RH,CURRENT,%,89.9870298313878
2026-09-04T08:40:00+00:00,22447759-3,Dew Point,CURRENT,°C,17.13265216229449
2026-09-04T08:40:00+00:00,22447760-1,Temperature,CURRENT,°C,18.809047851562504
2026-09-04T08:40:00+00:00,22447760-2,RH,CURRENT,%,90.29526207370108
2026-09-04T08:40:00+00:00,22447760-3,Dew Point,CURRENT,°C,17.207969683622764
2026-09-04T08:40:00+00:00,22447761-1,Temperature,CURRENT,°C,18.744697265625
2026-09-04T08:40:00+00:00,22447761-2,RH,CURRENT,%,89.88784618905927
2026-09-04T08:40:00+00:00,22447761-3,Dew Point,CURRENT,°C,17.072805701193225
2026-09-04T08:40:00+00:00,22447762-1,Temperature,CURRENT,°C,18.809047851562504
2026-09-04T08:40:00+00:00,22447762-2,RH,CURRENT,%,89.44686045624475
2026-09-04T08:40:00+00:00,22447762-3,Dew Point,CURRENT,°C,17.058630475356335
2026-09-04T08:40:00+00:00,22447764-1,Temperature,CURRENT,°C,18.744697265625
2026-09-04T08:40:00+00:00,22447764-2,RH,CURRENT,%,90.43564507515069
2026-09-04T08:40:00+00:00,22447764-3,Dew Point,CURRENT,°C,17.168910878515085
2026-09-04T08:40:00+00:00,22447765-1,Temperature,CURRENT,°C,18.830498046875
2026-09-04T08:40:00+00:00,22447765-2,RH,CURRENT,%,89.42549782558937
2026-09-04T08:40:00+00:00,22447765-3,Dew Point,CURRENT,°C,17.076041538749962
2026-09-04T08:40:00+00:00,22447766-1,Temperature,CURRENT,°C,18.830498046875
2026-09-04T08:40:00+00:00,22447766-2,RH,CURRENT,%,89.49416342412451
2026-09-04T08:40:00+00:00,22447766-3,Dew Point,CURRENT,°C,17.088178939801285
2026-09-04T08:45:00+00:00,22411189-1,Temperature,CURRENT,°C,18.809047851562504
2026-09-04T08:45:00+00:00,22411189-2,RH,CURRENT,%,93.77737087052719
2026-09-04T08:45:00+00:00,22411189-3,Dew Point,CURRENT,°C,17.808313513931378
2026-09-04T08:45:00+00:00,22411190-1,Temperature,CURRENT,°C,18.830498046875
2026-09-04T08:45:00+00:00,22411190-2,RH,CURRENT,%,90.57907988097963
2026-09-04T08:45:00+00:00,22411190-3,Dew Point,CURRENT,°C,17.27887535057776
2026-09-04T08:45:00+00:00,22411191-1,Temperature,CURRENT,°C,18.937749023437497
2026-09-04T08:45:00+00:00,22411191-2,RH,CURRENT,%,92.17669947356374
2026-09-04T08:45:00+00:00,22411191-3,Dew Point,CURRENT,°C,17.662416102476207
2026-09-04T08:45:00+00:00,22411525-1,Temperature,CURRENT,°C,18.916298828125
2026-09-04T08:45:00+00:00,22411525-2,RH,CURRENT,%,89.94583047226672
2026-09-04T08:45:00+00:00,22411525-3,Dew Point,CURRENT,°C,17.25262378428053
2026-09-04T08:45:00+00:00,22411526-1,Temperature,CURRENT,°C,18.680346679687496
2026-09-04T08:45:00+00:00,22411526-2,RH,CURRENT,%,92.5658045319295
2026-09-04T08:45:00+00:00,22411526-3,Dew Point,CURRENT,°C,17.47400683336244
2026-09-04T08:45:00+00:00,22411527-1,Temperature,CURRENT,°C,18.959199218749994
2026-09-04T08:45:00+00:00,22411527-2,RH,CURRENT,%,90.03433279926757
2026-09-04T08:45:00+00:00,22411527-3,Dew Point,CURRENT,°C,17.310607375163848
2026-09-04T08:45:00+00:00,22411528-1,Temperature,CURRENT,°C,18.637446289062503
2026-09-04T08:45:00+00:00,22411528-2,RH,CURRENT,%,94.31754024567026
2026-09-04T08:45:00+00:00,22411528-3,Dew Point,CURRENT,°C,17.72906253517452
2026-09-04T08:45:00+00:00,22411529-1,Temperature,CURRENT,°C,18.358593750000004
2026-09-04T08:45:00+00:00,22411529-2,RH,CURRENT,%,96.1852445258259
2026-09-04T08:45:00+00:00,22411529-3,Dew Point,CURRENT,°C,17.76314780620613
2026-09-04T08:45:00+00:00,22411530-1,Temperature,CURRENT,°C,18.916298828125
2026-09-04T08:45:00+00:00,22411530-2,RH,CURRENT,%,90.51499198901351
2026-09-04T08:45:00+00:00,22411530-3,Dew Point,CURRENT,°C,17.3525431935259
2026-09-04T08:45:00+00:00,22411541-S,Battery,CURRENT,V,8.17370361328125
2026-09-04T08:45:00+00:00,22447758-1,Temperature,CURRENT,°C,18.787597656249993
2026-09-04T08:45:00+00:00,22447758-2,RH,CURRENT,%,88.8059815365835
2026-09-04T08:45:00+00:00,22447758-3,Dew Point,CURRENT,°C,16.923826327182688
2026-09-04T08:45:00+00:00,22447759-1,Temperature,CURRENT,°C,18.766147460937496
2026-09-04T08:45:00+00:00,22447759-2,RH,CURRENT,%,88.94483863584344
2026-09-04T08:45:00+00:00,22447759-3,Dew Point,CURRENT,°C,16.92733067916024
2026-09-04T08:45:00+00:00,22447760-1,Temperature,CURRENT,°C,18.809047851562504
2026-09-04T08:45:00+00:00,22447760-2,RH,CURRENT,%,89.36446173800259
2026-09-04T08:45:00+00:00,22447760-3,Dew Point,CURRENT,°C,17.044060288470828
2026-09-04T08:45:00+00:00,22447761-1,Temperature,CURRENT,°C,18.723247070312503
2026-09-04T08:45:00+00:00,22447761-2,RH,CURRENT,%,88.83039597161822
2026-09-04T08:45:00+00:00,22447761-3,Dew Point,CURRENT,°C,16.86465793662526
2026-09-04T08:45:00+00:00,22447762-1,Temperature,CURRENT,°C,18.809047851562504
2026-09-04T08:45:00+00:00,22447762-2,RH,CURRENT,%,88.50843060959792
2026-09-04T08:45:00+00:00,22447762-3,Dew Point,CURRENT,°C,16.891992010852626
2026-09-04T08:45:00+00:00,22447764-1,Temperature,CURRENT,°C,18.723247070312503
2026-09-04T08:45:00+00:00,22447764-2,RH,CURRENT,%,89.68642710002288
2026-09-04T08:45:00+00:00,22447764-3,Dew Point,CURRENT,°C,17.016144808118362
2026-09-04T08:45:00+00:00,22447765-1,Temperature,CURRENT,°C,18.809047851562504
2026-09-04T08:45:00+00:00,22447765-2,RH,CURRENT,%,88.6701762417029
2026-09-04T08:45:00+00:00,22447765-3,Dew Point,CURRENT,°C,16.920823477475878
2026-09-04T08:45:00+00:00,22447766-1,Temperature,CURRENT,°C,18.809047851562504
2026-09-04T08:45:00+00:00,22447766-2,RH,CURRENT,%,88.53742275120165
2026-09-04T08:45:00+00:00,22447766-3,Dew Point,CURRENT,°C,16.897163308305345
2026-09-04T08:50:00+00:00,22411189-1,Temperature,CURRENT,°C,18.744697265625
2026-09-04T08:50:00+00:00,22411189-2,RH,CURRENT,%,94.2504005493248
2026-09-04T08:50:00+00:00,22411189-3,Dew Point,CURRENT,°C,17.824377039659453
2026-09-04T08:50:00+00:00,22411190-1,Temperature,CURRENT,°C,18.787597656249993
2026-09-04T08:50:00+00:00,22411190-2,RH,CURRENT,%,91.07194628824293
2026-09-04T08:50:00+00:00,22411190-3,Dew Point,CURRENT,°C,17.322375813524214
2026-09-04T08:50:00+00:00,22411191-1,Temperature,CURRENT,°C,18.873398437499993
2026-09-04T08:50:00+00:00,22411191-2,RH,CURRENT,%,92.88471808957046
2026-09-04T08:50:00+00:00,22411191-3,Dew Point,CURRENT,°C,17.720160567425637
2026-09-04T08:50:00+00:00,22411525-1,Temperature,CURRENT,°C,18.830498046875
2026-09-04T08:50:00+00:00,22411525-2,RH,CURRENT,%,90.6614785992218
2026-09-04T08:50:00+00:00,22411525-3,Dew Point,CURRENT,°C,17.293276750246367
2026-09-04T08:50:00+00:00,22411526-1,Temperature,CURRENT,°C,18.658896484375
2026-09-04T08:50:00+00:00,22411526-2,RH,CURRENT,%,92.81757839322499
2026-09-04T08:50:00+00:00,22411526-3,Dew Point,CURRENT,°C,17.495812713186055
2026-09-04T08:50:00+00:00,22411527-1,Temperature,CURRENT,°C,18.873398437499993
2026-09-04T08:50:00+00:00,22411527-2,RH,CURRENT,%,90.78965438315404
2026-09-04T08:50:00+00:00,22411527-3,Dew Point,CURRENT,°C,17.358110615406193
2026-09-04T08:50:00+00:00,22411528-1,Temperature,CURRENT,°C,18.594545898437495
2026-09-04T08:50:00+00:00,22411528-2,RH,CURRENT,%,94.71122301060502
2026-09-04T08:50:00+00:00,22411528-3,Dew Point,CURRENT,°C,17.752602305379387
2026-09-04T08:50:00+00:00,22411529-1,Temperature,CURRENT,°C,18.358593750000004
2026-09-04T08:50:00+00:00,22411529-2,RH,CURRENT,%,96.08606088349737
2026-09-04T08:50:00+00:00,22411529-3,Dew Point,CURRENT,°C,17.746747161124365
2026-09-04T08:50:00+00:00,22411530-1,Temperature,CURRENT,°C,18.873398437499993
2026-09-04T08:50:00+00:00,22411530-2,RH,CURRENT,%,91.07652399481194
2026-09-04T08:50:00+00:00,22411530-3,Dew Point,CURRENT,°C,17.408114420496737
2026-09-04T08:50:00+00:00,22411541-S,Battery,CURRENT,V,8.1801650390625
2026-09-04T08:50:00+00:00,22447758-1,Temperature,CURRENT,°C,18.723247070312503
2026-09-04T08:50:00+00:00,22447758-2,RH,CURRENT,%,89.59334706645303
2026-09-04T08:50:00+00:00,22447758-3,Dew Point,CURRENT,°C,16.99973449314297
2026-09-04T08:50:00+00:00,22447759-1,Temperature,CURRENT,°C,18.701796874999992
2026-09-04T08:50:00+00:00,22447759-2,RH,CURRENT,%,89.69863431754024
2026-09-04T08:50:00+00:00,22447759-3,Dew Point,CURRENT,°C,16.997100340579788
2026-09-04T08:50:00+00:00,22447760-1,Temperature,CURRENT,°C,18.744697265625
2026-09-04T08:50:00+00:00,22447760-2,RH,CURRENT,%,90.12588693064775
2026-09-04T08:50:00+00:00,22447760-3,Dew Point,CURRENT,°C,17.114630129785272
2026-09-04T08:50:00+00:00,22447761-1,Temperature,CURRENT,°C,18.658896484375
2026-09-04T08:50:00+00:00,22447761-2,RH,CURRENT,%,89.67116807812619
2026-09-04T08:50:00+00:00,22447761-3,Dew Point,CURRENT,°C,16.949871358772256
2026-09-04T08:50:00+00:00,22447762-1,Temperature,CURRENT,°C,18.744697265625
2026-09-04T08:50:00+00:00,22447762-2,RH,CURRENT,%,89.14930952925917
2026-09-04T08:50:00+00:00,22447762-3,Dew Point,CURRENT,°C,16.94242243500838
2026-09-04T08:50:00+00:00,22447764-1,Temperature,CURRENT,°C,18.680346679687496
2026-09-04T08:50:00+00:00,22447764-2,RH,CURRENT,%,90.40360112916763
2026-09-04T08:50:00+00:00,22447764-3,Dew Point,CURRENT,°C,17.099654768686104
2026-09-04T08:50:00+00:00,22447765-1,Temperature,CURRENT,°C,18.744697265625
2026-09-04T08:50:00+00:00,22447765-2,RH,CURRENT,%,89.42854962996871
2026-09-04T08:50:00+00:00,22447765-3,Dew Point,CURRENT,°C,16.99183108394831
2026-09-04T08:50:00+00:00,22447766-1,Temperature,CURRENT,°C,18.766147460937496
2026-09-04T08:50:00+00:00,22447766-2,RH,CURRENT,%,89.36598764019226
2026-09-04T08:50:00+00:00,22447766-3,Dew Point,CURRENT,°C,17.001958859706566
2026-09-04T08:55:00+00:00,22411189-1,Temperature,CURRENT,°C,18.61599609374999
2026-09-04T08:55:00+00:00,22411189-2,RH,CURRENT,%,95.63134203097582
2026-09-04T08:55:00+00:00,22411189-3,Dew Point,CURRENT,°C,17.92774746550696
2026-09-04T08:55:00+00:00,22411190-1,Temperature,CURRENT,°C,18.637446289062503
2026-09-04T08:55:00+00:00,22411190-2,RH,CURRENT,%,92.41321431296254
2026-09-04T08:55:00+00:00,22411190-3,Dew Point,CURRENT,°C,17.40529228418336
2026-09-04T08:55:00+00:00,22411191-1,Temperature,CURRENT,°C,18.744697265625
2026-09-04T08:55:00+00:00,22411191-2,RH,CURRENT,%,94.23056382085909
2026-09-04T08:55:00+00:00,22411191-3,Dew Point,CURRENT,°C,17.82102917248628
2026-09-04T08:55:00+00:00,22411525-1,Temperature,CURRENT,°C,18.701796874999992
2026-09-04T08:55:00+00:00,22411525-2,RH,CURRENT,%,91.91424429694057
2026-09-04T08:55:00+00:00,22411525-3,Dew Point,CURRENT,°C,17.383272424435496
2026-09-04T08:55:00+00:00,22411526-1,Temperature,CURRENT,°C,18.551645507812502
2026-09-04T08:55:00+00:00,22411526-2,RH,CURRENT,%,93.8872358281834
2026-09-04T08:55:00+00:00,22411526-3,Dew Point,CURRENT,°C,17.5711421824508
2026-09-04T08:55:00+00:00,22411527-1,Temperature,CURRENT,°C,18.744697265625
2026-09-04T08:55:00+00:00,22411527-2,RH,CURRENT,%,92.08514534218357
2026-09-04T08:55:00+00:00,22411527-3,Dew Point,CURRENT,°C,17.455249494827324
2026-09-04T08:55:00+00:00,22411528-1,Temperature,CURRENT,°C,18.487294921874998
2026-09-04T08:55:00+00:00,22411528-2,RH,CURRENT,%,95.722896162356
2026-09-04T08:55:00+00:00,22411528-3,Dew Point,CURRENT,°C,17.814774862217362
2026-09-04T08:55:00+00:00,22411529-1,Temperature,CURRENT,°C,18.2942431640625
2026-09-04T08:55:00+00:00,22411529-2,RH,CURRENT,%,96.74372472724498
2026-09-04T08:55:00+00:00,22411529-3,Dew Point,CURRENT,°C,17.791032733152548
2026-09-04T08:55:00+00:00,22411530-1,Temperature,CURRENT,°C,18.723247070312503
2026-09-04T08:55:00+00:00,22411530-2,RH,CURRENT,%,92.35370412756542
2026-09-04T08:55:00+00:00,22411530-3,Dew Point,CURRENT,°C,17.480170621497503
2026-09-04T08:55:00+00:00,22411541-S,Battery,CURRENT,V,8.170472900390624
2026-09-04T08:55:00+00:00,22447758-1,Temperature,CURRENT,°C,18.61599609374999
2026-09-04T08:55:00+00:00,22447758-2,RH,CURRENT,%,90.80338750286107
2026-09-04T08:55:00+00:00,22447758-3,Dew Point,CURRENT,°C,17.105774751714822
2026-09-04T08:55:00+00:00,22447759-1,Temperature,CURRENT,°C,18.61599609374999
2026-09-04T08:55:00+00:00,22447759-2,RH,CURRENT,%,90.98039215686275
2026-09-04T08:55:00+00:00,22447759-3,Dew Point,CURRENT,°C,17.136578772221146
2026-09-04T08:55:00+00:00,22447760-1,Temperature,CURRENT,°C,18.637446289062503
2026-09-04T08:55:00+00:00,22447760-2,RH,CURRENT,%,91.27794308384833
2026-09-04T08:55:00+00:00,22447760-3,Dew Point,CURRENT,°C,17.209484905961634
2026-09-04T08:55:00+00:00,22447761-1,Temperature,CURRENT,°C,18.551645507812502
2026-09-04T08:55:00+00:00,22447761-2,RH,CURRENT,%,90.83390554665446
2026-09-04T08:55:00+00:00,22447761-3,Dew Point,CURRENT,°C,17.04740319518825
2026-09-04T08:55:00+00:00,22447762-1,Temperature,CURRENT,°C,18.61599609374999
2026-09-04T08:55:00+00:00,22447762-2,RH,CURRENT,%,90.37613488975357
2026-09-04T08:55:00+00:00,22447762-3,Dew Point,CURRENT,°C,17.031202971156848
2026-09-04T08:55:00+00:00,22447764-1,Temperature,CURRENT,°C,18.594545898437495
2026-09-04T08:55:00+00:00,22447764-2,RH,CURRENT,%,91.5861753261616
2026-09-04T08:55:00+00:00,22447764-3,Dew Point,CURRENT,°C,17.220356650601655
2026-09-04T08:55:00+00:00,22447765-1,Temperature,CURRENT,°C,18.658896484375
2026-09-04T08:55:00+00:00,22447765-2,RH,CURRENT,%,90.66453040360113
2026-09-04T08:55:00+00:00,22447765-3,Dew Point,CURRENT,°C,17.12402031398086
2026-09-04T08:55:00+00:00,22447766-1,Temperature,CURRENT,°C,18.658896484375
2026-09-04T08:55:00+00:00,22447766-2,RH,CURRENT,%,90.65690089265279
2026-09-04T08:55:00+00:00,22447766-3,Dew Point,CURRENT,°C,17.122689146505667
2026-09-04T09:00:00+00:00,22411189-1,Temperature,CURRENT,°C,18.594545898437495
2026-09-04T09:00:00+00:00,22411189-2,RH,CURRENT,%,95.81902800030518
2026-09-04T09:00:00+00:00,22411189-3,Dew Point,CURRENT,°C,17.93759134483967
2026-09-04T09:00:00+00:00,22411190-1,Temperature,CURRENT,°C,18.637446289062503
2026-09-04T09:00:00+00:00,22411190-2,RH,CURRENT,%,92.5108720531014
2026-09-04T09:00:00+00:00,22411190-3,Dew Point,CURRENT,°C,17.42203736891954
2026-09-04T09:00:00+00:00,22411191-1,Temperature,CURRENT,°C,18.723247070312503
2026-09-04T09:00:00+00:00,22411191-2,RH,CURRENT,%,94.31906614785993
2026-09-04T09:00:00+00:00,22411191-3,Dew Point,CURRENT,°C,17.814632798201718
2026-09-04T09:00:00+00:00,22411525-1,Temperature,CURRENT,°C,18.701796874999992
2026-09-04T09:00:00+00:00,22411525-2,RH,CURRENT,%,91.96154726482033
2026-09-04T09:00:00+00:00,22411525-3,Dew Point,CURRENT,°C,17.391427882648532
2026-09-04T09:00:00+00:00,22411526-1,Temperature,CURRENT,°C,18.53019531249999
2026-09-04T09:00:00+00:00,22411526-2,RH,CURRENT,%,94.18631265735867
2026-09-04T09:00:00+00:00,22411526-3,Dew Point,CURRENT,°C,17.600312904671487
2026-09-04T09:00:00+00:00,22411527-1,Temperature,CURRENT,°C,18.723247070312503
2026-09-04T09:00:00+00:00,22411527-2,RH,CURRENT,%,92.138551918822
2026-09-04T09:00:00+00:00,22411527-3,Dew Point,CURRENT,°C,17.443178824629182
2026-09-04T09:00:00+00:00,22411528-1,Temperature,CURRENT,°C,18.4658447265625
2026-09-04T09:00:00+00:00,22411528-2,RH,CURRENT,%,96.05249103532464
2026-09-04T09:00:00+00:00,22411528-3,Dew Point,CURRENT,°C,17.84807694811703
2026-09-04T09:00:00+00:00,22411529-1,Temperature,CURRENT,°C,18.2942431640625
2026-09-04T09:00:00+00:00,22411529-2,RH,CURRENT,%,96.90547035934996
2026-09-04T09:00:00+00:00,22411529-3,Dew Point,CURRENT,°C,17.81759836335063
2026-09-04T09:00:00+00:00,22411530-1,Temperature,CURRENT,°C,18.701796874999992
2026-09-04T09:00:00+00:00,22411530-2,RH,CURRENT,%,92.57343404287785
2026-09-04T09:00:00+00:00,22411530-3,Dew Point,CURRENT,°C,17.496592917450137
2026-09-04T09:00:00+00:00,22411541-S,Battery,CURRENT,V,8.17370361328125
2026-09-04T09:00:00+00:00,22447758-1,Temperature,CURRENT,°C,18.573095703125
2026-09-04T09:00:00+00:00,22447758-2,RH,CURRENT,%,91.51140611886778
2026-09-04T09:00:00+00:00,22447758-3,Dew Point,CURRENT,°C,17.186180198677885
2026-09-04T09:00:00+00:00,22447759-1,Temperature,CURRENT,°C,18.551645507812502
2026-09-04T09:00:00+00:00,22447759-2,RH,CURRENT,%,91.64873731593805
2026-09-04T09:00:00+00:00,22447759-3,Dew Point,CURRENT,°C,17.18866223147079
2026-09-04T09:00:00+00:00,22447760-1,Temperature,CURRENT,°C,18.594545898437495
2026-09-04T09:00:00+00:00,22447760-2,RH,CURRENT,%,92.03479056992447
2026-09-04T09:00:00+00:00,22447760-3,Dew Point,CURRENT,°C,17.29773155678762
2026-09-04T09:00:00+00:00,22447761-1,Temperature,CURRENT,°C,18.53019531249999
2026-09-04T09:00:00+00:00,22447761-2,RH,CURRENT,%,91.59990844586862
2026-09-04T09:00:00+00:00,22447761-3,Dew Point,CURRENT,°C,17.15897734912628
2026-09-04T09:00:00+00:00,22447762-1,Temperature,CURRENT,°C,18.573095703125
2026-09-04T09:00:00+00:00,22447762-2,RH,CURRENT,%,91.1635004196231
2026-09-04T09:00:00+00:00,22447762-3,Dew Point,CURRENT,°C,17.1259131768973
2026-09-04T09:00:00+00:00,22447764-1,Temperature,CURRENT,°C,18.53019531249999
2026-09-04T09:00:00+00:00,22447764-2,RH,CURRENT,%,92.2590981918059
2026-09-04T09:00:00+00:00,22447764-3,Dew Point,CURRENT,°C,17.272485572508806
2026-09-04T09:00:00+00:00,22447765-1,Temperature,CURRENT,°C,18.594545898437495
2026-09-04T09:00:00+00:00,22447765-2,RH,CURRENT,%,91.27489127946899
2026-09-04T09:00:00+00:00,22447765-3,Dew Point,CURRENT,°C,17.166472636867788
2026-09-04T09:00:00+00:00,22447766-1,Temperature,CURRENT,°C,18.61599609374999
2026-09-04T09:00:00+00:00,22447766-2,RH,CURRENT,%,91.3298237582971
2026-09-04T09:00:00+00:00,22447766-3,Dew Point,CURRENT,°C,17.19723637959304
2026-09-04T09:05:00+00:00,22411189-1,Temperature,CURRENT,°C,18.573095703125
2026-09-04T09:05:00+00:00,22411189-2,RH,CURRENT,%,95.65117875944152
2026-09-04T09:05:00+00:00,22411189-3,Dew Point,CURRENT,°C,17.888317847233324
2026-09-04T09:05:00+00:00,22411190-1,Temperature,CURRENT,°C,18.61599609374999
2026-09-04T09:05:00+00:00,22411190-2,RH,CURRENT,%,92.45899137865263
2026-09-04T09:05:00+00:00,22411190-3,Dew Point,CURRENT,°C,17.391867920577255
2026-09-04T09:05:00+00:00,22411191-1,Temperature,CURRENT,°C,18.723247070312503
2026-09-04T09:05:00+00:00,22411191-2,RH,CURRENT,%,94.24887464713512
2026-09-04T09:05:00+00:00,22411191-3,Dew Point,CURRENT,°C,17.80279325910343
2026-09-04T09:05:00+00:00,22411525-1,Temperature,CURRENT,°C,18.701796874999992
2026-09-04T09:05:00+00:00,22411525-2,RH,CURRENT,%,91.92339971007858
2026-09-04T09:05:00+00:00,22411525-3,Dew Point,CURRENT,°C,17.384851187025276
2026-09-04T09:05:00+00:00,22411526-1,Temperature,CURRENT,°C,18.487294921874998
2026-09-04T09:05:00+00:00,22411526-2,RH,CURRENT,%,94.11764705882354
2026-09-04T09:05:00+00:00,22411526-3,Dew Point,CURRENT,°C,17.54608850808453
2026-09-04T09:05:00+00:00,22411527-1,Temperature,CURRENT,°C,18.744697265625
2026-09-04T09:05:00+00:00,22411527-2,RH,CURRENT,%,92.10803387502861
2026-09-04T09:05:00+00:00,22411527-3,Dew Point,CURRENT,°C,17.4591910427917
2026-09-04T09:05:00+00:00,22411528-1,Temperature,CURRENT,°C,18.4658447265625
2026-09-04T09:05:00+00:00,22411528-2,RH,CURRENT,%,95.99298084992752
2026-09-04T09:05:00+00:00,22411528-3,Dew Point,CURRENT,°C,17.838218185656867
2026-09-04T09:05:00+00:00,22411529-1,Temperature,CURRENT,°C,18.272792968750004
2026-09-04T09:05:00+00:00,22411529-2,RH,CURRENT,%,96.76203555352102
2026-09-04T09:05:00+00:00,22411529-3,Dew Point,CURRENT,°C,17.77264564455444
2026-09-04T09:05:00+00:00,22411530-1,Temperature,CURRENT,°C,18.701796874999992
2026-09-04T09:05:00+00:00,22411530-2,RH,CURRENT,%,92.39642938887617
2026-09-04T09:05:00+00:00,22411530-3,Dew Point,CURRENT,°C,17.466233838223197
2026-09-04T09:05:00+00:00,22411541-S,Battery,CURRENT,V,8.1801650390625
2026-09-04T09:05:00+00:00,22447758-1,Temperature,CURRENT,°C,18.594545898437495
2026-09-04T09:05:00+00:00,22447758-2,RH,CURRENT,%,90.79728389410239
2026-09-04T09:05:00+00:00,22447758-3,Dew Point,CURRENT,°C,17.08348390900463
2026-09-04T09:05:00+00:00,22447759-1,Temperature,CURRENT,°C,18.594545898437495
2026-09-04T09:05:00+00:00,22447759-2,RH,CURRENT,%,90.89036392767224
2026-09-04T09:05:00+00:00,22447759-3,Dew Point,CURRENT,°C,17.099687378181397
2026-09-04T09:05:00+00:00,22447760-1,Temperature,CURRENT,°C,18.61599609374999
2026-09-04T09:05:00+00:00,22447760-2,RH,CURRENT,%,91.29777981231403
2026-09-04T09:05:00+00:00,22447760-3,Dew Point,CURRENT,°C,17.19168236465428
2026-09-04T09:05:00+00:00,22447761-1,Temperature,CURRENT,°C,18.53019531249999
2026-09-04T09:05:00+00:00,22447761-2,RH,CURRENT,%,91.0032806897078
2026-09-04T09:05:00+00:00,22447761-3,Dew Point,CURRENT,°C,17.055623409840027
2026-09-04T09:05:00+00:00,22447762-1,Temperature,CURRENT,°C,18.61599609374999
2026-09-04T09:05:00+00:00,22447762-2,RH,CURRENT,%,90.31815060654613
2026-09-04T09:05:00+00:00,22447762-3,Dew Point,CURRENT,°C,17.02105872999496
2026-09-04T09:05:00+00:00,22447764-1,Temperature,CURRENT,°C,18.551645507812502
2026-09-04T09:05:00+00:00,22447764-2,RH,CURRENT,%,91.8471046005951
2026-09-04T09:05:00+00:00,22447764-3,Dew Point,CURRENT,°C,17.222884595781334
2026-09-04T09:05:00+00:00,22447765-1,Temperature,CURRENT,°C,18.61599609374999
2026-09-04T09:05:00+00:00,22447765-2,RH,CURRENT,%,90.8018616006714
2026-09-04T09:05:00+00:00,22447765-3,Dew Point,CURRENT,°C,17.10550897125001
2026-09-04T09:05:00+00:00,22447766-1,Temperature,CURRENT,°C,18.637446289062503
2026-09-04T09:05:00+00:00,22447766-2,RH,CURRENT,%,90.69810025177387
2026-09-04T09:05:00+00:00,22447766-3,Dew Point,CURRENT,°C,17.10865151153852
2026-09-04T09:10:00+00:00,22411189-1,Temperature,CURRENT,°C,18.551645507812502
2026-09-04T09:10:00+00:00,22411189-2,RH,CURRENT,%,95.76104371709773
2026-09-04T09:10:00+00:00,22411189-3,Dew Point,CURRENT,°C,17.885217943324715
2026-09-04T09:10:00+00:00,22411190-1,Temperature,CURRENT,°C,18.573095703125
2026-09-04T09:10:00+00:00,22411190-2,RH,CURRENT,%,92.50934615091172
2026-09-04T09:10:00+00:00,22411190-3,Dew Point,CURRENT,°C,17.357944822625605
2026-09-04T09:10:00+00:00,22411191-1,Temperature,CURRENT,°C,18.658896484375
2026-09-04T09:10:00+00:00,22411191-2,RH,CURRENT,%,94.34958419165332
2026-09-04T09:10:00+00:00,22411191-3,Dew Point,CURRENT,°C,17.75579060955767
2026-09-04T09:10:00+00:00,22411525-1,Temperature,CURRENT,°C,18.637446289062503
2026-09-04T09:10:00+00:00,22411525-2,RH,CURRENT,%,92.02105745021744
2026-09-04T09:10:00+00:00,22411525-3,Dew Point,CURRENT,°C,17.337893865321835
2026-09-04T09:10:00+00:00,22411526-1,Temperature,CURRENT,°C,18.4658447265625
2026-09-04T09:10:00+00:00,22411526-2,RH,CURRENT,%,94.27786678873885
2026-09-04T09:10:00+00:00,22411526-3,Dew Point,CURRENT,°C,17.5517583093225
2026-09-04T09:10:00+00:00,22411527-1,Temperature,CURRENT,°C,18.658896484375
2026-09-04T09:10:00+00:00,22411527-2,RH,CURRENT,%,92.17517357137407
2026-09-04T09:10:00+00:00,22411527-3,Dew Point,CURRENT,°C,17.385678533054676
2026-09-04T09:10:00+00:00,22411528-1,Temperature,CURRENT,°C,18.422944335937494
2026-09-04T09:10:00+00:00,22411528-2,RH,CURRENT,%,96.20965896086061
2026-09-04T09:10:00+00:00,22411528-3,Dew Point,CURRENT,°C,17.831326176081557
2026-09-04T09:10:00+00:00,22411529-1,Temperature,CURRENT,°C,18.272792968750004
2026-09-04T09:10:00+00:00,22411529-2,RH,CURRENT,%,96.94514381628137
2026-09-04T09:10:00+00:00,22411529-3,Dew Point,CURRENT,°C,17.802707026637304
2026-09-04T09:10:00+00:00,22411530-1,Temperature,CURRENT,°C,18.637446289062503
2026-09-04T09:10:00+00:00,22411530-2,RH,CURRENT,%,92.68787670710307
2026-09-04T09:10:00+00:00,22411530-3,Dew Point,CURRENT,°C,17.452348419675626
2026-09-04T09:10:00+00:00,22411541-S,Battery,CURRENT,V,8.1801650390625
2026-09-04T09:10:00+00:00,22447758-1,Temperature,CURRENT,°C,18.551645507812502
2026-09-04T09:10:00+00:00,22447758-2,RH,CURRENT,%,90.67063401235981
2026-09-04T09:10:00+00:00,22447758-3,Dew Point,CURRENT,°C,17.01896507897871
2026-09-04T09:10:00+00:00,22447759-1,Temperature,CURRENT,°C,18.573095703125
2026-09-04T09:10:00+00:00,22447759-2,RH,CURRENT,%,90.84000915541314
2026-09-04T09:10:00+00:00,22447759-3,Dew Point,CURRENT,°C,17.06969441393681
2026-09-04T09:10:00+00:00,22447760-1,Temperature,CURRENT,°C,18.573095703125
2026-09-04T09:10:00+00:00,22447760-2,RH,CURRENT,%,91.32829785610743
2026-09-04T09:10:00+00:00,22447760-3,Dew Point,CURRENT,°C,17.154485777350246
2026-09-04T09:10:00+00:00,22447761-1,Temperature,CURRENT,°C,18.508745117187495
2026-09-04T09:10:00+00:00,22447761-2,RH,CURRENT,%,90.83085374227512
2026-09-04T09:10:00+00:00,22447761-3,Dew Point,CURRENT,°C,17.004414559069062
2026-09-04T09:10:00+00:00,22447762-1,Temperature,CURRENT,°C,18.573095703125
2026-09-04T09:10:00+00:00,22447762-2,RH,CURRENT,%,90.29983978027009
2026-09-04T09:10:00+00:00,22447762-3,Dew Point,CURRENT,°C,16.975427620929885
2026-09-04T09:10:00+00:00,22447764-1,Temperature,CURRENT,°C,18.53019531249999
2026-09-04T09:10:00+00:00,22447764-2,RH,CURRENT,%,91.68688487067979
2026-09-04T09:10:00+00:00,22447764-3,Dew Point,CURRENT,°C,17.173995018948695
2026-09-04T09:10:00+00:00,22447765-1,Temperature,CURRENT,°C,18.573095703125
2026-09-04T09:10:00+00:00,22447765-2,RH,CURRENT,%,90.76066224155032
2026-09-04T09:10:00+00:00,22447765-3,Dew Point,CURRENT,°C,17.055878129190386
2026-09-04T09:10:00+00:00,22447766-1,Temperature,CURRENT,°C,18.61599609374999
2026-09-04T09:10:00+00:00,22447766-2,RH,CURRENT,%,90.6157015335317
2026-09-04T09:10:00+00:00,22447766-3,Dew Point,CURRENT,°C,17.07305436569572
2026-09-04T09:15:00+00:00,22411189-1,Temperature,CURRENT,°C,18.551645507812502
2026-09-04T09:15:00+00:00,22411189-2,RH,CURRENT,%,96.01586938277256
2026-09-04T09:15:00+00:00,22411189-3,Dew Point,CURRENT,°C,17.927513729844218
2026-09-04T09:15:00+00:00,22411190-1,Temperature,CURRENT,°C,18.573095703125
2026-09-04T09:15:00+00:00,22411190-2,RH,CURRENT,%,92.73975738155184
2026-09-04T09:15:00+00:00,22411190-3,Dew Point,CURRENT,°C,17.397372325440514
2026-09-04T09:15:00+00:00,22411191-1,Temperature,CURRENT,°C,18.658896484375
2026-09-04T09:15:00+00:00,22411191-2,RH,CURRENT,%,94.51895933470665
2026-09-04T09:15:00+00:00,22411191-3,Dew Point,CURRENT,°C,17.78430583547181
2026-09-04T09:15:00+00:00,22411525-1,Temperature,CURRENT,°C,18.637446289062503
2026-09-04T09:15:00+00:00,22411525-2,RH,CURRENT,%,92.24383916990921
2026-09-04T09:15:00+00:00,22411525-3,Dew Point,CURRENT,°C,17.37621324834653
2026-09-04T09:15:00+00:00,22411526-1,Temperature,CURRENT,°C,18.4658447265625
2026-09-04T09:15:00+00:00,22411526-2,RH,CURRENT,%,94.38620584420539
2026-09-04T09:15:00+00:00,22411526-3,Dew Point,CURRENT,°C,17.569987654360215
2026-09-04T09:15:00+00:00,22411527-1,Temperature,CURRENT,°C,18.658896484375
2026-09-04T09:15:00+00:00,22411527-2,RH,CURRENT,%,92.43305104142824
2026-09-04T09:15:00+00:00,22411527-3,Dew Point,CURRENT,°C,17.4299696741427
2026-09-04T09:15:00+00:00,22411528-1,Temperature,CURRENT,°C,18.422944335937494
2026-09-04T09:15:00+00:00,22411528-2,RH,CURRENT,%,96.26916914625772
2026-09-04T09:15:00+00:00,22411528-3,Dew Point,CURRENT,°C,17.841162210588752
2026-09-04T09:15:00+00:00,22411529-1,Temperature,CURRENT,°C,18.229892578124996
2026-09-04T09:15:00+00:00,22411529-2,RH,CURRENT,%,97.00160219729915
2026-09-04T09:15:00+00:00,22411529-3,Dew Point,CURRENT,°C,17.76915979156129
2026-09-04T09:15:00+00:00,22411530-1,Temperature,CURRENT,°C,18.658896484375
2026-09-04T09:15:00+00:00,22411530-2,RH,CURRENT,%,92.75349050125887
2026-09-04T09:15:00+00:00,22411530-3,Dew Point,CURRENT,°C,17.484855481285035
2026-09-04T09:15:00+00:00,22411541-S,Battery,CURRENT,V,8.17370361328125
2026-09-04T09:15:00+00:00,22447758-1,Temperature,CURRENT,°C,18.508745117187495
2026-09-04T09:15:00+00:00,22447758-2,RH,CURRENT,%,91.35576409552148
2026-09-04T09:15:00+00:00,22447758-3,Dew Point,CURRENT,°C,17.09551170916341
2026-09-04T09:15:00+00:00,22447759-1,Temperature,CURRENT,°C,18.508745117187495
2026-09-04T09:15:00+00:00,22447759-2,RH,CURRENT,%,91.48393987945373
2026-09-04T09:15:00+00:00,22447759-3,Dew Point,CURRENT,°C,17.117686705875645
2026-09-04T09:15:00+00:00,22447760-1,Temperature,CURRENT,°C,18.53019531249999
2026-09-04T09:15:00+00:00,22447760-2,RH,CURRENT,%,91.82879377431907
2026-09-04T09:15:00+00:00,22447760-3,Dew Point,CURRENT,°C,17.19847076798399
2026-09-04T09:15:00+00:00,22447761-1,Temperature,CURRENT,°C,18.4658447265625
2026-09-04T09:15:00+00:00,22447761-2,RH,CURRENT,%,91.35271229114214
2026-09-04T09:15:00+00:00,22447761-3,Dew Point,CURRENT,°C,17.052495624464704
2026-09-04T09:15:00+00:00,22447762-1,Temperature,CURRENT,°C,18.53019531249999
2026-09-04T09:15:00+00:00,22447762-2,RH,CURRENT,%,90.86594949263753
2026-09-04T09:15:00+00:00,22447762-3,Dew Point,CURRENT,°C,17.031749497483197
2026-09-04T09:15:00+00:00,22447764-1,Temperature,CURRENT,°C,18.4658447265625
2026-09-04T09:15:00+00:00,22447764-2,RH,CURRENT,%,92.23468375677119
2026-09-04T09:15:00+00:00,22447764-3,Dew Point,CURRENT,°C,17.204486535549822
2026-09-04T09:15:00+00:00,22447765-1,Temperature,CURRENT,°C,18.53019531249999
2026-09-04T09:15:00+00:00,22447765-2,RH,CURRENT,%,91.26878767071031
2026-09-04T09:15:00+00:00,22447765-3,Dew Point,CURRENT,°C,17.10169029961799
2026-09-04T09:15:00+00:00,22447766-1,Temperature,CURRENT,°C,18.551645507812502
2026-09-04T09:15:00+00:00,22447766-2,RH,CURRENT,%,91.29167620355535
2026-09-04T09:15:00+00:00,22447766-3,Dew Point,CURRENT,°C,17.12689816063613
2026-09-04T09:20:00+00:00,22411189-1,Temperature,CURRENT,°C,18.444394531250005
2026-09-04T09:20:00+00:00,22411189-2,RH,CURRENT,%,96.89021133745327
2026-09-04T09:20:00+00:00,22411189-3,Dew Point,CURRENT,°C,17.964893595032773
2026-09-04T09:20:00+00:00,22411190-1,Temperature,CURRENT,°C,18.487294921874998
2026-09-04T09:20:00+00:00,22411190-2,RH,CURRENT,%,93.57289997711146
2026-09-04T09:20:00+00:00,22411190-3,Dew Point,CURRENT,°C,17.453996513299067
2026-09-04T09:20:00+00:00,22411191-1,Temperature,CURRENT,°C,18.573095703125
2026-09-04T09:20:00+00:00,22411191-2,RH,CURRENT,%,95.38872358281834
2026-09-04T09:20:00+00:00,22411191-3,Dew Point,CURRENT,°C,17.844601313775136
2026-09-04T09:20:00+00:00,22411525-1,Temperature,CURRENT,°C,18.551645507812502
2026-09-04T09:20:00+00:00,22411525-2,RH,CURRENT,%,93.08308537422751
2026-09-04T09:20:00+00:00,22411525-3,Dew Point,CURRENT,°C,17.43466966823111
2026-09-04T09:20:00+00:00,22411526-1,Temperature,CURRENT,°C,18.3800439453125
2026-09-04T09:20:00+00:00,22411526-2,RH,CURRENT,%,94.98741130693523
2026-09-04T09:20:00+00:00,22411526-3,Dew Point,CURRENT,°C,17.585427266963222
2026-09-04T09:20:00+00:00,22411527-1,Temperature,CURRENT,°C,18.573095703125
2026-09-04T09:20:00+00:00,22411527-2,RH,CURRENT,%,93.20668345159075
2026-09-04T09:20:00+00:00,22411527-3,Dew Point,CURRENT,°C,17.477009413540593
2026-09-04T09:20:00+00:00,22411528-1,Temperature,CURRENT,°C,18.337143554687493
2026-09-04T09:20:00+00:00,22411528-2,RH,CURRENT,%,96.84138246738384
2026-09-04T09:20:00+00:00,22411528-3,Dew Point,CURRENT,°C,17.84987428911924
2026-09-04T09:20:00+00:00,22411529-1,Temperature,CURRENT,°C,18.165541992187492
2026-09-04T09:20:00+00:00,22411529-2,RH,CURRENT,%,97.45021744106202
2026-09-04T09:20:00+00:00,22411529-3,Dew Point,CURRENT,°C,17.7782925423155
2026-09-04T09:20:00+00:00,22411530-1,Temperature,CURRENT,°C,18.551645507812502
2026-09-04T09:20:00+00:00,22411530-2,RH,CURRENT,%,93.54390783550774
2026-09-04T09:20:00+00:00,22411530-3,Dew Point,CURRENT,°C,17.513001631918666
2026-09-04T09:20:00+00:00,22411541-S,Battery,CURRENT,V,8.164011474609376
2026-09-04T09:20:00+00:00,22447758-1,Temperature,CURRENT,°C,18.422944335937494
2026-09-04T09:20:00+00:00,22447758-2,RH,CURRENT,%,91.63195239185168
2026-09-04T09:20:00+00:00,22447758-3,Dew Point,CURRENT,°C,17.058251885521763
2026-09-04T09:20:00+00:00,22447759-1,Temperature,CURRENT,°C,18.444394531250005
2026-09-04T09:20:00+00:00,22447759-2,RH,CURRENT,%,91.71435111009384
2026-09-04T09:20:00+00:00,22447759-3,Dew Point,CURRENT,°C,17.09371760779897
2026-09-04T09:20:00+00:00,22447760-1,Temperature,CURRENT,°C,18.444394531250005
2026-09-04T09:20:00+00:00,22447760-2,RH,CURRENT,%,92.21332112611582
2026-09-04T09:20:00+00:00,22447760-3,Dew Point,CURRENT,°C,17.17955150415894
2026-09-04T09:20:00+00:00,22447761-1,Temperature,CURRENT,°C,18.358593750000004
2026-09-04T09:20:00+00:00,22447761-2,RH,CURRENT,%,91.80590524147402
2026-09-04T09:20:00+00:00,22447761-3,Dew Point,CURRENT,°C,17.024469454284073
2026-09-04T09:20:00+00:00,22447762-1,Temperature,CURRENT,°C,18.444394531250005
2026-09-04T09:20:00+00:00,22447762-2,RH,CURRENT,%,91.14671549553674
2026-09-04T09:20:00+00:00,22447762-3,Dew Point,CURRENT,°C,16.99557297102024
2026-09-04T09:20:00+00:00,22447764-1,Temperature,CURRENT,°C,18.3800439453125
2026-09-04T09:20:00+00:00,22447764-2,RH,CURRENT,%,92.44220645456626
2026-09-04T09:20:00+00:00,22447764-3,Dew Point,CURRENT,°C,17.154963087607126
2026-09-04T09:20:00+00:00,22447765-1,Temperature,CURRENT,°C,18.444394531250005
2026-09-04T09:20:00+00:00,22447765-2,RH,CURRENT,%,91.5709163042649
2026-09-04T09:20:00+00:00,22447765-3,Dew Point,CURRENT,°C,17.068967961191397
2026-09-04T09:20:00+00:00,22447766-1,Temperature,CURRENT,°C,18.4658447265625
2026-09-04T09:20:00+00:00,22447766-2,RH,CURRENT,%,91.50682841229877
2026-09-04T09:20:00+00:00,22447766-3,Dew Point,CURRENT,°C,17.079146995318773
2026-09-04T09:25:00+00:00,22411189-1,Temperature,CURRENT,°C,18.487294921874998
2026-09-04T09:25:00+00:00,22411189-2,RH,CURRENT,%,96.40955214770733
2026-09-04T09:25:00+00:00,22411189-3,Dew Point,CURRENT,°C,17.928504149222274
2026-09-04T09:25:00+00:00,22411190-1,Temperature,CURRENT,°C,18.508745117187495
2026-09-04T09:25:00+00:00,22411190-2,RH,CURRENT,%,93.14106965743495
2026-09-04T09:25:00+00:00,22411190-3,Dew Point,CURRENT,°C,17.40195451765284
2026-09-04T09:25:00+00:00,22411191-1,Temperature,CURRENT,°C,18.61599609374999
2026-09-04T09:25:00+00:00,22411191-2,RH,CURRENT,%,94.93705653467613
2026-09-04T09:25:00+00:00,22411191-3,Dew Point,CURRENT,°C,17.811812407535605
2026-09-04T09:25:00+00:00,22411525-1,Temperature,CURRENT,°C,18.573095703125
2026-09-04T09:25:00+00:00,22411525-2,RH,CURRENT,%,92.6009002822919
2026-09-04T09:25:00+00:00,22411525-3,Dew Point,CURRENT,°C,17.37362166549615
2026-09-04T09:25:00+00:00,22411526-1,Temperature,CURRENT,°C,18.401494140624997
2026-09-04T09:25:00+00:00,22411526-2,RH,CURRENT,%,94.8027771419852
2026-09-04T09:25:00+00:00,22411526-3,Dew Point,CURRENT,°C,17.575884512082624
2026-09-04T09:25:00+00:00,22411527-1,Temperature,CURRENT,°C,18.61599609374999
2026-09-04T09:25:00+00:00,22411527-2,RH,CURRENT,%,92.82673380636301
2026-09-04T09:25:00+00:00,22411527-3,Dew Point,CURRENT,°C,17.454805406564205
2026-09-04T09:25:00+00:00,22411528-1,Temperature,CURRENT,°C,18.3800439453125
2026-09-04T09:25:00+00:00,22411528-2,RH,CURRENT,%,96.64301518272678
2026-09-04T09:25:00+00:00,22411528-3,Dew Point,CURRENT,°C,17.860044907858352
2026-09-04T09:25:00+00:00,22411529-1,Temperature,CURRENT,°C,18.186992187500003
2026-09-04T09:25:00+00:00,22411529-2,RH,CURRENT,%,97.19844357976653
2026-09-04T09:25:00+00:00,22411529-3,Dew Point,CURRENT,°C,17.758576193072223
2026-09-04T09:25:00+00:00,22411530-1,Temperature,CURRENT,°C,18.594545898437495
2026-09-04T09:25:00+00:00,22411530-2,RH,CURRENT,%,93.16548409246967
2026-09-04T09:25:00+00:00,22411530-3,Dew Point,CURRENT,°C,17.491292406560767
2026-09-04T09:25:00+00:00,22411541-S,Battery,CURRENT,V,8.164011474609376
2026-09-04T09:25:00+00:00,22447758-1,Temperature,CURRENT,°C,18.401494140624997
2026-09-04T09:25:00+00:00,22447758-2,RH,CURRENT,%,91.95544365606165
2026-09-04T09:25:00+00:00,22447758-3,Dew Point,CURRENT,°C,17.09271920594489
2026-09-04T09:25:00+00:00,22447759-1,Temperature,CURRENT,°C,18.422944335937494
2026-09-04T09:25:00+00:00,22447759-2,RH,CURRENT,%,92.0531013962005
2026-09-04T09:25:00+00:00,22447759-3,Dew Point,CURRENT,°C,17.130770504497107
2026-09-04T09:25:00+00:00,22447760-1,Temperature,CURRENT,°C,18.422944335937494
2026-09-04T09:25:00+00:00,22447760-2,RH,CURRENT,%,92.40405889982452
2026-09-04T09:25:00+00:00,22447760-3,Dew Point,CURRENT,°C,17.190981048623403
2026-09-04T09:25:00+00:00,22447761-1,Temperature,CURRENT,°C,18.358593750000004
2026-09-04T09:25:00+00:00,22447761-2,RH,CURRENT,%,92.0027466239414
2026-09-04T09:25:00+00:00,22447761-3,Dew Point,CURRENT,°C,17.0583270687457
2026-09-04T09:25:00+00:00,22447762-1,Temperature,CURRENT,°C,18.422944335937494
2026-09-04T09:25:00+00:00,22447762-2,RH,CURRENT,%,91.42595559624628
2026-09-04T09:25:00+00:00,22447762-3,Dew Point,CURRENT,°C,17.022674445339558
2026-09-04T09:25:00+00:00,22447764-1,Temperature,CURRENT,°C,18.358593750000004
2026-09-04T09:25:00+00:00,22447764-2,RH,CURRENT,%,92.68482490272373
2026-09-04T09:25:00+00:00,22447764-3,Dew Point,CURRENT,°C,17.175158877083998
2026-09-04T09:25:00+00:00,22447765-1,Temperature,CURRENT,°C,18.422944335937494
2026-09-04T09:25:00+00:00,22447765-2,RH,CURRENT,%,91.81353475242237
2026-09-04T09:25:00+00:00,22447765-3,Dew Point,CURRENT,°C,17.089554695503125
2026-09-04T09:25:00+00:00,22447766-1,Temperature,CURRENT,°C,18.444394531250005
2026-09-04T09:25:00+00:00,22447766-2,RH,CURRENT,%,91.81353475242237
2026-09-04T09:25:00+00:00,22447766-3,Dew Point,CURRENT,°C,17.11081190610361
2026-09-04T09:30:00+00:00,22411189-1,Temperature,CURRENT,°C,18.358593750000004
2026-09-04T09:30:00+00:00,22411189-2,RH,CURRENT,%,96.44769970244907
2026-09-04T09:30:00+00:00,22411189-3,Dew Point,CURRENT,°C,17.806475113275365
2026-09-04T09:30:00+00:00,22411190-1,Temperature,CURRENT,°C,18.3800439453125
2026-09-04T09:30:00+00:00,22411190-2,RH,CURRENT,%,93.15938048371099
2026-09-04T09:30:00+00:00,22411190-3,Dew Point,CURRENT,°C,17.277296845412152
2026-09-04T09:30:00+00:00,22411191-1,Temperature,CURRENT,°C,18.4658447265625
2026-09-04T09:30:00+00:00,22411191-2,RH,CURRENT,%,95.01335164415961
2026-09-04T09:30:00+00:00,22411191-3,Dew Point,CURRENT,°C,17.67515386409396
2026-09-04T09:30:00+00:00,22411525-1,Temperature,CURRENT,°C,18.444394531250005
2026-09-04T09:30:00+00:00,22411525-2,RH,CURRENT,%,92.75349050125887
2026-09-04T09:30:00+00:00,22411525-3,Dew Point,CURRENT,°C,17.27201526868944
2026-09-04T09:30:00+00:00,22411526-1,Temperature,CURRENT,°C,18.2942431640625
2026-09-04T09:30:00+00:00,22411526-2,RH,CURRENT,%,94.72648203250172
2026-09-04T09:30:00+00:00,22411526-3,Dew Point,CURRENT,°C,17.456405079042135
2026-09-04T09:30:00+00:00,22411527-1,Temperature,CURRENT,°C,18.4658447265625
2026-09-04T09:30:00+00:00,22411527-2,RH,CURRENT,%,92.8572518501564
2026-09-04T09:30:00+00:00,22411527-3,Dew Point,CURRENT,°C,17.3110097070677
2026-09-04T09:30:00+00:00,22411528-1,Temperature,CURRENT,°C,18.251342773437493
2026-09-04T09:30:00+00:00,22411528-2,RH,CURRENT,%,96.5468833447776
2026-09-04T09:30:00+00:00,22411528-3,Dew Point,CURRENT,°C,17.715869260871614
2026-09-04T09:30:00+00:00,22411529-1,Temperature,CURRENT,°C,18.058291015624995
2026-09-04T09:30:00+00:00,22411529-2,RH,CURRENT,%,97.05500877393759
2026-09-04T09:30:00+00:00,22411529-3,Dew Point,CURRENT,°C,17.60667438918385
2026-09-04T09:30:00+00:00,22411530-1,Temperature,CURRENT,°C,18.444394531250005
2026-09-04T09:30:00+00:00,22411530-2,RH,CURRENT,%,93.334859235523
2026-09-04T09:30:00+00:00,22411530-3,Dew Point,CURRENT,°C,17.371005921824345
2026-09-04T09:30:00+00:00,22411541-S,Battery,CURRENT,V,8.160780761718751
2026-09-04T09:30:00+00:00,22447758-1,Temperature,CURRENT,°C,18.2942431640625
2026-09-04T09:30:00+00:00,22447758-2,RH,CURRENT,%,91.84100099183642
2026-09-04T09:30:00+00:00,22447758-3,Dew Point,CURRENT,°C,16.96673645217625
2026-09-04T09:30:00+00:00,22447759-1,Temperature,CURRENT,°C,18.315693359374997
2026-09-04T09:30:00+00:00,22447759-2,RH,CURRENT,%,91.96612497138933
2026-09-04T09:30:00+00:00,22447759-3,Dew Point,CURRENT,°C,17.009509429388523
2026-09-04T09:30:00+00:00,22447760-1,Temperature,CURRENT,°C,18.2942431640625
2026-09-04T09:30:00+00:00,22447760-2,RH,CURRENT,%,92.38727397573815
2026-09-04T09:30:00+00:00,22447760-3,Dew Point,CURRENT,°C,17.060463651817535
2026-09-04T09:30:00+00:00,22447761-1,Temperature,CURRENT,°C,18.229892578124996
2026-09-04T09:30:00+00:00,22447761-2,RH,CURRENT,%,91.86083772030213
2026-09-04T09:30:00+00:00,22447761-3,Dew Point,CURRENT,°C,16.90637232110759
2026-09-04T09:30:00+00:00,22447762-1,Temperature,CURRENT,°C,18.315693359374997
2026-09-04T09:30:00+00:00,22447762-2,RH,CURRENT,%,91.40306706340124
2026-09-04T09:30:00+00:00,22447762-3,Dew Point,CURRENT,°C,16.912489803193083
2026-09-04T09:30:00+00:00,22447764-1,Temperature,CURRENT,°C,18.251342773437493
2026-09-04T09:30:00+00:00,22447764-2,RH,CURRENT,%,92.7168688487068
2026-09-04T09:30:00+00:00,22447764-3,Dew Point,CURRENT,°C,17.07421321722455
2026-09-04T09:30:00+00:00,22447765-1,Temperature,CURRENT,°C,18.2942431640625
2026-09-04T09:30:00+00:00,22447765-2,RH,CURRENT,%,91.80437933928435
2026-09-04T09:30:00+00:00,22447765-3,Dew Point,CURRENT,°C,16.960435614170173
2026-09-04T09:30:00+00:00,22447766-1,Temperature,CURRENT,°C,18.337143554687493
2026-09-04T09:30:00+00:00,22447766-2,RH,CURRENT,%,91.79064621957733
2026-09-04T09:30:00+00:00,22447766-3,Dew Point,CURRENT,°C,17.000585548772357
2026-09-04T09:35:00+00:00,22411189-1,Temperature,CURRENT,°C,18.2942431640625
2026-09-04T09:35:00+00:00,22411189-2,RH,CURRENT,%,96.19592584115358
2026-09-04T09:35:00+00:00,22411189-3,Dew Point,CURRENT,°C,17.700770646916634
2026-09-04T09:35:00+00:00,22411190-1,Temperature,CURRENT,°C,18.358593750000004
2026-09-04T09:35:00+00:00,22411190-2,RH,CURRENT,%,92.92591744869154
2026-09-04T09:35:00+00:00,22411190-3,Dew Point,CURRENT,°C,17.21627504877012
2026-09-04T09:35:00+00:00,22411191-1,Temperature,CURRENT,°C,18.4658447265625
2026-09-04T09:35:00+00:00,22411191-2,RH,CURRENT,%,94.68833447775998
2026-09-04T09:35:00+00:00,22411191-3,Dew Point,CURRENT,°C,17.620727800286186
2026-09-04T09:35:00+00:00,22411525-1,Temperature,CURRENT,°C,18.422944335937494
2026-09-04T09:35:00+00:00,22411525-2,RH,CURRENT,%,92.38269626916914
2026-09-04T09:35:00+00:00,22411525-3,Dew Point,CURRENT,°C,17.187321788565683
2026-09-04T09:35:00+00:00,22411526-1,Temperature,CURRENT,°C,18.229892578124996
2026-09-04T09:35:00+00:00,22411526-2,RH,CURRENT,%,94.60746166170749
2026-09-04T09:35:00+00:00,22411526-3,Dew Point,CURRENT,°C,17.372457310155767
2026-09-04T09:35:00+00:00,22411527-1,Temperature,CURRENT,°C,18.4658447265625
2026-09-04T09:35:00+00:00,22411527-2,RH,CURRENT,%,92.48798352025635
2026-09-04T09:35:00+00:00,22411527-3,Dew Point,CURRENT,°C,17.24790260131437
2026-09-04T09:35:00+00:00,22411528-1,Temperature,CURRENT,°C,18.186992187500003
2026-09-04T09:35:00+00:00,22411528-2,RH,CURRENT,%,96.45075150682841
2026-09-04T09:35:00+00:00,22411528-3,Dew Point,CURRENT,°C,17.635875153669136
2026-09-04T09:35:00+00:00,22411529-1,Temperature,CURRENT,°C,17.972490234374995
2026-09-04T09:35:00+00:00,22411529-2,RH,CURRENT,%,97.10688944838635
2026-09-04T09:35:00+00:00,22411529-3,Dew Point,CURRENT,°C,17.529535947516393
2026-09-04T09:35:00+00:00,22411530-1,Temperature,CURRENT,°C,18.444394531250005
2026-09-04T09:35:00+00:00,22411530-2,RH,CURRENT,%,92.9579613946746
2026-09-04T09:35:00+00:00,22411530-3,Dew Point,CURRENT,°C,17.306892668392994
2026-09-04T09:35:00+00:00,22411541-S,Battery,CURRENT,V,8.17370361328125
2026-09-04T09:35:00+00:00,22447758-1,Temperature,CURRENT,°C,18.229892578124996
2026-09-04T09:35:00+00:00,22447758-2,RH,CURRENT,%,91.75402456702525
2026-09-04T09:35:00+00:00,22447758-3,Dew Point,CURRENT,°C,16.888001404210065
2026-09-04T09:35:00+00:00,22447759-1,Temperature,CURRENT,°C,18.251342773437493
2026-09-04T09:35:00+00:00,22447759-2,RH,CURRENT,%,91.89135576409552
2026-09-04T09:35:00+00:00,22447759-3,Dew Point,CURRENT,°C,16.932877334734385
2026-09-04T09:35:00+00:00,22447760-1,Temperature,CURRENT,°C,18.229892578124996
2026-09-04T09:35:00+00:00,22447760-2,RH,CURRENT,%,92.35370412756542
2026-09-04T09:35:00+00:00,22447760-3,Dew Point,CURRENT,°C,16.990899372296678
2026-09-04T09:35:00+00:00,22447761-1,Temperature,CURRENT,°C,18.144091796874996
2026-09-04T09:35:00+00:00,22447761-2,RH,CURRENT,%,91.9325551232166
2026-09-04T09:35:00+00:00,22447761-3,Dew Point,CURRENT,°C,16.83365319735048
2026-09-04T09:35:00+00:00,22447762-1,Temperature,CURRENT,°C,18.229892578124996
2026-09-04T09:35:00+00:00,22447762-2,RH,CURRENT,%,91.31151293202106
2026-09-04T09:35:00+00:00,22447762-3,Dew Point,CURRENT,°C,16.81169318920206
2026-09-04T09:35:00+00:00,22447764-1,Temperature,CURRENT,°C,18.186992187500003
2026-09-04T09:35:00+00:00,22447764-2,RH,CURRENT,%,92.49713893339437
2026-09-04T09:35:00+00:00,22447764-3,Dew Point,CURRENT,°C,16.972870380141114
2026-09-04T09:35:00+00:00,22447765-1,Temperature,CURRENT,°C,18.251342773437493
2026-09-04T09:35:00+00:00,22447765-2,RH,CURRENT,%,91.65026321812772
2026-09-04T09:35:00+00:00,22447765-3,Dew Point,CURRENT,°C,16.891390113945445
2026-09-04T09:35:00+00:00,22447766-1,Temperature,CURRENT,°C,18.272792968750004
2026-09-04T09:35:00+00:00,22447766-2,RH,CURRENT,%,91.67772945754177
2026-09-04T09:35:00+00:00,22447766-3,Dew Point,CURRENT,°C,16.917374788670287
2026-09-04T09:40:00+00:00,22411189-1,Temperature,CURRENT,°C,18.272792968750004
2026-09-04T09:40:00+00:00,22411189-2,RH,CURRENT,%,96.23559929808499
2026-09-04T09:40:00+00:00,22411189-3,Dew Point,CURRENT,°C,17.685940882564495
2026-09-04T09:40:00+00:00,22411190-1,Temperature,CURRENT,°C,18.315693359374997
2026-09-04T09:40:00+00:00,22411190-2,RH,CURRENT,%,92.96406500343328
2026-09-04T09:40:00+00:00,22411190-3,Dew Point,CURRENT,°C,17.180191839622637
2026-09-04T09:40:00+00:00,22411191-1,Temperature,CURRENT,°C,18.401494140624997
2026-09-04T09:40:00+00:00,22411191-2,RH,CURRENT,%,94.702067597467
2026-09-04T09:40:00+00:00,22411191-3,Dew Point,CURRENT,°C,17.55901323690775
2026-09-04T09:40:00+00:00,22411525-1,Temperature,CURRENT,°C,18.3800439453125
2026-09-04T09:40:00+00:00,22411525-2,RH,CURRENT,%,92.37659266041047
2026-09-04T09:40:00+00:00,22411525-3,Dew Point,CURRENT,°C,17.143729389426728
2026-09-04T09:40:00+00:00,22411526-1,Temperature,CURRENT,°C,18.2084423828125
2026-09-04T09:40:00+00:00,22411526-2,RH,CURRENT,%,94.59372854200046
2026-09-04T09:40:00+00:00,22411526-3,Dew Point,CURRENT,°C,17.348820253224506
2026-09-04T09:40:00+00:00,22411527-1,Temperature,CURRENT,°C,18.422944335937494
2026-09-04T09:40:00+00:00,22411527-2,RH,CURRENT,%,92.33234149691005
2026-09-04T09:40:00+00:00,22411527-3,Dew Point,CURRENT,°C,17.17869345675645
2026-09-04T09:40:00+00:00,22411528-1,Temperature,CURRENT,°C,18.165541992187492
2026-09-04T09:40:00+00:00,22411528-2,RH,CURRENT,%,96.42481116960403
2026-09-04T09:40:00+00:00,22411528-3,Dew Point,CURRENT,°C,17.610216032982944
2026-09-04T09:40:00+00:00,22411529-1,Temperature,CURRENT,°C,17.951040039062498
2026-09-04T09:40:00+00:00,22411529-2,RH,CURRENT,%,97.14351110093843
2026-09-04T09:40:00+00:00,22411529-3,Dew Point,CURRENT,°C,17.514112386802037
2026-09-04T09:40:00+00:00,22411530-1,Temperature,CURRENT,°C,18.401494140624997
2026-09-04T09:40:00+00:00,22411530-2,RH,CURRENT,%,92.99458304722667
2026-09-04T09:40:00+00:00,22411530-3,Dew Point,CURRENT,°C,17.27055029681005
2026-09-04T09:40:00+00:00,22411541-S,Battery,CURRENT,V,8.164011474609376
2026-09-04T09:40:00+00:00,22447758-1,Temperature,CURRENT,°C,18.229892578124996
2026-09-04T09:40:00+00:00,22447758-2,RH,CURRENT,%,91.625848783093
2026-09-04T09:40:00+00:00,22447758-3,Dew Point,CURRENT,°C,16.865931559571145
2026-09-04T09:40:00+00:00,22447759-1,Temperature,CURRENT,°C,18.229892578124996
2026-09-04T09:40:00+00:00,22447759-2,RH,CURRENT,%,91.78149080643931
2026-09-04T09:40:00+00:00,22447759-3,Dew Point,CURRENT,°C,16.892727142770145
2026-09-04T09:40:00+00:00,22447760-1,Temperature,CURRENT,°C,18.229892578124996
2026-09-04T09:40:00+00:00,22447760-2,RH,CURRENT,%,92.16144045166705
2026-09-04T09:40:00+00:00,22447760-3,Dew Point,CURRENT,°C,16.957973084975595
2026-09-04T09:40:00+00:00,22447761-1,Temperature,CURRENT,°C,18.144091796874996
2026-09-04T09:40:00+00:00,22447761-2,RH,CURRENT,%,91.69909208819715
2026-09-04T09:40:00+00:00,22447761-3,Dew Point,CURRENT,°C,16.793529636832634
2026-09-04T09:40:00+00:00,22447762-1,Temperature,CURRENT,°C,18.229892578124996
2026-09-04T09:40:00+00:00,22447762-2,RH,CURRENT,%,91.09636072327764
2026-09-04T09:40:00+00:00,22447762-3,Dew Point,CURRENT,°C,16.774474499994678
2026-09-04T09:40:00+00:00,22447764-1,Temperature,CURRENT,°C,18.165541992187492
2026-09-04T09:40:00+00:00,22447764-2,RH,CURRENT,%,92.40100709544518
2026-09-04T09:40:00+00:00,22447764-3,Dew Point,CURRENT,°C,16.93516834025426
2026-09-04T09:40:00+00:00,22447765-1,Temperature,CURRENT,°C,18.229892578124996
2026-09-04T09:40:00+00:00,22447765-2,RH,CURRENT,%,91.56786449988556
2026-09-04T09:40:00+00:00,22447765-3,Dew Point,CURRENT,°C,16.8559386965415
2026-09-04T09:40:00+00:00,22447766-1,Temperature,CURRENT,°C,18.251342773437493
2026-09-04T09:40:00+00:00,22447766-2,RH,CURRENT,%,91.5861753261616
2026-09-04T09:40:00+00:00,22447766-3,Dew Point,CURRENT,°C,16.880345782677207
2026-09-04T09:45:00+00:00,22411189-1,Temperature,CURRENT,°C,18.229892578124996
2026-09-04T09:45:00+00:00,22411189-2,RH,CURRENT,%,96.21271076523995
2026-09-04T09:45:00+00:00,22411189-3,Dew Point,CURRENT,°C,17.639399041541846
2026-09-04T09:45:00+00:00,22411190-1,Temperature,CURRENT,°C,18.272792968750004
2026-09-04T09:45:00+00:00,22411190-2,RH,CURRENT,%,92.88929579613946
2026-09-04T09:45:00+00:00,22411190-3,Dew Point,CURRENT,°C,17.124883279642688
2026-09-04T09:45:00+00:00,22411191-1,Temperature,CURRENT,°C,18.358593750000004
2026-09-04T09:45:00+00:00,22411191-2,RH,CURRENT,%,94.74937056534677
2026-09-04T09:45:00+00:00,22411191-3,Dew Point,CURRENT,°C,17.524258491460056
2026-09-04T09:45:00+00:00,22411525-1,Temperature,CURRENT,°C,18.337143554687493
2026-09-04T09:45:00+00:00,22411525-2,RH,CURRENT,%,92.46814679179064
2026-09-04T09:45:00+00:00,22411525-3,Dew Point,CURRENT,°C,17.11685032661149
2026-09-04T09:45:00+00:00,22411526-1,Temperature,CURRENT,°C,18.186992187500003
2026-09-04T09:45:00+00:00,22411526-2,RH,CURRENT,%,94.355687800412
2026-09-04T09:45:00+00:00,22411526-3,Dew Point,CURRENT,°C,17.287570571751445
2026-09-04T09:45:00+00:00,22411527-1,Temperature,CURRENT,°C,18.358593750000004
2026-09-04T09:45:00+00:00,22411527-2,RH,CURRENT,%,92.66956588082704
2026-09-04T09:45:00+00:00,22411527-3,Dew Point,CURRENT,°C,17.172553437084858
2026-09-04T09:45:00+00:00,22411528-1,Temperature,CURRENT,°C,18.1226416015625
2026-09-04T09:45:00+00:00,22411528-2,RH,CURRENT,%,96.26764324406805
2026-09-04T09:45:00+00:00,22411528-3,Dew Point,CURRENT,°C,17.541550338706372
2026-09-04T09:45:00+00:00,22411529-1,Temperature,CURRENT,°C,17.92958984375
2026-09-04T09:45:00+00:00,22411529-2,RH,CURRENT,%,96.98634317540245
2026-09-04T09:45:00+00:00,22411529-3,Dew Point,CURRENT,°C,17.46702082414449
2026-09-04T09:45:00+00:00,22411530-1,Temperature,CURRENT,°C,18.337143554687493
2026-09-04T09:45:00+00:00,22411530-2,RH,CURRENT,%,93.05409323262379
2026-09-04T09:45:00+00:00,22411530-3,Dew Point,CURRENT,°C,17.216803519227323
2026-09-04T09:45:00+00:00,22411541-S,Battery,CURRENT,V,8.170472900390624
2026-09-04T09:45:00+00:00,22447758-1,Temperature,CURRENT,°C,18.165541992187492
2026-09-04T09:45:00+00:00,22447758-2,RH,CURRENT,%,91.63653009842069
2026-09-04T09:45:00+00:00,22447758-3,Dew Point,CURRENT,°C,16.804014742739245
2026-09-04T09:45:00+00:00,22447759-1,Temperature,CURRENT,°C,18.186992187500003
2026-09-04T09:45:00+00:00,22447759-2,RH,CURRENT,%,91.85473411154345
2026-09-04T09:45:00+00:00,22447759-3,Dew Point,CURRENT,°C,16.86280586980608
2026-09-04T09:45:00+00:00,22447760-1,Temperature,CURRENT,°C,18.186992187500003
2026-09-04T09:45:00+00:00,22447760-2,RH,CURRENT,%,92.23010605020218
2026-09-04T09:45:00+00:00,22447760-3,Dew Point,CURRENT,°C,16.927200670467258
2026-09-04T09:45:00+00:00,22447761-1,Temperature,CURRENT,°C,18.1226416015625
2026-09-04T09:45:00+00:00,22447761-2,RH,CURRENT,%,91.72198062104219
2026-09-04T09:45:00+00:00,22447761-3,Dew Point,CURRENT,°C,16.776212424182265
2026-09-04T09:45:00+00:00,22447762-1,Temperature,CURRENT,°C,18.186992187500003
2026-09-04T09:45:00+00:00,22447762-2,RH,CURRENT,%,91.2092774853132
2026-09-04T09:45:00+00:00,22447762-3,Dew Point,CURRENT,°C,16.751537277335473
2026-09-04T09:45:00+00:00,22447764-1,Temperature,CURRENT,°C,18.1226416015625
2026-09-04T09:45:00+00:00,22447764-2,RH,CURRENT,%,92.38117036697948
2026-09-04T09:45:00+00:00,22447764-3,Dew Point,CURRENT,°C,16.889229736351066
2026-09-04T09:45:00+00:00,22447765-1,Temperature,CURRENT,°C,18.186992187500003
2026-09-04T09:45:00+00:00,22447765-2,RH,CURRENT,%,91.57244220645457
2026-09-04T09:45:00+00:00,22447765-3,Dew Point,CURRENT,°C,16.81422684664888
2026-09-04T09:45:00+00:00,22447766-1,Temperature,CURRENT,°C,18.2084423828125
2026-09-04T09:45:00+00:00,22447766-2,RH,CURRENT,%,91.59533073929961
2026-09-04T09:45:00+00:00,22447766-3,Dew Point,CURRENT,°C,16.8394217191234
2026-09-04T09:50:00+00:00,22411189-1,Temperature,CURRENT,°C,18.2084423828125
2026-09-04T09:50:00+00:00,22411189-2,RH,CURRENT,%,96.23712520027466
2026-09-04T09:50:00+00:00,22411189-3,Dew Point,CURRENT,°C,17.622046777182213
2026-09-04T09:50:00+00:00,22411190-1,Temperature,CURRENT,°C,18.229892578124996
2026-09-04T09:50:00+00:00,22411190-2,RH,CURRENT,%,93.02357518883039
2026-09-04T09:50:00+00:00,22411190-3,Dew Point,CURRENT,°C,17.105151661901314
2026-09-04T09:50:00+00:00,22411191-1,Temperature,CURRENT,°C,18.315693359374997
2026-09-04T09:50:00+00:00,22411191-2,RH,CURRENT,%,94.93553063248646
2026-09-04T09:50:00+00:00,22411191-3,Dew Point,CURRENT,°C,17.512716895898198
2026-09-04T09:50:00+00:00,22411525-1,Temperature,CURRENT,°C,18.315693359374997
2026-09-04T09:50:00+00:00,22411525-2,RH,CURRENT,%,92.53376058594644
2026-09-04T09:50:00+00:00,22411525-3,Dew Point,CURRENT,°C,17.106792606102218
2026-09-04T09:50:00+00:00,22411526-1,Temperature,CURRENT,°C,18.144091796874996
2026-09-04T09:50:00+00:00,22411526-2,RH,CURRENT,%,94.57846952010377
2026-09-04T09:50:00+00:00,22411526-3,Dew Point,CURRENT,°C,17.282256293571013
2026-09-04T09:50:00+00:00,22411527-1,Temperature,CURRENT,°C,18.358593750000004
2026-09-04T09:50:00+00:00,22411527-2,RH,CURRENT,%,92.66956588082704
2026-09-04T09:50:00+00:00,22411527-3,Dew Point,CURRENT,°C,17.172553437084858
2026-09-04T09:50:00+00:00,22411528-1,Temperature,CURRENT,°C,18.101191406250003
2026-09-04T09:50:00+00:00,22411528-2,RH,CURRENT,%,96.45075150682841
2026-09-04T09:50:00+00:00,22411528-3,Dew Point,CURRENT,°C,17.550323375290812
2026-09-04T09:50:00+00:00,22411529-1,Temperature,CURRENT,°C,17.908139648437505
2026-09-04T09:50:00+00:00,22411529-2,RH,CURRENT,%,97.24269474326695
2026-09-04T09:50:00+00:00,22411529-3,Dew Point,CURRENT,°C,17.48748548989353
2026-09-04T09:50:00+00:00,22411530-1,Temperature,CURRENT,°C,18.315693359374997
2026-09-04T09:50:00+00:00,22411530-2,RH,CURRENT,%,93.07240405889982
2026-09-04T09:50:00+00:00,22411530-3,Dew Point,CURRENT,°C,17.198624892195475
2026-09-04T09:50:00+00:00,22411541-S,Battery,CURRENT,V,8.160780761718751
2026-09-04T09:50:00+00:00,22447758-1,Temperature,CURRENT,°C,18.144091796874996
2026-09-04T09:50:00+00:00,22447758-2,RH,CURRENT,%,92.06073090714885
2026-09-04T09:50:00+00:00,22447758-3,Dew Point,CURRENT,°C,16.855643879221564
2026-09-04T09:50:00+00:00,22447759-1,Temperature,CURRENT,°C,18.186992187500003
2026-09-04T09:50:00+00:00,22447759-2,RH,CURRENT,%,92.14007782101167
2026-09-04T09:50:00+00:00,22447759-3,Dew Point,CURRENT,°C,16.911777345276057
2026-09-04T09:50:00+00:00,22447760-1,Temperature,CURRENT,°C,18.144091796874996
2026-09-04T09:50:00+00:00,22447760-2,RH,CURRENT,%,92.5001907377737
2026-09-04T09:50:00+00:00,22447760-3,Dew Point,CURRENT,°C,16.930837441719117
2026-09-04T09:50:00+00:00,22447761-1,Temperature,CURRENT,°C,18.07974121093749
2026-09-04T09:50:00+00:00,22447761-2,RH,CURRENT,%,92.08972304875257
2026-09-04T09:50:00+00:00,22447761-3,Dew Point,CURRENT,°C,16.796817994038182
2026-09-04T09:50:00+00:00,22447762-1,Temperature,CURRENT,°C,18.186992187500003
2026-09-04T09:50:00+00:00,22447762-2,RH,CURRENT,%,91.3801785305562
2026-09-04T09:50:00+00:00,22447762-3,Dew Point,CURRENT,°C,16.781065437117853
2026-09-04T09:50:00+00:00,22447764-1,Temperature,CURRENT,°C,18.101191406250003
2026-09-04T09:50:00+00:00,22447764-2,RH,CURRENT,%,92.93049515526054
2026-09-04T09:50:00+00:00,22447764-3,Dew Point,CURRENT,°C,16.961583082118292
2026-09-04T09:50:00+00:00,22447765-1,Temperature,CURRENT,°C,18.144091796874996
2026-09-04T09:50:00+00:00,22447765-2,RH,CURRENT,%,92.04394598306249
2026-09-04T09:50:00+00:00,22447765-3,Dew Point,CURRENT,°C,16.852765673782038
2026-09-04T09:50:00+00:00,22447766-1,Temperature,CURRENT,°C,18.2084423828125
2026-09-04T09:50:00+00:00,22447766-2,RH,CURRENT,%,92.05157549401083
2026-09-04T09:50:00+00:00,22447766-3,Dew Point,CURRENT,°C,16.917866809525933
2026-09-04T09:55:00+00:00,22411189-1,Temperature,CURRENT,°C,18.186992187500003
2026-09-04T09:55:00+00:00,22411189-2,RH,CURRENT,%,96.48889906157015
2026-09-04T09:55:00+00:00,22411189-3,Dew Point,CURRENT,°C,17.642155538548483
2026-09-04T09:55:00+00:00,22411190-1,Temperature,CURRENT,°C,18.2084423828125
2026-09-04T09:55:00+00:00,22411190-2,RH,CURRENT,%,93.25703822384985
2026-09-04T09:55:00+00:00,22411190-3,Dew Point,CURRENT,°C,17.12350290121456
2026-09-04T09:55:00+00:00,22411191-1,Temperature,CURRENT,°C,18.315693359374997
2026-09-04T09:55:00+00:00,22411191-2,RH,CURRENT,%,95.19188220035096
2026-09-04T09:55:00+00:00,22411191-3,Dew Point,CURRENT,°C,17.555510180026666
2026-09-04T09:55:00+00:00,22411525-1,Temperature,CURRENT,°C,18.272792968750004
2026-09-04T09:55:00+00:00,22411525-2,RH,CURRENT,%,92.822156099794
2026-09-04T09:55:00+00:00,22411525-3,Dew Point,CURRENT,°C,17.113446294425525
2026-09-04T09:55:00+00:00,22411526-1,Temperature,CURRENT,°C,18.144091796874996
2026-09-04T09:55:00+00:00,22411526-2,RH,CURRENT,%,94.64866102082857
2026-09-04T09:55:00+00:00,22411526-3,Dew Point,CURRENT,°C,17.29400656109637
2026-09-04T09:55:00+00:00,22411527-1,Temperature,CURRENT,°C,18.315693359374997
2026-09-04T09:55:00+00:00,22411527-2,RH,CURRENT,%,93.0083161669337
2026-09-04T09:55:00+00:00,22411527-3,Dew Point,CURRENT,°C,17.187723104662826
2026-09-04T09:55:00+00:00,22411528-1,Temperature,CURRENT,°C,18.101191406250003
2026-09-04T09:55:00+00:00,22411528-2,RH,CURRENT,%,96.52094300755321
2026-09-04T09:55:00+00:00,22411528-3,Dew Point,CURRENT,°C,17.561869862044535
2026-09-04T09:55:00+00:00,22411529-1,Temperature,CURRENT,°C,17.908139648437505
2026-09-04T09:55:00+00:00,22411529-2,RH,CURRENT,%,97.10688944838635
2026-09-04T09:55:00+00:00,22411529-3,Dew Point,CURRENT,°C,17.46531777880277
2026-09-04T09:55:00+00:00,22411530-1,Temperature,CURRENT,°C,18.2942431640625
2026-09-04T09:55:00+00:00,22411530-2,RH,CURRENT,%,93.27077134355687
2026-09-04T09:55:00+00:00,22411530-3,Dew Point,CURRENT,°C,17.211027982331867
2026-09-04T09:55:00+00:00,22411541-S,Battery,CURRENT,V,8.154319335937501
2026-09-04T09:55:00+00:00,22447758-1,Temperature,CURRENT,°C,18.2084423828125
2026-09-04T09:55:00+00:00,22447758-2,RH,CURRENT,%,91.58159761959259
2026-09-04T09:55:00+00:00,22447758-3,Dew Point,CURRENT,°C,16.83705519366623
2026-09-04T09:55:00+00:00,22447759-1,Temperature,CURRENT,°C,18.229892578124996
2026-09-04T09:55:00+00:00,22447759-2,RH,CURRENT,%,91.68993667505913
2026-09-04T09:55:00+00:00,22447759-3,Dew Point,CURRENT,°C,16.8769698600723
2026-09-04T09:55:00+00:00,22447760-1,Temperature,CURRENT,°C,18.2084423828125
2026-09-04T09:55:00+00:00,22447760-2,RH,CURRENT,%,92.06683451590753
2026-09-04T09:55:00+00:00,22447760-3,Dew Point,CURRENT,°C,16.9204845004955
2026-09-04T09:55:00+00:00,22447761-1,Temperature,CURRENT,°C,18.144091796874996
2026-09-04T09:55:00+00:00,22447761-2,RH,CURRENT,%,91.60906385900664
2026-09-04T09:55:00+00:00,22447761-3,Dew Point,CURRENT,°C,16.77803324186958
2026-09-04T09:55:00+00:00,22447762-1,Temperature,CURRENT,°C,18.229892578124996
2026-09-04T09:55:00+00:00,22447762-2,RH,CURRENT,%,91.06889448386359
2026-09-04T09:55:00+00:00,22447762-3,Dew Point,CURRENT,°C,16.769717636706197
2026-09-04T09:55:00+00:00,22447764-1,Temperature,CURRENT,°C,18.144091796874996
2026-09-04T09:55:00+00:00,22447764-2,RH,CURRENT,%,92.39185168230716
2026-09-04T09:55:00+00:00,22447764-3,Dew Point,CURRENT,°C,16.912329250368032
2026-09-04T09:55:00+00:00,22447765-1,Temperature,CURRENT,°C,18.2084423828125
2026-09-04T09:55:00+00:00,22447765-2,RH,CURRENT,%,91.53887235828184
2026-09-04T09:55:00+00:00,22447765-3,Dew Point,CURRENT,°C,16.829690681497652
2026-09-04T09:55:00+00:00,22447766-1,Temperature,CURRENT,°C,18.251342773437493
2026-09-04T09:55:00+00:00,22447766-2,RH,CURRENT,%,91.4351110093843
2026-09-04T09:55:00+00:00,22447766-3,Dew Point,CURRENT,°C,16.85428590639647
2026-09-04T10:00:00+00:00,22411189-1,Temperature,CURRENT,°C,18.0368408203125
2026-09-04T10:00:00+00:00,22411189-2,RH,CURRENT,%,96.62012664988174
2026-09-04T10:00:00+00:00,22411189-3,Dew Point,CURRENT,°C,17.513995099620285
2026-09-04T10:00:00+00:00,22411190-1,Temperature,CURRENT,°C,18.07974121093749
2026-09-04T10:00:00+00:00,22411190-2,RH,CURRENT,%,93.27077134355687
2026-09-04T10:00:00+00:00,22411190-3,Dew Point,CURRENT,°C,16.998037921871525
2026-09-04T10:00:00+00:00,22411191-1,Temperature,CURRENT,°C,18.186992187500003
2026-09-04T10:00:00+00:00,22411191-2,RH,CURRENT,%,95.15220874341955
2026-09-04T10:00:00+00:00,22411191-3,Dew Point,CURRENT,°C,17.420782763334884
2026-09-04T10:00:00+00:00,22411525-1,Temperature,CURRENT,°C,18.165541992187492
2026-09-04T10:00:00+00:00,22411525-2,RH,CURRENT,%,92.8725108720531
2026-09-04T10:00:00+00:00,22411525-3,Dew Point,CURRENT,°C,17.01558635524889
2026-09-04T10:00:00+00:00,22411526-1,Temperature,CURRENT,°C,17.99394042968749
2026-09-04T10:00:00+00:00,22411526-2,RH,CURRENT,%,94.65323872739758
2026-09-04T10:00:00+00:00,22411526-3,Dew Point,CURRENT,°C,17.145406400738626
2026-09-04T10:00:00+00:00,22411527-1,Temperature,CURRENT,°C,18.2084423828125
2026-09-04T10:00:00+00:00,22411527-2,RH,CURRENT,%,92.99153124284733
2026-09-04T10:00:00+00:00,22411527-3,Dew Point,CURRENT,°C,17.078411671639
2026-09-04T10:00:00+00:00,22411528-1,Temperature,CURRENT,°C,17.92958984375
2026-09-04T10:00:00+00:00,22411528-2,RH,CURRENT,%,96.5972381170367
2026-09-04T10:00:00+00:00,22411528-3,Dew Point,CURRENT,°C,17.403275813505914
2026-09-04T10:00:00+00:00,22411529-1,Temperature,CURRENT,°C,17.715087890624993
2026-09-04T10:00:00+00:00,22411529-2,RH,CURRENT,%,97.08400091554131
2026-09-04T10:00:00+00:00,22411529-3,Dew Point,CURRENT,°C,17.268929744945602
2026-09-04T10:00:00+00:00,22411530-1,Temperature,CURRENT,°C,18.144091796874996
2026-09-04T10:00:00+00:00,22411530-2,RH,CURRENT,%,93.3699549858854
2026-09-04T10:00:00+00:00,22411530-3,Dew Point,CURRENT,°C,17.07874008793799
2026-09-04T10:00:00+00:00,22411541-S,Battery,CURRENT,V,8.164011474609376
2026-09-04T10:00:00+00:00,22447758-1,Temperature,CURRENT,°C,18.07974121093749
2026-09-04T10:00:00+00:00,22447758-2,RH,CURRENT,%,91.54955367360952
2026-09-04T10:00:00+00:00,22447758-3,Dew Point,CURRENT,°C,16.704032803655608
2026-09-04T10:00:00+00:00,22447759-1,Temperature,CURRENT,°C,18.101191406250003
2026-09-04T10:00:00+00:00,22447759-2,RH,CURRENT,%,91.71282520790417
2026-09-04T10:00:00+00:00,22447759-3,Dew Point,CURRENT,°C,16.753383130552937
2026-09-04T10:00:00+00:00,22447760-1,Temperature,CURRENT,°C,18.07974121093749
2026-09-04T10:00:00+00:00,22447760-2,RH,CURRENT,%,92.133974212253
2026-09-04T10:00:00+00:00,22447760-3,Dew Point,CURRENT,°C,16.804397895055068
2026-09-04T10:00:00+00:00,22447761-1,Temperature,CURRENT,°C,18.015390625000002
2026-09-04T10:00:00+00:00,22447761-2,RH,CURRENT,%,91.65331502250706
2026-09-04T10:00:00+00:00,22447761-3,Dew Point,CURRENT,°C,16.658134233710758
2026-09-04T10:00:00+00:00,22447762-1,Temperature,CURRENT,°C,18.101191406250003
2026-09-04T10:00:00+00:00,22447762-2,RH,CURRENT,%,91.13145647364004
2026-09-04T10:00:00+00:00,22447762-3,Dew Point,CURRENT,°C,16.653124045661308
2026-09-04T10:00:00+00:00,22447764-1,Temperature,CURRENT,°C,18.015390625000002
2026-09-04T10:00:00+00:00,22447764-2,RH,CURRENT,%,92.34607461661707
2026-09-04T10:00:00+00:00,22447764-3,Dew Point,CURRENT,°C,16.776866521440738
2026-09-04T10:00:00+00:00,22447765-1,Temperature,CURRENT,°C,18.101191406250003
2026-09-04T10:00:00+00:00,22447765-2,RH,CURRENT,%,91.45189593347067
2026-09-04T10:00:00+00:00,22447765-3,Dew Point,CURRENT,°C,16.708454030712428
2026-09-04T10:00:00+00:00,22447766-1,Temperature,CURRENT,°C,18.1226416015625
2026-09-04T10:00:00+00:00,22447766-2,RH,CURRENT,%,91.46257724879835
2026-09-04T10:00:00+00:00,22447766-3,Dew Point,CURRENT,°C,16.73154284421389
2026-09-04T10:05:00+00:00,22411189-1,Temperature,CURRENT,°C,17.92958984375
2026-09-04T10:05:00+00:00,22411189-2,RH,CURRENT,%,96.61249713893339
2026-09-04T10:05:00+00:00,22411189-3,Dew Point,CURRENT,°C,17.405779850284915
2026-09-04T10:05:00+00:00,22411190-1,Temperature,CURRENT,°C,17.972490234374995
2026-09-04T10:05:00+00:00,22411190-2,RH,CURRENT,%,93.16548409246967
2026-09-04T10:05:00+00:00,22411190-3,Dew Point,CURRENT,°C,16.873709908525388
2026-09-04T10:05:00+00:00,22411191-1,Temperature,CURRENT,°C,18.07974121093749
2026-09-04T10:05:00+00:00,22411191-2,RH,CURRENT,%,94.94010833905547
2026-09-04T10:05:00+00:00,22411191-3,Dew Point,CURRENT,°C,17.27867614477262
2026-09-04T10:05:00+00:00,22411525-1,Temperature,CURRENT,°C,18.058291015624995
2026-09-04T10:05:00+00:00,22411525-2,RH,CURRENT,%,92.64362554360265
2026-09-04T10:05:00+00:00,22411525-3,Dew Point,CURRENT,°C,16.870187065756177
2026-09-04T10:05:00+00:00,22411526-1,Temperature,CURRENT,°C,17.865239257812497
2026-09-04T10:05:00+00:00,22411526-2,RH,CURRENT,%,94.83939879453727
2026-09-04T10:05:00+00:00,22411526-3,Dew Point,CURRENT,°C,17.048435558298436
2026-09-04T10:05:00+00:00,22411527-1,Temperature,CURRENT,°C,18.1226416015625
2026-09-04T10:05:00+00:00,22411527-2,RH,CURRENT,%,92.71534294651713
2026-09-04T10:05:00+00:00,22411527-3,Dew Point,CURRENT,°C,16.946253652730523
2026-09-04T10:05:00+00:00,22411528-1,Temperature,CURRENT,°C,17.800888671874993
2026-09-04T10:05:00+00:00,22411528-2,RH,CURRENT,%,96.77576867322804
2026-09-04T10:05:00+00:00,22411528-3,Dew Point,CURRENT,°C,17.304169418032814
2026-09-04T10:05:00+00:00,22411529-1,Temperature,CURRENT,°C,17.58638671875
2026-09-04T10:05:00+00:00,22411529-2,RH,CURRENT,%,97.29304951552605
2026-09-04T10:05:00+00:00,22411529-3,Dew Point,CURRENT,°C,17.174529911988976
2026-09-04T10:05:00+00:00,22411530-1,Temperature,CURRENT,°C,18.058291015624995
2026-09-04T10:05:00+00:00,22411530-2,RH,CURRENT,%,93.29823758297093
2026-09-04T10:05:00+00:00,22411530-3,Dew Point,CURRENT,°C,16.981390970513594
2026-09-04T10:05:00+00:00,22411541-S,Battery,CURRENT,V,8.164011474609376
2026-09-04T10:05:00+00:00,22447758-1,Temperature,CURRENT,°C,17.99394042968749
2026-09-04T10:05:00+00:00,22447758-2,RH,CURRENT,%,91.17418173495079
2026-09-04T10:05:00+00:00,22447758-3,Dew Point,CURRENT,°C,16.554315443900705
2026-09-04T10:05:00+00:00,22447759-1,Temperature,CURRENT,°C,18.0368408203125
2026-09-04T10:05:00+00:00,22447759-2,RH,CURRENT,%,91.23674372472725
2026-09-04T10:05:00+00:00,22447759-3,Dew Point,CURRENT,°C,16.607599855812957
2026-09-04T10:05:00+00:00,22447760-1,Temperature,CURRENT,°C,18.015390625000002
2026-09-04T10:05:00+00:00,22447760-2,RH,CURRENT,%,91.5907530327306
2026-09-04T10:05:00+00:00,22447760-3,Dew Point,CURRENT,°C,16.647373045919313
2026-09-04T10:05:00+00:00,22447761-1,Temperature,CURRENT,°C,17.92958984375
2026-09-04T10:05:00+00:00,22447761-2,RH,CURRENT,%,91.19096665903716
2026-09-04T10:05:00+00:00,22447761-3,Dew Point,CURRENT,°C,16.4934951309577
2026-09-04T10:05:00+00:00,22447762-1,Temperature,CURRENT,°C,18.0368408203125
2026-09-04T10:05:00+00:00,22447762-2,RH,CURRENT,%,90.55924315251393
2026-09-04T10:05:00+00:00,22447762-3,Dew Point,CURRENT,°C,16.490231165642463
2026-09-04T10:05:00+00:00,22447764-1,Temperature,CURRENT,°C,17.92958984375
2026-09-04T10:05:00+00:00,22447764-2,RH,CURRENT,%,91.9279774166476
2026-09-04T10:05:00+00:00,22447764-3,Dew Point,CURRENT,°C,16.620258847631348
2026-09-04T10:05:00+00:00,22447765-1,Temperature,CURRENT,°C,17.99394042968749
2026-09-04T10:05:00+00:00,22447765-2,RH,CURRENT,%,91.10551613641566
2026-09-04T10:05:00+00:00,22447765-3,Dew Point,CURRENT,°C,16.542451638648377
2026-09-04T10:05:00+00:00,22447766-1,Temperature,CURRENT,°C,18.0368408203125
2026-09-04T10:05:00+00:00,22447766-2,RH,CURRENT,%,91.06431677729458
2026-09-04T10:05:00+00:00,22447766-3,Dew Point,CURRENT,°C,16.577801620932668
2026-09-04T10:10:00+00:00,22411189-1,Temperature,CURRENT,°C,17.972490234374995
2026-09-04T10:10:00+00:00,22411189-2,RH,CURRENT,%,95.91515983825437
2026-09-04T10:10:00+00:00,22411189-3,Dew Point,CURRENT,°C,17.333736451874042
2026-09-04T10:10:00+00:00,22411190-1,Temperature,CURRENT,°C,18.015390625000002
2026-09-04T10:10:00+00:00,22411190-2,RH,CURRENT,%,92.64362554360265
2026-09-04T10:10:00+00:00,22411190-3,Dew Point,CURRENT,°C,16.82762446800814
2026-09-04T10:10:00+00:00,22411191-1,Temperature,CURRENT,°C,18.144091796874996
2026-09-04T10:10:00+00:00,22411191-2,RH,CURRENT,%,94.40146486610209
2026-09-04T10:10:00+00:00,22411191-3,Dew Point,CURRENT,°C,17.252591236609824
2026-09-04T10:10:00+00:00,22411525-1,Temperature,CURRENT,°C,18.1226416015625
2026-09-04T10:10:00+00:00,22411525-2,RH,CURRENT,%,92.07141222247654
2026-09-04T10:10:00+00:00,22411525-3,Dew Point,CURRENT,°C,16.836210351949486
2026-09-04T10:10:00+00:00,22411526-1,Temperature,CURRENT,°C,17.886689453124994
2026-09-04T10:10:00+00:00,22411526-2,RH,CURRENT,%,94.31906614785993
2026-09-04T10:10:00+00:00,22411526-3,Dew Point,CURRENT,°C,16.982820688059622
2026-09-04T10:10:00+00:00,22411527-1,Temperature,CURRENT,°C,18.165541992187492
2026-09-04T10:10:00+00:00,22411527-2,RH,CURRENT,%,92.24383916990921
2026-09-04T10:10:00+00:00,22411527-3,Dew Point,CURRENT,°C,16.908282449746867
2026-09-04T10:10:00+00:00,22411528-1,Temperature,CURRENT,°C,17.822338867187504
2026-09-04T10:10:00+00:00,22411528-2,RH,CURRENT,%,96.20965896086061
2026-09-04T10:10:00+00:00,22411528-3,Dew Point,CURRENT,°C,17.232649856604006
2026-09-04T10:10:00+00:00,22411529-1,Temperature,CURRENT,°C,17.54348632812499
2026-09-04T10:10:00+00:00,22411529-2,RH,CURRENT,%,96.92683299000534
2026-09-04T10:10:00+00:00,22411529-3,Dew Point,CURRENT,°C,17.072064759833587
2026-09-04T10:10:00+00:00,22411530-1,Temperature,CURRENT,°C,18.1226416015625
2026-09-04T10:10:00+00:00,22411530-2,RH,CURRENT,%,92.6009002822919
2026-09-04T10:10:00+00:00,22411530-3,Dew Point,CURRENT,°C,16.92674521395016
2026-09-04T10:10:00+00:00,22411541-S,Battery,CURRENT,V,8.164011474609376
2026-09-04T10:10:00+00:00,22447758-1,Temperature,CURRENT,°C,17.865239257812497
2026-09-04T10:10:00+00:00,22447758-2,RH,CURRENT,%,91.51293202105745
2026-09-04T10:10:00+00:00,22447758-3,Dew Point,CURRENT,°C,16.485235075963583
2026-09-04T10:10:00+00:00,22447759-1,Temperature,CURRENT,°C,17.886689453124994
2026-09-04T10:10:00+00:00,22447759-2,RH,CURRENT,%,91.55718318455787
2026-09-04T10:10:00+00:00,22447759-3,Dew Point,CURRENT,°C,16.514094423356735
2026-09-04T10:10:00+00:00,22447760-1,Temperature,CURRENT,°C,17.865239257812497
2026-09-04T10:10:00+00:00,22447760-2,RH,CURRENT,%,92.0378423743038
2026-09-04T10:10:00+00:00,22447760-3,Dew Point,CURRENT,°C,16.575286638310793
2026-09-04T10:10:00+00:00,22447761-1,Temperature,CURRENT,°C,17.779438476562497
2026-09-04T10:10:00+00:00,22447761-2,RH,CURRENT,%,91.59533073929961
2026-09-04T10:10:00+00:00,22447761-3,Dew Point,CURRENT,°C,16.414394999592023
2026-09-04T10:10:00+00:00,22447762-1,Temperature,CURRENT,°C,17.908139648437505
2026-09-04T10:10:00+00:00,22447762-2,RH,CURRENT,%,91.02159151598383
2026-09-04T10:10:00+00:00,22447762-3,Dew Point,CURRENT,°C,16.443001421576195
2026-09-04T10:10:00+00:00,22447764-1,Temperature,CURRENT,°C,17.779438476562497
2026-09-04T10:10:00+00:00,22447764-2,RH,CURRENT,%,92.30334935530632
2026-09-04T10:10:00+00:00,22447764-3,Dew Point,CURRENT,°C,16.535577659654134
2026-09-04T10:10:00+00:00,22447765-1,Temperature,CURRENT,°C,17.865239257812497
2026-09-04T10:10:00+00:00,22447765-2,RH,CURRENT,%,91.43968871595331
2026-09-04T10:10:00+00:00,22447765-3,Dew Point,CURRENT,°C,16.472633782988833
2026-09-04T10:10:00+00:00,22447766-1,Temperature,CURRENT,°C,17.908139648437505
2026-09-04T10:10:00+00:00,22447766-2,RH,CURRENT,%,91.37560082398718
2026-09-04T10:10:00+00:00,22447766-3,Dew Point,CURRENT,°C,16.504090622576257
2026-09-04T10:15:00+00:00,22411189-1,Temperature,CURRENT,°C,17.8437890625
2026-09-04T10:15:00+00:00,22411189-2,RH,CURRENT,%,96.12573434042878
2026-09-04T10:15:00+00:00,22411189-3,Dew Point,CURRENT,°C,17.240213530384406
2026-09-04T10:15:00+00:00,22411190-1,Temperature,CURRENT,°C,17.908139648437505
2026-09-04T10:15:00+00:00,22411190-2,RH,CURRENT,%,92.74280918593118
2026-09-04T10:15:00+00:00,22411190-3,Dew Point,CURRENT,°C,16.738091138126173
2026-09-04T10:15:00+00:00,22411191-1,Temperature,CURRENT,°C,18.0368408203125
2026-09-04T10:15:00+00:00,22411191-2,RH,CURRENT,%,94.43198290989548
2026-09-04T10:15:00+00:00,22411191-3,Dew Point,CURRENT,°C,17.151050288215817
2026-09-04T10:15:00+00:00,22411525-1,Temperature,CURRENT,°C,18.0368408203125
2026-09-04T10:15:00+00:00,22411525-2,RH,CURRENT,%,92.12024109254597
2026-09-04T10:15:00+00:00,22411525-3,Dew Point,CURRENT,°C,16.759513181457425
2026-09-04T10:15:00+00:00,22411526-1,Temperature,CURRENT,°C,17.779438476562497
2026-09-04T10:15:00+00:00,22411526-2,RH,CURRENT,%,94.35416189822233
2026-09-04T10:15:00+00:00,22411526-3,Dew Point,CURRENT,°C,16.882050146346568
2026-09-04T10:15:00+00:00,22411527-1,Temperature,CURRENT,°C,18.07974121093749
2026-09-04T10:15:00+00:00,22411527-2,RH,CURRENT,%,92.19806210421912
2026-09-04T10:15:00+00:00,22411527-3,Dew Point,CURRENT,°C,16.815370030672728
2026-09-04T10:15:00+00:00,22411528-1,Temperature,CURRENT,°C,17.693637695312496
2026-09-04T10:15:00+00:00,22411528-2,RH,CURRENT,%,96.29205767910277
2026-09-04T10:15:00+00:00,22411528-3,Dew Point,CURRENT,°C,17.117901503051513
2026-09-04T10:15:00+00:00,22411529-1,Temperature,CURRENT,°C,17.414785156249998
2026-09-04T10:15:00+00:00,22411529-2,RH,CURRENT,%,97.0794232089723
2026-09-04T10:15:00+00:00,22411529-3,Dew Point,CURRENT,°C,16.968507091712727
2026-09-04T10:15:00+00:00,22411530-1,Temperature,CURRENT,°C,18.015390625000002
2026-09-04T10:15:00+00:00,22411530-2,RH,CURRENT,%,92.78553444724193
2026-09-04T10:15:00+00:00,22411530-3,Dew Point,CURRENT,°C,16.851781826382318
2026-09-04T10:15:00+00:00,22411541-S,Battery,CURRENT,V,8.164011474609376
2026-09-04T10:15:00+00:00,22447758-1,Temperature,CURRENT,°C,17.822338867187504
2026-09-04T10:15:00+00:00,22447758-2,RH,CURRENT,%,91.3145647364004
2026-09-04T10:15:00+00:00,22447758-3,Dew Point,CURRENT,°C,16.40859930767326
2026-09-04T10:15:00+00:00,22447759-1,Temperature,CURRENT,°C,17.865239257812497
2026-09-04T10:15:00+00:00,22447759-2,RH,CURRENT,%,91.38323033493553
2026-09-04T10:15:00+00:00,22447759-3,Dew Point,CURRENT,°C,16.462914248977604
2026-09-04T10:15:00+00:00,22447760-1,Temperature,CURRENT,°C,17.822338867187504
2026-09-04T10:15:00+00:00,22447760-2,RH,CURRENT,%,91.79064621957733
2026-09-04T10:15:00+00:00,22447760-3,Dew Point,CURRENT,°C,16.490420684832426
2026-09-04T10:15:00+00:00,22447761-1,Temperature,CURRENT,°C,17.75798828125
2026-09-04T10:15:00+00:00,22447761-2,RH,CURRENT,%,91.37102311741818
2026-09-04T10:15:00+00:00,22447761-3,Dew Point,CURRENT,°C,16.354586772977125
2026-09-04T10:15:00+00:00,22447762-1,Temperature,CURRENT,°C,17.865239257812497
2026-09-04T10:15:00+00:00,22447762-2,RH,CURRENT,%,90.78049897001603
2026-09-04T10:15:00+00:00,22447762-3,Dew Point,CURRENT,°C,16.358822427510802
2026-09-04T10:15:00+00:00,22447764-1,Temperature,CURRENT,°C,17.75798828125
2026-09-04T10:15:00+00:00,22447764-2,RH,CURRENT,%,92.14770733196002
2026-09-04T10:15:00+00:00,22447764-3,Dew Point,CURRENT,°C,16.4877410113781
2026-09-04T10:15:00+00:00,22447765-1,Temperature,CURRENT,°C,17.8437890625
2026-09-04T10:15:00+00:00,22447765-2,RH,CURRENT,%,91.279468986038
2026-09-04T10:15:00+00:00,22447765-3,Dew Point,CURRENT,°C,16.423795217832982
2026-09-04T10:15:00+00:00,22447766-1,Temperature,CURRENT,°C,17.908139648437505
2026-09-04T10:15:00+00:00,22447766-2,RH,CURRENT,%,91.14976729991608
2026-09-04T10:15:00+00:00,22447766-3,Dew Point,CURRENT,°C,16.465143928038472
2026-09-04T10:20:00+00:00,22411189-1,Temperature,CURRENT,°C,17.779438476562497
2026-09-04T10:20:00+00:00,22411189-2,RH,CURRENT,%,96.20355535210193
2026-09-04T10:20:00+00:00,22411189-3,Dew Point,CURRENT,°C,17.188882931199924
2026-09-04T10:20:00+00:00,22411190-1,Temperature,CURRENT,°C,17.8437890625
2026-09-04T10:20:00+00:00,22411190-2,RH,CURRENT,%,92.87708857862211
2026-09-04T10:20:00+00:00,22411190-3,Dew Point,CURRENT,°C,16.697045840166673
2026-09-04T10:20:00+00:00,22411191-1,Temperature,CURRENT,°C,17.951040039062498
2026-09-04T10:20:00+00:00,22411191-2,RH,CURRENT,%,94.58915083543145
2026-09-04T10:20:00+00:00,22411191-3,Dew Point,CURRENT,°C,17.09201863127909
2026-09-04T10:20:00+00:00,22411525-1,Temperature,CURRENT,°C,17.951040039062498
2026-09-04T10:20:00+00:00,22411525-2,RH,CURRENT,%,92.309452964065
2026-09-04T10:20:00+00:00,22411525-3,Dew Point,CURRENT,°C,16.706794061605276
2026-09-04T10:20:00+00:00,22411526-1,Temperature,CURRENT,°C,17.715087890624993
2026-09-04T10:20:00+00:00,22411526-2,RH,CURRENT,%,94.3358510719463
2026-09-04T10:20:00+00:00,22411526-3,Dew Point,CURRENT,°C,16.81499796194827
2026-09-04T10:20:00+00:00,22411527-1,Temperature,CURRENT,°C,17.972490234374995
2026-09-04T10:20:00+00:00,22411527-2,RH,CURRENT,%,92.48645761806668
2026-09-04T10:20:00+00:00,22411527-3,Dew Point,CURRENT,°C,16.758277977403466
2026-09-04T10:20:00+00:00,22411528-1,Temperature,CURRENT,°C,17.607836914062496
2026-09-04T10:20:00+00:00,22411528-2,RH,CURRENT,%,96.28137636377508
2026-09-04T10:20:00+00:00,22411528-3,Dew Point,CURRENT,°C,17.03061296839489
2026-09-04T10:20:00+00:00,22411529-1,Temperature,CURRENT,°C,17.328984374999997
2026-09-04T10:20:00+00:00,22411529-2,RH,CURRENT,%,97.00617990386816
2026-09-04T10:20:00+00:00,22411529-3,Dew Point,CURRENT,°C,16.87096945539368
2026-09-04T10:20:00+00:00,22411530-1,Temperature,CURRENT,°C,17.92958984375
2026-09-04T10:20:00+00:00,22411530-2,RH,CURRENT,%,92.89845120927748
2026-09-04T10:20:00+00:00,22411530-3,Dew Point,CURRENT,°C,16.785826299630415
2026-09-04T10:20:00+00:00,22411541-S,Battery,CURRENT,V,8.160780761718751
2026-09-04T10:20:00+00:00,22447758-1,Temperature,CURRENT,°C,17.800888671874993
2026-09-04T10:20:00+00:00,22447758-2,RH,CURRENT,%,91.24132143129626
2026-09-04T10:20:00+00:00,22447758-3,Dew Point,CURRENT,°C,16.374736927301996
2026-09-04T10:20:00+00:00,22447759-1,Temperature,CURRENT,°C,17.865239257812497
2026-09-04T10:20:00+00:00,22447759-2,RH,CURRENT,%,91.27031357289998
2026-09-04T10:20:00+00:00,22447759-3,Dew Point,CURRENT,°C,16.443459386513542
2026-09-04T10:20:00+00:00,22447760-1,Temperature,CURRENT,°C,17.822338867187504
2026-09-04T10:20:00+00:00,22447760-2,RH,CURRENT,%,91.7769130998703
2026-09-04T10:20:00+00:00,22447760-3,Dew Point,CURRENT,°C,16.488065666529288
2026-09-04T10:20:00+00:00,22447761-1,Temperature,CURRENT,°C,17.715087890624993
2026-09-04T10:20:00+00:00,22447761-2,RH,CURRENT,%,91.39696345464256
2026-09-04T10:20:00+00:00,22447761-3,Dew Point,CURRENT,°C,16.316558208142876
2026-09-04T10:20:00+00:00,22447762-1,Temperature,CURRENT,°C,17.865239257812497
2026-09-04T10:20:00+00:00,22447762-2,RH,CURRENT,%,90.7011520561532
2026-09-04T10:20:00+00:00,22447762-3,Dew Point,CURRENT,°C,16.345074124889667
2026-09-04T10:20:00+00:00,22447764-1,Temperature,CURRENT,°C,17.736538085937504
2026-09-04T10:20:00+00:00,22447764-2,RH,CURRENT,%,92.06530861371786
2026-09-04T10:20:00+00:00,22447764-3,Dew Point,CURRENT,°C,16.452396324812558
2026-09-04T10:20:00+00:00,22447765-1,Temperature,CURRENT,°C,17.800888671874993
2026-09-04T10:20:00+00:00,22447765-2,RH,CURRENT,%,91.24742504005494
2026-09-04T10:20:00+00:00,22447765-3,Dew Point,CURRENT,°C,16.37578884568509
2026-09-04T10:20:00+00:00,22447766-1,Temperature,CURRENT,°C,17.865239257812497
2026-09-04T10:20:00+00:00,22447766-2,RH,CURRENT,%,91.07652399481194
2026-09-04T10:20:00+00:00,22447766-3,Dew Point,CURRENT,°C,16.410021428137302
2026-09-04T10:25:00+00:00,22411189-1,Temperature,CURRENT,°C,17.629287109374992
2026-09-04T10:25:00+00:00,22411189-2,RH,CURRENT,%,96.61554894331273
2026-09-04T10:25:00+00:00,22411189-3,Dew Point,CURRENT,°C,17.106783915478175
2026-09-04T10:25:00+00:00,22411190-1,Temperature,CURRENT,°C,17.715087890624993
2026-09-04T10:25:00+00:00,22411190-2,RH,CURRENT,%,93.20210574502174
2026-09-04T10:25:00+00:00,22411190-3,Dew Point,CURRENT,°C,16.624346730190396
2026-09-04T10:25:00+00:00,22411191-1,Temperature,CURRENT,°C,17.822338867187504
2026-09-04T10:25:00+00:00,22411191-2,RH,CURRENT,%,95.03624017700466
2026-09-04T10:25:00+00:00,22411191-3,Dew Point,CURRENT,°C,17.038519651523167
2026-09-04T10:25:00+00:00,22411525-1,Temperature,CURRENT,°C,17.800888671874993
2026-09-04T10:25:00+00:00,22411525-2,RH,CURRENT,%,92.74738689250019
2026-09-04T10:25:00+00:00,22411525-3,Dew Point,CURRENT,°C,16.632447544913134
2026-09-04T10:25:00+00:00,22411526-1,Temperature,CURRENT,°C,17.58638671875
2026-09-04T10:25:00+00:00,22411526-2,RH,CURRENT,%,94.4960708018616
2026-09-04T10:25:00+00:00,22411526-3,Dew Point,CURRENT,°C,16.713775265145806
2026-09-04T10:25:00+00:00,22411527-1,Temperature,CURRENT,°C,17.8437890625
2026-09-04T10:25:00+00:00,22411527-2,RH,CURRENT,%,92.89997711146715
2026-09-04T10:25:00+00:00,22411527-3,Dew Point,CURRENT,°C,16.70093059213825
2026-09-04T10:25:00+00:00,22411528-1,Temperature,CURRENT,°C,17.479135742187502
2026-09-04T10:25:00+00:00,22411528-2,RH,CURRENT,%,96.55298695353628
2026-09-04T10:25:00+00:00,22411528-3,Dew Point,CURRENT,°C,16.946802647206678
2026-09-04T10:25:00+00:00,22411529-1,Temperature,CURRENT,°C,17.2217333984375
2026-09-04T10:25:00+00:00,22411529-2,RH,CURRENT,%,97.31746395056076
2026-09-04T10:25:00+00:00,22411529-3,Dew Point,CURRENT,°C,16.81449675835201
2026-09-04T10:25:00+00:00,22411530-1,Temperature,CURRENT,°C,17.779438476562497
2026-09-04T10:25:00+00:00,22411530-2,RH,CURRENT,%,93.28297856107423
2026-09-04T10:25:00+00:00,22411530-3,Dew Point,CURRENT,°C,16.70191247271528
2026-09-04T10:25:00+00:00,22411541-S,Battery,CURRENT,V,8.157550048828126
2026-09-04T10:25:00+00:00,22447758-1,Temperature,CURRENT,°C,17.650737304687503
2026-09-04T10:25:00+00:00,22447758-2,RH,CURRENT,%,91.51293202105745
2026-09-04T10:25:00+00:00,22447758-3,Dew Point,CURRENT,°C,16.272743229554756
2026-09-04T10:25:00+00:00,22447759-1,Temperature,CURRENT,°C,17.693637695312496
2026-09-04T10:25:00+00:00,22447759-2,RH,CURRENT,%,91.59533073929961
2026-09-04T10:25:00+00:00,22447759-3,Dew Point,CURRENT,°C,16.329388712267278
2026-09-04T10:25:00+00:00,22447760-1,Temperature,CURRENT,°C,17.650737304687503
2026-09-04T10:25:00+00:00,22447760-2,RH,CURRENT,%,91.9829098954757
2026-09-04T10:25:00+00:00,22447760-3,Dew Point,CURRENT,°C,16.35325709730665
2026-09-04T10:25:00+00:00,22447761-1,Temperature,CURRENT,°C,17.58638671875
2026-09-04T10:25:00+00:00,22447761-2,RH,CURRENT,%,91.46715495536736
2026-09-04T10:25:00+00:00,22447761-3,Dew Point,CURRENT,°C,16.20113762295579
2026-09-04T10:25:00+00:00,22447762-1,Temperature,CURRENT,°C,17.6721875
2026-09-04T10:25:00+00:00,22447762-2,RH,CURRENT,%,91.03227283131152
2026-09-04T10:25:00+00:00,22447762-3,Dew Point,CURRENT,°C,16.2112592875353
2026-09-04T10:25:00+00:00,22447764-1,Temperature,CURRENT,°C,17.58638671875
2026-09-04T10:25:00+00:00,22447764-2,RH,CURRENT,%,92.26214999618524
2026-09-04T10:25:00+00:00,22447764-3,Dew Point,CURRENT,°C,16.33711203494301
2026-09-04T10:25:00+00:00,22447765-1,Temperature,CURRENT,°C,17.650737304687503
2026-09-04T10:25:00+00:00,22447765-2,RH,CURRENT,%,91.38323033493553
2026-09-04T10:25:00+00:00,22447765-3,Dew Point,CURRENT,°C,16.250459704525614
2026-09-04T10:25:00+00:00,22447766-1,Temperature,CURRENT,°C,17.715087890624993
2026-09-04T10:25:00+00:00,22447766-2,RH,CURRENT,%,91.3847562371252
2026-09-04T10:25:00+00:00,22447766-3,Dew Point,CURRENT,°C,16.314458731401697
2026-09-04T10:30:00+00:00,22411189-1,Temperature,CURRENT,°C,17.58638671875
2026-09-04T10:30:00+00:00,22411189-2,RH,CURRENT,%,96.82154573891813
2026-09-04T10:30:00+00:00,22411189-3,Dew Point,CURRENT,°C,17.09767769149859
2026-09-04T10:30:00+00:00,22411190-1,Temperature,CURRENT,°C,17.650737304687503
2026-09-04T10:30:00+00:00,22411190-2,RH,CURRENT,%,93.49507896543831
2026-09-04T10:30:00+00:00,22411190-3,Dew Point,CURRENT,°C,16.609889972802925
2026-09-04T10:30:00+00:00,22411191-1,Temperature,CURRENT,°C,17.779438476562497
2026-09-04T10:30:00+00:00,22411191-2,RH,CURRENT,%,95.27580682078279
2026-09-04T10:30:00+00:00,22411191-3,Dew Point,CURRENT,°C,17.0356123029025
2026-09-04T10:30:00+00:00,22411525-1,Temperature,CURRENT,°C,17.75798828125
2026-09-04T10:30:00+00:00,22411525-2,RH,CURRENT,%,92.88471808957046
2026-09-04T10:30:00+00:00,22411525-3,Dew Point,CURRENT,°C,16.613187480727245
2026-09-04T10:30:00+00:00,22411526-1,Temperature,CURRENT,°C,17.5005859375
2026-09-04T10:30:00+00:00,22411526-2,RH,CURRENT,%,95.0240329594873
2026-09-04T10:30:00+00:00,22411526-3,Dew Point,CURRENT,°C,16.71625983464588
2026-09-04T10:30:00+00:00,22411527-1,Temperature,CURRENT,°C,17.822338867187504
2026-09-04T10:30:00+00:00,22411527-2,RH,CURRENT,%,93.04493781948577
2026-09-04T10:30:00+00:00,22411527-3,Dew Point,CURRENT,°C,16.704221702381886
2026-09-04T10:30:00+00:00,22411528-1,Temperature,CURRENT,°C,17.436235351562495
2026-09-04T10:30:00+00:00,22411528-2,RH,CURRENT,%,96.95124742504005
2026-09-04T10:30:00+00:00,22411528-3,Dew Point,CURRENT,°C,16.969037379764995
2026-09-04T10:30:00+00:00,22411529-1,Temperature,CURRENT,°C,17.200283203125004
2026-09-04T10:30:00+00:00,22411529-2,RH,CURRENT,%,97.6470588235294
2026-09-04T10:30:00+00:00,22411529-3,Dew Point,CURRENT,°C,16.846439700976806
2026-09-04T10:30:00+00:00,22411530-1,Temperature,CURRENT,°C,17.736538085937504
2026-09-04T10:30:00+00:00,22411530-2,RH,CURRENT,%,93.49507896543831
2026-09-04T10:30:00+00:00,22411530-3,Dew Point,CURRENT,°C,16.69511280280514
2026-09-04T10:30:00+00:00,22411541-S,Battery,CURRENT,V,8.144627197265626
2026-09-04T10:30:00+00:00,22447758-1,Temperature,CURRENT,°C,17.436235351562495
2026-09-04T10:30:00+00:00,22447758-2,RH,CURRENT,%,92.36896314946212
2026-09-04T10:30:00+00:00,22447758-3,Dew Point,CURRENT,°C,16.206385533167378
2026-09-04T10:30:00+00:00,22447759-1,Temperature,CURRENT,°C,17.45768554687499
2026-09-04T10:30:00+00:00,22447759-2,RH,CURRENT,%,92.48798352025635
2026-09-04T10:30:00+00:00,22447759-3,Dew Point,CURRENT,°C,16.24788720540823
2026-09-04T10:30:00+00:00,22447760-1,Temperature,CURRENT,°C,17.436235351562495
2026-09-04T10:30:00+00:00,22447760-2,RH,CURRENT,%,92.83131151293202
2026-09-04T10:30:00+00:00,22447760-3,Dew Point,CURRENT,°C,16.284821754857408
2026-09-04T10:30:00+00:00,22447761-1,Temperature,CURRENT,°C,17.371884765625005
2026-09-04T10:30:00+00:00,22447761-2,RH,CURRENT,%,92.27588311589227
2026-09-04T10:30:00+00:00,22447761-3,Dew Point,CURRENT,°C,16.12673913881414
2026-09-04T10:30:00+00:00,22447762-1,Temperature,CURRENT,°C,17.45768554687499
2026-09-04T10:30:00+00:00,22447762-2,RH,CURRENT,%,91.90051117723354
2026-09-04T10:30:00+00:00,22447762-3,Dew Point,CURRENT,°C,16.147822758081734
2026-09-04T10:30:00+00:00,22447764-1,Temperature,CURRENT,°C,17.3933349609375
2026-09-04T10:30:00+00:00,22447764-2,RH,CURRENT,%,93.08766308079652
2026-09-04T10:30:00+00:00,22447764-3,Dew Point,CURRENT,°C,16.285574961598666
2026-09-04T10:30:00+00:00,22447765-1,Temperature,CURRENT,°C,17.45768554687499
2026-09-04T10:30:00+00:00,22447765-2,RH,CURRENT,%,92.23468375677119
2026-09-04T10:30:00+00:00,22447765-3,Dew Point,CURRENT,°C,16.204811035883928
2026-09-04T10:30:00+00:00,22447766-1,Temperature,CURRENT,°C,17.479135742187502
2026-09-04T10:30:00+00:00,22447766-2,RH,CURRENT,%,92.28046082246128
2026-09-04T10:30:00+00:00,22447766-3,Dew Point,CURRENT,°C,16.23387496812967
2026-09-04T10:35:00+00:00,22411189-1,Temperature,CURRENT,°C,17.5005859375
2026-09-04T10:35:00+00:00,22411189-2,RH,CURRENT,%,97.28389410238803
2026-09-04T10:35:00+00:00,22411189-3,Dew Point,CURRENT,°C,17.087396655525755
2026-09-04T10:35:00+00:00,22411190-1,Temperature,CURRENT,°C,17.564936523437503
2026-09-04T10:35:00+00:00,22411190-2,RH,CURRENT,%,93.9528496223392
2026-09-04T10:35:00+00:00,22411190-3,Dew Point,CURRENT,°C,16.601587312574537
2026-09-04T10:35:00+00:00,22411191-1,Temperature,CURRENT,°C,17.6721875
2026-09-04T10:35:00+00:00,22411191-2,RH,CURRENT,%,95.85717555504692
2026-09-04T10:35:00+00:00,22411191-3,Dew Point,CURRENT,°C,17.024951990308256
2026-09-04T10:35:00+00:00,22411525-1,Temperature,CURRENT,°C,17.650737304687503
2026-09-04T10:35:00+00:00,22411525-2,RH,CURRENT,%,93.48592355230029
2026-09-04T10:35:00+00:00,22411525-3,Dew Point,CURRENT,°C,16.608347167915067
2026-09-04T10:35:00+00:00,22411526-1,Temperature,CURRENT,°C,17.45768554687499
2026-09-04T10:35:00+00:00,22411526-2,RH,CURRENT,%,95.30785076676585
2026-09-04T10:35:00+00:00,22411526-3,Dew Point,CURRENT,°C,16.720579879623322
2026-09-04T10:35:00+00:00,22411527-1,Temperature,CURRENT,°C,17.693637695312496
2026-09-04T10:35:00+00:00,22411527-2,RH,CURRENT,%,93.676661326009
2026-09-04T10:35:00+00:00,22411527-3,Dew Point,CURRENT,°C,16.683083316000243
2026-09-04T10:35:00+00:00,22411528-1,Temperature,CURRENT,°C,17.371884765625005
2026-09-04T10:35:00+00:00,22411528-2,RH,CURRENT,%,97.2854200045777
2026-09-04T10:35:00+00:00,22411528-3,Dew Point,CURRENT,°C,16.959178116703043
2026-09-04T10:35:00+00:00,22411529-1,Temperature,CURRENT,°C,17.157382812499996
2026-09-04T10:35:00+00:00,22411529-2,RH,CURRENT,%,97.73403524834058
2026-09-04T10:35:00+00:00,22411529-3,Dew Point,CURRENT,°C,16.81764639626201
2026-09-04T10:35:00+00:00,22411530-1,Temperature,CURRENT,°C,17.629287109374992
2026-09-04T10:35:00+00:00,22411530-2,RH,CURRENT,%,93.9833676661326
2026-09-04T10:35:00+00:00,22411530-3,Dew Point,CURRENT,°C,16.670662247604575
2026-09-04T10:35:00+00:00,22411541-S,Battery,CURRENT,V,8.144627197265626
2026-09-04T10:35:00+00:00,22447758-1,Temperature,CURRENT,°C,17.54348632812499
2026-09-04T10:35:00+00:00,22447758-2,RH,CURRENT,%,92.20263981078813
2026-09-04T10:35:00+00:00,22447758-3,Dew Point,CURRENT,°C,16.284430924913888
2026-09-04T10:35:00+00:00,22447759-1,Temperature,CURRENT,°C,17.58638671875
2026-09-04T10:35:00+00:00,22447759-2,RH,CURRENT,%,92.27588311589227
2026-09-04T10:35:00+00:00,22447759-3,Dew Point,CURRENT,°C,16.339451886633512
2026-09-04T10:35:00+00:00,22447760-1,Temperature,CURRENT,°C,17.54348632812499
2026-09-04T10:35:00+00:00,22447760-2,RH,CURRENT,%,92.71992065308613
2026-09-04T10:35:00+00:00,22447760-3,Dew Point,CURRENT,°C,16.372375458605337
2026-09-04T10:35:00+00:00,22447761-1,Temperature,CURRENT,°C,17.45768554687499
2026-09-04T10:35:00+00:00,22447761-2,RH,CURRENT,%,92.2590981918059
2026-09-04T10:35:00+00:00,22447761-3,Dew Point,CURRENT,°C,16.208967467074295
2026-09-04T10:35:00+00:00,22447762-1,Temperature,CURRENT,°C,17.564936523437503
2026-09-04T10:35:00+00:00,22447762-2,RH,CURRENT,%,91.6914625772488
2026-09-04T10:35:00+00:00,22447762-3,Dew Point,CURRENT,°C,16.218352833319855
2026-09-04T10:35:00+00:00,22447764-1,Temperature,CURRENT,°C,17.45768554687499
2026-09-04T10:35:00+00:00,22447764-2,RH,CURRENT,%,93.02204928664072
2026-09-04T10:35:00+00:00,22447764-3,Dew Point,CURRENT,°C,16.33837273699945
2026-09-04T10:35:00+00:00,22447765-1,Temperature,CURRENT,°C,17.54348632812499
2026-09-04T10:35:00+00:00,22447765-2,RH,CURRENT,%,92.24841687647822
2026-09-04T10:35:00+00:00,22447765-3,Dew Point,CURRENT,°C,16.292231040144358
2026-09-04T10:35:00+00:00,22447766-1,Temperature,CURRENT,°C,17.58638671875
2026-09-04T10:35:00+00:00,22447766-2,RH,CURRENT,%,92.10193026626993
2026-09-04T10:35:00+00:00,22447766-3,Dew Point,CURRENT,°C,16.309791191935975
2026-09-04T10:40:00+00:00,22411189-1,Temperature,CURRENT,°C,17.436235351562495
2026-09-04T10:40:00+00:00,22411189-2,RH,CURRENT,%,97.5417715724422
2026-09-04T10:40:00+00:00,22411189-3,Dew Point,CURRENT,°C,17.06501226187995
2026-09-04T10:40:00+00:00,22411190-1,Temperature,CURRENT,°C,17.5005859375
2026-09-04T10:40:00+00:00,22411190-2,RH,CURRENT,%,94.1496910048066
2026-09-04T10:40:00+00:00,22411190-3,Dew Point,CURRENT,°C,16.570589449338755
2026-09-04T10:40:00+00:00,22411191-1,Temperature,CURRENT,°C,17.629287109374992
2026-09-04T10:40:00+00:00,22411191-2,RH,CURRENT,%,96.03112840466926
2026-09-04T10:40:00+00:00,22411191-3,Dew Point,CURRENT,°C,17.010859225422756
2026-09-04T10:40:00+00:00,22411525-1,Temperature,CURRENT,°C,17.607836914062496
2026-09-04T10:40:00+00:00,22411525-2,RH,CURRENT,%,93.68276493476768
2026-09-04T10:40:00+00:00,22411525-3,Dew Point,CURRENT,°C,16.598866245666052
2026-09-04T10:40:00+00:00,22411526-1,Temperature,CURRENT,°C,17.371884765625005
2026-09-04T10:40:00+00:00,22411526-2,RH,CURRENT,%,95.58251316090639
2026-09-04T10:40:00+00:00,22411526-3,Dew Point,CURRENT,°C,16.680506979506696
2026-09-04T10:40:00+00:00,22411527-1,Temperature,CURRENT,°C,17.629287109374992
2026-09-04T10:40:00+00:00,22411527-2,RH,CURRENT,%,93.84603646906233
2026-09-04T10:40:00+00:00,22411527-3,Dew Point,CURRENT,°C,16.64761563660163
2026-09-04T10:40:00+00:00,22411528-1,Temperature,CURRENT,°C,17.3075341796875
2026-09-04T10:40:00+00:00,22411528-2,RH,CURRENT,%,97.47310597390707
2026-09-04T10:40:00+00:00,22411528-3,Dew Point,CURRENT,°C,16.925381165688062
2026-09-04T10:40:00+00:00,22411529-1,Temperature,CURRENT,°C,17.0501318359375
2026-09-04T10:40:00+00:00,22411529-2,RH,CURRENT,%,97.87441824979018
2026-09-04T10:40:00+00:00,22411529-3,Dew Point,CURRENT,°C,16.733162368132863
2026-09-04T10:40:00+00:00,22411530-1,Temperature,CURRENT,°C,17.58638671875
2026-09-04T10:40:00+00:00,22411530-2,RH,CURRENT,%,94.17715724422065
2026-09-04T10:40:00+00:00,22411530-3,Dew Point,CURRENT,°C,16.66048350577207
2026-09-04T10:40:00+00:00,22411541-S,Battery,CURRENT,V,8.144627197265626
2026-09-04T10:40:00+00:00,22447758-1,Temperature,CURRENT,°C,17.436235351562495
2026-09-04T10:40:00+00:00,22447758-2,RH,CURRENT,%,92.49103532463569
2026-09-04T10:40:00+00:00,22447758-3,Dew Point,CURRENT,°C,16.227128133676914
2026-09-04T10:40:00+00:00,22447759-1,Temperature,CURRENT,°C,17.45768554687499
2026-09-04T10:40:00+00:00,22447759-2,RH,CURRENT,%,92.59784847791256
2026-09-04T10:40:00+00:00,22447759-3,Dew Point,CURRENT,°C,16.26653870907575
2026-09-04T10:40:00+00:00,22447760-1,Temperature,CURRENT,°C,17.436235351562495
2026-09-04T10:40:00+00:00,22447760-2,RH,CURRENT,%,92.93049515526054
2026-09-04T10:40:00+00:00,22447760-3,Dew Point,CURRENT,°C,16.301603401322563
2026-09-04T10:40:00+00:00,22447761-1,Temperature,CURRENT,°C,17.350434570312494
2026-09-04T10:40:00+00:00,22447761-2,RH,CURRENT,%,92.44068055237659
2026-09-04T10:40:00+00:00,22447761-3,Dew Point,CURRENT,°C,16.133470552366667
2026-09-04T10:40:00+00:00,22447762-1,Temperature,CURRENT,°C,17.479135742187502
2026-09-04T10:40:00+00:00,22447762-2,RH,CURRENT,%,91.97070267795834
2026-09-04T10:40:00+00:00,22447762-3,Dew Point,CURRENT,°C,16.18107051575315
2026-09-04T10:40:00+00:00,22447764-1,Temperature,CURRENT,°C,17.371884765625005
2026-09-04T10:40:00+00:00,22447764-2,RH,CURRENT,%,93.24330510414282
2026-09-04T10:40:00+00:00,22447764-3,Dew Point,CURRENT,°C,16.29053111773392
2026-09-04T10:40:00+00:00,22447765-1,Temperature,CURRENT,°C,17.45768554687499
2026-09-04T10:40:00+00:00,22447765-2,RH,CURRENT,%,92.41931792172122
2026-09-04T10:40:00+00:00,22447765-3,Dew Point,CURRENT,°C,16.236220154252404
2026-09-04T10:40:00+00:00,22447766-1,Temperature,CURRENT,°C,17.479135742187502
2026-09-04T10:40:00+00:00,22447766-2,RH,CURRENT,%,92.36896314946212
2026-09-04T10:40:00+00:00,22447766-3,Dew Point,CURRENT,°C,16.248933425257885
2026-09-04T10:45:00+00:00,22411189-1,Temperature,CURRENT,°C,17.328984374999997
2026-09-04T10:45:00+00:00,22411189-2,RH,CURRENT,%,98.12161440451668
2026-09-04T10:45:00+00:00,22411189-3,Dew Point,CURRENT,°C,17.051587910159654
2026-09-04T10:45:00+00:00,22411190-1,Temperature,CURRENT,°C,17.3933349609375
2026-09-04T10:45:00+00:00,22411190-2,RH,CURRENT,%,94.69291218432899
2026-09-04T10:45:00+00:00,22411190-3,Dew Point,CURRENT,°C,16.554534398418383
2026-09-04T10:45:00+00:00,22411191-1,Temperature,CURRENT,°C,17.54348632812499
2026-09-04T10:45:00+00:00,22411191-2,RH,CURRENT,%,96.52399481193255
2026-09-04T10:45:00+00:00,22411191-3,Dew Point,CURRENT,°C,17.00622947636373
2026-09-04T10:45:00+00:00,22411525-1,Temperature,CURRENT,°C,17.522036132812495
2026-09-04T10:45:00+00:00,22411525-2,RH,CURRENT,%,94.11764705882354
2026-09-04T10:45:00+00:00,22411525-3,Dew Point,CURRENT,°C,16.58655162167095
2026-09-04T10:45:00+00:00,22411526-1,Temperature,CURRENT,°C,17.264633789062493
2026-09-04T10:45:00+00:00,22411526-2,RH,CURRENT,%,96.03112840466926
2026-09-04T10:45:00+00:00,22411526-3,Dew Point,CURRENT,°C,16.64745614455533
2026-09-04T10:45:00+00:00,22411527-1,Temperature,CURRENT,°C,17.564936523437503
2026-09-04T10:45:00+00:00,22411527-2,RH,CURRENT,%,94.24429694056612
2026-09-04T10:45:00+00:00,22411527-3,Dew Point,CURRENT,°C,16.65038907781495
2026-09-04T10:45:00+00:00,22411528-1,Temperature,CURRENT,°C,17.2217333984375
2026-09-04T10:45:00+00:00,22411528-2,RH,CURRENT,%,97.93087663080796
2026-09-04T10:45:00+00:00,22411528-3,Dew Point,CURRENT,°C,16.913686731822658
2026-09-04T10:45:00+00:00,22411529-1,Temperature,CURRENT,°C,16.985781249999995
2026-09-04T10:45:00+00:00,22411529-2,RH,CURRENT,%,98.41000991836424
2026-09-04T10:45:00+00:00,22411529-3,Dew Point,CURRENT,°C,16.754926617957125
2026-09-04T10:45:00+00:00,22411530-1,Temperature,CURRENT,°C,17.479135742187502
2026-09-04T10:45:00+00:00,22411530-2,RH,CURRENT,%,94.72037842374304
2026-09-04T10:45:00+00:00,22411530-3,Dew Point,CURRENT,°C,16.644462593176744
2026-09-04T10:45:00+00:00,22411541-S,Battery,CURRENT,V,8.154319335937501
2026-09-04T10:45:00+00:00,22447758-1,Temperature,CURRENT,°C,17.286083984375004
2026-09-04T10:45:00+00:00,22447758-2,RH,CURRENT,%,93.39894712748912
2026-09-04T10:45:00+00:00,22447758-3,Dew Point,CURRENT,°C,16.231530308664958
2026-09-04T10:45:00+00:00,22447759-1,Temperature,CURRENT,°C,17.3075341796875
2026-09-04T10:45:00+00:00,22447759-2,RH,CURRENT,%,93.46761272602426
2026-09-04T10:45:00+00:00,22447759-3,Dew Point,CURRENT,°C,16.264379814759476
2026-09-04T10:45:00+00:00,22447760-1,Temperature,CURRENT,°C,17.286083984375004
2026-09-04T10:45:00+00:00,22447760-2,RH,CURRENT,%,93.75600823987182
2026-09-04T10:45:00+00:00,22447760-3,Dew Point,CURRENT,°C,16.291479621011593
2026-09-04T10:45:00+00:00,22447761-1,Temperature,CURRENT,°C,17.200283203125004
2026-09-04T10:45:00+00:00,22447761-2,RH,CURRENT,%,93.28297856107423
2026-09-04T10:45:00+00:00,22447761-3,Dew Point,CURRENT,°C,16.126816217571378
2026-09-04T10:45:00+00:00,22447762-1,Temperature,CURRENT,°C,17.3075341796875
2026-09-04T10:45:00+00:00,22447762-2,RH,CURRENT,%,92.78858625162127
2026-09-04T10:45:00+00:00,22447762-3,Dew Point,CURRENT,°C,16.14987220991682
2026-09-04T10:45:00+00:00,22447764-1,Temperature,CURRENT,°C,17.2217333984375
2026-09-04T10:45:00+00:00,22447764-2,RH,CURRENT,%,94.10238803692684
2026-09-04T10:45:00+00:00,22447764-3,Dew Point,CURRENT,°C,16.285475428489228
2026-09-04T10:45:00+00:00,22447765-1,Temperature,CURRENT,°C,17.286083984375004
2026-09-04T10:45:00+00:00,22447765-2,RH,CURRENT,%,93.19142442969405
2026-09-04T10:45:00+00:00,22447765-3,Dew Point,CURRENT,°C,16.19659563106573
2026-09-04T10:45:00+00:00,22447766-1,Temperature,CURRENT,°C,17.3075341796875
2026-09-04T10:45:00+00:00,22447766-2,RH,CURRENT,%,93.30739299610894
2026-09-04T10:45:00+00:00,22447766-3,Dew Point,CURRENT,°C,16.23742703612536
