timestamp_utc,sensor_sn,measurement_type,data_type,units,value
2026-09-26T00:00:00+00:00,22407254-1,Temperature,CURRENT,°C,13.425048828125
2026-09-26T00:00:00+00:00,22407254-2,RH,CURRENT,%,76.54383154039826
2026-09-26T00:00:00+00:00,22407254-3,Dew Point,CURRENT,°C,9.400649267388419
2026-09-26T00:00:00+00:00,22411189-1,Temperature,CURRENT,°C,13.489399414062497
2026-09-26T00:00:00+00:00,22411189-2,RH,CURRENT,%,82.5436789501793
2026-09-26T00:00:00+00:00,22411189-3,Dew Point,CURRENT,°C,10.591181463326235
2026-09-26T00:00:00+00:00,22411190-1,Temperature,CURRENT,°C,13.618100585937498
2026-09-26T00:00:00+00:00,22411190-2,RH,CURRENT,%,79.68719005111772
2026-09-26T00:00:00+00:00,22411190-3,Dew Point,CURRENT,°C,10.188803048489634
2026-09-26T00:00:00+00:00,22411191-1,Temperature,CURRENT,°C,13.8326025390625
2026-09-26T00:00:00+00:00,22411191-2,RH,CURRENT,%,80.19989318684672
2026-09-26T00:00:00+00:00,22411191-3,Dew Point,CURRENT,°C,10.493993903454806
2026-09-26T00:00:00+00:00,22411525-1,Temperature,CURRENT,°C,13.854052734374996
2026-09-26T00:00:00+00:00,22411525-2,RH,CURRENT,%,78.42526894026093
2026-09-26T00:00:00+00:00,22411525-3,Dew Point,CURRENT,°C,10.179536262288243
2026-09-26T00:00:00+00:00,22411526-1,Temperature,CURRENT,°C,13.317797851562496
2026-09-26T00:00:00+00:00,22411526-2,RH,CURRENT,%,81.85244525825894
2026-09-26T00:00:00+00:00,22411526-3,Dew Point,CURRENT,°C,10.297215944470818
2026-09-26T00:00:00+00:00,22411527-1,Temperature,CURRENT,°C,13.9184033203125
2026-09-26T00:00:00+00:00,22411527-2,RH,CURRENT,%,78.49698634317541
2026-09-26T00:00:00+00:00,22411527-3,Dew Point,CURRENT,°C,10.255800587040174
2026-09-26T00:00:00+00:00,22411528-1,Temperature,CURRENT,°C,13.038945312499997
2026-09-26T00:00:00+00:00,22411528-2,RH,CURRENT,%,84.22522316319524
2026-09-26T00:00:00+00:00,22411528-3,Dew Point,CURRENT,°C,10.452558473124155
2026-09-26T00:00:00+00:00,22411529-1,Temperature,CURRENT,°C,12.481240234375
2026-09-26T00:00:00+00:00,22411529-2,RH,CURRENT,%,87.03898680094606
2026-09-26T00:00:00+00:00,22411529-3,Dew Point,CURRENT,°C,10.397238803075213
2026-09-26T00:00:00+00:00,22411530-1,Temperature,CURRENT,°C,13.746801757812499
2026-09-26T00:00:00+00:00,22411530-2,RH,CURRENT,%,79.3667505912871
2026-09-26T00:00:00+00:00,22411530-3,Dew Point,CURRENT,°C,10.253837202285112
2026-09-26T00:00:00+00:00,22411541-S,Battery,CURRENT,V,8.512928466796875
2026-09-26T00:00:00+00:00,22447758-1,Temperature,CURRENT,°C,13.532299804687497
2026-09-26T00:00:00+00:00,22447758-2,RH,CURRENT,%,77.20607309071488
2026-09-26T00:00:00+00:00,22447758-3,Dew Point,CURRENT,°C,9.632948508778732
2026-09-26T00:00:00+00:00,22447759-1,Temperature,CURRENT,°C,13.575200195312497
2026-09-26T00:00:00+00:00,22447759-2,RH,CURRENT,%,77.42275120164797
2026-09-26T00:00:00+00:00,22447759-3,Dew Point,CURRENT,°C,9.716372780998453
2026-09-26T00:00:00+00:00,22447760-1,Temperature,CURRENT,°C,13.489399414062497
2026-09-26T00:00:00+00:00,22447760-2,RH,CURRENT,%,77.93545433737697
2026-09-26T00:00:00+00:00,22447760-3,Dew Point,CURRENT,°C,9.731460784000067
2026-09-26T00:00:00+00:00,22447761-1,Temperature,CURRENT,°C,13.403598632812496
2026-09-26T00:00:00+00:00,22447761-2,RH,CURRENT,%,77.80575265125505
2026-09-26T00:00:00+00:00,22447761-3,Dew Point,CURRENT,°C,9.623264510606774
2026-09-26T00:00:00+00:00,22447762-1,Temperature,CURRENT,°C,13.55375
2026-09-26T00:00:00+00:00,22447762-2,RH,CURRENT,%,77.10536354619668
2026-09-26T00:00:00+00:00,22447762-3,Dew Point,CURRENT,°C,9.634315627650958
2026-09-26T00:00:00+00:00,22447764-1,Temperature,CURRENT,°C,13.46794921875
2026-09-26T00:00:00+00:00,22447764-2,RH,CURRENT,%,77.92477302204928
2026-09-26T00:00:00+00:00,22447764-3,Dew Point,CURRENT,°C,9.708573334168028
2026-09-26T00:00:00+00:00,22447765-1,Temperature,CURRENT,°C,13.55375
2026-09-26T00:00:00+00:00,22447765-2,RH,CURRENT,%,77.10231174181735
2026-09-26T00:00:00+00:00,22447765-3,Dew Point,CURRENT,°C,9.633725800045562
2026-09-26T00:00:00+00:00,22447766-1,Temperature,CURRENT,°C,13.618100585937498
2026-09-26T00:00:00+00:00,22447766-2,RH,CURRENT,%,76.99549858854047
2026-09-26T00:00:00+00:00,22447766-3,Dew Point,CURRENT,°C,9.67550775978842
2026-09-26T00:05:00+00:00,22407254-1,Temperature,CURRENT,°C,13.29634765625
2026-09-26T00:05:00+00:00,22407254-2,RH,CURRENT,%,76.99549858854047
2026-09-26T00:05:00+00:00,22407254-3,Dew Point,CURRENT,°C,9.363308330082713
2026-09-26T00:05:00+00:00,22411189-1,Temperature,CURRENT,°C,13.425048828125
2026-09-26T00:05:00+00:00,22411189-2,RH,CURRENT,%,82.86106660563058
2026-09-26T00:05:00+00:00,22411189-3,Dew Point,CURRENT,°C,10.585832210919913
2026-09-26T00:05:00+00:00,22411190-1,Temperature,CURRENT,°C,13.55375
2026-09-26T00:05:00+00:00,22411190-2,RH,CURRENT,%,80.12207217517357
2026-09-26T00:05:00+00:00,22411190-3,Dew Point,CURRENT,°C,10.207559153613852
2026-09-26T00:05:00+00:00,22411191-1,Temperature,CURRENT,°C,13.746801757812499
2026-09-26T00:05:00+00:00,22411191-2,RH,CURRENT,%,80.67597467002365
2026-09-26T00:05:00+00:00,22411191-3,Dew Point,CURRENT,°C,10.499119090718638
2026-09-26T00:05:00+00:00,22411525-1,Temperature,CURRENT,°C,13.768251953124995
2026-09-26T00:05:00+00:00,22411525-2,RH,CURRENT,%,78.84489204242008
2026-09-26T00:05:00+00:00,22411525-3,Dew Point,CURRENT,°C,10.175947091598996
2026-09-26T00:05:00+00:00,22411526-1,Temperature,CURRENT,°C,13.253447265624999
2026-09-26T00:05:00+00:00,22411526-2,RH,CURRENT,%,82.046234836347
2026-09-26T00:05:00+00:00,22411526-3,Dew Point,CURRENT,°C,10.269728220232953
2026-09-26T00:05:00+00:00,22411527-1,Temperature,CURRENT,°C,13.811152343749995
2026-09-26T00:05:00+00:00,22411527-2,RH,CURRENT,%,78.95933470664531
2026-09-26T00:05:00+00:00,22411527-3,Dew Point,CURRENT,°C,10.239409814425132
2026-09-26T00:05:00+00:00,22411528-1,Temperature,CURRENT,°C,13.038945312499997
2026-09-26T00:05:00+00:00,22411528-2,RH,CURRENT,%,84.35645075150683
2026-09-26T00:05:00+00:00,22411528-3,Dew Point,CURRENT,°C,10.475914552331284
2026-09-26T00:05:00+00:00,22411529-1,Temperature,CURRENT,°C,12.459790039062497
2026-09-26T00:05:00+00:00,22411529-2,RH,CURRENT,%,87.2831311512932
2026-09-26T00:05:00+00:00,22411529-3,Dew Point,CURRENT,°C,10.418112837925426
2026-09-26T00:05:00+00:00,22411530-1,Temperature,CURRENT,°C,13.661000976562498
2026-09-26T00:05:00+00:00,22411530-2,RH,CURRENT,%,79.79858091096361
2026-09-26T00:05:00+00:00,22411530-3,Dew Point,CURRENT,°C,10.251520154797133
2026-09-26T00:05:00+00:00,22411541-S,Battery,CURRENT,V,8.519389892578126
2026-09-26T00:05:00+00:00,22447758-1,Temperature,CURRENT,°C,13.403598632812496
2026-09-26T00:05:00+00:00,22447758-2,RH,CURRENT,%,77.6928358892195
2026-09-26T00:05:00+00:00,22447758-3,Dew Point,CURRENT,°C,9.601625835776582
2026-09-26T00:05:00+00:00,22447759-1,Temperature,CURRENT,°C,13.46794921875
2026-09-26T00:05:00+00:00,22447759-2,RH,CURRENT,%,77.94460975051499
2026-09-26T00:05:00+00:00,22447759-3,Dew Point,CURRENT,°C,9.712368686207213
2026-09-26T00:05:00+00:00,22447760-1,Temperature,CURRENT,°C,13.403598632812496
2026-09-26T00:05:00+00:00,22447760-2,RH,CURRENT,%,78.42069123369193
2026-09-26T00:05:00+00:00,22447760-3,Dew Point,CURRENT,°C,9.740625048224377
2026-09-26T00:05:00+00:00,22447761-1,Temperature,CURRENT,°C,13.29634765625
2026-09-26T00:05:00+00:00,22447761-2,RH,CURRENT,%,78.27420462348364
2026-09-26T00:05:00+00:00,22447761-3,Dew Point,CURRENT,°C,9.608467265481048
2026-09-26T00:05:00+00:00,22447762-1,Temperature,CURRENT,°C,13.446499023437497
2026-09-26T00:05:00+00:00,22447762-2,RH,CURRENT,%,77.61043717097733
2026-09-26T00:05:00+00:00,22447762-3,Dew Point,CURRENT,°C,9.627484655117902
2026-09-26T00:05:00+00:00,22447764-1,Temperature,CURRENT,°C,13.29634765625
2026-09-26T00:05:00+00:00,22447764-2,RH,CURRENT,%,78.62668802929733
2026-09-26T00:05:00+00:00,22447764-3,Dew Point,CURRENT,°C,9.675427383983452
2026-09-26T00:05:00+00:00,22447765-1,Temperature,CURRENT,°C,13.403598632812496
2026-09-26T00:05:00+00:00,22447765-2,RH,CURRENT,%,77.66536964980544
2026-09-26T00:05:00+00:00,22447765-3,Dew Point,CURRENT,°C,9.596358192223517
2026-09-26T00:05:00+00:00,22447766-1,Temperature,CURRENT,°C,13.46794921875
2026-09-26T00:05:00+00:00,22447766-2,RH,CURRENT,%,77.59975585564965
2026-09-26T00:05:00+00:00,22447766-3,Dew Point,CURRENT,°C,9.64626662413152
2026-09-26T00:10:00+00:00,22407254-1,Temperature,CURRENT,°C,13.339248046875
2026-09-26T00:10:00+00:00,22407254-2,RH,CURRENT,%,76.90089265278095
2026-09-26T00:10:00+00:00,22407254-3,Dew Point,CURRENT,°C,9.386649287484355
2026-09-26T00:10:00+00:00,22411189-1,Temperature,CURRENT,°C,13.339248046875
2026-09-26T00:10:00+00:00,22411189-2,RH,CURRENT,%,83.14793621728847
2026-09-26T00:10:00+00:00,22411189-3,Dew Point,CURRENT,°C,10.553712661333304
2026-09-26T00:10:00+00:00,22411190-1,Temperature,CURRENT,°C,13.46794921875
2026-09-26T00:10:00+00:00,22411190-2,RH,CURRENT,%,80.20904859998474
2026-09-26T00:10:00+00:00,22411190-3,Dew Point,CURRENT,°C,10.140139119995018
2026-09-26T00:10:00+00:00,22411191-1,Temperature,CURRENT,°C,13.682451171875002
2026-09-26T00:10:00+00:00,22411191-2,RH,CURRENT,%,80.84992751964599
2026-09-26T00:10:00+00:00,22411191-3,Dew Point,CURRENT,°C,10.468637973176358
2026-09-26T00:10:00+00:00,22411525-1,Temperature,CURRENT,°C,13.725351562499995
2026-09-26T00:10:00+00:00,22411525-2,RH,CURRENT,%,78.974593728542
2026-09-26T00:10:00+00:00,22411525-3,Dew Point,CURRENT,°C,10.158798226194465
2026-09-26T00:10:00+00:00,22411526-1,Temperature,CURRENT,°C,13.146196289062502
2026-09-26T00:10:00+00:00,22411526-2,RH,CURRENT,%,82.35141527428092
2026-09-26T00:10:00+00:00,22411526-3,Dew Point,CURRENT,°C,10.220435238472163
2026-09-26T00:10:00+00:00,22411527-1,Temperature,CURRENT,°C,13.811152343749995
2026-09-26T00:10:00+00:00,22411527-2,RH,CURRENT,%,79.01121538109408
2026-09-26T00:10:00+00:00,22411527-3,Dew Point,CURRENT,°C,10.249246403568355
2026-09-26T00:10:00+00:00,22411528-1,Temperature,CURRENT,°C,12.8887939453125
2026-09-26T00:10:00+00:00,22411528-2,RH,CURRENT,%,84.80659189745937
2026-09-26T00:10:00+00:00,22411528-3,Dew Point,CURRENT,°C,10.408379971026879
2026-09-26T00:10:00+00:00,22411529-1,Temperature,CURRENT,°C,12.3525390625
2026-09-26T00:10:00+00:00,22411529-2,RH,CURRENT,%,87.4845502403296
2026-09-26T00:10:00+00:00,22411529-3,Dew Point,CURRENT,°C,10.346991579791267
2026-09-26T00:10:00+00:00,22411530-1,Temperature,CURRENT,°C,13.596650390625001
2026-09-26T00:10:00+00:00,22411530-2,RH,CURRENT,%,79.97558556496529
2026-09-26T00:10:00+00:00,22411530-3,Dew Point,CURRENT,°C,10.221982521467979
2026-09-26T00:10:00+00:00,22411541-S,Battery,CURRENT,V,8.519389892578126
2026-09-26T00:10:00+00:00,22447758-1,Temperature,CURRENT,°C,13.46794921875
2026-09-26T00:10:00+00:00,22447758-2,RH,CURRENT,%,77.54482337682154
2026-09-26T00:10:00+00:00,22447758-3,Dew Point,CURRENT,°C,9.63571324656257
2026-09-26T00:10:00+00:00,22447759-1,Temperature,CURRENT,°C,13.532299804687497
2026-09-26T00:10:00+00:00,22447759-2,RH,CURRENT,%,77.65011062790875
2026-09-26T00:10:00+00:00,22447759-3,Dew Point,CURRENT,°C,9.718438059912245
2026-09-26T00:10:00+00:00,22447760-1,Temperature,CURRENT,°C,13.446499023437497
2026-09-26T00:10:00+00:00,22447760-2,RH,CURRENT,%,78.25436789501794
2026-09-26T00:10:00+00:00,22447760-3,Dew Point,CURRENT,°C,9.750670626092539
2026-09-26T00:10:00+00:00,22447761-1,Temperature,CURRENT,°C,13.339248046875
2026-09-26T00:10:00+00:00,22447761-2,RH,CURRENT,%,78.1307698176547
2026-09-26T00:10:00+00:00,22447761-3,Dew Point,CURRENT,°C,9.622844252163166
2026-09-26T00:10:00+00:00,22447762-1,Temperature,CURRENT,°C,13.489399414062497
2026-09-26T00:10:00+00:00,22447762-2,RH,CURRENT,%,77.38155184252689
2026-09-26T00:10:00+00:00,22447762-3,Dew Point,CURRENT,°C,9.625133186653427
2026-09-26T00:10:00+00:00,22447764-1,Temperature,CURRENT,°C,13.360698242187496
2026-09-26T00:10:00+00:00,22447764-2,RH,CURRENT,%,78.3367666132601
2026-09-26T00:10:00+00:00,22447764-3,Dew Point,CURRENT,°C,9.682942213054359
2026-09-26T00:10:00+00:00,22447765-1,Temperature,CURRENT,°C,13.46794921875
2026-09-26T00:10:00+00:00,22447765-2,RH,CURRENT,%,77.47310597390707
2026-09-26T00:10:00+00:00,22447765-3,Dew Point,CURRENT,°C,9.621925325776491
2026-09-26T00:10:00+00:00,22447766-1,Temperature,CURRENT,°C,13.532299804687497
2026-09-26T00:10:00+00:00,22447766-2,RH,CURRENT,%,77.3205157549401
2026-09-26T00:10:00+00:00,22447766-3,Dew Point,CURRENT,°C,9.655023178187218
2026-09-26T00:15:00+00:00,22407254-1,Temperature,CURRENT,°C,13.210546874999999
2026-09-26T00:15:00+00:00,22407254-2,RH,CURRENT,%,77.13435568780041
2026-09-26T00:15:00+00:00,22407254-3,Dew Point,CURRENT,°C,9.30682982743035
2026-09-26T00:15:00+00:00,22411189-1,Temperature,CURRENT,°C,13.231997070312495
2026-09-26T00:15:00+00:00,22411189-2,RH,CURRENT,%,83.4378576333257
2026-09-26T00:15:00+00:00,22411189-3,Dew Point,CURRENT,°C,10.500897624130728
2026-09-26T00:15:00+00:00,22411190-1,Temperature,CURRENT,°C,13.360698242187496
2026-09-26T00:15:00+00:00,22411190-2,RH,CURRENT,%,80.53101396200503
2026-09-26T00:15:00+00:00,22411190-3,Dew Point,CURRENT,°C,10.095464249690322
2026-09-26T00:15:00+00:00,22411191-1,Temperature,CURRENT,°C,13.55375
2026-09-26T00:15:00+00:00,22411191-2,RH,CURRENT,%,81.21309224078736
2026-09-26T00:15:00+00:00,22411191-3,Dew Point,CURRENT,°C,10.410211393539054
2026-09-26T00:15:00+00:00,22411525-1,Temperature,CURRENT,°C,13.575200195312497
2026-09-26T00:15:00+00:00,22411525-2,RH,CURRENT,%,79.38963912413215
2026-09-26T00:15:00+00:00,22411525-3,Dew Point,CURRENT,°C,10.091037434458556
2026-09-26T00:15:00+00:00,22411526-1,Temperature,CURRENT,°C,13.060395507812501
2026-09-26T00:15:00+00:00,22411526-2,RH,CURRENT,%,82.5940337224384
2026-09-26T00:15:00+00:00,22411526-3,Dew Point,CURRENT,°C,10.18052568652818
2026-09-26T00:15:00+00:00,22411527-1,Temperature,CURRENT,°C,13.639550781250001
2026-09-26T00:15:00+00:00,22411527-2,RH,CURRENT,%,79.36827649347677
2026-09-26T00:15:00+00:00,22411527-3,Dew Point,CURRENT,°C,10.149679934842974
2026-09-26T00:15:00+00:00,22411528-1,Temperature,CURRENT,°C,12.824443359374996
2026-09-26T00:15:00+00:00,22411528-2,RH,CURRENT,%,84.97444113832303
2026-09-26T00:15:00+00:00,22411528-3,Dew Point,CURRENT,°C,10.374842081959383
2026-09-26T00:15:00+00:00,22411529-1,Temperature,CURRENT,°C,12.309638671875
2026-09-26T00:15:00+00:00,22411529-2,RH,CURRENT,%,87.51659418631266
2026-09-26T00:15:00+00:00,22411529-3,Dew Point,CURRENT,°C,10.310201170936372
2026-09-26T00:15:00+00:00,22411530-1,Temperature,CURRENT,°C,13.46794921875
2026-09-26T00:15:00+00:00,22411530-2,RH,CURRENT,%,80.3067063401236
2026-09-26T00:15:00+00:00,22411530-3,Dew Point,CURRENT,°C,10.158347484134145
2026-09-26T00:15:00+00:00,22411541-S,Battery,CURRENT,V,8.519389892578126
2026-09-26T00:15:00+00:00,22447758-1,Temperature,CURRENT,°C,13.317797851562496
2026-09-26T00:15:00+00:00,22447758-2,RH,CURRENT,%,77.79354543373769
2026-09-26T00:15:00+00:00,22447758-3,Dew Point,CURRENT,°C,9.537568875689297
2026-09-26T00:15:00+00:00,22447759-1,Temperature,CURRENT,°C,13.403598632812496
2026-09-26T00:15:00+00:00,22447759-2,RH,CURRENT,%,77.949187457084
2026-09-26T00:15:00+00:00,22447759-3,Dew Point,CURRENT,°C,9.65071168583007
2026-09-26T00:15:00+00:00,22447760-1,Temperature,CURRENT,°C,13.339248046875
2026-09-26T00:15:00+00:00,22447760-2,RH,CURRENT,%,78.51987487602045
2026-09-26T00:15:00+00:00,22447760-3,Dew Point,CURRENT,°C,9.69689010328564
2026-09-26T00:15:00+00:00,22447761-1,Temperature,CURRENT,°C,13.231997070312495
2026-09-26T00:15:00+00:00,22447761-2,RH,CURRENT,%,78.36881055924316
2026-09-26T00:15:00+00:00,22447761-3,Dew Point,CURRENT,°C,9.563890763829438
2026-09-26T00:15:00+00:00,22447762-1,Temperature,CURRENT,°C,13.3821484375
2026-09-26T00:15:00+00:00,22447762-2,RH,CURRENT,%,77.70046540016784
2026-09-26T00:15:00+00:00,22447762-3,Dew Point,CURRENT,°C,9.582252453788488
2026-09-26T00:15:00+00:00,22447764-1,Temperature,CURRENT,°C,13.231997070312495
2026-09-26T00:15:00+00:00,22447764-2,RH,CURRENT,%,78.61600671396964
2026-09-26T00:15:00+00:00,22447764-3,Dew Point,CURRENT,°C,9.61080394504018
2026-09-26T00:15:00+00:00,22447765-1,Temperature,CURRENT,°C,13.317797851562496
2026-09-26T00:15:00+00:00,22447765-2,RH,CURRENT,%,77.7279316395819
2026-09-26T00:15:00+00:00,22447765-3,Dew Point,CURRENT,°C,9.525005152992852
2026-09-26T00:15:00+00:00,22447766-1,Temperature,CURRENT,°C,13.3821484375
2026-09-26T00:15:00+00:00,22447766-2,RH,CURRENT,%,77.65011062790875
2026-09-26T00:15:00+00:00,22447766-3,Dew Point,CURRENT,°C,9.572596317249102
2026-09-26T00:20:00+00:00,22407254-1,Temperature,CURRENT,°C,13.189096679687495
2026-09-26T00:20:00+00:00,22407254-2,RH,CURRENT,%,76.48737315938048
2026-09-26T00:20:00+00:00,22407254-3,Dew Point,CURRENT,°C,9.160906585711853
2026-09-26T00:20:00+00:00,22411189-1,Temperature,CURRENT,°C,13.210546874999999
2026-09-26T00:20:00+00:00,22411189-2,RH,CURRENT,%,82.94651712825208
2026-09-26T00:20:00+00:00,22411189-3,Dew Point,CURRENT,°C,10.391296822259292
2026-09-26T00:20:00+00:00,22411190-1,Temperature,CURRENT,°C,13.360698242187496
2026-09-26T00:20:00+00:00,22411190-2,RH,CURRENT,%,79.97100785839628
2026-09-26T00:20:00+00:00,22411190-3,Dew Point,CURRENT,°C,9.991130575598582
2026-09-26T00:20:00+00:00,22411191-1,Temperature,CURRENT,°C,13.55375
2026-09-26T00:20:00+00:00,22411191-2,RH,CURRENT,%,80.69581139848935
2026-09-26T00:20:00+00:00,22411191-3,Dew Point,CURRENT,°C,10.314429061917625
2026-09-26T00:20:00+00:00,22411525-1,Temperature,CURRENT,°C,13.575200195312497
2026-09-26T00:20:00+00:00,22411525-2,RH,CURRENT,%,78.8494697489891
2026-09-26T00:20:00+00:00,22411525-3,Dew Point,CURRENT,°C,9.988963056154278
2026-09-26T00:20:00+00:00,22411526-1,Temperature,CURRENT,°C,12.996044921874997
2026-09-26T00:20:00+00:00,22411526-2,RH,CURRENT,%,82.3025864042115
2026-09-26T00:20:00+00:00,22411526-3,Dew Point,CURRENT,°C,10.0646799146782
2026-09-26T00:20:00+00:00,22411527-1,Temperature,CURRENT,°C,13.661000976562498
2026-09-26T00:20:00+00:00,22411527-2,RH,CURRENT,%,78.89066910811017
2026-09-26T00:20:00+00:00,22411527-3,Dew Point,CURRENT,°C,10.080266021953951
2026-09-26T00:20:00+00:00,22411528-1,Temperature,CURRENT,°C,12.738642578124995
2026-09-26T00:20:00+00:00,22411528-2,RH,CURRENT,%,84.77454795147631
2026-09-26T00:20:00+00:00,22411528-3,Dew Point,CURRENT,°C,10.25530858580608
2026-09-26T00:20:00+00:00,22411529-1,Temperature,CURRENT,°C,12.159487304687495
2026-09-26T00:20:00+00:00,22411529-2,RH,CURRENT,%,87.50133516441596
2026-09-26T00:20:00+00:00,22411529-3,Dew Point,CURRENT,°C,10.159612925662953
2026-09-26T00:20:00+00:00,22411530-1,Temperature,CURRENT,°C,13.489399414062497
2026-09-26T00:20:00+00:00,22411530-2,RH,CURRENT,%,79.6932936598764
2026-09-26T00:20:00+00:00,22411530-3,Dew Point,CURRENT,°C,10.064551494533
2026-09-26T00:20:00+00:00,22411541-S,Battery,CURRENT,V,8.512928466796875
2026-09-26T00:20:00+00:00,22447758-1,Temperature,CURRENT,°C,13.317797851562496
2026-09-26T00:20:00+00:00,22447758-2,RH,CURRENT,%,77.14198519874876
2026-09-26T00:20:00+00:00,22447758-3,Dew Point,CURRENT,°C,9.41239267216037
2026-09-26T00:20:00+00:00,22447759-1,Temperature,CURRENT,°C,13.3821484375
2026-09-26T00:20:00+00:00,22447759-2,RH,CURRENT,%,77.31288624399176
2026-09-26T00:20:00+00:00,22447759-3,Dew Point,CURRENT,°C,9.507787146798108
2026-09-26T00:20:00+00:00,22447760-1,Temperature,CURRENT,°C,13.29634765625
2026-09-26T00:20:00+00:00,22447760-2,RH,CURRENT,%,77.94003204394598
2026-09-26T00:20:00+00:00,22447760-3,Dew Point,CURRENT,°C,9.544740248829978
2026-09-26T00:20:00+00:00,22447761-1,Temperature,CURRENT,°C,13.167646484374998
2026-09-26T00:20:00+00:00,22447761-2,RH,CURRENT,%,77.85610742351415
2026-09-26T00:20:00+00:00,22447761-3,Dew Point,CURRENT,°C,9.403647465172845
2026-09-26T00:20:00+00:00,22447762-1,Temperature,CURRENT,°C,13.3821484375
2026-09-26T00:20:00+00:00,22447762-2,RH,CURRENT,%,77.01533531700618
2026-09-26T00:20:00+00:00,22447762-3,Dew Point,CURRENT,°C,9.450395771851717
2026-09-26T00:20:00+00:00,22447764-1,Temperature,CURRENT,°C,13.210546874999999
2026-09-26T00:20:00+00:00,22447764-2,RH,CURRENT,%,78.02548256656749
2026-09-26T00:20:00+00:00,22447764-3,Dew Point,CURRENT,°C,9.477669949869465
2026-09-26T00:20:00+00:00,22447765-1,Temperature,CURRENT,°C,13.29634765625
2026-09-26T00:20:00+00:00,22447765-2,RH,CURRENT,%,77.21675440604257
2026-09-26T00:20:00+00:00,22447765-3,Dew Point,CURRENT,°C,9.405983406386232
2026-09-26T00:20:00+00:00,22447766-1,Temperature,CURRENT,°C,13.360698242187496
2026-09-26T00:20:00+00:00,22447766-2,RH,CURRENT,%,77.13740749217975
2026-09-26T00:20:00+00:00,22447766-3,Dew Point,CURRENT,°C,9.453146368646005
2026-09-26T00:25:00+00:00,22407254-1,Temperature,CURRENT,°C,13.124746093749998
2026-09-26T00:25:00+00:00,22407254-2,RH,CURRENT,%,76.34241245136187
2026-09-26T00:25:00+00:00,22407254-3,Dew Point,CURRENT,°C,9.070370120604569
2026-09-26T00:25:00+00:00,22411189-1,Temperature,CURRENT,°C,13.081845703124998
2026-09-26T00:25:00+00:00,22411189-2,RH,CURRENT,%,82.558937972076
2026-09-26T00:25:00+00:00,22411189-3,Dew Point,CURRENT,°C,10.19515439748581
2026-09-26T00:25:00+00:00,22411190-1,Temperature,CURRENT,°C,13.253447265624999
2026-09-26T00:25:00+00:00,22411190-2,RH,CURRENT,%,79.5178149080644
2026-09-26T00:25:00+00:00,22411190-3,Dew Point,CURRENT,°C,9.801752249064
2026-09-26T00:25:00+00:00,22411191-1,Temperature,CURRENT,°C,13.489399414062497
2026-09-26T00:25:00+00:00,22411191-2,RH,CURRENT,%,80.12664988174258
2026-09-26T00:25:00+00:00,22411191-3,Dew Point,CURRENT,°C,10.145674180070928
2026-09-26T00:25:00+00:00,22411525-1,Temperature,CURRENT,°C,13.510849609375
2026-09-26T00:25:00+00:00,22411525-2,RH,CURRENT,%,78.25436789501794
2026-09-26T00:25:00+00:00,22411525-3,Dew Point,CURRENT,°C,9.813232498475987
2026-09-26T00:25:00+00:00,22411526-1,Temperature,CURRENT,°C,12.8887939453125
2026-09-26T00:25:00+00:00,22411526-2,RH,CURRENT,%,82.05539024948501
2026-09-26T00:25:00+00:00,22411526-3,Dew Point,CURRENT,°C,9.914832250784812
2026-09-26T00:25:00+00:00,22411527-1,Temperature,CURRENT,°C,13.596650390625001
2026-09-26T00:25:00+00:00,22411527-2,RH,CURRENT,%,78.22842755779355
2026-09-26T00:25:00+00:00,22411527-3,Dew Point,CURRENT,°C,9.891696545680981
2026-09-26T00:25:00+00:00,22411528-1,Temperature,CURRENT,°C,12.631391601562498
2026-09-26T00:25:00+00:00,22411528-2,RH,CURRENT,%,84.58991378652628
2026-09-26T00:25:00+00:00,22411528-3,Dew Point,CURRENT,°C,10.117396092864416
2026-09-26T00:25:00+00:00,22411529-1,Temperature,CURRENT,°C,12.052236328124998
2026-09-26T00:25:00+00:00,22411529-2,RH,CURRENT,%,87.44640268558786
2026-09-26T00:25:00+00:00,22411529-3,Dew Point,CURRENT,°C,10.044525494102677
2026-09-26T00:25:00+00:00,22411530-1,Temperature,CURRENT,°C,13.3821484375
2026-09-26T00:25:00+00:00,22411530-2,RH,CURRENT,%,79.29961089494164
2026-09-26T00:25:00+00:00,22411530-3,Dew Point,CURRENT,°C,9.886081287760927
2026-09-26T00:25:00+00:00,22411541-S,Battery,CURRENT,V,8.500005615234375
2026-09-26T00:25:00+00:00,22447758-1,Temperature,CURRENT,°C,13.231997070312495
2026-09-26T00:25:00+00:00,22447758-2,RH,CURRENT,%,76.9741359578851
2026-09-26T00:25:00+00:00,22447758-3,Dew Point,CURRENT,°C,9.296742949322097
2026-09-26T00:25:00+00:00,22447759-1,Temperature,CURRENT,°C,13.29634765625
2026-09-26T00:25:00+00:00,22447759-2,RH,CURRENT,%,77.14656290531777
2026-09-26T00:25:00+00:00,22447759-3,Dew Point,CURRENT,°C,9.392456767950366
2026-09-26T00:25:00+00:00,22447760-1,Temperature,CURRENT,°C,13.231997070312495
2026-09-26T00:25:00+00:00,22447760-2,RH,CURRENT,%,77.78286411841
2026-09-26T00:25:00+00:00,22447760-3,Dew Point,CURRENT,°C,9.452167114718787
2026-09-26T00:25:00+00:00,22447761-1,Temperature,CURRENT,°C,13.124746093749998
2026-09-26T00:25:00+00:00,22447761-2,RH,CURRENT,%,77.55397878995956
2026-09-26T00:25:00+00:00,22447761-3,Dew Point,CURRENT,°C,9.30416322553176
2026-09-26T00:25:00+00:00,22447762-1,Temperature,CURRENT,°C,13.274897460937495
2026-09-26T00:25:00+00:00,22447762-2,RH,CURRENT,%,76.85511558709086
2026-09-26T00:25:00+00:00,22447762-3,Dew Point,CURRENT,°C,9.315366587856195
2026-09-26T00:25:00+00:00,22447764-1,Temperature,CURRENT,°C,13.103295898437501
2026-09-26T00:25:00+00:00,22447764-2,RH,CURRENT,%,77.82101167315174
2026-09-26T00:25:00+00:00,22447764-3,Dew Point,CURRENT,°C,9.334418564315024
2026-09-26T00:25:00+00:00,22447765-1,Temperature,CURRENT,°C,13.210546874999999
2026-09-26T00:25:00+00:00,22447765-2,RH,CURRENT,%,76.95429922941939
2026-09-26T00:25:00+00:00,22447765-3,Dew Point,CURRENT,°C,9.272100068282636
2026-09-26T00:25:00+00:00,22447766-1,Temperature,CURRENT,°C,13.253447265624999
2026-09-26T00:25:00+00:00,22447766-2,RH,CURRENT,%,76.9085221637293
2026-09-26T00:25:00+00:00,22447766-3,Dew Point,CURRENT,°C,9.30488118351017
2026-09-26T00:30:00+00:00,22407254-1,Temperature,CURRENT,°C,13.103295898437501
2026-09-26T00:30:00+00:00,22407254-2,RH,CURRENT,%,75.78393224994278
2026-09-26T00:30:00+00:00,22407254-3,Dew Point,CURRENT,°C,8.940726043070129
2026-09-26T00:30:00+00:00,22411189-1,Temperature,CURRENT,°C,13.167646484374998
2026-09-26T00:30:00+00:00,22411189-2,RH,CURRENT,%,81.8295567254139
2026-09-26T00:30:00+00:00,22411189-3,Dew Point,CURRENT,°C,10.146255424378825
2026-09-26T00:30:00+00:00,22411190-1,Temperature,CURRENT,°C,13.317797851562496
2026-09-26T00:30:00+00:00,22411190-2,RH,CURRENT,%,78.97306782635233
2026-09-26T00:30:00+00:00,22411190-3,Dew Point,CURRENT,°C,9.761848698868237
2026-09-26T00:30:00+00:00,22411191-1,Temperature,CURRENT,°C,13.532299804687497
2026-09-26T00:30:00+00:00,22411191-2,RH,CURRENT,%,79.35912108033875
2026-09-26T00:30:00+00:00,22411191-3,Dew Point,CURRENT,°C,10.043508669429533
2026-09-26T00:30:00+00:00,22411525-1,Temperature,CURRENT,°C,13.55375
2026-09-26T00:30:00+00:00,22411525-2,RH,CURRENT,%,77.53109025711451
2026-09-26T00:30:00+00:00,22411525-3,Dew Point,CURRENT,°C,9.71639606179289
2026-09-26T00:30:00+00:00,22411526-1,Temperature,CURRENT,°C,12.9745947265625
2026-09-26T00:30:00+00:00,22411526-2,RH,CURRENT,%,81.17494468604562
2026-09-26T00:30:00+00:00,22411526-3,Dew Point,CURRENT,°C,9.837601168180427
2026-09-26T00:30:00+00:00,22411527-1,Temperature,CURRENT,°C,13.639550781250001
2026-09-26T00:30:00+00:00,22411527-2,RH,CURRENT,%,77.56466010528725
2026-09-26T00:30:00+00:00,22411527-3,Dew Point,CURRENT,°C,9.806177138795425
2026-09-26T00:30:00+00:00,22411528-1,Temperature,CURRENT,°C,12.738642578124995
2026-09-26T00:30:00+00:00,22411528-2,RH,CURRENT,%,83.64232852674144
2026-09-26T00:30:00+00:00,22411528-3,Dew Point,CURRENT,°C,10.054097238199425
2026-09-26T00:30:00+00:00,22411529-1,Temperature,CURRENT,°C,12.180937499999999
2026-09-26T00:30:00+00:00,22411529-2,RH,CURRENT,%,86.50339513237202
2026-09-26T00:30:00+00:00,22411529-3,Dew Point,CURRENT,°C,10.009183017236781
2026-09-26T00:30:00+00:00,22411530-1,Temperature,CURRENT,°C,13.425048828125
2026-09-26T00:30:00+00:00,22411530-2,RH,CURRENT,%,78.58548867017625
2026-09-26T00:30:00+00:00,22411530-3,Dew Point,CURRENT,°C,9.792803707972352
2026-09-26T00:30:00+00:00,22411541-S,Battery,CURRENT,V,8.500005615234375
2026-09-26T00:30:00+00:00,22447758-1,Temperature,CURRENT,°C,13.210546874999999
2026-09-26T00:30:00+00:00,22447758-2,RH,CURRENT,%,76.53925383382925
2026-09-26T00:30:00+00:00,22447758-3,Dew Point,CURRENT,°C,9.191771928717195
2026-09-26T00:30:00+00:00,22447759-1,Temperature,CURRENT,°C,13.253447265624999
2026-09-26T00:30:00+00:00,22447759-2,RH,CURRENT,%,76.68421454184787
2026-09-26T00:30:00+00:00,22447759-3,Dew Point,CURRENT,°C,9.261478648975318
2026-09-26T00:30:00+00:00,22447760-1,Temperature,CURRENT,°C,13.231997070312495
2026-09-26T00:30:00+00:00,22447760-2,RH,CURRENT,%,77.09620813305867
2026-09-26T00:30:00+00:00,22447760-3,Dew Point,CURRENT,°C,9.320294974768661
2026-09-26T00:30:00+00:00,22447761-1,Temperature,CURRENT,°C,13.124746093749998
2026-09-26T00:30:00+00:00,22447761-2,RH,CURRENT,%,76.99244678416113
2026-09-26T00:30:00+00:00,22447761-3,Dew Point,CURRENT,°C,9.196208207954273
2026-09-26T00:30:00+00:00,22447762-1,Temperature,CURRENT,°C,13.253447265624999
2026-09-26T00:30:00+00:00,22447762-2,RH,CURRENT,%,76.28747997253376
2026-09-26T00:30:00+00:00,22447762-3,Dew Point,CURRENT,°C,9.184438067711127
2026-09-26T00:30:00+00:00,22447764-1,Temperature,CURRENT,°C,13.124746093749998
2026-09-26T00:30:00+00:00,22447764-2,RH,CURRENT,%,77.38002594033722
2026-09-26T00:30:00+00:00,22447764-3,Dew Point,CURRENT,°C,9.270794352983017
2026-09-26T00:30:00+00:00,22447765-1,Temperature,CURRENT,°C,13.210546874999999
2026-09-26T00:30:00+00:00,22447765-2,RH,CURRENT,%,76.47974364843213
2026-09-26T00:30:00+00:00,22447765-3,Dew Point,CURRENT,°C,9.180222897157522
2026-09-26T00:30:00+00:00,22447766-1,Temperature,CURRENT,°C,13.274897460937495
2026-09-26T00:30:00+00:00,22447766-2,RH,CURRENT,%,76.38666361486229
2026-09-26T00:30:00+00:00,22447766-3,Dew Point,CURRENT,°C,9.22452512586521
2026-09-26T00:35:00+00:00,22407254-1,Temperature,CURRENT,°C,12.9745947265625
2026-09-26T00:35:00+00:00,22407254-2,RH,CURRENT,%,75.98077363241016
2026-09-26T00:35:00+00:00,22407254-3,Dew Point,CURRENT,°C,8.854484556841308
2026-09-26T00:35:00+00:00,22411189-1,Temperature,CURRENT,°C,12.9745947265625
2026-09-26T00:35:00+00:00,22411189-2,RH,CURRENT,%,82.1469443808652
2026-09-26T00:35:00+00:00,22411189-3,Dew Point,CURRENT,°C,10.015399516938611
2026-09-26T00:35:00+00:00,22411190-1,Temperature,CURRENT,°C,13.124746093749998
2026-09-26T00:35:00+00:00,22411190-2,RH,CURRENT,%,79.13328755626765
2026-09-26T00:35:00+00:00,22411190-3,Dew Point,CURRENT,°C,9.60414190669382
2026-09-26T00:35:00+00:00,22411191-1,Temperature,CURRENT,°C,13.360698242187496
2026-09-26T00:35:00+00:00,22411191-2,RH,CURRENT,%,79.66430151827268
2026-09-26T00:35:00+00:00,22411191-3,Dew Point,CURRENT,°C,9.933716121738792
2026-09-26T00:35:00+00:00,22411525-1,Temperature,CURRENT,°C,13.3821484375
2026-09-26T00:35:00+00:00,22411525-2,RH,CURRENT,%,77.83016708628976
2026-09-26T00:35:00+00:00,22411525-3,Dew Point,CURRENT,°C,9.607098998006206
2026-09-26T00:35:00+00:00,22411526-1,Temperature,CURRENT,°C,12.7600927734375
2026-09-26T00:35:00+00:00,22411526-2,RH,CURRENT,%,81.50606546120393
2026-09-26T00:35:00+00:00,22411526-3,Dew Point,CURRENT,°C,9.688799345941257
2026-09-26T00:35:00+00:00,22411527-1,Temperature,CURRENT,°C,13.46794921875
2026-09-26T00:35:00+00:00,22411527-2,RH,CURRENT,%,77.85763332570382
2026-09-26T00:35:00+00:00,22411527-3,Dew Point,CURRENT,°C,9.695721219299191
2026-09-26T00:35:00+00:00,22411528-1,Temperature,CURRENT,°C,12.502690429687497
2026-09-26T00:35:00+00:00,22411528-2,RH,CURRENT,%,84.17029068436713
2026-09-26T00:35:00+00:00,22411528-3,Dew Point,CURRENT,°C,9.91678041525267
2026-09-26T00:35:00+00:00,22411529-1,Temperature,CURRENT,°C,11.9449853515625
2026-09-26T00:35:00+00:00,22411529-2,RH,CURRENT,%,86.91996643015183
2026-09-26T00:35:00+00:00,22411529-3,Dew Point,CURRENT,°C,9.848663313340614
2026-09-26T00:35:00+00:00,22411530-1,Temperature,CURRENT,°C,13.253447265624999
2026-09-26T00:35:00+00:00,22411530-2,RH,CURRENT,%,78.85557335774777
2026-09-26T00:35:00+00:00,22411530-3,Dew Point,CURRENT,°C,9.677019338335025
2026-09-26T00:35:00+00:00,22411541-S,Battery,CURRENT,V,8.503236328125
2026-09-26T00:35:00+00:00,22447758-1,Temperature,CURRENT,°C,13.103295898437501
2026-09-26T00:35:00+00:00,22447758-2,RH,CURRENT,%,76.57892729076066
2026-09-26T00:35:00+00:00,22447758-3,Dew Point,CURRENT,°C,9.095464366811425
2026-09-26T00:35:00+00:00,22447759-1,Temperature,CURRENT,°C,13.146196289062502
2026-09-26T00:35:00+00:00,22447759-2,RH,CURRENT,%,76.71625848783093
2026-09-26T00:35:00+00:00,22447759-3,Dew Point,CURRENT,°C,9.163661470803001
2026-09-26T00:35:00+00:00,22447760-1,Temperature,CURRENT,°C,13.081845703124998
2026-09-26T00:35:00+00:00,22447760-2,RH,CURRENT,%,77.3708705271992
2026-09-26T00:35:00+00:00,22447760-3,Dew Point,CURRENT,°C,9.227383459560853
2026-09-26T00:35:00+00:00,22447761-1,Temperature,CURRENT,°C,12.9745947265625
2026-09-26T00:35:00+00:00,22447761-2,RH,CURRENT,%,77.18776226443885
2026-09-26T00:35:00+00:00,22447761-3,Dew Point,CURRENT,°C,9.088091847472406
2026-09-26T00:35:00+00:00,22447762-1,Temperature,CURRENT,°C,13.146196289062502
2026-09-26T00:35:00+00:00,22447762-2,RH,CURRENT,%,76.42481116960403
2026-09-26T00:35:00+00:00,22447762-3,Dew Point,CURRENT,°C,9.107169005689864
2026-09-26T00:35:00+00:00,22447764-1,Temperature,CURRENT,°C,12.9745947265625
2026-09-26T00:35:00+00:00,22447764-2,RH,CURRENT,%,77.58144502937361
2026-09-26T00:35:00+00:00,22447764-3,Dew Point,CURRENT,°C,9.163592499701046
2026-09-26T00:35:00+00:00,22447765-1,Temperature,CURRENT,°C,13.081845703124998
2026-09-26T00:35:00+00:00,22447765-2,RH,CURRENT,%,76.5514610513466
2026-09-26T00:35:00+00:00,22447765-3,Dew Point,CURRENT,°C,9.06934216190149
2026-09-26T00:35:00+00:00,22447766-1,Temperature,CURRENT,°C,13.146196289062502
2026-09-26T00:35:00+00:00,22447766-2,RH,CURRENT,%,76.49195086594949
2026-09-26T00:35:00+00:00,22447766-3,Dew Point,CURRENT,°C,9.12019975695895
2026-09-26T00:40:00+00:00,22407254-1,Temperature,CURRENT,°C,12.8458935546875
2026-09-26T00:40:00+00:00,22407254-2,RH,CURRENT,%,75.7427328908217
2026-09-26T00:40:00+00:00,22407254-3,Dew Point,CURRENT,°C,8.683385223874346
2026-09-26T00:40:00+00:00,22411189-1,Temperature,CURRENT,°C,12.867343749999996
2026-09-26T00:40:00+00:00,22411189-2,RH,CURRENT,%,82.15609979400321
2026-09-26T00:40:00+00:00,22411189-3,Dew Point,CURRENT,°C,9.912175635155878
2026-09-26T00:40:00+00:00,22411190-1,Temperature,CURRENT,°C,13.038945312499997
2026-09-26T00:40:00+00:00,22411190-2,RH,CURRENT,%,79.10582131685359
2026-09-26T00:40:00+00:00,22411190-3,Dew Point,CURRENT,°C,9.515441525270866
2026-09-26T00:40:00+00:00,22411191-1,Temperature,CURRENT,°C,13.274897460937495
2026-09-26T00:40:00+00:00,22411191-2,RH,CURRENT,%,79.50102998397803
2026-09-26T00:40:00+00:00,22411191-3,Dew Point,CURRENT,°C,9.819496371630752
2026-09-26T00:40:00+00:00,22411525-1,Temperature,CURRENT,°C,13.29634765625
2026-09-26T00:40:00+00:00,22411525-2,RH,CURRENT,%,77.70962081330586
2026-09-26T00:40:00+00:00,22411525-3,Dew Point,CURRENT,°C,9.500660493988534
2026-09-26T00:40:00+00:00,22411526-1,Temperature,CURRENT,°C,12.652841796874995
2026-09-26T00:40:00+00:00,22411526-2,RH,CURRENT,%,81.55947203784237
2026-09-26T00:40:00+00:00,22411526-3,Dew Point,CURRENT,°C,9.593765527566893
2026-09-26T00:40:00+00:00,22411527-1,Temperature,CURRENT,°C,13.403598632812496
2026-09-26T00:40:00+00:00,22411527-2,RH,CURRENT,%,77.56313420309758
2026-09-26T00:40:00+00:00,22411527-3,Dew Point,CURRENT,°C,9.576736441729151
2026-09-26T00:40:00+00:00,22411528-1,Temperature,CURRENT,°C,12.395439453125
2026-09-26T00:40:00+00:00,22411528-2,RH,CURRENT,%,84.101625085832
2026-09-26T00:40:00+00:00,22411528-3,Dew Point,CURRENT,°C,9.799400477762852
2026-09-26T00:40:00+00:00,22411529-1,Temperature,CURRENT,°C,11.794833984374996
2026-09-26T00:40:00+00:00,22411529-2,RH,CURRENT,%,87.13054093232624
2026-09-26T00:40:00+00:00,22411529-3,Dew Point,CURRENT,°C,9.73688616619347
2026-09-26T00:40:00+00:00,22411530-1,Temperature,CURRENT,°C,13.210546874999999
2026-09-26T00:40:00+00:00,22411530-2,RH,CURRENT,%,78.71213855191883
2026-09-26T00:40:00+00:00,22411530-3,Dew Point,CURRENT,°C,9.608143676466169
2026-09-26T00:40:00+00:00,22411541-S,Battery,CURRENT,V,8.493544189453125
2026-09-26T00:40:00+00:00,22447758-1,Temperature,CURRENT,°C,12.996044921874997
2026-09-26T00:40:00+00:00,22447758-2,RH,CURRENT,%,76.35919737544823
2026-09-26T00:40:00+00:00,22447758-3,Dew Point,CURRENT,°C,8.948869814026578
2026-09-26T00:40:00+00:00,22447759-1,Temperature,CURRENT,°C,13.060395507812501
2026-09-26T00:40:00+00:00,22447759-2,RH,CURRENT,%,76.42938887617304
2026-09-26T00:40:00+00:00,22447759-3,Dew Point,CURRENT,°C,9.024874740250079
2026-09-26T00:40:00+00:00,22447760-1,Temperature,CURRENT,°C,12.9745947265625
2026-09-26T00:40:00+00:00,22447760-2,RH,CURRENT,%,77.15724422064545
2026-09-26T00:40:00+00:00,22447760-3,Dew Point,CURRENT,°C,9.082224945017215
2026-09-26T00:40:00+00:00,22447761-1,Temperature,CURRENT,°C,12.8887939453125
2026-09-26T00:40:00+00:00,22447761-2,RH,CURRENT,%,76.91767757686732
2026-09-26T00:40:00+00:00,22447761-3,Dew Point,CURRENT,°C,8.952850133457323
2026-09-26T00:40:00+00:00,22447762-1,Temperature,CURRENT,°C,13.038945312499997
2026-09-26T00:40:00+00:00,22447762-2,RH,CURRENT,%,76.17608911268788
2026-09-26T00:40:00+00:00,22447762-3,Dew Point,CURRENT,°C,8.954870602192821
2026-09-26T00:40:00+00:00,22447764-1,Temperature,CURRENT,°C,12.8887939453125
2026-09-26T00:40:00+00:00,22447764-2,RH,CURRENT,%,77.22438391699092
2026-09-26T00:40:00+00:00,22447764-3,Dew Point,CURRENT,°C,9.011841026934839
2026-09-26T00:40:00+00:00,22447765-1,Temperature,CURRENT,°C,12.996044921874997
2026-09-26T00:40:00+00:00,22447765-2,RH,CURRENT,%,76.3561455710689
2026-09-26T00:40:00+00:00,22447765-3,Dew Point,CURRENT,°C,8.9482775192335
2026-09-26T00:40:00+00:00,22447766-1,Temperature,CURRENT,°C,13.081845703124998
2026-09-26T00:40:00+00:00,22447766-2,RH,CURRENT,%,76.08606088349737
2026-09-26T00:40:00+00:00,22447766-3,Dew Point,CURRENT,°C,8.978915502655592
2026-09-26T00:45:00+00:00,22407254-1,Temperature,CURRENT,°C,13.0174951171875
2026-09-26T00:45:00+00:00,22407254-2,RH,CURRENT,%,75.32921339742123
2026-09-26T00:45:00+00:00,22407254-3,Dew Point,CURRENT,°C,8.768537338815065
2026-09-26T00:45:00+00:00,22411189-1,Temperature,CURRENT,°C,12.996044921874997
2026-09-26T00:45:00+00:00,22411189-2,RH,CURRENT,%,81.54573891813534
2026-09-26T00:45:00+00:00,22411189-3,Dew Point,CURRENT,°C,9.926605620205486
2026-09-26T00:45:00+00:00,22411190-1,Temperature,CURRENT,°C,13.146196289062502
2026-09-26T00:45:00+00:00,22411190-2,RH,CURRENT,%,78.65262836652171
2026-09-26T00:45:00+00:00,22411190-3,Dew Point,CURRENT,°C,9.534273294882713
2026-09-26T00:45:00+00:00,22411191-1,Temperature,CURRENT,°C,13.339248046875
2026-09-26T00:45:00+00:00,22411191-2,RH,CURRENT,%,79.28892957961395
2026-09-26T00:45:00+00:00,22411191-3,Dew Point,CURRENT,°C,9.84229524649849
2026-09-26T00:45:00+00:00,22411525-1,Temperature,CURRENT,°C,13.360698242187496
2026-09-26T00:45:00+00:00,22411525-2,RH,CURRENT,%,77.40901808194094
2026-09-26T00:45:00+00:00,22411525-3,Dew Point,CURRENT,°C,9.50546050521812
2026-09-26T00:45:00+00:00,22411526-1,Temperature,CURRENT,°C,12.738642578124995
2026-09-26T00:45:00+00:00,22411526-2,RH,CURRENT,%,81.08796826123445
2026-09-26T00:45:00+00:00,22411526-3,Dew Point,CURRENT,°C,9.591205238083361
2026-09-26T00:45:00+00:00,22411527-1,Temperature,CURRENT,°C,13.46794921875
2026-09-26T00:45:00+00:00,22411527-2,RH,CURRENT,%,77.32967116807812
2026-09-26T00:45:00+00:00,22411527-3,Dew Point,CURRENT,°C,9.594315773949477
2026-09-26T00:45:00+00:00,22411528-1,Temperature,CURRENT,°C,12.481240234375
2026-09-26T00:45:00+00:00,22411528-2,RH,CURRENT,%,83.68505378805219
2026-09-26T00:45:00+00:00,22411528-3,Dew Point,CURRENT,°C,9.809430194129137
2026-09-26T00:45:00+00:00,22411529-1,Temperature,CURRENT,°C,11.837734374999997
2026-09-26T00:45:00+00:00,22411529-2,RH,CURRENT,%,86.87571526665141
2026-09-26T00:45:00+00:00,22411529-3,Dew Point,CURRENT,°C,9.735454028658983
2026-09-26T00:45:00+00:00,22411530-1,Temperature,CURRENT,°C,13.274897460937495
2026-09-26T00:45:00+00:00,22411530-2,RH,CURRENT,%,78.32913710231175
2026-09-26T00:45:00+00:00,22411530-3,Dew Point,CURRENT,°C,9.59806319682198
2026-09-26T00:45:00+00:00,22411541-S,Battery,CURRENT,V,8.500005615234375
2026-09-26T00:45:00+00:00,22447758-1,Temperature,CURRENT,°C,13.146196289062502
2026-09-26T00:45:00+00:00,22447758-2,RH,CURRENT,%,75.90600442511635
2026-09-26T00:45:00+00:00,22447758-3,Dew Point,CURRENT,°C,9.006135848502224
2026-09-26T00:45:00+00:00,22447759-1,Temperature,CURRENT,°C,13.189096679687495
2026-09-26T00:45:00+00:00,22447759-2,RH,CURRENT,%,76.00366216525521
2026-09-26T00:45:00+00:00,22447759-3,Dew Point,CURRENT,°C,9.066763427283567
2026-09-26T00:45:00+00:00,22447760-1,Temperature,CURRENT,°C,13.081845703124998
2026-09-26T00:45:00+00:00,22447760-2,RH,CURRENT,%,76.73456931410696
2026-09-26T00:45:00+00:00,22447760-3,Dew Point,CURRENT,°C,9.104787329331735
2026-09-26T00:45:00+00:00,22447761-1,Temperature,CURRENT,°C,12.9745947265625
2026-09-26T00:45:00+00:00,22447761-2,RH,CURRENT,%,76.68116273746853
2026-09-26T00:45:00+00:00,22447761-3,Dew Point,CURRENT,°C,8.99043591755375
2026-09-26T00:45:00+00:00,22447762-1,Temperature,CURRENT,°C,13.167646484374998
2026-09-26T00:45:00+00:00,22447762-2,RH,CURRENT,%,75.76562142366674
2026-09-26T00:45:00+00:00,22447762-3,Dew Point,CURRENT,°C,8.99946686048746
2026-09-26T00:45:00+00:00,22447764-1,Temperature,CURRENT,°C,12.9745947265625
2026-09-26T00:45:00+00:00,22447764-2,RH,CURRENT,%,76.90089265278095
2026-09-26T00:45:00+00:00,22447764-3,Dew Point,CURRENT,°C,9.03286220169413
2026-09-26T00:45:00+00:00,22447765-1,Temperature,CURRENT,°C,13.081845703124998
2026-09-26T00:45:00+00:00,22447765-2,RH,CURRENT,%,76.01129167620356
2026-09-26T00:45:00+00:00,22447765-3,Dew Point,CURRENT,°C,8.964342594159513
2026-09-26T00:45:00+00:00,22447766-1,Temperature,CURRENT,°C,13.167646484374998
2026-09-26T00:45:00+00:00,22447766-2,RH,CURRENT,%,75.80224307621882
2026-09-26T00:45:00+00:00,22447766-3,Dew Point,CURRENT,°C,9.006631371041962
2026-09-26T00:50:00+00:00,22407254-1,Temperature,CURRENT,°C,12.8458935546875
2026-09-26T00:50:00+00:00,22407254-2,RH,CURRENT,%,75.47570000762951
2026-09-26T00:50:00+00:00,22407254-3,Dew Point,CURRENT,°C,8.631169905718483
2026-09-26T00:50:00+00:00,22411189-1,Temperature,CURRENT,°C,12.867343749999996
2026-09-26T00:50:00+00:00,22411189-2,RH,CURRENT,%,81.79751277943083
2026-09-26T00:50:00+00:00,22411189-3,Dew Point,CURRENT,°C,9.846861022108325
2026-09-26T00:50:00+00:00,22411190-1,Temperature,CURRENT,°C,13.038945312499997
2026-09-26T00:50:00+00:00,22411190-2,RH,CURRENT,%,78.77317463950561
2026-09-26T00:50:00+00:00,22411190-3,Dew Point,CURRENT,°C,9.452721367023472
2026-09-26T00:50:00+00:00,22411191-1,Temperature,CURRENT,°C,13.274897460937495
2026-09-26T00:50:00+00:00,22411191-2,RH,CURRENT,%,79.18822003509575
2026-09-26T00:50:00+00:00,22411191-3,Dew Point,CURRENT,°C,9.76067219039382
2026-09-26T00:50:00+00:00,22411525-1,Temperature,CURRENT,°C,13.317797851562496
2026-09-26T00:50:00+00:00,22411525-2,RH,CURRENT,%,77.34340428778515
2026-09-26T00:50:00+00:00,22411525-3,Dew Point,CURRENT,°C,9.45118781605827
2026-09-26T00:50:00+00:00,22411526-1,Temperature,CURRENT,°C,12.631391601562498
2026-09-26T00:50:00+00:00,22411526-2,RH,CURRENT,%,81.22987716487373
2026-09-26T00:50:00+00:00,22411526-3,Dew Point,CURRENT,°C,9.512506651762507
2026-09-26T00:50:00+00:00,22411527-1,Temperature,CURRENT,°C,13.403598632812496
2026-09-26T00:50:00+00:00,22411527-2,RH,CURRENT,%,77.30830853742275
2026-09-26T00:50:00+00:00,22411527-3,Dew Point,CURRENT,°C,9.527729304547123
2026-09-26T00:50:00+00:00,22411528-1,Temperature,CURRENT,°C,12.331088867187496
2026-09-26T00:50:00+00:00,22411528-2,RH,CURRENT,%,83.97192339971008
2026-09-26T00:50:00+00:00,22411528-3,Dew Point,CURRENT,°C,9.713269037549342
2026-09-26T00:50:00+00:00,22411529-1,Temperature,CURRENT,°C,11.666132812499995
2026-09-26T00:50:00+00:00,22411529-2,RH,CURRENT,%,87.1625848783093
2026-09-26T00:50:00+00:00,22411529-3,Dew Point,CURRENT,°C,9.615589258612973
2026-09-26T00:50:00+00:00,22411530-1,Temperature,CURRENT,°C,13.189096679687495
2026-09-26T00:50:00+00:00,22411530-2,RH,CURRENT,%,78.34744792858778
2026-09-26T00:50:00+00:00,22411530-3,Dew Point,CURRENT,°C,9.518115219551902
2026-09-26T00:50:00+00:00,22411541-S,Battery,CURRENT,V,8.487082763671875
2026-09-26T00:50:00+00:00,22447758-1,Temperature,CURRENT,°C,12.996044921874997
2026-09-26T00:50:00+00:00,22447758-2,RH,CURRENT,%,76.05706874189364
2026-09-26T00:50:00+00:00,22447758-3,Dew Point,CURRENT,°C,8.89013134310174
2026-09-26T00:50:00+00:00,22447759-1,Temperature,CURRENT,°C,13.081845703124998
2026-09-26T00:50:00+00:00,22447759-2,RH,CURRENT,%,76.14099336232547
2026-09-26T00:50:00+00:00,22447759-3,Dew Point,CURRENT,°C,8.989614102556217
2026-09-26T00:50:00+00:00,22447760-1,Temperature,CURRENT,°C,13.038945312499997
2026-09-26T00:50:00+00:00,22447760-2,RH,CURRENT,%,76.56061646448462
2026-09-26T00:50:00+00:00,22447760-3,Dew Point,CURRENT,°C,9.02951585887537
2026-09-26T00:50:00+00:00,22447761-1,Temperature,CURRENT,°C,12.953144531249997
2026-09-26T00:50:00+00:00,22447761-2,RH,CURRENT,%,76.35461966887922
2026-09-26T00:50:00+00:00,22447761-3,Dew Point,CURRENT,°C,8.9063940389635
2026-09-26T00:50:00+00:00,22447762-1,Temperature,CURRENT,°C,13.146196289062502
2026-09-26T00:50:00+00:00,22447762-2,RH,CURRENT,%,75.53063248645762
2026-09-26T00:50:00+00:00,22447762-3,Dew Point,CURRENT,°C,8.932655882778649
2026-09-26T00:50:00+00:00,22447764-1,Temperature,CURRENT,°C,12.824443359374996
2026-09-26T00:50:00+00:00,22447764-2,RH,CURRENT,%,77.2152285038529
2026-09-26T00:50:00+00:00,22447764-3,Dew Point,CURRENT,°C,8.947617089595283
2026-09-26T00:50:00+00:00,22447765-1,Temperature,CURRENT,°C,12.953144531249997
2026-09-26T00:50:00+00:00,22447765-2,RH,CURRENT,%,76.2554360265507
2026-09-26T00:50:00+00:00,22447765-3,Dew Point,CURRENT,°C,8.88713926626617
2026-09-26T00:50:00+00:00,22447766-1,Temperature,CURRENT,°C,13.038945312499997
2026-09-26T00:50:00+00:00,22447766-2,RH,CURRENT,%,76.00823987182422
2026-09-26T00:50:00+00:00,22447766-3,Dew Point,CURRENT,°C,8.922183370932943
2026-09-26T00:55:00+00:00,22407254-1,Temperature,CURRENT,°C,12.867343749999996
2026-09-26T00:55:00+00:00,22407254-2,RH,CURRENT,%,75.19798580910964
2026-09-26T00:55:00+00:00,22407254-3,Dew Point,CURRENT,°C,8.597449152887496
2026-09-26T00:55:00+00:00,22411189-1,Temperature,CURRENT,°C,12.8458935546875
2026-09-26T00:55:00+00:00,22411189-2,RH,CURRENT,%,81.64797436484321
2026-09-26T00:55:00+00:00,22411189-3,Dew Point,CURRENT,°C,9.798586625309298
2026-09-26T00:55:00+00:00,22411190-1,Temperature,CURRENT,°C,13.0174951171875
2026-09-26T00:55:00+00:00,22411190-2,RH,CURRENT,%,78.62058442053865
2026-09-26T00:55:00+00:00,22411190-3,Dew Point,CURRENT,°C,9.40300588270487
2026-09-26T00:55:00+00:00,22411191-1,Temperature,CURRENT,°C,13.231997070312495
2026-09-26T00:55:00+00:00,22411191-2,RH,CURRENT,%,79.08751049057756
2026-09-26T00:55:00+00:00,22411191-3,Dew Point,CURRENT,°C,9.699927895012305
2026-09-26T00:55:00+00:00,22411525-1,Temperature,CURRENT,°C,13.253447265624999
2026-09-26T00:55:00+00:00,22411525-2,RH,CURRENT,%,77.29762722209506
2026-09-26T00:55:00+00:00,22411525-3,Dew Point,CURRENT,°C,9.379907867129726
2026-09-26T00:55:00+00:00,22411526-1,Temperature,CURRENT,°C,12.631391601562498
2026-09-26T00:55:00+00:00,22411526-2,RH,CURRENT,%,81.19325551232166
2026-09-26T00:55:00+00:00,22411526-3,Dew Point,CURRENT,°C,9.505793509920002
2026-09-26T00:55:00+00:00,22411527-1,Temperature,CURRENT,°C,13.339248046875
2026-09-26T00:55:00+00:00,22411527-2,RH,CURRENT,%,77.2304875257496
2026-09-26T00:55:00+00:00,22411527-3,Dew Point,CURRENT,°C,9.4502712543802
2026-09-26T00:55:00+00:00,22411528-1,Temperature,CURRENT,°C,12.309638671875
2026-09-26T00:55:00+00:00,22411528-2,RH,CURRENT,%,83.93224994277867
2026-09-26T00:55:00+00:00,22411528-3,Dew Point,CURRENT,°C,9.685189174432706
2026-09-26T00:55:00+00:00,22411529-1,Temperature,CURRENT,°C,11.644682617187499
2026-09-26T00:55:00+00:00,22411529-2,RH,CURRENT,%,87.24956130312047
2026-09-26T00:55:00+00:00,22411529-3,Dew Point,CURRENT,°C,9.609317863958625
2026-09-26T00:55:00+00:00,22411530-1,Temperature,CURRENT,°C,13.167646484374998
2026-09-26T00:55:00+00:00,22411530-2,RH,CURRENT,%,78.21774624246586
2026-09-26T00:55:00+00:00,22411530-3,Dew Point,CURRENT,°C,9.472597076179127
2026-09-26T00:55:00+00:00,22411541-S,Battery,CURRENT,V,8.487082763671875
2026-09-26T00:55:00+00:00,22447758-1,Temperature,CURRENT,°C,12.996044921874997
2026-09-26T00:55:00+00:00,22447758-2,RH,CURRENT,%,75.82360570687419
2026-09-26T00:55:00+00:00,22447758-3,Dew Point,CURRENT,°C,8.844601744689061
2026-09-26T00:55:00+00:00,22447759-1,Temperature,CURRENT,°C,13.081845703124998
2026-09-26T00:55:00+00:00,22447759-2,RH,CURRENT,%,75.95635919737545
2026-09-26T00:55:00+00:00,22447759-3,Dew Point,CURRENT,°C,8.953627928485954
2026-09-26T00:55:00+00:00,22447760-1,Temperature,CURRENT,°C,12.996044921874997
2026-09-26T00:55:00+00:00,22447760-2,RH,CURRENT,%,76.48279545281147
2026-09-26T00:55:00+00:00,22447760-3,Dew Point,CURRENT,°C,8.97284026806248
2026-09-26T00:55:00+00:00,22447761-1,Temperature,CURRENT,°C,12.8887939453125
2026-09-26T00:55:00+00:00,22447761-2,RH,CURRENT,%,76.31952391851682
2026-09-26T00:55:00+00:00,22447761-3,Dew Point,CURRENT,°C,8.837205351466887
2026-09-26T00:55:00+00:00,22447762-1,Temperature,CURRENT,°C,13.060395507812501
2026-09-26T00:55:00+00:00,22447762-2,RH,CURRENT,%,75.59929808499275
2026-09-26T00:55:00+00:00,22447762-3,Dew Point,CURRENT,°C,8.863047372051161
2026-09-26T00:55:00+00:00,22447764-1,Temperature,CURRENT,°C,12.8458935546875
2026-09-26T00:55:00+00:00,22447764-2,RH,CURRENT,%,76.78950179293507
2026-09-26T00:55:00+00:00,22447764-3,Dew Point,CURRENT,°C,8.886519599520945
2026-09-26T00:55:00+00:00,22447765-1,Temperature,CURRENT,°C,12.996044921874997
2026-09-26T00:55:00+00:00,22447765-2,RH,CURRENT,%,75.81139848935683
2026-09-26T00:55:00+00:00,22447765-3,Dew Point,CURRENT,°C,8.842217720319326
2026-09-26T00:55:00+00:00,22447766-1,Temperature,CURRENT,°C,13.081845703124998
2026-09-26T00:55:00+00:00,22447766-2,RH,CURRENT,%,75.58098725871672
2026-09-26T00:55:00+00:00,22447766-3,Dew Point,CURRENT,°C,8.880228031747638
2026-09-26T01:00:00+00:00,22407254-1,Temperature,CURRENT,°C,12.738642578124995
2026-09-26T01:00:00+00:00,22407254-2,RH,CURRENT,%,75.39787899595636
2026-09-26T01:00:00+00:00,22407254-3,Dew Point,CURRENT,°C,8.512108736366722
2026-09-26T01:00:00+00:00,22411189-1,Temperature,CURRENT,°C,12.7600927734375
2026-09-26T01:00:00+00:00,22411189-2,RH,CURRENT,%,81.43129625391012
2026-09-26T01:00:00+00:00,22411189-3,Dew Point,CURRENT,°C,9.67511749511417
2026-09-26T01:00:00+00:00,22411190-1,Temperature,CURRENT,°C,12.953144531249997
2026-09-26T01:00:00+00:00,22411190-2,RH,CURRENT,%,78.26504921034562
2026-09-26T01:00:00+00:00,22411190-3,Dew Point,CURRENT,°C,9.273041725564857
2026-09-26T01:00:00+00:00,22411191-1,Temperature,CURRENT,°C,13.231997070312495
2026-09-26T01:00:00+00:00,22411191-2,RH,CURRENT,%,78.51682307164111
2026-09-26T01:00:00+00:00,22411191-3,Dew Point,CURRENT,°C,9.591996361198868
2026-09-26T01:00:00+00:00,22411525-1,Temperature,CURRENT,°C,13.274897460937495
2026-09-26T01:00:00+00:00,22411525-2,RH,CURRENT,%,76.69489585717555
2026-09-26T01:00:00+00:00,22411525-3,Dew Point,CURRENT,°C,9.284351973343297
2026-09-26T01:00:00+00:00,22411526-1,Temperature,CURRENT,°C,12.524140625000001
2026-09-26T01:00:00+00:00,22411526-2,RH,CURRENT,%,81.00556954299229
2026-09-26T01:00:00+00:00,22411526-3,Dew Point,CURRENT,°C,9.366631621966876
2026-09-26T01:00:00+00:00,22411527-1,Temperature,CURRENT,°C,13.3821484375
2026-09-26T01:00:00+00:00,22411527-2,RH,CURRENT,%,76.60334172579537
2026-09-26T01:00:00+00:00,22411527-3,Dew Point,CURRENT,°C,9.370607960348629
2026-09-26T01:00:00+00:00,22411528-1,Temperature,CURRENT,°C,12.223837890625
2026-09-26T01:00:00+00:00,22411528-2,RH,CURRENT,%,83.69726100556954
2026-09-26T01:00:00+00:00,22411528-3,Dew Point,CURRENT,°C,9.559293571796491
2026-09-26T01:00:00+00:00,22411529-1,Temperature,CURRENT,°C,11.623232421874995
2026-09-26T01:00:00+00:00,22411529-2,RH,CURRENT,%,86.82993820096132
2026-09-26T01:00:00+00:00,22411529-3,Dew Point,CURRENT,°C,9.516389065220114
2026-09-26T01:00:00+00:00,22411530-1,Temperature,CURRENT,°C,13.124746093749998
2026-09-26T01:00:00+00:00,22411530-2,RH,CURRENT,%,77.79659723811703
2026-09-26T01:00:00+00:00,22411530-3,Dew Point,CURRENT,°C,9.350594238620523
2026-09-26T01:00:00+00:00,22411541-S,Battery,CURRENT,V,8.480621337890625
2026-09-26T01:00:00+00:00,22447758-1,Temperature,CURRENT,°C,12.867343749999996
2026-09-26T01:00:00+00:00,22447758-2,RH,CURRENT,%,76.01281757839322
2026-09-26T01:00:00+00:00,22447758-3,Dew Point,CURRENT,°C,8.75681555232757
2026-09-26T01:00:00+00:00,22447759-1,Temperature,CURRENT,°C,12.9316943359375
2026-09-26T01:00:00+00:00,22447759-2,RH,CURRENT,%,76.0891126878767
2026-09-26T01:00:00+00:00,22447759-3,Dew Point,CURRENT,°C,8.834015929018339
2026-09-26T01:00:00+00:00,22447760-1,Temperature,CURRENT,°C,12.867343749999996
2026-09-26T01:00:00+00:00,22447760-2,RH,CURRENT,%,76.66132600900282
2026-09-26T01:00:00+00:00,22447760-3,Dew Point,CURRENT,°C,8.882581379343211
2026-09-26T01:00:00+00:00,22447761-1,Temperature,CURRENT,°C,12.7600927734375
2026-09-26T01:00:00+00:00,22447761-2,RH,CURRENT,%,76.50263218127718
2026-09-26T01:00:00+00:00,22447761-3,Dew Point,CURRENT,°C,8.747897830510063
2026-09-26T01:00:00+00:00,22447762-1,Temperature,CURRENT,°C,12.953144531249997
2026-09-26T01:00:00+00:00,22447762-2,RH,CURRENT,%,75.61303120469978
2026-09-26T01:00:00+00:00,22447762-3,Dew Point,CURRENT,°C,8.76189130953705
2026-09-26T01:00:00+00:00,22447764-1,Temperature,CURRENT,°C,12.7600927734375
2026-09-26T01:00:00+00:00,22447764-2,RH,CURRENT,%,76.69336995498588
2026-09-26T01:00:00+00:00,22447764-3,Dew Point,CURRENT,°C,8.78474561194313
2026-09-26T01:00:00+00:00,22447765-1,Temperature,CURRENT,°C,12.910244140624997
2026-09-26T01:00:00+00:00,22447765-2,RH,CURRENT,%,75.74120698863203
2026-09-26T01:00:00+00:00,22447765-3,Dew Point,CURRENT,°C,8.745408687779177
2026-09-26T01:00:00+00:00,22447766-1,Temperature,CURRENT,°C,12.996044921874997
2026-09-26T01:00:00+00:00,22447766-2,RH,CURRENT,%,75.4161898222324
2026-09-26T01:00:00+00:00,22447766-3,Dew Point,CURRENT,°C,8.76485185409776
2026-09-26T01:05:00+00:00,22407254-1,Temperature,CURRENT,°C,12.652841796874995
2026-09-26T01:05:00+00:00,22407254-2,RH,CURRENT,%,75.24223697261006
2026-09-26T01:05:00+00:00,22407254-3,Dew Point,CURRENT,°C,8.398566278228728
2026-09-26T01:05:00+00:00,22411189-1,Temperature,CURRENT,°C,12.8029931640625
2026-09-26T01:05:00+00:00,22411189-2,RH,CURRENT,%,81.12458991378652
2026-09-26T01:05:00+00:00,22411189-3,Dew Point,CURRENT,°C,9.660770726186778
2026-09-26T01:05:00+00:00,22411190-1,Temperature,CURRENT,°C,12.9316943359375
2026-09-26T01:05:00+00:00,22411190-2,RH,CURRENT,%,78.22842755779355
2026-09-26T01:05:00+00:00,22411190-3,Dew Point,CURRENT,°C,9.245233266786261
2026-09-26T01:05:00+00:00,22411191-1,Temperature,CURRENT,°C,13.146196289062502
2026-09-26T01:05:00+00:00,22411191-2,RH,CURRENT,%,78.67246509498742
2026-09-26T01:05:00+00:00,22411191-3,Dew Point,CURRENT,°C,9.538028232075021
2026-09-26T01:05:00+00:00,22411525-1,Temperature,CURRENT,°C,13.146196289062502
2026-09-26T01:05:00+00:00,22411525-2,RH,CURRENT,%,76.89936675059128
2026-09-26T01:05:00+00:00,22411525-3,Dew Point,CURRENT,°C,9.199057621175001
2026-09-26T01:05:00+00:00,22411526-1,Temperature,CURRENT,°C,12.567041015625001
2026-09-26T01:05:00+00:00,22411526-2,RH,CURRENT,%,80.6485084306096
2026-09-26T01:05:00+00:00,22411526-3,Dew Point,CURRENT,°C,9.342824204971325
2026-09-26T01:05:00+00:00,22411527-1,Temperature,CURRENT,°C,13.231997070312495
2026-09-26T01:05:00+00:00,22411527-2,RH,CURRENT,%,76.95429922941939
2026-09-26T01:05:00+00:00,22411527-3,Dew Point,CURRENT,°C,9.292912642249927
2026-09-26T01:05:00+00:00,22411528-1,Temperature,CURRENT,°C,12.309638671875
2026-09-26T01:05:00+00:00,22411528-2,RH,CURRENT,%,83.2623788815137
2026-09-26T01:05:00+00:00,22411528-3,Dew Point,CURRENT,°C,9.565786069740081
2026-09-26T01:05:00+00:00,22411529-1,Temperature,CURRENT,°C,11.6875830078125
2026-09-26T01:05:00+00:00,22411529-2,RH,CURRENT,%,86.37979705500878
2026-09-26T01:05:00+00:00,22411529-3,Dew Point,CURRENT,°C,9.502353532880074
2026-09-26T01:05:00+00:00,22411530-1,Temperature,CURRENT,°C,13.060395507812501
2026-09-26T01:05:00+00:00,22411530-2,RH,CURRENT,%,77.86526283665216
2026-09-26T01:05:00+00:00,22411530-3,Dew Point,CURRENT,°C,9.301184761406013
2026-09-26T01:05:00+00:00,22411541-S,Battery,CURRENT,V,8.48385205078125
2026-09-26T01:05:00+00:00,22447758-1,Temperature,CURRENT,°C,12.781542968749996
2026-09-26T01:05:00+00:00,22447758-2,RH,CURRENT,%,75.90142671854734
2026-09-26T01:05:00+00:00,22447758-3,Dew Point,CURRENT,°C,8.6520016295302
2026-09-26T01:05:00+00:00,22447759-1,Temperature,CURRENT,°C,12.8458935546875
2026-09-26T01:05:00+00:00,22447759-2,RH,CURRENT,%,75.98992904554818
2026-09-26T01:05:00+00:00,22447759-3,Dew Point,CURRENT,°C,8.731577503601969
2026-09-26T01:05:00+00:00,22447760-1,Temperature,CURRENT,°C,12.738642578124995
2026-09-26T01:05:00+00:00,22447760-2,RH,CURRENT,%,76.78034637979705
2026-09-26T01:05:00+00:00,22447760-3,Dew Point,CURRENT,°C,8.780713279536702
2026-09-26T01:05:00+00:00,22447761-1,Temperature,CURRENT,°C,12.631391601562498
2026-09-26T01:05:00+00:00,22447761-2,RH,CURRENT,%,76.62470435645075
2026-09-26T01:05:00+00:00,22447761-3,Dew Point,CURRENT,°C,8.646670316836852
2026-09-26T01:05:00+00:00,22447762-1,Temperature,CURRENT,°C,12.8029931640625
2026-09-26T01:05:00+00:00,22447762-2,RH,CURRENT,%,75.85107194628824
2026-09-26T01:05:00+00:00,22447762-3,Dew Point,CURRENT,°C,8.662968430436791
2026-09-26T01:05:00+00:00,22447764-1,Temperature,CURRENT,°C,12.652841796874995
2026-09-26T01:05:00+00:00,22447764-2,RH,CURRENT,%,76.80933852140078
2026-09-26T01:05:00+00:00,22447764-3,Dew Point,CURRENT,°C,8.703063586506474
2026-09-26T01:05:00+00:00,22447765-1,Temperature,CURRENT,°C,12.7600927734375
2026-09-26T01:05:00+00:00,22447765-2,RH,CURRENT,%,75.85717555504692
2026-09-26T01:05:00+00:00,22447765-3,Dew Point,CURRENT,°C,8.622602378880888
2026-09-26T01:05:00+00:00,22447766-1,Temperature,CURRENT,°C,12.8458935546875
2026-09-26T01:05:00+00:00,22447766-2,RH,CURRENT,%,75.67406729228657
2026-09-26T01:05:00+00:00,22447766-3,Dew Point,CURRENT,°C,8.669973918577822
2026-09-26T01:10:00+00:00,22407254-1,Temperature,CURRENT,°C,12.738642578124995
2026-09-26T01:10:00+00:00,22407254-2,RH,CURRENT,%,75.04997329671168
2026-09-26T01:10:00+00:00,22407254-3,Dew Point,CURRENT,°C,8.443830646057162
2026-09-26T01:10:00+00:00,22411189-1,Temperature,CURRENT,°C,12.824443359374996
2026-09-26T01:10:00+00:00,22411189-2,RH,CURRENT,%,80.62256809338521
2026-09-26T01:10:00+00:00,22411189-3,Dew Point,CURRENT,°C,9.589211629299369
2026-09-26T01:10:00+00:00,22411190-1,Temperature,CURRENT,°C,12.953144531249997
2026-09-26T01:10:00+00:00,22411190-2,RH,CURRENT,%,77.7431906614786
2026-09-26T01:10:00+00:00,22411190-3,Dew Point,CURRENT,°C,9.173675705140264
2026-09-26T01:10:00+00:00,22411191-1,Temperature,CURRENT,°C,13.189096679687495
2026-09-26T01:10:00+00:00,22411191-2,RH,CURRENT,%,78.14450293736172
2026-09-26T01:10:00+00:00,22411191-3,Dew Point,CURRENT,°C,9.47950644602721
2026-09-26T01:10:00+00:00,22411525-1,Temperature,CURRENT,°C,13.231997070312495
2026-09-26T01:10:00+00:00,22411525-2,RH,CURRENT,%,76.32410162508583
2026-09-26T01:10:00+00:00,22411525-3,Dew Point,CURRENT,°C,9.17077231497665
2026-09-26T01:10:00+00:00,22411526-1,Temperature,CURRENT,°C,12.609941406250002
2026-09-26T01:10:00+00:00,22411526-2,RH,CURRENT,%,80.1510643167773
2026-09-26T01:10:00+00:00,22411526-3,Dew Point,CURRENT,°C,9.292707107990834
2026-09-26T01:10:00+00:00,22411527-1,Temperature,CURRENT,°C,13.339248046875
2026-09-26T01:10:00+00:00,22411527-2,RH,CURRENT,%,76.14557106889448
2026-09-26T01:10:00+00:00,22411527-3,Dew Point,CURRENT,°C,9.239939388858641
2026-09-26T01:10:00+00:00,22411528-1,Temperature,CURRENT,°C,12.331088867187496
2026-09-26T01:10:00+00:00,22411528-2,RH,CURRENT,%,82.72831311512932
2026-09-26T01:10:00+00:00,22411528-3,Dew Point,CURRENT,°C,9.490979803023848
2026-09-26T01:10:00+00:00,22411529-1,Temperature,CURRENT,°C,11.709033203124996
2026-09-26T01:10:00+00:00,22411529-2,RH,CURRENT,%,85.94491493095292
2026-09-26T01:10:00+00:00,22411529-3,Dew Point,CURRENT,°C,9.44833675951194
2026-09-26T01:10:00+00:00,22411530-1,Temperature,CURRENT,°C,13.103295898437501
2026-09-26T01:10:00+00:00,22411530-2,RH,CURRENT,%,77.44869153887235
2026-09-26T01:10:00+00:00,22411530-3,Dew Point,CURRENT,°C,9.263145255033882
2026-09-26T01:10:00+00:00,22411541-S,Battery,CURRENT,V,8.480621337890625
2026-09-26T01:10:00+00:00,22447758-1,Temperature,CURRENT,°C,12.8887939453125
2026-09-26T01:10:00+00:00,22447758-2,RH,CURRENT,%,75.60387579156176
2026-09-26T01:10:00+00:00,22447758-3,Dew Point,CURRENT,°C,8.697792105394972
2026-09-26T01:10:00+00:00,22447759-1,Temperature,CURRENT,°C,12.9745947265625
2026-09-26T01:10:00+00:00,22447759-2,RH,CURRENT,%,75.69542992294194
2026-09-26T01:10:00+00:00,22447759-3,Dew Point,CURRENT,°C,8.798780641159073
2026-09-26T01:10:00+00:00,22447760-1,Temperature,CURRENT,°C,12.867343749999996
2026-09-26T01:10:00+00:00,22447760-2,RH,CURRENT,%,76.46448462653544
2026-09-26T01:10:00+00:00,22447760-3,Dew Point,CURRENT,°C,8.84450701613956
2026-09-26T01:10:00+00:00,22447761-1,Temperature,CURRENT,°C,12.738642578124995
2026-09-26T01:10:00+00:00,22447761-2,RH,CURRENT,%,76.38361181048295
2026-09-26T01:10:00+00:00,22447761-3,Dew Point,CURRENT,°C,8.704068614798931
2026-09-26T01:10:00+00:00,22447762-1,Temperature,CURRENT,°C,12.9745947265625
2026-09-26T01:10:00+00:00,22447762-2,RH,CURRENT,%,75.32005798428321
2026-09-26T01:10:00+00:00,22447762-3,Dew Point,CURRENT,°C,8.725219609217183
2026-09-26T01:10:00+00:00,22447764-1,Temperature,CURRENT,°C,12.7600927734375
2026-09-26T01:10:00+00:00,22447764-2,RH,CURRENT,%,76.43396658274204
2026-09-26T01:10:00+00:00,22447764-3,Dew Point,CURRENT,°C,8.734612837996917
2026-09-26T01:10:00+00:00,22447765-1,Temperature,CURRENT,°C,12.867343749999996
2026-09-26T01:10:00+00:00,22447765-2,RH,CURRENT,%,75.5718318455787
2026-09-26T01:10:00+00:00,22447765-3,Dew Point,CURRENT,°C,8.670754390572833
2026-09-26T01:10:00+00:00,22447766-1,Temperature,CURRENT,°C,12.996044921874997
2026-09-26T01:10:00+00:00,22447766-2,RH,CURRENT,%,75.1644159609369
2026-09-26T01:10:00+00:00,22447766-3,Dew Point,CURRENT,°C,8.715378485186543
2026-09-26T01:15:00+00:00,22407254-1,Temperature,CURRENT,°C,12.524140625000001
2026-09-26T01:15:00+00:00,22407254-2,RH,CURRENT,%,75.49553673609522
2026-09-26T01:15:00+00:00,22407254-3,Dew Point,CURRENT,°C,8.323560820082548
2026-09-26T01:15:00+00:00,22411189-1,Temperature,CURRENT,°C,12.652841796874995
2026-09-26T01:15:00+00:00,22411189-2,RH,CURRENT,%,81.32753490501258
2026-09-26T01:15:00+00:00,22411189-3,Dew Point,CURRENT,°C,9.551348263933708
2026-09-26T01:15:00+00:00,22411190-1,Temperature,CURRENT,°C,12.781542968749996
2026-09-26T01:15:00+00:00,22411190-2,RH,CURRENT,%,78.41458762493325
2026-09-26T01:15:00+00:00,22411190-3,Dew Point,CURRENT,°C,9.134522798945573
2026-09-26T01:15:00+00:00,22411191-1,Temperature,CURRENT,°C,13.0174951171875
2026-09-26T01:15:00+00:00,22411191-2,RH,CURRENT,%,78.83115892271306
2026-09-26T01:15:00+00:00,22411191-3,Dew Point,CURRENT,°C,9.442797467148784
2026-09-26T01:15:00+00:00,22411525-1,Temperature,CURRENT,°C,13.0174951171875
2026-09-26T01:15:00+00:00,22411525-2,RH,CURRENT,%,77.15114061188677
2026-09-26T01:15:00+00:00,22411525-3,Dew Point,CURRENT,°C,9.122690439310034
2026-09-26T01:15:00+00:00,22411526-1,Temperature,CURRENT,°C,12.481240234375
2026-09-26T01:15:00+00:00,22411526-2,RH,CURRENT,%,80.6179903868162
2026-09-26T01:15:00+00:00,22411526-3,Dew Point,CURRENT,°C,9.253473245042073
2026-09-26T01:15:00+00:00,22411527-1,Temperature,CURRENT,°C,13.060395507812501
2026-09-26T01:15:00+00:00,22411527-2,RH,CURRENT,%,77.22438391699092
2026-09-26T01:15:00+00:00,22411527-3,Dew Point,CURRENT,°C,9.178416956684124
2026-09-26T01:15:00+00:00,22411528-1,Temperature,CURRENT,°C,12.223837890625
2026-09-26T01:15:00+00:00,22411528-2,RH,CURRENT,%,83.16319523918517
2026-09-26T01:15:00+00:00,22411528-3,Dew Point,CURRENT,°C,9.463994799728193
2026-09-26T01:15:00+00:00,22411529-1,Temperature,CURRENT,°C,11.644682617187499
2026-09-26T01:15:00+00:00,22411529-2,RH,CURRENT,%,86.13870450904098
2026-09-26T01:15:00+00:00,22411529-3,Dew Point,CURRENT,°C,9.41855368584688
2026-09-26T01:15:00+00:00,22411530-1,Temperature,CURRENT,°C,12.9316943359375
2026-09-26T01:15:00+00:00,22411530-2,RH,CURRENT,%,78.03158617532617
2026-09-26T01:15:00+00:00,22411530-3,Dew Point,CURRENT,°C,9.207812650512516
2026-09-26T01:15:00+00:00,22411541-S,Battery,CURRENT,V,8.48385205078125
2026-09-26T01:15:00+00:00,22447758-1,Temperature,CURRENT,°C,12.652841796874995
2026-09-26T01:15:00+00:00,22447758-2,RH,CURRENT,%,76.15014877546349
2026-09-26T01:15:00+00:00,22447758-3,Dew Point,CURRENT,°C,8.575651399603894
2026-09-26T01:15:00+00:00,22447759-1,Temperature,CURRENT,°C,12.695742187499995
2026-09-26T01:15:00+00:00,22447759-2,RH,CURRENT,%,76.28137636377508
2026-09-26T01:15:00+00:00,22447759-3,Dew Point,CURRENT,°C,8.642677189993915
2026-09-26T01:15:00+00:00,22447760-1,Temperature,CURRENT,°C,12.652841796874995
2026-09-26T01:15:00+00:00,22447760-2,RH,CURRENT,%,76.71625848783093
2026-09-26T01:15:00+00:00,22447760-3,Dew Point,CURRENT,°C,8.685130994577735
2026-09-26T01:15:00+00:00,22447761-1,Temperature,CURRENT,°C,12.545590820312498
2026-09-26T01:15:00+00:00,22447761-2,RH,CURRENT,%,76.63996337834745
2026-09-26T01:15:00+00:00,22447761-3,Dew Point,CURRENT,°C,8.566397929771563
2026-09-26T01:15:00+00:00,22447762-1,Temperature,CURRENT,°C,12.738642578124995
2026-09-26T01:15:00+00:00,22447762-2,RH,CURRENT,%,75.70916304264897
2026-09-26T01:15:00+00:00,22447762-3,Dew Point,CURRENT,°C,8.572965043991358
2026-09-26T01:15:00+00:00,22447764-1,Temperature,CURRENT,°C,12.524140625000001
2026-09-26T01:15:00+00:00,22447764-2,RH,CURRENT,%,77.10688944838635
2026-09-26T01:15:00+00:00,22447764-3,Dew Point,CURRENT,°C,8.635345970774708
2026-09-26T01:15:00+00:00,22447765-1,Temperature,CURRENT,°C,12.652841796874995
2026-09-26T01:15:00+00:00,22447765-2,RH,CURRENT,%,76.04028381780728
2026-09-26T01:15:00+00:00,22447765-3,Dew Point,CURRENT,°C,8.554321739640843
2026-09-26T01:15:00+00:00,22447766-1,Temperature,CURRENT,°C,12.717192382812499
2026-09-26T01:15:00+00:00,22447766-2,RH,CURRENT,%,75.91058213168536
2026-09-26T01:15:00+00:00,22447766-3,Dew Point,CURRENT,°C,8.591445646151453
2026-09-26T01:20:00+00:00,22407254-1,Temperature,CURRENT,°C,12.502690429687497
2026-09-26T01:20:00+00:00,22407254-2,RH,CURRENT,%,75.46349279011216
2026-09-26T01:20:00+00:00,22407254-3,Dew Point,CURRENT,°C,8.296535713015365
2026-09-26T01:20:00+00:00,22411189-1,Temperature,CURRENT,°C,12.481240234375
2026-09-26T01:20:00+00:00,22411189-2,RH,CURRENT,%,81.9546807049668
2026-09-26T01:20:00+00:00,22411189-3,Dew Point,CURRENT,°C,9.498018843382294
2026-09-26T01:20:00+00:00,22411190-1,Temperature,CURRENT,°C,12.631391601562498
2026-09-26T01:20:00+00:00,22411190-2,RH,CURRENT,%,78.88151369497216
2026-09-26T01:20:00+00:00,22411190-3,Dew Point,CURRENT,°C,9.076538048284778
2026-09-26T01:20:00+00:00,22411191-1,Temperature,CURRENT,°C,12.910244140624997
2026-09-26T01:20:00+00:00,22411191-2,RH,CURRENT,%,79.20653086137179
2026-09-26T01:20:00+00:00,22411191-3,Dew Point,CURRENT,°C,9.409070930405353
2026-09-26T01:20:00+00:00,22411525-1,Temperature,CURRENT,°C,12.9745947265625
2026-09-26T01:20:00+00:00,22411525-2,RH,CURRENT,%,77.31288624399176
2026-09-26T01:20:00+00:00,22411525-3,Dew Point,CURRENT,°C,9.112124831937221
2026-09-26T01:20:00+00:00,22411526-1,Temperature,CURRENT,°C,12.288188476562496
2026-09-26T01:20:00+00:00,22411526-2,RH,CURRENT,%,81.24055848020141
2026-09-26T01:20:00+00:00,22411526-3,Dew Point,CURRENT,°C,9.179254706857028
2026-09-26T01:20:00+00:00,22411527-1,Temperature,CURRENT,°C,13.038945312499997
2026-09-26T01:20:00+00:00,22411527-2,RH,CURRENT,%,77.24269474326695
2026-09-26T01:20:00+00:00,22411527-3,Dew Point,CURRENT,°C,9.161114635222818
2026-09-26T01:20:00+00:00,22411528-1,Temperature,CURRENT,°C,12.030786132812501
2026-09-26T01:20:00+00:00,22411528-2,RH,CURRENT,%,83.81170366979477
2026-09-26T01:20:00+00:00,22411528-3,Dew Point,CURRENT,°C,9.390375302976924
2026-09-26T01:20:00+00:00,22411529-1,Temperature,CURRENT,°C,11.494531250000001
2026-09-26T01:20:00+00:00,22411529-2,RH,CURRENT,%,86.72922865644313
2026-09-26T01:20:00+00:00,22411529-3,Dew Point,CURRENT,°C,9.372406174740984
2026-09-26T01:20:00+00:00,22411530-1,Temperature,CURRENT,°C,12.824443359374996
2026-09-26T01:20:00+00:00,22411530-2,RH,CURRENT,%,78.44663157091631
2026-09-26T01:20:00+00:00,22411530-3,Dew Point,CURRENT,°C,9.182310366957179
2026-09-26T01:20:00+00:00,22411541-S,Battery,CURRENT,V,8.477390625
2026-09-26T01:20:00+00:00,22447758-1,Temperature,CURRENT,°C,12.631391601562498
2026-09-26T01:20:00+00:00,22447758-2,RH,CURRENT,%,76.04028381780728
2026-09-26T01:20:00+00:00,22447758-3,Dew Point,CURRENT,°C,8.533537468334458
2026-09-26T01:20:00+00:00,22447759-1,Temperature,CURRENT,°C,12.695742187499995
2026-09-26T01:20:00+00:00,22447759-2,RH,CURRENT,%,76.11200122072175
2026-09-26T01:20:00+00:00,22447759-3,Dew Point,CURRENT,°C,8.609821406860187
2026-09-26T01:20:00+00:00,22447760-1,Temperature,CURRENT,°C,12.588491210937498
2026-09-26T01:20:00+00:00,22447760-2,RH,CURRENT,%,76.8581673914702
2026-09-26T01:20:00+00:00,22447760-3,Dew Point,CURRENT,°C,8.650030111576124
2026-09-26T01:20:00+00:00,22447761-1,Temperature,CURRENT,°C,12.459790039062497
2026-09-26T01:20:00+00:00,22447761-2,RH,CURRENT,%,76.75440604257267
2026-09-26T01:20:00+00:00,22447761-3,Dew Point,CURRENT,°C,8.505212291984433
2026-09-26T01:20:00+00:00,22447762-1,Temperature,CURRENT,°C,12.674291992187499
2026-09-26T01:20:00+00:00,22447762-2,RH,CURRENT,%,75.7976653696498
2026-09-26T01:20:00+00:00,22447762-3,Dew Point,CURRENT,°C,8.527898744460288
2026-09-26T01:20:00+00:00,22447764-1,Temperature,CURRENT,°C,12.459790039062497
2026-09-26T01:20:00+00:00,22447764-2,RH,CURRENT,%,77.18318455786984
2026-09-26T01:20:00+00:00,22447764-3,Dew Point,CURRENT,°C,8.587500147783064
2026-09-26T01:20:00+00:00,22447765-1,Temperature,CURRENT,°C,12.588491210937498
2026-09-26T01:20:00+00:00,22447765-2,RH,CURRENT,%,76.15320057984283
2026-09-26T01:20:00+00:00,22447765-3,Dew Point,CURRENT,°C,8.513879412540561
2026-09-26T01:20:00+00:00,22447766-1,Temperature,CURRENT,°C,12.695742187499995
2026-09-26T01:20:00+00:00,22447766-2,RH,CURRENT,%,75.85564965285725
2026-09-26T01:20:00+00:00,22447766-3,Dew Point,CURRENT,°C,8.559971141878144
2026-09-26T01:25:00+00:00,22407254-1,Temperature,CURRENT,°C,12.524140625000001
2026-09-26T01:25:00+00:00,22407254-2,RH,CURRENT,%,75.41771572442207
2026-09-26T01:25:00+00:00,22407254-3,Dew Point,CURRENT,°C,8.308355247906428
2026-09-26T01:25:00+00:00,22411189-1,Temperature,CURRENT,°C,12.588491210937498
2026-09-26T01:25:00+00:00,22411189-2,RH,CURRENT,%,81.47402151522087
2026-09-26T01:25:00+00:00,22411189-3,Dew Point,CURRENT,°C,9.515277992061103
2026-09-26T01:25:00+00:00,22411190-1,Temperature,CURRENT,°C,12.717192382812499
2026-09-26T01:25:00+00:00,22411190-2,RH,CURRENT,%,78.57938506141757
2026-09-26T01:25:00+00:00,22411190-3,Dew Point,CURRENT,°C,9.103087454948763
2026-09-26T01:25:00+00:00,22411191-1,Temperature,CURRENT,°C,12.953144531249997
2026-09-26T01:25:00+00:00,22411191-2,RH,CURRENT,%,79.0096894789044
2026-09-26T01:25:00+00:00,22411191-3,Dew Point,CURRENT,°C,9.41382272974265
2026-09-26T01:25:00+00:00,22411525-1,Temperature,CURRENT,°C,12.996044921874997
2026-09-26T01:25:00+00:00,22411525-2,RH,CURRENT,%,77.11909666590371
2026-09-26T01:25:00+00:00,22411525-3,Dew Point,CURRENT,°C,9.095706993291634
2026-09-26T01:25:00+00:00,22411526-1,Temperature,CURRENT,°C,12.373989257812497
2026-09-26T01:25:00+00:00,22411526-2,RH,CURRENT,%,80.91096360723277
2026-09-26T01:25:00+00:00,22411526-3,Dew Point,CURRENT,°C,9.20267379103941
2026-09-26T01:25:00+00:00,22411527-1,Temperature,CURRENT,°C,13.081845703124998
2026-09-26T01:25:00+00:00,22411527-2,RH,CURRENT,%,77.0641641870756
2026-09-26T01:25:00+00:00,22411527-3,Dew Point,CURRENT,°C,9.168401536004476
2026-09-26T01:25:00+00:00,22411528-1,Temperature,CURRENT,°C,12.116586914062495
2026-09-26T01:25:00+00:00,22411528-2,RH,CURRENT,%,83.50957503624018
2026-09-26T01:25:00+00:00,22411528-3,Dew Point,CURRENT,°C,9.420760179955304
2026-09-26T01:25:00+00:00,22411529-1,Temperature,CURRENT,°C,11.515981445312498
2026-09-26T01:25:00+00:00,22411529-2,RH,CURRENT,%,86.56748302433815
2026-09-26T01:25:00+00:00,22411529-3,Dew Point,CURRENT,°C,9.365763772384938
2026-09-26T01:25:00+00:00,22411530-1,Temperature,CURRENT,°C,12.8887939453125
2026-09-26T01:25:00+00:00,22411530-2,RH,CURRENT,%,78.15365835049974
2026-09-26T01:25:00+00:00,22411530-3,Dew Point,CURRENT,°C,9.18932473997607
2026-09-26T01:25:00+00:00,22411541-S,Battery,CURRENT,V,8.467698486328125
2026-09-26T01:25:00+00:00,22447758-1,Temperature,CURRENT,°C,12.631391601562498
2026-09-26T01:25:00+00:00,22447758-2,RH,CURRENT,%,76.11200122072175
2026-09-26T01:25:00+00:00,22447758-3,Dew Point,CURRENT,°C,8.547461716408813
2026-09-26T01:25:00+00:00,22447759-1,Temperature,CURRENT,°C,12.695742187499995
2026-09-26T01:25:00+00:00,22447759-2,RH,CURRENT,%,76.22186617837797
2026-09-26T01:25:00+00:00,22447759-3,Dew Point,CURRENT,°C,8.631140588263632
2026-09-26T01:25:00+00:00,22447760-1,Temperature,CURRENT,°C,12.631391601562498
2026-09-26T01:25:00+00:00,22447760-2,RH,CURRENT,%,76.69336995498588
2026-09-26T01:25:00+00:00,22447760-3,Dew Point,CURRENT,°C,8.659912796034504
2026-09-26T01:25:00+00:00,22447761-1,Temperature,CURRENT,°C,12.524140625000001
2026-09-26T01:25:00+00:00,22447761-2,RH,CURRENT,%,76.59266041046769
2026-09-26T01:25:00+00:00,22447761-3,Dew Point,CURRENT,°C,8.536474404023885
2026-09-26T01:25:00+00:00,22447762-1,Temperature,CURRENT,°C,12.695742187499995
2026-09-26T01:25:00+00:00,22447762-2,RH,CURRENT,%,75.70153353170062
2026-09-26T01:25:00+00:00,22447762-3,Dew Point,CURRENT,°C,8.529930235010687
2026-09-26T01:25:00+00:00,22447764-1,Temperature,CURRENT,°C,12.481240234375
2026-09-26T01:25:00+00:00,22447764-2,RH,CURRENT,%,77.11909666590371
2026-09-26T01:25:00+00:00,22447764-3,Dew Point,CURRENT,°C,8.596046397160908
2026-09-26T01:25:00+00:00,22447765-1,Temperature,CURRENT,°C,12.588491210937498
2026-09-26T01:25:00+00:00,22447765-2,RH,CURRENT,%,76.20355535210193
2026-09-26T01:25:00+00:00,22447765-3,Dew Point,CURRENT,°C,8.523641167312295
2026-09-26T01:25:00+00:00,22447766-1,Temperature,CURRENT,°C,12.674291992187499
2026-09-26T01:25:00+00:00,22447766-2,RH,CURRENT,%,75.99298084992752
2026-09-26T01:25:00+00:00,22447766-3,Dew Point,CURRENT,°C,8.565912443711596
2026-09-26T01:30:00+00:00,22407254-1,Temperature,CURRENT,°C,12.567041015625001
2026-09-26T01:30:00+00:00,22407254-2,RH,CURRENT,%,74.80125123979553
2026-09-26T01:30:00+00:00,22407254-3,Dew Point,CURRENT,°C,8.228900147826163
2026-09-26T01:30:00+00:00,22411189-1,Temperature,CURRENT,°C,12.567041015625001
2026-09-26T01:30:00+00:00,22411189-2,RH,CURRENT,%,81.37788967727168
2026-09-26T01:30:00+00:00,22411189-3,Dew Point,CURRENT,°C,9.476748165642551
2026-09-26T01:30:00+00:00,22411190-1,Temperature,CURRENT,°C,12.717192382812499
2026-09-26T01:30:00+00:00,22411190-2,RH,CURRENT,%,78.48935683222706
2026-09-26T01:30:00+00:00,22411190-3,Dew Point,CURRENT,°C,9.086078919705278
2026-09-26T01:30:00+00:00,22411191-1,Temperature,CURRENT,°C,12.953144531249997
2026-09-26T01:30:00+00:00,22411191-2,RH,CURRENT,%,78.80827038986801
2026-09-26T01:30:00+00:00,22411191-3,Dew Point,CURRENT,°C,9.375858161274696
2026-09-26T01:30:00+00:00,22411525-1,Temperature,CURRENT,°C,12.9745947265625
2026-09-26T01:30:00+00:00,22411525-2,RH,CURRENT,%,76.99702449073014
2026-09-26T01:30:00+00:00,22411525-3,Dew Point,CURRENT,°C,9.051390171862582
2026-09-26T01:30:00+00:00,22411526-1,Temperature,CURRENT,°C,12.373989257812497
2026-09-26T01:30:00+00:00,22411526-2,RH,CURRENT,%,80.66224155031662
2026-09-26T01:30:00+00:00,22411526-3,Dew Point,CURRENT,°C,9.156962534956389
2026-09-26T01:30:00+00:00,22411527-1,Temperature,CURRENT,°C,13.060395507812501
2026-09-26T01:30:00+00:00,22411527-2,RH,CURRENT,%,76.94666971847104
2026-09-26T01:30:00+00:00,22411527-3,Dew Point,CURRENT,°C,9.124939030962615
2026-09-26T01:30:00+00:00,22411528-1,Temperature,CURRENT,°C,12.095136718749998
2026-09-26T01:30:00+00:00,22411528-2,RH,CURRENT,%,83.37376974135958
2026-09-26T01:30:00+00:00,22411528-3,Dew Point,CURRENT,°C,9.375533889261497
2026-09-26T01:30:00+00:00,22411529-1,Temperature,CURRENT,°C,11.515981445312498
2026-09-26T01:30:00+00:00,22411529-2,RH,CURRENT,%,86.40726329442283
2026-09-26T01:30:00+00:00,22411529-3,Dew Point,CURRENT,°C,9.338220419013329
2026-09-26T01:30:00+00:00,22411530-1,Temperature,CURRENT,°C,12.8458935546875
2026-09-26T01:30:00+00:00,22411530-2,RH,CURRENT,%,78.01632715342947
2026-09-26T01:30:00+00:00,22411530-3,Dew Point,CURRENT,°C,9.121517268453726
2026-09-26T01:30:00+00:00,22411541-S,Battery,CURRENT,V,8.467698486328125
2026-09-26T01:30:00+00:00,22447758-1,Temperature,CURRENT,°C,12.695742187499995
2026-09-26T01:30:00+00:00,22447758-2,RH,CURRENT,%,75.47722590981918
2026-09-26T01:30:00+00:00,22447758-3,Dew Point,CURRENT,°C,8.486111015259858
2026-09-26T01:30:00+00:00,22447759-1,Temperature,CURRENT,°C,12.738642578124995
2026-09-26T01:30:00+00:00,22447759-2,RH,CURRENT,%,75.60845349813077
2026-09-26T01:30:00+00:00,22447759-3,Dew Point,CURRENT,°C,8.553300373175189
2026-09-26T01:30:00+00:00,22447760-1,Temperature,CURRENT,°C,12.717192382812499
2026-09-26T01:30:00+00:00,22447760-2,RH,CURRENT,%,76.12268253604944
2026-09-26T01:30:00+00:00,22447760-3,Dew Point,CURRENT,°C,8.632682089301197
2026-09-26T01:30:00+00:00,22447761-1,Temperature,CURRENT,°C,12.631391601562498
2026-09-26T01:30:00+00:00,22447761-2,RH,CURRENT,%,75.89227130540932
2026-09-26T01:30:00+00:00,22447761-3,Dew Point,CURRENT,°C,8.504763612724318
2026-09-26T01:30:00+00:00,22447762-1,Temperature,CURRENT,°C,12.781542968749996
2026-09-26T01:30:00+00:00,22447762-2,RH,CURRENT,%,75.15068284122988
2026-09-26T01:30:00+00:00,22447762-3,Dew Point,CURRENT,°C,8.505133198069707
2026-09-26T01:30:00+00:00,22447764-1,Temperature,CURRENT,°C,12.545590820312498
2026-09-26T01:30:00+00:00,22447764-2,RH,CURRENT,%,76.45990691996643
2026-09-26T01:30:00+00:00,22447764-3,Dew Point,CURRENT,°C,8.531653131234934
2026-09-26T01:30:00+00:00,22447765-1,Temperature,CURRENT,°C,12.652841796874995
2026-09-26T01:30:00+00:00,22447765-2,RH,CURRENT,%,75.61455710688945
2026-09-26T01:30:00+00:00,22447765-3,Dew Point,CURRENT,°C,8.471412311689221
2026-09-26T01:30:00+00:00,22447766-1,Temperature,CURRENT,°C,12.717192382812499
2026-09-26T01:30:00+00:00,22447766-2,RH,CURRENT,%,75.50011444266423
2026-09-26T01:30:00+00:00,22447766-3,Dew Point,CURRENT,°C,8.511353936397564
2026-09-26T01:35:00+00:00,22407254-1,Temperature,CURRENT,°C,12.652841796874995
2026-09-26T01:35:00+00:00,22407254-2,RH,CURRENT,%,73.94522011139085
2026-09-26T01:35:00+00:00,22407254-3,Dew Point,CURRENT,°C,8.142296956676066
2026-09-26T01:35:00+00:00,22411189-1,Temperature,CURRENT,°C,12.717192382812499
2026-09-26T01:35:00+00:00,22411189-2,RH,CURRENT,%,80.43030441748684
2026-09-26T01:35:00+00:00,22411189-3,Dew Point,CURRENT,°C,9.449026589346763
2026-09-26T01:35:00+00:00,22411190-1,Temperature,CURRENT,°C,12.8458935546875
2026-09-26T01:35:00+00:00,22411190-2,RH,CURRENT,%,77.46700236514839
2026-09-26T01:35:00+00:00,22411190-3,Dew Point,CURRENT,°C,9.016699378257293
2026-09-26T01:35:00+00:00,22411191-1,Temperature,CURRENT,°C,13.060395507812501
2026-09-26T01:35:00+00:00,22411191-2,RH,CURRENT,%,78.03158617532617
2026-09-26T01:35:00+00:00,22411191-3,Dew Point,CURRENT,°C,9.332900624444086
2026-09-26T01:35:00+00:00,22411525-1,Temperature,CURRENT,°C,13.081845703124998
2026-09-26T01:35:00+00:00,22411525-2,RH,CURRENT,%,76.28137636377508
2026-09-26T01:35:00+00:00,22411525-3,Dew Point,CURRENT,°C,9.016924147980383
2026-09-26T01:35:00+00:00,22411526-1,Temperature,CURRENT,°C,12.481240234375
2026-09-26T01:35:00+00:00,22411526-2,RH,CURRENT,%,80.08239871824216
2026-09-26T01:35:00+00:00,22411526-3,Dew Point,CURRENT,°C,9.154485522584068
2026-09-26T01:35:00+00:00,22411527-1,Temperature,CURRENT,°C,13.124746093749998
2026-09-26T01:35:00+00:00,22411527-2,RH,CURRENT,%,76.33325703822385
2026-09-26T01:35:00+00:00,22411527-3,Dew Point,CURRENT,°C,9.068591031558084
2026-09-26T01:35:00+00:00,22411528-1,Temperature,CURRENT,°C,12.223837890625
2026-09-26T01:35:00+00:00,22411528-2,RH,CURRENT,%,82.68101014724957
2026-09-26T01:35:00+00:00,22411528-3,Dew Point,CURRENT,°C,9.377490087544654
2026-09-26T01:35:00+00:00,22411529-1,Temperature,CURRENT,°C,11.558881835937498
2026-09-26T01:35:00+00:00,22411529-2,RH,CURRENT,%,86.13412680247197
2026-09-26T01:35:00+00:00,22411529-3,Dew Point,CURRENT,°C,9.333362376180085
2026-09-26T01:35:00+00:00,22411530-1,Temperature,CURRENT,°C,12.9745947265625
2026-09-26T01:35:00+00:00,22411530-2,RH,CURRENT,%,77.10688944838635
2026-09-26T01:35:00+00:00,22411530-3,Dew Point,CURRENT,°C,9.072540091159617
2026-09-26T01:35:00+00:00,22411541-S,Battery,CURRENT,V,8.467698486328125
2026-09-26T01:35:00+00:00,22447758-1,Temperature,CURRENT,°C,12.7600927734375
2026-09-26T01:35:00+00:00,22447758-2,RH,CURRENT,%,74.65629053177692
2026-09-26T01:35:00+00:00,22447758-3,Dew Point,CURRENT,°C,8.386970064757667
2026-09-26T01:35:00+00:00,22447759-1,Temperature,CURRENT,°C,12.867343749999996
2026-09-26T01:35:00+00:00,22447759-2,RH,CURRENT,%,74.73716334782941
2026-09-26T01:35:00+00:00,22447759-3,Dew Point,CURRENT,°C,8.50664662994784
2026-09-26T01:35:00+00:00,22447760-1,Temperature,CURRENT,°C,12.8029931640625
2026-09-26T01:35:00+00:00,22447760-2,RH,CURRENT,%,75.29869535362783
2026-09-26T01:35:00+00:00,22447760-3,Dew Point,CURRENT,°C,8.554950266017414
2026-09-26T01:35:00+00:00,22447761-1,Temperature,CURRENT,°C,12.717192382812499
2026-09-26T01:35:00+00:00,22447761-2,RH,CURRENT,%,75.18272678721294
2026-09-26T01:35:00+00:00,22447761-3,Dew Point,CURRENT,°C,8.44916115393896
2026-09-26T01:35:00+00:00,22447762-1,Temperature,CURRENT,°C,12.8887939453125
2026-09-26T01:35:00+00:00,22447762-2,RH,CURRENT,%,74.26718547341116
2026-09-26T01:35:00+00:00,22447762-3,Dew Point,CURRENT,°C,8.43425602218326
2026-09-26T01:35:00+00:00,22447764-1,Temperature,CURRENT,°C,12.631391601562498
2026-09-26T01:35:00+00:00,22447764-2,RH,CURRENT,%,75.53063248645762
2026-09-26T01:35:00+00:00,22447764-3,Dew Point,CURRENT,°C,8.434252189348234
2026-09-26T01:35:00+00:00,22447765-1,Temperature,CURRENT,°C,12.738642578124995
2026-09-26T01:35:00+00:00,22447765-2,RH,CURRENT,%,74.70969710841536
2026-09-26T01:35:00+00:00,22447765-3,Dew Point,CURRENT,°C,8.376779886942293
2026-09-26T01:35:00+00:00,22447766-1,Temperature,CURRENT,°C,12.8458935546875
2026-09-26T01:35:00+00:00,22447766-2,RH,CURRENT,%,74.40909437705044
2026-09-26T01:35:00+00:00,22447766-3,Dew Point,CURRENT,°C,8.42097204315741
2026-09-26T01:40:00+00:00,22407254-1,Temperature,CURRENT,°C,12.8029931640625
2026-09-26T01:40:00+00:00,22407254-2,RH,CURRENT,%,73.26314183260853
2026-09-26T01:40:00+00:00,22407254-3,Dew Point,CURRENT,°C,8.15077877169359
2026-09-26T01:40:00+00:00,22411189-1,Temperature,CURRENT,°C,12.7600927734375
2026-09-26T01:40:00+00:00,22411189-2,RH,CURRENT,%,79.61089494163424
2026-09-26T01:40:00+00:00,22411189-3,Dew Point,CURRENT,°C,9.338549057413015
2026-09-26T01:40:00+00:00,22411190-1,Temperature,CURRENT,°C,12.8887939453125
2026-09-26T01:40:00+00:00,22411190-2,RH,CURRENT,%,76.73609521629663
2026-09-26T01:40:00+00:00,22411190-3,Dew Point,CURRENT,°C,8.917827571252436
2026-09-26T01:40:00+00:00,22411191-1,Temperature,CURRENT,°C,13.081845703124998
2026-09-26T01:40:00+00:00,22411191-2,RH,CURRENT,%,77.24727244983596
2026-09-26T01:40:00+00:00,22411191-3,Dew Point,CURRENT,°C,9.203639410628375
2026-09-26T01:40:00+00:00,22411525-1,Temperature,CURRENT,°C,13.124746093749998
2026-09-26T01:40:00+00:00,22411525-2,RH,CURRENT,%,75.46807049668116
2026-09-26T01:40:00+00:00,22411525-3,Dew Point,CURRENT,°C,8.899613936482552
2026-09-26T01:40:00+00:00,22411526-1,Temperature,CURRENT,°C,12.524140625000001
2026-09-26T01:40:00+00:00,22411526-2,RH,CURRENT,%,79.18364232852674
2026-09-26T01:40:00+00:00,22411526-3,Dew Point,CURRENT,°C,9.028833552100284
2026-09-26T01:40:00+00:00,22411527-1,Temperature,CURRENT,°C,13.189096679687495
2026-09-26T01:40:00+00:00,22411527-2,RH,CURRENT,%,75.48180361638819
2026-09-26T01:40:00+00:00,22411527-3,Dew Point,CURRENT,°C,8.964602758412996
2026-09-26T01:40:00+00:00,22411528-1,Temperature,CURRENT,°C,12.223837890625
2026-09-26T01:40:00+00:00,22411528-2,RH,CURRENT,%,81.96688792248416
2026-09-26T01:40:00+00:00,22411528-3,Dew Point,CURRENT,°C,9.248556688242934
2026-09-26T01:40:00+00:00,22411529-1,Temperature,CURRENT,°C,11.537431640625002
2026-09-26T01:40:00+00:00,22411529-2,RH,CURRENT,%,85.45204852368963
2026-09-26T01:40:00+00:00,22411529-3,Dew Point,CURRENT,°C,9.194151150452372
2026-09-26T01:40:00+00:00,22411530-1,Temperature,CURRENT,°C,13.0174951171875
2026-09-26T01:40:00+00:00,22411530-2,RH,CURRENT,%,76.45227740901808
2026-09-26T01:40:00+00:00,22411530-3,Dew Point,CURRENT,°C,8.987721577722773
2026-09-26T01:40:00+00:00,22411541-S,Battery,CURRENT,V,8.467698486328125
2026-09-26T01:40:00+00:00,22447758-1,Temperature,CURRENT,°C,12.910244140624997
2026-09-26T01:40:00+00:00,22447758-2,RH,CURRENT,%,73.93606469825284
2026-09-26T01:40:00+00:00,22447758-3,Dew Point,CURRENT,°C,8.389042635531403
2026-09-26T01:40:00+00:00,22447759-1,Temperature,CURRENT,°C,13.0174951171875
2026-09-26T01:40:00+00:00,22447759-2,RH,CURRENT,%,73.94979781795986
2026-09-26T01:40:00+00:00,22447759-3,Dew Point,CURRENT,°C,8.495352398684515
2026-09-26T01:40:00+00:00,22447760-1,Temperature,CURRENT,°C,12.9316943359375
2026-09-26T01:40:00+00:00,22447760-2,RH,CURRENT,%,74.60440985732815
2026-09-26T01:40:00+00:00,22447760-3,Dew Point,CURRENT,°C,8.542605070857798
2026-09-26T01:40:00+00:00,22447761-1,Temperature,CURRENT,°C,12.824443359374996
2026-09-26T01:40:00+00:00,22447761-2,RH,CURRENT,%,74.44571602960251
2026-09-26T01:40:00+00:00,22447761-3,Dew Point,CURRENT,°C,8.407502006550574
2026-09-26T01:40:00+00:00,22447762-1,Temperature,CURRENT,°C,12.996044921874997
2026-09-26T01:40:00+00:00,22447762-2,RH,CURRENT,%,73.58815899900816
2026-09-26T01:40:00+00:00,22447762-3,Dew Point,CURRENT,°C,8.402288684688205
2026-09-26T01:40:00+00:00,22447764-1,Temperature,CURRENT,°C,12.8029931640625
2026-09-26T01:40:00+00:00,22447764-2,RH,CURRENT,%,74.79667353322652
2026-09-26T01:40:00+00:00,22447764-3,Dew Point,CURRENT,°C,8.456172477462147
2026-09-26T01:40:00+00:00,22447765-1,Temperature,CURRENT,°C,12.910244140624997
2026-09-26T01:40:00+00:00,22447765-2,RH,CURRENT,%,73.94522011139085
2026-09-26T01:40:00+00:00,22447765-3,Dew Point,CURRENT,°C,8.390869301707138
2026-09-26T01:40:00+00:00,22447766-1,Temperature,CURRENT,°C,12.996044921874997
2026-09-26T01:40:00+00:00,22447766-2,RH,CURRENT,%,73.58815899900816
2026-09-26T01:40:00+00:00,22447766-3,Dew Point,CURRENT,°C,8.402288684688205
2026-09-26T01:45:00+00:00,22407254-1,Temperature,CURRENT,°C,12.395439453125
2026-09-26T01:45:00+00:00,22407254-2,RH,CURRENT,%,74.76920729381247
2026-09-26T01:45:00+00:00,22407254-3,Dew Point,CURRENT,°C,8.056645301100438
2026-09-26T01:45:00+00:00,22411189-1,Temperature,CURRENT,°C,12.567041015625001
2026-09-26T01:45:00+00:00,22411189-2,RH,CURRENT,%,80.09002822919051
2026-09-26T01:45:00+00:00,22411189-3,Dew Point,CURRENT,°C,9.239557788501761
2026-09-26T01:45:00+00:00,22411190-1,Temperature,CURRENT,°C,12.695742187499995
2026-09-26T01:45:00+00:00,22411190-2,RH,CURRENT,%,77.3357747768368
2026-09-26T01:45:00+00:00,22411190-3,Dew Point,CURRENT,°C,8.845779921904148
2026-09-26T01:45:00+00:00,22411191-1,Temperature,CURRENT,°C,12.910244140624997
2026-09-26T01:45:00+00:00,22411191-2,RH,CURRENT,%,77.88052185854886
2026-09-26T01:45:00+00:00,22411191-3,Dew Point,CURRENT,°C,9.158194817996586
2026-09-26T01:45:00+00:00,22411525-1,Temperature,CURRENT,°C,12.9316943359375
2026-09-26T01:45:00+00:00,22411525-2,RH,CURRENT,%,76.0494392309453
2026-09-26T01:45:00+00:00,22411525-3,Dew Point,CURRENT,°C,8.82629432455025
2026-09-26T01:45:00+00:00,22411526-1,Temperature,CURRENT,°C,12.373989257812497
2026-09-26T01:45:00+00:00,22411526-2,RH,CURRENT,%,79.60173952849622
2026-09-26T01:45:00+00:00,22411526-3,Dew Point,CURRENT,°C,8.960656407961933
2026-09-26T01:45:00+00:00,22411527-1,Temperature,CURRENT,°C,12.996044921874997
2026-09-26T01:45:00+00:00,22411527-2,RH,CURRENT,%,76.09369039444572
2026-09-26T01:45:00+00:00,22411527-3,Dew Point,CURRENT,°C,8.89726208049806
2026-09-26T01:45:00+00:00,22411528-1,Temperature,CURRENT,°C,12.073686523437502
2026-09-26T01:45:00+00:00,22411528-2,RH,CURRENT,%,82.50705729762723
2026-09-26T01:45:00+00:00,22411528-3,Dew Point,CURRENT,°C,9.199241916605756
2026-09-26T01:45:00+00:00,22411529-1,Temperature,CURRENT,°C,11.430180664062497
2026-09-26T01:45:00+00:00,22411529-2,RH,CURRENT,%,85.92355230029754
2026-09-26T01:45:00+00:00,22411529-3,Dew Point,CURRENT,°C,9.170415635274601
2026-09-26T01:45:00+00:00,22411530-1,Temperature,CURRENT,°C,12.8029931640625
2026-09-26T01:45:00+00:00,22411530-2,RH,CURRENT,%,77.06569008926527
2026-09-26T01:45:00+00:00,22411530-3,Dew Point,CURRENT,°C,8.898075448497838
2026-09-26T01:45:00+00:00,22411541-S,Battery,CURRENT,V,8.474159912109375
2026-09-26T01:45:00+00:00,22447758-1,Temperature,CURRENT,°C,12.502690429687497
2026-09-26T01:45:00+00:00,22447758-2,RH,CURRENT,%,75.41771572442207
2026-09-26T01:45:00+00:00,22447758-3,Dew Point,CURRENT,°C,8.287591097464627
2026-09-26T01:45:00+00:00,22447759-1,Temperature,CURRENT,°C,12.545590820312498
2026-09-26T01:45:00+00:00,22447759-2,RH,CURRENT,%,75.62371252002747
2026-09-26T01:45:00+00:00,22447759-3,Dew Point,CURRENT,°C,8.369346125725814
2026-09-26T01:45:00+00:00,22447760-1,Temperature,CURRENT,°C,12.545590820312498
2026-09-26T01:45:00+00:00,22447760-2,RH,CURRENT,%,76.02960250247959
2026-09-26T01:45:00+00:00,22447760-3,Dew Point,CURRENT,°C,8.448326382639273
2026-09-26T01:45:00+00:00,22447761-1,Temperature,CURRENT,°C,12.459790039062497
2026-09-26T01:45:00+00:00,22447761-2,RH,CURRENT,%,75.87396047913329
2026-09-26T01:45:00+00:00,22447761-3,Dew Point,CURRENT,°C,8.334967895151234
2026-09-26T01:45:00+00:00,22447762-1,Temperature,CURRENT,°C,12.567041015625001
2026-09-26T01:45:00+00:00,22447762-2,RH,CURRENT,%,75.14763103685054
2026-09-26T01:45:00+00:00,22447762-3,Dew Point,CURRENT,°C,8.296985881912708
2026-09-26T01:45:00+00:00,22447764-1,Temperature,CURRENT,°C,12.3525390625
2026-09-26T01:45:00+00:00,22447764-2,RH,CURRENT,%,76.44769970244907
2026-09-26T01:45:00+00:00,22447764-3,Dew Point,CURRENT,°C,8.34211185137595
2026-09-26T01:45:00+00:00,22447765-1,Temperature,CURRENT,°C,12.481240234375
2026-09-26T01:45:00+00:00,22447765-2,RH,CURRENT,%,75.31242847333486
2026-09-26T01:45:00+00:00,22447765-3,Dew Point,CURRENT,°C,8.246239598221836
2026-09-26T01:45:00+00:00,22447766-1,Temperature,CURRENT,°C,12.545590820312498
2026-09-26T01:45:00+00:00,22447766-2,RH,CURRENT,%,75.29716945143817
2026-09-26T01:45:00+00:00,22447766-3,Dew Point,CURRENT,°C,8.30553434218773
2026-09-26T01:50:00+00:00,22407254-1,Temperature,CURRENT,°C,12.502690429687497
2026-09-26T01:50:00+00:00,22407254-2,RH,CURRENT,%,74.11612115663387
2026-09-26T01:50:00+00:00,22407254-3,Dew Point,CURRENT,°C,8.031244547646597
2026-09-26T01:50:00+00:00,22411189-1,Temperature,CURRENT,°C,12.567041015625001
2026-09-26T01:50:00+00:00,22411189-2,RH,CURRENT,%,80.32043945983062
2026-09-26T01:50:00+00:00,22411189-3,Dew Point,CURRENT,°C,9.282238760772616
2026-09-26T01:50:00+00:00,22411190-1,Temperature,CURRENT,°C,12.674291992187499
2026-09-26T01:50:00+00:00,22411190-2,RH,CURRENT,%,77.60128175783932
2026-09-26T01:50:00+00:00,22411190-3,Dew Point,CURRENT,°C,8.875703908835535
2026-09-26T01:50:00+00:00,22411191-1,Temperature,CURRENT,°C,12.8887939453125
2026-09-26T01:50:00+00:00,22411191-2,RH,CURRENT,%,78.07278553444725
2026-09-26T01:50:00+00:00,22411191-3,Dew Point,CURRENT,°C,9.173952671242372
2026-09-26T01:50:00+00:00,22411525-1,Temperature,CURRENT,°C,12.8887939453125
2026-09-26T01:50:00+00:00,22411525-2,RH,CURRENT,%,76.38361181048295
2026-09-26T01:50:00+00:00,22411525-3,Dew Point,CURRENT,°C,8.849633932992422
2026-09-26T01:50:00+00:00,22411526-1,Temperature,CURRENT,°C,12.373989257812497
2026-09-26T01:50:00+00:00,22411526-2,RH,CURRENT,%,79.79247730220493
2026-09-26T01:50:00+00:00,22411526-3,Dew Point,CURRENT,°C,8.996132294544688
2026-09-26T01:50:00+00:00,22411527-1,Temperature,CURRENT,°C,12.9316943359375
2026-09-26T01:50:00+00:00,22411527-2,RH,CURRENT,%,76.36987869077592
2026-09-26T01:50:00+00:00,22411527-3,Dew Point,CURRENT,°C,8.888560109469148
2026-09-26T01:50:00+00:00,22411528-1,Temperature,CURRENT,°C,12.095136718749998
2026-09-26T01:50:00+00:00,22411528-2,RH,CURRENT,%,82.45670252536813
2026-09-26T01:50:00+00:00,22411528-3,Dew Point,CURRENT,°C,9.211165458940174
2026-09-26T01:50:00+00:00,22411529-1,Temperature,CURRENT,°C,11.473081054687498
2026-09-26T01:50:00+00:00,22411529-2,RH,CURRENT,%,85.7297627222095
2026-09-26T01:50:00+00:00,22411529-3,Dew Point,CURRENT,°C,9.179075651060757
2026-09-26T01:50:00+00:00,22411530-1,Temperature,CURRENT,°C,12.8029931640625
2026-09-26T01:50:00+00:00,22411530-2,RH,CURRENT,%,77.2304875257496
2026-09-26T01:50:00+00:00,22411530-3,Dew Point,CURRENT,°C,8.92972278937931
2026-09-26T01:50:00+00:00,22411541-S,Battery,CURRENT,V,8.461237060546875
2026-09-26T01:50:00+00:00,22447758-1,Temperature,CURRENT,°C,12.631391601562498
2026-09-26T01:50:00+00:00,22447758-2,RH,CURRENT,%,74.87449454489968
2026-09-26T01:50:00+00:00,22447758-3,Dew Point,CURRENT,°C,8.305558006168528
2026-09-26T01:50:00+00:00,22447759-1,Temperature,CURRENT,°C,12.674291992187499
2026-09-26T01:50:00+00:00,22447759-2,RH,CURRENT,%,75.03776607919433
2026-09-26T01:50:00+00:00,22447759-3,Dew Point,CURRENT,°C,8.379176769021337
2026-09-26T01:50:00+00:00,22447760-1,Temperature,CURRENT,°C,12.674291992187499
2026-09-26T01:50:00+00:00,22447760-2,RH,CURRENT,%,75.37651636530099
2026-09-26T01:50:00+00:00,22447760-3,Dew Point,CURRENT,°C,8.44563748488504
2026-09-26T01:50:00+00:00,22447761-1,Temperature,CURRENT,°C,12.588491210937498
2026-09-26T01:50:00+00:00,22447761-2,RH,CURRENT,%,75.17814908064393
2026-09-26T01:50:00+00:00,22447761-3,Dew Point,CURRENT,°C,8.323727428178715
2026-09-26T01:50:00+00:00,22447762-1,Temperature,CURRENT,°C,12.738642578124995
2026-09-26T01:50:00+00:00,22447762-2,RH,CURRENT,%,74.44571602960251
2026-09-26T01:50:00+00:00,22447762-3,Dew Point,CURRENT,°C,8.324577538508006
2026-09-26T01:50:00+00:00,22447764-1,Temperature,CURRENT,°C,12.481240234375
2026-09-26T01:50:00+00:00,22447764-2,RH,CURRENT,%,75.85717555504692
2026-09-26T01:50:00+00:00,22447764-3,Dew Point,CURRENT,°C,8.352484215283603
2026-09-26T01:50:00+00:00,22447765-1,Temperature,CURRENT,°C,12.588491210937498
2026-09-26T01:50:00+00:00,22447765-2,RH,CURRENT,%,74.98130769817655
2026-09-26T01:50:00+00:00,22447765-3,Dew Point,CURRENT,°C,8.285076814017547
2026-09-26T01:50:00+00:00,22447766-1,Temperature,CURRENT,°C,12.652841796874995
2026-09-26T01:50:00+00:00,22447766-2,RH,CURRENT,%,74.81193255512322
2026-09-26T01:50:00+00:00,22447766-3,Dew Point,CURRENT,°C,8.313979112281313
2026-09-26T01:55:00+00:00,22407254-1,Temperature,CURRENT,°C,12.331088867187496
2026-09-26T01:55:00+00:00,22407254-2,RH,CURRENT,%,74.81498435950256
2026-09-26T01:55:00+00:00,22407254-3,Dew Point,CURRENT,°C,8.003416649251621
2026-09-26T01:55:00+00:00,22411189-1,Temperature,CURRENT,°C,12.3525390625
2026-09-26T01:55:00+00:00,22411189-2,RH,CURRENT,%,80.91859311818112
2026-09-26T01:55:00+00:00,22411189-3,Dew Point,CURRENT,°C,9.183133234083
2026-09-26T01:55:00+00:00,22411190-1,Temperature,CURRENT,°C,12.481240234375
2026-09-26T01:55:00+00:00,22411190-2,RH,CURRENT,%,78.06668192568857
2026-09-26T01:55:00+00:00,22411190-3,Dew Point,CURRENT,°C,8.776643868308803
2026-09-26T01:55:00+00:00,22411191-1,Temperature,CURRENT,°C,12.695742187499995
2026-09-26T01:55:00+00:00,22411191-2,RH,CURRENT,%,78.44663157091631
2026-09-26T01:55:00+00:00,22411191-3,Dew Point,CURRENT,°C,9.057139048744393
2026-09-26T01:55:00+00:00,22411525-1,Temperature,CURRENT,°C,12.717192382812499
2026-09-26T01:55:00+00:00,22411525-2,RH,CURRENT,%,76.70710307469291
2026-09-26T01:55:00+00:00,22411525-3,Dew Point,CURRENT,°C,8.745783934289047
2026-09-26T01:55:00+00:00,22411526-1,Temperature,CURRENT,°C,12.159487304687495
2026-09-26T01:55:00+00:00,22411526-2,RH,CURRENT,%,80.34790569924468
2026-09-26T01:55:00+00:00,22411526-3,Dew Point,CURRENT,°C,8.88978291723802
2026-09-26T01:55:00+00:00,22411527-1,Temperature,CURRENT,°C,12.781542968749996
2026-09-26T01:55:00+00:00,22411527-2,RH,CURRENT,%,76.77576867322804
2026-09-26T01:55:00+00:00,22411527-3,Dew Point,CURRENT,°C,8.821446869617809
2026-09-26T01:55:00+00:00,22411528-1,Temperature,CURRENT,°C,11.880634765624997
2026-09-26T01:55:00+00:00,22411528-2,RH,CURRENT,%,83.07469291218433
2026-09-26T01:55:00+00:00,22411528-3,Dew Point,CURRENT,°C,9.112026129464912
2026-09-26T01:55:00+00:00,22411529-1,Temperature,CURRENT,°C,11.3229296875
2026-09-26T01:55:00+00:00,22411529-2,RH,CURRENT,%,86.15548943312734
2026-09-26T01:55:00+00:00,22411529-3,Dew Point,CURRENT,°C,9.104937286535826
2026-09-26T01:55:00+00:00,22411530-1,Temperature,CURRENT,°C,12.609941406250002
2026-09-26T01:55:00+00:00,22411530-2,RH,CURRENT,%,77.71877622644388
2026-09-26T01:55:00+00:00,22411530-3,Dew Point,CURRENT,°C,8.835597180289232
2026-09-26T01:55:00+00:00,22411541-S,Battery,CURRENT,V,8.454775634765625
2026-09-26T01:55:00+00:00,22447758-1,Temperature,CURRENT,°C,12.43833984375
2026-09-26T01:55:00+00:00,22447758-2,RH,CURRENT,%,75.54894331273366
2026-09-26T01:55:00+00:00,22447758-3,Dew Point,CURRENT,°C,8.25091376541597
2026-09-26T01:55:00+00:00,22447759-1,Temperature,CURRENT,°C,12.524140625000001
2026-09-26T01:55:00+00:00,22447759-2,RH,CURRENT,%,75.58098725871672
2026-09-26T01:55:00+00:00,22447759-3,Dew Point,CURRENT,°C,8.340241252604628
2026-09-26T01:55:00+00:00,22447760-1,Temperature,CURRENT,°C,12.416889648437497
2026-09-26T01:55:00+00:00,22447760-2,RH,CURRENT,%,76.16693369954986
2026-09-26T01:55:00+00:00,22447760-3,Dew Point,CURRENT,°C,8.350231858260035
2026-09-26T01:55:00+00:00,22447761-1,Temperature,CURRENT,°C,12.331088867187496
2026-09-26T01:55:00+00:00,22447761-2,RH,CURRENT,%,75.96246280613413
2026-09-26T01:55:00+00:00,22447761-3,Dew Point,CURRENT,°C,8.227464840408247
2026-09-26T01:55:00+00:00,22447762-1,Temperature,CURRENT,°C,12.481240234375
2026-09-26T01:55:00+00:00,22447762-2,RH,CURRENT,%,75.21629663538567
2026-09-26T01:55:00+00:00,22447762-3,Dew Point,CURRENT,°C,8.227420372977454
2026-09-26T01:55:00+00:00,22447764-1,Temperature,CURRENT,°C,12.373989257812497
2026-09-26T01:55:00+00:00,22447764-2,RH,CURRENT,%,76.27832455939574
2026-09-26T01:55:00+00:00,22447764-3,Dew Point,CURRENT,°C,8.330200391057758
2026-09-26T01:55:00+00:00,22447765-1,Temperature,CURRENT,°C,12.481240234375
2026-09-26T01:55:00+00:00,22447765-2,RH,CURRENT,%,75.42687113756008
2026-09-26T01:55:00+00:00,22447765-3,Dew Point,CURRENT,°C,8.26861588976944
2026-09-26T01:55:00+00:00,22447766-1,Temperature,CURRENT,°C,12.545590820312498
2026-09-26T01:55:00+00:00,22447766-2,RH,CURRENT,%,75.28953994048982
2026-09-26T01:55:00+00:00,22447766-3,Dew Point,CURRENT,°C,8.304040502981998
2026-09-26T02:00:00+00:00,22407254-1,Temperature,CURRENT,°C,12.373989257812497
2026-09-26T02:00:00+00:00,22407254-2,RH,CURRENT,%,74.60440985732815
2026-09-26T02:00:00+00:00,22407254-3,Dew Point,CURRENT,°C,8.003448622652812
2026-09-26T02:00:00+00:00,22411189-1,Temperature,CURRENT,°C,12.331088867187496
2026-09-26T02:00:00+00:00,22411189-2,RH,CURRENT,%,80.9048599984741
2026-09-26T02:00:00+00:00,22411189-3,Dew Point,CURRENT,°C,9.159672756608485
2026-09-26T02:00:00+00:00,22411190-1,Temperature,CURRENT,°C,12.481240234375
2026-09-26T02:00:00+00:00,22411190-2,RH,CURRENT,%,78.06820782787824
2026-09-26T02:00:00+00:00,22411190-3,Dew Point,CURRENT,°C,8.776933126367023
2026-09-26T02:00:00+00:00,22411191-1,Temperature,CURRENT,°C,12.674291992187499
2026-09-26T02:00:00+00:00,22411191-2,RH,CURRENT,%,78.4924086366064
2026-09-26T02:00:00+00:00,22411191-3,Dew Point,CURRENT,°C,9.04492874728316
2026-09-26T02:00:00+00:00,22411525-1,Temperature,CURRENT,°C,12.717192382812499
2026-09-26T02:00:00+00:00,22411525-2,RH,CURRENT,%,76.67048142214084
2026-09-26T02:00:00+00:00,22411525-3,Dew Point,CURRENT,°C,8.738718919658496
2026-09-26T02:00:00+00:00,22411526-1,Temperature,CURRENT,°C,12.095136718749998
2026-09-26T02:00:00+00:00,22411526-2,RH,CURRENT,%,80.4119935912108
2026-09-26T02:00:00+00:00,22411526-3,Dew Point,CURRENT,°C,8.838817130584456
2026-09-26T02:00:00+00:00,22411527-1,Temperature,CURRENT,°C,12.781542968749996
2026-09-26T02:00:00+00:00,22411527-2,RH,CURRENT,%,76.75898374914168
2026-09-26T02:00:00+00:00,22411527-3,Dew Point,CURRENT,°C,8.818210015835135
2026-09-26T02:00:00+00:00,22411528-1,Temperature,CURRENT,°C,11.8162841796875
2026-09-26T02:00:00+00:00,22411528-2,RH,CURRENT,%,83.15709163042649
2026-09-26T02:00:00+00:00,22411528-3,Dew Point,CURRENT,°C,9.063706144639527
2026-09-26T02:00:00+00:00,22411529-1,Temperature,CURRENT,°C,11.194228515625
2026-09-26T02:00:00+00:00,22411529-2,RH,CURRENT,%,86.38590066376746
2026-09-26T02:00:00+00:00,22411529-3,Dew Point,CURRENT,°C,9.017925050765257
2026-09-26T02:00:00+00:00,22411530-1,Temperature,CURRENT,°C,12.609941406250002
2026-09-26T02:00:00+00:00,22411530-2,RH,CURRENT,%,77.71572442206454
2026-09-26T02:00:00+00:00,22411530-3,Dew Point,CURRENT,°C,8.835015781403847
2026-09-26T02:00:00+00:00,22411541-S,Battery,CURRENT,V,8.454775634765625
2026-09-26T02:00:00+00:00,22447758-1,Temperature,CURRENT,°C,12.481240234375
2026-09-26T02:00:00+00:00,22447758-2,RH,CURRENT,%,75.26207370107576
2026-09-26T02:00:00+00:00,22447758-3,Dew Point,CURRENT,°C,8.23638454746798
2026-09-26T02:00:00+00:00,22447759-1,Temperature,CURRENT,°C,12.545590820312498
2026-09-26T02:00:00+00:00,22447759-2,RH,CURRENT,%,75.35667963683528
2026-09-26T02:00:00+00:00,22447759-3,Dew Point,CURRENT,°C,8.317181717990394
2026-09-26T02:00:00+00:00,22447760-1,Temperature,CURRENT,°C,12.459790039062497
2026-09-26T02:00:00+00:00,22447760-2,RH,CURRENT,%,75.88921950102998
2026-09-26T02:00:00+00:00,22447760-3,Dew Point,CURRENT,°C,8.337933176210804
2026-09-26T02:00:00+00:00,22447761-1,Temperature,CURRENT,°C,12.373989257812497
2026-09-26T02:00:00+00:00,22447761-2,RH,CURRENT,%,75.75188830395972
2026-09-26T02:00:00+00:00,22447761-3,Dew Point,CURRENT,°C,8.22812503101505
2026-09-26T02:00:00+00:00,22447762-1,Temperature,CURRENT,°C,12.524140625000001
2026-09-26T02:00:00+00:00,22447762-2,RH,CURRENT,%,74.97520408941787
2026-09-26T02:00:00+00:00,22447762-3,Dew Point,CURRENT,°C,8.221628748274405
2026-09-26T02:00:00+00:00,22447764-1,Temperature,CURRENT,°C,12.373989257812497
2026-09-26T02:00:00+00:00,22447764-2,RH,CURRENT,%,75.9288929579614
2026-09-26T02:00:00+00:00,22447764-3,Dew Point,CURRENT,°C,8.262515502367865
2026-09-26T02:00:00+00:00,22447765-1,Temperature,CURRENT,°C,12.481240234375
2026-09-26T02:00:00+00:00,22447765-2,RH,CURRENT,%,74.96147096971085
2026-09-26T02:00:00+00:00,22447765-3,Dew Point,CURRENT,°C,8.17743185739515
2026-09-26T02:00:00+00:00,22447766-1,Temperature,CURRENT,°C,12.545590820312498
2026-09-26T02:00:00+00:00,22447766-2,RH,CURRENT,%,74.86076142519265
2026-09-26T02:00:00+00:00,22447766-3,Dew Point,CURRENT,°C,8.219871820250404
2026-09-26T02:05:00+00:00,22407254-1,Temperature,CURRENT,°C,12.052236328124998
2026-09-26T02:05:00+00:00,22407254-2,RH,CURRENT,%,75.35667963683528
2026-09-26T02:05:00+00:00,22407254-3,Dew Point,CURRENT,°C,7.83963864060652
2026-09-26T02:05:00+00:00,22411189-1,Temperature,CURRENT,°C,12.202387695312495
2026-09-26T02:05:00+00:00,22411189-2,RH,CURRENT,%,81.22072175173571
2026-09-26T02:05:00+00:00,22411189-3,Dew Point,CURRENT,°C,9.091827316642656
2026-09-26T02:05:00+00:00,22411190-1,Temperature,CURRENT,°C,12.3525390625
2026-09-26T02:05:00+00:00,22411190-2,RH,CURRENT,%,78.29556725413902
2026-09-26T02:05:00+00:00,22411190-3,Dew Point,CURRENT,°C,8.694829700026556
2026-09-26T02:05:00+00:00,22411191-1,Temperature,CURRENT,°C,12.545590820312498
2026-09-26T02:05:00+00:00,22411191-2,RH,CURRENT,%,78.91813534752423
2026-09-26T02:05:00+00:00,22411191-3,Dew Point,CURRENT,°C,8.99991456250799
2026-09-26T02:05:00+00:00,22411525-1,Temperature,CURRENT,°C,12.567041015625001
2026-09-26T02:05:00+00:00,22411525-2,RH,CURRENT,%,77.08400091554131
2026-09-26T02:05:00+00:00,22411525-3,Dew Point,CURRENT,°C,8.672594631317251
2026-09-26T02:05:00+00:00,22411526-1,Temperature,CURRENT,°C,11.987885742187501
2026-09-26T02:05:00+00:00,22411526-2,RH,CURRENT,%,80.66376745250629
2026-09-26T02:05:00+00:00,22411526-3,Dew Point,CURRENT,°C,8.780444994853212
2026-09-26T02:05:00+00:00,22411527-1,Temperature,CURRENT,°C,12.609941406250002
2026-09-26T02:05:00+00:00,22411527-2,RH,CURRENT,%,77.13740749217975
2026-09-26T02:05:00+00:00,22411527-3,Dew Point,CURRENT,°C,8.724476391377138
2026-09-26T02:05:00+00:00,22411528-1,Temperature,CURRENT,°C,11.709033203124996
2026-09-26T02:05:00+00:00,22411528-2,RH,CURRENT,%,83.34172579537652
2026-09-26T02:05:00+00:00,22411528-3,Dew Point,CURRENT,°C,8.991526474351923
2026-09-26T02:05:00+00:00,22411529-1,Temperature,CURRENT,°C,11.108427734374999
2026-09-26T02:05:00+00:00,22411529-2,RH,CURRENT,%,86.59037155718319
2026-09-26T02:05:00+00:00,22411529-3,Dew Point,CURRENT,°C,8.968528201659959
2026-09-26T02:05:00+00:00,22411530-1,Temperature,CURRENT,°C,12.459790039062497
2026-09-26T02:05:00+00:00,22411530-2,RH,CURRENT,%,77.97512779430838
2026-09-26T02:05:00+00:00,22411530-3,Dew Point,CURRENT,°C,8.738431778143033
2026-09-26T02:05:00+00:00,22411541-S,Battery,CURRENT,V,8.454775634765625
2026-09-26T02:05:00+00:00,22447758-1,Temperature,CURRENT,°C,12.159487304687495
2026-09-26T02:05:00+00:00,22447758-2,RH,CURRENT,%,76.00823987182422
2026-09-26T02:05:00+00:00,22447758-3,Dew Point,CURRENT,°C,8.070066504083979
2026-09-26T02:05:00+00:00,22447759-1,Temperature,CURRENT,°C,12.223837890625
2026-09-26T02:05:00+00:00,22447759-2,RH,CURRENT,%,76.20813305867094
2026-09-26T02:05:00+00:00,22447759-3,Dew Point,CURRENT,°C,8.17109130244596
2026-09-26T02:05:00+00:00,22447760-1,Temperature,CURRENT,°C,12.223837890625
2026-09-26T02:05:00+00:00,22447760-2,RH,CURRENT,%,76.61554894331273
2026-09-26T02:05:00+00:00,22447760-3,Dew Point,CURRENT,°C,8.249634514100066
2026-09-26T02:05:00+00:00,22447761-1,Temperature,CURRENT,°C,12.116586914062495
2026-09-26T02:05:00+00:00,22447761-2,RH,CURRENT,%,76.411078049897
2026-09-26T02:05:00+00:00,22447761-3,Dew Point,CURRENT,°C,8.106273505570785
2026-09-26T02:05:00+00:00,22447762-1,Temperature,CURRENT,°C,12.288188476562496
2026-09-26T02:05:00+00:00,22447762-2,RH,CURRENT,%,75.70611123826963
2026-09-26T02:05:00+00:00,22447762-3,Dew Point,CURRENT,°C,8.136122794468134
2026-09-26T02:05:00+00:00,22447764-1,Temperature,CURRENT,°C,12.052236328124998
2026-09-26T02:05:00+00:00,22447764-2,RH,CURRENT,%,76.93293659876402
2026-09-26T02:05:00+00:00,22447764-3,Dew Point,CURRENT,°C,8.144049559603912
2026-09-26T02:05:00+00:00,22447765-1,Temperature,CURRENT,°C,12.202387695312495
2026-09-26T02:05:00+00:00,22447765-2,RH,CURRENT,%,75.83733882658122
2026-09-26T02:05:00+00:00,22447765-3,Dew Point,CURRENT,°C,8.078507436620647
2026-09-26T02:05:00+00:00,22447766-1,Temperature,CURRENT,°C,12.26673828125
2026-09-26T02:05:00+00:00,22447766-2,RH,CURRENT,%,75.80529488059815
2026-09-26T02:05:00+00:00,22447766-3,Dew Point,CURRENT,°C,8.134621671253344
2026-09-26T02:10:00+00:00,22407254-1,Temperature,CURRENT,°C,12.073686523437502
2026-09-26T02:10:00+00:00,22407254-2,RH,CURRENT,%,75.42687113756008
2026-09-26T02:10:00+00:00,22407254-3,Dew Point,CURRENT,°C,7.874078650065562
2026-09-26T02:10:00+00:00,22411189-1,Temperature,CURRENT,°C,12.180937499999999
2026-09-26T02:10:00+00:00,22411189-2,RH,CURRENT,%,81.26192111085679
2026-09-26T02:10:00+00:00,22411189-3,Dew Point,CURRENT,°C,9.078399779091622
2026-09-26T02:10:00+00:00,22411190-1,Temperature,CURRENT,°C,12.309638671875
2026-09-26T02:10:00+00:00,22411190-2,RH,CURRENT,%,78.37949187457085
2026-09-26T02:10:00+00:00,22411190-3,Dew Point,CURRENT,°C,8.668952938584818
2026-09-26T02:10:00+00:00,22411191-1,Temperature,CURRENT,°C,12.567041015625001
2026-09-26T02:10:00+00:00,22411191-2,RH,CURRENT,%,78.80521858548867
2026-09-26T02:10:00+00:00,22411191-3,Dew Point,CURRENT,°C,8.99956230434381
2026-09-26T02:10:00+00:00,22411525-1,Temperature,CURRENT,°C,12.567041015625001
2026-09-26T02:10:00+00:00,22411525-2,RH,CURRENT,%,77.01533531700618
2026-09-26T02:10:00+00:00,22411525-3,Dew Point,CURRENT,°C,8.65941792959206
2026-09-26T02:10:00+00:00,22411526-1,Temperature,CURRENT,°C,11.987885742187501
2026-09-26T02:10:00+00:00,22411526-2,RH,CURRENT,%,80.66376745250629
2026-09-26T02:10:00+00:00,22411526-3,Dew Point,CURRENT,°C,8.780444994853212
2026-09-26T02:10:00+00:00,22411527-1,Temperature,CURRENT,°C,12.631391601562498
2026-09-26T02:10:00+00:00,22411527-2,RH,CURRENT,%,77.11909666590371
2026-09-26T02:10:00+00:00,22411527-3,Dew Point,CURRENT,°C,8.741784067567837
2026-09-26T02:10:00+00:00,22411528-1,Temperature,CURRENT,°C,11.709033203124996
2026-09-26T02:10:00+00:00,22411528-2,RH,CURRENT,%,83.35393301289388
2026-09-26T02:10:00+00:00,22411528-3,Dew Point,CURRENT,°C,8.99369773198942
2026-09-26T02:10:00+00:00,22411529-1,Temperature,CURRENT,°C,11.108427734374999
2026-09-26T02:10:00+00:00,22411529-2,RH,CURRENT,%,86.64072632944229
2026-09-26T02:10:00+00:00,22411529-3,Dew Point,CURRENT,°C,8.977145361025944
2026-09-26T02:10:00+00:00,22411530-1,Temperature,CURRENT,°C,12.459790039062497
2026-09-26T02:10:00+00:00,22411530-2,RH,CURRENT,%,77.97512779430838
2026-09-26T02:10:00+00:00,22411530-3,Dew Point,CURRENT,°C,8.738431778143033
2026-09-26T02:10:00+00:00,22411541-S,Battery,CURRENT,V,8.454775634765625
2026-09-26T02:10:00+00:00,22447758-1,Temperature,CURRENT,°C,12.202387695312495
2026-09-26T02:10:00+00:00,22447758-2,RH,CURRENT,%,76.04333562218662
2026-09-26T02:10:00+00:00,22447758-3,Dew Point,CURRENT,°C,8.11843044278043
2026-09-26T02:10:00+00:00,22447759-1,Temperature,CURRENT,°C,12.288188476562496
2026-09-26T02:10:00+00:00,22447759-2,RH,CURRENT,%,76.1043717097734
2026-09-26T02:10:00+00:00,22447759-3,Dew Point,CURRENT,°C,8.213391029518675
2026-09-26T02:10:00+00:00,22447760-1,Temperature,CURRENT,°C,12.202387695312495
2026-09-26T02:10:00+00:00,22447760-2,RH,CURRENT,%,76.74830243381399
2026-09-26T02:10:00+00:00,22447760-3,Dew Point,CURRENT,°C,8.254339304459258
2026-09-26T02:10:00+00:00,22447761-1,Temperature,CURRENT,°C,12.095136718749998
2026-09-26T02:10:00+00:00,22447761-2,RH,CURRENT,%,76.65369649805447
2026-09-26T02:10:00+00:00,22447761-3,Dew Point,CURRENT,°C,8.132136270202489
2026-09-26T02:10:00+00:00,22447762-1,Temperature,CURRENT,°C,12.288188476562496
2026-09-26T02:10:00+00:00,22447762-2,RH,CURRENT,%,75.69695582513161
2026-09-26T02:10:00+00:00,22447762-3,Dew Point,CURRENT,°C,8.134342309947833
2026-09-26T02:10:00+00:00,22447764-1,Temperature,CURRENT,°C,12.095136718749998
2026-09-26T02:10:00+00:00,22447764-2,RH,CURRENT,%,77.01838712138552
2026-09-26T02:10:00+00:00,22447764-3,Dew Point,CURRENT,°C,8.202029945742126
2026-09-26T02:10:00+00:00,22447765-1,Temperature,CURRENT,°C,12.202387695312495
2026-09-26T02:10:00+00:00,22447765-2,RH,CURRENT,%,76.03875791561761
2026-09-26T02:10:00+00:00,22447765-3,Dew Point,CURRENT,°C,8.117544299673085
2026-09-26T02:10:00+00:00,22447766-1,Temperature,CURRENT,°C,12.26673828125
2026-09-26T02:10:00+00:00,22447766-2,RH,CURRENT,%,75.91668574044404
2026-09-26T02:10:00+00:00,22447766-3,Dew Point,CURRENT,°C,8.15624049650393
2026-09-26T02:15:00+00:00,22407254-1,Temperature,CURRENT,°C,12.180937499999999
2026-09-26T02:15:00+00:00,22407254-2,RH,CURRENT,%,74.99046311131457
2026-09-26T02:15:00+00:00,22407254-3,Dew Point,CURRENT,°C,7.892619098688117
2026-09-26T02:15:00+00:00,22411189-1,Temperature,CURRENT,°C,12.202387695312495
2026-09-26T02:15:00+00:00,22411189-2,RH,CURRENT,%,81.35347524223697
2026-09-26T02:15:00+00:00,22411189-3,Dew Point,CURRENT,°C,9.116060211330819
2026-09-26T02:15:00+00:00,22411190-1,Temperature,CURRENT,°C,12.331088867187496
2026-09-26T02:15:00+00:00,22411190-2,RH,CURRENT,%,78.3916990920882
2026-09-26T02:15:00+00:00,22411190-3,Dew Point,CURRENT,°C,8.69211682375982
2026-09-26T02:15:00+00:00,22411191-1,Temperature,CURRENT,°C,12.545590820312498
2026-09-26T02:15:00+00:00,22411191-2,RH,CURRENT,%,78.91355764095522
2026-09-26T02:15:00+00:00,22411191-3,Dew Point,CURRENT,°C,8.99905456558349
2026-09-26T02:15:00+00:00,22411525-1,Temperature,CURRENT,°C,12.567041015625001
2026-09-26T02:15:00+00:00,22411525-2,RH,CURRENT,%,77.12825207904173
2026-09-26T02:15:00+00:00,22411525-3,Dew Point,CURRENT,°C,8.681080811624641
2026-09-26T02:15:00+00:00,22411526-1,Temperature,CURRENT,°C,12.009335937499998
2026-09-26T02:15:00+00:00,22411526-2,RH,CURRENT,%,80.71259632257572
2026-09-26T02:15:00+00:00,22411526-3,Dew Point,CURRENT,°C,8.810336362945765
2026-09-26T02:15:00+00:00,22411527-1,Temperature,CURRENT,°C,12.652841796874995
2026-09-26T02:15:00+00:00,22411527-2,RH,CURRENT,%,77.16182192721446
2026-09-26T02:15:00+00:00,22411527-3,Dew Point,CURRENT,°C,8.77079939307742
2026-09-26T02:15:00+00:00,22411528-1,Temperature,CURRENT,°C,11.7733837890625
2026-09-26T02:15:00+00:00,22411528-2,RH,CURRENT,%,83.23033493553064
2026-09-26T02:15:00+00:00,22411528-3,Dew Point,CURRENT,°C,9.034740069182352
2026-09-26T02:15:00+00:00,22411529-1,Temperature,CURRENT,°C,11.215678710937496
2026-09-26T02:15:00+00:00,22411529-2,RH,CURRENT,%,86.26230258640422
2026-09-26T02:15:00+00:00,22411529-3,Dew Point,CURRENT,°C,9.01780105734372
2026-09-26T02:15:00+00:00,22411530-1,Temperature,CURRENT,°C,12.459790039062497
2026-09-26T02:15:00+00:00,22411530-2,RH,CURRENT,%,78.03463797970551
2026-09-26T02:15:00+00:00,22411530-3,Dew Point,CURRENT,°C,8.74971889394998
2026-09-26T02:15:00+00:00,22411541-S,Battery,CURRENT,V,8.454775634765625
2026-09-26T02:15:00+00:00,22447758-1,Temperature,CURRENT,°C,12.288188476562496
2026-09-26T02:15:00+00:00,22447758-2,RH,CURRENT,%,75.67864499885557
2026-09-26T02:15:00+00:00,22447758-3,Dew Point,CURRENT,°C,8.130780772170644
2026-09-26T02:15:00+00:00,22447759-1,Temperature,CURRENT,°C,12.331088867187496
2026-09-26T02:15:00+00:00,22447759-2,RH,CURRENT,%,75.8480201419089
2026-09-26T02:15:00+00:00,22447759-3,Dew Point,CURRENT,°C,8.205253856450048
2026-09-26T02:15:00+00:00,22447760-1,Temperature,CURRENT,°C,12.288188476562496
2026-09-26T02:15:00+00:00,22447760-2,RH,CURRENT,%,76.50568398565652
2026-09-26T02:15:00+00:00,22447760-3,Dew Point,CURRENT,°C,8.290892185262974
2026-09-26T02:15:00+00:00,22447761-1,Temperature,CURRENT,°C,12.180937499999999
2026-09-26T02:15:00+00:00,22447761-2,RH,CURRENT,%,76.38361181048295
2026-09-26T02:15:00+00:00,22447761-3,Dew Point,CURRENT,°C,8.163372584789911
2026-09-26T02:15:00+00:00,22447762-1,Temperature,CURRENT,°C,12.331088867187496
2026-09-26T02:15:00+00:00,22447762-2,RH,CURRENT,%,75.5870908674754
2026-09-26T02:15:00+00:00,22447762-3,Dew Point,CURRENT,°C,8.154502306792189
2026-09-26T02:15:00+00:00,22447764-1,Temperature,CURRENT,°C,12.159487304687495
2026-09-26T02:15:00+00:00,22447764-2,RH,CURRENT,%,76.67658503089952
2026-09-26T02:15:00+00:00,22447764-3,Dew Point,CURRENT,°C,8.198950812578692
2026-09-26T02:15:00+00:00,22447765-1,Temperature,CURRENT,°C,12.245288085937496
2026-09-26T02:15:00+00:00,22447765-2,RH,CURRENT,%,75.83276112001221
2026-09-26T02:15:00+00:00,22447765-3,Dew Point,CURRENT,°C,8.119176408783295
2026-09-26T02:15:00+00:00,22447766-1,Temperature,CURRENT,°C,12.3525390625
2026-09-26T02:15:00+00:00,22447766-2,RH,CURRENT,%,75.50316624704357
2026-09-26T02:15:00+00:00,22447766-3,Dew Point,CURRENT,°C,8.158913381798978
2026-09-26T02:20:00+00:00,22407254-1,Temperature,CURRENT,°C,12.159487304687495
2026-09-26T02:20:00+00:00,22407254-2,RH,CURRENT,%,75.42687113756008
2026-09-26T02:20:00+00:00,22407254-3,Dew Point,CURRENT,°C,7.957140936215147
2026-09-26T02:20:00+00:00,22411189-1,Temperature,CURRENT,°C,12.223837890625
2026-09-26T02:20:00+00:00,22411189-2,RH,CURRENT,%,81.34126802471961
2026-09-26T02:20:00+00:00,22411189-3,Dew Point,CURRENT,°C,9.134787583759694
2026-09-26T02:20:00+00:00,22411190-1,Temperature,CURRENT,°C,12.3525390625
2026-09-26T02:20:00+00:00,22411190-2,RH,CURRENT,%,78.49851224536508
2026-09-26T02:20:00+00:00,22411190-3,Dew Point,CURRENT,°C,8.733119779111005
2026-09-26T02:20:00+00:00,22411191-1,Temperature,CURRENT,°C,12.545590820312498
2026-09-26T02:20:00+00:00,22411191-2,RH,CURRENT,%,79.07835507743954
2026-09-26T02:20:00+00:00,22411191-3,Dew Point,CURRENT,°C,9.029986839753581
2026-09-26T02:20:00+00:00,22411525-1,Temperature,CURRENT,°C,12.567041015625001
2026-09-26T02:20:00+00:00,22411525-2,RH,CURRENT,%,77.34340428778515
2026-09-26T02:20:00+00:00,22411525-3,Dew Point,CURRENT,°C,8.722280249652618
2026-09-26T02:20:00+00:00,22411526-1,Temperature,CURRENT,°C,12.073686523437502
2026-09-26T02:20:00+00:00,22411526-2,RH,CURRENT,%,80.55695429922942
2026-09-26T02:20:00+00:00,22411526-3,Dew Point,CURRENT,°C,8.844557598022229
2026-09-26T02:20:00+00:00,22411527-1,Temperature,CURRENT,°C,12.652841796874995
2026-09-26T02:20:00+00:00,22411527-2,RH,CURRENT,%,77.3357747768368
2026-09-26T02:20:00+00:00,22411527-3,Dew Point,CURRENT,°C,8.804127170290625
2026-09-26T02:20:00+00:00,22411528-1,Temperature,CURRENT,°C,11.8591845703125
2026-09-26T02:20:00+00:00,22411528-2,RH,CURRENT,%,82.9755092698558
2026-09-26T02:20:00+00:00,22411528-3,Dew Point,CURRENT,°C,9.07329510979317
2026-09-26T02:20:00+00:00,22411529-1,Temperature,CURRENT,°C,11.3229296875
2026-09-26T02:20:00+00:00,22411529-2,RH,CURRENT,%,85.87319752803845
2026-09-26T02:20:00+00:00,22411529-3,Dew Point,CURRENT,°C,9.05624876123874
2026-09-26T02:20:00+00:00,22411530-1,Temperature,CURRENT,°C,12.481240234375
2026-09-26T02:20:00+00:00,22411530-2,RH,CURRENT,%,78.22842755779355
2026-09-26T02:20:00+00:00,22411530-3,Dew Point,CURRENT,°C,8.807277573077618
2026-09-26T02:20:00+00:00,22411541-S,Battery,CURRENT,V,8.454775634765625
2026-09-26T02:20:00+00:00,22447758-1,Temperature,CURRENT,°C,12.245288085937496
2026-09-26T02:20:00+00:00,22447758-2,RH,CURRENT,%,76.14404516670481
2026-09-26T02:20:00+00:00,22447758-3,Dew Point,CURRENT,°C,8.179491348815288
2026-09-26T02:20:00+00:00,22447759-1,Temperature,CURRENT,°C,12.288188476562496
2026-09-26T02:20:00+00:00,22447759-2,RH,CURRENT,%,76.3607232776379
2026-09-26T02:20:00+00:00,22447759-3,Dew Point,CURRENT,°C,8.262938842361939
2026-09-26T02:20:00+00:00,22447760-1,Temperature,CURRENT,°C,12.245288085937496
2026-09-26T02:20:00+00:00,22447760-2,RH,CURRENT,%,76.87647821774624
2026-09-26T02:20:00+00:00,22447760-3,Dew Point,CURRENT,°C,8.32055721793012
2026-09-26T02:20:00+00:00,22447761-1,Temperature,CURRENT,°C,12.159487304687495
2026-09-26T02:20:00+00:00,22447761-2,RH,CURRENT,%,76.68116273746853
2026-09-26T02:20:00+00:00,22447761-3,Dew Point,CURRENT,°C,8.199830166716785
2026-09-26T02:20:00+00:00,22447762-1,Temperature,CURRENT,°C,12.288188476562496
2026-09-26T02:20:00+00:00,22447762-2,RH,CURRENT,%,75.96246280613413
2026-09-26T02:20:00+00:00,22447762-3,Dew Point,CURRENT,°C,8.185899573212188
2026-09-26T02:20:00+00:00,22447764-1,Temperature,CURRENT,°C,12.159487304687495
2026-09-26T02:20:00+00:00,22447764-2,RH,CURRENT,%,77.09315632867933
2026-09-26T02:20:00+00:00,22447764-3,Dew Point,CURRENT,°C,8.278783458722483
2026-09-26T02:20:00+00:00,22447765-1,Temperature,CURRENT,°C,12.245288085937496
2026-09-26T02:20:00+00:00,22447765-2,RH,CURRENT,%,76.15930418860151
2026-09-26T02:20:00+00:00,22447765-3,Dew Point,CURRENT,°C,8.1824423796392
2026-09-26T02:20:00+00:00,22447766-1,Temperature,CURRENT,°C,12.288188476562496
2026-09-26T02:20:00+00:00,22447766-2,RH,CURRENT,%,76.08606088349737
2026-09-26T02:20:00+00:00,22447766-3,Dew Point,CURRENT,°C,8.209846281506506
2026-09-26T02:25:00+00:00,22407254-1,Temperature,CURRENT,°C,12.180937499999999
2026-09-26T02:25:00+00:00,22407254-2,RH,CURRENT,%,75.71374074921798
2026-09-26T02:25:00+00:00,22407254-3,Dew Point,CURRENT,°C,8.03373299130061
2026-09-26T02:25:00+00:00,22411189-1,Temperature,CURRENT,°C,12.223837890625
2026-09-26T02:25:00+00:00,22411189-2,RH,CURRENT,%,81.6433966582742
2026-09-26T02:25:00+00:00,22411189-3,Dew Point,CURRENT,°C,9.189825486702889
2026-09-26T02:25:00+00:00,22411190-1,Temperature,CURRENT,°C,12.331088867187496
2026-09-26T02:25:00+00:00,22411190-2,RH,CURRENT,%,78.78995956359198
2026-09-26T02:25:00+00:00,22411190-3,Dew Point,CURRENT,°C,8.767081846192058
2026-09-26T02:25:00+00:00,22411191-1,Temperature,CURRENT,°C,12.545590820312498
2026-09-26T02:25:00+00:00,22411191-2,RH,CURRENT,%,79.40032043945983
2026-09-26T02:25:00+00:00,22411191-3,Dew Point,CURRENT,°C,9.090256055205908
2026-09-26T02:25:00+00:00,22411525-1,Temperature,CURRENT,°C,12.545590820312498
2026-09-26T02:25:00+00:00,22411525-2,RH,CURRENT,%,77.65468833447775
2026-09-26T02:25:00+00:00,22411525-3,Dew Point,CURRENT,°C,8.760872826068997
2026-09-26T02:25:00+00:00,22411526-1,Temperature,CURRENT,°C,12.052236328124998
2026-09-26T02:25:00+00:00,22411526-2,RH,CURRENT,%,81.01625085831998
2026-09-26T02:25:00+00:00,22411526-3,Dew Point,CURRENT,°C,8.907824524397878
2026-09-26T02:25:00+00:00,22411527-1,Temperature,CURRENT,°C,12.609941406250002
2026-09-26T02:25:00+00:00,22411527-2,RH,CURRENT,%,77.68368047608148
2026-09-26T02:25:00+00:00,22411527-3,Dew Point,CURRENT,°C,8.828909879952649
2026-09-26T02:25:00+00:00,22411528-1,Temperature,CURRENT,°C,11.837734374999997
2026-09-26T02:25:00+00:00,22411528-2,RH,CURRENT,%,83.37834744792859
2026-09-26T02:25:00+00:00,22411528-3,Dew Point,CURRENT,°C,9.124144493175244
2026-09-26T02:25:00+00:00,22411529-1,Temperature,CURRENT,°C,11.3229296875
2026-09-26T02:25:00+00:00,22411529-2,RH,CURRENT,%,86.13870450904098
2026-09-26T02:25:00+00:00,22411529-3,Dew Point,CURRENT,°C,9.102046220460881
2026-09-26T02:25:00+00:00,22411530-1,Temperature,CURRENT,°C,12.459790039062497
2026-09-26T02:25:00+00:00,22411530-2,RH,CURRENT,%,78.53513389791715
2026-09-26T02:25:00+00:00,22411530-3,Dew Point,CURRENT,°C,8.844347873325878
2026-09-26T02:25:00+00:00,22411541-S,Battery,CURRENT,V,8.448314208984375
2026-09-26T02:25:00+00:00,22447758-1,Temperature,CURRENT,°C,12.26673828125
2026-09-26T02:25:00+00:00,22447758-2,RH,CURRENT,%,76.46906233310445
2026-09-26T02:25:00+00:00,22447758-3,Dew Point,CURRENT,°C,8.263035411835203
2026-09-26T02:25:00+00:00,22447759-1,Temperature,CURRENT,°C,12.331088867187496
2026-09-26T02:25:00+00:00,22447759-2,RH,CURRENT,%,76.56977187762264
2026-09-26T02:25:00+00:00,22447759-3,Dew Point,CURRENT,°C,8.344840596687634
2026-09-26T02:25:00+00:00,22447760-1,Temperature,CURRENT,°C,12.288188476562496
2026-09-26T02:25:00+00:00,22447760-2,RH,CURRENT,%,77.07026779583428
2026-09-26T02:25:00+00:00,22447760-3,Dew Point,CURRENT,°C,8.399320643274644
2026-09-26T02:25:00+00:00,22447761-1,Temperature,CURRENT,°C,12.202387695312495
2026-09-26T02:25:00+00:00,22447761-2,RH,CURRENT,%,76.8184939345388
2026-09-26T02:25:00+00:00,22447761-3,Dew Point,CURRENT,°C,8.267811137043266
2026-09-26T02:25:00+00:00,22447762-1,Temperature,CURRENT,°C,12.309638671875
2026-09-26T02:25:00+00:00,22447762-2,RH,CURRENT,%,76.22339208056763
2026-09-26T02:25:00+00:00,22447762-3,Dew Point,CURRENT,°C,8.25720481409844
2026-09-26T02:25:00+00:00,22447764-1,Temperature,CURRENT,°C,12.159487304687495
2026-09-26T02:25:00+00:00,22447764-2,RH,CURRENT,%,77.34340428778515
2026-09-26T02:25:00+00:00,22447764-3,Dew Point,CURRENT,°C,8.326559165790963
2026-09-26T02:25:00+00:00,22447765-1,Temperature,CURRENT,°C,12.245288085937496
2026-09-26T02:25:00+00:00,22447765-2,RH,CURRENT,%,76.47516594186312
2026-09-26T02:25:00+00:00,22447765-3,Dew Point,CURRENT,°C,8.243412131638106
2026-09-26T02:25:00+00:00,22447766-1,Temperature,CURRENT,°C,12.309638671875
2026-09-26T02:25:00+00:00,22447766-2,RH,CURRENT,%,76.33630884260319
2026-09-26T02:25:00+00:00,22447766-3,Dew Point,CURRENT,°C,8.27902120780216
2026-09-26T02:30:00+00:00,22407254-1,Temperature,CURRENT,°C,12.245288085937496
2026-09-26T02:30:00+00:00,22407254-2,RH,CURRENT,%,75.68627450980392
2026-09-26T02:30:00+00:00,22407254-3,Dew Point,CURRENT,°C,8.090717464755867
2026-09-26T02:30:00+00:00,22411189-1,Temperature,CURRENT,°C,12.309638671875
2026-09-26T02:30:00+00:00,22411189-2,RH,CURRENT,%,81.66628519111924
2026-09-26T02:30:00+00:00,22411189-3,Dew Point,CURRENT,°C,9.277844412964216
2026-09-26T02:30:00+00:00,22411190-1,Temperature,CURRENT,°C,12.416889648437497
2026-09-26T02:30:00+00:00,22411190-2,RH,CURRENT,%,78.89982452124819
2026-09-26T02:30:00+00:00,22411190-3,Dew Point,CURRENT,°C,8.871212242544201
2026-09-26T02:30:00+00:00,22411191-1,Temperature,CURRENT,°C,12.609941406250002
2026-09-26T02:30:00+00:00,22411191-2,RH,CURRENT,%,79.51476310368506
2026-09-26T02:30:00+00:00,22411191-3,Dew Point,CURRENT,°C,9.174315807330046
2026-09-26T02:30:00+00:00,22411525-1,Temperature,CURRENT,°C,12.631391601562498
2026-09-26T02:30:00+00:00,22411525-2,RH,CURRENT,%,77.74624246585793
2026-09-26T02:30:00+00:00,22411525-3,Dew Point,CURRENT,°C,8.861668625665528
2026-09-26T02:30:00+00:00,22411526-1,Temperature,CURRENT,°C,12.138037109374999
2026-09-26T02:30:00+00:00,22411526-2,RH,CURRENT,%,80.93690394445716
2026-09-26T02:30:00+00:00,22411526-3,Dew Point,CURRENT,°C,8.977076638341792
2026-09-26T02:30:00+00:00,22411527-1,Temperature,CURRENT,°C,12.674291992187499
2026-09-26T02:30:00+00:00,22411527-2,RH,CURRENT,%,77.78744182497901
2026-09-26T02:30:00+00:00,22411527-3,Dew Point,CURRENT,°C,8.911196441041314
2026-09-26T02:30:00+00:00,22411528-1,Temperature,CURRENT,°C,11.923535156249997
2026-09-26T02:30:00+00:00,22411528-2,RH,CURRENT,%,83.37224383916991
2026-09-26T02:30:00+00:00,22411528-3,Dew Point,CURRENT,°C,9.207126590006462
2026-09-26T02:30:00+00:00,22411529-1,Temperature,CURRENT,°C,11.40873046875
2026-09-26T02:30:00+00:00,22411529-2,RH,CURRENT,%,86.09597924773023
2026-09-26T02:30:00+00:00,22411529-3,Dew Point,CURRENT,°C,9.179082584811658
2026-09-26T02:30:00+00:00,22411530-1,Temperature,CURRENT,°C,12.524140625000001
2026-09-26T02:30:00+00:00,22411530-2,RH,CURRENT,%,78.63126573586634
2026-09-26T02:30:00+00:00,22411530-3,Dew Point,CURRENT,°C,8.925068092205398
2026-09-26T02:30:00+00:00,22411541-S,Battery,CURRENT,V,8.44508349609375
2026-09-26T02:30:00+00:00,22447758-1,Temperature,CURRENT,°C,12.3525390625
2026-09-26T02:30:00+00:00,22447758-2,RH,CURRENT,%,76.41565575646601
2026-09-26T02:30:00+00:00,22447758-3,Dew Point,CURRENT,°C,8.335929449018185
2026-09-26T02:30:00+00:00,22447759-1,Temperature,CURRENT,°C,12.416889648437497
2026-09-26T02:30:00+00:00,22447759-2,RH,CURRENT,%,76.5468833447776
2026-09-26T02:30:00+00:00,22447759-3,Dew Point,CURRENT,°C,8.423637998553172
2026-09-26T02:30:00+00:00,22447760-1,Temperature,CURRENT,°C,12.373989257812497
2026-09-26T02:30:00+00:00,22447760-2,RH,CURRENT,%,77.03212024109254
2026-09-26T02:30:00+00:00,22447760-3,Dew Point,CURRENT,°C,8.475286205141229
2026-09-26T02:30:00+00:00,22447761-1,Temperature,CURRENT,°C,12.288188476562496
2026-09-26T02:30:00+00:00,22447761-2,RH,CURRENT,%,76.8581673914702
2026-09-26T02:30:00+00:00,22447761-3,Dew Point,CURRENT,°C,8.358668946264563
2026-09-26T02:30:00+00:00,22447762-1,Temperature,CURRENT,°C,12.416889648437497
2026-09-26T02:30:00+00:00,22447762-2,RH,CURRENT,%,76.15930418860151
2026-09-26T02:30:00+00:00,22447762-3,Dew Point,CURRENT,°C,8.348754541542712
2026-09-26T02:30:00+00:00,22447764-1,Temperature,CURRENT,°C,12.223837890625
2026-09-26T02:30:00+00:00,22447764-2,RH,CURRENT,%,77.3159380483711
2026-09-26T02:30:00+00:00,22447764-3,Dew Point,CURRENT,°C,8.383803087942889
2026-09-26T02:30:00+00:00,22447765-1,Temperature,CURRENT,°C,12.309638671875
2026-09-26T02:30:00+00:00,22447765-2,RH,CURRENT,%,76.54230563820859
2026-09-26T02:30:00+00:00,22447765-3,Dew Point,CURRENT,°C,8.318748314880647
2026-09-26T02:30:00+00:00,22447766-1,Temperature,CURRENT,°C,12.3525390625
2026-09-26T02:30:00+00:00,22447766-2,RH,CURRENT,%,76.43396658274204
2026-09-26T02:30:00+00:00,22447766-3,Dew Point,CURRENT,°C,8.339462529699388
2026-09-26T02:35:00+00:00,22407254-1,Temperature,CURRENT,°C,12.180937499999999
2026-09-26T02:35:00+00:00,22407254-2,RH,CURRENT,%,76.16845960173953
2026-09-26T02:35:00+00:00,22407254-3,Dew Point,CURRENT,°C,8.121843823985936
2026-09-26T02:35:00+00:00,22411189-1,Temperature,CURRENT,°C,12.373989257812497
2026-09-26T02:35:00+00:00,22411189-2,RH,CURRENT,%,81.82650492103456
2026-09-26T02:35:00+00:00,22411189-3,Dew Point,CURRENT,°C,9.369878014915729
2026-09-26T02:35:00+00:00,22411190-1,Temperature,CURRENT,°C,12.481240234375
2026-09-26T02:35:00+00:00,22411190-2,RH,CURRENT,%,78.96543831540399
2026-09-26T02:35:00+00:00,22411190-3,Dew Point,CURRENT,°C,8.946161567593657
2026-09-26T02:35:00+00:00,22411191-1,Temperature,CURRENT,°C,12.674291992187499
2026-09-26T02:35:00+00:00,22411191-2,RH,CURRENT,%,79.65667200732433
2026-09-26T02:35:00+00:00,22411191-3,Dew Point,CURRENT,°C,9.2634934778198
2026-09-26T02:35:00+00:00,22411525-1,Temperature,CURRENT,°C,12.695742187499995
2026-09-26T02:35:00+00:00,22411525-2,RH,CURRENT,%,77.83016708628976
2026-09-26T02:35:00+00:00,22411525-3,Dew Point,CURRENT,°C,8.940174020449222
2026-09-26T02:35:00+00:00,22411526-1,Temperature,CURRENT,°C,12.159487304687495
2026-09-26T02:35:00+00:00,22411526-2,RH,CURRENT,%,81.26192111085679
2026-09-26T02:35:00+00:00,22411526-3,Dew Point,CURRENT,°C,9.057447916156438
2026-09-26T02:35:00+00:00,22411527-1,Temperature,CURRENT,°C,12.7600927734375
2026-09-26T02:35:00+00:00,22411527-2,RH,CURRENT,%,77.87594415197985
2026-09-26T02:35:00+00:00,22411527-3,Dew Point,CURRENT,°C,9.011418494764822
2026-09-26T02:35:00+00:00,22411528-1,Temperature,CURRENT,°C,11.9020849609375
2026-09-26T02:35:00+00:00,22411528-2,RH,CURRENT,%,83.71709773403525
2026-09-26T02:35:00+00:00,22411528-3,Dew Point,CURRENT,°C,9.247414367721372
2026-09-26T02:35:00+00:00,22411529-1,Temperature,CURRENT,°C,11.365830078125
2026-09-26T02:35:00+00:00,22411529-2,RH,CURRENT,%,86.57816433966583
2026-09-26T02:35:00+00:00,22411529-3,Dew Point,CURRENT,°C,9.219803994777994
2026-09-26T02:35:00+00:00,22411530-1,Temperature,CURRENT,°C,12.609941406250002
2026-09-26T02:35:00+00:00,22411530-2,RH,CURRENT,%,78.73044937819486
2026-09-26T02:35:00+00:00,22411530-3,Dew Point,CURRENT,°C,9.027232811634363
2026-09-26T02:35:00+00:00,22411541-S,Battery,CURRENT,V,8.44508349609375
2026-09-26T02:35:00+00:00,22447758-1,Temperature,CURRENT,°C,12.309638671875
2026-09-26T02:35:00+00:00,22447758-2,RH,CURRENT,%,76.84138246738384
2026-09-26T02:35:00+00:00,22447758-3,Dew Point,CURRENT,°C,8.376259026318754
2026-09-26T02:35:00+00:00,22447759-1,Temperature,CURRENT,°C,12.395439453125
2026-09-26T02:35:00+00:00,22447759-2,RH,CURRENT,%,76.8535896849012
2026-09-26T02:35:00+00:00,22447759-3,Dew Point,CURRENT,°C,8.461848574270546
2026-09-26T02:35:00+00:00,22447760-1,Temperature,CURRENT,°C,12.26673828125
2026-09-26T02:35:00+00:00,22447760-2,RH,CURRENT,%,77.6974135957885
2026-09-26T02:35:00+00:00,22447760-3,Dew Point,CURRENT,°C,8.498108577610477
2026-09-26T02:35:00+00:00,22447761-1,Temperature,CURRENT,°C,12.180937499999999
2026-09-26T02:35:00+00:00,22447761-2,RH,CURRENT,%,77.49904631113145
2026-09-26T02:35:00+00:00,22447761-3,Dew Point,CURRENT,°C,8.377037690820961
2026-09-26T02:35:00+00:00,22447762-1,Temperature,CURRENT,°C,12.331088867187496
2026-09-26T02:35:00+00:00,22447762-2,RH,CURRENT,%,76.70405127031357
2026-09-26T02:35:00+00:00,22447762-3,Dew Point,CURRENT,°C,8.3706823694528
2026-09-26T02:35:00+00:00,22447764-1,Temperature,CURRENT,°C,12.288188476562496
2026-09-26T02:35:00+00:00,22447764-2,RH,CURRENT,%,77.441062027924
2026-09-26T02:35:00+00:00,22447764-3,Dew Point,CURRENT,°C,8.47015206512645
2026-09-26T02:35:00+00:00,22447765-1,Temperature,CURRENT,°C,12.3525390625
2026-09-26T02:35:00+00:00,22447765-2,RH,CURRENT,%,76.66590371557183
2026-09-26T02:35:00+00:00,22447765-3,Dew Point,CURRENT,°C,8.384150526192093
2026-09-26T02:35:00+00:00,22447766-1,Temperature,CURRENT,°C,12.43833984375
2026-09-26T02:35:00+00:00,22447766-2,RH,CURRENT,%,76.42328526741436
2026-09-26T02:35:00+00:00,22447766-3,Dew Point,CURRENT,°C,8.420591534852198
2026-09-26T02:40:00+00:00,22407254-1,Temperature,CURRENT,°C,12.202387695312495
2026-09-26T02:40:00+00:00,22407254-2,RH,CURRENT,%,77.03669794766155
2026-09-26T02:40:00+00:00,22407254-3,Dew Point,CURRENT,°C,8.309621883039414
2026-09-26T02:40:00+00:00,22411189-1,Temperature,CURRENT,°C,12.223837890625
2026-09-26T02:40:00+00:00,22411189-2,RH,CURRENT,%,83.20744640268559
2026-09-26T02:40:00+00:00,22411189-3,Dew Point,CURRENT,°C,9.47191140539022
2026-09-26T02:40:00+00:00,22411190-1,Temperature,CURRENT,°C,12.3525390625
2026-09-26T02:40:00+00:00,22411190-2,RH,CURRENT,%,80.341802090486
2026-09-26T02:40:00+00:00,22411190-3,Dew Point,CURRENT,°C,9.076964816334723
2026-09-26T02:40:00+00:00,22411191-1,Temperature,CURRENT,°C,12.567041015625001
2026-09-26T02:40:00+00:00,22411191-2,RH,CURRENT,%,80.9597924773022
2026-09-26T02:40:00+00:00,22411191-3,Dew Point,CURRENT,°C,9.40010982213839
2026-09-26T02:40:00+00:00,22411525-1,Temperature,CURRENT,°C,12.567041015625001
2026-09-26T02:40:00+00:00,22411525-2,RH,CURRENT,%,79.07072556649119
2026-09-26T02:40:00+00:00,22411525-3,Dew Point,CURRENT,°C,9.049438305083257
2026-09-26T02:40:00+00:00,22411526-1,Temperature,CURRENT,°C,12.073686523437502
2026-09-26T02:40:00+00:00,22411526-2,RH,CURRENT,%,82.25070572976273
2026-09-26T02:40:00+00:00,22411526-3,Dew Point,CURRENT,°C,9.153040493094455
2026-09-26T02:40:00+00:00,22411527-1,Temperature,CURRENT,°C,12.674291992187499
2026-09-26T02:40:00+00:00,22411527-2,RH,CURRENT,%,79.09208819714657
2026-09-26T02:40:00+00:00,22411527-3,Dew Point,CURRENT,°C,9.157858850441308
2026-09-26T02:40:00+00:00,22411528-1,Temperature,CURRENT,°C,11.837734374999997
2026-09-26T02:40:00+00:00,22411528-2,RH,CURRENT,%,84.73640039673457
2026-09-26T02:40:00+00:00,22411528-3,Dew Point,CURRENT,°C,9.36415175922602
2026-09-26T02:40:00+00:00,22411529-1,Temperature,CURRENT,°C,11.301479492187497
2026-09-26T02:40:00+00:00,22411529-2,RH,CURRENT,%,87.37926298924239
2026-09-26T02:40:00+00:00,22411529-3,Dew Point,CURRENT,°C,9.293261886606938
2026-09-26T02:40:00+00:00,22411530-1,Temperature,CURRENT,°C,12.459790039062497
2026-09-26T02:40:00+00:00,22411530-2,RH,CURRENT,%,80.06713969634546
2026-09-26T02:40:00+00:00,22411530-3,Dew Point,CURRENT,°C,9.130742909778679
2026-09-26T02:40:00+00:00,22411541-S,Battery,CURRENT,V,8.438622070312501
2026-09-26T02:40:00+00:00,22447758-1,Temperature,CURRENT,°C,12.309638671875
2026-09-26T02:40:00+00:00,22447758-2,RH,CURRENT,%,77.76913099870298
2026-09-26T02:40:00+00:00,22447758-3,Dew Point,CURRENT,°C,8.553414722391627
2026-09-26T02:40:00+00:00,22447759-1,Temperature,CURRENT,°C,12.395439453125
2026-09-26T02:40:00+00:00,22447759-2,RH,CURRENT,%,77.77065690089265
2026-09-26T02:40:00+00:00,22447759-3,Dew Point,CURRENT,°C,8.637069454250192
2026-09-26T02:40:00+00:00,22447760-1,Temperature,CURRENT,°C,12.26673828125
2026-09-26T02:40:00+00:00,22447760-2,RH,CURRENT,%,78.58548867017625
2026-09-26T02:40:00+00:00,22447760-3,Dew Point,CURRENT,°C,8.666033481784757
2026-09-26T02:40:00+00:00,22447761-1,Temperature,CURRENT,°C,12.180937499999999
2026-09-26T02:40:00+00:00,22447761-2,RH,CURRENT,%,78.33371480888076
2026-09-26T02:40:00+00:00,22447761-3,Dew Point,CURRENT,°C,8.535157849012283
2026-09-26T02:40:00+00:00,22447762-1,Temperature,CURRENT,°C,12.331088867187496
2026-09-26T02:40:00+00:00,22447762-2,RH,CURRENT,%,77.54940108339055
2026-09-26T02:40:00+00:00,22447762-3,Dew Point,CURRENT,°C,8.532459739490173
2026-09-26T02:40:00+00:00,22447764-1,Temperature,CURRENT,°C,12.245288085937496
2026-09-26T02:40:00+00:00,22447764-2,RH,CURRENT,%,78.4924086366064
2026-09-26T02:40:00+00:00,22447764-3,Dew Point,CURRENT,°C,8.627647092206827
2026-09-26T02:40:00+00:00,22447765-1,Temperature,CURRENT,°C,12.309638671875
2026-09-26T02:40:00+00:00,22447765-2,RH,CURRENT,%,77.70504310673685
2026-09-26T02:40:00+00:00,22447765-3,Dew Point,CURRENT,°C,8.54123696055563
2026-09-26T02:40:00+00:00,22447766-1,Temperature,CURRENT,°C,12.395439453125
2026-09-26T02:40:00+00:00,22447766-2,RH,CURRENT,%,77.4914168001831
2026-09-26T02:40:00+00:00,22447766-3,Dew Point,CURRENT,°C,8.583909406905825
2026-09-26T02:45:00+00:00,22407254-1,Temperature,CURRENT,°C,12.331088867187496
2026-09-26T02:45:00+00:00,22407254-2,RH,CURRENT,%,77.56008239871824
2026-09-26T02:45:00+00:00,22407254-3,Dew Point,CURRENT,°C,8.534493909550552
2026-09-26T02:45:00+00:00,22411189-1,Temperature,CURRENT,°C,12.309638671875
2026-09-26T02:45:00+00:00,22411189-2,RH,CURRENT,%,83.80254825665675
2026-09-26T02:45:00+00:00,22411189-3,Dew Point,CURRENT,°C,9.662135713543401
2026-09-26T02:45:00+00:00,22411190-1,Temperature,CURRENT,°C,12.43833984375
2026-09-26T02:45:00+00:00,22411190-2,RH,CURRENT,%,80.8743419546807
2026-09-26T02:45:00+00:00,22411190-3,Dew Point,CURRENT,°C,9.25876901911038
2026-09-26T02:45:00+00:00,22411191-1,Temperature,CURRENT,°C,12.631391601562498
2026-09-26T02:45:00+00:00,22411191-2,RH,CURRENT,%,81.6784924086366
2026-09-26T02:45:00+00:00,22411191-3,Dew Point,CURRENT,°C,9.594527328609285
2026-09-26T02:45:00+00:00,22411525-1,Temperature,CURRENT,°C,12.631391601562498
2026-09-26T02:45:00+00:00,22411525-2,RH,CURRENT,%,79.84283207446403
2026-09-26T02:45:00+00:00,22411525-3,Dew Point,CURRENT,°C,9.256367070629269
2026-09-26T02:45:00+00:00,22411526-1,Temperature,CURRENT,°C,12.116586914062495
2026-09-26T02:45:00+00:00,22411526-2,RH,CURRENT,%,83.0563820859083
2026-09-26T02:45:00+00:00,22411526-3,Dew Point,CURRENT,°C,9.339835522243899
2026-09-26T02:45:00+00:00,22411527-1,Temperature,CURRENT,°C,12.717192382812499
2026-09-26T02:45:00+00:00,22411527-2,RH,CURRENT,%,79.87487602044709
2026-09-26T02:45:00+00:00,22411527-3,Dew Point,CURRENT,°C,9.34595817477931
2026-09-26T02:45:00+00:00,22411528-1,Temperature,CURRENT,°C,11.9020849609375
2026-09-26T02:45:00+00:00,22411528-2,RH,CURRENT,%,85.44136720836194
2026-09-26T02:45:00+00:00,22411528-3,Dew Point,CURRENT,°C,9.55064637660174
2026-09-26T02:45:00+00:00,22411529-1,Temperature,CURRENT,°C,11.344379882812497
2026-09-26T02:45:00+00:00,22411529-2,RH,CURRENT,%,88.27954528114748
2026-09-26T02:45:00+00:00,22411529-3,Dew Point,CURRENT,°C,9.488013645015807
2026-09-26T02:45:00+00:00,22411530-1,Temperature,CURRENT,°C,12.567041015625001
2026-09-26T02:45:00+00:00,22411530-2,RH,CURRENT,%,80.59510185397116
2026-09-26T02:45:00+00:00,22411530-3,Dew Point,CURRENT,°C,9.332976249071342
2026-09-26T02:45:00+00:00,22411541-S,Battery,CURRENT,V,8.438622070312501
2026-09-26T02:45:00+00:00,22447758-1,Temperature,CURRENT,°C,12.43833984375
2026-09-26T02:45:00+00:00,22447758-2,RH,CURRENT,%,78.23758297093157
2026-09-26T02:45:00+00:00,22447758-3,Dew Point,CURRENT,°C,8.767298017118069
2026-09-26T02:45:00+00:00,22447759-1,Temperature,CURRENT,°C,12.524140625000001
2026-09-26T02:45:00+00:00,22447759-2,RH,CURRENT,%,78.20859082932785
2026-09-26T02:45:00+00:00,22447759-3,Dew Point,CURRENT,°C,8.845233412587085
2026-09-26T02:45:00+00:00,22447760-1,Temperature,CURRENT,°C,12.416889648437497
2026-09-26T02:45:00+00:00,22447760-2,RH,CURRENT,%,78.95170519569696
2026-09-26T02:45:00+00:00,22447760-3,Dew Point,CURRENT,°C,8.880947902575338
2026-09-26T02:45:00+00:00,22447761-1,Temperature,CURRENT,°C,12.331088867187496
2026-09-26T02:45:00+00:00,22447761-2,RH,CURRENT,%,78.72587167162585
2026-09-26T02:45:00+00:00,22447761-3,Dew Point,CURRENT,°C,8.75504105270214
2026-09-26T02:45:00+00:00,22447762-1,Temperature,CURRENT,°C,12.502690429687497
2026-09-26T02:45:00+00:00,22447762-2,RH,CURRENT,%,77.88509956511787
2026-09-26T02:45:00+00:00,22447762-3,Dew Point,CURRENT,°C,8.763031136784294
2026-09-26T02:45:00+00:00,22447764-1,Temperature,CURRENT,°C,12.309638671875
2026-09-26T02:45:00+00:00,22447764-2,RH,CURRENT,%,79.16533150225071
2026-09-26T02:45:00+00:00,22447764-3,Dew Point,CURRENT,°C,8.816548100885143
2026-09-26T02:45:00+00:00,22447765-1,Temperature,CURRENT,°C,12.395439453125
2026-09-26T02:45:00+00:00,22447765-2,RH,CURRENT,%,78.31845578698406
2026-09-26T02:45:00+00:00,22447765-3,Dew Point,CURRENT,°C,8.740869966728384
2026-09-26T02:45:00+00:00,22447766-1,Temperature,CURRENT,°C,12.502690429687497
2026-09-26T02:45:00+00:00,22447766-2,RH,CURRENT,%,78.0956740672923
2026-09-26T02:45:00+00:00,22447766-3,Dew Point,CURRENT,°C,8.802990230670176
2026-09-26T02:50:00+00:00,22407254-1,Temperature,CURRENT,°C,12.609941406250002
2026-09-26T02:50:00+00:00,22407254-2,RH,CURRENT,%,77.6974135957885
2026-09-26T02:50:00+00:00,22407254-3,Dew Point,CURRENT,°C,8.831526966171634
2026-09-26T02:50:00+00:00,22411189-1,Temperature,CURRENT,°C,12.631391601562498
2026-09-26T02:50:00+00:00,22411189-2,RH,CURRENT,%,83.91393911650263
2026-09-26T02:50:00+00:00,22411189-3,Dew Point,CURRENT,°C,9.997423271380491
2026-09-26T02:50:00+00:00,22411190-1,Temperature,CURRENT,°C,12.7600927734375
2026-09-26T02:50:00+00:00,22411190-2,RH,CURRENT,%,80.99641412985427
2026-09-26T02:50:00+00:00,22411190-3,Dew Point,CURRENT,°C,9.595319669080533
2026-09-26T02:50:00+00:00,22411191-1,Temperature,CURRENT,°C,12.953144531249997
2026-09-26T02:50:00+00:00,22411191-2,RH,CURRENT,%,81.79293507286182
2026-09-26T02:50:00+00:00,22411191-3,Dew Point,CURRENT,°C,9.929892664229392
2026-09-26T02:50:00+00:00,22411525-1,Temperature,CURRENT,°C,12.9745947265625
2026-09-26T02:50:00+00:00,22411525-2,RH,CURRENT,%,79.92065308613718
2026-09-26T02:50:00+00:00,22411525-3,Dew Point,CURRENT,°C,9.605378273462204
2026-09-26T02:50:00+00:00,22411526-1,Temperature,CURRENT,°C,12.416889648437497
2026-09-26T02:50:00+00:00,22411526-2,RH,CURRENT,%,83.40581368734264
2026-09-26T02:50:00+00:00,22411526-3,Dew Point,CURRENT,°C,9.696510196610795
2026-09-26T02:50:00+00:00,22411527-1,Temperature,CURRENT,°C,13.060395507812501
2026-09-26T02:50:00+00:00,22411527-2,RH,CURRENT,%,79.92217898832685
2026-09-26T02:50:00+00:00,22411527-3,Dew Point,CURRENT,°C,9.689295244737817
2026-09-26T02:50:00+00:00,22411528-1,Temperature,CURRENT,°C,12.180937499999999
2026-09-26T02:50:00+00:00,22411528-2,RH,CURRENT,%,85.82131685358968
2026-09-26T02:50:00+00:00,22411528-3,Dew Point,CURRENT,°C,9.890913611882103
2026-09-26T02:50:00+00:00,22411529-1,Temperature,CURRENT,°C,11.580332031249995
2026-09-26T02:50:00+00:00,22411529-2,RH,CURRENT,%,88.67933165484092
2026-09-26T02:50:00+00:00,22411529-3,Dew Point,CURRENT,°C,9.788205583986894
2026-09-26T02:50:00+00:00,22411530-1,Temperature,CURRENT,°C,12.8887939453125
2026-09-26T02:50:00+00:00,22411530-2,RH,CURRENT,%,80.7537956816968
2026-09-26T02:50:00+00:00,22411530-3,Dew Point,CURRENT,°C,9.676244907324525
2026-09-26T02:50:00+00:00,22411541-S,Battery,CURRENT,V,8.438622070312501
2026-09-26T02:50:00+00:00,22447758-1,Temperature,CURRENT,°C,12.717192382812499
2026-09-26T02:50:00+00:00,22447758-2,RH,CURRENT,%,78.37491416800184
2026-09-26T02:50:00+00:00,22447758-3,Dew Point,CURRENT,°C,9.06443310679361
2026-09-26T02:50:00+00:00,22447759-1,Temperature,CURRENT,°C,12.781542968749996
2026-09-26T02:50:00+00:00,22447759-2,RH,CURRENT,%,78.39780270084688
2026-09-26T02:50:00+00:00,22447759-3,Dew Point,CURRENT,°C,9.131345545219817
2026-09-26T02:50:00+00:00,22447760-1,Temperature,CURRENT,°C,12.717192382812499
2026-09-26T02:50:00+00:00,22447760-2,RH,CURRENT,%,79.07072556649119
2026-09-26T02:50:00+00:00,22447760-3,Dew Point,CURRENT,°C,9.195612718995159
2026-09-26T02:50:00+00:00,22447761-1,Temperature,CURRENT,°C,12.631391601562498
2026-09-26T02:50:00+00:00,22447761-2,RH,CURRENT,%,78.8494697489891
2026-09-26T02:50:00+00:00,22447761-3,Dew Point,CURRENT,°C,9.070510609744053
2026-09-26T02:50:00+00:00,22447762-1,Temperature,CURRENT,°C,12.8029931640625
2026-09-26T02:50:00+00:00,22447762-2,RH,CURRENT,%,77.97665369649805
2026-09-26T02:50:00+00:00,22447762-3,Dew Point,CURRENT,°C,9.072275559195694
2026-09-26T02:50:00+00:00,22447764-1,Temperature,CURRENT,°C,12.588491210937498
2026-09-26T02:50:00+00:00,22447764-2,RH,CURRENT,%,79.3316548409247
2026-09-26T02:50:00+00:00,22447764-3,Dew Point,CURRENT,°C,9.119201512173635
2026-09-26T02:50:00+00:00,22447765-1,Temperature,CURRENT,°C,12.674291992187499
2026-09-26T02:50:00+00:00,22447765-2,RH,CURRENT,%,78.48935683222706
2026-09-26T02:50:00+00:00,22447765-3,Dew Point,CURRENT,°C,9.044352100840813
2026-09-26T02:50:00+00:00,22447766-1,Temperature,CURRENT,°C,12.7600927734375
2026-09-26T02:50:00+00:00,22447766-2,RH,CURRENT,%,78.20859082932785
2026-09-26T02:50:00+00:00,22447766-3,Dew Point,CURRENT,°C,9.074633534658501
2026-09-26T02:55:00+00:00,22407254-1,Temperature,CURRENT,°C,12.524140625000001
2026-09-26T02:55:00+00:00,22407254-2,RH,CURRENT,%,78.0804150453956
2026-09-26T02:55:00+00:00,22407254-3,Dew Point,CURRENT,°C,8.82094859925748
2026-09-26T02:55:00+00:00,22411189-1,Temperature,CURRENT,°C,12.631391601562498
2026-09-26T02:55:00+00:00,22411189-2,RH,CURRENT,%,84.13366903181506
2026-09-26T02:55:00+00:00,22411189-3,Dew Point,CURRENT,°C,10.036514137175672
2026-09-26T02:55:00+00:00,22411190-1,Temperature,CURRENT,°C,12.738642578124995
2026-09-26T02:55:00+00:00,22411190-2,RH,CURRENT,%,81.26802471961547
2026-09-26T02:55:00+00:00,22411190-3,Dew Point,CURRENT,°C,9.624251520489397
2026-09-26T02:55:00+00:00,22411191-1,Temperature,CURRENT,°C,12.8887939453125
2026-09-26T02:55:00+00:00,22411191-2,RH,CURRENT,%,82.1866178377966
2026-09-26T02:55:00+00:00,22411191-3,Dew Point,CURRENT,°C,9.93870172461018
2026-09-26T02:55:00+00:00,22411525-1,Temperature,CURRENT,°C,12.8887939453125
2026-09-26T02:55:00+00:00,22411525-2,RH,CURRENT,%,80.34332799267567
2026-09-26T02:55:00+00:00,22411525-3,Dew Point,CURRENT,°C,9.60030300902772
2026-09-26T02:55:00+00:00,22411526-1,Temperature,CURRENT,°C,12.481240234375
2026-09-26T02:55:00+00:00,22411526-2,RH,CURRENT,%,83.15251392385748
2026-09-26T02:55:00+00:00,22411526-3,Dew Point,CURRENT,°C,9.714198218235095
2026-09-26T02:55:00+00:00,22411527-1,Temperature,CURRENT,°C,12.9745947265625
2026-09-26T02:55:00+00:00,22411527-2,RH,CURRENT,%,80.36926832990005
2026-09-26T02:55:00+00:00,22411527-3,Dew Point,CURRENT,°C,9.688801929939164
2026-09-26T02:55:00+00:00,22411528-1,Temperature,CURRENT,°C,12.288188476562496
2026-09-26T02:55:00+00:00,22411528-2,RH,CURRENT,%,85.33607995727473
2026-09-26T02:55:00+00:00,22411528-3,Dew Point,CURRENT,°C,9.911649071793418
2026-09-26T02:55:00+00:00,22411529-1,Temperature,CURRENT,°C,11.794833984374996
2026-09-26T02:55:00+00:00,22411529-2,RH,CURRENT,%,87.80956740672923
2026-09-26T02:55:00+00:00,22411529-3,Dew Point,CURRENT,°C,9.852720770796358
2026-09-26T02:55:00+00:00,22411530-1,Temperature,CURRENT,°C,12.824443359374996
2026-09-26T02:55:00+00:00,22411530-2,RH,CURRENT,%,81.0650797283894
2026-09-26T02:55:00+00:00,22411530-3,Dew Point,CURRENT,°C,9.670777631652571
2026-09-26T02:55:00+00:00,22411541-S,Battery,CURRENT,V,8.432160644531251
2026-09-26T02:55:00+00:00,22447758-1,Temperature,CURRENT,°C,12.631391601562498
2026-09-26T02:55:00+00:00,22447758-2,RH,CURRENT,%,78.86015106431678
2026-09-26T02:55:00+00:00,22447758-3,Dew Point,CURRENT,°C,9.072519995331906
2026-09-26T02:55:00+00:00,22447759-1,Temperature,CURRENT,°C,12.674291992187499
2026-09-26T02:55:00+00:00,22447759-2,RH,CURRENT,%,78.99595635919738
2026-09-26T02:55:00+00:00,22447759-3,Dew Point,CURRENT,°C,9.139806360804814
2026-09-26T02:55:00+00:00,22447760-1,Temperature,CURRENT,°C,12.631391601562498
2026-09-26T02:55:00+00:00,22447760-2,RH,CURRENT,%,79.4369420920119
2026-09-26T02:55:00+00:00,22447760-3,Dew Point,CURRENT,°C,9.180672864309141
2026-09-26T02:55:00+00:00,22447761-1,Temperature,CURRENT,°C,12.567041015625001
2026-09-26T02:55:00+00:00,22447761-2,RH,CURRENT,%,79.16227969787137
2026-09-26T02:55:00+00:00,22447761-3,Dew Point,CURRENT,°C,9.066602765335865
2026-09-26T02:55:00+00:00,22447762-1,Temperature,CURRENT,°C,12.674291992187499
2026-09-26T02:55:00+00:00,22447762-2,RH,CURRENT,%,78.60685130083162
2026-09-26T02:55:00+00:00,22447762-3,Dew Point,CURRENT,°C,9.066538762875995
2026-09-26T02:55:00+00:00,22447764-1,Temperature,CURRENT,°C,12.524140625000001
2026-09-26T02:55:00+00:00,22447764-2,RH,CURRENT,%,79.70092317082475
2026-09-26T02:55:00+00:00,22447764-3,Dew Point,CURRENT,°C,9.125430344302181
2026-09-26T02:55:00+00:00,22447765-1,Temperature,CURRENT,°C,12.609941406250002
2026-09-26T02:55:00+00:00,22447765-2,RH,CURRENT,%,78.8494697489891
2026-09-26T02:55:00+00:00,22447765-3,Dew Point,CURRENT,°C,9.04963553385224
2026-09-26T02:55:00+00:00,22447766-1,Temperature,CURRENT,°C,12.652841796874995
2026-09-26T02:55:00+00:00,22447766-2,RH,CURRENT,%,78.80979629205768
2026-09-26T02:55:00+00:00,22447766-3,Dew Point,CURRENT,°C,9.083918841709183
2026-09-26T03:00:00+00:00,22407254-1,Temperature,CURRENT,°C,12.824443359374996
2026-09-26T03:00:00+00:00,22407254-2,RH,CURRENT,%,78.63431754024568
2026-09-26T03:00:00+00:00,22407254-3,Dew Point,CURRENT,°C,9.217796407219199
2026-09-26T03:00:00+00:00,22411189-1,Temperature,CURRENT,°C,12.717192382812499
2026-09-26T03:00:00+00:00,22411189-2,RH,CURRENT,%,85.53444724193179
2026-09-26T03:00:00+00:00,22411189-3,Dew Point,CURRENT,°C,10.367951829220159
2026-09-26T03:00:00+00:00,22411190-1,Temperature,CURRENT,°C,12.8029931640625
2026-09-26T03:00:00+00:00,22411190-2,RH,CURRENT,%,82.58182650492104
2026-09-26T03:00:00+00:00,22411190-3,Dew Point,CURRENT,°C,9.926421032655224
2026-09-26T03:00:00+00:00,22411191-1,Temperature,CURRENT,°C,12.996044921874997
2026-09-26T03:00:00+00:00,22411191-2,RH,CURRENT,%,83.4882124055848
2026-09-26T03:00:00+00:00,22411191-3,Dew Point,CURRENT,°C,10.278749631214643
2026-09-26T03:00:00+00:00,22411525-1,Temperature,CURRENT,°C,12.996044921874997
2026-09-26T03:00:00+00:00,22411525-2,RH,CURRENT,%,81.55184252689402
2026-09-26T03:00:00+00:00,22411525-3,Dew Point,CURRENT,°C,9.927723621778247
2026-09-26T03:00:00+00:00,22411526-1,Temperature,CURRENT,°C,12.524140625000001
2026-09-26T03:00:00+00:00,22411526-2,RH,CURRENT,%,84.73792629892424
2026-09-26T03:00:00+00:00,22411526-3,Dew Point,CURRENT,°C,10.03826759503994
2026-09-26T03:00:00+00:00,22411527-1,Temperature,CURRENT,°C,13.081845703124998
2026-09-26T03:00:00+00:00,22411527-2,RH,CURRENT,%,81.538109407187
2026-09-26T03:00:00+00:00,22411527-3,Dew Point,CURRENT,°C,10.009042461970633
2026-09-26T03:00:00+00:00,22411528-1,Temperature,CURRENT,°C,12.331088867187496
2026-09-26T03:00:00+00:00,22411528-2,RH,CURRENT,%,87.01152056153201
2026-09-26T03:00:00+00:00,22411528-3,Dew Point,CURRENT,°C,10.244633007776743
2026-09-26T03:00:00+00:00,22411529-1,Temperature,CURRENT,°C,11.837734374999997
2026-09-26T03:00:00+00:00,22411529-2,RH,CURRENT,%,89.33241779201953
2026-09-26T03:00:00+00:00,22411529-3,Dew Point,CURRENT,°C,10.15205078766157
2026-09-26T03:00:00+00:00,22411530-1,Temperature,CURRENT,°C,12.9316943359375
2026-09-26T03:00:00+00:00,22411530-2,RH,CURRENT,%,82.45670252536813
2026-09-26T03:00:00+00:00,22411530-3,Dew Point,CURRENT,°C,10.029697596440995
2026-09-26T03:00:00+00:00,22411541-S,Battery,CURRENT,V,8.432160644531251
2026-09-26T03:00:00+00:00,22447758-1,Temperature,CURRENT,°C,12.910244140624997
2026-09-26T03:00:00+00:00,22447758-2,RH,CURRENT,%,79.4323643854429
2026-09-26T03:00:00+00:00,22447758-3,Dew Point,CURRENT,°C,9.451429132688098
2026-09-26T03:00:00+00:00,22447759-1,Temperature,CURRENT,°C,12.9745947265625
2026-09-26T03:00:00+00:00,22447759-2,RH,CURRENT,%,79.49950408178836
2026-09-26T03:00:00+00:00,22447759-3,Dew Point,CURRENT,°C,9.526686534425501
2026-09-26T03:00:00+00:00,22447760-1,Temperature,CURRENT,°C,12.9316943359375
2026-09-26T03:00:00+00:00,22447760-2,RH,CURRENT,%,80.00762951094835
2026-09-26T03:00:00+00:00,22447760-3,Dew Point,CURRENT,°C,9.579762440160358
2026-09-26T03:00:00+00:00,22447761-1,Temperature,CURRENT,°C,12.8458935546875
2026-09-26T03:00:00+00:00,22447761-2,RH,CURRENT,%,79.76195925841154
2026-09-26T03:00:00+00:00,22447761-3,Dew Point,CURRENT,°C,9.450349311851769
2026-09-26T03:00:00+00:00,22447762-1,Temperature,CURRENT,°C,12.996044921874997
2026-09-26T03:00:00+00:00,22447762-2,RH,CURRENT,%,79.0554665445945
2026-09-26T03:00:00+00:00,22447762-3,Dew Point,CURRENT,°C,9.464200738784895
2026-09-26T03:00:00+00:00,22447764-1,Temperature,CURRENT,°C,12.8029931640625
2026-09-26T03:00:00+00:00,22447764-2,RH,CURRENT,%,80.35095750362402
2026-09-26T03:00:00+00:00,22447764-3,Dew Point,CURRENT,°C,9.518029686052197
2026-09-26T03:00:00+00:00,22447765-1,Temperature,CURRENT,°C,12.867343749999996
2026-09-26T03:00:00+00:00,22447765-2,RH,CURRENT,%,79.77111467154955
2026-09-26T03:00:00+00:00,22447765-3,Dew Point,CURRENT,°C,9.4729609311945
2026-09-26T03:00:00+00:00,22447766-1,Temperature,CURRENT,°C,12.9316943359375
2026-09-26T03:00:00+00:00,22447766-2,RH,CURRENT,%,79.33012893873503
2026-09-26T03:00:00+00:00,22447766-3,Dew Point,CURRENT,°C,9.453156234310983
2026-09-26T03:05:00+00:00,22407254-1,Temperature,CURRENT,°C,12.545590820312498
2026-09-26T03:05:00+00:00,22407254-2,RH,CURRENT,%,78.73044937819486
2026-09-26T03:05:00+00:00,22407254-3,Dew Point,CURRENT,°C,8.964618645248946
2026-09-26T03:05:00+00:00,22411189-1,Temperature,CURRENT,°C,12.567041015625001
2026-09-26T03:05:00+00:00,22411189-2,RH,CURRENT,%,85.0308995193408
2026-09-26T03:05:00+00:00,22411189-3,Dew Point,CURRENT,°C,10.132011778024685
2026-09-26T03:05:00+00:00,22411190-1,Temperature,CURRENT,°C,12.674291992187499
2026-09-26T03:05:00+00:00,22411190-2,RH,CURRENT,%,82.21408407721066
2026-09-26T03:05:00+00:00,22411190-3,Dew Point,CURRENT,°C,9.733893225897683
2026-09-26T03:05:00+00:00,22411191-1,Temperature,CURRENT,°C,12.824443359374996
2026-09-26T03:05:00+00:00,22411191-2,RH,CURRENT,%,83.07469291218433
2026-09-26T03:05:00+00:00,22411191-3,Dew Point,CURRENT,°C,10.036343078694136
2026-09-26T03:05:00+00:00,22411525-1,Temperature,CURRENT,°C,12.824443359374996
2026-09-26T03:05:00+00:00,22411525-2,RH,CURRENT,%,81.25276569771877
2026-09-26T03:05:00+00:00,22411525-3,Dew Point,CURRENT,°C,9.705254651864433
2026-09-26T03:05:00+00:00,22411526-1,Temperature,CURRENT,°C,12.459790039062497
2026-09-26T03:05:00+00:00,22411526-2,RH,CURRENT,%,83.930724040589
2026-09-26T03:05:00+00:00,22411526-3,Dew Point,CURRENT,°C,9.832149940381784
2026-09-26T03:05:00+00:00,22411527-1,Temperature,CURRENT,°C,12.8887939453125
2026-09-26T03:05:00+00:00,22411527-2,RH,CURRENT,%,81.3214312962539
2026-09-26T03:05:00+00:00,22411527-3,Dew Point,CURRENT,°C,9.78070749818081
2026-09-26T03:05:00+00:00,22411528-1,Temperature,CURRENT,°C,12.288188476562496
2026-09-26T03:05:00+00:00,22411528-2,RH,CURRENT,%,86.0975051499199
2026-09-26T03:05:00+00:00,22411528-3,Dew Point,CURRENT,°C,10.044393339329314
2026-09-26T03:05:00+00:00,22411529-1,Temperature,CURRENT,°C,11.8591845703125
2026-09-26T03:05:00+00:00,22411529-2,RH,CURRENT,%,88.28412298771649
2026-09-26T03:05:00+00:00,22411529-3,Dew Point,CURRENT,°C,9.996696074177377
2026-09-26T03:05:00+00:00,22411530-1,Temperature,CURRENT,°C,12.7600927734375
2026-09-26T03:05:00+00:00,22411530-2,RH,CURRENT,%,82.05539024948501
2026-09-26T03:05:00+00:00,22411530-3,Dew Point,CURRENT,°C,9.788981979186511
2026-09-26T03:05:00+00:00,22411541-S,Battery,CURRENT,V,8.438622070312501
2026-09-26T03:05:00+00:00,22447758-1,Temperature,CURRENT,°C,12.609941406250002
2026-09-26T03:05:00+00:00,22447758-2,RH,CURRENT,%,79.53307392996109
2026-09-26T03:05:00+00:00,22447758-3,Dew Point,CURRENT,°C,9.17773437898449
2026-09-26T03:05:00+00:00,22447759-1,Temperature,CURRENT,°C,12.631391601562498
2026-09-26T03:05:00+00:00,22447759-2,RH,CURRENT,%,79.73907072556649
2026-09-26T03:05:00+00:00,22447759-3,Dew Point,CURRENT,°C,9.237048935914595
2026-09-26T03:05:00+00:00,22447760-1,Temperature,CURRENT,°C,12.609941406250002
2026-09-26T03:05:00+00:00,22447760-2,RH,CURRENT,%,80.16784924086366
2026-09-26T03:05:00+00:00,22447760-3,Dew Point,CURRENT,°C,9.29581893203126
2026-09-26T03:05:00+00:00,22447761-1,Temperature,CURRENT,°C,12.524140625000001
2026-09-26T03:05:00+00:00,22447761-2,RH,CURRENT,%,79.91302357518883
2026-09-26T03:05:00+00:00,22447761-3,Dew Point,CURRENT,°C,9.164878509081555
2026-09-26T03:05:00+00:00,22447762-1,Temperature,CURRENT,°C,12.631391601562498
2026-09-26T03:05:00+00:00,22447762-2,RH,CURRENT,%,79.39574273289082
2026-09-26T03:05:00+00:00,22447762-3,Dew Point,CURRENT,°C,9.172970609070605
2026-09-26T03:05:00+00:00,22447764-1,Temperature,CURRENT,°C,12.545590820312498
2026-09-26T03:05:00+00:00,22447764-2,RH,CURRENT,%,80.37079423208972
2026-09-26T03:05:00+00:00,22447764-3,Dew Point,CURRENT,°C,9.270628786600756
2026-09-26T03:05:00+00:00,22447765-1,Temperature,CURRENT,°C,12.609941406250002
2026-09-26T03:05:00+00:00,22447765-2,RH,CURRENT,%,79.5925841153582
2026-09-26T03:05:00+00:00,22447765-3,Dew Point,CURRENT,°C,9.188839957093792
2026-09-26T03:05:00+00:00,22447766-1,Temperature,CURRENT,°C,12.652841796874995
2026-09-26T03:05:00+00:00,22447766-2,RH,CURRENT,%,79.55596246280614
2026-09-26T03:05:00+00:00,22447766-3,Dew Point,CURRENT,°C,9.223801530639735
2026-09-26T03:10:00+00:00,22407254-1,Temperature,CURRENT,°C,12.3525390625
2026-09-26T03:10:00+00:00,22407254-2,RH,CURRENT,%,78.98222323949035
2026-09-26T03:10:00+00:00,22407254-3,Dew Point,CURRENT,°C,8.824032552372753
2026-09-26T03:10:00+00:00,22411189-1,Temperature,CURRENT,°C,12.395439453125
2026-09-26T03:10:00+00:00,22411189-2,RH,CURRENT,%,85.27199206530861
2026-09-26T03:10:00+00:00,22411189-3,Dew Point,CURRENT,°C,10.005795969959966
2026-09-26T03:10:00+00:00,22411190-1,Temperature,CURRENT,°C,12.481240234375
2026-09-26T03:10:00+00:00,22411190-2,RH,CURRENT,%,82.36209658960861
2026-09-26T03:10:00+00:00,22411190-3,Dew Point,CURRENT,°C,9.571857416174078
2026-09-26T03:10:00+00:00,22411191-1,Temperature,CURRENT,°C,12.631391601562498
2026-09-26T03:10:00+00:00,22411191-2,RH,CURRENT,%,83.33714808880751
2026-09-26T03:10:00+00:00,22411191-3,Dew Point,CURRENT,°C,9.894379862566211
2026-09-26T03:10:00+00:00,22411525-1,Temperature,CURRENT,°C,12.631391601562498
2026-09-26T03:10:00+00:00,22411525-2,RH,CURRENT,%,81.46334019989318
2026-09-26T03:10:00+00:00,22411525-3,Dew Point,CURRENT,°C,9.555240460172211
2026-09-26T03:10:00+00:00,22411526-1,Temperature,CURRENT,°C,12.288188476562496
2026-09-26T03:10:00+00:00,22411526-2,RH,CURRENT,%,84.11535820553902
2026-09-26T03:10:00+00:00,22411526-3,Dew Point,CURRENT,°C,9.696643116143616
2026-09-26T03:10:00+00:00,22411527-1,Temperature,CURRENT,°C,12.695742187499995
2026-09-26T03:10:00+00:00,22411527-2,RH,CURRENT,%,81.55489433127336
2026-09-26T03:10:00+00:00,22411527-3,Dew Point,CURRENT,°C,9.634849146304408
2026-09-26T03:10:00+00:00,22411528-1,Temperature,CURRENT,°C,12.095136718749998
2026-09-26T03:10:00+00:00,22411528-2,RH,CURRENT,%,86.3935301747158
2026-09-26T03:10:00+00:00,22411528-3,Dew Point,CURRENT,°C,9.905760381846722
2026-09-26T03:10:00+00:00,22411529-1,Temperature,CURRENT,°C,11.6875830078125
2026-09-26T03:10:00+00:00,22411529-2,RH,CURRENT,%,88.37109941252766
2026-09-26T03:10:00+00:00,22411529-3,Dew Point,CURRENT,°C,9.842092162215936
2026-09-26T03:10:00+00:00,22411530-1,Temperature,CURRENT,°C,12.567041015625001
2026-09-26T03:10:00+00:00,22411530-2,RH,CURRENT,%,82.27512016479744
2026-09-26T03:10:00+00:00,22411530-3,Dew Point,CURRENT,°C,9.640050771332662
2026-09-26T03:10:00+00:00,22411541-S,Battery,CURRENT,V,8.432160644531251
2026-09-26T03:10:00+00:00,22447758-1,Temperature,CURRENT,°C,12.459790039062497
2026-09-26T03:10:00+00:00,22447758-2,RH,CURRENT,%,79.72533760585947
2026-09-26T03:10:00+00:00,22447758-3,Dew Point,CURRENT,°C,9.067266475070982
2026-09-26T03:10:00+00:00,22447759-1,Temperature,CURRENT,°C,12.481240234375
2026-09-26T03:10:00+00:00,22447759-2,RH,CURRENT,%,79.89013504234379
2026-09-26T03:10:00+00:00,22447759-3,Dew Point,CURRENT,°C,9.118809372615779
2026-09-26T03:10:00+00:00,22447760-1,Temperature,CURRENT,°C,12.459790039062497
2026-09-26T03:10:00+00:00,22447760-2,RH,CURRENT,%,80.34790569924468
2026-09-26T03:10:00+00:00,22447760-3,Dew Point,CURRENT,°C,9.182706178417359
2026-09-26T03:10:00+00:00,22447761-1,Temperature,CURRENT,°C,12.373989257812497
2026-09-26T03:10:00+00:00,22447761-2,RH,CURRENT,%,80.08087281605249
2026-09-26T03:10:00+00:00,22447761-3,Dew Point,CURRENT,°C,9.049630402800274
2026-09-26T03:10:00+00:00,22447762-1,Temperature,CURRENT,°C,12.481240234375
2026-09-26T03:10:00+00:00,22447762-2,RH,CURRENT,%,79.43999389639124
2026-09-26T03:10:00+00:00,22447762-3,Dew Point,CURRENT,°C,9.034985518526172
2026-09-26T03:10:00+00:00,22447764-1,Temperature,CURRENT,°C,12.373989257812497
2026-09-26T03:10:00+00:00,22447764-2,RH,CURRENT,%,80.47455558098726
2026-09-26T03:10:00+00:00,22447764-3,Dew Point,CURRENT,°C,9.122386603936652
2026-09-26T03:10:00+00:00,22447765-1,Temperature,CURRENT,°C,12.459790039062497
2026-09-26T03:10:00+00:00,22447765-2,RH,CURRENT,%,79.65056839856565
2026-09-26T03:10:00+00:00,22447765-3,Dew Point,CURRENT,°C,9.053349096987443
2026-09-26T03:10:00+00:00,22447766-1,Temperature,CURRENT,°C,12.502690429687497
2026-09-26T03:10:00+00:00,22447766-2,RH,CURRENT,%,79.59716182192722
2026-09-26T03:10:00+00:00,22447766-3,Dew Point,CURRENT,°C,9.085199279990226
2026-09-26T03:15:00+00:00,22407254-1,Temperature,CURRENT,°C,12.116586914062495
2026-09-26T03:15:00+00:00,22407254-2,RH,CURRENT,%,79.79247730220493
2026-09-26T03:15:00+00:00,22407254-3,Dew Point,CURRENT,°C,8.745262685994245
2026-09-26T03:15:00+00:00,22411189-1,Temperature,CURRENT,°C,12.159487304687495
2026-09-26T03:15:00+00:00,22411189-2,RH,CURRENT,%,85.94186312657358
2026-09-26T03:15:00+00:00,22411189-3,Dew Point,CURRENT,°C,9.890782178464386
2026-09-26T03:15:00+00:00,22411190-1,Temperature,CURRENT,°C,12.245288085937496
2026-09-26T03:15:00+00:00,22411190-2,RH,CURRENT,%,83.13115129320211
2026-09-26T03:15:00+00:00,22411190-3,Dew Point,CURRENT,°C,9.479268917048989
2026-09-26T03:15:00+00:00,22411191-1,Temperature,CURRENT,°C,12.416889648437497
2026-09-26T03:15:00+00:00,22411191-2,RH,CURRENT,%,84.0863660639353
2026-09-26T03:15:00+00:00,22411191-3,Dew Point,CURRENT,°C,9.817730668979808
2026-09-26T03:15:00+00:00,22411525-1,Temperature,CURRENT,°C,12.416889648437497
2026-09-26T03:15:00+00:00,22411525-2,RH,CURRENT,%,82.17441062027925
2026-09-26T03:15:00+00:00,22411525-3,Dew Point,CURRENT,°C,9.474943510735857
2026-09-26T03:15:00+00:00,22411526-1,Temperature,CURRENT,°C,12.052236328124998
2026-09-26T03:15:00+00:00,22411526-2,RH,CURRENT,%,84.6692607003891
2026-09-26T03:15:00+00:00,22411526-3,Dew Point,CURRENT,°C,9.562926985897246
2026-09-26T03:15:00+00:00,22411527-1,Temperature,CURRENT,°C,12.481240234375
2026-09-26T03:15:00+00:00,22411527-2,RH,CURRENT,%,82.32547493705654
2026-09-26T03:15:00+00:00,22411527-3,Dew Point,CURRENT,°C,9.565233397540439
2026-09-26T03:15:00+00:00,22411528-1,Temperature,CURRENT,°C,11.880634765624997
2026-09-26T03:15:00+00:00,22411528-2,RH,CURRENT,%,87.01609826810102
2026-09-26T03:15:00+00:00,22411528-3,Dew Point,CURRENT,°C,9.801788325660077
2026-09-26T03:15:00+00:00,22411529-1,Temperature,CURRENT,°C,11.515981445312498
2026-09-26T03:15:00+00:00,22411529-2,RH,CURRENT,%,88.76173037308308
2026-09-26T03:15:00+00:00,22411529-3,Dew Point,CURRENT,°C,9.738533428400084
2026-09-26T03:15:00+00:00,22411530-1,Temperature,CURRENT,°C,12.331088867187496
2026-09-26T03:15:00+00:00,22411530-2,RH,CURRENT,%,83.12504768444343
2026-09-26T03:15:00+00:00,22411530-3,Dew Point,CURRENT,°C,9.562211557660856
2026-09-26T03:15:00+00:00,22411541-S,Battery,CURRENT,V,8.428929931640626
2026-09-26T03:15:00+00:00,22447758-1,Temperature,CURRENT,°C,12.202387695312495
2026-09-26T03:15:00+00:00,22447758-2,RH,CURRENT,%,80.50354772259098
2026-09-26T03:15:00+00:00,22447758-3,Dew Point,CURRENT,°C,8.960308187578205
2026-09-26T03:15:00+00:00,22447759-1,Temperature,CURRENT,°C,12.245288085937496
2026-09-26T03:15:00+00:00,22447759-2,RH,CURRENT,%,80.72785534447242
2026-09-26T03:15:00+00:00,22447759-3,Dew Point,CURRENT,°C,9.043423595588457
2026-09-26T03:15:00+00:00,22447760-1,Temperature,CURRENT,°C,12.223837890625
2026-09-26T03:15:00+00:00,22447760-2,RH,CURRENT,%,81.07423514152742
2026-09-26T03:15:00+00:00,22447760-3,Dew Point,CURRENT,°C,9.085993046289014
2026-09-26T03:15:00+00:00,22447761-1,Temperature,CURRENT,°C,12.138037109374999
2026-09-26T03:15:00+00:00,22447761-2,RH,CURRENT,%,80.81025406271458
2026-09-26T03:15:00+00:00,22447761-3,Dew Point,CURRENT,°C,8.953865757818543
2026-09-26T03:15:00+00:00,22447762-1,Temperature,CURRENT,°C,12.245288085937496
2026-09-26T03:15:00+00:00,22447762-2,RH,CURRENT,%,80.22278171969177
2026-09-26T03:15:00+00:00,22447762-3,Dew Point,CURRENT,°C,8.950377647706773
2026-09-26T03:15:00+00:00,22447764-1,Temperature,CURRENT,°C,12.138037109374999
2026-09-26T03:15:00+00:00,22447764-2,RH,CURRENT,%,81.25734340428778
2026-09-26T03:15:00+00:00,22447764-3,Dew Point,CURRENT,°C,9.035660568380035
2026-09-26T03:15:00+00:00,22447765-1,Temperature,CURRENT,°C,12.202387695312495
2026-09-26T03:15:00+00:00,22447765-2,RH,CURRENT,%,80.4623483634699
2026-09-26T03:15:00+00:00,22447765-3,Dew Point,CURRENT,°C,8.952721565374405
2026-09-26T03:15:00+00:00,22447766-1,Temperature,CURRENT,°C,12.245288085937496
2026-09-26T03:15:00+00:00,22447766-2,RH,CURRENT,%,80.45624475471122
2026-09-26T03:15:00+00:00,22447766-3,Dew Point,CURRENT,°C,8.993450667765323
2026-09-26T03:20:00+00:00,22407254-1,Temperature,CURRENT,°C,12.180937499999999
2026-09-26T03:20:00+00:00,22407254-2,RH,CURRENT,%,80.1907377737087
2026-09-26T03:20:00+00:00,22407254-3,Dew Point,CURRENT,°C,8.881701913816023
2026-09-26T03:20:00+00:00,22411189-1,Temperature,CURRENT,°C,12.331088867187496
2026-09-26T03:20:00+00:00,22411189-2,RH,CURRENT,%,85.85793850614175
2026-09-26T03:20:00+00:00,22411189-3,Dew Point,CURRENT,°C,10.044921626179724
2026-09-26T03:20:00+00:00,22411190-1,Temperature,CURRENT,°C,12.416889648437497
2026-09-26T03:20:00+00:00,22411190-2,RH,CURRENT,%,83.1113145647364
2026-09-26T03:20:00+00:00,22411190-3,Dew Point,CURRENT,°C,9.643783957708912
2026-09-26T03:20:00+00:00,22411191-1,Temperature,CURRENT,°C,12.545590820312498
2026-09-26T03:20:00+00:00,22411191-2,RH,CURRENT,%,84.25574120698863
2026-09-26T03:20:00+00:00,22411191-3,Dew Point,CURRENT,°C,9.974022264816405
2026-09-26T03:20:00+00:00,22411525-1,Temperature,CURRENT,°C,12.545590820312498
2026-09-26T03:20:00+00:00,22411525-2,RH,CURRENT,%,82.3025864042115
2026-09-26T03:20:00+00:00,22411525-3,Dew Point,CURRENT,°C,9.624041889222857
2026-09-26T03:20:00+00:00,22411526-1,Temperature,CURRENT,°C,12.180937499999999
2026-09-26T03:20:00+00:00,22411526-2,RH,CURRENT,%,84.79591058213168
2026-09-26T03:20:00+00:00,22411526-3,Dew Point,CURRENT,°C,9.711547801334927
2026-09-26T03:20:00+00:00,22411527-1,Temperature,CURRENT,°C,12.588491210937498
2026-09-26T03:20:00+00:00,22411527-2,RH,CURRENT,%,82.46585793850615
2026-09-26T03:20:00+00:00,22411527-3,Dew Point,CURRENT,°C,9.695552622160262
2026-09-26T03:20:00+00:00,22411528-1,Temperature,CURRENT,°C,11.987885742187501
2026-09-26T03:20:00+00:00,22411528-2,RH,CURRENT,%,87.08934157320516
2026-09-26T03:20:00+00:00,22411528-3,Dew Point,CURRENT,°C,9.91998277151172
2026-09-26T03:20:00+00:00,22411529-1,Temperature,CURRENT,°C,11.558881835937498
2026-09-26T03:20:00+00:00,22411529-2,RH,CURRENT,%,89.09895475700007
2026-09-26T03:20:00+00:00,22411529-3,Dew Point,CURRENT,°C,9.837475599817205
2026-09-26T03:20:00+00:00,22411530-1,Temperature,CURRENT,°C,12.481240234375
2026-09-26T03:20:00+00:00,22411530-2,RH,CURRENT,%,82.98924238956283
2026-09-26T03:20:00+00:00,22411530-3,Dew Point,CURRENT,°C,9.684893585072833
2026-09-26T03:20:00+00:00,22411541-S,Battery,CURRENT,V,8.422468505859376
2026-09-26T03:20:00+00:00,22447758-1,Temperature,CURRENT,°C,12.288188476562496
2026-09-26T03:20:00+00:00,22447758-2,RH,CURRENT,%,80.9048599984741
2026-09-26T03:20:00+00:00,22447758-3,Dew Point,CURRENT,°C,9.11779180600922
2026-09-26T03:20:00+00:00,22447759-1,Temperature,CURRENT,°C,12.331088867187496
2026-09-26T03:20:00+00:00,22447759-2,RH,CURRENT,%,81.03303578240634
2026-09-26T03:20:00+00:00,22447759-3,Dew Point,CURRENT,°C,9.183174815037594
2026-09-26T03:20:00+00:00,22447760-1,Temperature,CURRENT,°C,12.288188476562496
2026-09-26T03:20:00+00:00,22447760-2,RH,CURRENT,%,81.48622873273823
2026-09-26T03:20:00+00:00,22447760-3,Dew Point,CURRENT,°C,9.224092950733606
2026-09-26T03:20:00+00:00,22447761-1,Temperature,CURRENT,°C,12.202387695312495
2026-09-26T03:20:00+00:00,22447761-2,RH,CURRENT,%,81.20393682764934
2026-09-26T03:20:00+00:00,22447761-3,Dew Point,CURRENT,°C,9.088760906453368
2026-09-26T03:20:00+00:00,22447762-1,Temperature,CURRENT,°C,12.331088867187496
2026-09-26T03:20:00+00:00,22447762-2,RH,CURRENT,%,80.55695429922942
2026-09-26T03:20:00+00:00,22447762-3,Dew Point,CURRENT,°C,9.095715941239977
2026-09-26T03:20:00+00:00,22447764-1,Temperature,CURRENT,°C,12.202387695312495
2026-09-26T03:20:00+00:00,22447764-2,RH,CURRENT,%,81.76546883344777
2026-09-26T03:20:00+00:00,22447764-3,Dew Point,CURRENT,°C,9.191044869086783
2026-09-26T03:20:00+00:00,22447765-1,Temperature,CURRENT,°C,12.26673828125
2026-09-26T03:20:00+00:00,22447765-2,RH,CURRENT,%,80.99183642328526
2026-09-26T03:20:00+00:00,22447765-3,Dew Point,CURRENT,°C,9.112794537737432
2026-09-26T03:20:00+00:00,22447766-1,Temperature,CURRENT,°C,12.331088867187496
2026-09-26T03:20:00+00:00,22447766-2,RH,CURRENT,%,80.80109864957656
2026-09-26T03:20:00+00:00,22447766-3,Dew Point,CURRENT,°C,9.140623277431379
2026-09-26T03:25:00+00:00,22407254-1,Temperature,CURRENT,°C,12.180937499999999
2026-09-26T03:25:00+00:00,22407254-2,RH,CURRENT,%,80.63630121309224
2026-09-26T03:25:00+00:00,22407254-3,Dew Point,CURRENT,°C,8.9637983928146
2026-09-26T03:25:00+00:00,22411189-1,Temperature,CURRENT,°C,12.202387695312495
2026-09-26T03:25:00+00:00,22411189-2,RH,CURRENT,%,86.75669489585718
2026-09-26T03:25:00+00:00,22411189-3,Dew Point,CURRENT,°C,10.074012983350586
2026-09-26T03:25:00+00:00,22411190-1,Temperature,CURRENT,°C,12.288188476562496
2026-09-26T03:25:00+00:00,22411190-2,RH,CURRENT,%,83.95361257343404
2026-09-26T03:25:00+00:00,22411190-3,Dew Point,CURRENT,°C,9.667949250262998
2026-09-26T03:25:00+00:00,22411191-1,Temperature,CURRENT,°C,12.395439453125
2026-09-26T03:25:00+00:00,22411191-2,RH,CURRENT,%,85.18501564049744
2026-09-26T03:25:00+00:00,22411191-3,Dew Point,CURRENT,°C,9.990543541315668
2026-09-26T03:25:00+00:00,22411525-1,Temperature,CURRENT,°C,12.373989257812497
2026-09-26T03:25:00+00:00,22411525-2,RH,CURRENT,%,83.35393301289388
2026-09-26T03:25:00+00:00,22411525-3,Dew Point,CURRENT,°C,9.64520229289344
2026-09-26T03:25:00+00:00,22411526-1,Temperature,CURRENT,°C,12.138037109374999
2026-09-26T03:25:00+00:00,22411526-2,RH,CURRENT,%,85.32387273975738
2026-09-26T03:25:00+00:00,22411526-3,Dew Point,CURRENT,°C,9.761986028047435
2026-09-26T03:25:00+00:00,22411527-1,Temperature,CURRENT,°C,12.395439453125
2026-09-26T03:25:00+00:00,22411527-2,RH,CURRENT,%,83.60265506981003
2026-09-26T03:25:00+00:00,22411527-3,Dew Point,CURRENT,°C,9.710637721102005
2026-09-26T03:25:00+00:00,22411528-1,Temperature,CURRENT,°C,11.966435546874997
2026-09-26T03:25:00+00:00,22411528-2,RH,CURRENT,%,87.59746700236515
2026-09-26T03:25:00+00:00,22411528-3,Dew Point,CURRENT,°C,9.985764813995386
2026-09-26T03:25:00+00:00,22411529-1,Temperature,CURRENT,°C,11.601782226562499
2026-09-26T03:25:00+00:00,22411529-2,RH,CURRENT,%,89.25154497596704
2026-09-26T03:25:00+00:00,22411529-3,Dew Point,CURRENT,°C,9.905401022125178
2026-09-26T03:25:00+00:00,22411530-1,Temperature,CURRENT,°C,12.331088867187496
2026-09-26T03:25:00+00:00,22411530-2,RH,CURRENT,%,83.91851682307164
2026-09-26T03:25:00+00:00,22411530-3,Dew Point,CURRENT,°C,9.703782564262523
2026-09-26T03:25:00+00:00,22411541-S,Battery,CURRENT,V,8.416007080078126
2026-09-26T03:25:00+00:00,22447758-1,Temperature,CURRENT,°C,12.245288085937496
2026-09-26T03:25:00+00:00,22447758-2,RH,CURRENT,%,81.40993362325474
2026-09-26T03:25:00+00:00,22447758-3,Dew Point,CURRENT,°C,9.168268283985524
2026-09-26T03:25:00+00:00,22447759-1,Temperature,CURRENT,°C,12.288188476562496
2026-09-26T03:25:00+00:00,22447759-2,RH,CURRENT,%,81.60219729915312
2026-09-26T03:25:00+00:00,22447759-3,Dew Point,CURRENT,°C,9.245217525970633
2026-09-26T03:25:00+00:00,22447760-1,Temperature,CURRENT,°C,12.288188476562496
2026-09-26T03:25:00+00:00,22447760-2,RH,CURRENT,%,81.90280003051804
2026-09-26T03:25:00+00:00,22447760-3,Dew Point,CURRENT,°C,9.299851950309003
2026-09-26T03:25:00+00:00,22447761-1,Temperature,CURRENT,°C,12.223837890625
2026-09-26T03:25:00+00:00,22447761-2,RH,CURRENT,%,81.56862745098039
2026-09-26T03:25:00+00:00,22447761-3,Dew Point,CURRENT,°C,9.176221700794493
2026-09-26T03:25:00+00:00,22447762-1,Temperature,CURRENT,°C,12.288188476562496
2026-09-26T03:25:00+00:00,22447762-2,RH,CURRENT,%,81.09407186999313
2026-09-26T03:25:00+00:00,22447762-3,Dew Point,CURRENT,°C,9.152462060645924
2026-09-26T03:25:00+00:00,22447764-1,Temperature,CURRENT,°C,12.159487304687495
2026-09-26T03:25:00+00:00,22447764-2,RH,CURRENT,%,82.2568093385214
2026-09-26T03:25:00+00:00,22447764-3,Dew Point,CURRENT,°C,9.238072619250035
2026-09-26T03:25:00+00:00,22447765-1,Temperature,CURRENT,°C,12.223837890625
2026-09-26T03:25:00+00:00,22447765-2,RH,CURRENT,%,81.42366674296177
2026-09-26T03:25:00+00:00,22447765-3,Dew Point,CURRENT,°C,9.149815732912536
2026-09-26T03:25:00+00:00,22447766-1,Temperature,CURRENT,°C,12.245288085937496
2026-09-26T03:25:00+00:00,22447766-2,RH,CURRENT,%,81.4724956130312
2026-09-26T03:25:00+00:00,22447766-3,Dew Point,CURRENT,°C,9.179673240110587
2026-09-26T03:30:00+00:00,22407254-1,Temperature,CURRENT,°C,12.138037109374999
2026-09-26T03:30:00+00:00,22407254-2,RH,CURRENT,%,81.49080643930724
2026-09-26T03:30:00+00:00,22407254-3,Dew Point,CURRENT,°C,9.07821529296954
2026-09-26T03:30:00+00:00,22411189-1,Temperature,CURRENT,°C,12.052236328124998
2026-09-26T03:30:00+00:00,22411189-2,RH,CURRENT,%,88.2932784008545
2026-09-26T03:30:00+00:00,22411189-3,Dew Point,CURRENT,°C,10.188710699415685
2026-09-26T03:30:00+00:00,22411190-1,Temperature,CURRENT,°C,12.138037109374999
2026-09-26T03:30:00+00:00,22411190-2,RH,CURRENT,%,85.39559014267185
2026-09-26T03:30:00+00:00,22411190-3,Dew Point,CURRENT,°C,9.774519956360272
2026-09-26T03:30:00+00:00,22411191-1,Temperature,CURRENT,°C,12.309638671875
2026-09-26T03:30:00+00:00,22411191-2,RH,CURRENT,%,86.50339513237202
2026-09-26T03:30:00+00:00,22411191-3,Dew Point,CURRENT,°C,10.135843569934535
2026-09-26T03:30:00+00:00,22411525-1,Temperature,CURRENT,°C,12.309638671875
2026-09-26T03:30:00+00:00,22411525-2,RH,CURRENT,%,84.40680552376593
2026-09-26T03:30:00+00:00,22411525-3,Dew Point,CURRENT,°C,9.769271555671272
2026-09-26T03:30:00+00:00,22411526-1,Temperature,CURRENT,°C,11.987885742187501
2026-09-26T03:30:00+00:00,22411526-2,RH,CURRENT,%,86.73228046082247
2026-09-26T03:30:00+00:00,22411526-3,Dew Point,CURRENT,°C,9.85863344353459
2026-09-26T03:30:00+00:00,22411527-1,Temperature,CURRENT,°C,12.373989257812497
2026-09-26T03:30:00+00:00,22411527-2,RH,CURRENT,%,84.55329213397421
2026-09-26T03:30:00+00:00,22411527-3,Dew Point,CURRENT,°C,9.858298098374643
2026-09-26T03:30:00+00:00,22411528-1,Temperature,CURRENT,°C,11.8162841796875
2026-09-26T03:30:00+00:00,22411528-2,RH,CURRENT,%,88.9066910811017
2026-09-26T03:30:00+00:00,22411528-3,Dew Point,CURRENT,°C,10.059404884512945
2026-09-26T03:30:00+00:00,22411529-1,Temperature,CURRENT,°C,11.494531250000001
2026-09-26T03:30:00+00:00,22411529-2,RH,CURRENT,%,90.29068436713207
2026-09-26T03:30:00+00:00,22411529-3,Dew Point,CURRENT,°C,9.972297230801646
2026-09-26T03:30:00+00:00,22411530-1,Temperature,CURRENT,°C,12.223837890625
2026-09-26T03:30:00+00:00,22411530-2,RH,CURRENT,%,85.2674143587396
2026-09-26T03:30:00+00:00,22411530-3,Dew Point,CURRENT,°C,9.836406660343812
2026-09-26T03:30:00+00:00,22411541-S,Battery,CURRENT,V,8.419237792968751
2026-09-26T03:30:00+00:00,22447758-1,Temperature,CURRENT,°C,12.202387695312495
2026-09-26T03:30:00+00:00,22447758-2,RH,CURRENT,%,82.30563820859084
2026-09-26T03:30:00+00:00,22447758-3,Dew Point,CURRENT,°C,9.288856115522583
2026-09-26T03:30:00+00:00,22447759-1,Temperature,CURRENT,°C,12.223837890625
2026-09-26T03:30:00+00:00,22447759-2,RH,CURRENT,%,82.53604943923095
2026-09-26T03:30:00+00:00,22447759-3,Dew Point,CURRENT,°C,9.351397166659279
2026-09-26T03:30:00+00:00,22447760-1,Temperature,CURRENT,°C,12.245288085937496
2026-09-26T03:30:00+00:00,22447760-2,RH,CURRENT,%,82.79240100709545
2026-09-26T03:30:00+00:00,22447760-3,Dew Point,CURRENT,°C,9.41851192868289
2026-09-26T03:30:00+00:00,22447761-1,Temperature,CURRENT,°C,12.159487304687495
2026-09-26T03:30:00+00:00,22447761-2,RH,CURRENT,%,82.44449530785077
2026-09-26T03:30:00+00:00,22447761-3,Dew Point,CURRENT,°C,9.27193186559667
2026-09-26T03:30:00+00:00,22447762-1,Temperature,CURRENT,°C,12.26673828125
2026-09-26T03:30:00+00:00,22447762-2,RH,CURRENT,%,81.9043259327077
2026-09-26T03:30:00+00:00,22447762-3,Dew Point,CURRENT,°C,9.279157337881871
2026-09-26T03:30:00+00:00,22447764-1,Temperature,CURRENT,°C,12.116586914062495
2026-09-26T03:30:00+00:00,22447764-2,RH,CURRENT,%,83.18455786984055
2026-09-26T03:30:00+00:00,22447764-3,Dew Point,CURRENT,°C,9.362762617916797
2026-09-26T03:30:00+00:00,22447765-1,Temperature,CURRENT,°C,12.180937499999999
2026-09-26T03:30:00+00:00,22447765-2,RH,CURRENT,%,82.45365072098879
2026-09-26T03:30:00+00:00,22447765-3,Dew Point,CURRENT,°C,9.294570384917215
2026-09-26T03:30:00+00:00,22447766-1,Temperature,CURRENT,°C,12.202387695312495
2026-09-26T03:30:00+00:00,22447766-2,RH,CURRENT,%,82.43381399252308
2026-09-26T03:30:00+00:00,22447766-3,Dew Point,CURRENT,°C,9.311982647455887
2026-09-26T03:35:00+00:00,22407254-1,Temperature,CURRENT,°C,12.138037109374999
2026-09-26T03:35:00+00:00,22407254-2,RH,CURRENT,%,82.01266498817427
2026-09-26T03:35:00+00:00,22407254-3,Dew Point,CURRENT,°C,9.172951131779923
2026-09-26T03:35:00+00:00,22411189-1,Temperature,CURRENT,°C,12.180937499999999
2026-09-26T03:35:00+00:00,22411189-2,RH,CURRENT,%,88.12390325780117
2026-09-26T03:35:00+00:00,22411189-3,Dew Point,CURRENT,°C,10.286917049180643
2026-09-26T03:35:00+00:00,22411190-1,Temperature,CURRENT,°C,12.26673828125
2026-09-26T03:35:00+00:00,22411190-2,RH,CURRENT,%,85.15754940108339
2026-09-26T03:35:00+00:00,22411190-3,Dew Point,CURRENT,°C,9.859303847860604
2026-09-26T03:35:00+00:00,22411191-1,Temperature,CURRENT,°C,12.395439453125
2026-09-26T03:35:00+00:00,22411191-2,RH,CURRENT,%,86.47135118638896
2026-09-26T03:35:00+00:00,22411191-3,Dew Point,CURRENT,°C,10.21473596391874
2026-09-26T03:35:00+00:00,22411525-1,Temperature,CURRENT,°C,12.416889648437497
2026-09-26T03:35:00+00:00,22411525-2,RH,CURRENT,%,84.46784161135271
2026-09-26T03:35:00+00:00,22411525-3,Dew Point,CURRENT,°C,9.88530250203187
2026-09-26T03:35:00+00:00,22411526-1,Temperature,CURRENT,°C,12.052236328124998
2026-09-26T03:35:00+00:00,22411526-2,RH,CURRENT,%,86.9718471046006
2026-09-26T03:35:00+00:00,22411526-3,Dew Point,CURRENT,°C,9.963192184783484
2026-09-26T03:35:00+00:00,22411527-1,Temperature,CURRENT,°C,12.481240234375
2026-09-26T03:35:00+00:00,22411527-2,RH,CURRENT,%,84.52735179674983
2026-09-26T03:35:00+00:00,22411527-3,Dew Point,CURRENT,°C,9.958972432513958
2026-09-26T03:35:00+00:00,22411528-1,Temperature,CURRENT,°C,11.880634765624997
2026-09-26T03:35:00+00:00,22411528-2,RH,CURRENT,%,89.19050888838025
2026-09-26T03:35:00+00:00,22411528-3,Dew Point,CURRENT,°C,10.17063980071296
2026-09-26T03:35:00+00:00,22411529-1,Temperature,CURRENT,°C,11.494531250000001
2026-09-26T03:35:00+00:00,22411529-2,RH,CURRENT,%,90.83390554665446
2026-09-26T03:35:00+00:00,22411529-3,Dew Point,CURRENT,°C,10.061961481180704
2026-09-26T03:35:00+00:00,22411530-1,Temperature,CURRENT,°C,12.373989257812497
2026-09-26T03:35:00+00:00,22411530-2,RH,CURRENT,%,85.19874876020447
2026-09-26T03:35:00+00:00,22411530-3,Dew Point,CURRENT,°C,9.971881539485372
2026-09-26T03:35:00+00:00,22411541-S,Battery,CURRENT,V,8.419237792968751
2026-09-26T03:35:00+00:00,22447758-1,Temperature,CURRENT,°C,12.223837890625
2026-09-26T03:35:00+00:00,22447758-2,RH,CURRENT,%,82.76340886549173
2026-09-26T03:35:00+00:00,22447758-3,Dew Point,CURRENT,°C,9.392303920668187
2026-09-26T03:35:00+00:00,22447759-1,Temperature,CURRENT,°C,12.26673828125
2026-09-26T03:35:00+00:00,22447759-2,RH,CURRENT,%,82.84275577935455
2026-09-26T03:35:00+00:00,22447759-3,Dew Point,CURRENT,°C,9.4485575076638
2026-09-26T03:35:00+00:00,22447760-1,Temperature,CURRENT,°C,12.245288085937496
2026-09-26T03:35:00+00:00,22447760-2,RH,CURRENT,%,83.17082475013352
2026-09-26T03:35:00+00:00,22447760-3,Dew Point,CURRENT,°C,9.486370348258989
2026-09-26T03:35:00+00:00,22447761-1,Temperature,CURRENT,°C,12.159487304687495
2026-09-26T03:35:00+00:00,22447761-2,RH,CURRENT,%,82.91142137788968
2026-09-26T03:35:00+00:00,22447761-3,Dew Point,CURRENT,°C,9.355873804874962
2026-09-26T03:35:00+00:00,22447762-1,Temperature,CURRENT,°C,12.288188476562496
2026-09-26T03:35:00+00:00,22447762-2,RH,CURRENT,%,82.28885328450447
2026-09-26T03:35:00+00:00,22447762-3,Dew Point,CURRENT,°C,9.369758827766374
2026-09-26T03:35:00+00:00,22447764-1,Temperature,CURRENT,°C,12.138037109374999
2026-09-26T03:35:00+00:00,22447764-2,RH,CURRENT,%,83.4836346990158
2026-09-26T03:35:00+00:00,22447764-3,Dew Point,CURRENT,°C,9.43715861548511
2026-09-26T03:35:00+00:00,22447765-1,Temperature,CURRENT,°C,12.202387695312495
2026-09-26T03:35:00+00:00,22447765-2,RH,CURRENT,%,82.82291905088884
2026-09-26T03:35:00+00:00,22447765-3,Dew Point,CURRENT,°C,9.381994942593744
2026-09-26T03:35:00+00:00,22447766-1,Temperature,CURRENT,°C,12.288188476562496
2026-09-26T03:35:00+00:00,22447766-2,RH,CURRENT,%,82.61692225528344
2026-09-26T03:35:00+00:00,22447766-3,Dew Point,CURRENT,°C,9.428939478661036
2026-09-26T03:40:00+00:00,22407254-1,Temperature,CURRENT,°C,12.159487304687495
2026-09-26T03:40:00+00:00,22407254-2,RH,CURRENT,%,81.93942168307011
2026-09-26T03:40:00+00:00,22407254-3,Dew Point,CURRENT,°C,9.180659758230808
2026-09-26T03:40:00+00:00,22411189-1,Temperature,CURRENT,°C,12.138037109374999
2026-09-26T03:40:00+00:00,22411189-2,RH,CURRENT,%,88.4443427176318
2026-09-26T03:40:00+00:00,22411189-3,Dew Point,CURRENT,°C,10.298970103473332
2026-09-26T03:40:00+00:00,22411190-1,Temperature,CURRENT,°C,12.223837890625
2026-09-26T03:40:00+00:00,22411190-2,RH,CURRENT,%,85.45510032806897
2026-09-26T03:40:00+00:00,22411190-3,Dew Point,CURRENT,°C,9.869230063695756
2026-09-26T03:40:00+00:00,22411191-1,Temperature,CURRENT,°C,12.3525390625
2026-09-26T03:40:00+00:00,22411191-2,RH,CURRENT,%,86.74753948271916
2026-09-26T03:40:00+00:00,22411191-3,Dew Point,CURRENT,°C,10.220255308900999
2026-09-26T03:40:00+00:00,22411525-1,Temperature,CURRENT,°C,12.3525390625
2026-09-26T03:40:00+00:00,22411525-2,RH,CURRENT,%,84.74555580987258
2026-09-26T03:40:00+00:00,22411525-3,Dew Point,CURRENT,°C,9.871153298436832
2026-09-26T03:40:00+00:00,22411526-1,Temperature,CURRENT,°C,12.030786132812501
2026-09-26T03:40:00+00:00,22411526-2,RH,CURRENT,%,87.1122301060502
2026-09-26T03:40:00+00:00,22411526-3,Dew Point,CURRENT,°C,9.966164495761724
2026-09-26T03:40:00+00:00,22411527-1,Temperature,CURRENT,°C,12.395439453125
2026-09-26T03:40:00+00:00,22411527-2,RH,CURRENT,%,84.89204242008087
2026-09-26T03:40:00+00:00,22411527-3,Dew Point,CURRENT,°C,9.939065989913887
2026-09-26T03:40:00+00:00,22411528-1,Temperature,CURRENT,°C,11.8591845703125
2026-09-26T03:40:00+00:00,22411528-2,RH,CURRENT,%,89.32478828107118
2026-09-26T03:40:00+00:00,22411528-3,Dew Point,CURRENT,°C,10.171965268622285
2026-09-26T03:40:00+00:00,22411529-1,Temperature,CURRENT,°C,11.451630859375001
2026-09-26T03:40:00+00:00,22411529-2,RH,CURRENT,%,90.94987411306936
2026-09-26T03:40:00+00:00,22411529-3,Dew Point,CURRENT,°C,10.038563853651121
2026-09-26T03:40:00+00:00,22411530-1,Temperature,CURRENT,°C,12.309638671875
2026-09-26T03:40:00+00:00,22411530-2,RH,CURRENT,%,85.49629968719005
2026-09-26T03:40:00+00:00,22411530-3,Dew Point,CURRENT,°C,9.960747703688755
2026-09-26T03:40:00+00:00,22411541-S,Battery,CURRENT,V,8.419237792968751
2026-09-26T03:40:00+00:00,22447758-1,Temperature,CURRENT,°C,12.245288085937496
2026-09-26T03:40:00+00:00,22447758-2,RH,CURRENT,%,82.68558785381857
2026-09-26T03:40:00+00:00,22447758-3,Dew Point,CURRENT,°C,9.399308974249914
2026-09-26T03:40:00+00:00,22447759-1,Temperature,CURRENT,°C,12.288188476562496
2026-09-26T03:40:00+00:00,22447759-2,RH,CURRENT,%,82.88395513847563
2026-09-26T03:40:00+00:00,22447759-3,Dew Point,CURRENT,°C,9.476957370230757
2026-09-26T03:40:00+00:00,22447760-1,Temperature,CURRENT,°C,12.223837890625
2026-09-26T03:40:00+00:00,22447760-2,RH,CURRENT,%,83.34172579537652
2026-09-26T03:40:00+00:00,22447760-3,Dew Point,CURRENT,°C,9.495911561217959
2026-09-26T03:40:00+00:00,22447761-1,Temperature,CURRENT,°C,12.138037109374999
2026-09-26T03:40:00+00:00,22447761-2,RH,CURRENT,%,83.071641107805
2026-09-26T03:40:00+00:00,22447761-3,Dew Point,CURRENT,°C,9.36357410602507
2026-09-26T03:40:00+00:00,22447762-1,Temperature,CURRENT,°C,12.245288085937496
2026-09-26T03:40:00+00:00,22447762-2,RH,CURRENT,%,82.52536812390326
2026-09-26T03:40:00+00:00,22447762-3,Dew Point,CURRENT,°C,9.370463590164247
2026-09-26T03:40:00+00:00,22447764-1,Temperature,CURRENT,°C,12.159487304687495
2026-09-26T03:40:00+00:00,22447764-2,RH,CURRENT,%,83.54314488441291
2026-09-26T03:40:00+00:00,22447764-3,Dew Point,CURRENT,°C,9.46878289033284
2026-09-26T03:40:00+00:00,22447765-1,Temperature,CURRENT,°C,12.223837890625
2026-09-26T03:40:00+00:00,22447765-2,RH,CURRENT,%,82.82444495307851
2026-09-26T03:40:00+00:00,22447765-3,Dew Point,CURRENT,°C,9.403268768703803
2026-09-26T03:40:00+00:00,22447766-1,Temperature,CURRENT,°C,12.288188476562496
2026-09-26T03:40:00+00:00,22447766-2,RH,CURRENT,%,82.69474326695659
2026-09-26T03:40:00+00:00,22447766-3,Dew Point,CURRENT,°C,9.44294734238078
2026-09-26T03:45:00+00:00,22407254-1,Temperature,CURRENT,°C,12.052236328124998
2026-09-26T03:45:00+00:00,22407254-2,RH,CURRENT,%,82.39719233997101
2026-09-26T03:45:00+00:00,22407254-3,Dew Point,CURRENT,°C,9.158469726280163
2026-09-26T03:45:00+00:00,22411189-1,Temperature,CURRENT,°C,12.052236328124998
2026-09-26T03:45:00+00:00,22411189-2,RH,CURRENT,%,88.76020447089341
2026-09-26T03:45:00+00:00,22411189-3,Dew Point,CURRENT,°C,10.267688161699187
2026-09-26T03:45:00+00:00,22411190-1,Temperature,CURRENT,°C,12.159487304687495
2026-09-26T03:45:00+00:00,22411190-2,RH,CURRENT,%,85.72060730907148
2026-09-26T03:45:00+00:00,22411190-3,Dew Point,CURRENT,°C,9.852293970944508
2026-09-26T03:45:00+00:00,22411191-1,Temperature,CURRENT,°C,12.309638671875
2026-09-26T03:45:00+00:00,22411191-2,RH,CURRENT,%,86.99473563744564
2026-09-26T03:45:00+00:00,22411191-3,Dew Point,CURRENT,°C,10.220619462703826
2026-09-26T03:45:00+00:00,22411525-1,Temperature,CURRENT,°C,12.309638671875
2026-09-26T03:45:00+00:00,22411525-2,RH,CURRENT,%,84.99885557335774
2026-09-26T03:45:00+00:00,22411525-3,Dew Point,CURRENT,°C,9.873590826879338
2026-09-26T03:45:00+00:00,22411526-1,Temperature,CURRENT,°C,11.923535156249997
2026-09-26T03:45:00+00:00,22411526-2,RH,CURRENT,%,87.46623941405356
2026-09-26T03:45:00+00:00,22411526-3,Dew Point,CURRENT,°C,9.92108471942279
2026-09-26T03:45:00+00:00,22411527-1,Temperature,CURRENT,°C,12.3525390625
2026-09-26T03:45:00+00:00,22411527-2,RH,CURRENT,%,85.1667048142214
2026-09-26T03:45:00+00:00,22411527-3,Dew Point,CURRENT,°C,9.945190256185509
2026-09-26T03:45:00+00:00,22411528-1,Temperature,CURRENT,°C,11.7304833984375
2026-09-26T03:45:00+00:00,22411528-2,RH,CURRENT,%,89.77187762264438
2026-09-26T03:45:00+00:00,22411528-3,Dew Point,CURRENT,°C,10.119480810858407
2026-09-26T03:45:00+00:00,22411529-1,Temperature,CURRENT,°C,11.301479492187497
2026-09-26T03:45:00+00:00,22411529-2,RH,CURRENT,%,91.47173266193637
2026-09-26T03:45:00+00:00,22411529-3,Dew Point,CURRENT,°C,9.975356314262292
2026-09-26T03:45:00+00:00,22411530-1,Temperature,CURRENT,°C,12.245288085937496
2026-09-26T03:45:00+00:00,22411530-2,RH,CURRENT,%,85.61989776455329
2026-09-26T03:45:00+00:00,22411530-3,Dew Point,CURRENT,°C,9.919082357466625
2026-09-26T03:45:00+00:00,22411541-S,Battery,CURRENT,V,8.419237792968751
2026-09-26T03:45:00+00:00,22447758-1,Temperature,CURRENT,°C,12.138037109374999
2026-09-26T03:45:00+00:00,22447758-2,RH,CURRENT,%,83.07927061875334
2026-09-26T03:45:00+00:00,22447758-3,Dew Point,CURRENT,°C,9.364939696535014
2026-09-26T03:45:00+00:00,22447759-1,Temperature,CURRENT,°C,12.159487304687495
2026-09-26T03:45:00+00:00,22447759-2,RH,CURRENT,%,83.25474937056535
2026-09-26T03:45:00+00:00,22447759-3,Dew Point,CURRENT,°C,9.417330936521777
2026-09-26T03:45:00+00:00,22447760-1,Temperature,CURRENT,°C,12.159487304687495
2026-09-26T03:45:00+00:00,22447760-2,RH,CURRENT,%,83.60723277637904
2026-09-26T03:45:00+00:00,22447760-3,Dew Point,CURRENT,°C,9.48019543824802
2026-09-26T03:45:00+00:00,22447761-1,Temperature,CURRENT,°C,12.073686523437502
2026-09-26T03:45:00+00:00,22447761-2,RH,CURRENT,%,83.28068970778973
2026-09-26T03:45:00+00:00,22447761-3,Dew Point,CURRENT,°C,9.337909649858586
2026-09-26T03:45:00+00:00,22447762-1,Temperature,CURRENT,°C,12.180937499999999
2026-09-26T03:45:00+00:00,22447762-2,RH,CURRENT,%,82.7496757457847
2026-09-26T03:45:00+00:00,22447762-3,Dew Point,CURRENT,°C,9.347840698056961
2026-09-26T03:45:00+00:00,22447764-1,Temperature,CURRENT,°C,12.009335937499998
2026-09-26T03:45:00+00:00,22447764-2,RH,CURRENT,%,84.01922636758984
2026-09-26T03:45:00+00:00,22447764-3,Dew Point,CURRENT,°C,9.406124379460822
2026-09-26T03:45:00+00:00,22447765-1,Temperature,CURRENT,°C,12.095136718749998
2026-09-26T03:45:00+00:00,22447765-2,RH,CURRENT,%,83.15861753261616
2026-09-26T03:45:00+00:00,22447765-3,Dew Point,CURRENT,°C,9.337114896940278
2026-09-26T03:45:00+00:00,22447766-1,Temperature,CURRENT,°C,12.159487304687495
2026-09-26T03:45:00+00:00,22447766-2,RH,CURRENT,%,83.14793621728847
2026-09-26T03:45:00+00:00,22447766-3,Dew Point,CURRENT,°C,9.398234866860491
2026-09-26T03:50:00+00:00,22407254-1,Temperature,CURRENT,°C,12.009335937499998
2026-09-26T03:50:00+00:00,22407254-2,RH,CURRENT,%,82.80918593118182
2026-09-26T03:50:00+00:00,22407254-3,Dew Point,CURRENT,°C,9.190532644854844
2026-09-26T03:50:00+00:00,22411189-1,Temperature,CURRENT,°C,11.987885742187501
2026-09-26T03:50:00+00:00,22411189-2,RH,CURRENT,%,89.38735027084763
2026-09-26T03:50:00+00:00,22411189-3,Dew Point,CURRENT,°C,10.309610394929845
2026-09-26T03:50:00+00:00,22411190-1,Temperature,CURRENT,°C,12.095136718749998
2026-09-26T03:50:00+00:00,22411190-2,RH,CURRENT,%,86.29739833676662
2026-09-26T03:50:00+00:00,22411190-3,Dew Point,CURRENT,°C,9.889134037583535
2026-09-26T03:50:00+00:00,22411191-1,Temperature,CURRENT,°C,12.288188476562496
2026-09-26T03:50:00+00:00,22411191-2,RH,CURRENT,%,87.52574959945068
2026-09-26T03:50:00+00:00,22411191-3,Dew Point,CURRENT,°C,10.290628592379603
2026-09-26T03:50:00+00:00,22411525-1,Temperature,CURRENT,°C,12.288188476562496
2026-09-26T03:50:00+00:00,22411525-2,RH,CURRENT,%,85.4383154039826
2026-09-26T03:50:00+00:00,22411525-3,Dew Point,CURRENT,°C,9.929532837978314
2026-09-26T03:50:00+00:00,22411526-1,Temperature,CURRENT,°C,11.8591845703125
2026-09-26T03:50:00+00:00,22411526-2,RH,CURRENT,%,87.99114976729992
2026-09-26T03:50:00+00:00,22411526-3,Dew Point,CURRENT,°C,9.947025756507683
2026-09-26T03:50:00+00:00,22411527-1,Temperature,CURRENT,°C,12.373989257812497
2026-09-26T03:50:00+00:00,22411527-2,RH,CURRENT,%,85.4886701762417
2026-09-26T03:50:00+00:00,22411527-3,Dew Point,CURRENT,°C,10.022654011534017
2026-09-26T03:50:00+00:00,22411528-1,Temperature,CURRENT,°C,11.666132812499995
2026-09-26T03:50:00+00:00,22411528-2,RH,CURRENT,%,90.27695124742505
2026-09-26T03:50:00+00:00,22411528-3,Dew Point,CURRENT,°C,10.139784535157409
2026-09-26T03:50:00+00:00,22411529-1,Temperature,CURRENT,°C,11.258579101562496
2026-09-26T03:50:00+00:00,22411529-2,RH,CURRENT,%,91.8318455786984
2026-09-26T03:50:00+00:00,22411529-3,Dew Point,CURRENT,°C,9.99155587866913
2026-09-26T03:50:00+00:00,22411530-1,Temperature,CURRENT,°C,12.202387695312495
2026-09-26T03:50:00+00:00,22411530-2,RH,CURRENT,%,86.19668879224842
2026-09-26T03:50:00+00:00,22411530-3,Dew Point,CURRENT,°C,9.977204440122955
2026-09-26T03:50:00+00:00,22411541-S,Battery,CURRENT,V,8.419237792968751
2026-09-26T03:50:00+00:00,22447758-1,Temperature,CURRENT,°C,12.095136718749998
2026-09-26T03:50:00+00:00,22447758-2,RH,CURRENT,%,83.52483405813688
2026-09-26T03:50:00+00:00,22447758-3,Dew Point,CURRENT,°C,9.402456848250383
2026-09-26T03:50:00+00:00,22447759-1,Temperature,CURRENT,°C,12.138037109374999
2026-09-26T03:50:00+00:00,22447759-2,RH,CURRENT,%,83.66216525520714
2026-09-26T03:50:00+00:00,22447759-3,Dew Point,CURRENT,°C,9.468946079963409
2026-09-26T03:50:00+00:00,22447760-1,Temperature,CURRENT,°C,12.116586914062495
2026-09-26T03:50:00+00:00,22447760-2,RH,CURRENT,%,84.04058899824521
2026-09-26T03:50:00+00:00,22447760-3,Dew Point,CURRENT,°C,9.515090959676062
2026-09-26T03:50:00+00:00,22447761-1,Temperature,CURRENT,°C,12.030786132812501
2026-09-26T03:50:00+00:00,22447761-2,RH,CURRENT,%,83.71099412527657
2026-09-26T03:50:00+00:00,22447761-3,Dew Point,CURRENT,°C,9.372494627012717
2026-09-26T03:50:00+00:00,22447762-1,Temperature,CURRENT,°C,12.138037109374999
2026-09-26T03:50:00+00:00,22447762-2,RH,CURRENT,%,83.1815060654612
2026-09-26T03:50:00+00:00,22447762-3,Dew Point,CURRENT,°C,9.383227974470593
2026-09-26T03:50:00+00:00,22447764-1,Temperature,CURRENT,°C,12.009335937499998
2026-09-26T03:50:00+00:00,22447764-2,RH,CURRENT,%,84.31525139238575
2026-09-26T03:50:00+00:00,22447764-3,Dew Point,CURRENT,°C,9.458450850873339
2026-09-26T03:50:00+00:00,22447765-1,Temperature,CURRENT,°C,12.073686523437502
2026-09-26T03:50:00+00:00,22447765-2,RH,CURRENT,%,83.62554360265507
2026-09-26T03:50:00+00:00,22447765-3,Dew Point,CURRENT,°C,9.399357273853697
2026-09-26T03:50:00+00:00,22447766-1,Temperature,CURRENT,°C,12.138037109374999
2026-09-26T03:50:00+00:00,22447766-2,RH,CURRENT,%,83.44243533989471
2026-09-26T03:50:00+00:00,22447766-3,Dew Point,CURRENT,°C,9.429814556256707
2026-09-26T03:55:00+00:00,22407254-1,Temperature,CURRENT,°C,12.009335937499998
2026-09-26T03:55:00+00:00,22407254-2,RH,CURRENT,%,83.55077439536126
2026-09-26T03:55:00+00:00,22407254-3,Dew Point,CURRENT,°C,9.322986778722123
2026-09-26T03:55:00+00:00,22411189-1,Temperature,CURRENT,°C,12.030786132812501
2026-09-26T03:55:00+00:00,22411189-2,RH,CURRENT,%,89.8313878080415
2026-09-26T03:55:00+00:00,22411189-3,Dew Point,CURRENT,°C,10.426293731569244
2026-09-26T03:55:00+00:00,22411190-1,Temperature,CURRENT,°C,12.138037109374999
2026-09-26T03:55:00+00:00,22411190-2,RH,CURRENT,%,86.62851911192493
2026-09-26T03:55:00+00:00,22411190-3,Dew Point,CURRENT,°C,9.98856210213101
2026-09-26T03:55:00+00:00,22411191-1,Temperature,CURRENT,°C,12.309638671875
2026-09-26T03:55:00+00:00,22411191-2,RH,CURRENT,%,87.83703364614328
2026-09-26T03:55:00+00:00,22411191-3,Dew Point,CURRENT,°C,10.364975036430623
2026-09-26T03:55:00+00:00,22411525-1,Temperature,CURRENT,°C,12.331088867187496
2026-09-26T03:55:00+00:00,22411525-2,RH,CURRENT,%,85.73891813534752
2026-09-26T03:55:00+00:00,22411525-3,Dew Point,CURRENT,°C,10.024182431753168
2026-09-26T03:55:00+00:00,22411526-1,Temperature,CURRENT,°C,11.9020849609375
2026-09-26T03:55:00+00:00,22411526-2,RH,CURRENT,%,88.51911192492561
2026-09-26T03:55:00+00:00,22411526-3,Dew Point,CURRENT,°C,10.078769915715966
2026-09-26T03:55:00+00:00,22411527-1,Temperature,CURRENT,°C,12.416889648437497
2026-09-26T03:55:00+00:00,22411527-2,RH,CURRENT,%,85.82131685358968
2026-09-26T03:55:00+00:00,22411527-3,Dew Point,CURRENT,°C,10.12290195592868
2026-09-26T03:55:00+00:00,22411528-1,Temperature,CURRENT,°C,11.6875830078125
2026-09-26T03:55:00+00:00,22411528-2,RH,CURRENT,%,90.75761043717098
2026-09-26T03:55:00+00:00,22411528-3,Dew Point,CURRENT,°C,10.240499337250395
2026-09-26T03:55:00+00:00,22411529-1,Temperature,CURRENT,°C,11.258579101562496
2026-09-26T03:55:00+00:00,22411529-2,RH,CURRENT,%,92.44220645456626
2026-09-26T03:55:00+00:00,22411529-3,Dew Point,CURRENT,°C,10.09059956489483
2026-09-26T03:55:00+00:00,22411530-1,Temperature,CURRENT,°C,12.245288085937496
2026-09-26T03:55:00+00:00,22411530-2,RH,CURRENT,%,86.52323186083773
2026-09-26T03:55:00+00:00,22411530-3,Dew Point,CURRENT,°C,10.075942505153044
2026-09-26T03:55:00+00:00,22411541-S,Battery,CURRENT,V,8.419237792968751
2026-09-26T03:55:00+00:00,22447758-1,Temperature,CURRENT,°C,12.095136718749998
2026-09-26T03:55:00+00:00,22447758-2,RH,CURRENT,%,84.2572671091783
2026-09-26T03:55:00+00:00,22447758-3,Dew Point,CURRENT,°C,9.532388263516403
2026-09-26T03:55:00+00:00,22447759-1,Temperature,CURRENT,°C,12.159487304687495
2026-09-26T03:55:00+00:00,22447759-2,RH,CURRENT,%,84.28473334859235
2026-09-26T03:55:00+00:00,22447759-3,Dew Point,CURRENT,°C,9.600374063332994
2026-09-26T03:55:00+00:00,22447760-1,Temperature,CURRENT,°C,12.116586914062495
2026-09-26T03:55:00+00:00,22447760-2,RH,CURRENT,%,84.75928892957961
2026-09-26T03:55:00+00:00,22447760-3,Dew Point,CURRENT,°C,9.641931330533616
2026-09-26T03:55:00+00:00,22447761-1,Temperature,CURRENT,°C,12.030786132812501
2026-09-26T03:55:00+00:00,22447761-2,RH,CURRENT,%,84.50446326390478
2026-09-26T03:55:00+00:00,22447761-3,Dew Point,CURRENT,°C,9.51286307645395
2026-09-26T03:55:00+00:00,22447762-1,Temperature,CURRENT,°C,12.180937499999999
2026-09-26T03:55:00+00:00,22447762-2,RH,CURRENT,%,83.78423743038071
2026-09-26T03:55:00+00:00,22447762-3,Dew Point,CURRENT,°C,9.532704955485384
2026-09-26T03:55:00+00:00,22447764-1,Temperature,CURRENT,°C,12.030786132812501
2026-09-26T03:55:00+00:00,22447764-2,RH,CURRENT,%,84.94392309452964
2026-09-26T03:55:00+00:00,22447764-3,Dew Point,CURRENT,°C,9.590107512340126
2026-09-26T03:55:00+00:00,22447765-1,Temperature,CURRENT,°C,12.116586914062495
2026-09-26T03:55:00+00:00,22447765-2,RH,CURRENT,%,84.27557793545434
2026-09-26T03:55:00+00:00,22447765-3,Dew Point,CURRENT,°C,9.55666780511902
2026-09-26T03:55:00+00:00,22447766-1,Temperature,CURRENT,°C,12.180937499999999
2026-09-26T03:55:00+00:00,22447766-2,RH,CURRENT,%,84.0314335851072
2026-09-26T03:55:00+00:00,22447766-3,Dew Point,CURRENT,°C,9.576578739477714
2026-09-26T04:00:00+00:00,22407254-1,Temperature,CURRENT,°C,11.923535156249997
2026-09-26T04:00:00+00:00,22407254-2,RH,CURRENT,%,84.0863660639353
2026-09-26T04:00:00+00:00,22407254-3,Dew Point,CURRENT,°C,9.333852224466012
2026-09-26T04:00:00+00:00,22411189-1,Temperature,CURRENT,°C,12.030786132812501
2026-09-26T04:00:00+00:00,22411189-2,RH,CURRENT,%,90.13809414816511
2026-09-26T04:00:00+00:00,22411189-3,Dew Point,CURRENT,°C,10.477422583840726
2026-09-26T04:00:00+00:00,22411190-1,Temperature,CURRENT,°C,12.116586914062495
2026-09-26T04:00:00+00:00,22411190-2,RH,CURRENT,%,87.02067597467003
2026-09-26T04:00:00+00:00,22411190-3,Dew Point,CURRENT,°C,10.034955442938893
2026-09-26T04:00:00+00:00,22411191-1,Temperature,CURRENT,°C,12.245288085937496
2026-09-26T04:00:00+00:00,22411191-2,RH,CURRENT,%,88.39856565194171
2026-09-26T04:00:00+00:00,22411191-3,Dew Point,CURRENT,°C,10.397041308734048
2026-09-26T04:00:00+00:00,22411525-1,Temperature,CURRENT,°C,12.26673828125
2026-09-26T04:00:00+00:00,22411525-2,RH,CURRENT,%,86.21499961852446
2026-09-26T04:00:00+00:00,22411525-3,Dew Point,CURRENT,°C,10.043683379387842
2026-09-26T04:00:00+00:00,22411526-1,Temperature,CURRENT,°C,11.9020849609375
2026-09-26T04:00:00+00:00,22411526-2,RH,CURRENT,%,88.67933165484092
2026-09-26T04:00:00+00:00,22411526-3,Dew Point,CURRENT,°C,10.105818122622429
2026-09-26T04:00:00+00:00,22411527-1,Temperature,CURRENT,°C,12.331088867187496
2026-09-26T04:00:00+00:00,22411527-2,RH,CURRENT,%,86.32944228274968
2026-09-26T04:00:00+00:00,22411527-3,Dew Point,CURRENT,°C,10.12683309379205
2026-09-26T04:00:00+00:00,22411528-1,Temperature,CURRENT,°C,11.7304833984375
2026-09-26T04:00:00+00:00,22411528-2,RH,CURRENT,%,90.84306095979248
2026-09-26T04:00:00+00:00,22411528-3,Dew Point,CURRENT,°C,10.297064835386298
2026-09-26T04:00:00+00:00,22411529-1,Temperature,CURRENT,°C,11.344379882812497
2026-09-26T04:00:00+00:00,22411529-2,RH,CURRENT,%,92.36438544289311
2026-09-26T04:00:00+00:00,22411529-3,Dew Point,CURRENT,°C,10.16311927287702
2026-09-26T04:00:00+00:00,22411530-1,Temperature,CURRENT,°C,12.202387695312495
2026-09-26T04:00:00+00:00,22411530-2,RH,CURRENT,%,87.06187533379111
2026-09-26T04:00:00+00:00,22411530-3,Dew Point,CURRENT,°C,10.126538605923452
2026-09-26T04:00:00+00:00,22411541-S,Battery,CURRENT,V,8.416007080078126
2026-09-26T04:00:00+00:00,22447758-1,Temperature,CURRENT,°C,12.009335937499998
2026-09-26T04:00:00+00:00,22447758-2,RH,CURRENT,%,84.76386663614862
2026-09-26T04:00:00+00:00,22447758-3,Dew Point,CURRENT,°C,9.537442550226194
2026-09-26T04:00:00+00:00,22447759-1,Temperature,CURRENT,°C,12.052236328124998
2026-09-26T04:00:00+00:00,22447759-2,RH,CURRENT,%,84.86610208285649
2026-09-26T04:00:00+00:00,22447759-3,Dew Point,CURRENT,°C,9.59751628327091
2026-09-26T04:00:00+00:00,22447760-1,Temperature,CURRENT,°C,11.987885742187501
2026-09-26T04:00:00+00:00,22447760-2,RH,CURRENT,%,85.34065766384374
2026-09-26T04:00:00+00:00,22447760-3,Dew Point,CURRENT,°C,9.61738871297931
2026-09-26T04:00:00+00:00,22447761-1,Temperature,CURRENT,°C,11.880634765624997
2026-09-26T04:00:00+00:00,22447761-2,RH,CURRENT,%,85.04921034561684
2026-09-26T04:00:00+00:00,22447761-3,Dew Point,CURRENT,°C,9.461089737655273
2026-09-26T04:00:00+00:00,22447762-1,Temperature,CURRENT,°C,12.030786132812501
2026-09-26T04:00:00+00:00,22447762-2,RH,CURRENT,%,84.43884946974899
2026-09-26T04:00:00+00:00,22447762-3,Dew Point,CURRENT,°C,9.501299753375378
2026-09-26T04:00:00+00:00,22447764-1,Temperature,CURRENT,°C,11.966435546874997
2026-09-26T04:00:00+00:00,22447764-2,RH,CURRENT,%,85.41542687113756
2026-09-26T04:00:00+00:00,22447764-3,Dew Point,CURRENT,°C,9.60935965289792
2026-09-26T04:00:00+00:00,22447765-1,Temperature,CURRENT,°C,12.030786132812501
2026-09-26T04:00:00+00:00,22447765-2,RH,CURRENT,%,84.61890592813
2026-09-26T04:00:00+00:00,22447765-3,Dew Point,CURRENT,°C,9.533012777521451
2026-09-26T04:00:00+00:00,22447766-1,Temperature,CURRENT,°C,12.073686523437502
2026-09-26T04:00:00+00:00,22447766-2,RH,CURRENT,%,84.58228427557793
2026-09-26T04:00:00+00:00,22447766-3,Dew Point,CURRENT,°C,9.568674097091732
2026-09-26T04:05:00+00:00,22407254-1,Temperature,CURRENT,°C,11.8591845703125
2026-09-26T04:05:00+00:00,22407254-2,RH,CURRENT,%,84.55481803616388
2026-09-26T04:05:00+00:00,22407254-3,Dew Point,CURRENT,°C,9.353310557243361
2026-09-26T04:05:00+00:00,22411189-1,Temperature,CURRENT,°C,11.923535156249997
2026-09-26T04:05:00+00:00,22411189-2,RH,CURRENT,%,90.6965743495842
2026-09-26T04:05:00+00:00,22411189-3,Dew Point,CURRENT,°C,10.463973821047883
2026-09-26T04:05:00+00:00,22411190-1,Temperature,CURRENT,°C,12.009335937499998
2026-09-26T04:05:00+00:00,22411190-2,RH,CURRENT,%,87.70275425345235
2026-09-26T04:05:00+00:00,22411190-3,Dew Point,CURRENT,°C,10.046008820317196
2026-09-26T04:05:00+00:00,22411191-1,Temperature,CURRENT,°C,12.159487304687495
2026-09-26T04:05:00+00:00,22411191-2,RH,CURRENT,%,89.04859998474097
2026-09-26T04:05:00+00:00,22411191-3,Dew Point,CURRENT,°C,10.422207827342495
2026-09-26T04:05:00+00:00,22411525-1,Temperature,CURRENT,°C,12.180937499999999
2026-09-26T04:05:00+00:00,22411525-2,RH,CURRENT,%,86.89707789730679
2026-09-26T04:05:00+00:00,22411525-3,Dew Point,CURRENT,°C,10.07707316812838
2026-09-26T04:05:00+00:00,22411526-1,Temperature,CURRENT,°C,11.837734374999997
2026-09-26T04:05:00+00:00,22411526-2,RH,CURRENT,%,89.19661249713893
2026-09-26T04:05:00+00:00,22411526-3,Dew Point,CURRENT,°C,10.129286201418644
2026-09-26T04:05:00+00:00,22411527-1,Temperature,CURRENT,°C,12.223837890625
2026-09-26T04:05:00+00:00,22411527-2,RH,CURRENT,%,87.00846875715267
2026-09-26T04:05:00+00:00,22411527-3,Dew Point,CURRENT,°C,10.138483302324378
2026-09-26T04:05:00+00:00,22411528-1,Temperature,CURRENT,°C,11.644682617187499
2026-09-26T04:05:00+00:00,22411528-2,RH,CURRENT,%,91.34660868238346
2026-09-26T04:05:00+00:00,22411528-3,Dew Point,CURRENT,°C,10.294908643574354
2026-09-26T04:05:00+00:00,22411529-1,Temperature,CURRENT,°C,11.301479492187497
2026-09-26T04:05:00+00:00,22411529-2,RH,CURRENT,%,92.73365377279316
2026-09-26T04:05:00+00:00,22411529-3,Dew Point,CURRENT,°C,10.180268651495687
2026-09-26T04:05:00+00:00,22411530-1,Temperature,CURRENT,°C,12.095136718749998
2026-09-26T04:05:00+00:00,22411530-2,RH,CURRENT,%,87.66308079652094
2026-09-26T04:05:00+00:00,22411530-3,Dew Point,CURRENT,°C,10.123821217548459
2026-09-26T04:05:00+00:00,22411541-S,Battery,CURRENT,V,8.4127763671875
2026-09-26T04:05:00+00:00,22447758-1,Temperature,CURRENT,°C,11.9449853515625
2026-09-26T04:05:00+00:00,22447758-2,RH,CURRENT,%,85.19111924925612
2026-09-26T04:05:00+00:00,22447758-3,Dew Point,CURRENT,°C,9.549116722113622
2026-09-26T04:05:00+00:00,22447759-1,Temperature,CURRENT,°C,11.966435546874997
2026-09-26T04:05:00+00:00,22447759-2,RH,CURRENT,%,85.36964980544747
2026-09-26T04:05:00+00:00,22447759-3,Dew Point,CURRENT,°C,9.601372871450378
2026-09-26T04:05:00+00:00,22447760-1,Temperature,CURRENT,°C,11.923535156249997
2026-09-26T04:05:00+00:00,22447760-2,RH,CURRENT,%,85.79079880979629
2026-09-26T04:05:00+00:00,22447760-3,Dew Point,CURRENT,°C,9.632530632960574
2026-09-26T04:05:00+00:00,22447761-1,Temperature,CURRENT,°C,11.837734374999997
2026-09-26T04:05:00+00:00,22447761-2,RH,CURRENT,%,85.3879606317235
2026-09-26T04:05:00+00:00,22447761-3,Dew Point,CURRENT,°C,9.478102353501159
2026-09-26T04:05:00+00:00,22447762-1,Temperature,CURRENT,°C,11.9449853515625
2026-09-26T04:05:00+00:00,22447762-2,RH,CURRENT,%,84.92103456168459
2026-09-26T04:05:00+00:00,22447762-3,Dew Point,CURRENT,°C,9.501838829717988
2026-09-26T04:05:00+00:00,22447764-1,Temperature,CURRENT,°C,11.8591845703125
2026-09-26T04:05:00+00:00,22447764-2,RH,CURRENT,%,86.03341725795377
2026-09-26T04:05:00+00:00,22447764-3,Dew Point,CURRENT,°C,9.611330718945059
2026-09-26T04:05:00+00:00,22447765-1,Temperature,CURRENT,°C,11.923535156249997
2026-09-26T04:05:00+00:00,22447765-2,RH,CURRENT,%,85.28572518501564
2026-09-26T04:05:00+00:00,22447765-3,Dew Point,CURRENT,°C,9.544571646066226
2026-09-26T04:05:00+00:00,22447766-1,Temperature,CURRENT,°C,11.966435546874997
2026-09-26T04:05:00+00:00,22447766-2,RH,CURRENT,%,85.27199206530861
2026-09-26T04:05:00+00:00,22447766-3,Dew Point,CURRENT,°C,9.584321807469815
2026-09-26T04:10:00+00:00,22407254-1,Temperature,CURRENT,°C,11.9020849609375
2026-09-26T04:10:00+00:00,22407254-2,RH,CURRENT,%,85.05378805218585
2026-09-26T04:10:00+00:00,22407254-3,Dew Point,CURRENT,°C,9.482958364850816
2026-09-26T04:10:00+00:00,22411189-1,Temperature,CURRENT,°C,12.009335937499998
2026-09-26T04:10:00+00:00,22411189-2,RH,CURRENT,%,91.1284046692607
2026-09-26T04:10:00+00:00,22411189-3,Dew Point,CURRENT,°C,10.620228964924687
2026-09-26T04:10:00+00:00,22411190-1,Temperature,CURRENT,°C,12.095136718749998
2026-09-26T04:10:00+00:00,22411190-2,RH,CURRENT,%,88.04303044174868
2026-09-26T04:10:00+00:00,22411190-3,Dew Point,CURRENT,°C,10.188542339014232
2026-09-26T04:10:00+00:00,22411191-1,Temperature,CURRENT,°C,12.26673828125
2026-09-26T04:10:00+00:00,22411191-2,RH,CURRENT,%,89.41481651026169
2026-09-26T04:10:00+00:00,22411191-3,Dew Point,CURRENT,°C,10.589746684131905
2026-09-26T04:10:00+00:00,22411525-1,Temperature,CURRENT,°C,12.288188476562496
2026-09-26T04:10:00+00:00,22411525-2,RH,CURRENT,%,87.19157701991303
2026-09-26T04:10:00+00:00,22411525-3,Dew Point,CURRENT,°C,10.2333341848428
2026-09-26T04:10:00+00:00,22411526-1,Temperature,CURRENT,°C,11.880634765624997
2026-09-26T04:10:00+00:00,22411526-2,RH,CURRENT,%,89.76729991607537
2026-09-26T04:10:00+00:00,22411526-3,Dew Point,CURRENT,°C,10.267154902072997
2026-09-26T04:10:00+00:00,22411527-1,Temperature,CURRENT,°C,12.3525390625
2026-09-26T04:10:00+00:00,22411527-2,RH,CURRENT,%,87.26787212939651
2026-09-26T04:10:00+00:00,22411527-3,Dew Point,CURRENT,°C,10.309829364571538
2026-09-26T04:10:00+00:00,22411528-1,Temperature,CURRENT,°C,11.709033203124996
2026-09-26T04:10:00+00:00,22411528-2,RH,CURRENT,%,91.84557869840543
2026-09-26T04:10:00+00:00,22411528-3,Dew Point,CURRENT,°C,10.440341191092326
2026-09-26T04:10:00+00:00,22411529-1,Temperature,CURRENT,°C,11.344379882812497
2026-09-26T04:10:00+00:00,22411529-2,RH,CURRENT,%,93.19600213626306
2026-09-26T04:10:00+00:00,22411529-3,Dew Point,CURRENT,°C,10.297335936680742
2026-09-26T04:10:00+00:00,22411530-1,Temperature,CURRENT,°C,12.202387695312495
2026-09-26T04:10:00+00:00,22411530-2,RH,CURRENT,%,88.06134126802472
2026-09-26T04:10:00+00:00,22411530-3,Dew Point,CURRENT,°C,10.297434119853383
2026-09-26T04:10:00+00:00,22411541-S,Battery,CURRENT,V,8.4127763671875
2026-09-26T04:10:00+00:00,22447758-1,Temperature,CURRENT,°C,11.987885742187501
2026-09-26T04:10:00+00:00,22447758-2,RH,CURRENT,%,85.70382238498512
2026-09-26T04:10:00+00:00,22447758-3,Dew Point,CURRENT,°C,9.680676855048704
2026-09-26T04:10:00+00:00,22447759-1,Temperature,CURRENT,°C,12.030786132812501
2026-09-26T04:10:00+00:00,22447759-2,RH,CURRENT,%,85.81826504921034
2026-09-26T04:10:00+00:00,22447759-3,Dew Point,CURRENT,°C,9.742752153034402
2026-09-26T04:10:00+00:00,22447760-1,Temperature,CURRENT,°C,12.030786132812501
2026-09-26T04:10:00+00:00,22447760-2,RH,CURRENT,%,86.05172808422981
2026-09-26T04:10:00+00:00,22447760-3,Dew Point,CURRENT,°C,9.78327926085307
2026-09-26T04:10:00+00:00,22447761-1,Temperature,CURRENT,°C,11.9449853515625
2026-09-26T04:10:00+00:00,22447761-2,RH,CURRENT,%,85.78927290760662
2026-09-26T04:10:00+00:00,22447761-3,Dew Point,CURRENT,°C,9.653355055306394
2026-09-26T04:10:00+00:00,22447762-1,Temperature,CURRENT,°C,12.073686523437502
2026-09-26T04:10:00+00:00,22447762-2,RH,CURRENT,%,85.1667048142214
2026-09-26T04:10:00+00:00,22447762-3,Dew Point,CURRENT,°C,9.671273547036074
2026-09-26T04:10:00+00:00,22447764-1,Temperature,CURRENT,°C,11.9020849609375
2026-09-26T04:10:00+00:00,22447764-2,RH,CURRENT,%,86.54154268711376
2026-09-26T04:10:00+00:00,22447764-3,Dew Point,CURRENT,°C,9.74132365127
2026-09-26T04:10:00+00:00,22447765-1,Temperature,CURRENT,°C,11.966435546874997
2026-09-26T04:10:00+00:00,22447765-2,RH,CURRENT,%,85.81673914702067
2026-09-26T04:10:00+00:00,22447765-3,Dew Point,CURRENT,°C,9.679216395353787
2026-09-26T04:10:00+00:00,22447766-1,Temperature,CURRENT,°C,12.009335937499998
2026-09-26T04:10:00+00:00,22447766-2,RH,CURRENT,%,85.74349584191653
2026-09-26T04:10:00+00:00,22447766-3,Dew Point,CURRENT,°C,9.708664402810461
2026-09-26T04:15:00+00:00,22407254-1,Temperature,CURRENT,°C,11.8591845703125
2026-09-26T04:15:00+00:00,22407254-2,RH,CURRENT,%,85.47798886091401
2026-09-26T04:15:00+00:00,22407254-3,Dew Point,CURRENT,°C,9.514867473718994
2026-09-26T04:15:00+00:00,22411189-1,Temperature,CURRENT,°C,11.9449853515625
2026-09-26T04:15:00+00:00,22411189-2,RH,CURRENT,%,91.4198519874876
2026-09-26T04:15:00+00:00,22411189-3,Dew Point,CURRENT,°C,10.604446279647556
2026-09-26T04:15:00+00:00,22411190-1,Temperature,CURRENT,°C,12.052236328124998
2026-09-26T04:15:00+00:00,22411190-2,RH,CURRENT,%,88.26733806363012
2026-09-26T04:15:00+00:00,22411190-3,Dew Point,CURRENT,°C,10.184312304165724
2026-09-26T04:15:00+00:00,22411191-1,Temperature,CURRENT,°C,12.223837890625
2026-09-26T04:15:00+00:00,22411191-2,RH,CURRENT,%,89.60860608834973
2026-09-26T04:15:00+00:00,22411191-3,Dew Point,CURRENT,°C,10.579862533883565
2026-09-26T04:15:00+00:00,22411525-1,Temperature,CURRENT,°C,12.245288085937496
2026-09-26T04:15:00+00:00,22411525-2,RH,CURRENT,%,87.42046234836347
2026-09-26T04:15:00+00:00,22411525-3,Dew Point,CURRENT,°C,10.230323788543947
2026-09-26T04:15:00+00:00,22411526-1,Temperature,CURRENT,°C,11.837734374999997
2026-09-26T04:15:00+00:00,22411526-2,RH,CURRENT,%,90.083161669337
2026-09-26T04:15:00+00:00,22411526-3,Dew Point,CURRENT,°C,10.277349148436215
2026-09-26T04:15:00+00:00,22411527-1,Temperature,CURRENT,°C,12.309638671875
2026-09-26T04:15:00+00:00,22411527-2,RH,CURRENT,%,87.62645914396887
2026-09-26T04:15:00+00:00,22411527-3,Dew Point,CURRENT,°C,10.329000615533593
2026-09-26T04:15:00+00:00,22411528-1,Temperature,CURRENT,°C,11.644682617187499
2026-09-26T04:15:00+00:00,22411528-2,RH,CURRENT,%,92.19806210421912
2026-09-26T04:15:00+00:00,22411528-3,Dew Point,CURRENT,°C,10.433986480279115
2026-09-26T04:15:00+00:00,22411529-1,Temperature,CURRENT,°C,11.280029296875
2026-09-26T04:15:00+00:00,22411529-2,RH,CURRENT,%,93.47676813916227
2026-09-26T04:15:00+00:00,22411529-3,Dew Point,CURRENT,°C,10.278482592516097
2026-09-26T04:15:00+00:00,22411530-1,Temperature,CURRENT,°C,12.159487304687495
2026-09-26T04:15:00+00:00,22411530-2,RH,CURRENT,%,88.21545738918135
2026-09-26T04:15:00+00:00,22411530-3,Dew Point,CURRENT,°C,10.281313625130297
2026-09-26T04:15:00+00:00,22411541-S,Battery,CURRENT,V,8.409545654296876
2026-09-26T04:15:00+00:00,22447758-1,Temperature,CURRENT,°C,11.9449853515625
2026-09-26T04:15:00+00:00,22447758-2,RH,CURRENT,%,86.08377203021287
2026-09-26T04:15:00+00:00,22447758-3,Dew Point,CURRENT,°C,9.704441847671072
2026-09-26T04:15:00+00:00,22447759-1,Temperature,CURRENT,°C,11.987885742187501
2026-09-26T04:15:00+00:00,22447759-2,RH,CURRENT,%,86.1875333791104
2026-09-26T04:15:00+00:00,22447759-3,Dew Point,CURRENT,°C,9.764607123689371
2026-09-26T04:15:00+00:00,22447760-1,Temperature,CURRENT,°C,11.9449853515625
2026-09-26T04:15:00+00:00,22447760-2,RH,CURRENT,%,86.65140764476998
2026-09-26T04:15:00+00:00,22447760-3,Dew Point,CURRENT,°C,9.80247751838572
2026-09-26T04:15:00+00:00,22447761-1,Temperature,CURRENT,°C,11.837734374999997
2026-09-26T04:15:00+00:00,22447761-2,RH,CURRENT,%,86.34775310902572
2026-09-26T04:15:00+00:00,22447761-3,Dew Point,CURRENT,°C,9.644574010861604
2026-09-26T04:15:00+00:00,22447762-1,Temperature,CURRENT,°C,11.987885742187501
2026-09-26T04:15:00+00:00,22447762-2,RH,CURRENT,%,85.70840009155413
2026-09-26T04:15:00+00:00,22447762-3,Dew Point,CURRENT,°C,9.681473098342904
2026-09-26T04:15:00+00:00,22447764-1,Temperature,CURRENT,°C,11.8591845703125
2026-09-26T04:15:00+00:00,22447764-2,RH,CURRENT,%,86.91233691920348
2026-09-26T04:15:00+00:00,22447764-3,Dew Point,CURRENT,°C,9.76286250371694
2026-09-26T04:15:00+00:00,22447765-1,Temperature,CURRENT,°C,11.9449853515625
2026-09-26T04:15:00+00:00,22447765-2,RH,CURRENT,%,86.11581597619593
2026-09-26T04:15:00+00:00,22447765-3,Dew Point,CURRENT,°C,9.709991238246856
2026-09-26T04:15:00+00:00,22447766-1,Temperature,CURRENT,°C,11.987885742187501
2026-09-26T04:15:00+00:00,22447766-2,RH,CURRENT,%,86.05477988860915
2026-09-26T04:15:00+00:00,22447766-3,Dew Point,CURRENT,°C,9.74161396180805
2026-09-26T04:20:00+00:00,22407254-1,Temperature,CURRENT,°C,11.9020849609375
2026-09-26T04:20:00+00:00,22407254-2,RH,CURRENT,%,85.90371557183184
2026-09-26T04:20:00+00:00,22407254-3,Dew Point,CURRENT,°C,9.63103997540968
2026-09-26T04:20:00+00:00,22411189-1,Temperature,CURRENT,°C,11.966435546874997
2026-09-26T04:20:00+00:00,22411189-2,RH,CURRENT,%,92.04394598306249
2026-09-26T04:20:00+00:00,22411189-3,Dew Point,CURRENT,°C,10.727940393689721
2026-09-26T04:20:00+00:00,22411190-1,Temperature,CURRENT,°C,12.073686523437502
2026-09-26T04:20:00+00:00,22411190-2,RH,CURRENT,%,88.90821698329137
2026-09-26T04:20:00+00:00,22411190-3,Dew Point,CURRENT,°C,10.31382762285275
2026-09-26T04:20:00+00:00,22411191-1,Temperature,CURRENT,°C,12.245288085937496
2026-09-26T04:20:00+00:00,22411191-2,RH,CURRENT,%,90.33188372625315
2026-09-26T04:20:00+00:00,22411191-3,Dew Point,CURRENT,°C,10.721859073606455
2026-09-26T04:20:00+00:00,22411525-1,Temperature,CURRENT,°C,12.288188476562496
2026-09-26T04:20:00+00:00,22411525-2,RH,CURRENT,%,88.0827038986801
2026-09-26T04:20:00+00:00,22411525-3,Dew Point,CURRENT,°C,10.385693288827515
2026-09-26T04:20:00+00:00,22411526-1,Temperature,CURRENT,°C,11.8162841796875
2026-09-26T04:20:00+00:00,22411526-2,RH,CURRENT,%,90.66453040360113
2026-09-26T04:20:00+00:00,22411526-3,Dew Point,CURRENT,°C,10.352519031657476
2026-09-26T04:20:00+00:00,22411527-1,Temperature,CURRENT,°C,12.395439453125
2026-09-26T04:20:00+00:00,22411527-2,RH,CURRENT,%,88.11932555123217
2026-09-26T04:20:00+00:00,22411527-3,Dew Point,CURRENT,°C,10.497711632416305
2026-09-26T04:20:00+00:00,22411528-1,Temperature,CURRENT,°C,11.644682617187499
2026-09-26T04:20:00+00:00,22411528-2,RH,CURRENT,%,92.78553444724193
2026-09-26T04:20:00+00:00,22411528-3,Dew Point,CURRENT,°C,10.529288393617021
2026-09-26T04:20:00+00:00,22411529-1,Temperature,CURRENT,°C,11.23712890625
2026-09-26T04:20:00+00:00,22411529-2,RH,CURRENT,%,94.15884641794462
2026-09-26T04:20:00+00:00,22411529-3,Dew Point,CURRENT,°C,10.344780410366514
2026-09-26T04:20:00+00:00,22411530-1,Temperature,CURRENT,°C,12.159487304687495
2026-09-26T04:20:00+00:00,22411530-2,RH,CURRENT,%,88.84870679789425
2026-09-26T04:20:00+00:00,22411530-3,Dew Point,CURRENT,°C,10.388509544888581
2026-09-26T04:20:00+00:00,22411541-S,Battery,CURRENT,V,8.409545654296876
2026-09-26T04:20:00+00:00,22447758-1,Temperature,CURRENT,°C,11.987885742187501
2026-09-26T04:20:00+00:00,22447758-2,RH,CURRENT,%,86.58579385061418
2026-09-26T04:20:00+00:00,22447758-3,Dew Point,CURRENT,°C,9.833400219729242
2026-09-26T04:20:00+00:00,22447759-1,Temperature,CURRENT,°C,12.052236328124998
2026-09-26T04:20:00+00:00,22447759-2,RH,CURRENT,%,86.57206073090715
2026-09-26T04:20:00+00:00,22447759-3,Dew Point,CURRENT,°C,9.894370025791563
2026-09-26T04:20:00+00:00,22447760-1,Temperature,CURRENT,°C,11.966435546874997
2026-09-26T04:20:00+00:00,22447760-2,RH,CURRENT,%,87.06340123598078
2026-09-26T04:20:00+00:00,22447760-3,Dew Point,CURRENT,°C,9.894406298659574
2026-09-26T04:20:00+00:00,22447761-1,Temperature,CURRENT,°C,11.880634765624997
2026-09-26T04:20:00+00:00,22447761-2,RH,CURRENT,%,86.79179064621958
2026-09-26T04:20:00+00:00,22447761-3,Dew Point,CURRENT,°C,9.763278587199535
2026-09-26T04:20:00+00:00,22447762-1,Temperature,CURRENT,°C,12.030786132812501
2026-09-26T04:20:00+00:00,22447762-2,RH,CURRENT,%,86.15548943312734
2026-09-26T04:20:00+00:00,22447762-3,Dew Point,CURRENT,°C,9.801260278467604
2026-09-26T04:20:00+00:00,22447764-1,Temperature,CURRENT,°C,11.880634765624997
2026-09-26T04:20:00+00:00,22447764-2,RH,CURRENT,%,87.38231479362173
2026-09-26T04:20:00+00:00,22447764-3,Dew Point,CURRENT,°C,9.864474156970028
2026-09-26T04:20:00+00:00,22447765-1,Temperature,CURRENT,°C,11.966435546874997
2026-09-26T04:20:00+00:00,22447765-2,RH,CURRENT,%,86.52628366521706
2026-09-26T04:20:00+00:00,22447765-3,Dew Point,CURRENT,°C,9.802027332379483
2026-09-26T04:20:00+00:00,22447766-1,Temperature,CURRENT,°C,12.052236328124998
2026-09-26T04:20:00+00:00,22447766-2,RH,CURRENT,%,86.35690852216374
2026-09-26T04:20:00+00:00,22447766-3,Dew Point,CURRENT,°C,9.857216390482208
2026-09-26T04:25:00+00:00,22407254-1,Temperature,CURRENT,°C,12.116586914062495
2026-09-26T04:25:00+00:00,22407254-2,RH,CURRENT,%,85.43221179522392
2026-09-26T04:25:00+00:00,22407254-3,Dew Point,CURRENT,°C,9.759838124629328
2026-09-26T04:25:00+00:00,22411189-1,Temperature,CURRENT,°C,12.159487304687495
2026-09-26T04:25:00+00:00,22411189-2,RH,CURRENT,%,91.82421606775006
2026-09-26T04:25:00+00:00,22411189-3,Dew Point,CURRENT,°C,10.883381594631027
2026-09-26T04:25:00+00:00,22411190-1,Temperature,CURRENT,°C,12.26673828125
2026-09-26T04:25:00+00:00,22411190-2,RH,CURRENT,%,88.60608834973678
2026-09-26T04:25:00+00:00,22411190-3,Dew Point,CURRENT,°C,10.453376256942851
2026-09-26T04:25:00+00:00,22411191-1,Temperature,CURRENT,°C,12.459790039062497
2026-09-26T04:25:00+00:00,22411191-2,RH,CURRENT,%,89.94735637445639
2026-09-26T04:25:00+00:00,22411191-3,Dew Point,CURRENT,°C,10.869842704066434
2026-09-26T04:25:00+00:00,22411525-1,Temperature,CURRENT,°C,12.481240234375
2026-09-26T04:25:00+00:00,22411525-2,RH,CURRENT,%,87.65697718776227
2026-09-26T04:25:00+00:00,22411525-3,Dew Point,CURRENT,°C,10.503368503765714
2026-09-26T04:25:00+00:00,22411526-1,Temperature,CURRENT,°C,12.030786132812501
2026-09-26T04:25:00+00:00,22411526-2,RH,CURRENT,%,90.58365758754864
2026-09-26T04:25:00+00:00,22411526-3,Dew Point,CURRENT,°C,10.551427522400099
2026-09-26T04:25:00+00:00,22411527-1,Temperature,CURRENT,°C,12.545590820312498
2026-09-26T04:25:00+00:00,22411527-2,RH,CURRENT,%,87.7256427862974
2026-09-26T04:25:00+00:00,22411527-3,Dew Point,CURRENT,°C,10.57855664469191
2026-09-26T04:25:00+00:00,22411528-1,Temperature,CURRENT,°C,11.8591845703125
2026-09-26T04:25:00+00:00,22411528-2,RH,CURRENT,%,92.69245441367208
2026-09-26T04:25:00+00:00,22411528-3,Dew Point,CURRENT,°C,10.727100922313667
2026-09-26T04:25:00+00:00,22411529-1,Temperature,CURRENT,°C,11.40873046875
2026-09-26T04:25:00+00:00,22411529-2,RH,CURRENT,%,94.25803006027314
2026-09-26T04:25:00+00:00,22411529-3,Dew Point,CURRENT,°C,10.531209952692825
2026-09-26T04:25:00+00:00,22411530-1,Temperature,CURRENT,°C,12.395439453125
2026-09-26T04:25:00+00:00,22411530-2,RH,CURRENT,%,88.57862211032273
2026-09-26T04:25:00+00:00,22411530-3,Dew Point,CURRENT,°C,10.575748785264334
2026-09-26T04:25:00+00:00,22411541-S,Battery,CURRENT,V,8.403084228515626
2026-09-26T04:25:00+00:00,22447758-1,Temperature,CURRENT,°C,12.202387695312495
2026-09-26T04:25:00+00:00,22447758-2,RH,CURRENT,%,86.06546120393683
2026-09-26T04:25:00+00:00,22447758-3,Dew Point,CURRENT,°C,9.95443909702055
2026-09-26T04:25:00+00:00,22447759-1,Temperature,CURRENT,°C,12.245288085937496
2026-09-26T04:25:00+00:00,22447759-2,RH,CURRENT,%,86.16006713969635
2026-09-26T04:25:00+00:00,22447759-3,Dew Point,CURRENT,°C,10.013054377385972
2026-09-26T04:25:00+00:00,22447760-1,Temperature,CURRENT,°C,12.223837890625
2026-09-26T04:25:00+00:00,22447760-2,RH,CURRENT,%,86.494239719234
2026-09-26T04:25:00+00:00,22447760-3,Dew Point,CURRENT,°C,10.049820719325583
2026-09-26T04:25:00+00:00,22447761-1,Temperature,CURRENT,°C,12.138037109374999
2026-09-26T04:25:00+00:00,22447761-2,RH,CURRENT,%,86.23025864042116
2026-09-26T04:25:00+00:00,22447761-3,Dew Point,CURRENT,°C,9.919716787900757
2026-09-26T04:25:00+00:00,22447762-1,Temperature,CURRENT,°C,12.26673828125
2026-09-26T04:25:00+00:00,22447762-2,RH,CURRENT,%,85.60616464484626
2026-09-26T04:25:00+00:00,22447762-3,Dew Point,CURRENT,°C,9.937769980649641
2026-09-26T04:25:00+00:00,22447764-1,Temperature,CURRENT,°C,12.138037109374999
2026-09-26T04:25:00+00:00,22447764-2,RH,CURRENT,%,86.87876707103075
2026-09-26T04:25:00+00:00,22447764-3,Dew Point,CURRENT,°C,10.031678979857636
2026-09-26T04:25:00+00:00,22447765-1,Temperature,CURRENT,°C,12.180937499999999
2026-09-26T04:25:00+00:00,22447765-2,RH,CURRENT,%,86.22873273823149
2026-09-26T04:25:00+00:00,22447765-3,Dew Point,CURRENT,°C,9.96165671747725
2026-09-26T04:25:00+00:00,22447766-1,Temperature,CURRENT,°C,12.245288085937496
2026-09-26T04:25:00+00:00,22447766-2,RH,CURRENT,%,86.08834973678188
2026-09-26T04:25:00+00:00,22447766-3,Dew Point,CURRENT,°C,10.000607741508537
2026-09-26T04:30:00+00:00,22407254-1,Temperature,CURRENT,°C,12.073686523437502
2026-09-26T04:30:00+00:00,22407254-2,RH,CURRENT,%,86.12039368276494
2026-09-26T04:30:00+00:00,22407254-3,Dew Point,CURRENT,°C,9.837378766462855
2026-09-26T04:30:00+00:00,22411189-1,Temperature,CURRENT,°C,12.116586914062495
2026-09-26T04:30:00+00:00,22411189-2,RH,CURRENT,%,92.45593957427329
2026-09-26T04:30:00+00:00,22411189-3,Dew Point,CURRENT,°C,10.944067943792914
2026-09-26T04:30:00+00:00,22411190-1,Temperature,CURRENT,°C,12.223837890625
2026-09-26T04:30:00+00:00,22411190-2,RH,CURRENT,%,89.17372396429388
2026-09-26T04:30:00+00:00,22411190-3,Dew Point,CURRENT,°C,10.506831117457482
2026-09-26T04:30:00+00:00,22411191-1,Temperature,CURRENT,°C,12.395439453125
2026-09-26T04:30:00+00:00,22411191-2,RH,CURRENT,%,90.64316777294576
2026-09-26T04:30:00+00:00,22411191-3,Dew Point,CURRENT,°C,10.922193360621446
2026-09-26T04:30:00+00:00,22411525-1,Temperature,CURRENT,°C,12.416889648437497
2026-09-26T04:30:00+00:00,22411525-2,RH,CURRENT,%,88.46875715266651
2026-09-26T04:30:00+00:00,22411525-3,Dew Point,CURRENT,°C,10.578281767857888
2026-09-26T04:30:00+00:00,22411526-1,Temperature,CURRENT,°C,11.966435546874997
2026-09-26T04:30:00+00:00,22411526-2,RH,CURRENT,%,90.8674753948272
2026-09-26T04:30:00+00:00,22411526-3,Dew Point,CURRENT,°C,10.534692027198256
2026-09-26T04:30:00+00:00,22411527-1,Temperature,CURRENT,°C,12.502690429687497
2026-09-26T04:30:00+00:00,22411527-2,RH,CURRENT,%,88.5648889906157
2026-09-26T04:30:00+00:00,22411527-3,Dew Point,CURRENT,°C,10.679270519787396
2026-09-26T04:30:00+00:00,22411528-1,Temperature,CURRENT,°C,11.794833984374996
2026-09-26T04:30:00+00:00,22411528-2,RH,CURRENT,%,93.0632486457618
2026-09-26T04:30:00+00:00,22411528-3,Dew Point,CURRENT,°C,10.723241677525738
2026-09-26T04:30:00+00:00,22411529-1,Temperature,CURRENT,°C,11.387280273437497
2026-09-26T04:30:00+00:00,22411529-2,RH,CURRENT,%,94.31754024567026
2026-09-26T04:30:00+00:00,22411529-3,Dew Point,CURRENT,°C,10.519351399945217
2026-09-26T04:30:00+00:00,22411530-1,Temperature,CURRENT,°C,12.331088867187496
2026-09-26T04:30:00+00:00,22411530-2,RH,CURRENT,%,89.26985580224307
2026-09-26T04:30:00+00:00,22411530-3,Dew Point,CURRENT,°C,10.628954338283126
2026-09-26T04:30:00+00:00,22411541-S,Battery,CURRENT,V,8.403084228515626
2026-09-26T04:30:00+00:00,22447758-1,Temperature,CURRENT,°C,12.159487304687495
2026-09-26T04:30:00+00:00,22447758-2,RH,CURRENT,%,86.83451590753033
2026-09-26T04:30:00+00:00,22447758-3,Dew Point,CURRENT,°C,10.045182580413497
2026-09-26T04:30:00+00:00,22447759-1,Temperature,CURRENT,°C,12.202387695312495
2026-09-26T04:30:00+00:00,22447759-2,RH,CURRENT,%,86.88334477759976
2026-09-26T04:30:00+00:00,22447759-3,Dew Point,CURRENT,°C,10.095830806489712
2026-09-26T04:30:00+00:00,22447760-1,Temperature,CURRENT,°C,12.159487304687495
2026-09-26T04:30:00+00:00,22447760-2,RH,CURRENT,%,87.24956130312047
2026-09-26T04:30:00+00:00,22447760-3,Dew Point,CURRENT,°C,10.116497350104668
2026-09-26T04:30:00+00:00,22447761-1,Temperature,CURRENT,°C,12.073686523437502
2026-09-26T04:30:00+00:00,22447761-2,RH,CURRENT,%,86.8558785381857
2026-09-26T04:30:00+00:00,22447761-3,Dew Point,CURRENT,°C,9.964377920914849
2026-09-26T04:30:00+00:00,22447762-1,Temperature,CURRENT,°C,12.202387695312495
2026-09-26T04:30:00+00:00,22447762-2,RH,CURRENT,%,86.36758983749142
2026-09-26T04:30:00+00:00,22447762-3,Dew Point,CURRENT,°C,10.006806682907257
2026-09-26T04:30:00+00:00,22447764-1,Temperature,CURRENT,°C,12.095136718749998
2026-09-26T04:30:00+00:00,22447764-2,RH,CURRENT,%,87.56084534981308
2026-09-26T04:30:00+00:00,22447764-3,Dew Point,CURRENT,°C,10.106364188930204
2026-09-26T04:30:00+00:00,22447765-1,Temperature,CURRENT,°C,12.138037109374999
2026-09-26T04:30:00+00:00,22447765-2,RH,CURRENT,%,86.90318150606547
2026-09-26T04:30:00+00:00,22447765-3,Dew Point,CURRENT,°C,10.035879655545571
2026-09-26T04:30:00+00:00,22447766-1,Temperature,CURRENT,°C,12.202387695312495
2026-09-26T04:30:00+00:00,22447766-2,RH,CURRENT,%,86.85282673380637
2026-09-26T04:30:00+00:00,22447766-3,Dew Point,CURRENT,°C,10.090576058320814
2026-09-26T04:35:00+00:00,22407254-1,Temperature,CURRENT,°C,12.459790039062497
2026-09-26T04:35:00+00:00,22407254-2,RH,CURRENT,%,84.8050659952697
2026-09-26T04:35:00+00:00,22407254-3,Dew Point,CURRENT,°C,9.986931557851564
2026-09-26T04:35:00+00:00,22411189-1,Temperature,CURRENT,°C,12.502690429687497
2026-09-26T04:35:00+00:00,22411189-2,RH,CURRENT,%,90.98039215686275
2026-09-26T04:35:00+00:00,22411189-3,Dew Point,CURRENT,°C,11.084316982855434
2026-09-26T04:35:00+00:00,22411190-1,Temperature,CURRENT,°C,12.588491210937498
2026-09-26T04:35:00+00:00,22411190-2,RH,CURRENT,%,87.80498970016022
2026-09-26T04:35:00+00:00,22411190-3,Dew Point,CURRENT,°C,10.634428627090815
2026-09-26T04:35:00+00:00,22411191-1,Temperature,CURRENT,°C,12.7600927734375
2026-09-26T04:35:00+00:00,22411191-2,RH,CURRENT,%,89.15388723582818
2026-09-26T04:35:00+00:00,22411191-3,Dew Point,CURRENT,°C,11.033165340616941
2026-09-26T04:35:00+00:00,22411525-1,Temperature,CURRENT,°C,12.8029931640625
2026-09-26T04:35:00+00:00,22411525-2,RH,CURRENT,%,86.96116578927291
2026-09-26T04:35:00+00:00,22411525-3,Dew Point,CURRENT,°C,10.700672058899997
2026-09-26T04:35:00+00:00,22411526-1,Temperature,CURRENT,°C,12.331088867187496
2026-09-26T04:35:00+00:00,22411526-2,RH,CURRENT,%,90.07553215838865
2026-09-26T04:35:00+00:00,22411526-3,Dew Point,CURRENT,°C,10.763996951179344
2026-09-26T04:35:00+00:00,22411527-1,Temperature,CURRENT,°C,12.8458935546875
2026-09-26T04:35:00+00:00,22411527-2,RH,CURRENT,%,86.98558022430763
2026-09-26T04:35:00+00:00,22411527-3,Dew Point,CURRENT,°C,10.747138317449558
2026-09-26T04:35:00+00:00,22411528-1,Temperature,CURRENT,°C,12.116586914062495
2026-09-26T04:35:00+00:00,22411528-2,RH,CURRENT,%,92.46967269398031
2026-09-26T04:35:00+00:00,22411528-3,Dew Point,CURRENT,°C,10.94630480444981
2026-09-26T04:35:00+00:00,22411529-1,Temperature,CURRENT,°C,11.644682617187499
2026-09-26T04:35:00+00:00,22411529-2,RH,CURRENT,%,94.26413366903182
2026-09-26T04:35:00+00:00,22411529-3,Dew Point,CURRENT,°C,10.766825076911667
2026-09-26T04:35:00+00:00,22411530-1,Temperature,CURRENT,°C,12.717192382812499
2026-09-26T04:35:00+00:00,22411530-2,RH,CURRENT,%,87.81261921110857
2026-09-26T04:35:00+00:00,22411530-3,Dew Point,CURRENT,°C,10.762621191837216
2026-09-26T04:35:00+00:00,22411541-S,Battery,CURRENT,V,8.403084228515626
2026-09-26T04:35:00+00:00,22447758-1,Temperature,CURRENT,°C,12.545590820312498
2026-09-26T04:35:00+00:00,22447758-2,RH,CURRENT,%,85.45052262149996
2026-09-26T04:35:00+00:00,22447758-3,Dew Point,CURRENT,°C,10.184610673098168
2026-09-26T04:35:00+00:00,22447759-1,Temperature,CURRENT,°C,12.588491210937498
2026-09-26T04:35:00+00:00,22447759-2,RH,CURRENT,%,85.54207675288013
2026-09-26T04:35:00+00:00,22447759-3,Dew Point,CURRENT,°C,10.242802966622014
2026-09-26T04:35:00+00:00,22447760-1,Temperature,CURRENT,°C,12.545590820312498
2026-09-26T04:35:00+00:00,22447760-2,RH,CURRENT,%,86.02883955138476
2026-09-26T04:35:00+00:00,22447760-3,Dew Point,CURRENT,°C,10.285614638683992
2026-09-26T04:35:00+00:00,22447761-1,Temperature,CURRENT,°C,12.43833984375
2026-09-26T04:35:00+00:00,22447761-2,RH,CURRENT,%,85.80758373388265
2026-09-26T04:35:00+00:00,22447761-3,Dew Point,CURRENT,°C,10.141596975343568
2026-09-26T04:35:00+00:00,22447762-1,Temperature,CURRENT,°C,12.588491210937498
2026-09-26T04:35:00+00:00,22447762-2,RH,CURRENT,%,85.22316319523918
2026-09-26T04:35:00+00:00,22447762-3,Dew Point,CURRENT,°C,10.186880574387255
2026-09-26T04:35:00+00:00,22447764-1,Temperature,CURRENT,°C,12.459790039062497
2026-09-26T04:35:00+00:00,22447764-2,RH,CURRENT,%,86.17837796597239
2026-09-26T04:35:00+00:00,22447764-3,Dew Point,CURRENT,°C,10.227234169447637
2026-09-26T04:35:00+00:00,22447765-1,Temperature,CURRENT,°C,12.524140625000001
2026-09-26T04:35:00+00:00,22447765-2,RH,CURRENT,%,85.56649118791485
2026-09-26T04:35:00+00:00,22447765-3,Dew Point,CURRENT,°C,10.183830935292958
2026-09-26T04:35:00+00:00,22447766-1,Temperature,CURRENT,°C,12.588491210937498
2026-09-26T04:35:00+00:00,22447766-2,RH,CURRENT,%,85.39711604486152
2026-09-26T04:35:00+00:00,22447766-3,Dew Point,CURRENT,°C,10.217406461217116
2026-09-26T04:40:00+00:00,22407254-1,Temperature,CURRENT,°C,12.481240234375
2026-09-26T04:40:00+00:00,22407254-2,RH,CURRENT,%,85.20790417334248
2026-09-26T04:40:00+00:00,22407254-3,Dew Point,CURRENT,°C,10.07884416710698
2026-09-26T04:40:00+00:00,22411189-1,Temperature,CURRENT,°C,12.502690429687497
2026-09-26T04:40:00+00:00,22411189-2,RH,CURRENT,%,90.93919279774167
2026-09-26T04:40:00+00:00,22411189-3,Dew Point,CURRENT,°C,11.077488066910956
2026-09-26T04:40:00+00:00,22411190-1,Temperature,CURRENT,°C,12.609941406250002
2026-09-26T04:40:00+00:00,22411190-2,RH,CURRENT,%,87.89959563591974
2026-09-26T04:40:00+00:00,22411190-3,Dew Point,CURRENT,°C,10.671757829722399
2026-09-26T04:40:00+00:00,22411191-1,Temperature,CURRENT,°C,12.781542968749996
2026-09-26T04:40:00+00:00,22411191-2,RH,CURRENT,%,89.33241779201953
2026-09-26T04:40:00+00:00,22411191-3,Dew Point,CURRENT,°C,11.08451034109376
2026-09-26T04:40:00+00:00,22411525-1,Temperature,CURRENT,°C,12.8029931640625
2026-09-26T04:40:00+00:00,22411525-2,RH,CURRENT,%,87.23582818341345
2026-09-26T04:40:00+00:00,22411525-3,Dew Point,CURRENT,°C,10.748080316582488
2026-09-26T04:40:00+00:00,22411526-1,Temperature,CURRENT,°C,12.395439453125
2026-09-26T04:40:00+00:00,22411526-2,RH,CURRENT,%,89.49263752193484
2026-09-26T04:40:00+00:00,22411526-3,Dew Point,CURRENT,°C,10.729992866160016
2026-09-26T04:40:00+00:00,22411527-1,Temperature,CURRENT,°C,12.824443359374996
2026-09-26T04:40:00+00:00,22411527-2,RH,CURRENT,%,87.4143587396048
2026-09-26T04:40:00+00:00,22411527-3,Dew Point,CURRENT,°C,10.799961402680609
2026-09-26T04:40:00+00:00,22411528-1,Temperature,CURRENT,°C,12.202387695312495
2026-09-26T04:40:00+00:00,22411528-2,RH,CURRENT,%,91.7418173495079
2026-09-26T04:40:00+00:00,22411528-3,Dew Point,CURRENT,°C,10.91239003653203
2026-09-26T04:40:00+00:00,22411529-1,Temperature,CURRENT,°C,11.8162841796875
2026-09-26T04:40:00+00:00,22411529-2,RH,CURRENT,%,93.23872739757381
2026-09-26T04:40:00+00:00,22411529-3,Dew Point,CURRENT,°C,10.772868028253482
2026-09-26T04:40:00+00:00,22411530-1,Temperature,CURRENT,°C,12.695742187499995
2026-09-26T04:40:00+00:00,22411530-2,RH,CURRENT,%,87.86297398336767
2026-09-26T04:40:00+00:00,22411530-3,Dew Point,CURRENT,°C,10.750093225944518
2026-09-26T04:40:00+00:00,22411541-S,Battery,CURRENT,V,8.403084228515626
2026-09-26T04:40:00+00:00,22447758-1,Temperature,CURRENT,°C,12.545590820312498
2026-09-26T04:40:00+00:00,22447758-2,RH,CURRENT,%,85.87777523460745
2026-09-26T04:40:00+00:00,22447758-3,Dew Point,CURRENT,°C,10.25928875471182
2026-09-26T04:40:00+00:00,22447759-1,Temperature,CURRENT,°C,12.588491210937498
2026-09-26T04:40:00+00:00,22447759-2,RH,CURRENT,%,85.95864805065995
2026-09-26T04:40:00+00:00,22447759-3,Dew Point,CURRENT,°C,10.315574474812395
2026-09-26T04:40:00+00:00,22447760-1,Temperature,CURRENT,°C,12.567041015625001
2026-09-26T04:40:00+00:00,22447760-2,RH,CURRENT,%,86.38132295719845
2026-09-26T04:40:00+00:00,22447760-3,Dew Point,CURRENT,°C,10.367990027025392
2026-09-26T04:40:00+00:00,22447761-1,Temperature,CURRENT,°C,12.481240234375
2026-09-26T04:40:00+00:00,22447761-2,RH,CURRENT,%,86.00595101853972
2026-09-26T04:40:00+00:00,22447761-3,Dew Point,CURRENT,°C,10.218343517760413
2026-09-26T04:40:00+00:00,22447762-1,Temperature,CURRENT,°C,12.588491210937498
2026-09-26T04:40:00+00:00,22447762-2,RH,CURRENT,%,85.53749904631113
2026-09-26T04:40:00+00:00,22447762-3,Dew Point,CURRENT,°C,10.242001550502422
2026-09-26T04:40:00+00:00,22447764-1,Temperature,CURRENT,°C,12.43833984375
2026-09-26T04:40:00+00:00,22447764-2,RH,CURRENT,%,86.77500572213322
2026-09-26T04:40:00+00:00,22447764-3,Dew Point,CURRENT,°C,10.309466807980042
2026-09-26T04:40:00+00:00,22447765-1,Temperature,CURRENT,°C,12.524140625000001
2026-09-26T04:40:00+00:00,22447765-2,RH,CURRENT,%,85.97390707255664
2026-09-26T04:40:00+00:00,22447765-3,Dew Point,CURRENT,°C,10.25495229059968
2026-09-26T04:40:00+00:00,22447766-1,Temperature,CURRENT,°C,12.567041015625001
2026-09-26T04:40:00+00:00,22447766-2,RH,CURRENT,%,85.91439688715953
2026-09-26T04:40:00+00:00,22447766-3,Dew Point,CURRENT,°C,10.286766731025061
2026-09-26T04:45:00+00:00,22407254-1,Temperature,CURRENT,°C,12.588491210937498
2026-09-26T04:45:00+00:00,22407254-2,RH,CURRENT,%,84.98817425803006
2026-09-26T04:45:00+00:00,22407254-3,Dew Point,CURRENT,°C,10.145556744371184
2026-09-26T04:45:00+00:00,22411189-1,Temperature,CURRENT,°C,12.524140625000001
2026-09-26T04:45:00+00:00,22411189-2,RH,CURRENT,%,91.50225070572976
2026-09-26T04:45:00+00:00,22411189-3,Dew Point,CURRENT,°C,11.19183592726875
2026-09-26T04:45:00+00:00,22411190-1,Temperature,CURRENT,°C,12.631391601562498
2026-09-26T04:45:00+00:00,22411190-2,RH,CURRENT,%,88.28564888990616
2026-09-26T04:45:00+00:00,22411190-3,Dew Point,CURRENT,°C,10.758792080118111
2026-09-26T04:45:00+00:00,22411191-1,Temperature,CURRENT,°C,12.8029931640625
2026-09-26T04:45:00+00:00,22411191-2,RH,CURRENT,%,89.68184939345387
2026-09-26T04:45:00+00:00,22411191-3,Dew Point,CURRENT,°C,11.164587109059564
2026-09-26T04:45:00+00:00,22411525-1,Temperature,CURRENT,°C,12.8029931640625
2026-09-26T04:45:00+00:00,22411525-2,RH,CURRENT,%,87.48760204470894
2026-09-26T04:45:00+00:00,22411525-3,Dew Point,CURRENT,°C,10.79142277285663
2026-09-26T04:45:00+00:00,22411526-1,Temperature,CURRENT,°C,12.373989257812497
2026-09-26T04:45:00+00:00,22411526-2,RH,CURRENT,%,90.29831387808042
2026-09-26T04:45:00+00:00,22411526-3,Dew Point,CURRENT,°C,10.843590514063267
2026-09-26T04:45:00+00:00,22411527-1,Temperature,CURRENT,°C,12.8887939453125
2026-09-26T04:45:00+00:00,22411527-2,RH,CURRENT,%,87.58373388265812
2026-09-26T04:45:00+00:00,22411527-3,Dew Point,CURRENT,°C,10.892506533432913
2026-09-26T04:45:00+00:00,22411528-1,Temperature,CURRENT,°C,12.138037109374999
2026-09-26T04:45:00+00:00,22411528-2,RH,CURRENT,%,92.59174486915389
2026-09-26T04:45:00+00:00,22411528-3,Dew Point,CURRENT,°C,10.987459774830834
2026-09-26T04:45:00+00:00,22411529-1,Temperature,CURRENT,°C,11.709033203124996
2026-09-26T04:45:00+00:00,22411529-2,RH,CURRENT,%,94.06271457999543
2026-09-26T04:45:00+00:00,22411529-3,Dew Point,CURRENT,°C,10.798637391140376
2026-09-26T04:45:00+00:00,22411530-1,Temperature,CURRENT,°C,12.738642578124995
2026-09-26T04:45:00+00:00,22411530-2,RH,CURRENT,%,88.31311512932021
2026-09-26T04:45:00+00:00,22411530-3,Dew Point,CURRENT,°C,10.869281753463765
2026-09-26T04:45:00+00:00,22411541-S,Battery,CURRENT,V,8.396622802734376
2026-09-26T04:45:00+00:00,22447758-1,Temperature,CURRENT,°C,12.695742187499995
2026-09-26T04:45:00+00:00,22447758-2,RH,CURRENT,%,85.67025253681238
2026-09-26T04:45:00+00:00,22447758-3,Dew Point,CURRENT,°C,10.370651430461784
2026-09-26T04:45:00+00:00,22447759-1,Temperature,CURRENT,°C,12.738642578124995
2026-09-26T04:45:00+00:00,22447759-2,RH,CURRENT,%,85.70840009155413
2026-09-26T04:45:00+00:00,22447759-3,Dew Point,CURRENT,°C,10.419496995380117
2026-09-26T04:45:00+00:00,22447760-1,Temperature,CURRENT,°C,12.631391601562498
2026-09-26T04:45:00+00:00,22447760-2,RH,CURRENT,%,86.32944228274968
2026-09-26T04:45:00+00:00,22447760-3,Dew Point,CURRENT,°C,10.422297589726128
2026-09-26T04:45:00+00:00,22447761-1,Temperature,CURRENT,°C,12.567041015625001
2026-09-26T04:45:00+00:00,22447761-2,RH,CURRENT,%,86.01052872510873
2026-09-26T04:45:00+00:00,22447761-3,Dew Point,CURRENT,°C,10.303520845420136
2026-09-26T04:45:00+00:00,22447762-1,Temperature,CURRENT,°C,12.695742187499995
2026-09-26T04:45:00+00:00,22447762-2,RH,CURRENT,%,85.32845044632639
2026-09-26T04:45:00+00:00,22447762-3,Dew Point,CURRENT,°C,10.310736504955095
2026-09-26T04:45:00+00:00,22447764-1,Temperature,CURRENT,°C,12.588491210937498
2026-09-26T04:45:00+00:00,22447764-2,RH,CURRENT,%,86.42252231631953
2026-09-26T04:45:00+00:00,22447764-3,Dew Point,CURRENT,°C,10.39624545368666
2026-09-26T04:45:00+00:00,22447765-1,Temperature,CURRENT,°C,12.674291992187499
2026-09-26T04:45:00+00:00,22447765-2,RH,CURRENT,%,85.83657587548637
2026-09-26T04:45:00+00:00,22447765-3,Dew Point,CURRENT,°C,10.378640787789635
2026-09-26T04:45:00+00:00,22447766-1,Temperature,CURRENT,°C,12.738642578124995
2026-09-26T04:45:00+00:00,22447766-2,RH,CURRENT,%,85.62600137331196
2026-09-26T04:45:00+00:00,22447766-3,Dew Point,CURRENT,°C,10.405073213958302
2026-09-26T04:50:00+00:00,22407254-1,Temperature,CURRENT,°C,12.309638671875
2026-09-26T04:50:00+00:00,22407254-2,RH,CURRENT,%,85.34676127260242
2026-09-26T04:50:00+00:00,22407254-3,Dew Point,CURRENT,°C,9.934594149814973
2026-09-26T04:50:00+00:00,22411189-1,Temperature,CURRENT,°C,12.395439453125
2026-09-26T04:50:00+00:00,22411189-2,RH,CURRENT,%,91.56176089112688
2026-09-26T04:50:00+00:00,22411189-3,Dew Point,CURRENT,°C,11.074114604342277
2026-09-26T04:50:00+00:00,22411190-1,Temperature,CURRENT,°C,12.524140625000001
2026-09-26T04:50:00+00:00,22411190-2,RH,CURRENT,%,88.3436331731136
2026-09-26T04:50:00+00:00,22411190-3,Dew Point,CURRENT,°C,10.66284873109225
2026-09-26T04:50:00+00:00,22411191-1,Temperature,CURRENT,°C,12.674291992187499
2026-09-26T04:50:00+00:00,22411191-2,RH,CURRENT,%,89.7306782635233
2026-09-26T04:50:00+00:00,22411191-3,Dew Point,CURRENT,°C,11.045580392100812
2026-09-26T04:50:00+00:00,22411525-1,Temperature,CURRENT,°C,12.674291992187499
2026-09-26T04:50:00+00:00,22411525-2,RH,CURRENT,%,87.64782177462425
2026-09-26T04:50:00+00:00,22411525-3,Dew Point,CURRENT,°C,10.69208956907568
2026-09-26T04:50:00+00:00,22411526-1,Temperature,CURRENT,°C,12.288188476562496
2026-09-26T04:50:00+00:00,22411526-2,RH,CURRENT,%,90.21744106202793
2026-09-26T04:50:00+00:00,22411526-3,Dew Point,CURRENT,°C,10.745237699194622
2026-09-26T04:50:00+00:00,22411527-1,Temperature,CURRENT,°C,12.717192382812499
2026-09-26T04:50:00+00:00,22411527-2,RH,CURRENT,%,87.7958342870222
2026-09-26T04:50:00+00:00,22411527-3,Dew Point,CURRENT,°C,10.759746457327
2026-09-26T04:50:00+00:00,22411528-1,Temperature,CURRENT,°C,12.073686523437502
2026-09-26T04:50:00+00:00,22411528-2,RH,CURRENT,%,92.43305104142824
2026-09-26T04:50:00+00:00,22411528-3,Dew Point,CURRENT,°C,10.897778813877624
2026-09-26T04:50:00+00:00,22411529-1,Temperature,CURRENT,°C,11.644682617187499
2026-09-26T04:50:00+00:00,22411529-2,RH,CURRENT,%,93.78652628366521
2026-09-26T04:50:00+00:00,22411529-3,Dew Point,CURRENT,°C,10.690457835656893
2026-09-26T04:50:00+00:00,22411530-1,Temperature,CURRENT,°C,12.588491210937498
2026-09-26T04:50:00+00:00,22411530-2,RH,CURRENT,%,88.40314335851072
2026-09-26T04:50:00+00:00,22411530-3,Dew Point,CURRENT,°C,10.736463218779894
2026-09-26T04:50:00+00:00,22411541-S,Battery,CURRENT,V,8.399853515625
2026-09-26T04:50:00+00:00,22447758-1,Temperature,CURRENT,°C,12.395439453125
2026-09-26T04:50:00+00:00,22447758-2,RH,CURRENT,%,85.94186312657358
2026-09-26T04:50:00+00:00,22447758-3,Dew Point,CURRENT,°C,10.12281019210644
2026-09-26T04:50:00+00:00,22447759-1,Temperature,CURRENT,°C,12.416889648437497
2026-09-26T04:50:00+00:00,22447759-2,RH,CURRENT,%,86.22568093385215
2026-09-26T04:50:00+00:00,22447759-3,Dew Point,CURRENT,°C,10.19324790364677
2026-09-26T04:50:00+00:00,22447760-1,Temperature,CURRENT,°C,12.395439453125
2026-09-26T04:50:00+00:00,22447760-2,RH,CURRENT,%,86.52323186083773
2026-09-26T04:50:00+00:00,22447760-3,Dew Point,CURRENT,°C,10.22371645767301
2026-09-26T04:50:00+00:00,22447761-1,Temperature,CURRENT,°C,12.309638671875
2026-09-26T04:50:00+00:00,22447761-2,RH,CURRENT,%,86.09140154116122
2026-09-26T04:50:00+00:00,22447761-3,Dew Point,CURRENT,°C,10.06443121724961
2026-09-26T04:50:00+00:00,22447762-1,Temperature,CURRENT,°C,12.416889648437497
2026-09-26T04:50:00+00:00,22447762-2,RH,CURRENT,%,85.69924467841611
2026-09-26T04:50:00+00:00,22447762-3,Dew Point,CURRENT,°C,10.10160817394252
2026-09-26T04:50:00+00:00,22447764-1,Temperature,CURRENT,°C,12.288188476562496
2026-09-26T04:50:00+00:00,22447764-2,RH,CURRENT,%,86.8711375600824
2026-09-26T04:50:00+00:00,22447764-3,Dew Point,CURRENT,°C,10.178212728406965
2026-09-26T04:50:00+00:00,22447765-1,Temperature,CURRENT,°C,12.373989257812497
2026-09-26T04:50:00+00:00,22447765-2,RH,CURRENT,%,86.00900282291906
2026-09-26T04:50:00+00:00,22447765-3,Dew Point,CURRENT,°C,10.113398731003212
2026-09-26T04:50:00+00:00,22447766-1,Temperature,CURRENT,°C,12.416889648437497
2026-09-26T04:50:00+00:00,22447766-2,RH,CURRENT,%,86.12954909590296
2026-09-26T04:50:00+00:00,22447766-3,Dew Point,CURRENT,°C,10.176550473180178
2026-09-26T04:55:00+00:00,22407254-1,Temperature,CURRENT,°C,12.223837890625
2026-09-26T04:55:00+00:00,22407254-2,RH,CURRENT,%,86.34775310902572
2026-09-26T04:55:00+00:00,22407254-3,Dew Point,CURRENT,°C,10.02447890418564
2026-09-26T04:55:00+00:00,22411189-1,Temperature,CURRENT,°C,12.180937499999999
2026-09-26T04:55:00+00:00,22411189-2,RH,CURRENT,%,92.74738689250019
2026-09-26T04:55:00+00:00,22411189-3,Dew Point,CURRENT,°C,11.05534326763671
2026-09-26T04:55:00+00:00,22411190-1,Temperature,CURRENT,°C,12.309638671875
2026-09-26T04:55:00+00:00,22411190-2,RH,CURRENT,%,89.47890440222781
2026-09-26T04:55:00+00:00,22411190-3,Dew Point,CURRENT,°C,10.642899951502299
2026-09-26T04:55:00+00:00,22411191-1,Temperature,CURRENT,°C,12.502690429687497
2026-09-26T04:55:00+00:00,22411191-2,RH,CURRENT,%,90.79270618753338
2026-09-26T04:55:00+00:00,22411191-3,Dew Point,CURRENT,°C,11.053185437426514
2026-09-26T04:55:00+00:00,22411525-1,Temperature,CURRENT,°C,12.524140625000001
2026-09-26T04:55:00+00:00,22411525-2,RH,CURRENT,%,88.58167391470207
2026-09-26T04:55:00+00:00,22411525-3,Dew Point,CURRENT,°C,10.703288833859686
2026-09-26T04:55:00+00:00,22411526-1,Temperature,CURRENT,°C,12.052236328124998
2026-09-26T04:55:00+00:00,22411526-2,RH,CURRENT,%,91.20469977874419
2026-09-26T04:55:00+00:00,22411526-3,Dew Point,CURRENT,°C,10.675291996772843
2026-09-26T04:55:00+00:00,22411527-1,Temperature,CURRENT,°C,12.588491210937498
2026-09-26T04:55:00+00:00,22411527-2,RH,CURRENT,%,88.66102082856489
2026-09-26T04:55:00+00:00,22411527-3,Dew Point,CURRENT,°C,10.780265522524935
2026-09-26T04:55:00+00:00,22411528-1,Temperature,CURRENT,°C,11.880634765624997
2026-09-26T04:55:00+00:00,22411528-2,RH,CURRENT,%,93.46608682383459
2026-09-26T04:55:00+00:00,22411528-3,Dew Point,CURRENT,°C,10.87342932003625
2026-09-26T04:55:00+00:00,22411529-1,Temperature,CURRENT,°C,11.473081054687498
2026-09-26T04:55:00+00:00,22411529-2,RH,CURRENT,%,94.68528267338064
2026-09-26T04:55:00+00:00,22411529-3,Dew Point,CURRENT,°C,10.663141726053041
2026-09-26T04:55:00+00:00,22411530-1,Temperature,CURRENT,°C,12.416889648437497
2026-09-26T04:55:00+00:00,22411530-2,RH,CURRENT,%,89.41176470588235
2026-09-26T04:55:00+00:00,22411530-3,Dew Point,CURRENT,°C,10.73759563200212
2026-09-26T04:55:00+00:00,22411541-S,Battery,CURRENT,V,8.390161376953126
2026-09-26T04:55:00+00:00,22447758-1,Temperature,CURRENT,°C,12.309638671875
2026-09-26T04:55:00+00:00,22447758-2,RH,CURRENT,%,86.96574349584192
2026-09-26T04:55:00+00:00,22447758-3,Dew Point,CURRENT,°C,10.215628860680875
2026-09-26T04:55:00+00:00,22447759-1,Temperature,CURRENT,°C,12.331088867187496
2026-09-26T04:55:00+00:00,22447759-2,RH,CURRENT,%,87.07560845349813
2026-09-26T04:55:00+00:00,22447759-3,Dew Point,CURRENT,°C,10.255659687457142
2026-09-26T04:55:00+00:00,22447760-1,Temperature,CURRENT,°C,12.26673828125
2026-09-26T04:55:00+00:00,22447760-2,RH,CURRENT,%,87.59899290455482
2026-09-26T04:55:00+00:00,22447760-3,Dew Point,CURRENT,°C,10.282018412841813
2026-09-26T04:55:00+00:00,22447761-1,Temperature,CURRENT,°C,12.180937499999999
2026-09-26T04:55:00+00:00,22447761-2,RH,CURRENT,%,87.32738231479362
2026-09-26T04:55:00+00:00,22447761-3,Dew Point,CURRENT,°C,10.150970027195003
2026-09-26T04:55:00+00:00,22447762-1,Temperature,CURRENT,°C,12.309638671875
2026-09-26T04:55:00+00:00,22447762-2,RH,CURRENT,%,86.72922865644313
2026-09-26T04:55:00+00:00,22447762-3,Dew Point,CURRENT,°C,10.174861322784755
2026-09-26T04:55:00+00:00,22447764-1,Temperature,CURRENT,°C,12.202387695312495
2026-09-26T04:55:00+00:00,22447764-2,RH,CURRENT,%,87.72106507972839
2026-09-26T04:55:00+00:00,22447764-3,Dew Point,CURRENT,°C,10.239443709201714
2026-09-26T04:55:00+00:00,22447765-1,Temperature,CURRENT,°C,12.288188476562496
2026-09-26T04:55:00+00:00,22447765-2,RH,CURRENT,%,87.01152056153201
2026-09-26T04:55:00+00:00,22447765-3,Dew Point,CURRENT,°C,10.202383142065475
2026-09-26T04:55:00+00:00,22447766-1,Temperature,CURRENT,°C,12.331088867187496
2026-09-26T04:55:00+00:00,22447766-2,RH,CURRENT,%,86.9520103761349
2026-09-26T04:55:00+00:00,22447766-3,Dew Point,CURRENT,°C,10.234387552495836
2026-09-26T05:00:00+00:00,22407254-1,Temperature,CURRENT,°C,12.159487304687495
2026-09-26T05:00:00+00:00,22407254-2,RH,CURRENT,%,86.66971847104601
2026-09-26T05:00:00+00:00,22407254-3,Dew Point,CURRENT,°C,10.01678326755271
2026-09-26T05:00:00+00:00,22411189-1,Temperature,CURRENT,°C,12.202387695312495
2026-09-26T05:00:00+00:00,22411189-2,RH,CURRENT,%,92.7214465552758
2026-09-26T05:00:00+00:00,22411189-3,Dew Point,CURRENT,°C,11.072414944848834
2026-09-26T05:00:00+00:00,22411190-1,Temperature,CURRENT,°C,12.331088867187496
2026-09-26T05:00:00+00:00,22411190-2,RH,CURRENT,%,89.53536278324559
2026-09-26T05:00:00+00:00,22411190-3,Dew Point,CURRENT,°C,10.673574947942406
2026-09-26T05:00:00+00:00,22411191-1,Temperature,CURRENT,°C,12.481240234375
2026-09-26T05:00:00+00:00,22411191-2,RH,CURRENT,%,91.05516136415656
2026-09-26T05:00:00+00:00,22411191-3,Dew Point,CURRENT,°C,11.075462120741589
2026-09-26T05:00:00+00:00,22411525-1,Temperature,CURRENT,°C,12.502690429687497
2026-09-26T05:00:00+00:00,22411525-2,RH,CURRENT,%,88.8761730373083
2026-09-26T05:00:00+00:00,22411525-3,Dew Point,CURRENT,°C,10.73200962517706
2026-09-26T05:00:00+00:00,22411526-1,Temperature,CURRENT,°C,12.073686523437502
2026-09-26T05:00:00+00:00,22411526-2,RH,CURRENT,%,91.30540932326238
2026-09-26T05:00:00+00:00,22411526-3,Dew Point,CURRENT,°C,10.71312640527233
2026-09-26T05:00:00+00:00,22411527-1,Temperature,CURRENT,°C,12.567041015625001
2026-09-26T05:00:00+00:00,22411527-2,RH,CURRENT,%,88.96314946211947
2026-09-26T05:00:00+00:00,22411527-3,Dew Point,CURRENT,°C,10.810260651440002
2026-09-26T05:00:00+00:00,22411528-1,Temperature,CURRENT,°C,11.880634765624997
2026-09-26T05:00:00+00:00,22411528-2,RH,CURRENT,%,93.45845731288624
2026-09-26T05:00:00+00:00,22411528-3,Dew Point,CURRENT,°C,10.872200624417866
2026-09-26T05:00:00+00:00,22411529-1,Temperature,CURRENT,°C,11.473081054687498
2026-09-26T05:00:00+00:00,22411529-2,RH,CURRENT,%,94.68833447775998
2026-09-26T05:00:00+00:00,22411529-3,Dew Point,CURRENT,°C,10.663626031141368
2026-09-26T05:00:00+00:00,22411530-1,Temperature,CURRENT,°C,12.416889648437497
2026-09-26T05:00:00+00:00,22411530-2,RH,CURRENT,%,89.53536278324559
2026-09-26T05:00:00+00:00,22411530-3,Dew Point,CURRENT,°C,10.758366979654939
2026-09-26T05:00:00+00:00,22411541-S,Battery,CURRENT,V,8.390161376953126
2026-09-26T05:00:00+00:00,22447758-1,Temperature,CURRENT,°C,12.245288085937496
2026-09-26T05:00:00+00:00,22447758-2,RH,CURRENT,%,87.25871671625849
2026-09-26T05:00:00+00:00,22447758-3,Dew Point,CURRENT,°C,10.202596401533105
2026-09-26T05:00:00+00:00,22447759-1,Temperature,CURRENT,°C,12.288188476562496
2026-09-26T05:00:00+00:00,22447759-2,RH,CURRENT,%,87.37926298924239
2026-09-26T05:00:00+00:00,22447759-3,Dew Point,CURRENT,°C,10.265536952407938
2026-09-26T05:00:00+00:00,22447760-1,Temperature,CURRENT,°C,12.288188476562496
2026-09-26T05:00:00+00:00,22447760-2,RH,CURRENT,%,87.6249332417792
2026-09-26T05:00:00+00:00,22447760-3,Dew Point,CURRENT,°C,10.30759676977039
2026-09-26T05:00:00+00:00,22447761-1,Temperature,CURRENT,°C,12.202387695312495
2026-09-26T05:00:00+00:00,22447761-2,RH,CURRENT,%,87.2831311512932
2026-09-26T05:00:00+00:00,22447761-3,Dew Point,CURRENT,°C,10.164518545562299
2026-09-26T05:00:00+00:00,22447762-1,Temperature,CURRENT,°C,12.309638671875
2026-09-26T05:00:00+00:00,22447762-2,RH,CURRENT,%,86.6956588082704
2026-09-26T05:00:00+00:00,22447762-3,Dew Point,CURRENT,°C,10.169067043086969
2026-09-26T05:00:00+00:00,22447764-1,Temperature,CURRENT,°C,12.116586914062495
2026-09-26T05:00:00+00:00,22447764-2,RH,CURRENT,%,88.31769283588922
2026-09-26T05:00:00+00:00,22447764-3,Dew Point,CURRENT,°C,10.25633920597118
2026-09-26T05:00:00+00:00,22447765-1,Temperature,CURRENT,°C,12.202387695312495
2026-09-26T05:00:00+00:00,22447765-2,RH,CURRENT,%,87.44640268558786
2026-09-26T05:00:00+00:00,22447765-3,Dew Point,CURRENT,°C,10.192490878832048
2026-09-26T05:00:00+00:00,22447766-1,Temperature,CURRENT,°C,12.245288085937496
2026-09-26T05:00:00+00:00,22447766-2,RH,CURRENT,%,87.49217975127794
2026-09-26T05:00:00+00:00,22447766-3,Dew Point,CURRENT,°C,10.242603576321649
2026-09-26T05:05:00+00:00,22407254-1,Temperature,CURRENT,°C,12.331088867187496
2026-09-26T05:05:00+00:00,22407254-2,RH,CURRENT,%,86.17990386816206
2026-09-26T05:05:00+00:00,22407254-3,Dew Point,CURRENT,°C,10.10089738438975
2026-09-26T05:05:00+00:00,22411189-1,Temperature,CURRENT,°C,12.288188476562496
2026-09-26T05:05:00+00:00,22411189-2,RH,CURRENT,%,92.77485313191424
2026-09-26T05:05:00+00:00,22411189-3,Dew Point,CURRENT,°C,11.166254621153993
2026-09-26T05:05:00+00:00,22411190-1,Temperature,CURRENT,°C,12.373989257812497
2026-09-26T05:05:00+00:00,22411190-2,RH,CURRENT,%,89.575036240177
2026-09-26T05:05:00+00:00,22411190-3,Dew Point,CURRENT,°C,10.722630742616603
2026-09-26T05:05:00+00:00,22411191-1,Temperature,CURRENT,°C,12.545590820312498
2026-09-26T05:05:00+00:00,22411191-2,RH,CURRENT,%,91.11924925612269
2026-09-26T05:05:00+00:00,22411191-3,Dew Point,CURRENT,°C,11.149798805990818
2026-09-26T05:05:00+00:00,22411525-1,Temperature,CURRENT,°C,12.545590820312498
2026-09-26T05:05:00+00:00,22411525-2,RH,CURRENT,%,88.9066910811017
2026-09-26T05:05:00+00:00,22411525-3,Dew Point,CURRENT,°C,10.77953090101629
2026-09-26T05:05:00+00:00,22411526-1,Temperature,CURRENT,°C,12.138037109374999
2026-09-26T05:05:00+00:00,22411526-2,RH,CURRENT,%,91.44426642252232
2026-09-26T05:05:00+00:00,22411526-3,Dew Point,CURRENT,°C,10.799729706764346
2026-09-26T05:05:00+00:00,22411527-1,Temperature,CURRENT,°C,12.609941406250002
2026-09-26T05:05:00+00:00,22411527-2,RH,CURRENT,%,88.99061570153353
2026-09-26T05:05:00+00:00,22411527-3,Dew Point,CURRENT,°C,10.857268887421272
2026-09-26T05:05:00+00:00,22411528-1,Temperature,CURRENT,°C,11.923535156249997
2026-09-26T05:05:00+00:00,22411528-2,RH,CURRENT,%,93.73311970702677
2026-09-26T05:05:00+00:00,22411528-3,Dew Point,CURRENT,°C,10.959010967869956
2026-09-26T05:05:00+00:00,22411529-1,Temperature,CURRENT,°C,11.515981445312498
2026-09-26T05:05:00+00:00,22411529-2,RH,CURRENT,%,94.99504081788358
2026-09-26T05:05:00+00:00,22411529-3,Dew Point,CURRENT,°C,10.75493118343633
2026-09-26T05:05:00+00:00,22411530-1,Temperature,CURRENT,°C,12.502690429687497
2026-09-26T05:05:00+00:00,22411530-2,RH,CURRENT,%,89.575036240177
2026-09-26T05:05:00+00:00,22411530-3,Dew Point,CURRENT,°C,10.849825168818612
2026-09-26T05:05:00+00:00,22411541-S,Battery,CURRENT,V,8.390161376953126
2026-09-26T05:05:00+00:00,22447758-1,Temperature,CURRENT,°C,12.395439453125
2026-09-26T05:05:00+00:00,22447758-2,RH,CURRENT,%,86.79331654840925
2026-09-26T05:05:00+00:00,22447758-3,Dew Point,CURRENT,°C,10.2703915151836
2026-09-26T05:05:00+00:00,22447759-1,Temperature,CURRENT,°C,12.43833984375
2026-09-26T05:05:00+00:00,22447759-2,RH,CURRENT,%,86.89250019073778
2026-09-26T05:05:00+00:00,22447759-3,Dew Point,CURRENT,°C,10.329742590273788
2026-09-26T05:05:00+00:00,22447760-1,Temperature,CURRENT,°C,12.395439453125
2026-09-26T05:05:00+00:00,22447760-2,RH,CURRENT,%,87.40978103303578
2026-09-26T05:05:00+00:00,22447760-3,Dew Point,CURRENT,°C,10.376450153137776
2026-09-26T05:05:00+00:00,22447761-1,Temperature,CURRENT,°C,12.309638671875
2026-09-26T05:05:00+00:00,22447761-2,RH,CURRENT,%,87.01304646372168
2026-09-26T05:05:00+00:00,22447761-3,Dew Point,CURRENT,°C,10.223770668503029
2026-09-26T05:05:00+00:00,22447762-1,Temperature,CURRENT,°C,12.416889648437497
2026-09-26T05:05:00+00:00,22447762-2,RH,CURRENT,%,86.48508430609598
2026-09-26T05:05:00+00:00,22447762-3,Dew Point,CURRENT,°C,10.23822292677815
2026-09-26T05:05:00+00:00,22447764-1,Temperature,CURRENT,°C,12.288188476562496
2026-09-26T05:05:00+00:00,22447764-2,RH,CURRENT,%,87.77752346074617
2026-09-26T05:05:00+00:00,22447764-3,Dew Point,CURRENT,°C,10.333668714864716
2026-09-26T05:05:00+00:00,22447765-1,Temperature,CURRENT,°C,12.3525390625
2026-09-26T05:05:00+00:00,22447765-2,RH,CURRENT,%,87.04051270313573
2026-09-26T05:05:00+00:00,22447765-3,Dew Point,CURRENT,°C,10.270747888743301
2026-09-26T05:05:00+00:00,22447766-1,Temperature,CURRENT,°C,12.395439453125
2026-09-26T05:05:00+00:00,22447766-2,RH,CURRENT,%,86.96574349584192
2026-09-26T05:05:00+00:00,22447766-3,Dew Point,CURRENT,°C,10.300122974441658
2026-09-26T05:10:00+00:00,22407254-1,Temperature,CURRENT,°C,12.245288085937496
2026-09-26T05:10:00+00:00,22407254-2,RH,CURRENT,%,86.489662012665
2026-09-26T05:10:00+00:00,22407254-3,Dew Point,CURRENT,°C,10.070139062578638
2026-09-26T05:10:00+00:00,22411189-1,Temperature,CURRENT,°C,12.309638671875
2026-09-26T05:10:00+00:00,22411189-2,RH,CURRENT,%,92.86640726329442
2026-09-26T05:10:00+00:00,22411189-3,Dew Point,CURRENT,°C,11.20242894896245
2026-09-26T05:10:00+00:00,22411190-1,Temperature,CURRENT,°C,12.416889648437497
2026-09-26T05:10:00+00:00,22411190-2,RH,CURRENT,%,89.51094834821087
2026-09-26T05:10:00+00:00,22411190-3,Dew Point,CURRENT,°C,10.75426599573685
2026-09-26T05:10:00+00:00,22411191-1,Temperature,CURRENT,°C,12.567041015625001
2026-09-26T05:10:00+00:00,22411191-2,RH,CURRENT,%,91.03685053788053
2026-09-26T05:10:00+00:00,22411191-3,Dew Point,CURRENT,°C,11.157392460512094
2026-09-26T05:10:00+00:00,22411525-1,Temperature,CURRENT,°C,12.567041015625001
2026-09-26T05:10:00+00:00,22411525-2,RH,CURRENT,%,88.7708857862211
2026-09-26T05:10:00+00:00,22411525-3,Dew Point,CURRENT,°C,10.77771707636936
2026-09-26T05:10:00+00:00,22411526-1,Temperature,CURRENT,°C,12.159487304687495
2026-09-26T05:10:00+00:00,22411526-2,RH,CURRENT,%,91.49004348821241
2026-09-26T05:10:00+00:00,22411526-3,Dew Point,CURRENT,°C,10.828512217184164
2026-09-26T05:10:00+00:00,22411527-1,Temperature,CURRENT,°C,12.631391601562498
2026-09-26T05:10:00+00:00,22411527-2,RH,CURRENT,%,88.87922484168764
2026-09-26T05:10:00+00:00,22411527-3,Dew Point,CURRENT,°C,10.859599358833968
2026-09-26T05:10:00+00:00,22411528-1,Temperature,CURRENT,°C,11.987885742187501
2026-09-26T05:10:00+00:00,22411528-2,RH,CURRENT,%,93.7315938048371
2026-09-26T05:10:00+00:00,22411528-3,Dew Point,CURRENT,°C,11.02271463708867
2026-09-26T05:10:00+00:00,22411529-1,Temperature,CURRENT,°C,11.537431640625002
2026-09-26T05:10:00+00:00,22411529-2,RH,CURRENT,%,95.17051956969559
2026-09-26T05:10:00+00:00,22411529-3,Dew Point,CURRENT,°C,10.804042228203063
2026-09-26T05:10:00+00:00,22411530-1,Temperature,CURRENT,°C,12.502690429687497
2026-09-26T05:10:00+00:00,22411530-2,RH,CURRENT,%,89.57045853360799
2026-09-26T05:10:00+00:00,22411530-3,Dew Point,CURRENT,°C,10.84905608385907
2026-09-26T05:10:00+00:00,22411541-S,Battery,CURRENT,V,8.390161376953126
2026-09-26T05:10:00+00:00,22447758-1,Temperature,CURRENT,°C,12.331088867187496
2026-09-26T05:10:00+00:00,22447758-2,RH,CURRENT,%,87.12291142137789
2026-09-26T05:10:00+00:00,22447758-3,Dew Point,CURRENT,°C,10.26379385130371
2026-09-26T05:10:00+00:00,22447759-1,Temperature,CURRENT,°C,12.3525390625
2026-09-26T05:10:00+00:00,22447759-2,RH,CURRENT,%,87.3136491950866
2026-09-26T05:10:00+00:00,22447759-3,Dew Point,CURRENT,°C,10.317687290164343
2026-09-26T05:10:00+00:00,22447760-1,Temperature,CURRENT,°C,12.309638671875
2026-09-26T05:10:00+00:00,22447760-2,RH,CURRENT,%,87.80498970016022
2026-09-26T05:10:00+00:00,22447760-3,Dew Point,CURRENT,°C,10.359505562390753
2026-09-26T05:10:00+00:00,22447761-1,Temperature,CURRENT,°C,12.223837890625
2026-09-26T05:10:00+00:00,22447761-2,RH,CURRENT,%,87.42961776150149
2026-09-26T05:10:00+00:00,22447761-3,Dew Point,CURRENT,°C,10.210754640458013
2026-09-26T05:10:00+00:00,22447762-1,Temperature,CURRENT,°C,12.331088867187496
2026-09-26T05:10:00+00:00,22447762-2,RH,CURRENT,%,86.93369954985886
2026-09-26T05:10:00+00:00,22447762-3,Dew Point,CURRENT,°C,10.231233864415588
2026-09-26T05:10:00+00:00,22447764-1,Temperature,CURRENT,°C,12.245288085937496
2026-09-26T05:10:00+00:00,22447764-2,RH,CURRENT,%,87.95452811474784
2026-09-26T05:10:00+00:00,22447764-3,Dew Point,CURRENT,°C,10.32155725536031
2026-09-26T05:10:00+00:00,22447765-1,Temperature,CURRENT,°C,12.309638671875
2026-09-26T05:10:00+00:00,22447765-2,RH,CURRENT,%,87.25108720531014
2026-09-26T05:10:00+00:00,22447765-3,Dew Point,CURRENT,°C,10.264683376838404
2026-09-26T05:10:00+00:00,22447766-1,Temperature,CURRENT,°C,12.3525390625
2026-09-26T05:10:00+00:00,22447766-2,RH,CURRENT,%,87.19615472648204
2026-09-26T05:10:00+00:00,22447766-3,Dew Point,CURRENT,°C,10.297511325412511
2026-09-26T05:15:00+00:00,22407254-1,Temperature,CURRENT,°C,12.180937499999999
2026-09-26T05:15:00+00:00,22407254-2,RH,CURRENT,%,87.01762417029069
2026-09-26T05:15:00+00:00,22407254-3,Dew Point,CURRENT,°C,10.097807154811841
2026-09-26T05:15:00+00:00,22411189-1,Temperature,CURRENT,°C,12.309638671875
2026-09-26T05:15:00+00:00,22411189-2,RH,CURRENT,%,92.94422827496757
2026-09-26T05:15:00+00:00,22411189-3,Dew Point,CURRENT,°C,11.215070877583623
2026-09-26T05:15:00+00:00,22411190-1,Temperature,CURRENT,°C,12.416889648437497
2026-09-26T05:15:00+00:00,22411190-2,RH,CURRENT,%,89.64370183871213
2026-09-26T05:15:00+00:00,22411190-3,Dew Point,CURRENT,°C,10.776553246166664
2026-09-26T05:15:00+00:00,22411191-1,Temperature,CURRENT,°C,12.567041015625001
2026-09-26T05:15:00+00:00,22411191-2,RH,CURRENT,%,91.14518959334707
2026-09-26T05:15:00+00:00,22411191-3,Dew Point,CURRENT,°C,11.17533643401455
2026-09-26T05:15:00+00:00,22411525-1,Temperature,CURRENT,°C,12.567041015625001
2026-09-26T05:15:00+00:00,22411525-2,RH,CURRENT,%,88.90363927672236
2026-09-26T05:15:00+00:00,22411525-3,Dew Point,CURRENT,°C,10.800194251279791
2026-09-26T05:15:00+00:00,22411526-1,Temperature,CURRENT,°C,12.180937499999999
2026-09-26T05:15:00+00:00,22411526-2,RH,CURRENT,%,91.47631036850538
2026-09-26T05:15:00+00:00,22411526-3,Dew Point,CURRENT,°C,10.847506871850982
2026-09-26T05:15:00+00:00,22411527-1,Temperature,CURRENT,°C,12.652841796874995
2026-09-26T05:15:00+00:00,22411527-2,RH,CURRENT,%,89.06385900663767
2026-09-26T05:15:00+00:00,22411527-3,Dew Point,CURRENT,°C,10.912019363471787
2026-09-26T05:15:00+00:00,22411528-1,Temperature,CURRENT,°C,11.987885742187501
2026-09-26T05:15:00+00:00,22411528-2,RH,CURRENT,%,93.71480888075074
2026-09-26T05:15:00+00:00,22411528-3,Dew Point,CURRENT,°C,11.020015809531944
2026-09-26T05:15:00+00:00,22411529-1,Temperature,CURRENT,°C,11.601782226562499
2026-09-26T05:15:00+00:00,22411529-2,RH,CURRENT,%,95.01487754634928
2026-09-26T05:15:00+00:00,22411529-3,Dew Point,CURRENT,°C,10.843477653079223
2026-09-26T05:15:00+00:00,22411530-1,Temperature,CURRENT,°C,12.502690429687497
2026-09-26T05:15:00+00:00,22411530-2,RH,CURRENT,%,89.6955825131609
2026-09-26T05:15:00+00:00,22411530-3,Dew Point,CURRENT,°C,10.870065317657211
2026-09-26T05:15:00+00:00,22411541-S,Battery,CURRENT,V,8.3869306640625
2026-09-26T05:15:00+00:00,22447758-1,Temperature,CURRENT,°C,12.26673828125
2026-09-26T05:15:00+00:00,22447758-2,RH,CURRENT,%,87.6249332417792
2026-09-26T05:15:00+00:00,22447758-3,Dew Point,CURRENT,°C,10.286453856229466
2026-09-26T05:15:00+00:00,22447759-1,Temperature,CURRENT,°C,12.309638671875
2026-09-26T05:15:00+00:00,22447759-2,RH,CURRENT,%,87.72259098191806
2026-09-26T05:15:00+00:00,22447759-3,Dew Point,CURRENT,°C,10.345433138513426
2026-09-26T05:15:00+00:00,22447760-1,Temperature,CURRENT,°C,12.309638671875
2026-09-26T05:15:00+00:00,22447760-2,RH,CURRENT,%,88.07965209430076
2026-09-26T05:15:00+00:00,22447760-3,Dew Point,CURRENT,°C,10.406329941991746
2026-09-26T05:15:00+00:00,22447761-1,Temperature,CURRENT,°C,12.245288085937496
2026-09-26T05:15:00+00:00,22447761-2,RH,CURRENT,%,87.70733196002136
2026-09-26T05:15:00+00:00,22447761-3,Dew Point,CURRENT,°C,10.279389914425764
2026-09-26T05:15:00+00:00,22447762-1,Temperature,CURRENT,°C,12.331088867187496
2026-09-26T05:15:00+00:00,22447762-2,RH,CURRENT,%,87.24498359655146
2026-09-26T05:15:00+00:00,22447762-3,Dew Point,CURRENT,°C,10.28476731624687
2026-09-26T05:15:00+00:00,22447764-1,Temperature,CURRENT,°C,12.159487304687495
2026-09-26T05:15:00+00:00,22447764-2,RH,CURRENT,%,88.39551384756237
2026-09-26T05:15:00+00:00,22447764-3,Dew Point,CURRENT,°C,10.311862080960701
2026-09-26T05:15:00+00:00,22447765-1,Temperature,CURRENT,°C,12.245288085937496
2026-09-26T05:15:00+00:00,22447765-2,RH,CURRENT,%,87.61577782864119
2026-09-26T05:15:00+00:00,22447765-3,Dew Point,CURRENT,°C,10.263745861583974
2026-09-26T05:15:00+00:00,22447766-1,Temperature,CURRENT,°C,12.288188476562496
2026-09-26T05:15:00+00:00,22447766-2,RH,CURRENT,%,87.64782177462425
2026-09-26T05:15:00+00:00,22447766-3,Dew Point,CURRENT,°C,10.311510104914724
2026-09-26T05:20:00+00:00,22407254-1,Temperature,CURRENT,°C,12.43833984375
2026-09-26T05:20:00+00:00,22407254-2,RH,CURRENT,%,86.45304036011292
2026-09-26T05:20:00+00:00,22407254-3,Dew Point,CURRENT,°C,10.253781949769849
2026-09-26T05:20:00+00:00,22411189-1,Temperature,CURRENT,°C,12.481240234375
2026-09-26T05:20:00+00:00,22411189-2,RH,CURRENT,%,92.78553444724193
2026-09-26T05:20:00+00:00,22411189-3,Dew Point,CURRENT,°C,11.35959953650465
2026-09-26T05:20:00+00:00,22411190-1,Temperature,CURRENT,°C,12.567041015625001
2026-09-26T05:20:00+00:00,22411190-2,RH,CURRENT,%,89.58419165331502
2026-09-26T05:20:00+00:00,22411190-3,Dew Point,CURRENT,°C,10.914960904682905
2026-09-26T05:20:00+00:00,22411191-1,Temperature,CURRENT,°C,12.717192382812499
2026-09-26T05:20:00+00:00,22411191-2,RH,CURRENT,%,91.1284046692607
2026-09-26T05:20:00+00:00,22411191-3,Dew Point,CURRENT,°C,11.321259075601578
2026-09-26T05:20:00+00:00,22411525-1,Temperature,CURRENT,°C,12.738642578124995
2026-09-26T05:20:00+00:00,22411525-2,RH,CURRENT,%,88.9219501029984
2026-09-26T05:20:00+00:00,22411525-3,Dew Point,CURRENT,°C,10.972732577113383
2026-09-26T05:20:00+00:00,22411526-1,Temperature,CURRENT,°C,12.309638671875
2026-09-26T05:20:00+00:00,22411526-2,RH,CURRENT,%,91.64568551155871
2026-09-26T05:20:00+00:00,22411526-3,Dew Point,CURRENT,°C,11.002895899504015
2026-09-26T05:20:00+00:00,22411527-1,Temperature,CURRENT,°C,12.8029931640625
2026-09-26T05:20:00+00:00,22411527-2,RH,CURRENT,%,88.98603799496452
2026-09-26T05:20:00+00:00,22411527-3,Dew Point,CURRENT,°C,11.047131139922534
2026-09-26T05:20:00+00:00,22411528-1,Temperature,CURRENT,°C,12.138037109374999
2026-09-26T05:20:00+00:00,22411528-2,RH,CURRENT,%,93.87350270847638
2026-09-26T05:20:00+00:00,22411528-3,Dew Point,CURRENT,°C,11.194755922384372
2026-09-26T05:20:00+00:00,22411529-1,Temperature,CURRENT,°C,11.666132812499995
2026-09-26T05:20:00+00:00,22411529-2,RH,CURRENT,%,95.35210193026627
2026-09-26T05:20:00+00:00,22411529-3,Dew Point,CURRENT,°C,10.960885217784002
2026-09-26T05:20:00+00:00,22411530-1,Temperature,CURRENT,°C,12.674291992187499
2026-09-26T05:20:00+00:00,22411530-2,RH,CURRENT,%,89.58571755550469
2026-09-26T05:20:00+00:00,22411530-3,Dew Point,CURRENT,°C,11.021213211990188
2026-09-26T05:20:00+00:00,22411541-S,Battery,CURRENT,V,8.390161376953126
2026-09-26T05:20:00+00:00,22447758-1,Temperature,CURRENT,°C,12.545590820312498
2026-09-26T05:20:00+00:00,22447758-2,RH,CURRENT,%,87.05271992065309
2026-09-26T05:20:00+00:00,22447758-3,Dew Point,CURRENT,°C,10.462981976857787
2026-09-26T05:20:00+00:00,22447759-1,Temperature,CURRENT,°C,12.588491210937498
2026-09-26T05:20:00+00:00,22447759-2,RH,CURRENT,%,87.0572976272221
2026-09-26T05:20:00+00:00,22447759-3,Dew Point,CURRENT,°C,10.506022663336367
2026-09-26T05:20:00+00:00,22447760-1,Temperature,CURRENT,°C,12.545590820312498
2026-09-26T05:20:00+00:00,22447760-2,RH,CURRENT,%,87.47386892500191
2026-09-26T05:20:00+00:00,22447760-3,Dew Point,CURRENT,°C,10.535405962800294
2026-09-26T05:20:00+00:00,22447761-1,Temperature,CURRENT,°C,12.481240234375
2026-09-26T05:20:00+00:00,22447761-2,RH,CURRENT,%,87.1122301060502
2026-09-26T05:20:00+00:00,22447761-3,Dew Point,CURRENT,°C,10.40985167725736
2026-09-26T05:20:00+00:00,22447762-1,Temperature,CURRENT,°C,12.609941406250002
2026-09-26T05:20:00+00:00,22447762-2,RH,CURRENT,%,86.54917219806211
2026-09-26T05:20:00+00:00,22447762-3,Dew Point,CURRENT,°C,10.439315508052358
2026-09-26T05:20:00+00:00,22447764-1,Temperature,CURRENT,°C,12.459790039062497
2026-09-26T05:20:00+00:00,22447764-2,RH,CURRENT,%,87.78515297169452
2026-09-26T05:20:00+00:00,22447764-3,Dew Point,CURRENT,°C,10.504150875641756
2026-09-26T05:20:00+00:00,22447765-1,Temperature,CURRENT,°C,12.545590820312498
2026-09-26T05:20:00+00:00,22447765-2,RH,CURRENT,%,87.19615472648204
2026-09-26T05:20:00+00:00,22447765-3,Dew Point,CURRENT,°C,10.4876826373786
2026-09-26T05:20:00+00:00,22447766-1,Temperature,CURRENT,°C,12.609941406250002
2026-09-26T05:20:00+00:00,22447766-2,RH,CURRENT,%,86.89860379949646
2026-09-26T05:20:00+00:00,22447766-3,Dew Point,CURRENT,°C,10.499765696006286
2026-09-26T05:25:00+00:00,22407254-1,Temperature,CURRENT,°C,12.395439453125
2026-09-26T05:25:00+00:00,22407254-2,RH,CURRENT,%,86.2882429236286
2026-09-26T05:25:00+00:00,22407254-3,Dew Point,CURRENT,°C,10.183002191927201
2026-09-26T05:25:00+00:00,22411189-1,Temperature,CURRENT,°C,12.502690429687497
2026-09-26T05:25:00+00:00,22411189-2,RH,CURRENT,%,92.27283131151293
2026-09-26T05:25:00+00:00,22411189-3,Dew Point,CURRENT,°C,11.297174887092785
2026-09-26T05:25:00+00:00,22411190-1,Temperature,CURRENT,°C,12.609941406250002
2026-09-26T05:25:00+00:00,22411190-2,RH,CURRENT,%,89.1676203555352
2026-09-26T05:25:00+00:00,22411190-3,Dew Point,CURRENT,°C,10.887177123019885
2026-09-26T05:25:00+00:00,22411191-1,Temperature,CURRENT,°C,12.738642578124995
2026-09-26T05:25:00+00:00,22411191-2,RH,CURRENT,%,90.75761043717098
2026-09-26T05:25:00+00:00,22411191-3,Dew Point,CURRENT,°C,11.280916275363726
2026-09-26T05:25:00+00:00,22411525-1,Temperature,CURRENT,°C,12.717192382812499
2026-09-26T05:25:00+00:00,22411525-2,RH,CURRENT,%,88.63660639353017
2026-09-26T05:25:00+00:00,22411525-3,Dew Point,CURRENT,°C,10.903154163963261
2026-09-26T05:25:00+00:00,22411526-1,Temperature,CURRENT,°C,12.395439453125
2026-09-26T05:25:00+00:00,22411526-2,RH,CURRENT,%,90.99565117875945
2026-09-26T05:25:00+00:00,22411526-3,Dew Point,CURRENT,°C,10.980648017240755
2026-09-26T05:25:00+00:00,22411527-1,Temperature,CURRENT,°C,12.7600927734375
2026-09-26T05:25:00+00:00,22411527-2,RH,CURRENT,%,88.89448386358434
2026-09-26T05:25:00+00:00,22411527-3,Dew Point,CURRENT,°C,10.98925818319757
2026-09-26T05:25:00+00:00,22411528-1,Temperature,CURRENT,°C,12.223837890625
2026-09-26T05:25:00+00:00,22411528-2,RH,CURRENT,%,93.09681849393453
2026-09-26T05:25:00+00:00,22411528-3,Dew Point,CURRENT,°C,11.154637930052848
2026-09-26T05:25:00+00:00,22411529-1,Temperature,CURRENT,°C,11.837734374999997
2026-09-26T05:25:00+00:00,22411529-2,RH,CURRENT,%,94.697489890898
2026-09-26T05:25:00+00:00,22411529-3,Dew Point,CURRENT,°C,11.027909291848976
2026-09-26T05:25:00+00:00,22411530-1,Temperature,CURRENT,°C,12.674291992187499
2026-09-26T05:25:00+00:00,22411530-2,RH,CURRENT,%,89.22865644312199
2026-09-26T05:25:00+00:00,22411530-3,Dew Point,CURRENT,°C,10.96104488113663
2026-09-26T05:25:00+00:00,22411541-S,Battery,CURRENT,V,8.38046923828125
2026-09-26T05:25:00+00:00,22447758-1,Temperature,CURRENT,°C,12.459790039062497
2026-09-26T05:25:00+00:00,22447758-2,RH,CURRENT,%,86.92912184328985
2026-09-26T05:25:00+00:00,22447758-3,Dew Point,CURRENT,°C,10.357179701892981
2026-09-26T05:25:00+00:00,22447759-1,Temperature,CURRENT,°C,12.481240234375
2026-09-26T05:25:00+00:00,22447759-2,RH,CURRENT,%,87.06797894254979
2026-09-26T05:25:00+00:00,22447759-3,Dew Point,CURRENT,°C,10.402232514423762
2026-09-26T05:25:00+00:00,22447760-1,Temperature,CURRENT,°C,12.481240234375
2026-09-26T05:25:00+00:00,22447760-2,RH,CURRENT,%,87.47997253376059
2026-09-26T05:25:00+00:00,22447760-3,Dew Point,CURRENT,°C,10.473038253175607
2026-09-26T05:25:00+00:00,22447761-1,Temperature,CURRENT,°C,12.395439453125
2026-09-26T05:25:00+00:00,22447761-2,RH,CURRENT,%,87.12138551918822
2026-09-26T05:25:00+00:00,22447761-3,Dew Point,CURRENT,°C,10.326915750086266
2026-09-26T05:25:00+00:00,22447762-1,Temperature,CURRENT,°C,12.502690429687497
2026-09-26T05:25:00+00:00,22447762-2,RH,CURRENT,%,86.59952697032121
2026-09-26T05:25:00+00:00,22447762-3,Dew Point,CURRENT,°C,10.342477575050339
2026-09-26T05:25:00+00:00,22447764-1,Temperature,CURRENT,°C,12.395439453125
2026-09-26T05:25:00+00:00,22447764-2,RH,CURRENT,%,87.65239948119326
2026-09-26T05:25:00+00:00,22447764-3,Dew Point,CURRENT,°C,10.418010797502353
2026-09-26T05:25:00+00:00,22447765-1,Temperature,CURRENT,°C,12.459790039062497
2026-09-26T05:25:00+00:00,22447765-2,RH,CURRENT,%,86.92607003891051
2026-09-26T05:25:00+00:00,22447765-3,Dew Point,CURRENT,°C,10.356653468519777
2026-09-26T05:25:00+00:00,22447766-1,Temperature,CURRENT,°C,12.502690429687497
2026-09-26T05:25:00+00:00,22447766-2,RH,CURRENT,%,86.92912184328985
2026-09-26T05:25:00+00:00,22447766-3,Dew Point,CURRENT,°C,10.399424237965093
2026-09-26T05:30:00+00:00,22407254-1,Temperature,CURRENT,°C,12.309638671875
2026-09-26T05:30:00+00:00,22407254-2,RH,CURRENT,%,87.02525368123904
2026-09-26T05:30:00+00:00,22407254-3,Dew Point,CURRENT,°C,10.225871148477113
2026-09-26T05:30:00+00:00,22411189-1,Temperature,CURRENT,°C,12.331088867187496
2026-09-26T05:30:00+00:00,22411189-2,RH,CURRENT,%,93.28908216983291
2026-09-26T05:30:00+00:00,22411189-3,Dew Point,CURRENT,°C,11.292284089275535
2026-09-26T05:30:00+00:00,22411190-1,Temperature,CURRENT,°C,12.43833984375
2026-09-26T05:30:00+00:00,22411190-2,RH,CURRENT,%,90.06942854962998
2026-09-26T05:30:00+00:00,22411190-3,Dew Point,CURRENT,°C,10.869044210168552
2026-09-26T05:30:00+00:00,22411191-1,Temperature,CURRENT,°C,12.545590820312498
2026-09-26T05:30:00+00:00,22411191-2,RH,CURRENT,%,91.80437933928435
2026-09-26T05:30:00+00:00,22411191-3,Dew Point,CURRENT,°C,11.262852246339401
2026-09-26T05:30:00+00:00,22411525-1,Temperature,CURRENT,°C,12.545590820312498
2026-09-26T05:30:00+00:00,22411525-2,RH,CURRENT,%,89.63912413214312
2026-09-26T05:30:00+00:00,22411525-3,Dew Point,CURRENT,°C,10.90299035128206
2026-09-26T05:30:00+00:00,22411526-1,Temperature,CURRENT,°C,12.245288085937496
2026-09-26T05:30:00+00:00,22411526-2,RH,CURRENT,%,91.58007171740292
2026-09-26T05:30:00+00:00,22411526-3,Dew Point,CURRENT,°C,10.928336549750174
2026-09-26T05:30:00+00:00,22411527-1,Temperature,CURRENT,°C,12.588491210937498
2026-09-26T05:30:00+00:00,22411527-2,RH,CURRENT,%,89.77187762264438
2026-09-26T05:30:00+00:00,22411527-3,Dew Point,CURRENT,°C,10.967681529992467
2026-09-26T05:30:00+00:00,22411528-1,Temperature,CURRENT,°C,12.073686523437502
2026-09-26T05:30:00+00:00,22411528-2,RH,CURRENT,%,93.81857022964827
2026-09-26T05:30:00+00:00,22411528-3,Dew Point,CURRENT,°C,11.121967212739419
2026-09-26T05:30:00+00:00,22411529-1,Temperature,CURRENT,°C,11.709033203124996
2026-09-26T05:30:00+00:00,22411529-2,RH,CURRENT,%,94.88517586022736
2026-09-26T05:30:00+00:00,22411529-3,Dew Point,CURRENT,°C,10.929664087060775
2026-09-26T05:30:00+00:00,22411530-1,Temperature,CURRENT,°C,12.502690429687497
2026-09-26T05:30:00+00:00,22411530-2,RH,CURRENT,%,90.25711451895934
2026-09-26T05:30:00+00:00,22411530-3,Dew Point,CURRENT,°C,10.964034629125674
2026-09-26T05:30:00+00:00,22411541-S,Battery,CURRENT,V,8.383699951171875
2026-09-26T05:30:00+00:00,22447758-1,Temperature,CURRENT,°C,12.373989257812497
2026-09-26T05:30:00+00:00,22447758-2,RH,CURRENT,%,87.68902113374533
2026-09-26T05:30:00+00:00,22447758-3,Dew Point,CURRENT,°C,10.403130679321311
2026-09-26T05:30:00+00:00,22447759-1,Temperature,CURRENT,°C,12.395439453125
2026-09-26T05:30:00+00:00,22447759-2,RH,CURRENT,%,87.81872281986725
2026-09-26T05:30:00+00:00,22447759-3,Dew Point,CURRENT,°C,10.446443667179388
2026-09-26T05:30:00+00:00,22447760-1,Temperature,CURRENT,°C,12.373989257812497
2026-09-26T05:30:00+00:00,22447760-2,RH,CURRENT,%,88.23376821545739
2026-09-26T05:30:00+00:00,22447760-3,Dew Point,CURRENT,°C,10.496029018349903
2026-09-26T05:30:00+00:00,22447761-1,Temperature,CURRENT,°C,12.309638671875
2026-09-26T05:30:00+00:00,22447761-2,RH,CURRENT,%,87.83703364614328
2026-09-26T05:30:00+00:00,22447761-3,Dew Point,CURRENT,°C,10.364975036430623
2026-09-26T05:30:00+00:00,22447762-1,Temperature,CURRENT,°C,12.395439453125
2026-09-26T05:30:00+00:00,22447762-2,RH,CURRENT,%,87.37010757610437
2026-09-26T05:30:00+00:00,22447762-3,Dew Point,CURRENT,°C,10.369644427547163
2026-09-26T05:30:00+00:00,22447764-1,Temperature,CURRENT,°C,12.309638671875
2026-09-26T05:30:00+00:00,22447764-2,RH,CURRENT,%,88.34973678187228
2026-09-26T05:30:00+00:00,22447764-3,Dew Point,CURRENT,°C,10.452248909028414
2026-09-26T05:30:00+00:00,22447765-1,Temperature,CURRENT,°C,12.373989257812497
2026-09-26T05:30:00+00:00,22447765-2,RH,CURRENT,%,87.70275425345235
2026-09-26T05:30:00+00:00,22447765-3,Dew Point,CURRENT,°C,10.405478880271696
2026-09-26T05:30:00+00:00,22447766-1,Temperature,CURRENT,°C,12.395439453125
2026-09-26T05:30:00+00:00,22447766-2,RH,CURRENT,%,87.71343556878004
2026-09-26T05:30:00+00:00,22447766-3,Dew Point,CURRENT,°C,10.428450382855024
2026-09-26T05:35:00+00:00,22407254-1,Temperature,CURRENT,°C,12.159487304687495
2026-09-26T05:35:00+00:00,22407254-2,RH,CURRENT,%,87.7409018081941
2026-09-26T05:35:00+00:00,22407254-3,Dew Point,CURRENT,°C,10.200536894305051
2026-09-26T05:35:00+00:00,22411189-1,Temperature,CURRENT,°C,12.26673828125
2026-09-26T05:35:00+00:00,22411189-2,RH,CURRENT,%,94.23208972304876
2026-09-26T05:35:00+00:00,22411189-3,Dew Point,CURRENT,°C,11.380283526981422
2026-09-26T05:35:00+00:00,22411190-1,Temperature,CURRENT,°C,12.373989257812497
2026-09-26T05:35:00+00:00,22411190-2,RH,CURRENT,%,90.84458686198215
2026-09-26T05:35:00+00:00,22411190-3,Dew Point,CURRENT,°C,10.934385142745159
2026-09-26T05:35:00+00:00,22411191-1,Temperature,CURRENT,°C,12.567041015625001
2026-09-26T05:35:00+00:00,22411191-2,RH,CURRENT,%,92.30334935530632
2026-09-26T05:35:00+00:00,22411191-3,Dew Point,CURRENT,°C,11.365997916410569
2026-09-26T05:35:00+00:00,22411525-1,Temperature,CURRENT,°C,12.588491210937498
2026-09-26T05:35:00+00:00,22411525-2,RH,CURRENT,%,90.08010986495766
2026-09-26T05:35:00+00:00,22411525-3,Dew Point,CURRENT,°C,11.019323024165292
2026-09-26T05:35:00+00:00,22411526-1,Temperature,CURRENT,°C,12.138037109374999
2026-09-26T05:35:00+00:00,22411526-2,RH,CURRENT,%,92.3445487144274
2026-09-26T05:35:00+00:00,22411526-3,Dew Point,CURRENT,°C,10.947191414869645
2026-09-26T05:35:00+00:00,22411527-1,Temperature,CURRENT,°C,12.652841796874995
2026-09-26T05:35:00+00:00,22411527-2,RH,CURRENT,%,90.07553215838865
2026-09-26T05:35:00+00:00,22411527-3,Dew Point,CURRENT,°C,11.082196748213724
2026-09-26T05:35:00+00:00,22411528-1,Temperature,CURRENT,°C,11.966435546874997
2026-09-26T05:35:00+00:00,22411528-2,RH,CURRENT,%,94.65629053177692
2026-09-26T05:35:00+00:00,22411528-3,Dew Point,CURRENT,°C,11.149401643441731
2026-09-26T05:35:00+00:00,22411529-1,Temperature,CURRENT,°C,11.580332031249995
2026-09-26T05:35:00+00:00,22411529-2,RH,CURRENT,%,95.50011444266423
2026-09-26T05:35:00+00:00,22411529-3,Dew Point,CURRENT,°C,10.898790861944727
2026-09-26T05:35:00+00:00,22411530-1,Temperature,CURRENT,°C,12.502690429687497
2026-09-26T05:35:00+00:00,22411530-2,RH,CURRENT,%,90.94071869993134
2026-09-26T05:35:00+00:00,22411530-3,Dew Point,CURRENT,°C,11.077741038202646
2026-09-26T05:35:00+00:00,22411541-S,Battery,CURRENT,V,8.383699951171875
2026-09-26T05:35:00+00:00,22447758-1,Temperature,CURRENT,°C,12.223837890625
2026-09-26T05:35:00+00:00,22447758-2,RH,CURRENT,%,88.30395971618219
2026-09-26T05:35:00+00:00,22447758-3,Dew Point,CURRENT,°C,10.359824083270908
2026-09-26T05:35:00+00:00,22447759-1,Temperature,CURRENT,°C,12.26673828125
2026-09-26T05:35:00+00:00,22447759-2,RH,CURRENT,%,88.44892042420081
2026-09-26T05:35:00+00:00,22447759-3,Dew Point,CURRENT,°C,10.426747170574584
2026-09-26T05:35:00+00:00,22447760-1,Temperature,CURRENT,°C,12.245288085937496
2026-09-26T05:35:00+00:00,22447760-2,RH,CURRENT,%,88.61371786068513
2026-09-26T05:35:00+00:00,22447760-3,Dew Point,CURRENT,°C,10.433496239346868
2026-09-26T05:35:00+00:00,22447761-1,Temperature,CURRENT,°C,12.159487304687495
2026-09-26T05:35:00+00:00,22447761-2,RH,CURRENT,%,88.2536049439231
2026-09-26T05:35:00+00:00,22447761-3,Dew Point,CURRENT,°C,10.287790329388589
2026-09-26T05:35:00+00:00,22447762-1,Temperature,CURRENT,°C,12.26673828125
2026-09-26T05:35:00+00:00,22447762-2,RH,CURRENT,%,87.75005722133211
2026-09-26T05:35:00+00:00,22447762-3,Dew Point,CURRENT,°C,10.307832147716832
2026-09-26T05:35:00+00:00,22447764-1,Temperature,CURRENT,°C,12.138037109374999
2026-09-26T05:35:00+00:00,22447764-2,RH,CURRENT,%,89.40108339055466
2026-09-26T05:35:00+00:00,22447764-3,Dew Point,CURRENT,°C,10.460273882163028
2026-09-26T05:35:00+00:00,22447765-1,Temperature,CURRENT,°C,12.202387695312495
2026-09-26T05:35:00+00:00,22447765-2,RH,CURRENT,%,88.5648889906157
2026-09-26T05:35:00+00:00,22447765-3,Dew Point,CURRENT,°C,10.38288908258094
2026-09-26T05:35:00+00:00,22447766-1,Temperature,CURRENT,°C,12.245288085937496
2026-09-26T05:35:00+00:00,22447766-2,RH,CURRENT,%,88.60456244754711
2026-09-26T05:35:00+00:00,22447766-3,Dew Point,CURRENT,°C,10.431946551652908
2026-09-26T05:40:00+00:00,22407254-1,Temperature,CURRENT,°C,12.373989257812497
2026-09-26T05:40:00+00:00,22407254-2,RH,CURRENT,%,87.14579995422294
2026-09-26T05:40:00+00:00,22407254-3,Dew Point,CURRENT,°C,10.30998595785618
2026-09-26T05:40:00+00:00,22411189-1,Temperature,CURRENT,°C,12.481240234375
2026-09-26T05:40:00+00:00,22411189-2,RH,CURRENT,%,93.25551232166018
2026-09-26T05:40:00+00:00,22411189-3,Dew Point,CURRENT,°C,11.435968334949575
2026-09-26T05:40:00+00:00,22411190-1,Temperature,CURRENT,°C,12.567041015625001
2026-09-26T05:40:00+00:00,22411190-2,RH,CURRENT,%,89.95498588540474
2026-09-26T05:40:00+00:00,22411190-3,Dew Point,CURRENT,°C,10.977168613687187
2026-09-26T05:40:00+00:00,22411191-1,Temperature,CURRENT,°C,12.717192382812499
2026-09-26T05:40:00+00:00,22411191-2,RH,CURRENT,%,91.57244220645457
2026-09-26T05:40:00+00:00,22411191-3,Dew Point,CURRENT,°C,11.394708362567824
2026-09-26T05:40:00+00:00,22411525-1,Temperature,CURRENT,°C,12.717192382812499
2026-09-26T05:40:00+00:00,22411525-2,RH,CURRENT,%,89.36140993362325
2026-09-26T05:40:00+00:00,22411525-3,Dew Point,CURRENT,°C,11.025825116171864
2026-09-26T05:40:00+00:00,22411526-1,Temperature,CURRENT,°C,12.309638671875
2026-09-26T05:40:00+00:00,22411526-2,RH,CURRENT,%,92.133974212253
2026-09-26T05:40:00+00:00,22411526-3,Dew Point,CURRENT,°C,11.082987772996427
2026-09-26T05:40:00+00:00,22411527-1,Temperature,CURRENT,°C,12.7600927734375
2026-09-26T05:40:00+00:00,22411527-2,RH,CURRENT,%,89.44228274967574
2026-09-26T05:40:00+00:00,22411527-3,Dew Point,CURRENT,°C,11.081848168896117
2026-09-26T05:40:00+00:00,22411528-1,Temperature,CURRENT,°C,12.116586914062495
2026-09-26T05:40:00+00:00,22411528-2,RH,CURRENT,%,94.43656061646449
2026-09-26T05:40:00+00:00,22411528-3,Dew Point,CURRENT,°C,11.263697240579253
2026-09-26T05:40:00+00:00,22411529-1,Temperature,CURRENT,°C,11.666132812499995
2026-09-26T05:40:00+00:00,22411529-2,RH,CURRENT,%,95.7976653696498
2026-09-26T05:40:00+00:00,22411529-3,Dew Point,CURRENT,°C,11.031124626561462
2026-09-26T05:40:00+00:00,22411530-1,Temperature,CURRENT,°C,12.674291992187499
2026-09-26T05:40:00+00:00,22411530-2,RH,CURRENT,%,90.06637674525064
2026-09-26T05:40:00+00:00,22411530-3,Dew Point,CURRENT,°C,11.101877101597223
2026-09-26T05:40:00+00:00,22411541-S,Battery,CURRENT,V,8.38046923828125
2026-09-26T05:40:00+00:00,22447758-1,Temperature,CURRENT,°C,12.481240234375
2026-09-26T05:40:00+00:00,22447758-2,RH,CURRENT,%,87.79430838483253
2026-09-26T05:40:00+00:00,22447758-3,Dew Point,CURRENT,°C,10.526863526442321
2026-09-26T05:40:00+00:00,22447759-1,Temperature,CURRENT,°C,12.524140625000001
2026-09-26T05:40:00+00:00,22447759-2,RH,CURRENT,%,87.80956740672923
2026-09-26T05:40:00+00:00,22447759-3,Dew Point,CURRENT,°C,10.571768068706323
2026-09-26T05:40:00+00:00,22447760-1,Temperature,CURRENT,°C,12.502690429687497
2026-09-26T05:40:00+00:00,22447760-2,RH,CURRENT,%,88.27649347676814
2026-09-26T05:40:00+00:00,22447760-3,Dew Point,CURRENT,°C,10.630263684405081
2026-09-26T05:40:00+00:00,22447761-1,Temperature,CURRENT,°C,12.416889648437497
2026-09-26T05:40:00+00:00,22447761-2,RH,CURRENT,%,87.85839627679866
2026-09-26T05:40:00+00:00,22447761-3,Dew Point,CURRENT,°C,10.474368366667637
2026-09-26T05:40:00+00:00,22447762-1,Temperature,CURRENT,°C,12.545590820312498
2026-09-26T05:40:00+00:00,22447762-2,RH,CURRENT,%,87.3136491950866
2026-09-26T05:40:00+00:00,22447762-3,Dew Point,CURRENT,°C,10.507889558224297
2026-09-26T05:40:00+00:00,22447764-1,Temperature,CURRENT,°C,12.395439453125
2026-09-26T05:40:00+00:00,22447764-2,RH,CURRENT,%,88.54657816433966
2026-09-26T05:40:00+00:00,22447764-3,Dew Point,CURRENT,°C,10.570315888953077
2026-09-26T05:40:00+00:00,22447765-1,Temperature,CURRENT,°C,12.459790039062497
2026-09-26T05:40:00+00:00,22447765-2,RH,CURRENT,%,87.94079499504082
2026-09-26T05:40:00+00:00,22447765-3,Dew Point,CURRENT,°C,10.530737448749885
2026-09-26T05:40:00+00:00,22447766-1,Temperature,CURRENT,°C,12.524140625000001
2026-09-26T05:40:00+00:00,22447766-2,RH,CURRENT,%,87.70733196002136
2026-09-26T05:40:00+00:00,22447766-3,Dew Point,CURRENT,°C,10.554277120070823
2026-09-26T05:45:00+00:00,22407254-1,Temperature,CURRENT,°C,12.309638671875
2026-09-26T05:45:00+00:00,22407254-2,RH,CURRENT,%,87.29076066224155
2026-09-26T05:45:00+00:00,22407254-3,Dew Point,CURRENT,°C,10.271492618483645
2026-09-26T05:45:00+00:00,22411189-1,Temperature,CURRENT,°C,12.3525390625
2026-09-26T05:45:00+00:00,22411189-2,RH,CURRENT,%,93.56374456397344
2026-09-26T05:45:00+00:00,22411189-3,Dew Point,CURRENT,°C,11.358002921580429
2026-09-26T05:45:00+00:00,22411190-1,Temperature,CURRENT,°C,12.43833984375
2026-09-26T05:45:00+00:00,22411190-2,RH,CURRENT,%,90.33188372625315
2026-09-26T05:45:00+00:00,22411190-3,Dew Point,CURRENT,°C,10.91284611959607
2026-09-26T05:45:00+00:00,22411191-1,Temperature,CURRENT,°C,12.588491210937498
2026-09-26T05:45:00+00:00,22411191-2,RH,CURRENT,%,91.98748760204471
2026-09-26T05:45:00+00:00,22411191-3,Dew Point,CURRENT,°C,11.335476062543188
2026-09-26T05:45:00+00:00,22411525-1,Temperature,CURRENT,°C,12.567041015625001
2026-09-26T05:45:00+00:00,22411525-2,RH,CURRENT,%,89.74898908979934
2026-09-26T05:45:00+00:00,22411525-3,Dew Point,CURRENT,°C,10.942636658739762
2026-09-26T05:45:00+00:00,22411526-1,Temperature,CURRENT,°C,12.245288085937496
2026-09-26T05:45:00+00:00,22411526-2,RH,CURRENT,%,91.95086594949264
2026-09-26T05:45:00+00:00,22411526-3,Dew Point,CURRENT,°C,10.989197467967127
2026-09-26T05:45:00+00:00,22411527-1,Temperature,CURRENT,°C,12.631391601562498
2026-09-26T05:45:00+00:00,22411527-2,RH,CURRENT,%,89.8863202868696
2026-09-26T05:45:00+00:00,22411527-3,Dew Point,CURRENT,°C,11.029289087572787
2026-09-26T05:45:00+00:00,22411528-1,Temperature,CURRENT,°C,12.052236328124998
2026-09-26T05:45:00+00:00,22411528-2,RH,CURRENT,%,94.2900740062562
2026-09-26T05:45:00+00:00,22411528-3,Dew Point,CURRENT,°C,11.176265521839694
2026-09-26T05:45:00+00:00,22411529-1,Temperature,CURRENT,°C,11.666132812499995
2026-09-26T05:45:00+00:00,22411529-2,RH,CURRENT,%,95.52605477988861
2026-09-26T05:45:00+00:00,22411529-3,Dew Point,CURRENT,°C,10.98834170767005
2026-09-26T05:45:00+00:00,22411530-1,Temperature,CURRENT,°C,12.502690429687497
2026-09-26T05:45:00+00:00,22411530-2,RH,CURRENT,%,90.4951552605478
2026-09-26T05:45:00+00:00,22411530-3,Dew Point,CURRENT,°C,11.003714450773098
2026-09-26T05:45:00+00:00,22411541-S,Battery,CURRENT,V,8.38046923828125
2026-09-26T05:45:00+00:00,22447758-1,Temperature,CURRENT,°C,12.395439453125
2026-09-26T05:45:00+00:00,22447758-2,RH,CURRENT,%,87.8767071030747
2026-09-26T05:45:00+00:00,22447758-3,Dew Point,CURRENT,°C,10.456344915683697
2026-09-26T05:45:00+00:00,22447759-1,Temperature,CURRENT,°C,12.416889648437497
2026-09-26T05:45:00+00:00,22447759-2,RH,CURRENT,%,87.92858777752346
2026-09-26T05:45:00+00:00,22447759-3,Dew Point,CURRENT,°C,10.486350643033527
2026-09-26T05:45:00+00:00,22447760-1,Temperature,CURRENT,°C,12.373989257812497
2026-09-26T05:45:00+00:00,22447760-2,RH,CURRENT,%,88.46723125047684
2026-09-26T05:45:00+00:00,22447760-3,Dew Point,CURRENT,°C,10.535688323388484
2026-09-26T05:45:00+00:00,22447761-1,Temperature,CURRENT,°C,12.309638671875
2026-09-26T05:45:00+00:00,22447761-2,RH,CURRENT,%,88.1376363775082
2026-09-26T05:45:00+00:00,22447761-3,Dew Point,CURRENT,°C,10.416198675816142
2026-09-26T05:45:00+00:00,22447762-1,Temperature,CURRENT,°C,12.416889648437497
2026-09-26T05:45:00+00:00,22447762-2,RH,CURRENT,%,87.55779354543374
2026-09-26T05:45:00+00:00,22447762-3,Dew Point,CURRENT,°C,10.422957582726903
2026-09-26T05:45:00+00:00,22447764-1,Temperature,CURRENT,°C,12.309638671875
2026-09-26T05:45:00+00:00,22447764-2,RH,CURRENT,%,88.48096437018387
2026-09-26T05:45:00+00:00,22447764-3,Dew Point,CURRENT,°C,10.474515289917457
2026-09-26T05:45:00+00:00,22447765-1,Temperature,CURRENT,°C,12.395439453125
2026-09-26T05:45:00+00:00,22447765-2,RH,CURRENT,%,87.75768673228046
2026-09-26T05:45:00+00:00,22447765-3,Dew Point,CURRENT,°C,10.436015089554722
2026-09-26T05:45:00+00:00,22447766-1,Temperature,CURRENT,°C,12.416889648437497
2026-09-26T05:45:00+00:00,22447766-2,RH,CURRENT,%,87.83703364614328
2026-09-26T05:45:00+00:00,22447766-3,Dew Point,CURRENT,°C,10.470719916551955
2026-09-26T05:50:00+00:00,22407254-1,Temperature,CURRENT,°C,12.288188476562496
2026-09-26T05:50:00+00:00,22407254-2,RH,CURRENT,%,87.61272602426185
2026-09-26T05:50:00+00:00,22407254-3,Dew Point,CURRENT,°C,10.30550929021447
2026-09-26T05:50:00+00:00,22411189-1,Temperature,CURRENT,°C,12.288188476562496
2026-09-26T05:50:00+00:00,22411189-2,RH,CURRENT,%,93.96505683985656
2026-09-26T05:50:00+00:00,22411189-3,Dew Point,CURRENT,°C,11.358725258879794
2026-09-26T05:50:00+00:00,22411190-1,Temperature,CURRENT,°C,12.373989257812497
2026-09-26T05:50:00+00:00,22411190-2,RH,CURRENT,%,90.72098878461891
2026-09-26T05:50:00+00:00,22411190-3,Dew Point,CURRENT,°C,10.913884309277655
2026-09-26T05:50:00+00:00,22411191-1,Temperature,CURRENT,°C,12.545590820312498
2026-09-26T05:50:00+00:00,22411191-2,RH,CURRENT,%,92.34912642099641
2026-09-26T05:50:00+00:00,22411191-3,Dew Point,CURRENT,°C,11.35221320562391
2026-09-26T05:50:00+00:00,22411525-1,Temperature,CURRENT,°C,12.545590820312498
2026-09-26T05:50:00+00:00,22411525-2,RH,CURRENT,%,90.06027313649196
2026-09-26T05:50:00+00:00,22411525-3,Dew Point,CURRENT,°C,10.973578635138944
2026-09-26T05:50:00+00:00,22411526-1,Temperature,CURRENT,°C,12.180937499999999
2026-09-26T05:50:00+00:00,22411526-2,RH,CURRENT,%,92.33081559472038
2026-09-26T05:50:00+00:00,22411526-3,Dew Point,CURRENT,°C,10.987506074993053
2026-09-26T05:50:00+00:00,22411527-1,Temperature,CURRENT,°C,12.588491210937498
2026-09-26T05:50:00+00:00,22411527-2,RH,CURRENT,%,90.21286335545892
2026-09-26T05:50:00+00:00,22411527-3,Dew Point,CURRENT,°C,11.041516826294725
2026-09-26T05:50:00+00:00,22411528-1,Temperature,CURRENT,°C,12.009335937499998
2026-09-26T05:50:00+00:00,22411528-2,RH,CURRENT,%,94.55252918287938
2026-09-26T05:50:00+00:00,22411528-3,Dew Point,CURRENT,°C,11.175535083608954
2026-09-26T05:50:00+00:00,22411529-1,Temperature,CURRENT,°C,11.644682617187499
2026-09-26T05:50:00+00:00,22411529-2,RH,CURRENT,%,95.71526665140765
2026-09-26T05:50:00+00:00,22411529-3,Dew Point,CURRENT,°C,10.996786193503262
2026-09-26T05:50:00+00:00,22411530-1,Temperature,CURRENT,°C,12.481240234375
2026-09-26T05:50:00+00:00,22411530-2,RH,CURRENT,%,90.80643930724041
2026-09-26T05:50:00+00:00,22411530-3,Dew Point,CURRENT,°C,11.03423117094686
2026-09-26T05:50:00+00:00,22411541-S,Battery,CURRENT,V,8.38046923828125
2026-09-26T05:50:00+00:00,22447758-1,Temperature,CURRENT,°C,12.3525390625
2026-09-26T05:50:00+00:00,22447758-2,RH,CURRENT,%,88.25207904173342
2026-09-26T05:50:00+00:00,22447758-3,Dew Point,CURRENT,°C,10.477981850940221
2026-09-26T05:50:00+00:00,22447759-1,Temperature,CURRENT,°C,12.395439453125
2026-09-26T05:50:00+00:00,22447759-2,RH,CURRENT,%,88.35278858625162
2026-09-26T05:50:00+00:00,22447759-3,Dew Point,CURRENT,°C,10.537422922560529
2026-09-26T05:50:00+00:00,22447760-1,Temperature,CURRENT,°C,12.331088867187496
2026-09-26T05:50:00+00:00,22447760-2,RH,CURRENT,%,88.74341954680705
2026-09-26T05:50:00+00:00,22447760-3,Dew Point,CURRENT,°C,10.540136396432068
2026-09-26T05:50:00+00:00,22447761-1,Temperature,CURRENT,°C,12.245288085937496
2026-09-26T05:50:00+00:00,22447761-2,RH,CURRENT,%,88.38178072785534
2026-09-26T05:50:00+00:00,22447761-3,Dew Point,CURRENT,°C,10.394194028153624
2026-09-26T05:50:00+00:00,22447762-1,Temperature,CURRENT,°C,12.3525390625
2026-09-26T05:50:00+00:00,22447762-2,RH,CURRENT,%,87.86755168993668
2026-09-26T05:50:00+00:00,22447762-3,Dew Point,CURRENT,°C,10.412482242911484
2026-09-26T05:50:00+00:00,22447764-1,Temperature,CURRENT,°C,12.288188476562496
2026-09-26T05:50:00+00:00,22447764-2,RH,CURRENT,%,88.96772716868848
2026-09-26T05:50:00+00:00,22447764-3,Dew Point,CURRENT,°C,10.535673482363295
2026-09-26T05:50:00+00:00,22447765-1,Temperature,CURRENT,°C,12.331088867187496
2026-09-26T05:50:00+00:00,22447765-2,RH,CURRENT,%,88.2887006942855
2026-09-26T05:50:00+00:00,22447765-3,Dew Point,CURRENT,°C,10.46304469468272
2026-09-26T05:50:00+00:00,22447766-1,Temperature,CURRENT,°C,12.395439453125
2026-09-26T05:50:00+00:00,22447766-2,RH,CURRENT,%,88.20630197604333
2026-09-26T05:50:00+00:00,22447766-3,Dew Point,CURRENT,°C,10.512516832402497
2026-09-26T05:55:00+00:00,22407254-1,Temperature,CURRENT,°C,12.202387695312495
2026-09-26T05:55:00+00:00,22407254-2,RH,CURRENT,%,87.83245593957427
2026-09-26T05:55:00+00:00,22407254-3,Dew Point,CURRENT,°C,10.258448858317983
2026-09-26T05:55:00+00:00,22411189-1,Temperature,CURRENT,°C,12.223837890625
2026-09-26T05:55:00+00:00,22411189-2,RH,CURRENT,%,94.02609292744336
2026-09-26T05:55:00+00:00,22411189-3,Dew Point,CURRENT,°C,11.30456509177418
2026-09-26T05:55:00+00:00,22411190-1,Temperature,CURRENT,°C,12.309638671875
2026-09-26T05:55:00+00:00,22411190-2,RH,CURRENT,%,90.77897306782636
2026-09-26T05:55:00+00:00,22411190-3,Dew Point,CURRENT,°C,10.859804616885326
2026-09-26T05:55:00+00:00,22411191-1,Temperature,CURRENT,°C,12.43833984375
2026-09-26T05:55:00+00:00,22411191-2,RH,CURRENT,%,92.52002746623941
2026-09-26T05:55:00+00:00,22411191-3,Dew Point,CURRENT,°C,11.273741118631325
2026-09-26T05:55:00+00:00,22411525-1,Temperature,CURRENT,°C,12.43833984375
2026-09-26T05:55:00+00:00,22411525-2,RH,CURRENT,%,90.32730601968414
2026-09-26T05:55:00+00:00,22411525-3,Dew Point,CURRENT,°C,10.912083091782977
2026-09-26T05:55:00+00:00,22411526-1,Temperature,CURRENT,°C,12.116586914062495
2026-09-26T05:55:00+00:00,22411526-2,RH,CURRENT,%,92.40405889982452
2026-09-26T05:55:00+00:00,22411526-3,Dew Point,CURRENT,°C,10.935614945181094
2026-09-26T05:55:00+00:00,22411527-1,Temperature,CURRENT,°C,12.481240234375
2026-09-26T05:55:00+00:00,22411527-2,RH,CURRENT,%,90.47379262989243
2026-09-26T05:55:00+00:00,22411527-3,Dew Point,CURRENT,°C,10.978932529856843
2026-09-26T05:55:00+00:00,22411528-1,Temperature,CURRENT,°C,11.9449853515625
2026-09-26T05:55:00+00:00,22411528-2,RH,CURRENT,%,94.63797970550088
2026-09-26T05:55:00+00:00,22411528-3,Dew Point,CURRENT,°C,11.125142073713137
2026-09-26T05:55:00+00:00,22411529-1,Temperature,CURRENT,°C,11.601782226562499
2026-09-26T05:55:00+00:00,22411529-2,RH,CURRENT,%,95.6221866178378
2026-09-26T05:55:00+00:00,22411529-3,Dew Point,CURRENT,°C,10.939391846667997
2026-09-26T05:55:00+00:00,22411530-1,Temperature,CURRENT,°C,12.395439453125
2026-09-26T05:55:00+00:00,22411530-2,RH,CURRENT,%,90.95445181963836
2026-09-26T05:55:00+00:00,22411530-3,Dew Point,CURRENT,°C,10.973825935692254
2026-09-26T05:55:00+00:00,22411541-S,Battery,CURRENT,V,8.3740078125
2026-09-26T05:55:00+00:00,22447758-1,Temperature,CURRENT,°C,12.26673828125
2026-09-26T05:55:00+00:00,22447758-2,RH,CURRENT,%,88.56946669718471
2026-09-26T05:55:00+00:00,22447758-3,Dew Point,CURRENT,°C,10.447175133966912
2026-09-26T05:55:00+00:00,22447759-1,Temperature,CURRENT,°C,12.309638671875
2026-09-26T05:55:00+00:00,22447759-2,RH,CURRENT,%,88.62439917601282
2026-09-26T05:55:00+00:00,22447759-3,Dew Point,CURRENT,°C,10.498819779406839
2026-09-26T05:55:00+00:00,22447760-1,Temperature,CURRENT,°C,12.245288085937496
2026-09-26T05:55:00+00:00,22447760-2,RH,CURRENT,%,89.10811017013809
2026-09-26T05:55:00+00:00,22447760-3,Dew Point,CURRENT,°C,10.516971080152713
2026-09-26T05:55:00+00:00,22447761-1,Temperature,CURRENT,°C,12.180937499999999
2026-09-26T05:55:00+00:00,22447761-2,RH,CURRENT,%,88.68848706797894
2026-09-26T05:55:00+00:00,22447761-3,Dew Point,CURRENT,°C,10.382625215864307
2026-09-26T05:55:00+00:00,22447762-1,Temperature,CURRENT,°C,12.288188476562496
2026-09-26T05:55:00+00:00,22447762-2,RH,CURRENT,%,88.203250171664
2026-09-26T05:55:00+00:00,22447762-3,Dew Point,CURRENT,°C,10.406199345748723
2026-09-26T05:55:00+00:00,22447764-1,Temperature,CURRENT,°C,12.202387695312495
2026-09-26T05:55:00+00:00,22447764-2,RH,CURRENT,%,89.17677576867322
2026-09-26T05:55:00+00:00,22447764-3,Dew Point,CURRENT,°C,10.486156801435474
2026-09-26T05:55:00+00:00,22447765-1,Temperature,CURRENT,°C,12.26673828125
2026-09-26T05:55:00+00:00,22447765-2,RH,CURRENT,%,88.549629968719
2026-09-26T05:55:00+00:00,22447765-3,Dew Point,CURRENT,°C,10.443815251151078
2026-09-26T05:55:00+00:00,22447766-1,Temperature,CURRENT,°C,12.309638671875
2026-09-26T05:55:00+00:00,22447766-2,RH,CURRENT,%,88.48096437018387
2026-09-26T05:55:00+00:00,22447766-3,Dew Point,CURRENT,°C,10.474515289917457
2026-09-26T06:00:00+00:00,22407254-1,Temperature,CURRENT,°C,11.966435546874997
2026-09-26T06:00:00+00:00,22407254-2,RH,CURRENT,%,88.44586861982147
2026-09-26T06:00:00+00:00,22407254-3,Dew Point,CURRENT,°C,10.12989225452946
2026-09-26T06:00:00+00:00,22411189-1,Temperature,CURRENT,°C,11.987885742187501
2026-09-26T06:00:00+00:00,22411189-2,RH,CURRENT,%,94.67612726024262
2026-09-26T06:00:00+00:00,22411189-3,Dew Point,CURRENT,°C,11.1739048839357
2026-09-26T06:00:00+00:00,22411190-1,Temperature,CURRENT,°C,12.095136718749998
2026-09-26T06:00:00+00:00,22411190-2,RH,CURRENT,%,91.50225070572976
2026-09-26T06:00:00+00:00,22411190-3,Dew Point,CURRENT,°C,10.766757387364839
2026-09-26T06:00:00+00:00,22411191-1,Temperature,CURRENT,°C,12.245288085937496
2026-09-26T06:00:00+00:00,22411191-2,RH,CURRENT,%,93.10444800488288
2026-09-26T06:00:00+00:00,22411191-3,Dew Point,CURRENT,°C,11.177172955676914
2026-09-26T06:00:00+00:00,22411525-1,Temperature,CURRENT,°C,12.245288085937496
2026-09-26T06:00:00+00:00,22411525-2,RH,CURRENT,%,90.87510490577554
2026-09-26T06:00:00+00:00,22411525-3,Dew Point,CURRENT,°C,10.812025933884009
2026-09-26T06:00:00+00:00,22411526-1,Temperature,CURRENT,°C,11.9020849609375
2026-09-26T06:00:00+00:00,22411526-2,RH,CURRENT,%,92.69398031586175
2026-09-26T06:00:00+00:00,22411526-3,Dew Point,CURRENT,°C,10.769923667018366
2026-09-26T06:00:00+00:00,22411527-1,Temperature,CURRENT,°C,12.309638671875
2026-09-26T06:00:00+00:00,22411527-2,RH,CURRENT,%,91.108567940795
2026-09-26T06:00:00+00:00,22411527-3,Dew Point,CURRENT,°C,10.914360521159923
2026-09-26T06:00:00+00:00,22411528-1,Temperature,CURRENT,°C,11.7304833984375
2026-09-26T06:00:00+00:00,22411528-2,RH,CURRENT,%,94.93705653467613
2026-09-26T06:00:00+00:00,22411528-3,Dew Point,CURRENT,°C,10.959245172745664
2026-09-26T06:00:00+00:00,22411529-1,Temperature,CURRENT,°C,11.40873046875
2026-09-26T06:00:00+00:00,22411529-2,RH,CURRENT,%,95.62371252002747
2026-09-26T06:00:00+00:00,22411529-3,Dew Point,CURRENT,°C,10.747318222769714
2026-09-26T06:00:00+00:00,22411530-1,Temperature,CURRENT,°C,12.159487304687495
2026-09-26T06:00:00+00:00,22411530-2,RH,CURRENT,%,91.54802777141985
2026-09-26T06:00:00+00:00,22411530-3,Dew Point,CURRENT,°C,10.83804554776957
2026-09-26T06:00:00+00:00,22411541-S,Battery,CURRENT,V,8.3740078125
2026-09-26T06:00:00+00:00,22447758-1,Temperature,CURRENT,°C,12.030786132812501
2026-09-26T06:00:00+00:00,22447758-2,RH,CURRENT,%,89.02113374532692
2026-09-26T06:00:00+00:00,22447758-3,Dew Point,CURRENT,°C,10.290480026662115
2026-09-26T06:00:00+00:00,22447759-1,Temperature,CURRENT,°C,12.052236328124998
2026-09-26T06:00:00+00:00,22447759-2,RH,CURRENT,%,89.17372396429388
2026-09-26T06:00:00+00:00,22447759-3,Dew Point,CURRENT,°C,10.337327849685988
2026-09-26T06:00:00+00:00,22447760-1,Temperature,CURRENT,°C,12.009335937499998
2026-09-26T06:00:00+00:00,22447760-2,RH,CURRENT,%,89.64980544747081
2026-09-26T06:00:00+00:00,22447760-3,Dew Point,CURRENT,°C,10.374749360402923
2026-09-26T06:00:00+00:00,22447761-1,Temperature,CURRENT,°C,11.9449853515625
2026-09-26T06:00:00+00:00,22447761-2,RH,CURRENT,%,89.19203479056992
2026-09-26T06:00:00+00:00,22447761-3,Dew Point,CURRENT,°C,10.234461958699654
2026-09-26T06:00:00+00:00,22447762-1,Temperature,CURRENT,°C,12.030786132812501
2026-09-26T06:00:00+00:00,22447762-2,RH,CURRENT,%,88.84870679789425
2026-09-26T06:00:00+00:00,22447762-3,Dew Point,CURRENT,°C,10.26143787472085
2026-09-26T06:00:00+00:00,22447764-1,Temperature,CURRENT,°C,11.966435546874997
2026-09-26T06:00:00+00:00,22447764-2,RH,CURRENT,%,89.88784618905927
2026-09-26T06:00:00+00:00,22447764-3,Dew Point,CURRENT,°C,10.372091501031738
2026-09-26T06:00:00+00:00,22447765-1,Temperature,CURRENT,°C,12.030786132812501
2026-09-26T06:00:00+00:00,22447765-2,RH,CURRENT,%,89.10048065918974
2026-09-26T06:00:00+00:00,22447765-3,Dew Point,CURRENT,°C,10.303827944269718
2026-09-26T06:00:00+00:00,22447766-1,Temperature,CURRENT,°C,12.073686523437502
2026-09-26T06:00:00+00:00,22447766-2,RH,CURRENT,%,89.11726558327611
2026-09-26T06:00:00+00:00,22447766-3,Dew Point,CURRENT,°C,10.349022980671924
2026-09-26T06:05:00+00:00,22407254-1,Temperature,CURRENT,°C,11.9020849609375
2026-09-26T06:05:00+00:00,22407254-2,RH,CURRENT,%,88.84260318913557
2026-09-26T06:05:00+00:00,22407254-3,Dew Point,CURRENT,°C,10.133337365138564
2026-09-26T06:05:00+00:00,22411189-1,Temperature,CURRENT,°C,11.966435546874997
2026-09-26T06:05:00+00:00,22411189-2,RH,CURRENT,%,95.13389791714351
2026-09-26T06:05:00+00:00,22411189-3,Dew Point,CURRENT,°C,11.22534863870374
2026-09-26T06:05:00+00:00,22411190-1,Temperature,CURRENT,°C,12.073686523437502
2026-09-26T06:05:00+00:00,22411190-2,RH,CURRENT,%,91.80895704585336
2026-09-26T06:05:00+00:00,22411190-3,Dew Point,CURRENT,°C,10.79582909504522
2026-09-26T06:05:00+00:00,22411191-1,Temperature,CURRENT,°C,12.223837890625
2026-09-26T06:05:00+00:00,22411191-2,RH,CURRENT,%,93.4706645304036
2026-09-26T06:05:00+00:00,22411191-3,Dew Point,CURRENT,°C,11.21511087079535
2026-09-26T06:05:00+00:00,22411525-1,Temperature,CURRENT,°C,12.223837890625
2026-09-26T06:05:00+00:00,22411525-2,RH,CURRENT,%,91.11924925612269
2026-09-26T06:05:00+00:00,22411525-3,Dew Point,CURRENT,°C,10.831152946339046
2026-09-26T06:05:00+00:00,22411526-1,Temperature,CURRENT,°C,11.837734374999997
2026-09-26T06:05:00+00:00,22411526-2,RH,CURRENT,%,93.2646677347982
2026-09-26T06:05:00+00:00,22411526-3,Dew Point,CURRENT,°C,10.79835522303689
2026-09-26T06:05:00+00:00,22411527-1,Temperature,CURRENT,°C,12.309638671875
2026-09-26T06:05:00+00:00,22411527-2,RH,CURRENT,%,91.14671549553674
2026-09-26T06:05:00+00:00,22411527-3,Dew Point,CURRENT,°C,10.920663657399961
2026-09-26T06:05:00+00:00,22411528-1,Temperature,CURRENT,°C,11.666132812499995
2026-09-26T06:05:00+00:00,22411528-2,RH,CURRENT,%,95.5367360952163
2026-09-26T06:05:00+00:00,22411528-3,Dew Point,CURRENT,°C,10.990026200209371
2026-09-26T06:05:00+00:00,22411529-1,Temperature,CURRENT,°C,11.301479492187497
2026-09-26T06:05:00+00:00,22411529-2,RH,CURRENT,%,96.2600137331197
2026-09-26T06:05:00+00:00,22411529-3,Dew Point,CURRENT,°C,10.740155445385826
2026-09-26T06:05:00+00:00,22411530-1,Temperature,CURRENT,°C,12.159487304687495
2026-09-26T06:05:00+00:00,22411530-2,RH,CURRENT,%,91.86388952468147
2026-09-26T06:05:00+00:00,22411530-3,Dew Point,CURRENT,°C,10.889884107750627
2026-09-26T06:05:00+00:00,22411541-S,Battery,CURRENT,V,8.36754638671875
2026-09-26T06:05:00+00:00,22447758-1,Temperature,CURRENT,°C,11.987885742187501
2026-09-26T06:05:00+00:00,22447758-2,RH,CURRENT,%,89.42092011902037
2026-09-26T06:05:00+00:00,22447758-3,Dew Point,CURRENT,°C,10.315236597049314
2026-09-26T06:05:00+00:00,22447759-1,Temperature,CURRENT,°C,12.052236328124998
2026-09-26T06:05:00+00:00,22447759-2,RH,CURRENT,%,89.61623559929808
2026-09-26T06:05:00+00:00,22447759-3,Dew Point,CURRENT,°C,10.411536261052548
2026-09-26T06:05:00+00:00,22447760-1,Temperature,CURRENT,°C,11.987885742187501
2026-09-26T06:05:00+00:00,22447760-2,RH,CURRENT,%,89.82223239490348
2026-09-26T06:05:00+00:00,22447760-3,Dew Point,CURRENT,°C,10.382351892639651
2026-09-26T06:05:00+00:00,22447761-1,Temperature,CURRENT,°C,11.923535156249997
2026-09-26T06:05:00+00:00,22447761-2,RH,CURRENT,%,89.44838635843442
2026-09-26T06:05:00+00:00,22447761-3,Dew Point,CURRENT,°C,10.256250477126748
2026-09-26T06:05:00+00:00,22447762-1,Temperature,CURRENT,°C,12.030786132812501
2026-09-26T06:05:00+00:00,22447762-2,RH,CURRENT,%,88.88990615701533
2026-09-26T06:05:00+00:00,22447762-3,Dew Point,CURRENT,°C,10.268381652489644
2026-09-26T06:05:00+00:00,22447764-1,Temperature,CURRENT,°C,11.9449853515625
2026-09-26T06:05:00+00:00,22447764-2,RH,CURRENT,%,90.29526207370108
2026-09-26T06:05:00+00:00,22447764-3,Dew Point,CURRENT,°C,10.418683235368519
2026-09-26T06:05:00+00:00,22447765-1,Temperature,CURRENT,°C,12.009335937499998
2026-09-26T06:05:00+00:00,22447765-2,RH,CURRENT,%,89.5399404898146
2026-09-26T06:05:00+00:00,22447765-3,Dew Point,CURRENT,°C,10.356367658771413
2026-09-26T06:05:00+00:00,22447766-1,Temperature,CURRENT,°C,12.073686523437502
2026-09-26T06:05:00+00:00,22447766-2,RH,CURRENT,%,89.5399404898146
2026-09-26T06:05:00+00:00,22447766-3,Dew Point,CURRENT,°C,10.419963219188354
2026-09-26T06:10:00+00:00,22407254-1,Temperature,CURRENT,°C,11.9020849609375
2026-09-26T06:10:00+00:00,22407254-2,RH,CURRENT,%,88.74799725337606
2026-09-26T06:10:00+00:00,22407254-3,Dew Point,CURRENT,°C,10.117397059460787
2026-09-26T06:10:00+00:00,22411189-1,Temperature,CURRENT,°C,12.052236328124998
2026-09-26T06:10:00+00:00,22411189-2,RH,CURRENT,%,94.88212405584802
2026-09-26T06:10:00+00:00,22411189-3,Dew Point,CURRENT,°C,11.270745766485152
2026-09-26T06:10:00+00:00,22411190-1,Temperature,CURRENT,°C,12.138037109374999
2026-09-26T06:10:00+00:00,22411190-2,RH,CURRENT,%,91.51598382543679
2026-09-26T06:10:00+00:00,22411190-3,Dew Point,CURRENT,°C,10.811523322161516
2026-09-26T06:10:00+00:00,22411191-1,Temperature,CURRENT,°C,12.288188476562496
2026-09-26T06:10:00+00:00,22411191-2,RH,CURRENT,%,93.15175097276264
2026-09-26T06:10:00+00:00,22411191-3,Dew Point,CURRENT,°C,11.227437254436467
2026-09-26T06:10:00+00:00,22411525-1,Temperature,CURRENT,°C,12.288188476562496
2026-09-26T06:10:00+00:00,22411525-2,RH,CURRENT,%,90.94071869993134
2026-09-26T06:10:00+00:00,22411525-3,Dew Point,CURRENT,°C,10.865361041254303
2026-09-26T06:10:00+00:00,22411526-1,Temperature,CURRENT,°C,11.9020849609375
2026-09-26T06:10:00+00:00,22411526-2,RH,CURRENT,%,93.33028152895399
2026-09-26T06:10:00+00:00,22411526-3,Dew Point,CURRENT,°C,10.872850604840044
2026-09-26T06:10:00+00:00,22411527-1,Temperature,CURRENT,°C,12.331088867187496
2026-09-26T06:10:00+00:00,22411527-2,RH,CURRENT,%,91.0734721904326
2026-09-26T06:10:00+00:00,22411527-3,Dew Point,CURRENT,°C,10.929801413608256
2026-09-26T06:10:00+00:00,22411528-1,Temperature,CURRENT,°C,11.7304833984375
2026-09-26T06:10:00+00:00,22411528-2,RH,CURRENT,%,95.6771190966659
2026-09-26T06:10:00+00:00,22411528-3,Dew Point,CURRENT,°C,11.076258584632967
2026-09-26T06:10:00+00:00,22411529-1,Temperature,CURRENT,°C,11.344379882812497
2026-09-26T06:10:00+00:00,22411529-2,RH,CURRENT,%,96.61249713893339
2026-09-26T06:10:00+00:00,22411529-3,Dew Point,CURRENT,°C,10.837913959438758
2026-09-26T06:10:00+00:00,22411530-1,Temperature,CURRENT,°C,12.223837890625
2026-09-26T06:10:00+00:00,22411530-2,RH,CURRENT,%,91.64415960936904
2026-09-26T06:10:00+00:00,22411530-3,Dew Point,CURRENT,°C,10.917613196606101
2026-09-26T06:10:00+00:00,22411541-S,Battery,CURRENT,V,8.36754638671875
2026-09-26T06:10:00+00:00,22447758-1,Temperature,CURRENT,°C,11.987885742187501
2026-09-26T06:10:00+00:00,22447758-2,RH,CURRENT,%,89.34309910734721
2026-09-26T06:10:00+00:00,22447758-3,Dew Point,CURRENT,°C,10.3021911986347
2026-09-26T06:10:00+00:00,22447759-1,Temperature,CURRENT,°C,12.030786132812501
2026-09-26T06:10:00+00:00,22447759-2,RH,CURRENT,%,89.43007553215838
2026-09-26T06:10:00+00:00,22447759-3,Dew Point,CURRENT,°C,10.359161517509717
2026-09-26T06:10:00+00:00,22447760-1,Temperature,CURRENT,°C,11.987885742187501
2026-09-26T06:10:00+00:00,22447760-2,RH,CURRENT,%,89.89547570000762
2026-09-26T06:10:00+00:00,22447760-3,Dew Point,CURRENT,°C,10.394572615579039
2026-09-26T06:10:00+00:00,22447761-1,Temperature,CURRENT,°C,11.9020849609375
2026-09-26T06:10:00+00:00,22447761-2,RH,CURRENT,%,89.52162966353856
2026-09-26T06:10:00+00:00,22447761-3,Dew Point,CURRENT,°C,10.247311641094585
2026-09-26T06:10:00+00:00,22447762-1,Temperature,CURRENT,°C,12.009335937499998
2026-09-26T06:10:00+00:00,22447762-2,RH,CURRENT,%,89.07148851758602
2026-09-26T06:10:00+00:00,22447762-3,Dew Point,CURRENT,°C,10.277766920544504
2026-09-26T06:10:00+00:00,22447764-1,Temperature,CURRENT,°C,11.923535156249997
2026-09-26T06:10:00+00:00,22447764-2,RH,CURRENT,%,89.95651178759441
2026-09-26T06:10:00+00:00,22447764-3,Dew Point,CURRENT,°C,10.341118329848758
2026-09-26T06:10:00+00:00,22447765-1,Temperature,CURRENT,°C,12.009335937499998
2026-09-26T06:10:00+00:00,22447765-2,RH,CURRENT,%,89.30952925917448
2026-09-26T06:10:00+00:00,22447765-3,Dew Point,CURRENT,°C,10.31775265757264
2026-09-26T06:10:00+00:00,22447766-1,Temperature,CURRENT,°C,12.052236328124998
2026-09-26T06:10:00+00:00,22447766-2,RH,CURRENT,%,89.25459678034638
2026-09-26T06:10:00+00:00,22447766-3,Dew Point,CURRENT,°C,10.350914217295713
2026-09-26T06:15:00+00:00,22407254-1,Temperature,CURRENT,°C,11.7733837890625
2026-09-26T06:15:00+00:00,22407254-2,RH,CURRENT,%,89.35683222705424
2026-09-26T06:15:00+00:00,22407254-3,Dew Point,CURRENT,°C,10.092559416442425
2026-09-26T06:15:00+00:00,22411189-1,Temperature,CURRENT,°C,11.837734374999997
2026-09-26T06:15:00+00:00,22411189-2,RH,CURRENT,%,95.46807049668116
2026-09-26T06:15:00+00:00,22411189-3,Dew Point,CURRENT,°C,11.150105466413303
2026-09-26T06:15:00+00:00,22411190-1,Temperature,CURRENT,°C,11.923535156249997
2026-09-26T06:15:00+00:00,22411190-2,RH,CURRENT,%,92.1889066910811
2026-09-26T06:15:00+00:00,22411190-3,Dew Point,CURRENT,°C,10.709054342473888
2026-09-26T06:15:00+00:00,22411191-1,Temperature,CURRENT,°C,12.052236328124998
2026-09-26T06:15:00+00:00,22411191-2,RH,CURRENT,%,93.96200503547722
2026-09-26T06:15:00+00:00,22411191-3,Dew Point,CURRENT,°C,11.123687082009944
2026-09-26T06:15:00+00:00,22411525-1,Temperature,CURRENT,°C,12.052236328124998
2026-09-26T06:15:00+00:00,22411525-2,RH,CURRENT,%,91.6762035553521
2026-09-26T06:15:00+00:00,22411525-3,Dew Point,CURRENT,°C,10.752805390746285
2026-09-26T06:15:00+00:00,22411526-1,Temperature,CURRENT,°C,11.751933593749996
2026-09-26T06:15:00+00:00,22411526-2,RH,CURRENT,%,93.50881208514534
2026-09-26T06:15:00+00:00,22411526-3,Dew Point,CURRENT,°C,10.75244692404092
2026-09-26T06:15:00+00:00,22411527-1,Temperature,CURRENT,°C,12.095136718749998
2026-09-26T06:15:00+00:00,22411527-2,RH,CURRENT,%,91.80132753490501
2026-09-26T06:15:00+00:00,22411527-3,Dew Point,CURRENT,°C,10.815841535500011
2026-09-26T06:15:00+00:00,22411528-1,Temperature,CURRENT,°C,11.580332031249995
2026-09-26T06:15:00+00:00,22411528-2,RH,CURRENT,%,95.70153353170062
2026-09-26T06:15:00+00:00,22411528-3,Dew Point,CURRENT,°C,10.930513498365377
2026-09-26T06:15:00+00:00,22411529-1,Temperature,CURRENT,°C,11.280029296875
2026-09-26T06:15:00+00:00,22411529-2,RH,CURRENT,%,96.43244068055238
2026-09-26T06:15:00+00:00,22411529-3,Dew Point,CURRENT,°C,10.745676834995248
2026-09-26T06:15:00+00:00,22411530-1,Temperature,CURRENT,°C,12.009335937499998
2026-09-26T06:15:00+00:00,22411530-2,RH,CURRENT,%,92.3399710078584
2026-09-26T06:15:00+00:00,22411530-3,Dew Point,CURRENT,°C,10.81877914493234
2026-09-26T06:15:00+00:00,22411541-S,Battery,CURRENT,V,8.36754638671875
2026-09-26T06:15:00+00:00,22447758-1,Temperature,CURRENT,°C,11.837734374999997
2026-09-26T06:15:00+00:00,22447758-2,RH,CURRENT,%,89.90920881971465
2026-09-26T06:15:00+00:00,22447758-3,Dew Point,CURRENT,°C,10.248398547378738
2026-09-26T06:15:00+00:00,22447759-1,Temperature,CURRENT,°C,11.8591845703125
2026-09-26T06:15:00+00:00,22447759-2,RH,CURRENT,%,89.99771114671549
2026-09-26T06:15:00+00:00,22447759-3,Dew Point,CURRENT,°C,10.28434575184909
2026-09-26T06:15:00+00:00,22447760-1,Temperature,CURRENT,°C,11.837734374999997
2026-09-26T06:15:00+00:00,22447760-2,RH,CURRENT,%,90.32578011749447
2026-09-26T06:15:00+00:00,22447760-3,Dew Point,CURRENT,°C,10.317645645485479
2026-09-26T06:15:00+00:00,22447761-1,Temperature,CURRENT,°C,11.7733837890625
2026-09-26T06:15:00+00:00,22447761-2,RH,CURRENT,%,89.86343175402456
2026-09-26T06:15:00+00:00,22447761-3,Dew Point,CURRENT,°C,10.17714770797886
2026-09-26T06:15:00+00:00,22447762-1,Temperature,CURRENT,°C,11.8591845703125
2026-09-26T06:15:00+00:00,22447762-2,RH,CURRENT,%,89.55825131609063
2026-09-26T06:15:00+00:00,22447762-3,Dew Point,CURRENT,°C,10.211038484819088
2026-09-26T06:15:00+00:00,22447764-1,Temperature,CURRENT,°C,11.794833984374996
2026-09-26T06:15:00+00:00,22447764-2,RH,CURRENT,%,90.37155718318456
2026-09-26T06:15:00+00:00,22447764-3,Dew Point,CURRENT,°C,10.282793156118323
2026-09-26T06:15:00+00:00,22447765-1,Temperature,CURRENT,°C,11.8591845703125
2026-09-26T06:15:00+00:00,22447765-2,RH,CURRENT,%,89.72152285038528
2026-09-26T06:15:00+00:00,22447765-3,Dew Point,CURRENT,°C,10.238311017974643
2026-09-26T06:15:00+00:00,22447766-1,Temperature,CURRENT,°C,11.880634765624997
2026-09-26T06:15:00+00:00,22447766-2,RH,CURRENT,%,89.80392156862744
2026-09-26T06:15:00+00:00,22447766-3,Dew Point,CURRENT,°C,10.273264419435952
