timestamp_utc,sensor_sn,measurement_type,data_type,units,value
2026-05-18T00:00:00+00:00,22411189-1,Temperature,CURRENT,°C,22.627182617187493
2026-05-18T00:00:00+00:00,22411189-2,RH,CURRENT,%,69.4743266956588
2026-05-18T00:00:00+00:00,22411189-3,Dew Point,CURRENT,°C,16.779992613251004
2026-05-18T00:00:00+00:00,22411190-1,Temperature,CURRENT,°C,22.863134765625
2026-05-18T00:00:00+00:00,22411190-2,RH,CURRENT,%,67.1931029221027
2026-05-18T00:00:00+00:00,22411190-3,Dew Point,CURRENT,°C,16.47922793650455
2026-05-18T00:00:00+00:00,22411191-1,Temperature,CURRENT,°C,22.90603515624999
2026-05-18T00:00:00+00:00,22411191-2,RH,CURRENT,%,67.47844663157092
2026-05-18T00:00:00+00:00,22411191-3,Dew Point,CURRENT,°C,16.586838769600615
2026-05-18T00:00:00+00:00,22411525-1,Temperature,CURRENT,°C,22.927485351562503
2026-05-18T00:00:00+00:00,22411525-2,RH,CURRENT,%,65.97238117036697
2026-05-18T00:00:00+00:00,22411525-3,Dew Point,CURRENT,°C,16.25218247867664
2026-05-18T00:00:00+00:00,22411526-1,Temperature,CURRENT,°C,22.4126806640625
2026-05-18T00:00:00+00:00,22411526-2,RH,CURRENT,%,69.94430457007705
2026-05-18T00:00:00+00:00,22411526-3,Dew Point,CURRENT,°C,16.68096855914425
2026-05-18T00:00:00+00:00,22411527-1,Temperature,CURRENT,°C,23.013286132812503
2026-05-18T00:00:00+00:00,22411527-2,RH,CURRENT,%,65.84725719081406
2026-05-18T00:00:00+00:00,22411527-3,Dew Point,CURRENT,°C,16.3039135932544
2026-05-18T00:00:00+00:00,22411528-1,Temperature,CURRENT,°C,22.04802734375
2026-05-18T00:00:00+00:00,22411528-2,RH,CURRENT,%,72.23773556115053
2026-05-18T00:00:00+00:00,22411528-3,Dew Point,CURRENT,°C,16.83991885612486
2026-05-18T00:00:00+00:00,22411529-1,Temperature,CURRENT,°C,21.6833740234375
2026-05-18T00:00:00+00:00,22411529-2,RH,CURRENT,%,75.76562142366674
2026-05-18T00:00:00+00:00,22411529-3,Dew Point,CURRENT,°C,17.241970742188588
2026-05-18T00:00:00+00:00,22411530-1,Temperature,CURRENT,°C,22.777333984374998
2026-05-18T00:00:00+00:00,22411530-2,RH,CURRENT,%,66.88792248416877
2026-05-18T00:00:00+00:00,22411530-3,Dew Point,CURRENT,°C,16.32589182274143
2026-05-18T00:01:00+00:00,22411541-S,Battery,CURRENT,V,8.416007080078126
2026-05-18T00:05:00+00:00,22411189-1,Temperature,CURRENT,°C,22.391230468750003
2026-05-18T00:05:00+00:00,22411189-2,RH,CURRENT,%,71.3145647364004
2026-05-18T00:05:00+00:00,22411189-3,Dew Point,CURRENT,°C,16.96657179644546
2026-05-18T00:05:00+00:00,22411190-1,Temperature,CURRENT,°C,22.5842822265625
2026-05-18T00:05:00+00:00,22411190-2,RH,CURRENT,%,68.7357900358587
2026-05-18T00:05:00+00:00,22411190-3,Dew Point,CURRENT,°C,16.57051091653498
2026-05-18T00:05:00+00:00,22411191-1,Temperature,CURRENT,°C,22.691533203124997
2026-05-18T00:05:00+00:00,22411191-2,RH,CURRENT,%,68.71747920958266
2026-05-18T00:05:00+00:00,22411191-3,Dew Point,CURRENT,°C,16.668801193391026
2026-05-18T00:05:00+00:00,22411525-1,Temperature,CURRENT,°C,22.712983398437494
2026-05-18T00:05:00+00:00,22411525-2,RH,CURRENT,%,67.00236514839399
2026-05-18T00:05:00+00:00,22411525-3,Dew Point,CURRENT,°C,16.291468331209153
2026-05-18T00:05:00+00:00,22411526-1,Temperature,CURRENT,°C,22.241079101562498
2026-05-18T00:05:00+00:00,22411526-2,RH,CURRENT,%,71.25963225757229
2026-05-18T00:05:00+00:00,22411526-3,Dew Point,CURRENT,°C,16.810261795740374
2026-05-18T00:05:00+00:00,22411527-1,Temperature,CURRENT,°C,22.841684570312502
2026-05-18T00:05:00+00:00,22411527-2,RH,CURRENT,%,66.74448767833982
2026-05-18T00:05:00+00:00,22411527-3,Dew Point,CURRENT,°C,16.3534200377807
2026-05-18T00:05:00+00:00,22411528-1,Temperature,CURRENT,°C,21.919326171874992
2026-05-18T00:05:00+00:00,22411528-2,RH,CURRENT,%,74.27939269092852
2026-05-18T00:05:00+00:00,22411528-3,Dew Point,CURRENT,°C,17.156377384557302
2026-05-18T00:05:00+00:00,22411529-1,Temperature,CURRENT,°C,21.404521484375003
2026-05-18T00:05:00+00:00,22411529-2,RH,CURRENT,%,80.22278171969177
2026-05-18T00:05:00+00:00,22411529-3,Dew Point,CURRENT,°C,17.87856547891423
2026-05-18T00:05:00+00:00,22411530-1,Temperature,CURRENT,°C,22.541381835937493
2026-05-18T00:05:00+00:00,22411530-2,RH,CURRENT,%,68.26886396581979
2026-05-18T00:05:00+00:00,22411530-3,Dew Point,CURRENT,°C,16.422241619392782
2026-05-18T00:06:00+00:00,22411541-S,Battery,CURRENT,V,8.409545654296876
2026-05-18T00:10:00+00:00,22411189-1,Temperature,CURRENT,°C,22.133828125
2026-05-18T00:10:00+00:00,22411189-2,RH,CURRENT,%,71.19096665903716
2026-05-18T00:10:00+00:00,22411189-3,Dew Point,CURRENT,°C,16.69210605907002
2026-05-18T00:10:00+00:00,22411190-1,Temperature,CURRENT,°C,22.28397949218749
2026-05-18T00:10:00+00:00,22411190-2,RH,CURRENT,%,68.9112687876707
2026-05-18T00:10:00+00:00,22411190-3,Dew Point,CURRENT,°C,16.32360143531051
2026-05-18T00:10:00+00:00,22411191-1,Temperature,CURRENT,°C,22.519931640624996
2026-05-18T00:10:00+00:00,22411191-2,RH,CURRENT,%,68.66407263294423
2026-05-18T00:10:00+00:00,22411191-3,Dew Point,CURRENT,°C,16.492583806581877
2026-05-18T00:10:00+00:00,22411525-1,Temperature,CURRENT,°C,22.541381835937493
2026-05-18T00:10:00+00:00,22411525-2,RH,CURRENT,%,67.09849698634318
2026-05-18T00:10:00+00:00,22411525-3,Dew Point,CURRENT,°C,16.15050616340521
2026-05-18T00:10:00+00:00,22411526-1,Temperature,CURRENT,°C,21.897875976562496
2026-05-18T00:10:00+00:00,22411526-2,RH,CURRENT,%,71.6563668268864
2026-05-18T00:10:00+00:00,22411526-3,Dew Point,CURRENT,°C,16.56820404005675
2026-05-18T00:10:00+00:00,22411527-1,Temperature,CURRENT,°C,22.691533203124997
2026-05-18T00:10:00+00:00,22411527-2,RH,CURRENT,%,66.98863202868696
2026-05-18T00:10:00+00:00,22411527-3,Dew Point,CURRENT,°C,16.267814556176862
2026-05-18T00:10:00+00:00,22411528-1,Temperature,CURRENT,°C,21.704824218749998
2026-05-18T00:10:00+00:00,22411528-2,RH,CURRENT,%,73.8170443274586
2026-05-18T00:10:00+00:00,22411528-3,Dew Point,CURRENT,°C,16.850795341705147
2026-05-18T00:10:00+00:00,22411529-1,Temperature,CURRENT,°C,21.147119140625
2026-05-18T00:10:00+00:00,22411529-2,RH,CURRENT,%,82.57572289616236
2026-05-18T00:10:00+00:00,22411529-3,Dew Point,CURRENT,°C,18.087687798194594
2026-05-18T00:10:00+00:00,22411530-1,Temperature,CURRENT,°C,22.4126806640625
2026-05-18T00:10:00+00:00,22411530-2,RH,CURRENT,%,68.05371175707637
2026-05-18T00:10:00+00:00,22411530-3,Dew Point,CURRENT,°C,16.249755974480077
2026-05-18T00:11:00+00:00,22411541-S,Battery,CURRENT,V,8.416007080078126
2026-05-18T00:15:00+00:00,22411189-1,Temperature,CURRENT,°C,22.005126953124993
2026-05-18T00:15:00+00:00,22411189-2,RH,CURRENT,%,71.39696345464256
2026-05-18T00:15:00+00:00,22411189-3,Dew Point,CURRENT,°C,16.614084649974114
2026-05-18T00:15:00+00:00,22411190-1,Temperature,CURRENT,°C,22.21962890625
2026-05-18T00:15:00+00:00,22411190-2,RH,CURRENT,%,69.15846494239719
2026-05-18T00:15:00+00:00,22411190-3,Dew Point,CURRENT,°C,16.31835489055337
2026-05-18T00:15:00+00:00,22411191-1,Temperature,CURRENT,°C,22.4984814453125
2026-05-18T00:15:00+00:00,22411191-2,RH,CURRENT,%,68.96620126649881
2026-05-18T00:15:00+00:00,22411191-3,Dew Point,CURRENT,°C,16.54120092800317
2026-05-18T00:15:00+00:00,22411525-1,Temperature,CURRENT,°C,22.519931640624996
2026-05-18T00:15:00+00:00,22411525-2,RH,CURRENT,%,67.44182497901885
2026-05-18T00:15:00+00:00,22411525-3,Dew Point,CURRENT,°C,16.21019749576435
2026-05-18T00:15:00+00:00,22411526-1,Temperature,CURRENT,°C,21.640473632812494
2026-05-18T00:15:00+00:00,22411526-2,RH,CURRENT,%,72.16449225604639
2026-05-18T00:15:00+00:00,22411526-3,Dew Point,CURRENT,°C,16.432039687618627
2026-05-18T00:15:00+00:00,22411527-1,Temperature,CURRENT,°C,22.627182617187493
2026-05-18T00:15:00+00:00,22411527-2,RH,CURRENT,%,67.31212329289693
2026-05-18T00:15:00+00:00,22411527-3,Dew Point,CURRENT,°C,16.282194511217934
2026-05-18T00:15:00+00:00,22411528-1,Temperature,CURRENT,°C,21.404521484375003
2026-05-18T00:15:00+00:00,22411528-2,RH,CURRENT,%,76.24628061341268
2026-05-18T00:15:00+00:00,22411528-3,Dew Point,CURRENT,°C,17.072167850907068
2026-05-18T00:15:00+00:00,22411529-1,Temperature,CURRENT,°C,20.846816406249992
2026-05-18T00:15:00+00:00,22411529-2,RH,CURRENT,%,85.10719462882429
2026-05-18T00:15:00+00:00,22411529-3,Dew Point,CURRENT,°C,18.275099566341748
2026-05-18T00:15:00+00:00,22411530-1,Temperature,CURRENT,°C,22.36978027343749
2026-05-18T00:15:00+00:00,22411530-2,RH,CURRENT,%,68.25513084611276
2026-05-18T00:15:00+00:00,22411530-3,Dew Point,CURRENT,°C,16.25523026058881
2026-05-18T00:16:00+00:00,22411541-S,Battery,CURRENT,V,8.409545654296876
2026-05-18T00:20:00+00:00,22411189-1,Temperature,CURRENT,°C,21.940776367187503
2026-05-18T00:20:00+00:00,22411189-2,RH,CURRENT,%,71.39543755245289
2026-05-18T00:20:00+00:00,22411189-3,Dew Point,CURRENT,°C,16.551957160706316
2026-05-18T00:20:00+00:00,22411190-1,Temperature,CURRENT,°C,22.155278320312497
2026-05-18T00:20:00+00:00,22411190-2,RH,CURRENT,%,69.25459678034638
2026-05-18T00:20:00+00:00,22411190-3,Dew Point,CURRENT,°C,16.278634402514335
2026-05-18T00:20:00+00:00,22411191-1,Temperature,CURRENT,°C,22.391230468750003
2026-05-18T00:20:00+00:00,22411191-2,RH,CURRENT,%,69.2683299000534
2026-05-18T00:20:00+00:00,22411191-3,Dew Point,CURRENT,°C,16.50745775786406
2026-05-18T00:20:00+00:00,22411525-1,Temperature,CURRENT,°C,22.434130859374996
2026-05-18T00:20:00+00:00,22411525-2,RH,CURRENT,%,67.72106507972839
2026-05-18T00:20:00+00:00,22411525-3,Dew Point,CURRENT,°C,16.193262236546854
2026-05-18T00:20:00+00:00,22411526-1,Temperature,CURRENT,°C,21.5117724609375
2026-05-18T00:20:00+00:00,22411526-2,RH,CURRENT,%,72.41779201953155
2026-05-18T00:20:00+00:00,22411526-3,Dew Point,CURRENT,°C,16.363369161586835
2026-05-18T00:20:00+00:00,22411527-1,Temperature,CURRENT,°C,22.519931640624996
2026-05-18T00:20:00+00:00,22411527-2,RH,CURRENT,%,67.64324406805524
2026-05-18T00:20:00+00:00,22411527-3,Dew Point,CURRENT,°C,16.257040061825908
2026-05-18T00:20:00+00:00,22411528-1,Temperature,CURRENT,°C,21.125668945312505
2026-05-18T00:20:00+00:00,22411528-2,RH,CURRENT,%,75.32616159304189
2026-05-18T00:20:00+00:00,22411528-3,Dew Point,CURRENT,°C,16.610766873038695
2026-05-18T00:20:00+00:00,22411529-1,Temperature,CURRENT,°C,20.310561523437492
2026-05-18T00:20:00+00:00,22411529-2,RH,CURRENT,%,84.74097810330358
2026-05-18T00:20:00+00:00,22411529-3,Dew Point,CURRENT,°C,17.680197348635044
2026-05-18T00:20:00+00:00,22411530-1,Temperature,CURRENT,°C,22.28397949218749
2026-05-18T00:20:00+00:00,22411530-2,RH,CURRENT,%,68.43060959792477
2026-05-18T00:20:00+00:00,22411530-3,Dew Point,CURRENT,°C,16.213624201609367
2026-05-18T00:21:00+00:00,22411541-S,Battery,CURRENT,V,8.399853515625
2026-05-18T00:25:00+00:00,22411189-1,Temperature,CURRENT,°C,21.74772460937499
2026-05-18T00:25:00+00:00,22411189-2,RH,CURRENT,%,72.2194247348745
2026-05-18T00:25:00+00:00,22411189-3,Dew Point,CURRENT,°C,16.54714706872124
2026-05-18T00:25:00+00:00,22411190-1,Temperature,CURRENT,°C,21.983676757812496
2026-05-18T00:25:00+00:00,22411190-2,RH,CURRENT,%,69.93514915693903
2026-05-18T00:25:00+00:00,22411190-3,Dew Point,CURRENT,°C,16.268035089684496
2026-05-18T00:25:00+00:00,22411191-1,Temperature,CURRENT,°C,22.262529296874995
2026-05-18T00:25:00+00:00,22411191-2,RH,CURRENT,%,69.79476615548943
2026-05-18T00:25:00+00:00,22411191-3,Dew Point,CURRENT,°C,16.50347040259572
2026-05-18T00:25:00+00:00,22411525-1,Temperature,CURRENT,°C,22.3268798828125
2026-05-18T00:25:00+00:00,22411525-2,RH,CURRENT,%,68.14221408407721
2026-05-18T00:25:00+00:00,22411525-3,Dew Point,CURRENT,°C,16.18826688247435
2026-05-18T00:25:00+00:00,22411526-1,Temperature,CURRENT,°C,21.232919921875002
2026-05-18T00:25:00+00:00,22411526-2,RH,CURRENT,%,73.63851377126726
2026-05-18T00:25:00+00:00,22411526-3,Dew Point,CURRENT,°C,16.357672051613296
2026-05-18T00:25:00+00:00,22411527-1,Temperature,CURRENT,°C,22.4126806640625
2026-05-18T00:25:00+00:00,22411527-2,RH,CURRENT,%,68.07354848554208
2026-05-18T00:25:00+00:00,22411527-3,Dew Point,CURRENT,°C,16.25433459927145
2026-05-18T00:25:00+00:00,22411528-1,Temperature,CURRENT,°C,20.889716796875
2026-05-18T00:25:00+00:00,22411528-2,RH,CURRENT,%,76.93751430533302
2026-05-18T00:25:00+00:00,22411528-3,Dew Point,CURRENT,°C,16.715959852618035
2026-05-18T00:25:00+00:00,22411529-1,Temperature,CURRENT,°C,19.838657226562496
2026-05-18T00:25:00+00:00,22411529-2,RH,CURRENT,%,86.49881742580301
2026-05-18T00:25:00+00:00,22411529-3,Dew Point,CURRENT,°C,17.542642450078258
2026-05-18T00:25:00+00:00,22411530-1,Temperature,CURRENT,°C,22.176728515624994
2026-05-18T00:25:00+00:00,22411530-2,RH,CURRENT,%,68.91584649423972
2026-05-18T00:25:00+00:00,22411530-3,Dew Point,CURRENT,°C,16.22211518850334
2026-05-18T00:26:00+00:00,22411541-S,Battery,CURRENT,V,8.396622802734376
2026-05-18T00:30:00+00:00,22411189-1,Temperature,CURRENT,°C,21.404521484375003
2026-05-18T00:30:00+00:00,22411189-2,RH,CURRENT,%,73.70870527199206
2026-05-18T00:30:00+00:00,22411189-3,Dew Point,CURRENT,°C,16.53809711069319
2026-05-18T00:30:00+00:00,22411190-1,Temperature,CURRENT,°C,21.74772460937499
2026-05-18T00:30:00+00:00,22411190-2,RH,CURRENT,%,71.0887312123293
2026-05-18T00:30:00+00:00,22411190-3,Dew Point,CURRENT,°C,16.298903722343532
2026-05-18T00:30:00+00:00,22411191-1,Temperature,CURRENT,°C,22.069477539062497
2026-05-18T00:30:00+00:00,22411191-2,RH,CURRENT,%,70.81406881818876
2026-05-18T00:30:00+00:00,22411191-3,Dew Point,CURRENT,°C,16.546724121465683
2026-05-18T00:30:00+00:00,22411525-1,Temperature,CURRENT,°C,22.133828125
2026-05-18T00:30:00+00:00,22411525-2,RH,CURRENT,%,69.18440527962157
2026-05-18T00:30:00+00:00,22411525-3,Dew Point,CURRENT,°C,16.242185051397513
2026-05-18T00:30:00+00:00,22411526-1,Temperature,CURRENT,°C,20.868266601562503
2026-05-18T00:30:00+00:00,22411526-2,RH,CURRENT,%,75.0591287098497
2026-05-18T00:30:00+00:00,22411526-3,Dew Point,CURRENT,°C,16.306093668695254
2026-05-18T00:30:00+00:00,22411527-1,Temperature,CURRENT,°C,22.241079101562498
2026-05-18T00:30:00+00:00,22411527-2,RH,CURRENT,%,69.11726558327611
2026-05-18T00:30:00+00:00,22411527-3,Dew Point,CURRENT,°C,16.329502138301677
2026-05-18T00:30:00+00:00,22411528-1,Temperature,CURRENT,°C,20.546513671874997
2026-05-18T00:30:00+00:00,22411528-2,RH,CURRENT,%,77.76150148775463
2026-05-18T00:30:00+00:00,22411528-3,Dew Point,CURRENT,°C,16.550924603249133
2026-05-18T00:30:00+00:00,22411529-1,Temperature,CURRENT,°C,19.495454101562494
2026-05-18T00:30:00+00:00,22411529-2,RH,CURRENT,%,87.76684214541848
2026-05-18T00:30:00+00:00,22411529-3,Dew Point,CURRENT,°C,17.435617997299513
2026-05-18T00:30:00+00:00,22411530-1,Temperature,CURRENT,°C,21.940776367187503
2026-05-18T00:30:00+00:00,22411530-2,RH,CURRENT,%,69.76272220950636
2026-05-18T00:30:00+00:00,22411530-3,Dew Point,CURRENT,°C,16.18817841873789
2026-05-18T00:31:00+00:00,22411541-S,Battery,CURRENT,V,8.390161376953126
2026-05-18T00:35:00+00:00,22411189-1,Temperature,CURRENT,°C,20.954067382812504
2026-05-18T00:35:00+00:00,22411189-2,RH,CURRENT,%,75.7778286411841
2026-05-18T00:35:00+00:00,22411189-3,Dew Point,CURRENT,°C,16.538967478857302
2026-05-18T00:35:00+00:00,22411190-1,Temperature,CURRENT,°C,21.29727050781249
2026-05-18T00:35:00+00:00,22411190-2,RH,CURRENT,%,72.73823147936217
2026-05-18T00:35:00+00:00,22411190-3,Dew Point,CURRENT,°C,16.226347539993736
2026-05-18T00:35:00+00:00,22411191-1,Temperature,CURRENT,°C,21.726274414062495
2026-05-18T00:35:00+00:00,22411191-2,RH,CURRENT,%,72.18738078889143
2026-05-18T00:35:00+00:00,22411191-3,Dew Point,CURRENT,°C,16.519533008695646
2026-05-18T00:35:00+00:00,22411525-1,Temperature,CURRENT,°C,21.812075195312495
2026-05-18T00:35:00+00:00,22411525-2,RH,CURRENT,%,70.38376440070192
2026-05-18T00:35:00+00:00,22411525-3,Dew Point,CURRENT,°C,16.20405547983761
2026-05-18T00:35:00+00:00,22411526-1,Temperature,CURRENT,°C,20.460712890624997
2026-05-18T00:35:00+00:00,22411526-2,RH,CURRENT,%,77.06874189364461
2026-05-18T00:35:00+00:00,22411526-3,Dew Point,CURRENT,°C,16.326897240262912
2026-05-18T00:35:00+00:00,22411527-1,Temperature,CURRENT,°C,21.919326171874992
2026-05-18T00:35:00+00:00,22411527-2,RH,CURRENT,%,70.2845807583734
2026-05-18T00:35:00+00:00,22411527-3,Dew Point,CURRENT,°C,16.284698393615194
2026-05-18T00:35:00+00:00,22411528-1,Temperature,CURRENT,°C,20.22476074218749
2026-05-18T00:35:00+00:00,22411528-2,RH,CURRENT,%,79.80773632410163
2026-05-18T00:35:00+00:00,22411528-3,Dew Point,CURRENT,°C,16.647283635803017
2026-05-18T00:35:00+00:00,22411529-1,Temperature,CURRENT,°C,19.087900390625002
2026-05-18T00:35:00+00:00,22411529-2,RH,CURRENT,%,88.07507438773175
2026-05-18T00:35:00+00:00,22411529-3,Dew Point,CURRENT,°C,17.089431743651367
2026-05-18T00:35:00+00:00,22411530-1,Temperature,CURRENT,°C,21.554672851562493
2026-05-18T00:35:00+00:00,22411530-2,RH,CURRENT,%,71.64721141374838
2026-05-18T00:35:00+00:00,22411530-3,Dew Point,CURRENT,°C,16.236484127992338
2026-05-18T00:36:00+00:00,22411541-S,Battery,CURRENT,V,8.390161376953126
2026-05-18T00:40:00+00:00,22411189-1,Temperature,CURRENT,°C,20.846816406249992
2026-05-18T00:40:00+00:00,22411189-2,RH,CURRENT,%,76.40192263675898
2026-05-18T00:40:00+00:00,22411189-3,Dew Point,CURRENT,°C,16.564311536529107
2026-05-18T00:40:00+00:00,22411190-1,Temperature,CURRENT,°C,21.147119140625
2026-05-18T00:40:00+00:00,22411190-2,RH,CURRENT,%,73.48439765011062
2026-05-18T00:40:00+00:00,22411190-3,Dew Point,CURRENT,°C,16.242042720100063
2026-05-18T00:40:00+00:00,22411191-1,Temperature,CURRENT,°C,21.468872070312493
2026-05-18T00:40:00+00:00,22411191-2,RH,CURRENT,%,73.55306324864576
2026-05-18T00:40:00+00:00,22411191-3,Dew Point,CURRENT,°C,16.566842499823924
2026-05-18T00:40:00+00:00,22411525-1,Temperature,CURRENT,°C,21.554672851562493
2026-05-18T00:40:00+00:00,22411525-2,RH,CURRENT,%,71.72045471885252
2026-05-18T00:40:00+00:00,22411525-3,Dew Point,CURRENT,°C,16.25253509080743
2026-05-18T00:40:00+00:00,22411526-1,Temperature,CURRENT,°C,20.203310546874995
2026-05-18T00:40:00+00:00,22411526-2,RH,CURRENT,%,78.33218890669109
2026-05-18T00:40:00+00:00,22411526-3,Dew Point,CURRENT,°C,16.332690092190663
2026-05-18T00:40:00+00:00,22411527-1,Temperature,CURRENT,°C,21.661923828125005
2026-05-18T00:40:00+00:00,22411527-2,RH,CURRENT,%,71.64873731593805
2026-05-18T00:40:00+00:00,22411527-3,Dew Point,CURRENT,°C,16.3398544905662
2026-05-18T00:40:00+00:00,22411528-1,Temperature,CURRENT,°C,19.838657226562496
2026-05-18T00:40:00+00:00,22411528-2,RH,CURRENT,%,81.34126802471961
2026-05-18T00:40:00+00:00,22411528-3,Dew Point,CURRENT,°C,16.570699698148292
2026-05-18T00:40:00+00:00,22411529-1,Temperature,CURRENT,°C,18.809047851562504
2026-05-18T00:40:00+00:00,22411529-2,RH,CURRENT,%,90.48752574959946
2026-05-18T00:40:00+00:00,22411529-3,Dew Point,CURRENT,°C,17.241641860645288
2026-05-18T00:40:00+00:00,22411530-1,Temperature,CURRENT,°C,21.3401708984375
2026-05-18T00:40:00+00:00,22411530-2,RH,CURRENT,%,72.89387350270847
2026-05-18T00:40:00+00:00,22411530-3,Dew Point,CURRENT,°C,16.301229283682858
2026-05-18T00:41:00+00:00,22411541-S,Battery,CURRENT,V,8.3869306640625
2026-05-18T00:45:00+00:00,22411189-1,Temperature,CURRENT,°C,20.5250634765625
2026-05-18T00:45:00+00:00,22411189-2,RH,CURRENT,%,78.06210421911956
2026-05-18T00:45:00+00:00,22411189-3,Dew Point,CURRENT,°C,16.590865322397555
2026-05-18T00:45:00+00:00,22411190-1,Temperature,CURRENT,°C,20.803916015625
2026-05-18T00:45:00+00:00,22411190-2,RH,CURRENT,%,74.92637521934844
2026-05-18T00:45:00+00:00,22411190-3,Dew Point,CURRENT,°C,16.21610272856983
2026-05-18T00:45:00+00:00,22411191-1,Temperature,CURRENT,°C,21.232919921875002
2026-05-18T00:45:00+00:00,22411191-2,RH,CURRENT,%,74.6471351186389
2026-05-18T00:45:00+00:00,22411191-3,Dew Point,CURRENT,°C,16.57175044483814
2026-05-18T00:45:00+00:00,22411525-1,Temperature,CURRENT,°C,21.3401708984375
2026-05-18T00:45:00+00:00,22411525-2,RH,CURRENT,%,72.6314183260853
2026-05-18T00:45:00+00:00,22411525-3,Dew Point,CURRENT,°C,16.244553369510907
2026-05-18T00:45:00+00:00,22411526-1,Temperature,CURRENT,°C,20.053159179687505
2026-05-18T00:45:00+00:00,22411526-2,RH,CURRENT,%,79.44914930952926
2026-05-18T00:45:00+00:00,22411526-3,Dew Point,CURRENT,°C,16.40932303748126
2026-05-18T00:45:00+00:00,22411527-1,Temperature,CURRENT,°C,21.468872070312493
2026-05-18T00:45:00+00:00,22411527-2,RH,CURRENT,%,72.49408712901503
2026-05-18T00:45:00+00:00,22411527-3,Dew Point,CURRENT,°C,16.33865234740761
2026-05-18T00:45:00+00:00,22411528-1,Temperature,CURRENT,°C,19.624155273437502
2026-05-18T00:45:00+00:00,22411528-2,RH,CURRENT,%,82.86106660563058
2026-05-18T00:45:00+00:00,22411528-3,Dew Point,CURRENT,°C,16.65272238297963
2026-05-18T00:45:00+00:00,22411529-1,Temperature,CURRENT,°C,18.551645507812502
2026-05-18T00:45:00+00:00,22411529-2,RH,CURRENT,%,90.87968261234455
2026-05-18T00:45:00+00:00,22411529-3,Dew Point,CURRENT,°C,17.055368462298663
2026-05-18T00:45:00+00:00,22411530-1,Temperature,CURRENT,°C,21.082768554687497
2026-05-18T00:45:00+00:00,22411530-2,RH,CURRENT,%,74.04592965590906
2026-05-18T00:45:00+00:00,22411530-3,Dew Point,CURRENT,°C,16.299604096190368
2026-05-18T00:46:00+00:00,22411541-S,Battery,CURRENT,V,8.390161376953126
2026-05-18T00:50:00+00:00,22411189-1,Temperature,CURRENT,°C,20.246210937500003
2026-05-18T00:50:00+00:00,22411189-2,RH,CURRENT,%,79.28435187304494
2026-05-18T00:50:00+00:00,22411189-3,Dew Point,CURRENT,°C,16.564507462036133
2026-05-18T00:50:00+00:00,22411190-1,Temperature,CURRENT,°C,20.482163085937493
2026-05-18T00:50:00+00:00,22411190-2,RH,CURRENT,%,76.1852445258259
2026-05-18T00:50:00+00:00,22411190-3,Dew Point,CURRENT,°C,16.166549858364217
2026-05-18T00:50:00+00:00,22411191-1,Temperature,CURRENT,°C,21.2543701171875
2026-05-18T00:50:00+00:00,22411191-2,RH,CURRENT,%,74.68375677119097
2026-05-18T00:50:00+00:00,22411191-3,Dew Point,CURRENT,°C,16.600189974677633
2026-05-18T00:50:00+00:00,22411525-1,Temperature,CURRENT,°C,21.318720703125003
2026-05-18T00:50:00+00:00,22411525-2,RH,CURRENT,%,72.7367055771725
2026-05-18T00:50:00+00:00,22411525-3,Dew Point,CURRENT,°C,16.24666463160273
2026-05-18T00:50:00+00:00,22411526-1,Temperature,CURRENT,°C,19.881557617187504
2026-05-18T00:50:00+00:00,22411526-2,RH,CURRENT,%,79.84740978103304
2026-05-18T00:50:00+00:00,22411526-3,Dew Point,CURRENT,°C,16.32087961994731
2026-05-18T00:50:00+00:00,22411527-1,Temperature,CURRENT,°C,21.490322265625004
2026-05-18T00:50:00+00:00,22411527-2,RH,CURRENT,%,72.4254215304799
2026-05-18T00:50:00+00:00,22411527-3,Dew Point,CURRENT,°C,16.344390636484317
2026-05-18T00:50:00+00:00,22411528-1,Temperature,CURRENT,°C,19.4525537109375
2026-05-18T00:50:00+00:00,22411528-2,RH,CURRENT,%,83.38139925230793
2026-05-18T00:50:00+00:00,22411528-3,Dew Point,CURRENT,°C,16.583390142303994
2026-05-18T00:50:00+00:00,22411529-1,Temperature,CURRENT,°C,18.444394531250005
2026-05-18T00:50:00+00:00,22411529-2,RH,CURRENT,%,91.37865262836652
2026-05-18T00:50:00+00:00,22411529-3,Dew Point,CURRENT,°C,17.035739586624736
2026-05-18T00:50:00+00:00,22411530-1,Temperature,CURRENT,°C,21.082768554687497
2026-05-18T00:50:00+00:00,22411530-2,RH,CURRENT,%,74.20767528801404
2026-05-18T00:50:00+00:00,22411530-3,Dew Point,CURRENT,°C,16.333901312049033
2026-05-18T00:51:00+00:00,22411541-S,Battery,CURRENT,V,8.390161376953126
2026-05-18T00:55:00+00:00,22411189-1,Temperature,CURRENT,°C,20.160410156250002
2026-05-18T00:55:00+00:00,22411189-2,RH,CURRENT,%,79.6734569314107
2026-05-18T00:55:00+00:00,22411189-3,Dew Point,CURRENT,°C,16.55809741701751
2026-05-18T00:55:00+00:00,22411190-1,Temperature,CURRENT,°C,20.4392626953125
2026-05-18T00:55:00+00:00,22411190-2,RH,CURRENT,%,76.55298695353628
2026-05-18T00:55:00+00:00,22411190-3,Dew Point,CURRENT,°C,16.200610889217494
2026-05-18T00:55:00+00:00,22411191-1,Temperature,CURRENT,°C,21.361621093749996
2026-05-18T00:55:00+00:00,22411191-2,RH,CURRENT,%,74.22598611429008
2026-05-18T00:55:00+00:00,22411191-3,Dew Point,CURRENT,°C,16.60686323545089
2026-05-18T00:55:00+00:00,22411525-1,Temperature,CURRENT,°C,21.4259716796875
2026-05-18T00:55:00+00:00,22411525-2,RH,CURRENT,%,72.31097886625467
2026-05-18T00:55:00+00:00,22411525-3,Dew Point,CURRENT,°C,16.257637681371317
2026-05-18T00:55:00+00:00,22411526-1,Temperature,CURRENT,°C,19.752856445312496
2026-05-18T00:55:00+00:00,22411526-2,RH,CURRENT,%,80.9048599984741
2026-05-18T00:55:00+00:00,22411526-3,Dew Point,CURRENT,°C,16.402303914540337
2026-05-18T00:55:00+00:00,22411527-1,Temperature,CURRENT,°C,21.5975732421875
2026-05-18T00:55:00+00:00,22411527-2,RH,CURRENT,%,71.98596169985504
2026-05-18T00:55:00+00:00,22411527-3,Dew Point,CURRENT,°C,16.351838174274047
2026-05-18T00:55:00+00:00,22411528-1,Temperature,CURRENT,°C,19.388203124999997
2026-05-18T00:55:00+00:00,22411528-2,RH,CURRENT,%,84.20538643472953
2026-05-18T00:55:00+00:00,22411528-3,Dew Point,CURRENT,°C,16.675288661266663
2026-05-18T00:55:00+00:00,22411529-1,Temperature,CURRENT,°C,18.315693359374997
2026-05-18T00:55:00+00:00,22411529-2,RH,CURRENT,%,92.36743724727245
2026-05-18T00:55:00+00:00,22411529-3,Dew Point,CURRENT,°C,17.07834185262522
2026-05-18T00:55:00+00:00,22411530-1,Temperature,CURRENT,°C,21.168569335937498
2026-05-18T00:55:00+00:00,22411530-2,RH,CURRENT,%,73.70260166323338
2026-05-18T00:55:00+00:00,22411530-3,Dew Point,CURRENT,°C,16.30930883680511
2026-05-18T00:56:00+00:00,22411541-S,Battery,CURRENT,V,8.390161376953126
2026-05-18T01:00:00+00:00,22411189-1,Temperature,CURRENT,°C,20.010258789062497
2026-05-18T01:00:00+00:00,22411189-2,RH,CURRENT,%,81.24971389333943
2026-05-18T01:00:00+00:00,22411189-3,Dew Point,CURRENT,°C,16.720445148055816
2026-05-18T01:00:00+00:00,22411190-1,Temperature,CURRENT,°C,20.310561523437492
2026-05-18T01:00:00+00:00,22411190-2,RH,CURRENT,%,77.68825818265049
2026-05-18T01:00:00+00:00,22411190-3,Dew Point,CURRENT,°C,16.307087390114646
2026-05-18T01:00:00+00:00,22411191-1,Temperature,CURRENT,°C,21.29727050781249
2026-05-18T01:00:00+00:00,22411191-2,RH,CURRENT,%,74.95231555657283
2026-05-18T01:00:00+00:00,22411191-3,Dew Point,CURRENT,°C,16.698195865500146
2026-05-18T01:00:00+00:00,22411525-1,Temperature,CURRENT,°C,21.361621093749996
2026-05-18T01:00:00+00:00,22411525-2,RH,CURRENT,%,72.9579613946746
2026-05-18T01:00:00+00:00,22411525-3,Dew Point,CURRENT,°C,16.335695806614975
2026-05-18T01:00:00+00:00,22411526-1,Temperature,CURRENT,°C,19.667055664062495
2026-05-18T01:00:00+00:00,22411526-2,RH,CURRENT,%,81.85702296482795
2026-05-18T01:00:00+00:00,22411526-3,Dew Point,CURRENT,°C,16.50264709003834
2026-05-18T01:00:00+00:00,22411527-1,Temperature,CURRENT,°C,21.5117724609375
2026-05-18T01:00:00+00:00,22411527-2,RH,CURRENT,%,72.71381704432746
2026-05-18T01:00:00+00:00,22411527-3,Dew Point,CURRENT,°C,16.427529620813957
2026-05-18T01:00:00+00:00,22411528-1,Temperature,CURRENT,°C,19.345302734375004
2026-05-18T01:00:00+00:00,22411528-2,RH,CURRENT,%,84.56702525368124
2026-05-18T01:00:00+00:00,22411528-3,Dew Point,CURRENT,°C,16.700776830830183
2026-05-18T01:00:00+00:00,22411529-1,Temperature,CURRENT,°C,18.358593750000004
2026-05-18T01:00:00+00:00,22411529-2,RH,CURRENT,%,90.65995269703213
2026-05-18T01:00:00+00:00,22411529-3,Dew Point,CURRENT,°C,16.82608831632266
2026-05-18T01:00:00+00:00,22411530-1,Temperature,CURRENT,°C,21.104218749999994
2026-05-18T01:00:00+00:00,22411530-2,RH,CURRENT,%,74.33890287632563
2026-05-18T01:00:00+00:00,22411530-3,Dew Point,CURRENT,°C,16.382382253761012
2026-05-18T01:01:00+00:00,22411541-S,Battery,CURRENT,V,8.38046923828125
2026-05-18T01:05:00+00:00,22411189-1,Temperature,CURRENT,°C,19.881557617187504
2026-05-18T01:05:00+00:00,22411189-2,RH,CURRENT,%,81.54726482032501
2026-05-18T01:05:00+00:00,22411189-3,Dew Point,CURRENT,°C,16.65243091755774
2026-05-18T01:05:00+00:00,22411190-1,Temperature,CURRENT,°C,20.310561523437492
2026-05-18T01:05:00+00:00,22411190-2,RH,CURRENT,%,77.45784695201037
2026-05-18T01:05:00+00:00,22411190-3,Dew Point,CURRENT,°C,16.26041268077535
2026-05-18T01:05:00+00:00,22411191-1,Temperature,CURRENT,°C,21.2543701171875
2026-05-18T01:05:00+00:00,22411191-2,RH,CURRENT,%,74.72800793469139
2026-05-18T01:05:00+00:00,22411191-3,Dew Point,CURRENT,°C,16.6095215699607
2026-05-18T01:05:00+00:00,22411525-1,Temperature,CURRENT,°C,21.318720703125003
2026-05-18T01:05:00+00:00,22411525-2,RH,CURRENT,%,72.89387350270847
2026-05-18T01:05:00+00:00,22411525-3,Dew Point,CURRENT,°C,16.280577241178086
2026-05-18T01:05:00+00:00,22411526-1,Temperature,CURRENT,°C,19.409653320312493
2026-05-18T01:05:00+00:00,22411526-2,RH,CURRENT,%,82.72678721293966
2026-05-18T01:05:00+00:00,22411526-3,Dew Point,CURRENT,°C,16.417337414140526
2026-05-18T01:05:00+00:00,22411527-1,Temperature,CURRENT,°C,21.404521484375003
2026-05-18T01:05:00+00:00,22411527-2,RH,CURRENT,%,72.82368200198367
2026-05-18T01:05:00+00:00,22411527-3,Dew Point,CURRENT,°C,16.348037647867873
2026-05-18T01:05:00+00:00,22411528-1,Temperature,CURRENT,°C,19.130800781249995
2026-05-18T01:05:00+00:00,22411528-2,RH,CURRENT,%,85.14839398794537
2026-05-18T01:05:00+00:00,22411528-3,Dew Point,CURRENT,°C,16.59825161545246
2026-05-18T01:05:00+00:00,22411529-1,Temperature,CURRENT,°C,18.272792968750004
2026-05-18T01:05:00+00:00,22411529-2,RH,CURRENT,%,90.68436713206684
2026-05-18T01:05:00+00:00,22411529-3,Dew Point,CURRENT,°C,16.74543880098852
2026-05-18T01:05:00+00:00,22411530-1,Temperature,CURRENT,°C,21.104218749999994
2026-05-18T01:05:00+00:00,22411530-2,RH,CURRENT,%,74.13748378728924
2026-05-18T01:05:00+00:00,22411530-3,Dew Point,CURRENT,°C,16.339721712359946
2026-05-18T01:06:00+00:00,22411541-S,Battery,CURRENT,V,8.3740078125
2026-05-18T01:10:00+00:00,22411189-1,Temperature,CURRENT,°C,19.581254882812495
2026-05-18T01:10:00+00:00,22411189-2,RH,CURRENT,%,85.17128252079041
2026-05-18T01:10:00+00:00,22411189-3,Dew Point,CURRENT,°C,17.044722686146663
2026-05-18T01:10:00+00:00,22411190-1,Temperature,CURRENT,°C,20.031708984374994
2026-05-18T01:10:00+00:00,22411190-2,RH,CURRENT,%,81.49996185244525
2026-05-18T01:10:00+00:00,22411190-3,Dew Point,CURRENT,°C,16.789888361062694
2026-05-18T01:10:00+00:00,22411191-1,Temperature,CURRENT,°C,21.104218749999994
2026-05-18T01:10:00+00:00,22411191-2,RH,CURRENT,%,77.31136034180209
2026-05-18T01:10:00+00:00,22411191-3,Dew Point,CURRENT,°C,17.000454235431405
2026-05-18T01:10:00+00:00,22411525-1,Temperature,CURRENT,°C,21.232919921875002
2026-05-18T01:10:00+00:00,22411525-2,RH,CURRENT,%,74.38467994201572
2026-05-18T01:10:00+00:00,22411525-3,Dew Point,CURRENT,°C,16.516289818733153
2026-05-18T01:10:00+00:00,22411526-1,Temperature,CURRENT,°C,19.1093505859375
2026-05-18T01:10:00+00:00,22411526-2,RH,CURRENT,%,85.19111924925612
2026-05-18T01:10:00+00:00,22411526-3,Dew Point,CURRENT,°C,16.58509442710302
2026-05-18T01:10:00+00:00,22411527-1,Temperature,CURRENT,°C,21.383071289062492
2026-05-18T01:10:00+00:00,22411527-2,RH,CURRENT,%,73.64309147783626
2026-05-18T01:10:00+00:00,22411527-3,Dew Point,CURRENT,°C,16.50339730762844
2026-05-18T01:10:00+00:00,22411528-1,Temperature,CURRENT,°C,18.830498046875
2026-05-18T01:10:00+00:00,22411528-2,RH,CURRENT,%,87.49675745784695
2026-05-18T01:10:00+00:00,22411528-3,Dew Point,CURRENT,°C,16.731735173082154
2026-05-18T01:10:00+00:00,22411529-1,Temperature,CURRENT,°C,18.0368408203125
2026-05-18T01:10:00+00:00,22411529-2,RH,CURRENT,%,92.52307927061875
2026-05-18T01:10:00+00:00,22411529-3,Dew Point,CURRENT,°C,16.828356096777142
2026-05-18T01:10:00+00:00,22411530-1,Temperature,CURRENT,°C,20.868266601562503
2026-05-18T01:10:00+00:00,22411530-2,RH,CURRENT,%,78.12771801327536
2026-05-18T01:10:00+00:00,22411530-3,Dew Point,CURRENT,°C,16.937412022052133
2026-05-18T01:11:00+00:00,22411541-S,Battery,CURRENT,V,8.3740078125
2026-05-18T01:15:00+00:00,22411189-1,Temperature,CURRENT,°C,19.559804687499998
2026-05-18T01:15:00+00:00,22411189-2,RH,CURRENT,%,84.47547112230106
2026-05-18T01:15:00+00:00,22411189-3,Dew Point,CURRENT,°C,16.894073776148094
2026-05-18T01:15:00+00:00,22411190-1,Temperature,CURRENT,°C,19.924458007812497
2026-05-18T01:15:00+00:00,22411190-2,RH,CURRENT,%,80.32349126420996
2026-05-18T01:15:00+00:00,22411190-3,Dew Point,CURRENT,°C,16.4561674921835
2026-05-18T01:15:00+00:00,22411191-1,Temperature,CURRENT,°C,21.104218749999994
2026-05-18T01:15:00+00:00,22411191-2,RH,CURRENT,%,76.56519417105363
2026-05-18T01:15:00+00:00,22411191-3,Dew Point,CURRENT,°C,16.847285060590494
2026-05-18T01:15:00+00:00,22411525-1,Temperature,CURRENT,°C,21.190019531249995
2026-05-18T01:15:00+00:00,22411525-2,RH,CURRENT,%,74.65629053177692
2026-05-18T01:15:00+00:00,22411525-3,Dew Point,CURRENT,°C,16.532254882961773
2026-05-18T01:15:00+00:00,22411526-1,Temperature,CURRENT,°C,19.216601562499996
2026-05-18T01:15:00+00:00,22411526-2,RH,CURRENT,%,84.94239719233997
2026-05-18T01:15:00+00:00,22411526-3,Dew Point,CURRENT,°C,16.64430916439118
2026-05-18T01:15:00+00:00,22411527-1,Temperature,CURRENT,°C,21.29727050781249
2026-05-18T01:15:00+00:00,22411527-2,RH,CURRENT,%,74.40451667048143
2026-05-18T01:15:00+00:00,22411527-3,Dew Point,CURRENT,°C,16.58260185018765
2026-05-18T01:15:00+00:00,22411528-1,Temperature,CURRENT,°C,18.894848632812504
2026-05-18T01:15:00+00:00,22411528-2,RH,CURRENT,%,87.68596932936599
2026-05-18T01:15:00+00:00,22411528-3,Dew Point,CURRENT,°C,16.829211885415322
2026-05-18T01:15:00+00:00,22411529-1,Temperature,CURRENT,°C,18.07974121093749
2026-05-18T01:15:00+00:00,22411529-2,RH,CURRENT,%,92.43152513923857
2026-05-18T01:15:00+00:00,22411529-3,Dew Point,CURRENT,°C,16.855283535721636
2026-05-18T01:15:00+00:00,22411530-1,Temperature,CURRENT,°C,20.825366210937496
2026-05-18T01:15:00+00:00,22411530-2,RH,CURRENT,%,76.3057907988098
2026-05-18T01:15:00+00:00,22411530-3,Dew Point,CURRENT,°C,16.52371408043174
2026-05-18T01:16:00+00:00,22411541-S,Battery,CURRENT,V,8.3740078125
2026-05-18T01:20:00+00:00,22411189-1,Temperature,CURRENT,°C,19.581254882812495
2026-05-18T01:20:00+00:00,22411189-2,RH,CURRENT,%,84.93476768139162
2026-05-18T01:20:00+00:00,22411189-3,Dew Point,CURRENT,°C,17.000770442847067
2026-05-18T01:20:00+00:00,22411190-1,Temperature,CURRENT,°C,19.924458007812497
2026-05-18T01:20:00+00:00,22411190-2,RH,CURRENT,%,80.859082932784
2026-05-18T01:20:00+00:00,22411190-3,Dew Point,CURRENT,°C,16.56078491996821
2026-05-18T01:20:00+00:00,22411191-1,Temperature,CURRENT,°C,21.232919921875002
2026-05-18T01:20:00+00:00,22411191-2,RH,CURRENT,%,76.47821774624246
2026-05-18T01:20:00+00:00,22411191-3,Dew Point,CURRENT,°C,16.954000151804998
2026-05-18T01:20:00+00:00,22411525-1,Temperature,CURRENT,°C,21.318720703125003
2026-05-18T01:20:00+00:00,22411525-2,RH,CURRENT,%,74.17563134203098
2026-05-18T01:20:00+00:00,22411525-3,Dew Point,CURRENT,°C,16.554779265856133
2026-05-18T01:20:00+00:00,22411526-1,Temperature,CURRENT,°C,19.173701171875003
2026-05-18T01:20:00+00:00,22411526-2,RH,CURRENT,%,85.09498741130693
2026-05-18T01:20:00+00:00,22411526-3,Dew Point,CURRENT,°C,16.630482143091022
2026-05-18T01:20:00+00:00,22411527-1,Temperature,CURRENT,°C,21.404521484375003
2026-05-18T01:20:00+00:00,22411527-2,RH,CURRENT,%,73.91317616540779
2026-05-18T01:20:00+00:00,22411527-3,Dew Point,CURRENT,°C,16.58172291920902
2026-05-18T01:20:00+00:00,22411528-1,Temperature,CURRENT,°C,18.787597656249993
2026-05-18T01:20:00+00:00,22411528-2,RH,CURRENT,%,87.50133516441596
2026-05-18T01:20:00+00:00,22411528-3,Dew Point,CURRENT,°C,16.690299560057777
2026-05-18T01:20:00+00:00,22411529-1,Temperature,CURRENT,°C,17.92958984375
2026-05-18T01:20:00+00:00,22411529-2,RH,CURRENT,%,92.24383916990921
2026-05-18T01:20:00+00:00,22411529-3,Dew Point,CURRENT,°C,16.674313762218134
2026-05-18T01:20:00+00:00,22411530-1,Temperature,CURRENT,°C,20.996967773437497
2026-05-18T01:20:00+00:00,22411530-2,RH,CURRENT,%,76.1394674601358
2026-05-18T01:20:00+00:00,22411530-3,Dew Point,CURRENT,°C,16.655484333636796
2026-05-18T01:21:00+00:00,22411541-S,Battery,CURRENT,V,8.36754638671875
2026-05-18T01:25:00+00:00,22411189-1,Temperature,CURRENT,°C,19.409653320312493
2026-05-18T01:25:00+00:00,22411189-2,RH,CURRENT,%,86.78263523308156
2026-05-18T01:25:00+00:00,22411189-3,Dew Point,CURRENT,°C,17.17248991146653
2026-05-18T01:25:00+00:00,22411190-1,Temperature,CURRENT,°C,19.774306640624992
2026-05-18T01:25:00+00:00,22411190-2,RH,CURRENT,%,82.51163500419624
2026-05-18T01:25:00+00:00,22411190-3,Dew Point,CURRENT,°C,16.73296860271797
2026-05-18T01:25:00+00:00,22411191-1,Temperature,CURRENT,°C,20.718115234375
2026-05-18T01:25:00+00:00,22411191-2,RH,CURRENT,%,79.83520256351568
2026-05-18T01:25:00+00:00,22411191-3,Dew Point,CURRENT,°C,17.13314016847093
2026-05-18T01:25:00+00:00,22411525-1,Temperature,CURRENT,°C,20.911166992187496
2026-05-18T01:25:00+00:00,22411525-2,RH,CURRENT,%,77.50972762645914
2026-05-18T01:25:00+00:00,22411525-3,Dew Point,CURRENT,°C,16.853660074051376
2026-05-18T01:25:00+00:00,22411526-1,Temperature,CURRENT,°C,18.980649414062505
2026-05-18T01:25:00+00:00,22411526-2,RH,CURRENT,%,87.07103074692913
2026-05-18T01:25:00+00:00,22411526-3,Dew Point,CURRENT,°C,16.80266330123882
2026-05-18T01:25:00+00:00,22411527-1,Temperature,CURRENT,°C,21.104218749999994
2026-05-18T01:25:00+00:00,22411527-2,RH,CURRENT,%,77.06569008926527
2026-05-18T01:25:00+00:00,22411527-3,Dew Point,CURRENT,°C,16.950167833297645
2026-05-18T01:25:00+00:00,22411528-1,Temperature,CURRENT,°C,18.594545898437495
2026-05-18T01:25:00+00:00,22411528-2,RH,CURRENT,%,89.69100480659189
2026-05-18T01:25:00+00:00,22411528-3,Dew Point,CURRENT,°C,16.889779266902497
2026-05-18T01:25:00+00:00,22411529-1,Temperature,CURRENT,°C,17.800888671874993
2026-05-18T01:25:00+00:00,22411529-2,RH,CURRENT,%,93.96505683985656
2026-05-18T01:25:00+00:00,22411529-3,Dew Point,CURRENT,°C,16.83814257607122
2026-05-18T01:25:00+00:00,22411530-1,Temperature,CURRENT,°C,20.460712890624997
2026-05-18T01:25:00+00:00,22411530-2,RH,CURRENT,%,79.45983062485695
2026-05-18T01:25:00+00:00,22411530-3,Dew Point,CURRENT,°C,16.808095263146516
2026-05-18T01:26:00+00:00,22411541-S,Battery,CURRENT,V,8.36754638671875
2026-05-18T01:30:00+00:00,22411189-1,Temperature,CURRENT,°C,19.044999999999995
2026-05-18T01:30:00+00:00,22411189-2,RH,CURRENT,%,88.40314335851072
2026-05-18T01:30:00+00:00,22411189-3,Dew Point,CURRENT,°C,17.10592706922027
2026-05-18T01:30:00+00:00,22411190-1,Temperature,CURRENT,°C,19.474003906249997
2026-05-18T01:30:00+00:00,22411190-2,RH,CURRENT,%,83.87731746395056
2026-05-18T01:30:00+00:00,22411190-3,Dew Point,CURRENT,°C,16.697847205461102
2026-05-18T01:30:00+00:00,22411191-1,Temperature,CURRENT,°C,20.739565429687495
2026-05-18T01:30:00+00:00,22411191-2,RH,CURRENT,%,79.2813000686656
2026-05-18T01:30:00+00:00,22411191-3,Dew Point,CURRENT,°C,17.043919252122382
2026-05-18T01:30:00+00:00,22411525-1,Temperature,CURRENT,°C,20.932617187499993
2026-05-18T01:30:00+00:00,22411525-2,RH,CURRENT,%,76.77119096665903
2026-05-18T01:30:00+00:00,22411525-3,Dew Point,CURRENT,°C,16.723413650892446
2026-05-18T01:30:00+00:00,22411526-1,Temperature,CURRENT,°C,18.637446289062503
2026-05-18T01:30:00+00:00,22411526-2,RH,CURRENT,%,88.54657816433966
2026-05-18T01:30:00+00:00,22411526-3,Dew Point,CURRENT,°C,16.729503559229354
2026-05-18T01:30:00+00:00,22411527-1,Temperature,CURRENT,°C,21.061318359375
2026-05-18T01:30:00+00:00,22411527-2,RH,CURRENT,%,76.40955214770733
2026-05-18T01:30:00+00:00,22411527-3,Dew Point,CURRENT,°C,16.773623714642895
2026-05-18T01:30:00+00:00,22411528-1,Temperature,CURRENT,°C,18.3800439453125
2026-05-18T01:30:00+00:00,22411528-2,RH,CURRENT,%,90.45395590142672
2026-05-18T01:30:00+00:00,22411528-3,Dew Point,CURRENT,°C,16.811412526302984
2026-05-18T01:30:00+00:00,22411529-1,Temperature,CURRENT,°C,17.693637695312496
2026-05-18T01:30:00+00:00,22411529-2,RH,CURRENT,%,93.79568169680323
2026-05-18T01:30:00+00:00,22411529-3,Dew Point,CURRENT,°C,16.7031004296391
2026-05-18T01:30:00+00:00,22411530-1,Temperature,CURRENT,°C,20.2676611328125
2026-05-18T01:30:00+00:00,22411530-2,RH,CURRENT,%,80.13275349050126
2026-05-18T01:30:00+00:00,22411530-3,Dew Point,CURRENT,°C,16.75314546989545
2026-05-18T01:31:00+00:00,22411541-S,Battery,CURRENT,V,8.364315673828125
2026-05-18T01:35:00+00:00,22411189-1,Temperature,CURRENT,°C,18.873398437499993
2026-05-18T01:35:00+00:00,22411189-2,RH,CURRENT,%,88.30395971618219
2026-05-18T01:35:00+00:00,22411189-3,Dew Point,CURRENT,°C,16.91894119430424
2026-05-18T01:35:00+00:00,22411190-1,Temperature,CURRENT,°C,19.2809521484375
2026-05-18T01:35:00+00:00,22411190-2,RH,CURRENT,%,83.28068970778973
2026-05-18T01:35:00+00:00,22411190-3,Dew Point,CURRENT,°C,16.396352413951814
2026-05-18T01:35:00+00:00,22411191-1,Temperature,CURRENT,°C,20.868266601562503
2026-05-18T01:35:00+00:00,22411191-2,RH,CURRENT,%,77.85610742351415
2026-05-18T01:35:00+00:00,22411191-3,Dew Point,CURRENT,°C,16.88241681200914
2026-05-18T01:35:00+00:00,22411525-1,Temperature,CURRENT,°C,21.018417968749993
2026-05-18T01:35:00+00:00,22411525-2,RH,CURRENT,%,75.4665445944915
2026-05-18T01:35:00+00:00,22411525-3,Dew Point,CURRENT,°C,16.53639574553184
2026-05-18T01:35:00+00:00,22411526-1,Temperature,CURRENT,°C,18.53019531249999
2026-05-18T01:35:00+00:00,22411526-2,RH,CURRENT,%,88.96620126649881
2026-05-18T01:35:00+00:00,22411526-3,Dew Point,CURRENT,°C,16.698208924007233
2026-05-18T01:35:00+00:00,22411527-1,Temperature,CURRENT,°C,21.104218749999994
2026-05-18T01:35:00+00:00,22411527-2,RH,CURRENT,%,75.22392614633402
2026-05-18T01:35:00+00:00,22411527-3,Dew Point,CURRENT,°C,16.5686381865344
2026-05-18T01:35:00+00:00,22411528-1,Temperature,CURRENT,°C,18.272792968750004
2026-05-18T01:35:00+00:00,22411528-2,RH,CURRENT,%,91.50225070572976
2026-05-18T01:35:00+00:00,22411528-3,Dew Point,CURRENT,°C,16.8871211367526
2026-05-18T01:35:00+00:00,22411529-1,Temperature,CURRENT,°C,17.564936523437503
2026-05-18T01:35:00+00:00,22411529-2,RH,CURRENT,%,94.52964065003434
2026-05-18T01:35:00+00:00,22411529-3,Dew Point,CURRENT,°C,16.698040892640556
2026-05-18T01:35:00+00:00,22411530-1,Temperature,CURRENT,°C,20.4392626953125
2026-05-18T01:35:00+00:00,22411530-2,RH,CURRENT,%,78.02090485999848
2026-05-18T01:35:00+00:00,22411530-3,Dew Point,CURRENT,°C,16.49923395089085
2026-05-18T01:36:00+00:00,22411541-S,Battery,CURRENT,V,8.364315673828125
2026-05-18T01:40:00+00:00,22411189-1,Temperature,CURRENT,°C,18.487294921874998
2026-05-18T01:40:00+00:00,22411189-2,RH,CURRENT,%,88.78309300373846
2026-05-18T01:40:00+00:00,22411189-3,Dew Point,CURRENT,°C,16.623394000949162
2026-05-18T01:40:00+00:00,22411190-1,Temperature,CURRENT,°C,18.873398437499993
2026-05-18T01:40:00+00:00,22411190-2,RH,CURRENT,%,84.81574731059739
2026-05-18T01:40:00+00:00,22411190-3,Dew Point,CURRENT,°C,16.284021238198896
2026-05-18T01:40:00+00:00,22411191-1,Temperature,CURRENT,°C,20.2676611328125
2026-05-18T01:40:00+00:00,22411191-2,RH,CURRENT,%,80.46692607003891
2026-05-18T01:40:00+00:00,22411191-3,Dew Point,CURRENT,°C,16.818799460884428
2026-05-18T01:40:00+00:00,22411525-1,Temperature,CURRENT,°C,20.503613281250004
2026-05-18T01:40:00+00:00,22411525-2,RH,CURRENT,%,77.1648737315938
2026-05-18T01:40:00+00:00,22411525-3,Dew Point,CURRENT,°C,16.388095223717606
2026-05-18T01:40:00+00:00,22411526-1,Temperature,CURRENT,°C,18.144091796874996
2026-05-18T01:40:00+00:00,22411526-2,RH,CURRENT,%,88.6152437628748
2026-05-18T01:40:00+00:00,22411526-3,Dew Point,CURRENT,°C,16.254955842940763
2026-05-18T01:40:00+00:00,22411527-1,Temperature,CURRENT,°C,20.632314453124998
2026-05-18T01:40:00+00:00,22411527-2,RH,CURRENT,%,76.92225528343633
2026-05-18T01:40:00+00:00,22411527-3,Dew Point,CURRENT,°C,16.463332087849974
2026-05-18T01:40:00+00:00,22411528-1,Temperature,CURRENT,°C,17.865239257812497
2026-05-18T01:40:00+00:00,22411528-2,RH,CURRENT,%,91.14213778896773
2026-05-18T01:40:00+00:00,22411528-3,Dew Point,CURRENT,°C,16.421349915958423
2026-05-18T01:40:00+00:00,22411529-1,Temperature,CURRENT,°C,17.243183593749997
2026-05-18T01:40:00+00:00,22411529-2,RH,CURRENT,%,94.14053559166858
2026-05-18T01:40:00+00:00,22411529-3,Dew Point,CURRENT,°C,16.31316878370301
2026-05-18T01:40:00+00:00,22411530-1,Temperature,CURRENT,°C,19.795756835937503
2026-05-18T01:40:00+00:00,22411530-2,RH,CURRENT,%,80.11444266422522
2026-05-18T01:40:00+00:00,22411530-3,Dew Point,CURRENT,°C,16.289774943058465
2026-05-18T01:41:00+00:00,22411541-S,Battery,CURRENT,V,8.357854248046875
2026-05-18T01:45:00+00:00,22411189-1,Temperature,CURRENT,°C,18.658896484375
2026-05-18T01:45:00+00:00,22411189-2,RH,CURRENT,%,88.75257495994506
2026-05-18T01:45:00+00:00,22411189-3,Dew Point,CURRENT,°C,16.7873199768885
2026-05-18T01:45:00+00:00,22411190-1,Temperature,CURRENT,°C,19.002099609375
2026-05-18T01:45:00+00:00,22411190-2,RH,CURRENT,%,84.3427176317998
2026-05-18T01:45:00+00:00,22411190-3,Dew Point,CURRENT,°C,16.3223713134127
2026-05-18T01:45:00+00:00,22411191-1,Temperature,CURRENT,°C,19.81720703125
2026-05-18T01:45:00+00:00,22411191-2,RH,CURRENT,%,81.63729304951552
2026-05-18T01:45:00+00:00,22411191-3,Dew Point,CURRENT,°C,16.606978267777958
2026-05-18T01:45:00+00:00,22411525-1,Temperature,CURRENT,°C,19.98880859375
2026-05-18T01:45:00+00:00,22411525-2,RH,CURRENT,%,78.7136644541085
2026-05-18T01:45:00+00:00,22411525-3,Dew Point,CURRENT,°C,16.20055657474516
2026-05-18T01:45:00+00:00,22411526-1,Temperature,CURRENT,°C,18.272792968750004
2026-05-18T01:45:00+00:00,22411526-2,RH,CURRENT,%,89.03181506065461
2026-05-18T01:45:00+00:00,22411526-3,Dew Point,CURRENT,°C,16.455716823631647
2026-05-18T01:45:00+00:00,22411527-1,Temperature,CURRENT,°C,20.22476074218749
2026-05-18T01:45:00+00:00,22411527-2,RH,CURRENT,%,77.9842832074464
2026-05-18T01:45:00+00:00,22411527-3,Dew Point,CURRENT,°C,16.283562705810425
2026-05-18T01:45:00+00:00,22411528-1,Temperature,CURRENT,°C,17.865239257812497
2026-05-18T01:45:00+00:00,22411528-2,RH,CURRENT,%,92.08514534218357
2026-05-18T01:45:00+00:00,22411528-3,Dew Point,CURRENT,°C,16.58337963180929
2026-05-18T01:45:00+00:00,22411529-1,Temperature,CURRENT,°C,17.2217333984375
2026-05-18T01:45:00+00:00,22411529-2,RH,CURRENT,%,95.51232166018158
2026-05-18T01:45:00+00:00,22411529-3,Dew Point,CURRENT,°C,16.51939086329183
2026-05-18T01:45:00+00:00,22411530-1,Temperature,CURRENT,°C,19.559804687499998
2026-05-18T01:45:00+00:00,22411530-2,RH,CURRENT,%,81.45876249332417
2026-05-18T01:45:00+00:00,22411530-3,Dew Point,CURRENT,°C,16.321185239599174
2026-05-18T01:46:00+00:00,22411541-S,Battery,CURRENT,V,8.357854248046875
2026-05-18T01:50:00+00:00,22411189-1,Temperature,CURRENT,°C,18.444394531250005
2026-05-18T01:50:00+00:00,22411189-2,RH,CURRENT,%,89.97482261387044
2026-05-18T01:50:00+00:00,22411189-3,Dew Point,CURRENT,°C,16.791246421057025
2026-05-18T01:50:00+00:00,22411190-1,Temperature,CURRENT,°C,18.916298828125
2026-05-18T01:50:00+00:00,22411190-2,RH,CURRENT,%,85.17280842298008
2026-05-18T01:50:00+00:00,22411190-3,Dew Point,CURRENT,°C,16.39217287721207
2026-05-18T01:50:00+00:00,22411191-1,Temperature,CURRENT,°C,20.289111328124996
2026-05-18T01:50:00+00:00,22411191-2,RH,CURRENT,%,79.44151979858091
2026-05-18T01:50:00+00:00,22411191-3,Dew Point,CURRENT,°C,16.6374519816964
2026-05-18T01:50:00+00:00,22411525-1,Temperature,CURRENT,°C,20.503613281250004
2026-05-18T01:50:00+00:00,22411525-2,RH,CURRENT,%,76.80933852140078
2026-05-18T01:50:00+00:00,22411525-3,Dew Point,CURRENT,°C,16.3154868701125
2026-05-18T01:50:00+00:00,22411526-1,Temperature,CURRENT,°C,18.058291015624995
2026-05-18T01:50:00+00:00,22411526-2,RH,CURRENT,%,90.06942854962998
2026-05-18T01:50:00+00:00,22411526-3,Dew Point,CURRENT,°C,16.42610377089943
2026-05-18T01:50:00+00:00,22411527-1,Temperature,CURRENT,°C,20.632314453124998
2026-05-18T01:50:00+00:00,22411527-2,RH,CURRENT,%,76.47058823529412
2026-05-18T01:50:00+00:00,22411527-3,Dew Point,CURRENT,°C,16.370694185675973
2026-05-18T01:50:00+00:00,22411528-1,Temperature,CURRENT,°C,17.75798828125
2026-05-18T01:50:00+00:00,22411528-2,RH,CURRENT,%,92.9625391012436
2026-05-18T01:50:00+00:00,22411528-3,Dew Point,CURRENT,°C,16.626382429687943
2026-05-18T01:50:00+00:00,22411529-1,Temperature,CURRENT,°C,17.200283203125004
2026-05-18T01:50:00+00:00,22411529-2,RH,CURRENT,%,95.81597619592584
2026-05-18T01:50:00+00:00,22411529-3,Dew Point,CURRENT,°C,16.548001668955663
2026-05-18T01:50:00+00:00,22411530-1,Temperature,CURRENT,°C,19.709956054687503
2026-05-18T01:50:00+00:00,22411530-2,RH,CURRENT,%,80.83314259555962
2026-05-18T01:50:00+00:00,22411530-3,Dew Point,CURRENT,°C,16.346511409011345
2026-05-18T01:51:00+00:00,22411541-S,Battery,CURRENT,V,8.357854248046875
2026-05-18T01:55:00+00:00,22411189-1,Temperature,CURRENT,°C,18.2942431640625
2026-05-18T01:55:00+00:00,22411189-2,RH,CURRENT,%,90.49668116273747
2026-05-18T01:55:00+00:00,22411189-3,Dew Point,CURRENT,°C,16.73398732092727
2026-05-18T01:55:00+00:00,22411190-1,Temperature,CURRENT,°C,18.894848632812504
2026-05-18T01:55:00+00:00,22411190-2,RH,CURRENT,%,84.65552758068208
2026-05-18T01:55:00+00:00,22411190-3,Dew Point,CURRENT,°C,16.275356051498573
2026-05-18T01:55:00+00:00,22411191-1,Temperature,CURRENT,°C,20.567963867187494
2026-05-18T01:55:00+00:00,22411191-2,RH,CURRENT,%,78.15976195925842
2026-05-18T01:55:00+00:00,22411191-3,Dew Point,CURRENT,°C,16.652227599294285
2026-05-18T01:55:00+00:00,22411525-1,Temperature,CURRENT,°C,20.803916015625
2026-05-18T01:55:00+00:00,22411525-2,RH,CURRENT,%,75.29869535362783
2026-05-18T01:55:00+00:00,22411525-3,Dew Point,CURRENT,°C,16.293977240043922
2026-05-18T01:55:00+00:00,22411526-1,Temperature,CURRENT,°C,17.8437890625
2026-05-18T01:55:00+00:00,22411526-2,RH,CURRENT,%,90.97581445029374
2026-05-18T01:55:00+00:00,22411526-3,Dew Point,CURRENT,°C,16.37138598352812
2026-05-18T01:55:00+00:00,22411527-1,Temperature,CURRENT,°C,20.911166992187496
2026-05-18T01:55:00+00:00,22411527-2,RH,CURRENT,%,75.05607690547036
2026-05-18T01:55:00+00:00,22411527-3,Dew Point,CURRENT,°C,16.346911042923114
2026-05-18T01:55:00+00:00,22411528-1,Temperature,CURRENT,°C,17.607836914062496
2026-05-18T01:55:00+00:00,22411528-2,RH,CURRENT,%,93.33028152895399
2026-05-18T01:55:00+00:00,22411528-3,Dew Point,CURRENT,°C,16.53949701681562
2026-05-18T01:55:00+00:00,22411529-1,Temperature,CURRENT,°C,17.157382812499996
2026-05-18T01:55:00+00:00,22411529-2,RH,CURRENT,%,95.5718318455787
2026-05-18T01:55:00+00:00,22411529-3,Dew Point,CURRENT,°C,16.465104996080452
2026-05-18T01:55:00+00:00,22411530-1,Temperature,CURRENT,°C,19.945908203124993
2026-05-18T01:55:00+00:00,22411530-2,RH,CURRENT,%,79.71923399710079
2026-05-18T01:55:00+00:00,22411530-3,Dew Point,CURRENT,°C,16.358287140762037
2026-05-18T01:56:00+00:00,22411541-S,Battery,CURRENT,V,8.351392822265625
2026-05-18T02:00:00+00:00,22411189-1,Temperature,CURRENT,°C,18.186992187500003
2026-05-18T02:00:00+00:00,22411189-2,RH,CURRENT,%,90.85374227512017
2026-05-18T02:00:00+00:00,22411189-3,Dew Point,CURRENT,°C,16.689952533587878
2026-05-18T02:00:00+00:00,22411190-1,Temperature,CURRENT,°C,18.744697265625
2026-05-18T02:00:00+00:00,22411190-2,RH,CURRENT,%,85.23994811932555
2026-05-18T02:00:00+00:00,22411190-3,Dew Point,CURRENT,°C,16.23607123059666
2026-05-18T02:00:00+00:00,22411191-1,Temperature,CURRENT,°C,20.246210937500003
2026-05-18T02:00:00+00:00,22411191-2,RH,CURRENT,%,79.35454337376974
2026-05-18T02:00:00+00:00,22411191-3,Dew Point,CURRENT,°C,16.578444704176658
2026-05-18T02:00:00+00:00,22411525-1,Temperature,CURRENT,°C,20.546513671874997
2026-05-18T02:00:00+00:00,22411525-2,RH,CURRENT,%,75.87396047913329
2026-05-18T02:00:00+00:00,22411525-3,Dew Point,CURRENT,°C,16.16455934129173
2026-05-18T02:00:00+00:00,22411526-1,Temperature,CURRENT,°C,17.8437890625
2026-05-18T02:00:00+00:00,22411526-2,RH,CURRENT,%,90.98039215686275
2026-05-18T02:00:00+00:00,22411526-3,Dew Point,CURRENT,°C,16.372177209657
2026-05-18T02:00:00+00:00,22411527-1,Temperature,CURRENT,°C,20.739565429687495
2026-05-18T02:00:00+00:00,22411527-2,RH,CURRENT,%,75.34447241931792
2026-05-18T02:00:00+00:00,22411527-3,Dew Point,CURRENT,°C,16.241313527829597
2026-05-18T02:00:00+00:00,22411528-1,Temperature,CURRENT,°C,17.58638671875
2026-05-18T02:00:00+00:00,22411528-2,RH,CURRENT,%,93.4905012588693
2026-05-18T02:00:00+00:00,22411528-3,Dew Point,CURRENT,°C,16.545201692816516
2026-05-18T02:00:00+00:00,22411529-1,Temperature,CURRENT,°C,17.1359326171875
2026-05-18T02:00:00+00:00,22411529-2,RH,CURRENT,%,95.77019913023575
2026-05-18T02:00:00+00:00,22411529-3,Dew Point,CURRENT,°C,16.476368199358145
2026-05-18T02:00:00+00:00,22411530-1,Temperature,CURRENT,°C,19.60270507812499
2026-05-18T02:00:00+00:00,22411530-2,RH,CURRENT,%,81.06660563057908
2026-05-18T02:00:00+00:00,22411530-3,Dew Point,CURRENT,°C,16.287212628913355
2026-05-18T02:01:00+00:00,22411541-S,Battery,CURRENT,V,8.35462353515625
2026-05-18T02:05:00+00:00,22411189-1,Temperature,CURRENT,°C,18.229892578124996
2026-05-18T02:05:00+00:00,22411189-2,RH,CURRENT,%,90.33646143282216
2026-05-18T02:05:00+00:00,22411189-3,Dew Point,CURRENT,°C,16.64240200111591
2026-05-18T02:05:00+00:00,22411190-1,Temperature,CURRENT,°C,18.658896484375
2026-05-18T02:05:00+00:00,22411190-2,RH,CURRENT,%,84.99885557335774
2026-05-18T02:05:00+00:00,22411190-3,Dew Point,CURRENT,°C,16.10736830439263
2026-05-18T02:05:00+00:00,22411191-1,Temperature,CURRENT,°C,20.374912109374996
2026-05-18T02:05:00+00:00,22411191-2,RH,CURRENT,%,78.39627679865721
2026-05-18T02:05:00+00:00,22411191-3,Dew Point,CURRENT,°C,16.51228159984512
2026-05-18T02:05:00+00:00,22411525-1,Temperature,CURRENT,°C,20.718115234375
2026-05-18T02:05:00+00:00,22411525-2,RH,CURRENT,%,75.29716945143817
2026-05-18T02:05:00+00:00,22411525-3,Dew Point,CURRENT,°C,16.210711573580056
2026-05-18T02:05:00+00:00,22411526-1,Temperature,CURRENT,°C,17.886689453124994
2026-05-18T02:05:00+00:00,22411526-2,RH,CURRENT,%,90.25711451895934
2026-05-18T02:05:00+00:00,22411526-3,Dew Point,CURRENT,°C,16.289154193028878
2026-05-18T02:05:00+00:00,22411527-1,Temperature,CURRENT,°C,20.889716796875
2026-05-18T02:05:00+00:00,22411527-2,RH,CURRENT,%,74.81956206607157
2026-05-18T02:05:00+00:00,22411527-3,Dew Point,CURRENT,°C,16.276580028600623
2026-05-18T02:05:00+00:00,22411528-1,Temperature,CURRENT,°C,17.58638671875
2026-05-18T02:05:00+00:00,22411528-2,RH,CURRENT,%,92.74433508812085
2026-05-18T02:05:00+00:00,22411528-3,Dew Point,CURRENT,°C,16.41908467779497
2026-05-18T02:05:00+00:00,22411529-1,Temperature,CURRENT,°C,17.114482421874996
2026-05-18T02:05:00+00:00,22411529-2,RH,CURRENT,%,94.86686503395133
2026-05-18T02:05:00+00:00,22411529-3,Dew Point,CURRENT,°C,16.305961796803814
2026-05-18T02:05:00+00:00,22411530-1,Temperature,CURRENT,°C,19.68850585937499
2026-05-18T02:05:00+00:00,22411530-2,RH,CURRENT,%,79.90386816205081
2026-05-18T02:05:00+00:00,22411530-3,Dew Point,CURRENT,°C,16.143960628489744
2026-05-18T02:06:00+00:00,22411541-S,Battery,CURRENT,V,8.351392822265625
2026-05-18T02:10:00+00:00,22411189-1,Temperature,CURRENT,°C,18.251342773437493
2026-05-18T02:10:00+00:00,22411189-2,RH,CURRENT,%,90.32120241092547
2026-05-18T02:10:00+00:00,22411189-3,Dew Point,CURRENT,°C,16.660954226117415
2026-05-18T02:10:00+00:00,22411190-1,Temperature,CURRENT,°C,18.637446289062503
2026-05-18T02:10:00+00:00,22411190-2,RH,CURRENT,%,85.43678950179293
2026-05-18T02:10:00+00:00,22411190-3,Dew Point,CURRENT,°C,16.166968305972535
2026-05-18T02:10:00+00:00,22411191-1,Temperature,CURRENT,°C,20.332011718750003
2026-05-18T02:10:00+00:00,22411191-2,RH,CURRENT,%,79.34081025406272
2026-05-18T02:10:00+00:00,22411191-3,Dew Point,CURRENT,°C,16.659209764076067
2026-05-18T02:10:00+00:00,22411525-1,Temperature,CURRENT,°C,20.589414062500005
2026-05-18T02:10:00+00:00,22411525-2,RH,CURRENT,%,76.1348897535668
2026-05-18T02:10:00+00:00,22411525-3,Dew Point,CURRENT,°C,16.259999344040253
2026-05-18T02:10:00+00:00,22411526-1,Temperature,CURRENT,°C,17.92958984375
2026-05-18T02:10:00+00:00,22411526-2,RH,CURRENT,%,90.35782406347754
2026-05-18T02:10:00+00:00,22411526-3,Dew Point,CURRENT,°C,16.349111546898047
2026-05-18T02:10:00+00:00,22411527-1,Temperature,CURRENT,°C,20.782465820312503
2026-05-18T02:10:00+00:00,22411527-2,RH,CURRENT,%,75.5718318455787
2026-05-18T02:10:00+00:00,22411527-3,Dew Point,CURRENT,°C,16.330146169188144
2026-05-18T02:10:00+00:00,22411528-1,Temperature,CURRENT,°C,17.564936523437503
2026-05-18T02:10:00+00:00,22411528-2,RH,CURRENT,%,93.1136034180209
2026-05-18T02:10:00+00:00,22411528-3,Dew Point,CURRENT,°C,16.460314082444548
2026-05-18T02:10:00+00:00,22411529-1,Temperature,CURRENT,°C,17.0501318359375
2026-05-18T02:10:00+00:00,22411529-2,RH,CURRENT,%,95.80071717402915
2026-05-18T02:10:00+00:00,22411529-3,Dew Point,CURRENT,°C,16.395900738558694
2026-05-18T02:10:00+00:00,22411530-1,Temperature,CURRENT,°C,19.774306640624992
2026-05-18T02:10:00+00:00,22411530-2,RH,CURRENT,%,80.72785534447242
2026-05-18T02:10:00+00:00,22411530-3,Dew Point,CURRENT,°C,16.388778156033904
2026-05-18T02:11:00+00:00,22411541-S,Battery,CURRENT,V,8.344931396484375
2026-05-18T02:15:00+00:00,22411189-1,Temperature,CURRENT,°C,18.229892578124996
2026-05-18T02:15:00+00:00,22411189-2,RH,CURRENT,%,90.16098268101015
2026-05-18T02:15:00+00:00,22411189-3,Dew Point,CURRENT,°C,16.611765052000937
2026-05-18T02:15:00+00:00,22411190-1,Temperature,CURRENT,°C,18.658896484375
2026-05-18T02:15:00+00:00,22411190-2,RH,CURRENT,%,85.23537041275654
2026-05-18T02:15:00+00:00,22411190-3,Dew Point,CURRENT,°C,16.15097985631393
2026-05-18T02:15:00+00:00,22411191-1,Temperature,CURRENT,°C,20.396362304687493
2026-05-18T02:15:00+00:00,22411191-2,RH,CURRENT,%,78.26810101472496
2026-05-18T02:15:00+00:00,22411191-3,Dew Point,CURRENT,°C,16.507362188164095
2026-05-18T02:15:00+00:00,22411525-1,Temperature,CURRENT,°C,20.696665039062502
2026-05-18T02:15:00+00:00,22411525-2,RH,CURRENT,%,75.26207370107576
2026-05-18T02:15:00+00:00,22411525-3,Dew Point,CURRENT,°C,16.182654263331518
2026-05-18T02:15:00+00:00,22411526-1,Temperature,CURRENT,°C,17.8437890625
2026-05-18T02:15:00+00:00,22411526-2,RH,CURRENT,%,90.30289158464943
2026-05-18T02:15:00+00:00,22411526-3,Dew Point,CURRENT,°C,16.25469449817235
2026-05-18T02:15:00+00:00,22411527-1,Temperature,CURRENT,°C,20.846816406249992
2026-05-18T02:15:00+00:00,22411527-2,RH,CURRENT,%,74.88975356679637
2026-05-18T02:15:00+00:00,22411527-3,Dew Point,CURRENT,°C,16.249870036979615
2026-05-18T02:15:00+00:00,22411528-1,Temperature,CURRENT,°C,17.54348632812499
2026-05-18T02:15:00+00:00,22411528-2,RH,CURRENT,%,92.94880598153658
2026-05-18T02:15:00+00:00,22411528-3,Dew Point,CURRENT,°C,16.411151838993362
2026-05-18T02:15:00+00:00,22411529-1,Temperature,CURRENT,°C,16.985781249999995
2026-05-18T02:15:00+00:00,22411529-2,RH,CURRENT,%,94.48844129091326
2026-05-18T02:15:00+00:00,22411529-3,Dew Point,CURRENT,°C,16.115153468484287
2026-05-18T02:15:00+00:00,22411530-1,Temperature,CURRENT,°C,19.774306640624992
2026-05-18T02:15:00+00:00,22411530-2,RH,CURRENT,%,79.77111467154955
2026-05-18T02:15:00+00:00,22411530-3,Dew Point,CURRENT,°C,16.201414904222545
2026-05-18T02:16:00+00:00,22411541-S,Battery,CURRENT,V,8.348162109375
2026-05-18T02:20:00+00:00,22411189-1,Temperature,CURRENT,°C,18.0368408203125
2026-05-18T02:20:00+00:00,22411189-2,RH,CURRENT,%,90.42801556420234
2026-05-18T02:20:00+00:00,22411189-3,Dew Point,CURRENT,°C,16.467408697128366
2026-05-18T02:20:00+00:00,22411190-1,Temperature,CURRENT,°C,18.53019531249999
2026-05-18T02:20:00+00:00,22411190-2,RH,CURRENT,%,85.53444724193179
2026-05-18T02:20:00+00:00,22411190-3,Dew Point,CURRENT,°C,16.079548333302522
2026-05-18T02:20:00+00:00,22411191-1,Temperature,CURRENT,°C,20.053159179687505
2026-05-18T02:20:00+00:00,22411191-2,RH,CURRENT,%,79.80773632410163
2026-05-18T02:20:00+00:00,22411191-3,Dew Point,CURRENT,°C,16.48017730769667
2026-05-18T02:20:00+00:00,22411525-1,Temperature,CURRENT,°C,20.460712890624997
2026-05-18T02:20:00+00:00,22411525-2,RH,CURRENT,%,75.91210803387503
2026-05-18T02:20:00+00:00,22411525-3,Dew Point,CURRENT,°C,16.089417263406716
2026-05-18T02:20:00+00:00,22411526-1,Temperature,CURRENT,°C,17.6721875
2026-05-18T02:20:00+00:00,22411526-2,RH,CURRENT,%,90.31204699778745
2026-05-18T02:20:00+00:00,22411526-3,Dew Point,CURRENT,°C,16.08657139136979
2026-05-18T02:20:00+00:00,22411527-1,Temperature,CURRENT,°C,20.76101562499999
2026-05-18T02:20:00+00:00,22411527-2,RH,CURRENT,%,75.08659494926376
2026-05-18T02:20:00+00:00,22411527-3,Dew Point,CURRENT,°C,16.208196660785603
2026-05-18T02:20:00+00:00,22411528-1,Temperature,CURRENT,°C,17.3933349609375
2026-05-18T02:20:00+00:00,22411528-2,RH,CURRENT,%,92.52002746623941
2026-05-18T02:20:00+00:00,22411528-3,Dew Point,CURRENT,°C,16.18949441094658
2026-05-18T02:20:00+00:00,22411529-1,Temperature,CURRENT,°C,16.749829101562497
2026-05-18T02:20:00+00:00,22411529-2,RH,CURRENT,%,94.4106202792401
2026-05-18T02:20:00+00:00,22411529-3,Dew Point,CURRENT,°C,15.867572251270339
2026-05-18T02:20:00+00:00,22411530-1,Temperature,CURRENT,°C,19.409653320312493
2026-05-18T02:20:00+00:00,22411530-2,RH,CURRENT,%,81.4373998626688
2026-05-18T02:20:00+00:00,22411530-3,Dew Point,CURRENT,°C,16.17046812109136
2026-05-18T02:21:00+00:00,22411541-S,Battery,CURRENT,V,8.344931396484375
2026-05-18T02:25:00+00:00,22411189-1,Temperature,CURRENT,°C,17.779438476562497
2026-05-18T02:25:00+00:00,22411189-2,RH,CURRENT,%,91.54345006485084
2026-05-18T02:25:00+00:00,22411189-3,Dew Point,CURRENT,°C,16.40548299733462
2026-05-18T02:25:00+00:00,22411190-1,Temperature,CURRENT,°C,18.272792968750004
2026-05-18T02:25:00+00:00,22411190-2,RH,CURRENT,%,86.53543907835508
2026-05-18T02:25:00+00:00,22411190-3,Dew Point,CURRENT,°C,16.00899396732044
2026-05-18T02:25:00+00:00,22411191-1,Temperature,CURRENT,°C,19.709956054687503
2026-05-18T02:25:00+00:00,22411191-2,RH,CURRENT,%,81.18867780575265
2026-05-18T02:25:00+00:00,22411191-3,Dew Point,CURRENT,°C,16.415529179540556
2026-05-18T02:25:00+00:00,22411525-1,Temperature,CURRENT,°C,20.203310546874995
2026-05-18T02:25:00+00:00,22411525-2,RH,CURRENT,%,76.96955825131609
2026-05-18T02:25:00+00:00,22411525-3,Dew Point,CURRENT,°C,16.05712291639675
2026-05-18T02:25:00+00:00,22411526-1,Temperature,CURRENT,°C,17.350434570312494
2026-05-18T02:25:00+00:00,22411526-2,RH,CURRENT,%,91.4198519874876
2026-05-18T02:25:00+00:00,22411526-3,Dew Point,CURRENT,°C,15.959299844072232
2026-05-18T02:25:00+00:00,22411527-1,Temperature,CURRENT,°C,20.589414062500005
2026-05-18T02:25:00+00:00,22411527-2,RH,CURRENT,%,75.7778286411841
2026-05-18T02:25:00+00:00,22411527-3,Dew Point,CURRENT,°C,16.186164689318808
2026-05-18T02:25:00+00:00,22411528-1,Temperature,CURRENT,°C,17.114482421874996
2026-05-18T02:25:00+00:00,22411528-2,RH,CURRENT,%,93.2341496910048
2026-05-18T02:25:00+00:00,22411528-3,Dew Point,CURRENT,°C,16.033404083616404
2026-05-18T02:25:00+00:00,22411529-1,Temperature,CURRENT,°C,16.55677734375
2026-05-18T02:25:00+00:00,22411529-2,RH,CURRENT,%,95.32158388647288
2026-05-18T02:25:00+00:00,22411529-3,Dew Point,CURRENT,°C,15.825848141647676
2026-05-18T02:25:00+00:00,22411530-1,Temperature,CURRENT,°C,19.15225097656249
2026-05-18T02:25:00+00:00,22411530-2,RH,CURRENT,%,82.46738384069582
2026-05-18T02:25:00+00:00,22411530-3,Dew Point,CURRENT,°C,16.116242944079453
2026-05-18T02:26:00+00:00,22411541-S,Battery,CURRENT,V,8.338469970703125
2026-05-18T02:30:00+00:00,22411189-1,Temperature,CURRENT,°C,17.75798828125
2026-05-18T02:30:00+00:00,22411189-2,RH,CURRENT,%,92.13550011444266
2026-05-18T02:30:00+00:00,22411189-3,Dew Point,CURRENT,°C,16.485655832872023
2026-05-18T02:30:00+00:00,22411190-1,Temperature,CURRENT,°C,18.186992187500003
2026-05-18T02:30:00+00:00,22411190-2,RH,CURRENT,%,87.09086747539483
2026-05-18T02:30:00+00:00,22411190-3,Dew Point,CURRENT,°C,16.024879460099054
2026-05-18T02:30:00+00:00,22411191-1,Temperature,CURRENT,°C,19.238051757812492
2026-05-18T02:30:00+00:00,22411191-2,RH,CURRENT,%,83.28984512092775
2026-05-18T02:30:00+00:00,22411191-3,Dew Point,CURRENT,°C,16.356079628527283
2026-05-18T02:30:00+00:00,22411525-1,Temperature,CURRENT,°C,19.667055664062495
2026-05-18T02:30:00+00:00,22411525-2,RH,CURRENT,%,78.88303959716183
2026-05-18T02:30:00+00:00,22411525-3,Dew Point,CURRENT,°C,15.921432292758357
2026-05-18T02:30:00+00:00,22411526-1,Temperature,CURRENT,°C,17.286083984375004
2026-05-18T02:30:00+00:00,22411526-2,RH,CURRENT,%,92.36285954070344
2026-05-18T02:30:00+00:00,22411526-3,Dew Point,CURRENT,°C,16.05643080594194
2026-05-18T02:30:00+00:00,22411527-1,Temperature,CURRENT,°C,20.096059570312498
2026-05-18T02:30:00+00:00,22411527-2,RH,CURRENT,%,77.27168688487068
2026-05-18T02:30:00+00:00,22411527-3,Dew Point,CURRENT,°C,16.014564903619576
2026-05-18T02:30:00+00:00,22411528-1,Temperature,CURRENT,°C,17.0072314453125
2026-05-18T02:30:00+00:00,22411528-2,RH,CURRENT,%,94.64255741206989
2026-05-18T02:30:00+00:00,22411528-3,Dew Point,CURRENT,°C,16.16207008424046
2026-05-18T02:30:00+00:00,22411529-1,Temperature,CURRENT,°C,16.428076171875
2026-05-18T02:30:00+00:00,22411529-2,RH,CURRENT,%,96.29205767910277
2026-05-18T02:30:00+00:00,22411529-3,Dew Point,CURRENT,°C,15.856245347351447
2026-05-18T02:30:00+00:00,22411530-1,Temperature,CURRENT,°C,18.809047851562504
2026-05-18T02:30:00+00:00,22411530-2,RH,CURRENT,%,83.41954680704967
2026-05-18T02:30:00+00:00,22411530-3,Dew Point,CURRENT,°C,15.960440198052332
2026-05-18T02:31:00+00:00,22411541-S,Battery,CURRENT,V,8.338469970703125
2026-05-18T02:35:00+00:00,22411189-1,Temperature,CURRENT,°C,17.951040039062498
2026-05-18T02:35:00+00:00,22411189-2,RH,CURRENT,%,91.37407492179752
2026-05-18T02:35:00+00:00,22411189-3,Dew Point,CURRENT,°C,16.546317811419993
2026-05-18T02:35:00+00:00,22411190-1,Temperature,CURRENT,°C,18.337143554687493
2026-05-18T02:35:00+00:00,22411190-2,RH,CURRENT,%,86.22415503166248
2026-05-18T02:35:00+00:00,22411190-3,Dew Point,CURRENT,°C,16.015778560943346
2026-05-18T02:35:00+00:00,22411191-1,Temperature,CURRENT,°C,19.087900390625002
2026-05-18T02:35:00+00:00,22411191-2,RH,CURRENT,%,84.04211490043488
2026-05-18T02:35:00+00:00,22411191-3,Dew Point,CURRENT,°C,16.350359290858272
2026-05-18T02:35:00+00:00,22411525-1,Temperature,CURRENT,°C,19.323852539062493
2026-05-18T02:35:00+00:00,22411525-2,RH,CURRENT,%,80.65918974593728
2026-05-18T02:35:00+00:00,22411525-3,Dew Point,CURRENT,°C,15.936137732579072
2026-05-18T02:35:00+00:00,22411526-1,Temperature,CURRENT,°C,17.414785156249998
2026-05-18T02:35:00+00:00,22411526-2,RH,CURRENT,%,92.42236972610056
2026-05-18T02:35:00+00:00,22411526-3,Dew Point,CURRENT,°C,16.194187880933328
2026-05-18T02:35:00+00:00,22411527-1,Temperature,CURRENT,°C,19.624155273437502
2026-05-18T02:35:00+00:00,22411527-2,RH,CURRENT,%,79.44457160296025
2026-05-18T02:35:00+00:00,22411527-3,Dew Point,CURRENT,°C,15.990872874661052
2026-05-18T02:35:00+00:00,22411528-1,Temperature,CURRENT,°C,17.0501318359375
2026-05-18T02:35:00+00:00,22411528-2,RH,CURRENT,%,95.39330128938735
2026-05-18T02:35:00+00:00,22411528-3,Dew Point,CURRENT,°C,16.328888865216207
2026-05-18T02:35:00+00:00,22411529-1,Temperature,CURRENT,°C,16.449526367187495
2026-05-18T02:35:00+00:00,22411529-2,RH,CURRENT,%,97.50820172426947
2026-05-18T02:35:00+00:00,22411529-3,Dew Point,CURRENT,°C,16.07437371377697
2026-05-18T02:35:00+00:00,22411530-1,Temperature,CURRENT,°C,18.809047851562504
2026-05-18T02:35:00+00:00,22411530-2,RH,CURRENT,%,83.83611810482948
2026-05-18T02:35:00+00:00,22411530-3,Dew Point,CURRENT,°C,16.03854095859786
2026-05-18T02:36:00+00:00,22411541-S,Battery,CURRENT,V,8.338469970703125
2026-05-18T02:40:00+00:00,22411189-1,Temperature,CURRENT,°C,18.015390625000002
2026-05-18T02:40:00+00:00,22411189-2,RH,CURRENT,%,90.38681620508126
2026-05-18T02:40:00+00:00,22411189-3,Dew Point,CURRENT,°C,16.439021146789656
2026-05-18T02:40:00+00:00,22411190-1,Temperature,CURRENT,°C,18.337143554687493
2026-05-18T02:40:00+00:00,22411190-2,RH,CURRENT,%,85.66262302586404
2026-05-18T02:40:00+00:00,22411190-3,Dew Point,CURRENT,°C,15.913364431191196
2026-05-18T02:40:00+00:00,22411191-1,Temperature,CURRENT,°C,19.345302734375004
2026-05-18T02:40:00+00:00,22411191-2,RH,CURRENT,%,82.72678721293966
2026-05-18T02:40:00+00:00,22411191-3,Dew Point,CURRENT,°C,16.354388338784972
2026-05-18T02:40:00+00:00,22411525-1,Temperature,CURRENT,°C,19.624155273437502
2026-05-18T02:40:00+00:00,22411525-2,RH,CURRENT,%,79.71007858396277
2026-05-18T02:40:00+00:00,22411525-3,Dew Point,CURRENT,°C,16.04319229636068
2026-05-18T02:40:00+00:00,22411526-1,Temperature,CURRENT,°C,17.629287109374992
2026-05-18T02:40:00+00:00,22411526-2,RH,CURRENT,%,91.3298237582971
2026-05-18T02:40:00+00:00,22411526-3,Dew Point,CURRENT,°C,16.22003205044502
2026-05-18T02:40:00+00:00,22411527-1,Temperature,CURRENT,°C,19.860107421874993
2026-05-18T02:40:00+00:00,22411527-2,RH,CURRENT,%,78.88609140154117
2026-05-18T02:40:00+00:00,22411527-3,Dew Point,CURRENT,°C,16.109770968180285
2026-05-18T02:40:00+00:00,22411528-1,Temperature,CURRENT,°C,17.200283203125004
2026-05-18T02:40:00+00:00,22411528-2,RH,CURRENT,%,94.85770962081331
2026-05-18T02:40:00+00:00,22411528-3,Dew Point,CURRENT,°C,16.389821975482658
2026-05-18T02:40:00+00:00,22411529-1,Temperature,CURRENT,°C,16.513876953125
2026-05-18T02:40:00+00:00,22411529-2,RH,CURRENT,%,97.22133211261158
2026-05-18T02:40:00+00:00,22411529-3,Dew Point,CURRENT,°C,16.092388346255337
2026-05-18T02:40:00+00:00,22411530-1,Temperature,CURRENT,°C,19.044999999999995
2026-05-18T02:40:00+00:00,22411530-2,RH,CURRENT,%,82.48874647135119
2026-05-18T02:40:00+00:00,22411530-3,Dew Point,CURRENT,°C,16.01542729920607
2026-05-18T02:41:00+00:00,22411541-S,Battery,CURRENT,V,8.338469970703125
2026-05-18T02:45:00+00:00,22411189-1,Temperature,CURRENT,°C,17.972490234374995
2026-05-18T02:45:00+00:00,22411189-2,RH,CURRENT,%,90.52414740215153
2026-05-18T02:45:00+00:00,22411189-3,Dew Point,CURRENT,°C,16.42046917450088
2026-05-18T02:45:00+00:00,22411190-1,Temperature,CURRENT,°C,18.3800439453125
2026-05-18T02:45:00+00:00,22411190-2,RH,CURRENT,%,85.7953765163653
2026-05-18T02:45:00+00:00,22411190-3,Dew Point,CURRENT,°C,15.979788563434374
2026-05-18T02:45:00+00:00,22411191-1,Temperature,CURRENT,°C,19.945908203124993
2026-05-18T02:45:00+00:00,22411191-2,RH,CURRENT,%,80.341802090486
2026-05-18T02:45:00+00:00,22411191-3,Dew Point,CURRENT,°C,16.48066024382073
2026-05-18T02:45:00+00:00,22411525-1,Temperature,CURRENT,°C,20.310561523437492
2026-05-18T02:45:00+00:00,22411525-2,RH,CURRENT,%,76.89936675059128
2026-05-18T02:45:00+00:00,22411525-3,Dew Point,CURRENT,°C,16.14677376111785
2026-05-18T02:45:00+00:00,22411526-1,Temperature,CURRENT,°C,17.629287109374992
2026-05-18T02:45:00+00:00,22411526-2,RH,CURRENT,%,90.4905775539788
2026-05-18T02:45:00+00:00,22411526-3,Dew Point,CURRENT,°C,16.07512065349639
2026-05-18T02:45:00+00:00,22411527-1,Temperature,CURRENT,°C,20.482163085937493
2026-05-18T02:45:00+00:00,22411527-2,RH,CURRENT,%,76.49805447470817
2026-05-18T02:45:00+00:00,22411527-3,Dew Point,CURRENT,°C,16.230895232777364
2026-05-18T02:45:00+00:00,22411528-1,Temperature,CURRENT,°C,17.2217333984375
2026-05-18T02:45:00+00:00,22411528-2,RH,CURRENT,%,93.65529869535362
2026-05-18T02:45:00+00:00,22411528-3,Dew Point,CURRENT,°C,16.21065952852722
2026-05-18T02:45:00+00:00,22411529-1,Temperature,CURRENT,°C,16.599677734375
2026-05-18T02:45:00+00:00,22411529-2,RH,CURRENT,%,96.68116273746853
2026-05-18T02:45:00+00:00,22411529-3,Dew Point,CURRENT,°C,16.090577773510557
2026-05-18T02:45:00+00:00,22411530-1,Temperature,CURRENT,°C,19.388203124999997
2026-05-18T02:45:00+00:00,22411530-2,RH,CURRENT,%,81.2314030670634
2026-05-18T02:45:00+00:00,22411530-3,Dew Point,CURRENT,°C,16.109774908116904
2026-05-18T02:46:00+00:00,22411541-S,Battery,CURRENT,V,8.338469970703125
2026-05-18T02:50:00+00:00,22411189-1,Temperature,CURRENT,°C,17.865239257812497
2026-05-18T02:50:00+00:00,22411189-2,RH,CURRENT,%,91.38323033493553
2026-05-18T02:50:00+00:00,22411189-3,Dew Point,CURRENT,°C,16.462914248977604
2026-05-18T02:50:00+00:00,22411190-1,Temperature,CURRENT,°C,18.229892578124996
2026-05-18T02:50:00+00:00,22411190-2,RH,CURRENT,%,86.63614862287328
2026-05-18T02:50:00+00:00,22411190-3,Dew Point,CURRENT,°C,15.985022801635424
2026-05-18T02:50:00+00:00,22411191-1,Temperature,CURRENT,°C,19.624155273437502
2026-05-18T02:50:00+00:00,22411191-2,RH,CURRENT,%,81.31227588311589
2026-05-18T02:50:00+00:00,22411191-3,Dew Point,CURRENT,°C,16.35570968937368
2026-05-18T02:50:00+00:00,22411525-1,Temperature,CURRENT,°C,20.22476074218749
2026-05-18T02:50:00+00:00,22411525-2,RH,CURRENT,%,76.61249713893339
2026-05-18T02:50:00+00:00,22411525-3,Dew Point,CURRENT,°C,16.004989950703678
2026-05-18T02:50:00+00:00,22411526-1,Temperature,CURRENT,°C,17.564936523437503
2026-05-18T02:50:00+00:00,22411526-2,RH,CURRENT,%,91.09941252765698
2026-05-18T02:50:00+00:00,22411526-3,Dew Point,CURRENT,°C,16.116651579061465
2026-05-18T02:50:00+00:00,22411527-1,Temperature,CURRENT,°C,20.482163085937493
2026-05-18T02:50:00+00:00,22411527-2,RH,CURRENT,%,75.66796368352789
2026-05-18T02:50:00+00:00,22411527-3,Dew Point,CURRENT,°C,16.059634818572714
2026-05-18T02:50:00+00:00,22411528-1,Temperature,CURRENT,°C,17.2217333984375
2026-05-18T02:50:00+00:00,22411528-2,RH,CURRENT,%,93.97116044861524
2026-05-18T02:50:00+00:00,22411528-3,Dew Point,CURRENT,°C,16.263548164529684
2026-05-18T02:50:00+00:00,22411529-1,Temperature,CURRENT,°C,16.599677734375
2026-05-18T02:50:00+00:00,22411529-2,RH,CURRENT,%,96.50110627908751
2026-05-18T02:50:00+00:00,22411529-3,Dew Point,CURRENT,°C,16.06133293781533
2026-05-18T02:50:00+00:00,22411530-1,Temperature,CURRENT,°C,18.916298828125
2026-05-18T02:50:00+00:00,22411530-2,RH,CURRENT,%,83.22575722896163
2026-05-18T02:50:00+00:00,22411530-3,Dew Point,CURRENT,°C,16.028989142223022
2026-05-18T02:51:00+00:00,22411541-S,Battery,CURRENT,V,8.3352392578125
2026-05-18T02:55:00+00:00,22411189-1,Temperature,CURRENT,°C,17.715087890624993
2026-05-18T02:55:00+00:00,22411189-2,RH,CURRENT,%,92.17517357137407
2026-05-18T02:55:00+00:00,22411189-3,Dew Point,CURRENT,°C,16.44989541420385
2026-05-18T02:55:00+00:00,22411190-1,Temperature,CURRENT,°C,18.058291015624995
2026-05-18T02:55:00+00:00,22411190-2,RH,CURRENT,%,87.56542305638209
2026-05-18T02:55:00+00:00,22411190-3,Dew Point,CURRENT,°C,15.983328099218353
2026-05-18T02:55:00+00:00,22411191-1,Temperature,CURRENT,°C,19.3667529296875
2026-05-18T02:55:00+00:00,22411191-2,RH,CURRENT,%,82.74052033264668
2026-05-18T02:55:00+00:00,22411191-3,Dew Point,CURRENT,°C,16.377981722488443
2026-05-18T02:55:00+00:00,22411525-1,Temperature,CURRENT,°C,19.945908203124993
2026-05-18T02:55:00+00:00,22411525-2,RH,CURRENT,%,77.53109025711451
2026-05-18T02:55:00+00:00,22411525-3,Dew Point,CURRENT,°C,15.921431122281378
2026-05-18T02:55:00+00:00,22411526-1,Temperature,CURRENT,°C,17.436235351562495
2026-05-18T02:55:00+00:00,22411526-2,RH,CURRENT,%,91.71282520790417
2026-05-18T02:55:00+00:00,22411526-3,Dew Point,CURRENT,°C,16.094480752464086
2026-05-18T02:55:00+00:00,22411527-1,Temperature,CURRENT,°C,20.310561523437492
2026-05-18T02:55:00+00:00,22411527-2,RH,CURRENT,%,76.23559929808499
2026-05-18T02:55:00+00:00,22411527-3,Dew Point,CURRENT,°C,16.01076667687335
2026-05-18T02:55:00+00:00,22411528-1,Temperature,CURRENT,°C,17.114482421874996
2026-05-18T02:55:00+00:00,22411528-2,RH,CURRENT,%,94.2504005493248
2026-05-18T02:55:00+00:00,22411528-3,Dew Point,CURRENT,°C,16.203538733315686
2026-05-18T02:55:00+00:00,22411529-1,Temperature,CURRENT,°C,16.4709765625
2026-05-18T02:55:00+00:00,22411529-2,RH,CURRENT,%,96.86274509803921
2026-05-18T02:55:00+00:00,22411529-3,Dew Point,CURRENT,°C,15.99162310737788
2026-05-18T02:55:00+00:00,22411530-1,Temperature,CURRENT,°C,18.658896484375
2026-05-18T02:55:00+00:00,22411530-2,RH,CURRENT,%,84.65552758068208
2026-05-18T02:55:00+00:00,22411530-3,Dew Point,CURRENT,°C,16.043871599491034
2026-05-18T02:56:00+00:00,22411541-S,Battery,CURRENT,V,8.332008544921875
2026-05-18T03:00:00+00:00,22411189-1,Temperature,CURRENT,°C,17.736538085937504
2026-05-18T03:00:00+00:00,22411189-2,RH,CURRENT,%,92.35523002975509
2026-05-18T03:00:00+00:00,22411189-3,Dew Point,CURRENT,°C,16.501878753971152
2026-05-18T03:00:00+00:00,22411190-1,Temperature,CURRENT,°C,18.186992187500003
2026-05-18T03:00:00+00:00,22411190-2,RH,CURRENT,%,87.39604791332876
2026-05-18T03:00:00+00:00,22411190-3,Dew Point,CURRENT,°C,16.079747691752466
2026-05-18T03:00:00+00:00,22411191-1,Temperature,CURRENT,°C,19.624155273437502
2026-05-18T03:00:00+00:00,22411191-2,RH,CURRENT,%,81.37636377508201
2026-05-18T03:00:00+00:00,22411191-3,Dew Point,CURRENT,°C,16.368097785167695
2026-05-18T03:00:00+00:00,22411525-1,Temperature,CURRENT,°C,20.074609375
2026-05-18T03:00:00+00:00,22411525-2,RH,CURRENT,%,77.15266651407644
2026-05-18T03:00:00+00:00,22411525-3,Dew Point,CURRENT,°C,15.969594579910408
2026-05-18T03:00:00+00:00,22411526-1,Temperature,CURRENT,°C,17.350434570312494
2026-05-18T03:00:00+00:00,22411526-2,RH,CURRENT,%,92.16296635385672
2026-05-18T03:00:00+00:00,22411526-3,Dew Point,CURRENT,°C,16.086255356161573
2026-05-18T03:00:00+00:00,22411527-1,Temperature,CURRENT,°C,20.396362304687493
2026-05-18T03:00:00+00:00,22411527-2,RH,CURRENT,%,75.7778286411841
2026-05-18T03:00:00+00:00,22411527-3,Dew Point,CURRENT,°C,15.99937978683504
2026-05-18T03:00:00+00:00,22411528-1,Temperature,CURRENT,°C,17.114482421874996
2026-05-18T03:00:00+00:00,22411528-2,RH,CURRENT,%,94.61966887922485
2026-05-18T03:00:00+00:00,22411528-3,Dew Point,CURRENT,°C,16.264961406015324
2026-05-18T03:00:00+00:00,22411529-1,Temperature,CURRENT,°C,16.513876953125
2026-05-18T03:00:00+00:00,22411529-2,RH,CURRENT,%,97.06569008926527
2026-05-18T03:00:00+00:00,22411529-3,Dew Point,CURRENT,°C,16.067251892000094
2026-05-18T03:00:00+00:00,22411530-1,Temperature,CURRENT,°C,19.002099609375
2026-05-18T03:00:00+00:00,22411530-2,RH,CURRENT,%,83.09758144502938
2026-05-18T03:00:00+00:00,22411530-3,Dew Point,CURRENT,°C,16.08880190075105
2026-05-18T03:01:00+00:00,22411541-S,Battery,CURRENT,V,8.332008544921875
2026-05-18T03:05:00+00:00,22411189-1,Temperature,CURRENT,°C,17.54348632812499
2026-05-18T03:05:00+00:00,22411189-2,RH,CURRENT,%,92.23468375677119
2026-05-18T03:05:00+00:00,22411189-3,Dew Point,CURRENT,°C,16.289891361773282
2026-05-18T03:05:00+00:00,22411190-1,Temperature,CURRENT,°C,18.07974121093749
2026-05-18T03:05:00+00:00,22411190-2,RH,CURRENT,%,87.00389105058366
2026-05-18T03:05:00+00:00,22411190-3,Dew Point,CURRENT,°C,15.903629353584998
2026-05-18T03:05:00+00:00,22411191-1,Temperature,CURRENT,°C,19.409653320312493
2026-05-18T03:05:00+00:00,22411191-2,RH,CURRENT,%,82.40634775310903
2026-05-18T03:05:00+00:00,22411191-3,Dew Point,CURRENT,°C,16.356301808781605
2026-05-18T03:05:00+00:00,22411525-1,Temperature,CURRENT,°C,19.81720703125
2026-05-18T03:05:00+00:00,22411525-2,RH,CURRENT,%,78.12619211108569
2026-05-18T03:05:00+00:00,22411525-3,Dew Point,CURRENT,°C,15.916296749937759
2026-05-18T03:05:00+00:00,22411526-1,Temperature,CURRENT,°C,17.157382812499996
2026-05-18T03:05:00+00:00,22411526-2,RH,CURRENT,%,92.17669947356374
2026-05-18T03:05:00+00:00,22411526-3,Dew Point,CURRENT,°C,15.897175370304424
2026-05-18T03:05:00+00:00,22411527-1,Temperature,CURRENT,°C,20.160410156250002
2026-05-18T03:05:00+00:00,22411527-2,RH,CURRENT,%,76.89173723964294
2026-05-18T03:05:00+00:00,22411527-3,Dew Point,CURRENT,°C,15.999671938772732
2026-05-18T03:05:00+00:00,22411528-1,Temperature,CURRENT,°C,16.942880859374995
2026-05-18T03:05:00+00:00,22411528-2,RH,CURRENT,%,94.52048523689632
2026-05-18T03:05:00+00:00,22411528-3,Dew Point,CURRENT,°C,16.07780478965061
2026-05-18T03:05:00+00:00,22411529-1,Temperature,CURRENT,°C,16.38517578125
2026-05-18T03:05:00+00:00,22411529-2,RH,CURRENT,%,96.15014877546349
2026-05-18T03:05:00+00:00,22411529-3,Dew Point,CURRENT,°C,15.790389221944269
2026-05-18T03:05:00+00:00,22411530-1,Temperature,CURRENT,°C,18.894848632812504
2026-05-18T03:05:00+00:00,22411530-2,RH,CURRENT,%,82.89311055161365
2026-05-18T03:05:00+00:00,22411530-3,Dew Point,CURRENT,°C,15.945208018387573
2026-05-18T03:06:00+00:00,22411541-S,Battery,CURRENT,V,8.325547119140625
2026-05-18T03:10:00+00:00,22411189-1,Temperature,CURRENT,°C,17.286083984375004
2026-05-18T03:10:00+00:00,22411189-2,RH,CURRENT,%,93.4248874647135
2026-05-18T03:10:00+00:00,22411189-3,Dew Point,CURRENT,°C,16.235892359641603
2026-05-18T03:10:00+00:00,22411190-1,Temperature,CURRENT,°C,17.779438476562497
2026-05-18T03:10:00+00:00,22411190-2,RH,CURRENT,%,88.5145342183566
2026-05-18T03:10:00+00:00,22411190-3,Dew Point,CURRENT,°C,15.87734555397676
2026-05-18T03:10:00+00:00,22411191-1,Temperature,CURRENT,°C,19.130800781249995
2026-05-18T03:10:00+00:00,22411191-2,RH,CURRENT,%,83.12962539101244
2026-05-18T03:10:00+00:00,22411191-3,Dew Point,CURRENT,°C,16.220828614763054
2026-05-18T03:10:00+00:00,22411525-1,Temperature,CURRENT,°C,19.838657226562496
2026-05-18T03:10:00+00:00,22411525-2,RH,CURRENT,%,77.75082017242694
2026-05-18T03:10:00+00:00,22411525-3,Dew Point,CURRENT,°C,15.86167657112808
2026-05-18T03:10:00+00:00,22411526-1,Temperature,CURRENT,°C,16.942880859374995
2026-05-18T03:10:00+00:00,22411526-2,RH,CURRENT,%,92.96864271000229
2026-05-18T03:10:00+00:00,22411526-3,Dew Point,CURRENT,°C,15.818356266718899
2026-05-18T03:10:00+00:00,22411527-1,Temperature,CURRENT,°C,20.246210937500003
2026-05-18T03:10:00+00:00,22411527-2,RH,CURRENT,%,76.1043717097734
2026-05-18T03:10:00+00:00,22411527-3,Dew Point,CURRENT,°C,15.92145861188996
2026-05-18T03:10:00+00:00,22411528-1,Temperature,CURRENT,°C,16.771279296875
2026-05-18T03:10:00+00:00,22411528-2,RH,CURRENT,%,94.9691004806592
2026-05-18T03:10:00+00:00,22411528-3,Dew Point,CURRENT,°C,15.981331733812162
2026-05-18T03:10:00+00:00,22411529-1,Temperature,CURRENT,°C,16.2350244140625
2026-05-18T03:10:00+00:00,22411529-2,RH,CURRENT,%,97.00617990386816
2026-05-18T03:10:00+00:00,22411529-3,Dew Point,CURRENT,°C,15.779382053475695
2026-05-18T03:10:00+00:00,22411530-1,Temperature,CURRENT,°C,18.3800439453125
2026-05-18T03:10:00+00:00,22411530-2,RH,CURRENT,%,85.6290531776913
2026-05-18T03:10:00+00:00,22411530-3,Dew Point,CURRENT,°C,15.949372223457575
2026-05-18T03:11:00+00:00,22411541-S,Battery,CURRENT,V,8.325547119140625
2026-05-18T03:15:00+00:00,22411189-1,Temperature,CURRENT,°C,17.114482421874996
2026-05-18T03:15:00+00:00,22411189-2,RH,CURRENT,%,94.3358510719463
2026-05-18T03:15:00+00:00,22411189-3,Dew Point,CURRENT,°C,16.21777097313316
2026-05-18T03:15:00+00:00,22411190-1,Temperature,CURRENT,°C,17.54348632812499
2026-05-18T03:15:00+00:00,22411190-2,RH,CURRENT,%,89.6757457846952
2026-05-18T03:15:00+00:00,22411190-3,Dew Point,CURRENT,°C,15.848508994750436
2026-05-18T03:15:00+00:00,22411191-1,Temperature,CURRENT,°C,19.130800781249995
2026-05-18T03:15:00+00:00,22411191-2,RH,CURRENT,%,84.1367208361944
2026-05-18T03:15:00+00:00,22411191-3,Dew Point,CURRENT,°C,16.41010404761429
2026-05-18T03:15:00+00:00,22411525-1,Temperature,CURRENT,°C,19.9030078125
2026-05-18T03:15:00+00:00,22411525-2,RH,CURRENT,%,77.83932249942778
2026-05-18T03:15:00+00:00,22411525-3,Dew Point,CURRENT,°C,15.941968796898683
2026-05-18T03:15:00+00:00,22411526-1,Temperature,CURRENT,°C,16.835629882812498
2026-05-18T03:15:00+00:00,22411526-2,RH,CURRENT,%,93.71938658731975
2026-05-18T03:15:00+00:00,22411526-3,Dew Point,CURRENT,°C,15.837778370397915
2026-05-18T03:15:00+00:00,22411527-1,Temperature,CURRENT,°C,20.310561523437492
2026-05-18T03:15:00+00:00,22411527-2,RH,CURRENT,%,76.1043717097734
2026-05-18T03:15:00+00:00,22411527-3,Dew Point,CURRENT,°C,15.983755119811738
2026-05-18T03:15:00+00:00,22411528-1,Temperature,CURRENT,°C,16.642578125
2026-05-18T03:15:00+00:00,22411528-2,RH,CURRENT,%,95.4711223010605
2026-05-18T03:15:00+00:00,22411528-3,Dew Point,CURRENT,°C,15.93584063964259
2026-05-18T03:15:00+00:00,22411529-1,Temperature,CURRENT,°C,16.127773437499997
2026-05-18T03:15:00+00:00,22411529-2,RH,CURRENT,%,97.1648737315938
2026-05-18T03:15:00+00:00,22411529-3,Dew Point,CURRENT,°C,15.69792762726471
2026-05-18T03:15:00+00:00,22411530-1,Temperature,CURRENT,°C,18.315693359374997
2026-05-18T03:15:00+00:00,22411530-2,RH,CURRENT,%,86.49576562142367
2026-05-18T03:15:00+00:00,22411530-3,Dew Point,CURRENT,°C,16.044005443964497
2026-05-18T03:16:00+00:00,22411541-S,Battery,CURRENT,V,8.3352392578125
2026-05-18T03:20:00+00:00,22411189-1,Temperature,CURRENT,°C,17.0930322265625
2026-05-18T03:20:00+00:00,22411189-2,RH,CURRENT,%,94.73411154345007
2026-05-18T03:20:00+00:00,22411189-3,Dew Point,CURRENT,°C,16.26261387506778
2026-05-18T03:20:00+00:00,22411190-1,Temperature,CURRENT,°C,17.54348632812499
2026-05-18T03:20:00+00:00,22411190-2,RH,CURRENT,%,89.91531242847333
2026-05-18T03:20:00+00:00,22411190-3,Dew Point,CURRENT,°C,15.890296098023487
2026-05-18T03:20:00+00:00,22411191-1,Temperature,CURRENT,°C,19.2809521484375
2026-05-18T03:20:00+00:00,22411191-2,RH,CURRENT,%,82.98924238956283
2026-05-18T03:20:00+00:00,22411191-3,Dew Point,CURRENT,°C,16.341226462508757
2026-05-18T03:20:00+00:00,22411525-1,Temperature,CURRENT,°C,19.881557617187504
2026-05-18T03:20:00+00:00,22411525-2,RH,CURRENT,%,77.7325093461509
2026-05-18T03:20:00+00:00,22411525-3,Dew Point,CURRENT,°C,15.899629691821342
2026-05-18T03:20:00+00:00,22411526-1,Temperature,CURRENT,°C,16.835629882812498
2026-05-18T03:20:00+00:00,22411526-2,RH,CURRENT,%,94.01998931868468
2026-05-18T03:20:00+00:00,22411526-3,Dew Point,CURRENT,°C,15.88793355887749
2026-05-18T03:20:00+00:00,22411527-1,Temperature,CURRENT,°C,20.246210937500003
2026-05-18T03:20:00+00:00,22411527-2,RH,CURRENT,%,76.20355535210193
2026-05-18T03:20:00+00:00,22411527-3,Dew Point,CURRENT,°C,15.941868058243596
2026-05-18T03:20:00+00:00,22411528-1,Temperature,CURRENT,°C,16.685478515625
2026-05-18T03:20:00+00:00,22411528-2,RH,CURRENT,%,95.93957427328908
2026-05-18T03:20:00+00:00,22411528-3,Dew Point,CURRENT,°C,16.055318487461214
2026-05-18T03:20:00+00:00,22411529-1,Temperature,CURRENT,°C,16.1921240234375
2026-05-18T03:20:00+00:00,22411529-2,RH,CURRENT,%,97.54940108339055
2026-05-18T03:20:00+00:00,22411529-3,Dew Point,CURRENT,°C,15.823977894813437
2026-05-18T03:20:00+00:00,22411530-1,Temperature,CURRENT,°C,18.358593750000004
2026-05-18T03:20:00+00:00,22411530-2,RH,CURRENT,%,86.12344548714428
2026-05-18T03:20:00+00:00,22411530-3,Dew Point,CURRENT,°C,16.018543425195055
2026-05-18T03:21:00+00:00,22411541-S,Battery,CURRENT,V,8.325547119140625
2026-05-18T03:25:00+00:00,22411189-1,Temperature,CURRENT,°C,17.0501318359375
2026-05-18T03:25:00+00:00,22411189-2,RH,CURRENT,%,94.75852597848478
2026-05-18T03:25:00+00:00,22411189-3,Dew Point,CURRENT,°C,16.223979408251314
2026-05-18T03:25:00+00:00,22411190-1,Temperature,CURRENT,°C,17.479135742187502
2026-05-18T03:25:00+00:00,22411190-2,RH,CURRENT,%,89.84206912336919
2026-05-18T03:25:00+00:00,22411190-3,Dew Point,CURRENT,°C,15.813927574355493
2026-05-18T03:25:00+00:00,22411191-1,Temperature,CURRENT,°C,19.431103515625004
2026-05-18T03:25:00+00:00,22411191-2,RH,CURRENT,%,82.21103227283132
2026-05-18T03:25:00+00:00,22411191-3,Dew Point,CURRENT,°C,16.339963772131636
2026-05-18T03:25:00+00:00,22411525-1,Temperature,CURRENT,°C,20.010258789062497
2026-05-18T03:25:00+00:00,22411525-2,RH,CURRENT,%,77.19233997100785
2026-05-18T03:25:00+00:00,22411525-3,Dew Point,CURRENT,°C,15.91524550882916
2026-05-18T03:25:00+00:00,22411526-1,Temperature,CURRENT,°C,16.8141796875
2026-05-18T03:25:00+00:00,22411526-2,RH,CURRENT,%,93.97573815518425
2026-05-18T03:25:00+00:00,22411526-3,Dew Point,CURRENT,°C,15.859239316279838
2026-05-18T03:25:00+00:00,22411527-1,Temperature,CURRENT,°C,20.2676611328125
2026-05-18T03:25:00+00:00,22411527-2,RH,CURRENT,%,76.19134813458457
2026-05-18T03:25:00+00:00,22411527-3,Dew Point,CURRENT,°C,15.960125875606417
2026-05-18T03:25:00+00:00,22411528-1,Temperature,CURRENT,°C,16.642578125
2026-05-18T03:25:00+00:00,22411528-2,RH,CURRENT,%,95.87548638132296
2026-05-18T03:25:00+00:00,22411528-3,Dew Point,CURRENT,°C,16.00209184678373
2026-05-18T03:25:00+00:00,22411529-1,Temperature,CURRENT,°C,16.1921240234375
2026-05-18T03:25:00+00:00,22411529-2,RH,CURRENT,%,97.32661936369878
2026-05-18T03:25:00+00:00,22411529-3,Dew Point,CURRENT,°C,15.78818434447306
2026-05-18T03:25:00+00:00,22411530-1,Temperature,CURRENT,°C,18.315693359374997
2026-05-18T03:25:00+00:00,22411530-2,RH,CURRENT,%,85.84878309300373
2026-05-18T03:25:00+00:00,22411530-3,Dew Point,CURRENT,°C,15.926300745766623
2026-05-18T03:26:00+00:00,22411541-S,Battery,CURRENT,V,8.32231640625
2026-05-18T03:30:00+00:00,22411189-1,Temperature,CURRENT,°C,17.0501318359375
2026-05-18T03:30:00+00:00,22411189-2,RH,CURRENT,%,95.05149919890135
2026-05-18T03:30:00+00:00,22411189-3,Dew Point,CURRENT,°C,16.272475436107598
2026-05-18T03:30:00+00:00,22411190-1,Temperature,CURRENT,°C,17.45768554687499
2026-05-18T03:30:00+00:00,22411190-2,RH,CURRENT,%,90.28610666056306
2026-05-18T03:30:00+00:00,22411190-3,Dew Point,CURRENT,°C,15.869924950316431
2026-05-18T03:30:00+00:00,22411191-1,Temperature,CURRENT,°C,19.087900390625002
2026-05-18T03:30:00+00:00,22411191-2,RH,CURRENT,%,83.95819028000305
2026-05-18T03:30:00+00:00,22411191-3,Dew Point,CURRENT,°C,16.334652089761725
2026-05-18T03:30:00+00:00,22411525-1,Temperature,CURRENT,°C,19.73140625
2026-05-18T03:30:00+00:00,22411525-2,RH,CURRENT,%,78.5976958876936
2026-05-18T03:30:00+00:00,22411525-3,Dew Point,CURRENT,°C,15.927211434906122
2026-05-18T03:30:00+00:00,22411526-1,Temperature,CURRENT,°C,16.8141796875
2026-05-18T03:30:00+00:00,22411526-2,RH,CURRENT,%,94.0489814602884
2026-05-18T03:30:00+00:00,22411526-3,Dew Point,CURRENT,°C,15.871441553494561
2026-05-18T03:30:00+00:00,22411527-1,Temperature,CURRENT,°C,20.074609375
2026-05-18T03:30:00+00:00,22411527-2,RH,CURRENT,%,77.23353933012893
2026-05-18T03:30:00+00:00,22411527-3,Dew Point,CURRENT,°C,15.986018080700637
2026-05-18T03:30:00+00:00,22411528-1,Temperature,CURRENT,°C,16.621127929687496
2026-05-18T03:30:00+00:00,22411528-2,RH,CURRENT,%,96.05859464408331
2026-05-18T03:30:00+00:00,22411528-3,Dew Point,CURRENT,°C,16.01063411284111
2026-05-18T03:30:00+00:00,22411529-1,Temperature,CURRENT,°C,16.1492236328125
2026-05-18T03:30:00+00:00,22411529-2,RH,CURRENT,%,97.75234607461661
2026-05-18T03:30:00+00:00,22411529-3,Dew Point,CURRENT,°C,15.81367376349865
2026-05-18T03:30:00+00:00,22411530-1,Temperature,CURRENT,°C,18.165541992187492
2026-05-18T03:30:00+00:00,22411530-2,RH,CURRENT,%,86.69718471046006
2026-05-18T03:30:00+00:00,22411530-3,Dew Point,CURRENT,°C,15.93274292930071
2026-05-18T03:31:00+00:00,22411541-S,Battery,CURRENT,V,8.325547119140625
2026-05-18T03:35:00+00:00,22411189-1,Temperature,CURRENT,°C,17.0930322265625
2026-05-18T03:35:00+00:00,22411189-2,RH,CURRENT,%,95.00572213321126
2026-05-18T03:35:00+00:00,22411189-3,Dew Point,CURRENT,°C,16.307603426470276
2026-05-18T03:35:00+00:00,22411190-1,Temperature,CURRENT,°C,17.5005859375
2026-05-18T03:35:00+00:00,22411190-2,RH,CURRENT,%,90.22201876859694
2026-05-18T03:35:00+00:00,22411190-3,Dew Point,CURRENT,°C,15.901227801654013
2026-05-18T03:35:00+00:00,22411191-1,Temperature,CURRENT,°C,18.830498046875
2026-05-18T03:35:00+00:00,22411191-2,RH,CURRENT,%,84.84168764782177
2026-05-18T03:35:00+00:00,22411191-3,Dew Point,CURRENT,°C,16.246727381416548
2026-05-18T03:35:00+00:00,22411525-1,Temperature,CURRENT,°C,19.4525537109375
2026-05-18T03:35:00+00:00,22411525-2,RH,CURRENT,%,79.65972381170367
2026-05-18T03:35:00+00:00,22411525-3,Dew Point,CURRENT,°C,15.866202458458078
2026-05-18T03:35:00+00:00,22411526-1,Temperature,CURRENT,°C,16.792729492187497
2026-05-18T03:35:00+00:00,22411526-2,RH,CURRENT,%,94.16647592889296
2026-05-18T03:35:00+00:00,22411526-3,Dew Point,CURRENT,°C,15.869673413473533
2026-05-18T03:35:00+00:00,22411527-1,Temperature,CURRENT,°C,19.838657226562496
2026-05-18T03:35:00+00:00,22411527-2,RH,CURRENT,%,78.0300602731365
2026-05-18T03:35:00+00:00,22411527-3,Dew Point,CURRENT,°C,15.91783748740245
2026-05-18T03:35:00+00:00,22411528-1,Temperature,CURRENT,°C,16.621127929687496
2026-05-18T03:35:00+00:00,22411528-2,RH,CURRENT,%,96.18219272144655
2026-05-18T03:35:00+00:00,22411528-3,Dew Point,CURRENT,°C,16.030798488200627
2026-05-18T03:35:00+00:00,22411529-1,Temperature,CURRENT,°C,16.213574218749997
2026-05-18T03:35:00+00:00,22411529-2,RH,CURRENT,%,97.53719386587319
2026-05-18T03:35:00+00:00,22411529-3,Dew Point,CURRENT,°C,15.843436760448492
2026-05-18T03:35:00+00:00,22411530-1,Temperature,CURRENT,°C,18.1226416015625
2026-05-18T03:35:00+00:00,22411530-2,RH,CURRENT,%,87.04509040970474
2026-05-18T03:35:00+00:00,22411530-3,Dew Point,CURRENT,°C,15.953281998211793
2026-05-18T03:36:00+00:00,22411541-S,Battery,CURRENT,V,8.32231640625
2026-05-18T03:40:00+00:00,22411189-1,Temperature,CURRENT,°C,17.0501318359375
2026-05-18T03:40:00+00:00,22411189-2,RH,CURRENT,%,94.7478446631571
2026-05-18T03:40:00+00:00,22411189-3,Dew Point,CURRENT,°C,16.22220884272843
2026-05-18T03:40:00+00:00,22411190-1,Temperature,CURRENT,°C,17.3933349609375
2026-05-18T03:40:00+00:00,22411190-2,RH,CURRENT,%,90.12436102845808
2026-05-18T03:40:00+00:00,22411190-3,Dew Point,CURRENT,°C,15.778214997406184
2026-05-18T03:40:00+00:00,22411191-1,Temperature,CURRENT,°C,18.508745117187495
2026-05-18T03:40:00+00:00,22411191-2,RH,CURRENT,%,86.45304036011292
2026-05-18T03:40:00+00:00,22411191-3,Dew Point,CURRENT,°C,16.22615074179315
2026-05-18T03:40:00+00:00,22411525-1,Temperature,CURRENT,°C,19.087900390625002
2026-05-18T03:40:00+00:00,22411525-2,RH,CURRENT,%,81.17952239261463
2026-05-18T03:40:00+00:00,22411525-3,Dew Point,CURRENT,°C,15.806668534250175
2026-05-18T03:40:00+00:00,22411526-1,Temperature,CURRENT,°C,16.749829101562497
2026-05-18T03:40:00+00:00,22411526-2,RH,CURRENT,%,94.23208972304876
2026-05-18T03:40:00+00:00,22411526-3,Dew Point,CURRENT,°C,15.837929671929956
2026-05-18T03:40:00+00:00,22411527-1,Temperature,CURRENT,°C,19.581254882812495
2026-05-18T03:40:00+00:00,22411527-2,RH,CURRENT,%,79.44457160296025
2026-05-18T03:40:00+00:00,22411527-3,Dew Point,CURRENT,°C,15.94911739606124
2026-05-18T03:40:00+00:00,22411528-1,Temperature,CURRENT,°C,16.535327148437496
2026-05-18T03:40:00+00:00,22411528-2,RH,CURRENT,%,96.16235599298085
2026-05-18T03:40:00+00:00,22411528-3,Dew Point,CURRENT,°C,15.942041218837144
2026-05-18T03:40:00+00:00,22411529-1,Temperature,CURRENT,°C,16.1063232421875
2026-05-18T03:40:00+00:00,22411529-2,RH,CURRENT,%,96.33173113603418
2026-05-18T03:40:00+00:00,22411529-3,Dew Point,CURRENT,°C,15.541915619532176
2026-05-18T03:40:00+00:00,22411530-1,Temperature,CURRENT,°C,17.865239257812497
2026-05-18T03:40:00+00:00,22411530-2,RH,CURRENT,%,87.97894254978256
2026-05-18T03:40:00+00:00,22411530-3,Dew Point,CURRENT,°C,15.866896787938249
2026-05-18T03:41:00+00:00,22411541-S,Battery,CURRENT,V,8.325547119140625
2026-05-18T03:45:00+00:00,22411189-1,Temperature,CURRENT,°C,16.835629882812498
2026-05-18T03:45:00+00:00,22411189-2,RH,CURRENT,%,95.53215838864729
2026-05-18T03:45:00+00:00,22411189-3,Dew Point,CURRENT,°C,16.138125299626868
2026-05-18T03:45:00+00:00,22411190-1,Temperature,CURRENT,°C,17.114482421874996
2026-05-18T03:45:00+00:00,22411190-2,RH,CURRENT,%,91.47631036850538
2026-05-18T03:45:00+00:00,22411190-3,Dew Point,CURRENT,°C,15.735242197081504
2026-05-18T03:45:00+00:00,22411191-1,Temperature,CURRENT,°C,18.058291015624995
2026-05-18T03:45:00+00:00,22411191-2,RH,CURRENT,%,89.1279468986038
2026-05-18T03:45:00+00:00,22411191-3,Dew Point,CURRENT,°C,16.260904915708075
2026-05-18T03:45:00+00:00,22411525-1,Temperature,CURRENT,°C,18.680346679687496
2026-05-18T03:45:00+00:00,22411525-2,RH,CURRENT,%,83.83459220263981
2026-05-18T03:45:00+00:00,22411525-3,Dew Point,CURRENT,°C,15.912142941910899
2026-05-18T03:45:00+00:00,22411526-1,Temperature,CURRENT,°C,16.578227539062496
2026-05-18T03:45:00+00:00,22411526-2,RH,CURRENT,%,94.58304722667278
2026-05-18T03:45:00+00:00,22411526-3,Dew Point,CURRENT,°C,15.725459668495738
2026-05-18T03:45:00+00:00,22411527-1,Temperature,CURRENT,°C,19.1951513671875
2026-05-18T03:45:00+00:00,22411527-2,RH,CURRENT,%,81.63881895170519
2026-05-18T03:45:00+00:00,22411527-3,Dew Point,CURRENT,°C,15.999768687572427
2026-05-18T03:45:00+00:00,22411528-1,Temperature,CURRENT,°C,16.3637255859375
2026-05-18T03:45:00+00:00,22411528-2,RH,CURRENT,%,96.0845349813077
2026-05-18T03:45:00+00:00,22411528-3,Dew Point,CURRENT,°C,15.75832563228995
2026-05-18T03:45:00+00:00,22411529-1,Temperature,CURRENT,°C,15.870371093749995
2026-05-18T03:45:00+00:00,22411529-2,RH,CURRENT,%,97.0641641870756
2026-05-18T03:45:00+00:00,22411529-3,Dew Point,CURRENT,°C,15.424841864346126
2026-05-18T03:45:00+00:00,22411530-1,Temperature,CURRENT,°C,17.479135742187502
2026-05-18T03:45:00+00:00,22411530-2,RH,CURRENT,%,90.07400625619898
2026-05-18T03:45:00+00:00,22411530-3,Dew Point,CURRENT,°C,15.854299553162907
2026-05-18T03:46:00+00:00,22411541-S,Battery,CURRENT,V,8.325547119140625
2026-05-18T03:50:00+00:00,22411189-1,Temperature,CURRENT,°C,16.706928710937497
2026-05-18T03:50:00+00:00,22411189-2,RH,CURRENT,%,96.19592584115358
2026-05-18T03:50:00+00:00,22411189-3,Dew Point,CURRENT,°C,16.1185636615457
2026-05-18T03:50:00+00:00,22411190-1,Temperature,CURRENT,°C,17.0501318359375
2026-05-18T03:50:00+00:00,22411190-2,RH,CURRENT,%,92.36438544289311
2026-05-18T03:50:00+00:00,22411190-3,Dew Point,CURRENT,°C,15.822675327544387
2026-05-18T03:50:00+00:00,22411191-1,Temperature,CURRENT,°C,18.144091796874996
2026-05-18T03:50:00+00:00,22411191-2,RH,CURRENT,%,89.17372396429388
2026-05-18T03:50:00+00:00,22411191-3,Dew Point,CURRENT,°C,16.353695880757016
2026-05-18T03:50:00+00:00,22411525-1,Temperature,CURRENT,°C,18.787597656249993
2026-05-18T03:50:00+00:00,22411525-2,RH,CURRENT,%,83.35545891508355
2026-05-18T03:50:00+00:00,22411525-3,Dew Point,CURRENT,°C,15.927390593813252
2026-05-18T03:50:00+00:00,22411526-1,Temperature,CURRENT,°C,16.449526367187495
2026-05-18T03:50:00+00:00,22411526-2,RH,CURRENT,%,94.97215228503853
2026-05-18T03:50:00+00:00,22411526-3,Dew Point,CURRENT,°C,15.661619316984712
2026-05-18T03:50:00+00:00,22411527-1,Temperature,CURRENT,°C,19.431103515625004
2026-05-18T03:50:00+00:00,22411527-2,RH,CURRENT,%,80.07782101167315
2026-05-18T03:50:00+00:00,22411527-3,Dew Point,CURRENT,°C,15.927320333879997
2026-05-18T03:50:00+00:00,22411528-1,Temperature,CURRENT,°C,16.213574218749997
2026-05-18T03:50:00+00:00,22411528-2,RH,CURRENT,%,96.40650034332799
2026-05-18T03:50:00+00:00,22411528-3,Dew Point,CURRENT,°C,15.660974549693707
2026-05-18T03:50:00+00:00,22411529-1,Temperature,CURRENT,°C,15.720219726562497
2026-05-18T03:50:00+00:00,22411529-2,RH,CURRENT,%,97.7279316395819
2026-05-18T03:50:00+00:00,22411529-3,Dew Point,CURRENT,°C,15.381292406615525
2026-05-18T03:50:00+00:00,22411530-1,Temperature,CURRENT,°C,17.564936523437503
2026-05-18T03:50:00+00:00,22411530-2,RH,CURRENT,%,90.26779583428703
2026-05-18T03:50:00+00:00,22411530-3,Dew Point,CURRENT,°C,15.97281538230636
2026-05-18T03:51:00+00:00,22411541-S,Battery,CURRENT,V,8.31585498046875
2026-05-18T03:55:00+00:00,22411189-1,Temperature,CURRENT,°C,16.664028320312497
2026-05-18T03:55:00+00:00,22411189-2,RH,CURRENT,%,96.84901197833219
2026-05-18T03:55:00+00:00,22411189-3,Dew Point,CURRENT,°C,16.181995248977557
2026-05-18T03:55:00+00:00,22411190-1,Temperature,CURRENT,°C,17.028681640624995
2026-05-18T03:55:00+00:00,22411190-2,RH,CURRENT,%,92.48187991149767
2026-05-18T03:55:00+00:00,22411190-3,Dew Point,CURRENT,°C,15.821303694816757
2026-05-18T03:55:00+00:00,22411191-1,Temperature,CURRENT,°C,17.951040039062498
2026-05-18T03:55:00+00:00,22411191-2,RH,CURRENT,%,89.78255893797207
2026-05-18T03:55:00+00:00,22411191-3,Dew Point,CURRENT,°C,16.269934641966298
2026-05-18T03:55:00+00:00,22411525-1,Temperature,CURRENT,°C,18.487294921874998
2026-05-18T03:55:00+00:00,22411525-2,RH,CURRENT,%,84.448004882887
2026-05-18T03:55:00+00:00,22411525-3,Dew Point,CURRENT,°C,15.837077799627524
2026-05-18T03:55:00+00:00,22411526-1,Temperature,CURRENT,°C,16.3637255859375
2026-05-18T03:55:00+00:00,22411526-2,RH,CURRENT,%,95.54589150835432
2026-05-18T03:55:00+00:00,22411526-3,Dew Point,CURRENT,°C,15.670381440132081
2026-05-18T03:55:00+00:00,22411527-1,Temperature,CURRENT,°C,19.023549804687498
2026-05-18T03:55:00+00:00,22411527-2,RH,CURRENT,%,82.45212481879912
2026-05-18T03:55:00+00:00,22411527-3,Dew Point,CURRENT,°C,15.98748920792032
2026-05-18T03:55:00+00:00,22411528-1,Temperature,CURRENT,°C,16.1921240234375
2026-05-18T03:55:00+00:00,22411528-2,RH,CURRENT,%,97.0641641870756
2026-05-18T03:55:00+00:00,22411528-3,Dew Point,CURRENT,°C,15.745924348919615
2026-05-18T03:55:00+00:00,22411529-1,Temperature,CURRENT,°C,15.655869140625
2026-05-18T03:55:00+00:00,22411529-2,RH,CURRENT,%,97.83474479285877
2026-05-18T03:55:00+00:00,22411529-3,Dew Point,CURRENT,°C,15.33405786946277
2026-05-18T03:55:00+00:00,22411530-1,Temperature,CURRENT,°C,17.5005859375
2026-05-18T03:55:00+00:00,22411530-2,RH,CURRENT,%,90.22201876859694
2026-05-18T03:55:00+00:00,22411530-3,Dew Point,CURRENT,°C,15.901227801654013
2026-05-18T03:56:00+00:00,22411541-S,Battery,CURRENT,V,8.3093935546875
2026-05-18T04:00:00+00:00,22411189-1,Temperature,CURRENT,°C,16.492426757812495
2026-05-18T04:00:00+00:00,22411189-2,RH,CURRENT,%,97.11909666590371
2026-05-18T04:00:00+00:00,22411189-3,Dew Point,CURRENT,°C,16.054474279517397
2026-05-18T04:00:00+00:00,22411190-1,Temperature,CURRENT,°C,16.857080078125
2026-05-18T04:00:00+00:00,22411190-2,RH,CURRENT,%,92.95490959029526
2026-05-18T04:00:00+00:00,22411190-3,Dew Point,CURRENT,°C,15.730879265813895
2026-05-18T04:00:00+00:00,22411191-1,Temperature,CURRENT,°C,17.479135742187502
2026-05-18T04:00:00+00:00,22411191-2,RH,CURRENT,%,92.00579842832074
2026-05-18T04:00:00+00:00,22411191-3,Dew Point,CURRENT,°C,16.187061107854895
2026-05-18T04:00:00+00:00,22411525-1,Temperature,CURRENT,°C,17.800888671874993
2026-05-18T04:00:00+00:00,22411525-2,RH,CURRENT,%,87.23125047684444
2026-05-18T04:00:00+00:00,22411525-3,Dew Point,CURRENT,°C,15.669919083642437
2026-05-18T04:00:00+00:00,22411526-1,Temperature,CURRENT,°C,16.1921240234375
2026-05-18T04:00:00+00:00,22411526-2,RH,CURRENT,%,95.71374074921798
2026-05-18T04:00:00+00:00,22411526-3,Dew Point,CURRENT,°C,15.526885263500779
2026-05-18T04:00:00+00:00,22411527-1,Temperature,CURRENT,°C,18.251342773437493
2026-05-18T04:00:00+00:00,22411527-2,RH,CURRENT,%,86.05630579079882
2026-05-18T04:00:00+00:00,22411527-3,Dew Point,CURRENT,°C,15.900876781824229
2026-05-18T04:00:00+00:00,22411528-1,Temperature,CURRENT,°C,15.999072265624996
2026-05-18T04:00:00+00:00,22411528-2,RH,CURRENT,%,97.27473868925001
2026-05-18T04:00:00+00:00,22411528-3,Dew Point,CURRENT,°C,15.587137706014273
2026-05-18T04:00:00+00:00,22411529-1,Temperature,CURRENT,°C,15.570068359375
2026-05-18T04:00:00+00:00,22411529-2,RH,CURRENT,%,98.47867551689937
2026-05-18T04:00:00+00:00,22411529-3,Dew Point,CURRENT,°C,15.350642689754828
2026-05-18T04:00:00+00:00,22411530-1,Temperature,CURRENT,°C,17.243183593749997
2026-05-18T04:00:00+00:00,22411530-2,RH,CURRENT,%,91.56786449988556
2026-05-18T04:00:00+00:00,22411530-3,Dew Point,CURRENT,°C,15.878402682540552
2026-05-18T04:01:00+00:00,22411541-S,Battery,CURRENT,V,8.3093935546875
2026-05-18T04:05:00+00:00,22411189-1,Temperature,CURRENT,°C,16.449526367187495
2026-05-18T04:05:00+00:00,22411189-2,RH,CURRENT,%,97.81490806439307
2026-05-18T04:05:00+00:00,22411189-3,Dew Point,CURRENT,°C,16.123652047170715
2026-05-18T04:05:00+00:00,22411190-1,Temperature,CURRENT,°C,16.72837890625
2026-05-18T04:05:00+00:00,22411190-2,RH,CURRENT,%,93.32570382238498
2026-05-18T04:05:00+00:00,22411190-3,Dew Point,CURRENT,°C,15.665371298051879
2026-05-18T04:05:00+00:00,22411191-1,Temperature,CURRENT,°C,17.436235351562495
2026-05-18T04:05:00+00:00,22411191-2,RH,CURRENT,%,92.13092240787365
2026-05-18T04:05:00+00:00,22411191-3,Dew Point,CURRENT,°C,16.16586827484586
2026-05-18T04:05:00+00:00,22411525-1,Temperature,CURRENT,°C,17.693637695312496
2026-05-18T04:05:00+00:00,22411525-2,RH,CURRENT,%,88.1574731059739
2026-05-18T04:05:00+00:00,22411525-3,Dew Point,CURRENT,°C,15.729441715765322
2026-05-18T04:05:00+00:00,22411526-1,Temperature,CURRENT,°C,16.1492236328125
2026-05-18T04:05:00+00:00,22411526-2,RH,CURRENT,%,96.29205767910277
2026-05-18T04:05:00+00:00,22411526-3,Dew Point,CURRENT,°C,15.578249254768787
2026-05-18T04:05:00+00:00,22411527-1,Temperature,CURRENT,°C,18.015390625000002
2026-05-18T04:05:00+00:00,22411527-2,RH,CURRENT,%,87.13206683451591
2026-05-18T04:05:00+00:00,22411527-3,Dew Point,CURRENT,°C,15.863334506136619
2026-05-18T04:05:00+00:00,22411528-1,Temperature,CURRENT,°C,15.934721679687499
2026-05-18T04:05:00+00:00,22411528-2,RH,CURRENT,%,97.60891126878766
2026-05-18T04:05:00+00:00,22411528-3,Dew Point,CURRENT,°C,15.576483685680675
2026-05-18T04:05:00+00:00,22411529-1,Temperature,CURRENT,°C,15.591518554687497
2026-05-18T04:05:00+00:00,22411529-2,RH,CURRENT,%,98.86472877088579
2026-05-18T04:05:00+00:00,22411529-3,Dew Point,CURRENT,°C,15.433142074757795
2026-05-18T04:05:00+00:00,22411530-1,Temperature,CURRENT,°C,17.2217333984375
2026-05-18T04:05:00+00:00,22411530-2,RH,CURRENT,%,91.49462119478142
2026-05-18T04:05:00+00:00,22411530-3,Dew Point,CURRENT,°C,15.844619864509193
2026-05-18T04:06:00+00:00,22411541-S,Battery,CURRENT,V,8.3093935546875
2026-05-18T04:10:00+00:00,22411189-1,Temperature,CURRENT,°C,16.38517578125
2026-05-18T04:10:00+00:00,22411189-2,RH,CURRENT,%,97.57381551842526
2026-05-18T04:10:00+00:00,22411189-3,Dew Point,CURRENT,°C,16.020669547982877
2026-05-18T04:10:00+00:00,22411190-1,Temperature,CURRENT,°C,16.621127929687496
2026-05-18T04:10:00+00:00,22411190-2,RH,CURRENT,%,93.22346837567711
2026-05-18T04:10:00+00:00,22411190-3,Dew Point,CURRENT,°C,15.541738616561776
2026-05-18T04:10:00+00:00,22411191-1,Temperature,CURRENT,°C,17.243183593749997
2026-05-18T04:10:00+00:00,22411191-2,RH,CURRENT,%,92.65735866330968
2026-05-18T04:10:00+00:00,22411191-3,Dew Point,CURRENT,°C,16.06381112589679
2026-05-18T04:10:00+00:00,22411525-1,Temperature,CURRENT,°C,17.522036132812495
2026-05-18T04:10:00+00:00,22411525-2,RH,CURRENT,%,88.58625162127107
2026-05-18T04:10:00+00:00,22411525-3,Dew Point,CURRENT,°C,15.63606343670188
2026-05-18T04:10:00+00:00,22411526-1,Temperature,CURRENT,°C,16.1063232421875
2026-05-18T04:10:00+00:00,22411526-2,RH,CURRENT,%,96.40039673456931
2026-05-18T04:10:00+00:00,22411526-3,Dew Point,CURRENT,°C,15.553047846715389
2026-05-18T04:10:00+00:00,22411527-1,Temperature,CURRENT,°C,17.865239257812497
2026-05-18T04:10:00+00:00,22411527-2,RH,CURRENT,%,87.45555809872587
2026-05-18T04:10:00+00:00,22411527-3,Dew Point,CURRENT,°C,15.773477004641556
2026-05-18T04:10:00+00:00,22411528-1,Temperature,CURRENT,°C,15.956171874999995
2026-05-18T04:10:00+00:00,22411528-2,RH,CURRENT,%,97.92477302204928
2026-05-18T04:10:00+00:00,22411528-3,Dew Point,CURRENT,°C,15.648408755494613
2026-05-18T04:10:00+00:00,22411529-1,Temperature,CURRENT,°C,15.61296875
2026-05-18T04:10:00+00:00,22411529-2,RH,CURRENT,%,98.5931181811246
2026-05-18T04:10:00+00:00,22411529-3,Dew Point,CURRENT,°C,15.411654762762979
2026-05-18T04:10:00+00:00,22411530-1,Temperature,CURRENT,°C,17.0072314453125
2026-05-18T04:10:00+00:00,22411530-2,RH,CURRENT,%,91.94323643854429
2026-05-18T04:10:00+00:00,22411530-3,Dew Point,CURRENT,°C,15.708617240910613
2026-05-18T04:11:00+00:00,22411541-S,Battery,CURRENT,V,8.3093935546875
2026-05-18T04:15:00+00:00,22411189-1,Temperature,CURRENT,°C,16.428076171875
2026-05-18T04:15:00+00:00,22411189-2,RH,CURRENT,%,97.61806668192568
2026-05-18T04:15:00+00:00,22411189-3,Dew Point,CURRENT,°C,16.070620817346178
2026-05-18T04:15:00+00:00,22411190-1,Temperature,CURRENT,°C,16.685478515625
2026-05-18T04:15:00+00:00,22411190-2,RH,CURRENT,%,93.71786068513008
2026-05-18T04:15:00+00:00,22411190-3,Dew Point,CURRENT,°C,15.6883350076535
2026-05-18T04:15:00+00:00,22411191-1,Temperature,CURRENT,°C,17.3933349609375
2026-05-18T04:15:00+00:00,22411191-2,RH,CURRENT,%,92.81605249103532
2026-05-18T04:15:00+00:00,22411191-3,Dew Point,CURRENT,°C,16.239665181786513
2026-05-18T04:15:00+00:00,22411525-1,Temperature,CURRENT,°C,17.693637695312496
2026-05-18T04:15:00+00:00,22411525-2,RH,CURRENT,%,88.67322804608224
2026-05-18T04:15:00+00:00,22411525-3,Dew Point,CURRENT,°C,15.820740332631114
2026-05-18T04:15:00+00:00,22411526-1,Temperature,CURRENT,°C,16.1492236328125
2026-05-18T04:15:00+00:00,22411526-2,RH,CURRENT,%,96.5163653009842
2026-05-18T04:15:00+00:00,22411526-3,Dew Point,CURRENT,°C,15.61461420886183
2026-05-18T04:15:00+00:00,22411527-1,Temperature,CURRENT,°C,17.972490234374995
2026-05-18T04:15:00+00:00,22411527-2,RH,CURRENT,%,87.49828336003662
2026-05-18T04:15:00+00:00,22411527-3,Dew Point,CURRENT,°C,15.886778707919856
2026-05-18T04:15:00+00:00,22411528-1,Temperature,CURRENT,°C,15.999072265624996
2026-05-18T04:15:00+00:00,22411528-2,RH,CURRENT,%,98.14145113298238
2026-05-18T04:15:00+00:00,22411528-3,Dew Point,CURRENT,°C,15.725841407068629
2026-05-18T04:15:00+00:00,22411529-1,Temperature,CURRENT,°C,15.61296875
2026-05-18T04:15:00+00:00,22411529-2,RH,CURRENT,%,98.72281986724651
2026-05-18T04:15:00+00:00,22411529-3,Dew Point,CURRENT,°C,15.432173455454873
2026-05-18T04:15:00+00:00,22411530-1,Temperature,CURRENT,°C,17.0930322265625
2026-05-18T04:15:00+00:00,22411530-2,RH,CURRENT,%,92.1889066910811
2026-05-18T04:15:00+00:00,22411530-3,Dew Point,CURRENT,°C,15.835442693905303
2026-05-18T04:16:00+00:00,22411541-S,Battery,CURRENT,V,8.3093935546875
2026-05-18T04:20:00+00:00,22411189-1,Temperature,CURRENT,°C,16.3637255859375
2026-05-18T04:20:00+00:00,22411189-2,RH,CURRENT,%,98.20553902494851
2026-05-18T04:20:00+00:00,22411189-3,Dew Point,CURRENT,°C,16.10047347280256
2026-05-18T04:20:00+00:00,22411190-1,Temperature,CURRENT,°C,16.599677734375
2026-05-18T04:20:00+00:00,22411190-2,RH,CURRENT,%,93.5759517814908
2026-05-18T04:20:00+00:00,22411190-3,Dew Point,CURRENT,°C,15.57940135117233
2026-05-18T04:20:00+00:00,22411191-1,Temperature,CURRENT,°C,17.178833007812493
2026-05-18T04:20:00+00:00,22411191-2,RH,CURRENT,%,92.61463340199893
2026-05-18T04:20:00+00:00,22411191-3,Dew Point,CURRENT,°C,15.992732880858425
2026-05-18T04:20:00+00:00,22411525-1,Temperature,CURRENT,°C,17.45768554687499
2026-05-18T04:20:00+00:00,22411525-2,RH,CURRENT,%,88.5145342183566
2026-05-18T04:20:00+00:00,22411525-3,Dew Point,CURRENT,°C,15.559915498853362
2026-05-18T04:20:00+00:00,22411526-1,Temperature,CURRENT,°C,16.127773437499997
2026-05-18T04:20:00+00:00,22411526-2,RH,CURRENT,%,97.17860685130083
2026-05-18T04:20:00+00:00,22411526-3,Dew Point,CURRENT,°C,15.700138256015789
2026-05-18T04:20:00+00:00,22411527-1,Temperature,CURRENT,°C,17.779438476562497
2026-05-18T04:20:00+00:00,22411527-2,RH,CURRENT,%,87.32280460822462
2026-05-18T04:20:00+00:00,22411527-3,Dew Point,CURRENT,°C,15.665198322986962
2026-05-18T04:20:00+00:00,22411528-1,Temperature,CURRENT,°C,16.0205224609375
2026-05-18T04:20:00+00:00,22411528-2,RH,CURRENT,%,98.75791561760892
2026-05-18T04:20:00+00:00,22411528-3,Dew Point,CURRENT,°C,15.845296169162173
2026-05-18T04:20:00+00:00,22411529-1,Temperature,CURRENT,°C,15.505717773437496
2026-05-18T04:20:00+00:00,22411529-2,RH,CURRENT,%,98.83573662928207
2026-05-18T04:20:00+00:00,22411529-3,Dew Point,CURRENT,°C,15.342750464134092
2026-05-18T04:20:00+00:00,22411530-1,Temperature,CURRENT,°C,16.9214306640625
2026-05-18T04:20:00+00:00,22411530-2,RH,CURRENT,%,92.18127718013275
2026-05-18T04:20:00+00:00,22411530-3,Dew Point,CURRENT,°C,15.663994925469488
2026-05-18T04:21:00+00:00,22411541-S,Battery,CURRENT,V,8.319085693359375
2026-05-18T04:25:00+00:00,22411189-1,Temperature,CURRENT,°C,16.55677734375
2026-05-18T04:25:00+00:00,22411189-2,RH,CURRENT,%,97.97055008773937
2026-05-18T04:25:00+00:00,22411189-3,Dew Point,CURRENT,°C,16.25575701765334
2026-05-18T04:25:00+00:00,22411190-1,Temperature,CURRENT,°C,16.706928710937497
2026-05-18T04:25:00+00:00,22411190-2,RH,CURRENT,%,93.85061417563134
2026-05-18T04:25:00+00:00,22411190-3,Dew Point,CURRENT,°C,15.731792753185912
2026-05-18T04:25:00+00:00,22411191-1,Temperature,CURRENT,°C,17.178833007812493
2026-05-18T04:25:00+00:00,22411191-2,RH,CURRENT,%,93.16853589684901
2026-05-18T04:25:00+00:00,22411191-3,Dew Point,CURRENT,°C,16.086254289887407
2026-05-18T04:25:00+00:00,22411525-1,Temperature,CURRENT,°C,17.264633789062493
2026-05-18T04:25:00+00:00,22411525-2,RH,CURRENT,%,89.33241779201953
2026-05-18T04:25:00+00:00,22411525-3,Dew Point,CURRENT,°C,15.513030123715343
2026-05-18T04:25:00+00:00,22411526-1,Temperature,CURRENT,°C,16.3208251953125
2026-05-18T04:25:00+00:00,22411526-2,RH,CURRENT,%,96.95124742504005
2026-05-18T04:25:00+00:00,22411526-3,Dew Point,CURRENT,°C,15.856125997873814
2026-05-18T04:25:00+00:00,22411527-1,Temperature,CURRENT,°C,17.436235351562495
2026-05-18T04:25:00+00:00,22411527-2,RH,CURRENT,%,88.36804760814832
2026-05-18T04:25:00+00:00,22411527-3,Dew Point,CURRENT,°C,15.512880945361918
2026-05-18T04:25:00+00:00,22411528-1,Temperature,CURRENT,°C,16.170673828124997
2026-05-18T04:25:00+00:00,22411528-2,RH,CURRENT,%,98.65415426871138
2026-05-18T04:25:00+00:00,22411528-3,Dew Point,CURRENT,°C,15.978974652213141
2026-05-18T04:25:00+00:00,22411529-1,Temperature,CURRENT,°C,15.505717773437496
2026-05-18T04:25:00+00:00,22411529-2,RH,CURRENT,%,98.9547570000763
2026-05-18T04:25:00+00:00,22411529-3,Dew Point,CURRENT,°C,15.361523851149926
2026-05-18T04:25:00+00:00,22411530-1,Temperature,CURRENT,°C,17.0072314453125
2026-05-18T04:25:00+00:00,22411530-2,RH,CURRENT,%,92.31708247501335
2026-05-18T04:25:00+00:00,22411530-3,Dew Point,CURRENT,°C,15.772109355880238
2026-05-18T04:26:00+00:00,22411541-S,Battery,CURRENT,V,8.302932128906251
2026-05-18T04:30:00+00:00,22411189-1,Temperature,CURRENT,°C,16.621127929687496
2026-05-18T04:30:00+00:00,22411189-2,RH,CURRENT,%,97.71419851987487
2026-05-18T04:30:00+00:00,22411189-3,Dew Point,CURRENT,°C,16.278870158876472
2026-05-18T04:30:00+00:00,22411190-1,Temperature,CURRENT,°C,16.771279296875
2026-05-18T04:30:00+00:00,22411190-2,RH,CURRENT,%,93.81094071869992
2026-05-18T04:30:00+00:00,22411190-3,Dew Point,CURRENT,°C,15.789123335134999
2026-05-18T04:30:00+00:00,22411191-1,Temperature,CURRENT,°C,17.157382812499996
2026-05-18T04:30:00+00:00,22411191-2,RH,CURRENT,%,93.53933012893873
2026-05-18T04:30:00+00:00,22411191-3,Dew Point,CURRENT,°C,16.127280311409844
2026-05-18T04:30:00+00:00,22411525-1,Temperature,CURRENT,°C,17.200283203125004
2026-05-18T04:30:00+00:00,22411525-2,RH,CURRENT,%,90.03433279926757
2026-05-18T04:30:00+00:00,22411525-3,Dew Point,CURRENT,°C,15.571711123323066
2026-05-18T04:30:00+00:00,22411526-1,Temperature,CURRENT,°C,16.38517578125
2026-05-18T04:30:00+00:00,22411526-2,RH,CURRENT,%,96.62623025864042
2026-05-18T04:30:00+00:00,22411526-3,Dew Point,CURRENT,°C,15.867726789424793
2026-05-18T04:30:00+00:00,22411527-1,Temperature,CURRENT,°C,17.328984374999997
2026-05-18T04:30:00+00:00,22411527-2,RH,CURRENT,%,89.20881971465629
2026-05-18T04:30:00+00:00,22411527-3,Dew Point,CURRENT,°C,15.55495561323953
2026-05-18T04:30:00+00:00,22411528-1,Temperature,CURRENT,°C,16.170673828124997
2026-05-18T04:30:00+00:00,22411528-2,RH,CURRENT,%,98.5976958876936
2026-05-18T04:30:00+00:00,22411528-3,Dew Point,CURRENT,°C,15.970001033574688
2026-05-18T04:30:00+00:00,22411529-1,Temperature,CURRENT,°C,15.419916992187495
2026-05-18T04:30:00+00:00,22411529-2,RH,CURRENT,%,98.74113069352255
2026-05-18T04:30:00+00:00,22411529-3,Dew Point,CURRENT,°C,15.242010289875083
2026-05-18T04:30:00+00:00,22411530-1,Temperature,CURRENT,°C,17.071582031249996
2026-05-18T04:30:00+00:00,22411530-2,RH,CURRENT,%,92.0332646677348
2026-05-18T04:30:00+00:00,22411530-3,Dew Point,CURRENT,°C,15.787722025120768
2026-05-18T04:31:00+00:00,22411541-S,Battery,CURRENT,V,8.302932128906251
2026-05-18T04:35:00+00:00,22411189-1,Temperature,CURRENT,°C,16.89998046875
2026-05-18T04:35:00+00:00,22411189-2,RH,CURRENT,%,96.5514610513466
2026-05-18T04:35:00+00:00,22411189-3,Dew Point,CURRENT,°C,16.368993834751926
2026-05-18T04:35:00+00:00,22411190-1,Temperature,CURRENT,°C,17.1359326171875
2026-05-18T04:35:00+00:00,22411190-2,RH,CURRENT,%,92.01647974364843
2026-05-18T04:35:00+00:00,22411190-3,Dew Point,CURRENT,°C,15.848659651292973
2026-05-18T04:35:00+00:00,22411191-1,Temperature,CURRENT,°C,17.479135742187502
2026-05-18T04:35:00+00:00,22411191-2,RH,CURRENT,%,91.89288166628519
2026-05-18T04:35:00+00:00,22411191-3,Dew Point,CURRENT,°C,16.16777987987613
2026-05-18T04:35:00+00:00,22411525-1,Temperature,CURRENT,°C,17.54348632812499
2026-05-18T04:35:00+00:00,22411525-2,RH,CURRENT,%,89.39345387960631
2026-05-18T04:35:00+00:00,22411525-3,Dew Point,CURRENT,°C,15.799143655347036
2026-05-18T04:35:00+00:00,22411526-1,Temperature,CURRENT,°C,16.621127929687496
2026-05-18T04:35:00+00:00,22411526-2,RH,CURRENT,%,95.722896162356
2026-05-18T04:35:00+00:00,22411526-3,Dew Point,CURRENT,°C,15.955751700367426
2026-05-18T04:35:00+00:00,22411527-1,Temperature,CURRENT,°C,17.6721875
2026-05-18T04:35:00+00:00,22411527-2,RH,CURRENT,%,88.92042420080872
2026-05-18T04:35:00+00:00,22411527-3,Dew Point,CURRENT,°C,15.843160064076736
2026-05-18T04:35:00+00:00,22411528-1,Temperature,CURRENT,°C,16.1921240234375
2026-05-18T04:35:00+00:00,22411528-2,RH,CURRENT,%,98.20401312275884
2026-05-18T04:35:00+00:00,22411528-3,Dew Point,CURRENT,°C,15.92873908958732
2026-05-18T04:35:00+00:00,22411529-1,Temperature,CURRENT,°C,15.398466796874999
2026-05-18T04:35:00+00:00,22411529-2,RH,CURRENT,%,98.970016021973
2026-05-18T04:35:00+00:00,22411529-3,Dew Point,CURRENT,°C,15.25664414986984
2026-05-18T04:35:00+00:00,22411530-1,Temperature,CURRENT,°C,17.371884765625005
2026-05-18T04:35:00+00:00,22411530-2,RH,CURRENT,%,91.56786449988556
2026-05-18T04:35:00+00:00,22411530-3,Dew Point,CURRENT,°C,16.0059097464386
2026-05-18T04:36:00+00:00,22411541-S,Battery,CURRENT,V,8.302932128906251
2026-05-18T04:40:00+00:00,22411189-1,Temperature,CURRENT,°C,16.985781249999995
2026-05-18T04:40:00+00:00,22411189-2,RH,CURRENT,%,94.9691004806592
2026-05-18T04:40:00+00:00,22411189-3,Dew Point,CURRENT,°C,16.19480687002429
2026-05-18T04:40:00+00:00,22411190-1,Temperature,CURRENT,°C,17.2217333984375
2026-05-18T04:40:00+00:00,22411190-2,RH,CURRENT,%,90.38223849851225
2026-05-18T04:40:00+00:00,22411190-3,Dew Point,CURRENT,°C,15.653207637010084
2026-05-18T04:40:00+00:00,22411191-1,Temperature,CURRENT,°C,17.629287109374992
2026-05-18T04:40:00+00:00,22411191-2,RH,CURRENT,%,90.31357289997712
2026-05-18T04:40:00+00:00,22411191-3,Dew Point,CURRENT,°C,16.044407201720684
2026-05-18T04:40:00+00:00,22411525-1,Temperature,CURRENT,°C,17.736538085937504
2026-05-18T04:40:00+00:00,22411525-2,RH,CURRENT,%,87.67986572060731
2026-05-18T04:40:00+00:00,22411525-3,Dew Point,CURRENT,°C,15.68675175367249
2026-05-18T04:40:00+00:00,22411526-1,Temperature,CURRENT,°C,16.664028320312497
2026-05-18T04:40:00+00:00,22411526-2,RH,CURRENT,%,94.48844129091326
2026-05-18T04:40:00+00:00,22411526-3,Dew Point,CURRENT,°C,15.795141084497438
2026-05-18T04:40:00+00:00,22411527-1,Temperature,CURRENT,°C,17.908139648437505
2026-05-18T04:40:00+00:00,22411527-2,RH,CURRENT,%,87.05882352941177
2026-05-18T04:40:00+00:00,22411527-3,Dew Point,CURRENT,°C,15.744572821070719
2026-05-18T04:40:00+00:00,22411528-1,Temperature,CURRENT,°C,16.170673828124997
2026-05-18T04:40:00+00:00,22411528-2,RH,CURRENT,%,97.61959258411535
2026-05-18T04:40:00+00:00,22411528-3,Dew Point,CURRENT,°C,15.813819932304433
2026-05-18T04:40:00+00:00,22411529-1,Temperature,CURRENT,°C,15.419916992187495
2026-05-18T04:40:00+00:00,22411529-2,RH,CURRENT,%,98.9547570000763
2026-05-18T04:40:00+00:00,22411529-3,Dew Point,CURRENT,°C,15.275697396481313
2026-05-18T04:40:00+00:00,22411530-1,Temperature,CURRENT,°C,17.479135742187502
2026-05-18T04:40:00+00:00,22411530-2,RH,CURRENT,%,90.06942854962998
2026-05-18T04:40:00+00:00,22411530-3,Dew Point,CURRENT,°C,15.85350361966109
2026-05-18T04:41:00+00:00,22411541-S,Battery,CURRENT,V,8.302932128906251
2026-05-18T04:45:00+00:00,22411189-1,Temperature,CURRENT,°C,16.792729492187497
2026-05-18T04:45:00+00:00,22411189-2,RH,CURRENT,%,94.78904402227818
2026-05-18T04:45:00+00:00,22411189-3,Dew Point,CURRENT,°C,15.97292743067018
2026-05-18T04:45:00+00:00,22411190-1,Temperature,CURRENT,°C,17.0501318359375
2026-05-18T04:45:00+00:00,22411190-2,RH,CURRENT,%,90.6157015335317
2026-05-18T04:45:00+00:00,22411190-3,Dew Point,CURRENT,°C,15.52375968291038
2026-05-18T04:45:00+00:00,22411191-1,Temperature,CURRENT,°C,17.350434570312494
2026-05-18T04:45:00+00:00,22411191-2,RH,CURRENT,%,91.29625391012436
2026-05-18T04:45:00+00:00,22411191-3,Dew Point,CURRENT,°C,15.938096375894878
2026-05-18T04:45:00+00:00,22411525-1,Temperature,CURRENT,°C,17.54348632812499
2026-05-18T04:45:00+00:00,22411525-2,RH,CURRENT,%,87.90417334248875
2026-05-18T04:45:00+00:00,22411525-3,Dew Point,CURRENT,°C,15.536423645894951
2026-05-18T04:45:00+00:00,22411526-1,Temperature,CURRENT,°C,16.55677734375
2026-05-18T04:45:00+00:00,22411526-2,RH,CURRENT,%,94.14358739604792
2026-05-18T04:45:00+00:00,22411526-3,Dew Point,CURRENT,°C,15.631295123913166
2026-05-18T04:45:00+00:00,22411527-1,Temperature,CURRENT,°C,17.951040039062498
2026-05-18T04:45:00+00:00,22411527-2,RH,CURRENT,%,86.89707789730679
2026-05-18T04:45:00+00:00,22411527-3,Dew Point,CURRENT,°C,15.757704858310511
2026-05-18T04:45:00+00:00,22411528-1,Temperature,CURRENT,°C,16.170673828124997
2026-05-18T04:45:00+00:00,22411528-2,RH,CURRENT,%,97.41664759288929
2026-05-18T04:45:00+00:00,22411528-3,Dew Point,CURRENT,°C,15.781242464666716
2026-05-18T04:45:00+00:00,22411529-1,Temperature,CURRENT,°C,15.334116210937495
2026-05-18T04:45:00+00:00,22411529-2,RH,CURRENT,%,98.74113069352255
2026-05-18T04:45:00+00:00,22411529-3,Dew Point,CURRENT,°C,15.156206646216457
2026-05-18T04:45:00+00:00,22411530-1,Temperature,CURRENT,°C,17.2217333984375
2026-05-18T04:45:00+00:00,22411530-2,RH,CURRENT,%,89.6955825131609
2026-05-18T04:45:00+00:00,22411530-3,Dew Point,CURRENT,°C,15.534018624975497
2026-05-18T04:46:00+00:00,22411541-S,Battery,CURRENT,V,8.302932128906251
2026-05-18T04:50:00+00:00,22411189-1,Temperature,CURRENT,°C,16.664028320312497
2026-05-18T04:50:00+00:00,22411189-2,RH,CURRENT,%,96.24628061341268
2026-05-18T04:50:00+00:00,22411189-3,Dew Point,CURRENT,°C,16.08401098074046
2026-05-18T04:50:00+00:00,22411190-1,Temperature,CURRENT,°C,16.878530273437498
2026-05-18T04:50:00+00:00,22411190-2,RH,CURRENT,%,91.98901350423438
2026-05-18T04:50:00+00:00,22411190-3,Dew Point,CURRENT,°C,15.588822622846715
2026-05-18T04:50:00+00:00,22411191-1,Temperature,CURRENT,°C,17.200283203125004
2026-05-18T04:50:00+00:00,22411191-2,RH,CURRENT,%,92.84351873044938
2026-05-18T04:50:00+00:00,22411191-3,Dew Point,CURRENT,°C,16.052725008562458
2026-05-18T04:50:00+00:00,22411525-1,Temperature,CURRENT,°C,17.371884765625005
2026-05-18T04:50:00+00:00,22411525-2,RH,CURRENT,%,88.99366750591287
2026-05-18T04:50:00+00:00,22411525-3,Dew Point,CURRENT,°C,15.559586888057192
2026-05-18T04:50:00+00:00,22411526-1,Temperature,CURRENT,°C,16.406625976562495
2026-05-18T04:50:00+00:00,22411526-2,RH,CURRENT,%,95.06828412298772
2026-05-18T04:50:00+00:00,22411526-3,Dew Point,CURRENT,°C,15.63473939707896
2026-05-18T04:50:00+00:00,22411527-1,Temperature,CURRENT,°C,17.6721875
2026-05-18T04:50:00+00:00,22411527-2,RH,CURRENT,%,87.5745784695201
2026-05-18T04:50:00+00:00,22411527-3,Dew Point,CURRENT,°C,15.60455872940335
2026-05-18T04:50:00+00:00,22411528-1,Temperature,CURRENT,°C,16.127773437499997
2026-05-18T04:50:00+00:00,22411528-2,RH,CURRENT,%,97.70199130235751
2026-05-18T04:50:00+00:00,22411528-3,Dew Point,CURRENT,°C,15.784184372238117
2026-05-18T04:50:00+00:00,22411529-1,Temperature,CURRENT,°C,15.269765624999998
2026-05-18T04:50:00+00:00,22411529-2,RH,CURRENT,%,99.2111085679408
2026-05-18T04:50:00+00:00,22411529-3,Dew Point,CURRENT,°C,15.165793574787171
2026-05-18T04:50:00+00:00,22411530-1,Temperature,CURRENT,°C,17.114482421874996
2026-05-18T04:50:00+00:00,22411530-2,RH,CURRENT,%,91.52666514076448
2026-05-18T04:50:00+00:00,22411530-3,Dew Point,CURRENT,°C,15.743852886857239
2026-05-18T04:51:00+00:00,22411541-S,Battery,CURRENT,V,8.302932128906251
2026-05-18T04:55:00+00:00,22411189-1,Temperature,CURRENT,°C,16.857080078125
2026-05-18T04:55:00+00:00,22411189-2,RH,CURRENT,%,95.56725413900969
2026-05-18T04:55:00+00:00,22411189-3,Dew Point,CURRENT,°C,16.165254757771248
2026-05-18T04:55:00+00:00,22411190-1,Temperature,CURRENT,°C,17.114482421874996
2026-05-18T04:55:00+00:00,22411190-2,RH,CURRENT,%,91.43358510719463
2026-05-18T04:55:00+00:00,22411190-3,Dew Point,CURRENT,°C,15.727932898551904
2026-05-18T04:55:00+00:00,22411191-1,Temperature,CURRENT,°C,17.564936523437503
2026-05-18T04:55:00+00:00,22411191-2,RH,CURRENT,%,91.48088807507439
2026-05-18T04:55:00+00:00,22411191-3,Dew Point,CURRENT,°C,16.182246851563765
2026-05-18T04:55:00+00:00,22411525-1,Temperature,CURRENT,°C,17.629287109374992
2026-05-18T04:55:00+00:00,22411525-2,RH,CURRENT,%,88.66865033951323
2026-05-18T04:55:00+00:00,22411525-3,Dew Point,CURRENT,°C,15.756432550528961
2026-05-18T04:55:00+00:00,22411526-1,Temperature,CURRENT,°C,16.449526367187495
2026-05-18T04:55:00+00:00,22411526-2,RH,CURRENT,%,95.26207370107576
2026-05-18T04:55:00+00:00,22411526-3,Dew Point,CURRENT,°C,15.709291168067875
2026-05-18T04:55:00+00:00,22411527-1,Temperature,CURRENT,°C,17.800888671874993
2026-05-18T04:55:00+00:00,22411527-2,RH,CURRENT,%,87.80804150453956
2026-05-18T04:55:00+00:00,22411527-3,Dew Point,CURRENT,°C,15.773023672828455
2026-05-18T04:55:00+00:00,22411528-1,Temperature,CURRENT,°C,16.1921240234375
2026-05-18T04:55:00+00:00,22411528-2,RH,CURRENT,%,97.72030212863355
2026-05-18T04:55:00+00:00,22411528-3,Dew Point,CURRENT,°C,15.851387430158939
2026-05-18T04:55:00+00:00,22411529-1,Temperature,CURRENT,°C,15.355566406249999
2026-05-18T04:55:00+00:00,22411529-2,RH,CURRENT,%,99.2111085679408
2026-05-18T04:55:00+00:00,22411529-3,Dew Point,CURRENT,°C,15.251647465080756
2026-05-18T04:55:00+00:00,22411530-1,Temperature,CURRENT,°C,17.414785156249998
2026-05-18T04:55:00+00:00,22411530-2,RH,CURRENT,%,90.18081940947586
2026-05-18T04:55:00+00:00,22411530-3,Dew Point,CURRENT,°C,15.809228276024037
2026-05-18T04:56:00+00:00,22411541-S,Battery,CURRENT,V,8.302932128906251
2026-05-18T05:00:00+00:00,22411189-1,Temperature,CURRENT,°C,16.664028320312497
2026-05-18T05:00:00+00:00,22411189-2,RH,CURRENT,%,95.73357747768368
2026-05-18T05:00:00+00:00,22411189-3,Dew Point,CURRENT,°C,16.000238157951514
2026-05-18T05:00:00+00:00,22411190-1,Temperature,CURRENT,°C,16.942880859374995
2026-05-18T05:00:00+00:00,22411190-2,RH,CURRENT,%,91.66399633783475
2026-05-18T05:00:00+00:00,22411190-3,Dew Point,CURRENT,°C,15.597282006764267
2026-05-18T05:00:00+00:00,22411191-1,Temperature,CURRENT,°C,17.479135742187502
2026-05-18T05:00:00+00:00,22411191-2,RH,CURRENT,%,91.62279697871367
2026-05-18T05:00:00+00:00,22411191-3,Dew Point,CURRENT,°C,16.12157690888615
2026-05-18T05:00:00+00:00,22411525-1,Temperature,CURRENT,°C,17.564936523437503
2026-05-18T05:00:00+00:00,22411525-2,RH,CURRENT,%,88.50843060959792
2026-05-18T05:00:00+00:00,22411525-3,Dew Point,CURRENT,°C,15.664647848767453
2026-05-18T05:00:00+00:00,22411526-1,Temperature,CURRENT,°C,16.299374999999998
2026-05-18T05:00:00+00:00,22411526-2,RH,CURRENT,%,95.24681467917907
2026-05-18T05:00:00+00:00,22411526-3,Dew Point,CURRENT,°C,15.557296910591683
2026-05-18T05:00:00+00:00,22411527-1,Temperature,CURRENT,°C,17.736538085937504
2026-05-18T05:00:00+00:00,22411527-2,RH,CURRENT,%,87.79888609140154
2026-05-18T05:00:00+00:00,22411527-3,Dew Point,CURRENT,°C,15.7079699117542
2026-05-18T05:00:00+00:00,22411528-1,Temperature,CURRENT,°C,16.041972656249996
2026-05-18T05:00:00+00:00,22411528-2,RH,CURRENT,%,97.56466010528725
2026-05-18T05:00:00+00:00,22411528-3,Dew Point,CURRENT,°C,15.676493411724218
2026-05-18T05:00:00+00:00,22411529-1,Temperature,CURRENT,°C,15.355566406249999
2026-05-18T05:00:00+00:00,22411529-2,RH,CURRENT,%,99.20195315480278
2026-05-18T05:00:00+00:00,22411529-3,Dew Point,CURRENT,°C,15.250209041079636
2026-05-18T05:00:00+00:00,22411530-1,Temperature,CURRENT,°C,17.3075341796875
2026-05-18T05:00:00+00:00,22411530-2,RH,CURRENT,%,90.63706416418708
2026-05-18T05:00:00+00:00,22411530-3,Dew Point,CURRENT,°C,15.782135789271273
2026-05-18T05:01:00+00:00,22411541-S,Battery,CURRENT,V,8.293239990234376
2026-05-18T05:05:00+00:00,22411189-1,Temperature,CURRENT,°C,16.428076171875
2026-05-18T05:05:00+00:00,22411189-2,RH,CURRENT,%,96.27374685282673
2026-05-18T05:05:00+00:00,22411189-3,Dew Point,CURRENT,°C,15.853266975108264
2026-05-18T05:05:00+00:00,22411190-1,Temperature,CURRENT,°C,16.706928710937497
2026-05-18T05:05:00+00:00,22411190-2,RH,CURRENT,%,92.07141222247654
2026-05-18T05:05:00+00:00,22411190-3,Dew Point,CURRENT,°C,15.432687759170804
2026-05-18T05:05:00+00:00,22411191-1,Temperature,CURRENT,°C,17.071582031249996
2026-05-18T05:05:00+00:00,22411191-2,RH,CURRENT,%,92.66041046768902
2026-05-18T05:05:00+00:00,22411191-3,Dew Point,CURRENT,°C,15.894067952027651
2026-05-18T05:05:00+00:00,22411525-1,Temperature,CURRENT,°C,17.157382812499996
2026-05-18T05:05:00+00:00,22411525-2,RH,CURRENT,%,89.24544136720836
2026-05-18T05:05:00+00:00,22411525-3,Dew Point,CURRENT,°C,15.391896776667142
2026-05-18T05:05:00+00:00,22411526-1,Temperature,CURRENT,°C,16.1063232421875
2026-05-18T05:05:00+00:00,22411526-2,RH,CURRENT,%,95.2803845273518
2026-05-18T05:05:00+00:00,22411526-3,Dew Point,CURRENT,°C,15.370594358165938
2026-05-18T05:05:00+00:00,22411527-1,Temperature,CURRENT,°C,17.286083984375004
2026-05-18T05:05:00+00:00,22411527-2,RH,CURRENT,%,88.70984969863432
2026-05-18T05:05:00+00:00,22411527-3,Dew Point,CURRENT,°C,15.425014819226565
2026-05-18T05:05:00+00:00,22411528-1,Temperature,CURRENT,°C,15.870371093749995
2026-05-18T05:05:00+00:00,22411528-2,RH,CURRENT,%,97.35255970092317
2026-05-18T05:05:00+00:00,22411528-3,Dew Point,CURRENT,°C,15.471155712735603
2026-05-18T05:05:00+00:00,22411529-1,Temperature,CURRENT,°C,15.205415039062501
2026-05-18T05:05:00+00:00,22411529-2,RH,CURRENT,%,98.73655298695354
2026-05-18T05:05:00+00:00,22411529-3,Dew Point,CURRENT,°C,15.026779747828932
2026-05-18T05:05:00+00:00,22411530-1,Temperature,CURRENT,°C,16.9643310546875
2026-05-18T05:05:00+00:00,22411530-2,RH,CURRENT,%,91.15129320210575
2026-05-18T05:05:00+00:00,22411530-3,Dew Point,CURRENT,°C,15.530887673792158
2026-05-18T05:06:00+00:00,22411541-S,Battery,CURRENT,V,8.293239990234376
2026-05-18T05:10:00+00:00,22411189-1,Temperature,CURRENT,°C,16.299374999999998
2026-05-18T05:10:00+00:00,22411189-2,RH,CURRENT,%,97.5722896162356
2026-05-18T05:10:00+00:00,22411189-3,Dew Point,CURRENT,°C,15.934747454747267
2026-05-18T05:10:00+00:00,22411190-1,Temperature,CURRENT,°C,16.535327148437496
2026-05-18T05:10:00+00:00,22411190-2,RH,CURRENT,%,93.14259555962462
2026-05-18T05:10:00+00:00,22411190-3,Dew Point,CURRENT,°C,15.442994518488222
2026-05-18T05:10:00+00:00,22411191-1,Temperature,CURRENT,°C,16.89998046875
2026-05-18T05:10:00+00:00,22411191-2,RH,CURRENT,%,93.58663309681849
2026-05-18T05:10:00+00:00,22411191-3,Dew Point,CURRENT,°C,15.879510323209251
2026-05-18T05:10:00+00:00,22411525-1,Temperature,CURRENT,°C,17.028681640624995
2026-05-18T05:10:00+00:00,22411525-2,RH,CURRENT,%,90.078583962768
2026-05-18T05:10:00+00:00,22411525-3,Dew Point,CURRENT,°C,15.409722447974248
2026-05-18T05:10:00+00:00,22411526-1,Temperature,CURRENT,°C,15.956171874999995
2026-05-18T05:10:00+00:00,22411526-2,RH,CURRENT,%,96.35156786449988
2026-05-18T05:10:00+00:00,22411526-3,Dew Point,CURRENT,°C,15.39542997098208
2026-05-18T05:10:00+00:00,22411527-1,Temperature,CURRENT,°C,17.178833007812493
2026-05-18T05:10:00+00:00,22411527-2,RH,CURRENT,%,89.61623559929808
2026-05-18T05:10:00+00:00,22411527-3,Dew Point,CURRENT,°C,15.477804492370394
2026-05-18T05:10:00+00:00,22411528-1,Temperature,CURRENT,°C,15.741669921875001
2026-05-18T05:10:00+00:00,22411528-2,RH,CURRENT,%,97.84390020599679
2026-05-18T05:10:00+00:00,22411528-3,Dew Point,CURRENT,°C,15.421224275057677
2026-05-18T05:10:00+00:00,22411529-1,Temperature,CURRENT,°C,15.098164062499997
2026-05-18T05:10:00+00:00,22411529-2,RH,CURRENT,%,98.90897993438621
2026-05-18T05:10:00+00:00,22411529-3,Dew Point,CURRENT,°C,14.946652870052883
2026-05-18T05:10:00+00:00,22411530-1,Temperature,CURRENT,°C,16.771279296875
2026-05-18T05:10:00+00:00,22411530-2,RH,CURRENT,%,92.24078736552987
2026-05-18T05:10:00+00:00,22411530-3,Dew Point,CURRENT,°C,15.525191614299088
2026-05-18T05:11:00+00:00,22411541-S,Battery,CURRENT,V,8.293239990234376
2026-05-18T05:15:00+00:00,22411189-1,Temperature,CURRENT,°C,16.170673828124997
2026-05-18T05:15:00+00:00,22411189-2,RH,CURRENT,%,97.66079194323643
2026-05-18T05:15:00+00:00,22411189-3,Dew Point,CURRENT,°C,15.820426153614445
2026-05-18T05:15:00+00:00,22411190-1,Temperature,CURRENT,°C,16.3208251953125
2026-05-18T05:15:00+00:00,22411190-2,RH,CURRENT,%,93.62325474937056
2026-05-18T05:15:00+00:00,22411190-3,Dew Point,CURRENT,°C,15.310266777599294
2026-05-18T05:15:00+00:00,22411191-1,Temperature,CURRENT,°C,16.535327148437496
2026-05-18T05:15:00+00:00,22411191-2,RH,CURRENT,%,94.84397650110628
2026-05-18T05:15:00+00:00,22411191-3,Dew Point,CURRENT,°C,15.725879666775697
2026-05-18T05:15:00+00:00,22411525-1,Temperature,CURRENT,°C,16.621127929687496
2026-05-18T05:15:00+00:00,22411525-2,RH,CURRENT,%,91.17418173495079
2026-05-18T05:15:00+00:00,22411525-3,Dew Point,CURRENT,°C,15.194963958149955
2026-05-18T05:15:00+00:00,22411526-1,Temperature,CURRENT,°C,15.870371093749995
2026-05-18T05:15:00+00:00,22411526-2,RH,CURRENT,%,96.56519417105363
2026-05-18T05:15:00+00:00,22411526-3,Dew Point,CURRENT,°C,15.344425871918558
2026-05-18T05:15:00+00:00,22411527-1,Temperature,CURRENT,°C,16.749829101562497
2026-05-18T05:15:00+00:00,22411527-2,RH,CURRENT,%,90.77592126344702
2026-05-18T05:15:00+00:00,22411527-3,Dew Point,CURRENT,°C,15.254153546670151
2026-05-18T05:15:00+00:00,22411528-1,Temperature,CURRENT,°C,15.677319335937497
2026-05-18T05:15:00+00:00,22411528-2,RH,CURRENT,%,98.11398489356833
2026-05-18T05:15:00+00:00,22411528-3,Dew Point,CURRENT,°C,15.399952617080116
2026-05-18T05:15:00+00:00,22411529-1,Temperature,CURRENT,°C,15.098164062499997
2026-05-18T05:15:00+00:00,22411529-2,RH,CURRENT,%,99.30266269932098
2026-05-18T05:15:00+00:00,22411529-3,Dew Point,CURRENT,°C,15.008434274461452
2026-05-18T05:15:00+00:00,22411530-1,Temperature,CURRENT,°C,16.4709765625
2026-05-18T05:15:00+00:00,22411530-2,RH,CURRENT,%,93.27840085450522
2026-05-18T05:15:00+00:00,22411530-3,Dew Point,CURRENT,°C,15.401838868088149
2026-05-18T05:16:00+00:00,22411541-S,Battery,CURRENT,V,8.293239990234376
2026-05-18T05:20:00+00:00,22411189-1,Temperature,CURRENT,°C,16.1492236328125
2026-05-18T05:20:00+00:00,22411189-2,RH,CURRENT,%,98.11245899137866
2026-05-18T05:20:00+00:00,22411189-3,Dew Point,CURRENT,°C,15.871256310791308
2026-05-18T05:20:00+00:00,22411190-1,Temperature,CURRENT,°C,16.299374999999998
2026-05-18T05:20:00+00:00,22411190-2,RH,CURRENT,%,94.21225299458305
2026-05-18T05:20:00+00:00,22411190-3,Dew Point,CURRENT,°C,15.386773737394105
2026-05-18T05:20:00+00:00,22411191-1,Temperature,CURRENT,°C,16.642578125
2026-05-18T05:20:00+00:00,22411191-2,RH,CURRENT,%,95.30174715800717
2026-05-18T05:20:00+00:00,22411191-3,Dew Point,CURRENT,°C,15.908017031015278
2026-05-18T05:20:00+00:00,22411525-1,Temperature,CURRENT,°C,16.749829101562497
2026-05-18T05:20:00+00:00,22411525-2,RH,CURRENT,%,91.81963836118105
2026-05-18T05:20:00+00:00,22411525-3,Dew Point,CURRENT,°C,15.432470923637897
2026-05-18T05:20:00+00:00,22411526-1,Temperature,CURRENT,°C,15.827470703125002
2026-05-18T05:20:00+00:00,22411526-2,RH,CURRENT,%,96.96345464255741
2026-05-18T05:20:00+00:00,22411526-3,Dew Point,CURRENT,°C,15.365834717275396
2026-05-18T05:20:00+00:00,22411527-1,Temperature,CURRENT,°C,16.9643310546875
2026-05-18T05:20:00+00:00,22411527-2,RH,CURRENT,%,91.39391165026322
2026-05-18T05:20:00+00:00,22411527-3,Dew Point,CURRENT,°C,15.572417957580484
2026-05-18T05:20:00+00:00,22411528-1,Temperature,CURRENT,°C,15.634418945312497
2026-05-18T05:20:00+00:00,22411528-2,RH,CURRENT,%,98.46952010376135
2026-05-18T05:20:00+00:00,22411528-3,Dew Point,CURRENT,°C,15.413523213810992
2026-05-18T05:20:00+00:00,22411529-1,Temperature,CURRENT,°C,15.1196142578125
2026-05-18T05:20:00+00:00,22411529-2,RH,CURRENT,%,99.54070344090944
2026-05-18T05:20:00+00:00,22411529-3,Dew Point,CURRENT,°C,15.067158616260448
2026-05-18T05:20:00+00:00,22411530-1,Temperature,CURRENT,°C,16.513876953125
2026-05-18T05:20:00+00:00,22411530-2,RH,CURRENT,%,93.68276493476768
2026-05-18T05:20:00+00:00,22411530-3,Dew Point,CURRENT,°C,15.511982917358436
2026-05-18T05:21:00+00:00,22411541-S,Battery,CURRENT,V,8.293239990234376
2026-05-18T05:25:00+00:00,22411189-1,Temperature,CURRENT,°C,16.449526367187495
2026-05-18T05:25:00+00:00,22411189-2,RH,CURRENT,%,97.75997558556496
2026-05-18T05:25:00+00:00,22411189-3,Dew Point,CURRENT,°C,16.114836040741586
2026-05-18T05:25:00+00:00,22411190-1,Temperature,CURRENT,°C,16.685478515625
2026-05-18T05:25:00+00:00,22411190-2,RH,CURRENT,%,93.94674601358052
2026-05-18T05:25:00+00:00,22411190-3,Dew Point,CURRENT,°C,15.72649261251603
2026-05-18T05:25:00+00:00,22411191-1,Temperature,CURRENT,°C,17.200283203125004
2026-05-18T05:25:00+00:00,22411191-2,RH,CURRENT,%,93.22804608224612
2026-05-18T05:25:00+00:00,22411191-3,Dew Point,CURRENT,°C,16.117571565593583
2026-05-18T05:25:00+00:00,22411525-1,Temperature,CURRENT,°C,17.3075341796875
2026-05-18T05:25:00+00:00,22411525-2,RH,CURRENT,%,90.70725566491188
2026-05-18T05:25:00+00:00,22411525-3,Dew Point,CURRENT,°C,15.79425300238383
2026-05-18T05:25:00+00:00,22411526-1,Temperature,CURRENT,°C,16.0634228515625
2026-05-18T05:25:00+00:00,22411526-2,RH,CURRENT,%,97.37697413595788
2026-05-18T05:25:00+00:00,22411526-3,Dew Point,CURRENT,°C,15.66779710844452
2026-05-18T05:25:00+00:00,22411527-1,Temperature,CURRENT,°C,17.5005859375
2026-05-18T05:25:00+00:00,22411527-2,RH,CURRENT,%,90.20218204013123
2026-05-18T05:25:00+00:00,22411527-3,Dew Point,CURRENT,°C,15.897782884817662
2026-05-18T05:25:00+00:00,22411528-1,Temperature,CURRENT,°C,15.827470703125002
2026-05-18T05:25:00+00:00,22411528-2,RH,CURRENT,%,99.2813000686656
2026-05-18T05:25:00+00:00,22411528-3,Dew Point,CURRENT,°C,15.734908535874736
2026-05-18T05:25:00+00:00,22411529-1,Temperature,CURRENT,°C,15.248315429687501
2026-05-18T05:25:00+00:00,22411529-2,RH,CURRENT,%,100
2026-05-18T05:25:00+00:00,22411529-3,Dew Point,CURRENT,°C,15.267734594127488
2026-05-18T05:25:00+00:00,22411530-1,Temperature,CURRENT,°C,16.9643310546875
2026-05-18T05:25:00+00:00,22411530-2,RH,CURRENT,%,92.14465552758068
2026-05-18T05:25:00+00:00,22411530-3,Dew Point,CURRENT,°C,15.700317388771417
2026-05-18T05:26:00+00:00,22411541-S,Battery,CURRENT,V,8.286778564453126
2026-05-18T05:30:00+00:00,22411189-1,Temperature,CURRENT,°C,16.4709765625
2026-05-18T05:30:00+00:00,22411189-2,RH,CURRENT,%,96.80018310826276
2026-05-18T05:30:00+00:00,22411189-3,Dew Point,CURRENT,°C,15.981494128493612
2026-05-18T05:30:00+00:00,22411190-1,Temperature,CURRENT,°C,16.792729492187497
2026-05-18T05:30:00+00:00,22411190-2,RH,CURRENT,%,92.45136186770428
2026-05-18T05:30:00+00:00,22411190-3,Dew Point,CURRENT,°C,15.58209217057897
2026-05-18T05:30:00+00:00,22411191-1,Temperature,CURRENT,°C,17.286083984375004
2026-05-18T05:30:00+00:00,22411191-2,RH,CURRENT,%,92.2087434195468
2026-05-18T05:30:00+00:00,22411191-3,Dew Point,CURRENT,°C,16.030238167437595
2026-05-18T05:30:00+00:00,22411525-1,Temperature,CURRENT,°C,17.414785156249998
2026-05-18T05:30:00+00:00,22411525-2,RH,CURRENT,%,89.70778973067826
2026-05-18T05:30:00+00:00,22411525-3,Dew Point,CURRENT,°C,15.72692086803998
2026-05-18T05:30:00+00:00,22411526-1,Temperature,CURRENT,°C,16.1063232421875
2026-05-18T05:30:00+00:00,22411526-2,RH,CURRENT,%,96.47821774624246
2026-05-18T05:30:00+00:00,22411526-3,Dew Point,CURRENT,°C,15.565655970911406
2026-05-18T05:30:00+00:00,22411527-1,Temperature,CURRENT,°C,17.58638671875
2026-05-18T05:30:00+00:00,22411527-2,RH,CURRENT,%,89.35530632486457
2026-05-18T05:30:00+00:00,22411527-3,Dew Point,CURRENT,°C,15.834835764615956
2026-05-18T05:30:00+00:00,22411528-1,Temperature,CURRENT,°C,15.891821289062499
2026-05-18T05:30:00+00:00,22411528-2,RH,CURRENT,%,98.67551689936676
2026-05-18T05:30:00+00:00,22411528-3,Dew Point,CURRENT,°C,15.703531176911525
2026-05-18T05:30:00+00:00,22411529-1,Temperature,CURRENT,°C,15.355566406249999
2026-05-18T05:30:00+00:00,22411529-2,RH,CURRENT,%,99.86114290074006
2026-05-18T05:30:00+00:00,22411529-3,Dew Point,CURRENT,°C,15.353479310379619
2026-05-18T05:30:00+00:00,22411530-1,Temperature,CURRENT,°C,17.0501318359375
2026-05-18T05:30:00+00:00,22411530-2,RH,CURRENT,%,91.37102311741818
2026-05-18T05:30:00+00:00,22411530-3,Dew Point,CURRENT,°C,15.653487376616656
2026-05-18T05:31:00+00:00,22411541-S,Battery,CURRENT,V,8.286778564453126
2026-05-18T05:35:00+00:00,22411189-1,Temperature,CURRENT,°C,16.4709765625
2026-05-18T05:35:00+00:00,22411189-2,RH,CURRENT,%,97.0595864805066
2026-05-18T05:35:00+00:00,22411189-3,Dew Point,CURRENT,°C,16.023454977419043
2026-05-18T05:35:00+00:00,22411190-1,Temperature,CURRENT,°C,16.706928710937497
2026-05-18T05:35:00+00:00,22411190-2,RH,CURRENT,%,92.69398031586175
2026-05-18T05:35:00+00:00,22411190-3,Dew Point,CURRENT,°C,15.537920654883061
2026-05-18T05:35:00+00:00,22411191-1,Temperature,CURRENT,°C,17.200283203125004
2026-05-18T05:35:00+00:00,22411191-2,RH,CURRENT,%,92.9732204165713
2026-05-18T05:35:00+00:00,22411191-3,Dew Point,CURRENT,°C,16.07462411749074
2026-05-18T05:35:00+00:00,22411525-1,Temperature,CURRENT,°C,17.3075341796875
2026-05-18T05:35:00+00:00,22411525-2,RH,CURRENT,%,89.89242389562828
2026-05-18T05:35:00+00:00,22411525-3,Dew Point,CURRENT,°C,15.653078941624564
2026-05-18T05:35:00+00:00,22411526-1,Temperature,CURRENT,°C,16.170673828124997
2026-05-18T05:35:00+00:00,22411526-2,RH,CURRENT,%,96.45227740901808
2026-05-18T05:35:00+00:00,22411526-3,Dew Point,CURRENT,°C,15.625620542682487
2026-05-18T05:35:00+00:00,22411527-1,Temperature,CURRENT,°C,17.5005859375
2026-05-18T05:35:00+00:00,22411527-2,RH,CURRENT,%,89.50637064164187
2026-05-18T05:35:00+00:00,22411527-3,Dew Point,CURRENT,°C,15.776523646721389
2026-05-18T05:35:00+00:00,22411528-1,Temperature,CURRENT,°C,15.956171874999995
2026-05-18T05:35:00+00:00,22411528-2,RH,CURRENT,%,98.62211032272832
2026-05-18T05:35:00+00:00,22411528-3,Dew Point,CURRENT,°C,15.759405905626947
2026-05-18T05:35:00+00:00,22411529-1,Temperature,CURRENT,°C,15.462817382812496
2026-05-18T05:35:00+00:00,22411529-2,RH,CURRENT,%,99.86114290074006
2026-05-18T05:35:00+00:00,22411529-3,Dew Point,CURRENT,°C,15.460883070082366
2026-05-18T05:35:00+00:00,22411530-1,Temperature,CURRENT,°C,17.0072314453125
2026-05-18T05:35:00+00:00,22411530-2,RH,CURRENT,%,91.85168230716411
2026-05-18T05:35:00+00:00,22411530-3,Dew Point,CURRENT,°C,15.69303366180337
2026-05-18T05:36:00+00:00,22411541-S,Battery,CURRENT,V,8.286778564453126
2026-05-18T05:40:00+00:00,22411189-1,Temperature,CURRENT,°C,16.513876953125
2026-05-18T05:40:00+00:00,22411189-2,RH,CURRENT,%,97.45937285420004
2026-05-18T05:40:00+00:00,22411189-3,Dew Point,CURRENT,°C,16.1307642069282
2026-05-18T05:40:00+00:00,22411190-1,Temperature,CURRENT,°C,16.792729492187497
2026-05-18T05:40:00+00:00,22411190-2,RH,CURRENT,%,93.23262378881513
2026-05-18T05:40:00+00:00,22411190-3,Dew Point,CURRENT,°C,15.71366492392494
2026-05-18T05:40:00+00:00,22411191-1,Temperature,CURRENT,°C,17.3075341796875
2026-05-18T05:40:00+00:00,22411191-2,RH,CURRENT,%,93.11970702677958
2026-05-18T05:40:00+00:00,22411191-3,Dew Point,CURRENT,°C,16.2058021530479
2026-05-18T05:40:00+00:00,22411525-1,Temperature,CURRENT,°C,17.436235351562495
2026-05-18T05:40:00+00:00,22411525-2,RH,CURRENT,%,90.01907377737088
2026-05-18T05:40:00+00:00,22411525-3,Dew Point,CURRENT,°C,15.802333438311635
2026-05-18T05:40:00+00:00,22411526-1,Temperature,CURRENT,°C,16.1921240234375
2026-05-18T05:40:00+00:00,22411526-2,RH,CURRENT,%,96.72693980315861
2026-05-18T05:40:00+00:00,22411526-3,Dew Point,CURRENT,°C,15.691477899254522
2026-05-18T05:40:00+00:00,22411527-1,Temperature,CURRENT,°C,17.629287109374992
2026-05-18T05:40:00+00:00,22411527-2,RH,CURRENT,%,89.44686045624475
2026-05-18T05:40:00+00:00,22411527-3,Dew Point,CURRENT,°C,15.893251289265235
2026-05-18T05:40:00+00:00,22411528-1,Temperature,CURRENT,°C,15.9776220703125
2026-05-18T05:40:00+00:00,22411528-2,RH,CURRENT,%,98.91508354314489
2026-05-18T05:40:00+00:00,22411528-3,Dew Point,CURRENT,°C,15.827289656121525
2026-05-18T05:40:00+00:00,22411529-1,Temperature,CURRENT,°C,15.484267578125
2026-05-18T05:40:00+00:00,22411529-2,RH,CURRENT,%,99.84283207446403
2026-05-18T05:40:00+00:00,22411529-3,Dew Point,CURRENT,°C,15.479500368424082
2026-05-18T05:40:00+00:00,22411530-1,Temperature,CURRENT,°C,17.114482421874996
2026-05-18T05:40:00+00:00,22411530-2,RH,CURRENT,%,91.97528038452735
2026-05-18T05:40:00+00:00,22411530-3,Dew Point,CURRENT,°C,15.820383561546493
2026-05-18T05:41:00+00:00,22411541-S,Battery,CURRENT,V,8.283547851562501
2026-05-18T05:45:00+00:00,22411189-1,Temperature,CURRENT,°C,16.55677734375
2026-05-18T05:45:00+00:00,22411189-2,RH,CURRENT,%,97.71877622644388
2026-05-18T05:45:00+00:00,22411189-3,Dew Point,CURRENT,°C,16.215336914634765
2026-05-18T05:45:00+00:00,22411190-1,Temperature,CURRENT,°C,16.771279296875
2026-05-18T05:45:00+00:00,22411190-2,RH,CURRENT,%,93.40810254062714
2026-05-18T05:45:00+00:00,22411190-3,Dew Point,CURRENT,°C,15.721780527791559
2026-05-18T05:45:00+00:00,22411191-1,Temperature,CURRENT,°C,17.328984374999997
2026-05-18T05:45:00+00:00,22411191-2,RH,CURRENT,%,93.9528496223392
2026-05-18T05:45:00+00:00,22411191-3,Dew Point,CURRENT,°C,16.36708083211085
2026-05-18T05:45:00+00:00,22411525-1,Temperature,CURRENT,°C,17.45768554687499
2026-05-18T05:45:00+00:00,22411525-2,RH,CURRENT,%,90.56382085908294
2026-05-18T05:45:00+00:00,22411525-3,Dew Point,CURRENT,°C,15.91803819492321
2026-05-18T05:45:00+00:00,22411526-1,Temperature,CURRENT,°C,16.299374999999998
2026-05-18T05:45:00+00:00,22411526-2,RH,CURRENT,%,96.83222705424582
2026-05-18T05:45:00+00:00,22411526-3,Dew Point,CURRENT,°C,15.815490391228295
2026-05-18T05:45:00+00:00,22411527-1,Temperature,CURRENT,°C,17.650737304687503
2026-05-18T05:45:00+00:00,22411527-2,RH,CURRENT,%,89.99160753795681
2026-05-18T05:45:00+00:00,22411527-3,Dew Point,CURRENT,°C,16.009610276579195
2026-05-18T05:45:00+00:00,22411528-1,Temperature,CURRENT,°C,16.127773437499997
2026-05-18T05:45:00+00:00,22411528-2,RH,CURRENT,%,98.91355764095522
2026-05-18T05:45:00+00:00,22411528-3,Dew Point,CURRENT,°C,15.97723618250792
2026-05-18T05:45:00+00:00,22411529-1,Temperature,CURRENT,°C,15.61296875
2026-05-18T05:45:00+00:00,22411529-2,RH,CURRENT,%,100
2026-05-18T05:45:00+00:00,22411529-3,Dew Point,CURRENT,°C,15.632969953061803
2026-05-18T05:45:00+00:00,22411530-1,Temperature,CURRENT,°C,17.1359326171875
2026-05-18T05:45:00+00:00,22411530-2,RH,CURRENT,%,92.77637903410391
2026-05-18T05:45:00+00:00,22411530-3,Dew Point,CURRENT,°C,15.97752118176018
2026-05-18T05:46:00+00:00,22411541-S,Battery,CURRENT,V,8.286778564453126
2026-05-18T05:50:00+00:00,22411189-1,Temperature,CURRENT,°C,16.857080078125
2026-05-18T05:50:00+00:00,22411189-2,RH,CURRENT,%,98.19638361181049
2026-05-18T05:50:00+00:00,22411189-3,Dew Point,CURRENT,°C,16.592039669841785
2026-05-18T05:50:00+00:00,22411190-1,Temperature,CURRENT,°C,17.028681640624995
2026-05-18T05:50:00+00:00,22411190-2,RH,CURRENT,%,94.0993362325475
2026-05-18T05:50:00+00:00,22411190-3,Dew Point,CURRENT,°C,16.09305797774146
2026-05-18T05:50:00+00:00,22411191-1,Temperature,CURRENT,°C,18.272792968750004
2026-05-18T05:50:00+00:00,22411191-2,RH,CURRENT,%,90.51804379339285
2026-05-18T05:50:00+00:00,22411191-3,Dew Point,CURRENT,°C,16.71648964219826
2026-05-18T05:50:00+00:00,22411525-1,Temperature,CURRENT,°C,18.4658447265625
2026-05-18T05:50:00+00:00,22411525-2,RH,CURRENT,%,88.06134126802472
2026-05-18T05:50:00+00:00,22411525-3,Dew Point,CURRENT,°C,16.473700523503737
2026-05-18T05:50:00+00:00,22411526-1,Temperature,CURRENT,°C,16.535327148437496
2026-05-18T05:50:00+00:00,22411526-2,RH,CURRENT,%,97.01533531700618
2026-05-18T05:50:00+00:00,22411526-3,Dew Point,CURRENT,°C,16.080515955709608
2026-05-18T05:50:00+00:00,22411527-1,Temperature,CURRENT,°C,18.680346679687496
2026-05-18T05:50:00+00:00,22411527-2,RH,CURRENT,%,87.06645304036012
2026-05-18T05:50:00+00:00,22411527-3,Dew Point,CURRENT,°C,16.506192337493964
2026-05-18T05:50:00+00:00,22411528-1,Temperature,CURRENT,°C,16.2779248046875
2026-05-18T05:50:00+00:00,22411528-2,RH,CURRENT,%,99.08903639276723
2026-05-18T05:50:00+00:00,22411528-3,Dew Point,CURRENT,°C,16.15524591373784
2026-05-18T05:50:00+00:00,22411529-1,Temperature,CURRENT,°C,15.720219726562497
2026-05-18T05:50:00+00:00,22411529-2,RH,CURRENT,%,100
2026-05-18T05:50:00+00:00,22411529-3,Dew Point,CURRENT,°C,15.740392104526352
2026-05-18T05:50:00+00:00,22411530-1,Temperature,CURRENT,°C,17.908139648437505
2026-05-18T05:50:00+00:00,22411530-2,RH,CURRENT,%,90.16098268101015
2026-05-18T05:50:00+00:00,22411530-3,Dew Point,CURRENT,°C,16.293618730486667
2026-05-18T05:51:00+00:00,22411541-S,Battery,CURRENT,V,8.283547851562501
