timestamp_utc,sensor_sn,measurement_type,data_type,units,value
2026-08-05T00:00:00+00:00,22411189-1,Temperature,CURRENT,°C,25.6302099609375
2026-08-05T00:00:00+00:00,22411189-2,RH,CURRENT,%,56.899366750591284
2026-08-05T00:00:00+00:00,22411189-3,Dew Point,CURRENT,°C,16.471121870034068
2026-08-05T00:00:00+00:00,22411190-1,Temperature,CURRENT,°C,25.222656249999993
2026-08-05T00:00:00+00:00,22411190-2,RH,CURRENT,%,55.718318455786985
2026-08-05T00:00:00+00:00,22411190-3,Dew Point,CURRENT,°C,15.762225395351276
2026-08-05T00:00:00+00:00,22411191-1,Temperature,CURRENT,°C,24.858002929687494
2026-08-05T00:00:00+00:00,22411191-2,RH,CURRENT,%,55.95178149080644
2026-08-05T00:00:00+00:00,22411191-3,Dew Point,CURRENT,°C,15.488154097816878
2026-08-05T00:00:00+00:00,22411525-1,Temperature,CURRENT,°C,24.772202148437493
2026-08-05T00:00:00+00:00,22411525-2,RH,CURRENT,%,55.172045471885255
2026-08-05T00:00:00+00:00,22411525-3,Dew Point,CURRENT,°C,15.189439065579897
2026-08-05T00:00:00+00:00,22411526-1,Temperature,CURRENT,°C,25.072504882812503
2026-08-05T00:00:00+00:00,22411526-2,RH,CURRENT,%,61.196307316701
2026-08-05T00:00:00+00:00,22411526-3,Dew Point,CURRENT,°C,17.096998986305934
2026-08-05T00:00:00+00:00,22411527-1,Temperature,CURRENT,°C,24.772202148437493
2026-08-05T00:00:00+00:00,22411527-2,RH,CURRENT,%,55.384145876249335
2026-08-05T00:00:00+00:00,22411527-3,Dew Point,CURRENT,°C,15.249229222302285
2026-08-05T00:00:00+00:00,22411528-1,Temperature,CURRENT,°C,23.35648925781249
2026-08-05T00:00:00+00:00,22411528-2,RH,CURRENT,%,70.94224460212101
2026-08-05T00:00:00+00:00,22411528-3,Dew Point,CURRENT,°C,17.80989420909032
2026-08-05T00:00:00+00:00,22411529-1,Temperature,CURRENT,°C,23.528090820312492
2026-08-05T00:00:00+00:00,22411529-2,RH,CURRENT,%,75.893797207599
2026-08-05T00:00:00+00:00,22411529-3,Dew Point,CURRENT,°C,19.053406215688884
2026-08-05T00:00:00+00:00,22411530-1,Temperature,CURRENT,°C,24.793652343750004
2026-08-05T00:00:00+00:00,22411530-2,RH,CURRENT,%,56.10284580758373
2026-08-05T00:00:00+00:00,22411530-3,Dew Point,CURRENT,°C,15.47032589981957
2026-08-05T00:01:00+00:00,22411541-S,Battery,CURRENT,V,8.36754638671875
2026-08-05T00:05:00+00:00,22411189-1,Temperature,CURRENT,°C,25.136855468749992
2026-08-05T00:05:00+00:00,22411189-2,RH,CURRENT,%,59.75127794308385
2026-08-05T00:05:00+00:00,22411189-3,Dew Point,CURRENT,°C,16.780046466029606
2026-08-05T00:05:00+00:00,22411190-1,Temperature,CURRENT,°C,24.536250000000003
2026-08-05T00:05:00+00:00,22411190-2,RH,CURRENT,%,58.48630502784771
2026-08-05T00:05:00+00:00,22411190-3,Dew Point,CURRENT,°C,15.880613823854743
2026-08-05T00:05:00+00:00,22411191-1,Temperature,CURRENT,°C,24.450449218750002
2026-08-05T00:05:00+00:00,22411191-2,RH,CURRENT,%,58.730449378194855
2026-08-05T00:05:00+00:00,22411191-3,Dew Point,CURRENT,°C,15.865503857015902
2026-08-05T00:05:00+00:00,22411525-1,Temperature,CURRENT,°C,24.3646484375
2026-08-05T00:05:00+00:00,22411525-2,RH,CURRENT,%,57.77370870527199
2026-08-05T00:05:00+00:00,22411525-3,Dew Point,CURRENT,°C,15.528299943077903
2026-08-05T00:05:00+00:00,22411526-1,Temperature,CURRENT,°C,24.600600585937492
2026-08-05T00:05:00+00:00,22411526-2,RH,CURRENT,%,62.80308232242313
2026-08-05T00:05:00+00:00,22411526-3,Dew Point,CURRENT,°C,17.06180128406418
2026-08-05T00:05:00+00:00,22411527-1,Temperature,CURRENT,°C,24.386098632812498
2026-08-05T00:05:00+00:00,22411527-2,RH,CURRENT,%,57.891203173876555
2026-08-05T00:05:00+00:00,22411527-3,Dew Point,CURRENT,°C,15.580099259065383
2026-08-05T00:05:00+00:00,22411528-1,Temperature,CURRENT,°C,22.605732421874997
2026-08-05T00:05:00+00:00,22411528-2,RH,CURRENT,%,70.8018616006714
2026-08-05T00:05:00+00:00,22411528-3,Dew Point,CURRENT,°C,17.058369340776686
2026-08-05T00:05:00+00:00,22411529-1,Temperature,CURRENT,°C,22.734433593750005
2026-08-05T00:05:00+00:00,22411529-2,RH,CURRENT,%,77.71877622644388
2026-08-05T00:05:00+00:00,22411529-3,Dew Point,CURRENT,°C,18.665505185570986
2026-08-05T00:05:00+00:00,22411530-1,Temperature,CURRENT,°C,24.321748046874994
2026-08-05T00:05:00+00:00,22411530-2,RH,CURRENT,%,58.72434576943618
2026-08-05T00:05:00+00:00,22411530-3,Dew Point,CURRENT,°C,15.743305632639398
2026-08-05T00:06:00+00:00,22411541-S,Battery,CURRENT,V,8.364315673828125
2026-08-05T00:10:00+00:00,22411189-1,Temperature,CURRENT,°C,24.600600585937492
2026-08-05T00:10:00+00:00,22411189-2,RH,CURRENT,%,60.04730296787976
2026-08-05T00:10:00+00:00,22411189-3,Dew Point,CURRENT,°C,16.354330725584003
2026-08-05T00:10:00+00:00,22411190-1,Temperature,CURRENT,°C,24.085795898437503
2026-08-05T00:10:00+00:00,22411190-2,RH,CURRENT,%,59.891660944533456
2026-08-05T00:10:00+00:00,22411190-3,Dew Point,CURRENT,°C,15.83006972826984
2026-08-05T00:10:00+00:00,22411191-1,Temperature,CURRENT,°C,24.064345703124992
2026-08-05T00:10:00+00:00,22411191-2,RH,CURRENT,%,59.774166475928894
2026-08-05T00:10:00+00:00,22411191-3,Dew Point,CURRENT,°C,15.779185081459953
2026-08-05T00:10:00+00:00,22411525-1,Temperature,CURRENT,°C,23.999995117187503
2026-08-05T00:10:00+00:00,22411525-2,RH,CURRENT,%,58.99900816357671
2026-08-05T00:10:00+00:00,22411525-3,Dew Point,CURRENT,°C,15.514723781584031
2026-08-05T00:10:00+00:00,22411526-1,Temperature,CURRENT,°C,23.764042968749997
2026-08-05T00:10:00+00:00,22411526-2,RH,CURRENT,%,62.89616235599298
2026-08-05T00:10:00+00:00,22411526-3,Dew Point,CURRENT,°C,16.294789986334543
2026-08-05T00:10:00+00:00,22411527-1,Temperature,CURRENT,°C,24.042895507812496
2026-08-05T00:10:00+00:00,22411527-2,RH,CURRENT,%,59.19737544823377
2026-08-05T00:10:00+00:00,22411527-3,Dew Point,CURRENT,°C,15.607394772078727
2026-08-05T00:10:00+00:00,22411528-1,Temperature,CURRENT,°C,21.854975585937503
2026-08-05T00:10:00+00:00,22411528-2,RH,CURRENT,%,71.9279774166476
2026-08-05T00:10:00+00:00,22411528-3,Dew Point,CURRENT,°C,16.58656975284324
2026-08-05T00:10:00+00:00,22411529-1,Temperature,CURRENT,°C,22.005126953124993
2026-08-05T00:10:00+00:00,22411529-2,RH,CURRENT,%,79.50102998397803
2026-08-05T00:10:00+00:00,22411529-3,Dew Point,CURRENT,°C,18.3193322668708
2026-08-05T00:10:00+00:00,22411530-1,Temperature,CURRENT,°C,23.93564453125
2026-08-05T00:10:00+00:00,22411530-2,RH,CURRENT,%,59.891660944533456
2026-08-05T00:10:00+00:00,22411530-3,Dew Point,CURRENT,°C,15.689048802118792
2026-08-05T00:11:00+00:00,22411541-S,Battery,CURRENT,V,8.357854248046875
2026-08-05T00:15:00+00:00,22411189-1,Temperature,CURRENT,°C,23.613891601562493
2026-08-05T00:15:00+00:00,22411189-2,RH,CURRENT,%,62.450598916609444
2026-08-05T00:15:00+00:00,22411189-3,Dew Point,CURRENT,°C,16.04135049947787
2026-08-05T00:15:00+00:00,22411190-1,Temperature,CURRENT,°C,23.4851904296875
2026-08-05T00:15:00+00:00,22411190-2,RH,CURRENT,%,61.83413443198291
2026-08-05T00:15:00+00:00,22411190-3,Dew Point,CURRENT,°C,15.764489690076688
2026-08-05T00:15:00+00:00,22411191-1,Temperature,CURRENT,°C,23.506640624999996
2026-08-05T00:15:00+00:00,22411191-2,RH,CURRENT,%,62.8046082246128
2026-08-05T00:15:00+00:00,22411191-3,Dew Point,CURRENT,°C,16.028705058994273
2026-08-05T00:15:00+00:00,22411525-1,Temperature,CURRENT,°C,23.506640624999996
2026-08-05T00:15:00+00:00,22411525-2,RH,CURRENT,%,61.902800030518044
2026-08-05T00:15:00+00:00,22411525-3,Dew Point,CURRENT,°C,15.802090754449825
2026-08-05T00:15:00+00:00,22411526-1,Temperature,CURRENT,°C,22.455581054687492
2026-08-05T00:15:00+00:00,22411526-2,RH,CURRENT,%,65.92202639810787
2026-08-05T00:15:00+00:00,22411526-3,Dew Point,CURRENT,°C,15.791563681329327
2026-08-05T00:15:00+00:00,22411527-1,Temperature,CURRENT,°C,23.592441406249996
2026-08-05T00:15:00+00:00,22411527-2,RH,CURRENT,%,61.87075608453498
2026-08-05T00:15:00+00:00,22411527-3,Dew Point,CURRENT,°C,15.874901733797822
2026-08-05T00:15:00+00:00,22411528-1,Temperature,CURRENT,°C,21.125668945312505
2026-08-05T00:15:00+00:00,22411528-2,RH,CURRENT,%,73.3150225070573
2026-08-05T00:15:00+00:00,22411528-3,Dew Point,CURRENT,°C,16.185131076117614
2026-08-05T00:15:00+00:00,22411529-1,Temperature,CURRENT,°C,21.232919921875002
2026-08-05T00:15:00+00:00,22411529-2,RH,CURRENT,%,81.51064316777294
2026-08-05T00:15:00+00:00,22411529-3,Dew Point,CURRENT,°C,17.964708349233312
2026-08-05T00:15:00+00:00,22411530-1,Temperature,CURRENT,°C,23.377939453125002
2026-08-05T00:15:00+00:00,22411530-2,RH,CURRENT,%,62.4979018844892
2026-08-05T00:15:00+00:00,22411530-3,Dew Point,CURRENT,°C,15.830426254649927
2026-08-05T00:16:00+00:00,22411541-S,Battery,CURRENT,V,8.357854248046875
2026-08-05T00:20:00+00:00,22411189-1,Temperature,CURRENT,°C,22.519931640624996
2026-08-05T00:20:00+00:00,22411189-2,RH,CURRENT,%,64.69062333104448
2026-08-05T00:20:00+00:00,22411189-3,Dew Point,CURRENT,°C,15.557780402656126
2026-08-05T00:20:00+00:00,22411190-1,Temperature,CURRENT,°C,22.798784179687495
2026-08-05T00:20:00+00:00,22411190-2,RH,CURRENT,%,62.447547112230104
2026-08-05T00:20:00+00:00,22411190-3,Dew Point,CURRENT,°C,15.270937607848484
2026-08-05T00:20:00+00:00,22411191-1,Temperature,CURRENT,°C,23.141987304687497
2026-08-05T00:20:00+00:00,22411191-2,RH,CURRENT,%,61.48928053711757
2026-08-05T00:20:00+00:00,22411191-3,Dew Point,CURRENT,°C,15.353559031971
2026-08-05T00:20:00+00:00,22411525-1,Temperature,CURRENT,°C,23.227788085937497
2026-08-05T00:20:00+00:00,22411525-2,RH,CURRENT,%,60.20752269779507
2026-08-05T00:20:00+00:00,22411525-3,Dew Point,CURRENT,°C,15.106031739371332
2026-08-05T00:20:00+00:00,22411526-1,Temperature,CURRENT,°C,21.490322265625004
2026-08-05T00:20:00+00:00,22411526-2,RH,CURRENT,%,68.78309300373846
2026-08-05T00:20:00+00:00,22411526-3,Dew Point,CURRENT,°C,15.535749411826906
2026-08-05T00:20:00+00:00,22411527-1,Temperature,CURRENT,°C,23.335039062499995
2026-08-05T00:20:00+00:00,22411527-2,RH,CURRENT,%,60.17242694743267
2026-08-05T00:20:00+00:00,22411527-3,Dew Point,CURRENT,°C,15.197759358388348
2026-08-05T00:20:00+00:00,22411528-1,Temperature,CURRENT,°C,20.589414062500005
2026-08-05T00:20:00+00:00,22411528-2,RH,CURRENT,%,75.78698405432212
2026-08-05T00:20:00+00:00,22411528-3,Dew Point,CURRENT,°C,16.188061690288414
2026-08-05T00:20:00+00:00,22411529-1,Temperature,CURRENT,°C,20.546513671874997
2026-08-05T00:20:00+00:00,22411529-2,RH,CURRENT,%,82.23392080567636
2026-08-05T00:20:00+00:00,22411529-3,Dew Point,CURRENT,°C,17.434587603989815
2026-08-05T00:20:00+00:00,22411530-1,Temperature,CURRENT,°C,22.927485351562503
2026-08-05T00:20:00+00:00,22411530-2,RH,CURRENT,%,61.82345311665522
2026-08-05T00:20:00+00:00,22411530-3,Dew Point,CURRENT,°C,15.235838184916588
2026-08-05T00:21:00+00:00,22411541-S,Battery,CURRENT,V,8.35462353515625
2026-08-05T00:25:00+00:00,22411189-1,Temperature,CURRENT,°C,21.704824218749998
2026-08-05T00:25:00+00:00,22411189-2,RH,CURRENT,%,68.38788433661402
2026-08-05T00:25:00+00:00,22411189-3,Dew Point,CURRENT,°C,15.650654268921533
2026-08-05T00:25:00+00:00,22411190-1,Temperature,CURRENT,°C,22.176728515624994
2026-08-05T00:25:00+00:00,22411190-2,RH,CURRENT,%,65.6641489280537
2026-08-05T00:25:00+00:00,22411190-3,Dew Point,CURRENT,°C,15.465237943830328
2026-08-05T00:25:00+00:00,22411191-1,Temperature,CURRENT,°C,22.777333984374998
2026-08-05T00:25:00+00:00,22411191-2,RH,CURRENT,%,65.46730754558632
2026-08-05T00:25:00+00:00,22411191-3,Dew Point,CURRENT,°C,15.988885497936792
2026-08-05T00:25:00+00:00,22411525-1,Temperature,CURRENT,°C,22.884584960937495
2026-08-05T00:25:00+00:00,22411525-2,RH,CURRENT,%,64.02227817196918
2026-08-05T00:25:00+00:00,22411525-3,Dew Point,CURRENT,°C,15.741036341336352
2026-08-05T00:25:00+00:00,22411526-1,Temperature,CURRENT,°C,20.846816406249992
2026-08-05T00:25:00+00:00,22411526-2,RH,CURRENT,%,71.18486305027848
2026-08-05T00:25:00+00:00,22411526-3,Dew Point,CURRENT,°C,15.455294004989883
2026-08-05T00:25:00+00:00,22411527-1,Temperature,CURRENT,°C,23.013286132812503
2026-08-05T00:25:00+00:00,22411527-2,RH,CURRENT,%,63.825436789501794
2026-08-05T00:25:00+00:00,22411527-3,Dew Point,CURRENT,°C,15.814721412307346
2026-08-05T00:25:00+00:00,22411528-1,Temperature,CURRENT,°C,20.117509765624995
2026-08-05T00:25:00+00:00,22411528-2,RH,CURRENT,%,76.41870756084535
2026-08-05T00:25:00+00:00,22411528-3,Dew Point,CURRENT,°C,15.861402888080505
2026-08-05T00:25:00+00:00,22411529-1,Temperature,CURRENT,°C,20.010258789062497
2026-08-05T00:25:00+00:00,22411529-2,RH,CURRENT,%,83.82085908293278
2026-08-05T00:25:00+00:00,22411529-3,Dew Point,CURRENT,°C,17.21264574348327
2026-08-05T00:25:00+00:00,22411530-1,Temperature,CURRENT,°C,22.519931640624996
2026-08-05T00:25:00+00:00,22411530-2,RH,CURRENT,%,65.79690241855496
2026-08-05T00:25:00+00:00,22411530-3,Dew Point,CURRENT,°C,15.822992260835838
2026-08-05T00:26:00+00:00,22411541-S,Battery,CURRENT,V,8.35462353515625
2026-08-05T00:30:00+00:00,22411189-1,Temperature,CURRENT,°C,21.061318359375
2026-08-05T00:30:00+00:00,22411189-2,RH,CURRENT,%,72.7519645990692
2026-08-05T00:30:00+00:00,22411189-3,Dew Point,CURRENT,°C,16.00218989537628
2026-08-05T00:30:00+00:00,22411190-1,Temperature,CURRENT,°C,21.619023437499997
2026-08-05T00:30:00+00:00,22411190-2,RH,CURRENT,%,67.77447165636683
2026-08-05T00:30:00+00:00,22411190-3,Dew Point,CURRENT,°C,15.427988818154724
2026-08-05T00:30:00+00:00,22411191-1,Temperature,CURRENT,°C,22.562832031250004
2026-08-05T00:30:00+00:00,22411191-2,RH,CURRENT,%,64.52429999237049
2026-08-05T00:30:00+00:00,22411191-3,Dew Point,CURRENT,°C,15.558241342347973
2026-08-05T00:30:00+00:00,22411525-1,Temperature,CURRENT,°C,22.734433593750005
2026-08-05T00:30:00+00:00,22411525-2,RH,CURRENT,%,62.282749675745784
2026-08-05T00:30:00+00:00,22411525-3,Dew Point,CURRENT,°C,15.169003253252475
2026-08-05T00:30:00+00:00,22411526-1,Temperature,CURRENT,°C,20.246210937500003
2026-08-05T00:30:00+00:00,22411526-2,RH,CURRENT,%,75.88006408789197
2026-08-05T00:30:00+00:00,22411526-3,Dew Point,CURRENT,°C,15.87521574955758
2026-08-05T00:30:00+00:00,22411527-1,Temperature,CURRENT,°C,22.884584960937495
2026-08-05T00:30:00+00:00,22411527-2,RH,CURRENT,%,62.0157167925536
2026-08-05T00:30:00+00:00,22411527-3,Dew Point,CURRENT,°C,15.24376291977848
2026-08-05T00:30:00+00:00,22411528-1,Temperature,CURRENT,°C,19.64560546875
2026-08-05T00:30:00+00:00,22411528-2,RH,CURRENT,%,80.72327763790341
2026-08-05T00:30:00+00:00,22411528-3,Dew Point,CURRENT,°C,16.262373718866442
2026-08-05T00:30:00+00:00,22411529-1,Temperature,CURRENT,°C,19.60270507812499
2026-08-05T00:30:00+00:00,22411529-2,RH,CURRENT,%,86.91996643015183
2026-08-05T00:30:00+00:00,22411529-3,Dew Point,CURRENT,°C,17.387520763683156
2026-08-05T00:30:00+00:00,22411530-1,Temperature,CURRENT,°C,22.198178710937505
2026-08-05T00:30:00+00:00,22411530-2,RH,CURRENT,%,65.78469520103761
2026-08-05T00:30:00+00:00,22411530-3,Dew Point,CURRENT,°C,15.514265938522247
2026-08-05T00:31:00+00:00,22411541-S,Battery,CURRENT,V,8.348162109375
2026-08-05T00:35:00+00:00,22411189-1,Temperature,CURRENT,°C,20.3534619140625
2026-08-05T00:35:00+00:00,22411189-2,RH,CURRENT,%,76.62623025864042
2026-08-05T00:35:00+00:00,22411189-3,Dew Point,CURRENT,°C,16.132498494824624
2026-08-05T00:35:00+00:00,22411190-1,Temperature,CURRENT,°C,21.082768554687497
2026-08-05T00:35:00+00:00,22411190-2,RH,CURRENT,%,71.45647364003968
2026-08-05T00:35:00+00:00,22411190-3,Dew Point,CURRENT,°C,15.741389117228126
2026-08-05T00:35:00+00:00,22411191-1,Temperature,CURRENT,°C,22.241079101562498
2026-08-05T00:35:00+00:00,22411191-2,RH,CURRENT,%,67.93469138628214
2026-08-05T00:35:00+00:00,22411191-3,Dew Point,CURRENT,°C,16.058504580313272
2026-08-05T00:35:00+00:00,22411525-1,Temperature,CURRENT,°C,22.4984814453125
2026-08-05T00:35:00+00:00,22411525-2,RH,CURRENT,%,65.44136720836194
2026-08-05T00:35:00+00:00,22411525-3,Dew Point,CURRENT,°C,15.717813386243803
2026-08-05T00:35:00+00:00,22411526-1,Temperature,CURRENT,°C,19.516904296875005
2026-08-05T00:35:00+00:00,22411526-2,RH,CURRENT,%,79.82604715037766
2026-08-05T00:35:00+00:00,22411526-3,Dew Point,CURRENT,°C,15.961545657829312
2026-08-05T00:35:00+00:00,22411527-1,Temperature,CURRENT,°C,22.691533203124997
2026-08-05T00:35:00+00:00,22411527-2,RH,CURRENT,%,63.654535744258794
2026-08-05T00:35:00+00:00,22411527-3,Dew Point,CURRENT,°C,15.468200790066126
2026-08-05T00:35:00+00:00,22411528-1,Temperature,CURRENT,°C,18.980649414062505
2026-08-05T00:35:00+00:00,22411528-2,RH,CURRENT,%,84.68146791790646
2026-08-05T00:35:00+00:00,22411528-3,Dew Point,CURRENT,°C,16.364348485799916
2026-08-05T00:35:00+00:00,22411529-1,Temperature,CURRENT,°C,19.173701171875003
2026-08-05T00:35:00+00:00,22411529-2,RH,CURRENT,%,86.99473563744564
2026-08-05T00:35:00+00:00,22411529-3,Dew Point,CURRENT,°C,16.97886498131134
2026-08-05T00:35:00+00:00,22411530-1,Temperature,CURRENT,°C,21.790625
2026-08-05T00:35:00+00:00,22411530-2,RH,CURRENT,%,68.89295796139467
2026-08-05T00:35:00+00:00,22411530-3,Dew Point,CURRENT,°C,15.847787422083872
2026-08-05T00:36:00+00:00,22411541-S,Battery,CURRENT,V,8.344931396484375
2026-08-05T00:40:00+00:00,22411189-1,Temperature,CURRENT,°C,19.9030078125
2026-08-05T00:40:00+00:00,22411189-2,RH,CURRENT,%,78.41000991836424
2026-08-05T00:40:00+00:00,22411189-3,Dew Point,CURRENT,°C,16.056500845687655
2026-08-05T00:40:00+00:00,22411190-1,Temperature,CURRENT,°C,20.503613281250004
2026-08-05T00:40:00+00:00,22411190-2,RH,CURRENT,%,73.9879453727016
2026-08-05T00:40:00+00:00,22411190-3,Dew Point,CURRENT,°C,15.728614997183037
2026-08-05T00:40:00+00:00,22411191-1,Temperature,CURRENT,°C,21.919326171874992
2026-08-05T00:40:00+00:00,22411191-2,RH,CURRENT,%,70.33340962844282
2026-08-05T00:40:00+00:00,22411191-3,Dew Point,CURRENT,°C,16.295612200123973
2026-08-05T00:40:00+00:00,22411525-1,Temperature,CURRENT,°C,22.176728515624994
2026-08-05T00:40:00+00:00,22411525-2,RH,CURRENT,%,68.77698939497978
2026-08-05T00:40:00+00:00,22411525-3,Dew Point,CURRENT,°C,16.19044063909599
2026-08-05T00:40:00+00:00,22411526-1,Temperature,CURRENT,°C,18.980649414062505
2026-08-05T00:40:00+00:00,22411526-2,RH,CURRENT,%,81.80209048599984
2026-08-05T00:40:00+00:00,22411526-3,Dew Point,CURRENT,°C,15.821553474640792
2026-08-05T00:40:00+00:00,22411527-1,Temperature,CURRENT,°C,22.455581054687492
2026-08-05T00:40:00+00:00,22411527-2,RH,CURRENT,%,66.76890211337454
2026-08-05T00:40:00+00:00,22411527-3,Dew Point,CURRENT,°C,15.991531680881087
2026-08-05T00:40:00+00:00,22411528-1,Temperature,CURRENT,°C,18.53019531249999
2026-08-05T00:40:00+00:00,22411528-2,RH,CURRENT,%,86.55069810025178
2026-08-05T00:40:00+00:00,22411528-3,Dew Point,CURRENT,°C,16.264986760562753
2026-08-05T00:40:00+00:00,22411529-1,Temperature,CURRENT,°C,18.809047851562504
2026-08-05T00:40:00+00:00,22411529-2,RH,CURRENT,%,88.10559243152514
2026-08-05T00:40:00+00:00,22411529-3,Dew Point,CURRENT,°C,16.81998421829369
2026-08-05T00:40:00+00:00,22411530-1,Temperature,CURRENT,°C,21.554672851562493
2026-08-05T00:40:00+00:00,22411530-2,RH,CURRENT,%,70.33493553063249
2026-08-05T00:40:00+00:00,22411530-3,Dew Point,CURRENT,°C,15.946439833662598
2026-08-05T00:41:00+00:00,22411541-S,Battery,CURRENT,V,8.344931396484375
2026-08-05T00:45:00+00:00,22411189-1,Temperature,CURRENT,°C,19.581254882812495
2026-08-05T00:45:00+00:00,22411189-2,RH,CURRENT,%,80.10833905546654
2026-08-05T00:45:00+00:00,22411189-3,Dew Point,CURRENT,°C,16.079587331531304
2026-08-05T00:45:00+00:00,22411190-1,Temperature,CURRENT,°C,20.096059570312498
2026-08-05T00:45:00+00:00,22411190-2,RH,CURRENT,%,75.99755855649653
2026-08-05T00:45:00+00:00,22411190-3,Dew Point,CURRENT,°C,15.7541177680104
2026-08-05T00:45:00+00:00,22411191-1,Temperature,CURRENT,°C,21.5975732421875
2026-08-05T00:45:00+00:00,22411191-2,RH,CURRENT,%,74.43961242084383
2026-08-05T00:45:00+00:00,22411191-3,Dew Point,CURRENT,°C,16.87990586995163
2026-08-05T00:45:00+00:00,22411525-1,Temperature,CURRENT,°C,21.919326171874992
2026-08-05T00:45:00+00:00,22411525-2,RH,CURRENT,%,70.66910811017014
2026-08-05T00:45:00+00:00,22411525-3,Dew Point,CURRENT,°C,16.37046540598725
2026-08-05T00:45:00+00:00,22411526-1,Temperature,CURRENT,°C,18.658896484375
2026-08-05T00:45:00+00:00,22411526-2,RH,CURRENT,%,83.56145571068895
2026-08-05T00:45:00+00:00,22411526-3,Dew Point,CURRENT,°C,15.840012133585917
2026-08-05T00:45:00+00:00,22411527-1,Temperature,CURRENT,°C,22.28397949218749
2026-08-05T00:45:00+00:00,22411527-2,RH,CURRENT,%,67.20225833524071
2026-08-05T00:45:00+00:00,22411527-3,Dew Point,CURRENT,°C,15.929464889190209
2026-08-05T00:45:00+00:00,22411528-1,Temperature,CURRENT,°C,18.315693359374997
2026-08-05T00:45:00+00:00,22411528-2,RH,CURRENT,%,87.5898374914168
2026-08-05T00:45:00+00:00,22411528-3,Dew Point,CURRENT,°C,16.241304282293598
2026-08-05T00:45:00+00:00,22411529-1,Temperature,CURRENT,°C,18.594545898437495
2026-08-05T00:45:00+00:00,22411529-2,RH,CURRENT,%,90.56839856565195
2026-08-05T00:45:00+00:00,22411529-3,Dew Point,CURRENT,°C,17.04357735159392
2026-08-05T00:45:00+00:00,22411530-1,Temperature,CURRENT,°C,21.275820312499995
2026-08-05T00:45:00+00:00,22411530-2,RH,CURRENT,%,73.22346837567711
2026-08-05T00:45:00+00:00,22411530-3,Dew Point,CURRENT,°C,16.310160029825933
2026-08-05T00:46:00+00:00,22411541-S,Battery,CURRENT,V,8.348162109375
2026-08-05T00:50:00+00:00,22411189-1,Temperature,CURRENT,°C,19.3667529296875
2026-08-05T00:50:00+00:00,22411189-2,RH,CURRENT,%,81.32295719844358
2026-08-05T00:50:00+00:00,22411189-3,Dew Point,CURRENT,°C,16.106514262940568
2026-08-05T00:50:00+00:00,22411190-1,Temperature,CURRENT,°C,19.838657226562496
2026-08-05T00:50:00+00:00,22411190-2,RH,CURRENT,%,77.23353933012893
2026-08-05T00:50:00+00:00,22411190-3,Dew Point,CURRENT,°C,15.757172066306689
2026-08-05T00:50:00+00:00,22411191-1,Temperature,CURRENT,°C,21.468872070312493
2026-08-05T00:50:00+00:00,22411191-2,RH,CURRENT,%,71.4656290531777
2026-08-05T00:50:00+00:00,22411191-3,Dew Point,CURRENT,°C,16.114225175687853
2026-08-05T00:50:00+00:00,22411525-1,Temperature,CURRENT,°C,21.854975585937503
2026-08-05T00:50:00+00:00,22411525-2,RH,CURRENT,%,68.21087968261234
2026-08-05T00:50:00+00:00,22411525-3,Dew Point,CURRENT,°C,15.753510867301074
2026-08-05T00:50:00+00:00,22411526-1,Temperature,CURRENT,°C,18.422944335937494
2026-08-05T00:50:00+00:00,22411526-2,RH,CURRENT,%,84.60975051499199
2026-08-05T00:50:00+00:00,22411526-3,Dew Point,CURRENT,°C,15.803914925149183
2026-08-05T00:50:00+00:00,22411527-1,Temperature,CURRENT,°C,22.176728515624994
2026-08-05T00:50:00+00:00,22411527-2,RH,CURRENT,%,66.56290531776914
2026-08-05T00:50:00+00:00,22411527-3,Dew Point,CURRENT,°C,15.677663827964423
2026-08-05T00:50:00+00:00,22411528-1,Temperature,CURRENT,°C,18.2084423828125
2026-08-05T00:50:00+00:00,22411528-2,RH,CURRENT,%,87.62645914396887
2026-08-05T00:50:00+00:00,22411528-3,Dew Point,CURRENT,°C,16.14219696939767
2026-08-05T00:50:00+00:00,22411529-1,Temperature,CURRENT,°C,18.358593750000004
2026-08-05T00:50:00+00:00,22411529-2,RH,CURRENT,%,90.16708628976883
2026-08-05T00:50:00+00:00,22411529-3,Dew Point,CURRENT,°C,16.74008970387043
2026-08-05T00:50:00+00:00,22411530-1,Temperature,CURRENT,°C,20.975517578125
2026-08-05T00:50:00+00:00,22411530-2,RH,CURRENT,%,72.72297245746547
2026-08-05T00:50:00+00:00,22411530-3,Dew Point,CURRENT,°C,15.913352413445601
2026-08-05T00:51:00+00:00,22411541-S,Battery,CURRENT,V,8.338469970703125
2026-08-05T00:55:00+00:00,22411189-1,Temperature,CURRENT,°C,19.2809521484375
2026-08-05T00:55:00+00:00,22411189-2,RH,CURRENT,%,80.38452735179675
2026-08-05T00:55:00+00:00,22411189-3,Dew Point,CURRENT,°C,15.840876864329228
2026-08-05T00:55:00+00:00,22411190-1,Temperature,CURRENT,°C,19.68850585937499
2026-08-05T00:55:00+00:00,22411190-2,RH,CURRENT,%,76.43701838712138
2026-08-05T00:55:00+00:00,22411190-3,Dew Point,CURRENT,°C,15.449601077732721
2026-08-05T00:55:00+00:00,22411191-1,Temperature,CURRENT,°C,21.74772460937499
2026-08-05T00:55:00+00:00,22411191-2,RH,CURRENT,%,68.24750133516442
2026-08-05T00:55:00+00:00,22411191-3,Dew Point,CURRENT,°C,15.659495496717826
2026-08-05T00:55:00+00:00,22411525-1,Temperature,CURRENT,°C,22.026577148437504
2026-08-05T00:55:00+00:00,22411525-2,RH,CURRENT,%,65.53292133974212
2026-08-05T00:55:00+00:00,22411525-3,Dew Point,CURRENT,°C,15.29135218860258
2026-08-05T00:55:00+00:00,22411526-1,Temperature,CURRENT,°C,18.251342773437493
2026-08-05T00:55:00+00:00,22411526-2,RH,CURRENT,%,84.16113527122911
2026-08-05T00:55:00+00:00,22411526-3,Dew Point,CURRENT,°C,15.55248065545709
2026-08-05T00:55:00+00:00,22411527-1,Temperature,CURRENT,°C,22.241079101562498
2026-08-05T00:55:00+00:00,22411527-2,RH,CURRENT,%,65.02784771496147
2026-08-05T00:55:00+00:00,22411527-3,Dew Point,CURRENT,°C,15.374377089956392
2026-08-05T00:55:00+00:00,22411528-1,Temperature,CURRENT,°C,18.1226416015625
2026-08-05T00:55:00+00:00,22411528-2,RH,CURRENT,%,87.9972533760586
2026-08-05T00:55:00+00:00,22411528-3,Dew Point,CURRENT,°C,16.123910722832022
2026-08-05T00:55:00+00:00,22411529-1,Temperature,CURRENT,°C,18.229892578124996
2026-08-05T00:55:00+00:00,22411529-2,RH,CURRENT,%,92.15228503852903
2026-08-05T00:55:00+00:00,22411529-3,Dew Point,CURRENT,°C,16.956403666261465
2026-08-05T00:55:00+00:00,22411530-1,Temperature,CURRENT,°C,21.168569335937498
2026-08-05T00:55:00+00:00,22411530-2,RH,CURRENT,%,69.51400015259021
2026-08-05T00:55:00+00:00,22411530-3,Dew Point,CURRENT,°C,15.393012356284853
2026-08-05T00:56:00+00:00,22411541-S,Battery,CURRENT,V,8.332008544921875
2026-08-05T01:00:00+00:00,22411189-1,Temperature,CURRENT,°C,19.2809521484375
2026-08-05T01:00:00+00:00,22411189-2,RH,CURRENT,%,79.53612573434043
2026-08-05T01:00:00+00:00,22411189-3,Dew Point,CURRENT,°C,15.674834407311575
2026-08-05T01:00:00+00:00,22411190-1,Temperature,CURRENT,°C,19.60270507812499
2026-08-05T01:00:00+00:00,22411190-2,RH,CURRENT,%,75.893797207599
2026-08-05T01:00:00+00:00,22411190-3,Dew Point,CURRENT,°C,15.255269284643415
2026-08-05T01:00:00+00:00,22411191-1,Temperature,CURRENT,°C,21.661923828125005
2026-08-05T01:00:00+00:00,22411191-2,RH,CURRENT,%,68.374151216907
2026-08-05T01:00:00+00:00,22411191-3,Dew Point,CURRENT,°C,15.6065379083246
2026-08-05T01:00:00+00:00,22411525-1,Temperature,CURRENT,°C,22.005126953124993
2026-08-05T01:00:00+00:00,22411525-2,RH,CURRENT,%,65.59548332951857
2026-08-05T01:00:00+00:00,22411525-3,Dew Point,CURRENT,°C,15.28584838675703
2026-08-05T01:00:00+00:00,22411526-1,Temperature,CURRENT,°C,18.251342773437493
2026-08-05T01:00:00+00:00,22411526-2,RH,CURRENT,%,83.6942092011902
2026-08-05T01:00:00+00:00,22411526-3,Dew Point,CURRENT,°C,15.46558878828999
2026-08-05T01:00:00+00:00,22411527-1,Temperature,CURRENT,°C,22.241079101562498
2026-08-05T01:00:00+00:00,22411527-2,RH,CURRENT,%,64.92408636606393
2026-08-05T01:00:00+00:00,22411527-3,Dew Point,CURRENT,°C,15.3494648240201
2026-08-05T01:00:00+00:00,22411528-1,Temperature,CURRENT,°C,18.101191406250003
2026-08-05T01:00:00+00:00,22411528-2,RH,CURRENT,%,86.71396963454643
2026-08-05T01:00:00+00:00,22411528-3,Dew Point,CURRENT,°C,15.872453613824906
2026-08-05T01:00:00+00:00,22411529-1,Temperature,CURRENT,°C,17.886689453124994
2026-08-05T01:00:00+00:00,22411529-2,RH,CURRENT,%,90.72556649118792
2026-08-05T01:00:00+00:00,22411529-3,Dew Point,CURRENT,°C,16.370531847962624
2026-08-05T01:00:00+00:00,22411530-1,Temperature,CURRENT,°C,21.082768554687497
2026-08-05T01:00:00+00:00,22411530-2,RH,CURRENT,%,70.5760280766003
2026-08-05T01:00:00+00:00,22411530-3,Dew Point,CURRENT,°C,15.54754626121457
2026-08-05T01:01:00+00:00,22411541-S,Battery,CURRENT,V,8.338469970703125
2026-08-05T01:05:00+00:00,22411189-1,Temperature,CURRENT,°C,19.087900390625002
2026-08-05T01:05:00+00:00,22411189-2,RH,CURRENT,%,79.95880064087892
2026-08-05T01:05:00+00:00,22411189-3,Dew Point,CURRENT,°C,15.569691947526048
2026-08-05T01:05:00+00:00,22411190-1,Temperature,CURRENT,°C,19.474003906249997
2026-08-05T01:05:00+00:00,22411190-2,RH,CURRENT,%,76.14099336232547
2026-08-05T01:05:00+00:00,22411190-3,Dew Point,CURRENT,°C,15.181353524031174
2026-08-05T01:05:00+00:00,22411191-1,Temperature,CURRENT,°C,21.619023437499997
2026-08-05T01:05:00+00:00,22411191-2,RH,CURRENT,%,68.2383459220264
2026-08-05T01:05:00+00:00,22411191-3,Dew Point,CURRENT,°C,15.534499176014373
2026-08-05T01:05:00+00:00,22411525-1,Temperature,CURRENT,°C,21.940776367187503
2026-08-05T01:05:00+00:00,22411525-2,RH,CURRENT,%,65.59548332951857
2026-08-05T01:05:00+00:00,22411525-3,Dew Point,CURRENT,°C,15.224701136104782
2026-08-05T01:05:00+00:00,22411526-1,Temperature,CURRENT,°C,18.2084423828125
2026-08-05T01:05:00+00:00,22411526-2,RH,CURRENT,%,83.17235065232319
2026-08-05T01:05:00+00:00,22411526-3,Dew Point,CURRENT,°C,15.32597171636376
2026-08-05T01:05:00+00:00,22411527-1,Temperature,CURRENT,°C,22.155278320312497
2026-08-05T01:05:00+00:00,22411527-2,RH,CURRENT,%,65.09346150911726
2026-08-05T01:05:00+00:00,22411527-3,Dew Point,CURRENT,°C,15.308663676615803
2026-08-05T01:05:00+00:00,22411528-1,Temperature,CURRENT,°C,17.972490234374995
2026-08-05T01:05:00+00:00,22411528-2,RH,CURRENT,%,86.38590066376746
2026-08-05T01:05:00+00:00,22411528-3,Dew Point,CURRENT,°C,15.686508273847181
2026-08-05T01:05:00+00:00,22411529-1,Temperature,CURRENT,°C,17.607836914062496
2026-08-05T01:05:00+00:00,22411529-2,RH,CURRENT,%,90.99565117875945
2026-08-05T01:05:00+00:00,22411529-3,Dew Point,CURRENT,°C,16.141236928401035
2026-08-05T01:05:00+00:00,22411530-1,Temperature,CURRENT,°C,21.018417968749993
2026-08-05T01:05:00+00:00,22411530-2,RH,CURRENT,%,69.78561074235141
2026-08-05T01:05:00+00:00,22411530-3,Dew Point,CURRENT,°C,15.310083779804005
2026-08-05T01:06:00+00:00,22411541-S,Battery,CURRENT,V,8.3352392578125
2026-08-05T01:10:00+00:00,22411189-1,Temperature,CURRENT,°C,18.830498046875
2026-08-05T01:10:00+00:00,22411189-2,RH,CURRENT,%,81.3214312962539
2026-08-05T01:10:00+00:00,22411189-3,Dew Point,CURRENT,°C,15.582740441679526
2026-08-05T01:10:00+00:00,22411190-1,Temperature,CURRENT,°C,19.2809521484375
2026-08-05T01:10:00+00:00,22411190-2,RH,CURRENT,%,77.05195696955825
2026-08-05T01:10:00+00:00,22411190-3,Dew Point,CURRENT,°C,15.179563614548654
2026-08-05T01:10:00+00:00,22411191-1,Temperature,CURRENT,°C,21.361621093749996
2026-08-05T01:10:00+00:00,22411191-2,RH,CURRENT,%,69.28511482413977
2026-08-05T01:10:00+00:00,22411191-3,Dew Point,CURRENT,°C,15.526267527583366
2026-08-05T01:10:00+00:00,22411525-1,Temperature,CURRENT,°C,21.812075195312495
2026-08-05T01:10:00+00:00,22411525-2,RH,CURRENT,%,66.45761806668193
2026-08-05T01:10:00+00:00,22411525-3,Dew Point,CURRENT,°C,15.30585119821022
2026-08-05T01:10:00+00:00,22411526-1,Temperature,CURRENT,°C,18.0368408203125
2026-08-05T01:10:00+00:00,22411526-2,RH,CURRENT,%,84.08331425955596
2026-08-05T01:10:00+00:00,22411526-3,Dew Point,CURRENT,°C,15.327752871477369
2026-08-05T01:10:00+00:00,22411527-1,Temperature,CURRENT,°C,22.090927734374993
2026-08-05T01:10:00+00:00,22411527-2,RH,CURRENT,%,65.61837186236362
2026-08-05T01:10:00+00:00,22411527-3,Dew Point,CURRENT,°C,15.372819677518123
2026-08-05T01:10:00+00:00,22411528-1,Temperature,CURRENT,°C,17.779438476562497
2026-08-05T01:10:00+00:00,22411528-2,RH,CURRENT,%,87.47386892500191
2026-08-05T01:10:00+00:00,22411528-3,Dew Point,CURRENT,°C,15.692230172938084
2026-08-05T01:10:00+00:00,22411529-1,Temperature,CURRENT,°C,17.350434570312494
2026-08-05T01:10:00+00:00,22411529-2,RH,CURRENT,%,92.4956130312047
2026-08-05T01:10:00+00:00,22411529-3,Dew Point,CURRENT,°C,16.142795093457675
2026-08-05T01:10:00+00:00,22411530-1,Temperature,CURRENT,°C,20.67521484374999
2026-08-05T01:10:00+00:00,22411530-2,RH,CURRENT,%,71.34203097581445
2026-08-05T01:10:00+00:00,22411530-3,Dew Point,CURRENT,°C,15.324937124662679
2026-08-05T01:11:00+00:00,22411541-S,Battery,CURRENT,V,8.338469970703125
2026-08-05T01:15:00+00:00,22411189-1,Temperature,CURRENT,°C,18.53019531249999
2026-08-05T01:15:00+00:00,22411189-2,RH,CURRENT,%,83.83154039826047
2026-08-05T01:15:00+00:00,22411189-3,Dew Point,CURRENT,°C,15.764440162996767
2026-08-05T01:15:00+00:00,22411190-1,Temperature,CURRENT,°C,19.1951513671875
2026-08-05T01:15:00+00:00,22411190-2,RH,CURRENT,%,78.17196917677578
2026-08-05T01:15:00+00:00,22411190-3,Dew Point,CURRENT,°C,15.321220388192733
2026-08-05T01:15:00+00:00,22411191-1,Temperature,CURRENT,°C,20.996967773437497
2026-08-05T01:15:00+00:00,22411191-2,RH,CURRENT,%,70.19150072480355
2026-08-05T01:15:00+00:00,22411191-3,Dew Point,CURRENT,°C,15.379993807740885
2026-08-05T01:15:00+00:00,22411525-1,Temperature,CURRENT,°C,21.404521484375003
2026-08-05T01:15:00+00:00,22411525-2,RH,CURRENT,%,67.22209506370642
2026-08-05T01:15:00+00:00,22411525-3,Dew Point,CURRENT,°C,15.095861836122454
2026-08-05T01:15:00+00:00,22411526-1,Temperature,CURRENT,°C,17.822338867187504
2026-08-05T01:15:00+00:00,22411526-2,RH,CURRENT,%,85.9510185397116
2026-08-05T01:15:00+00:00,22411526-3,Dew Point,CURRENT,°C,15.460003244021829
2026-08-05T01:15:00+00:00,22411527-1,Temperature,CURRENT,°C,21.726274414062495
2026-08-05T01:15:00+00:00,22411527-2,RH,CURRENT,%,66.19516289005875
2026-08-05T01:15:00+00:00,22411527-3,Dew Point,CURRENT,°C,15.162538661978255
2026-08-05T01:15:00+00:00,22411528-1,Temperature,CURRENT,°C,17.629287109374992
2026-08-05T01:15:00+00:00,22411528-2,RH,CURRENT,%,88.6198214694438
2026-08-05T01:15:00+00:00,22411528-3,Dew Point,CURRENT,°C,15.747812799292246
2026-08-05T01:15:00+00:00,22411529-1,Temperature,CURRENT,°C,17.2217333984375
2026-08-05T01:15:00+00:00,22411529-2,RH,CURRENT,%,93.51338979171435
2026-08-05T01:15:00+00:00,22411529-3,Dew Point,CURRENT,°C,16.186847064086383
2026-08-05T01:15:00+00:00,22411530-1,Temperature,CURRENT,°C,20.3534619140625
2026-08-05T01:15:00+00:00,22411530-2,RH,CURRENT,%,72.29724574654765
2026-08-05T01:15:00+00:00,22411530-3,Dew Point,CURRENT,°C,15.223030302846126
2026-08-05T01:16:00+00:00,22411541-S,Battery,CURRENT,V,8.3352392578125
2026-08-05T01:20:00+00:00,22411189-1,Temperature,CURRENT,°C,18.1226416015625
2026-08-05T01:20:00+00:00,22411189-2,RH,CURRENT,%,86.66361486228733
2026-08-05T01:20:00+00:00,22411189-3,Dew Point,CURRENT,°C,15.884461846980267
2026-08-05T01:20:00+00:00,22411190-1,Temperature,CURRENT,°C,18.959199218749994
2026-08-05T01:20:00+00:00,22411190-2,RH,CURRENT,%,80.60730907148852
2026-08-05T01:20:00+00:00,22411190-3,Dew Point,CURRENT,°C,15.570478253200076
2026-08-05T01:20:00+00:00,22411191-1,Temperature,CURRENT,°C,20.589414062500005
2026-08-05T01:20:00+00:00,22411191-2,RH,CURRENT,%,73.11665522240024
2026-08-05T01:20:00+00:00,22411191-3,Dew Point,CURRENT,°C,15.626063614708565
2026-08-05T01:20:00+00:00,22411525-1,Temperature,CURRENT,°C,21.018417968749993
2026-08-05T01:20:00+00:00,22411525-2,RH,CURRENT,%,69.5597772182803
2026-08-05T01:20:00+00:00,22411525-3,Dew Point,CURRENT,°C,15.259548836927094
2026-08-05T01:20:00+00:00,22411526-1,Temperature,CURRENT,°C,17.564936523437503
2026-08-05T01:20:00+00:00,22411526-2,RH,CURRENT,%,87.91485465781643
2026-08-05T01:20:00+00:00,22411526-3,Dew Point,CURRENT,°C,15.559466093636704
2026-08-05T01:20:00+00:00,22411527-1,Temperature,CURRENT,°C,21.4259716796875
2026-08-05T01:20:00+00:00,22411527-2,RH,CURRENT,%,67.88891432059205
2026-08-05T01:20:00+00:00,22411527-3,Dew Point,CURRENT,°C,15.27008879236594
2026-08-05T01:20:00+00:00,22411528-1,Temperature,CURRENT,°C,17.45768554687499
2026-08-05T01:20:00+00:00,22411528-2,RH,CURRENT,%,90.08773937590601
2026-08-05T01:20:00+00:00,22411528-3,Dew Point,CURRENT,°C,15.83547886923577
2026-08-05T01:20:00+00:00,22411529-1,Temperature,CURRENT,°C,17.2217333984375
2026-08-05T01:20:00+00:00,22411529-2,RH,CURRENT,%,94.5067521171893
2026-08-05T01:20:00+00:00,22411529-3,Dew Point,CURRENT,°C,16.352873919297885
2026-08-05T01:20:00+00:00,22411530-1,Temperature,CURRENT,°C,19.924458007812497
2026-08-05T01:20:00+00:00,22411530-2,RH,CURRENT,%,75.86175326161593
2026-08-05T01:20:00+00:00,22411530-3,Dew Point,CURRENT,°C,15.560067873182197
2026-08-05T01:21:00+00:00,22411541-S,Battery,CURRENT,V,8.32231640625
2026-08-05T01:25:00+00:00,22411189-1,Temperature,CURRENT,°C,17.54348632812499
2026-08-05T01:25:00+00:00,22411189-2,RH,CURRENT,%,88.65949492637522
2026-08-05T01:25:00+00:00,22411189-3,Dew Point,CURRENT,°C,15.670151384835467
2026-08-05T01:25:00+00:00,22411190-1,Temperature,CURRENT,°C,18.3800439453125
2026-08-05T01:25:00+00:00,22411190-2,RH,CURRENT,%,83.29137102311742
2026-08-05T01:25:00+00:00,22411190-3,Dew Point,CURRENT,°C,15.516297188862836
2026-08-05T01:25:00+00:00,22411191-1,Temperature,CURRENT,°C,19.624155273437502
2026-08-05T01:25:00+00:00,22411191-2,RH,CURRENT,%,78.70756084534982
2026-08-05T01:25:00+00:00,22411191-3,Dew Point,CURRENT,°C,15.84483409147686
2026-08-05T01:25:00+00:00,22411525-1,Temperature,CURRENT,°C,20.053159179687505
2026-08-05T01:25:00+00:00,22411525-2,RH,CURRENT,%,74.77378500038148
2026-08-05T01:25:00+00:00,22411525-3,Dew Point,CURRENT,°C,15.458893208894292
2026-08-05T01:25:00+00:00,22411526-1,Temperature,CURRENT,°C,17.178833007812493
2026-08-05T01:25:00+00:00,22411526-2,RH,CURRENT,%,89.2835889219501
2026-08-05T01:25:00+00:00,22411526-3,Dew Point,CURRENT,°C,15.419750496620713
2026-08-05T01:25:00+00:00,22411527-1,Temperature,CURRENT,°C,20.546513671874997
2026-08-05T01:25:00+00:00,22411527-2,RH,CURRENT,%,71.68078126192111
2026-08-05T01:25:00+00:00,22411527-3,Dew Point,CURRENT,°C,15.275166056251432
2026-08-05T01:25:00+00:00,22411528-1,Temperature,CURRENT,°C,17.1359326171875
2026-08-05T01:25:00+00:00,22411528-2,RH,CURRENT,%,91.47631036850538
2026-08-05T01:25:00+00:00,22411528-3,Dew Point,CURRENT,°C,15.756490917098136
2026-08-05T01:25:00+00:00,22411529-1,Temperature,CURRENT,°C,17.071582031249996
2026-08-05T01:25:00+00:00,22411529-2,RH,CURRENT,%,93.852140077821
2026-08-05T01:25:00+00:00,22411529-3,Dew Point,CURRENT,°C,16.094424446518012
2026-08-05T01:25:00+00:00,22411530-1,Temperature,CURRENT,°C,19.1093505859375
2026-08-05T01:25:00+00:00,22411530-2,RH,CURRENT,%,80.58899824521248
2026-08-05T01:25:00+00:00,22411530-3,Dew Point,CURRENT,°C,15.713339836015496
2026-08-05T01:26:00+00:00,22411541-S,Battery,CURRENT,V,8.32231640625
2026-08-05T01:30:00+00:00,22411189-1,Temperature,CURRENT,°C,17.972490234374995
2026-08-05T01:30:00+00:00,22411189-2,RH,CURRENT,%,86.7154955367361
2026-08-05T01:30:00+00:00,22411189-3,Dew Point,CURRENT,°C,15.746082189798269
2026-08-05T01:30:00+00:00,22411190-1,Temperature,CURRENT,°C,18.573095703125
2026-08-05T01:30:00+00:00,22411190-2,RH,CURRENT,%,81.31837949187457
2026-08-05T01:30:00+00:00,22411190-3,Dew Point,CURRENT,°C,15.330875048442143
2026-08-05T01:30:00+00:00,22411191-1,Temperature,CURRENT,°C,19.624155273437502
2026-08-05T01:30:00+00:00,22411191-2,RH,CURRENT,%,77.54634927901121
2026-08-05T01:30:00+00:00,22411191-3,Dew Point,CURRENT,°C,15.612289545181344
2026-08-05T01:30:00+00:00,22411525-1,Temperature,CURRENT,°C,19.967358398437504
2026-08-05T01:30:00+00:00,22411525-2,RH,CURRENT,%,73.44625009536888
2026-08-05T01:30:00+00:00,22411525-3,Dew Point,CURRENT,°C,15.096831658835443
2026-08-05T01:30:00+00:00,22411526-1,Temperature,CURRENT,°C,17.2217333984375
2026-08-05T01:30:00+00:00,22411526-2,RH,CURRENT,%,90.22659647516595
2026-08-05T01:30:00+00:00,22411526-3,Dew Point,CURRENT,°C,15.626261204092287
2026-08-05T01:30:00+00:00,22411527-1,Temperature,CURRENT,°C,20.3534619140625
2026-08-05T01:30:00+00:00,22411527-2,RH,CURRENT,%,71.59838254367895
2026-08-05T01:30:00+00:00,22411527-3,Dew Point,CURRENT,°C,15.071753761995046
2026-08-05T01:30:00+00:00,22411528-1,Temperature,CURRENT,°C,17.200283203125004
2026-08-05T01:30:00+00:00,22411528-2,RH,CURRENT,%,91.95696955825132
2026-08-05T01:30:00+00:00,22411528-3,Dew Point,CURRENT,°C,15.9023160673637
2026-08-05T01:30:00+00:00,22411529-1,Temperature,CURRENT,°C,16.878530273437498
2026-08-05T01:30:00+00:00,22411529-2,RH,CURRENT,%,94.24582284275579
2026-08-05T01:30:00+00:00,22411529-3,Dew Point,CURRENT,°C,15.968175950063076
2026-08-05T01:30:00+00:00,22411530-1,Temperature,CURRENT,°C,19.259501953125003
2026-08-05T01:30:00+00:00,22411530-2,RH,CURRENT,%,78.07583733882659
2026-08-05T01:30:00+00:00,22411530-3,Dew Point,CURRENT,°C,15.364533600340328
2026-08-05T01:31:00+00:00,22411541-S,Battery,CURRENT,V,8.319085693359375
2026-08-05T01:35:00+00:00,22411189-1,Temperature,CURRENT,°C,18.186992187500003
2026-08-05T01:35:00+00:00,22411189-2,RH,CURRENT,%,83.9505607690547
2026-08-05T01:35:00+00:00,22411189-3,Dew Point,CURRENT,°C,15.45027671443712
2026-08-05T01:35:00+00:00,22411190-1,Temperature,CURRENT,°C,18.658896484375
2026-08-05T01:35:00+00:00,22411190-2,RH,CURRENT,%,79.47356374456398
2026-08-05T01:35:00+00:00,22411190-3,Dew Point,CURRENT,°C,15.057004615608694
2026-08-05T01:35:00+00:00,22411191-1,Temperature,CURRENT,°C,20.503613281250004
2026-08-05T01:35:00+00:00,22411191-2,RH,CURRENT,%,72.88929579613946
2026-08-05T01:35:00+00:00,22411191-3,Dew Point,CURRENT,°C,15.494769052324225
2026-08-05T01:35:00+00:00,22411525-1,Temperature,CURRENT,°C,20.996967773437497
2026-08-05T01:35:00+00:00,22411525-2,RH,CURRENT,%,69.39040207522697
2026-08-05T01:35:00+00:00,22411525-3,Dew Point,CURRENT,°C,15.201025250617537
2026-08-05T01:35:00+00:00,22411526-1,Temperature,CURRENT,°C,17.328984374999997
2026-08-05T01:35:00+00:00,22411526-2,RH,CURRENT,%,87.5745784695201
2026-08-05T01:35:00+00:00,22411526-3,Dew Point,CURRENT,°C,15.266409951935866
2026-08-05T01:35:00+00:00,22411527-1,Temperature,CURRENT,°C,21.275820312499995
2026-08-05T01:35:00+00:00,22411527-2,RH,CURRENT,%,68.52216372930495
2026-08-05T01:35:00+00:00,22411527-3,Dew Point,CURRENT,°C,15.271442885690144
2026-08-05T01:35:00+00:00,22411528-1,Temperature,CURRENT,°C,17.243183593749997
2026-08-05T01:35:00+00:00,22411528-2,RH,CURRENT,%,90.08773937590601
2026-08-05T01:35:00+00:00,22411528-3,Dew Point,CURRENT,°C,15.62339487289367
2026-08-05T01:35:00+00:00,22411529-1,Temperature,CURRENT,°C,16.857080078125
2026-08-05T01:35:00+00:00,22411529-2,RH,CURRENT,%,95.51232166018158
2026-08-05T01:35:00+00:00,22411529-3,Dew Point,CURRENT,°C,16.15622839659899
2026-08-05T01:35:00+00:00,22411530-1,Temperature,CURRENT,°C,19.945908203124993
2026-08-05T01:35:00+00:00,22411530-2,RH,CURRENT,%,74.43961242084383
2026-08-05T01:35:00+00:00,22411530-3,Dew Point,CURRENT,°C,15.28543520357982
2026-08-05T01:36:00+00:00,22411541-S,Battery,CURRENT,V,8.319085693359375
2026-08-05T01:40:00+00:00,22411189-1,Temperature,CURRENT,°C,18.358593750000004
2026-08-05T01:40:00+00:00,22411189-2,RH,CURRENT,%,84.07263294422827
2026-08-05T01:40:00+00:00,22411189-3,Dew Point,CURRENT,°C,15.641177997880225
2026-08-05T01:40:00+00:00,22411190-1,Temperature,CURRENT,°C,18.787597656249993
2026-08-05T01:40:00+00:00,22411190-2,RH,CURRENT,%,79.8947127489128
2026-08-05T01:40:00+00:00,22411190-3,Dew Point,CURRENT,°C,15.26464959756227
2026-08-05T01:40:00+00:00,22411191-1,Temperature,CURRENT,°C,20.825366210937496
2026-08-05T01:40:00+00:00,22411191-2,RH,CURRENT,%,72.60852979324025
2026-08-05T01:40:00+00:00,22411191-3,Dew Point,CURRENT,°C,15.744174880606664
2026-08-05T01:40:00+00:00,22411525-1,Temperature,CURRENT,°C,21.232919921875002
2026-08-05T01:40:00+00:00,22411525-2,RH,CURRENT,%,69.20271610589761
2026-08-05T01:40:00+00:00,22411525-3,Dew Point,CURRENT,°C,15.384560888700017
2026-08-05T01:40:00+00:00,22411526-1,Temperature,CURRENT,°C,17.414785156249998
2026-08-05T01:40:00+00:00,22411526-2,RH,CURRENT,%,87.1580071717403
2026-08-05T01:40:00+00:00,22411526-3,Dew Point,CURRENT,°C,15.276592667383321
2026-08-05T01:40:00+00:00,22411527-1,Temperature,CURRENT,°C,21.468872070312493
2026-08-05T01:40:00+00:00,22411527-2,RH,CURRENT,%,68.13305867093919
2026-08-05T01:40:00+00:00,22411527-3,Dew Point,CURRENT,°C,15.367022003576079
2026-08-05T01:40:00+00:00,22411528-1,Temperature,CURRENT,°C,17.328984374999997
2026-08-05T01:40:00+00:00,22411528-2,RH,CURRENT,%,89.49721522850385
2026-08-05T01:40:00+00:00,22411528-3,Dew Point,CURRENT,°C,15.60539371413017
2026-08-05T01:40:00+00:00,22411529-1,Temperature,CURRENT,°C,16.878530273437498
2026-08-05T01:40:00+00:00,22411529-2,RH,CURRENT,%,95.19340810254063
2026-08-05T01:40:00+00:00,22411529-3,Dew Point,CURRENT,°C,16.125089051951694
2026-08-05T01:40:00+00:00,22411530-1,Temperature,CURRENT,°C,20.22476074218749
2026-08-05T01:40:00+00:00,22411530-2,RH,CURRENT,%,74.28397039749753
2026-08-05T01:40:00+00:00,22411530-3,Dew Point,CURRENT,°C,15.521960416312368
2026-08-05T01:41:00+00:00,22411541-S,Battery,CURRENT,V,8.3093935546875
2026-08-05T01:45:00+00:00,22411189-1,Temperature,CURRENT,°C,18.272792968750004
2026-08-05T01:45:00+00:00,22411189-2,RH,CURRENT,%,84.78217746242466
2026-08-05T01:45:00+00:00,22411189-3,Dew Point,CURRENT,°C,15.688448811720875
2026-08-05T01:45:00+00:00,22411190-1,Temperature,CURRENT,°C,18.723247070312503
2026-08-05T01:45:00+00:00,22411190-2,RH,CURRENT,%,80.16327153429465
2026-08-05T01:45:00+00:00,22411190-3,Dew Point,CURRENT,°C,15.254262236448506
2026-08-05T01:45:00+00:00,22411191-1,Temperature,CURRENT,°C,20.653764648437495
2026-08-05T01:45:00+00:00,22411191-2,RH,CURRENT,%,72.98847943846799
2026-08-05T01:45:00+00:00,22411191-3,Dew Point,CURRENT,°C,15.660610473076202
2026-08-05T01:45:00+00:00,22411525-1,Temperature,CURRENT,°C,21.061318359375
2026-08-05T01:45:00+00:00,22411525-2,RH,CURRENT,%,69.52315556572823
2026-08-05T01:45:00+00:00,22411525-3,Dew Point,CURRENT,°C,15.292405657255403
2026-08-05T01:45:00+00:00,22411526-1,Temperature,CURRENT,°C,17.371884765625005
2026-08-05T01:45:00+00:00,22411526-2,RH,CURRENT,%,88.11017013809415
2026-08-05T01:45:00+00:00,22411526-3,Dew Point,CURRENT,°C,15.40379239043774
2026-08-05T01:45:00+00:00,22411527-1,Temperature,CURRENT,°C,21.361621093749996
2026-08-05T01:45:00+00:00,22411527-2,RH,CURRENT,%,68.47180895704585
2026-08-05T01:45:00+00:00,22411527-3,Dew Point,CURRENT,°C,15.341955582632522
2026-08-05T01:45:00+00:00,22411528-1,Temperature,CURRENT,°C,17.2217333984375
2026-08-05T01:45:00+00:00,22411528-2,RH,CURRENT,%,90.52872510872054
2026-08-05T01:45:00+00:00,22411528-3,Dew Point,CURRENT,°C,15.678531854677527
2026-08-05T01:45:00+00:00,22411529-1,Temperature,CURRENT,°C,16.792729492187497
2026-08-05T01:45:00+00:00,22411529-2,RH,CURRENT,%,94.94926375219349
2026-08-05T01:45:00+00:00,22411529-3,Dew Point,CURRENT,°C,15.999403976221652
2026-08-05T01:45:00+00:00,22411530-1,Temperature,CURRENT,°C,20.053159179687505
2026-08-05T01:45:00+00:00,22411530-2,RH,CURRENT,%,74.81956206607157
2026-08-05T01:45:00+00:00,22411530-3,Dew Point,CURRENT,°C,15.468448526598428
2026-08-05T01:46:00+00:00,22411541-S,Battery,CURRENT,V,8.31585498046875
2026-08-05T01:50:00+00:00,22411189-1,Temperature,CURRENT,°C,18.0368408203125
2026-08-05T01:50:00+00:00,22411189-2,RH,CURRENT,%,87.37926298924239
2026-08-05T01:50:00+00:00,22411189-3,Dew Point,CURRENT,°C,15.928840893184658
2026-08-05T01:50:00+00:00,22411190-1,Temperature,CURRENT,°C,18.594545898437495
2026-08-05T01:50:00+00:00,22411190-2,RH,CURRENT,%,82.38498512245366
2026-08-05T01:50:00+00:00,22411190-3,Dew Point,CURRENT,°C,15.555250829948822
2026-08-05T01:50:00+00:00,22411191-1,Temperature,CURRENT,°C,20.332011718750003
2026-08-05T01:50:00+00:00,22411191-2,RH,CURRENT,%,75.53215838864729
2026-08-05T01:50:00+00:00,22411191-3,Dew Point,CURRENT,°C,15.886239024321807
2026-08-05T01:50:00+00:00,22411525-1,Temperature,CURRENT,°C,20.846816406249992
2026-08-05T01:50:00+00:00,22411525-2,RH,CURRENT,%,72.15686274509804
2026-08-05T01:50:00+00:00,22411525-3,Dew Point,CURRENT,°C,15.66720048664747
2026-08-05T01:50:00+00:00,22411526-1,Temperature,CURRENT,°C,17.2217333984375
2026-08-05T01:50:00+00:00,22411526-2,RH,CURRENT,%,89.24238956282902
2026-08-05T01:50:00+00:00,22411526-3,Dew Point,CURRENT,°C,15.454914951622422
2026-08-05T01:50:00+00:00,22411527-1,Temperature,CURRENT,°C,21.232919921875002
2026-08-05T01:50:00+00:00,22411527-2,RH,CURRENT,%,70.86442359044786
2026-08-05T01:50:00+00:00,22411527-3,Dew Point,CURRENT,°C,15.75533761376068
2026-08-05T01:50:00+00:00,22411528-1,Temperature,CURRENT,°C,17.0930322265625
2026-08-05T01:50:00+00:00,22411528-2,RH,CURRENT,%,90.88578622110323
2026-08-05T01:50:00+00:00,22411528-3,Dew Point,CURRENT,°C,15.612719245669558
2026-08-05T01:50:00+00:00,22411529-1,Temperature,CURRENT,°C,16.792729492187497
2026-08-05T01:50:00+00:00,22411529-2,RH,CURRENT,%,95.9792477302205
2026-08-05T01:50:00+00:00,22411529-3,Dew Point,CURRENT,°C,16.168681441529344
2026-08-05T01:50:00+00:00,22411530-1,Temperature,CURRENT,°C,19.709956054687503
2026-08-05T01:50:00+00:00,22411530-2,RH,CURRENT,%,78.68467231250477
2026-08-05T01:50:00+00:00,22411530-3,Dew Point,CURRENT,°C,15.923690794341145
2026-08-05T01:51:00+00:00,22411541-S,Battery,CURRENT,V,8.32231640625
2026-08-05T01:55:00+00:00,22411189-1,Temperature,CURRENT,°C,17.865239257812497
2026-08-05T01:55:00+00:00,22411189-2,RH,CURRENT,%,89.54909590295262
2026-08-05T01:55:00+00:00,22411189-3,Dew Point,CURRENT,°C,16.14426266235629
2026-08-05T01:55:00+00:00,22411190-1,Temperature,CURRENT,°C,18.444394531250005
2026-08-05T01:55:00+00:00,22411190-2,RH,CURRENT,%,84.61738002594034
2026-08-05T01:55:00+00:00,22411190-3,Dew Point,CURRENT,°C,15.82636995830311
2026-08-05T01:55:00+00:00,22411191-1,Temperature,CURRENT,°C,20.010258789062497
2026-08-05T01:55:00+00:00,22411191-2,RH,CURRENT,%,78.11398489356833
2026-08-05T01:55:00+00:00,22411191-3,Dew Point,CURRENT,°C,16.10134944197858
2026-08-05T01:55:00+00:00,22411525-1,Temperature,CURRENT,°C,20.3534619140625
2026-08-05T01:55:00+00:00,22411525-2,RH,CURRENT,%,74.86076142519265
2026-08-05T01:55:00+00:00,22411525-3,Dew Point,CURRENT,°C,15.767172983502853
2026-08-05T01:55:00+00:00,22411526-1,Temperature,CURRENT,°C,17.0072314453125
2026-08-05T01:55:00+00:00,22411526-2,RH,CURRENT,%,90.82017242694744
2026-08-05T01:55:00+00:00,22411526-3,Dew Point,CURRENT,°C,15.516511295844651
2026-08-05T01:55:00+00:00,22411527-1,Temperature,CURRENT,°C,20.632314453124998
2026-08-05T01:55:00+00:00,22411527-2,RH,CURRENT,%,73.62935835812924
2026-08-05T01:55:00+00:00,22411527-3,Dew Point,CURRENT,°C,15.776707074166524
2026-08-05T01:55:00+00:00,22411528-1,Temperature,CURRENT,°C,16.835629882812498
2026-08-05T01:55:00+00:00,22411528-2,RH,CURRENT,%,92.5001907377737
2026-08-05T01:55:00+00:00,22411528-3,Dew Point,CURRENT,°C,15.63290038355142
2026-08-05T01:55:00+00:00,22411529-1,Temperature,CURRENT,°C,16.72837890625
2026-08-05T01:55:00+00:00,22411529-2,RH,CURRENT,%,95.37041275654231
2026-08-05T01:55:00+00:00,22411529-3,Dew Point,CURRENT,°C,16.004737073930457
2026-08-05T01:55:00+00:00,22411530-1,Temperature,CURRENT,°C,19.474003906249997
2026-08-05T01:55:00+00:00,22411530-2,RH,CURRENT,%,80.04119935912108
2026-08-05T01:55:00+00:00,22411530-3,Dew Point,CURRENT,°C,15.961947397517628
2026-08-05T01:56:00+00:00,22411541-S,Battery,CURRENT,V,8.31585498046875
2026-08-05T02:00:00+00:00,22411189-1,Temperature,CURRENT,°C,17.6721875
2026-08-05T02:00:00+00:00,22411189-2,RH,CURRENT,%,92.2545204852369
2026-08-05T02:00:00+00:00,22411189-3,Dew Point,CURRENT,°C,16.42089414082946
2026-08-05T02:00:00+00:00,22411190-1,Temperature,CURRENT,°C,18.2942431640625
2026-08-05T02:00:00+00:00,22411190-2,RH,CURRENT,%,86.21652552071413
2026-08-05T02:00:00+00:00,22411190-3,Dew Point,CURRENT,°C,15.972206226685836
2026-08-05T02:00:00+00:00,22411191-1,Temperature,CURRENT,°C,20.096059570312498
2026-08-05T02:00:00+00:00,22411191-2,RH,CURRENT,%,77.01533531700618
2026-08-05T02:00:00+00:00,22411191-3,Dew Point,CURRENT,°C,15.962467597077204
2026-08-05T02:00:00+00:00,22411525-1,Temperature,CURRENT,°C,20.332011718750003
2026-08-05T02:00:00+00:00,22411525-2,RH,CURRENT,%,73.70717936980239
2026-08-05T02:00:00+00:00,22411525-3,Dew Point,CURRENT,°C,15.503679881709013
2026-08-05T02:00:00+00:00,22411526-1,Temperature,CURRENT,°C,16.9643310546875
2026-08-05T02:00:00+00:00,22411526-2,RH,CURRENT,%,92.91676203555352
2026-08-05T02:00:00+00:00,22411526-3,Dew Point,CURRENT,°C,15.830906988568461
2026-08-05T02:00:00+00:00,22411527-1,Temperature,CURRENT,°C,20.503613281250004
2026-08-05T02:00:00+00:00,22411527-2,RH,CURRENT,%,72.72755016403448
2026-08-05T02:00:00+00:00,22411527-3,Dew Point,CURRENT,°C,15.460081172718679
2026-08-05T02:00:00+00:00,22411528-1,Temperature,CURRENT,°C,16.89998046875
2026-08-05T02:00:00+00:00,22411528-2,RH,CURRENT,%,94.1344319829099
2026-08-05T02:00:00+00:00,22411528-3,Dew Point,CURRENT,°C,15.970963956504153
2026-08-05T02:00:00+00:00,22411529-1,Temperature,CURRENT,°C,16.621127929687496
2026-08-05T02:00:00+00:00,22411529-2,RH,CURRENT,%,95.85564965285725
2026-08-05T02:00:00+00:00,22411529-3,Dew Point,CURRENT,°C,15.977475332764508
2026-08-05T02:00:00+00:00,22411530-1,Temperature,CURRENT,°C,19.667055664062495
2026-08-05T02:00:00+00:00,22411530-2,RH,CURRENT,%,79.15312428473335
2026-08-05T02:00:00+00:00,22411530-3,Dew Point,CURRENT,°C,15.975001375037426
2026-08-05T02:01:00+00:00,22411541-S,Battery,CURRENT,V,8.302932128906251
2026-08-05T02:05:00+00:00,22411189-1,Temperature,CURRENT,°C,17.908139648437505
2026-08-05T02:05:00+00:00,22411189-2,RH,CURRENT,%,86.20584420538644
2026-08-05T02:05:00+00:00,22411189-3,Dew Point,CURRENT,°C,15.590601175600876
2026-08-05T02:05:00+00:00,22411190-1,Temperature,CURRENT,°C,18.422944335937494
2026-08-05T02:05:00+00:00,22411190-2,RH,CURRENT,%,81.17494468604562
2026-08-05T02:05:00+00:00,22411190-3,Dew Point,CURRENT,°C,15.156793344467049
2026-08-05T02:05:00+00:00,22411191-1,Temperature,CURRENT,°C,20.868266601562503
2026-08-05T02:05:00+00:00,22411191-2,RH,CURRENT,%,71.79369802395667
2026-08-05T02:05:00+00:00,22411191-3,Dew Point,CURRENT,°C,15.608935891896786
2026-08-05T02:05:00+00:00,22411525-1,Temperature,CURRENT,°C,21.190019531249995
2026-08-05T02:05:00+00:00,22411525-2,RH,CURRENT,%,68.90516517891203
2026-08-05T02:05:00+00:00,22411525-3,Dew Point,CURRENT,°C,15.276327077601858
2026-08-05T02:05:00+00:00,22411526-1,Temperature,CURRENT,°C,17.114482421874996
2026-08-05T02:05:00+00:00,22411526-2,RH,CURRENT,%,90.05722133211262
2026-08-05T02:05:00+00:00,22411526-3,Dew Point,CURRENT,°C,15.490852254141549
2026-08-05T02:05:00+00:00,22411527-1,Temperature,CURRENT,°C,21.318720703125003
2026-08-05T02:05:00+00:00,22411527-2,RH,CURRENT,%,68.46570534828717
2026-08-05T02:05:00+00:00,22411527-3,Dew Point,CURRENT,°C,15.299579602826434
2026-08-05T02:05:00+00:00,22411528-1,Temperature,CURRENT,°C,17.0501318359375
2026-08-05T02:05:00+00:00,22411528-2,RH,CURRENT,%,91.68078126192111
2026-08-05T02:05:00+00:00,22411528-3,Dew Point,CURRENT,°C,15.706417183283438
2026-08-05T02:05:00+00:00,22411529-1,Temperature,CURRENT,°C,16.535327148437496
2026-08-05T02:05:00+00:00,22411529-2,RH,CURRENT,%,95.83733882658122
2026-08-05T02:05:00+00:00,22411529-3,Dew Point,CURRENT,°C,15.888993771053121
2026-08-05T02:05:00+00:00,22411530-1,Temperature,CURRENT,°C,20.2676611328125
2026-08-05T02:05:00+00:00,22411530-2,RH,CURRENT,%,73.44777599755855
2026-08-05T02:05:00+00:00,22411530-3,Dew Point,CURRENT,°C,15.38660670223049
2026-08-05T02:06:00+00:00,22411541-S,Battery,CURRENT,V,8.302932128906251
2026-08-05T02:10:00+00:00,22411189-1,Temperature,CURRENT,°C,17.99394042968749
2026-08-05T02:10:00+00:00,22411189-2,RH,CURRENT,%,87.52117189288167
2026-08-05T02:10:00+00:00,22411189-3,Dew Point,CURRENT,°C,15.912008060797993
2026-08-05T02:10:00+00:00,22411190-1,Temperature,CURRENT,°C,18.787597656249993
2026-08-05T02:10:00+00:00,22411190-2,RH,CURRENT,%,81.88601510643167
2026-08-05T02:10:00+00:00,22411190-3,Dew Point,CURRENT,°C,15.648991778335235
2026-08-05T02:10:00+00:00,22411191-1,Temperature,CURRENT,°C,20.803916015625
2026-08-05T02:10:00+00:00,22411191-2,RH,CURRENT,%,72.98542763408865
2026-08-05T02:10:00+00:00,22411191-3,Dew Point,CURRENT,°C,15.80455652668842
2026-08-05T02:10:00+00:00,22411525-1,Temperature,CURRENT,°C,21.21146972656249
2026-08-05T02:10:00+00:00,22411525-2,RH,CURRENT,%,69.41023880369268
2026-08-05T02:10:00+00:00,22411525-3,Dew Point,CURRENT,°C,15.410761372848485
2026-08-05T02:10:00+00:00,22411526-1,Temperature,CURRENT,°C,17.178833007812493
2026-08-05T02:10:00+00:00,22411526-2,RH,CURRENT,%,89.97024490730143
2026-08-05T02:10:00+00:00,22411526-3,Dew Point,CURRENT,°C,15.539379596153674
2026-08-05T02:10:00+00:00,22411527-1,Temperature,CURRENT,°C,21.468872070312493
2026-08-05T02:10:00+00:00,22411527-2,RH,CURRENT,%,68.41992828259708
2026-08-05T02:10:00+00:00,22411527-3,Dew Point,CURRENT,°C,15.432587336478127
2026-08-05T02:10:00+00:00,22411528-1,Temperature,CURRENT,°C,16.9643310546875
2026-08-05T02:10:00+00:00,22411528-2,RH,CURRENT,%,92.0485236896315
2026-08-05T02:10:00+00:00,22411528-3,Dew Point,CURRENT,°C,15.68399112735742
2026-08-05T02:10:00+00:00,22411529-1,Temperature,CURRENT,°C,16.428076171875
2026-08-05T02:10:00+00:00,22411529-2,RH,CURRENT,%,95.81597619592584
2026-08-05T02:10:00+00:00,22411529-3,Dew Point,CURRENT,°C,15.778645829944788
2026-08-05T02:10:00+00:00,22411530-1,Temperature,CURRENT,°C,20.117509765624995
2026-08-05T02:10:00+00:00,22411530-2,RH,CURRENT,%,75.70000762951095
2026-08-05T02:10:00+00:00,22411530-3,Dew Point,CURRENT,°C,15.71349622105508
2026-08-05T02:11:00+00:00,22411541-S,Battery,CURRENT,V,8.302932128906251
2026-08-05T02:15:00+00:00,22411189-1,Temperature,CURRENT,°C,17.779438476562497
2026-08-05T02:15:00+00:00,22411189-2,RH,CURRENT,%,87.70275425345235
2026-08-05T02:15:00+00:00,22411189-3,Dew Point,CURRENT,°C,15.733109654208883
2026-08-05T02:15:00+00:00,22411190-1,Temperature,CURRENT,°C,18.744697265625
2026-08-05T02:15:00+00:00,22411190-2,RH,CURRENT,%,81.04219119554436
2026-08-05T02:15:00+00:00,22411190-3,Dew Point,CURRENT,°C,15.445274498335115
2026-08-05T02:15:00+00:00,22411191-1,Temperature,CURRENT,°C,20.567963867187494
2026-08-05T02:15:00+00:00,22411191-2,RH,CURRENT,%,73.75295643549248
2026-08-05T02:15:00+00:00,22411191-3,Dew Point,CURRENT,°C,15.740908325926046
2026-08-05T02:15:00+00:00,22411525-1,Temperature,CURRENT,°C,21.061318359375
2026-08-05T02:15:00+00:00,22411525-2,RH,CURRENT,%,69.69405661097123
2026-08-05T02:15:00+00:00,22411525-3,Dew Point,CURRENT,°C,15.330691602103062
2026-08-05T02:15:00+00:00,22411526-1,Temperature,CURRENT,°C,16.9643310546875
2026-08-05T02:15:00+00:00,22411526-2,RH,CURRENT,%,90.27084763866637
2026-08-05T02:15:00+00:00,22411526-3,Dew Point,CURRENT,°C,15.379358689566079
2026-08-05T02:15:00+00:00,22411527-1,Temperature,CURRENT,°C,21.404521484375003
2026-08-05T02:15:00+00:00,22411527-2,RH,CURRENT,%,68.39856565194171
2026-08-05T02:15:00+00:00,22411527-3,Dew Point,CURRENT,°C,15.366243333579781
2026-08-05T02:15:00+00:00,22411528-1,Temperature,CURRENT,°C,16.72837890625
2026-08-05T02:15:00+00:00,22411528-2,RH,CURRENT,%,92.68787670710307
2026-08-05T02:15:00+00:00,22411528-3,Dew Point,CURRENT,°C,15.558175580208436
2026-08-05T02:15:00+00:00,22411529-1,Temperature,CURRENT,°C,16.38517578125
2026-08-05T02:15:00+00:00,22411529-2,RH,CURRENT,%,95.77935454337377
2026-08-05T02:15:00+00:00,22411529-3,Dew Point,CURRENT,°C,15.72992230337443
2026-08-05T02:15:00+00:00,22411530-1,Temperature,CURRENT,°C,19.81720703125
2026-08-05T02:15:00+00:00,22411530-2,RH,CURRENT,%,76.5468833447776
2026-08-05T02:15:00+00:00,22411530-3,Dew Point,CURRENT,°C,15.596715852438939
2026-08-05T02:16:00+00:00,22411541-S,Battery,CURRENT,V,8.302932128906251
2026-08-05T02:20:00+00:00,22411189-1,Temperature,CURRENT,°C,17.436235351562495
2026-08-05T02:20:00+00:00,22411189-2,RH,CURRENT,%,89.59334706645303
2026-08-05T02:20:00+00:00,22411189-3,Dew Point,CURRENT,°C,15.728144555788806
2026-08-05T02:20:00+00:00,22411190-1,Temperature,CURRENT,°C,18.401494140624997
2026-08-05T02:20:00+00:00,22411190-2,RH,CURRENT,%,82.48416876478218
2026-08-05T02:20:00+00:00,22411190-3,Dew Point,CURRENT,°C,15.385256689154549
2026-08-05T02:20:00+00:00,22411191-1,Temperature,CURRENT,°C,20.22476074218749
2026-08-05T02:20:00+00:00,22411191-2,RH,CURRENT,%,74.60440985732815
2026-08-05T02:20:00+00:00,22411191-3,Dew Point,CURRENT,°C,15.589213251216997
2026-08-05T02:20:00+00:00,22411525-1,Temperature,CURRENT,°C,20.846816406249992
2026-08-05T02:20:00+00:00,22411525-2,RH,CURRENT,%,70.35172045471886
2026-08-05T02:20:00+00:00,22411525-3,Dew Point,CURRENT,°C,15.271631222392202
2026-08-05T02:20:00+00:00,22411526-1,Temperature,CURRENT,°C,16.749829101562497
2026-08-05T02:20:00+00:00,22411526-2,RH,CURRENT,%,91.39391165026322
2026-08-05T02:20:00+00:00,22411526-3,Dew Point,CURRENT,°C,15.359951883227085
2026-08-05T02:20:00+00:00,22411527-1,Temperature,CURRENT,°C,21.29727050781249
2026-08-05T02:20:00+00:00,22411527-2,RH,CURRENT,%,68.54352635996032
2026-08-05T02:20:00+00:00,22411527-3,Dew Point,CURRENT,°C,15.296798136910498
2026-08-05T02:20:00+00:00,22411528-1,Temperature,CURRENT,°C,16.535327148437496
2026-08-05T02:20:00+00:00,22411528-2,RH,CURRENT,%,93.64003967345693
2026-08-05T02:20:00+00:00,22411528-3,Dew Point,CURRENT,°C,15.526168980502446
2026-08-05T02:20:00+00:00,22411529-1,Temperature,CURRENT,°C,16.342275390624998
2026-08-05T02:20:00+00:00,22411529-2,RH,CURRENT,%,95.93804837109941
2026-08-05T02:20:00+00:00,22411529-3,Dew Point,CURRENT,°C,15.713077099576308
2026-08-05T02:20:00+00:00,22411530-1,Temperature,CURRENT,°C,19.409653320312493
2026-08-05T02:20:00+00:00,22411530-2,RH,CURRENT,%,77.54024567025253
2026-08-05T02:20:00+00:00,22411530-3,Dew Point,CURRENT,°C,15.402904232103632
2026-08-05T02:21:00+00:00,22411541-S,Battery,CURRENT,V,8.302932128906251
2026-08-05T02:25:00+00:00,22411189-1,Temperature,CURRENT,°C,17.479135742187502
2026-08-05T02:25:00+00:00,22411189-2,RH,CURRENT,%,90.32730601968414
2026-08-05T02:25:00+00:00,22411189-3,Dew Point,CURRENT,°C,15.898286047282449
2026-08-05T02:25:00+00:00,22411190-1,Temperature,CURRENT,°C,18.144091796874996
2026-08-05T02:25:00+00:00,22411190-2,RH,CURRENT,%,84.23437857633326
2026-08-05T02:25:00+00:00,22411190-3,Dew Point,CURRENT,°C,15.460911980101422
2026-08-05T02:25:00+00:00,22411191-1,Temperature,CURRENT,°C,20.010258789062497
2026-08-05T02:25:00+00:00,22411191-2,RH,CURRENT,%,75.8480201419089
2026-08-05T02:25:00+00:00,22411191-3,Dew Point,CURRENT,°C,15.640269971310573
2026-08-05T02:25:00+00:00,22411525-1,Temperature,CURRENT,°C,20.632314453124998
2026-08-05T02:25:00+00:00,22411525-2,RH,CURRENT,%,71.1985961699855
2026-08-05T02:25:00+00:00,22411525-3,Dew Point,CURRENT,°C,15.252365445048264
2026-08-05T02:25:00+00:00,22411526-1,Temperature,CURRENT,°C,16.685478515625
2026-08-05T02:25:00+00:00,22411526-2,RH,CURRENT,%,92.42847333485923
2026-08-05T02:25:00+00:00,22411526-3,Dew Point,CURRENT,°C,15.471841658014077
2026-08-05T02:25:00+00:00,22411527-1,Temperature,CURRENT,°C,21.104218749999994
2026-08-05T02:25:00+00:00,22411527-2,RH,CURRENT,%,69.39650568398565
2026-08-05T02:25:00+00:00,22411527-3,Dew Point,CURRENT,°C,15.305035461301463
2026-08-05T02:25:00+00:00,22411528-1,Temperature,CURRENT,°C,16.535327148437496
2026-08-05T02:25:00+00:00,22411528-2,RH,CURRENT,%,94.3404287785153
2026-08-05T02:25:00+00:00,22411528-3,Dew Point,CURRENT,°C,15.642622384597008
2026-08-05T02:25:00+00:00,22411529-1,Temperature,CURRENT,°C,16.3637255859375
2026-08-05T02:25:00+00:00,22411529-2,RH,CURRENT,%,96.67200732433051
2026-08-05T02:25:00+00:00,22411529-3,Dew Point,CURRENT,°C,15.85375079782595
2026-08-05T02:25:00+00:00,22411530-1,Temperature,CURRENT,°C,19.302402343749996
2026-08-05T02:25:00+00:00,22411530-2,RH,CURRENT,%,78.457312886244
2026-08-05T02:25:00+00:00,22411530-3,Dew Point,CURRENT,°C,15.482287012712918
2026-08-05T02:26:00+00:00,22411541-S,Battery,CURRENT,V,8.299701416015626
2026-08-05T02:30:00+00:00,22411189-1,Temperature,CURRENT,°C,17.54348632812499
2026-08-05T02:30:00+00:00,22411189-2,RH,CURRENT,%,88.22613870450904
2026-08-05T02:30:00+00:00,22411189-3,Dew Point,CURRENT,°C,15.593549474176669
2026-08-05T02:30:00+00:00,22411190-1,Temperature,CURRENT,°C,18.058291015624995
2026-08-05T02:30:00+00:00,22411190-2,RH,CURRENT,%,83.0258640421149
2026-08-05T02:30:00+00:00,22411190-3,Dew Point,CURRENT,°C,15.151519250184522
2026-08-05T02:30:00+00:00,22411191-1,Temperature,CURRENT,°C,20.503613281250004
2026-08-05T02:30:00+00:00,22411191-2,RH,CURRENT,%,73.19447623407339
2026-08-05T02:30:00+00:00,22411191-3,Dew Point,CURRENT,°C,15.560034514534523
2026-08-05T02:30:00+00:00,22411525-1,Temperature,CURRENT,°C,21.018417968749993
2026-08-05T02:30:00+00:00,22411525-2,RH,CURRENT,%,69.17524986648355
2026-08-05T02:30:00+00:00,22411525-3,Dew Point,CURRENT,°C,15.173170918073641
2026-08-05T02:30:00+00:00,22411526-1,Temperature,CURRENT,°C,16.685478515625
2026-08-05T02:30:00+00:00,22411526-2,RH,CURRENT,%,92.35065232318608
2026-08-05T02:30:00+00:00,22411526-3,Dew Point,CURRENT,°C,15.458690654017557
2026-08-05T02:30:00+00:00,22411527-1,Temperature,CURRENT,°C,21.29727050781249
2026-08-05T02:30:00+00:00,22411527-2,RH,CURRENT,%,68.00030518043793
2026-08-05T02:30:00+00:00,22411527-3,Dew Point,CURRENT,°C,15.172795559349984
2026-08-05T02:30:00+00:00,22411528-1,Temperature,CURRENT,°C,16.599677734375
2026-08-05T02:30:00+00:00,22411528-2,RH,CURRENT,%,94.6471351186389
2026-08-05T02:30:00+00:00,22411528-3,Dew Point,CURRENT,°C,15.75739607255616
2026-08-05T02:30:00+00:00,22411529-1,Temperature,CURRENT,°C,16.3637255859375
2026-08-05T02:30:00+00:00,22411529-2,RH,CURRENT,%,96.82154573891813
2026-08-05T02:30:00+00:00,22411529-3,Dew Point,CURRENT,°C,15.877959671224838
2026-08-05T02:30:00+00:00,22411530-1,Temperature,CURRENT,°C,19.774306640624992
2026-08-05T02:30:00+00:00,22411530-2,RH,CURRENT,%,75.75494010833906
2026-08-05T02:30:00+00:00,22411530-3,Dew Point,CURRENT,°C,15.39277060909757
2026-08-05T02:31:00+00:00,22411541-S,Battery,CURRENT,V,8.293239990234376
2026-08-05T02:35:00+00:00,22411189-1,Temperature,CURRENT,°C,18.015390625000002
2026-08-05T02:35:00+00:00,22411189-2,RH,CURRENT,%,85.72213321126115
2026-08-05T02:35:00+00:00,22411189-3,Dew Point,CURRENT,°C,15.608081690712867
2026-08-05T02:35:00+00:00,22411190-1,Temperature,CURRENT,°C,18.4658447265625
2026-08-05T02:35:00+00:00,22411190-2,RH,CURRENT,%,80.55390249485008
2026-08-05T02:35:00+00:00,22411190-3,Dew Point,CURRENT,°C,15.079065441657942
2026-08-05T02:35:00+00:00,22411191-1,Temperature,CURRENT,°C,20.803916015625
2026-08-05T02:35:00+00:00,22411191-2,RH,CURRENT,%,70.81559472037843
2026-08-05T02:35:00+00:00,22411191-3,Dew Point,CURRENT,°C,15.332964088017135
2026-08-05T02:35:00+00:00,22411525-1,Temperature,CURRENT,°C,21.232919921875002
2026-08-05T02:35:00+00:00,22411525-2,RH,CURRENT,%,67.54558632791638
2026-08-05T02:35:00+00:00,22411525-3,Dew Point,CURRENT,°C,15.006949266485961
2026-08-05T02:35:00+00:00,22411526-1,Temperature,CURRENT,°C,16.942880859374995
2026-08-05T02:35:00+00:00,22411526-2,RH,CURRENT,%,90.11520561532006
2026-08-05T02:35:00+00:00,22411526-3,Dew Point,CURRENT,°C,15.33122764367088
2026-08-05T02:35:00+00:00,22411527-1,Temperature,CURRENT,°C,21.5117724609375
2026-08-05T02:35:00+00:00,22411527-2,RH,CURRENT,%,66.67277027542535
2026-08-05T02:35:00+00:00,22411527-3,Dew Point,CURRENT,°C,15.070317207419697
2026-08-05T02:35:00+00:00,22411528-1,Temperature,CURRENT,°C,16.8141796875
2026-08-05T02:35:00+00:00,22411528-2,RH,CURRENT,%,92.85877775234607
2026-08-05T02:35:00+00:00,22411528-3,Dew Point,CURRENT,°C,15.672114763850542
2026-08-05T02:35:00+00:00,22411529-1,Temperature,CURRENT,°C,16.2779248046875
2026-08-05T02:35:00+00:00,22411529-2,RH,CURRENT,%,96.72083619439994
2026-08-05T02:35:00+00:00,22411529-3,Dew Point,CURRENT,°C,15.776075188420862
2026-08-05T02:35:00+00:00,22411530-1,Temperature,CURRENT,°C,20.1818603515625
2026-08-05T02:35:00+00:00,22411530-2,RH,CURRENT,%,73.1136034180209
2026-08-05T02:35:00+00:00,22411530-3,Dew Point,CURRENT,°C,15.232820402830722
2026-08-05T02:36:00+00:00,22411541-S,Battery,CURRENT,V,8.299701416015626
2026-08-05T02:40:00+00:00,22411189-1,Temperature,CURRENT,°C,18.358593750000004
2026-08-05T02:40:00+00:00,22411189-2,RH,CURRENT,%,84.39917601281758
2026-08-05T02:40:00+00:00,22411189-3,Dew Point,CURRENT,°C,15.7018007899695
2026-08-05T02:40:00+00:00,22411190-1,Temperature,CURRENT,°C,18.830498046875
2026-08-05T02:40:00+00:00,22411190-2,RH,CURRENT,%,79.70702677958343
2026-08-05T02:40:00+00:00,22411190-3,Dew Point,CURRENT,°C,15.269768662482235
2026-08-05T02:40:00+00:00,22411191-1,Temperature,CURRENT,°C,20.67521484374999
2026-08-05T02:40:00+00:00,22411191-2,RH,CURRENT,%,72.60547798886091
2026-08-05T02:40:00+00:00,22411191-3,Dew Point,CURRENT,°C,15.599010929864948
2026-08-05T02:40:00+00:00,22411525-1,Temperature,CURRENT,°C,21.018417968749993
2026-08-05T02:40:00+00:00,22411525-2,RH,CURRENT,%,69.43312733653772
2026-08-05T02:40:00+00:00,22411525-3,Dew Point,CURRENT,°C,15.231145305157671
2026-08-05T02:40:00+00:00,22411526-1,Temperature,CURRENT,°C,17.0930322265625
2026-08-05T02:40:00+00:00,22411526-2,RH,CURRENT,%,89.21950102998397
2026-08-05T02:40:00+00:00,22411526-3,Dew Point,CURRENT,°C,15.323810738056125
2026-08-05T02:40:00+00:00,22411527-1,Temperature,CURRENT,°C,21.361621093749996
2026-08-05T02:40:00+00:00,22411527-2,RH,CURRENT,%,68.19562066071565
2026-08-05T02:40:00+00:00,22411527-3,Dew Point,CURRENT,°C,15.278928907323467
2026-08-05T02:40:00+00:00,22411528-1,Temperature,CURRENT,°C,16.835629882812498
2026-08-05T02:40:00+00:00,22411528-2,RH,CURRENT,%,92.31250476844434
2026-08-05T02:40:00+00:00,22411528-3,Dew Point,CURRENT,°C,15.601150978457772
2026-08-05T02:40:00+00:00,22411529-1,Temperature,CURRENT,°C,16.3208251953125
2026-08-05T02:40:00+00:00,22411529-2,RH,CURRENT,%,97.3907072556649
2026-08-05T02:40:00+00:00,22411529-3,Dew Point,CURRENT,°C,15.92697432237479
2026-08-05T02:40:00+00:00,22411530-1,Temperature,CURRENT,°C,20.117509765624995
2026-08-05T02:40:00+00:00,22411530-2,RH,CURRENT,%,74.19699397268636
2026-08-05T02:40:00+00:00,22411530-3,Dew Point,CURRENT,°C,15.400158001634619
2026-08-05T02:41:00+00:00,22411541-S,Battery,CURRENT,V,8.293239990234376
2026-08-05T02:45:00+00:00,22411189-1,Temperature,CURRENT,°C,18.337143554687493
2026-08-05T02:45:00+00:00,22411189-2,RH,CURRENT,%,83.95513847562371
2026-08-05T02:45:00+00:00,22411189-3,Dew Point,CURRENT,°C,15.598291422747426
2026-08-05T02:45:00+00:00,22411190-1,Temperature,CURRENT,°C,18.809047851562504
2026-08-05T02:45:00+00:00,22411190-2,RH,CURRENT,%,79.02800030518044
2026-08-05T02:45:00+00:00,22411190-3,Dew Point,CURRENT,°C,15.115602178401184
2026-08-05T02:45:00+00:00,22411191-1,Temperature,CURRENT,°C,20.482163085937493
2026-08-05T02:45:00+00:00,22411191-2,RH,CURRENT,%,72.52155336842908
2026-08-05T02:45:00+00:00,22411191-3,Dew Point,CURRENT,°C,15.395163539686532
2026-08-05T02:45:00+00:00,22411525-1,Temperature,CURRENT,°C,20.846816406249992
2026-08-05T02:45:00+00:00,22411525-2,RH,CURRENT,%,69.3690394445716
2026-08-05T02:45:00+00:00,22411525-3,Dew Point,CURRENT,°C,15.052536050853766
2026-08-05T02:45:00+00:00,22411526-1,Temperature,CURRENT,°C,17.2217333984375
2026-08-05T02:45:00+00:00,22411526-2,RH,CURRENT,%,88.70679789425498
2026-08-05T02:45:00+00:00,22411526-3,Dew Point,CURRENT,°C,15.360973486197489
2026-08-05T02:45:00+00:00,22411527-1,Temperature,CURRENT,°C,21.168569335937498
2026-08-05T02:45:00+00:00,22411527-2,RH,CURRENT,%,68.34210727092393
2026-08-05T02:45:00+00:00,22411527-3,Dew Point,CURRENT,°C,15.12798887809788
2026-08-05T02:45:00+00:00,22411528-1,Temperature,CURRENT,°C,16.835629882812498
2026-08-05T02:45:00+00:00,22411528-2,RH,CURRENT,%,91.83642328526741
2026-08-05T02:45:00+00:00,22411528-3,Dew Point,CURRENT,°C,15.520361365417596
2026-08-05T02:45:00+00:00,22411529-1,Temperature,CURRENT,°C,16.2350244140625
2026-08-05T02:45:00+00:00,22411529-2,RH,CURRENT,%,96.54383154039826
2026-08-05T02:45:00+00:00,22411529-3,Dew Point,CURRENT,°C,15.704626956790936
2026-08-05T02:45:00+00:00,22411530-1,Temperature,CURRENT,°C,19.945908203124993
2026-08-05T02:45:00+00:00,22411530-2,RH,CURRENT,%,74.10696574349585
2026-08-05T02:45:00+00:00,22411530-3,Dew Point,CURRENT,°C,15.215628179116539
2026-08-05T02:46:00+00:00,22411541-S,Battery,CURRENT,V,8.290009277343751
2026-08-05T02:50:00+00:00,22411189-1,Temperature,CURRENT,°C,18.058291015624995
2026-08-05T02:50:00+00:00,22411189-2,RH,CURRENT,%,85.7999542229343
2026-08-05T02:50:00+00:00,22411189-3,Dew Point,CURRENT,°C,15.664426320481493
2026-08-05T02:50:00+00:00,22411190-1,Temperature,CURRENT,°C,18.573095703125
2026-08-05T02:50:00+00:00,22411190-2,RH,CURRENT,%,80.77210650797284
2026-08-05T02:50:00+00:00,22411190-3,Dew Point,CURRENT,°C,15.22579333181159
2026-08-05T02:50:00+00:00,22411191-1,Temperature,CURRENT,°C,19.73140625
2026-08-05T02:50:00+00:00,22411191-2,RH,CURRENT,%,76.39276722362096
2026-08-05T02:50:00+00:00,22411191-3,Dew Point,CURRENT,°C,15.482114692408139
2026-08-05T02:50:00+00:00,22411525-1,Temperature,CURRENT,°C,20.074609375
2026-08-05T02:50:00+00:00,22411525-2,RH,CURRENT,%,72.93812466620889
2026-08-05T02:50:00+00:00,22411525-3,Dew Point,CURRENT,°C,15.09209062698226
2026-08-05T02:50:00+00:00,22411526-1,Temperature,CURRENT,°C,17.178833007812493
2026-08-05T02:50:00+00:00,22411526-2,RH,CURRENT,%,88.78461890592813
2026-08-05T02:50:00+00:00,22411526-3,Dew Point,CURRENT,°C,15.332312963808615
2026-08-05T02:50:00+00:00,22411527-1,Temperature,CURRENT,°C,20.482163085937493
2026-08-05T02:50:00+00:00,22411527-2,RH,CURRENT,%,70.90104524299993
2026-08-05T02:50:00+00:00,22411527-3,Dew Point,CURRENT,°C,15.0430183179066
2026-08-05T02:50:00+00:00,22411528-1,Temperature,CURRENT,°C,16.792729492187497
2026-08-05T02:50:00+00:00,22411528-2,RH,CURRENT,%,92.06530861371786
2026-08-05T02:50:00+00:00,22411528-3,Dew Point,CURRENT,°C,15.516716557058318
2026-08-05T02:50:00+00:00,22411529-1,Temperature,CURRENT,°C,16.170673828124997
2026-08-05T02:50:00+00:00,22411529-2,RH,CURRENT,%,96.78492408636606
2026-08-05T02:50:00+00:00,22411529-3,Dew Point,CURRENT,°C,15.679453726785496
2026-08-05T02:50:00+00:00,22411530-1,Temperature,CURRENT,°C,19.2809521484375
2026-08-05T02:50:00+00:00,22411530-2,RH,CURRENT,%,77.53109025711451
2026-08-05T02:50:00+00:00,22411530-3,Dew Point,CURRENT,°C,15.276167788573849
2026-08-05T02:51:00+00:00,22411541-S,Battery,CURRENT,V,8.290009277343751
2026-08-05T02:55:00+00:00,22411189-1,Temperature,CURRENT,°C,17.800888671874993
2026-08-05T02:55:00+00:00,22411189-2,RH,CURRENT,%,86.91996643015183
2026-08-05T02:55:00+00:00,22411189-3,Dew Point,CURRENT,°C,15.614026809310703
2026-08-05T02:55:00+00:00,22411190-1,Temperature,CURRENT,°C,18.401494140624997
2026-08-05T02:55:00+00:00,22411190-2,RH,CURRENT,%,81.71053635461966
2026-08-05T02:55:00+00:00,22411190-3,Dew Point,CURRENT,°C,15.238307615077154
2026-08-05T02:55:00+00:00,22411191-1,Temperature,CURRENT,°C,20.117509765624995
2026-08-05T02:55:00+00:00,22411191-2,RH,CURRENT,%,74.32669565880828
2026-08-05T02:55:00+00:00,22411191-3,Dew Point,CURRENT,°C,15.427415643567516
2026-08-05T02:55:00+00:00,22411525-1,Temperature,CURRENT,°C,20.67521484374999
2026-08-05T02:55:00+00:00,22411525-2,RH,CURRENT,%,70.05874723430229
2026-08-05T02:55:00+00:00,22411525-3,Dew Point,CURRENT,°C,15.04216895026245
2026-08-05T02:55:00+00:00,22411526-1,Temperature,CURRENT,°C,17.0930322265625
2026-08-05T02:55:00+00:00,22411526-2,RH,CURRENT,%,89.20119020370794
2026-08-05T02:55:00+00:00,22411526-3,Dew Point,CURRENT,°C,15.320609730536736
2026-08-05T02:55:00+00:00,22411527-1,Temperature,CURRENT,°C,21.018417968749993
2026-08-05T02:55:00+00:00,22411527-2,RH,CURRENT,%,68.60303654535744
2026-08-05T02:55:00+00:00,22411527-3,Dew Point,CURRENT,°C,15.043849722638097
2026-08-05T02:55:00+00:00,22411528-1,Temperature,CURRENT,°C,16.771279296875
2026-08-05T02:55:00+00:00,22411528-2,RH,CURRENT,%,92.3399710078584
2026-08-05T02:55:00+00:00,22411528-3,Dew Point,CURRENT,°C,15.541979768709407
2026-08-05T02:55:00+00:00,22411529-1,Temperature,CURRENT,°C,16.1063232421875
2026-08-05T02:55:00+00:00,22411529-2,RH,CURRENT,%,96.50568398565652
2026-08-05T02:55:00+00:00,22411529-3,Dew Point,CURRENT,°C,15.57010376864432
2026-08-05T02:55:00+00:00,22411530-1,Temperature,CURRENT,°C,19.388203124999997
2026-08-05T02:55:00+00:00,22411530-2,RH,CURRENT,%,77.06111238269627
2026-08-05T02:55:00+00:00,22411530-3,Dew Point,CURRENT,°C,15.285414810243102
2026-08-05T02:56:00+00:00,22411541-S,Battery,CURRENT,V,8.290009277343751
2026-08-05T03:00:00+00:00,22411189-1,Temperature,CURRENT,°C,18.186992187500003
2026-08-05T03:00:00+00:00,22411189-2,RH,CURRENT,%,83.99481193255512
2026-08-05T03:00:00+00:00,22411189-3,Dew Point,CURRENT,°C,15.458503577451047
2026-08-05T03:00:00+00:00,22411190-1,Temperature,CURRENT,°C,18.830498046875
2026-08-05T03:00:00+00:00,22411190-2,RH,CURRENT,%,78.41000991836424
2026-08-05T03:00:00+00:00,22411190-3,Dew Point,CURRENT,°C,15.014274035845506
2026-08-05T03:00:00+00:00,22411191-1,Temperature,CURRENT,°C,20.4392626953125
2026-08-05T03:00:00+00:00,22411191-2,RH,CURRENT,%,72.0332646677348
2026-08-05T03:00:00+00:00,22411191-3,Dew Point,CURRENT,°C,15.248539044384056
2026-08-05T03:00:00+00:00,22411525-1,Temperature,CURRENT,°C,20.889716796875
2026-08-05T03:00:00+00:00,22411525-2,RH,CURRENT,%,68.65491721980621
2026-08-05T03:00:00+00:00,22411525-3,Dew Point,CURRENT,°C,14.932606769604647
2026-08-05T03:00:00+00:00,22411526-1,Temperature,CURRENT,°C,17.371884765625005
2026-08-05T03:00:00+00:00,22411526-2,RH,CURRENT,%,87.57915617608911
2026-08-05T03:00:00+00:00,22411526-3,Dew Point,CURRENT,°C,15.30949405347361
2026-08-05T03:00:00+00:00,22411527-1,Temperature,CURRENT,°C,21.21146972656249
2026-08-05T03:00:00+00:00,22411527-2,RH,CURRENT,%,67.5700007629511
2026-08-05T03:00:00+00:00,22411527-3,Dew Point,CURRENT,°C,14.992111287463514
2026-08-05T03:00:00+00:00,22411528-1,Temperature,CURRENT,°C,17.028681640624995
2026-08-05T03:00:00+00:00,22411528-2,RH,CURRENT,%,90.91325246051728
2026-08-05T03:00:00+00:00,22411528-3,Dew Point,CURRENT,°C,15.553744666274126
2026-08-05T03:00:00+00:00,22411529-1,Temperature,CURRENT,°C,16.1063232421875
2026-08-05T03:00:00+00:00,22411529-2,RH,CURRENT,%,96.50263218127718
2026-08-05T03:00:00+00:00,22411529-3,Dew Point,CURRENT,°C,15.569609623699096
2026-08-05T03:00:00+00:00,22411530-1,Temperature,CURRENT,°C,19.838657226562496
2026-08-05T03:00:00+00:00,22411530-2,RH,CURRENT,%,73.58052948805981
2026-08-05T03:00:00+00:00,22411530-3,Dew Point,CURRENT,°C,15.001188268638252
2026-08-05T03:01:00+00:00,22411541-S,Battery,CURRENT,V,8.290009277343751
2026-08-05T03:05:00+00:00,22411189-1,Temperature,CURRENT,°C,18.637446289062503
2026-08-05T03:05:00+00:00,22411189-2,RH,CURRENT,%,81.73495078965438
2026-08-05T03:05:00+00:00,22411189-3,Dew Point,CURRENT,°C,15.47345201385484
2026-08-05T03:05:00+00:00,22411190-1,Temperature,CURRENT,°C,19.130800781249995
2026-08-05T03:05:00+00:00,22411190-2,RH,CURRENT,%,76.8078126192111
2026-08-05T03:05:00+00:00,22411190-3,Dew Point,CURRENT,°C,14.984592038307131
2026-08-05T03:05:00+00:00,22411191-1,Temperature,CURRENT,°C,20.932617187499993
2026-08-05T03:05:00+00:00,22411191-2,RH,CURRENT,%,70.27084763866637
2026-08-05T03:05:00+00:00,22411191-3,Dew Point,CURRENT,°C,15.335942693199643
2026-08-05T03:05:00+00:00,22411525-1,Temperature,CURRENT,°C,21.21146972656249
2026-08-05T03:05:00+00:00,22411525-2,RH,CURRENT,%,67.48149843595026
2026-08-05T03:05:00+00:00,22411525-3,Dew Point,CURRENT,°C,14.971726304548904
2026-08-05T03:05:00+00:00,22411526-1,Temperature,CURRENT,°C,17.800888671874993
2026-08-05T03:05:00+00:00,22411526-2,RH,CURRENT,%,84.4083314259556
2026-08-05T03:05:00+00:00,22411526-3,Dew Point,CURRENT,°C,15.156518893801517
2026-08-05T03:05:00+00:00,22411527-1,Temperature,CURRENT,°C,21.447421874999996
2026-08-05T03:05:00+00:00,22411527-2,RH,CURRENT,%,66.91386282139315
2026-08-05T03:05:00+00:00,22411527-3,Dew Point,CURRENT,°C,15.065206200583047
2026-08-05T03:05:00+00:00,22411528-1,Temperature,CURRENT,°C,17.54348632812499
2026-08-05T03:05:00+00:00,22411528-2,RH,CURRENT,%,87.42504005493248
2026-08-05T03:05:00+00:00,22411528-3,Dew Point,CURRENT,°C,15.451071241471615
2026-08-05T03:05:00+00:00,22411529-1,Temperature,CURRENT,°C,16.170673828124997
2026-08-05T03:05:00+00:00,22411529-2,RH,CURRENT,%,95.59624628061341
2026-08-05T03:05:00+00:00,22411529-3,Dew Point,CURRENT,°C,15.486334527104004
2026-08-05T03:05:00+00:00,22411530-1,Temperature,CURRENT,°C,20.482163085937493
2026-08-05T03:05:00+00:00,22411530-2,RH,CURRENT,%,71.35423819333181
2026-08-05T03:05:00+00:00,22411530-3,Dew Point,CURRENT,°C,15.142204602735427
2026-08-05T03:06:00+00:00,22411541-S,Battery,CURRENT,V,8.290009277343751
2026-08-05T03:10:00+00:00,22411189-1,Temperature,CURRENT,°C,19.023549804687498
2026-08-05T03:10:00+00:00,22411189-2,RH,CURRENT,%,80.4974441138323
2026-08-05T03:10:00+00:00,22411189-3,Dew Point,CURRENT,°C,15.611907203750137
2026-08-05T03:10:00+00:00,22411190-1,Temperature,CURRENT,°C,19.495454101562494
2026-08-05T03:10:00+00:00,22411190-2,RH,CURRENT,%,75.61455710688945
2026-08-05T03:10:00+00:00,22411190-3,Dew Point,CURRENT,°C,15.09407137675312
2026-08-05T03:10:00+00:00,22411191-1,Temperature,CURRENT,°C,21.018417968749993
2026-08-05T03:10:00+00:00,22411191-2,RH,CURRENT,%,69.28053711757076
2026-08-05T03:10:00+00:00,22411191-3,Dew Point,CURRENT,°C,15.196863786033784
2026-08-05T03:10:00+00:00,22411525-1,Temperature,CURRENT,°C,21.275820312499995
2026-08-05T03:10:00+00:00,22411525-2,RH,CURRENT,%,66.59037155718319
2026-08-05T03:10:00+00:00,22411525-3,Dew Point,CURRENT,°C,14.826423061923764
2026-08-05T03:10:00+00:00,22411526-1,Temperature,CURRENT,°C,18.272792968750004
2026-08-05T03:10:00+00:00,22411526-2,RH,CURRENT,%,83.4882124055848
2026-08-05T03:10:00+00:00,22411526-3,Dew Point,CURRENT,°C,15.44812786907591
2026-08-05T03:10:00+00:00,22411527-1,Temperature,CURRENT,°C,21.468872070312493
2026-08-05T03:10:00+00:00,22411527-2,RH,CURRENT,%,66.09903105210957
2026-08-05T03:10:00+00:00,22411527-3,Dew Point,CURRENT,°C,14.895066739333547
2026-08-05T03:10:00+00:00,22411528-1,Temperature,CURRENT,°C,18.015390625000002
2026-08-05T03:10:00+00:00,22411528-2,RH,CURRENT,%,85.90524147402151
2026-08-05T03:10:00+00:00,22411528-3,Dew Point,CURRENT,°C,15.64143842332684
2026-08-05T03:10:00+00:00,22411529-1,Temperature,CURRENT,°C,16.428076171875
2026-08-05T03:10:00+00:00,22411529-2,RH,CURRENT,%,94.8027771419852
2026-08-05T03:10:00+00:00,22411529-3,Dew Point,CURRENT,°C,15.61236672063696
2026-08-05T03:10:00+00:00,22411530-1,Temperature,CURRENT,°C,20.589414062500005
2026-08-05T03:10:00+00:00,22411530-2,RH,CURRENT,%,70.20675974670024
2026-08-05T03:10:00+00:00,22411530-3,Dew Point,CURRENT,°C,14.992778457193081
2026-08-05T03:11:00+00:00,22411541-S,Battery,CURRENT,V,8.293239990234376
2026-08-05T03:15:00+00:00,22411189-1,Temperature,CURRENT,°C,18.809047851562504
2026-08-05T03:15:00+00:00,22411189-2,RH,CURRENT,%,80.97810330357824
2026-08-05T03:15:00+00:00,22411189-3,Dew Point,CURRENT,°C,15.495712272017395
2026-08-05T03:15:00+00:00,22411190-1,Temperature,CURRENT,°C,19.345302734375004
2026-08-05T03:15:00+00:00,22411190-2,RH,CURRENT,%,76.1547264820325
2026-08-05T03:15:00+00:00,22411190-3,Dew Point,CURRENT,°C,15.05954560470367
2026-08-05T03:15:00+00:00,22411191-1,Temperature,CURRENT,°C,20.632314453124998
2026-08-05T03:15:00+00:00,22411191-2,RH,CURRENT,%,71.14061188677806
2026-08-05T03:15:00+00:00,22411191-3,Dew Point,CURRENT,°C,15.239667070372121
2026-08-05T03:15:00+00:00,22411525-1,Temperature,CURRENT,°C,20.975517578125
2026-08-05T03:15:00+00:00,22411525-2,RH,CURRENT,%,67.96826123445487
2026-08-05T03:15:00+00:00,22411525-3,Dew Point,CURRENT,°C,14.858326775764189
2026-08-05T03:15:00+00:00,22411526-1,Temperature,CURRENT,°C,18.315693359374997
2026-08-05T03:15:00+00:00,22411526-2,RH,CURRENT,%,82.55283436331732
2026-08-05T03:15:00+00:00,22411526-3,Dew Point,CURRENT,°C,15.3143228669434
2026-08-05T03:15:00+00:00,22411527-1,Temperature,CURRENT,°C,21.2543701171875
2026-08-05T03:15:00+00:00,22411527-2,RH,CURRENT,%,66.98252841992829
2026-08-05T03:15:00+00:00,22411527-3,Dew Point,CURRENT,°C,14.89723249824971
2026-08-05T03:15:00+00:00,22411528-1,Temperature,CURRENT,°C,17.972490234374995
2026-08-05T03:15:00+00:00,22411528-2,RH,CURRENT,%,85.44594491493095
2026-08-05T03:15:00+00:00,22411528-3,Dew Point,CURRENT,°C,15.515511248266037
2026-08-05T03:15:00+00:00,22411529-1,Temperature,CURRENT,°C,16.621127929687496
2026-08-05T03:15:00+00:00,22411529-2,RH,CURRENT,%,93.334859235523
2026-08-05T03:15:00+00:00,22411529-3,Dew Point,CURRENT,°C,15.560395719750888
2026-08-05T03:15:00+00:00,22411530-1,Temperature,CURRENT,°C,20.096059570312498
2026-08-05T03:15:00+00:00,22411530-2,RH,CURRENT,%,72.8526741435874
2026-08-05T03:15:00+00:00,22411530-3,Dew Point,CURRENT,°C,15.094498321436955
2026-08-05T03:16:00+00:00,22411541-S,Battery,CURRENT,V,8.286778564453126
2026-08-05T03:20:00+00:00,22411189-1,Temperature,CURRENT,°C,19.1093505859375
2026-08-05T03:20:00+00:00,22411189-2,RH,CURRENT,%,78.02548256656749
2026-08-05T03:20:00+00:00,22411189-3,Dew Point,CURRENT,°C,15.208642766011387
2026-08-05T03:20:00+00:00,22411190-1,Temperature,CURRENT,°C,19.559804687499998
2026-08-05T03:20:00+00:00,22411190-2,RH,CURRENT,%,73.62478065156023
2026-08-05T03:20:00+00:00,22411190-3,Dew Point,CURRENT,°C,14.7416682111172
2026-08-05T03:20:00+00:00,22411191-1,Temperature,CURRENT,°C,21.018417968749993
2026-08-05T03:20:00+00:00,22411191-2,RH,CURRENT,%,68.9066910811017
2026-08-05T03:20:00+00:00,22411191-3,Dew Point,CURRENT,°C,15.112593443397817
2026-08-05T03:20:00+00:00,22411525-1,Temperature,CURRENT,°C,21.21146972656249
2026-08-05T03:20:00+00:00,22411525-2,RH,CURRENT,%,66.73685816739147
2026-08-05T03:20:00+00:00,22411525-3,Dew Point,CURRENT,°C,14.799276573717378
2026-08-05T03:20:00+00:00,22411526-1,Temperature,CURRENT,°C,18.444394531250005
2026-08-05T03:20:00+00:00,22411526-2,RH,CURRENT,%,80.41504539559014
2026-08-05T03:20:00+00:00,22411526-3,Dew Point,CURRENT,°C,15.031302290417434
2026-08-05T03:20:00+00:00,22411527-1,Temperature,CURRENT,°C,21.404521484375003
2026-08-05T03:20:00+00:00,22411527-2,RH,CURRENT,%,66.2180514229038
2026-08-05T03:20:00+00:00,22411527-3,Dew Point,CURRENT,°C,14.861806477061899
2026-08-05T03:20:00+00:00,22411528-1,Temperature,CURRENT,°C,18.1226416015625
2026-08-05T03:20:00+00:00,22411528-2,RH,CURRENT,%,83.79949645227741
2026-08-05T03:20:00+00:00,22411528-3,Dew Point,CURRENT,°C,15.359107029512145
2026-08-05T03:20:00+00:00,22411529-1,Temperature,CURRENT,°C,16.706928710937497
2026-08-05T03:20:00+00:00,22411529-2,RH,CURRENT,%,93.37605859464408
2026-08-05T03:20:00+00:00,22411529-3,Dew Point,CURRENT,°C,15.652503693049301
2026-08-05T03:20:00+00:00,22411530-1,Temperature,CURRENT,°C,20.632314453124998
2026-08-05T03:20:00+00:00,22411530-2,RH,CURRENT,%,69.58876935988403
2026-08-05T03:20:00+00:00,22411530-3,Dew Point,CURRENT,°C,14.896400703595427
2026-08-05T03:21:00+00:00,22411541-S,Battery,CURRENT,V,8.290009277343751
2026-08-05T03:25:00+00:00,22411189-1,Temperature,CURRENT,°C,19.002099609375
2026-08-05T03:25:00+00:00,22411189-2,RH,CURRENT,%,78.72281986724651
2026-08-05T03:25:00+00:00,22411189-3,Dew Point,CURRENT,°C,15.243077453031358
2026-08-05T03:25:00+00:00,22411190-1,Temperature,CURRENT,°C,19.474003906249997
2026-08-05T03:25:00+00:00,22411190-2,RH,CURRENT,%,74.51438162813764
2026-08-05T03:25:00+00:00,22411190-3,Dew Point,CURRENT,°C,14.845400082415566
2026-08-05T03:25:00+00:00,22411191-1,Temperature,CURRENT,°C,20.482163085937493
2026-08-05T03:25:00+00:00,22411191-2,RH,CURRENT,%,70.96055542839704
2026-08-05T03:25:00+00:00,22411191-3,Dew Point,CURRENT,°C,15.056074431504221
2026-08-05T03:25:00+00:00,22411525-1,Temperature,CURRENT,°C,20.718115234375
2026-08-05T03:25:00+00:00,22411525-2,RH,CURRENT,%,68.72205691615167
2026-08-05T03:25:00+00:00,22411525-3,Dew Point,CURRENT,°C,14.783770973555656
2026-08-05T03:25:00+00:00,22411526-1,Temperature,CURRENT,°C,18.487294921874998
2026-08-05T03:25:00+00:00,22411526-2,RH,CURRENT,%,80.16479743648432
2026-08-05T03:25:00+00:00,22411526-3,Dew Point,CURRENT,°C,15.024622911929876
2026-08-05T03:25:00+00:00,22411527-1,Temperature,CURRENT,°C,20.932617187499993
2026-08-05T03:25:00+00:00,22411527-2,RH,CURRENT,%,68.09491111619745
2026-08-05T03:25:00+00:00,22411527-3,Dew Point,CURRENT,°C,14.84629547292076
2026-08-05T03:25:00+00:00,22411528-1,Temperature,CURRENT,°C,18.058291015624995
2026-08-05T03:25:00+00:00,22411528-2,RH,CURRENT,%,83.77660791943237
2026-08-05T03:25:00+00:00,22411528-3,Dew Point,CURRENT,°C,15.29179122922684
2026-08-05T03:25:00+00:00,22411529-1,Temperature,CURRENT,°C,16.792729492187497
2026-08-05T03:25:00+00:00,22411529-2,RH,CURRENT,%,92.15686274509804
2026-08-05T03:25:00+00:00,22411529-3,Dew Point,CURRENT,°C,15.532242362409622
2026-08-05T03:25:00+00:00,22411530-1,Temperature,CURRENT,°C,20.13895996093749
2026-08-05T03:25:00+00:00,22411530-2,RH,CURRENT,%,71.6609445334554
2026-08-05T03:25:00+00:00,22411530-3,Dew Point,CURRENT,°C,14.879227785865705
2026-08-05T03:26:00+00:00,22411541-S,Battery,CURRENT,V,8.283547851562501
2026-08-05T03:30:00+00:00,22411189-1,Temperature,CURRENT,°C,19.15225097656249
2026-08-05T03:30:00+00:00,22411189-2,RH,CURRENT,%,78.36881055924316
2026-08-05T03:30:00+00:00,22411189-3,Dew Point,CURRENT,°C,15.31875934416963
2026-08-05T03:30:00+00:00,22411190-1,Temperature,CURRENT,°C,19.581254882812495
2026-08-05T03:30:00+00:00,22411190-2,RH,CURRENT,%,74.22446021210041
2026-08-05T03:30:00+00:00,22411190-3,Dew Point,CURRENT,°C,14.888365233660014
2026-08-05T03:30:00+00:00,22411191-1,Temperature,CURRENT,°C,20.482163085937493
2026-08-05T03:30:00+00:00,22411191-2,RH,CURRENT,%,70.93308918898299
2026-08-05T03:30:00+00:00,22411191-3,Dew Point,CURRENT,°C,15.050049726426993
2026-08-05T03:30:00+00:00,22411525-1,Temperature,CURRENT,°C,20.632314453124998
2026-08-05T03:30:00+00:00,22411525-2,RH,CURRENT,%,68.90058747234302
2026-08-05T03:30:00+00:00,22411525-3,Dew Point,CURRENT,°C,14.742022529044865
2026-08-05T03:30:00+00:00,22411526-1,Temperature,CURRENT,°C,18.594545898437495
2026-08-05T03:30:00+00:00,22411526-2,RH,CURRENT,%,80.18768596932937
2026-08-05T03:30:00+00:00,22411526-3,Dew Point,CURRENT,°C,15.1335854029082
2026-08-05T03:30:00+00:00,22411527-1,Temperature,CURRENT,°C,20.782465820312503
2026-08-05T03:30:00+00:00,22411527-2,RH,CURRENT,%,68.55878538185702
2026-08-05T03:30:00+00:00,22411527-3,Dew Point,CURRENT,°C,14.808333438626264
2026-08-05T03:30:00+00:00,22411528-1,Temperature,CURRENT,°C,18.272792968750004
2026-08-05T03:30:00+00:00,22411528-2,RH,CURRENT,%,83.04722667277028
2026-08-05T03:30:00+00:00,22411528-3,Dew Point,CURRENT,°C,15.365479708333977
2026-08-05T03:30:00+00:00,22411529-1,Temperature,CURRENT,°C,16.857080078125
2026-08-05T03:30:00+00:00,22411529-2,RH,CURRENT,%,90.96818493934539
2026-08-05T03:30:00+00:00,22411529-3,Dew Point,CURRENT,°C,15.393308228578386
2026-08-05T03:30:00+00:00,22411530-1,Temperature,CURRENT,°C,20.22476074218749
2026-08-05T03:30:00+00:00,22411530-2,RH,CURRENT,%,71.12535286488136
2026-08-05T03:30:00+00:00,22411530-3,Dew Point,CURRENT,°C,14.845067380907459
2026-08-05T03:31:00+00:00,22411541-S,Battery,CURRENT,V,8.283547851562501
2026-08-05T03:35:00+00:00,22411189-1,Temperature,CURRENT,°C,19.044999999999995
2026-08-05T03:35:00+00:00,22411189-2,RH,CURRENT,%,78.50614175631343
2026-08-05T03:35:00+00:00,22411189-3,Dew Point,CURRENT,°C,15.241824685471736
2026-08-05T03:35:00+00:00,22411190-1,Temperature,CURRENT,°C,19.474003906249997
2026-08-05T03:35:00+00:00,22411190-2,RH,CURRENT,%,74.50980392156863
2026-08-05T03:35:00+00:00,22411190-3,Dew Point,CURRENT,°C,14.84444558412331
2026-08-05T03:35:00+00:00,22411191-1,Temperature,CURRENT,°C,20.374912109374996
2026-08-05T03:35:00+00:00,22411191-2,RH,CURRENT,%,71.54192416266118
2026-08-05T03:35:00+00:00,22411191-3,Dew Point,CURRENT,°C,15.080083760070272
2026-08-05T03:35:00+00:00,22411525-1,Temperature,CURRENT,°C,20.546513671874997
2026-08-05T03:35:00+00:00,22411525-2,RH,CURRENT,%,69.38582436865796
2026-08-05T03:35:00+00:00,22411525-3,Dew Point,CURRENT,°C,14.768897347135656
2026-08-05T03:35:00+00:00,22411526-1,Temperature,CURRENT,°C,18.53019531249999
2026-08-05T03:35:00+00:00,22411526-2,RH,CURRENT,%,79.7436484321355
2026-08-05T03:35:00+00:00,22411526-3,Dew Point,CURRENT,°C,14.984475918973487
2026-08-05T03:35:00+00:00,22411527-1,Temperature,CURRENT,°C,20.718115234375
2026-08-05T03:35:00+00:00,22411527-2,RH,CURRENT,%,69.08064393072404
2026-08-05T03:35:00+00:00,22411527-3,Dew Point,CURRENT,°C,14.86461547003649
2026-08-05T03:35:00+00:00,22411528-1,Temperature,CURRENT,°C,18.186992187500003
2026-08-05T03:35:00+00:00,22411528-2,RH,CURRENT,%,82.70084687571527
2026-08-05T03:35:00+00:00,22411528-3,Dew Point,CURRENT,°C,15.216354347330064
2026-08-05T03:35:00+00:00,22411529-1,Temperature,CURRENT,°C,16.942880859374995
2026-08-05T03:35:00+00:00,22411529-2,RH,CURRENT,%,92.78858625162127
2026-08-05T03:35:00+00:00,22411529-3,Dew Point,CURRENT,°C,15.788007809233
2026-08-05T03:35:00+00:00,22411530-1,Temperature,CURRENT,°C,20.096059570312498
2026-08-05T03:35:00+00:00,22411530-2,RH,CURRENT,%,71.76775768673228
2026-08-05T03:35:00+00:00,22411530-3,Dew Point,CURRENT,°C,14.86114412123669
2026-08-05T03:36:00+00:00,22411541-S,Battery,CURRENT,V,8.273855712890626
2026-08-05T03:40:00+00:00,22411189-1,Temperature,CURRENT,°C,18.723247070312503
2026-08-05T03:40:00+00:00,22411189-2,RH,CURRENT,%,81.37788967727168
2026-08-05T03:40:00+00:00,22411189-3,Dew Point,CURRENT,°C,15.488878466728616
2026-08-05T03:40:00+00:00,22411190-1,Temperature,CURRENT,°C,19.173701171875003
2026-08-05T03:40:00+00:00,22411190-2,RH,CURRENT,%,77.03212024109254
2026-08-05T03:40:00+00:00,22411190-3,Dew Point,CURRENT,°C,15.071555828725884
2026-08-05T03:40:00+00:00,22411191-1,Temperature,CURRENT,°C,20.074609375
2026-08-05T03:40:00+00:00,22411191-2,RH,CURRENT,%,73.87655451285572
2026-08-05T03:40:00+00:00,22411191-3,Dew Point,CURRENT,°C,15.29125603805353
2026-08-05T03:40:00+00:00,22411525-1,Temperature,CURRENT,°C,20.22476074218749
2026-08-05T03:40:00+00:00,22411525-2,RH,CURRENT,%,71.34203097581445
2026-08-05T03:40:00+00:00,22411525-3,Dew Point,CURRENT,°C,14.892335210637638
2026-08-05T03:40:00+00:00,22411526-1,Temperature,CURRENT,°C,18.2942431640625
2026-08-05T03:40:00+00:00,22411526-2,RH,CURRENT,%,81.97146562905317
2026-08-05T03:40:00+00:00,22411526-3,Dew Point,CURRENT,°C,15.183199639408429
2026-08-05T03:40:00+00:00,22411527-1,Temperature,CURRENT,°C,20.374912109374996
2026-08-05T03:40:00+00:00,22411527-2,RH,CURRENT,%,70.91935606927596
2026-08-05T03:40:00+00:00,22411527-3,Dew Point,CURRENT,°C,14.944111131820366
2026-08-05T03:40:00+00:00,22411528-1,Temperature,CURRENT,°C,17.92958984375
2026-08-05T03:40:00+00:00,22411528-2,RH,CURRENT,%,84.71808957045853
2026-08-05T03:40:00+00:00,22411528-3,Dew Point,CURRENT,°C,15.339868290780354
2026-08-05T03:40:00+00:00,22411529-1,Temperature,CURRENT,°C,16.835629882812498
2026-08-05T03:40:00+00:00,22411529-2,RH,CURRENT,%,91.53887235828184
2026-08-05T03:40:00+00:00,22411529-3,Dew Point,CURRENT,°C,15.469681219273332
2026-08-05T03:40:00+00:00,22411530-1,Temperature,CURRENT,°C,19.752856445312496
2026-08-05T03:40:00+00:00,22411530-2,RH,CURRENT,%,74.59067673762112
2026-08-05T03:40:00+00:00,22411530-3,Dew Point,CURRENT,°C,15.130608628880632
2026-08-05T03:41:00+00:00,22411541-S,Battery,CURRENT,V,8.273855712890626
2026-08-05T03:45:00+00:00,22411189-1,Temperature,CURRENT,°C,17.972490234374995
2026-08-05T03:45:00+00:00,22411189-2,RH,CURRENT,%,83.45464255741207
2026-08-05T03:45:00+00:00,22411189-3,Dew Point,CURRENT,°C,15.147736231019655
2026-08-05T03:45:00+00:00,22411190-1,Temperature,CURRENT,°C,18.4658447265625
2026-08-05T03:45:00+00:00,22411190-2,RH,CURRENT,%,78.88761730373083
2026-08-05T03:45:00+00:00,22411190-3,Dew Point,CURRENT,°C,14.754132317262705
2026-08-05T03:45:00+00:00,22411191-1,Temperature,CURRENT,°C,19.323852539062493
2026-08-05T03:45:00+00:00,22411191-2,RH,CURRENT,%,75.83733882658122
2026-08-05T03:45:00+00:00,22411191-3,Dew Point,CURRENT,°C,14.9738064824138
2026-08-05T03:45:00+00:00,22411525-1,Temperature,CURRENT,°C,19.495454101562494
2026-08-05T03:45:00+00:00,22411525-2,RH,CURRENT,%,73.59884031433585
2026-08-05T03:45:00+00:00,22411525-3,Dew Point,CURRENT,°C,14.674151386730514
2026-08-05T03:45:00+00:00,22411526-1,Temperature,CURRENT,°C,17.650737304687503
2026-08-05T03:45:00+00:00,22411526-2,RH,CURRENT,%,84.39765011062791
2026-08-05T03:45:00+00:00,22411526-3,Dew Point,CURRENT,°C,15.007282408931035
2026-08-05T03:45:00+00:00,22411527-1,Temperature,CURRENT,°C,19.667055664062495
2026-08-05T03:45:00+00:00,22411527-2,RH,CURRENT,%,73.19447623407339
2026-08-05T03:45:00+00:00,22411527-3,Dew Point,CURRENT,°C,14.75404428663834
2026-08-05T03:45:00+00:00,22411528-1,Temperature,CURRENT,°C,17.2217333984375
2026-08-05T03:45:00+00:00,22411528-2,RH,CURRENT,%,87.75005722133211
2026-08-05T03:45:00+00:00,22411528-3,Dew Point,CURRENT,°C,15.191918975827605
2026-08-05T03:45:00+00:00,22411529-1,Temperature,CURRENT,°C,16.4709765625
2026-08-05T03:45:00+00:00,22411529-2,RH,CURRENT,%,92.71076523994812
2026-08-05T03:45:00+00:00,22411529-3,Dew Point,CURRENT,°C,15.306621274242735
2026-08-05T03:45:00+00:00,22411530-1,Temperature,CURRENT,°C,18.980649414062505
2026-08-05T03:45:00+00:00,22411530-2,RH,CURRENT,%,76.47516594186312
2026-08-05T03:45:00+00:00,22411530-3,Dew Point,CURRENT,°C,14.771633392853156
2026-08-05T03:46:00+00:00,22411541-S,Battery,CURRENT,V,8.286778564453126
2026-08-05T03:50:00+00:00,22411189-1,Temperature,CURRENT,°C,18.144091796874996
2026-08-05T03:50:00+00:00,22411189-2,RH,CURRENT,%,82.0965896086061
2026-08-05T03:50:00+00:00,22411189-3,Dew Point,CURRENT,°C,15.060204307215157
2026-08-05T03:50:00+00:00,22411190-1,Temperature,CURRENT,°C,18.701796874999992
2026-08-05T03:50:00+00:00,22411190-2,RH,CURRENT,%,77.67910276951247
2026-08-05T03:50:00+00:00,22411190-3,Dew Point,CURRENT,°C,14.743726200874345
2026-08-05T03:50:00+00:00,22411191-1,Temperature,CURRENT,°C,19.581254882812495
2026-08-05T03:50:00+00:00,22411191-2,RH,CURRENT,%,75.09575036240177
2026-08-05T03:50:00+00:00,22411191-3,Dew Point,CURRENT,°C,15.06987268953315
2026-08-05T03:50:00+00:00,22411525-1,Temperature,CURRENT,°C,19.752856445312496
2026-08-05T03:50:00+00:00,22411525-2,RH,CURRENT,%,72.80079346913863
2026-08-05T03:50:00+00:00,22411525-3,Dew Point,CURRENT,°C,14.752957750983478
2026-08-05T03:50:00+00:00,22411526-1,Temperature,CURRENT,°C,17.54348632812499
2026-08-05T03:50:00+00:00,22411526-2,RH,CURRENT,%,83.8803692683299
2026-08-05T03:50:00+00:00,22411526-3,Dew Point,CURRENT,°C,14.806566750411015
2026-08-05T03:50:00+00:00,22411527-1,Temperature,CURRENT,°C,19.9030078125
2026-08-05T03:50:00+00:00,22411527-2,RH,CURRENT,%,72.47730220492866
2026-08-05T03:50:00+00:00,22411527-3,Dew Point,CURRENT,°C,14.82833180155861
2026-08-05T03:50:00+00:00,22411528-1,Temperature,CURRENT,°C,17.178833007812493
2026-08-05T03:50:00+00:00,22411528-2,RH,CURRENT,%,87.04814221408408
2026-08-05T03:50:00+00:00,22411528-3,Dew Point,CURRENT,°C,15.0246228784443
2026-08-05T03:50:00+00:00,22411529-1,Temperature,CURRENT,°C,16.2779248046875
2026-08-05T03:50:00+00:00,22411529-2,RH,CURRENT,%,92.8572518501564
2026-08-05T03:50:00+00:00,22411529-3,Dew Point,CURRENT,°C,15.139644345050087
2026-08-05T03:50:00+00:00,22411530-1,Temperature,CURRENT,°C,19.2809521484375
2026-08-05T03:50:00+00:00,22411530-2,RH,CURRENT,%,75.37499046311132
2026-08-05T03:50:00+00:00,22411530-3,Dew Point,CURRENT,°C,14.837248547507967
2026-08-05T03:51:00+00:00,22411541-S,Battery,CURRENT,V,8.273855712890626
2026-08-05T03:55:00+00:00,22411189-1,Temperature,CURRENT,°C,18.229892578124996
2026-08-05T03:55:00+00:00,22411189-2,RH,CURRENT,%,82.06759746700237
2026-08-05T03:55:00+00:00,22411189-3,Dew Point,CURRENT,°C,15.138566024751977
2026-08-05T03:55:00+00:00,22411190-1,Temperature,CURRENT,°C,18.723247070312503
2026-08-05T03:55:00+00:00,22411190-2,RH,CURRENT,%,77.778286411841
2026-08-05T03:55:00+00:00,22411190-3,Dew Point,CURRENT,°C,14.784362248267623
2026-08-05T03:55:00+00:00,22411191-1,Temperature,CURRENT,°C,19.559804687499998
2026-08-05T03:55:00+00:00,22411191-2,RH,CURRENT,%,75.30174715800717
2026-08-05T03:55:00+00:00,22411191-3,Dew Point,CURRENT,°C,15.091775651920756
2026-08-05T03:55:00+00:00,22411525-1,Temperature,CURRENT,°C,19.68850585937499
2026-08-05T03:55:00+00:00,22411525-2,RH,CURRENT,%,73.24025329976348
2026-08-05T03:55:00+00:00,22411525-3,Dew Point,CURRENT,°C,14.784420708402024
2026-08-05T03:55:00+00:00,22411526-1,Temperature,CURRENT,°C,17.58638671875
2026-08-05T03:55:00+00:00,22411526-2,RH,CURRENT,%,83.99481193255512
2026-08-05T03:55:00+00:00,22411526-3,Dew Point,CURRENT,°C,14.869796638122335
2026-08-05T03:55:00+00:00,22411527-1,Temperature,CURRENT,°C,19.81720703125
2026-08-05T03:55:00+00:00,22411527-2,RH,CURRENT,%,72.93049515526054
2026-08-05T03:55:00+00:00,22411527-3,Dew Point,CURRENT,°C,14.842570326221752
2026-08-05T03:55:00+00:00,22411528-1,Temperature,CURRENT,°C,17.200283203125004
2026-08-05T03:55:00+00:00,22411528-2,RH,CURRENT,%,87.15495536736096
2026-08-05T03:55:00+00:00,22411528-3,Dew Point,CURRENT,°C,15.064826207888826
2026-08-05T03:55:00+00:00,22411529-1,Temperature,CURRENT,°C,16.1921240234375
2026-08-05T03:55:00+00:00,22411529-2,RH,CURRENT,%,93.50881208514534
2026-08-05T03:55:00+00:00,22411529-3,Dew Point,CURRENT,°C,15.163352392716451
2026-08-05T03:55:00+00:00,22411530-1,Temperature,CURRENT,°C,19.345302734375004
2026-08-05T03:55:00+00:00,22411530-2,RH,CURRENT,%,75.20256351567865
2026-08-05T03:55:00+00:00,22411530-3,Dew Point,CURRENT,°C,14.863886902638857
2026-08-05T03:56:00+00:00,22411541-S,Battery,CURRENT,V,8.273855712890626
2026-08-05T04:00:00+00:00,22411189-1,Temperature,CURRENT,°C,18.53019531249999
2026-08-05T04:00:00+00:00,22411189-2,RH,CURRENT,%,81.30006866559853
2026-08-05T04:00:00+00:00,22411189-3,Dew Point,CURRENT,°C,15.28548350777884
2026-08-05T04:00:00+00:00,22411190-1,Temperature,CURRENT,°C,18.980649414062505
2026-08-05T04:00:00+00:00,22411190-2,RH,CURRENT,%,77.27473868925001
2026-08-05T04:00:00+00:00,22411190-3,Dew Point,CURRENT,°C,14.9332391399979
2026-08-05T04:00:00+00:00,22411191-1,Temperature,CURRENT,°C,19.60270507812499
2026-08-05T04:00:00+00:00,22411191-2,RH,CURRENT,%,75.5870908674754
2026-08-05T04:00:00+00:00,22411191-3,Dew Point,CURRENT,°C,15.192166098274715
2026-08-05T04:00:00+00:00,22411525-1,Temperature,CURRENT,°C,19.667055664062495
2026-08-05T04:00:00+00:00,22411525-2,RH,CURRENT,%,73.63088426031891
2026-08-05T04:00:00+00:00,22411525-3,Dew Point,CURRENT,°C,14.846370085354195
2026-08-05T04:00:00+00:00,22411526-1,Temperature,CURRENT,°C,17.736538085937504
2026-08-05T04:00:00+00:00,22411526-2,RH,CURRENT,%,83.77203021286336
2026-08-05T04:00:00+00:00,22411526-3,Dew Point,CURRENT,°C,14.975663993738648
2026-08-05T04:00:00+00:00,22411527-1,Temperature,CURRENT,°C,19.795756835937503
2026-08-05T04:00:00+00:00,22411527-2,RH,CURRENT,%,73.50118257419699
2026-08-05T04:00:00+00:00,22411527-3,Dew Point,CURRENT,°C,14.943049720140218
2026-08-05T04:00:00+00:00,22411528-1,Temperature,CURRENT,°C,17.264633789062493
2026-08-05T04:00:00+00:00,22411528-2,RH,CURRENT,%,86.89250019073778
2026-08-05T04:00:00+00:00,22411528-3,Dew Point,CURRENT,°C,15.081239543674828
2026-08-05T04:00:00+00:00,22411529-1,Temperature,CURRENT,°C,16.1063232421875
2026-08-05T04:00:00+00:00,22411529-2,RH,CURRENT,%,93.87045090409704
2026-08-05T04:00:00+00:00,22411529-3,Dew Point,CURRENT,°C,15.138219288365129
2026-08-05T04:00:00+00:00,22411530-1,Temperature,CURRENT,°C,19.4525537109375
2026-08-05T04:00:00+00:00,22411530-2,RH,CURRENT,%,75.30632486457618
2026-08-05T04:00:00+00:00,22411530-3,Dew Point,CURRENT,°C,14.989018647058511
2026-08-05T04:01:00+00:00,22411541-S,Battery,CURRENT,V,8.273855712890626
2026-08-05T04:05:00+00:00,22411189-1,Temperature,CURRENT,°C,18.144091796874996
2026-08-05T04:05:00+00:00,22411189-2,RH,CURRENT,%,82.59098191805906
2026-08-05T04:05:00+00:00,22411189-3,Dew Point,CURRENT,°C,15.153679601080146
2026-08-05T04:05:00+00:00,22411190-1,Temperature,CURRENT,°C,18.701796874999992
2026-08-05T04:05:00+00:00,22411190-2,RH,CURRENT,%,78.50308995193409
2026-08-05T04:05:00+00:00,22411190-3,Dew Point,CURRENT,°C,14.90763818517933
2026-08-05T04:05:00+00:00,22411191-1,Temperature,CURRENT,°C,19.474003906249997
2026-08-05T04:05:00+00:00,22411191-2,RH,CURRENT,%,76.79865720607309
2026-08-05T04:05:00+00:00,22411191-3,Dew Point,CURRENT,°C,15.315400490896002
2026-08-05T04:05:00+00:00,22411525-1,Temperature,CURRENT,°C,19.624155273437502
2026-08-05T04:05:00+00:00,22411525-2,RH,CURRENT,%,74.1145952544442
2026-08-05T04:05:00+00:00,22411525-3,Dew Point,CURRENT,°C,14.906745038611518
2026-08-05T04:05:00+00:00,22411526-1,Temperature,CURRENT,°C,17.479135742187502
2026-08-05T04:05:00+00:00,22411526-2,RH,CURRENT,%,84.448004882887
2026-08-05T04:05:00+00:00,22411526-3,Dew Point,CURRENT,°C,14.848243584643699
2026-08-05T04:05:00+00:00,22411527-1,Temperature,CURRENT,°C,19.774306640624992
2026-08-05T04:05:00+00:00,22411527-2,RH,CURRENT,%,73.64003967345693
2026-08-05T04:05:00+00:00,22411527-3,Dew Point,CURRENT,°C,14.951716768383303
2026-08-05T04:05:00+00:00,22411528-1,Temperature,CURRENT,°C,16.89998046875
2026-08-05T04:05:00+00:00,22411528-2,RH,CURRENT,%,88.01098649576562
2026-08-05T04:05:00+00:00,22411528-3,Dew Point,CURRENT,°C,14.920966789180747
2026-08-05T04:05:00+00:00,22411529-1,Temperature,CURRENT,°C,16.041972656249996
2026-08-05T04:05:00+00:00,22411529-2,RH,CURRENT,%,94.2397192339971
2026-08-05T04:05:00+00:00,22411529-3,Dew Point,CURRENT,°C,15.135390614223288
2026-08-05T04:05:00+00:00,22411530-1,Temperature,CURRENT,°C,19.130800781249995
2026-08-05T04:05:00+00:00,22411530-2,RH,CURRENT,%,77.19691767757686
2026-08-05T04:05:00+00:00,22411530-3,Dew Point,CURRENT,°C,15.063212039212694
2026-08-05T04:06:00+00:00,22411541-S,Battery,CURRENT,V,8.280317138671876
2026-08-05T04:10:00+00:00,22411189-1,Temperature,CURRENT,°C,17.328984374999997
2026-08-05T04:10:00+00:00,22411189-2,RH,CURRENT,%,86.37674525062944
2026-08-05T04:10:00+00:00,22411189-3,Dew Point,CURRENT,°C,15.051903948928372
2026-08-05T04:10:00+00:00,22411190-1,Temperature,CURRENT,°C,17.908139648437505
2026-08-05T04:10:00+00:00,22411190-2,RH,CURRENT,%,81.3870450904097
2026-08-05T04:10:00+00:00,22411190-3,Dew Point,CURRENT,°C,14.694805166380842
2026-08-05T04:10:00+00:00,22411191-1,Temperature,CURRENT,°C,18.61599609374999
2026-08-05T04:10:00+00:00,22411191-2,RH,CURRENT,%,79.50560769054704
2026-08-05T04:10:00+00:00,22411191-3,Dew Point,CURRENT,°C,15.021514490368581
2026-08-05T04:10:00+00:00,22411525-1,Temperature,CURRENT,°C,19.044999999999995
2026-08-05T04:10:00+00:00,22411525-2,RH,CURRENT,%,76.14404516670481
2026-08-05T04:10:00+00:00,22411525-3,Dew Point,CURRENT,°C,14.766585535599114
2026-08-05T04:10:00+00:00,22411526-1,Temperature,CURRENT,°C,16.942880859374995
2026-08-05T04:10:00+00:00,22411526-2,RH,CURRENT,%,86.73838406958114
2026-08-05T04:10:00+00:00,22411526-3,Dew Point,CURRENT,°C,14.736961809828355
2026-08-05T04:10:00+00:00,22411527-1,Temperature,CURRENT,°C,19.323852539062493
2026-08-05T04:10:00+00:00,22411527-2,RH,CURRENT,%,75.50316624704357
2026-08-05T04:10:00+00:00,22411527-3,Dew Point,CURRENT,°C,14.905143063007138
2026-08-05T04:10:00+00:00,22411528-1,Temperature,CURRENT,°C,16.4709765625
2026-08-05T04:10:00+00:00,22411528-2,RH,CURRENT,%,90.1991302357519
2026-08-05T04:10:00+00:00,22411528-3,Dew Point,CURRENT,°C,14.879075559218668
2026-08-05T04:10:00+00:00,22411529-1,Temperature,CURRENT,°C,16.041972656249996
2026-08-05T04:10:00+00:00,22411529-2,RH,CURRENT,%,95.27122911421378
2026-08-05T04:10:00+00:00,22411529-3,Dew Point,CURRENT,°C,15.305026240803043
2026-08-05T04:10:00+00:00,22411530-1,Temperature,CURRENT,°C,18.1226416015625
2026-08-05T04:10:00+00:00,22411530-2,RH,CURRENT,%,80.69123369192035
2026-08-05T04:10:00+00:00,22411530-3,Dew Point,CURRENT,°C,14.770848970729391
2026-08-05T04:11:00+00:00,22411541-S,Battery,CURRENT,V,8.273855712890626
2026-08-05T04:15:00+00:00,22411189-1,Temperature,CURRENT,°C,16.706928710937497
2026-08-05T04:15:00+00:00,22411189-2,RH,CURRENT,%,89.71847104600594
2026-08-05T04:15:00+00:00,22411189-3,Dew Point,CURRENT,°C,15.029250475971304
2026-08-05T04:15:00+00:00,22411190-1,Temperature,CURRENT,°C,17.45768554687499
2026-08-05T04:15:00+00:00,22411190-2,RH,CURRENT,%,84.06958113984894
2026-08-05T04:15:00+00:00,22411190-3,Dew Point,CURRENT,°C,14.757454839510823
2026-08-05T04:15:00+00:00,22411191-1,Temperature,CURRENT,°C,18.680346679687496
2026-08-05T04:15:00+00:00,22411191-2,RH,CURRENT,%,79.34538796063173
2026-08-05T04:15:00+00:00,22411191-3,Dew Point,CURRENT,°C,15.052763968134173
2026-08-05T04:15:00+00:00,22411525-1,Temperature,CURRENT,°C,18.959199218749994
2026-08-05T04:15:00+00:00,22411525-2,RH,CURRENT,%,76.3607232776379
2026-08-05T04:15:00+00:00,22411525-3,Dew Point,CURRENT,°C,14.727604034515647
2026-08-05T04:15:00+00:00,22411526-1,Temperature,CURRENT,°C,16.3208251953125
2026-08-05T04:15:00+00:00,22411526-2,RH,CURRENT,%,89.3339436942092
2026-08-05T04:15:00+00:00,22411526-3,Dew Point,CURRENT,°C,14.581066026453154
2026-08-05T04:15:00+00:00,22411527-1,Temperature,CURRENT,°C,19.130800781249995
2026-08-05T04:15:00+00:00,22411527-2,RH,CURRENT,%,75.82970931563287
2026-08-05T04:15:00+00:00,22411527-3,Dew Point,CURRENT,°C,14.785409579714745
2026-08-05T04:15:00+00:00,22411528-1,Temperature,CURRENT,°C,16.041972656249996
2026-08-05T04:15:00+00:00,22411528-2,RH,CURRENT,%,91.96459906919966
2026-08-05T04:15:00+00:00,22411528-3,Dew Point,CURRENT,°C,14.755406516091156
2026-08-05T04:15:00+00:00,22411529-1,Temperature,CURRENT,°C,15.913271484374995
2026-08-05T04:15:00+00:00,22411529-2,RH,CURRENT,%,95.52300297550927
2026-08-05T04:15:00+00:00,22411529-3,Dew Point,CURRENT,°C,15.218006935889361
2026-08-05T04:15:00+00:00,22411530-1,Temperature,CURRENT,°C,18.058291015624995
2026-08-05T04:15:00+00:00,22411530-2,RH,CURRENT,%,80.97810330357824
2026-08-05T04:15:00+00:00,22411530-3,Dew Point,CURRENT,°C,14.763174255239377
2026-08-05T04:16:00+00:00,22411541-S,Battery,CURRENT,V,8.270625
2026-08-05T04:20:00+00:00,22411189-1,Temperature,CURRENT,°C,16.749829101562497
2026-08-05T04:20:00+00:00,22411189-2,RH,CURRENT,%,91.85626001373312
2026-08-05T04:20:00+00:00,22411189-3,Dew Point,CURRENT,°C,15.438695342997184
2026-08-05T04:20:00+00:00,22411190-1,Temperature,CURRENT,°C,17.3075341796875
2026-08-05T04:20:00+00:00,22411190-2,RH,CURRENT,%,86.79179064621958
2026-08-05T04:20:00+00:00,22411190-3,Dew Point,CURRENT,°C,15.10541207150512
2026-08-05T04:20:00+00:00,22411191-1,Temperature,CURRENT,°C,18.487294921874998
2026-08-05T04:20:00+00:00,22411191-2,RH,CURRENT,%,82.12252994583048
2026-08-05T04:20:00+00:00,22411191-3,Dew Point,CURRENT,°C,15.400579055845425
2026-08-05T04:20:00+00:00,22411525-1,Temperature,CURRENT,°C,18.744697265625
2026-08-05T04:20:00+00:00,22411525-2,RH,CURRENT,%,78.58548867017625
2026-08-05T04:20:00+00:00,22411525-3,Dew Point,CURRENT,°C,14.965649987579887
2026-08-05T04:20:00+00:00,22411526-1,Temperature,CURRENT,°C,16.170673828124997
2026-08-05T04:20:00+00:00,22411526-2,RH,CURRENT,%,92.0485236896315
2026-08-05T04:20:00+00:00,22411526-3,Dew Point,CURRENT,°C,14.89716489216686
2026-08-05T04:20:00+00:00,22411527-1,Temperature,CURRENT,°C,18.980649414062505
2026-08-05T04:20:00+00:00,22411527-2,RH,CURRENT,%,77.53109025711451
2026-08-05T04:20:00+00:00,22411527-3,Dew Point,CURRENT,°C,14.98474127716477
2026-08-05T04:20:00+00:00,22411528-1,Temperature,CURRENT,°C,15.9776220703125
2026-08-05T04:20:00+00:00,22411528-2,RH,CURRENT,%,93.85976958876935
2026-08-05T04:20:00+00:00,22411528-3,Dew Point,CURRENT,°C,15.008544670852887
2026-08-05T04:20:00+00:00,22411529-1,Temperature,CURRENT,°C,15.677319335937497
2026-08-05T04:20:00+00:00,22411529-2,RH,CURRENT,%,95.4314488441291
2026-08-05T04:20:00+00:00,22411529-3,Dew Point,CURRENT,°C,14.968095980250302
2026-08-05T04:20:00+00:00,22411530-1,Temperature,CURRENT,°C,18.0368408203125
2026-08-05T04:20:00+00:00,22411530-2,RH,CURRENT,%,83.01060502021821
2026-08-05T04:20:00+00:00,22411530-3,Dew Point,CURRENT,°C,15.127662234245992
2026-08-05T04:21:00+00:00,22411541-S,Battery,CURRENT,V,8.280317138671876
2026-08-05T04:25:00+00:00,22411189-1,Temperature,CURRENT,°C,16.685478515625
2026-08-05T04:25:00+00:00,22411189-2,RH,CURRENT,%,91.97528038452735
2026-08-05T04:25:00+00:00,22411189-3,Dew Point,CURRENT,°C,15.395119623286668
2026-08-05T04:25:00+00:00,22411190-1,Temperature,CURRENT,°C,17.178833007812493
2026-08-05T04:25:00+00:00,22411190-2,RH,CURRENT,%,86.64225223163196
2026-08-05T04:25:00+00:00,22411190-3,Dew Point,CURRENT,°C,14.95192693588633
2026-08-05T04:25:00+00:00,22411191-1,Temperature,CURRENT,°C,18.573095703125
2026-08-05T04:25:00+00:00,22411191-2,RH,CURRENT,%,81.96231021591515
2026-08-05T04:25:00+00:00,22411191-3,Dew Point,CURRENT,°C,15.453950511035988
2026-08-05T04:25:00+00:00,22411525-1,Temperature,CURRENT,°C,18.787597656249993
2026-08-05T04:25:00+00:00,22411525-2,RH,CURRENT,%,78.9196612497139
2026-08-05T04:25:00+00:00,22411525-3,Dew Point,CURRENT,°C,15.073382152477327
2026-08-05T04:25:00+00:00,22411526-1,Temperature,CURRENT,°C,16.0634228515625
2026-08-05T04:25:00+00:00,22411526-2,RH,CURRENT,%,92.16601815823606
2026-08-05T04:25:00+00:00,22411526-3,Dew Point,CURRENT,°C,14.81064694568609
2026-08-05T04:25:00+00:00,22411527-1,Temperature,CURRENT,°C,18.959199218749994
2026-08-05T04:25:00+00:00,22411527-2,RH,CURRENT,%,78.31540398260472
2026-08-05T04:25:00+00:00,22411527-3,Dew Point,CURRENT,°C,15.120548837743018
2026-08-05T04:25:00+00:00,22411528-1,Temperature,CURRENT,°C,15.848920898437498
2026-08-05T04:25:00+00:00,22411528-2,RH,CURRENT,%,93.68276493476768
2026-08-05T04:25:00+00:00,22411528-3,Dew Point,CURRENT,°C,14.851309621596696
2026-08-05T04:25:00+00:00,22411529-1,Temperature,CURRENT,°C,15.655869140625
2026-08-05T04:25:00+00:00,22411529-2,RH,CURRENT,%,96.33173113603418
2026-08-05T04:25:00+00:00,22411529-3,Dew Point,CURRENT,°C,15.09281874497585
2026-08-05T04:25:00+00:00,22411530-1,Temperature,CURRENT,°C,18.165541992187492
2026-08-05T04:25:00+00:00,22411530-2,RH,CURRENT,%,82.76798657206074
2026-08-05T04:25:00+00:00,22411530-3,Dew Point,CURRENT,°C,15.208013490546643
2026-08-05T04:26:00+00:00,22411541-S,Battery,CURRENT,V,8.270625
2026-08-05T04:30:00+00:00,22411189-1,Temperature,CURRENT,°C,16.685478515625
2026-08-05T04:30:00+00:00,22411189-2,RH,CURRENT,%,91.51750972762646
2026-08-05T04:30:00+00:00,22411189-3,Dew Point,CURRENT,°C,15.317285419307195
2026-08-05T04:30:00+00:00,22411190-1,Temperature,CURRENT,°C,17.178833007812493
2026-08-05T04:30:00+00:00,22411190-2,RH,CURRENT,%,86.0822461280232
2026-08-05T04:30:00+00:00,22411190-3,Dew Point,CURRENT,°C,14.851136583802706
2026-08-05T04:30:00+00:00,22411191-1,Temperature,CURRENT,°C,18.487294921874998
2026-08-05T04:30:00+00:00,22411191-2,RH,CURRENT,%,81.48317692835889
2026-08-05T04:30:00+00:00,22411191-3,Dew Point,CURRENT,°C,15.278672178543031
2026-08-05T04:30:00+00:00,22411525-1,Temperature,CURRENT,°C,18.701796874999992
2026-08-05T04:30:00+00:00,22411525-2,RH,CURRENT,%,78.73197528038453
2026-08-05T04:30:00+00:00,22411525-3,Dew Point,CURRENT,°C,14.952901494495524
2026-08-05T04:30:00+00:00,22411526-1,Temperature,CURRENT,°C,15.956171874999995
2026-08-05T04:30:00+00:00,22411526-2,RH,CURRENT,%,93.06477454795147
2026-08-05T04:30:00+00:00,22411526-3,Dew Point,CURRENT,°C,14.854992463302509
2026-08-05T04:30:00+00:00,22411527-1,Temperature,CURRENT,°C,18.894848632812504
2026-08-05T04:30:00+00:00,22411527-2,RH,CURRENT,%,78.08651865415428
2026-08-05T04:30:00+00:00,22411527-3,Dew Point,CURRENT,°C,15.012479047748569
2026-08-05T04:30:00+00:00,22411528-1,Temperature,CURRENT,°C,15.741669921875001
2026-08-05T04:30:00+00:00,22411528-2,RH,CURRENT,%,94.87602044708935
2026-08-05T04:30:00+00:00,22411528-3,Dew Point,CURRENT,°C,14.94138723755024
2026-08-05T04:30:00+00:00,22411529-1,Temperature,CURRENT,°C,15.548618164062496
2026-08-05T04:30:00+00:00,22411529-2,RH,CURRENT,%,96.66132600900282
2026-08-05T04:30:00+00:00,22411529-3,Dew Point,CURRENT,°C,15.039027620923836
2026-08-05T04:30:00+00:00,22411530-1,Temperature,CURRENT,°C,18.144091796874996
2026-08-05T04:30:00+00:00,22411530-2,RH,CURRENT,%,81.96231021591515
2026-08-05T04:30:00+00:00,22411530-3,Dew Point,CURRENT,°C,15.034730727877054
2026-08-05T04:31:00+00:00,22411541-S,Battery,CURRENT,V,8.2577021484375
2026-08-05T04:35:00+00:00,22411189-1,Temperature,CURRENT,°C,16.55677734375
2026-08-05T04:35:00+00:00,22411189-2,RH,CURRENT,%,92.04394598306249
2026-08-05T04:35:00+00:00,22411189-3,Dew Point,CURRENT,°C,15.279173065019798
2026-08-05T04:35:00+00:00,22411190-1,Temperature,CURRENT,°C,17.0930322265625
2026-08-05T04:35:00+00:00,22411190-2,RH,CURRENT,%,86.27603570611124
2026-08-05T04:35:00+00:00,22411190-3,Dew Point,CURRENT,°C,14.801696007138277
2026-08-05T04:35:00+00:00,22411191-1,Temperature,CURRENT,°C,18.144091796874996
2026-08-05T04:35:00+00:00,22411191-2,RH,CURRENT,%,82.3575188830396
2026-08-05T04:35:00+00:00,22411191-3,Dew Point,CURRENT,°C,15.109599806553092
2026-08-05T04:35:00+00:00,22411525-1,Temperature,CURRENT,°C,18.401494140624997
2026-08-05T04:35:00+00:00,22411525-2,RH,CURRENT,%,79.25688563363089
2026-08-05T04:35:00+00:00,22411525-3,Dew Point,CURRENT,°C,14.764033748024845
2026-08-05T04:35:00+00:00,22411526-1,Temperature,CURRENT,°C,15.848920898437498
2026-08-05T04:35:00+00:00,22411526-2,RH,CURRENT,%,93.47219043259327
2026-08-05T04:35:00+00:00,22411526-3,Dew Point,CURRENT,°C,14.81635131044479
2026-08-05T04:35:00+00:00,22411527-1,Temperature,CURRENT,°C,18.658896484375
2026-08-05T04:35:00+00:00,22411527-2,RH,CURRENT,%,78.27878233005265
2026-08-05T04:35:00+00:00,22411527-3,Dew Point,CURRENT,°C,14.821483881521699
2026-08-05T04:35:00+00:00,22411528-1,Temperature,CURRENT,°C,15.69876953125
2026-08-05T04:35:00+00:00,22411528-2,RH,CURRENT,%,95.57793545433738
2026-08-05T04:35:00+00:00,22411528-3,Dew Point,CURRENT,°C,15.013316624496001
2026-08-05T04:35:00+00:00,22411529-1,Temperature,CURRENT,°C,15.52716796875
2026-08-05T04:35:00+00:00,22411529-2,RH,CURRENT,%,97.11604486152437
2026-08-05T04:35:00+00:00,22411529-3,Dew Point,CURRENT,°C,15.090670097481585
2026-08-05T04:35:00+00:00,22411530-1,Temperature,CURRENT,°C,17.865239257812497
2026-08-05T04:35:00+00:00,22411530-2,RH,CURRENT,%,82.82291905088884
2026-08-05T04:35:00+00:00,22411530-3,Dew Point,CURRENT,°C,14.924510457656389
2026-08-05T04:36:00+00:00,22411541-S,Battery,CURRENT,V,8.2577021484375
2026-08-05T04:40:00+00:00,22411189-1,Temperature,CURRENT,°C,16.55677734375
2026-08-05T04:40:00+00:00,22411189-2,RH,CURRENT,%,90.79270618753338
2026-08-05T04:40:00+00:00,22411189-3,Dew Point,CURRENT,°C,15.065969668932816
2026-08-05T04:40:00+00:00,22411190-1,Temperature,CURRENT,°C,16.985781249999995
2026-08-05T04:40:00+00:00,22411190-2,RH,CURRENT,%,85.75265125505454
2026-08-05T04:40:00+00:00,22411190-3,Dew Point,CURRENT,°C,14.601824304059582
2026-08-05T04:40:00+00:00,22411191-1,Temperature,CURRENT,°C,17.715087890624993
2026-08-05T04:40:00+00:00,22411191-2,RH,CURRENT,%,83.5736629282063
2026-08-05T04:40:00+00:00,22411191-3,Dew Point,CURRENT,°C,14.9177854795067
2026-08-05T04:40:00+00:00,22411525-1,Temperature,CURRENT,°C,17.92958984375
2026-08-05T04:40:00+00:00,22411525-2,RH,CURRENT,%,80.67597467002365
2026-08-05T04:40:00+00:00,22411525-3,Dew Point,CURRENT,°C,14.57962424252018
2026-08-05T04:40:00+00:00,22411526-1,Temperature,CURRENT,°C,15.784570312500001
2026-08-05T04:40:00+00:00,22411526-2,RH,CURRENT,%,93.5255970092317
2026-08-05T04:40:00+00:00,22411526-3,Dew Point,CURRENT,°C,14.761300409388157
2026-08-05T04:40:00+00:00,22411527-1,Temperature,CURRENT,°C,18.144091796874996
2026-08-05T04:40:00+00:00,22411527-2,RH,CURRENT,%,79.90691996643015
2026-08-05T04:40:00+00:00,22411527-3,Dew Point,CURRENT,°C,14.640172292041974
2026-08-05T04:40:00+00:00,22411528-1,Temperature,CURRENT,°C,15.677319335937497
2026-08-05T04:40:00+00:00,22411528-2,RH,CURRENT,%,95.70611123826963
2026-08-05T04:40:00+00:00,22411528-3,Dew Point,CURRENT,°C,15.012799095189271
2026-08-05T04:40:00+00:00,22411529-1,Temperature,CURRENT,°C,15.484267578125
2026-08-05T04:40:00+00:00,22411529-2,RH,CURRENT,%,97.30830853742275
2026-08-05T04:40:00+00:00,22411529-3,Dew Point,CURRENT,°C,15.078636839377767
2026-08-05T04:40:00+00:00,22411530-1,Temperature,CURRENT,°C,17.45768554687499
2026-08-05T04:40:00+00:00,22411530-2,RH,CURRENT,%,83.79339284351873
2026-08-05T04:40:00+00:00,22411530-3,Dew Point,CURRENT,°C,14.706375420642495
2026-08-05T04:41:00+00:00,22411541-S,Battery,CURRENT,V,8.270625
2026-08-05T04:45:00+00:00,22411189-1,Temperature,CURRENT,°C,16.428076171875
2026-08-05T04:45:00+00:00,22411189-2,RH,CURRENT,%,90.31662470435646
2026-08-05T04:45:00+00:00,22411189-3,Dew Point,CURRENT,°C,14.856875548786531
2026-08-05T04:45:00+00:00,22411190-1,Temperature,CURRENT,°C,16.8141796875
2026-08-05T04:45:00+00:00,22411190-2,RH,CURRENT,%,85.31929503318837
2026-08-05T04:45:00+00:00,22411190-3,Dew Point,CURRENT,°C,14.354746882359597
2026-08-05T04:45:00+00:00,22411191-1,Temperature,CURRENT,°C,17.800888671874993
2026-08-05T04:45:00+00:00,22411191-2,RH,CURRENT,%,81.63424124513618
2026-08-05T04:45:00+00:00,22411191-3,Dew Point,CURRENT,°C,14.63711703022616
2026-08-05T04:45:00+00:00,22411525-1,Temperature,CURRENT,°C,18.058291015624995
2026-08-05T04:45:00+00:00,22411525-2,RH,CURRENT,%,78.70908674753949
2026-08-05T04:45:00+00:00,22411525-3,Dew Point,CURRENT,°C,14.322679079360505
2026-08-05T04:45:00+00:00,22411526-1,Temperature,CURRENT,°C,15.677319335937497
2026-08-05T04:45:00+00:00,22411526-2,RH,CURRENT,%,93.10597390707255
2026-08-05T04:45:00+00:00,22411526-3,Dew Point,CURRENT,°C,14.585020219872511
2026-08-05T04:45:00+00:00,22411527-1,Temperature,CURRENT,°C,18.337143554687493
2026-08-05T04:45:00+00:00,22411527-2,RH,CURRENT,%,77.67299916075379
2026-08-05T04:45:00+00:00,22411527-3,Dew Point,CURRENT,°C,14.38852520958001
2026-08-05T04:45:00+00:00,22411528-1,Temperature,CURRENT,°C,15.548618164062496
2026-08-05T04:45:00+00:00,22411528-2,RH,CURRENT,%,95.2803845273518
2026-08-05T04:45:00+00:00,22411528-3,Dew Point,CURRENT,°C,14.815320335156624
2026-08-05T04:45:00+00:00,22411529-1,Temperature,CURRENT,°C,15.377016601562495
2026-08-05T04:45:00+00:00,22411529-2,RH,CURRENT,%,97.05043106736858
2026-08-05T04:45:00+00:00,22411529-3,Dew Point,CURRENT,°C,14.93031252684268
2026-08-05T04:45:00+00:00,22411530-1,Temperature,CURRENT,°C,17.436235351562495
2026-08-05T04:45:00+00:00,22411530-2,RH,CURRENT,%,81.84786755168993
2026-08-05T04:45:00+00:00,22411530-3,Dew Point,CURRENT,°C,14.321359684216986
2026-08-05T04:46:00+00:00,22411541-S,Battery,CURRENT,V,8.260932861328126
2026-08-05T04:50:00+00:00,22411189-1,Temperature,CURRENT,°C,16.792729492187497
2026-08-05T04:50:00+00:00,22411189-2,RH,CURRENT,%,88.64728770885786
2026-08-05T04:50:00+00:00,22411189-3,Dew Point,CURRENT,°C,14.927171237408771
2026-08-05T04:50:00+00:00,22411190-1,Temperature,CURRENT,°C,17.178833007812493
2026-08-05T04:50:00+00:00,22411190-2,RH,CURRENT,%,83.88494697489891
2026-08-05T04:50:00+00:00,22411190-3,Dew Point,CURRENT,°C,14.45002675350058
2026-08-05T04:50:00+00:00,22411191-1,Temperature,CURRENT,°C,18.4658447265625
2026-08-05T04:50:00+00:00,22411191-2,RH,CURRENT,%,79.97253376058595
2026-08-05T04:50:00+00:00,22411191-3,Dew Point,CURRENT,°C,14.966371068829385
2026-08-05T04:50:00+00:00,22411525-1,Temperature,CURRENT,°C,18.680346679687496
2026-08-05T04:50:00+00:00,22411525-2,RH,CURRENT,%,77.2854200045777
2026-08-05T04:50:00+00:00,22411525-3,Dew Point,CURRENT,°C,14.644064564911785
2026-08-05T04:50:00+00:00,22411526-1,Temperature,CURRENT,°C,15.9776220703125
2026-08-05T04:50:00+00:00,22411526-2,RH,CURRENT,%,91.81048294804303
2026-08-05T04:50:00+00:00,22411526-3,Dew Point,CURRENT,°C,14.665591547117387
2026-08-05T04:50:00+00:00,22411527-1,Temperature,CURRENT,°C,18.873398437499993
2026-08-05T04:50:00+00:00,22411527-2,RH,CURRENT,%,76.74830243381399
2026-08-05T04:50:00+00:00,22411527-3,Dew Point,CURRENT,°C,14.723050724480016
2026-08-05T04:50:00+00:00,22411528-1,Temperature,CURRENT,°C,15.806020507812498
2026-08-05T04:50:00+00:00,22411528-2,RH,CURRENT,%,94.33279926756695
2026-08-05T04:50:00+00:00,22411528-3,Dew Point,CURRENT,°C,14.916130568916795
2026-08-05T04:50:00+00:00,22411529-1,Temperature,CURRENT,°C,15.334116210937495
2026-08-05T04:50:00+00:00,22411529-2,RH,CURRENT,%,97.25337605859464
2026-08-05T04:50:00+00:00,22411529-3,Dew Point,CURRENT,°C,14.91997192313455
2026-08-05T04:50:00+00:00,22411530-1,Temperature,CURRENT,°C,18.165541992187492
2026-08-05T04:50:00+00:00,22411530-2,RH,CURRENT,%,80.11291676203555
2026-08-05T04:50:00+00:00,22411530-3,Dew Point,CURRENT,°C,14.701017394903083
2026-08-05T04:51:00+00:00,22411541-S,Battery,CURRENT,V,8.2577021484375
2026-08-05T04:55:00+00:00,22411189-1,Temperature,CURRENT,°C,17.028681640624995
2026-08-05T04:55:00+00:00,22411189-2,RH,CURRENT,%,87.74395361257343
2026-08-05T04:55:00+00:00,22411189-3,Dew Point,CURRENT,°C,15.00057672352809
2026-08-05T04:55:00+00:00,22411190-1,Temperature,CURRENT,°C,17.436235351562495
2026-08-05T04:55:00+00:00,22411190-2,RH,CURRENT,%,83.05180437933929
2026-08-05T04:55:00+00:00,22411190-3,Dew Point,CURRENT,°C,14.547491937189962
2026-08-05T04:55:00+00:00,22411191-1,Temperature,CURRENT,°C,18.723247070312503
2026-08-05T04:55:00+00:00,22411191-2,RH,CURRENT,%,78.43289845120928
2026-08-05T04:55:00+00:00,22411191-3,Dew Point,CURRENT,°C,14.914581136088893
2026-08-05T04:55:00+00:00,22411525-1,Temperature,CURRENT,°C,18.959199218749994
2026-08-05T04:55:00+00:00,22411525-2,RH,CURRENT,%,75.51842526894026
2026-08-05T04:55:00+00:00,22411525-3,Dew Point,CURRENT,°C,14.555553378991869
2026-08-05T04:55:00+00:00,22411526-1,Temperature,CURRENT,°C,16.1921240234375
2026-08-05T04:55:00+00:00,22411526-2,RH,CURRENT,%,90.94071869993134
2026-08-05T04:55:00+00:00,22411526-3,Dew Point,CURRENT,°C,14.730344859157018
2026-08-05T04:55:00+00:00,22411527-1,Temperature,CURRENT,°C,19.130800781249995
2026-08-05T04:55:00+00:00,22411527-2,RH,CURRENT,%,74.93400473029679
2026-08-05T04:55:00+00:00,22411527-3,Dew Point,CURRENT,°C,14.60102056178262
2026-08-05T04:55:00+00:00,22411528-1,Temperature,CURRENT,°C,15.956171874999995
2026-08-05T04:55:00+00:00,22411528-2,RH,CURRENT,%,93.47219043259327
2026-08-05T04:55:00+00:00,22411528-3,Dew Point,CURRENT,°C,14.922882972299671
2026-08-05T04:55:00+00:00,22411529-1,Temperature,CURRENT,°C,15.334116210937495
2026-08-05T04:55:00+00:00,22411529-2,RH,CURRENT,%,97.56771190966658
2026-08-05T04:55:00+00:00,22411529-3,Dew Point,CURRENT,°C,14.970146835460751
2026-08-05T04:55:00+00:00,22411530-1,Temperature,CURRENT,°C,18.444394531250005
2026-08-05T04:55:00+00:00,22411530-2,RH,CURRENT,%,78.70756084534982
2026-08-05T04:55:00+00:00,22411530-3,Dew Point,CURRENT,°C,14.697804580977357
2026-08-05T04:56:00+00:00,22411541-S,Battery,CURRENT,V,8.270625
2026-08-05T05:00:00+00:00,22411189-1,Temperature,CURRENT,°C,17.350434570312494
2026-08-05T05:00:00+00:00,22411189-2,RH,CURRENT,%,85.2674143587396
2026-08-05T05:00:00+00:00,22411189-3,Dew Point,CURRENT,°C,14.87197274412254
2026-08-05T05:00:00+00:00,22411190-1,Temperature,CURRENT,°C,17.779438476562497
2026-08-05T05:00:00+00:00,22411190-2,RH,CURRENT,%,80.76447699702449
2026-08-05T05:00:00+00:00,22411190-3,Dew Point,CURRENT,°C,14.450155283714443
2026-08-05T05:00:00+00:00,22411191-1,Temperature,CURRENT,°C,18.959199218749994
2026-08-05T05:00:00+00:00,22411191-2,RH,CURRENT,%,76.93141069657435
2026-08-05T05:00:00+00:00,22411191-3,Dew Point,CURRENT,°C,14.843231149720479
2026-08-05T05:00:00+00:00,22411525-1,Temperature,CURRENT,°C,19.130800781249995
2026-08-05T05:00:00+00:00,22411525-2,RH,CURRENT,%,74.50980392156863
2026-08-05T05:00:00+00:00,22411525-3,Dew Point,CURRENT,°C,14.513019498825724
2026-08-05T05:00:00+00:00,22411526-1,Temperature,CURRENT,°C,16.428076171875
2026-08-05T05:00:00+00:00,22411526-2,RH,CURRENT,%,88.87464713511864
2026-08-05T05:00:00+00:00,22411526-3,Dew Point,CURRENT,°C,14.60704457659084
2026-08-05T05:00:00+00:00,22411527-1,Temperature,CURRENT,°C,19.302402343749996
2026-08-05T05:00:00+00:00,22411527-2,RH,CURRENT,%,74.0291447318227
2026-08-05T05:00:00+00:00,22411527-3,Dew Point,CURRENT,°C,14.57835671237905
2026-08-05T05:00:00+00:00,22411528-1,Temperature,CURRENT,°C,16.127773437499997
2026-08-05T05:00:00+00:00,22411528-2,RH,CURRENT,%,92.0332646677348
2026-08-05T05:00:00+00:00,22411528-3,Dew Point,CURRENT,°C,14.852057120827325
2026-08-05T05:00:00+00:00,22411529-1,Temperature,CURRENT,°C,15.377016601562495
2026-08-05T05:00:00+00:00,22411529-2,RH,CURRENT,%,98.03463797970551
2026-08-05T05:00:00+00:00,22411529-3,Dew Point,CURRENT,°C,15.087281356505288
2026-08-05T05:00:00+00:00,22411530-1,Temperature,CURRENT,°C,18.658896484375
2026-08-05T05:00:00+00:00,22411530-2,RH,CURRENT,%,77.03364614328221
2026-08-05T05:00:00+00:00,22411530-3,Dew Point,CURRENT,°C,14.572658233858116
2026-08-05T05:01:00+00:00,22411541-S,Battery,CURRENT,V,8.267394287109376
2026-08-05T05:05:00+00:00,22411189-1,Temperature,CURRENT,°C,17.436235351562495
2026-08-05T05:05:00+00:00,22411189-2,RH,CURRENT,%,84.52277409018082
2026-08-05T05:05:00+00:00,22411189-3,Dew Point,CURRENT,°C,14.819910006119008
2026-08-05T05:05:00+00:00,22411190-1,Temperature,CURRENT,°C,17.800888671874993
2026-08-05T05:05:00+00:00,22411190-2,RH,CURRENT,%,80.32806897077897
2026-08-05T05:05:00+00:00,22411190-3,Dew Point,CURRENT,°C,14.387177767400003
2026-08-05T05:05:00+00:00,22411191-1,Temperature,CURRENT,°C,18.701796874999992
2026-08-05T05:05:00+00:00,22411191-2,RH,CURRENT,%,77.53719386587319
2026-08-05T05:05:00+00:00,22411191-3,Dew Point,CURRENT,°C,14.715343124980935
2026-08-05T05:05:00+00:00,22411525-1,Temperature,CURRENT,°C,18.916298828125
2026-08-05T05:05:00+00:00,22411525-2,RH,CURRENT,%,75.08201724269475
2026-08-05T05:05:00+00:00,22411525-3,Dew Point,CURRENT,°C,14.424278892339567
2026-08-05T05:05:00+00:00,22411526-1,Temperature,CURRENT,°C,16.4709765625
2026-08-05T05:05:00+00:00,22411526-2,RH,CURRENT,%,88.00640878919661
2026-08-05T05:05:00+00:00,22411526-3,Dew Point,CURRENT,°C,14.497194180214692
2026-08-05T05:05:00+00:00,22411527-1,Temperature,CURRENT,°C,19.15225097656249
2026-08-05T05:05:00+00:00,22411527-2,RH,CURRENT,%,74.42282749675746
2026-08-05T05:05:00+00:00,22411527-3,Dew Point,CURRENT,°C,14.515633474964396
2026-08-05T05:05:00+00:00,22411528-1,Temperature,CURRENT,°C,16.170673828124997
2026-08-05T05:05:00+00:00,22411528-2,RH,CURRENT,%,91.30693522545205
2026-08-05T05:05:00+00:00,22411528-3,Dew Point,CURRENT,°C,14.771498543455914
2026-08-05T05:05:00+00:00,22411529-1,Temperature,CURRENT,°C,15.419916992187495
2026-08-05T05:05:00+00:00,22411529-2,RH,CURRENT,%,98.39780270084688
2026-08-05T05:05:00+00:00,22411529-3,Dew Point,CURRENT,°C,15.187736185772025
2026-08-05T05:05:00+00:00,22411530-1,Temperature,CURRENT,°C,18.444394531250005
2026-08-05T05:05:00+00:00,22411530-2,RH,CURRENT,%,77.7431906614786
2026-08-05T05:05:00+00:00,22411530-3,Dew Point,CURRENT,°C,14.506634299864828
2026-08-05T05:06:00+00:00,22411541-S,Battery,CURRENT,V,8.254471435546876
2026-08-05T05:10:00+00:00,22411189-1,Temperature,CURRENT,°C,17.3075341796875
2026-08-05T05:10:00+00:00,22411189-2,RH,CURRENT,%,84.82948043030441
2026-08-05T05:10:00+00:00,22411189-3,Dew Point,CURRENT,°C,14.749875987789405
2026-08-05T05:10:00+00:00,22411190-1,Temperature,CURRENT,°C,17.58638671875
2026-08-05T05:10:00+00:00,22411190-2,RH,CURRENT,%,80.75532158388647
2026-08-05T05:10:00+00:00,22411190-3,Dew Point,CURRENT,°C,14.260081849475801
2026-08-05T05:10:00+00:00,22411191-1,Temperature,CURRENT,°C,18.401494140624997
2026-08-05T05:10:00+00:00,22411191-2,RH,CURRENT,%,78.59464408331426
2026-08-05T05:10:00+00:00,22411191-3,Dew Point,CURRENT,°C,14.633821499466395
2026-08-05T05:10:00+00:00,22411525-1,Temperature,CURRENT,°C,18.61599609374999
2026-08-05T05:10:00+00:00,22411525-2,RH,CURRENT,%,75.86480506599527
2026-08-05T05:10:00+00:00,22411525-3,Dew Point,CURRENT,°C,14.294324354450309
2026-08-05T05:10:00+00:00,22411526-1,Temperature,CURRENT,°C,16.4709765625
2026-08-05T05:10:00+00:00,22411526-2,RH,CURRENT,%,87.60814831769284
2026-08-05T05:10:00+00:00,22411526-3,Dew Point,CURRENT,°C,14.426939766115254
2026-08-05T05:10:00+00:00,22411527-1,Temperature,CURRENT,°C,18.873398437499993
2026-08-05T05:10:00+00:00,22411527-2,RH,CURRENT,%,75.03776607919433
2026-08-05T05:10:00+00:00,22411527-3,Dew Point,CURRENT,°C,14.373683644837365
2026-08-05T05:10:00+00:00,22411528-1,Temperature,CURRENT,°C,16.256474609374997
2026-08-05T05:10:00+00:00,22411528-2,RH,CURRENT,%,90.35782406347754
2026-08-05T05:10:00+00:00,22411528-3,Dew Point,CURRENT,°C,14.694223609017023
2026-08-05T05:10:00+00:00,22411529-1,Temperature,CURRENT,°C,15.505717773437496
2026-08-05T05:10:00+00:00,22411529-2,RH,CURRENT,%,98.36118104829481
2026-08-05T05:10:00+00:00,22411529-3,Dew Point,CURRENT,°C,15.267699988177846
2026-08-05T05:10:00+00:00,22411530-1,Temperature,CURRENT,°C,18.101191406250003
2026-08-05T05:10:00+00:00,22411530-2,RH,CURRENT,%,78.66636148622874
2026-08-05T05:10:00+00:00,22411530-3,Dew Point,CURRENT,°C,14.355990393035297
2026-08-05T05:11:00+00:00,22411541-S,Battery,CURRENT,V,8.2577021484375
2026-08-05T05:15:00+00:00,22411189-1,Temperature,CURRENT,°C,17.200283203125004
2026-08-05T05:15:00+00:00,22411189-2,RH,CURRENT,%,85.20027466239414
2026-08-05T05:15:00+00:00,22411189-3,Dew Point,CURRENT,°C,14.712289947090577
2026-08-05T05:15:00+00:00,22411190-1,Temperature,CURRENT,°C,17.5005859375
2026-08-05T05:15:00+00:00,22411190-2,RH,CURRENT,%,81.25429159990844
2026-08-05T05:15:00+00:00,22411190-3,Dew Point,CURRENT,°C,14.271615449746797
2026-08-05T05:15:00+00:00,22411191-1,Temperature,CURRENT,°C,18.2942431640625
2026-08-05T05:15:00+00:00,22411191-2,RH,CURRENT,%,78.58091096360724
2026-08-05T05:15:00+00:00,22411191-3,Dew Point,CURRENT,°C,14.526848030380346
2026-08-05T05:15:00+00:00,22411525-1,Temperature,CURRENT,°C,18.551645507812502
2026-08-05T05:15:00+00:00,22411525-2,RH,CURRENT,%,75.77019913023575
2026-08-05T05:15:00+00:00,22411525-3,Dew Point,CURRENT,°C,14.212746877014732
2026-08-05T05:15:00+00:00,22411526-1,Temperature,CURRENT,°C,16.38517578125
2026-08-05T05:15:00+00:00,22411526-2,RH,CURRENT,%,87.65850308995194
2026-08-05T05:15:00+00:00,22411526-3,Dew Point,CURRENT,°C,14.351284950698535
2026-08-05T05:15:00+00:00,22411527-1,Temperature,CURRENT,°C,18.809047851562504
2026-08-05T05:15:00+00:00,22411527-2,RH,CURRENT,%,75.01029983978027
2026-08-05T05:15:00+00:00,22411527-3,Dew Point,CURRENT,°C,14.305819523776453
2026-08-05T05:15:00+00:00,22411528-1,Temperature,CURRENT,°C,16.1921240234375
2026-08-05T05:15:00+00:00,22411528-2,RH,CURRENT,%,90.24948500801099
2026-08-05T05:15:00+00:00,22411528-3,Dew Point,CURRENT,°C,14.611964848156823
2026-08-05T05:15:00+00:00,22411529-1,Temperature,CURRENT,°C,15.419916992187495
2026-08-05T05:15:00+00:00,22411529-2,RH,CURRENT,%,97.48073548485542
2026-08-05T05:15:00+00:00,22411529-3,Dew Point,CURRENT,°C,15.041945674764458
2026-08-05T05:15:00+00:00,22411530-1,Temperature,CURRENT,°C,18.0368408203125
2026-08-05T05:15:00+00:00,22411530-2,RH,CURRENT,%,78.85557335774777
2026-08-05T05:15:00+00:00,22411530-3,Dew Point,CURRENT,°C,14.330589116486328
2026-08-05T05:16:00+00:00,22411541-S,Battery,CURRENT,V,8.254471435546876
2026-08-05T05:20:00+00:00,22411189-1,Temperature,CURRENT,°C,17.157382812499996
2026-08-05T05:20:00+00:00,22411189-2,RH,CURRENT,%,85.45510032806897
2026-08-05T05:20:00+00:00,22411189-3,Dew Point,CURRENT,°C,14.716506405699
2026-08-05T05:20:00+00:00,22411190-1,Temperature,CURRENT,°C,17.479135742187502
2026-08-05T05:20:00+00:00,22411190-2,RH,CURRENT,%,81.46028839551384
2026-08-05T05:20:00+00:00,22411190-3,Dew Point,CURRENT,°C,14.289834733691585
2026-08-05T05:20:00+00:00,22411191-1,Temperature,CURRENT,°C,18.401494140624997
2026-08-05T05:20:00+00:00,22411191-2,RH,CURRENT,%,78.65720607309072
2026-08-05T05:20:00+00:00,22411191-3,Dew Point,CURRENT,°C,14.64616373021422
2026-08-05T05:20:00+00:00,22411525-1,Temperature,CURRENT,°C,18.573095703125
2026-08-05T05:20:00+00:00,22411525-2,RH,CURRENT,%,76.25391012436103
2026-08-05T05:20:00+00:00,22411525-3,Dew Point,CURRENT,°C,14.331934864604275
2026-08-05T05:20:00+00:00,22411526-1,Temperature,CURRENT,°C,16.3637255859375
2026-08-05T05:20:00+00:00,22411526-2,RH,CURRENT,%,88.01098649576562
2026-08-05T05:20:00+00:00,22411526-3,Dew Point,CURRENT,°C,14.39225663496242
2026-08-05T05:20:00+00:00,22411527-1,Temperature,CURRENT,°C,18.701796874999992
2026-08-05T05:20:00+00:00,22411527-2,RH,CURRENT,%,75.88769359884031
2026-08-05T05:20:00+00:00,22411527-3,Dew Point,CURRENT,°C,14.382041335250474
2026-08-05T05:20:00+00:00,22411528-1,Temperature,CURRENT,°C,16.213574218749997
2026-08-05T05:20:00+00:00,22411528-2,RH,CURRENT,%,90.31662470435646
2026-08-05T05:20:00+00:00,22411528-3,Dew Point,CURRENT,°C,14.644714190645718
2026-08-05T05:20:00+00:00,22411529-1,Temperature,CURRENT,°C,15.398466796874999
2026-08-05T05:20:00+00:00,22411529-2,RH,CURRENT,%,97.12062256809338
2026-08-05T05:20:00+00:00,22411529-3,Dew Point,CURRENT,°C,14.962960558706152
2026-08-05T05:20:00+00:00,22411530-1,Temperature,CURRENT,°C,18.144091796874996
2026-08-05T05:20:00+00:00,22411530-2,RH,CURRENT,%,78.74418249790189
2026-08-05T05:20:00+00:00,22411530-3,Dew Point,CURRENT,°C,14.41301081642257
2026-08-05T05:21:00+00:00,22411541-S,Battery,CURRENT,V,8.254471435546876
2026-08-05T05:25:00+00:00,22411189-1,Temperature,CURRENT,°C,17.243183593749997
2026-08-05T05:25:00+00:00,22411189-2,RH,CURRENT,%,85.01716639963378
2026-08-05T05:25:00+00:00,22411189-3,Dew Point,CURRENT,°C,14.721018636634186
2026-08-05T05:25:00+00:00,22411190-1,Temperature,CURRENT,°C,17.607836914062496
2026-08-05T05:25:00+00:00,22411190-2,RH,CURRENT,%,80.89265278095674
2026-08-05T05:25:00+00:00,22411190-3,Dew Point,CURRENT,°C,14.30728992494016
2026-08-05T05:25:00+00:00,22411191-1,Temperature,CURRENT,°C,18.551645507812502
2026-08-05T05:25:00+00:00,22411191-2,RH,CURRENT,%,78.0300602731365
2026-08-05T05:25:00+00:00,22411191-3,Dew Point,CURRENT,°C,14.667888821127933
2026-08-05T05:25:00+00:00,22411525-1,Temperature,CURRENT,°C,18.701796874999992
2026-08-05T05:25:00+00:00,22411525-2,RH,CURRENT,%,75.70916304264897
2026-08-05T05:25:00+00:00,22411525-3,Dew Point,CURRENT,°C,14.34558691086591
2026-08-05T05:25:00+00:00,22411526-1,Temperature,CURRENT,°C,16.4709765625
2026-08-05T05:25:00+00:00,22411526-2,RH,CURRENT,%,87.75768673228046
2026-08-05T05:25:00+00:00,22411526-3,Dew Point,CURRENT,°C,14.453351600486267
2026-08-05T05:25:00+00:00,22411527-1,Temperature,CURRENT,°C,18.830498046875
2026-08-05T05:25:00+00:00,22411527-2,RH,CURRENT,%,75.4314488441291
2026-08-05T05:25:00+00:00,22411527-3,Dew Point,CURRENT,°C,14.413211788208741
2026-08-05T05:25:00+00:00,22411528-1,Temperature,CURRENT,°C,16.2779248046875
2026-08-05T05:25:00+00:00,22411528-2,RH,CURRENT,%,90.21133745326925
2026-08-05T05:25:00+00:00,22411528-3,Dew Point,CURRENT,°C,14.69026134473871
2026-08-05T05:25:00+00:00,22411529-1,Temperature,CURRENT,°C,15.377016601562495
2026-08-05T05:25:00+00:00,22411529-2,RH,CURRENT,%,97.26253147173266
2026-08-05T05:25:00+00:00,22411529-3,Dew Point,CURRENT,°C,14.964257529183593
2026-08-05T05:25:00+00:00,22411530-1,Temperature,CURRENT,°C,18.358593750000004
2026-08-05T05:25:00+00:00,22411530-2,RH,CURRENT,%,77.74166475928892
2026-08-05T05:25:00+00:00,22411530-3,Dew Point,CURRENT,°C,14.423030248558364
2026-08-05T05:26:00+00:00,22411541-S,Battery,CURRENT,V,8.2577021484375
2026-08-05T05:30:00+00:00,22411189-1,Temperature,CURRENT,°C,17.2217333984375
2026-08-05T05:30:00+00:00,22411189-2,RH,CURRENT,%,85.54818036163881
2026-08-05T05:30:00+00:00,22411189-3,Dew Point,CURRENT,°C,14.79662566843658
2026-08-05T05:30:00+00:00,22411190-1,Temperature,CURRENT,°C,17.58638671875
2026-08-05T05:30:00+00:00,22411190-2,RH,CURRENT,%,81.30922407873655
2026-08-05T05:30:00+00:00,22411190-3,Dew Point,CURRENT,°C,14.365836482574705
2026-08-05T05:30:00+00:00,22411191-1,Temperature,CURRENT,°C,18.3800439453125
2026-08-05T05:30:00+00:00,22411191-2,RH,CURRENT,%,79.22178988326849
2026-08-05T05:30:00+00:00,22411191-3,Dew Point,CURRENT,°C,14.736283745356591
2026-08-05T05:30:00+00:00,22411525-1,Temperature,CURRENT,°C,18.487294921874998
2026-08-05T05:30:00+00:00,22411525-2,RH,CURRENT,%,77.02754253452353
2026-08-05T05:30:00+00:00,22411525-3,Dew Point,CURRENT,°C,14.405022306315697
2026-08-05T05:30:00+00:00,22411526-1,Temperature,CURRENT,°C,16.513876953125
2026-08-05T05:30:00+00:00,22411526-2,RH,CURRENT,%,87.72106507972839
2026-08-05T05:30:00+00:00,22411526-3,Dew Point,CURRENT,°C,14.489167083874625
2026-08-05T05:30:00+00:00,22411527-1,Temperature,CURRENT,°C,18.61599609374999
2026-08-05T05:30:00+00:00,22411527-2,RH,CURRENT,%,76.81696803234912
2026-08-05T05:30:00+00:00,22411527-3,Dew Point,CURRENT,°C,14.487410254226631
2026-08-05T05:30:00+00:00,22411528-1,Temperature,CURRENT,°C,16.2779248046875
2026-08-05T05:30:00+00:00,22411528-2,RH,CURRENT,%,90.16250858319982
2026-08-05T05:30:00+00:00,22411528-3,Dew Point,CURRENT,°C,14.681860160137461
2026-08-05T05:30:00+00:00,22411529-1,Temperature,CURRENT,°C,15.312666015624998
2026-08-05T05:30:00+00:00,22411529-2,RH,CURRENT,%,96.81239032578011
2026-08-05T05:30:00+00:00,22411529-3,Dew Point,CURRENT,°C,14.827941776266808
2026-08-05T05:30:00+00:00,22411530-1,Temperature,CURRENT,°C,18.2084423828125
2026-08-05T05:30:00+00:00,22411530-2,RH,CURRENT,%,78.94712748912795
2026-08-05T05:30:00+00:00,22411530-3,Dew Point,CURRENT,°C,14.515465578669103
2026-08-05T05:31:00+00:00,22411541-S,Battery,CURRENT,V,8.244779296875
2026-08-05T05:35:00+00:00,22411189-1,Temperature,CURRENT,°C,16.942880859374995
2026-08-05T05:35:00+00:00,22411189-2,RH,CURRENT,%,87.56694895857176
2026-08-05T05:35:00+00:00,22411189-3,Dew Point,CURRENT,°C,14.884629561845875
2026-08-05T05:35:00+00:00,22411190-1,Temperature,CURRENT,°C,17.3075341796875
2026-08-05T05:35:00+00:00,22411190-2,RH,CURRENT,%,83.30052643625544
2026-08-05T05:35:00+00:00,22411190-3,Dew Point,CURRENT,°C,14.467821726253039
2026-08-05T05:35:00+00:00,22411191-1,Temperature,CURRENT,°C,18.015390625000002
2026-08-05T05:35:00+00:00,22411191-2,RH,CURRENT,%,81.43587396047913
2026-08-05T05:35:00+00:00,22411191-3,Dew Point,CURRENT,°C,14.80883882073582
2026-08-05T05:35:00+00:00,22411525-1,Temperature,CURRENT,°C,18.101191406250003
2026-08-05T05:35:00+00:00,22411525-2,RH,CURRENT,%,79.36827649347677
2026-08-05T05:35:00+00:00,22411525-3,Dew Point,CURRENT,°C,14.493544247419296
2026-08-05T05:35:00+00:00,22411526-1,Temperature,CURRENT,°C,16.38517578125
2026-08-05T05:35:00+00:00,22411526-2,RH,CURRENT,%,88.88838025482566
2026-08-05T05:35:00+00:00,22411526-3,Dew Point,CURRENT,°C,14.567091640012372
2026-08-05T05:35:00+00:00,22411527-1,Temperature,CURRENT,°C,18.2084423828125
2026-08-05T05:35:00+00:00,22411527-2,RH,CURRENT,%,79.10124361028458
2026-08-05T05:35:00+00:00,22411527-3,Dew Point,CURRENT,°C,14.545690162488937
2026-08-05T05:35:00+00:00,22411528-1,Temperature,CURRENT,°C,16.1492236328125
2026-08-05T05:35:00+00:00,22411528-2,RH,CURRENT,%,90.69810025177387
2026-08-05T05:35:00+00:00,22411528-3,Dew Point,CURRENT,°C,14.646429840177717
2026-08-05T05:35:00+00:00,22411529-1,Temperature,CURRENT,°C,15.226865234374998
2026-08-05T05:35:00+00:00,22411529-2,RH,CURRENT,%,96.86274509803921
2026-08-05T05:35:00+00:00,22411529-3,Dew Point,CURRENT,°C,14.750418723229526
2026-08-05T05:35:00+00:00,22411530-1,Temperature,CURRENT,°C,17.865239257812497
2026-08-05T05:35:00+00:00,22411530-2,RH,CURRENT,%,81.20698863202868
2026-08-05T05:35:00+00:00,22411530-3,Dew Point,CURRENT,°C,14.618564278649414
2026-08-05T05:36:00+00:00,22411541-S,Battery,CURRENT,V,8.2577021484375
2026-08-05T05:40:00+00:00,22411189-1,Temperature,CURRENT,°C,16.642578125
2026-08-05T05:40:00+00:00,22411189-2,RH,CURRENT,%,89.8008697642481
2026-08-05T05:40:00+00:00,22411189-3,Dew Point,CURRENT,°C,14.979932116378935
2026-08-05T05:40:00+00:00,22411190-1,Temperature,CURRENT,°C,17.028681640624995
2026-08-05T05:40:00+00:00,22411190-2,RH,CURRENT,%,84.88441290913252
2026-08-05T05:40:00+00:00,22411190-3,Dew Point,CURRENT,°C,14.486227457623436
2026-08-05T05:40:00+00:00,22411191-1,Temperature,CURRENT,°C,17.75798828125
2026-08-05T05:40:00+00:00,22411191-2,RH,CURRENT,%,81.94094758525978
2026-08-05T05:40:00+00:00,22411191-3,Dew Point,CURRENT,°C,14.653374214648638
2026-08-05T05:40:00+00:00,22411525-1,Temperature,CURRENT,°C,17.865239257812497
2026-08-05T05:40:00+00:00,22411525-2,RH,CURRENT,%,79.32249942778668
2026-08-05T05:40:00+00:00,22411525-3,Dew Point,CURRENT,°C,14.254952815015779
2026-08-05T05:40:00+00:00,22411526-1,Temperature,CURRENT,°C,16.1492236328125
2026-08-05T05:40:00+00:00,22411526-2,RH,CURRENT,%,90.42801556420234
2026-08-05T05:40:00+00:00,22411526-3,Dew Point,CURRENT,°C,14.600176765480315
2026-08-05T05:40:00+00:00,22411527-1,Temperature,CURRENT,°C,18.015390625000002
2026-08-05T05:40:00+00:00,22411527-2,RH,CURRENT,%,78.56717784390021
2026-08-05T05:40:00+00:00,22411527-3,Dew Point,CURRENT,°C,14.25305524054189
2026-08-05T05:40:00+00:00,22411528-1,Temperature,CURRENT,°C,15.848920898437498
2026-08-05T05:40:00+00:00,22411528-2,RH,CURRENT,%,92.6009002822919
2026-08-05T05:40:00+00:00,22411528-3,Dew Point,CURRENT,°C,14.670966852338346
2026-08-05T05:40:00+00:00,22411529-1,Temperature,CURRENT,°C,15.183964843749997
2026-08-05T05:40:00+00:00,22411529-2,RH,CURRENT,%,97.34340428778515
2026-08-05T05:40:00+00:00,22411529-3,Dew Point,CURRENT,°C,14.78446372152142
2026-08-05T05:40:00+00:00,22411530-1,Temperature,CURRENT,°C,17.54348632812499
2026-08-05T05:40:00+00:00,22411530-2,RH,CURRENT,%,82.07217517357138
2026-08-05T05:40:00+00:00,22411530-3,Dew Point,CURRENT,°C,14.46854193796712
2026-08-05T05:41:00+00:00,22411541-S,Battery,CURRENT,V,8.25124072265625
2026-08-05T05:45:00+00:00,22411189-1,Temperature,CURRENT,°C,16.428076171875
2026-08-05T05:45:00+00:00,22411189-2,RH,CURRENT,%,89.51094834821087
2026-08-05T05:45:00+00:00,22411189-3,Dew Point,CURRENT,°C,14.717722425241849
2026-08-05T05:45:00+00:00,22411190-1,Temperature,CURRENT,°C,16.857080078125
2026-08-05T05:45:00+00:00,22411190-2,RH,CURRENT,%,84.5685511558709
2026-08-05T05:45:00+00:00,22411190-3,Dew Point,CURRENT,°C,14.26012851702374
2026-08-05T05:45:00+00:00,22411191-1,Temperature,CURRENT,°C,17.650737304687503
2026-08-05T05:45:00+00:00,22411191-2,RH,CURRENT,%,82.24307621881438
2026-08-05T05:45:00+00:00,22411191-3,Dew Point,CURRENT,°C,14.605624971204737
2026-08-05T05:45:00+00:00,22411525-1,Temperature,CURRENT,°C,17.8437890625
2026-08-05T05:45:00+00:00,22411525-2,RH,CURRENT,%,79.47661554894331
2026-08-05T05:45:00+00:00,22411525-3,Dew Point,CURRENT,°C,14.264089544432219
2026-08-05T05:45:00+00:00,22411526-1,Temperature,CURRENT,°C,15.848920898437498
2026-08-05T05:45:00+00:00,22411526-2,RH,CURRENT,%,90.93614099336233
2026-08-05T05:45:00+00:00,22411526-3,Dew Point,CURRENT,°C,14.389814967096603
2026-08-05T05:45:00+00:00,22411527-1,Temperature,CURRENT,°C,18.058291015624995
2026-08-05T05:45:00+00:00,22411527-2,RH,CURRENT,%,78.5580224307622
2026-08-05T05:45:00+00:00,22411527-3,Dew Point,CURRENT,°C,14.292958393487186
2026-08-05T05:45:00+00:00,22411528-1,Temperature,CURRENT,°C,15.548618164062496
2026-08-05T05:45:00+00:00,22411528-2,RH,CURRENT,%,93.42946517128252
2026-08-05T05:45:00+00:00,22411528-3,Dew Point,CURRENT,°C,14.510975981747631
2026-08-05T05:45:00+00:00,22411529-1,Temperature,CURRENT,°C,15.098164062499997
2026-08-05T05:45:00+00:00,22411529-2,RH,CURRENT,%,97.17402914473182
2026-08-05T05:45:00+00:00,22411529-3,Dew Point,CURRENT,°C,14.67178779385586
2026-08-05T05:45:00+00:00,22411530-1,Temperature,CURRENT,°C,17.436235351562495
2026-08-05T05:45:00+00:00,22411530-2,RH,CURRENT,%,82.32394903486687
2026-08-05T05:45:00+00:00,22411530-3,Dew Point,CURRENT,°C,14.411127352907002
2026-08-05T05:46:00+00:00,22411541-S,Battery,CURRENT,V,8.244779296875
2026-08-05T05:50:00+00:00,22411189-1,Temperature,CURRENT,°C,16.2350244140625
2026-08-05T05:50:00+00:00,22411189-2,RH,CURRENT,%,90.21286335545892
2026-08-05T05:50:00+00:00,22411189-3,Dew Point,CURRENT,°C,14.648097406735248
2026-08-05T05:50:00+00:00,22411190-1,Temperature,CURRENT,°C,16.72837890625
2026-08-05T05:50:00+00:00,22411190-2,RH,CURRENT,%,85.1117723353933
2026-08-05T05:50:00+00:00,22411190-3,Dew Point,CURRENT,°C,14.232818219269095
2026-08-05T05:50:00+00:00,22411191-1,Temperature,CURRENT,°C,17.414785156249998
2026-08-05T05:50:00+00:00,22411191-2,RH,CURRENT,%,83.29594872968643
2026-08-05T05:50:00+00:00,22411191-3,Dew Point,CURRENT,°C,14.571993467730481
2026-08-05T05:50:00+00:00,22411525-1,Temperature,CURRENT,°C,17.58638671875
2026-08-05T05:50:00+00:00,22411525-2,RH,CURRENT,%,80.62714579995422
2026-08-05T05:50:00+00:00,22411525-3,Dew Point,CURRENT,°C,14.235519068152236
2026-08-05T05:50:00+00:00,22411526-1,Temperature,CURRENT,°C,15.548618164062496
2026-08-05T05:50:00+00:00,22411526-2,RH,CURRENT,%,91.64873731593805
2026-08-05T05:50:00+00:00,22411526-3,Dew Point,CURRENT,°C,14.213140000603971
2026-08-05T05:50:00+00:00,22411527-1,Temperature,CURRENT,°C,17.779438476562497
2026-08-05T05:50:00+00:00,22411527-2,RH,CURRENT,%,79.94354161898222
2026-08-05T05:50:00+00:00,22411527-3,Dew Point,CURRENT,°C,14.292020317889712
2026-08-05T05:50:00+00:00,22411528-1,Temperature,CURRENT,°C,15.291215820312502
2026-08-05T05:50:00+00:00,22411528-2,RH,CURRENT,%,93.86587319752803
2026-08-05T05:50:00+00:00,22411528-3,Dew Point,CURRENT,°C,14.327395170405024
2026-08-05T05:50:00+00:00,22411529-1,Temperature,CURRENT,°C,15.0767138671875
2026-08-05T05:50:00+00:00,22411529-2,RH,CURRENT,%,97.93087663080796
2026-08-05T05:50:00+00:00,22411529-3,Dew Point,CURRENT,°C,14.770789452752371
2026-08-05T05:50:00+00:00,22411530-1,Temperature,CURRENT,°C,17.178833007812493
2026-08-05T05:50:00+00:00,22411530-2,RH,CURRENT,%,83.29594872968643
2026-08-05T05:50:00+00:00,22411530-3,Dew Point,CURRENT,°C,14.340941526474753
2026-08-05T05:51:00+00:00,22411541-S,Battery,CURRENT,V,8.244779296875
2026-08-05T05:55:00+00:00,22411189-1,Temperature,CURRENT,°C,16.084873046874996
2026-08-05T05:55:00+00:00,22411189-2,RH,CURRENT,%,91.09483482108797
2026-08-05T05:55:00+00:00,22411189-3,Dew Point,CURRENT,°C,14.650437415234222
2026-08-05T05:55:00+00:00,22411190-1,Temperature,CURRENT,°C,16.513876953125
2026-08-05T05:55:00+00:00,22411190-2,RH,CURRENT,%,86.27908751049058
2026-08-05T05:55:00+00:00,22411190-3,Dew Point,CURRENT,°C,14.232638149145734
2026-08-05T05:55:00+00:00,22411191-1,Temperature,CURRENT,°C,17.436235351562495
2026-08-05T05:55:00+00:00,22411191-2,RH,CURRENT,%,83.89410238803693
2026-08-05T05:55:00+00:00,22411191-3,Dew Point,CURRENT,°C,14.703995216958951
2026-08-05T05:55:00+00:00,22411525-1,Temperature,CURRENT,°C,17.629287109374992
2026-08-05T05:55:00+00:00,22411525-2,RH,CURRENT,%,80.9597924773022
2026-08-05T05:55:00+00:00,22411525-3,Dew Point,CURRENT,°C,14.341056313143751
2026-08-05T05:55:00+00:00,22411526-1,Temperature,CURRENT,°C,15.419916992187495
2026-08-05T05:55:00+00:00,22411526-2,RH,CURRENT,%,91.90966659037156
2026-08-05T05:55:00+00:00,22411526-3,Dew Point,CURRENT,°C,14.129522059514045
2026-08-05T05:55:00+00:00,22411527-1,Temperature,CURRENT,°C,17.822338867187504
2026-08-05T05:55:00+00:00,22411527-2,RH,CURRENT,%,80.30212863355459
2026-08-05T05:55:00+00:00,22411527-3,Dew Point,CURRENT,°C,14.403087464028658
2026-08-05T05:55:00+00:00,22411528-1,Temperature,CURRENT,°C,15.226865234374998
2026-08-05T05:55:00+00:00,22411528-2,RH,CURRENT,%,94.14358739604792
2026-08-05T05:55:00+00:00,22411528-3,Dew Point,CURRENT,°C,14.309137921984183
2026-08-05T05:55:00+00:00,22411529-1,Temperature,CURRENT,°C,14.926562499999996
2026-08-05T05:55:00+00:00,22411529-2,RH,CURRENT,%,96.80933852140078
2026-08-05T05:55:00+00:00,22411529-3,Dew Point,CURRENT,°C,14.442272331633752
2026-08-05T05:55:00+00:00,22411530-1,Temperature,CURRENT,°C,17.1359326171875
2026-08-05T05:55:00+00:00,22411530-2,RH,CURRENT,%,84.15960936903944
2026-08-05T05:55:00+00:00,22411530-3,Dew Point,CURRENT,°C,14.45860275893614
2026-08-05T05:56:00+00:00,22411541-S,Battery,CURRENT,V,8.244779296875
2026-08-05T06:00:00+00:00,22411189-1,Temperature,CURRENT,°C,16.599677734375
2026-08-05T06:00:00+00:00,22411189-2,RH,CURRENT,%,87.65850308995194
2026-08-05T06:00:00+00:00,22411189-3,Dew Point,CURRENT,°C,14.562666599980417
2026-08-05T06:00:00+00:00,22411190-1,Temperature,CURRENT,°C,17.114482421874996
2026-08-05T06:00:00+00:00,22411190-2,RH,CURRENT,%,82.69169146257725
2026-08-05T06:00:00+00:00,22411190-3,Dew Point,CURRENT,°C,14.165366108525395
2026-08-05T06:00:00+00:00,22411191-1,Temperature,CURRENT,°C,18.058291015624995
2026-08-05T06:00:00+00:00,22411191-2,RH,CURRENT,%,79.37285420004578
2026-08-05T06:00:00+00:00,22411191-3,Dew Point,CURRENT,°C,14.452679912615636
2026-08-05T06:00:00+00:00,22411525-1,Temperature,CURRENT,°C,18.272792968750004
2026-08-05T06:00:00+00:00,22411525-2,RH,CURRENT,%,76.65674830243381
2026-08-05T06:00:00+00:00,22411525-3,Dew Point,CURRENT,°C,14.122443966015897
2026-08-05T06:00:00+00:00,22411526-1,Temperature,CURRENT,°C,15.741669921875001
2026-08-05T06:00:00+00:00,22411526-2,RH,CURRENT,%,91.80437933928435
2026-08-05T06:00:00+00:00,22411526-3,Dew Point,CURRENT,°C,14.430708394849882
2026-08-05T06:00:00+00:00,22411527-1,Temperature,CURRENT,°C,18.3800439453125
2026-08-05T06:00:00+00:00,22411527-2,RH,CURRENT,%,76.23559929808499
2026-08-05T06:00:00+00:00,22411527-3,Dew Point,CURRENT,°C,14.141245484553988
2026-08-05T06:00:00+00:00,22411528-1,Temperature,CURRENT,°C,15.548618164062496
2026-08-05T06:00:00+00:00,22411528-2,RH,CURRENT,%,94.19546807049669
2026-08-05T06:00:00+00:00,22411528-3,Dew Point,CURRENT,°C,14.637564653643834
2026-08-05T06:00:00+00:00,22411529-1,Temperature,CURRENT,°C,14.776411132812498
2026-08-05T06:00:00+00:00,22411529-2,RH,CURRENT,%,97.70199130235751
2026-08-05T06:00:00+00:00,22411529-3,Dew Point,CURRENT,°C,14.434538079554416
2026-08-05T06:00:00+00:00,22411530-1,Temperature,CURRENT,°C,17.822338867187504
2026-08-05T06:00:00+00:00,22411530-2,RH,CURRENT,%,79.14396887159533
2026-08-05T06:00:00+00:00,22411530-3,Dew Point,CURRENT,°C,14.17836942756632
2026-08-05T06:01:00+00:00,22411541-S,Battery,CURRENT,V,8.23831787109375
2026-08-05T06:05:00+00:00,22411189-1,Temperature,CURRENT,°C,16.513876953125
2026-08-05T06:05:00+00:00,22411189-2,RH,CURRENT,%,87.30907148851759
2026-08-05T06:05:00+00:00,22411189-3,Dew Point,CURRENT,°C,14.416252839470555
2026-08-05T06:05:00+00:00,22411190-1,Temperature,CURRENT,°C,17.114482421874996
2026-08-05T06:05:00+00:00,22411190-2,RH,CURRENT,%,82.27817196917678
2026-08-05T06:05:00+00:00,22411190-3,Dew Point,CURRENT,°C,14.087919518414108
2026-08-05T06:05:00+00:00,22411191-1,Temperature,CURRENT,°C,18.1226416015625
2026-08-05T06:05:00+00:00,22411191-2,RH,CURRENT,%,79.54680704966812
2026-08-05T06:05:00+00:00,22411191-3,Dew Point,CURRENT,°C,14.54924501356288
2026-08-05T06:05:00+00:00,22411525-1,Temperature,CURRENT,°C,18.2942431640625
2026-08-05T06:05:00+00:00,22411525-2,RH,CURRENT,%,77.03822384985122
2026-08-05T06:05:00+00:00,22411525-3,Dew Point,CURRENT,°C,14.219953152709113
2026-08-05T06:05:00+00:00,22411526-1,Temperature,CURRENT,°C,15.763120117187498
2026-08-05T06:05:00+00:00,22411526-2,RH,CURRENT,%,90.16098268101015
2026-08-05T06:05:00+00:00,22411526-3,Dew Point,CURRENT,°C,14.172510544185798
2026-08-05T06:05:00+00:00,22411527-1,Temperature,CURRENT,°C,18.422944335937494
2026-08-05T06:05:00+00:00,22411527-2,RH,CURRENT,%,76.60791943236438
2026-08-05T06:05:00+00:00,22411527-3,Dew Point,CURRENT,°C,14.25811441099844
2026-08-05T06:05:00+00:00,22411528-1,Temperature,CURRENT,°C,15.4413671875
2026-08-05T06:05:00+00:00,22411528-2,RH,CURRENT,%,92.95490959029526
2026-08-05T06:05:00+00:00,22411528-3,Dew Point,CURRENT,°C,14.325633576527931
2026-08-05T06:05:00+00:00,22411529-1,Temperature,CURRENT,°C,14.754960937500002
2026-08-05T06:05:00+00:00,22411529-2,RH,CURRENT,%,97.35713740749217
2026-08-05T06:05:00+00:00,22411529-3,Dew Point,CURRENT,°C,14.358379010680975
2026-08-05T06:05:00+00:00,22411530-1,Temperature,CURRENT,°C,17.822338867187504
2026-08-05T06:05:00+00:00,22411530-2,RH,CURRENT,%,79.72075989929046
2026-08-05T06:05:00+00:00,22411530-3,Dew Point,CURRENT,°C,14.290642312762184
2026-08-05T06:06:00+00:00,22411541-S,Battery,CURRENT,V,8.23831787109375
2026-08-05T06:10:00+00:00,22411189-1,Temperature,CURRENT,°C,16.3208251953125
2026-08-05T06:10:00+00:00,22411189-2,RH,CURRENT,%,88.66865033951323
2026-08-05T06:10:00+00:00,22411189-3,Dew Point,CURRENT,°C,14.465224197660824
2026-08-05T06:10:00+00:00,22411190-1,Temperature,CURRENT,°C,16.9643310546875
2026-08-05T06:10:00+00:00,22411190-2,RH,CURRENT,%,83.0563820859083
2026-08-05T06:10:00+00:00,22411190-3,Dew Point,CURRENT,°C,14.086401821477956
2026-08-05T06:10:00+00:00,22411191-1,Temperature,CURRENT,°C,17.972490234374995
2026-08-05T06:10:00+00:00,22411191-2,RH,CURRENT,%,80.06256198977646
2026-08-05T06:10:00+00:00,22411191-3,Dew Point,CURRENT,°C,14.50314963929081
2026-08-05T06:10:00+00:00,22411525-1,Temperature,CURRENT,°C,18.1226416015625
2026-08-05T06:10:00+00:00,22411525-2,RH,CURRENT,%,77.56923781185625
2026-08-05T06:10:00+00:00,22411525-3,Dew Point,CURRENT,°C,14.159635799075216
2026-08-05T06:10:00+00:00,22411526-1,Temperature,CURRENT,°C,15.570068359375
2026-08-05T06:10:00+00:00,22411526-2,RH,CURRENT,%,90.52872510872054
2026-08-05T06:10:00+00:00,22411526-3,Dew Point,CURRENT,°C,14.04442396933272
2026-08-05T06:10:00+00:00,22411527-1,Temperature,CURRENT,°C,18.2942431640625
2026-08-05T06:10:00+00:00,22411527-2,RH,CURRENT,%,77.07026779583428
2026-08-05T06:10:00+00:00,22411527-3,Dew Point,CURRENT,°C,14.22638243245129
2026-08-05T06:10:00+00:00,22411528-1,Temperature,CURRENT,°C,15.205415039062501
2026-08-05T06:10:00+00:00,22411528-2,RH,CURRENT,%,93.00984206912337
2026-08-05T06:10:00+00:00,22411528-3,Dew Point,CURRENT,°C,14.100543367724242
2026-08-05T06:10:00+00:00,22411529-1,Temperature,CURRENT,°C,14.669160156250001
2026-08-05T06:10:00+00:00,22411529-2,RH,CURRENT,%,97.34493018997482
2026-08-05T06:10:00+00:00,22411529-3,Dew Point,CURRENT,°C,14.270784279244086
2026-08-05T06:10:00+00:00,22411530-1,Temperature,CURRENT,°C,17.715087890624993
2026-08-05T06:10:00+00:00,22411530-2,RH,CURRENT,%,80.05798428320745
2026-08-05T06:10:00+00:00,22411530-3,Dew Point,CURRENT,°C,14.251445051588275
2026-08-05T06:11:00+00:00,22411541-S,Battery,CURRENT,V,8.23831787109375
2026-08-05T06:15:00+00:00,22411189-1,Temperature,CURRENT,°C,16.213574218749997
2026-08-05T06:15:00+00:00,22411189-2,RH,CURRENT,%,90.52872510872054
2026-08-05T06:15:00+00:00,22411189-3,Dew Point,CURRENT,°C,14.681105030373761
2026-08-05T06:15:00+00:00,22411190-1,Temperature,CURRENT,°C,16.771279296875
2026-08-05T06:15:00+00:00,22411190-2,RH,CURRENT,%,85.17128252079041
2026-08-05T06:15:00+00:00,22411190-3,Dew Point,CURRENT,°C,14.28575183909047
2026-08-05T06:15:00+00:00,22411191-1,Temperature,CURRENT,°C,17.822338867187504
2026-08-05T06:15:00+00:00,22411191-2,RH,CURRENT,%,81.22529945830472
2026-08-05T06:15:00+00:00,22411191-3,Dew Point,CURRENT,°C,14.580183361959646
2026-08-05T06:15:00+00:00,22411525-1,Temperature,CURRENT,°C,18.07974121093749
2026-08-05T06:15:00+00:00,22411525-2,RH,CURRENT,%,77.92935072861829
2026-08-05T06:15:00+00:00,22411525-3,Dew Point,CURRENT,°C,14.189563295565165
2026-08-05T06:15:00+00:00,22411526-1,Temperature,CURRENT,°C,15.570068359375
2026-08-05T06:15:00+00:00,22411526-2,RH,CURRENT,%,92.04699778744182
2026-08-05T06:15:00+00:00,22411526-3,Dew Point,CURRENT,°C,14.301455466694605
2026-08-05T06:15:00+00:00,22411527-1,Temperature,CURRENT,°C,18.337143554687493
2026-08-05T06:15:00+00:00,22411527-2,RH,CURRENT,%,77.08857862211032
2026-08-05T06:15:00+00:00,22411527-3,Dew Point,CURRENT,°C,14.271662529288406
2026-08-05T06:15:00+00:00,22411528-1,Temperature,CURRENT,°C,15.1625146484375
2026-08-05T06:15:00+00:00,22411528-2,RH,CURRENT,%,94.3907835507744
2026-08-05T06:15:00+00:00,22411528-3,Dew Point,CURRENT,°C,14.28571583510764
2026-08-05T06:15:00+00:00,22411529-1,Temperature,CURRENT,°C,14.519008789062497
2026-08-05T06:15:00+00:00,22411529-2,RH,CURRENT,%,97.41359578850995
2026-08-05T06:15:00+00:00,22411529-3,Dew Point,CURRENT,°C,14.131782536949707
2026-08-05T06:15:00+00:00,22411530-1,Temperature,CURRENT,°C,17.436235351562495
2026-08-05T06:15:00+00:00,22411530-2,RH,CURRENT,%,82.39719233997101
2026-08-05T06:15:00+00:00,22411530-3,Dew Point,CURRENT,°C,14.424897324552461
2026-08-05T06:16:00+00:00,22411541-S,Battery,CURRENT,V,8.23831787109375
2026-08-05T06:20:00+00:00,22411189-1,Temperature,CURRENT,°C,15.720219726562497
2026-08-05T06:20:00+00:00,22411189-2,RH,CURRENT,%,91.0582131685359
2026-08-05T06:20:00+00:00,22411189-3,Dew Point,CURRENT,°C,14.283155706160759
2026-08-05T06:20:00+00:00,22411190-1,Temperature,CURRENT,°C,16.127773437499997
2026-08-05T06:20:00+00:00,22411190-2,RH,CURRENT,%,86.00900282291906
2026-08-05T06:20:00+00:00,22411190-3,Dew Point,CURRENT,°C,13.804566824795476
2026-08-05T06:20:00+00:00,22411191-1,Temperature,CURRENT,°C,16.835629882812498
2026-08-05T06:20:00+00:00,22411191-2,RH,CURRENT,%,84.88441290913252
2026-08-05T06:20:00+00:00,22411191-3,Dew Point,CURRENT,°C,14.29673997647654
2026-08-05T06:20:00+00:00,22411525-1,Temperature,CURRENT,°C,17.028681640624995
2026-08-05T06:20:00+00:00,22411525-2,RH,CURRENT,%,82.45365072098879
2026-08-05T06:20:00+00:00,22411525-3,Dew Point,CURRENT,°C,14.036910073389127
2026-08-05T06:20:00+00:00,22411526-1,Temperature,CURRENT,°C,15.248315429687501
2026-08-05T06:20:00+00:00,22411526-2,RH,CURRENT,%,91.96917677576867
2026-08-05T06:20:00+00:00,22411526-3,Dew Point,CURRENT,°C,13.969406841322327
2026-08-05T06:20:00+00:00,22411527-1,Temperature,CURRENT,°C,17.243183593749997
2026-08-05T06:20:00+00:00,22411527-2,RH,CURRENT,%,82.15915159838255
2026-08-05T06:20:00+00:00,22411527-3,Dew Point,CURRENT,°C,14.191382588849095
2026-08-05T06:20:00+00:00,22411528-1,Temperature,CURRENT,°C,14.9480126953125
2026-08-05T06:20:00+00:00,22411528-2,RH,CURRENT,%,94.94621194781415
2026-08-05T06:20:00+00:00,22411528-3,Dew Point,CURRENT,°C,14.163020937834162
2026-08-05T06:20:00+00:00,22411529-1,Temperature,CURRENT,°C,14.476108398437496
2026-08-05T06:20:00+00:00,22411529-2,RH,CURRENT,%,97.59975585564965
2026-08-05T06:20:00+00:00,22411529-3,Dew Point,CURRENT,°C,14.118440210731638
2026-08-05T06:20:00+00:00,22411530-1,Temperature,CURRENT,°C,16.513876953125
2026-08-05T06:20:00+00:00,22411530-2,RH,CURRENT,%,84.99732967116807
2026-08-05T06:20:00+00:00,22411530-3,Dew Point,CURRENT,°C,14.001435223966794
2026-08-05T06:21:00+00:00,22411541-S,Battery,CURRENT,V,8.23831787109375
2026-08-05T06:25:00+00:00,22411189-1,Temperature,CURRENT,°C,15.52716796875
2026-08-05T06:25:00+00:00,22411189-2,RH,CURRENT,%,94.45487144274053
2026-08-05T06:25:00+00:00,22411189-3,Dew Point,CURRENT,°C,14.658894719174548
2026-08-05T06:25:00+00:00,22411190-1,Temperature,CURRENT,°C,15.999072265624996
2026-08-05T06:25:00+00:00,22411190-2,RH,CURRENT,%,89.78561074235141
2026-08-05T06:25:00+00:00,22411190-3,Dew Point,CURRENT,°C,14.341266418491001
2026-08-05T06:25:00+00:00,22411191-1,Temperature,CURRENT,°C,16.89998046875
2026-08-05T06:25:00+00:00,22411191-2,RH,CURRENT,%,86.16464484626536
2026-08-05T06:25:00+00:00,22411191-3,Dew Point,CURRENT,°C,14.591796869319387
2026-08-05T06:25:00+00:00,22411525-1,Temperature,CURRENT,°C,17.178833007812493
2026-08-05T06:25:00+00:00,22411525-2,RH,CURRENT,%,82.35141527428092
2026-08-05T06:25:00+00:00,22411525-3,Dew Point,CURRENT,°C,14.164588707745596
2026-08-05T06:25:00+00:00,22411526-1,Temperature,CURRENT,°C,15.0338134765625
2026-08-05T06:25:00+00:00,22411526-2,RH,CURRENT,%,93.60952162966353
2026-08-05T06:25:00+00:00,22411526-3,Dew Point,CURRENT,°C,14.029358938058042
2026-08-05T06:25:00+00:00,22411527-1,Temperature,CURRENT,°C,17.414785156249998
2026-08-05T06:25:00+00:00,22411527-2,RH,CURRENT,%,81.05745021744106
2026-08-05T06:25:00+00:00,22411527-3,Dew Point,CURRENT,°C,14.150371443054784
2026-08-05T06:25:00+00:00,22411528-1,Temperature,CURRENT,°C,14.733510742187498
2026-08-05T06:25:00+00:00,22411528-2,RH,CURRENT,%,95.68169680323491
2026-08-05T06:25:00+00:00,22411528-3,Dew Point,CURRENT,°C,14.068636057548261
2026-08-05T06:25:00+00:00,22411529-1,Temperature,CURRENT,°C,14.390307617187496
2026-08-05T06:25:00+00:00,22411529-2,RH,CURRENT,%,97.5722896162356
2026-08-05T06:25:00+00:00,22411529-3,Dew Point,CURRENT,°C,14.028413649177315
2026-08-05T06:25:00+00:00,22411530-1,Temperature,CURRENT,°C,16.513876953125
2026-08-05T06:25:00+00:00,22411530-2,RH,CURRENT,%,87.20836194399939
2026-08-05T06:25:00+00:00,22411530-3,Dew Point,CURRENT,°C,14.398383461090784
2026-08-05T06:26:00+00:00,22411541-S,Battery,CURRENT,V,8.235087158203125
2026-08-05T06:30:00+00:00,22411189-1,Temperature,CURRENT,°C,15.269765624999998
2026-08-05T06:30:00+00:00,22411189-2,RH,CURRENT,%,93.54390783550774
2026-08-05T06:30:00+00:00,22411189-3,Dew Point,CURRENT,°C,14.252933375668217
2026-08-05T06:30:00+00:00,22411190-1,Temperature,CURRENT,°C,15.848920898437498
2026-08-05T06:30:00+00:00,22411190-2,RH,CURRENT,%,88.6198214694438
2026-08-05T06:30:00+00:00,22411190-3,Dew Point,CURRENT,°C,13.99101747050077
2026-08-05T06:30:00+00:00,22411191-1,Temperature,CURRENT,°C,17.157382812499996
2026-08-05T06:30:00+00:00,22411191-2,RH,CURRENT,%,84.81422140840772
2026-08-05T06:30:00+00:00,22411191-3,Dew Point,CURRENT,°C,14.599722543504308
2026-08-05T06:30:00+00:00,22411525-1,Temperature,CURRENT,°C,17.436235351562495
2026-08-05T06:30:00+00:00,22411525-2,RH,CURRENT,%,81.63424124513618
2026-08-05T06:30:00+00:00,22411525-3,Dew Point,CURRENT,°C,14.280930362872953
2026-08-05T06:30:00+00:00,22411526-1,Temperature,CURRENT,°C,14.776411132812498
2026-08-05T06:30:00+00:00,22411526-2,RH,CURRENT,%,94.1496910048066
2026-08-05T06:30:00+00:00,22411526-3,Dew Point,CURRENT,°C,13.862298002684541
2026-08-05T06:30:00+00:00,22411527-1,Temperature,CURRENT,°C,17.629287109374992
2026-08-05T06:30:00+00:00,22411527-2,RH,CURRENT,%,80.98725871671625
2026-08-05T06:30:00+00:00,22411527-3,Dew Point,CURRENT,°C,14.346305408539987
2026-08-05T06:30:00+00:00,22411528-1,Temperature,CURRENT,°C,14.604809570312497
2026-08-05T06:30:00+00:00,22411528-2,RH,CURRENT,%,96.22644388494697
2026-08-05T06:30:00+00:00,22411528-3,Dew Point,CURRENT,°C,14.028029752488806
2026-08-05T06:30:00+00:00,22411529-1,Temperature,CURRENT,°C,14.476108398437496
2026-08-05T06:30:00+00:00,22411529-2,RH,CURRENT,%,98.62668802929733
2026-08-05T06:30:00+00:00,22411529-3,Dew Point,CURRENT,°C,14.280229164263835
2026-08-05T06:30:00+00:00,22411530-1,Temperature,CURRENT,°C,16.642578125
2026-08-05T06:30:00+00:00,22411530-2,RH,CURRENT,%,85.64278629739833
2026-08-05T06:30:00+00:00,22411530-3,Dew Point,CURRENT,°C,14.244708345653809
2026-08-05T06:31:00+00:00,22411541-S,Battery,CURRENT,V,8.23831787109375
2026-08-05T06:35:00+00:00,22411189-1,Temperature,CURRENT,°C,15.69876953125
2026-08-05T06:35:00+00:00,22411189-2,RH,CURRENT,%,92.16296635385672
2026-08-05T06:35:00+00:00,22411189-3,Dew Point,CURRENT,°C,14.448552542450008
2026-08-05T06:35:00+00:00,22411190-1,Temperature,CURRENT,°C,16.621127929687496
2026-08-05T06:35:00+00:00,22411190-2,RH,CURRENT,%,84.42053864347295
2026-08-05T06:35:00+00:00,22411190-3,Dew Point,CURRENT,°C,14.001597657359998
2026-08-05T06:35:00+00:00,22411191-1,Temperature,CURRENT,°C,17.886689453124994
2026-08-05T06:35:00+00:00,22411191-2,RH,CURRENT,%,79.20653086137179
2026-08-05T06:35:00+00:00,22411191-3,Dew Point,CURRENT,°C,14.253204141265819
2026-08-05T06:35:00+00:00,22411525-1,Temperature,CURRENT,°C,18.101191406250003
2026-08-05T06:35:00+00:00,22411525-2,RH,CURRENT,%,76.52857251850156
2026-08-05T06:35:00+00:00,22411525-3,Dew Point,CURRENT,°C,13.930312183172452
2026-08-05T06:35:00+00:00,22411526-1,Temperature,CURRENT,°C,14.754960937500002
2026-08-05T06:35:00+00:00,22411526-2,RH,CURRENT,%,94.79514763103685
2026-08-05T06:35:00+00:00,22411526-3,Dew Point,CURRENT,°C,13.94632325732487
2026-08-05T06:35:00+00:00,22411527-1,Temperature,CURRENT,°C,18.229892578124996
2026-08-05T06:35:00+00:00,22411527-2,RH,CURRENT,%,76.04028381780728
2026-08-05T06:35:00+00:00,22411527-3,Dew Point,CURRENT,°C,13.956236651201168
2026-08-05T06:35:00+00:00,22411528-1,Temperature,CURRENT,°C,14.519008789062497
2026-08-05T06:35:00+00:00,22411528-2,RH,CURRENT,%,96.64301518272678
2026-08-05T06:35:00+00:00,22411528-3,Dew Point,CURRENT,°C,14.00914931636678
2026-08-05T06:35:00+00:00,22411529-1,Temperature,CURRENT,°C,14.4117578125
2026-08-05T06:35:00+00:00,22411529-2,RH,CURRENT,%,98.27420462348364
2026-08-05T06:35:00+00:00,22411529-3,Dew Point,CURRENT,°C,14.160548417090139
2026-08-05T06:35:00+00:00,22411530-1,Temperature,CURRENT,°C,17.522036132812495
2026-08-05T06:35:00+00:00,22411530-2,RH,CURRENT,%,79.66430151827268
2026-08-05T06:35:00+00:00,22411530-3,Dew Point,CURRENT,°C,13.987233969579988
2026-08-05T06:36:00+00:00,22411541-S,Battery,CURRENT,V,8.235087158203125
2026-08-05T06:40:00+00:00,22411189-1,Temperature,CURRENT,°C,15.677319335937497
2026-08-05T06:40:00+00:00,22411189-2,RH,CURRENT,%,90.52262149996186
2026-08-05T06:40:00+00:00,22411189-3,Dew Point,CURRENT,°C,14.149497088121443
2026-08-05T06:40:00+00:00,22411190-1,Temperature,CURRENT,°C,16.599677734375
2026-08-05T06:40:00+00:00,22411190-2,RH,CURRENT,%,83.35088120851454
2026-08-05T06:40:00+00:00,22411190-3,Dew Point,CURRENT,°C,13.783949980630402
2026-08-05T06:40:00+00:00,22411191-1,Temperature,CURRENT,°C,17.951040039062498
2026-08-05T06:40:00+00:00,22411191-2,RH,CURRENT,%,79.0600442511635
2026-08-05T06:40:00+00:00,22411191-3,Dew Point,CURRENT,°C,14.28718938928941
2026-08-05T06:40:00+00:00,22411525-1,Temperature,CURRENT,°C,18.1226416015625
2026-08-05T06:40:00+00:00,22411525-2,RH,CURRENT,%,76.53315022507057
2026-08-05T06:40:00+00:00,22411525-3,Dew Point,CURRENT,°C,13.952020517670006
2026-08-05T06:40:00+00:00,22411526-1,Temperature,CURRENT,°C,14.776411132812498
2026-08-05T06:40:00+00:00,22411526-2,RH,CURRENT,%,94.0794995040818
2026-08-05T06:40:00+00:00,22411526-3,Dew Point,CURRENT,°C,13.850801241511231
2026-08-05T06:40:00+00:00,22411527-1,Temperature,CURRENT,°C,18.251342773437493
2026-08-05T06:40:00+00:00,22411527-2,RH,CURRENT,%,76.24933241779202
2026-08-05T06:40:00+00:00,22411527-3,Dew Point,CURRENT,°C,14.019374173345541
2026-08-05T06:40:00+00:00,22411528-1,Temperature,CURRENT,°C,14.561909179687497
2026-08-05T06:40:00+00:00,22411528-2,RH,CURRENT,%,96.65827420462348
2026-08-05T06:40:00+00:00,22411528-3,Dew Point,CURRENT,°C,14.054375966666498
2026-08-05T06:40:00+00:00,22411529-1,Temperature,CURRENT,°C,14.368857421875
2026-08-05T06:40:00+00:00,22411529-2,RH,CURRENT,%,98.10482948043031
2026-08-05T06:40:00+00:00,22411529-3,Dew Point,CURRENT,°C,14.091027972992045
2026-08-05T06:40:00+00:00,22411530-1,Temperature,CURRENT,°C,17.607836914062496
2026-08-05T06:40:00+00:00,22411530-2,RH,CURRENT,%,79.42168307011521
2026-08-05T06:40:00+00:00,22411530-3,Dew Point,CURRENT,°C,14.02370218564679
2026-08-05T06:41:00+00:00,22411541-S,Battery,CURRENT,V,8.235087158203125
2026-08-05T06:45:00+00:00,22411189-1,Temperature,CURRENT,°C,15.462817382812496
2026-08-05T06:45:00+00:00,22411189-2,RH,CURRENT,%,93.23872739757381
2026-08-05T06:45:00+00:00,22411189-3,Dew Point,CURRENT,°C,14.394113099139593
2026-08-05T06:45:00+00:00,22411190-1,Temperature,CURRENT,°C,16.342275390624998
2026-08-05T06:45:00+00:00,22411190-2,RH,CURRENT,%,85.96017395284962
2026-08-05T06:45:00+00:00,22411190-3,Dew Point,CURRENT,°C,14.006695300077595
2026-08-05T06:45:00+00:00,22411191-1,Temperature,CURRENT,°C,17.522036132812495
2026-08-05T06:45:00+00:00,22411191-2,RH,CURRENT,%,81.9043259327077
2026-08-05T06:45:00+00:00,22411191-3,Dew Point,CURRENT,°C,14.415872887292778
2026-08-05T06:45:00+00:00,22411525-1,Temperature,CURRENT,°C,17.693637695312496
2026-08-05T06:45:00+00:00,22411525-2,RH,CURRENT,%,79.2156862745098
2026-08-05T06:45:00+00:00,22411525-3,Dew Point,CURRENT,°C,14.067120497345195
2026-08-05T06:45:00+00:00,22411526-1,Temperature,CURRENT,°C,14.733510742187498
2026-08-05T06:45:00+00:00,22411526-2,RH,CURRENT,%,94.17715724422065
2026-08-05T06:45:00+00:00,22411526-3,Dew Point,CURRENT,°C,13.824141144932163
2026-08-05T06:45:00+00:00,22411527-1,Temperature,CURRENT,°C,17.822338867187504
2026-08-05T06:45:00+00:00,22411527-2,RH,CURRENT,%,78.84641794460975
2026-08-05T06:45:00+00:00,22411527-3,Dew Point,CURRENT,°C,14.120169931747876
2026-08-05T06:45:00+00:00,22411528-1,Temperature,CURRENT,°C,14.476108398437496
2026-08-05T06:45:00+00:00,22411528-2,RH,CURRENT,%,96.4660105287251
2026-08-05T06:45:00+00:00,22411528-3,Dew Point,CURRENT,°C,13.938079437517596
2026-08-05T06:45:00+00:00,22411529-1,Temperature,CURRENT,°C,14.325957031249999
2026-08-05T06:45:00+00:00,22411529-2,RH,CURRENT,%,98.19180590524148
2026-08-05T06:45:00+00:00,22411529-3,Dew Point,CURRENT,°C,14.061841934668855
2026-08-05T06:45:00+00:00,22411530-1,Temperature,CURRENT,°C,17.178833007812493
2026-08-05T06:45:00+00:00,22411530-2,RH,CURRENT,%,82.34378576333258
2026-08-05T06:45:00+00:00,22411530-3,Dew Point,CURRENT,°C,14.163157000613865
2026-08-05T06:46:00+00:00,22411541-S,Battery,CURRENT,V,8.235087158203125
2026-08-05T06:50:00+00:00,22411189-1,Temperature,CURRENT,°C,15.591518554687497
2026-08-05T06:50:00+00:00,22411189-2,RH,CURRENT,%,93.06477454795147
2026-08-05T06:50:00+00:00,22411189-3,Dew Point,CURRENT,°C,14.492977776344475
2026-08-05T06:50:00+00:00,22411190-1,Temperature,CURRENT,°C,16.449526367187495
2026-08-05T06:50:00+00:00,22411190-2,RH,CURRENT,%,85.81826504921034
2026-08-05T06:50:00+00:00,22411190-3,Dew Point,CURRENT,°C,14.08661468923069
2026-08-05T06:50:00+00:00,22411191-1,Temperature,CURRENT,°C,17.436235351562495
2026-08-05T06:50:00+00:00,22411191-2,RH,CURRENT,%,81.76699473563744
2026-08-05T06:50:00+00:00,22411191-3,Dew Point,CURRENT,°C,14.306065198734268
2026-08-05T06:50:00+00:00,22411525-1,Temperature,CURRENT,°C,17.564936523437503
2026-08-05T06:50:00+00:00,22411525-2,RH,CURRENT,%,78.91050583657588
2026-08-05T06:50:00+00:00,22411525-3,Dew Point,CURRENT,°C,13.882342638794832
2026-08-05T06:50:00+00:00,22411526-1,Temperature,CURRENT,°C,14.733510742187498
2026-08-05T06:50:00+00:00,22411526-2,RH,CURRENT,%,94.95994506752118
2026-08-05T06:50:00+00:00,22411526-3,Dew Point,CURRENT,°C,13.951772140117676
2026-08-05T06:50:00+00:00,22411527-1,Temperature,CURRENT,°C,17.736538085937504
2026-08-05T06:50:00+00:00,22411527-2,RH,CURRENT,%,78.2360570687419
2026-08-05T06:50:00+00:00,22411527-3,Dew Point,CURRENT,°C,13.916809836069259
2026-08-05T06:50:00+00:00,22411528-1,Temperature,CURRENT,°C,14.433208007812496
2026-08-05T06:50:00+00:00,22411528-2,RH,CURRENT,%,97.09315632867933
2026-08-05T06:50:00+00:00,22411528-3,Dew Point,CURRENT,°C,13.995263150490851
2026-08-05T06:50:00+00:00,22411529-1,Temperature,CURRENT,°C,14.261606445312495
2026-08-05T06:50:00+00:00,22411529-2,RH,CURRENT,%,98.08194094758527
2026-08-05T06:50:00+00:00,22411529-3,Dew Point,CURRENT,°C,13.980257211579323
2026-08-05T06:50:00+00:00,22411530-1,Temperature,CURRENT,°C,17.178833007812493
2026-08-05T06:50:00+00:00,22411530-2,RH,CURRENT,%,82.65354390783551
2026-08-05T06:50:00+00:00,22411530-3,Dew Point,CURRENT,°C,14.22119097987233
2026-08-05T06:51:00+00:00,22411541-S,Battery,CURRENT,V,8.235087158203125
2026-08-05T06:55:00+00:00,22411189-1,Temperature,CURRENT,°C,15.312666015624998
2026-08-05T06:55:00+00:00,22411189-2,RH,CURRENT,%,94.37247272449837
2026-08-05T06:55:00+00:00,22411189-3,Dew Point,CURRENT,°C,14.432038234578437
2026-08-05T06:55:00+00:00,22411190-1,Temperature,CURRENT,°C,16.084873046874996
2026-08-05T06:55:00+00:00,22411190-2,RH,CURRENT,%,87.56694895857176
2026-08-05T06:55:00+00:00,22411190-3,Dew Point,CURRENT,°C,14.039212675131148
2026-08-05T06:55:00+00:00,22411191-1,Temperature,CURRENT,°C,17.371884765625005
2026-08-05T06:55:00+00:00,22411191-2,RH,CURRENT,%,83.00297550926986
2026-08-05T06:55:00+00:00,22411191-3,Dew Point,CURRENT,°C,14.475390369494301
2026-08-05T06:55:00+00:00,22411525-1,Temperature,CURRENT,°C,17.564936523437503
2026-08-05T06:55:00+00:00,22411525-2,RH,CURRENT,%,79.74670023651484
2026-08-05T06:55:00+00:00,22411525-3,Dew Point,CURRENT,°C,14.044972059083008
2026-08-05T06:55:00+00:00,22411526-1,Temperature,CURRENT,°C,14.604809570312497
2026-08-05T06:55:00+00:00,22411526-2,RH,CURRENT,%,95.19645990691997
2026-08-05T06:55:00+00:00,22411526-3,Dew Point,CURRENT,°C,13.862023634244805
2026-08-05T06:55:00+00:00,22411527-1,Temperature,CURRENT,°C,17.779438476562497
2026-08-05T06:55:00+00:00,22411527-2,RH,CURRENT,%,78.86778057526513
2026-08-05T06:55:00+00:00,22411527-3,Dew Point,CURRENT,°C,14.082628251234611
2026-08-05T06:55:00+00:00,22411528-1,Temperature,CURRENT,°C,14.368857421875
2026-08-05T06:55:00+00:00,22411528-2,RH,CURRENT,%,97.38460364690623
2026-08-05T06:55:00+00:00,22411528-3,Dew Point,CURRENT,°C,13.977281401432
2026-08-05T06:55:00+00:00,22411529-1,Temperature,CURRENT,°C,14.218706054687502
2026-08-05T06:55:00+00:00,22411529-2,RH,CURRENT,%,98.47104600595102
2026-08-05T06:55:00+00:00,22411529-3,Dew Point,CURRENT,°C,13.998477492719225
2026-08-05T06:55:00+00:00,22411530-1,Temperature,CURRENT,°C,16.89998046875
2026-08-05T06:55:00+00:00,22411530-2,RH,CURRENT,%,84.21606775005722
2026-08-05T06:55:00+00:00,22411530-3,Dew Point,CURRENT,°C,14.237621030760767
2026-08-05T06:56:00+00:00,22411541-S,Battery,CURRENT,V,8.23831787109375
2026-08-05T07:00:00+00:00,22411189-1,Temperature,CURRENT,°C,15.291215820312502
2026-08-05T07:00:00+00:00,22411189-2,RH,CURRENT,%,94.45029373617152
2026-08-05T07:00:00+00:00,22411189-3,Dew Point,CURRENT,°C,14.423469411382623
2026-08-05T07:00:00+00:00,22411190-1,Temperature,CURRENT,°C,15.913271484374995
2026-08-05T07:00:00+00:00,22411190-2,RH,CURRENT,%,88.51911192492561
2026-08-05T07:00:00+00:00,22411190-3,Dew Point,CURRENT,°C,14.03696484782331
2026-08-05T07:00:00+00:00,22411191-1,Temperature,CURRENT,°C,16.9643310546875
2026-08-05T07:00:00+00:00,22411191-2,RH,CURRENT,%,85.63363088426031
2026-08-05T07:00:00+00:00,22411191-3,Dew Point,CURRENT,°C,14.559211929238488
2026-08-05T07:00:00+00:00,22411525-1,Temperature,CURRENT,°C,17.243183593749997
2026-08-05T07:00:00+00:00,22411525-2,RH,CURRENT,%,82.1011673151751
2026-08-05T07:00:00+00:00,22411525-3,Dew Point,CURRENT,°C,14.18047089597011
2026-08-05T07:00:00+00:00,22411526-1,Temperature,CURRENT,°C,14.604809570312497
2026-08-05T07:00:00+00:00,22411526-2,RH,CURRENT,%,95.54131380178531
2026-08-05T07:00:00+00:00,22411526-3,Dew Point,CURRENT,°C,13.917779682157835
2026-08-05T07:00:00+00:00,22411527-1,Temperature,CURRENT,°C,17.522036132812495
2026-08-05T07:00:00+00:00,22411527-2,RH,CURRENT,%,80.41962310215915
2026-08-05T07:00:00+00:00,22411527-3,Dew Point,CURRENT,°C,14.132936733702692
2026-08-05T07:00:00+00:00,22411528-1,Temperature,CURRENT,°C,14.347407226562495
2026-08-05T07:00:00+00:00,22411528-2,RH,CURRENT,%,97.55092698558022
2026-08-05T07:00:00+00:00,22411528-3,Dew Point,CURRENT,°C,13.98219535906403
2026-08-05T07:00:00+00:00,22411529-1,Temperature,CURRENT,°C,14.111455078124997
2026-08-05T07:00:00+00:00,22411529-2,RH,CURRENT,%,98.2009613183795
2026-08-05T07:00:00+00:00,22411529-3,Dew Point,CURRENT,°C,13.848915011577976
2026-08-05T07:00:00+00:00,22411530-1,Temperature,CURRENT,°C,16.621127929687496
2026-08-05T07:00:00+00:00,22411530-2,RH,CURRENT,%,86.09597924773023
2026-08-05T07:00:00+00:00,22411530-3,Dew Point,CURRENT,°C,14.305251512282972
2026-08-05T07:01:00+00:00,22411541-S,Battery,CURRENT,V,8.228625732421875
2026-08-05T07:05:00+00:00,22411189-1,Temperature,CURRENT,°C,14.9480126953125
2026-08-05T07:05:00+00:00,22411189-2,RH,CURRENT,%,94.79972533760586
2026-08-05T07:05:00+00:00,22411189-3,Dew Point,CURRENT,°C,14.139163715153263
2026-08-05T07:05:00+00:00,22411190-1,Temperature,CURRENT,°C,15.462817382812496
2026-08-05T07:05:00+00:00,22411190-2,RH,CURRENT,%,89.4239719233997
2026-08-05T07:05:00+00:00,22411190-3,Dew Point,CURRENT,°C,13.74905419725928
2026-08-05T07:05:00+00:00,22411191-1,Temperature,CURRENT,°C,16.299374999999998
2026-08-05T07:05:00+00:00,22411191-2,RH,CURRENT,%,87.11680781261921
2026-08-05T07:05:00+00:00,22411191-3,Dew Point,CURRENT,°C,14.170900869551415
2026-08-05T07:05:00+00:00,22411525-1,Temperature,CURRENT,°C,16.513876953125
2026-08-05T07:05:00+00:00,22411525-2,RH,CURRENT,%,83.75829709315633
2026-08-05T07:05:00+00:00,22411525-3,Dew Point,CURRENT,°C,13.775012778859113
2026-08-05T07:05:00+00:00,22411526-1,Temperature,CURRENT,°C,14.454658203125
2026-08-05T07:05:00+00:00,22411526-2,RH,CURRENT,%,95.55809872587167
2026-08-05T07:05:00+00:00,22411526-3,Dew Point,CURRENT,°C,13.770934118437218
2026-08-05T07:05:00+00:00,22411527-1,Temperature,CURRENT,°C,16.835629882812498
2026-08-05T07:05:00+00:00,22411527-2,RH,CURRENT,%,82.60013733119708
2026-08-05T07:05:00+00:00,22411527-3,Dew Point,CURRENT,°C,13.875460257529278
2026-08-05T07:05:00+00:00,22411528-1,Temperature,CURRENT,°C,14.218706054687502
2026-08-05T07:05:00+00:00,22411528-2,RH,CURRENT,%,97.76913099870298
2026-08-05T07:05:00+00:00,22411528-3,Dew Point,CURRENT,°C,13.888126597499507
2026-08-05T07:05:00+00:00,22411529-1,Temperature,CURRENT,°C,14.0471044921875
2026-08-05T07:05:00+00:00,22411529-2,RH,CURRENT,%,98.24979018844893
2026-08-05T07:05:00+00:00,22411529-3,Dew Point,CURRENT,°C,13.792263858829951
2026-08-05T07:05:00+00:00,22411530-1,Temperature,CURRENT,°C,15.999072265624996
2026-08-05T07:05:00+00:00,22411530-2,RH,CURRENT,%,86.80552376592661
2026-08-05T07:05:00+00:00,22411530-3,Dew Point,CURRENT,°C,13.820009123273518
2026-08-05T07:06:00+00:00,22411541-S,Battery,CURRENT,V,8.228625732421875
2026-08-05T07:10:00+00:00,22411189-1,Temperature,CURRENT,°C,14.754960937500002
2026-08-05T07:10:00+00:00,22411189-2,RH,CURRENT,%,94.59372854200046
2026-08-05T07:10:00+00:00,22411189-3,Dew Point,CURRENT,°C,13.913515423463224
2026-08-05T07:10:00+00:00,22411190-1,Temperature,CURRENT,°C,15.269765624999998
2026-08-05T07:10:00+00:00,22411190-2,RH,CURRENT,%,89.10963607232776
2026-08-05T07:10:00+00:00,22411190-3,Dew Point,CURRENT,°C,13.50419081141392
2026-08-05T07:10:00+00:00,22411191-1,Temperature,CURRENT,°C,16.578227539062496
2026-08-05T07:10:00+00:00,22411191-2,RH,CURRENT,%,84.65857938506142
2026-08-05T07:10:00+00:00,22411191-3,Dew Point,CURRENT,°C,14.002964520644081
2026-08-05T07:10:00+00:00,22411525-1,Temperature,CURRENT,°C,16.9643310546875
2026-08-05T07:10:00+00:00,22411525-2,RH,CURRENT,%,80.96131837949187
2026-08-05T07:10:00+00:00,22411525-3,Dew Point,CURRENT,°C,13.692469740571282
2026-08-05T07:10:00+00:00,22411526-1,Temperature,CURRENT,°C,14.240156249999998
2026-08-05T07:10:00+00:00,22411526-2,RH,CURRENT,%,95.2651255054551
2026-08-05T07:10:00+00:00,22411526-3,Dew Point,CURRENT,°C,13.510070695928498
2026-08-05T07:10:00+00:00,22411527-1,Temperature,CURRENT,°C,17.264633789062493
2026-08-05T07:10:00+00:00,22411527-2,RH,CURRENT,%,79.73754482337682
2026-08-05T07:10:00+00:00,22411527-3,Dew Point,CURRENT,°C,13.750708155785345
2026-08-05T07:10:00+00:00,22411528-1,Temperature,CURRENT,°C,14.068554687499997
2026-08-05T07:10:00+00:00,22411528-2,RH,CURRENT,%,97.73861295490958
2026-08-05T07:10:00+00:00,22411528-3,Dew Point,CURRENT,°C,13.733343073499137
2026-08-05T07:10:00+00:00,22411529-1,Temperature,CURRENT,°C,14.0042041015625
2026-08-05T07:10:00+00:00,22411529-2,RH,CURRENT,%,98.61600671396964
2026-08-05T07:10:00+00:00,22411529-3,Dew Point,CURRENT,°C,13.806703749892112
2026-08-05T07:10:00+00:00,22411530-1,Temperature,CURRENT,°C,16.127773437499997
2026-08-05T07:10:00+00:00,22411530-2,RH,CURRENT,%,85.82284275577935
2026-08-05T07:10:00+00:00,22411530-3,Dew Point,CURRENT,°C,13.771183943216132
2026-08-05T07:11:00+00:00,22411541-S,Battery,CURRENT,V,8.228625732421875
2026-08-05T07:15:00+00:00,22411189-1,Temperature,CURRENT,°C,14.776411132812498
2026-08-05T07:15:00+00:00,22411189-2,RH,CURRENT,%,95.53063248645762
2026-08-05T07:15:00+00:00,22411189-3,Dew Point,CURRENT,°C,14.086968552081444
2026-08-05T07:15:00+00:00,22411190-1,Temperature,CURRENT,°C,15.377016601562495
2026-08-05T07:15:00+00:00,22411190-2,RH,CURRENT,%,89.45143816281376
2026-08-05T07:15:00+00:00,22411190-3,Dew Point,CURRENT,°C,13.669015895963048
2026-08-05T07:15:00+00:00,22411191-1,Temperature,CURRENT,°C,16.706928710937497
2026-08-05T07:15:00+00:00,22411191-2,RH,CURRENT,%,84.8706797894255
2026-08-05T07:15:00+00:00,22411191-3,Dew Point,CURRENT,°C,14.167913006782273
2026-08-05T07:15:00+00:00,22411525-1,Temperature,CURRENT,°C,16.942880859374995
2026-08-05T07:15:00+00:00,22411525-2,RH,CURRENT,%,81.81734950789654
2026-08-05T07:15:00+00:00,22411525-3,Dew Point,CURRENT,°C,13.833537351152033
2026-08-05T07:15:00+00:00,22411526-1,Temperature,CURRENT,°C,14.0900048828125
2026-08-05T07:15:00+00:00,22411526-2,RH,CURRENT,%,95.77477683680476
2026-08-05T07:15:00+00:00,22411526-3,Dew Point,CURRENT,°C,13.442522044014826
2026-08-05T07:15:00+00:00,22411527-1,Temperature,CURRENT,°C,17.1359326171875
2026-08-05T07:15:00+00:00,22411527-2,RH,CURRENT,%,81.1810482948043
2026-08-05T07:15:00+00:00,22411527-3,Dew Point,CURRENT,°C,13.901714707742515
2026-08-05T07:15:00+00:00,22411528-1,Temperature,CURRENT,°C,13.939853515624996
2026-08-05T07:15:00+00:00,22411528-2,RH,CURRENT,%,97.93545433737697
2026-08-05T07:15:00+00:00,22411528-3,Dew Point,CURRENT,°C,13.635753240867722
2026-08-05T07:15:00+00:00,22411529-1,Temperature,CURRENT,°C,13.982753906249997
2026-08-05T07:15:00+00:00,22411529-2,RH,CURRENT,%,98.70908674753949
2026-08-05T07:15:00+00:00,22411529-3,Dew Point,CURRENT,°C,13.799791510184495
2026-08-05T07:15:00+00:00,22411530-1,Temperature,CURRENT,°C,16.342275390624998
2026-08-05T07:15:00+00:00,22411530-2,RH,CURRENT,%,85.38643472953383
2026-08-05T07:15:00+00:00,22411530-3,Dew Point,CURRENT,°C,13.903381444288161
2026-08-05T07:16:00+00:00,22411541-S,Battery,CURRENT,V,8.228625732421875
2026-08-05T07:20:00+00:00,22411189-1,Temperature,CURRENT,°C,14.712060546875001
2026-08-05T07:20:00+00:00,22411189-2,RH,CURRENT,%,95.51232166018158
2026-08-05T07:20:00+00:00,22411189-3,Dew Point,CURRENT,°C,14.019917333375762
2026-08-05T07:20:00+00:00,22411190-1,Temperature,CURRENT,°C,15.334116210937495
2026-08-05T07:20:00+00:00,22411190-2,RH,CURRENT,%,89.41176470588235
2026-08-05T07:20:00+00:00,22411190-3,Dew Point,CURRENT,°C,13.619805825120984
2026-08-05T07:20:00+00:00,22411191-1,Temperature,CURRENT,°C,16.38517578125
2026-08-05T07:20:00+00:00,22411191-2,RH,CURRENT,%,85.86251621271076
2026-08-05T07:20:00+00:00,22411191-3,Dew Point,CURRENT,°C,14.031322194978124
2026-08-05T07:20:00+00:00,22411525-1,Temperature,CURRENT,°C,16.706928710937497
2026-08-05T07:20:00+00:00,22411525-2,RH,CURRENT,%,82.46585793850615
2026-08-05T07:20:00+00:00,22411525-3,Dew Point,CURRENT,°C,13.724499266422065
2026-08-05T07:20:00+00:00,22411526-1,Temperature,CURRENT,°C,14.0042041015625
2026-08-05T07:20:00+00:00,22411526-2,RH,CURRENT,%,96.36987869077592
2026-08-05T07:20:00+00:00,22411526-3,Dew Point,CURRENT,°C,13.45218130140385
2026-08-05T07:20:00+00:00,22411527-1,Temperature,CURRENT,°C,16.9643310546875
2026-08-05T07:20:00+00:00,22411527-2,RH,CURRENT,%,81.49691004806591
2026-08-05T07:20:00+00:00,22411527-3,Dew Point,CURRENT,°C,13.794019822510935
2026-08-05T07:20:00+00:00,22411528-1,Temperature,CURRENT,°C,13.8755029296875
2026-08-05T07:20:00+00:00,22411528-2,RH,CURRENT,%,98.24979018844893
2026-08-05T07:20:00+00:00,22411528-3,Dew Point,CURRENT,°C,13.620759786126396
2026-08-05T07:20:00+00:00,22411529-1,Temperature,CURRENT,°C,13.9613037109375
2026-08-05T07:20:00+00:00,22411529-2,RH,CURRENT,%,98.78995956359198
2026-08-05T07:20:00+00:00,22411529-3,Dew Point,CURRENT,°C,13.790958574023177
2026-08-05T07:20:00+00:00,22411530-1,Temperature,CURRENT,°C,16.0205224609375
2026-08-05T07:20:00+00:00,22411530-2,RH,CURRENT,%,86.22110322728314
2026-08-05T07:20:00+00:00,22411530-3,Dew Point,CURRENT,°C,13.737044578265522
2026-08-05T07:21:00+00:00,22411541-S,Battery,CURRENT,V,8.22539501953125
2026-08-05T07:25:00+00:00,22411189-1,Temperature,CURRENT,°C,14.754960937500002
2026-08-05T07:25:00+00:00,22411189-2,RH,CURRENT,%,94.86686503395133
2026-08-05T07:25:00+00:00,22411189-3,Dew Point,CURRENT,°C,13.9579900696269
2026-08-05T07:25:00+00:00,22411190-1,Temperature,CURRENT,°C,15.377016601562495
2026-08-05T07:25:00+00:00,22411190-2,RH,CURRENT,%,88.65186541542687
2026-08-05T07:25:00+00:00,22411190-3,Dew Point,CURRENT,°C,13.530888322488353
2026-08-05T07:25:00+00:00,22411191-1,Temperature,CURRENT,°C,16.428076171875
2026-08-05T07:25:00+00:00,22411191-2,RH,CURRENT,%,85.47951476310368
2026-08-05T07:25:00+00:00,22411191-3,Dew Point,CURRENT,°C,14.004476266632215
2026-08-05T07:25:00+00:00,22411525-1,Temperature,CURRENT,°C,16.72837890625
2026-08-05T07:25:00+00:00,22411525-2,RH,CURRENT,%,82.23849851224537
2026-08-05T07:25:00+00:00,22411525-3,Dew Point,CURRENT,°C,13.702965588063133
2026-08-05T07:25:00+00:00,22411526-1,Temperature,CURRENT,°C,14.0042041015625
2026-08-05T07:25:00+00:00,22411526-2,RH,CURRENT,%,96.59876401922637
2026-08-05T07:25:00+00:00,22411526-3,Dew Point,CURRENT,°C,13.488637807105796
2026-08-05T07:25:00+00:00,22411527-1,Temperature,CURRENT,°C,16.9643310546875
2026-08-05T07:25:00+00:00,22411527-2,RH,CURRENT,%,81.48165102616922
2026-08-05T07:25:00+00:00,22411527-3,Dew Point,CURRENT,°C,13.791134773207519
2026-08-05T07:25:00+00:00,22411528-1,Temperature,CURRENT,°C,13.8326025390625
2026-08-05T07:25:00+00:00,22411528-2,RH,CURRENT,%,98.40085450522622
2026-08-05T07:25:00+00:00,22411528-3,Dew Point,CURRENT,°C,13.601516932840052
2026-08-05T07:25:00+00:00,22411529-1,Temperature,CURRENT,°C,13.854052734374996
2026-08-05T07:25:00+00:00,22411529-2,RH,CURRENT,%,98.45273517967499
2026-08-05T07:25:00+00:00,22411529-3,Dew Point,CURRENT,°C,13.631069491908267
2026-08-05T07:25:00+00:00,22411530-1,Temperature,CURRENT,°C,16.041972656249996
2026-08-05T07:25:00+00:00,22411530-2,RH,CURRENT,%,86.04257267109179
2026-08-05T07:25:00+00:00,22411530-3,Dew Point,CURRENT,°C,13.726217704676865
2026-08-05T07:26:00+00:00,22411541-S,Battery,CURRENT,V,8.22539501953125
2026-08-05T07:30:00+00:00,22411189-1,Temperature,CURRENT,°C,14.9480126953125
2026-08-05T07:30:00+00:00,22411189-2,RH,CURRENT,%,94.78599221789884
2026-08-05T07:30:00+00:00,22411189-3,Dew Point,CURRENT,°C,14.136925442725952
2026-08-05T07:30:00+00:00,22411190-1,Temperature,CURRENT,°C,15.4413671875
2026-08-05T07:30:00+00:00,22411190-2,RH,CURRENT,%,88.89906157015335
2026-08-05T07:30:00+00:00,22411190-3,Dew Point,CURRENT,°C,13.637236312603203
2026-08-05T07:30:00+00:00,22411191-1,Temperature,CURRENT,°C,16.771279296875
2026-08-05T07:30:00+00:00,22411191-2,RH,CURRENT,%,84.68299382009613
2026-08-05T07:30:00+00:00,22411191-3,Dew Point,CURRENT,°C,14.196850810383573
2026-08-05T07:30:00+00:00,22411525-1,Temperature,CURRENT,°C,16.9643310546875
2026-08-05T07:30:00+00:00,22411525-2,RH,CURRENT,%,81.84023804074158
2026-08-05T07:30:00+00:00,22411525-3,Dew Point,CURRENT,°C,13.858808446298486
2026-08-05T07:30:00+00:00,22411526-1,Temperature,CURRENT,°C,14.0900048828125
2026-08-05T07:30:00+00:00,22411526-2,RH,CURRENT,%,96.88105592431525
2026-08-05T07:30:00+00:00,22411526-3,Dew Point,CURRENT,°C,13.619101323918253
2026-08-05T07:30:00+00:00,22411527-1,Temperature,CURRENT,°C,17.1359326171875
2026-08-05T07:30:00+00:00,22411527-2,RH,CURRENT,%,81.30312046997787
2026-08-05T07:30:00+00:00,22411527-3,Dew Point,CURRENT,°C,13.924887564668975
2026-08-05T07:30:00+00:00,22411528-1,Temperature,CURRENT,°C,13.896953124999996
2026-08-05T07:30:00+00:00,22411528-2,RH,CURRENT,%,98.64499885557336
2026-08-05T07:30:00+00:00,22411528-3,Dew Point,CURRENT,°C,13.703990495999209
2026-08-05T07:30:00+00:00,22411529-1,Temperature,CURRENT,°C,13.8755029296875
2026-08-05T07:30:00+00:00,22411529-2,RH,CURRENT,%,98.93339436942092
2026-08-05T07:30:00+00:00,22411529-3,Dew Point,CURRENT,°C,13.727489261409113
2026-08-05T07:30:00+00:00,22411530-1,Temperature,CURRENT,°C,16.449526367187495
2026-08-05T07:30:00+00:00,22411530-2,RH,CURRENT,%,84.77454795147631
2026-08-05T07:30:00+00:00,22411530-3,Dew Point,CURRENT,°C,13.897783549785899
2026-08-05T07:31:00+00:00,22411541-S,Battery,CURRENT,V,8.235087158203125
2026-08-05T07:35:00+00:00,22411189-1,Temperature,CURRENT,°C,15.141064453124997
2026-08-05T07:35:00+00:00,22411189-2,RH,CURRENT,%,93.19600213626306
2026-08-05T07:35:00+00:00,22411189-3,Dew Point,CURRENT,°C,14.06753237307575
2026-08-05T07:35:00+00:00,22411190-1,Temperature,CURRENT,°C,15.570068359375
2026-08-05T07:35:00+00:00,22411190-2,RH,CURRENT,%,88.01556420233463
2026-08-05T07:35:00+00:00,22411190-3,Dew Point,CURRENT,°C,13.6105333651189
2026-08-05T07:35:00+00:00,22411191-1,Temperature,CURRENT,°C,16.857080078125
2026-08-05T07:35:00+00:00,22411191-2,RH,CURRENT,%,84.00549324788281
2026-08-05T07:35:00+00:00,22411191-3,Dew Point,CURRENT,°C,14.156862777535553
2026-08-05T07:35:00+00:00,22411525-1,Temperature,CURRENT,°C,16.985781249999995
2026-08-05T07:35:00+00:00,22411525-2,RH,CURRENT,%,81.28938735027084
2026-08-05T07:35:00+00:00,22411525-3,Dew Point,CURRENT,°C,13.775685090027347
2026-08-05T07:35:00+00:00,22411526-1,Temperature,CURRENT,°C,14.261606445312495
2026-08-05T07:35:00+00:00,22411526-2,RH,CURRENT,%,96.65369649805447
2026-08-05T07:35:00+00:00,22411526-3,Dew Point,CURRENT,°C,13.754116126412704
2026-08-05T07:35:00+00:00,22411527-1,Temperature,CURRENT,°C,17.114482421874996
2026-08-05T07:35:00+00:00,22411527-2,RH,CURRENT,%,80.78278782330052
2026-08-05T07:35:00+00:00,22411527-3,Dew Point,CURRENT,°C,13.804973818267777
2026-08-05T07:35:00+00:00,22411528-1,Temperature,CURRENT,°C,13.982753906249997
2026-08-05T07:35:00+00:00,22411528-2,RH,CURRENT,%,98.67093919279775
2026-08-05T07:35:00+00:00,22411528-3,Dew Point,CURRENT,°C,13.79383577799571
2026-08-05T07:35:00+00:00,22411529-1,Temperature,CURRENT,°C,13.854052734374996
2026-08-05T07:35:00+00:00,22411529-2,RH,CURRENT,%,98.96086060883498
2026-08-05T07:35:00+00:00,22411529-3,Dew Point,CURRENT,°C,13.71030699200315
2026-08-05T07:35:00+00:00,22411530-1,Temperature,CURRENT,°C,16.599677734375
2026-08-05T07:35:00+00:00,22411530-2,RH,CURRENT,%,83.89105058365759
2026-08-05T07:35:00+00:00,22411530-3,Dew Point,CURRENT,°C,13.88351010171338
2026-08-05T07:36:00+00:00,22411541-S,Battery,CURRENT,V,8.22539501953125
2026-08-05T07:40:00+00:00,22411189-1,Temperature,CURRENT,°C,15.377016601562495
2026-08-05T07:40:00+00:00,22411189-2,RH,CURRENT,%,91.95086594949264
2026-08-05T07:40:00+00:00,22411189-3,Dew Point,CURRENT,°C,14.093918055196436
2026-08-05T07:40:00+00:00,22411190-1,Temperature,CURRENT,°C,15.827470703125002
2026-08-05T07:40:00+00:00,22411190-2,RH,CURRENT,%,87.00846875715267
2026-08-05T07:40:00+00:00,22411190-3,Dew Point,CURRENT,°C,13.68704383174933
2026-08-05T07:40:00+00:00,22411191-1,Temperature,CURRENT,°C,16.878530273437498
2026-08-05T07:40:00+00:00,22411191-2,RH,CURRENT,%,83.19371328297856
2026-08-05T07:40:00+00:00,22411191-3,Dew Point,CURRENT,°C,14.027909383092885
2026-08-05T07:40:00+00:00,22411525-1,Temperature,CURRENT,°C,16.985781249999995
2026-08-05T07:40:00+00:00,22411525-2,RH,CURRENT,%,80.70496681162737
2026-08-05T07:40:00+00:00,22411525-3,Dew Point,CURRENT,°C,13.664579928737078
2026-08-05T07:40:00+00:00,22411526-1,Temperature,CURRENT,°C,14.4117578125
2026-08-05T07:40:00+00:00,22411526-2,RH,CURRENT,%,96.76203555352102
2026-08-05T07:40:00+00:00,22411526-3,Dew Point,CURRENT,°C,13.921157474161381
2026-08-05T07:40:00+00:00,22411527-1,Temperature,CURRENT,°C,17.114482421874996
2026-08-05T07:40:00+00:00,22411527-2,RH,CURRENT,%,80.3921568627451
2026-08-05T07:40:00+00:00,22411527-3,Dew Point,CURRENT,°C,13.73030472804778
2026-08-05T07:40:00+00:00,22411528-1,Temperature,CURRENT,°C,14.025654296874997
2026-08-05T07:40:00+00:00,22411528-2,RH,CURRENT,%,99.11497672999161
2026-08-05T07:40:00+00:00,22411528-3,Dew Point,CURRENT,°C,13.90595783737363
2026-08-05T07:40:00+00:00,22411529-1,Temperature,CURRENT,°C,13.854052734374996
2026-08-05T07:40:00+00:00,22411529-2,RH,CURRENT,%,99.10124361028458
2026-08-05T07:40:00+00:00,22411529-3,Dew Point,CURRENT,°C,13.732135484700239
2026-08-05T07:40:00+00:00,22411530-1,Temperature,CURRENT,°C,16.664028320312497
2026-08-05T07:40:00+00:00,22411530-2,RH,CURRENT,%,82.78324559395743
2026-08-05T07:40:00+00:00,22411530-3,Dew Point,CURRENT,°C,13.74168576631974
2026-08-05T07:41:00+00:00,22411541-S,Battery,CURRENT,V,8.222164306640625
2026-08-05T07:45:00+00:00,22411189-1,Temperature,CURRENT,°C,15.763120117187498
2026-08-05T07:45:00+00:00,22411189-2,RH,CURRENT,%,90.58823529411765
2026-08-05T07:45:00+00:00,22411189-3,Dew Point,CURRENT,°C,14.245591349038259
2026-08-05T07:45:00+00:00,22411190-1,Temperature,CURRENT,°C,16.1921240234375
2026-08-05T07:45:00+00:00,22411190-2,RH,CURRENT,%,85.59243152513923
2026-08-05T07:45:00+00:00,22411190-3,Dew Point,CURRENT,°C,13.793008359730846
2026-08-05T07:45:00+00:00,22411191-1,Temperature,CURRENT,°C,16.835629882812498
2026-08-05T07:45:00+00:00,22411191-2,RH,CURRENT,%,83.88494697489891
2026-08-05T07:45:00+00:00,22411191-3,Dew Point,CURRENT,°C,14.113651782099083
2026-08-05T07:45:00+00:00,22411525-1,Temperature,CURRENT,°C,16.9214306640625
2026-08-05T07:45:00+00:00,22411525-2,RH,CURRENT,%,81.46486610208285
2026-08-05T07:45:00+00:00,22411525-3,Dew Point,CURRENT,°C,13.746064237162056
2026-08-05T07:45:00+00:00,22411526-1,Temperature,CURRENT,°C,14.883662109374995
2026-08-05T07:45:00+00:00,22411526-2,RH,CURRENT,%,93.95132372014953
2026-08-05T07:45:00+00:00,22411526-3,Dew Point,CURRENT,°C,13.936389964757797
2026-08-05T07:45:00+00:00,22411527-1,Temperature,CURRENT,°C,17.028681640624995
2026-08-05T07:45:00+00:00,22411527-2,RH,CURRENT,%,81.17189288166628
2026-08-05T07:45:00+00:00,22411527-3,Dew Point,CURRENT,°C,13.795282116966101
2026-08-05T07:45:00+00:00,22411528-1,Temperature,CURRENT,°C,14.583359375
2026-08-05T07:45:00+00:00,22411528-2,RH,CURRENT,%,97.15724422064545
2026-08-05T07:45:00+00:00,22411528-3,Dew Point,CURRENT,°C,14.155305987166912
2026-08-05T07:45:00+00:00,22411529-1,Temperature,CURRENT,°C,13.982753906249997
2026-08-05T07:45:00+00:00,22411529-2,RH,CURRENT,%,99.55443656061647
2026-08-05T07:45:00+00:00,22411529-3,Dew Point,CURRENT,°C,13.931255002157338
2026-08-05T07:45:00+00:00,22411530-1,Temperature,CURRENT,°C,16.664028320312497
2026-08-05T07:45:00+00:00,22411530-2,RH,CURRENT,%,83.48210879682613
2026-08-05T07:45:00+00:00,22411530-3,Dew Point,CURRENT,°C,13.871223975826767
2026-08-05T07:46:00+00:00,22411541-S,Battery,CURRENT,V,8.222164306640625
2026-08-05T07:50:00+00:00,22411189-1,Temperature,CURRENT,°C,15.570068359375
2026-08-05T07:50:00+00:00,22411189-2,RH,CURRENT,%,90.41275654230564
2026-08-05T07:50:00+00:00,22411189-3,Dew Point,CURRENT,°C,14.024636308146375
2026-08-05T07:50:00+00:00,22411190-1,Temperature,CURRENT,°C,15.934721679687499
2026-08-05T07:50:00+00:00,22411190-2,RH,CURRENT,%,85.6946669718471
2026-08-05T07:50:00+00:00,22411190-3,Dew Point,CURRENT,°C,13.55844044514072
2026-08-05T07:50:00+00:00,22411191-1,Temperature,CURRENT,°C,16.599677734375
2026-08-05T07:50:00+00:00,22411191-2,RH,CURRENT,%,84.35187304493782
2026-08-05T07:50:00+00:00,22411191-3,Dew Point,CURRENT,°C,13.968001942060734
2026-08-05T07:50:00+00:00,22411525-1,Temperature,CURRENT,°C,16.749829101562497
2026-08-05T07:50:00+00:00,22411525-2,RH,CURRENT,%,81.93026626993209
2026-08-05T07:50:00+00:00,22411525-3,Dew Point,CURRENT,°C,13.666127805359217
2026-08-05T07:50:00+00:00,22411526-1,Temperature,CURRENT,°C,14.819311523437499
2026-08-05T07:50:00+00:00,22411526-2,RH,CURRENT,%,93.09987029831387
2026-08-05T07:50:00+00:00,22411526-3,Dew Point,CURRENT,°C,13.732149248677986
2026-08-05T07:50:00+00:00,22411527-1,Temperature,CURRENT,°C,16.9214306640625
2026-08-05T07:50:00+00:00,22411527-2,RH,CURRENT,%,81.45113298237582
2026-08-05T07:50:00+00:00,22411527-3,Dew Point,CURRENT,°C,13.743467683226642
2026-08-05T07:50:00+00:00,22411528-1,Temperature,CURRENT,°C,14.583359375
2026-08-05T07:50:00+00:00,22411528-2,RH,CURRENT,%,96.24170290684367
2026-08-05T07:50:00+00:00,22411528-3,Dew Point,CURRENT,°C,14.009093732522052
2026-08-05T07:50:00+00:00,22411529-1,Temperature,CURRENT,°C,14.068554687499997
2026-08-05T07:50:00+00:00,22411529-2,RH,CURRENT,%,99.61852445258259
2026-08-05T07:50:00+00:00,22411529-3,Dew Point,CURRENT,°C,14.027079080319785
2026-08-05T07:50:00+00:00,22411530-1,Temperature,CURRENT,°C,16.3637255859375
2026-08-05T07:50:00+00:00,22411530-2,RH,CURRENT,%,84.08331425955596
2026-08-05T07:50:00+00:00,22411530-3,Dew Point,CURRENT,°C,13.68747594885387
2026-08-05T07:51:00+00:00,22411541-S,Battery,CURRENT,V,8.222164306640625
2026-08-05T07:55:00+00:00,22411189-1,Temperature,CURRENT,°C,15.61296875
2026-08-05T07:55:00+00:00,22411189-2,RH,CURRENT,%,90.56992446784162
2026-08-05T07:55:00+00:00,22411189-3,Dew Point,CURRENT,°C,14.093896837416246
2026-08-05T07:55:00+00:00,22411190-1,Temperature,CURRENT,°C,15.999072265624996
2026-08-05T07:55:00+00:00,22411190-2,RH,CURRENT,%,85.75722896162355
2026-08-05T07:55:00+00:00,22411190-3,Dew Point,CURRENT,°C,13.632910628120895
2026-08-05T07:55:00+00:00,22411191-1,Temperature,CURRENT,°C,16.72837890625
2026-08-05T07:55:00+00:00,22411191-2,RH,CURRENT,%,84.05432211795224
2026-08-05T07:55:00+00:00,22411191-3,Dew Point,CURRENT,°C,14.039667939090505
2026-08-05T07:55:00+00:00,22411525-1,Temperature,CURRENT,°C,16.857080078125
2026-08-05T07:55:00+00:00,22411525-2,RH,CURRENT,%,81.58846417944609
2026-08-05T07:55:00+00:00,22411525-3,Dew Point,CURRENT,°C,13.70655929634762
2026-08-05T07:55:00+00:00,22411526-1,Temperature,CURRENT,°C,14.819311523437499
2026-08-05T07:55:00+00:00,22411526-2,RH,CURRENT,%,92.94575417715724
2026-08-05T07:55:00+00:00,22411526-3,Dew Point,CURRENT,°C,13.706637928420658
2026-08-05T07:55:00+00:00,22411527-1,Temperature,CURRENT,°C,17.0072314453125
2026-08-05T07:55:00+00:00,22411527-2,RH,CURRENT,%,81.11238269626917
2026-08-05T07:55:00+00:00,22411527-3,Dew Point,CURRENT,°C,13.763045618277989
2026-08-05T07:55:00+00:00,22411528-1,Temperature,CURRENT,°C,14.583359375
2026-08-05T07:55:00+00:00,22411528-2,RH,CURRENT,%,95.73662928206302
2026-08-05T07:55:00+00:00,22411528-3,Dew Point,CURRENT,°C,13.92791021355682
2026-08-05T07:55:00+00:00,22411529-1,Temperature,CURRENT,°C,14.068554687499997
2026-08-05T07:55:00+00:00,22411529-2,RH,CURRENT,%,99.43541618982223
2026-08-05T07:55:00+00:00,22411529-3,Dew Point,CURRENT,°C,13.998683232304643
2026-08-05T07:55:00+00:00,22411530-1,Temperature,CURRENT,°C,16.492426757812495
2026-08-05T07:55:00+00:00,22411530-2,RH,CURRENT,%,83.77203021286336
2026-08-05T07:55:00+00:00,22411530-3,Dew Point,CURRENT,°C,13.756517577536691
2026-08-05T07:56:00+00:00,22411541-S,Battery,CURRENT,V,8.21893359375
2026-08-05T08:00:00+00:00,22411189-1,Temperature,CURRENT,°C,15.591518554687497
2026-08-05T08:00:00+00:00,22411189-2,RH,CURRENT,%,90.59739070725567
2026-08-05T08:00:00+00:00,22411189-3,Dew Point,CURRENT,°C,14.0773548654636
2026-08-05T08:00:00+00:00,22411190-1,Temperature,CURRENT,°C,15.9776220703125
2026-08-05T08:00:00+00:00,22411190-2,RH,CURRENT,%,85.79842832074463
2026-08-05T08:00:00+00:00,22411190-3,Dew Point,CURRENT,°C,13.619218264521228
2026-08-05T08:00:00+00:00,22411191-1,Temperature,CURRENT,°C,16.792729492187497
2026-08-05T08:00:00+00:00,22411191-2,RH,CURRENT,%,84.00549324788281
2026-08-05T08:00:00+00:00,22411191-3,Dew Point,CURRENT,°C,14.093780376518918
2026-08-05T08:00:00+00:00,22411525-1,Temperature,CURRENT,°C,16.89998046875
2026-08-05T08:00:00+00:00,22411525-2,RH,CURRENT,%,81.75783932249942
2026-08-05T08:00:00+00:00,22411525-3,Dew Point,CURRENT,°C,13.780408591528392
2026-08-05T08:00:00+00:00,22411526-1,Temperature,CURRENT,°C,14.776411132812498
2026-08-05T08:00:00+00:00,22411526-2,RH,CURRENT,%,93.06477454795147
2026-08-05T08:00:00+00:00,22411526-3,Dew Point,CURRENT,°C,13.68375156463991
2026-08-05T08:00:00+00:00,22411527-1,Temperature,CURRENT,°C,17.0501318359375
2026-08-05T08:00:00+00:00,22411527-2,RH,CURRENT,%,81.47707331960021
2026-08-05T08:00:00+00:00,22411527-3,Dew Point,CURRENT,°C,13.874063037569032
2026-08-05T08:00:00+00:00,22411528-1,Temperature,CURRENT,°C,14.583359375
2026-08-05T08:00:00+00:00,22411528-2,RH,CURRENT,%,95.82513160906386
2026-08-05T08:00:00+00:00,22411528-3,Dew Point,CURRENT,°C,13.942162836569441
2026-08-05T08:00:00+00:00,22411529-1,Temperature,CURRENT,°C,14.068554687499997
2026-08-05T08:00:00+00:00,22411529-2,RH,CURRENT,%,99.37132829785611
2026-08-05T08:00:00+00:00,22411529-3,Dew Point,CURRENT,°C,13.98873384618693
2026-08-05T08:00:00+00:00,22411530-1,Temperature,CURRENT,°C,16.578227539062496
2026-08-05T08:00:00+00:00,22411530-2,RH,CURRENT,%,83.54772259098192
2026-08-05T08:00:00+00:00,22411530-3,Dew Point,CURRENT,°C,13.799281942017476
2026-08-05T08:01:00+00:00,22411541-S,Battery,CURRENT,V,8.215702880859375
2026-08-05T08:05:00+00:00,22411189-1,Temperature,CURRENT,°C,15.570068359375
2026-08-05T08:05:00+00:00,22411189-2,RH,CURRENT,%,90.65690089265279
2026-08-05T08:05:00+00:00,22411189-3,Dew Point,CURRENT,°C,14.066268684943612
2026-08-05T08:05:00+00:00,22411190-1,Temperature,CURRENT,°C,15.913271484374995
2026-08-05T08:05:00+00:00,22411190-2,RH,CURRENT,%,86.1875333791104
2026-08-05T08:05:00+00:00,22411190-3,Dew Point,CURRENT,°C,13.62557197760414
2026-08-05T08:05:00+00:00,22411191-1,Temperature,CURRENT,°C,16.878530273437498
2026-08-05T08:05:00+00:00,22411191-2,RH,CURRENT,%,83.67895017929351
2026-08-05T08:05:00+00:00,22411191-3,Dew Point,CURRENT,°C,14.117713069532979
2026-08-05T08:05:00+00:00,22411525-1,Temperature,CURRENT,°C,16.985781249999995
2026-08-05T08:05:00+00:00,22411525-2,RH,CURRENT,%,81.30464637216754
2026-08-05T08:05:00+00:00,22411525-3,Dew Point,CURRENT,°C,13.778576607117122
2026-08-05T08:05:00+00:00,22411526-1,Temperature,CURRENT,°C,14.690610351562498
2026-08-05T08:05:00+00:00,22411526-2,RH,CURRENT,%,93.38826581216144
2026-08-05T08:05:00+00:00,22411526-3,Dew Point,CURRENT,°C,13.651960044204031
2026-08-05T08:05:00+00:00,22411527-1,Temperature,CURRENT,°C,17.114482421874996
2026-08-05T08:05:00+00:00,22411527-2,RH,CURRENT,%,81.029983978027
2026-08-05T08:05:00+00:00,22411527-3,Dew Point,CURRENT,°C,13.852061833879901
2026-08-05T08:05:00+00:00,22411528-1,Temperature,CURRENT,°C,14.49755859375
2026-08-05T08:05:00+00:00,22411528-2,RH,CURRENT,%,95.76867322804608
2026-08-05T08:05:00+00:00,22411528-3,Dew Point,CURRENT,°C,13.84758903047389
2026-08-05T08:05:00+00:00,22411529-1,Temperature,CURRENT,°C,14.0042041015625
2026-08-05T08:05:00+00:00,22411529-2,RH,CURRENT,%,98.9242389562829
2026-08-05T08:05:00+00:00,22411529-3,Dew Point,CURRENT,°C,13.854800051307102
2026-08-05T08:05:00+00:00,22411530-1,Temperature,CURRENT,°C,16.664028320312497
2026-08-05T08:05:00+00:00,22411530-2,RH,CURRENT,%,83.3173113603418
2026-08-05T08:05:00+00:00,22411530-3,Dew Point,CURRENT,°C,13.840763823388826
2026-08-05T08:06:00+00:00,22411541-S,Battery,CURRENT,V,8.215702880859375
2026-08-05T08:10:00+00:00,22411189-1,Temperature,CURRENT,°C,15.677319335937497
2026-08-05T08:10:00+00:00,22411189-2,RH,CURRENT,%,90.24948500801099
2026-08-05T08:10:00+00:00,22411189-3,Dew Point,CURRENT,°C,14.102814278705036
2026-08-05T08:10:00+00:00,22411190-1,Temperature,CURRENT,°C,16.0205224609375
2026-08-05T08:10:00+00:00,22411190-2,RH,CURRENT,%,85.7999542229343
2026-08-05T08:10:00+00:00,22411190-3,Dew Point,CURRENT,°C,13.661658698467424
2026-08-05T08:10:00+00:00,22411191-1,Temperature,CURRENT,°C,16.985781249999995
2026-08-05T08:10:00+00:00,22411191-2,RH,CURRENT,%,82.94193942168307
2026-08-05T08:10:00+00:00,22411191-3,Dew Point,CURRENT,°C,14.08610405420482
2026-08-05T08:10:00+00:00,22411525-1,Temperature,CURRENT,°C,17.0930322265625
2026-08-05T08:10:00+00:00,22411525-2,RH,CURRENT,%,80.61188677805752
2026-08-05T08:10:00+00:00,22411525-3,Dew Point,CURRENT,°C,13.751424285186873
2026-08-05T08:10:00+00:00,22411526-1,Temperature,CURRENT,°C,14.840761718749995
2026-08-05T08:10:00+00:00,22411526-2,RH,CURRENT,%,93.16090638590066
2026-08-05T08:10:00+00:00,22411526-3,Dew Point,CURRENT,°C,13.763540885656855
2026-08-05T08:10:00+00:00,22411527-1,Temperature,CURRENT,°C,17.243183593749997
2026-08-05T08:10:00+00:00,22411527-2,RH,CURRENT,%,80.31586175326161
2026-08-05T08:10:00+00:00,22411527-3,Dew Point,CURRENT,°C,13.841151482772704
2026-08-05T08:10:00+00:00,22411528-1,Temperature,CURRENT,°C,14.540458984375
2026-08-05T08:10:00+00:00,22411528-2,RH,CURRENT,%,95.81445029373617
2026-08-05T08:10:00+00:00,22411528-3,Dew Point,CURRENT,°C,13.897699346151358
2026-08-05T08:10:00+00:00,22411529-1,Temperature,CURRENT,°C,13.939853515624996
2026-08-05T08:10:00+00:00,22411529-2,RH,CURRENT,%,98.82810711833372
2026-08-05T08:10:00+00:00,22411529-3,Dew Point,CURRENT,°C,13.775453566257974
2026-08-05T08:10:00+00:00,22411530-1,Temperature,CURRENT,°C,16.8141796875
2026-08-05T08:10:00+00:00,22411530-2,RH,CURRENT,%,82.37125200274663
2026-08-05T08:10:00+00:00,22411530-3,Dew Point,CURRENT,°C,13.81170946853539
2026-08-05T08:11:00+00:00,22411541-S,Battery,CURRENT,V,8.215702880859375
2026-08-05T08:15:00+00:00,22411189-1,Temperature,CURRENT,°C,15.999072265624996
2026-08-05T08:15:00+00:00,22411189-2,RH,CURRENT,%,88.86549172198062
2026-08-05T08:15:00+00:00,22411189-3,Dew Point,CURRENT,°C,14.181965766645725
2026-08-05T08:15:00+00:00,22411190-1,Temperature,CURRENT,°C,16.342275390624998
2026-08-05T08:15:00+00:00,22411190-2,RH,CURRENT,%,84.60364690623331
2026-08-05T08:15:00+00:00,22411190-3,Dew Point,CURRENT,°C,13.76143709987734
2026-08-05T08:15:00+00:00,22411191-1,Temperature,CURRENT,°C,17.2217333984375
2026-08-05T08:15:00+00:00,22411191-2,RH,CURRENT,%,82.04165712977799
2026-08-05T08:15:00+00:00,22411191-3,Dew Point,CURRENT,°C,14.148299267507428
2026-08-05T08:15:00+00:00,22411525-1,Temperature,CURRENT,°C,17.328984374999997
2026-08-05T08:15:00+00:00,22411525-2,RH,CURRENT,%,79.7238117036698
2026-08-05T08:15:00+00:00,22411525-3,Dew Point,CURRENT,°C,13.810731468318698
2026-08-05T08:15:00+00:00,22411526-1,Temperature,CURRENT,°C,15.055263671874997
2026-08-05T08:15:00+00:00,22411526-2,RH,CURRENT,%,92.61921110856794
2026-08-05T08:15:00+00:00,22411526-3,Dew Point,CURRENT,°C,13.886575386358901
2026-08-05T08:15:00+00:00,22411527-1,Temperature,CURRENT,°C,17.436235351562495
2026-08-05T08:15:00+00:00,22411527-2,RH,CURRENT,%,79.49950408178836
2026-08-05T08:15:00+00:00,22411527-3,Dew Point,CURRENT,°C,13.871745522485242
2026-08-05T08:15:00+00:00,22411528-1,Temperature,CURRENT,°C,14.647709960937497
2026-08-05T08:15:00+00:00,22411528-2,RH,CURRENT,%,95.898374914168
2026-08-05T08:15:00+00:00,22411528-3,Dew Point,CURRENT,°C,14.018072128245132
2026-08-05T08:15:00+00:00,22411529-1,Temperature,CURRENT,°C,13.939853515624996
2026-08-05T08:15:00+00:00,22411529-2,RH,CURRENT,%,99.06462195773251
2026-08-05T08:15:00+00:00,22411529-3,Dew Point,CURRENT,°C,13.812282592822633
2026-08-05T08:15:00+00:00,22411530-1,Temperature,CURRENT,°C,17.0501318359375
2026-08-05T08:15:00+00:00,22411530-2,RH,CURRENT,%,81.49996185244525
2026-08-05T08:15:00+00:00,22411530-3,Dew Point,CURRENT,°C,13.87839353142219
2026-08-05T08:16:00+00:00,22411541-S,Battery,CURRENT,V,8.215702880859375
2026-08-05T08:20:00+00:00,22411189-1,Temperature,CURRENT,°C,16.127773437499997
2026-08-05T08:20:00+00:00,22411189-2,RH,CURRENT,%,87.87823300526436
2026-08-05T08:20:00+00:00,22411189-3,Dew Point,CURRENT,°C,14.13629524875617
2026-08-05T08:20:00+00:00,22411190-1,Temperature,CURRENT,°C,16.449526367187495
2026-08-05T08:20:00+00:00,22411190-2,RH,CURRENT,%,84.00549324788281
2026-08-05T08:20:00+00:00,22411190-3,Dew Point,CURRENT,°C,13.75733510090886
2026-08-05T08:20:00+00:00,22411191-1,Temperature,CURRENT,°C,17.264633789062493
2026-08-05T08:20:00+00:00,22411191-2,RH,CURRENT,%,81.86617837796597
2026-08-05T08:20:00+00:00,22411191-3,Dew Point,CURRENT,°C,14.157140694119
2026-08-05T08:20:00+00:00,22411525-1,Temperature,CURRENT,°C,17.371884765625005
2026-08-05T08:20:00+00:00,22411525-2,RH,CURRENT,%,79.59563591973755
2026-08-05T08:20:00+00:00,22411525-3,Dew Point,CURRENT,°C,13.827714979577832
2026-08-05T08:20:00+00:00,22411526-1,Temperature,CURRENT,°C,15.1625146484375
2026-08-05T08:20:00+00:00,22411526-2,RH,CURRENT,%,91.9478141451133
2026-08-05T08:20:00+00:00,22411526-3,Dew Point,CURRENT,°C,13.88076702493511
2026-08-05T08:20:00+00:00,22411527-1,Temperature,CURRENT,°C,17.479135742187502
2026-08-05T08:20:00+00:00,22411527-2,RH,CURRENT,%,79.46288242923629
2026-08-05T08:20:00+00:00,22411527-3,Dew Point,CURRENT,°C,13.906408817153226
2026-08-05T08:20:00+00:00,22411528-1,Temperature,CURRENT,°C,14.690610351562498
2026-08-05T08:20:00+00:00,22411528-2,RH,CURRENT,%,95.6267643244068
2026-08-05T08:20:00+00:00,22411528-3,Dew Point,CURRENT,°C,14.017035249053514
2026-08-05T08:20:00+00:00,22411529-1,Temperature,CURRENT,°C,13.939853515624996
2026-08-05T08:20:00+00:00,22411529-2,RH,CURRENT,%,99.24010070954452
2026-08-05T08:20:00+00:00,22411529-3,Dew Point,CURRENT,°C,13.839557530190072
2026-08-05T08:20:00+00:00,22411530-1,Temperature,CURRENT,°C,17.114482421874996
2026-08-05T08:20:00+00:00,22411530-2,RH,CURRENT,%,81.23445487144274
2026-08-05T08:20:00+00:00,22411530-3,Dew Point,CURRENT,°C,13.890916026407941
2026-08-05T08:21:00+00:00,22411541-S,Battery,CURRENT,V,8.215702880859375
2026-08-05T08:25:00+00:00,22411189-1,Temperature,CURRENT,°C,16.213574218749997
2026-08-05T08:25:00+00:00,22411189-2,RH,CURRENT,%,87.65697718776227
2026-08-05T08:25:00+00:00,22411189-3,Dew Point,CURRENT,°C,14.181908498968273
2026-08-05T08:25:00+00:00,22411190-1,Temperature,CURRENT,°C,16.578227539062496
2026-08-05T08:25:00+00:00,22411190-2,RH,CURRENT,%,83.68047608148318
2026-08-05T08:25:00+00:00,22411190-3,Dew Point,CURRENT,°C,13.823747715534255
2026-08-05T08:25:00+00:00,22411191-1,Temperature,CURRENT,°C,17.3933349609375
2026-08-05T08:25:00+00:00,22411191-2,RH,CURRENT,%,81.66628519111924
2026-08-05T08:25:00+00:00,22411191-3,Dew Point,CURRENT,°C,14.245093501256394
2026-08-05T08:25:00+00:00,22411525-1,Temperature,CURRENT,°C,17.522036132812495
2026-08-05T08:25:00+00:00,22411525-2,RH,CURRENT,%,79.39421683070115
2026-08-05T08:25:00+00:00,22411525-3,Dew Point,CURRENT,°C,13.934839905854274
2026-08-05T08:25:00+00:00,22411526-1,Temperature,CURRENT,°C,15.355566406249999
2026-08-05T08:25:00+00:00,22411526-2,RH,CURRENT,%,90.83390554665446
2026-08-05T08:25:00+00:00,22411526-3,Dew Point,CURRENT,°C,13.884071639512925
2026-08-05T08:25:00+00:00,22411527-1,Temperature,CURRENT,°C,17.6721875
2026-08-05T08:25:00+00:00,22411527-2,RH,CURRENT,%,79.06157015335317
2026-08-05T08:25:00+00:00,22411527-3,Dew Point,CURRENT,°C,14.016184198829734
2026-08-05T08:25:00+00:00,22411528-1,Temperature,CURRENT,°C,14.9909130859375
2026-08-05T08:25:00+00:00,22411528-2,RH,CURRENT,%,94.00778210116732
2026-08-05T08:25:00+00:00,22411528-3,Dew Point,CURRENT,°C,14.05226661204642
2026-08-05T08:25:00+00:00,22411529-1,Temperature,CURRENT,°C,14.025654296874997
2026-08-05T08:25:00+00:00,22411529-2,RH,CURRENT,%,99.52849622339208
2026-08-05T08:25:00+00:00,22411529-3,Dew Point,CURRENT,°C,13.970179518865576
2026-08-05T08:25:00+00:00,22411530-1,Temperature,CURRENT,°C,17.178833007812493
2026-08-05T08:25:00+00:00,22411530-2,RH,CURRENT,%,81.10627908751049
2026-08-05T08:25:00+00:00,22411530-3,Dew Point,CURRENT,°C,13.929379119323366
2026-08-05T08:26:00+00:00,22411541-S,Battery,CURRENT,V,8.21893359375
2026-08-05T08:30:00+00:00,22411189-1,Temperature,CURRENT,°C,15.848920898437498
2026-08-05T08:30:00+00:00,22411189-2,RH,CURRENT,%,89.1783016708629
2026-08-05T08:30:00+00:00,22411189-3,Dew Point,CURRENT,°C,14.087999542708856
2026-08-05T08:30:00+00:00,22411190-1,Temperature,CURRENT,°C,16.213574218749997
2026-08-05T08:30:00+00:00,22411190-2,RH,CURRENT,%,84.8050659952697
2026-08-05T08:30:00+00:00,22411190-3,Dew Point,CURRENT,°C,13.671753449444473
2026-08-05T08:30:00+00:00,22411191-1,Temperature,CURRENT,°C,16.792729492187497
2026-08-05T08:30:00+00:00,22411191-2,RH,CURRENT,%,83.70183871213855
2026-08-05T08:30:00+00:00,22411191-3,Dew Point,CURRENT,°C,14.037865364990704
2026-08-05T08:30:00+00:00,22411525-1,Temperature,CURRENT,°C,16.9214306640625
2026-08-05T08:30:00+00:00,22411525-2,RH,CURRENT,%,81.29091325246051
2026-08-05T08:30:00+00:00,22411525-3,Dew Point,CURRENT,°C,13.713146134394124
2026-08-05T08:30:00+00:00,22411526-1,Temperature,CURRENT,°C,15.1625146484375
2026-08-05T08:30:00+00:00,22411526-2,RH,CURRENT,%,91.279468986038
2026-08-05T08:30:00+00:00,22411526-3,Dew Point,CURRENT,°C,13.768337592985773
2026-08-05T08:30:00+00:00,22411527-1,Temperature,CURRENT,°C,17.028681640624995
2026-08-05T08:30:00+00:00,22411527-2,RH,CURRENT,%,81.07881284809643
2026-08-05T08:30:00+00:00,22411527-3,Dew Point,CURRENT,°C,13.777605228543033
2026-08-05T08:30:00+00:00,22411528-1,Temperature,CURRENT,°C,14.862211914062499
2026-08-05T08:30:00+00:00,22411528-2,RH,CURRENT,%,94.30380712596323
2026-08-05T08:30:00+00:00,22411528-3,Dew Point,CURRENT,°C,13.972835508941598
2026-08-05T08:30:00+00:00,22411529-1,Temperature,CURRENT,°C,14.068554687499997
2026-08-05T08:30:00+00:00,22411529-2,RH,CURRENT,%,99.55901426718547
2026-08-05T08:30:00+00:00,22411529-3,Dew Point,CURRENT,°C,14.017855456287272
2026-08-05T08:30:00+00:00,22411530-1,Temperature,CURRENT,°C,16.599677734375
2026-08-05T08:30:00+00:00,22411530-2,RH,CURRENT,%,83.43633173113604
2026-08-05T08:30:00+00:00,22411530-3,Dew Point,CURRENT,°C,13.799737230991116
2026-08-05T08:31:00+00:00,22411541-S,Battery,CURRENT,V,8.21893359375
2026-08-05T08:35:00+00:00,22411189-1,Temperature,CURRENT,°C,15.634418945312497
2026-08-05T08:35:00+00:00,22411189-2,RH,CURRENT,%,89.74898908979934
2026-08-05T08:35:00+00:00,22411189-3,Dew Point,CURRENT,°C,13.974549115295419
2026-08-05T08:35:00+00:00,22411190-1,Temperature,CURRENT,°C,16.0205224609375
2026-08-05T08:35:00+00:00,22411190-2,RH,CURRENT,%,85.46120393682764
2026-08-05T08:35:00+00:00,22411190-3,Dew Point,CURRENT,°C,13.600786229185447
2026-08-05T08:35:00+00:00,22411191-1,Temperature,CURRENT,°C,16.749829101562497
2026-08-05T08:35:00+00:00,22411191-2,RH,CURRENT,%,84.46173800259403
2026-08-05T08:35:00+00:00,22411191-3,Dew Point,CURRENT,°C,14.135377839528248
2026-08-05T08:35:00+00:00,22411525-1,Temperature,CURRENT,°C,16.942880859374995
2026-08-05T08:35:00+00:00,22411525-2,RH,CURRENT,%,81.884489204242
2026-08-05T08:35:00+00:00,22411525-3,Dew Point,CURRENT,°C,13.84618023484649
2026-08-05T08:35:00+00:00,22411526-1,Temperature,CURRENT,°C,15.012363281249996
2026-08-05T08:35:00+00:00,22411526-2,RH,CURRENT,%,91.70977340352484
2026-08-05T08:35:00+00:00,22411526-3,Dew Point,CURRENT,°C,13.692005371680946
2026-08-05T08:35:00+00:00,22411527-1,Temperature,CURRENT,°C,17.157382812499996
2026-08-05T08:35:00+00:00,22411527-2,RH,CURRENT,%,81.44045166704814
2026-08-05T08:35:00+00:00,22411527-3,Dew Point,CURRENT,°C,13.971867590568383
2026-08-05T08:35:00+00:00,22411528-1,Temperature,CURRENT,°C,14.776411132812498
2026-08-05T08:35:00+00:00,22411528-2,RH,CURRENT,%,94.62882429236286
2026-08-05T08:35:00+00:00,22411528-3,Dew Point,CURRENT,°C,13.940575622545955
2026-08-05T08:35:00+00:00,22411529-1,Temperature,CURRENT,°C,14.0471044921875
2026-08-05T08:35:00+00:00,22411529-2,RH,CURRENT,%,99.42626077668422
2026-08-05T08:35:00+00:00,22411529-3,Dew Point,CURRENT,°C,13.975792943788852
2026-08-05T08:35:00+00:00,22411530-1,Temperature,CURRENT,°C,16.4709765625
2026-08-05T08:35:00+00:00,22411530-2,RH,CURRENT,%,84.2572671091783
2026-08-05T08:35:00+00:00,22411530-3,Dew Point,CURRENT,°C,13.824474850687755
2026-08-05T08:36:00+00:00,22411541-S,Battery,CURRENT,V,8.209241455078125
2026-08-05T08:40:00+00:00,22411189-1,Temperature,CURRENT,°C,15.591518554687497
2026-08-05T08:40:00+00:00,22411189-2,RH,CURRENT,%,90.4951552605478
2026-08-05T08:40:00+00:00,22411189-3,Dew Point,CURRENT,°C,14.05992030883469
2026-08-05T08:40:00+00:00,22411190-1,Temperature,CURRENT,°C,16.0205224609375
2026-08-05T08:40:00+00:00,22411190-2,RH,CURRENT,%,86.19363698786908
2026-08-05T08:40:00+00:00,22411190-3,Dew Point,CURRENT,°C,13.732137968235085
2026-08-05T08:40:00+00:00,22411191-1,Temperature,CURRENT,°C,17.0501318359375
2026-08-05T08:40:00+00:00,22411191-2,RH,CURRENT,%,84.0512703135729
2026-08-05T08:40:00+00:00,22411191-3,Dew Point,CURRENT,°C,14.354538803787865
2026-08-05T08:40:00+00:00,22411525-1,Temperature,CURRENT,°C,17.264633789062493
2026-08-05T08:40:00+00:00,22411525-2,RH,CURRENT,%,81.47707331960021
2026-08-05T08:40:00+00:00,22411525-3,Dew Point,CURRENT,°C,14.083544595804636
2026-08-05T08:40:00+00:00,22411526-1,Temperature,CURRENT,°C,14.862211914062499
2026-08-05T08:40:00+00:00,22411526-2,RH,CURRENT,%,92.48645761806668
2026-08-05T08:40:00+00:00,22411526-3,Dew Point,CURRENT,°C,13.672947237269984
2026-08-05T08:40:00+00:00,22411527-1,Temperature,CURRENT,°C,17.414785156249998
2026-08-05T08:40:00+00:00,22411527-2,RH,CURRENT,%,81.05745021744106
2026-08-05T08:40:00+00:00,22411527-3,Dew Point,CURRENT,°C,14.150371443054784
2026-08-05T08:40:00+00:00,22411528-1,Temperature,CURRENT,°C,14.604809570312497
2026-08-05T08:40:00+00:00,22411528-2,RH,CURRENT,%,95.01335164415961
2026-08-05T08:40:00+00:00,22411528-3,Dew Point,CURRENT,°C,13.832346582010702
2026-08-05T08:40:00+00:00,22411529-1,Temperature,CURRENT,°C,14.0042041015625
2026-08-05T08:40:00+00:00,22411529-2,RH,CURRENT,%,99.15312428473335
2026-08-05T08:40:00+00:00,22411529-3,Dew Point,CURRENT,°C,13.890430123856094
2026-08-05T08:40:00+00:00,22411530-1,Temperature,CURRENT,°C,16.72837890625
2026-08-05T08:40:00+00:00,22411530-2,RH,CURRENT,%,83.84069581139849
2026-08-05T08:40:00+00:00,22411530-3,Dew Point,CURRENT,°C,14.000389033679676
2026-08-05T08:41:00+00:00,22411541-S,Battery,CURRENT,V,8.209241455078125
2026-08-05T08:45:00+00:00,22411189-1,Temperature,CURRENT,°C,15.741669921875001
2026-08-05T08:45:00+00:00,22411189-2,RH,CURRENT,%,91.49004348821241
2026-08-05T08:45:00+00:00,22411189-3,Dew Point,CURRENT,°C,14.377606284645887
2026-08-05T08:45:00+00:00,22411190-1,Temperature,CURRENT,°C,16.084873046874996
2026-08-05T08:45:00+00:00,22411190-2,RH,CURRENT,%,86.9520103761349
2026-08-05T08:45:00+00:00,22411190-3,Dew Point,CURRENT,°C,13.930467074492702
2026-08-05T08:45:00+00:00,22411191-1,Temperature,CURRENT,°C,17.2217333984375
2026-08-05T08:45:00+00:00,22411191-2,RH,CURRENT,%,83.72167544060426
2026-08-05T08:45:00+00:00,22411191-3,Dew Point,CURRENT,°C,14.46189169772604
2026-08-05T08:45:00+00:00,22411525-1,Temperature,CURRENT,°C,17.3933349609375
2026-08-05T08:45:00+00:00,22411525-2,RH,CURRENT,%,81.03456168459601
2026-08-05T08:45:00+00:00,22411525-3,Dew Point,CURRENT,°C,14.12507423705346
2026-08-05T08:45:00+00:00,22411526-1,Temperature,CURRENT,°C,14.9480126953125
2026-08-05T08:45:00+00:00,22411526-2,RH,CURRENT,%,93.14564736400396
2026-08-05T08:45:00+00:00,22411526-3,Dew Point,CURRENT,°C,13.86750724910903
2026-08-05T08:45:00+00:00,22411527-1,Temperature,CURRENT,°C,17.54348632812499
2026-08-05T08:45:00+00:00,22411527-2,RH,CURRENT,%,80.62104219119554
2026-08-05T08:45:00+00:00,22411527-3,Dew Point,CURRENT,°C,14.192508230241886
2026-08-05T08:45:00+00:00,22411528-1,Temperature,CURRENT,°C,14.604809570312497
2026-08-05T08:45:00+00:00,22411528-2,RH,CURRENT,%,95.37651636530099
2026-08-05T08:45:00+00:00,22411528-3,Dew Point,CURRENT,°C,13.89115726733897
2026-08-05T08:45:00+00:00,22411529-1,Temperature,CURRENT,°C,13.896953124999996
2026-08-05T08:45:00+00:00,22411529-2,RH,CURRENT,%,98.8693064774548
2026-08-05T08:45:00+00:00,22411529-3,Dew Point,CURRENT,°C,13.73896544483709
2026-08-05T08:45:00+00:00,22411530-1,Temperature,CURRENT,°C,16.9643310546875
2026-08-05T08:45:00+00:00,22411530-2,RH,CURRENT,%,83.58739604791333
2026-08-05T08:45:00+00:00,22411530-3,Dew Point,CURRENT,°C,14.1848617062895
2026-08-05T08:46:00+00:00,22411541-S,Battery,CURRENT,V,8.209241455078125
2026-08-05T08:50:00+00:00,22411189-1,Temperature,CURRENT,°C,15.956171874999995
2026-08-05T08:50:00+00:00,22411189-2,RH,CURRENT,%,90.55008773937591
2026-08-05T08:50:00+00:00,22411189-3,Dew Point,CURRENT,°C,14.430088736869056
2026-08-05T08:50:00+00:00,22411190-1,Temperature,CURRENT,°C,16.2779248046875
2026-08-05T08:50:00+00:00,22411190-2,RH,CURRENT,%,86.15701533531701
2026-08-05T08:50:00+00:00,22411190-3,Dew Point,CURRENT,°C,13.978720430768535
2026-08-05T08:50:00+00:00,22411191-1,Temperature,CURRENT,°C,17.436235351562495
2026-08-05T08:50:00+00:00,22411191-2,RH,CURRENT,%,83.02433813992523
2026-08-05T08:50:00+00:00,22411191-3,Dew Point,CURRENT,°C,14.542365170887786
2026-08-05T08:50:00+00:00,22411525-1,Temperature,CURRENT,°C,17.564936523437503
2026-08-05T08:50:00+00:00,22411525-2,RH,CURRENT,%,80.54016937514305
2026-08-05T08:50:00+00:00,22411525-3,Dew Point,CURRENT,°C,14.197914386637079
2026-08-05T08:50:00+00:00,22411526-1,Temperature,CURRENT,°C,15.205415039062501
2026-08-05T08:50:00+00:00,22411526-2,RH,CURRENT,%,93.33943694209201
2026-08-05T08:50:00+00:00,22411526-3,Dew Point,CURRENT,°C,14.15519050674565
2026-08-05T08:50:00+00:00,22411527-1,Temperature,CURRENT,°C,17.6721875
2026-08-05T08:50:00+00:00,22411527-2,RH,CURRENT,%,80.30518043793393
2026-08-05T08:50:00+00:00,22411527-3,Dew Point,CURRENT,°C,14.257308054687295
2026-08-05T08:50:00+00:00,22411528-1,Temperature,CURRENT,°C,14.862211914062499
2026-08-05T08:50:00+00:00,22411528-2,RH,CURRENT,%,95.96093690394446
2026-08-05T08:50:00+00:00,22411528-3,Dew Point,CURRENT,°C,14.241897652845871
2026-08-05T08:50:00+00:00,22411529-1,Temperature,CURRENT,°C,13.9184033203125
2026-08-05T08:50:00+00:00,22411529-2,RH,CURRENT,%,99.37743190661479
2026-08-05T08:50:00+00:00,22411529-3,Dew Point,CURRENT,°C,13.839405621748828
2026-08-05T08:50:00+00:00,22411530-1,Temperature,CURRENT,°C,17.200283203125004
2026-08-05T08:50:00+00:00,22411530-2,RH,CURRENT,%,82.55436026550699
2026-08-05T08:50:00+00:00,22411530-3,Dew Point,CURRENT,°C,14.22361134078974
2026-08-05T08:51:00+00:00,22411541-S,Battery,CURRENT,V,8.215702880859375
2026-08-05T08:55:00+00:00,22411189-1,Temperature,CURRENT,°C,16.213574218749997
2026-08-05T08:55:00+00:00,22411189-2,RH,CURRENT,%,89.66659037155718
2026-08-05T08:55:00+00:00,22411189-3,Dew Point,CURRENT,°C,14.53271665012478
2026-08-05T08:55:00+00:00,22411190-1,Temperature,CURRENT,°C,16.664028320312497
2026-08-05T08:55:00+00:00,22411190-2,RH,CURRENT,%,84.99885557335774
2026-08-05T08:55:00+00:00,22411190-3,Dew Point,CURRENT,°C,14.149119819774475
2026-08-05T08:55:00+00:00,22411191-1,Temperature,CURRENT,°C,17.629287109374992
2026-08-05T08:55:00+00:00,22411191-2,RH,CURRENT,%,82.19119554436561
2026-08-05T08:55:00+00:00,22411191-3,Dew Point,CURRENT,°C,14.574870430948206
2026-08-05T08:55:00+00:00,22411525-1,Temperature,CURRENT,°C,17.75798828125
2026-08-05T08:55:00+00:00,22411525-2,RH,CURRENT,%,79.78027008468757
2026-08-05T08:55:00+00:00,22411525-3,Dew Point,CURRENT,°C,14.239507157186427
2026-08-05T08:55:00+00:00,22411526-1,Temperature,CURRENT,°C,15.462817382812496
2026-08-05T08:55:00+00:00,22411526-2,RH,CURRENT,%,91.92950331883726
2026-08-05T08:55:00+00:00,22411526-3,Dew Point,CURRENT,°C,14.175382345618136
2026-08-05T08:55:00+00:00,22411527-1,Temperature,CURRENT,°C,17.8437890625
2026-08-05T08:55:00+00:00,22411527-2,RH,CURRENT,%,79.62767986572061
2026-08-05T08:55:00+00:00,22411527-3,Dew Point,CURRENT,°C,14.293460272564895
2026-08-05T08:55:00+00:00,22411528-1,Temperature,CURRENT,°C,15.012363281249996
2026-08-05T08:55:00+00:00,22411528-2,RH,CURRENT,%,94.67612726024262
2026-08-05T08:55:00+00:00,22411528-3,Dew Point,CURRENT,°C,14.183030391355643
2026-08-05T08:55:00+00:00,22411529-1,Temperature,CURRENT,°C,13.982753906249997
2026-08-05T08:55:00+00:00,22411529-2,RH,CURRENT,%,99.55138475623713
2026-08-05T08:55:00+00:00,22411529-3,Dew Point,CURRENT,°C,13.930782169174812
2026-08-05T08:55:00+00:00,22411530-1,Temperature,CURRENT,°C,17.3933349609375
2026-08-05T08:55:00+00:00,22411530-2,RH,CURRENT,%,81.72121766994735
2026-08-05T08:55:00+00:00,22411530-3,Dew Point,CURRENT,°C,14.255491428863042
2026-08-05T08:56:00+00:00,22411541-S,Battery,CURRENT,V,8.215702880859375
2026-08-05T09:00:00+00:00,22411189-1,Temperature,CURRENT,°C,16.256474609374997
2026-08-05T09:00:00+00:00,22411189-2,RH,CURRENT,%,89.28664072632944
2026-08-05T09:00:00+00:00,22411189-3,Dew Point,CURRENT,°C,14.509295770351235
2026-08-05T09:00:00+00:00,22411190-1,Temperature,CURRENT,°C,16.749829101562497
2026-08-05T09:00:00+00:00,22411190-2,RH,CURRENT,%,84.17792019531548
2026-08-05T09:00:00+00:00,22411190-3,Dew Point,CURRENT,°C,14.08338652173423
2026-08-05T09:00:00+00:00,22411191-1,Temperature,CURRENT,°C,17.715087890624993
2026-08-05T09:00:00+00:00,22411191-2,RH,CURRENT,%,81.88601510643167
2026-08-05T09:00:00+00:00,22411191-3,Dew Point,CURRENT,°C,14.601051708141705
2026-08-05T09:00:00+00:00,22411525-1,Temperature,CURRENT,°C,17.822338867187504
2026-08-05T09:00:00+00:00,22411525-2,RH,CURRENT,%,79.66124971389334
2026-08-05T09:00:00+00:00,22411525-3,Dew Point,CURRENT,°C,14.279091630898867
2026-08-05T09:00:00+00:00,22411526-1,Temperature,CURRENT,°C,15.52716796875
2026-08-05T09:00:00+00:00,22411526-2,RH,CURRENT,%,91.26573586633097
2026-08-05T09:00:00+00:00,22411526-3,Dew Point,CURRENT,°C,14.127174144349278
2026-08-05T09:00:00+00:00,22411527-1,Temperature,CURRENT,°C,17.908139648437505
2026-08-05T09:00:00+00:00,22411527-2,RH,CURRENT,%,79.55596246280614
2026-08-05T09:00:00+00:00,22411527-3,Dew Point,CURRENT,°C,14.342178717189961
2026-08-05T09:00:00+00:00,22411528-1,Temperature,CURRENT,°C,15.012363281249996
2026-08-05T09:00:00+00:00,22411528-2,RH,CURRENT,%,94.32364385442894
2026-08-05T09:00:00+00:00,22411528-3,Dew Point,CURRENT,°C,14.125395827080592
2026-08-05T09:00:00+00:00,22411529-1,Temperature,CURRENT,°C,14.068554687499997
2026-08-05T09:00:00+00:00,22411529-2,RH,CURRENT,%,99.65972381170367
2026-08-05T09:00:00+00:00,22411529-3,Dew Point,CURRENT,°C,14.033461834699429
2026-08-05T09:00:00+00:00,22411530-1,Temperature,CURRENT,°C,17.479135742187502
2026-08-05T09:00:00+00:00,22411530-2,RH,CURRENT,%,81.4877546349279
2026-08-05T09:00:00+00:00,22411530-3,Dew Point,CURRENT,°C,14.295049462944961
2026-08-05T09:01:00+00:00,22411541-S,Battery,CURRENT,V,8.2060107421875
2026-08-05T09:05:00+00:00,22411189-1,Temperature,CURRENT,°C,16.084873046874996
2026-08-05T09:05:00+00:00,22411189-2,RH,CURRENT,%,90.00686655985352
2026-08-05T09:05:00+00:00,22411189-3,Dew Point,CURRENT,°C,14.464188792383077
2026-08-05T09:05:00+00:00,22411190-1,Temperature,CURRENT,°C,16.55677734375
2026-08-05T09:05:00+00:00,22411190-2,RH,CURRENT,%,85.14381628137636
2026-08-05T09:05:00+00:00,22411190-3,Dew Point,CURRENT,°C,14.070138051977873
2026-08-05T09:05:00+00:00,22411191-1,Temperature,CURRENT,°C,17.607836914062496
2026-08-05T09:05:00+00:00,22411191-2,RH,CURRENT,%,82.31631952391852
2026-08-05T09:05:00+00:00,22411191-3,Dew Point,CURRENT,°C,14.577482615453945
2026-08-05T09:05:00+00:00,22411525-1,Temperature,CURRENT,°C,17.715087890624993
2026-08-05T09:05:00+00:00,22411525-2,RH,CURRENT,%,80.06256198977646
2026-08-05T09:05:00+00:00,22411525-3,Dew Point,CURRENT,°C,14.252329235884153
2026-08-05T09:05:00+00:00,22411526-1,Temperature,CURRENT,°C,15.334116210937495
2026-08-05T09:05:00+00:00,22411526-2,RH,CURRENT,%,91.56786449988556
2026-08-05T09:05:00+00:00,22411526-3,Dew Point,CURRENT,°C,13.986964529171704
2026-08-05T09:05:00+00:00,22411527-1,Temperature,CURRENT,°C,17.800888671874993
2026-08-05T09:05:00+00:00,22411527-2,RH,CURRENT,%,79.86266880292973
2026-08-05T09:05:00+00:00,22411527-3,Dew Point,CURRENT,°C,14.297260394583233
2026-08-05T09:05:00+00:00,22411528-1,Temperature,CURRENT,°C,14.819311523437499
2026-08-05T09:05:00+00:00,22411528-2,RH,CURRENT,%,94.44571602960251
2026-08-05T09:05:00+00:00,22411528-3,Dew Point,CURRENT,°C,13.953370133406963
2026-08-05T09:05:00+00:00,22411529-1,Temperature,CURRENT,°C,14.0042041015625
2026-08-05T09:05:00+00:00,22411529-2,RH,CURRENT,%,99.22484168764782
2026-08-05T09:05:00+00:00,22411529-3,Dew Point,CURRENT,°C,13.901579364735996
2026-08-05T09:05:00+00:00,22411530-1,Temperature,CURRENT,°C,17.414785156249998
2026-08-05T09:05:00+00:00,22411530-2,RH,CURRENT,%,81.86617837796597
2026-08-05T09:05:00+00:00,22411530-3,Dew Point,CURRENT,°C,14.303860892023385
2026-08-05T09:06:00+00:00,22411541-S,Battery,CURRENT,V,8.202780029296875
2026-08-05T09:10:00+00:00,22411189-1,Temperature,CURRENT,°C,15.848920898437498
2026-08-05T09:10:00+00:00,22411189-2,RH,CURRENT,%,91.625848783093
2026-08-05T09:10:00+00:00,22411189-3,Dew Point,CURRENT,°C,14.506839165065006
2026-08-05T09:10:00+00:00,22411190-1,Temperature,CURRENT,°C,16.3208251953125
2026-08-05T09:10:00+00:00,22411190-2,RH,CURRENT,%,86.52170595864806
2026-08-05T09:10:00+00:00,22411190-3,Dew Point,CURRENT,°C,14.086122262794369
2026-08-05T09:10:00+00:00,22411191-1,Temperature,CURRENT,°C,17.328984374999997
2026-08-05T09:10:00+00:00,22411191-2,RH,CURRENT,%,83.55992980849928
2026-08-05T09:10:00+00:00,22411191-3,Dew Point,CURRENT,°C,14.537006224660981
2026-08-05T09:10:00+00:00,22411525-1,Temperature,CURRENT,°C,17.45768554687499
2026-08-05T09:10:00+00:00,22411525-2,RH,CURRENT,%,80.96589608606088
2026-08-05T09:10:00+00:00,22411525-3,Dew Point,CURRENT,°C,14.174773528117012
2026-08-05T09:10:00+00:00,22411526-1,Temperature,CURRENT,°C,15.1196142578125
2026-08-05T09:10:00+00:00,22411526-2,RH,CURRENT,%,92.71534294651713
2026-08-05T09:10:00+00:00,22411526-3,Dew Point,CURRENT,°C,13.966428745710816
2026-08-05T09:10:00+00:00,22411527-1,Temperature,CURRENT,°C,17.650737304687503
2026-08-05T09:10:00+00:00,22411527-2,RH,CURRENT,%,80.4974441138323
2026-08-05T09:10:00+00:00,22411527-3,Dew Point,CURRENT,°C,14.273377300166647
2026-08-05T09:10:00+00:00,22411528-1,Temperature,CURRENT,°C,14.669160156250001
2026-08-05T09:10:00+00:00,22411528-2,RH,CURRENT,%,95.1644159609369
2026-08-05T09:10:00+00:00,22411528-3,Dew Point,CURRENT,°C,13.92089611621828
2026-08-05T09:10:00+00:00,22411529-1,Temperature,CURRENT,°C,13.939853515624996
2026-08-05T09:10:00+00:00,22411529-2,RH,CURRENT,%,99.01426718547341
2026-08-05T09:10:00+00:00,22411529-3,Dew Point,CURRENT,°C,13.804448043833553
2026-08-05T09:10:00+00:00,22411530-1,Temperature,CURRENT,°C,17.071582031249996
2026-08-05T09:10:00+00:00,22411530-2,RH,CURRENT,%,83.49736781872282
2026-08-05T09:10:00+00:00,22411530-3,Dew Point,CURRENT,°C,14.273264840352521
2026-08-05T09:11:00+00:00,22411541-S,Battery,CURRENT,V,8.202780029296875
2026-08-05T09:15:00+00:00,22411189-1,Temperature,CURRENT,°C,15.377016601562495
2026-08-05T09:15:00+00:00,22411189-2,RH,CURRENT,%,93.07698176546883
2026-08-05T09:15:00+00:00,22411189-3,Dew Point,CURRENT,°C,14.282054463883602
2026-08-05T09:15:00+00:00,22411190-1,Temperature,CURRENT,°C,15.913271484374995
2026-08-05T09:15:00+00:00,22411190-2,RH,CURRENT,%,87.89959563591974
2026-08-05T09:15:00+00:00,22411190-3,Dew Point,CURRENT,°C,13.928591239237194
2026-08-05T09:15:00+00:00,22411191-1,Temperature,CURRENT,°C,17.114482421874996
2026-08-05T09:15:00+00:00,22411191-2,RH,CURRENT,%,84.72877088578622
2026-08-05T09:15:00+00:00,22411191-3,Dew Point,CURRENT,°C,14.54199478181221
2026-08-05T09:15:00+00:00,22411525-1,Temperature,CURRENT,°C,17.286083984375004
2026-08-05T09:15:00+00:00,22411525-2,RH,CURRENT,%,82.01419089036393
2026-08-05T09:15:00+00:00,22411525-3,Dew Point,CURRENT,°C,14.206020328283419
2026-08-05T09:15:00+00:00,22411526-1,Temperature,CURRENT,°C,14.797861328124995
2026-08-05T09:15:00+00:00,22411526-2,RH,CURRENT,%,93.4752422369726
2026-08-05T09:15:00+00:00,22411526-3,Dew Point,CURRENT,°C,13.77282383070755
2026-08-05T09:15:00+00:00,22411527-1,Temperature,CURRENT,°C,17.479135742187502
2026-08-05T09:15:00+00:00,22411527-2,RH,CURRENT,%,81.41756313420309
2026-08-05T09:15:00+00:00,22411527-3,Dew Point,CURRENT,°C,14.281719866045073
2026-08-05T09:15:00+00:00,22411528-1,Temperature,CURRENT,°C,14.4117578125
2026-08-05T09:15:00+00:00,22411528-2,RH,CURRENT,%,95.75646601052873
2026-08-05T09:15:00+00:00,22411528-3,Dew Point,CURRENT,°C,13.760142384420828
2026-08-05T09:15:00+00:00,22411529-1,Temperature,CURRENT,°C,13.9613037109375
2026-08-05T09:15:00+00:00,22411529-2,RH,CURRENT,%,99.1805905241474
2026-08-05T09:15:00+00:00,22411529-3,Dew Point,CURRENT,°C,13.851775305544292
2026-08-05T09:15:00+00:00,22411530-1,Temperature,CURRENT,°C,16.685478515625
2026-08-05T09:15:00+00:00,22411530-2,RH,CURRENT,%,84.82948043030441
2026-08-05T09:15:00+00:00,22411530-3,Dew Point,CURRENT,°C,14.139356899387222
2026-08-05T09:16:00+00:00,22411541-S,Battery,CURRENT,V,8.202780029296875
2026-08-05T09:20:00+00:00,22411189-1,Temperature,CURRENT,°C,15.505717773437496
2026-08-05T09:20:00+00:00,22411189-2,RH,CURRENT,%,93.40352483405813
2026-08-05T09:20:00+00:00,22411189-3,Dew Point,CURRENT,°C,14.464063850113755
2026-08-05T09:20:00+00:00,22411190-1,Temperature,CURRENT,°C,15.956171874999995
2026-08-05T09:20:00+00:00,22411190-2,RH,CURRENT,%,88.10559243152514
2026-08-05T09:20:00+00:00,22411190-3,Dew Point,CURRENT,°C,14.007005185798414
2026-08-05T09:20:00+00:00,22411191-1,Temperature,CURRENT,°C,17.200283203125004
2026-08-05T09:20:00+00:00,22411191-2,RH,CURRENT,%,84.34882124055848
2026-08-05T09:20:00+00:00,22411191-3,Dew Point,CURRENT,°C,14.556503879483444
2026-08-05T09:20:00+00:00,22411525-1,Temperature,CURRENT,°C,17.350434570312494
2026-08-05T09:20:00+00:00,22411525-2,RH,CURRENT,%,81.91348134584572
2026-08-05T09:20:00+00:00,22411525-3,Dew Point,CURRENT,°C,14.249913057011078
2026-08-05T09:20:00+00:00,22411526-1,Temperature,CURRENT,°C,14.733510742187498
2026-08-05T09:20:00+00:00,22411526-2,RH,CURRENT,%,94.74937056534677
2026-08-05T09:20:00+00:00,22411526-3,Dew Point,CURRENT,°C,13.917529687078819
2026-08-05T09:20:00+00:00,22411527-1,Temperature,CURRENT,°C,17.5005859375
2026-08-05T09:20:00+00:00,22411527-2,RH,CURRENT,%,81.46334019989318
2026-08-05T09:20:00+00:00,22411527-3,Dew Point,CURRENT,°C,14.311361255516431
2026-08-05T09:20:00+00:00,22411528-1,Temperature,CURRENT,°C,14.454658203125
2026-08-05T09:20:00+00:00,22411528-2,RH,CURRENT,%,96.91920347905699
2026-08-05T09:20:00+00:00,22411528-3,Dew Point,CURRENT,°C,13.988995102034277
2026-08-05T09:20:00+00:00,22411529-1,Temperature,CURRENT,°C,13.896953124999996
2026-08-05T09:20:00+00:00,22411529-2,RH,CURRENT,%,99.14244296940566
2026-08-05T09:20:00+00:00,22411529-3,Dew Point,CURRENT,°C,13.781460096540203
2026-08-05T09:20:00+00:00,22411530-1,Temperature,CURRENT,°C,16.89998046875
2026-08-05T09:20:00+00:00,22411530-2,RH,CURRENT,%,84.33508812085145
2026-08-05T09:20:00+00:00,22411530-3,Dew Point,CURRENT,°C,14.259459390000512
2026-08-05T09:21:00+00:00,22411541-S,Battery,CURRENT,V,8.202780029296875
2026-08-05T09:25:00+00:00,22411189-1,Temperature,CURRENT,°C,15.956171874999995
2026-08-05T09:25:00+00:00,22411189-2,RH,CURRENT,%,91.45799954222935
2026-08-05T09:25:00+00:00,22411189-3,Dew Point,CURRENT,°C,14.584677815253714
2026-08-05T09:25:00+00:00,22411190-1,Temperature,CURRENT,°C,16.2779248046875
2026-08-05T09:25:00+00:00,22411190-2,RH,CURRENT,%,86.96726939803159
2026-08-05T09:25:00+00:00,22411190-3,Dew Point,CURRENT,°C,14.123236244349428
2026-08-05T09:25:00+00:00,22411191-1,Temperature,CURRENT,°C,17.200283203125004
2026-08-05T09:25:00+00:00,22411191-2,RH,CURRENT,%,84.46173800259403
2026-08-05T09:25:00+00:00,22411191-3,Dew Point,CURRENT,°C,14.577242792886869
2026-08-05T09:25:00+00:00,22411525-1,Temperature,CURRENT,°C,17.3075341796875
2026-08-05T09:25:00+00:00,22411525-2,RH,CURRENT,%,82.0813305867094
2026-08-05T09:25:00+00:00,22411525-3,Dew Point,CURRENT,°C,14.239637130224724
2026-08-05T09:25:00+00:00,22411526-1,Temperature,CURRENT,°C,14.9909130859375
2026-08-05T09:25:00+00:00,22411526-2,RH,CURRENT,%,94.85770962081331
2026-08-05T09:25:00+00:00,22411526-3,Dew Point,CURRENT,°C,14.191302030385174
2026-08-05T09:25:00+00:00,22411527-1,Temperature,CURRENT,°C,17.479135742187502
2026-08-05T09:25:00+00:00,22411527-2,RH,CURRENT,%,81.65255207141222
2026-08-05T09:25:00+00:00,22411527-3,Dew Point,CURRENT,°C,14.326305497972355
2026-08-05T09:25:00+00:00,22411528-1,Temperature,CURRENT,°C,14.712060546875001
2026-08-05T09:25:00+00:00,22411528-2,RH,CURRENT,%,97.53109025711451
2026-08-05T09:25:00+00:00,22411528-3,Dew Point,CURRENT,°C,14.343173326372249
2026-08-05T09:25:00+00:00,22411529-1,Temperature,CURRENT,°C,14.0471044921875
2026-08-05T09:25:00+00:00,22411529-2,RH,CURRENT,%,99.93591210803388
2026-08-05T09:25:00+00:00,22411529-3,Dew Point,CURRENT,°C,14.054707491940519
2026-08-05T09:25:00+00:00,22411530-1,Temperature,CURRENT,°C,17.0072314453125
2026-08-05T09:25:00+00:00,22411530-2,RH,CURRENT,%,84.07873655298695
2026-08-05T09:25:00+00:00,22411530-3,Dew Point,CURRENT,°C,14.317536692421962
2026-08-05T09:26:00+00:00,22411541-S,Battery,CURRENT,V,8.202780029296875
2026-08-05T09:30:00+00:00,22411189-1,Temperature,CURRENT,°C,16.1492236328125
2026-08-05T09:30:00+00:00,22411189-2,RH,CURRENT,%,90.56839856565195
2026-08-05T09:30:00+00:00,22411189-3,Dew Point,CURRENT,°C,14.624233010268144
2026-08-05T09:30:00+00:00,22411190-1,Temperature,CURRENT,°C,16.428076171875
2026-08-05T09:30:00+00:00,22411190-2,RH,CURRENT,%,86.51407644769971
2026-08-05T09:30:00+00:00,22411190-3,Dew Point,CURRENT,°C,14.190281692636102
2026-08-05T09:30:00+00:00,22411191-1,Temperature,CURRENT,°C,17.2217333984375
2026-08-05T09:30:00+00:00,22411191-2,RH,CURRENT,%,84.53650720988784
2026-08-05T09:30:00+00:00,22411191-3,Dew Point,CURRENT,°C,14.61200500764237
2026-08-05T09:30:00+00:00,22411525-1,Temperature,CURRENT,°C,17.328984374999997
2026-08-05T09:30:00+00:00,22411525-2,RH,CURRENT,%,82.18814373998627
2026-08-05T09:30:00+00:00,22411525-3,Dew Point,CURRENT,°C,14.28071684903117
2026-08-05T09:30:00+00:00,22411526-1,Temperature,CURRENT,°C,15.269765624999998
2026-08-05T09:30:00+00:00,22411526-2,RH,CURRENT,%,93.8323033493553
2026-08-05T09:30:00+00:00,22411526-3,Dew Point,CURRENT,°C,14.300543790449833
2026-08-05T09:30:00+00:00,22411527-1,Temperature,CURRENT,°C,17.45768554687499
2026-08-05T09:30:00+00:00,22411527-2,RH,CURRENT,%,81.86770428015564
2026-08-05T09:30:00+00:00,22411527-3,Dew Point,CURRENT,°C,14.346068995411699
2026-08-05T09:30:00+00:00,22411528-1,Temperature,CURRENT,°C,15.012363281249996
2026-08-05T09:30:00+00:00,22411528-2,RH,CURRENT,%,96.74982833600366
2026-08-05T09:30:00+00:00,22411528-3,Dew Point,CURRENT,°C,14.518338894662184
2026-08-05T09:30:00+00:00,22411529-1,Temperature,CURRENT,°C,14.325957031249999
2026-08-05T09:30:00+00:00,22411529-2,RH,CURRENT,%,100
2026-08-05T09:30:00+00:00,22411529-3,Dew Point,CURRENT,°C,14.343903677134453
2026-08-05T09:30:00+00:00,22411530-1,Temperature,CURRENT,°C,17.028681640624995
2026-08-05T09:30:00+00:00,22411530-2,RH,CURRENT,%,84.00549324788281
2026-08-05T09:30:00+00:00,22411530-3,Dew Point,CURRENT,°C,14.325080833654352
2026-08-05T09:31:00+00:00,22411541-S,Battery,CURRENT,V,8.209241455078125
2026-08-05T09:35:00+00:00,22411189-1,Temperature,CURRENT,°C,16.170673828124997
2026-08-05T09:35:00+00:00,22411189-2,RH,CURRENT,%,90.47837033646144
2026-08-05T09:35:00+00:00,22411189-3,Dew Point,CURRENT,°C,14.630030373852756
2026-08-05T09:35:00+00:00,22411190-1,Temperature,CURRENT,°C,16.449526367187495
2026-08-05T09:35:00+00:00,22411190-2,RH,CURRENT,%,86.494239719234
2026-08-05T09:35:00+00:00,22411190-3,Dew Point,CURRENT,°C,14.207840991219832
2026-08-05T09:35:00+00:00,22411191-1,Temperature,CURRENT,°C,17.114482421874996
2026-08-05T09:35:00+00:00,22411191-2,RH,CURRENT,%,85.1621271076524
2026-08-05T09:35:00+00:00,22411191-3,Dew Point,CURRENT,°C,14.621090593927605
2026-08-05T09:35:00+00:00,22411525-1,Temperature,CURRENT,°C,17.243183593749997
2026-08-05T09:35:00+00:00,22411525-2,RH,CURRENT,%,82.71763179980164
2026-08-05T09:35:00+00:00,22411525-3,Dew Point,CURRENT,°C,14.29613494598373
2026-08-05T09:35:00+00:00,22411526-1,Temperature,CURRENT,°C,15.419916992187495
2026-08-05T09:35:00+00:00,22411526-2,RH,CURRENT,%,93.06935225452048
2026-08-05T09:35:00+00:00,22411526-3,Dew Point,CURRENT,°C,14.323377347953487
2026-08-05T09:35:00+00:00,22411527-1,Temperature,CURRENT,°C,17.371884765625005
2026-08-05T09:35:00+00:00,22411527-2,RH,CURRENT,%,82.37888151369498
2026-08-05T09:35:00+00:00,22411527-3,Dew Point,CURRENT,°C,14.358527922231346
2026-08-05T09:35:00+00:00,22411528-1,Temperature,CURRENT,°C,15.205415039062501
2026-08-05T09:35:00+00:00,22411528-2,RH,CURRENT,%,95.77019913023575
2026-08-05T09:35:00+00:00,22411528-3,Dew Point,CURRENT,°C,14.55306561437953
2026-08-05T09:35:00+00:00,22411529-1,Temperature,CURRENT,°C,14.49755859375
2026-08-05T09:35:00+00:00,22411529-2,RH,CURRENT,%,100
2026-08-05T09:35:00+00:00,22411529-3,Dew Point,CURRENT,°C,14.515779229482403
2026-08-05T09:35:00+00:00,22411530-1,Temperature,CURRENT,°C,16.942880859374995
2026-08-05T09:35:00+00:00,22411530-2,RH,CURRENT,%,84.58686198214694
2026-08-05T09:35:00+00:00,22411530-3,Dew Point,CURRENT,°C,14.34765718414053
2026-08-05T09:36:00+00:00,22411541-S,Battery,CURRENT,V,8.209241455078125
2026-08-05T09:40:00+00:00,22411189-1,Temperature,CURRENT,°C,16.0634228515625
2026-08-05T09:40:00+00:00,22411189-2,RH,CURRENT,%,90.69810025177387
2026-08-05T09:40:00+00:00,22411189-3,Dew Point,CURRENT,°C,14.561520414033271
2026-08-05T09:40:00+00:00,22411190-1,Temperature,CURRENT,°C,16.299374999999998
2026-08-05T09:40:00+00:00,22411190-2,RH,CURRENT,%,86.8711375600824
2026-08-05T09:40:00+00:00,22411190-3,Dew Point,CURRENT,°C,14.127267261373861
2026-08-05T09:40:00+00:00,22411191-1,Temperature,CURRENT,°C,16.878530273437498
2026-08-05T09:40:00+00:00,22411191-2,RH,CURRENT,%,85.93118181124589
2026-08-05T09:40:00+00:00,22411191-3,Dew Point,CURRENT,°C,14.528649038871341
2026-08-05T09:40:00+00:00,22411525-1,Temperature,CURRENT,°C,16.985781249999995
2026-08-05T09:40:00+00:00,22411525-2,RH,CURRENT,%,83.57824063477531
2026-08-05T09:40:00+00:00,22411525-3,Dew Point,CURRENT,°C,14.20418282076699
2026-08-05T09:40:00+00:00,22411526-1,Temperature,CURRENT,°C,15.4413671875
2026-08-05T09:40:00+00:00,22411526-2,RH,CURRENT,%,92.48340581368734
2026-08-05T09:40:00+00:00,22411526-3,Dew Point,CURRENT,°C,14.246974801394021
2026-08-05T09:40:00+00:00,22411527-1,Temperature,CURRENT,°C,17.1359326171875
2026-08-05T09:40:00+00:00,22411527-2,RH,CURRENT,%,83.32646677347982
2026-08-05T09:40:00+00:00,22411527-3,Dew Point,CURRENT,°C,14.30459835302177
2026-08-05T09:40:00+00:00,22411528-1,Temperature,CURRENT,°C,15.269765624999998
2026-08-05T09:40:00+00:00,22411528-2,RH,CURRENT,%,94.9034866865034
2026-08-05T09:40:00+00:00,22411528-3,Dew Point,CURRENT,°C,14.47626596693056
2026-08-05T09:40:00+00:00,22411529-1,Temperature,CURRENT,°C,14.604809570312497
2026-08-05T09:40:00+00:00,22411529-2,RH,CURRENT,%,100
2026-08-05T09:40:00+00:00,22411529-3,Dew Point,CURRENT,°C,14.623201442060658
2026-08-05T09:40:00+00:00,22411530-1,Temperature,CURRENT,°C,16.72837890625
2026-08-05T09:40:00+00:00,22411530-2,RH,CURRENT,%,85.31929503318837
2026-08-05T09:40:00+00:00,22411530-3,Dew Point,CURRENT,°C,14.270476295914502
2026-08-05T09:41:00+00:00,22411541-S,Battery,CURRENT,V,8.19954931640625
2026-08-05T09:45:00+00:00,22411189-1,Temperature,CURRENT,°C,15.9776220703125
2026-08-05T09:45:00+00:00,22411189-2,RH,CURRENT,%,91.54802777141985
2026-08-05T09:45:00+00:00,22411189-3,Dew Point,CURRENT,°C,14.621185215070431
2026-08-05T09:45:00+00:00,22411190-1,Temperature,CURRENT,°C,16.213574218749997
2026-08-05T09:45:00+00:00,22411190-2,RH,CURRENT,%,87.69359884031434
2026-08-05T09:45:00+00:00,22411190-3,Dew Point,CURRENT,°C,14.188364186575004
2026-08-05T09:45:00+00:00,22411191-1,Temperature,CURRENT,°C,16.8141796875
2026-08-05T09:45:00+00:00,22411191-2,RH,CURRENT,%,86.75516899366751
2026-08-05T09:45:00+00:00,22411191-3,Dew Point,CURRENT,°C,14.613301131164981
2026-08-05T09:45:00+00:00,22411525-1,Temperature,CURRENT,°C,16.9214306640625
2026-08-05T09:45:00+00:00,22411525-2,RH,CURRENT,%,84.35645075150683
2026-08-05T09:45:00+00:00,22411525-3,Dew Point,CURRENT,°C,14.28441431083648
2026-08-05T09:45:00+00:00,22411526-1,Temperature,CURRENT,°C,15.4413671875
2026-08-05T09:45:00+00:00,22411526-2,RH,CURRENT,%,93.02204928664072
2026-08-05T09:45:00+00:00,22411526-3,Dew Point,CURRENT,°C,14.336805696985898
2026-08-05T09:45:00+00:00,22411527-1,Temperature,CURRENT,°C,17.028681640624995
2026-08-05T09:45:00+00:00,22411527-2,RH,CURRENT,%,84.16113527122911
2026-08-05T09:45:00+00:00,22411527-3,Dew Point,CURRENT,°C,14.353724640383069
2026-08-05T09:45:00+00:00,22411528-1,Temperature,CURRENT,°C,15.355566406249999
2026-08-05T09:45:00+00:00,22411528-2,RH,CURRENT,%,95.16136415655757
2026-08-05T09:45:00+00:00,22411528-3,Dew Point,CURRENT,°C,14.603724221503546
2026-08-05T09:45:00+00:00,22411529-1,Temperature,CURRENT,°C,14.647709960937497
2026-08-05T09:45:00+00:00,22411529-2,RH,CURRENT,%,100
2026-08-05T09:45:00+00:00,22411529-3,Dew Point,CURRENT,°C,14.666170325446588
2026-08-05T09:45:00+00:00,22411530-1,Temperature,CURRENT,°C,16.664028320312497
2026-08-05T09:45:00+00:00,22411530-2,RH,CURRENT,%,86.09292744335089
2026-08-05T09:45:00+00:00,22411530-3,Dew Point,CURRENT,°C,14.346885564963484
2026-08-05T09:46:00+00:00,22411541-S,Battery,CURRENT,V,8.193087890625
2026-08-05T09:50:00+00:00,22411189-1,Temperature,CURRENT,°C,15.913271484374995
2026-08-05T09:50:00+00:00,22411189-2,RH,CURRENT,%,92.60242618448157
2026-08-05T09:50:00+00:00,22411189-3,Dew Point,CURRENT,°C,14.73506809513866
2026-08-05T09:50:00+00:00,22411190-1,Temperature,CURRENT,°C,16.170673828124997
2026-08-05T09:50:00+00:00,22411190-2,RH,CURRENT,%,88.52368963149462
2026-08-05T09:50:00+00:00,22411190-3,Dew Point,CURRENT,°C,14.291734287489382
2026-08-05T09:50:00+00:00,22411191-1,Temperature,CURRENT,°C,16.857080078125
2026-08-05T09:50:00+00:00,22411191-2,RH,CURRENT,%,87.18547341115435
2026-08-05T09:50:00+00:00,22411191-3,Dew Point,CURRENT,°C,14.732301283194616
2026-08-05T09:50:00+00:00,22411525-1,Temperature,CURRENT,°C,17.0072314453125
2026-08-05T09:50:00+00:00,22411525-2,RH,CURRENT,%,84.52277409018082
2026-08-05T09:50:00+00:00,22411525-3,Dew Point,CURRENT,°C,14.399057390472294
2026-08-05T09:50:00+00:00,22411526-1,Temperature,CURRENT,°C,15.4413671875
2026-08-05T09:50:00+00:00,22411526-2,RH,CURRENT,%,93.3196002136263
2026-08-05T09:50:00+00:00,22411526-3,Dew Point,CURRENT,°C,14.386233523672523
2026-08-05T09:50:00+00:00,22411527-1,Temperature,CURRENT,°C,17.1359326171875
2026-08-05T09:50:00+00:00,22411527-2,RH,CURRENT,%,84.17792019531548
2026-08-05T09:50:00+00:00,22411527-3,Dew Point,CURRENT,°C,14.461972426478587
2026-08-05T09:50:00+00:00,22411528-1,Temperature,CURRENT,°C,15.377016601562495
2026-08-05T09:50:00+00:00,22411528-2,RH,CURRENT,%,95.18425268940261
2026-08-05T09:50:00+00:00,22411528-3,Dew Point,CURRENT,°C,14.628807871485387
2026-08-05T09:50:00+00:00,22411529-1,Temperature,CURRENT,°C,14.647709960937497
2026-08-05T09:50:00+00:00,22411529-2,RH,CURRENT,%,100
2026-08-05T09:50:00+00:00,22411529-3,Dew Point,CURRENT,°C,14.666170325446588
2026-08-05T09:50:00+00:00,22411530-1,Temperature,CURRENT,°C,16.706928710937497
2026-08-05T09:50:00+00:00,22411530-2,RH,CURRENT,%,86.46219577325094
2026-08-05T09:50:00+00:00,22411530-3,Dew Point,CURRENT,°C,14.455341942653385
2026-08-05T09:51:00+00:00,22411541-S,Battery,CURRENT,V,8.193087890625
2026-08-05T09:55:00+00:00,22411189-1,Temperature,CURRENT,°C,15.741669921875001
2026-08-05T09:55:00+00:00,22411189-2,RH,CURRENT,%,92.64820325017166
2026-08-05T09:55:00+00:00,22411189-3,Dew Point,CURRENT,°C,14.572474499395515
2026-08-05T09:55:00+00:00,22411190-1,Temperature,CURRENT,°C,16.0205224609375
2026-08-05T09:55:00+00:00,22411190-2,RH,CURRENT,%,88.7052719920653
2026-08-05T09:55:00+00:00,22411190-3,Dew Point,CURRENT,°C,14.17524867282998
2026-08-05T09:55:00+00:00,22411191-1,Temperature,CURRENT,°C,16.706928710937497
2026-08-05T09:55:00+00:00,22411191-2,RH,CURRENT,%,87.91485465781643
2026-08-05T09:55:00+00:00,22411191-3,Dew Point,CURRENT,°C,14.713670302702532
2026-08-05T09:55:00+00:00,22411525-1,Temperature,CURRENT,°C,16.878530273437498
2026-08-05T09:55:00+00:00,22411525-2,RH,CURRENT,%,85.22774090180819
2026-08-05T09:55:00+00:00,22411525-3,Dew Point,CURRENT,°C,14.401326073668924
2026-08-05T09:55:00+00:00,22411526-1,Temperature,CURRENT,°C,15.377016601562495
2026-08-05T09:55:00+00:00,22411526-2,RH,CURRENT,%,92.84504463263904
2026-08-05T09:55:00+00:00,22411526-3,Dew Point,CURRENT,°C,14.243469414429708
2026-08-05T09:55:00+00:00,22411527-1,Temperature,CURRENT,°C,17.028681640624995
2026-08-05T09:55:00+00:00,22411527-2,RH,CURRENT,%,84.7547112230106
2026-08-05T09:55:00+00:00,22411527-3,Dew Point,CURRENT,°C,14.46253946291307
2026-08-05T09:55:00+00:00,22411528-1,Temperature,CURRENT,°C,15.291215820312502
2026-08-05T09:55:00+00:00,22411528-2,RH,CURRENT,%,94.58304722667278
2026-08-05T09:55:00+00:00,22411528-3,Dew Point,CURRENT,°C,14.445220365029597
2026-08-05T09:55:00+00:00,22411529-1,Temperature,CURRENT,°C,14.604809570312497
2026-08-05T09:55:00+00:00,22411529-2,RH,CURRENT,%,99.99542229343099
2026-08-05T09:55:00+00:00,22411529-3,Dew Point,CURRENT,°C,14.622491459429662
2026-08-05T09:55:00+00:00,22411530-1,Temperature,CURRENT,°C,16.449526367187495
2026-08-05T09:55:00+00:00,22411530-2,RH,CURRENT,%,87.36095216296636
2026-08-05T09:55:00+00:00,22411530-3,Dew Point,CURRENT,°C,14.36206316328614
2026-08-05T09:56:00+00:00,22411541-S,Battery,CURRENT,V,8.193087890625
2026-08-05T10:00:00+00:00,22411189-1,Temperature,CURRENT,°C,15.655869140625
2026-08-05T10:00:00+00:00,22411189-2,RH,CURRENT,%,93.24788281071183
2026-08-05T10:00:00+00:00,22411189-3,Dew Point,CURRENT,°C,14.58733575427275
2026-08-05T10:00:00+00:00,22411190-1,Temperature,CURRENT,°C,15.934721679687499
2026-08-05T10:00:00+00:00,22411190-2,RH,CURRENT,%,89.07606622415503
2026-08-05T10:00:00+00:00,22411190-3,Dew Point,CURRENT,°C,14.155008332521168
2026-08-05T10:00:00+00:00,22411191-1,Temperature,CURRENT,°C,16.749829101562497
2026-08-05T10:00:00+00:00,22411191-2,RH,CURRENT,%,87.45098039215686
2026-08-05T10:00:00+00:00,22411191-3,Dew Point,CURRENT,°C,14.673851758628736
2026-08-05T10:00:00+00:00,22411525-1,Temperature,CURRENT,°C,16.89998046875
2026-08-05T10:00:00+00:00,22411525-2,RH,CURRENT,%,84.84779125658045
2026-08-05T10:00:00+00:00,22411525-3,Dew Point,CURRENT,°C,14.353224333046745
2026-08-05T10:00:00+00:00,22411526-1,Temperature,CURRENT,°C,15.205415039062501
2026-08-05T10:00:00+00:00,22411526-2,RH,CURRENT,%,93.67360952162966
2026-08-05T10:00:00+00:00,22411526-3,Dew Point,CURRENT,°C,14.21042407373404
2026-08-05T10:00:00+00:00,22411527-1,Temperature,CURRENT,°C,17.0501318359375
2026-08-05T10:00:00+00:00,22411527-2,RH,CURRENT,%,84.51667048142214
2026-08-05T10:00:00+00:00,22411527-3,Dew Point,CURRENT,°C,14.440024932273444
2026-08-05T10:00:00+00:00,22411528-1,Temperature,CURRENT,°C,15.1196142578125
2026-08-05T10:00:00+00:00,22411528-2,RH,CURRENT,%,95.28953994048982
2026-08-05T10:00:00+00:00,22411528-3,Dew Point,CURRENT,°C,14.389668841422454
2026-08-05T10:00:00+00:00,22411529-1,Temperature,CURRENT,°C,14.540458984375
2026-08-05T10:00:00+00:00,22411529-2,RH,CURRENT,%,99.42778667887389
2026-08-05T10:00:00+00:00,22411529-3,Dew Point,CURRENT,°C,14.469824007561094
2026-08-05T10:00:00+00:00,22411530-1,Temperature,CURRENT,°C,16.535327148437496
2026-08-05T10:00:00+00:00,22411530-2,RH,CURRENT,%,86.89707789730679
2026-08-05T10:00:00+00:00,22411530-3,Dew Point,CURRENT,°C,14.364151643936987
2026-08-05T10:01:00+00:00,22411541-S,Battery,CURRENT,V,8.193087890625
2026-08-05T10:05:00+00:00,22411189-1,Temperature,CURRENT,°C,15.720219726562497
2026-08-05T10:05:00+00:00,22411189-2,RH,CURRENT,%,93.80025940337224
2026-08-05T10:05:00+00:00,22411189-3,Dew Point,CURRENT,°C,14.742891801331595
2026-08-05T10:05:00+00:00,22411190-1,Temperature,CURRENT,°C,16.0634228515625
2026-08-05T10:05:00+00:00,22411190-2,RH,CURRENT,%,89.31105516136415
2026-08-05T10:05:00+00:00,22411190-3,Dew Point,CURRENT,°C,14.322848023773073
2026-08-05T10:05:00+00:00,22411191-1,Temperature,CURRENT,°C,16.942880859374995
2026-08-05T10:05:00+00:00,22411191-2,RH,CURRENT,%,86.99778744182498
2026-08-05T10:05:00+00:00,22411191-3,Dew Point,CURRENT,°C,14.7833255024032
2026-08-05T10:05:00+00:00,22411525-1,Temperature,CURRENT,°C,17.114482421874996
2026-08-05T10:05:00+00:00,22411525-2,RH,CURRENT,%,84.17334248874647
2026-08-05T10:05:00+00:00,22411525-3,Dew Point,CURRENT,°C,14.440097980973775
2026-08-05T10:05:00+00:00,22411526-1,Temperature,CURRENT,°C,15.226865234374998
2026-08-05T10:05:00+00:00,22411526-2,RH,CURRENT,%,94.28091859311819
2026-08-05T10:05:00+00:00,22411526-3,Dew Point,CURRENT,°C,14.331691217865085
2026-08-05T10:05:00+00:00,22411527-1,Temperature,CURRENT,°C,17.243183593749997
2026-08-05T10:05:00+00:00,22411527-2,RH,CURRENT,%,83.75829709315633
2026-08-05T10:05:00+00:00,22411527-3,Dew Point,CURRENT,°C,14.489684938026624
2026-08-05T10:05:00+00:00,22411528-1,Temperature,CURRENT,°C,15.0767138671875
2026-08-05T10:05:00+00:00,22411528-2,RH,CURRENT,%,96.07232776379034
2026-08-05T10:05:00+00:00,22411528-3,Dew Point,CURRENT,°C,14.473625691754435
2026-08-05T10:05:00+00:00,22411529-1,Temperature,CURRENT,°C,14.433208007812496
2026-08-05T10:05:00+00:00,22411529-2,RH,CURRENT,%,99.3316548409247
2026-08-05T10:05:00+00:00,22411529-3,Dew Point,CURRENT,°C,14.347506980207767
2026-08-05T10:05:00+00:00,22411530-1,Temperature,CURRENT,°C,16.664028320312497
2026-08-05T10:05:00+00:00,22411530-2,RH,CURRENT,%,86.43625543602656
2026-08-05T10:05:00+00:00,22411530-3,Dew Point,CURRENT,°C,14.408491522091426
2026-08-05T10:06:00+00:00,22411541-S,Battery,CURRENT,V,8.193087890625
2026-08-05T10:10:00+00:00,22411189-1,Temperature,CURRENT,°C,15.69876953125
2026-08-05T10:10:00+00:00,22411189-2,RH,CURRENT,%,92.78553444724193
2026-08-05T10:10:00+00:00,22411189-3,Dew Point,CURRENT,°C,14.552865185487025
2026-08-05T10:10:00+00:00,22411190-1,Temperature,CURRENT,°C,16.1921240234375
2026-08-05T10:10:00+00:00,22411190-2,RH,CURRENT,%,87.82787823300526
2026-08-05T10:10:00+00:00,22411190-3,Dew Point,CURRENT,°C,14.190871257736218
2026-08-05T10:10:00+00:00,22411191-1,Temperature,CURRENT,°C,17.028681640624995
2026-08-05T10:10:00+00:00,22411191-2,RH,CURRENT,%,86.22110322728314
2026-08-05T10:10:00+00:00,22411191-3,Dew Point,CURRENT,°C,14.728521141218044
2026-08-05T10:10:00+00:00,22411525-1,Temperature,CURRENT,°C,17.2217333984375
2026-08-05T10:10:00+00:00,22411525-2,RH,CURRENT,%,83.42870222018769
2026-08-05T10:10:00+00:00,22411525-3,Dew Point,CURRENT,°C,14.407605042280402
2026-08-05T10:10:00+00:00,22411526-1,Temperature,CURRENT,°C,15.205415039062501
2026-08-05T10:10:00+00:00,22411526-2,RH,CURRENT,%,93.47219043259327
2026-08-05T10:10:00+00:00,22411526-3,Dew Point,CURRENT,°C,14.177153345755725
2026-08-05T10:10:00+00:00,22411527-1,Temperature,CURRENT,°C,17.3933349609375
2026-08-05T10:10:00+00:00,22411527-2,RH,CURRENT,%,83.06553749904631
2026-08-05T10:10:00+00:00,22411527-3,Dew Point,CURRENT,°C,14.50806005684653
2026-08-05T10:10:00+00:00,22411528-1,Temperature,CURRENT,°C,15.0338134765625
2026-08-05T10:10:00+00:00,22411528-2,RH,CURRENT,%,95.4711223010605
2026-08-05T10:10:00+00:00,22411528-3,Dew Point,CURRENT,°C,14.33369445638569
2026-08-05T10:10:00+00:00,22411529-1,Temperature,CURRENT,°C,14.476108398437496
2026-08-05T10:10:00+00:00,22411529-2,RH,CURRENT,%,99.48119325551232
2026-08-05T10:10:00+00:00,22411529-3,Dew Point,CURRENT,°C,14.41373040629834
2026-08-05T10:10:00+00:00,22411530-1,Temperature,CURRENT,°C,16.72837890625
2026-08-05T10:10:00+00:00,22411530-2,RH,CURRENT,%,86.05172808422981
2026-08-05T10:10:00+00:00,22411530-3,Dew Point,CURRENT,°C,14.402748046988377
2026-08-05T10:11:00+00:00,22411541-S,Battery,CURRENT,V,8.193087890625
2026-08-05T10:15:00+00:00,22411189-1,Temperature,CURRENT,°C,15.398466796874999
2026-08-05T10:15:00+00:00,22411189-2,RH,CURRENT,%,94.2046234836347
2026-08-05T10:15:00+00:00,22411189-3,Dew Point,CURRENT,°C,14.489782629410861
2026-08-05T10:15:00+00:00,22411190-1,Temperature,CURRENT,°C,15.913271484374995
2026-08-05T10:15:00+00:00,22411190-2,RH,CURRENT,%,88.95857175555047
2026-08-05T10:15:00+00:00,22411190-3,Dew Point,CURRENT,°C,14.113437982338569
2026-08-05T10:15:00+00:00,22411191-1,Temperature,CURRENT,°C,16.749829101562497
2026-08-05T10:15:00+00:00,22411191-2,RH,CURRENT,%,87.5898374914168
2026-08-05T10:15:00+00:00,22411191-3,Dew Point,CURRENT,°C,14.698470542661525
2026-08-05T10:15:00+00:00,22411525-1,Temperature,CURRENT,°C,16.9643310546875
2026-08-05T10:15:00+00:00,22411525-2,RH,CURRENT,%,84.6540016784924
2026-08-05T10:15:00+00:00,22411525-3,Dew Point,CURRENT,°C,14.380983407691593
2026-08-05T10:15:00+00:00,22411526-1,Temperature,CURRENT,°C,14.9480126953125
2026-08-05T10:15:00+00:00,22411526-2,RH,CURRENT,%,94.16800183108263
2026-08-05T10:15:00+00:00,22411526-3,Dew Point,CURRENT,°C,14.03590751720705
2026-08-05T10:15:00+00:00,22411527-1,Temperature,CURRENT,°C,17.1359326171875
2026-08-05T10:15:00+00:00,22411527-2,RH,CURRENT,%,84.14587624933242
2026-08-05T10:15:00+00:00,22411527-3,Dew Point,CURRENT,°C,14.456075086232785
2026-08-05T10:15:00+00:00,22411528-1,Temperature,CURRENT,°C,14.819311523437499
2026-08-05T10:15:00+00:00,22411528-2,RH,CURRENT,%,96.0341802090486
2026-08-05T10:15:00+00:00,22411528-3,Dew Point,CURRENT,°C,14.21093985265792
2026-08-05T10:15:00+00:00,22411529-1,Temperature,CURRENT,°C,14.476108398437496
2026-08-05T10:15:00+00:00,22411529-2,RH,CURRENT,%,99.42320897230488
2026-08-05T10:15:00+00:00,22411529-3,Dew Point,CURRENT,°C,14.404703269283482
2026-08-05T10:15:00+00:00,22411530-1,Temperature,CURRENT,°C,16.38517578125
2026-08-05T10:15:00+00:00,22411530-2,RH,CURRENT,%,87.5898374914168
2026-08-05T10:15:00+00:00,22411530-3,Dew Point,CURRENT,°C,14.339158074840125
2026-08-05T10:16:00+00:00,22411541-S,Battery,CURRENT,V,8.193087890625
2026-08-05T10:20:00+00:00,22411189-1,Temperature,CURRENT,°C,15.055263671874997
2026-08-05T10:20:00+00:00,22411189-2,RH,CURRENT,%,94.94926375219349
2026-08-05T10:20:00+00:00,22411189-3,Dew Point,CURRENT,°C,14.270257583642907
2026-08-05T10:20:00+00:00,22411190-1,Temperature,CURRENT,°C,15.334116210937495
2026-08-05T10:20:00+00:00,22411190-2,RH,CURRENT,%,90.22049286640727
2026-08-05T10:20:00+00:00,22411190-3,Dew Point,CURRENT,°C,13.758424184709154
2026-08-05T10:20:00+00:00,22411191-1,Temperature,CURRENT,°C,15.591518554687497
2026-08-05T10:20:00+00:00,22411191-2,RH,CURRENT,%,90.81101701380942
2026-08-05T10:20:00+00:00,22411191-3,Dew Point,CURRENT,°C,14.113729636740752
2026-08-05T10:20:00+00:00,22411525-1,Temperature,CURRENT,°C,15.61296875
2026-08-05T10:20:00+00:00,22411525-2,RH,CURRENT,%,88.43976501106279
2026-08-05T10:20:00+00:00,22411525-3,Dew Point,CURRENT,°C,13.726851586066246
2026-08-05T10:20:00+00:00,22411526-1,Temperature,CURRENT,°C,14.754960937500002
2026-08-05T10:20:00+00:00,22411526-2,RH,CURRENT,%,94.83176928358893
2026-08-05T10:20:00+00:00,22411526-3,Dew Point,CURRENT,°C,13.95228174573728
2026-08-05T10:20:00+00:00,22411527-1,Temperature,CURRENT,°C,15.655869140625
2026-08-05T10:20:00+00:00,22411527-2,RH,CURRENT,%,88.50385290302891
2026-08-05T10:20:00+00:00,22411527-3,Dew Point,CURRENT,°C,13.780335506748525
2026-08-05T10:20:00+00:00,22411528-1,Temperature,CURRENT,°C,14.712060546875001
2026-08-05T10:20:00+00:00,22411528-2,RH,CURRENT,%,96.71320668345159
2026-08-05T10:20:00+00:00,22411528-3,Dew Point,CURRENT,°C,14.21292329389246
2026-08-05T10:20:00+00:00,22411529-1,Temperature,CURRENT,°C,14.390307617187496
2026-08-05T10:20:00+00:00,22411529-2,RH,CURRENT,%,98.974593728542
2026-08-05T10:20:00+00:00,22411529-3,Dew Point,CURRENT,°C,14.248876164269037
2026-08-05T10:20:00+00:00,22411530-1,Temperature,CURRENT,°C,15.484267578125
2026-08-05T10:20:00+00:00,22411530-2,RH,CURRENT,%,89.95040817883573
2026-08-05T10:20:00+00:00,22411530-3,Dew Point,CURRENT,°C,13.860698362204102
2026-08-05T10:21:00+00:00,22411541-S,Battery,CURRENT,V,8.193087890625
2026-08-05T10:25:00+00:00,22411189-1,Temperature,CURRENT,°C,15.141064453124997
2026-08-05T10:25:00+00:00,22411189-2,RH,CURRENT,%,94.72648203250172
2026-08-05T10:25:00+00:00,22411189-3,Dew Point,CURRENT,°C,14.319299305058141
2026-08-05T10:25:00+00:00,22411190-1,Temperature,CURRENT,°C,15.312666015624998
2026-08-05T10:25:00+00:00,22411190-2,RH,CURRENT,%,90.84763866636149
2026-08-05T10:25:00+00:00,22411190-3,Dew Point,CURRENT,°C,13.843937747415826
2026-08-05T10:25:00+00:00,22411191-1,Temperature,CURRENT,°C,15.505717773437496
2026-08-05T10:25:00+00:00,22411191-2,RH,CURRENT,%,91.63500419623102
2026-08-05T10:25:00+00:00,22411191-3,Dew Point,CURRENT,°C,14.168313956557906
2026-08-05T10:25:00+00:00,22411525-1,Temperature,CURRENT,°C,15.548618164062496
2026-08-05T10:25:00+00:00,22411525-2,RH,CURRENT,%,89.1630426489662
2026-08-05T10:25:00+00:00,22411525-3,Dew Point,CURRENT,°C,13.78878966454575
2026-08-05T10:25:00+00:00,22411526-1,Temperature,CURRENT,°C,14.9051123046875
2026-08-05T10:25:00+00:00,22411526-2,RH,CURRENT,%,94.53879606317236
2026-08-05T10:25:00+00:00,22411526-3,Dew Point,CURRENT,°C,14.053914429313341
2026-08-05T10:25:00+00:00,22411527-1,Temperature,CURRENT,°C,15.655869140625
2026-08-05T10:25:00+00:00,22411527-2,RH,CURRENT,%,88.95857175555047
2026-08-05T10:25:00+00:00,22411527-3,Dew Point,CURRENT,°C,13.859310319369309
2026-08-05T10:25:00+00:00,22411528-1,Temperature,CURRENT,°C,14.9051123046875
2026-08-05T10:25:00+00:00,22411528-2,RH,CURRENT,%,96.18219272144655
2026-08-05T10:25:00+00:00,22411528-3,Dew Point,CURRENT,°C,14.32027691131571
2026-08-05T10:25:00+00:00,22411529-1,Temperature,CURRENT,°C,14.433208007812496
2026-08-05T10:25:00+00:00,22411529-2,RH,CURRENT,%,99.1607537956817
2026-08-05T10:25:00+00:00,22411529-3,Dew Point,CURRENT,°C,14.320861319103752
2026-08-05T10:25:00+00:00,22411530-1,Temperature,CURRENT,°C,15.419916992187495
2026-08-05T10:25:00+00:00,22411530-2,RH,CURRENT,%,90.46311131456474
2026-08-05T10:25:00+00:00,22411530-3,Dew Point,CURRENT,°C,13.884682469668748
2026-08-05T10:26:00+00:00,22411541-S,Battery,CURRENT,V,8.189857177734375
2026-08-05T10:30:00+00:00,22411189-1,Temperature,CURRENT,°C,15.183964843749997
2026-08-05T10:30:00+00:00,22411189-2,RH,CURRENT,%,94.96452277409018
2026-08-05T10:30:00+00:00,22411189-3,Dew Point,CURRENT,°C,14.40083298416128
2026-08-05T10:30:00+00:00,22411190-1,Temperature,CURRENT,°C,15.334116210937495
2026-08-05T10:30:00+00:00,22411190-2,RH,CURRENT,%,91.25963225757229
2026-08-05T10:30:00+00:00,22411190-3,Dew Point,CURRENT,°C,13.934943934158628
2026-08-05T10:30:00+00:00,22411191-1,Temperature,CURRENT,°C,15.677319335937497
2026-08-05T10:30:00+00:00,22411191-2,RH,CURRENT,%,92.02563515678645
2026-08-05T10:30:00+00:00,22411191-3,Dew Point,CURRENT,°C,14.40419353513146
2026-08-05T10:30:00+00:00,22411525-1,Temperature,CURRENT,°C,15.784570312500001
2026-08-05T10:30:00+00:00,22411525-2,RH,CURRENT,%,89.36446173800259
2026-08-05T10:30:00+00:00,22411525-3,Dew Point,CURRENT,°C,14.056641221493267
2026-08-05T10:30:00+00:00,22411526-1,Temperature,CURRENT,°C,14.9051123046875
2026-08-05T10:30:00+00:00,22411526-2,RH,CURRENT,%,94.44266422522317
2026-08-05T10:30:00+00:00,22411526-3,Dew Point,CURRENT,°C,14.03820790363639
2026-08-05T10:30:00+00:00,22411527-1,Temperature,CURRENT,°C,15.999072265624996
2026-08-05T10:30:00+00:00,22411527-2,RH,CURRENT,%,88.94026092927443
2026-08-05T10:30:00+00:00,22411527-3,Dew Point,CURRENT,°C,14.194964475954391
2026-08-05T10:30:00+00:00,22411528-1,Temperature,CURRENT,°C,14.9051123046875
2026-08-05T10:30:00+00:00,22411528-2,RH,CURRENT,%,96.14557106889448
2026-08-05T10:30:00+00:00,22411528-3,Dew Point,CURRENT,°C,14.314384901600041
2026-08-05T10:30:00+00:00,22411529-1,Temperature,CURRENT,°C,14.540458984375
2026-08-05T10:30:00+00:00,22411529-2,RH,CURRENT,%,99.15770199130236
2026-08-05T10:30:00+00:00,22411529-3,Dew Point,CURRENT,°C,14.427695791563702
2026-08-05T10:30:00+00:00,22411530-1,Temperature,CURRENT,°C,15.505717773437496
2026-08-05T10:30:00+00:00,22411530-2,RH,CURRENT,%,90.95445181963836
2026-08-05T10:30:00+00:00,22411530-3,Dew Point,CURRENT,°C,14.053169500891247
2026-08-05T10:31:00+00:00,22411541-S,Battery,CURRENT,V,8.189857177734375
2026-08-05T10:35:00+00:00,22411189-1,Temperature,CURRENT,°C,15.677319335937497
2026-08-05T10:35:00+00:00,22411189-2,RH,CURRENT,%,93.17769130998703
2026-08-05T10:35:00+00:00,22411189-3,Dew Point,CURRENT,°C,14.596959000151452
2026-08-05T10:35:00+00:00,22411190-1,Temperature,CURRENT,°C,15.913271484374995
2026-08-05T10:35:00+00:00,22411190-2,RH,CURRENT,%,89.2835889219501
2026-08-05T10:35:00+00:00,22411190-3,Dew Point,CURRENT,°C,14.169783320770419
2026-08-05T10:35:00+00:00,22411191-1,Temperature,CURRENT,°C,16.256474609374997
2026-08-05T10:35:00+00:00,22411191-2,RH,CURRENT,%,89.17677576867322
2026-08-05T10:35:00+00:00,22411191-3,Dew Point,CURRENT,°C,14.490218947328373
2026-08-05T10:35:00+00:00,22411525-1,Temperature,CURRENT,°C,16.342275390624998
2026-08-05T10:35:00+00:00,22411525-2,RH,CURRENT,%,86.61326009002823
2026-08-05T10:35:00+00:00,22411525-3,Dew Point,CURRENT,°C,14.12356351436839
2026-08-05T10:35:00+00:00,22411526-1,Temperature,CURRENT,°C,15.226865234374998
2026-08-05T10:35:00+00:00,22411526-2,RH,CURRENT,%,94.0444037537194
2026-08-05T10:35:00+00:00,22411526-3,Dew Point,CURRENT,°C,14.292831475113912
2026-08-05T10:35:00+00:00,22411527-1,Temperature,CURRENT,°C,16.492426757812495
2026-08-05T10:35:00+00:00,22411527-2,RH,CURRENT,%,86.3080796520943
2026-08-05T10:35:00+00:00,22411527-3,Dew Point,CURRENT,°C,14.216734909940088
2026-08-05T10:35:00+00:00,22411528-1,Temperature,CURRENT,°C,15.1625146484375
2026-08-05T10:35:00+00:00,22411528-2,RH,CURRENT,%,95.80682078278782
2026-08-05T10:35:00+00:00,22411528-3,Dew Point,CURRENT,°C,14.516248949604282
2026-08-05T10:35:00+00:00,22411529-1,Temperature,CURRENT,°C,14.647709960937497
2026-08-05T10:35:00+00:00,22411529-2,RH,CURRENT,%,99.15617608911269
2026-08-05T10:35:00+00:00,22411529-3,Dew Point,CURRENT,°C,14.53476789083836
2026-08-05T10:35:00+00:00,22411530-1,Temperature,CURRENT,°C,16.127773437499997
2026-08-05T10:35:00+00:00,22411530-2,RH,CURRENT,%,88.3939879453727
2026-08-05T10:35:00+00:00,22411530-3,Dew Point,CURRENT,°C,14.226735137103235
2026-08-05T10:36:00+00:00,22411541-S,Battery,CURRENT,V,8.189857177734375
2026-08-05T10:40:00+00:00,22411189-1,Temperature,CURRENT,°C,16.127773437499997
2026-08-05T10:40:00+00:00,22411189-2,RH,CURRENT,%,91.92339971007858
2026-08-05T10:40:00+00:00,22411189-3,Dew Point,CURRENT,°C,14.833499585172987
2026-08-05T10:40:00+00:00,22411190-1,Temperature,CURRENT,°C,16.2779248046875
2026-08-05T10:40:00+00:00,22411190-2,RH,CURRENT,%,88.37262531471733
2026-08-05T10:40:00+00:00,22411190-3,Dew Point,CURRENT,°C,14.371115650678654
2026-08-05T10:40:00+00:00,22411191-1,Temperature,CURRENT,°C,16.3208251953125
2026-08-05T10:40:00+00:00,22411191-2,RH,CURRENT,%,89.87716487373159
2026-08-05T10:40:00+00:00,22411191-3,Dew Point,CURRENT,°C,14.675092668117442
2026-08-05T10:40:00+00:00,22411525-1,Temperature,CURRENT,°C,16.3208251953125
2026-08-05T10:40:00+00:00,22411525-2,RH,CURRENT,%,87.47844663157092
2026-08-05T10:40:00+00:00,22411525-3,Dew Point,CURRENT,°C,14.256068782611699
2026-08-05T10:40:00+00:00,22411526-1,Temperature,CURRENT,°C,15.4413671875
2026-08-05T10:40:00+00:00,22411526-2,RH,CURRENT,%,93.6461432822156
2026-08-05T10:40:00+00:00,22411526-3,Dew Point,CURRENT,°C,14.440318541192244
2026-08-05T10:40:00+00:00,22411527-1,Temperature,CURRENT,°C,16.4709765625
2026-08-05T10:40:00+00:00,22411527-2,RH,CURRENT,%,87.22362096589609
2026-08-05T10:40:00+00:00,22411527-3,Dew Point,CURRENT,°C,14.358841594578468
2026-08-05T10:40:00+00:00,22411528-1,Temperature,CURRENT,°C,15.419916992187495
2026-08-05T10:40:00+00:00,22411528-2,RH,CURRENT,%,95.62829022659648
2026-08-05T10:40:00+00:00,22411528-3,Dew Point,CURRENT,°C,14.743747656199
2026-08-05T10:40:00+00:00,22411529-1,Temperature,CURRENT,°C,14.9909130859375
2026-08-05T10:40:00+00:00,22411529-2,RH,CURRENT,%,99.32707713435569
2026-08-05T10:40:00+00:00,22411529-3,Dew Point,CURRENT,°C,14.90492568064632
2026-08-05T10:40:00+00:00,22411530-1,Temperature,CURRENT,°C,16.2779248046875
2026-08-05T10:40:00+00:00,22411530-2,RH,CURRENT,%,88.55878538185702
2026-08-05T10:40:00+00:00,22411530-3,Dew Point,CURRENT,°C,14.403691122350173
2026-08-05T10:41:00+00:00,22411541-S,Battery,CURRENT,V,8.189857177734375
2026-08-05T10:45:00+00:00,22411189-1,Temperature,CURRENT,°C,16.792729492187497
2026-08-05T10:45:00+00:00,22411189-2,RH,CURRENT,%,90.38223849851225
2026-08-05T10:45:00+00:00,22411189-3,Dew Point,CURRENT,°C,15.228861449608925
2026-08-05T10:45:00+00:00,22411190-1,Temperature,CURRENT,°C,16.9214306640625
2026-08-05T10:45:00+00:00,22411190-2,RH,CURRENT,%,87.34264133669032
2026-08-05T10:45:00+00:00,22411190-3,Dew Point,CURRENT,°C,14.823646397929258
2026-08-05T10:45:00+00:00,22411191-1,Temperature,CURRENT,°C,16.685478515625
2026-08-05T10:45:00+00:00,22411191-2,RH,CURRENT,%,89.37514305333028
2026-08-05T10:45:00+00:00,22411191-3,Dew Point,CURRENT,°C,14.94842110533025
2026-08-05T10:45:00+00:00,22411525-1,Temperature,CURRENT,°C,16.621127929687496
2026-08-05T10:45:00+00:00,22411525-2,RH,CURRENT,%,87.1625848783093
2026-08-05T10:45:00+00:00,22411525-3,Dew Point,CURRENT,°C,14.495871698564875
2026-08-05T10:45:00+00:00,22411526-1,Temperature,CURRENT,°C,16.0634228515625
2026-08-05T10:45:00+00:00,22411526-2,RH,CURRENT,%,93.14564736400396
2026-08-05T10:45:00+00:00,22411526-3,Dew Point,CURRENT,°C,14.97497496262548
2026-08-05T10:45:00+00:00,22411527-1,Temperature,CURRENT,°C,16.706928710937497
2026-08-05T10:45:00+00:00,22411527-2,RH,CURRENT,%,87.0725566491188
2026-08-05T10:45:00+00:00,22411527-3,Dew Point,CURRENT,°C,14.564343508838215
2026-08-05T10:45:00+00:00,22411528-1,Temperature,CURRENT,°C,15.956171874999995
2026-08-05T10:45:00+00:00,22411528-2,RH,CURRENT,%,94.87602044708935
2026-08-05T10:45:00+00:00,22411528-3,Dew Point,CURRENT,°C,15.154842227978552
2026-08-05T10:45:00+00:00,22411529-1,Temperature,CURRENT,°C,15.655869140625
2026-08-05T10:45:00+00:00,22411529-2,RH,CURRENT,%,99.65056839856565
2026-08-05T10:45:00+00:00,22411529-3,Dew Point,CURRENT,°C,15.621207526256427
2026-08-05T10:45:00+00:00,22411530-1,Temperature,CURRENT,°C,16.72837890625
2026-08-05T10:45:00+00:00,22411530-2,RH,CURRENT,%,87.75463492790112
2026-08-05T10:45:00+00:00,22411530-3,Dew Point,CURRENT,°C,14.706503382046023
2026-08-05T10:46:00+00:00,22411541-S,Battery,CURRENT,V,8.19954931640625
2026-08-05T10:50:00+00:00,22411189-1,Temperature,CURRENT,°C,17.479135742187502
2026-08-05T10:50:00+00:00,22411189-2,RH,CURRENT,%,88.3085374227512
2026-08-05T10:50:00+00:00,22411189-3,Dew Point,CURRENT,°C,15.544671817143675
2026-08-05T10:50:00+00:00,22411190-1,Temperature,CURRENT,°C,17.564936523437503
2026-08-05T10:50:00+00:00,22411190-2,RH,CURRENT,%,85.63820859082932
2026-08-05T10:50:00+00:00,22411190-3,Dew Point,CURRENT,°C,15.150183018525565
2026-08-05T10:50:00+00:00,22411191-1,Temperature,CURRENT,°C,17.200283203125004
2026-08-05T10:50:00+00:00,22411191-2,RH,CURRENT,%,88.18036163881895
2026-08-05T10:50:00+00:00,22411191-3,Dew Point,CURRENT,°C,15.246999357309356
2026-08-05T10:50:00+00:00,22411525-1,Temperature,CURRENT,°C,17.114482421874996
2026-08-05T10:50:00+00:00,22411525-2,RH,CURRENT,%,86.12802319371329
2026-08-05T10:50:00+00:00,22411525-3,Dew Point,CURRENT,°C,14.796122637533447
2026-08-05T10:50:00+00:00,22411526-1,Temperature,CURRENT,°C,17.0072314453125
2026-08-05T10:50:00+00:00,22411526-2,RH,CURRENT,%,89.81307698176546
2026-08-05T10:50:00+00:00,22411526-3,Dew Point,CURRENT,°C,15.342463093336896
2026-08-05T10:50:00+00:00,22411527-1,Temperature,CURRENT,°C,17.200283203125004
2026-08-05T10:50:00+00:00,22411527-2,RH,CURRENT,%,86.12039368276494
2026-08-05T10:50:00+00:00,22411527-3,Dew Point,CURRENT,°C,14.879111834587787
2026-08-05T10:50:00+00:00,22411528-1,Temperature,CURRENT,°C,16.3637255859375
2026-08-05T10:50:00+00:00,22411528-2,RH,CURRENT,%,94.07644769970246
2026-08-05T10:50:00+00:00,22411528-3,Dew Point,CURRENT,°C,15.428236558293607
2026-08-05T10:50:00+00:00,22411529-1,Temperature,CURRENT,°C,16.1492236328125
2026-08-05T10:50:00+00:00,22411529-2,RH,CURRENT,%,97.96292057679102
2026-08-05T10:50:00+00:00,22411529-3,Dew Point,CURRENT,°C,15.84736744131246
2026-08-05T10:50:00+00:00,22411530-1,Temperature,CURRENT,°C,17.264633789062493
2026-08-05T10:50:00+00:00,22411530-2,RH,CURRENT,%,86.494239719234
2026-08-05T10:50:00+00:00,22411530-3,Dew Point,CURRENT,°C,15.009752784924816
2026-08-05T10:51:00+00:00,22411541-S,Battery,CURRENT,V,8.189857177734375
2026-08-05T10:55:00+00:00,22411189-1,Temperature,CURRENT,°C,18.251342773437493
2026-08-05T10:55:00+00:00,22411189-2,RH,CURRENT,%,85.7801174944686
2026-08-05T10:55:00+00:00,22411189-3,Dew Point,CURRENT,°C,15.850525287517685
2026-08-05T10:55:00+00:00,22411190-1,Temperature,CURRENT,°C,18.358593750000004
2026-08-05T10:55:00+00:00,22411190-2,RH,CURRENT,%,82.83665217059587
2026-08-05T10:55:00+00:00,22411190-3,Dew Point,CURRENT,°C,15.40983272131282
2026-08-05T10:55:00+00:00,22411191-1,Temperature,CURRENT,°C,17.865239257812497
2026-08-05T10:55:00+00:00,22411191-2,RH,CURRENT,%,85.40016784924086
2026-08-05T10:55:00+00:00,22411191-3,Dew Point,CURRENT,°C,15.401800228441616
2026-08-05T10:55:00+00:00,22411525-1,Temperature,CURRENT,°C,17.779438476562497
2026-08-05T10:55:00+00:00,22411525-2,RH,CURRENT,%,83.52941176470588
2026-08-05T10:55:00+00:00,22411525-3,Dew Point,CURRENT,°C,14.972585789751694
2026-08-05T10:55:00+00:00,22411526-1,Temperature,CURRENT,°C,18.058291015624995
2026-08-05T10:55:00+00:00,22411526-2,RH,CURRENT,%,86.66971847104601
2026-08-05T10:55:00+00:00,22411526-3,Dew Point,CURRENT,°C,15.822245900535487
2026-08-05T10:55:00+00:00,22411527-1,Temperature,CURRENT,°C,17.822338867187504
2026-08-05T10:55:00+00:00,22411527-2,RH,CURRENT,%,83.55077439536126
2026-08-05T10:55:00+00:00,22411527-3,Dew Point,CURRENT,°C,15.018586190746358
2026-08-05T10:55:00+00:00,22411528-1,Temperature,CURRENT,°C,16.9643310546875
2026-08-05T10:55:00+00:00,22411528-2,RH,CURRENT,%,93.11970702677958
2026-08-05T10:55:00+00:00,22411528-3,Dew Point,CURRENT,°C,15.865074035412318
2026-08-05T10:55:00+00:00,22411529-1,Temperature,CURRENT,°C,16.4709765625
2026-08-05T10:55:00+00:00,22411529-2,RH,CURRENT,%,98.00411993591212
2026-08-05T10:55:00+00:00,22411529-3,Dew Point,CURRENT,°C,16.17541600094028
2026-08-05T10:55:00+00:00,22411530-1,Temperature,CURRENT,°C,17.951040039062498
2026-08-05T10:55:00+00:00,22411530-2,RH,CURRENT,%,83.77660791943237
2026-08-05T10:55:00+00:00,22411530-3,Dew Point,CURRENT,°C,15.186699735969658
2026-08-05T10:56:00+00:00,22411541-S,Battery,CURRENT,V,8.193087890625
2026-08-05T11:00:00+00:00,22411189-1,Temperature,CURRENT,°C,18.272792968750004
2026-08-05T11:00:00+00:00,22411189-2,RH,CURRENT,%,85.20943007553215
2026-08-05T11:00:00+00:00,22411189-3,Dew Point,CURRENT,°C,15.767094195841924
2026-08-05T11:00:00+00:00,22411190-1,Temperature,CURRENT,°C,18.444394531250005
2026-08-05T11:00:00+00:00,22411190-2,RH,CURRENT,%,82.00045777065691
2026-08-05T11:00:00+00:00,22411190-3,Dew Point,CURRENT,°C,15.335443751914381
2026-08-05T11:00:00+00:00,22411191-1,Temperature,CURRENT,°C,17.92958984375
2026-08-05T11:00:00+00:00,22411191-2,RH,CURRENT,%,84.88441290913252
2026-08-05T11:00:00+00:00,22411191-3,Dew Point,CURRENT,°C,15.370463834054922
2026-08-05T11:00:00+00:00,22411525-1,Temperature,CURRENT,°C,17.822338867187504
2026-08-05T11:00:00+00:00,22411525-2,RH,CURRENT,%,83.14335851071947
2026-08-05T11:00:00+00:00,22411525-3,Dew Point,CURRENT,°C,14.942559010940098
2026-08-05T11:00:00+00:00,22411526-1,Temperature,CURRENT,°C,18.229892578124996
2026-08-05T11:00:00+00:00,22411526-2,RH,CURRENT,%,84.72877088578622
2026-08-05T11:00:00+00:00,22411526-3,Dew Point,CURRENT,°C,15.63649935969716
2026-08-05T11:00:00+00:00,22411527-1,Temperature,CURRENT,°C,17.865239257812497
2026-08-05T11:00:00+00:00,22411527-2,RH,CURRENT,%,83.25017166399634
2026-08-05T11:00:00+00:00,22411527-3,Dew Point,CURRENT,°C,15.004527335716416
2026-08-05T11:00:00+00:00,22411528-1,Temperature,CURRENT,°C,17.350434570312494
2026-08-05T11:00:00+00:00,22411528-2,RH,CURRENT,%,90.6157015335317
2026-08-05T11:00:00+00:00,22411528-3,Dew Point,CURRENT,°C,15.820893772427906
2026-08-05T11:00:00+00:00,22411529-1,Temperature,CURRENT,°C,16.621127929687496
2026-08-05T11:00:00+00:00,22411529-2,RH,CURRENT,%,96.59876401922637
2026-08-05T11:00:00+00:00,22411529-3,Dew Point,CURRENT,°C,16.098593066282895
2026-08-05T11:00:00+00:00,22411530-1,Temperature,CURRENT,°C,17.951040039062498
2026-08-05T11:00:00+00:00,22411530-2,RH,CURRENT,%,83.55535210193027
2026-08-05T11:00:00+00:00,22411530-3,Dew Point,CURRENT,°C,15.14550858156046
2026-08-05T11:01:00+00:00,22411541-S,Battery,CURRENT,V,8.193087890625
2026-08-05T11:05:00+00:00,22411189-1,Temperature,CURRENT,°C,18.594545898437495
2026-08-05T11:05:00+00:00,22411189-2,RH,CURRENT,%,83.930724040589
2026-08-05T11:05:00+00:00,22411189-3,Dew Point,CURRENT,°C,15.846012594654482
2026-08-05T11:05:00+00:00,22411190-1,Temperature,CURRENT,°C,18.723247070312503
2026-08-05T11:05:00+00:00,22411190-2,RH,CURRENT,%,80.80109864957656
2026-08-05T11:05:00+00:00,22411190-3,Dew Point,CURRENT,°C,15.377850808266375
2026-08-05T11:05:00+00:00,22411191-1,Temperature,CURRENT,°C,18.186992187500003
2026-08-05T11:05:00+00:00,22411191-2,RH,CURRENT,%,83.86358434424353
2026-08-05T11:05:00+00:00,22411191-3,Dew Point,CURRENT,°C,15.434095587825606
2026-08-05T11:05:00+00:00,22411525-1,Temperature,CURRENT,°C,18.058291015624995
2026-08-05T11:05:00+00:00,22411525-2,RH,CURRENT,%,82.0965896086061
2026-08-05T11:05:00+00:00,22411525-3,Dew Point,CURRENT,°C,14.976341370400007
2026-08-05T11:05:00+00:00,22411526-1,Temperature,CURRENT,°C,18.61599609374999
2026-08-05T11:05:00+00:00,22411526-2,RH,CURRENT,%,83.28526741435874
2026-08-05T11:05:00+00:00,22411526-3,Dew Point,CURRENT,°C,15.74617624032887
2026-08-05T11:05:00+00:00,22411527-1,Temperature,CURRENT,°C,18.07974121093749
2026-08-05T11:05:00+00:00,22411527-2,RH,CURRENT,%,82.40634775310903
2026-08-05T11:05:00+00:00,22411527-3,Dew Point,CURRENT,°C,15.055901849163426
2026-08-05T11:05:00+00:00,22411528-1,Temperature,CURRENT,°C,17.865239257812497
2026-08-05T11:05:00+00:00,22411528-2,RH,CURRENT,%,88.31311512932021
2026-08-05T11:05:00+00:00,22411528-3,Dew Point,CURRENT,°C,15.92628935349963
2026-08-05T11:05:00+00:00,22411529-1,Temperature,CURRENT,°C,16.878530273437498
2026-08-05T11:05:00+00:00,22411529-2,RH,CURRENT,%,95.97009231708248
2026-08-05T11:05:00+00:00,22411529-3,Dew Point,CURRENT,°C,16.252684719233557
2026-08-05T11:05:00+00:00,22411530-1,Temperature,CURRENT,°C,18.229892578124996
2026-08-05T11:05:00+00:00,22411530-2,RH,CURRENT,%,82.4582284275578
2026-08-05T11:05:00+00:00,22411530-3,Dew Point,CURRENT,°C,15.212535706526827
2026-08-05T11:06:00+00:00,22411541-S,Battery,CURRENT,V,8.202780029296875
2026-08-05T11:10:00+00:00,22411189-1,Temperature,CURRENT,°C,19.1093505859375
2026-08-05T11:10:00+00:00,22411189-2,RH,CURRENT,%,84.17486839093614
2026-08-05T11:10:00+00:00,22411189-3,Dew Point,CURRENT,°C,16.39620584772352
2026-08-05T11:10:00+00:00,22411190-1,Temperature,CURRENT,°C,19.216601562499996
2026-08-05T11:10:00+00:00,22411190-2,RH,CURRENT,%,80.859082932784
2026-08-05T11:10:00+00:00,22411190-3,Dew Point,CURRENT,°C,15.870312058792281
2026-08-05T11:10:00+00:00,22411191-1,Temperature,CURRENT,°C,18.594545898437495
2026-08-05T11:10:00+00:00,22411191-2,RH,CURRENT,%,83.44090943770505
2026-08-05T11:10:00+00:00,22411191-3,Dew Point,CURRENT,°C,15.754387509712343
2026-08-05T11:10:00+00:00,22411525-1,Temperature,CURRENT,°C,18.487294921874998
2026-08-05T11:10:00+00:00,22411525-2,RH,CURRENT,%,81.58693827725642
2026-08-05T11:10:00+00:00,22411525-3,Dew Point,CURRENT,°C,15.298513465836539
2026-08-05T11:10:00+00:00,22411526-1,Temperature,CURRENT,°C,19.238051757812492
2026-08-05T11:10:00+00:00,22411526-2,RH,CURRENT,%,83.32646677347982
2026-08-05T11:10:00+00:00,22411526-3,Dew Point,CURRENT,°C,16.362991539019347
2026-08-05T11:10:00+00:00,22411527-1,Temperature,CURRENT,°C,18.487294921874998
2026-08-05T11:10:00+00:00,22411527-2,RH,CURRENT,%,81.70138094148164
2026-08-05T11:10:00+00:00,22411527-3,Dew Point,CURRENT,°C,15.320371598048366
2026-08-05T11:10:00+00:00,22411528-1,Temperature,CURRENT,°C,18.487294921874998
2026-08-05T11:10:00+00:00,22411528-2,RH,CURRENT,%,88.52216372930495
2026-08-05T11:10:00+00:00,22411528-3,Dew Point,CURRENT,°C,16.57702778822731
2026-08-05T11:10:00+00:00,22411529-1,Temperature,CURRENT,°C,17.479135742187502
2026-08-05T11:10:00+00:00,22411529-2,RH,CURRENT,%,97.40291447318226
2026-08-05T11:10:00+00:00,22411529-3,Dew Point,CURRENT,°C,17.08531897780917
2026-08-05T11:10:00+00:00,22411530-1,Temperature,CURRENT,°C,18.658896484375
2026-08-05T11:10:00+00:00,22411530-2,RH,CURRENT,%,82.04928664072634
2026-08-05T11:10:00+00:00,22411530-3,Dew Point,CURRENT,°C,15.554362260087693
2026-08-05T11:11:00+00:00,22411541-S,Battery,CURRENT,V,8.193087890625
2026-08-05T11:15:00+00:00,22411189-1,Temperature,CURRENT,°C,19.474003906249997
2026-08-05T11:15:00+00:00,22411189-2,RH,CURRENT,%,81.15358205539025
2026-08-05T11:15:00+00:00,22411189-3,Dew Point,CURRENT,°C,16.178467392843558
2026-08-05T11:15:00+00:00,22411190-1,Temperature,CURRENT,°C,19.752856445312496
2026-08-05T11:15:00+00:00,22411190-2,RH,CURRENT,%,77.94308384832532
2026-08-05T11:15:00+00:00,22411190-3,Dew Point,CURRENT,°C,15.817051216741612
2026-08-05T11:15:00+00:00,22411191-1,Temperature,CURRENT,°C,19.002099609375
2026-08-05T11:15:00+00:00,22411191-2,RH,CURRENT,%,81.55031662470435
2026-08-05T11:15:00+00:00,22411191-3,Dew Point,CURRENT,°C,15.794245486973418
2026-08-05T11:15:00+00:00,22411525-1,Temperature,CURRENT,°C,18.851948242187497
2026-08-05T11:15:00+00:00,22411525-2,RH,CURRENT,%,80.17395284962234
2026-08-05T11:15:00+00:00,22411525-3,Dew Point,CURRENT,°C,15.381757955188922
2026-08-05T11:15:00+00:00,22411526-1,Temperature,CURRENT,°C,19.64560546875
2026-08-05T11:15:00+00:00,22411526-2,RH,CURRENT,%,79.55443656061647
2026-08-05T11:15:00+00:00,22411526-3,Dew Point,CURRENT,°C,16.033422079725078
2026-08-05T11:15:00+00:00,22411527-1,Temperature,CURRENT,°C,18.894848632812504
2026-08-05T11:15:00+00:00,22411527-2,RH,CURRENT,%,80.29602502479591
2026-08-05T11:15:00+00:00,22411527-3,Dew Point,CURRENT,°C,15.44731235942745
2026-08-05T11:15:00+00:00,22411528-1,Temperature,CURRENT,°C,18.809047851562504
2026-08-05T11:15:00+00:00,22411528-2,RH,CURRENT,%,84.50751506828412
2026-08-05T11:15:00+00:00,22411528-3,Dew Point,CURRENT,°C,16.163704749767568
2026-08-05T11:15:00+00:00,22411529-1,Temperature,CURRENT,°C,17.715087890624993
2026-08-05T11:15:00+00:00,22411529-2,RH,CURRENT,%,91.63195239185168
2026-08-05T11:15:00+00:00,22411529-3,Dew Point,CURRENT,°C,16.356925321239732
2026-08-05T11:15:00+00:00,22411530-1,Temperature,CURRENT,°C,18.980649414062505
2026-08-05T11:15:00+00:00,22411530-2,RH,CURRENT,%,80.63019760433356
2026-08-05T11:15:00+00:00,22411530-3,Dew Point,CURRENT,°C,15.595832093732035
2026-08-05T11:16:00+00:00,22411541-S,Battery,CURRENT,V,8.19954931640625
2026-08-05T11:20:00+00:00,22411189-1,Temperature,CURRENT,°C,20.4392626953125
2026-08-05T11:20:00+00:00,22411189-2,RH,CURRENT,%,81.40840772106507
2026-08-05T11:20:00+00:00,22411189-3,Dew Point,CURRENT,°C,17.1700084051612
2026-08-05T11:20:00+00:00,22411190-1,Temperature,CURRENT,°C,20.653764648437495
2026-08-05T11:20:00+00:00,22411190-2,RH,CURRENT,%,78.45273517967499
2026-08-05T11:20:00+00:00,22411190-3,Dew Point,CURRENT,°C,16.794575896552843
2026-08-05T11:20:00+00:00,22411191-1,Temperature,CURRENT,°C,19.667055664062495
2026-08-05T11:20:00+00:00,22411191-2,RH,CURRENT,%,81.56404974441138
2026-08-05T11:20:00+00:00,22411191-3,Dew Point,CURRENT,°C,16.446219599860648
2026-08-05T11:20:00+00:00,22411525-1,Temperature,CURRENT,°C,19.474003906249997
2026-08-05T11:20:00+00:00,22411525-2,RH,CURRENT,%,80.08239871824216
2026-08-05T11:20:00+00:00,22411525-3,Dew Point,CURRENT,°C,15.970013546919784
2026-08-05T11:20:00+00:00,22411526-1,Temperature,CURRENT,°C,20.589414062500005
2026-08-05T11:20:00+00:00,22411526-2,RH,CURRENT,%,80.43793392843519
2026-08-05T11:20:00+00:00,22411526-3,Dew Point,CURRENT,°C,17.12673323605894
2026-08-05T11:20:00+00:00,22411527-1,Temperature,CURRENT,°C,19.5383544921875
2026-08-05T11:20:00+00:00,22411527-2,RH,CURRENT,%,79.99084458686198
2026-08-05T11:20:00+00:00,22411527-3,Dew Point,CURRENT,°C,16.014770776389124
2026-08-05T11:20:00+00:00,22411528-1,Temperature,CURRENT,°C,19.173701171875003
2026-08-05T11:20:00+00:00,22411528-2,RH,CURRENT,%,86.26230258640422
2026-08-05T11:20:00+00:00,22411528-3,Dew Point,CURRENT,°C,16.845345579308965
2026-08-05T11:20:00+00:00,22411529-1,Temperature,CURRENT,°C,18.2084423828125
2026-08-05T11:20:00+00:00,22411529-2,RH,CURRENT,%,94.29465171282521
2026-08-05T11:20:00+00:00,22411529-3,Dew Point,CURRENT,°C,17.298650060857863
2026-08-05T11:20:00+00:00,22411530-1,Temperature,CURRENT,°C,19.68850585937499
2026-08-05T11:20:00+00:00,22411530-2,RH,CURRENT,%,80.69428549629968
2026-08-05T11:20:00+00:00,22411530-3,Dew Point,CURRENT,°C,16.298565862440956
2026-08-05T11:21:00+00:00,22411541-S,Battery,CURRENT,V,8.202780029296875
2026-08-05T11:25:00+00:00,22411189-1,Temperature,CURRENT,°C,20.3534619140625
2026-08-05T11:25:00+00:00,22411189-2,RH,CURRENT,%,78.60379949645228
2026-08-05T11:25:00+00:00,22411189-3,Dew Point,CURRENT,°C,16.53305646242692
2026-08-05T11:25:00+00:00,22411190-1,Temperature,CURRENT,°C,20.503613281250004
2026-08-05T11:25:00+00:00,22411190-2,RH,CURRENT,%,75.75036240177005
2026-08-05T11:25:00+00:00,22411190-3,Dew Point,CURRENT,°C,16.09746128514276
2026-08-05T11:25:00+00:00,22411191-1,Temperature,CURRENT,°C,19.516904296875005
2026-08-05T11:25:00+00:00,22411191-2,RH,CURRENT,%,80.01678492408637
2026-08-05T11:25:00+00:00,22411191-3,Dew Point,CURRENT,°C,15.998958762308717
2026-08-05T11:25:00+00:00,22411525-1,Temperature,CURRENT,°C,19.3667529296875
2026-08-05T11:25:00+00:00,22411525-2,RH,CURRENT,%,78.61753261615931
2026-08-05T11:25:00+00:00,22411525-3,Dew Point,CURRENT,°C,15.57670064297181
2026-08-05T11:25:00+00:00,22411526-1,Temperature,CURRENT,°C,20.718115234375
2026-08-05T11:25:00+00:00,22411526-2,RH,CURRENT,%,77.26253147173266
2026-08-05T11:25:00+00:00,22411526-3,Dew Point,CURRENT,°C,16.616022377542038
2026-08-05T11:25:00+00:00,22411527-1,Temperature,CURRENT,°C,19.345302734375004
2026-08-05T11:25:00+00:00,22411527-2,RH,CURRENT,%,78.73044937819486
2026-08-05T11:25:00+00:00,22411527-3,Dew Point,CURRENT,°C,15.578275777419764
2026-08-05T11:25:00+00:00,22411528-1,Temperature,CURRENT,°C,19.1951513671875
2026-08-05T11:25:00+00:00,22411528-2,RH,CURRENT,%,85.75265125505454
2026-08-05T11:25:00+00:00,22411528-3,Dew Point,CURRENT,°C,16.772928114050327
2026-08-05T11:25:00+00:00,22411529-1,Temperature,CURRENT,°C,18.830498046875
2026-08-05T11:25:00+00:00,22411529-2,RH,CURRENT,%,91.53429465171283
2026-08-05T11:25:00+00:00,22411529-3,Dew Point,CURRENT,°C,17.445125224501783
2026-08-05T11:25:00+00:00,22411530-1,Temperature,CURRENT,°C,19.667055664062495
2026-08-05T11:25:00+00:00,22411530-2,RH,CURRENT,%,78.5076676585031
2026-08-05T11:25:00+00:00,22411530-3,Dew Point,CURRENT,°C,15.846712759079274
2026-08-05T11:26:00+00:00,22411541-S,Battery,CURRENT,V,8.209241455078125
2026-08-05T11:30:00+00:00,22411189-1,Temperature,CURRENT,°C,21.104218749999994
2026-08-05T11:30:00+00:00,22411189-2,RH,CURRENT,%,77.34340428778515
2026-08-05T11:30:00+00:00,22411189-3,Dew Point,CURRENT,°C,17.007003009022693
2026-08-05T11:30:00+00:00,22411190-1,Temperature,CURRENT,°C,21.232919921875002
2026-08-05T11:30:00+00:00,22411190-2,RH,CURRENT,%,74.81040665293355
2026-08-05T11:30:00+00:00,22411190-3,Dew Point,CURRENT,°C,16.606165977274397
2026-08-05T11:30:00+00:00,22411191-1,Temperature,CURRENT,°C,20.053159179687505
2026-08-05T11:30:00+00:00,22411191-2,RH,CURRENT,%,79.5178149080644
2026-08-05T11:30:00+00:00,22411191-3,Dew Point,CURRENT,°C,16.422912536845914
2026-08-05T11:30:00+00:00,22411525-1,Temperature,CURRENT,°C,19.860107421874993
2026-08-05T11:30:00+00:00,22411525-2,RH,CURRENT,%,77.76150148775463
2026-08-05T11:30:00+00:00,22411525-3,Dew Point,CURRENT,°C,15.884650026864636
2026-08-05T11:30:00+00:00,22411526-1,Temperature,CURRENT,°C,21.554672851562493
2026-08-05T11:30:00+00:00,22411526-2,RH,CURRENT,%,76.12115663385977
2026-08-05T11:30:00+00:00,22411526-3,Dew Point,CURRENT,°C,17.19154080216051
2026-08-05T11:30:00+00:00,22411527-1,Temperature,CURRENT,°C,19.81720703125
2026-08-05T11:30:00+00:00,22411527-2,RH,CURRENT,%,78.00411993591212
2026-08-05T11:30:00+00:00,22411527-3,Dew Point,CURRENT,°C,15.891797737333585
2026-08-05T11:30:00+00:00,22411528-1,Temperature,CURRENT,°C,19.881557617187504
2026-08-05T11:30:00+00:00,22411528-2,RH,CURRENT,%,83.46990157930877
2026-08-05T11:30:00+00:00,22411528-3,Dew Point,CURRENT,°C,17.02021569779011
2026-08-05T11:30:00+00:00,22411529-1,Temperature,CURRENT,°C,19.409653320312493
2026-08-05T11:30:00+00:00,22411529-2,RH,CURRENT,%,91.26878767071031
2026-08-05T11:30:00+00:00,22411529-3,Dew Point,CURRENT,°C,17.97257151247922
2026-08-05T11:30:00+00:00,22411530-1,Temperature,CURRENT,°C,20.1818603515625
2026-08-05T11:30:00+00:00,22411530-2,RH,CURRENT,%,78.09872587167163
2026-08-05T11:30:00+00:00,22411530-3,Dew Point,CURRENT,°C,16.26494393377979
2026-08-05T11:31:00+00:00,22411541-S,Battery,CURRENT,V,8.209241455078125
2026-08-05T11:35:00+00:00,22411189-1,Temperature,CURRENT,°C,21.125668945312505
2026-08-05T11:35:00+00:00,22411189-2,RH,CURRENT,%,75.49858854047456
2026-08-05T11:35:00+00:00,22411189-3,Dew Point,CURRENT,°C,16.646794064510583
2026-08-05T11:35:00+00:00,22411190-1,Temperature,CURRENT,°C,21.318720703125003
2026-08-05T11:35:00+00:00,22411190-2,RH,CURRENT,%,72.8023193713283
2026-08-05T11:35:00+00:00,22411190-3,Dew Point,CURRENT,°C,16.260830123147723
2026-08-05T11:35:00+00:00,22411191-1,Temperature,CURRENT,°C,20.074609375
2026-08-05T11:35:00+00:00,22411191-2,RH,CURRENT,%,77.83474479285877
2026-08-05T11:35:00+00:00,22411191-3,Dew Point,CURRENT,°C,16.107639484632656
2026-08-05T11:35:00+00:00,22411525-1,Temperature,CURRENT,°C,19.881557617187504
2026-08-05T11:35:00+00:00,22411525-2,RH,CURRENT,%,76.58045319295033
2026-08-05T11:35:00+00:00,22411525-3,Dew Point,CURRENT,°C,15.665916733330565
2026-08-05T11:35:00+00:00,22411526-1,Temperature,CURRENT,°C,21.576123046875004
2026-08-05T11:35:00+00:00,22411526-2,RH,CURRENT,%,73.46608682383459
2026-08-05T11:35:00+00:00,22411526-3,Dew Point,CURRENT,°C,16.65156677697224
2026-08-05T11:35:00+00:00,22411527-1,Temperature,CURRENT,°C,19.924458007812497
2026-08-05T11:35:00+00:00,22411527-2,RH,CURRENT,%,76.55756466010529
2026-08-05T11:35:00+00:00,22411527-3,Dew Point,CURRENT,°C,15.702805791295013
2026-08-05T11:35:00+00:00,22411528-1,Temperature,CURRENT,°C,20.203310546874995
2026-08-05T11:35:00+00:00,22411528-2,RH,CURRENT,%,80.65766384374761
2026-08-05T11:35:00+00:00,22411528-3,Dew Point,CURRENT,°C,16.79341964672371
2026-08-05T11:35:00+00:00,22411529-1,Temperature,CURRENT,°C,19.495454101562494
2026-08-05T11:35:00+00:00,22411529-2,RH,CURRENT,%,86.98405432211796
2026-08-05T11:35:00+00:00,22411529-3,Dew Point,CURRENT,°C,17.293635547692734
2026-08-05T11:35:00+00:00,22411530-1,Temperature,CURRENT,°C,20.096059570312498
2026-08-05T11:35:00+00:00,22411530-2,RH,CURRENT,%,76.72999160753795
2026-08-05T11:35:00+00:00,22411530-3,Dew Point,CURRENT,°C,15.904299295984574
2026-08-05T11:36:00+00:00,22411541-S,Battery,CURRENT,V,8.215702880859375
2026-08-05T11:40:00+00:00,22411189-1,Temperature,CURRENT,°C,20.5250634765625
2026-08-05T11:40:00+00:00,22411189-2,RH,CURRENT,%,79.66124971389334
2026-08-05T11:40:00+00:00,22411189-3,Dew Point,CURRENT,°C,16.91069660527162
2026-08-05T11:40:00+00:00,22411190-1,Temperature,CURRENT,°C,20.782465820312503
2026-08-05T11:40:00+00:00,22411190-2,RH,CURRENT,%,76.26459143968872
2026-08-05T11:40:00+00:00,22411190-3,Dew Point,CURRENT,°C,16.473672670419994
2026-08-05T11:40:00+00:00,22411191-1,Temperature,CURRENT,°C,19.945908203124993
2026-08-05T11:40:00+00:00,22411191-2,RH,CURRENT,%,79.61852445258259
2026-08-05T11:40:00+00:00,22411191-3,Dew Point,CURRENT,°C,16.33841286000133
2026-08-05T11:40:00+00:00,22411525-1,Temperature,CURRENT,°C,19.838657226562496
2026-08-05T11:40:00+00:00,22411525-2,RH,CURRENT,%,77.61806668192568
2026-08-05T11:40:00+00:00,22411525-3,Dew Point,CURRENT,°C,15.834915094762172
2026-08-05T11:40:00+00:00,22411526-1,Temperature,CURRENT,°C,20.803916015625
2026-08-05T11:40:00+00:00,22411526-2,RH,CURRENT,%,77.4715800717174
2026-08-05T11:40:00+00:00,22411526-3,Dew Point,CURRENT,°C,16.741840810273434
2026-08-05T11:40:00+00:00,22411527-1,Temperature,CURRENT,°C,19.881557617187504
2026-08-05T11:40:00+00:00,22411527-2,RH,CURRENT,%,77.46852826733806
2026-08-05T11:40:00+00:00,22411527-3,Dew Point,CURRENT,°C,15.846346375485597
2026-08-05T11:40:00+00:00,22411528-1,Temperature,CURRENT,°C,19.9030078125
2026-08-05T11:40:00+00:00,22411528-2,RH,CURRENT,%,82.9755092698558
2026-08-05T11:40:00+00:00,22411528-3,Dew Point,CURRENT,°C,16.947346829172513
2026-08-05T11:40:00+00:00,22411529-1,Temperature,CURRENT,°C,19.323852539062493
2026-08-05T11:40:00+00:00,22411529-2,RH,CURRENT,%,89.28816662851911
2026-08-05T11:40:00+00:00,22411529-3,Dew Point,CURRENT,°C,17.538952303535865
2026-08-05T11:40:00+00:00,22411530-1,Temperature,CURRENT,°C,19.945908203124993
2026-08-05T11:40:00+00:00,22411530-2,RH,CURRENT,%,78.7640192263676
2026-08-05T11:40:00+00:00,22411530-3,Dew Point,CURRENT,°C,16.168890426905943
2026-08-05T11:41:00+00:00,22411541-S,Battery,CURRENT,V,8.215702880859375
2026-08-05T11:45:00+00:00,22411189-1,Temperature,CURRENT,°C,20.975517578125
2026-08-05T11:45:00+00:00,22411189-2,RH,CURRENT,%,77.05195696955825
2026-08-05T11:45:00+00:00,22411189-3,Dew Point,CURRENT,°C,16.82258082807385
2026-08-05T11:45:00+00:00,22411190-1,Temperature,CURRENT,°C,21.147119140625
2026-08-05T11:45:00+00:00,22411190-2,RH,CURRENT,%,74.33890287632563
2026-08-05T11:45:00+00:00,22411190-3,Dew Point,CURRENT,°C,16.42378805537553
2026-08-05T11:45:00+00:00,22411191-1,Temperature,CURRENT,°C,20.3534619140625
2026-08-05T11:45:00+00:00,22411191-2,RH,CURRENT,%,77.87594415197985
2026-08-05T11:45:00+00:00,22411191-3,Dew Point,CURRENT,°C,16.386666717547463
2026-08-05T11:45:00+00:00,22411525-1,Temperature,CURRENT,°C,20.22476074218749
2026-08-05T11:45:00+00:00,22411525-2,RH,CURRENT,%,76.38208590829328
2026-08-05T11:45:00+00:00,22411525-3,Dew Point,CURRENT,°C,15.957771495225701
2026-08-05T11:45:00+00:00,22411526-1,Temperature,CURRENT,°C,21.082768554687497
2026-08-05T11:45:00+00:00,22411526-2,RH,CURRENT,%,76.19897764553292
2026-08-05T11:45:00+00:00,22411526-3,Dew Point,CURRENT,°C,16.750864605666663
2026-08-05T11:45:00+00:00,22411527-1,Temperature,CURRENT,°C,20.246210937500003
2026-08-05T11:45:00+00:00,22411527-2,RH,CURRENT,%,76.38208590829328
2026-08-05T11:45:00+00:00,22411527-3,Dew Point,CURRENT,°C,15.978546463991105
2026-08-05T11:45:00+00:00,22411528-1,Temperature,CURRENT,°C,20.160410156250002
2026-08-05T11:45:00+00:00,22411528-2,RH,CURRENT,%,81.45418478675516
2026-08-05T11:45:00+00:00,22411528-3,Dew Point,CURRENT,°C,16.90667257740282
2026-08-05T11:45:00+00:00,22411529-1,Temperature,CURRENT,°C,19.667055664062495
2026-08-05T11:45:00+00:00,22411529-2,RH,CURRENT,%,88.07354848554208
2026-08-05T11:45:00+00:00,22411529-3,Dew Point,CURRENT,°C,17.660117426260253
2026-08-05T11:45:00+00:00,22411530-1,Temperature,CURRENT,°C,20.374912109374996
2026-08-05T11:45:00+00:00,22411530-2,RH,CURRENT,%,76.80018310826276
2026-08-05T11:45:00+00:00,22411530-3,Dew Point,CURRENT,°C,16.188882525294787
2026-08-05T11:46:00+00:00,22411541-S,Battery,CURRENT,V,8.22539501953125
2026-08-05T11:50:00+00:00,22411189-1,Temperature,CURRENT,°C,21.812075195312495
2026-08-05T11:50:00+00:00,22411189-2,RH,CURRENT,%,76.24933241779202
2026-08-05T11:50:00+00:00,22411189-3,Dew Point,CURRENT,°C,17.467369524629802
2026-08-05T11:50:00+00:00,22411190-1,Temperature,CURRENT,°C,22.069477539062497
2026-08-05T11:50:00+00:00,22411190-2,RH,CURRENT,%,73.28755626764324
2026-08-05T11:50:00+00:00,22411190-3,Dew Point,CURRENT,°C,17.088507114924802
2026-08-05T11:50:00+00:00,22411191-1,Temperature,CURRENT,°C,20.996967773437497
2026-08-05T11:50:00+00:00,22411191-2,RH,CURRENT,%,77.20149538414587
2026-08-05T11:50:00+00:00,22411191-3,Dew Point,CURRENT,°C,16.873981844478433
2026-08-05T11:50:00+00:00,22411525-1,Temperature,CURRENT,°C,20.825366210937496
2026-08-05T11:50:00+00:00,22411525-2,RH,CURRENT,%,75.81902800030518
2026-08-05T11:50:00+00:00,22411525-3,Dew Point,CURRENT,°C,16.423001087985106
2026-08-05T11:50:00+00:00,22411526-1,Temperature,CURRENT,°C,21.704824218749998
2026-08-05T11:50:00+00:00,22411526-2,RH,CURRENT,%,75.90600442511635
2026-08-05T11:50:00+00:00,22411526-3,Dew Point,CURRENT,°C,17.292037927756738
2026-08-05T11:50:00+00:00,22411527-1,Temperature,CURRENT,°C,20.868266601562503
2026-08-05T11:50:00+00:00,22411527-2,RH,CURRENT,%,75.89227130540932
2026-08-05T11:50:00+00:00,22411527-3,Dew Point,CURRENT,°C,16.479705088391125
2026-08-05T11:50:00+00:00,22411528-1,Temperature,CURRENT,°C,21.039868164062504
2026-08-05T11:50:00+00:00,22411528-2,RH,CURRENT,%,80.38910505836576
2026-08-05T11:50:00+00:00,22411528-3,Dew Point,CURRENT,°C,17.556145684787236
2026-08-05T11:50:00+00:00,22411529-1,Temperature,CURRENT,°C,19.924458007812497
2026-08-05T11:50:00+00:00,22411529-2,RH,CURRENT,%,88.2429236285954
2026-08-05T11:50:00+00:00,22411529-3,Dew Point,CURRENT,°C,17.944453998936993
2026-08-05T11:50:00+00:00,22411530-1,Temperature,CURRENT,°C,21.018417968749993
2026-08-05T11:50:00+00:00,22411530-2,RH,CURRENT,%,76.35461966887922
2026-08-05T11:50:00+00:00,22411530-3,Dew Point,CURRENT,°C,16.72073559204546
2026-08-05T11:51:00+00:00,22411541-S,Battery,CURRENT,V,8.228625732421875
2026-08-05T11:55:00+00:00,22411189-1,Temperature,CURRENT,°C,22.241079101562498
2026-08-05T11:55:00+00:00,22411189-2,RH,CURRENT,%,75.49401083390555
2026-08-05T11:55:00+00:00,22411189-3,Dew Point,CURRENT,°C,17.72436589591632
2026-08-05T11:55:00+00:00,22411190-1,Temperature,CURRENT,°C,22.519931640624996
2026-08-05T11:55:00+00:00,22411190-2,RH,CURRENT,%,72.54901960784314
2026-08-05T11:55:00+00:00,22411190-3,Dew Point,CURRENT,°C,17.361813860060856
2026-08-05T11:55:00+00:00,22411191-1,Temperature,CURRENT,°C,21.061318359375
2026-08-05T11:55:00+00:00,22411191-2,RH,CURRENT,%,77.78286411841
2026-08-05T11:55:00+00:00,22411191-3,Dew Point,CURRENT,°C,17.054936671880835
2026-08-05T11:55:00+00:00,22411525-1,Temperature,CURRENT,°C,20.868266601562503
2026-08-05T11:55:00+00:00,22411525-2,RH,CURRENT,%,76.73609521629663
2026-08-05T11:55:00+00:00,22411525-3,Dew Point,CURRENT,°C,16.65384842384329
2026-08-05T11:55:00+00:00,22411526-1,Temperature,CURRENT,°C,21.897875976562496
2026-08-05T11:55:00+00:00,22411526-2,RH,CURRENT,%,75.80987258716716
2026-08-05T11:55:00+00:00,22411526-3,Dew Point,CURRENT,°C,17.45872933357914
2026-08-05T11:55:00+00:00,22411527-1,Temperature,CURRENT,°C,20.911166992187496
2026-08-05T11:55:00+00:00,22411527-2,RH,CURRENT,%,77.1145189593347
2026-08-05T11:55:00+00:00,22411527-3,Dew Point,CURRENT,°C,16.772996485855355
2026-08-05T11:55:00+00:00,22411528-1,Temperature,CURRENT,°C,21.726274414062495
2026-08-05T11:55:00+00:00,22411528-2,RH,CURRENT,%,77.82406347753108
2026-08-05T11:55:00+00:00,22411528-3,Dew Point,CURRENT,°C,17.708733414883646
2026-08-05T11:55:00+00:00,22411529-1,Temperature,CURRENT,°C,20.374912109374996
2026-08-05T11:55:00+00:00,22411529-2,RH,CURRENT,%,87.52422369726101
2026-08-05T11:55:00+00:00,22411529-3,Dew Point,CURRENT,°C,18.258038419954353
2026-08-05T11:55:00+00:00,22411530-1,Temperature,CURRENT,°C,21.082768554687497
2026-08-05T11:55:00+00:00,22411530-2,RH,CURRENT,%,76.83070115205615
2026-08-05T11:55:00+00:00,22411530-3,Dew Point,CURRENT,°C,16.881148486855906
2026-08-05T11:56:00+00:00,22411541-S,Battery,CURRENT,V,8.23831787109375
2026-08-05T12:00:00+00:00,22411189-1,Temperature,CURRENT,°C,22.627182617187493
2026-08-05T12:00:00+00:00,22411189-2,RH,CURRENT,%,73.38216220340276
2026-08-05T12:00:00+00:00,22411189-3,Dew Point,CURRENT,°C,17.646225021220932
2026-08-05T12:00:00+00:00,22411190-1,Temperature,CURRENT,°C,22.90603515624999
2026-08-05T12:00:00+00:00,22411190-2,RH,CURRENT,%,70.3242542153048
2026-08-05T12:00:00+00:00,22411190-3,Dew Point,CURRENT,°C,17.239182815984744
2026-08-05T12:00:00+00:00,22411191-1,Temperature,CURRENT,°C,21.533222656249997
2026-08-05T12:00:00+00:00,22411191-2,RH,CURRENT,%,74.97215228503853
2026-08-05T12:00:00+00:00,22411191-3,Dew Point,CURRENT,°C,16.930329910560737
2026-08-05T12:00:00+00:00,22411525-1,Temperature,CURRENT,°C,21.361621093749996
2026-08-05T12:00:00+00:00,22411525-2,RH,CURRENT,%,73.68886854352635
2026-08-05T12:00:00+00:00,22411525-3,Dew Point,CURRENT,°C,16.492499859074794
2026-08-05T12:00:00+00:00,22411526-1,Temperature,CURRENT,°C,22.4984814453125
2026-08-05T12:00:00+00:00,22411526-2,RH,CURRENT,%,73.64461738002593
2026-08-05T12:00:00+00:00,22411526-3,Dew Point,CURRENT,°C,17.57889602456386
2026-08-05T12:00:00+00:00,22411527-1,Temperature,CURRENT,°C,21.361621093749996
2026-08-05T12:00:00+00:00,22411527-2,RH,CURRENT,%,73.8124666208896
2026-08-05T12:00:00+00:00,22411527-3,Dew Point,CURRENT,°C,16.518880969879778
2026-08-05T12:00:00+00:00,22411528-1,Temperature,CURRENT,°C,22.090927734374993
2026-08-05T12:00:00+00:00,22411528-2,RH,CURRENT,%,76.6674296177615
2026-08-05T12:00:00+00:00,22411528-3,Dew Point,CURRENT,°C,17.8242709229562
2026-08-05T12:00:00+00:00,22411529-1,Temperature,CURRENT,°C,20.6108642578125
2026-08-05T12:00:00+00:00,22411529-2,RH,CURRENT,%,88.36804760814832
2026-08-05T12:00:00+00:00,22411529-3,Dew Point,CURRENT,°C,18.643951433818795
2026-08-05T12:00:00+00:00,22411530-1,Temperature,CURRENT,°C,21.576123046875004
2026-08-05T12:00:00+00:00,22411530-2,RH,CURRENT,%,74.26718547341116
2026-08-05T12:00:00+00:00,22411530-3,Dew Point,CURRENT,°C,16.822599568508053
2026-08-05T12:01:00+00:00,22411541-S,Battery,CURRENT,V,8.254471435546876
2026-08-05T12:05:00+00:00,22411189-1,Temperature,CURRENT,°C,22.605732421874997
2026-08-05T12:05:00+00:00,22411189-2,RH,CURRENT,%,71.29625391012436
2026-08-05T12:05:00+00:00,22411189-3,Dew Point,CURRENT,°C,17.168431068046914
2026-08-05T12:05:00+00:00,22411190-1,Temperature,CURRENT,°C,22.7558837890625
2026-08-05T12:05:00+00:00,22411190-2,RH,CURRENT,%,68.93415732051575
2026-08-05T12:05:00+00:00,22411190-3,Dew Point,CURRENT,°C,16.77994707569911
2026-08-05T12:05:00+00:00,22411191-1,Temperature,CURRENT,°C,21.447421874999996
2026-08-05T12:05:00+00:00,22411191-2,RH,CURRENT,%,73.84908827344167
2026-08-05T12:05:00+00:00,22411191-3,Dew Point,CURRENT,°C,16.60943067321734
2026-08-05T12:05:00+00:00,22411525-1,Temperature,CURRENT,°C,21.275820312499995
2026-08-05T12:05:00+00:00,22411525-2,RH,CURRENT,%,72.65430685893034
2026-08-05T12:05:00+00:00,22411525-3,Dew Point,CURRENT,°C,16.18757207238827
2026-08-05T12:05:00+00:00,22411526-1,Temperature,CURRENT,°C,23.013286132812503
2026-08-05T12:05:00+00:00,22411526-2,RH,CURRENT,%,69.80697337300678
2026-08-05T12:05:00+00:00,22411526-3,Dew Point,CURRENT,°C,17.22502820036385
2026-08-05T12:05:00+00:00,22411527-1,Temperature,CURRENT,°C,21.232919921875002
2026-08-05T12:05:00+00:00,22411527-2,RH,CURRENT,%,72.84809643701838
2026-08-05T12:05:00+00:00,22411527-3,Dew Point,CURRENT,°C,16.188103978115112
2026-08-05T12:05:00+00:00,22411528-1,Temperature,CURRENT,°C,22.348330078124995
2026-08-05T12:05:00+00:00,22411528-2,RH,CURRENT,%,73.35622186617837
2026-08-05T12:05:00+00:00,22411528-3,Dew Point,CURRENT,°C,17.371969101677163
2026-08-05T12:05:00+00:00,22411529-1,Temperature,CURRENT,°C,20.996967773437497
2026-08-05T12:05:00+00:00,22411529-2,RH,CURRENT,%,84.42664225223163
2026-08-05T12:05:00+00:00,22411529-3,Dew Point,CURRENT,°C,18.29424933758019
2026-08-05T12:05:00+00:00,22411530-1,Temperature,CURRENT,°C,21.554672851562493
2026-08-05T12:05:00+00:00,22411530-2,RH,CURRENT,%,72.77790493629358
2026-08-05T12:05:00+00:00,22411530-3,Dew Point,CURRENT,°C,16.482684550354634
2026-08-05T12:06:00+00:00,22411541-S,Battery,CURRENT,V,8.2577021484375
2026-08-05T12:10:00+00:00,22411189-1,Temperature,CURRENT,°C,22.4984814453125
2026-08-05T12:10:00+00:00,22411189-2,RH,CURRENT,%,72.85572594796673
2026-08-05T12:10:00+00:00,22411189-3,Dew Point,CURRENT,°C,17.40804069406261
2026-08-05T12:10:00+00:00,22411190-1,Temperature,CURRENT,°C,22.627182617187493
2026-08-05T12:10:00+00:00,22411190-2,RH,CURRENT,%,70.28000305180439
2026-08-05T12:10:00+00:00,22411190-3,Dew Point,CURRENT,°C,16.962014935442195
2026-08-05T12:10:00+00:00,22411191-1,Temperature,CURRENT,°C,21.404521484375003
2026-08-05T12:10:00+00:00,22411191-2,RH,CURRENT,%,75.28496223392081
2026-08-05T12:10:00+00:00,22411191-3,Dew Point,CURRENT,°C,16.871702335980803
2026-08-05T12:10:00+00:00,22411525-1,Temperature,CURRENT,°C,21.2543701171875
2026-08-05T12:10:00+00:00,22411525-2,RH,CURRENT,%,74.38467994201572
2026-08-05T12:10:00+00:00,22411525-3,Dew Point,CURRENT,°C,16.53699394990772
2026-08-05T12:10:00+00:00,22411526-1,Temperature,CURRENT,°C,23.013286132812503
2026-08-05T12:10:00+00:00,22411526-2,RH,CURRENT,%,70.55771725032426
2026-08-05T12:10:00+00:00,22411526-3,Dew Point,CURRENT,°C,17.394484723115976
2026-08-05T12:10:00+00:00,22411527-1,Temperature,CURRENT,°C,21.2543701171875
2026-08-05T12:10:00+00:00,22411527-2,RH,CURRENT,%,74.59525444419013
2026-08-05T12:10:00+00:00,22411527-3,Dew Point,CURRENT,°C,16.58151224270373
2026-08-05T12:10:00+00:00,22411528-1,Temperature,CURRENT,°C,21.854975585937503
2026-08-05T12:10:00+00:00,22411528-2,RH,CURRENT,%,75.4711223010605
2026-08-05T12:10:00+00:00,22411528-3,Dew Point,CURRENT,°C,17.34624290881999
2026-08-05T12:10:00+00:00,22411529-1,Temperature,CURRENT,°C,21.039868164062504
2026-08-05T12:10:00+00:00,22411529-2,RH,CURRENT,%,82.86869611657893
2026-08-05T12:10:00+00:00,22411529-3,Dew Point,CURRENT,°C,18.039226453540365
2026-08-05T12:10:00+00:00,22411530-1,Temperature,CURRENT,°C,21.447421874999996
2026-08-05T12:10:00+00:00,22411530-2,RH,CURRENT,%,74.34805828946365
2026-08-05T12:10:00+00:00,22411530-3,Dew Point,CURRENT,°C,16.7155633375101
2026-08-05T12:11:00+00:00,22411541-S,Battery,CURRENT,V,8.270625
2026-08-05T12:15:00+00:00,22411189-1,Temperature,CURRENT,°C,22.948935546875
2026-08-05T12:15:00+00:00,22411189-2,RH,CURRENT,%,72.83436331731136
2026-08-05T12:15:00+00:00,22411189-3,Dew Point,CURRENT,°C,17.83694864563724
2026-08-05T12:15:00+00:00,22411190-1,Temperature,CURRENT,°C,23.120537109375
2026-08-05T12:15:00+00:00,22411190-2,RH,CURRENT,%,70.03585870145724
2026-08-05T12:15:00+00:00,22411190-3,Dew Point,CURRENT,°C,17.379580805916955
2026-08-05T12:15:00+00:00,22411191-1,Temperature,CURRENT,°C,21.790625
2026-08-05T12:15:00+00:00,22411191-2,RH,CURRENT,%,74.79209582665752
2026-08-05T12:15:00+00:00,22411191-3,Dew Point,CURRENT,°C,17.140961177168776
2026-08-05T12:15:00+00:00,22411525-1,Temperature,CURRENT,°C,21.5975732421875
2026-08-05T12:15:00+00:00,22411525-2,RH,CURRENT,%,73.7270160982681
2026-08-05T12:15:00+00:00,22411525-3,Dew Point,CURRENT,°C,16.72813359005313
2026-08-05T12:15:00+00:00,22411526-1,Temperature,CURRENT,°C,23.463740234375003
2026-08-05T12:15:00+00:00,22411526-2,RH,CURRENT,%,71.48851758602274
2026-08-05T12:15:00+00:00,22411526-3,Dew Point,CURRENT,°C,18.034921579873814
2026-08-05T12:15:00+00:00,22411527-1,Temperature,CURRENT,°C,21.5975732421875
2026-08-05T12:15:00+00:00,22411527-2,RH,CURRENT,%,74.04287785152972
2026-08-05T12:15:00+00:00,22411527-3,Dew Point,CURRENT,°C,16.795565237512125
2026-08-05T12:15:00+00:00,22411528-1,Temperature,CURRENT,°C,22.026577148437504
2026-08-05T12:15:00+00:00,22411528-2,RH,CURRENT,%,77.20607309071488
2026-08-05T12:15:00+00:00,22411528-3,Dew Point,CURRENT,°C,17.873281180575436
2026-08-05T12:15:00+00:00,22411529-1,Temperature,CURRENT,°C,21.018417968749993
2026-08-05T12:15:00+00:00,22411529-2,RH,CURRENT,%,84.27100022888533
2026-08-05T12:15:00+00:00,22411529-3,Dew Point,CURRENT,°C,18.285824256869915
2026-08-05T12:15:00+00:00,22411530-1,Temperature,CURRENT,°C,21.854975585937503
2026-08-05T12:15:00+00:00,22411530-2,RH,CURRENT,%,73.8170443274586
2026-08-05T12:15:00+00:00,22411530-3,Dew Point,CURRENT,°C,16.995575523536974
2026-08-05T12:16:00+00:00,22411541-S,Battery,CURRENT,V,8.290009277343751
2026-08-05T12:20:00+00:00,22411189-1,Temperature,CURRENT,°C,23.206337890625
2026-08-05T12:20:00+00:00,22411189-2,RH,CURRENT,%,71.69298847943847
2026-08-05T12:20:00+00:00,22411189-3,Dew Point,CURRENT,°C,17.83319505163223
2026-08-05T12:20:00+00:00,22411190-1,Temperature,CURRENT,°C,23.377939453125002
2026-08-05T12:20:00+00:00,22411190-2,RH,CURRENT,%,69.17067215991455
2026-08-05T12:20:00+00:00,22411190-3,Dew Point,CURRENT,°C,17.428852483824272
2026-08-05T12:20:00+00:00,22411191-1,Temperature,CURRENT,°C,21.83352539062499
2026-08-05T12:20:00+00:00,22411191-2,RH,CURRENT,%,74.85160601205463
2026-08-05T12:20:00+00:00,22411191-3,Dew Point,CURRENT,°C,17.194981712863
2026-08-05T12:20:00+00:00,22411525-1,Temperature,CURRENT,°C,21.5975732421875
2026-08-05T12:20:00+00:00,22411525-2,RH,CURRENT,%,73.76363775082017
2026-08-05T12:20:00+00:00,22411525-3,Dew Point,CURRENT,°C,16.73596470781961
2026-08-05T12:20:00+00:00,22411526-1,Temperature,CURRENT,°C,23.678242187499997
2026-08-05T12:20:00+00:00,22411526-2,RH,CURRENT,%,70.19607843137256
2026-08-05T12:20:00+00:00,22411526-3,Dew Point,CURRENT,°C,17.95007287745138
2026-08-05T12:20:00+00:00,22411527-1,Temperature,CURRENT,°C,21.5975732421875
2026-08-05T12:20:00+00:00,22411527-2,RH,CURRENT,%,73.89486533913175
2026-08-05T12:20:00+00:00,22411527-3,Dew Point,CURRENT,°C,16.763998272442375
2026-08-05T12:20:00+00:00,22411528-1,Temperature,CURRENT,°C,22.305429687500002
2026-08-05T12:20:00+00:00,22411528-2,RH,CURRENT,%,76.1394674601358
2026-08-05T12:20:00+00:00,22411528-3,Dew Point,CURRENT,°C,17.92202387864858
2026-08-05T12:20:00+00:00,22411529-1,Temperature,CURRENT,°C,21.082768554687497
2026-08-05T12:20:00+00:00,22411529-2,RH,CURRENT,%,84.25268940260929
2026-08-05T12:20:00+00:00,22411529-3,Dew Point,CURRENT,°C,18.3454384096265
2026-08-05T12:20:00+00:00,22411530-1,Temperature,CURRENT,°C,21.854975585937503
2026-08-05T12:20:00+00:00,22411530-2,RH,CURRENT,%,73.96353093766689
2026-08-05T12:20:00+00:00,22411530-3,Dew Point,CURRENT,°C,17.026907199026738
2026-08-05T12:21:00+00:00,22411541-S,Battery,CURRENT,V,8.293239990234376
2026-08-05T12:25:00+00:00,22411189-1,Temperature,CURRENT,°C,23.849843749999998
2026-08-05T12:25:00+00:00,22411189-2,RH,CURRENT,%,71.30846112764172
2026-08-05T12:25:00+00:00,22411189-3,Dew Point,CURRENT,°C,18.36533846703456
2026-08-05T12:25:00+00:00,22411190-1,Temperature,CURRENT,°C,23.914194335937502
2026-08-05T12:25:00+00:00,22411190-2,RH,CURRENT,%,69.44991226062409
2026-08-05T12:25:00+00:00,22411190-3,Dew Point,CURRENT,°C,18.00576562111002
2026-08-05T12:25:00+00:00,22411191-1,Temperature,CURRENT,°C,22.3268798828125
2026-08-05T12:25:00+00:00,22411191-2,RH,CURRENT,%,74.65934233615626
2026-08-05T12:25:00+00:00,22411191-3,Dew Point,CURRENT,°C,17.630639124506192
2026-08-05T12:25:00+00:00,22411525-1,Temperature,CURRENT,°C,22.112377929687504
2026-08-05T12:25:00+00:00,22411525-2,RH,CURRENT,%,73.27840085450522
2026-08-05T12:25:00+00:00,22411525-3,Dew Point,CURRENT,°C,17.127857765669482
2026-08-05T12:25:00+00:00,22411526-1,Temperature,CURRENT,°C,24.27884765625
2026-08-05T12:25:00+00:00,22411526-2,RH,CURRENT,%,70.8018616006714
2026-08-05T12:25:00+00:00,22411526-3,Dew Point,CURRENT,°C,18.662879038081375
2026-08-05T12:25:00+00:00,22411527-1,Temperature,CURRENT,°C,22.133828125
2026-08-05T12:25:00+00:00,22411527-2,RH,CURRENT,%,73.51186388952468
2026-08-05T12:25:00+00:00,22411527-3,Dew Point,CURRENT,°C,17.198856721532255
2026-08-05T12:25:00+00:00,22411528-1,Temperature,CURRENT,°C,22.948935546875
2026-08-05T12:25:00+00:00,22411528-2,RH,CURRENT,%,76.93598840314336
2026-08-05T12:25:00+00:00,22411528-3,Dew Point,CURRENT,°C,18.711401570347217
2026-08-05T12:25:00+00:00,22411529-1,Temperature,CURRENT,°C,21.275820312499995
2026-08-05T12:25:00+00:00,22411529-2,RH,CURRENT,%,87.92401007095445
2026-08-05T12:25:00+00:00,22411529-3,Dew Point,CURRENT,°C,19.218682025595236
2026-08-05T12:25:00+00:00,22411530-1,Temperature,CURRENT,°C,22.477031250000003
2026-08-05T12:25:00+00:00,22411530-2,RH,CURRENT,%,73.18532082093537
2026-08-05T12:25:00+00:00,22411530-3,Dew Point,CURRENT,°C,17.45896061412124
2026-08-05T12:26:00+00:00,22411541-S,Battery,CURRENT,V,8.302932128906251
2026-08-05T12:30:00+00:00,22411189-1,Temperature,CURRENT,°C,23.806943359375005
2026-08-05T12:30:00+00:00,22411189-2,RH,CURRENT,%,71.45494773785
2026-08-05T12:30:00+00:00,22411189-3,Dew Point,CURRENT,°C,18.356935404587166
2026-08-05T12:30:00+00:00,22411190-1,Temperature,CURRENT,°C,23.699692382812493
2026-08-05T12:30:00+00:00,22411190-2,RH,CURRENT,%,70.04654001678493
2026-08-05T12:30:00+00:00,22411190-3,Dew Point,CURRENT,°C,17.936667241415332
2026-08-05T12:30:00+00:00,22411191-1,Temperature,CURRENT,°C,22.28397949218749
2026-08-05T12:30:00+00:00,22411191-2,RH,CURRENT,%,74.78446631570917
2026-08-05T12:30:00+00:00,22411191-3,Dew Point,CURRENT,°C,17.615805760443234
2026-08-05T12:30:00+00:00,22411525-1,Temperature,CURRENT,°C,22.090927734374993
2026-08-05T12:30:00+00:00,22411525-2,RH,CURRENT,%,73.5759517814908
2026-08-05T12:30:00+00:00,22411525-3,Dew Point,CURRENT,°C,17.17130297132572
2026-08-05T12:30:00+00:00,22411526-1,Temperature,CURRENT,°C,24.686401367187493
2026-08-05T12:30:00+00:00,22411526-2,RH,CURRENT,%,69.19966430151827
2026-08-05T12:30:00+00:00,22411526-3,Dew Point,CURRENT,°C,18.686607621063814
2026-08-05T12:30:00+00:00,22411527-1,Temperature,CURRENT,°C,22.026577148437504
2026-08-05T12:30:00+00:00,22411527-2,RH,CURRENT,%,73.67513542381933
2026-08-05T12:30:00+00:00,22411527-3,Dew Point,CURRENT,°C,17.13059065315348
2026-08-05T12:30:00+00:00,22411528-1,Temperature,CURRENT,°C,23.7425927734375
2026-08-05T12:30:00+00:00,22411528-2,RH,CURRENT,%,74.03677424277105
2026-08-05T12:30:00+00:00,22411528-3,Dew Point,CURRENT,°C,18.863049692842193
2026-08-05T12:30:00+00:00,22411529-1,Temperature,CURRENT,°C,22.026577148437504
2026-08-05T12:30:00+00:00,22411529-2,RH,CURRENT,%,85.63057907988097
2026-08-05T12:30:00+00:00,22411529-3,Dew Point,CURRENT,°C,19.531825316568817
2026-08-05T12:30:00+00:00,22411530-1,Temperature,CURRENT,°C,22.519931640624996
2026-08-05T12:30:00+00:00,22411530-2,RH,CURRENT,%,73.49202716105897
2026-08-05T12:30:00+00:00,22411530-3,Dew Point,CURRENT,°C,17.56664333866335
2026-08-05T12:31:00+00:00,22411541-S,Battery,CURRENT,V,8.32231640625
2026-08-05T12:35:00+00:00,22411189-1,Temperature,CURRENT,°C,23.721142578125004
2026-08-05T12:35:00+00:00,22411189-2,RH,CURRENT,%,71.77080949111162
2026-08-05T12:35:00+00:00,22411189-3,Dew Point,CURRENT,°C,18.34498303559537
2026-08-05T12:35:00+00:00,22411190-1,Temperature,CURRENT,°C,23.721142578125004
2026-08-05T12:35:00+00:00,22411190-2,RH,CURRENT,%,69.74746318760967
2026-08-05T12:35:00+00:00,22411190-3,Dew Point,CURRENT,°C,17.88910089915994
2026-08-05T12:35:00+00:00,22411191-1,Temperature,CURRENT,°C,22.4984814453125
2026-08-05T12:35:00+00:00,22411191-2,RH,CURRENT,%,74.6471351186389
2026-08-05T12:35:00+00:00,22411191-3,Dew Point,CURRENT,°C,17.79372037425439
2026-08-05T12:35:00+00:00,22411525-1,Temperature,CURRENT,°C,22.28397949218749
2026-08-05T12:35:00+00:00,22411525-2,RH,CURRENT,%,73.45693141069657
2026-08-05T12:35:00+00:00,22411525-3,Dew Point,CURRENT,°C,17.331708780071423
2026-08-05T12:35:00+00:00,22411526-1,Temperature,CURRENT,°C,24.664951171874996
2026-08-05T12:35:00+00:00,22411526-2,RH,CURRENT,%,68.61829556725414
2026-08-05T12:35:00+00:00,22411526-3,Dew Point,CURRENT,°C,18.53109565635337
2026-08-05T12:35:00+00:00,22411527-1,Temperature,CURRENT,°C,22.262529296874995
2026-08-05T12:35:00+00:00,22411527-2,RH,CURRENT,%,73.85519188220034
2026-08-05T12:35:00+00:00,22411527-3,Dew Point,CURRENT,°C,17.396724064327294
2026-08-05T12:35:00+00:00,22411528-1,Temperature,CURRENT,°C,23.3993896484375
2026-08-05T12:35:00+00:00,22411528-2,RH,CURRENT,%,73.7270160982681
2026-08-05T12:35:00+00:00,22411528-3,Dew Point,CURRENT,°C,18.46505002248444
2026-08-05T12:35:00+00:00,22411529-1,Temperature,CURRENT,°C,22.519931640624996
2026-08-05T12:35:00+00:00,22411529-2,RH,CURRENT,%,82.30563820859084
2026-08-05T12:35:00+00:00,22411529-3,Dew Point,CURRENT,°C,19.377238000175957
2026-08-05T12:35:00+00:00,22411530-1,Temperature,CURRENT,°C,22.605732421874997
2026-08-05T12:35:00+00:00,22411530-2,RH,CURRENT,%,73.22194247348745
2026-08-05T12:35:00+00:00,22411530-3,Dew Point,CURRENT,°C,17.59085372385569
2026-08-05T12:36:00+00:00,22411541-S,Battery,CURRENT,V,8.332008544921875
2026-08-05T12:40:00+00:00,22411189-1,Temperature,CURRENT,°C,23.613891601562493
2026-08-05T12:40:00+00:00,22411189-2,RH,CURRENT,%,71.13145647364004
2026-08-05T12:40:00+00:00,22411189-3,Dew Point,CURRENT,°C,18.099250062471246
2026-08-05T12:40:00+00:00,22411190-1,Temperature,CURRENT,°C,23.721142578125004
2026-08-05T12:40:00+00:00,22411190-2,RH,CURRENT,%,68.77851529716945
2026-08-05T12:40:00+00:00,22411190-3,Dew Point,CURRENT,°C,17.666672874900396
2026-08-05T12:40:00+00:00,22411191-1,Temperature,CURRENT,°C,22.305429687500002
2026-08-05T12:40:00+00:00,22411191-2,RH,CURRENT,%,74.34805828946365
2026-08-05T12:40:00+00:00,22411191-3,Dew Point,CURRENT,°C,17.543603408664204
2026-08-05T12:40:00+00:00,22411525-1,Temperature,CURRENT,°C,22.133828125
2026-08-05T12:40:00+00:00,22411525-2,RH,CURRENT,%,73.48439765011062
2026-08-05T12:40:00+00:00,22411525-3,Dew Point,CURRENT,°C,17.192942122712644
2026-08-05T12:40:00+00:00,22411526-1,Temperature,CURRENT,°C,24.27884765625
2026-08-05T12:40:00+00:00,22411526-2,RH,CURRENT,%,68.55878538185702
2026-08-05T12:40:00+00:00,22411526-3,Dew Point,CURRENT,°C,18.14849667145545
2026-08-05T12:40:00+00:00,22411527-1,Temperature,CURRENT,°C,22.112377929687504
2026-08-05T12:40:00+00:00,22411527-2,RH,CURRENT,%,73.80788891432059
2026-08-05T12:40:00+00:00,22411527-3,Dew Point,CURRENT,°C,17.24179888485785
2026-08-05T12:40:00+00:00,22411528-1,Temperature,CURRENT,°C,22.90603515624999
2026-08-05T12:40:00+00:00,22411528-2,RH,CURRENT,%,74.64560921644923
2026-08-05T12:40:00+00:00,22411528-3,Dew Point,CURRENT,°C,18.186863776150663
2026-08-05T12:40:00+00:00,22411529-1,Temperature,CURRENT,°C,22.434130859374996
2026-08-05T12:40:00+00:00,22411529-2,RH,CURRENT,%,79.74670023651484
2026-08-05T12:40:00+00:00,22411529-3,Dew Point,CURRENT,°C,18.786237158772977
2026-08-05T12:40:00+00:00,22411530-1,Temperature,CURRENT,°C,22.391230468750003
2026-08-05T12:40:00+00:00,22411530-2,RH,CURRENT,%,73.17158770122835
2026-08-05T12:40:00+00:00,22411530-3,Dew Point,CURRENT,°C,17.37335093385008
2026-08-05T12:41:00+00:00,22411541-S,Battery,CURRENT,V,8.3352392578125
2026-08-05T12:45:00+00:00,22411189-1,Temperature,CURRENT,°C,22.712983398437494
2026-08-05T12:45:00+00:00,22411189-2,RH,CURRENT,%,77.02754253452353
2026-08-05T12:45:00+00:00,22411189-3,Dew Point,CURRENT,°C,18.501762825590838
2026-08-05T12:45:00+00:00,22411190-1,Temperature,CURRENT,°C,22.798784179687495
2026-08-05T12:45:00+00:00,22411190-2,RH,CURRENT,%,74.04745555809873
2026-08-05T12:45:00+00:00,22411190-3,Dew Point,CURRENT,°C,17.955160050763844
2026-08-05T12:45:00+00:00,22411191-1,Temperature,CURRENT,°C,21.769174804687502
2026-08-05T12:45:00+00:00,22411191-2,RH,CURRENT,%,77.78286411841
2026-08-05T12:45:00+00:00,22411191-3,Dew Point,CURRENT,°C,17.7419547530404
2026-08-05T12:45:00+00:00,22411525-1,Temperature,CURRENT,°C,21.661923828125005
2026-08-05T12:45:00+00:00,22411525-2,RH,CURRENT,%,76.14099336232547
2026-08-05T12:45:00+00:00,22411525-3,Dew Point,CURRENT,°C,17.299480209821773
2026-08-05T12:45:00+00:00,22411526-1,Temperature,CURRENT,°C,23.270688476562505
2026-08-05T12:45:00+00:00,22411526-2,RH,CURRENT,%,74.93400473029679
2026-08-05T12:45:00+00:00,22411526-3,Dew Point,CURRENT,°C,18.600585841158335
2026-08-05T12:45:00+00:00,22411527-1,Temperature,CURRENT,°C,21.6833740234375
2026-08-05T12:45:00+00:00,22411527-2,RH,CURRENT,%,76.48889906157015
2026-08-05T12:45:00+00:00,22411527-3,Dew Point,CURRENT,°C,17.392487132203197
2026-08-05T12:45:00+00:00,22411528-1,Temperature,CURRENT,°C,22.262529296874995
2026-08-05T12:45:00+00:00,22411528-2,RH,CURRENT,%,79.60173952849622
2026-08-05T12:45:00+00:00,22411528-3,Dew Point,CURRENT,°C,18.590071684611654
2026-08-05T12:45:00+00:00,22411529-1,Temperature,CURRENT,°C,22.026577148437504
2026-08-05T12:45:00+00:00,22411529-2,RH,CURRENT,%,84.69520103761349
2026-08-05T12:45:00+00:00,22411529-3,Dew Point,CURRENT,°C,19.35490877989164
2026-08-05T12:45:00+00:00,22411530-1,Temperature,CURRENT,°C,21.83352539062499
2026-08-05T12:45:00+00:00,22411530-2,RH,CURRENT,%,77.0138094148165
2026-08-05T12:45:00+00:00,22411530-3,Dew Point,CURRENT,°C,17.646489105923994
2026-08-05T12:46:00+00:00,22411541-S,Battery,CURRENT,V,8.338469970703125
2026-08-05T12:50:00+00:00,22411189-1,Temperature,CURRENT,°C,23.549541015625003
2026-08-05T12:50:00+00:00,22411189-2,RH,CURRENT,%,74.65629053177692
2026-08-05T12:50:00+00:00,22411189-3,Dew Point,CURRENT,°C,18.81037721360133
2026-08-05T12:50:00+00:00,22411190-1,Temperature,CURRENT,°C,23.6567919921875
2026-08-05T12:50:00+00:00,22411190-2,RH,CURRENT,%,71.76317998016327
2026-08-05T12:50:00+00:00,22411190-3,Dew Point,CURRENT,°C,18.281472027553008
2026-08-05T12:50:00+00:00,22411191-1,Temperature,CURRENT,°C,22.627182617187493
2026-08-05T12:50:00+00:00,22411191-2,RH,CURRENT,%,76.2554360265507
2026-08-05T12:50:00+00:00,22411191-3,Dew Point,CURRENT,°C,18.257721591923907
2026-08-05T12:50:00+00:00,22411525-1,Temperature,CURRENT,°C,22.455581054687492
2026-08-05T12:50:00+00:00,22411525-2,RH,CURRENT,%,75.35820553902495
2026-08-05T12:50:00+00:00,22411525-3,Dew Point,CURRENT,°C,17.90309789630789
2026-08-05T12:50:00+00:00,22411526-1,Temperature,CURRENT,°C,24.064345703124992
2026-08-05T12:50:00+00:00,22411526-2,RH,CURRENT,%,71.67925535973144
2026-08-05T12:50:00+00:00,22411526-3,Dew Point,CURRENT,°C,18.654211171090083
2026-08-05T12:50:00+00:00,22411527-1,Temperature,CURRENT,°C,22.455581054687492
2026-08-05T12:50:00+00:00,22411527-2,RH,CURRENT,%,75.50926985580224
2026-08-05T12:50:00+00:00,22411527-3,Dew Point,CURRENT,°C,17.93497357743749
2026-08-05T12:50:00+00:00,22411528-1,Temperature,CURRENT,°C,23.077636718749993
2026-08-05T12:50:00+00:00,22411528-2,RH,CURRENT,%,76.35461966887922
2026-08-05T12:50:00+00:00,22411528-3,Dew Point,CURRENT,°C,18.714574256590456
2026-08-05T12:50:00+00:00,22411529-1,Temperature,CURRENT,°C,22.241079101562498
2026-08-05T12:50:00+00:00,22411529-2,RH,CURRENT,%,85.0812542915999
2026-08-05T12:50:00+00:00,22411529-3,Dew Point,CURRENT,°C,19.638648161119697
2026-08-05T12:50:00+00:00,22411530-1,Temperature,CURRENT,°C,22.712983398437494
2026-08-05T12:50:00+00:00,22411530-2,RH,CURRENT,%,75.62829022659648
2026-08-05T12:50:00+00:00,22411530-3,Dew Point,CURRENT,°C,18.208964167017513
2026-08-05T12:51:00+00:00,22411541-S,Battery,CURRENT,V,8.357854248046875
2026-08-05T12:55:00+00:00,22411189-1,Temperature,CURRENT,°C,24.493349609374995
2026-08-05T12:55:00+00:00,22411189-2,RH,CURRENT,%,69.46517128252079
2026-08-05T12:55:00+00:00,22411189-3,Dew Point,CURRENT,°C,18.56328281170219
2026-08-05T12:55:00+00:00,22411190-1,Temperature,CURRENT,°C,24.664951171874996
2026-08-05T12:55:00+00:00,22411190-2,RH,CURRENT,%,67.36705577172503
2026-08-05T12:55:00+00:00,22411190-3,Dew Point,CURRENT,°C,18.23710573392139
2026-08-05T12:55:00+00:00,22411191-1,Temperature,CURRENT,°C,23.292138671875
2026-08-05T12:55:00+00:00,22411191-2,RH,CURRENT,%,72.4452582589456
2026-08-05T12:55:00+00:00,22411191-3,Dew Point,CURRENT,°C,18.081858602082914
2026-08-05T12:55:00+00:00,22411525-1,Temperature,CURRENT,°C,23.099086914062504
2026-08-05T12:55:00+00:00,22411525-2,RH,CURRENT,%,71.71740291447318
2026-08-05T12:55:00+00:00,22411525-3,Dew Point,CURRENT,°C,17.7355883534225
2026-08-05T12:55:00+00:00,22411526-1,Temperature,CURRENT,°C,25.115405273437496
2026-08-05T12:55:00+00:00,22411526-2,RH,CURRENT,%,67.20225833524071
2026-08-05T12:55:00+00:00,22411526-3,Dew Point,CURRENT,°C,18.627102295633083
2026-08-05T12:55:00+00:00,22411527-1,Temperature,CURRENT,°C,23.141987304687497
2026-08-05T12:55:00+00:00,22411527-2,RH,CURRENT,%,71.80895704585336
2026-08-05T12:55:00+00:00,22411527-3,Dew Point,CURRENT,°C,17.797083353581154
2026-08-05T12:55:00+00:00,22411528-1,Temperature,CURRENT,°C,24.386098632812498
2026-08-05T12:55:00+00:00,22411528-2,RH,CURRENT,%,71.43205920500496
2026-08-05T12:55:00+00:00,22411528-3,Dew Point,CURRENT,°C,18.90778049005401
2026-08-05T12:55:00+00:00,22411529-1,Temperature,CURRENT,°C,22.970385742187496
2026-08-05T12:55:00+00:00,22411529-2,RH,CURRENT,%,79.87640192263676
2026-08-05T12:55:00+00:00,22411529-3,Dew Point,CURRENT,°C,19.334399953170127
2026-08-05T12:55:00+00:00,22411530-1,Temperature,CURRENT,°C,23.313588867187498
2026-08-05T12:55:00+00:00,22411530-2,RH,CURRENT,%,71.38780804150454
2026-08-05T12:55:00+00:00,22411530-3,Dew Point,CURRENT,°C,17.86832061645008
2026-08-05T12:56:00+00:00,22411541-S,Battery,CURRENT,V,8.36754638671875
2026-08-05T13:00:00+00:00,22411189-1,Temperature,CURRENT,°C,24.407548828124995
2026-08-05T13:00:00+00:00,22411189-2,RH,CURRENT,%,70.52109559777219
2026-08-05T13:00:00+00:00,22411189-3,Dew Point,CURRENT,°C,18.72262551314177
2026-08-05T13:00:00+00:00,22411190-1,Temperature,CURRENT,°C,24.579150390624996
2026-08-05T13:00:00+00:00,22411190-2,RH,CURRENT,%,67.40062561989777
2026-08-05T13:00:00+00:00,22411190-3,Dew Point,CURRENT,°C,18.163293101359198
2026-08-05T13:00:00+00:00,22411191-1,Temperature,CURRENT,°C,23.163437499999993
2026-08-05T13:00:00+00:00,22411191-2,RH,CURRENT,%,72.80994888227664
2026-08-05T13:00:00+00:00,22411191-3,Dew Point,CURRENT,°C,18.03805250095364
2026-08-05T13:00:00+00:00,22411525-1,Temperature,CURRENT,°C,22.991835937499992
2026-08-05T13:00:00+00:00,22411525-2,RH,CURRENT,%,72.19806210421912
2026-08-05T13:00:00+00:00,22411525-3,Dew Point,CURRENT,°C,17.738692160771272
2026-08-05T13:00:00+00:00,22411526-1,Temperature,CURRENT,°C,25.115405273437496
2026-08-05T13:00:00+00:00,22411526-2,RH,CURRENT,%,67.84771496147097
2026-08-05T13:00:00+00:00,22411526-3,Dew Point,CURRENT,°C,18.780186680966025
2026-08-05T13:00:00+00:00,22411527-1,Temperature,CURRENT,°C,22.948935546875
2026-08-05T13:00:00+00:00,22411527-2,RH,CURRENT,%,72.55817502098115
2026-08-05T13:00:00+00:00,22411527-3,Dew Point,CURRENT,°C,17.77652943250217
2026-08-05T13:00:00+00:00,22411528-1,Temperature,CURRENT,°C,24.6435009765625
2026-08-05T13:00:00+00:00,22411528-2,RH,CURRENT,%,70.9071488517586
2026-08-05T13:00:00+00:00,22411528-3,Dew Point,CURRENT,°C,19.036378154047288
2026-08-05T13:00:00+00:00,22411529-1,Temperature,CURRENT,°C,23.44229003906249
2026-08-05T13:00:00+00:00,22411529-2,RH,CURRENT,%,80.31586175326161
2026-08-05T13:00:00+00:00,22411529-3,Dew Point,CURRENT,°C,19.882486146627155
2026-08-05T13:00:00+00:00,22411530-1,Temperature,CURRENT,°C,23.227788085937497
2026-08-05T13:00:00+00:00,22411530-2,RH,CURRENT,%,72.00885023270008
2026-08-05T13:00:00+00:00,22411530-3,Dew Point,CURRENT,°C,17.92375461011132
2026-08-05T13:01:00+00:00,22411541-S,Battery,CURRENT,V,8.383699951171875
2026-08-05T13:05:00+00:00,22411189-1,Temperature,CURRENT,°C,24.085795898437503
2026-08-05T13:05:00+00:00,22411189-2,RH,CURRENT,%,70.53940642404822
2026-08-05T13:05:00+00:00,22411189-3,Dew Point,CURRENT,°C,18.418408465383425
2026-08-05T13:05:00+00:00,22411190-1,Temperature,CURRENT,°C,24.0214453125
2026-08-05T13:05:00+00:00,22411190-2,RH,CURRENT,%,68.20477607385367
2026-08-05T13:05:00+00:00,22411190-3,Dew Point,CURRENT,°C,17.82030191443124
2026-08-05T13:05:00+00:00,22411191-1,Temperature,CURRENT,°C,22.991835937499992
2026-08-05T13:05:00+00:00,22411191-2,RH,CURRENT,%,71.96307316701
2026-08-05T13:05:00+00:00,22411191-3,Dew Point,CURRENT,°C,17.6868847892751
2026-08-05T13:05:00+00:00,22411525-1,Temperature,CURRENT,°C,22.863134765625
2026-08-05T13:05:00+00:00,22411525-2,RH,CURRENT,%,70.7866025787747
2026-08-05T13:05:00+00:00,22411525-3,Dew Point,CURRENT,°C,17.30183161450498
2026-08-05T13:05:00+00:00,22411526-1,Temperature,CURRENT,°C,25.029604492187495
2026-08-05T13:05:00+00:00,22411526-2,RH,CURRENT,%,67.73022049286641
2026-08-05T13:05:00+00:00,22411526-3,Dew Point,CURRENT,°C,18.670610187267428
2026-08-05T13:05:00+00:00,22411527-1,Temperature,CURRENT,°C,22.82023437499999
2026-08-05T13:05:00+00:00,22411527-2,RH,CURRENT,%,71.22148470283055
2026-08-05T13:05:00+00:00,22411527-3,Dew Point,CURRENT,°C,17.35771113594156
2026-08-05T13:05:00+00:00,22411528-1,Temperature,CURRENT,°C,24.6435009765625
2026-08-05T13:05:00+00:00,22411528-2,RH,CURRENT,%,70.76371404592966
2026-08-05T13:05:00+00:00,22411528-3,Dew Point,CURRENT,°C,19.003869374745335
2026-08-05T13:05:00+00:00,22411529-1,Temperature,CURRENT,°C,24.0214453125
2026-08-05T13:05:00+00:00,22411529-2,RH,CURRENT,%,77.57381551842526
2026-08-05T13:05:00+00:00,22411529-3,Dew Point,CURRENT,°C,19.884024684019607
2026-08-05T13:05:00+00:00,22411530-1,Temperature,CURRENT,°C,23.141987304687497
2026-08-05T13:05:00+00:00,22411530-2,RH,CURRENT,%,71.0582131685359
2026-08-05T13:05:00+00:00,22411530-3,Dew Point,CURRENT,°C,17.630067407375485
2026-08-05T13:06:00+00:00,22411541-S,Battery,CURRENT,V,8.399853515625
2026-08-05T13:10:00+00:00,22411189-1,Temperature,CURRENT,°C,23.764042968749997
2026-08-05T13:10:00+00:00,22411189-2,RH,CURRENT,%,71.73571374074922
2026-08-05T13:10:00+00:00,22411189-3,Dew Point,CURRENT,°C,18.378378502896282
2026-08-05T13:10:00+00:00,22411190-1,Temperature,CURRENT,°C,23.678242187499997
2026-08-05T13:10:00+00:00,22411190-2,RH,CURRENT,%,69.87716487373159
2026-08-05T13:10:00+00:00,22411190-3,Dew Point,CURRENT,°C,17.87759692535439
2026-08-05T13:10:00+00:00,22411191-1,Temperature,CURRENT,°C,22.841684570312502
2026-08-05T13:10:00+00:00,22411191-2,RH,CURRENT,%,72.7565423056382
2026-08-05T13:10:00+00:00,22411191-3,Dew Point,CURRENT,°C,17.716733325125436
2026-08-05T13:10:00+00:00,22411525-1,Temperature,CURRENT,°C,22.691533203124997
2026-08-05T13:10:00+00:00,22411525-2,RH,CURRENT,%,71.4656290531777
2026-08-05T13:10:00+00:00,22411525-3,Dew Point,CURRENT,°C,17.28837245712618
2026-08-05T13:10:00+00:00,22411526-1,Temperature,CURRENT,°C,24.750751953124997
2026-08-05T13:10:00+00:00,22411526-2,RH,CURRENT,%,68.9921416037232
2026-08-05T13:10:00+00:00,22411526-3,Dew Point,CURRENT,°C,18.70002324837316
2026-08-05T13:10:00+00:00,22411527-1,Temperature,CURRENT,°C,22.6700830078125
2026-08-05T13:10:00+00:00,22411527-2,RH,CURRENT,%,71.8120088502327
2026-08-05T13:10:00+00:00,22411527-3,Dew Point,CURRENT,°C,17.344367248173292
2026-08-05T13:10:00+00:00,22411528-1,Temperature,CURRENT,°C,24.257397460937504
2026-08-05T13:10:00+00:00,22411528-2,RH,CURRENT,%,72.78400854505226
2026-08-05T13:10:00+00:00,22411528-3,Dew Point,CURRENT,°C,19.08505088647013
2026-08-05T13:10:00+00:00,22411529-1,Temperature,CURRENT,°C,24.10724609375
2026-08-05T13:10:00+00:00,22411529-2,RH,CURRENT,%,77.29762722209506
2026-08-05T13:10:00+00:00,22411529-3,Dew Point,CURRENT,°C,19.90957311786638
2026-08-05T13:10:00+00:00,22411530-1,Temperature,CURRENT,°C,22.991835937499992
2026-08-05T13:10:00+00:00,22411530-2,RH,CURRENT,%,71.621271076524
2026-08-05T13:10:00+00:00,22411530-3,Dew Point,CURRENT,°C,17.61126356757679
2026-08-05T13:11:00+00:00,22411541-S,Battery,CURRENT,V,8.403084228515626
2026-08-05T13:15:00+00:00,22411189-1,Temperature,CURRENT,°C,24.0214453125
2026-08-05T13:15:00+00:00,22411189-2,RH,CURRENT,%,71.22301060502022
2026-08-05T13:15:00+00:00,22411189-3,Dew Point,CURRENT,°C,18.510861452340354
2026-08-05T13:15:00+00:00,22411190-1,Temperature,CURRENT,°C,23.849843749999998
2026-08-05T13:15:00+00:00,22411190-2,RH,CURRENT,%,69.77950713359273
2026-08-05T13:15:00+00:00,22411190-3,Dew Point,CURRENT,°C,18.019603793976344
2026-08-05T13:15:00+00:00,22411191-1,Temperature,CURRENT,°C,23.120537109375
2026-08-05T13:15:00+00:00,22411191-2,RH,CURRENT,%,72.59021896696422
2026-08-05T13:15:00+00:00,22411191-3,Dew Point,CURRENT,°C,17.94863745945556
2026-08-05T13:15:00+00:00,22411525-1,Temperature,CURRENT,°C,22.991835937499992
2026-08-05T13:15:00+00:00,22411525-2,RH,CURRENT,%,71.01548790722515
2026-08-05T13:15:00+00:00,22411525-3,Dew Point,CURRENT,°C,17.476458688576127
2026-08-05T13:15:00+00:00,22411526-1,Temperature,CURRENT,°C,24.96525390624999
2026-08-05T13:15:00+00:00,22411526-2,RH,CURRENT,%,68.56641489280537
2026-08-05T13:15:00+00:00,22411526-3,Dew Point,CURRENT,°C,18.8057704019681
2026-08-05T13:15:00+00:00,22411527-1,Temperature,CURRENT,°C,22.991835937499992
2026-08-05T13:15:00+00:00,22411527-2,RH,CURRENT,%,71.39696345464256
2026-08-05T13:15:00+00:00,22411527-3,Dew Point,CURRENT,°C,17.56146522539134
2026-08-05T13:15:00+00:00,22411528-1,Temperature,CURRENT,°C,24.5577001953125
2026-08-05T13:15:00+00:00,22411528-2,RH,CURRENT,%,72.23773556115053
2026-08-05T13:15:00+00:00,22411528-3,Dew Point,CURRENT,°C,19.25276361911901
2026-08-05T13:15:00+00:00,22411529-1,Temperature,CURRENT,°C,24.3646484375
2026-08-05T13:15:00+00:00,22411529-2,RH,CURRENT,%,78.15823605706875
2026-08-05T13:15:00+00:00,22411529-3,Dew Point,CURRENT,°C,20.33858011922741
2026-08-05T13:15:00+00:00,22411530-1,Temperature,CURRENT,°C,23.227788085937497
2026-08-05T13:15:00+00:00,22411530-2,RH,CURRENT,%,71.39085984588388
2026-08-05T13:15:00+00:00,22411530-3,Dew Point,CURRENT,°C,17.78663101165756
2026-08-05T13:16:00+00:00,22411541-S,Battery,CURRENT,V,8.428929931640626
2026-08-05T13:20:00+00:00,22411189-1,Temperature,CURRENT,°C,24.193046875
2026-08-05T13:20:00+00:00,22411189-2,RH,CURRENT,%,70.44327458609904
2026-08-05T13:20:00+00:00,22411189-3,Dew Point,CURRENT,°C,18.499394857558066
2026-08-05T13:20:00+00:00,22411190-1,Temperature,CURRENT,°C,24.085795898437503
2026-08-05T13:20:00+00:00,22411190-2,RH,CURRENT,%,68.78767071030747
2026-08-05T13:20:00+00:00,22411190-3,Dew Point,CURRENT,°C,18.01720620921715
2026-08-05T13:20:00+00:00,22411191-1,Temperature,CURRENT,°C,23.292138671875
2026-08-05T13:20:00+00:00,22411191-2,RH,CURRENT,%,72.13702601663233
2026-08-05T13:20:00+00:00,22411191-3,Dew Point,CURRENT,°C,18.01392346844269
2026-08-05T13:20:00+00:00,22411525-1,Temperature,CURRENT,°C,23.141987304687497
2026-08-05T13:20:00+00:00,22411525-2,RH,CURRENT,%,70.9925993743801
2026-08-05T13:20:00+00:00,22411525-3,Dew Point,CURRENT,°C,17.615397171234992
2026-08-05T13:20:00+00:00,22411526-1,Temperature,CURRENT,°C,25.115405273437496
2026-08-05T13:20:00+00:00,22411526-2,RH,CURRENT,%,67.52727550164035
2026-08-05T13:20:00+00:00,22411526-3,Dew Point,CURRENT,°C,18.704347393067927
2026-08-05T13:20:00+00:00,22411527-1,Temperature,CURRENT,°C,23.120537109375
2026-08-05T13:20:00+00:00,22411527-2,RH,CURRENT,%,71.30998702983139
2026-08-05T13:20:00+00:00,22411527-3,Dew Point,CURRENT,°C,17.66566031716297
2026-08-05T13:20:00+00:00,22411528-1,Temperature,CURRENT,°C,24.8151025390625
2026-08-05T13:20:00+00:00,22411528-2,RH,CURRENT,%,70.2342259861143
2026-08-05T13:20:00+00:00,22411528-3,Dew Point,CURRENT,°C,19.047726670520454
2026-08-05T13:20:00+00:00,22411529-1,Temperature,CURRENT,°C,24.707851562500004
2026-08-05T13:20:00+00:00,22411529-2,RH,CURRENT,%,74.44571602960251
2026-08-05T13:20:00+00:00,22411529-3,Dew Point,CURRENT,°C,19.882791344136283
2026-08-05T13:20:00+00:00,22411530-1,Temperature,CURRENT,°C,23.3993896484375
2026-08-05T13:20:00+00:00,22411530-2,RH,CURRENT,%,70.96208133058671
2026-08-05T13:20:00+00:00,22411530-3,Dew Point,CURRENT,°C,17.85549385407535
2026-08-05T13:21:00+00:00,22411541-S,Battery,CURRENT,V,8.44508349609375
2026-08-05T13:25:00+00:00,22411189-1,Temperature,CURRENT,°C,24.214497070312497
2026-08-05T13:25:00+00:00,22411189-2,RH,CURRENT,%,72.14770733196002
2026-08-05T13:25:00+00:00,22411189-3,Dew Point,CURRENT,°C,18.90285359998116
2026-08-05T13:25:00+00:00,22411190-1,Temperature,CURRENT,°C,24.064345703124992
2026-08-05T13:25:00+00:00,22411190-2,RH,CURRENT,%,70.66758220798047
2026-08-05T13:25:00+00:00,22411190-3,Dew Point,CURRENT,°C,18.426857501226642
2026-08-05T13:25:00+00:00,22411191-1,Temperature,CURRENT,°C,23.3993896484375
2026-08-05T13:25:00+00:00,22411191-2,RH,CURRENT,%,73.4248874647135
2026-08-05T13:25:00+00:00,22411191-3,Dew Point,CURRENT,°C,18.399426162524165
2026-08-05T13:25:00+00:00,22411525-1,Temperature,CURRENT,°C,23.270688476562505
2026-08-05T13:25:00+00:00,22411525-2,RH,CURRENT,%,71.84557869840543
2026-08-05T13:25:00+00:00,22411525-3,Dew Point,CURRENT,°C,17.928844939844684
2026-08-05T13:25:00+00:00,22411526-1,Temperature,CURRENT,°C,25.093955078125
2026-08-05T13:25:00+00:00,22411526-2,RH,CURRENT,%,70.27542534523538
2026-08-05T13:25:00+00:00,22411526-3,Dew Point,CURRENT,°C,19.324245585101202
2026-08-05T13:25:00+00:00,22411527-1,Temperature,CURRENT,°C,23.249238281249994
2026-08-05T13:25:00+00:00,22411527-2,RH,CURRENT,%,72.3903257801175
2026-08-05T13:25:00+00:00,22411527-3,Dew Point,CURRENT,°C,18.02851364162052
2026-08-05T13:25:00+00:00,22411528-1,Temperature,CURRENT,°C,24.836552734374997
2026-08-05T13:25:00+00:00,22411528-2,RH,CURRENT,%,73.20820935378042
2026-08-05T13:25:00+00:00,22411528-3,Dew Point,CURRENT,°C,19.73606287384811
2026-08-05T13:25:00+00:00,22411529-1,Temperature,CURRENT,°C,24.600600585937492
2026-08-05T13:25:00+00:00,22411529-2,RH,CURRENT,%,77.85152971694514
2026-08-05T13:25:00+00:00,22411529-3,Dew Point,CURRENT,°C,20.503767628832094
2026-08-05T13:25:00+00:00,22411530-1,Temperature,CURRENT,°C,23.4851904296875
2026-08-05T13:25:00+00:00,22411530-2,RH,CURRENT,%,72.28351262684062
2026-08-05T13:25:00+00:00,22411530-3,Dew Point,CURRENT,°C,18.231856706183127
2026-08-05T13:26:00+00:00,22411541-S,Battery,CURRENT,V,8.448314208984375
2026-08-05T13:30:00+00:00,22411189-1,Temperature,CURRENT,°C,24.96525390624999
2026-08-05T13:30:00+00:00,22411189-2,RH,CURRENT,%,70.65995269703213
2026-08-05T13:30:00+00:00,22411189-3,Dew Point,CURRENT,°C,19.288729047542795
2026-08-05T13:30:00+00:00,22411190-1,Temperature,CURRENT,°C,24.858002929687494
2026-08-05T13:30:00+00:00,22411190-2,RH,CURRENT,%,68.35584039063096
2026-08-05T13:30:00+00:00,22411190-3,Dew Point,CURRENT,°C,18.654104378459845
2026-08-05T13:30:00+00:00,22411191-1,Temperature,CURRENT,°C,23.8283935546875
2026-08-05T13:30:00+00:00,22411191-2,RH,CURRENT,%,71.77233539330129
2026-08-05T13:30:00+00:00,22411191-3,Dew Point,CURRENT,°C,18.448344871039854
2026-08-05T13:30:00+00:00,22411525-1,Temperature,CURRENT,°C,23.6567919921875
2026-08-05T13:30:00+00:00,22411525-2,RH,CURRENT,%,70.63248645761807
2026-08-05T13:30:00+00:00,22411525-3,Dew Point,CURRENT,°C,18.02822105190592
2026-08-05T13:30:00+00:00,22411526-1,Temperature,CURRENT,°C,25.951962890625005
2026-08-05T13:30:00+00:00,22411526-2,RH,CURRENT,%,68.21545738918135
2026-08-05T13:30:00+00:00,22411526-3,Dew Point,CURRENT,°C,19.66508141717994
2026-08-05T13:30:00+00:00,22411527-1,Temperature,CURRENT,°C,23.613891601562493
2026-08-05T13:30:00+00:00,22411527-2,RH,CURRENT,%,70.79575799191272
2026-08-05T13:30:00+00:00,22411527-3,Dew Point,CURRENT,°C,18.02386909288932
2026-08-05T13:30:00+00:00,22411528-1,Temperature,CURRENT,°C,25.758911132812493
2026-08-05T13:30:00+00:00,22411528-2,RH,CURRENT,%,70.11062790875106
2026-08-05T13:30:00+00:00,22411528-3,Dew Point,CURRENT,°C,19.923166200548962
2026-08-05T13:30:00+00:00,22411529-1,Temperature,CURRENT,°C,25.179755859375
2026-08-05T13:30:00+00:00,22411529-2,RH,CURRENT,%,76.98329137102311
2026-08-05T13:30:00+00:00,22411529-3,Dew Point,CURRENT,°C,20.88289411516208
2026-08-05T13:30:00+00:00,22411530-1,Temperature,CURRENT,°C,23.957094726562495
2026-08-05T13:30:00+00:00,22411530-2,RH,CURRENT,%,70.63248645761807
2026-08-05T13:30:00+00:00,22411530-3,Dew Point,CURRENT,°C,18.31610662902608
2026-08-05T13:31:00+00:00,22411541-S,Battery,CURRENT,V,8.454775634765625
2026-08-05T13:35:00+00:00,22411189-1,Temperature,CURRENT,°C,25.351357421875
2026-08-05T13:35:00+00:00,22411189-2,RH,CURRENT,%,70.3242542153048
2026-08-05T13:35:00+00:00,22411189-3,Dew Point,CURRENT,°C,19.581989392556558
2026-08-05T13:35:00+00:00,22411190-1,Temperature,CURRENT,°C,25.222656249999993
2026-08-05T13:35:00+00:00,22411190-2,RH,CURRENT,%,68.22919050888838
2026-08-05T13:35:00+00:00,22411190-3,Dew Point,CURRENT,°C,18.972412504661424
2026-08-05T13:35:00+00:00,22411191-1,Temperature,CURRENT,°C,24.085795898437503
2026-08-05T13:35:00+00:00,22411191-2,RH,CURRENT,%,72.28351262684062
2026-08-05T13:35:00+00:00,22411191-3,Dew Point,CURRENT,°C,18.809291827343042
2026-08-05T13:35:00+00:00,22411525-1,Temperature,CURRENT,°C,23.914194335937502
2026-08-05T13:35:00+00:00,22411525-2,RH,CURRENT,%,71.29015030136568
2026-08-05T13:35:00+00:00,22411525-3,Dew Point,CURRENT,°C,18.422996833011013
2026-08-05T13:35:00+00:00,22411526-1,Temperature,CURRENT,°C,26.402416992187504
2026-08-05T13:35:00+00:00,22411526-2,RH,CURRENT,%,67.20225833524071
2026-08-05T13:35:00+00:00,22411526-3,Dew Point,CURRENT,°C,19.852822310461214
2026-08-05T13:35:00+00:00,22411527-1,Temperature,CURRENT,°C,23.871293945312495
2026-08-05T13:35:00+00:00,22411527-2,RH,CURRENT,%,71.63805600061036
2026-08-05T13:35:00+00:00,22411527-3,Dew Point,CURRENT,°C,18.459616343884054
2026-08-05T13:35:00+00:00,22411528-1,Temperature,CURRENT,°C,26.230815429687503
2026-08-05T13:35:00+00:00,22411528-2,RH,CURRENT,%,68.97383077744716
2026-08-05T13:35:00+00:00,22411528-3,Dew Point,CURRENT,°C,20.11002036851661
2026-08-05T13:35:00+00:00,22411529-1,Temperature,CURRENT,°C,26.402416992187504
2026-08-05T13:35:00+00:00,22411529-2,RH,CURRENT,%,74.22598611429008
2026-08-05T13:35:00+00:00,22411529-3,Dew Point,CURRENT,°C,21.469209297026133
2026-08-05T13:35:00+00:00,22411530-1,Temperature,CURRENT,°C,24.235947265624993
2026-08-05T13:35:00+00:00,22411530-2,RH,CURRENT,%,71.35118638895247
2026-08-05T13:35:00+00:00,22411530-3,Dew Point,CURRENT,°C,18.745498204981832
2026-08-05T13:36:00+00:00,22411541-S,Battery,CURRENT,V,8.467698486328125
2026-08-05T13:40:00+00:00,22411189-1,Temperature,CURRENT,°C,25.415708007812505
2026-08-05T13:40:00+00:00,22411189-2,RH,CURRENT,%,70.83848325322347
2026-08-05T13:40:00+00:00,22411189-3,Dew Point,CURRENT,°C,19.761219154100328
2026-08-05T13:40:00+00:00,22411190-1,Temperature,CURRENT,°C,25.222656249999993
2026-08-05T13:40:00+00:00,22411190-2,RH,CURRENT,%,69.28053711757076
2026-08-05T13:40:00+00:00,22411190-3,Dew Point,CURRENT,°C,19.21805384185058
2026-08-05T13:40:00+00:00,22411191-1,Temperature,CURRENT,°C,24.386098632812498
2026-08-05T13:40:00+00:00,22411191-2,RH,CURRENT,%,71.76623178454261
2026-08-05T13:40:00+00:00,22411191-3,Dew Point,CURRENT,°C,18.982667554507515
2026-08-05T13:40:00+00:00,22411525-1,Temperature,CURRENT,°C,24.193046875
2026-08-05T13:40:00+00:00,22411525-2,RH,CURRENT,%,70.62333104448005
2026-08-05T13:40:00+00:00,22411525-3,Dew Point,CURRENT,°C,18.540218974300508
2026-08-05T13:40:00+00:00,22411526-1,Temperature,CURRENT,°C,26.295166015624993
2026-08-05T13:40:00+00:00,22411526-2,RH,CURRENT,%,69.6101319905394
2026-08-05T13:40:00+00:00,22411526-3,Dew Point,CURRENT,°C,20.3203399973077
2026-08-05T13:40:00+00:00,22411527-1,Temperature,CURRENT,°C,24.150146484374993
2026-08-05T13:40:00+00:00,22411527-2,RH,CURRENT,%,71.01091020065614
2026-08-05T13:40:00+00:00,22411527-3,Dew Point,CURRENT,°C,18.586635005367214
2026-08-05T13:40:00+00:00,22411528-1,Temperature,CURRENT,°C,26.230815429687503
2026-08-05T13:40:00+00:00,22411528-2,RH,CURRENT,%,72.42236972610056
2026-08-05T13:40:00+00:00,22411528-3,Dew Point,CURRENT,°C,20.902380322251084
2026-08-05T13:40:00+00:00,22411529-1,Temperature,CURRENT,°C,26.938671875000004
2026-08-05T13:40:00+00:00,22411529-2,RH,CURRENT,%,77.99496452277408
2026-08-05T13:40:00+00:00,22411529-3,Dew Point,CURRENT,°C,22.802490410013743
2026-08-05T13:40:00+00:00,22411530-1,Temperature,CURRENT,°C,24.4718994140625
2026-08-05T13:40:00+00:00,22411530-2,RH,CURRENT,%,70.89646753643092
2026-08-05T13:40:00+00:00,22411530-3,Dew Point,CURRENT,°C,18.869397053848797
2026-08-05T13:41:00+00:00,22411541-S,Battery,CURRENT,V,8.477390625
2026-08-05T13:45:00+00:00,22411189-1,Temperature,CURRENT,°C,25.308457031249993
2026-08-05T13:45:00+00:00,22411189-2,RH,CURRENT,%,69.1477836270695
2026-08-05T13:45:00+00:00,22411189-3,Dew Point,CURRENT,°C,19.269231870771833
2026-08-05T13:45:00+00:00,22411190-1,Temperature,CURRENT,°C,25.093955078125
2026-08-05T13:45:00+00:00,22411190-2,RH,CURRENT,%,67.85381857022965
2026-08-05T13:45:00+00:00,22411190-3,Dew Point,CURRENT,°C,18.761172352613993
2026-08-05T13:45:00+00:00,22411191-1,Temperature,CURRENT,°C,24.257397460937504
2026-08-05T13:45:00+00:00,22411191-2,RH,CURRENT,%,71.50225070572976
2026-08-05T13:45:00+00:00,22411191-3,Dew Point,CURRENT,°C,18.799977825100637
2026-08-05T13:45:00+00:00,22411525-1,Temperature,CURRENT,°C,24.085795898437503
2026-08-05T13:45:00+00:00,22411525-2,RH,CURRENT,%,70.74540321965362
2026-08-05T13:45:00+00:00,22411525-3,Dew Point,CURRENT,°C,18.465013473538573
2026-08-05T13:45:00+00:00,22411526-1,Temperature,CURRENT,°C,26.316616210937504
2026-08-05T13:45:00+00:00,22411526-2,RH,CURRENT,%,65.78316929884794
2026-08-05T13:45:00+00:00,22411526-3,Dew Point,CURRENT,°C,19.426921739984216
2026-08-05T13:45:00+00:00,22411527-1,Temperature,CURRENT,°C,24.042895507812496
2026-08-05T13:45:00+00:00,22411527-2,RH,CURRENT,%,71.07194628824293
2026-08-05T13:45:00+00:00,22411527-3,Dew Point,CURRENT,°C,18.497491658805266
2026-08-05T13:45:00+00:00,22411528-1,Temperature,CURRENT,°C,26.12356445312499
2026-08-05T13:45:00+00:00,22411528-2,RH,CURRENT,%,67.95757991912718
2026-08-05T13:45:00+00:00,22411528-3,Dew Point,CURRENT,°C,19.767633428507008
2026-08-05T13:45:00+00:00,22411529-1,Temperature,CURRENT,°C,27.539277343749994
2026-08-05T13:45:00+00:00,22411529-2,RH,CURRENT,%,70.40817883573663
2026-08-05T13:45:00+00:00,22411529-3,Dew Point,CURRENT,°C,21.69691443006484
2026-08-05T13:45:00+00:00,22411530-1,Temperature,CURRENT,°C,24.386098632812498
2026-08-05T13:45:00+00:00,22411530-2,RH,CURRENT,%,70.38071259632258
2026-08-05T13:45:00+00:00,22411530-3,Dew Point,CURRENT,°C,18.67016075728561
2026-08-05T13:46:00+00:00,22411541-S,Battery,CURRENT,V,8.49677490234375
2026-08-05T13:50:00+00:00,22411189-1,Temperature,CURRENT,°C,25.6302099609375
2026-08-05T13:50:00+00:00,22411189-2,RH,CURRENT,%,72.28503852903029
2026-08-05T13:50:00+00:00,22411189-3,Dew Point,CURRENT,°C,20.29421938078396
2026-08-05T13:50:00+00:00,22411190-1,Temperature,CURRENT,°C,25.480058593749995
2026-08-05T13:50:00+00:00,22411190-2,RH,CURRENT,%,70.80491340505074
2026-08-05T13:50:00+00:00,22411190-3,Dew Point,CURRENT,°C,19.815257252296547
2026-08-05T13:50:00+00:00,22411191-1,Temperature,CURRENT,°C,24.793652343750004
2026-08-05T13:50:00+00:00,22411191-2,RH,CURRENT,%,73.93606469825284
2026-08-05T13:50:00+00:00,22411191-3,Dew Point,CURRENT,°C,19.854523043083542
2026-08-05T13:50:00+00:00,22411525-1,Temperature,CURRENT,°C,24.6435009765625
2026-08-05T13:50:00+00:00,22411525-2,RH,CURRENT,%,72.61463340199893
2026-08-05T13:50:00+00:00,22411525-3,Dew Point,CURRENT,°C,19.4190158390459
2026-08-05T13:50:00+00:00,22411526-1,Temperature,CURRENT,°C,26.57401855468749
2026-08-05T13:50:00+00:00,22411526-2,RH,CURRENT,%,69.42854962996871
2026-08-05T13:50:00+00:00,22411526-3,Dew Point,CURRENT,°C,20.544615299911246
2026-08-05T13:50:00+00:00,22411527-1,Temperature,CURRENT,°C,24.6435009765625
2026-08-05T13:50:00+00:00,22411527-2,RH,CURRENT,%,72.82825970855268
2026-08-05T13:50:00+00:00,22411527-3,Dew Point,CURRENT,°C,19.46633287442431
2026-08-05T13:50:00+00:00,22411528-1,Temperature,CURRENT,°C,26.402416992187504
2026-08-05T13:50:00+00:00,22411528-2,RH,CURRENT,%,71.3145647364004
2026-08-05T13:50:00+00:00,22411528-3,Dew Point,CURRENT,°C,20.816143794556087
2026-08-05T13:50:00+00:00,22411529-1,Temperature,CURRENT,°C,28.247133789062495
2026-08-05T13:50:00+00:00,22411529-2,RH,CURRENT,%,71.45647364003968
2026-08-05T13:50:00+00:00,22411529-3,Dew Point,CURRENT,°C,22.618507667803915
2026-08-05T13:50:00+00:00,22411530-1,Temperature,CURRENT,°C,24.8151025390625
2026-08-05T13:50:00+00:00,22411530-2,RH,CURRENT,%,72.94422827496757
2026-08-05T13:50:00+00:00,22411530-3,Dew Point,CURRENT,°C,19.657113859962738
2026-08-05T13:51:00+00:00,22411541-S,Battery,CURRENT,V,8.493544189453125
2026-08-05T13:55:00+00:00,22411189-1,Temperature,CURRENT,°C,25.50150878906249
2026-08-05T13:55:00+00:00,22411189-2,RH,CURRENT,%,72.133974212253
2026-08-05T13:55:00+00:00,22411189-3,Dew Point,CURRENT,°C,20.13663355740732
2026-08-05T13:55:00+00:00,22411190-1,Temperature,CURRENT,°C,25.308457031249993
2026-08-05T13:55:00+00:00,22411190-2,RH,CURRENT,%,70.69199664301519
2026-08-05T13:55:00+00:00,22411190-3,Dew Point,CURRENT,°C,19.62499743670293
2026-08-05T13:55:00+00:00,22411191-1,Temperature,CURRENT,°C,24.6435009765625
2026-08-05T13:55:00+00:00,22411191-2,RH,CURRENT,%,73.52407110704203
2026-08-05T13:55:00+00:00,22411191-3,Dew Point,CURRENT,°C,19.619614059329447
2026-08-05T13:55:00+00:00,22411525-1,Temperature,CURRENT,°C,24.51479980468749
2026-08-05T13:55:00+00:00,22411525-2,RH,CURRENT,%,71.93560692759594
2026-08-05T13:55:00+00:00,22411525-3,Dew Point,CURRENT,°C,19.14415619453613
2026-08-05T13:55:00+00:00,22411526-1,Temperature,CURRENT,°C,26.252265625
2026-08-05T13:55:00+00:00,22411526-2,RH,CURRENT,%,69.28206301976043
2026-08-05T13:55:00+00:00,22411526-3,Dew Point,CURRENT,°C,20.202739736537065
2026-08-05T13:55:00+00:00,22411527-1,Temperature,CURRENT,°C,24.4718994140625
2026-08-05T13:55:00+00:00,22411527-2,RH,CURRENT,%,72.1690699626154
2026-08-05T13:55:00+00:00,22411527-3,Dew Point,CURRENT,°C,19.15500397883418
2026-08-05T13:55:00+00:00,22411528-1,Temperature,CURRENT,°C,26.145014648437503
2026-08-05T13:55:00+00:00,22411528-2,RH,CURRENT,%,71.4198519874876
2026-08-05T13:55:00+00:00,22411528-3,Dew Point,CURRENT,°C,20.593161470309724
2026-08-05T13:55:00+00:00,22411529-1,Temperature,CURRENT,°C,28.161333007812495
2026-08-05T13:55:00+00:00,22411529-2,RH,CURRENT,%,68.10406652933547
2026-08-05T13:55:00+00:00,22411529-3,Dew Point,CURRENT,°C,21.745881456137194
2026-08-05T13:55:00+00:00,22411530-1,Temperature,CURRENT,°C,24.7293017578125
2026-08-05T13:55:00+00:00,22411530-2,RH,CURRENT,%,72.53681239032578
2026-08-05T13:55:00+00:00,22411530-3,Dew Point,CURRENT,°C,19.484263970379903
2026-08-05T13:56:00+00:00,22411541-S,Battery,CURRENT,V,8.50969775390625
2026-08-05T14:00:00+00:00,22411189-1,Temperature,CURRENT,°C,25.308457031249993
2026-08-05T14:00:00+00:00,22411189-2,RH,CURRENT,%,70.60959792477303
2026-08-05T14:00:00+00:00,22411189-3,Dew Point,CURRENT,°C,19.606186417553463
2026-08-05T14:00:00+00:00,22411190-1,Temperature,CURRENT,°C,25.093955078125
2026-08-05T14:00:00+00:00,22411190-2,RH,CURRENT,%,69.52925917448691
2026-08-05T14:00:00+00:00,22411190-3,Dew Point,CURRENT,°C,19.152580228863687
2026-08-05T14:00:00+00:00,22411191-1,Temperature,CURRENT,°C,24.4718994140625
2026-08-05T14:00:00+00:00,22411191-2,RH,CURRENT,%,72.56733043411917
2026-08-05T14:00:00+00:00,22411191-3,Dew Point,CURRENT,°C,19.24347944139718
2026-08-05T14:00:00+00:00,22411525-1,Temperature,CURRENT,°C,24.343198242187505
2026-08-05T14:00:00+00:00,22411525-2,RH,CURRENT,%,71.50682841229877
2026-08-05T14:00:00+00:00,22411525-3,Dew Point,CURRENT,°C,18.883376656345053
2026-08-05T14:00:00+00:00,22411526-1,Temperature,CURRENT,°C,26.12356445312499
2026-08-05T14:00:00+00:00,22411526-2,RH,CURRENT,%,67.82024872205692
2026-08-05T14:00:00+00:00,22411526-3,Dew Point,CURRENT,°C,19.734971835869594
2026-08-05T14:00:00+00:00,22411527-1,Temperature,CURRENT,°C,24.300297851562497
2026-08-05T14:00:00+00:00,22411527-2,RH,CURRENT,%,71.89440756847486
2026-08-05T14:00:00+00:00,22411527-3,Dew Point,CURRENT,°C,18.92888251874374
2026-08-05T14:00:00+00:00,22411528-1,Temperature,CURRENT,°C,26.016313476562495
2026-08-05T14:00:00+00:00,22411528-2,RH,CURRENT,%,69.19356069275959
2026-08-05T14:00:00+00:00,22411528-3,Dew Point,CURRENT,°C,19.956506337266426
2026-08-05T14:00:00+00:00,22411529-1,Temperature,CURRENT,°C,28.054082031249997
2026-08-05T14:00:00+00:00,22411529-2,RH,CURRENT,%,69.23018234531166
2026-08-05T14:00:00+00:00,22411529-3,Dew Point,CURRENT,°C,21.91259273249419
2026-08-05T14:00:00+00:00,22411530-1,Temperature,CURRENT,°C,24.579150390624996
2026-08-05T14:00:00+00:00,22411530-2,RH,CURRENT,%,71.44121461814298
2026-08-05T14:00:00+00:00,22411530-3,Dew Point,CURRENT,°C,19.095148325069324
2026-08-05T14:01:00+00:00,22411541-S,Battery,CURRENT,V,8.50969775390625
2026-08-05T14:05:00+00:00,22411189-1,Temperature,CURRENT,°C,26.03776367187499
2026-08-05T14:05:00+00:00,22411189-2,RH,CURRENT,%,71.3649195086595
2026-08-05T14:05:00+00:00,22411189-3,Dew Point,CURRENT,°C,20.477746568639827
2026-08-05T14:05:00+00:00,22411190-1,Temperature,CURRENT,°C,25.823261718749997
2026-08-05T14:05:00+00:00,22411190-2,RH,CURRENT,%,69.32173647669184
2026-08-05T14:05:00+00:00,22411190-3,Dew Point,CURRENT,°C,19.801869604909626
2026-08-05T14:05:00+00:00,22411191-1,Temperature,CURRENT,°C,24.943803710937495
2026-08-05T14:05:00+00:00,22411191-2,RH,CURRENT,%,72.95185778591592
2026-08-05T14:05:00+00:00,22411191-3,Dew Point,CURRENT,°C,19.78265919483151
2026-08-05T14:05:00+00:00,22411525-1,Temperature,CURRENT,°C,24.772202148437493
2026-08-05T14:05:00+00:00,22411525-2,RH,CURRENT,%,71.96917677576867
2026-08-05T14:05:00+00:00,22411525-3,Dew Point,CURRENT,°C,19.398958126738602
2026-08-05T14:05:00+00:00,22411526-1,Temperature,CURRENT,°C,27.003022460937494
2026-08-05T14:05:00+00:00,22411526-2,RH,CURRENT,%,68.40314335851072
2026-08-05T14:05:00+00:00,22411526-3,Dew Point,CURRENT,°C,20.712519194430723
2026-08-05T14:05:00+00:00,22411527-1,Temperature,CURRENT,°C,24.707851562500004
2026-08-05T14:05:00+00:00,22411527-2,RH,CURRENT,%,72.41626611734188
2026-08-05T14:05:00+00:00,22411527-3,Dew Point,CURRENT,°C,19.436843130183313
2026-08-05T14:05:00+00:00,22411528-1,Temperature,CURRENT,°C,26.938671875000004
2026-08-05T14:05:00+00:00,22411528-2,RH,CURRENT,%,69.8161287861448
2026-08-05T14:05:00+00:00,22411528-3,Dew Point,CURRENT,°C,20.983977593674116
2026-08-05T14:05:00+00:00,22411529-1,Temperature,CURRENT,°C,29.212392578124998
2026-08-05T14:05:00+00:00,22411529-2,RH,CURRENT,%,68.94636453803311
2026-08-05T14:05:00+00:00,22411529-3,Dew Point,CURRENT,°C,22.95129265050639
2026-08-05T14:05:00+00:00,22411530-1,Temperature,CURRENT,°C,25.072504882812503
2026-08-05T14:05:00+00:00,22411530-2,RH,CURRENT,%,71.99511711299306
2026-08-05T14:05:00+00:00,22411530-3,Dew Point,CURRENT,°C,19.69328278064913
2026-08-05T14:06:00+00:00,22411541-S,Battery,CURRENT,V,8.525851318359376
2026-08-05T14:10:00+00:00,22411189-1,Temperature,CURRENT,°C,25.8018115234375
2026-08-05T14:10:00+00:00,22411189-2,RH,CURRENT,%,70.3746089875639
2026-08-05T14:10:00+00:00,22411189-3,Dew Point,CURRENT,°C,20.025034848333654
2026-08-05T14:10:00+00:00,22411190-1,Temperature,CURRENT,°C,25.480058593749995
2026-08-05T14:10:00+00:00,22411190-2,RH,CURRENT,%,68.58167391470207
2026-08-05T14:10:00+00:00,22411190-3,Dew Point,CURRENT,°C,19.30092184753363
2026-08-05T14:10:00+00:00,22411191-1,Temperature,CURRENT,°C,24.6435009765625
2026-08-05T14:10:00+00:00,22411191-2,RH,CURRENT,%,72.26520180056458
2026-08-05T14:10:00+00:00,22411191-3,Dew Point,CURRENT,°C,19.34135555847411
2026-08-05T14:10:00+00:00,22411525-1,Temperature,CURRENT,°C,24.493349609374995
2026-08-05T14:10:00+00:00,22411525-2,RH,CURRENT,%,71.63042648966201
2026-08-05T14:10:00+00:00,22411525-3,Dew Point,CURRENT,°C,19.055256787992068
2026-08-05T14:10:00+00:00,22411526-1,Temperature,CURRENT,°C,26.9601220703125
2026-08-05T14:10:00+00:00,22411526-2,RH,CURRENT,%,66.89097428854811
2026-08-05T14:10:00+00:00,22411526-3,Dew Point,CURRENT,°C,20.308564789950427
2026-08-05T14:10:00+00:00,22411527-1,Temperature,CURRENT,°C,24.4718994140625
2026-08-05T14:10:00+00:00,22411527-2,RH,CURRENT,%,71.95544365606165
2026-08-05T14:10:00+00:00,22411527-3,Dew Point,CURRENT,°C,19.107369722782014
2026-08-05T14:10:00+00:00,22411528-1,Temperature,CURRENT,°C,26.724169921874996
2026-08-05T14:10:00+00:00,22411528-2,RH,CURRENT,%,69.56130312046997
2026-08-05T14:10:00+00:00,22411528-3,Dew Point,CURRENT,°C,20.71925072821215
2026-08-05T14:10:00+00:00,22411529-1,Temperature,CURRENT,°C,30.0060498046875
2026-08-05T14:10:00+00:00,22411529-2,RH,CURRENT,%,67.12596322575723
2026-08-05T14:10:00+00:00,22411529-3,Dew Point,CURRENT,°C,23.26440101450065
2026-08-05T14:10:00+00:00,22411530-1,Temperature,CURRENT,°C,24.7293017578125
2026-08-05T14:10:00+00:00,22411530-2,RH,CURRENT,%,71.37712672617685
2026-08-05T14:10:00+00:00,22411530-3,Dew Point,CURRENT,°C,19.224843645066553
2026-08-05T14:11:00+00:00,22411541-S,Battery,CURRENT,V,8.525851318359376
2026-08-05T14:15:00+00:00,22411189-1,Temperature,CURRENT,°C,26.145014648437503
2026-08-05T14:15:00+00:00,22411189-2,RH,CURRENT,%,71.09025711451896
2026-08-05T14:15:00+00:00,22411189-3,Dew Point,CURRENT,°C,20.518009276357503
2026-08-05T14:15:00+00:00,22411190-1,Temperature,CURRENT,°C,25.844711914062493
2026-08-05T14:15:00+00:00,22411190-2,RH,CURRENT,%,70.02670328831923
2026-08-05T14:15:00+00:00,22411190-3,Dew Point,CURRENT,°C,19.985939727753717
2026-08-05T14:15:00+00:00,22411191-1,Temperature,CURRENT,°C,25.115405273437496
2026-08-05T14:15:00+00:00,22411191-2,RH,CURRENT,%,73.80788891432059
2026-08-05T14:15:00+00:00,22411191-3,Dew Point,CURRENT,°C,20.136583266498505
2026-08-05T14:15:00+00:00,22411525-1,Temperature,CURRENT,°C,24.96525390624999
2026-08-05T14:15:00+00:00,22411525-2,RH,CURRENT,%,73.02052338445105
2026-08-05T14:15:00+00:00,22411525-3,Dew Point,CURRENT,°C,19.81849923936405
2026-08-05T14:15:00+00:00,22411526-1,Temperature,CURRENT,°C,27.19607421874999
2026-08-05T14:15:00+00:00,22411526-2,RH,CURRENT,%,67.35332265201801
2026-08-05T14:15:00+00:00,22411526-3,Dew Point,CURRENT,°C,20.645034982329253
2026-08-05T14:15:00+00:00,22411527-1,Temperature,CURRENT,°C,24.943803710937495
2026-08-05T14:15:00+00:00,22411527-2,RH,CURRENT,%,73.46913862821393
2026-08-05T14:15:00+00:00,22411527-3,Dew Point,CURRENT,°C,19.89682078398313
2026-08-05T14:15:00+00:00,22411528-1,Temperature,CURRENT,°C,27.088823242187495
2026-08-05T14:15:00+00:00,22411528-2,RH,CURRENT,%,69.49263752193484
2026-08-05T14:15:00+00:00,22411528-3,Dew Point,CURRENT,°C,21.051864819916936
2026-08-05T14:15:00+00:00,22411529-1,Temperature,CURRENT,°C,30.435053710937503
2026-08-05T14:15:00+00:00,22411529-2,RH,CURRENT,%,64.67994201571679
2026-08-05T14:15:00+00:00,22411529-3,Dew Point,CURRENT,°C,23.056291832886888
2026-08-05T14:15:00+00:00,22411530-1,Temperature,CURRENT,°C,25.201206054687496
2026-08-05T14:15:00+00:00,22411530-2,RH,CURRENT,%,72.78858625162127
2026-08-05T14:15:00+00:00,22411530-3,Dew Point,CURRENT,°C,19.994117750840733
2026-08-05T14:16:00+00:00,22411541-S,Battery,CURRENT,V,8.52908203125
2026-08-05T14:20:00+00:00,22411189-1,Temperature,CURRENT,°C,26.016313476562495
2026-08-05T14:20:00+00:00,22411189-2,RH,CURRENT,%,71.64263370717937
2026-08-05T14:20:00+00:00,22411189-3,Dew Point,CURRENT,°C,20.520233933546933
2026-08-05T14:20:00+00:00,22411190-1,Temperature,CURRENT,°C,25.758911132812493
2026-08-05T14:20:00+00:00,22411190-2,RH,CURRENT,%,70.47226672770276
2026-08-05T14:20:00+00:00,22411190-3,Dew Point,CURRENT,°C,20.00637327821419
2026-08-05T14:20:00+00:00,22411191-1,Temperature,CURRENT,°C,25.072504882812503
2026-08-05T14:20:00+00:00,22411191-2,RH,CURRENT,%,73.87197680628671
2026-08-05T14:20:00+00:00,22411191-3,Dew Point,CURRENT,°C,20.109290026685542
2026-08-05T14:20:00+00:00,22411525-1,Temperature,CURRENT,°C,24.9009033203125
2026-08-05T14:20:00+00:00,22411525-2,RH,CURRENT,%,72.87556267643244
2026-08-05T14:20:00+00:00,22411525-3,Dew Point,CURRENT,°C,19.724481065375493
2026-08-05T14:20:00+00:00,22411526-1,Temperature,CURRENT,°C,26.852871093750004
2026-08-05T14:20:00+00:00,22411526-2,RH,CURRENT,%,68.43976501106279
2026-08-05T14:20:00+00:00,22411526-3,Dew Point,CURRENT,°C,20.577928584063493
2026-08-05T14:20:00+00:00,22411527-1,Temperature,CURRENT,°C,24.858002929687494
2026-08-05T14:20:00+00:00,22411527-2,RH,CURRENT,%,73.0128938735027
2026-08-05T14:20:00+00:00,22411527-3,Dew Point,CURRENT,°C,19.71358605141639
2026-08-05T14:20:00+00:00,22411528-1,Temperature,CURRENT,°C,26.809970703124996
2026-08-05T14:20:00+00:00,22411528-2,RH,CURRENT,%,70.09689478904403
2026-08-05T14:20:00+00:00,22411528-3,Dew Point,CURRENT,°C,20.92621920584376
2026-08-05T14:20:00+00:00,22411529-1,Temperature,CURRENT,°C,29.705747070312505
2026-08-05T14:20:00+00:00,22411529-2,RH,CURRENT,%,64.65857938506142
2026-08-05T14:20:00+00:00,22411529-3,Dew Point,CURRENT,°C,22.360206641093246
2026-08-05T14:20:00+00:00,22411530-1,Temperature,CURRENT,°C,25.136855468749992
2026-08-05T14:20:00+00:00,22411530-2,RH,CURRENT,%,72.71076523994812
2026-08-05T14:20:00+00:00,22411530-3,Dew Point,CURRENT,°C,19.914914220815096
2026-08-05T14:21:00+00:00,22411541-S,Battery,CURRENT,V,8.5420048828125
2026-08-05T14:25:00+00:00,22411189-1,Temperature,CURRENT,°C,26.0806640625
2026-08-05T14:25:00+00:00,22411189-2,RH,CURRENT,%,70.40665293354697
2026-08-05T14:25:00+00:00,22411189-3,Dew Point,CURRENT,°C,20.299520731173903
2026-08-05T14:25:00+00:00,22411190-1,Temperature,CURRENT,°C,25.844711914062493
2026-08-05T14:25:00+00:00,22411190-2,RH,CURRENT,%,69.4590676737621
2026-08-05T14:25:00+00:00,22411190-3,Dew Point,CURRENT,°C,19.854354110199456
2026-08-05T14:25:00+00:00,22411191-1,Temperature,CURRENT,°C,25.136855468749992
2026-08-05T14:25:00+00:00,22411191-2,RH,CURRENT,%,71.625848783093
2026-08-05T14:25:00+00:00,22411191-3,Dew Point,CURRENT,°C,19.672103914947325
2026-08-05T14:25:00+00:00,22411525-1,Temperature,CURRENT,°C,24.96525390624999
2026-08-05T14:25:00+00:00,22411525-2,RH,CURRENT,%,70.49820706492714
2026-08-05T14:25:00+00:00,22411525-3,Dew Point,CURRENT,°C,19.25186531616196
2026-08-05T14:25:00+00:00,22411526-1,Temperature,CURRENT,°C,26.852871093750004
2026-08-05T14:25:00+00:00,22411526-2,RH,CURRENT,%,68.71747920958266
2026-08-05T14:25:00+00:00,22411526-3,Dew Point,CURRENT,°C,20.64375070317787
2026-08-05T14:25:00+00:00,22411527-1,Temperature,CURRENT,°C,24.922353515624998
2026-08-05T14:25:00+00:00,22411527-2,RH,CURRENT,%,70.81559472037843
2026-08-05T14:25:00+00:00,22411527-3,Dew Point,CURRENT,°C,19.283000009270253
2026-08-05T14:25:00+00:00,22411528-1,Temperature,CURRENT,°C,26.852871093750004
2026-08-05T14:25:00+00:00,22411528-2,RH,CURRENT,%,71.45647364003968
2026-08-05T14:25:00+00:00,22411528-3,Dew Point,CURRENT,°C,21.280768056633054
2026-08-05T14:25:00+00:00,22411529-1,Temperature,CURRENT,°C,29.426894531249992
2026-08-05T14:25:00+00:00,22411529-2,RH,CURRENT,%,70.7515068284123
2026-08-05T14:25:00+00:00,22411529-3,Dew Point,CURRENT,°C,23.585216206110047
2026-08-05T14:25:00+00:00,22411530-1,Temperature,CURRENT,°C,25.265556640625
2026-08-05T14:25:00+00:00,22411530-2,RH,CURRENT,%,70.45242999923705
2026-08-05T14:25:00+00:00,22411530-3,Dew Point,CURRENT,°C,19.52914961380954
2026-08-05T14:26:00+00:00,22411541-S,Battery,CURRENT,V,8.548466308593751
2026-08-05T14:30:00+00:00,22411189-1,Temperature,CURRENT,°C,26.145014648437503
2026-08-05T14:30:00+00:00,22411189-2,RH,CURRENT,%,72.55359731441214
2026-08-05T14:30:00+00:00,22411189-3,Dew Point,CURRENT,°C,20.849376828483187
2026-08-05T14:30:00+00:00,22411190-1,Temperature,CURRENT,°C,25.8876123046875
2026-08-05T14:30:00+00:00,22411190-2,RH,CURRENT,%,70.41733424887465
2026-08-05T14:30:00+00:00,22411190-3,Dew Point,CURRENT,°C,20.11704919196495
2026-08-05T14:30:00+00:00,22411191-1,Temperature,CURRENT,°C,25.222656249999993
2026-08-05T14:30:00+00:00,22411191-2,RH,CURRENT,%,71.93560692759594
2026-08-05T14:30:00+00:00,22411191-3,Dew Point,CURRENT,°C,19.82417869155498
2026-08-05T14:30:00+00:00,22411525-1,Temperature,CURRENT,°C,25.05105468749999
2026-08-05T14:30:00+00:00,22411525-2,RH,CURRENT,%,70.80491340505074
2026-08-05T14:30:00+00:00,22411525-3,Dew Point,CURRENT,°C,19.403966313853473
2026-08-05T14:30:00+00:00,22411526-1,Temperature,CURRENT,°C,26.981572265624997
2026-08-05T14:30:00+00:00,22411526-2,RH,CURRENT,%,70.51194018463417
2026-08-05T14:30:00+00:00,22411526-3,Dew Point,CURRENT,°C,21.18683241443321
2026-08-05T14:30:00+00:00,22411527-1,Temperature,CURRENT,°C,25.029604492187495
2026-08-05T14:30:00+00:00,22411527-2,RH,CURRENT,%,71.26878767071031
2026-08-05T14:30:00+00:00,22411527-3,Dew Point,CURRENT,°C,19.48857793852824
2026-08-05T14:30:00+00:00,22411528-1,Temperature,CURRENT,°C,26.895771484374997
2026-08-05T14:30:00+00:00,22411528-2,RH,CURRENT,%,72.79621576256962
2026-08-05T14:30:00+00:00,22411528-3,Dew Point,CURRENT,°C,21.62588145499287
2026-08-05T14:30:00+00:00,22411529-1,Temperature,CURRENT,°C,29.534145507812504
2026-08-05T14:30:00+00:00,22411529-2,RH,CURRENT,%,71.22606240939956
2026-08-05T14:30:00+00:00,22411529-3,Dew Point,CURRENT,°C,23.79926681444147
2026-08-05T14:30:00+00:00,22411530-1,Temperature,CURRENT,°C,25.308457031249993
2026-08-05T14:30:00+00:00,22411530-2,RH,CURRENT,%,71.07957579919128
2026-08-05T14:30:00+00:00,22411530-3,Dew Point,CURRENT,°C,19.7132224728372
2026-08-05T14:31:00+00:00,22411541-S,Battery,CURRENT,V,8.5420048828125
2026-08-05T14:35:00+00:00,22411189-1,Temperature,CURRENT,°C,26.33806640625
2026-08-05T14:35:00+00:00,22411189-2,RH,CURRENT,%,70.42648966201267
2026-08-05T14:35:00+00:00,22411189-3,Dew Point,CURRENT,°C,20.550658442788283
2026-08-05T14:35:00+00:00,22411190-1,Temperature,CURRENT,°C,26.0806640625
2026-08-05T14:35:00+00:00,22411190-2,RH,CURRENT,%,69.17067215991455
2026-08-05T14:35:00+00:00,22411190-3,Dew Point,CURRENT,°C,20.012661038783147
2026-08-05T14:35:00+00:00,22411191-1,Temperature,CURRENT,°C,25.308457031249993
2026-08-05T14:35:00+00:00,22411191-2,RH,CURRENT,%,71.06279087510491
2026-08-05T14:35:00+00:00,22411191-3,Dew Point,CURRENT,°C,19.709410429841068
2026-08-05T14:35:00+00:00,22411525-1,Temperature,CURRENT,°C,25.136855468749992
2026-08-05T14:35:00+00:00,22411525-2,RH,CURRENT,%,69.9717708094911
2026-08-05T14:35:00+00:00,22411525-3,Dew Point,CURRENT,°C,19.29564836711043
2026-08-05T14:35:00+00:00,22411526-1,Temperature,CURRENT,°C,27.260424804687496
2026-08-05T14:35:00+00:00,22411526-2,RH,CURRENT,%,68.2383459220264
2026-08-05T14:35:00+00:00,22411526-3,Dew Point,CURRENT,°C,20.918840257653326
2026-08-05T14:35:00+00:00,22411527-1,Temperature,CURRENT,°C,25.093955078125
2026-08-05T14:35:00+00:00,22411527-2,RH,CURRENT,%,70.2845807583734
2026-08-05T14:35:00+00:00,22411527-3,Dew Point,CURRENT,°C,19.326341987201868
2026-08-05T14:35:00+00:00,22411528-1,Temperature,CURRENT,°C,27.238974609375
2026-08-05T14:35:00+00:00,22411528-2,RH,CURRENT,%,71.20469977874419
2026-08-05T14:35:00+00:00,22411528-3,Dew Point,CURRENT,°C,21.59342726594602
2026-08-05T14:35:00+00:00,22411529-1,Temperature,CURRENT,°C,30.0918505859375
2026-08-05T14:35:00+00:00,22411529-2,RH,CURRENT,%,71.16655222400244
2026-08-05T14:35:00+00:00,22411529-3,Dew Point,CURRENT,°C,24.319967576518156
2026-08-05T14:35:00+00:00,22411530-1,Temperature,CURRENT,°C,25.394257812499994
2026-08-05T14:35:00+00:00,22411530-2,RH,CURRENT,%,70.19302662699322
2026-08-05T14:35:00+00:00,22411530-3,Dew Point,CURRENT,°C,19.592958907431075
2026-08-05T14:36:00+00:00,22411541-S,Battery,CURRENT,V,8.551697021484376
2026-08-05T14:40:00+00:00,22411189-1,Temperature,CURRENT,°C,25.201206054687496
2026-08-05T14:40:00+00:00,22411189-2,RH,CURRENT,%,71.7067215991455
2026-08-05T14:40:00+00:00,22411189-3,Dew Point,CURRENT,°C,19.75210684592461
2026-08-05T14:40:00+00:00,22411190-1,Temperature,CURRENT,°C,25.008154296875
2026-08-05T14:40:00+00:00,22411190-2,RH,CURRENT,%,70.17471580071718
2026-08-05T14:40:00+00:00,22411190-3,Dew Point,CURRENT,°C,19.21900031935382
2026-08-05T14:40:00+00:00,22411191-1,Temperature,CURRENT,°C,24.3646484375
2026-08-05T14:40:00+00:00,22411191-2,RH,CURRENT,%,73.27687495231555
2026-08-05T14:40:00+00:00,22411191-3,Dew Point,CURRENT,°C,19.296781339006078
2026-08-05T14:40:00+00:00,22411525-1,Temperature,CURRENT,°C,24.257397460937504
2026-08-05T14:40:00+00:00,22411525-2,RH,CURRENT,%,72.2194247348745
2026-08-05T14:40:00+00:00,22411525-3,Dew Point,CURRENT,°C,18.96002873071303
2026-08-05T14:40:00+00:00,22411526-1,Temperature,CURRENT,°C,26.03776367187499
2026-08-05T14:40:00+00:00,22411526-2,RH,CURRENT,%,68.95551995117113
2026-08-05T14:40:00+00:00,22411526-3,Dew Point,CURRENT,°C,19.921281641076156
2026-08-05T14:40:00+00:00,22411527-1,Temperature,CURRENT,°C,24.235947265624993
2026-08-05T14:40:00+00:00,22411527-2,RH,CURRENT,%,72.51239795529106
2026-08-05T14:40:00+00:00,22411527-3,Dew Point,CURRENT,°C,19.004382048743715
2026-08-05T14:40:00+00:00,22411528-1,Temperature,CURRENT,°C,25.8876123046875
2026-08-05T14:40:00+00:00,22411528-2,RH,CURRENT,%,71.62890058747234
2026-08-05T14:40:00+00:00,22411528-3,Dew Point,CURRENT,°C,20.393567248423253
2026-08-05T14:40:00+00:00,22411529-1,Temperature,CURRENT,°C,29.148041992187494
2026-08-05T14:40:00+00:00,22411529-2,RH,CURRENT,%,67.79278248264286
2026-08-05T14:40:00+00:00,22411529-3,Dew Point,CURRENT,°C,22.611027784610858
2026-08-05T14:40:00+00:00,22411530-1,Temperature,CURRENT,°C,24.450449218750002
2026-08-05T14:40:00+00:00,22411530-2,RH,CURRENT,%,72.07904173342489
2026-08-05T14:40:00+00:00,22411530-3,Dew Point,CURRENT,°C,19.114331395971732
2026-08-05T14:41:00+00:00,22411541-S,Battery,CURRENT,V,8.548466308593751
2026-08-05T14:45:00+00:00,22411189-1,Temperature,CURRENT,°C,25.58730957031249
2026-08-05T14:45:00+00:00,22411189-2,RH,CURRENT,%,73.33180743114366
2026-08-05T14:45:00+00:00,22411189-3,Dew Point,CURRENT,°C,20.486238482844648
2026-08-05T14:45:00+00:00,22411190-1,Temperature,CURRENT,°C,25.415708007812505
2026-08-05T14:45:00+00:00,22411190-2,RH,CURRENT,%,71.63805600061036
2026-08-05T14:45:00+00:00,22411190-3,Dew Point,CURRENT,°C,19.94258492741977
2026-08-05T14:45:00+00:00,22411191-1,Temperature,CURRENT,°C,24.922353515624998
2026-08-05T14:45:00+00:00,22411191-2,RH,CURRENT,%,72.43915465018692
2026-08-05T14:45:00+00:00,22411191-3,Dew Point,CURRENT,°C,19.64818260278333
2026-08-05T14:45:00+00:00,22411525-1,Temperature,CURRENT,°C,24.8151025390625
2026-08-05T14:45:00+00:00,22411525-2,RH,CURRENT,%,70.9025711451896
2026-08-05T14:45:00+00:00,22411525-3,Dew Point,CURRENT,°C,19.199900866872152
2026-08-05T14:45:00+00:00,22411526-1,Temperature,CURRENT,°C,26.33806640625
2026-08-05T14:45:00+00:00,22411526-2,RH,CURRENT,%,71.26878767071031
2026-08-05T14:45:00+00:00,22411526-3,Dew Point,CURRENT,°C,20.743957622995705
2026-08-05T14:45:00+00:00,22411527-1,Temperature,CURRENT,°C,24.793652343750004
2026-08-05T14:45:00+00:00,22411527-2,RH,CURRENT,%,71.13603418020905
2026-08-05T14:45:00+00:00,22411527-3,Dew Point,CURRENT,°C,19.232183817388627
2026-08-05T14:45:00+00:00,22411528-1,Temperature,CURRENT,°C,26.187915039062496
2026-08-05T14:45:00+00:00,22411528-2,RH,CURRENT,%,75.60997940032044
2026-08-05T14:45:00+00:00,22411528-3,Dew Point,CURRENT,°C,21.564518354227815
2026-08-05T14:45:00+00:00,22411529-1,Temperature,CURRENT,°C,28.890639648437492
2026-08-05T14:45:00+00:00,22411529-2,RH,CURRENT,%,75.09575036240177
2026-08-05T14:45:00+00:00,22411529-3,Dew Point,CURRENT,°C,24.06235641069977
2026-08-05T14:45:00+00:00,22411530-1,Temperature,CURRENT,°C,24.96525390624999
2026-08-05T14:45:00+00:00,22411530-2,RH,CURRENT,%,72.1889066910811
2026-08-05T14:45:00+00:00,22411530-3,Dew Point,CURRENT,°C,19.63359591254984
2026-08-05T14:46:00+00:00,22411541-S,Battery,CURRENT,V,8.5420048828125
2026-08-05T14:50:00+00:00,22411189-1,Temperature,CURRENT,°C,26.595468750000002
2026-08-05T14:50:00+00:00,22411189-2,RH,CURRENT,%,71.2138551918822
2026-08-05T14:50:00+00:00,22411189-3,Dew Point,CURRENT,°C,20.978316770885883
2026-08-05T14:50:00+00:00,22411190-1,Temperature,CURRENT,°C,26.380966796874993
2026-08-05T14:50:00+00:00,22411190-2,RH,CURRENT,%,69.65133134966048
2026-08-05T14:50:00+00:00,22411190-3,Dew Point,CURRENT,°C,20.41200982674944
2026-08-05T14:50:00+00:00,22411191-1,Temperature,CURRENT,°C,25.694560546875003
2026-08-05T14:50:00+00:00,22411191-2,RH,CURRENT,%,72.08209353780423
2026-08-05T14:50:00+00:00,22411191-3,Dew Point,CURRENT,°C,20.310469148115473
2026-08-05T14:50:00+00:00,22411525-1,Temperature,CURRENT,°C,25.50150878906249
2026-08-05T14:50:00+00:00,22411525-2,RH,CURRENT,%,70.8323796444648
2026-08-05T14:50:00+00:00,22411525-3,Dew Point,CURRENT,°C,19.84208737586916
2026-08-05T14:50:00+00:00,22411526-1,Temperature,CURRENT,°C,27.496376953125
2026-08-05T14:50:00+00:00,22411526-2,RH,CURRENT,%,68.86396581979095
2026-08-05T14:50:00+00:00,22411526-3,Dew Point,CURRENT,°C,21.292959560039595
2026-08-05T14:50:00+00:00,22411527-1,Temperature,CURRENT,°C,25.458608398437498
2026-08-05T14:50:00+00:00,22411527-2,RH,CURRENT,%,71.4152742809186
2026-08-05T14:50:00+00:00,22411527-3,Dew Point,CURRENT,°C,19.933402588618183
2026-08-05T14:50:00+00:00,22411528-1,Temperature,CURRENT,°C,27.281874999999992
2026-08-05T14:50:00+00:00,22411528-2,RH,CURRENT,%,71.07652399481194
2026-08-05T14:50:00+00:00,22411528-3,Dew Point,CURRENT,°C,21.60505747130402
2026-08-05T14:50:00+00:00,22411529-1,Temperature,CURRENT,°C,30.199101562499997
2026-08-05T14:50:00+00:00,22411529-2,RH,CURRENT,%,67.55016403448539
2026-08-05T14:50:00+00:00,22411529-3,Dew Point,CURRENT,°C,23.55277872598966
2026-08-05T14:50:00+00:00,22411530-1,Temperature,CURRENT,°C,25.780361328125004
2026-08-05T14:50:00+00:00,22411530-2,RH,CURRENT,%,71.1589227130541
2026-08-05T14:50:00+00:00,22411530-3,Dew Point,CURRENT,°C,20.18391483811706
2026-08-05T14:51:00+00:00,22411541-S,Battery,CURRENT,V,8.551697021484376
2026-08-05T14:55:00+00:00,22411189-1,Temperature,CURRENT,°C,26.209365234374992
2026-08-05T14:55:00+00:00,22411189-2,RH,CURRENT,%,71.44731822690166
2026-08-05T14:55:00+00:00,22411189-3,Dew Point,CURRENT,°C,20.661164942042337
2026-08-05T14:55:00+00:00,22411190-1,Temperature,CURRENT,°C,25.951962890625005
2026-08-05T14:55:00+00:00,22411190-2,RH,CURRENT,%,69.17219806210421
2026-08-05T14:55:00+00:00,22411190-3,Dew Point,CURRENT,°C,19.890007001155215
2026-08-05T14:55:00+00:00,22411191-1,Temperature,CURRENT,°C,25.437158203125
2026-08-05T14:55:00+00:00,22411191-2,RH,CURRENT,%,71.14976729991608
2026-08-05T14:55:00+00:00,22411191-3,Dew Point,CURRENT,°C,19.85261552855993
2026-08-05T14:55:00+00:00,22411525-1,Temperature,CURRENT,°C,25.308457031249993
2026-08-05T14:55:00+00:00,22411525-2,RH,CURRENT,%,69.27290760662241
2026-08-05T14:55:00+00:00,22411525-3,Dew Point,CURRENT,°C,19.29831611180976
2026-08-05T14:55:00+00:00,22411526-1,Temperature,CURRENT,°C,27.153173828125
2026-08-05T14:55:00+00:00,22411526-2,RH,CURRENT,%,69.15846494239719
2026-08-05T14:55:00+00:00,22411526-3,Dew Point,CURRENT,°C,21.03476266231143
2026-08-05T14:55:00+00:00,22411527-1,Temperature,CURRENT,°C,25.287006835937497
2026-08-05T14:55:00+00:00,22411527-2,RH,CURRENT,%,69.65590905622949
2026-08-05T14:55:00+00:00,22411527-3,Dew Point,CURRENT,°C,19.366535207765637
2026-08-05T14:55:00+00:00,22411528-1,Temperature,CURRENT,°C,26.852871093750004
2026-08-05T14:55:00+00:00,22411528-2,RH,CURRENT,%,72.2194247348745
2026-08-05T14:55:00+00:00,22411528-3,Dew Point,CURRENT,°C,21.454408007397813
2026-08-05T14:55:00+00:00,22411529-1,Temperature,CURRENT,°C,30.0918505859375
2026-08-05T14:55:00+00:00,22411529-2,RH,CURRENT,%,69.69253070878156
2026-08-05T14:55:00+00:00,22411529-3,Dew Point,CURRENT,°C,23.970400530134658
2026-08-05T14:55:00+00:00,22411530-1,Temperature,CURRENT,°C,25.480058593749995
2026-08-05T14:55:00+00:00,22411530-2,RH,CURRENT,%,70.52109559777219
2026-08-05T14:55:00+00:00,22411530-3,Dew Point,CURRENT,°C,19.750390623499584
2026-08-05T14:56:00+00:00,22411541-S,Battery,CURRENT,V,8.558158447265626
2026-08-05T15:00:00+00:00,22411189-1,Temperature,CURRENT,°C,26.638369140624995
2026-08-05T15:00:00+00:00,22411189-2,RH,CURRENT,%,71.50225070572976
2026-08-05T15:00:00+00:00,22411189-3,Dew Point,CURRENT,°C,21.08538264865782
2026-08-05T15:00:00+00:00,22411190-1,Temperature,CURRENT,°C,26.402416992187504
2026-08-05T15:00:00+00:00,22411190-2,RH,CURRENT,%,69.12031738765545
2026-08-05T15:00:00+00:00,22411190-3,Dew Point,CURRENT,°C,20.30836557563529
2026-08-05T15:00:00+00:00,22411191-1,Temperature,CURRENT,°C,25.651660156249996
2026-08-05T15:00:00+00:00,22411191-2,RH,CURRENT,%,72.98847943846799
2026-08-05T15:00:00+00:00,22411191-3,Dew Point,CURRENT,°C,20.4719827770978
2026-08-05T15:00:00+00:00,22411525-1,Temperature,CURRENT,°C,25.522958984375002
2026-08-05T15:00:00+00:00,22411525-2,RH,CURRENT,%,71.78454261081865
2026-08-05T15:00:00+00:00,22411525-3,Dew Point,CURRENT,°C,20.07861696584477
2026-08-05T15:00:00+00:00,22411526-1,Temperature,CURRENT,°C,27.6894287109375
2026-08-05T15:00:00+00:00,22411526-2,RH,CURRENT,%,68.38025482566567
2026-08-05T15:00:00+00:00,22411526-3,Dew Point,CURRENT,°C,21.36202823023554
2026-08-05T15:00:00+00:00,22411527-1,Temperature,CURRENT,°C,25.480058593749995
2026-08-05T15:00:00+00:00,22411527-2,RH,CURRENT,%,71.99969481956207
2026-08-05T15:00:00+00:00,22411527-3,Dew Point,CURRENT,°C,20.08585557317515
2026-08-05T15:00:00+00:00,22411528-1,Temperature,CURRENT,°C,27.217524414062503
2026-08-05T15:00:00+00:00,22411528-2,RH,CURRENT,%,71.30083161669337
2026-08-05T15:00:00+00:00,22411528-3,Dew Point,CURRENT,°C,21.59494973410424
2026-08-05T15:00:00+00:00,22411529-1,Temperature,CURRENT,°C,30.86405761718749
2026-08-05T15:00:00+00:00,22411529-2,RH,CURRENT,%,65.10566872663462
2026-08-05T15:00:00+00:00,22411529-3,Dew Point,CURRENT,°C,23.57155099451149
2026-08-05T15:00:00+00:00,22411530-1,Temperature,CURRENT,°C,25.737460937499996
2026-08-05T15:00:00+00:00,22411530-2,RH,CURRENT,%,72.07751583123522
2026-08-05T15:00:00+00:00,22411530-3,Dew Point,CURRENT,°C,20.3506574546907
2026-08-05T15:01:00+00:00,22411541-S,Battery,CURRENT,V,8.558158447265626
2026-08-05T15:05:00+00:00,22411189-1,Temperature,CURRENT,°C,27.582177734375
2026-08-05T15:05:00+00:00,22411189-2,RH,CURRENT,%,64.69062333104448
2026-08-05T15:05:00+00:00,22411189-3,Dew Point,CURRENT,°C,20.356743752186624
2026-08-05T15:05:00+00:00,22411190-1,Temperature,CURRENT,°C,27.389125976562504
2026-08-05T15:05:00+00:00,22411190-2,RH,CURRENT,%,63.862058442053865
2026-08-05T15:05:00+00:00,22411190-3,Dew Point,CURRENT,°C,19.965173489240282
2026-08-05T15:05:00+00:00,22411191-1,Temperature,CURRENT,°C,26.145014648437503
2026-08-05T15:05:00+00:00,22411191-2,RH,CURRENT,%,67.4540321965362
2026-08-05T15:05:00+00:00,22411191-3,Dew Point,CURRENT,°C,19.66802740959379
2026-08-05T15:05:00+00:00,22411525-1,Temperature,CURRENT,°C,25.909062499999997
2026-08-05T15:05:00+00:00,22411525-2,RH,CURRENT,%,66.77195391775388
2026-08-05T15:05:00+00:00,22411525-3,Dew Point,CURRENT,°C,19.279618740608115
2026-08-05T15:05:00+00:00,22411526-1,Temperature,CURRENT,°C,28.71903808593749
2026-08-05T15:05:00+00:00,22411526-2,RH,CURRENT,%,61.95315480277714
2026-08-05T15:05:00+00:00,22411526-3,Dew Point,CURRENT,°C,20.72843605884548
2026-08-05T15:05:00+00:00,22411527-1,Temperature,CURRENT,°C,25.844711914062493
2026-08-05T15:05:00+00:00,22411527-2,RH,CURRENT,%,67.26787212939651
2026-08-05T15:05:00+00:00,22411527-3,Dew Point,CURRENT,°C,19.33741885420874
2026-08-05T15:05:00+00:00,22411528-1,Temperature,CURRENT,°C,27.925380859375004
2026-08-05T15:05:00+00:00,22411528-2,RH,CURRENT,%,66.1875333791104
2026-08-05T15:05:00+00:00,22411528-3,Dew Point,CURRENT,°C,21.054481773683225
2026-08-05T15:05:00+00:00,22411529-1,Temperature,CURRENT,°C,31.464663085937495
2026-08-05T15:05:00+00:00,22411529-2,RH,CURRENT,%,63.99786373693446
2026-08-05T15:05:00+00:00,22411529-3,Dew Point,CURRENT,°C,23.854348867286273
2026-08-05T15:05:00+00:00,22411530-1,Temperature,CURRENT,°C,26.33806640625
2026-08-05T15:05:00+00:00,22411530-2,RH,CURRENT,%,66.30960555428398
2026-08-05T15:05:00+00:00,22411530-3,Dew Point,CURRENT,°C,19.575750253421777
2026-08-05T15:06:00+00:00,22411541-S,Battery,CURRENT,V,8.561389160156251
2026-08-05T15:10:00+00:00,22411189-1,Temperature,CURRENT,°C,27.432026367187497
2026-08-05T15:10:00+00:00,22411189-2,RH,CURRENT,%,70.53940642404822
2026-08-05T15:10:00+00:00,22411189-3,Dew Point,CURRENT,°C,21.624703172722366
2026-08-05T15:10:00+00:00,22411190-1,Temperature,CURRENT,°C,27.174624023437495
2026-08-05T15:10:00+00:00,22411190-2,RH,CURRENT,%,69.20881971465629
2026-08-05T15:10:00+00:00,22411190-3,Dew Point,CURRENT,°C,21.06713150834924
2026-08-05T15:10:00+00:00,22411191-1,Temperature,CURRENT,°C,26.252265625
2026-08-05T15:10:00+00:00,22411191-2,RH,CURRENT,%,72.02410925459678
2026-08-05T15:10:00+00:00,22411191-3,Dew Point,CURRENT,°C,20.833184571589513
2026-08-05T15:10:00+00:00,22411525-1,Temperature,CURRENT,°C,26.03776367187499
2026-08-05T15:10:00+00:00,22411525-2,RH,CURRENT,%,71.44579232471199
2026-08-05T15:10:00+00:00,22411525-3,Dew Point,CURRENT,°C,20.49613806451941
2026-08-05T15:10:00+00:00,22411526-1,Temperature,CURRENT,°C,28.56888671875
2026-08-05T15:10:00+00:00,22411526-2,RH,CURRENT,%,67.66155489433127
2026-08-05T15:10:00+00:00,22411526-3,Dew Point,CURRENT,°C,22.027322682543655
2026-08-05T15:10:00+00:00,22411527-1,Temperature,CURRENT,°C,25.994863281249998
2026-08-05T15:10:00+00:00,22411527-2,RH,CURRENT,%,71.6716258487831
2026-08-05T15:10:00+00:00,22411527-3,Dew Point,CURRENT,°C,20.50621229163905
2026-08-05T15:10:00+00:00,22411528-1,Temperature,CURRENT,°C,27.753779296875003
2026-08-05T15:10:00+00:00,22411528-2,RH,CURRENT,%,70.97886625467308
2026-08-05T15:10:00+00:00,22411528-3,Dew Point,CURRENT,°C,22.034930870603826
2026-08-05T15:10:00+00:00,22411529-1,Temperature,CURRENT,°C,31.700615234375
2026-08-05T15:10:00+00:00,22411529-2,RH,CURRENT,%,66.8009460593576
2026-08-05T15:10:00+00:00,22411529-3,Dew Point,CURRENT,°C,24.79498065588763
2026-08-05T15:10:00+00:00,22411530-1,Temperature,CURRENT,°C,26.402416992187504
2026-08-05T15:10:00+00:00,22411530-2,RH,CURRENT,%,70.98496986343176
2026-08-05T15:10:00+00:00,22411530-3,Dew Point,CURRENT,°C,20.740750436975098
2026-08-05T15:11:00+00:00,22411541-S,Battery,CURRENT,V,8.564619873046876
2026-08-05T15:15:00+00:00,22411189-1,Temperature,CURRENT,°C,26.33806640625
2026-08-05T15:15:00+00:00,22411189-2,RH,CURRENT,%,69.74746318760967
2026-08-05T15:15:00+00:00,22411189-3,Dew Point,CURRENT,°C,20.39335156310307
2026-08-05T15:15:00+00:00,22411190-1,Temperature,CURRENT,°C,26.0806640625
2026-08-05T15:15:00+00:00,22411190-2,RH,CURRENT,%,68.6305027847715
2026-08-05T15:15:00+00:00,22411190-3,Dew Point,CURRENT,°C,19.88588308050974
2026-08-05T15:15:00+00:00,22411191-1,Temperature,CURRENT,°C,25.5444091796875
2026-08-05T15:15:00+00:00,22411191-2,RH,CURRENT,%,71.04905775539788
2026-08-05T15:15:00+00:00,22411191-3,Dew Point,CURRENT,°C,19.932592600318316
2026-08-05T15:15:00+00:00,22411525-1,Temperature,CURRENT,°C,25.415708007812505
2026-08-05T15:15:00+00:00,22411525-2,RH,CURRENT,%,70.09994659342337
2026-08-05T15:15:00+00:00,22411525-3,Dew Point,CURRENT,°C,19.59210048355101
2026-08-05T15:15:00+00:00,22411526-1,Temperature,CURRENT,°C,27.303325195312503
2026-08-05T15:15:00+00:00,22411526-2,RH,CURRENT,%,66.61783779659724
2026-08-05T15:15:00+00:00,22411526-3,Dew Point,CURRENT,°C,20.568645956537726
2026-08-05T15:15:00+00:00,22411527-1,Temperature,CURRENT,°C,25.372807617187497
2026-08-05T15:15:00+00:00,22411527-2,RH,CURRENT,%,70.33493553063249
2026-08-05T15:15:00+00:00,22411527-3,Dew Point,CURRENT,°C,19.60498543275547
2026-08-05T15:15:00+00:00,22411528-1,Temperature,CURRENT,°C,26.745620117187492
2026-08-05T15:15:00+00:00,22411528-2,RH,CURRENT,%,70.00839246204319
2026-08-05T15:15:00+00:00,22411528-3,Dew Point,CURRENT,°C,20.84404544532027
2026-08-05T15:15:00+00:00,22411529-1,Temperature,CURRENT,°C,30.520854492187503
2026-08-05T15:15:00+00:00,22411529-2,RH,CURRENT,%,62.189669642175936
2026-08-05T15:15:00+00:00,22411529-3,Dew Point,CURRENT,°C,22.488439781905026
2026-08-05T15:15:00+00:00,22411530-1,Temperature,CURRENT,°C,25.6302099609375
2026-08-05T15:15:00+00:00,22411530-2,RH,CURRENT,%,70.13656824597544
2026-08-05T15:15:00+00:00,22411530-3,Dew Point,CURRENT,°C,19.805915383021016
2026-08-05T15:16:00+00:00,22411541-S,Battery,CURRENT,V,8.561389160156251
2026-08-05T15:20:00+00:00,22411189-1,Temperature,CURRENT,°C,26.9601220703125
2026-08-05T15:20:00+00:00,22411189-2,RH,CURRENT,%,71.99511711299306
2026-08-05T15:20:00+00:00,22411189-3,Dew Point,CURRENT,°C,21.506536179722303
2026-08-05T15:20:00+00:00,22411190-1,Temperature,CURRENT,°C,26.638369140624995
2026-08-05T15:20:00+00:00,22411190-2,RH,CURRENT,%,70.45395590142672
2026-08-05T15:20:00+00:00,22411190-3,Dew Point,CURRENT,°C,20.84465890294392
2026-08-05T15:20:00+00:00,22411191-1,Temperature,CURRENT,°C,26.059213867187502
2026-08-05T15:20:00+00:00,22411191-2,RH,CURRENT,%,72.16449225604639
2026-08-05T15:20:00+00:00,22411191-3,Dew Point,CURRENT,°C,20.679395938607655
2026-08-05T15:20:00+00:00,22411525-1,Temperature,CURRENT,°C,25.909062499999997
2026-08-05T15:20:00+00:00,22411525-2,RH,CURRENT,%,70.77439536125735
2026-08-05T15:20:00+00:00,22411525-3,Dew Point,CURRENT,°C,20.21953277482034
2026-08-05T15:20:00+00:00,22411526-1,Temperature,CURRENT,°C,27.73232910156249
2026-08-05T15:20:00+00:00,22411526-2,RH,CURRENT,%,70.40360112916763
2026-08-05T15:20:00+00:00,22411526-3,Dew Point,CURRENT,°C,21.88072420291883
2026-08-05T15:20:00+00:00,22411527-1,Temperature,CURRENT,°C,25.8876123046875
2026-08-05T15:20:00+00:00,22411527-2,RH,CURRENT,%,70.97886625467308
2026-08-05T15:20:00+00:00,22411527-3,Dew Point,CURRENT,°C,20.245721680056466
2026-08-05T15:20:00+00:00,22411528-1,Temperature,CURRENT,°C,27.174624023437495
2026-08-05T15:20:00+00:00,22411528-2,RH,CURRENT,%,72.91676203555352
2026-08-05T15:20:00+00:00,22411528-3,Dew Point,CURRENT,°C,21.92124443329608
2026-08-05T15:20:00+00:00,22411529-1,Temperature,CURRENT,°C,30.32780273437499
2026-08-05T15:20:00+00:00,22411529-2,RH,CURRENT,%,69.03334096284428
2026-08-05T15:20:00+00:00,22411529-3,Dew Point,CURRENT,°C,24.03727664896177
2026-08-05T15:20:00+00:00,22411530-1,Temperature,CURRENT,°C,26.145014648437503
2026-08-05T15:20:00+00:00,22411530-2,RH,CURRENT,%,71.39543755245289
2026-08-05T15:20:00+00:00,22411530-3,Dew Point,CURRENT,°C,20.58760504949364
2026-08-05T15:21:00+00:00,22411541-S,Battery,CURRENT,V,8.548466308593751
2026-08-05T15:25:00+00:00,22411189-1,Temperature,CURRENT,°C,27.453476562499993
2026-08-05T15:25:00+00:00,22411189-2,RH,CURRENT,%,72.35370412756542
2026-08-05T15:25:00+00:00,22411189-3,Dew Point,CURRENT,°C,22.062005933986654
2026-08-05T15:25:00+00:00,22411190-1,Temperature,CURRENT,°C,27.238974609375
2026-08-05T15:25:00+00:00,22411190-2,RH,CURRENT,%,70.45700770580606
2026-08-05T15:25:00+00:00,22411190-3,Dew Point,CURRENT,°C,21.420654790652815
2026-08-05T15:25:00+00:00,22411191-1,Temperature,CURRENT,°C,26.50966796875
2026-08-05T15:25:00+00:00,22411191-2,RH,CURRENT,%,71.02464332036317
2026-08-05T15:25:00+00:00,22411191-3,Dew Point,CURRENT,°C,20.852684362415413
2026-08-05T15:25:00+00:00,22411525-1,Temperature,CURRENT,°C,26.316616210937504
2026-08-05T15:25:00+00:00,22411525-2,RH,CURRENT,%,69.4544899671931
2026-08-05T15:25:00+00:00,22411525-3,Dew Point,CURRENT,°C,20.304554845108438
2026-08-05T15:25:00+00:00,22411526-1,Temperature,CURRENT,°C,28.311484375
2026-08-05T15:25:00+00:00,22411526-2,RH,CURRENT,%,70.0282291905089
2026-08-05T15:25:00+00:00,22411526-3,Dew Point,CURRENT,°C,22.347218862492216
2026-08-05T15:25:00+00:00,22411527-1,Temperature,CURRENT,°C,26.295166015624993
2026-08-05T15:25:00+00:00,22411527-2,RH,CURRENT,%,69.61470969710841
2026-08-05T15:25:00+00:00,22411527-3,Dew Point,CURRENT,°C,20.321406464691172
2026-08-05T15:25:00+00:00,22411528-1,Temperature,CURRENT,°C,27.603627929687498
2026-08-05T15:25:00+00:00,22411528-2,RH,CURRENT,%,73.44625009536888
2026-08-05T15:25:00+00:00,22411528-3,Dew Point,CURRENT,°C,22.453153984949058
2026-08-05T15:25:00+00:00,22411529-1,Temperature,CURRENT,°C,30.79970703125
2026-08-05T15:25:00+00:00,22411529-2,RH,CURRENT,%,68.54505226215
2026-08-05T15:25:00+00:00,22411529-3,Dew Point,CURRENT,°C,24.369027210626665
2026-08-05T15:25:00+00:00,22411530-1,Temperature,CURRENT,°C,26.6169189453125
2026-08-05T15:25:00+00:00,22411530-2,RH,CURRENT,%,70.51651789120318
2026-08-05T15:25:00+00:00,22411530-3,Dew Point,CURRENT,°C,20.838563437639785
2026-08-05T15:26:00+00:00,22411541-S,Battery,CURRENT,V,8.558158447265626
2026-08-05T15:30:00+00:00,22411189-1,Temperature,CURRENT,°C,27.796679687499996
2026-08-05T15:30:00+00:00,22411189-2,RH,CURRENT,%,70.0129701686122
2026-08-05T15:30:00+00:00,22411189-3,Dew Point,CURRENT,°C,21.85100943644359
2026-08-05T15:30:00+00:00,22411190-1,Temperature,CURRENT,°C,27.496376953125
2026-08-05T15:30:00+00:00,22411190-2,RH,CURRENT,%,68.32990005340658
2026-08-05T15:30:00+00:00,22411190-3,Dew Point,CURRENT,°C,21.16580511030474
2026-08-05T15:30:00+00:00,22411191-1,Temperature,CURRENT,°C,26.767070312500003
2026-08-05T15:30:00+00:00,22411191-2,RH,CURRENT,%,70.37155718318456
2026-08-05T15:30:00+00:00,22411191-3,Dew Point,CURRENT,°C,20.948867531687565
2026-08-05T15:30:00+00:00,22411525-1,Temperature,CURRENT,°C,26.57401855468749
2026-08-05T15:30:00+00:00,22411525-2,RH,CURRENT,%,68.75867856870374
2026-08-05T15:30:00+00:00,22411525-3,Dew Point,CURRENT,°C,20.387205726911468
2026-08-05T15:30:00+00:00,22411526-1,Temperature,CURRENT,°C,28.71903808593749
2026-08-05T15:30:00+00:00,22411526-2,RH,CURRENT,%,67.7256427862974
2026-08-05T15:30:00+00:00,22411526-3,Dew Point,CURRENT,°C,22.185943984723526
2026-08-05T15:30:00+00:00,22411527-1,Temperature,CURRENT,°C,26.531118164062498
2026-08-05T15:30:00+00:00,22411527-2,RH,CURRENT,%,69.7306782635233
2026-08-05T15:30:00+00:00,22411527-3,Dew Point,CURRENT,°C,20.574135630465037
2026-08-05T15:30:00+00:00,22411528-1,Temperature,CURRENT,°C,28.0326318359375
2026-08-05T15:30:00+00:00,22411528-2,RH,CURRENT,%,72.29724574654765
2026-08-05T15:30:00+00:00,22411528-3,Dew Point,CURRENT,°C,22.605658349957636
2026-08-05T15:30:00+00:00,22411529-1,Temperature,CURRENT,°C,30.79970703125
2026-08-05T15:30:00+00:00,22411529-2,RH,CURRENT,%,69.89394979781795
2026-08-05T15:30:00+00:00,22411529-3,Dew Point,CURRENT,°C,24.695474420010562
2026-08-05T15:30:00+00:00,22411530-1,Temperature,CURRENT,°C,26.8743212890625
2026-08-05T15:30:00+00:00,22411530-2,RH,CURRENT,%,69.5551995117113
2026-08-05T15:30:00+00:00,22411530-3,Dew Point,CURRENT,°C,20.861416039648187
2026-08-05T15:31:00+00:00,22411541-S,Battery,CURRENT,V,8.551697021484376
2026-08-05T15:35:00+00:00,22411189-1,Temperature,CURRENT,°C,27.8610302734375
2026-08-05T15:35:00+00:00,22411189-2,RH,CURRENT,%,68.00488288700694
2026-08-05T15:35:00+00:00,22411189-3,Dew Point,CURRENT,°C,21.435677959481282
2026-08-05T15:35:00+00:00,22411190-1,Temperature,CURRENT,°C,27.560727539062505
2026-08-05T15:35:00+00:00,22411190-2,RH,CURRENT,%,67.05271992065309
2026-08-05T15:35:00+00:00,22411190-3,Dew Point,CURRENT,°C,20.91941410430432
2026-08-05T15:35:00+00:00,22411191-1,Temperature,CURRENT,°C,27.003022460937494
2026-08-05T15:35:00+00:00,22411191-2,RH,CURRENT,%,68.17883573662928
2026-08-05T15:35:00+00:00,22411191-3,Dew Point,CURRENT,°C,20.659100285765025
2026-08-05T15:35:00+00:00,22411525-1,Temperature,CURRENT,°C,26.852871093750004
2026-08-05T15:35:00+00:00,22411525-2,RH,CURRENT,%,66.77347981994355
2026-08-05T15:35:00+00:00,22411525-3,Dew Point,CURRENT,°C,20.178020313534347
2026-08-05T15:35:00+00:00,22411526-1,Temperature,CURRENT,°C,28.6546875
2026-08-05T15:35:00+00:00,22411526-2,RH,CURRENT,%,66.53086137178607
2026-08-05T15:35:00+00:00,22411526-3,Dew Point,CURRENT,°C,21.832255011099047
2026-08-05T15:35:00+00:00,22411527-1,Temperature,CURRENT,°C,26.831420898437493
2026-08-05T15:35:00+00:00,22411527-2,RH,CURRENT,%,67.33043411917296
2026-08-05T15:35:00+00:00,22411527-3,Dew Point,CURRENT,°C,20.292221187137386
2026-08-05T15:35:00+00:00,22411528-1,Temperature,CURRENT,°C,28.054082031249997
2026-08-05T15:35:00+00:00,22411528-2,RH,CURRENT,%,70.70878156710155
2026-08-05T15:35:00+00:00,22411528-3,Dew Point,CURRENT,°C,22.26002246325289
2026-08-05T15:35:00+00:00,22411529-1,Temperature,CURRENT,°C,30.349252929687502
2026-08-05T15:35:00+00:00,22411529-2,RH,CURRENT,%,69.96414129854276
2026-08-05T15:35:00+00:00,22411529-3,Dew Point,CURRENT,°C,24.28149210892022
2026-08-05T15:35:00+00:00,22411530-1,Temperature,CURRENT,°C,27.003022460937494
2026-08-05T15:35:00+00:00,22411530-2,RH,CURRENT,%,67.20683604180972
2026-08-05T15:35:00+00:00,22411530-3,Dew Point,CURRENT,°C,20.425828190542344
2026-08-05T15:36:00+00:00,22411541-S,Battery,CURRENT,V,8.548466308593751
2026-08-05T15:40:00+00:00,22411189-1,Temperature,CURRENT,°C,28.26858398437499
2026-08-05T15:40:00+00:00,22411189-2,RH,CURRENT,%,67.05119401846342
2026-08-05T15:40:00+00:00,22411189-3,Dew Point,CURRENT,°C,21.592722507607053
2026-08-05T15:40:00+00:00,22411190-1,Temperature,CURRENT,°C,27.968281249999997
2026-08-05T15:40:00+00:00,22411190-2,RH,CURRENT,%,66.01815823605708
2026-08-05T15:40:00+00:00,22411190-3,Dew Point,CURRENT,°C,21.05344649629135
2026-08-05T15:40:00+00:00,22411191-1,Temperature,CURRENT,°C,27.346225585937496
2026-08-05T15:40:00+00:00,22411191-2,RH,CURRENT,%,68.4794384679942
2026-08-05T15:40:00+00:00,22411191-3,Dew Point,CURRENT,°C,21.058200464342537
2026-08-05T15:40:00+00:00,22411525-1,Temperature,CURRENT,°C,27.174624023437495
2026-08-05T15:40:00+00:00,22411525-2,RH,CURRENT,%,67.22667277027543
2026-08-05T15:40:00+00:00,22411525-3,Dew Point,CURRENT,°C,20.594013833643597
2026-08-05T15:40:00+00:00,22411526-1,Temperature,CURRENT,°C,29.083691406250004
2026-08-05T15:40:00+00:00,22411526-2,RH,CURRENT,%,64.0711070420386
2026-08-05T15:40:00+00:00,22411526-3,Dew Point,CURRENT,°C,21.621466194278398
2026-08-05T15:40:00+00:00,22411527-1,Temperature,CURRENT,°C,27.131723632812502
2026-08-05T15:40:00+00:00,22411527-2,RH,CURRENT,%,67.73785000381476
2026-08-05T15:40:00+00:00,22411527-3,Dew Point,CURRENT,°C,20.676294036861815
2026-08-05T15:40:00+00:00,22411528-1,Temperature,CURRENT,°C,28.504536132812497
2026-08-05T15:40:00+00:00,22411528-2,RH,CURRENT,%,67.80193789578088
2026-08-05T15:40:00+00:00,22411528-3,Dew Point,CURRENT,°C,22.000063734545435
2026-08-05T15:40:00+00:00,22411529-1,Temperature,CURRENT,°C,30.41360351562499
2026-08-05T15:40:00+00:00,22411529-2,RH,CURRENT,%,67.92248416876478
2026-08-05T15:40:00+00:00,22411529-3,Dew Point,CURRENT,°C,23.84858769140058
2026-08-05T15:40:00+00:00,22411530-1,Temperature,CURRENT,°C,27.389125976562504
2026-08-05T15:40:00+00:00,22411530-2,RH,CURRENT,%,67.62798504615854
2026-08-05T15:40:00+00:00,22411530-3,Dew Point,CURRENT,°C,20.89516841286658
2026-08-05T15:41:00+00:00,22411541-S,Battery,CURRENT,V,8.548466308593751
2026-08-05T15:45:00+00:00,22411189-1,Temperature,CURRENT,°C,27.73232910156249
2026-08-05T15:45:00+00:00,22411189-2,RH,CURRENT,%,68.52521553368429
2026-08-05T15:45:00+00:00,22411189-3,Dew Point,CURRENT,°C,21.43759698831103
2026-08-05T15:45:00+00:00,22411190-1,Temperature,CURRENT,°C,27.496376953125
2026-08-05T15:45:00+00:00,22411190-2,RH,CURRENT,%,66.63920042725262
2026-08-05T15:45:00+00:00,22411190-3,Dew Point,CURRENT,°C,20.75746197438476
2026-08-05T15:45:00+00:00,22411191-1,Temperature,CURRENT,°C,26.981572265624997
2026-08-05T15:45:00+00:00,22411191-2,RH,CURRENT,%,69.22560463874265
2026-08-05T15:45:00+00:00,22411191-3,Dew Point,CURRENT,°C,20.886587220629917
2026-08-05T15:45:00+00:00,22411525-1,Temperature,CURRENT,°C,26.852871093750004
2026-08-05T15:45:00+00:00,22411525-2,RH,CURRENT,%,68.1879911497673
2026-08-05T15:45:00+00:00,22411525-3,Dew Point,CURRENT,°C,20.518052585394095
2026-08-05T15:45:00+00:00,22411526-1,Temperature,CURRENT,°C,28.611787109374994
2026-08-05T15:45:00+00:00,22411526-2,RH,CURRENT,%,65.37727931639581
2026-08-05T15:45:00+00:00,22411526-3,Dew Point,CURRENT,°C,21.50488184458163
2026-08-05T15:45:00+00:00,22411527-1,Temperature,CURRENT,°C,26.831420898437493
2026-08-05T15:45:00+00:00,22411527-2,RH,CURRENT,%,68.67322804608224
2026-08-05T15:45:00+00:00,22411527-3,Dew Point,CURRENT,°C,20.612797988315634
2026-08-05T15:45:00+00:00,22411528-1,Temperature,CURRENT,°C,28.139882812499998
2026-08-05T15:45:00+00:00,22411528-2,RH,CURRENT,%,67.86755168993668
2026-08-05T15:45:00+00:00,22411528-3,Dew Point,CURRENT,°C,21.66840505376278
2026-08-05T15:45:00+00:00,22411529-1,Temperature,CURRENT,°C,30.134750976562493
2026-08-05T15:45:00+00:00,22411529-2,RH,CURRENT,%,67.01152056153201
2026-08-05T15:45:00+00:00,22411529-3,Dew Point,CURRENT,°C,23.35852380495044
2026-08-05T15:45:00+00:00,22411530-1,Temperature,CURRENT,°C,26.981572265624997
2026-08-05T15:45:00+00:00,22411530-2,RH,CURRENT,%,68.50385290302891
2026-08-05T15:45:00+00:00,22411530-3,Dew Point,CURRENT,°C,20.715980154655437
2026-08-05T15:46:00+00:00,22411541-S,Battery,CURRENT,V,8.548466308593751
2026-08-05T15:50:00+00:00,22411189-1,Temperature,CURRENT,°C,27.73232910156249
2026-08-05T15:50:00+00:00,22411189-2,RH,CURRENT,%,70.2891584649424
2026-08-05T15:50:00+00:00,22411189-3,Dew Point,CURRENT,°C,21.854023469525323
2026-08-05T15:50:00+00:00,22411190-1,Temperature,CURRENT,°C,27.410576171875
2026-08-05T15:50:00+00:00,22411190-2,RH,CURRENT,%,68.93263141832608
2026-08-05T15:50:00+00:00,22411190-3,Dew Point,CURRENT,°C,21.227294772102653
2026-08-05T15:50:00+00:00,22411191-1,Temperature,CURRENT,°C,26.831420898437493
2026-08-05T15:50:00+00:00,22411191-2,RH,CURRENT,%,69.65285725185015
2026-08-05T15:50:00+00:00,22411191-3,Dew Point,CURRENT,°C,20.843234173776672
2026-08-05T15:50:00+00:00,22411525-1,Temperature,CURRENT,°C,26.7027197265625
2026-08-05T15:50:00+00:00,22411525-2,RH,CURRENT,%,68.22766460669871
2026-08-05T15:50:00+00:00,22411525-3,Dew Point,CURRENT,°C,20.384254924904464
2026-08-05T15:50:00+00:00,22411526-1,Temperature,CURRENT,°C,28.504536132812497
2026-08-05T15:50:00+00:00,22411526-2,RH,CURRENT,%,70.41123064011597
2026-08-05T15:50:00+00:00,22411526-3,Dew Point,CURRENT,°C,22.62195508705331
2026-08-05T15:50:00+00:00,22411527-1,Temperature,CURRENT,°C,26.65981933593749
2026-08-05T15:50:00+00:00,22411527-2,RH,CURRENT,%,68.93415732051575
2026-08-05T15:50:00+00:00,22411527-3,Dew Point,CURRENT,°C,20.510532803879823
2026-08-05T15:50:00+00:00,22411528-1,Temperature,CURRENT,°C,28.096982421875005
2026-08-05T15:50:00+00:00,22411528-2,RH,CURRENT,%,74.62882429236286
2026-08-05T15:50:00+00:00,22411528-3,Dew Point,CURRENT,°C,23.19270882324832
2026-08-05T15:50:00+00:00,22411529-1,Temperature,CURRENT,°C,29.641396484375
2026-08-05T15:50:00+00:00,22411529-2,RH,CURRENT,%,75.3353170061799
2026-08-05T15:50:00+00:00,22411529-3,Dew Point,CURRENT,°C,24.840523131373963
2026-08-05T15:50:00+00:00,22411530-1,Temperature,CURRENT,°C,26.895771484374997
2026-08-05T15:50:00+00:00,22411530-2,RH,CURRENT,%,68.15594720378424
2026-08-05T15:50:00+00:00,22411530-3,Dew Point,CURRENT,°C,20.551339288916097
2026-08-05T15:51:00+00:00,22411541-S,Battery,CURRENT,V,8.548466308593751
2026-08-05T15:55:00+00:00,22411189-1,Temperature,CURRENT,°C,28.22568359375
2026-08-05T15:55:00+00:00,22411189-2,RH,CURRENT,%,73.55153734645609
2026-08-05T15:55:00+00:00,22411189-3,Dew Point,CURRENT,°C,23.075766669830536
2026-08-05T15:55:00+00:00,22411190-1,Temperature,CURRENT,°C,27.9468310546875
2026-08-05T15:55:00+00:00,22411190-2,RH,CURRENT,%,70.24795910582132
2026-08-05T15:55:00+00:00,22411190-3,Dew Point,CURRENT,°C,22.049754589966117
2026-08-05T15:55:00+00:00,22411191-1,Temperature,CURRENT,°C,27.410576171875
2026-08-05T15:55:00+00:00,22411191-2,RH,CURRENT,%,71.11314564736401
2026-08-05T15:55:00+00:00,22411191-3,Dew Point,CURRENT,°C,21.736907511911518
2026-08-05T15:55:00+00:00,22411525-1,Temperature,CURRENT,°C,27.260424804687496
2026-08-05T15:55:00+00:00,22411525-2,RH,CURRENT,%,69.5246814679179
2026-08-05T15:55:00+00:00,22411525-3,Dew Point,CURRENT,°C,21.22347011791518
2026-08-05T15:55:00+00:00,22411526-1,Temperature,CURRENT,°C,29.126591796874997
2026-08-05T15:55:00+00:00,22411526-2,RH,CURRENT,%,71.8822003509575
2026-08-05T15:55:00+00:00,22411526-3,Dew Point,CURRENT,°C,23.56089070317367
2026-08-05T15:55:00+00:00,22411527-1,Temperature,CURRENT,°C,27.238974609375
2026-08-05T15:55:00+00:00,22411527-2,RH,CURRENT,%,69.75204089417868
2026-08-05T15:55:00+00:00,22411527-3,Dew Point,CURRENT,°C,21.25628142431143
2026-08-05T15:55:00+00:00,22411528-1,Temperature,CURRENT,°C,28.7619384765625
2026-08-05T15:55:00+00:00,22411528-2,RH,CURRENT,%,74.2900740062562
2026-08-05T15:55:00+00:00,22411528-3,Dew Point,CURRENT,°C,23.758366285516114
2026-08-05T15:55:00+00:00,22411529-1,Temperature,CURRENT,°C,29.855898437499995
2026-08-05T15:55:00+00:00,22411529-2,RH,CURRENT,%,74.3358510719463
2026-08-05T15:55:00+00:00,22411529-3,Dew Point,CURRENT,°C,24.823236515794147
2026-08-05T15:55:00+00:00,22411530-1,Temperature,CURRENT,°C,27.432026367187497
2026-08-05T15:55:00+00:00,22411530-2,RH,CURRENT,%,70.76066224155032
2026-08-05T15:55:00+00:00,22411530-3,Dew Point,CURRENT,°C,21.676016841257077
2026-08-05T15:56:00+00:00,22411541-S,Battery,CURRENT,V,8.538774169921876
2026-08-05T16:00:00+00:00,22411189-1,Temperature,CURRENT,°C,28.39728515625
2026-08-05T16:00:00+00:00,22411189-2,RH,CURRENT,%,66.64377813382163
2026-08-05T16:00:00+00:00,22411189-3,Dew Point,CURRENT,°C,21.61532538993742
2026-08-05T16:00:00+00:00,22411190-1,Temperature,CURRENT,°C,28.161333007812495
2026-08-05T16:00:00+00:00,22411190-2,RH,CURRENT,%,64.81727321278706
2026-08-05T16:00:00+00:00,22411190-3,Dew Point,CURRENT,°C,20.93732400992824
2026-08-05T16:00:00+00:00,22411191-1,Temperature,CURRENT,°C,27.410576171875
2026-08-05T16:00:00+00:00,22411191-2,RH,CURRENT,%,67.79430838483253
2026-08-05T16:00:00+00:00,22411191-3,Dew Point,CURRENT,°C,20.95563338241045
2026-08-05T16:00:00+00:00,22411525-1,Temperature,CURRENT,°C,27.260424804687496
2026-08-05T16:00:00+00:00,22411525-2,RH,CURRENT,%,66.89097428854811
2026-08-05T16:00:00+00:00,22411525-3,Dew Point,CURRENT,°C,20.59432590869759
2026-08-05T16:00:00+00:00,22411526-1,Temperature,CURRENT,°C,29.448344726562503
2026-08-05T16:00:00+00:00,22411526-2,RH,CURRENT,%,64.20843823910887
2026-08-05T16:00:00+00:00,22411526-3,Dew Point,CURRENT,°C,22.001605298967558
2026-08-05T16:00:00+00:00,22411527-1,Temperature,CURRENT,°C,27.238974609375
2026-08-05T16:00:00+00:00,22411527-2,RH,CURRENT,%,66.94285496299688
2026-08-05T16:00:00+00:00,22411527-3,Dew Point,CURRENT,°C,20.58651373153685
2026-08-05T16:00:00+00:00,22411528-1,Temperature,CURRENT,°C,29.126591796874997
2026-08-05T16:00:00+00:00,22411528-2,RH,CURRENT,%,66.9916838330663
2026-08-05T16:00:00+00:00,22411528-3,Dew Point,CURRENT,°C,22.39454820088892
2026-08-05T16:00:00+00:00,22411529-1,Temperature,CURRENT,°C,29.963149414062492
2026-08-05T16:00:00+00:00,22411529-2,RH,CURRENT,%,70.56229495689327
2026-08-05T16:00:00+00:00,22411529-3,Dew Point,CURRENT,°C,24.05420164382323
2026-08-05T16:00:00+00:00,22411530-1,Temperature,CURRENT,°C,27.517827148437497
2026-08-05T16:00:00+00:00,22411530-2,RH,CURRENT,%,67.5043869687953
2026-08-05T16:00:00+00:00,22411530-3,Dew Point,CURRENT,°C,20.987974856105062
2026-08-05T16:01:00+00:00,22411541-S,Battery,CURRENT,V,8.5420048828125
2026-08-05T16:05:00+00:00,22411189-1,Temperature,CURRENT,°C,28.697587890624995
2026-08-05T16:05:00+00:00,22411189-2,RH,CURRENT,%,68.52674143587396
2026-08-05T16:05:00+00:00,22411189-3,Dew Point,CURRENT,°C,22.35909281549973
2026-08-05T16:05:00+00:00,22411190-1,Temperature,CURRENT,°C,28.354384765624992
2026-08-05T16:05:00+00:00,22411190-2,RH,CURRENT,%,67.99114976729992
2026-08-05T16:05:00+00:00,22411190-3,Dew Point,CURRENT,°C,21.902717271345185
2026-08-05T16:05:00+00:00,22411191-1,Temperature,CURRENT,°C,27.64652832031249
2026-08-05T16:05:00+00:00,22411191-2,RH,CURRENT,%,70.56839856565195
2026-08-05T16:05:00+00:00,22411191-3,Dew Point,CURRENT,°C,21.836916286640502
2026-08-05T16:05:00+00:00,22411525-1,Temperature,CURRENT,°C,27.496376953125
2026-08-05T16:05:00+00:00,22411525-2,RH,CURRENT,%,69.62386511024643
2026-08-05T16:05:00+00:00,22411525-3,Dew Point,CURRENT,°C,21.472404897884132
2026-08-05T16:05:00+00:00,22411526-1,Temperature,CURRENT,°C,29.662846679687497
2026-08-05T16:05:00+00:00,22411526-2,RH,CURRENT,%,65.83810177767604
2026-08-05T16:05:00+00:00,22411526-3,Dew Point,CURRENT,°C,22.617660467695043
2026-08-05T16:05:00+00:00,22411527-1,Temperature,CURRENT,°C,27.474926757812504
2026-08-05T16:05:00+00:00,22411527-2,RH,CURRENT,%,69.77645532921339
2026-08-05T16:05:00+00:00,22411527-3,Dew Point,CURRENT,°C,21.487712605744772
2026-08-05T16:05:00+00:00,22411528-1,Temperature,CURRENT,°C,29.405444335937496
2026-08-05T16:05:00+00:00,22411528-2,RH,CURRENT,%,69.02113374532692
2026-08-05T16:05:00+00:00,22411528-3,Dew Point,CURRENT,°C,23.153590010437146
2026-08-05T16:05:00+00:00,22411529-1,Temperature,CURRENT,°C,30.113300781249997
2026-08-05T16:05:00+00:00,22411529-2,RH,CURRENT,%,72.90608072022583
2026-08-05T16:05:00+00:00,22411529-3,Dew Point,CURRENT,°C,24.74509074701201
2026-08-05T16:05:00+00:00,22411530-1,Temperature,CURRENT,°C,27.753779296875003
2026-08-05T16:05:00+00:00,22411530-2,RH,CURRENT,%,69.71694514381628
2026-08-05T16:05:00+00:00,22411530-3,Dew Point,CURRENT,°C,21.740463327411018
2026-08-05T16:06:00+00:00,22411541-S,Battery,CURRENT,V,8.5420048828125
2026-08-05T16:10:00+00:00,22411189-1,Temperature,CURRENT,°C,28.869189453124996
2026-08-05T16:10:00+00:00,22411189-2,RH,CURRENT,%,63.9154650186923
2026-08-05T16:10:00+00:00,22411189-3,Dew Point,CURRENT,°C,21.378758470743044
2026-08-05T16:10:00+00:00,22411190-1,Temperature,CURRENT,°C,28.56888671875
2026-08-05T16:10:00+00:00,22411190-2,RH,CURRENT,%,62.80918593118181
2026-08-05T16:10:00+00:00,22411190-3,Dew Point,CURRENT,°C,20.810175762102173
2026-08-05T16:10:00+00:00,22411191-1,Temperature,CURRENT,°C,27.753779296875003
2026-08-05T16:10:00+00:00,22411191-2,RH,CURRENT,%,64.11841000991836
2026-08-05T16:10:00+00:00,22411191-3,Dew Point,CURRENT,°C,20.37510211247811
2026-08-05T16:10:00+00:00,22411525-1,Temperature,CURRENT,°C,27.560727539062505
2026-08-05T16:10:00+00:00,22411525-2,RH,CURRENT,%,63.312733653772796
2026-08-05T16:10:00+00:00,22411525-3,Dew Point,CURRENT,°C,19.987688250951685
2026-08-05T16:10:00+00:00,22411526-1,Temperature,CURRENT,°C,29.87734863281249
2026-08-05T16:10:00+00:00,22411526-2,RH,CURRENT,%,61.184100099183645
2026-08-05T16:10:00+00:00,22411526-3,Dew Point,CURRENT,°C,21.614785604831972
2026-08-05T16:10:00+00:00,22411527-1,Temperature,CURRENT,°C,27.496376953125
2026-08-05T16:10:00+00:00,22411527-2,RH,CURRENT,%,63.825436789501794
2026-08-05T16:10:00+00:00,22411527-3,Dew Point,CURRENT,°C,20.057347655995052
2026-08-05T16:10:00+00:00,22411528-1,Temperature,CURRENT,°C,29.598496093749993
2026-08-05T16:10:00+00:00,22411528-2,RH,CURRENT,%,63.57671473258564
2026-08-05T16:10:00+00:00,22411528-3,Dew Point,CURRENT,°C,21.981159941654493
2026-08-05T16:10:00+00:00,22411529-1,Temperature,CURRENT,°C,30.199101562499997
2026-08-05T16:10:00+00:00,22411529-2,RH,CURRENT,%,69.03028915846494
2026-08-05T16:10:00+00:00,22411529-3,Dew Point,CURRENT,°C,23.913652135746517
2026-08-05T16:10:00+00:00,22411530-1,Temperature,CURRENT,°C,27.903930664062493
2026-08-05T16:10:00+00:00,22411530-2,RH,CURRENT,%,63.45769436179141
2026-08-05T16:10:00+00:00,22411530-3,Dew Point,CURRENT,°C,20.349074133911834
2026-08-05T16:11:00+00:00,22411541-S,Battery,CURRENT,V,8.52908203125
2026-08-05T16:15:00+00:00,22411189-1,Temperature,CURRENT,°C,28.912089843750003
2026-08-05T16:15:00+00:00,22411189-2,RH,CURRENT,%,66.97489890897994
2026-08-05T16:15:00+00:00,22411189-3,Dew Point,CURRENT,°C,22.186346030282234
2026-08-05T16:15:00+00:00,22411190-1,Temperature,CURRENT,°C,28.633237304687505
2026-08-05T16:15:00+00:00,22411190-2,RH,CURRENT,%,65.93118181124589
2026-08-05T16:15:00+00:00,22411190-3,Dew Point,CURRENT,°C,21.66340551417515
2026-08-05T16:15:00+00:00,22411191-1,Temperature,CURRENT,°C,28.054082031249997
2026-08-05T16:15:00+00:00,22411191-2,RH,CURRENT,%,68.032349126421
2026-08-05T16:15:00+00:00,22411191-3,Dew Point,CURRENT,°C,21.62635001037599
2026-08-05T16:15:00+00:00,22411525-1,Temperature,CURRENT,°C,27.839580078125003
2026-08-05T16:15:00+00:00,22411525-2,RH,CURRENT,%,67.54558632791638
2026-08-05T16:15:00+00:00,22411525-3,Dew Point,CURRENT,°C,21.30443675199482
2026-08-05T16:15:00+00:00,22411526-1,Temperature,CURRENT,°C,29.87734863281249
2026-08-05T16:15:00+00:00,22411526-2,RH,CURRENT,%,65.45052262149996
2026-08-05T16:15:00+00:00,22411526-3,Dew Point,CURRENT,°C,22.723680109626464
2026-08-05T16:15:00+00:00,22411527-1,Temperature,CURRENT,°C,27.796679687499996
2026-08-05T16:15:00+00:00,22411527-2,RH,CURRENT,%,68.09033340962844
2026-08-05T16:15:00+00:00,22411527-3,Dew Point,CURRENT,°C,21.394857600407846
2026-08-05T16:15:00+00:00,22411528-1,Temperature,CURRENT,°C,29.512695312499993
2026-08-05T16:15:00+00:00,22411528-2,RH,CURRENT,%,70.69047074082552
2026-08-05T16:15:00+00:00,22411528-3,Dew Point,CURRENT,°C,23.65304803833765
2026-08-05T16:15:00+00:00,22411529-1,Temperature,CURRENT,°C,30.0918505859375
2026-08-05T16:15:00+00:00,22411529-2,RH,CURRENT,%,70.89646753643092
2026-08-05T16:15:00+00:00,22411529-3,Dew Point,CURRENT,°C,24.256392116606897
2026-08-05T16:15:00+00:00,22411530-1,Temperature,CURRENT,°C,28.096982421875005
2026-08-05T16:15:00+00:00,22411530-2,RH,CURRENT,%,67.25871671625849
2026-08-05T16:15:00+00:00,22411530-3,Dew Point,CURRENT,°C,21.47997185634276
2026-08-05T16:16:00+00:00,22411541-S,Battery,CURRENT,V,8.525851318359376
2026-08-05T16:20:00+00:00,22411189-1,Temperature,CURRENT,°C,28.976440429687493
2026-08-05T16:20:00+00:00,22411189-2,RH,CURRENT,%,64.15350576028077
2026-08-05T16:20:00+00:00,22411189-3,Dew Point,CURRENT,°C,21.541039644486485
2026-08-05T16:20:00+00:00,22411190-1,Temperature,CURRENT,°C,28.7619384765625
2026-08-05T16:20:00+00:00,22411190-2,RH,CURRENT,%,63.70489051651789
2026-08-05T16:20:00+00:00,22411190-3,Dew Point,CURRENT,°C,21.223414696726472
2026-08-05T16:20:00+00:00,22411191-1,Temperature,CURRENT,°C,28.096982421875005
2026-08-05T16:20:00+00:00,22411191-2,RH,CURRENT,%,65.13923857480735
2026-08-05T16:20:00+00:00,22411191-3,Dew Point,CURRENT,°C,20.957073541066883
2026-08-05T16:20:00+00:00,22411525-1,Temperature,CURRENT,°C,27.8610302734375
2026-08-05T16:20:00+00:00,22411525-2,RH,CURRENT,%,64.33661402304112
2026-08-05T16:20:00+00:00,22411525-3,Dew Point,CURRENT,°C,20.53177886255498
2026-08-05T16:20:00+00:00,22411526-1,Temperature,CURRENT,°C,29.898798828125003
2026-08-05T16:20:00+00:00,22411526-2,RH,CURRENT,%,62.76340886549172
2026-08-05T16:20:00+00:00,22411526-3,Dew Point,CURRENT,°C,22.05315443057526
2026-08-05T16:20:00+00:00,22411527-1,Temperature,CURRENT,°C,27.796679687499996
2026-08-05T16:20:00+00:00,22411527-2,RH,CURRENT,%,64.84168764782177
2026-08-05T16:20:00+00:00,22411527-3,Dew Point,CURRENT,°C,20.59788104543741
2026-08-05T16:20:00+00:00,22411528-1,Temperature,CURRENT,°C,29.555595703125
2026-08-05T16:20:00+00:00,22411528-2,RH,CURRENT,%,65.43526359960326
2026-08-05T16:20:00+00:00,22411528-3,Dew Point,CURRENT,°C,22.4146615595084
2026-08-05T16:20:00+00:00,22411529-1,Temperature,CURRENT,°C,30.0060498046875
2026-08-05T16:20:00+00:00,22411529-2,RH,CURRENT,%,71.43205920500496
2026-08-05T16:20:00+00:00,22411529-3,Dew Point,CURRENT,°C,24.299974930172887
2026-08-05T16:20:00+00:00,22411530-1,Temperature,CURRENT,°C,28.161333007812495
2026-08-05T16:20:00+00:00,22411530-2,RH,CURRENT,%,64.30151827267872
2026-08-05T16:20:00+00:00,22411530-3,Dew Point,CURRENT,°C,20.807209182832718
2026-08-05T16:21:00+00:00,22411541-S,Battery,CURRENT,V,8.525851318359376
2026-08-05T16:25:00+00:00,22411189-1,Temperature,CURRENT,°C,28.311484375
2026-08-05T16:25:00+00:00,22411189-2,RH,CURRENT,%,68.43518730449378
2026-08-05T16:25:00+00:00,22411189-3,Dew Point,CURRENT,°C,21.96869801249394
2026-08-05T16:25:00+00:00,22411190-1,Temperature,CURRENT,°C,28.139882812499998
2026-08-05T16:25:00+00:00,22411190-2,RH,CURRENT,%,66.86045624475472
2026-08-05T16:25:00+00:00,22411190-3,Dew Point,CURRENT,°C,21.423638758014274
2026-08-05T16:25:00+00:00,22411191-1,Temperature,CURRENT,°C,27.6894287109375
2026-08-05T16:25:00+00:00,22411191-2,RH,CURRENT,%,69.6803234912642
2026-08-05T16:25:00+00:00,22411191-3,Dew Point,CURRENT,°C,21.670304525501496
2026-08-05T16:25:00+00:00,22411525-1,Temperature,CURRENT,°C,27.539277343749994
2026-08-05T16:25:00+00:00,22411525-2,RH,CURRENT,%,68.52063782711528
2026-08-05T16:25:00+00:00,22411525-3,Dew Point,CURRENT,°C,21.252260665050123
2026-08-05T16:25:00+00:00,22411526-1,Temperature,CURRENT,°C,29.1909423828125
2026-08-05T16:25:00+00:00,22411526-2,RH,CURRENT,%,64.67689021133745
2026-08-05T16:25:00+00:00,22411526-3,Dew Point,CURRENT,°C,21.877299146874254
2026-08-05T16:25:00+00:00,22411527-1,Temperature,CURRENT,°C,27.517827148437497
2026-08-05T16:25:00+00:00,22411527-2,RH,CURRENT,%,68.68238345922026
2026-08-05T16:25:00+00:00,22411527-3,Dew Point,CURRENT,°C,21.27030210059384
2026-08-05T16:25:00+00:00,22411528-1,Temperature,CURRENT,°C,28.9335400390625
2026-08-05T16:25:00+00:00,22411528-2,RH,CURRENT,%,67.20836194399939
2026-08-05T16:25:00+00:00,22411528-3,Dew Point,CURRENT,°C,22.264027713007128
2026-08-05T16:25:00+00:00,22411529-1,Temperature,CURRENT,°C,29.512695312499993
2026-08-05T16:25:00+00:00,22411529-2,RH,CURRENT,%,70.33798733501183
2026-08-05T16:25:00+00:00,22411529-3,Dew Point,CURRENT,°C,23.56989914990203
2026-08-05T16:25:00+00:00,22411530-1,Temperature,CURRENT,°C,27.667978515625002
2026-08-05T16:25:00+00:00,22411530-2,RH,CURRENT,%,69.25001907377737
2026-08-05T16:25:00+00:00,22411530-3,Dew Point,CURRENT,°C,21.548331200860552
2026-08-05T16:26:00+00:00,22411541-S,Battery,CURRENT,V,8.525851318359376
2026-08-05T16:30:00+00:00,22411189-1,Temperature,CURRENT,°C,28.71903808593749
2026-08-05T16:30:00+00:00,22411189-2,RH,CURRENT,%,67.43266956588083
2026-08-05T16:30:00+00:00,22411189-3,Dew Point,CURRENT,°C,22.11463587469361
2026-08-05T16:30:00+00:00,22411190-1,Temperature,CURRENT,°C,28.525986328124993
2026-08-05T16:30:00+00:00,22411190-2,RH,CURRENT,%,66.0318913557641
2026-08-05T16:30:00+00:00,22411190-3,Dew Point,CURRENT,°C,21.58655735323622
2026-08-05T16:30:00+00:00,22411191-1,Temperature,CURRENT,°C,28.054082031249997
2026-08-05T16:30:00+00:00,22411191-2,RH,CURRENT,%,66.28213931486992
2026-08-05T16:30:00+00:00,22411191-3,Dew Point,CURRENT,°C,21.200087285679693
2026-08-05T16:30:00+00:00,22411525-1,Temperature,CURRENT,°C,27.839580078125003
2026-08-05T16:30:00+00:00,22411525-2,RH,CURRENT,%,64.87830930037384
2026-08-05T16:30:00+00:00,22411525-3,Dew Point,CURRENT,°C,20.647718603480126
2026-08-05T16:30:00+00:00,22411526-1,Temperature,CURRENT,°C,29.641396484375
2026-08-05T16:30:00+00:00,22411526-2,RH,CURRENT,%,65.81216144045166
2026-08-05T16:30:00+00:00,22411526-3,Dew Point,CURRENT,°C,22.590795806124333
2026-08-05T16:30:00+00:00,22411527-1,Temperature,CURRENT,°C,27.839580078125003
2026-08-05T16:30:00+00:00,22411527-2,RH,CURRENT,%,65.69314106965743
2026-08-05T16:30:00+00:00,22411527-3,Dew Point,CURRENT,°C,20.850805810581008
2026-08-05T16:30:00+00:00,22411528-1,Temperature,CURRENT,°C,29.426894531249992
2026-08-05T16:30:00+00:00,22411528-2,RH,CURRENT,%,68.72205691615167
2026-08-05T16:30:00+00:00,22411528-3,Dew Point,CURRENT,°C,23.102102125331694
2026-08-05T16:30:00+00:00,22411529-1,Temperature,CURRENT,°C,29.534145507812504
2026-08-05T16:30:00+00:00,22411529-2,RH,CURRENT,%,74.29465171282521
2026-08-05T16:30:00+00:00,22411529-3,Dew Point,CURRENT,°C,24.503788635598244
2026-08-05T16:30:00+00:00,22411530-1,Temperature,CURRENT,°C,28.096982421875005
2026-08-05T16:30:00+00:00,22411530-2,RH,CURRENT,%,65.57717250324254
2026-08-05T16:30:00+00:00,22411530-3,Dew Point,CURRENT,°C,21.066322899282184
2026-08-05T16:31:00+00:00,22411541-S,Battery,CURRENT,V,8.512928466796875
2026-08-05T16:35:00+00:00,22411189-1,Temperature,CURRENT,°C,29.126591796874997
2026-08-05T16:35:00+00:00,22411189-2,RH,CURRENT,%,62.319371328297855
2026-08-05T16:35:00+00:00,22411189-3,Dew Point,CURRENT,°C,21.208589088448914
2026-08-05T16:35:00+00:00,22411190-1,Temperature,CURRENT,°C,28.912089843750003
2026-08-05T16:35:00+00:00,22411190-2,RH,CURRENT,%,61.394674601358055
2026-08-05T16:35:00+00:00,22411190-3,Dew Point,CURRENT,°C,20.76286517301774
2026-08-05T16:35:00+00:00,22411191-1,Temperature,CURRENT,°C,28.332934570312496
2026-08-05T16:35:00+00:00,22411191-2,RH,CURRENT,%,62.88242923628595
2026-08-05T16:35:00+00:00,22411191-3,Dew Point,CURRENT,°C,20.606423779331596
2026-08-05T16:35:00+00:00,22411525-1,Temperature,CURRENT,°C,28.096982421875005
2026-08-05T16:35:00+00:00,22411525-2,RH,CURRENT,%,62.20798046845197
2026-08-05T16:35:00+00:00,22411525-3,Dew Point,CURRENT,°C,20.20883758478558
2026-08-05T16:35:00+00:00,22411526-1,Temperature,CURRENT,°C,30.070400390625004
2026-08-05T16:35:00+00:00,22411526-2,RH,CURRENT,%,60.016784924086366
2026-08-05T16:35:00+00:00,22411526-3,Dew Point,CURRENT,°C,21.480725368578486
2026-08-05T16:35:00+00:00,22411527-1,Temperature,CURRENT,°C,28.075532226562494
2026-08-05T16:35:00+00:00,22411527-2,RH,CURRENT,%,62.523842221713586
2026-08-05T16:35:00+00:00,22411527-3,Dew Point,CURRENT,°C,20.270694178921865
2026-08-05T16:35:00+00:00,22411528-1,Temperature,CURRENT,°C,29.812998046875002
2026-08-05T16:35:00+00:00,22411528-2,RH,CURRENT,%,62.73136491950866
2026-08-05T16:35:00+00:00,22411528-3,Dew Point,CURRENT,°C,21.963819578380797
2026-08-05T16:35:00+00:00,22411529-1,Temperature,CURRENT,°C,29.727197265625
2026-08-05T16:35:00+00:00,22411529-2,RH,CURRENT,%,69.26680399786373
2026-08-05T16:35:00+00:00,22411529-3,Dew Point,CURRENT,°C,23.519885540683962
2026-08-05T16:35:00+00:00,22411530-1,Temperature,CURRENT,°C,28.440185546874993
2026-08-05T16:35:00+00:00,22411530-2,RH,CURRENT,%,62.278171969176775
2026-08-05T16:35:00+00:00,22411530-3,Dew Point,CURRENT,°C,20.55069620846326
2026-08-05T16:36:00+00:00,22411541-S,Battery,CURRENT,V,8.512928466796875
2026-08-05T16:40:00+00:00,22411189-1,Temperature,CURRENT,°C,28.9335400390625
2026-08-05T16:40:00+00:00,22411189-2,RH,CURRENT,%,63.733882658121615
2026-08-05T16:40:00+00:00,22411189-3,Dew Point,CURRENT,°C,21.393088858752154
2026-08-05T16:40:00+00:00,22411190-1,Temperature,CURRENT,°C,28.697587890624995
2026-08-05T16:40:00+00:00,22411190-2,RH,CURRENT,%,62.37888151369497
2026-08-05T16:40:00+00:00,22411190-3,Dew Point,CURRENT,°C,20.819671200713003
2026-08-05T16:40:00+00:00,22411191-1,Temperature,CURRENT,°C,28.161333007812495
2026-08-05T16:40:00+00:00,22411191-2,RH,CURRENT,%,63.649958037689785
2026-08-05T16:40:00+00:00,22411191-3,Dew Point,CURRENT,°C,20.641522891727888
2026-08-05T16:40:00+00:00,22411525-1,Temperature,CURRENT,°C,27.968281249999997
2026-08-05T16:40:00+00:00,22411525-2,RH,CURRENT,%,62.96482795452811
2026-08-05T16:40:00+00:00,22411525-3,Dew Point,CURRENT,°C,20.283417440397198
2026-08-05T16:40:00+00:00,22411526-1,Temperature,CURRENT,°C,29.8344482421875
2026-08-05T16:40:00+00:00,22411526-2,RH,CURRENT,%,62.12252994583047
2026-08-05T16:40:00+00:00,22411526-3,Dew Point,CURRENT,°C,21.823940724706517
2026-08-05T16:40:00+00:00,22411527-1,Temperature,CURRENT,°C,27.9468310546875
2026-08-05T16:40:00+00:00,22411527-2,RH,CURRENT,%,63.143358510719466
2026-08-05T16:40:00+00:00,22411527-3,Dew Point,CURRENT,°C,20.309070046834293
2026-08-05T16:40:00+00:00,22411528-1,Temperature,CURRENT,°C,29.577045898437497
2026-08-05T16:40:00+00:00,22411528-2,RH,CURRENT,%,65.83962767986571
2026-08-05T16:40:00+00:00,22411528-3,Dew Point,CURRENT,°C,22.53660015617137
2026-08-05T16:40:00+00:00,22411529-1,Temperature,CURRENT,°C,29.555595703125
2026-08-05T16:40:00+00:00,22411529-2,RH,CURRENT,%,70.90562294956894
2026-08-05T16:40:00+00:00,22411529-3,Dew Point,CURRENT,°C,23.744731124219015
2026-08-05T16:40:00+00:00,22411530-1,Temperature,CURRENT,°C,28.247133789062495
2026-08-05T16:40:00+00:00,22411530-2,RH,CURRENT,%,63.38139925230793
2026-08-05T16:40:00+00:00,22411530-3,Dew Point,CURRENT,°C,20.653875057182756
2026-08-05T16:41:00+00:00,22411541-S,Battery,CURRENT,V,8.519389892578126
2026-08-05T16:45:00+00:00,22411189-1,Temperature,CURRENT,°C,29.083691406250004
2026-08-05T16:45:00+00:00,22411189-2,RH,CURRENT,%,59.562066071564814
2026-08-05T16:45:00+00:00,22411189-3,Dew Point,CURRENT,°C,20.431518103600602
2026-08-05T16:45:00+00:00,22411190-1,Temperature,CURRENT,°C,28.890639648437492
2026-08-05T16:45:00+00:00,22411190-2,RH,CURRENT,%,58.820477607385364
2026-08-05T16:45:00+00:00,22411190-3,Dew Point,CURRENT,°C,20.047632753988374
2026-08-05T16:45:00+00:00,22411191-1,Temperature,CURRENT,°C,28.354384765624992
2026-08-05T16:45:00+00:00,22411191-2,RH,CURRENT,%,60.21210040436408
2026-08-05T16:45:00+00:00,22411191-3,Dew Point,CURRENT,°C,19.92318679288559
2026-08-05T16:45:00+00:00,22411525-1,Temperature,CURRENT,°C,28.161333007812495
2026-08-05T16:45:00+00:00,22411525-2,RH,CURRENT,%,59.87487602044709
2026-08-05T16:45:00+00:00,22411525-3,Dew Point,CURRENT,°C,19.65129619712604
2026-08-05T16:45:00+00:00,22411526-1,Temperature,CURRENT,°C,30.027499999999996
2026-08-05T16:45:00+00:00,22411526-2,RH,CURRENT,%,57.846952010376135
2026-08-05T16:45:00+00:00,22411526-3,Dew Point,CURRENT,°C,20.839496563392224
2026-08-05T16:45:00+00:00,22411527-1,Temperature,CURRENT,°C,28.161333007812495
2026-08-05T16:45:00+00:00,22411527-2,RH,CURRENT,%,60.08087281605249
2026-08-05T16:45:00+00:00,22411527-3,Dew Point,CURRENT,°C,19.706719543362173
2026-08-05T16:45:00+00:00,22411528-1,Temperature,CURRENT,°C,29.79154785156249
2026-08-05T16:45:00+00:00,22411528-2,RH,CURRENT,%,60.74769207293812
2026-08-05T16:45:00+00:00,22411528-3,Dew Point,CURRENT,°C,21.416967734701053
2026-08-05T16:45:00+00:00,22411529-1,Temperature,CURRENT,°C,29.619946289062504
2026-08-05T16:45:00+00:00,22411529-2,RH,CURRENT,%,70.0129701686122
2026-08-05T16:45:00+00:00,22411529-3,Dew Point,CURRENT,°C,23.595509140096038
2026-08-05T16:45:00+00:00,22411530-1,Temperature,CURRENT,°C,28.440185546874993
2026-08-05T16:45:00+00:00,22411530-2,RH,CURRENT,%,59.479667353322654
2026-08-05T16:45:00+00:00,22411530-3,Dew Point,CURRENT,°C,19.805894025906852
2026-08-05T16:46:00+00:00,22411541-S,Battery,CURRENT,V,8.512928466796875
2026-08-05T16:50:00+00:00,22411189-1,Temperature,CURRENT,°C,29.169492187500005
2026-08-05T16:50:00+00:00,22411189-2,RH,CURRENT,%,63.608758678568705
2026-08-05T16:50:00+00:00,22411189-3,Dew Point,CURRENT,°C,21.58397676146513
2026-08-05T16:50:00+00:00,22411190-1,Temperature,CURRENT,°C,28.954990234374996
2026-08-05T16:50:00+00:00,22411190-2,RH,CURRENT,%,62.28732738231479
2026-08-05T16:50:00+00:00,22411190-3,Dew Point,CURRENT,°C,21.038423570153913
2026-08-05T16:50:00+00:00,22411191-1,Temperature,CURRENT,°C,28.440185546874993
2026-08-05T16:50:00+00:00,22411191-2,RH,CURRENT,%,62.54215304798962
2026-08-05T16:50:00+00:00,22411191-3,Dew Point,CURRENT,°C,20.61943365524964
2026-08-05T16:50:00+00:00,22411525-1,Temperature,CURRENT,°C,28.26858398437499
2026-08-05T16:50:00+00:00,22411525-2,RH,CURRENT,%,61.557946135652706
2026-08-05T16:50:00+00:00,22411525-3,Dew Point,CURRENT,°C,20.20030160969046
2026-08-05T16:50:00+00:00,22411526-1,Temperature,CURRENT,°C,30.027499999999996
2026-08-05T16:50:00+00:00,22411526-2,RH,CURRENT,%,62.232394903486686
2026-08-05T16:50:00+00:00,22411526-3,Dew Point,CURRENT,°C,22.034866062697464
2026-08-05T16:50:00+00:00,22411527-1,Temperature,CURRENT,°C,28.26858398437499
2026-08-05T16:50:00+00:00,22411527-2,RH,CURRENT,%,61.7242694743267
2026-08-05T16:50:00+00:00,22411527-3,Dew Point,CURRENT,°C,20.244027335890262
2026-08-05T16:50:00+00:00,22411528-1,Temperature,CURRENT,°C,29.855898437499995
2026-08-05T16:50:00+00:00,22411528-2,RH,CURRENT,%,65.59700923170824
2026-08-05T16:50:00+00:00,22411528-3,Dew Point,CURRENT,°C,22.74027005703862
2026-08-05T16:50:00+00:00,22411529-1,Temperature,CURRENT,°C,29.598496093749993
2026-08-05T16:50:00+00:00,22411529-2,RH,CURRENT,%,71.9127183947509
2026-08-05T16:50:00+00:00,22411529-3,Dew Point,CURRENT,°C,24.020957070498646
2026-08-05T16:50:00+00:00,22411530-1,Temperature,CURRENT,°C,28.525986328124993
2026-08-05T16:50:00+00:00,22411530-2,RH,CURRENT,%,62.01266498817426
2026-08-05T16:50:00+00:00,22411530-3,Dew Point,CURRENT,°C,20.562152825772433
2026-08-05T16:51:00+00:00,22411541-S,Battery,CURRENT,V,8.503236328125
2026-08-05T16:55:00+00:00,22411189-1,Temperature,CURRENT,°C,29.040791015624997
2026-08-05T16:55:00+00:00,22411189-2,RH,CURRENT,%,65.473411154345
2026-08-05T16:55:00+00:00,22411189-3,Dew Point,CURRENT,°C,21.93592411710918
2026-08-05T16:55:00+00:00,22411190-1,Temperature,CURRENT,°C,28.826289062500003
2026-08-05T16:55:00+00:00,22411190-2,RH,CURRENT,%,63.95819028000305
2026-08-05T16:55:00+00:00,22411190-3,Dew Point,CURRENT,°C,21.349106445013117
2026-08-05T16:55:00+00:00,22411191-1,Temperature,CURRENT,°C,28.440185546874993
2026-08-05T16:55:00+00:00,22411191-2,RH,CURRENT,%,65.60463874265659
2026-08-05T16:55:00+00:00,22411191-3,Dew Point,CURRENT,°C,21.39886577714416
2026-08-05T16:55:00+00:00,22411525-1,Temperature,CURRENT,°C,28.290034179687503
2026-08-05T16:55:00+00:00,22411525-2,RH,CURRENT,%,64.7043564507515
2026-08-05T16:55:00+00:00,22411525-3,Dew Point,CURRENT,°C,21.030845450787456
2026-08-05T16:55:00+00:00,22411526-1,Temperature,CURRENT,°C,29.79154785156249
2026-08-05T16:55:00+00:00,22411526-2,RH,CURRENT,%,63.38139925230793
2026-08-05T16:55:00+00:00,22411526-3,Dew Point,CURRENT,°C,22.11298896119057
2026-08-05T16:55:00+00:00,22411527-1,Temperature,CURRENT,°C,28.26858398437499
2026-08-05T16:55:00+00:00,22411527-2,RH,CURRENT,%,64.98207064927138
2026-08-05T16:55:00+00:00,22411527-3,Dew Point,CURRENT,°C,21.08037229699919
2026-08-05T16:55:00+00:00,22411528-1,Temperature,CURRENT,°C,29.705747070312505
2026-08-05T16:55:00+00:00,22411528-2,RH,CURRENT,%,64.7348744945449
2026-08-05T16:55:00+00:00,22411528-3,Dew Point,CURRENT,°C,22.37963657736307
2026-08-05T16:55:00+00:00,22411529-1,Temperature,CURRENT,°C,29.619946289062504
2026-08-05T16:55:00+00:00,22411529-2,RH,CURRENT,%,69.92294193942168
2026-08-05T16:55:00+00:00,22411529-3,Dew Point,CURRENT,°C,23.574110578244543
2026-08-05T16:55:00+00:00,22411530-1,Temperature,CURRENT,°C,28.4830859375
2026-08-05T16:55:00+00:00,22411530-2,RH,CURRENT,%,65.08735790035858
2026-08-05T16:55:00+00:00,22411530-3,Dew Point,CURRENT,°C,21.310147660268562
2026-08-05T16:56:00+00:00,22411541-S,Battery,CURRENT,V,8.50969775390625
2026-08-05T17:00:00+00:00,22411189-1,Temperature,CURRENT,°C,29.233842773437495
2026-08-05T17:00:00+00:00,22411189-2,RH,CURRENT,%,64.97749294270237
2026-08-05T17:00:00+00:00,22411189-3,Dew Point,CURRENT,°C,21.99408919350201
2026-08-05T17:00:00+00:00,22411190-1,Temperature,CURRENT,°C,29.083691406250004
2026-08-05T17:00:00+00:00,22411190-2,RH,CURRENT,%,63.83916990920882
2026-08-05T17:00:00+00:00,22411190-3,Dew Point,CURRENT,°C,21.562071253521204
2026-08-05T17:00:00+00:00,22411191-1,Temperature,CURRENT,°C,28.633237304687505
2026-08-05T17:00:00+00:00,22411191-2,RH,CURRENT,%,66.1829556725414
2026-08-05T17:00:00+00:00,22411191-3,Dew Point,CURRENT,°C,21.725878252988398
2026-08-05T17:00:00+00:00,22411525-1,Temperature,CURRENT,°C,28.440185546874993
2026-08-05T17:00:00+00:00,22411525-2,RH,CURRENT,%,65.63668268863965
2026-08-05T17:00:00+00:00,22411525-3,Dew Point,CURRENT,°C,21.40685172540625
2026-08-05T17:00:00+00:00,22411526-1,Temperature,CURRENT,°C,29.9202490234375
2026-08-05T17:00:00+00:00,22411526-2,RH,CURRENT,%,62.8397039749752
2026-08-05T17:00:00+00:00,22411526-3,Dew Point,CURRENT,°C,22.09336306953877
2026-08-05T17:00:00+00:00,22411527-1,Temperature,CURRENT,°C,28.440185546874993
2026-08-05T17:00:00+00:00,22411527-2,RH,CURRENT,%,65.97238117036697
2026-08-05T17:00:00+00:00,22411527-3,Dew Point,CURRENT,°C,21.490309894940644
2026-08-05T17:00:00+00:00,22411528-1,Temperature,CURRENT,°C,29.941699218749996
2026-08-05T17:00:00+00:00,22411528-2,RH,CURRENT,%,65.08888380254825
2026-08-05T17:00:00+00:00,22411528-3,Dew Point,CURRENT,°C,22.693163954275146
2026-08-05T17:00:00+00:00,22411529-1,Temperature,CURRENT,°C,29.705747070312505
2026-08-05T17:00:00+00:00,22411529-2,RH,CURRENT,%,70.55313954375525
2026-08-05T17:00:00+00:00,22411529-3,Dew Point,CURRENT,°C,23.805559661846278
2026-08-05T17:00:00+00:00,22411530-1,Temperature,CURRENT,°C,28.697587890624995
2026-08-05T17:00:00+00:00,22411530-2,RH,CURRENT,%,65.23079270618753
2026-08-05T17:00:00+00:00,22411530-3,Dew Point,CURRENT,°C,21.54953694419313
2026-08-05T17:01:00+00:00,22411541-S,Battery,CURRENT,V,8.49677490234375
2026-08-05T17:05:00+00:00,22411189-1,Temperature,CURRENT,°C,29.062241210937493
2026-08-05T17:05:00+00:00,22411189-2,RH,CURRENT,%,65.35439078355077
2026-08-05T17:05:00+00:00,22411189-3,Dew Point,CURRENT,°C,21.92639311603752
2026-08-05T17:05:00+00:00,22411190-1,Temperature,CURRENT,°C,28.890639648437492
2026-08-05T17:05:00+00:00,22411190-2,RH,CURRENT,%,64.0863660639353
2026-08-05T17:05:00+00:00,22411190-3,Dew Point,CURRENT,°C,21.4427217675073
2026-08-05T17:05:00+00:00,22411191-1,Temperature,CURRENT,°C,28.590336914062497
2026-08-05T17:05:00+00:00,22411191-2,RH,CURRENT,%,64.789806973373
2026-08-05T17:05:00+00:00,22411191-3,Dew Point,CURRENT,°C,21.336907834856753
2026-08-05T17:05:00+00:00,22411525-1,Temperature,CURRENT,°C,28.418735351562496
2026-08-05T17:05:00+00:00,22411525-2,RH,CURRENT,%,63.855954833295186
2026-08-05T17:05:00+00:00,22411525-3,Dew Point,CURRENT,°C,20.93751841693575
2026-08-05T17:05:00+00:00,22411526-1,Temperature,CURRENT,°C,29.619946289062504
2026-08-05T17:05:00+00:00,22411526-2,RH,CURRENT,%,64.16266117341878
2026-08-05T17:05:00+00:00,22411526-3,Dew Point,CURRENT,°C,22.15224541060869
2026-08-05T17:05:00+00:00,22411527-1,Temperature,CURRENT,°C,28.418735351562496
2026-08-05T17:05:00+00:00,22411527-2,RH,CURRENT,%,64.00854505226215
2026-08-05T17:05:00+00:00,22411527-3,Dew Point,CURRENT,°C,20.976416836564024
2026-08-05T17:05:00+00:00,22411528-1,Temperature,CURRENT,°C,29.705747070312505
2026-08-05T17:05:00+00:00,22411528-2,RH,CURRENT,%,66.26382848859389
2026-08-05T17:05:00+00:00,22411528-3,Dew Point,CURRENT,°C,22.764857002292608
2026-08-05T17:05:00+00:00,22411529-1,Temperature,CURRENT,°C,29.619946289062504
2026-08-05T17:05:00+00:00,22411529-2,RH,CURRENT,%,71.08567940794995
2026-08-05T17:05:00+00:00,22411529-3,Dew Point,CURRENT,°C,23.84864789180827
2026-08-05T17:05:00+00:00,22411530-1,Temperature,CURRENT,°C,28.611787109374994
2026-08-05T17:05:00+00:00,22411530-2,RH,CURRENT,%,64.19928282597085
2026-08-05T17:05:00+00:00,22411530-3,Dew Point,CURRENT,°C,21.2076302366173
2026-08-05T17:06:00+00:00,22411541-S,Battery,CURRENT,V,8.500005615234375
2026-08-05T17:10:00+00:00,22411189-1,Temperature,CURRENT,°C,29.0193408203125
2026-08-05T17:10:00+00:00,22411189-2,RH,CURRENT,%,62.6489662012665
2026-08-05T17:10:00+00:00,22411189-3,Dew Point,CURRENT,°C,21.19357538068255
2026-08-05T17:10:00+00:00,22411190-1,Temperature,CURRENT,°C,28.80483886718749
2026-08-05T17:10:00+00:00,22411190-2,RH,CURRENT,%,61.399252307927064
2026-08-05T17:10:00+00:00,22411190-3,Dew Point,CURRENT,°C,20.6631525442777
2026-08-05T17:10:00+00:00,22411191-1,Temperature,CURRENT,°C,28.461635742187504
2026-08-05T17:10:00+00:00,22411191-2,RH,CURRENT,%,63.059433890287636
2026-08-05T17:10:00+00:00,22411191-3,Dew Point,CURRENT,°C,20.77365003975447
2026-08-05T17:10:00+00:00,22411525-1,Temperature,CURRENT,°C,28.311484375
2026-08-05T17:10:00+00:00,22411525-2,RH,CURRENT,%,62.51926451514458
2026-08-05T17:10:00+00:00,22411525-3,Dew Point,CURRENT,°C,20.492083504696094
2026-08-05T17:10:00+00:00,22411526-1,Temperature,CURRENT,°C,29.662846679687497
2026-08-05T17:10:00+00:00,22411526-2,RH,CURRENT,%,61.23750667582208
2026-08-05T17:10:00+00:00,22411526-3,Dew Point,CURRENT,°C,21.42733642038011
2026-08-05T17:10:00+00:00,22411527-1,Temperature,CURRENT,°C,28.290034179687503
2026-08-05T17:10:00+00:00,22411527-2,RH,CURRENT,%,62.944991226062406
2026-08-05T17:10:00+00:00,22411527-3,Dew Point,CURRENT,°C,20.58208551589103
2026-08-05T17:10:00+00:00,22411528-1,Temperature,CURRENT,°C,29.748647460937498
2026-08-05T17:10:00+00:00,22411528-2,RH,CURRENT,%,63.5034714274815
2026-08-05T17:10:00+00:00,22411528-3,Dew Point,CURRENT,°C,22.104098512572108
2026-08-05T17:10:00+00:00,22411529-1,Temperature,CURRENT,°C,29.555595703125
2026-08-05T17:10:00+00:00,22411529-2,RH,CURRENT,%,69.5048447394522
2026-08-05T17:10:00+00:00,22411529-3,Dew Point,CURRENT,°C,23.41291367315629
2026-08-05T17:10:00+00:00,22411530-1,Temperature,CURRENT,°C,28.525986328124993
2026-08-05T17:10:00+00:00,22411530-2,RH,CURRENT,%,62.25986114290074
2026-08-05T17:10:00+00:00,22411530-3,Dew Point,CURRENT,°C,20.62680811811066
2026-08-05T17:11:00+00:00,22411541-S,Battery,CURRENT,V,8.503236328125
2026-08-05T17:15:00+00:00,22411189-1,Temperature,CURRENT,°C,29.062241210937493
2026-08-05T17:15:00+00:00,22411189-2,RH,CURRENT,%,63.523308155947205
2026-08-05T17:15:00+00:00,22411189-3,Dew Point,CURRENT,°C,21.46060982468886
2026-08-05T17:15:00+00:00,22411190-1,Temperature,CURRENT,°C,28.80483886718749
2026-08-05T17:15:00+00:00,22411190-2,RH,CURRENT,%,62.360570687418935
2026-08-05T17:15:00+00:00,22411190-3,Dew Point,CURRENT,°C,20.916017691383743
2026-08-05T17:15:00+00:00,22411191-1,Temperature,CURRENT,°C,28.525986328124993
2026-08-05T17:15:00+00:00,22411191-2,RH,CURRENT,%,63.00144960708019
2026-08-05T17:15:00+00:00,22411191-3,Dew Point,CURRENT,°C,20.819436574370485
2026-08-05T17:15:00+00:00,22411525-1,Temperature,CURRENT,°C,28.39728515625
2026-08-05T17:15:00+00:00,22411525-2,RH,CURRENT,%,61.88906691081102
2026-08-05T17:15:00+00:00,22411525-3,Dew Point,CURRENT,°C,20.408497311999525
2026-08-05T17:15:00+00:00,22411526-1,Temperature,CURRENT,°C,29.770097656249995
2026-08-05T17:15:00+00:00,22411526-2,RH,CURRENT,%,61.62661173418784
2026-08-05T17:15:00+00:00,22411526-3,Dew Point,CURRENT,°C,21.631934879933784
2026-08-05T17:15:00+00:00,22411527-1,Temperature,CURRENT,°C,28.39728515625
2026-08-05T17:15:00+00:00,22411527-2,RH,CURRENT,%,62.20340276188296
2026-08-05T17:15:00+00:00,22411527-3,Dew Point,CURRENT,°C,20.49074033412325
2026-08-05T17:15:00+00:00,22411528-1,Temperature,CURRENT,°C,29.812998046875002
2026-08-05T17:15:00+00:00,22411528-2,RH,CURRENT,%,64.41138323033493
2026-08-05T17:15:00+00:00,22411528-3,Dew Point,CURRENT,°C,22.398633948954586
2026-08-05T17:15:00+00:00,22411529-1,Temperature,CURRENT,°C,29.619946289062504
2026-08-05T17:15:00+00:00,22411529-2,RH,CURRENT,%,69.76272220950636
2026-08-05T17:15:00+00:00,22411529-3,Dew Point,CURRENT,°C,23.535968849071008
2026-08-05T17:15:00+00:00,22411530-1,Temperature,CURRENT,°C,28.56888671875
2026-08-05T17:15:00+00:00,22411530-2,RH,CURRENT,%,62.62455176623178
2026-08-05T17:15:00+00:00,22411530-3,Dew Point,CURRENT,°C,20.762259881433675
2026-08-05T17:16:00+00:00,22411541-S,Battery,CURRENT,V,8.49677490234375
2026-08-05T17:20:00+00:00,22411189-1,Temperature,CURRENT,°C,28.954990234374996
2026-08-05T17:20:00+00:00,22411189-2,RH,CURRENT,%,64.1870756084535
2026-08-05T17:20:00+00:00,22411189-3,Dew Point,CURRENT,°C,21.529306328963496
2026-08-05T17:20:00+00:00,22411190-1,Temperature,CURRENT,°C,28.7619384765625
2026-08-05T17:20:00+00:00,22411190-2,RH,CURRENT,%,62.864118410009915
2026-08-05T17:20:00+00:00,22411190-3,Dew Point,CURRENT,°C,21.006622895219085
2026-08-05T17:20:00+00:00,22411191-1,Temperature,CURRENT,°C,28.56888671875
2026-08-05T17:20:00+00:00,22411191-2,RH,CURRENT,%,63.949034866865034
2026-08-05T17:20:00+00:00,22411191-3,Dew Point,CURRENT,°C,21.103290046476328
2026-08-05T17:20:00+00:00,22411525-1,Temperature,CURRENT,°C,28.418735351562496
2026-08-05T17:20:00+00:00,22411525-2,RH,CURRENT,%,63.03807125963226
2026-08-05T17:20:00+00:00,22411525-3,Dew Point,CURRENT,°C,20.72762758625465
2026-08-05T17:20:00+00:00,22411526-1,Temperature,CURRENT,°C,29.426894531249992
2026-08-05T17:20:00+00:00,22411526-2,RH,CURRENT,%,63.08842603189136
2026-08-05T17:20:00+00:00,22411526-3,Dew Point,CURRENT,°C,21.692558980600477
2026-08-05T17:20:00+00:00,22411527-1,Temperature,CURRENT,°C,28.418735351562496
2026-08-05T17:20:00+00:00,22411527-2,RH,CURRENT,%,63.059433890287636
2026-08-05T17:20:00+00:00,22411527-3,Dew Point,CURRENT,°C,20.73314000327367
2026-08-05T17:20:00+00:00,22411528-1,Temperature,CURRENT,°C,29.512695312499993
2026-08-05T17:20:00+00:00,22411528-2,RH,CURRENT,%,64.95918211642633
2026-08-05T17:20:00+00:00,22411528-3,Dew Point,CURRENT,°C,22.253710502452755
2026-08-05T17:20:00+00:00,22411529-1,Temperature,CURRENT,°C,29.426894531249992
2026-08-05T17:20:00+00:00,22411529-2,RH,CURRENT,%,71.17723353933013
2026-08-05T17:20:00+00:00,22411529-3,Dew Point,CURRENT,°C,23.68502391126195
2026-08-05T17:20:00+00:00,22411530-1,Temperature,CURRENT,°C,28.56888671875
2026-08-05T17:20:00+00:00,22411530-2,RH,CURRENT,%,63.37987335011826
2026-08-05T17:20:00+00:00,22411530-3,Dew Point,CURRENT,°C,20.95750500647458
2026-08-05T17:21:00+00:00,22411541-S,Battery,CURRENT,V,8.49677490234375
2026-08-05T17:25:00+00:00,22411189-1,Temperature,CURRENT,°C,29.383994140625
2026-08-05T17:25:00+00:00,22411189-2,RH,CURRENT,%,63.97039749752041
2026-08-05T17:25:00+00:00,22411189-3,Dew Point,CURRENT,°C,21.879734604153793
2026-08-05T17:25:00+00:00,22411190-1,Temperature,CURRENT,°C,29.148041992187494
2026-08-05T17:25:00+00:00,22411190-2,RH,CURRENT,%,62.607766842145416
2026-08-05T17:25:00+00:00,22411190-3,Dew Point,CURRENT,°C,21.30423779271486
2026-08-05T17:25:00+00:00,22411191-1,Temperature,CURRENT,°C,28.826289062500003
2026-08-05T17:25:00+00:00,22411191-2,RH,CURRENT,%,63.5538261997406
2026-08-05T17:25:00+00:00,22411191-3,Dew Point,CURRENT,°C,21.24546821111487
2026-08-05T17:25:00+00:00,22411525-1,Temperature,CURRENT,°C,28.633237304687505
2026-08-05T17:25:00+00:00,22411525-2,RH,CURRENT,%,63.08384832532235
2026-08-05T17:25:00+00:00,22411525-3,Dew Point,CURRENT,°C,20.94199416282323
2026-08-05T17:25:00+00:00,22411526-1,Temperature,CURRENT,°C,29.941699218749996
2026-08-05T17:25:00+00:00,22411526-2,RH,CURRENT,%,62.83665217059586
2026-08-05T17:25:00+00:00,22411526-3,Dew Point,CURRENT,°C,22.11280392651537
2026-08-05T17:25:00+00:00,22411527-1,Temperature,CURRENT,°C,28.6546875
2026-08-05T17:25:00+00:00,22411527-2,RH,CURRENT,%,63.08842603189136
2026-08-05T17:25:00+00:00,22411527-3,Dew Point,CURRENT,°C,20.963431922183272
2026-08-05T17:25:00+00:00,22411528-1,Temperature,CURRENT,°C,30.027499999999996
2026-08-05T17:25:00+00:00,22411528-2,RH,CURRENT,%,63.80712596322576
2026-08-05T17:25:00+00:00,22411528-3,Dew Point,CURRENT,°C,22.446183041439493
2026-08-05T17:25:00+00:00,22411529-1,Temperature,CURRENT,°C,29.705747070312505
2026-08-05T17:25:00+00:00,22411529-2,RH,CURRENT,%,73.04493781948577
2026-08-05T17:25:00+00:00,22411529-3,Dew Point,CURRENT,°C,24.385038640353407
2026-08-05T17:25:00+00:00,22411530-1,Temperature,CURRENT,°C,28.912089843750003
2026-08-05T17:25:00+00:00,22411530-2,RH,CURRENT,%,62.89463645380331
2026-08-05T17:25:00+00:00,22411530-3,Dew Point,CURRENT,°C,21.156262157701025
2026-08-05T17:26:00+00:00,22411541-S,Battery,CURRENT,V,8.49677490234375
2026-08-05T17:30:00+00:00,22411189-1,Temperature,CURRENT,°C,29.383994140625
2026-08-05T17:30:00+00:00,22411189-2,RH,CURRENT,%,63.84832532234684
2026-08-05T17:30:00+00:00,22411189-3,Dew Point,CURRENT,°C,21.848386005188452
2026-08-05T17:30:00+00:00,22411190-1,Temperature,CURRENT,°C,29.148041992187494
2026-08-05T17:30:00+00:00,22411190-2,RH,CURRENT,%,62.66269932097352
2026-08-05T17:30:00+00:00,22411190-3,Dew Point,CURRENT,°C,21.3185703927356
2026-08-05T17:30:00+00:00,22411191-1,Temperature,CURRENT,°C,28.8477392578125
2026-08-05T17:30:00+00:00,22411191-2,RH,CURRENT,%,64.2221713588159
2026-08-05T17:30:00+00:00,22411191-3,Dew Point,CURRENT,°C,21.436756151047522
2026-08-05T17:30:00+00:00,22411525-1,Temperature,CURRENT,°C,28.676137695312498
2026-08-05T17:30:00+00:00,22411525-2,RH,CURRENT,%,63.404287785152974
2026-08-05T17:30:00+00:00,22411525-3,Dew Point,CURRENT,°C,21.065122638659226
2026-08-05T17:30:00+00:00,22411526-1,Temperature,CURRENT,°C,29.941699218749996
2026-08-05T17:30:00+00:00,22411526-2,RH,CURRENT,%,62.615396353093765
2026-08-05T17:30:00+00:00,22411526-3,Dew Point,CURRENT,°C,22.054814578604272
2026-08-05T17:30:00+00:00,22411527-1,Temperature,CURRENT,°C,28.676137695312498
2026-08-05T17:30:00+00:00,22411527-2,RH,CURRENT,%,63.732356755931946
2026-08-05T17:30:00+00:00,22411527-3,Dew Point,CURRENT,°C,21.149330926981527
2026-08-05T17:30:00+00:00,22411528-1,Temperature,CURRENT,°C,30.0060498046875
2026-08-05T17:30:00+00:00,22411528-2,RH,CURRENT,%,64.88746471351186
2026-08-05T17:30:00+00:00,22411528-3,Dew Point,CURRENT,°C,22.70294702613187
2026-08-05T17:30:00+00:00,22411529-1,Temperature,CURRENT,°C,29.8344482421875
2026-08-05T17:30:00+00:00,22411529-2,RH,CURRENT,%,70.71335927367056
2026-08-05T17:30:00+00:00,22411529-3,Dew Point,CURRENT,°C,23.966627502091693
2026-08-05T17:30:00+00:00,22411530-1,Temperature,CURRENT,°C,28.9335400390625
2026-08-05T17:30:00+00:00,22411530-2,RH,CURRENT,%,63.33867399099718
2026-08-05T17:30:00+00:00,22411530-3,Dew Point,CURRENT,°C,21.29141156888877
2026-08-05T17:31:00+00:00,22411541-S,Battery,CURRENT,V,8.493544189453125
2026-08-05T17:35:00+00:00,22411189-1,Temperature,CURRENT,°C,29.534145507812504
2026-08-05T17:35:00+00:00,22411189-2,RH,CURRENT,%,62.88548104066529
2026-08-05T17:35:00+00:00,22411189-3,Dew Point,CURRENT,°C,21.740975966393
2026-08-05T17:35:00+00:00,22411190-1,Temperature,CURRENT,°C,29.319643554687495
2026-08-05T17:35:00+00:00,22411190-2,RH,CURRENT,%,61.83871213855192
2026-08-05T17:35:00+00:00,22411190-3,Dew Point,CURRENT,°C,21.264031587776795
2026-08-05T17:35:00+00:00,22411191-1,Temperature,CURRENT,°C,29.083691406250004
2026-08-05T17:35:00+00:00,22411191-2,RH,CURRENT,%,62.6840619516289
2026-08-05T17:35:00+00:00,22411191-3,Dew Point,CURRENT,°C,21.263430914546245
2026-08-05T17:35:00+00:00,22411525-1,Temperature,CURRENT,°C,28.9335400390625
2026-08-05T17:35:00+00:00,22411525-2,RH,CURRENT,%,61.943999389639124
2026-08-05T17:35:00+00:00,22411525-3,Dew Point,CURRENT,°C,20.928109737480597
2026-08-05T17:35:00+00:00,22411526-1,Temperature,CURRENT,°C,30.0918505859375
2026-08-05T17:35:00+00:00,22411526-2,RH,CURRENT,%,61.59456778820478
2026-08-05T17:35:00+00:00,22411526-3,Dew Point,CURRENT,°C,21.92623870922097
2026-08-05T17:35:00+00:00,22411527-1,Temperature,CURRENT,°C,28.954990234374996
2026-08-05T17:35:00+00:00,22411527-2,RH,CURRENT,%,62.276646066987105
2026-08-05T17:35:00+00:00,22411527-3,Dew Point,CURRENT,°C,21.035626804207308
2026-08-05T17:35:00+00:00,22411528-1,Temperature,CURRENT,°C,30.156201171875004
2026-08-05T17:35:00+00:00,22411528-2,RH,CURRENT,%,63.782711528191044
2026-08-05T17:35:00+00:00,22411528-3,Dew Point,CURRENT,°C,22.561535892609243
2026-08-05T17:35:00+00:00,22411529-1,Temperature,CURRENT,°C,29.855898437499995
2026-08-05T17:35:00+00:00,22411529-2,RH,CURRENT,%,68.98908979934386
2026-08-05T17:35:00+00:00,22411529-3,Dew Point,CURRENT,°C,23.57601217974127
2026-08-05T17:35:00+00:00,22411530-1,Temperature,CURRENT,°C,29.148041992187494
2026-08-05T17:35:00+00:00,22411530-2,RH,CURRENT,%,61.983672846570535
2026-08-05T17:35:00+00:00,22411530-3,Dew Point,CURRENT,°C,21.140627197827285
2026-08-05T17:36:00+00:00,22411541-S,Battery,CURRENT,V,8.48385205078125
2026-08-05T17:40:00+00:00,22411189-1,Temperature,CURRENT,°C,29.491245117187496
2026-08-05T17:40:00+00:00,22411189-2,RH,CURRENT,%,65.74349584191653
2026-08-05T17:40:00+00:00,22411189-3,Dew Point,CURRENT,°C,22.43106799378883
2026-08-05T17:40:00+00:00,22411190-1,Temperature,CURRENT,°C,29.25529296874999
2026-08-05T17:40:00+00:00,22411190-2,RH,CURRENT,%,64.67994201571679
2026-08-05T17:40:00+00:00,22411190-3,Dew Point,CURRENT,°C,21.939023396429032
2026-08-05T17:40:00+00:00,22411191-1,Temperature,CURRENT,°C,29.0193408203125
2026-08-05T17:40:00+00:00,22411191-2,RH,CURRENT,%,64.02532997634852
2026-08-05T17:40:00+00:00,22411191-3,Dew Point,CURRENT,°C,21.548884760869957
2026-08-05T17:40:00+00:00,22411525-1,Temperature,CURRENT,°C,28.869189453124996
2026-08-05T17:40:00+00:00,22411525-2,RH,CURRENT,%,62.60166323338674
2026-08-05T17:40:00+00:00,22411525-3,Dew Point,CURRENT,°C,21.039604014400553
2026-08-05T17:40:00+00:00,22411526-1,Temperature,CURRENT,°C,30.048950195312493
2026-08-05T17:40:00+00:00,22411526-2,RH,CURRENT,%,65.45967803463797
2026-08-05T17:40:00+00:00,22411526-3,Dew Point,CURRENT,°C,22.88874603194954
2026-08-05T17:40:00+00:00,22411527-1,Temperature,CURRENT,°C,28.869189453124996
2026-08-05T17:40:00+00:00,22411527-2,RH,CURRENT,%,62.93125810635538
2026-08-05T17:40:00+00:00,22411527-3,Dew Point,CURRENT,°C,21.125268353706016
2026-08-05T17:40:00+00:00,22411528-1,Temperature,CURRENT,°C,30.0918505859375
2026-08-05T17:40:00+00:00,22411528-2,RH,CURRENT,%,68.91889829861906
2026-08-05T17:40:00+00:00,22411528-3,Dew Point,CURRENT,°C,23.784343068759767
2026-08-05T17:40:00+00:00,22411529-1,Temperature,CURRENT,°C,29.898798828125003
2026-08-05T17:40:00+00:00,22411529-2,RH,CURRENT,%,72.50324254215305
2026-08-05T17:40:00+00:00,22411529-3,Dew Point,CURRENT,°C,24.446050738476913
2026-08-05T17:40:00+00:00,22411530-1,Temperature,CURRENT,°C,29.083691406250004
2026-08-05T17:40:00+00:00,22411530-2,RH,CURRENT,%,63.5538261997406
2026-08-05T17:40:00+00:00,22411530-3,Dew Point,CURRENT,°C,21.488740647686516
2026-08-05T17:41:00+00:00,22411541-S,Battery,CURRENT,V,8.477390625
2026-08-05T17:45:00+00:00,22411189-1,Temperature,CURRENT,°C,29.534145507812504
2026-08-05T17:45:00+00:00,22411189-2,RH,CURRENT,%,61.17036697947662
2026-08-05T17:45:00+00:00,22411189-3,Dew Point,CURRENT,°C,21.288360976791317
2026-08-05T17:45:00+00:00,22411190-1,Temperature,CURRENT,°C,29.319643554687495
2026-08-05T17:45:00+00:00,22411190-2,RH,CURRENT,%,60.84992751964599
2026-08-05T17:45:00+00:00,22411190-3,Dew Point,CURRENT,°C,21.00097393344058
2026-08-05T17:45:00+00:00,22411191-1,Temperature,CURRENT,°C,29.062241210937493
2026-08-05T17:45:00+00:00,22411191-2,RH,CURRENT,%,61.902800030518044
2026-08-05T17:45:00+00:00,22411191-3,Dew Point,CURRENT,°C,21.038501261874373
2026-08-05T17:45:00+00:00,22411525-1,Temperature,CURRENT,°C,28.912089843750003
2026-08-05T17:45:00+00:00,22411525-2,RH,CURRENT,%,61.33363851377127
2026-08-05T17:45:00+00:00,22411525-3,Dew Point,CURRENT,°C,20.746679985021732
2026-08-05T17:45:00+00:00,22411526-1,Temperature,CURRENT,°C,30.113300781249997
2026-08-05T17:45:00+00:00,22411526-2,RH,CURRENT,%,59.99694819562066
2026-08-05T17:45:00+00:00,22411526-3,Dew Point,CURRENT,°C,21.515557261438193
2026-08-05T17:45:00+00:00,22411527-1,Temperature,CURRENT,°C,28.9335400390625
2026-08-05T17:45:00+00:00,22411527-2,RH,CURRENT,%,61.63271534294652
2026-08-05T17:45:00+00:00,22411527-3,Dew Point,CURRENT,°C,20.846047860948996
2026-08-05T17:45:00+00:00,22411528-1,Temperature,CURRENT,°C,30.1776513671875
2026-08-05T17:45:00+00:00,22411528-2,RH,CURRENT,%,61.21614404516671
2026-08-05T17:45:00+00:00,22411528-3,Dew Point,CURRENT,°C,21.905772318341764
2026-08-05T17:45:00+00:00,22411529-1,Temperature,CURRENT,°C,29.941699218749996
2026-08-05T17:45:00+00:00,22411529-2,RH,CURRENT,%,68.15594720378424
2026-08-05T17:45:00+00:00,22411529-3,Dew Point,CURRENT,°C,23.455919253224362
2026-08-05T17:45:00+00:00,22411530-1,Temperature,CURRENT,°C,29.126591796874997
2026-08-05T17:45:00+00:00,22411530-2,RH,CURRENT,%,61.00404364080263
2026-08-05T17:45:00+00:00,22411530-3,Dew Point,CURRENT,°C,20.860716213397353
2026-08-05T17:46:00+00:00,22411541-S,Battery,CURRENT,V,8.487082763671875
2026-08-05T17:50:00+00:00,22411189-1,Temperature,CURRENT,°C,29.684296874999994
2026-08-05T17:50:00+00:00,22411189-2,RH,CURRENT,%,61.774624246585795
2026-08-05T17:50:00+00:00,22411189-3,Dew Point,CURRENT,°C,21.59045459143993
2026-08-05T17:50:00+00:00,22411190-1,Temperature,CURRENT,°C,29.448344726562503
2026-08-05T17:50:00+00:00,22411190-2,RH,CURRENT,%,60.51117723353933
2026-08-05T17:50:00+00:00,22411190-3,Dew Point,CURRENT,°C,21.03086698522031
2026-08-05T17:50:00+00:00,22411191-1,Temperature,CURRENT,°C,29.276743164062502
2026-08-05T17:50:00+00:00,22411191-2,RH,CURRENT,%,61.34431982909896
2026-08-05T17:50:00+00:00,22411191-3,Dew Point,CURRENT,°C,21.092604224297425
2026-08-05T17:50:00+00:00,22411525-1,Temperature,CURRENT,°C,29.1051416015625
2026-08-05T17:50:00+00:00,22411525-2,RH,CURRENT,%,60.59205004959182
2026-08-05T17:50:00+00:00,22411525-3,Dew Point,CURRENT,°C,20.730254814266388
2026-08-05T17:50:00+00:00,22411526-1,Temperature,CURRENT,°C,30.113300781249997
2026-08-05T17:50:00+00:00,22411526-2,RH,CURRENT,%,61.15968566414893
2026-08-05T17:50:00+00:00,22411526-3,Dew Point,CURRENT,°C,21.830117123761053
2026-08-05T17:50:00+00:00,22411527-1,Temperature,CURRENT,°C,29.1051416015625
2026-08-05T17:50:00+00:00,22411527-2,RH,CURRENT,%,61.13221942473488
2026-08-05T17:50:00+00:00,22411527-3,Dew Point,CURRENT,°C,20.874729495517617
2026-08-05T17:50:00+00:00,22411528-1,Temperature,CURRENT,°C,30.199101562499997
2026-08-05T17:50:00+00:00,22411528-2,RH,CURRENT,%,63.05027847714962
2026-08-05T17:50:00+00:00,22411528-3,Dew Point,CURRENT,°C,22.411593670290245
2026-08-05T17:50:00+00:00,22411529-1,Temperature,CURRENT,°C,29.984599609375003
2026-08-05T17:50:00+00:00,22411529-2,RH,CURRENT,%,68.96925307087815
2026-08-05T17:50:00+00:00,22411529-3,Dew Point,CURRENT,°C,23.694110449710575
2026-08-05T17:50:00+00:00,22411530-1,Temperature,CURRENT,°C,29.298193359375
2026-08-05T17:50:00+00:00,22411530-2,RH,CURRENT,%,60.564583810177766
2026-08-05T17:50:00+00:00,22411530-3,Dew Point,CURRENT,°C,20.90421789103839
2026-08-05T17:51:00+00:00,22411541-S,Battery,CURRENT,V,8.480621337890625
2026-08-05T17:55:00+00:00,22411189-1,Temperature,CURRENT,°C,29.8344482421875
2026-08-05T17:55:00+00:00,22411189-2,RH,CURRENT,%,62.64438849469749
2026-08-05T17:55:00+00:00,22411189-3,Dew Point,CURRENT,°C,21.961264950602505
2026-08-05T17:55:00+00:00,22411190-1,Temperature,CURRENT,°C,29.641396484375
2026-08-05T17:55:00+00:00,22411190-2,RH,CURRENT,%,61.649500267032884
2026-08-05T17:55:00+00:00,22411190-3,Dew Point,CURRENT,°C,21.516868941043807
2026-08-05T17:55:00+00:00,22411191-1,Temperature,CURRENT,°C,29.405444335937496
2026-08-05T17:55:00+00:00,22411191-2,RH,CURRENT,%,62.607766842145416
2026-08-05T17:55:00+00:00,22411191-3,Dew Point,CURRENT,°C,21.54703300577273
2026-08-05T17:55:00+00:00,22411525-1,Temperature,CURRENT,°C,29.276743164062502
2026-08-05T17:55:00+00:00,22411525-2,RH,CURRENT,%,61.57167925535973
2026-08-05T17:55:00+00:00,22411525-3,Dew Point,CURRENT,°C,21.152973607901945
2026-08-05T17:55:00+00:00,22411526-1,Temperature,CURRENT,°C,30.349252929687502
2026-08-05T17:55:00+00:00,22411526-2,RH,CURRENT,%,61.49385824368658
2026-08-05T17:55:00+00:00,22411526-3,Dew Point,CURRENT,°C,22.14156531853069
2026-08-05T17:55:00+00:00,22411527-1,Temperature,CURRENT,°C,29.276743164062502
2026-08-05T17:55:00+00:00,22411527-2,RH,CURRENT,%,62.16372930495155
2026-08-05T17:55:00+00:00,22411527-3,Dew Point,CURRENT,°C,21.309267814402833
2026-08-05T17:55:00+00:00,22411528-1,Temperature,CURRENT,°C,30.41360351562499
2026-08-05T17:55:00+00:00,22411528-2,RH,CURRENT,%,63.28526741435874
2026-08-05T17:55:00+00:00,22411528-3,Dew Point,CURRENT,°C,22.675479772594954
2026-08-05T17:55:00+00:00,22411529-1,Temperature,CURRENT,°C,30.220551757812494
2026-08-05T17:55:00+00:00,22411529-2,RH,CURRENT,%,70.06942854962998
2026-08-05T17:55:00+00:00,22411529-3,Dew Point,CURRENT,°C,24.183515328305365
2026-08-05T17:55:00+00:00,22411530-1,Temperature,CURRENT,°C,29.491245117187496
2026-08-05T17:55:00+00:00,22411530-2,RH,CURRENT,%,61.773098344396125
2026-08-05T17:55:00+00:00,22411530-3,Dew Point,CURRENT,°C,21.40827469875278
2026-08-05T17:56:00+00:00,22411541-S,Battery,CURRENT,V,8.477390625
2026-08-05T18:00:00+00:00,22411189-1,Temperature,CURRENT,°C,30.563754882812496
2026-08-05T18:00:00+00:00,22411189-2,RH,CURRENT,%,57.4013885709926
2026-08-05T18:00:00+00:00,22411189-3,Dew Point,CURRENT,°C,21.213845319429627
2026-08-05T18:00:00+00:00,22411190-1,Temperature,CURRENT,°C,30.349252929687502
2026-08-05T18:00:00+00:00,22411190-2,RH,CURRENT,%,56.71168078126192
2026-08-05T18:00:00+00:00,22411190-3,Dew Point,CURRENT,°C,20.81683006835749
2026-08-05T18:00:00+00:00,22411191-1,Temperature,CURRENT,°C,30.0918505859375
2026-08-05T18:00:00+00:00,22411191-2,RH,CURRENT,%,57.174029144731826
2026-08-05T18:00:00+00:00,22411191-3,Dew Point,CURRENT,°C,20.709107758939474
2026-08-05T18:00:00+00:00,22411525-1,Temperature,CURRENT,°C,29.898798828125003
2026-08-05T18:00:00+00:00,22411525-2,RH,CURRENT,%,56.71473258564126
2026-08-05T18:00:00+00:00,22411525-3,Dew Point,CURRENT,°C,20.398163011779577
2026-08-05T18:00:00+00:00,22411526-1,Temperature,CURRENT,°C,31.142910156250004
2026-08-05T18:00:00+00:00,22411526-2,RH,CURRENT,%,57.140459296559094
2026-08-05T18:00:00+00:00,22411526-3,Dew Point,CURRENT,°C,21.67928271674253
2026-08-05T18:00:00+00:00,22411527-1,Temperature,CURRENT,°C,29.87734863281249
2026-08-05T18:00:00+00:00,22411527-2,RH,CURRENT,%,57.31136034180209
2026-08-05T18:00:00+00:00,22411527-3,Dew Point,CURRENT,°C,20.54808541581507
2026-08-05T18:00:00+00:00,22411528-1,Temperature,CURRENT,°C,31.3359619140625
2026-08-05T18:00:00+00:00,22411528-2,RH,CURRENT,%,58.348973830777446
2026-08-05T18:00:00+00:00,22411528-3,Dew Point,CURRENT,°C,22.203141229948624
2026-08-05T18:00:00+00:00,22411529-1,Temperature,CURRENT,°C,30.928408203124995
2026-08-05T18:00:00+00:00,22411529-2,RH,CURRENT,%,66.87724116884108
2026-08-05T18:00:00+00:00,22411529-3,Dew Point,CURRENT,°C,24.07993860421305
2026-08-05T18:00:00+00:00,22411530-1,Temperature,CURRENT,°C,30.1776513671875
2026-08-05T18:00:00+00:00,22411530-2,RH,CURRENT,%,56.514839398794535
2026-08-05T18:00:00+00:00,22411530-3,Dew Point,CURRENT,°C,20.600488732400578
2026-08-05T18:01:00+00:00,22411541-S,Battery,CURRENT,V,8.48385205078125
2026-08-05T18:05:00+00:00,22411189-1,Temperature,CURRENT,°C,29.898798828125003
2026-08-05T18:05:00+00:00,22411189-2,RH,CURRENT,%,62.153047989623865
2026-08-05T18:05:00+00:00,22411189-3,Dew Point,CURRENT,°C,21.892633983855024
2026-08-05T18:05:00+00:00,22411190-1,Temperature,CURRENT,°C,29.705747070312505
2026-08-05T18:05:00+00:00,22411190-2,RH,CURRENT,%,60.527962157625694
2026-08-05T18:05:00+00:00,22411190-3,Dew Point,CURRENT,°C,21.277135468562705
2026-08-05T18:05:00+00:00,22411191-1,Temperature,CURRENT,°C,29.383994140625
2026-08-05T18:05:00+00:00,22411191-2,RH,CURRENT,%,61.99435416189822
2026-08-05T18:05:00+00:00,22411191-3,Dew Point,CURRENT,°C,21.365725890986102
2026-08-05T18:05:00+00:00,22411525-1,Temperature,CURRENT,°C,29.212392578124998
2026-08-05T18:05:00+00:00,22411525-2,RH,CURRENT,%,60.72480354009308
2026-08-05T18:05:00+00:00,22411525-3,Dew Point,CURRENT,°C,20.866643923639128
2026-08-05T18:05:00+00:00,22411526-1,Temperature,CURRENT,°C,30.520854492187503
2026-08-05T18:05:00+00:00,22411526-2,RH,CURRENT,%,61.6235599298085
2026-08-05T18:05:00+00:00,22411526-3,Dew Point,CURRENT,°C,22.33772091998089
2026-08-05T18:05:00+00:00,22411527-1,Temperature,CURRENT,°C,29.1909423828125
2026-08-05T18:05:00+00:00,22411527-2,RH,CURRENT,%,61.196307316701
2026-08-05T18:05:00+00:00,22411527-3,Dew Point,CURRENT,°C,20.972498117338997
2026-08-05T18:05:00+00:00,22411528-1,Temperature,CURRENT,°C,30.606655273437504
2026-08-05T18:05:00+00:00,22411528-2,RH,CURRENT,%,63.20286869611658
2026-08-05T18:05:00+00:00,22411528-3,Dew Point,CURRENT,°C,22.836229853027927
2026-08-05T18:05:00+00:00,22411529-1,Temperature,CURRENT,°C,30.671005859374993
2026-08-05T18:05:00+00:00,22411529-2,RH,CURRENT,%,72.51697566186007
2026-08-05T18:05:00+00:00,22411529-3,Dew Point,CURRENT,°C,25.19119316739275
2026-08-05T18:05:00+00:00,22411530-1,Temperature,CURRENT,°C,29.469794921875
2026-08-05T18:05:00+00:00,22411530-2,RH,CURRENT,%,60.99641412985427
2026-08-05T18:05:00+00:00,22411530-3,Dew Point,CURRENT,°C,21.181341663155823
2026-08-05T18:06:00+00:00,22411541-S,Battery,CURRENT,V,8.474159912109375
2026-08-05T18:10:00+00:00,22411189-1,Temperature,CURRENT,°C,30.242001953125005
2026-08-05T18:10:00+00:00,22411189-2,RH,CURRENT,%,59.82452124818799
2026-08-05T18:10:00+00:00,22411189-3,Dew Point,CURRENT,°C,21.589134522868612
2026-08-05T18:10:00+00:00,22411190-1,Temperature,CURRENT,°C,29.984599609375003
2026-08-05T18:10:00+00:00,22411190-2,RH,CURRENT,%,58.59311818112459
2026-08-05T18:10:00+00:00,22411190-3,Dew Point,CURRENT,°C,21.008232100998327
2026-08-05T18:10:00+00:00,22411191-1,Temperature,CURRENT,°C,29.619946289062504
2026-08-05T18:10:00+00:00,22411191-2,RH,CURRENT,%,60.314335851071945
2026-08-05T18:10:00+00:00,22411191-3,Dew Point,CURRENT,°C,21.13883889136595
2026-08-05T18:10:00+00:00,22411525-1,Temperature,CURRENT,°C,29.448344726562503
2026-08-05T18:10:00+00:00,22411525-2,RH,CURRENT,%,60.099183642328526
2026-08-05T18:10:00+00:00,22411525-3,Dew Point,CURRENT,°C,20.919508391936045
2026-08-05T18:10:00+00:00,22411526-1,Temperature,CURRENT,°C,30.86405761718749
2026-08-05T18:10:00+00:00,22411526-2,RH,CURRENT,%,58.92576485847257
2026-08-05T18:10:00+00:00,22411526-3,Dew Point,CURRENT,°C,21.92356830081746
2026-08-05T18:10:00+00:00,22411527-1,Temperature,CURRENT,°C,29.426894531249992
2026-08-05T18:10:00+00:00,22411527-2,RH,CURRENT,%,59.81994354161898
2026-08-05T18:10:00+00:00,22411527-3,Dew Point,CURRENT,°C,20.82353574294872
2026-08-05T18:10:00+00:00,22411528-1,Temperature,CURRENT,°C,30.9927587890625
2026-08-05T18:10:00+00:00,22411528-2,RH,CURRENT,%,59.83825436789502
2026-08-05T18:10:00+00:00,22411528-3,Dew Point,CURRENT,°C,22.29678944206689
2026-08-05T18:10:00+00:00,22411529-1,Temperature,CURRENT,°C,30.928408203124995
2026-08-05T18:10:00+00:00,22411529-2,RH,CURRENT,%,65.36202029449912
2026-08-05T18:10:00+00:00,22411529-3,Dew Point,CURRENT,°C,23.697924224594278
2026-08-05T18:10:00+00:00,22411530-1,Temperature,CURRENT,°C,29.727197265625
2026-08-05T18:10:00+00:00,22411530-2,RH,CURRENT,%,59.58037689784085
2026-08-05T18:10:00+00:00,22411530-3,Dew Point,CURRENT,°C,21.039696153576532
2026-08-05T18:11:00+00:00,22411541-S,Battery,CURRENT,V,8.48385205078125
2026-08-05T18:15:00+00:00,22411189-1,Temperature,CURRENT,°C,30.284902343749998
2026-08-05T18:15:00+00:00,22411189-2,RH,CURRENT,%,61.41298542763409
2026-08-05T18:15:00+00:00,22411189-3,Dew Point,CURRENT,°C,22.05938560929979
2026-08-05T18:15:00+00:00,22411190-1,Temperature,CURRENT,°C,30.0918505859375
2026-08-05T18:15:00+00:00,22411190-2,RH,CURRENT,%,59.809262226291295
2026-08-05T18:15:00+00:00,22411190-3,Dew Point,CURRENT,°C,21.444170843769147
2026-08-05T18:15:00+00:00,22411191-1,Temperature,CURRENT,°C,29.770097656249995
2026-08-05T18:15:00+00:00,22411191-2,RH,CURRENT,%,61.4526588845655
2026-08-05T18:15:00+00:00,22411191-3,Dew Point,CURRENT,°C,21.585634126718062
2026-08-05T18:15:00+00:00,22411525-1,Temperature,CURRENT,°C,29.598496093749993
2026-08-05T18:15:00+00:00,22411525-2,RH,CURRENT,%,60.84992751964599
2026-08-05T18:15:00+00:00,22411525-3,Dew Point,CURRENT,°C,21.2630477099392
2026-08-05T18:15:00+00:00,22411526-1,Temperature,CURRENT,°C,30.821157226562498
2026-08-05T18:15:00+00:00,22411526-2,RH,CURRENT,%,59.726863508049135
2026-08-05T18:15:00+00:00,22411526-3,Dew Point,CURRENT,°C,22.105269582087733
2026-08-05T18:15:00+00:00,22411527-1,Temperature,CURRENT,°C,29.577045898437497
2026-08-05T18:15:00+00:00,22411527-2,RH,CURRENT,%,60.950637064164184
2026-08-05T18:15:00+00:00,22411527-3,Dew Point,CURRENT,°C,21.269902332299942
2026-08-05T18:15:00+00:00,22411528-1,Temperature,CURRENT,°C,30.86405761718749
2026-08-05T18:15:00+00:00,22411528-2,RH,CURRENT,%,61.38094148165103
2026-08-05T18:15:00+00:00,22411528-3,Dew Point,CURRENT,°C,22.595570624714085
2026-08-05T18:15:00+00:00,22411529-1,Temperature,CURRENT,°C,30.971308593750003
2026-08-05T18:15:00+00:00,22411529-2,RH,CURRENT,%,66.92301823453117
2026-08-05T18:15:00+00:00,22411529-3,Dew Point,CURRENT,°C,24.132157313475158
2026-08-05T18:15:00+00:00,22411530-1,Temperature,CURRENT,°C,29.855898437499995
2026-08-05T18:15:00+00:00,22411530-2,RH,CURRENT,%,61.142900740062565
2026-08-05T18:15:00+00:00,22411530-3,Dew Point,CURRENT,°C,21.583582344775866
2026-08-05T18:16:00+00:00,22411541-S,Battery,CURRENT,V,8.467698486328125
2026-08-05T18:20:00+00:00,22411189-1,Temperature,CURRENT,°C,28.890639648437492
2026-08-05T18:20:00+00:00,22411189-2,RH,CURRENT,%,60.277714198519874
2026-08-05T18:20:00+00:00,22411189-3,Dew Point,CURRENT,°C,20.444285488544768
2026-08-05T18:20:00+00:00,22411190-1,Temperature,CURRENT,°C,28.826289062500003
2026-08-05T18:20:00+00:00,22411190-2,RH,CURRENT,%,58.986800946059354
2026-08-05T18:20:00+00:00,22411190-3,Dew Point,CURRENT,°C,20.033085647029655
2026-08-05T18:20:00+00:00,22411191-1,Temperature,CURRENT,°C,28.611787109374994
2026-08-05T18:20:00+00:00,22411191-2,RH,CURRENT,%,59.87335011825742
2026-08-05T18:20:00+00:00,22411191-3,Dew Point,CURRENT,°C,20.073482571024158
2026-08-05T18:20:00+00:00,22411525-1,Temperature,CURRENT,°C,28.504536132812497
2026-08-05T18:20:00+00:00,22411525-2,RH,CURRENT,%,59.08598458838789
2026-08-05T18:20:00+00:00,22411525-3,Dew Point,CURRENT,°C,19.75894033556349
2026-08-05T18:20:00+00:00,22411526-1,Temperature,CURRENT,°C,29.319643554687495
2026-08-05T18:20:00+00:00,22411526-2,RH,CURRENT,%,58.79301136797131
2026-08-05T18:20:00+00:00,22411526-3,Dew Point,CURRENT,°C,20.44155781226384
2026-08-05T18:20:00+00:00,22411527-1,Temperature,CURRENT,°C,28.504536132812497
2026-08-05T18:20:00+00:00,22411527-2,RH,CURRENT,%,59.46135652704662
2026-08-05T18:20:00+00:00,22411527-3,Dew Point,CURRENT,°C,19.861238206870393
2026-08-05T18:20:00+00:00,22411528-1,Temperature,CURRENT,°C,29.126591796874997
2026-08-05T18:20:00+00:00,22411528-2,RH,CURRENT,%,60.32349126420996
2026-08-05T18:20:00+00:00,22411528-3,Dew Point,CURRENT,°C,20.67814523949415
2026-08-05T18:20:00+00:00,22411529-1,Temperature,CURRENT,°C,29.662846679687497
2026-08-05T18:20:00+00:00,22411529-2,RH,CURRENT,%,61.93331807431144
2026-08-05T18:20:00+00:00,22411529-3,Dew Point,CURRENT,°C,21.612276608994943
2026-08-05T18:20:00+00:00,22411530-1,Temperature,CURRENT,°C,28.6546875
2026-08-05T18:20:00+00:00,22411530-2,RH,CURRENT,%,59.31486991683833
2026-08-05T18:20:00+00:00,22411530-3,Dew Point,CURRENT,°C,19.962078093032957
2026-08-05T18:21:00+00:00,22411541-S,Battery,CURRENT,V,8.474159912109375
2026-08-05T18:25:00+00:00,22411189-1,Temperature,CURRENT,°C,28.525986328124993
2026-08-05T18:25:00+00:00,22411189-2,RH,CURRENT,%,64.14892805371176
2026-08-05T18:25:00+00:00,22411189-3,Dew Point,CURRENT,°C,21.113625071200623
2026-08-05T18:25:00+00:00,22411190-1,Temperature,CURRENT,°C,28.4830859375
2026-08-05T18:25:00+00:00,22411190-2,RH,CURRENT,%,62.03402761882963
2026-08-05T18:25:00+00:00,22411190-3,Dew Point,CURRENT,°C,20.527323257087787
2026-08-05T18:25:00+00:00,22411191-1,Temperature,CURRENT,°C,28.4830859375
2026-08-05T18:25:00+00:00,22411191-2,RH,CURRENT,%,61.988250553139544
2026-08-05T18:25:00+00:00,22411191-3,Dew Point,CURRENT,°C,20.515332705436474
2026-08-05T18:25:00+00:00,22411525-1,Temperature,CURRENT,°C,28.39728515625
2026-08-05T18:25:00+00:00,22411525-2,RH,CURRENT,%,61.431296253910126
2026-08-05T18:25:00+00:00,22411525-3,Dew Point,CURRENT,°C,20.28807034319015
2026-08-05T18:25:00+00:00,22411526-1,Temperature,CURRENT,°C,28.611787109374994
2026-08-05T18:25:00+00:00,22411526-2,RH,CURRENT,%,64.35187304493782
2026-08-05T18:25:00+00:00,22411526-3,Dew Point,CURRENT,°C,21.24640171151797
2026-08-05T18:25:00+00:00,22411527-1,Temperature,CURRENT,°C,28.418735351562496
2026-08-05T18:25:00+00:00,22411527-2,RH,CURRENT,%,61.38399328603037
2026-08-05T18:25:00+00:00,22411527-3,Dew Point,CURRENT,°C,20.295768200446194
2026-08-05T18:25:00+00:00,22411528-1,Temperature,CURRENT,°C,28.418735351562496
2026-08-05T18:25:00+00:00,22411528-2,RH,CURRENT,%,67.30449378194858
2026-08-05T18:25:00+00:00,22411528-3,Dew Point,CURRENT,°C,21.797449492734795
2026-08-05T18:25:00+00:00,22411529-1,Temperature,CURRENT,°C,28.418735351562496
2026-08-05T18:25:00+00:00,22411529-2,RH,CURRENT,%,72.07751583123522
2026-08-05T18:25:00+00:00,22411529-3,Dew Point,CURRENT,°C,22.92624294233837
2026-08-05T18:25:00+00:00,22411530-1,Temperature,CURRENT,°C,28.440185546874993
2026-08-05T18:25:00+00:00,22411530-2,RH,CURRENT,%,61.67696650644694
2026-08-05T18:25:00+00:00,22411530-3,Dew Point,CURRENT,°C,20.393194046377168
2026-08-05T18:26:00+00:00,22411541-S,Battery,CURRENT,V,8.467698486328125
2026-08-05T18:30:00+00:00,22411189-1,Temperature,CURRENT,°C,28.826289062500003
2026-08-05T18:30:00+00:00,22411189-2,RH,CURRENT,%,62.55741206988632
2026-08-05T18:30:00+00:00,22411189-3,Dew Point,CURRENT,°C,20.987607164314095
2026-08-05T18:30:00+00:00,22411190-1,Temperature,CURRENT,°C,28.783388671874995
2026-08-05T18:30:00+00:00,22411190-2,RH,CURRENT,%,61.02845807583734
2026-08-05T18:30:00+00:00,22411190-3,Dew Point,CURRENT,°C,20.54452310836061
2026-08-05T18:30:00+00:00,22411191-1,Temperature,CURRENT,°C,28.697587890624995
2026-08-05T18:30:00+00:00,22411191-2,RH,CURRENT,%,61.521324483100635
2026-08-05T18:30:00+00:00,22411191-3,Dew Point,CURRENT,°C,20.59449973778564
2026-08-05T18:30:00+00:00,22411525-1,Temperature,CURRENT,°C,28.611787109374994
2026-08-05T18:30:00+00:00,22411525-2,RH,CURRENT,%,60.97657740138857
2026-08-05T18:30:00+00:00,22411525-3,Dew Point,CURRENT,°C,20.369360129136776
2026-08-05T18:30:00+00:00,22411526-1,Temperature,CURRENT,°C,28.912089843750003
2026-08-05T18:30:00+00:00,22411526-2,RH,CURRENT,%,62.240024414435034
2026-08-05T18:30:00+00:00,22411526-3,Dew Point,CURRENT,°C,20.985595796220938
2026-08-05T18:30:00+00:00,22411527-1,Temperature,CURRENT,°C,28.611787109374994
2026-08-05T18:30:00+00:00,22411527-2,RH,CURRENT,%,61.223773556115056
2026-08-05T18:30:00+00:00,22411527-3,Dew Point,CURRENT,°C,20.43501393247471
2026-08-05T18:30:00+00:00,22411528-1,Temperature,CURRENT,°C,28.783388671874995
2026-08-05T18:30:00+00:00,22411528-2,RH,CURRENT,%,64.04516670481422
2026-08-05T18:30:00+00:00,22411528-3,Dew Point,CURRENT,°C,21.33073745900548
2026-08-05T18:30:00+00:00,22411529-1,Temperature,CURRENT,°C,28.6546875
2026-08-05T18:30:00+00:00,22411529-2,RH,CURRENT,%,67.65697718776227
2026-08-05T18:30:00+00:00,22411529-3,Dew Point,CURRENT,°C,22.1079510664256
2026-08-05T18:30:00+00:00,22411530-1,Temperature,CURRENT,°C,28.697587890624995
2026-08-05T18:30:00+00:00,22411530-2,RH,CURRENT,%,60.987258716716255
2026-08-05T18:30:00+00:00,22411530-3,Dew Point,CURRENT,°C,20.452878044820192
2026-08-05T18:31:00+00:00,22411541-S,Battery,CURRENT,V,8.461237060546875
2026-08-05T18:35:00+00:00,22411189-1,Temperature,CURRENT,°C,30.156201171875004
2026-08-05T18:35:00+00:00,22411189-2,RH,CURRENT,%,58.46952010376135
2026-08-05T18:35:00+00:00,22411189-3,Dew Point,CURRENT,°C,21.13425076199452
2026-08-05T18:35:00+00:00,22411190-1,Temperature,CURRENT,°C,29.9202490234375
2026-08-05T18:35:00+00:00,22411190-2,RH,CURRENT,%,57.640955214770734
2026-08-05T18:35:00+00:00,22411190-3,Dew Point,CURRENT,°C,20.68132273859713
2026-08-05T18:35:00+00:00,22411191-1,Temperature,CURRENT,°C,29.727197265625
2026-08-05T18:35:00+00:00,22411191-2,RH,CURRENT,%,58.3764400701915
2026-08-05T18:35:00+00:00,22411191-3,Dew Point,CURRENT,°C,20.707212644605576
2026-08-05T18:35:00+00:00,22411525-1,Temperature,CURRENT,°C,29.577045898437497
2026-08-05T18:35:00+00:00,22411525-2,RH,CURRENT,%,58.057526512550545
2026-08-05T18:35:00+00:00,22411525-3,Dew Point,CURRENT,°C,20.477859227309477
2026-08-05T18:35:00+00:00,22411526-1,Temperature,CURRENT,°C,30.45650390625
2026-08-05T18:35:00+00:00,22411526-2,RH,CURRENT,%,58.03768978408484
2026-08-05T18:35:00+00:00,22411526-3,Dew Point,CURRENT,°C,21.293823260292573
2026-08-05T18:35:00+00:00,22411527-1,Temperature,CURRENT,°C,29.555595703125
2026-08-05T18:35:00+00:00,22411527-2,RH,CURRENT,%,58.139925230792706
2026-08-05T18:35:00+00:00,22411527-3,Dew Point,CURRENT,°C,20.48084628615809
2026-08-05T18:35:00+00:00,22411528-1,Temperature,CURRENT,°C,30.435053710937503
2026-08-05T18:35:00+00:00,22411528-2,RH,CURRENT,%,60.651560234988935
2026-08-05T18:35:00+00:00,22411528-3,Dew Point,CURRENT,°C,21.995510382558997
2026-08-05T18:35:00+00:00,22411529-1,Temperature,CURRENT,°C,29.941699218749996
2026-08-05T18:35:00+00:00,22411529-2,RH,CURRENT,%,69.03944457160296
2026-08-05T18:35:00+00:00,22411529-3,Dew Point,CURRENT,°C,23.670077181560664
2026-08-05T18:35:00+00:00,22411530-1,Temperature,CURRENT,°C,29.770097656249995
2026-08-05T18:35:00+00:00,22411530-2,RH,CURRENT,%,57.70046540016785
2026-08-05T18:35:00+00:00,22411530-3,Dew Point,CURRENT,°C,20.55794388962816
2026-08-05T18:36:00+00:00,22411541-S,Battery,CURRENT,V,8.474159912109375
2026-08-05T18:40:00+00:00,22411189-1,Temperature,CURRENT,°C,30.027499999999996
2026-08-05T18:40:00+00:00,22411189-2,RH,CURRENT,%,60.5325398641947
2026-08-05T18:40:00+00:00,22411189-3,Dew Point,CURRENT,°C,21.580535292230703
2026-08-05T18:40:00+00:00,22411190-1,Temperature,CURRENT,°C,29.79154785156249
2026-08-05T18:40:00+00:00,22411190-2,RH,CURRENT,%,59.305714503700315
2026-08-05T18:40:00+00:00,22411190-3,Dew Point,CURRENT,°C,21.02464341467814
2026-08-05T18:40:00+00:00,22411191-1,Temperature,CURRENT,°C,29.534145507812504
2026-08-05T18:40:00+00:00,22411191-2,RH,CURRENT,%,59.79705500877394
2026-08-05T18:40:00+00:00,22411191-3,Dew Point,CURRENT,°C,20.917880852880288
2026-08-05T18:40:00+00:00,22411525-1,Temperature,CURRENT,°C,29.362543945312503
2026-08-05T18:40:00+00:00,22411525-2,RH,CURRENT,%,59.03562981612879
2026-08-05T18:40:00+00:00,22411525-3,Dew Point,CURRENT,°C,20.548591072294016
2026-08-05T18:40:00+00:00,22411526-1,Temperature,CURRENT,°C,30.370703125
2026-08-05T18:40:00+00:00,22411526-2,RH,CURRENT,%,59.48577096208133
2026-08-05T18:40:00+00:00,22411526-3,Dew Point,CURRENT,°C,21.61675579918628
2026-08-05T18:40:00+00:00,22411527-1,Temperature,CURRENT,°C,29.34109374999999
2026-08-05T18:40:00+00:00,22411527-2,RH,CURRENT,%,59.472037842374306
2026-08-05T18:40:00+00:00,22411527-3,Dew Point,CURRENT,°C,20.64819958510176
2026-08-05T18:40:00+00:00,22411528-1,Temperature,CURRENT,°C,30.2634521484375
2026-08-05T18:40:00+00:00,22411528-2,RH,CURRENT,%,61.88906691081102
2026-08-05T18:40:00+00:00,22411528-3,Dew Point,CURRENT,°C,22.16617819932754
2026-08-05T18:40:00+00:00,22411529-1,Temperature,CURRENT,°C,30.2634521484375
2026-08-05T18:40:00+00:00,22411529-2,RH,CURRENT,%,66.80857557030595
2026-08-05T18:40:00+00:00,22411529-3,Dew Point,CURRENT,°C,23.430556196987897
2026-08-05T18:40:00+00:00,22411530-1,Temperature,CURRENT,°C,29.577045898437497
2026-08-05T18:40:00+00:00,22411530-2,RH,CURRENT,%,59.71923399710079
2026-08-05T18:40:00+00:00,22411530-3,Dew Point,CURRENT,°C,20.93688802291786
2026-08-05T18:41:00+00:00,22411541-S,Battery,CURRENT,V,8.467698486328125
2026-08-05T18:45:00+00:00,22411189-1,Temperature,CURRENT,°C,30.0918505859375
2026-08-05T18:45:00+00:00,22411189-2,RH,CURRENT,%,59.017318989852754
2026-08-05T18:45:00+00:00,22411189-3,Dew Point,CURRENT,°C,21.226293957657784
2026-08-05T18:45:00+00:00,22411190-1,Temperature,CURRENT,°C,29.8344482421875
2026-08-05T18:45:00+00:00,22411190-2,RH,CURRENT,%,57.92019531548028
2026-08-05T18:45:00+00:00,22411190-3,Dew Point,CURRENT,°C,20.67981178637032
2026-08-05T18:45:00+00:00,22411191-1,Temperature,CURRENT,°C,29.555595703125
2026-08-05T18:45:00+00:00,22411191-2,RH,CURRENT,%,58.5320820935378
2026-08-05T18:45:00+00:00,22411191-3,Dew Point,CURRENT,°C,20.59004893117503
2026-08-05T18:45:00+00:00,22411525-1,Temperature,CURRENT,°C,29.383994140625
2026-08-05T18:45:00+00:00,22411525-2,RH,CURRENT,%,57.99649042496376
2026-08-05T18:45:00+00:00,22411525-3,Dew Point,CURRENT,°C,20.280440205932038
2026-08-05T18:45:00+00:00,22411526-1,Temperature,CURRENT,°C,30.563754882812496
2026-08-05T18:45:00+00:00,22411526-2,RH,CURRENT,%,58.50919356069276
2026-08-05T18:45:00+00:00,22411526-3,Dew Point,CURRENT,°C,21.52637739583316
2026-08-05T18:45:00+00:00,22411527-1,Temperature,CURRENT,°C,29.362543945312503
2026-08-05T18:45:00+00:00,22411527-2,RH,CURRENT,%,58.651102464332034
2026-08-05T18:45:00+00:00,22411527-3,Dew Point,CURRENT,°C,20.442469084419216
2026-08-05T18:45:00+00:00,22411528-1,Temperature,CURRENT,°C,30.499404296874992
2026-08-05T18:45:00+00:00,22411528-2,RH,CURRENT,%,60.9094377050431
2026-08-05T18:45:00+00:00,22411528-3,Dew Point,CURRENT,°C,22.125704419520403
2026-08-05T18:45:00+00:00,22411529-1,Temperature,CURRENT,°C,30.520854492187503
2026-08-05T18:45:00+00:00,22411529-2,RH,CURRENT,%,68.2429236285954
2026-08-05T18:45:00+00:00,22411529-3,Dew Point,CURRENT,°C,24.02929510815253
2026-08-05T18:45:00+00:00,22411530-1,Temperature,CURRENT,°C,29.619946289062504
2026-08-05T18:45:00+00:00,22411530-2,RH,CURRENT,%,58.020904859998474
2026-08-05T18:45:00+00:00,22411530-3,Dew Point,CURRENT,°C,20.507690822667833
2026-08-05T18:46:00+00:00,22411541-S,Battery,CURRENT,V,8.467698486328125
2026-08-05T18:50:00+00:00,22411189-1,Temperature,CURRENT,°C,30.027499999999996
2026-08-05T18:50:00+00:00,22411189-2,RH,CURRENT,%,60.21210040436408
2026-08-05T18:50:00+00:00,22411189-3,Dew Point,CURRENT,°C,21.493643233458688
2026-08-05T18:50:00+00:00,22411190-1,Temperature,CURRENT,°C,29.79154785156249
2026-08-05T18:50:00+00:00,22411190-2,RH,CURRENT,%,58.98985275043869
2026-08-05T18:50:00+00:00,22411190-3,Dew Point,CURRENT,°C,20.937594025273192
2026-08-05T18:50:00+00:00,22411191-1,Temperature,CURRENT,°C,29.469794921875
2026-08-05T18:50:00+00:00,22411191-2,RH,CURRENT,%,60.01068131532769
2026-08-05T18:50:00+00:00,22411191-3,Dew Point,CURRENT,°C,20.915624154500794
2026-08-05T18:50:00+00:00,22411525-1,Temperature,CURRENT,°C,29.298193359375
2026-08-05T18:50:00+00:00,22411525-2,RH,CURRENT,%,59.38353551537347
2026-08-05T18:50:00+00:00,22411525-3,Dew Point,CURRENT,°C,20.58379193768022
2026-08-05T18:50:00+00:00,22411526-1,Temperature,CURRENT,°C,30.5423046875
2026-08-05T18:50:00+00:00,22411526-2,RH,CURRENT,%,59.264515144579235
2026-08-05T18:50:00+00:00,22411526-3,Dew Point,CURRENT,°C,21.716429165063314
2026-08-05T18:50:00+00:00,22411527-1,Temperature,CURRENT,°C,29.298193359375
2026-08-05T18:50:00+00:00,22411527-2,RH,CURRENT,%,59.87029831387808
2026-08-05T18:50:00+00:00,22411527-3,Dew Point,CURRENT,°C,20.71652268853672
2026-08-05T18:50:00+00:00,22411528-1,Temperature,CURRENT,°C,30.45650390625
2026-08-05T18:50:00+00:00,22411528-2,RH,CURRENT,%,60.79499504081788
2026-08-05T18:50:00+00:00,22411528-3,Dew Point,CURRENT,°C,22.05447527688547
2026-08-05T18:50:00+00:00,22411529-1,Temperature,CURRENT,°C,30.79970703125
2026-08-05T18:50:00+00:00,22411529-2,RH,CURRENT,%,64.00854505226215
2026-08-05T18:50:00+00:00,22411529-3,Dew Point,CURRENT,°C,23.2284007034492
2026-08-05T18:50:00+00:00,22411530-1,Temperature,CURRENT,°C,29.555595703125
2026-08-05T18:50:00+00:00,22411530-2,RH,CURRENT,%,59.42168307011521
2026-08-05T18:50:00+00:00,22411530-3,Dew Point,CURRENT,°C,20.835421541522532
2026-08-05T18:51:00+00:00,22411541-S,Battery,CURRENT,V,8.474159912109375
2026-08-05T18:55:00+00:00,22411189-1,Temperature,CURRENT,°C,29.062241210937493
2026-08-05T18:55:00+00:00,22411189-2,RH,CURRENT,%,64.96528572518501
2026-08-05T18:55:00+00:00,22411189-3,Dew Point,CURRENT,°C,21.828376762370713
2026-08-05T18:55:00+00:00,22411190-1,Temperature,CURRENT,°C,28.9335400390625
2026-08-05T18:55:00+00:00,22411190-2,RH,CURRENT,%,63.068589303425654
2026-08-05T18:55:00+00:00,22411190-3,Dew Point,CURRENT,°C,21.22160618377279
2026-08-05T18:55:00+00:00,22411191-1,Temperature,CURRENT,°C,28.890639648437492
2026-08-05T18:55:00+00:00,22411191-2,RH,CURRENT,%,64.14435034714275
2026-08-05T18:55:00+00:00,22411191-3,Dew Point,CURRENT,°C,21.45751720318196
2026-08-05T18:55:00+00:00,22411525-1,Temperature,CURRENT,°C,28.7619384765625
2026-08-05T18:55:00+00:00,22411525-2,RH,CURRENT,%,63.48973830777447
2026-08-05T18:55:00+00:00,22411525-3,Dew Point,CURRENT,°C,21.168177183294077
2026-08-05T18:55:00+00:00,22411526-1,Temperature,CURRENT,°C,29.276743164062502
2026-08-05T18:55:00+00:00,22411526-2,RH,CURRENT,%,64.15350576028077
2026-08-05T18:55:00+00:00,22411526-3,Dew Point,CURRENT,°C,21.825183926312036
2026-08-05T18:55:00+00:00,22411527-1,Temperature,CURRENT,°C,28.783388671874995
2026-08-05T18:55:00+00:00,22411527-2,RH,CURRENT,%,63.89410238803693
2026-08-05T18:55:00+00:00,22411527-3,Dew Point,CURRENT,°C,21.292144969060427
2026-08-05T18:55:00+00:00,22411528-1,Temperature,CURRENT,°C,29.062241210937493
2026-08-05T18:55:00+00:00,22411528-2,RH,CURRENT,%,66.52018005645839
2026-08-05T18:55:00+00:00,22411528-3,Dew Point,CURRENT,°C,22.21703658845204
2026-08-05T18:55:00+00:00,22411529-1,Temperature,CURRENT,°C,29.34109374999999
2026-08-05T18:55:00+00:00,22411529-2,RH,CURRENT,%,70.99717708094911
2026-08-05T18:55:00+00:00,22411529-3,Dew Point,CURRENT,°C,23.560644493928216
2026-08-05T18:55:00+00:00,22411530-1,Temperature,CURRENT,°C,28.869189453124996
2026-08-05T18:55:00+00:00,22411530-2,RH,CURRENT,%,63.72014953841459
2026-08-05T18:55:00+00:00,22411530-3,Dew Point,CURRENT,°C,21.32872604658185
2026-08-05T18:56:00+00:00,22411541-S,Battery,CURRENT,V,8.467698486328125
2026-08-05T19:00:00+00:00,22411189-1,Temperature,CURRENT,°C,30.1776513671875
2026-08-05T19:00:00+00:00,22411189-2,RH,CURRENT,%,59.723811703669796
2026-08-05T19:00:00+00:00,22411189-3,Dew Point,CURRENT,°C,21.501218922115225
2026-08-05T19:00:00+00:00,22411190-1,Temperature,CURRENT,°C,29.9202490234375
2026-08-05T19:00:00+00:00,22411190-2,RH,CURRENT,%,58.8891432059205
2026-08-05T19:00:00+00:00,22411190-3,Dew Point,CURRENT,°C,21.030200604361674
2026-08-05T19:00:00+00:00,22411191-1,Temperature,CURRENT,°C,29.705747070312505
2026-08-05T19:00:00+00:00,22411191-2,RH,CURRENT,%,59.65972381170367
2026-08-05T19:00:00+00:00,22411191-3,Dew Point,CURRENT,°C,21.041293880642076
2026-08-05T19:00:00+00:00,22411525-1,Temperature,CURRENT,°C,29.534145507812504
2026-08-05T19:00:00+00:00,22411525-2,RH,CURRENT,%,58.86778057526512
2026-08-05T19:00:00+00:00,22411525-3,Dew Point,CURRENT,°C,20.662947720298448
2026-08-05T19:00:00+00:00,22411526-1,Temperature,CURRENT,°C,30.45650390625
2026-08-05T19:00:00+00:00,22411526-2,RH,CURRENT,%,58.83421072709239
2026-08-05T19:00:00+00:00,22411526-3,Dew Point,CURRENT,°C,21.51674527274846
2026-08-05T19:00:00+00:00,22411527-1,Temperature,CURRENT,°C,29.534145507812504
2026-08-05T19:00:00+00:00,22411527-2,RH,CURRENT,%,59.42168307011521
2026-08-05T19:00:00+00:00,22411527-3,Dew Point,CURRENT,°C,20.8153226896602
2026-08-05T19:00:00+00:00,22411528-1,Temperature,CURRENT,°C,30.41360351562499
2026-08-05T19:00:00+00:00,22411528-2,RH,CURRENT,%,60.16327153429465
2026-08-05T19:00:00+00:00,22411528-3,Dew Point,CURRENT,°C,21.8426533669163
2026-08-05T19:00:00+00:00,22411529-1,Temperature,CURRENT,°C,30.370703125
2026-08-05T19:00:00+00:00,22411529-2,RH,CURRENT,%,63.92004272526131
2026-08-05T19:00:00+00:00,22411529-3,Dew Point,CURRENT,°C,22.79984757028686
2026-08-05T19:00:00+00:00,22411530-1,Temperature,CURRENT,°C,29.727197265625
2026-08-05T19:00:00+00:00,22411530-2,RH,CURRENT,%,59.261463340199896
2026-08-05T19:00:00+00:00,22411530-3,Dew Point,CURRENT,°C,20.952199675003694
2026-08-05T19:01:00+00:00,22411541-S,Battery,CURRENT,V,8.474159912109375
2026-08-05T19:05:00+00:00,22411189-1,Temperature,CURRENT,°C,28.161333007812495
2026-08-05T19:05:00+00:00,22411189-2,RH,CURRENT,%,63.84374761577783
2026-08-05T19:05:00+00:00,22411189-3,Dew Point,CURRENT,°C,20.69095626074752
2026-08-05T19:05:00+00:00,22411190-1,Temperature,CURRENT,°C,29.169492187500005
2026-08-05T19:05:00+00:00,22411190-2,RH,CURRENT,%,61.88296330205234
2026-08-05T19:05:00+00:00,22411190-3,Dew Point,CURRENT,°C,21.134294477282808
2026-08-05T19:05:00+00:00,22411191-1,Temperature,CURRENT,°C,29.0193408203125
2026-08-05T19:05:00+00:00,22411191-2,RH,CURRENT,%,62.68101014724956
2026-08-05T19:05:00+00:00,22411191-3,Dew Point,CURRENT,°C,21.20192476156127
2026-08-05T19:05:00+00:00,22411525-1,Temperature,CURRENT,°C,28.912089843750003
2026-08-05T19:05:00+00:00,22411525-2,RH,CURRENT,%,61.559472037842376
2026-08-05T19:05:00+00:00,22411525-3,Dew Point,CURRENT,°C,20.80649503341578
2026-08-05T19:05:00+00:00,22411526-1,Temperature,CURRENT,°C,29.577045898437497
2026-08-05T19:05:00+00:00,22411526-2,RH,CURRENT,%,63.015182726787216
2026-08-05T19:05:00+00:00,22411526-3,Dew Point,CURRENT,°C,21.815260176771922
2026-08-05T19:05:00+00:00,22411527-1,Temperature,CURRENT,°C,28.912089843750003
2026-08-05T19:05:00+00:00,22411527-2,RH,CURRENT,%,61.820401312275884
2026-08-05T19:05:00+00:00,22411527-3,Dew Point,CURRENT,°C,20.87536730723296
2026-08-05T19:05:00+00:00,22411528-1,Temperature,CURRENT,°C,29.383994140625
2026-08-05T19:05:00+00:00,22411528-2,RH,CURRENT,%,64.60669871061265
2026-08-05T19:05:00+00:00,22411528-3,Dew Point,CURRENT,°C,22.042298022783196
2026-08-05T19:05:00+00:00,22411529-1,Temperature,CURRENT,°C,29.577045898437497
2026-08-05T19:05:00+00:00,22411529-2,RH,CURRENT,%,67.98962386511025
2026-08-05T19:05:00+00:00,22411529-3,Dew Point,CURRENT,°C,23.067793976866064
2026-08-05T19:05:00+00:00,22411530-1,Temperature,CURRENT,°C,29.0193408203125
2026-08-05T19:05:00+00:00,22411530-2,RH,CURRENT,%,62.26443884946975
2026-08-05T19:05:00+00:00,22411530-3,Dew Point,CURRENT,°C,21.09309062288469
2026-08-05T19:06:00+00:00,22411541-S,Battery,CURRENT,V,8.474159912109375
2026-08-05T19:10:00+00:00,22411189-1,Temperature,CURRENT,°C,31.1643603515625
2026-08-05T19:10:00+00:00,22411189-2,RH,CURRENT,%,60.816357671473256
2026-08-05T19:10:00+00:00,22411189-3,Dew Point,CURRENT,°C,22.725256082370585
2026-08-05T19:10:00+00:00,22411190-1,Temperature,CURRENT,°C,30.778256835937505
2026-08-05T19:10:00+00:00,22411190-2,RH,CURRENT,%,60.60120546272984
2026-08-05T19:10:00+00:00,22411190-3,Dew Point,CURRENT,°C,22.304163823350127
2026-08-05T19:10:00+00:00,22411191-1,Temperature,CURRENT,°C,30.499404296874992
2026-08-05T19:10:00+00:00,22411191-2,RH,CURRENT,%,59.49950408178836
2026-08-05T19:10:00+00:00,22411191-3,Dew Point,CURRENT,°C,21.741123807401816
2026-08-05T19:10:00+00:00,22411525-1,Temperature,CURRENT,°C,30.284902343749998
2026-08-05T19:10:00+00:00,22411525-2,RH,CURRENT,%,58.355077439536124
2026-08-05T19:10:00+00:00,22411525-3,Dew Point,CURRENT,°C,21.222577977033225
2026-08-05T19:10:00+00:00,22411526-1,Temperature,CURRENT,°C,31.593364257812503
2026-08-05T19:10:00+00:00,22411526-2,RH,CURRENT,%,61.76394293125811
2026-08-05T19:10:00+00:00,22411526-3,Dew Point,CURRENT,°C,23.384713516282613
2026-08-05T19:10:00+00:00,22411527-1,Temperature,CURRENT,°C,30.220551757812494
2026-08-05T19:10:00+00:00,22411527-2,RH,CURRENT,%,58.41458762493324
2026-08-05T19:10:00+00:00,22411527-3,Dew Point,CURRENT,°C,21.17906883644333
2026-08-05T19:10:00+00:00,22411528-1,Temperature,CURRENT,°C,31.550463867187496
2026-08-05T19:10:00+00:00,22411528-2,RH,CURRENT,%,62.94193942168307
2026-08-05T19:10:00+00:00,22411528-3,Dew Point,CURRENT,°C,23.65833635135419
2026-08-05T19:10:00+00:00,22411529-1,Temperature,CURRENT,°C,31.378862304687495
2026-08-05T19:10:00+00:00,22411529-2,RH,CURRENT,%,69.17067215991455
2026-08-05T19:10:00+00:00,22411529-3,Dew Point,CURRENT,°C,25.074177201195667
2026-08-05T19:10:00+00:00,22411530-1,Temperature,CURRENT,°C,30.585205078124993
2026-08-05T19:10:00+00:00,22411530-2,RH,CURRENT,%,59.11345082780194
2026-08-05T19:10:00+00:00,22411530-3,Dew Point,CURRENT,°C,21.714757009656605
2026-08-05T19:11:00+00:00,22411541-S,Battery,CURRENT,V,8.474159912109375
2026-08-05T19:15:00+00:00,22411189-1,Temperature,CURRENT,°C,31.378862304687495
2026-08-05T19:15:00+00:00,22411189-2,RH,CURRENT,%,58.431372549019606
2026-08-05T19:15:00+00:00,22411189-3,Dew Point,CURRENT,°C,22.26645858101653
2026-08-05T19:15:00+00:00,22411190-1,Temperature,CURRENT,°C,30.971308593750003
2026-08-05T19:15:00+00:00,22411190-2,RH,CURRENT,%,57.891203173876555
2026-08-05T19:15:00+00:00,22411190-3,Dew Point,CURRENT,°C,21.733181328278683
2026-08-05T19:15:00+00:00,22411191-1,Temperature,CURRENT,°C,30.477954101562496
2026-08-05T19:15:00+00:00,22411191-2,RH,CURRENT,%,59.644464789806975
2026-08-05T19:15:00+00:00,22411191-3,Dew Point,CURRENT,°C,21.76092532390449
2026-08-05T19:15:00+00:00,22411525-1,Temperature,CURRENT,°C,30.284902343749998
2026-08-05T19:15:00+00:00,22411525-2,RH,CURRENT,%,59.03257801174945
2026-08-05T19:15:00+00:00,22411525-3,Dew Point,CURRENT,°C,21.411227143786892
2026-08-05T19:15:00+00:00,22411526-1,Temperature,CURRENT,°C,32.19396972656249
2026-08-05T19:15:00+00:00,22411526-2,RH,CURRENT,%,57.02754253452354
2026-08-05T19:15:00+00:00,22411526-3,Dew Point,CURRENT,°C,22.626079643326495
2026-08-05T19:15:00+00:00,22411527-1,Temperature,CURRENT,°C,30.220551757812494
2026-08-05T19:15:00+00:00,22411527-2,RH,CURRENT,%,59.54375524528878
2026-08-05T19:15:00+00:00,22411527-3,Dew Point,CURRENT,°C,21.49201400511247
2026-08-05T19:15:00+00:00,22411528-1,Temperature,CURRENT,°C,31.9794677734375
2026-08-05T19:15:00+00:00,22411528-2,RH,CURRENT,%,58.774700541695275
2026-08-05T19:15:00+00:00,22411528-3,Dew Point,CURRENT,°C,22.924635753099185
2026-08-05T19:15:00+00:00,22411529-1,Temperature,CURRENT,°C,32.55862304687499
2026-08-05T19:15:00+00:00,22411529-2,RH,CURRENT,%,62.273594262607766
2026-08-05T19:15:00+00:00,22411529-3,Dew Point,CURRENT,°C,24.430535794307204
2026-08-05T19:15:00+00:00,22411530-1,Temperature,CURRENT,°C,30.62810546875
2026-08-05T19:15:00+00:00,22411530-2,RH,CURRENT,%,58.76554512855726
2026-08-05T19:15:00+00:00,22411530-3,Dew Point,CURRENT,°C,21.658158015047377
2026-08-05T19:16:00+00:00,22411541-S,Battery,CURRENT,V,8.474159912109375
2026-08-05T19:20:00+00:00,22411189-1,Temperature,CURRENT,°C,31.142910156250004
2026-08-05T19:20:00+00:00,22411189-2,RH,CURRENT,%,61.80666819256886
2026-08-05T19:20:00+00:00,22411189-3,Dew Point,CURRENT,°C,22.972197278383543
2026-08-05T19:20:00+00:00,22411190-1,Temperature,CURRENT,°C,30.756806640624994
2026-08-05T19:20:00+00:00,22411190-2,RH,CURRENT,%,61.768520637827116
2026-08-05T19:20:00+00:00,22411190-3,Dew Point,CURRENT,°C,22.598543948539255
2026-08-05T19:20:00+00:00,22411191-1,Temperature,CURRENT,°C,30.499404296874992
2026-08-05T19:20:00+00:00,22411191-2,RH,CURRENT,%,61.46181429770352
2026-08-05T19:20:00+00:00,22411191-3,Dew Point,CURRENT,°C,22.274256229849986
2026-08-05T19:20:00+00:00,22411525-1,Temperature,CURRENT,°C,30.284902343749998
2026-08-05T19:20:00+00:00,22411525-2,RH,CURRENT,%,60.3265430685893
2026-08-05T19:20:00+00:00,22411525-3,Dew Point,CURRENT,°C,21.76633303224174
2026-08-05T19:20:00+00:00,22411526-1,Temperature,CURRENT,°C,31.872216796875
2026-08-05T19:20:00+00:00,22411526-2,RH,CURRENT,%,60.83009079118028
2026-08-05T19:20:00+00:00,22411526-3,Dew Point,CURRENT,°C,23.393900828506034
2026-08-05T19:20:00+00:00,22411527-1,Temperature,CURRENT,°C,30.242001953125005
2026-08-05T19:20:00+00:00,22411527-2,RH,CURRENT,%,60.561532005798426
2026-08-05T19:20:00+00:00,22411527-3,Dew Point,CURRENT,°C,21.789819283885087
2026-08-05T19:20:00+00:00,22411528-1,Temperature,CURRENT,°C,31.743515624999993
2026-08-05T19:20:00+00:00,22411528-2,RH,CURRENT,%,63.41649500267033
2026-08-05T19:20:00+00:00,22411528-3,Dew Point,CURRENT,°C,23.965681313322673
2026-08-05T19:20:00+00:00,22411529-1,Temperature,CURRENT,°C,32.5800732421875
2026-08-05T19:20:00+00:00,22411529-2,RH,CURRENT,%,65.84267948424505
2026-08-05T19:20:00+00:00,22411529-3,Dew Point,CURRENT,°C,25.387055698374553
2026-08-05T19:20:00+00:00,22411530-1,Temperature,CURRENT,°C,30.520854492187503
2026-08-05T19:20:00+00:00,22411530-2,RH,CURRENT,%,60.96894789044022
2026-08-05T19:20:00+00:00,22411530-3,Dew Point,CURRENT,°C,22.16192456489469
2026-08-05T19:21:00+00:00,22411541-S,Battery,CURRENT,V,8.487082763671875
2026-08-05T19:25:00+00:00,22411189-1,Temperature,CURRENT,°C,31.700615234375
2026-08-05T19:25:00+00:00,22411189-2,RH,CURRENT,%,54.27023727779049
2026-08-05T19:25:00+00:00,22411189-3,Dew Point,CURRENT,°C,21.353776627489786
2026-08-05T19:25:00+00:00,22411190-1,Temperature,CURRENT,°C,31.293061523437494
2026-08-05T19:25:00+00:00,22411190-2,RH,CURRENT,%,53.35469596398871
2026-08-05T19:25:00+00:00,22411190-3,Dew Point,CURRENT,°C,20.699402384945152
2026-08-05T19:25:00+00:00,22411191-1,Temperature,CURRENT,°C,30.928408203124995
2026-08-05T19:25:00+00:00,22411191-2,RH,CURRENT,%,54.0840772106508
2026-08-05T19:25:00+00:00,22411191-3,Dew Point,CURRENT,°C,20.582924475668936
2026-08-05T19:25:00+00:00,22411525-1,Temperature,CURRENT,°C,30.692456054687504
2026-08-05T19:25:00+00:00,22411525-2,RH,CURRENT,%,53.61257343404288
2026-08-05T19:25:00+00:00,22411525-3,Dew Point,CURRENT,°C,20.222540367231673
2026-08-05T19:25:00+00:00,22411526-1,Temperature,CURRENT,°C,32.47282226562499
2026-08-05T19:25:00+00:00,22411526-2,RH,CURRENT,%,53.39589532310979
2026-08-05T19:25:00+00:00,22411526-3,Dew Point,CURRENT,°C,21.80190505978712
2026-08-05T19:25:00+00:00,22411527-1,Temperature,CURRENT,°C,30.649555664062497
2026-08-05T19:25:00+00:00,22411527-2,RH,CURRENT,%,54.01998931868467
2026-08-05T19:25:00+00:00,22411527-3,Dew Point,CURRENT,°C,20.305574431101622
2026-08-05T19:25:00+00:00,22411528-1,Temperature,CURRENT,°C,32.451372070312495
2026-08-05T19:25:00+00:00,22411528-2,RH,CURRENT,%,55.19951171129931
2026-08-05T19:25:00+00:00,22411528-3,Dew Point,CURRENT,°C,22.328109290591208
2026-08-05T19:25:00+00:00,22411529-1,Temperature,CURRENT,°C,33.116328125
2026-08-05T19:25:00+00:00,22411529-2,RH,CURRENT,%,59.81994354161898
2026-08-05T19:25:00+00:00,22411529-3,Dew Point,CURRENT,°C,24.28199676448907
2026-08-05T19:25:00+00:00,22411530-1,Temperature,CURRENT,°C,30.9927587890625
2026-08-05T19:25:00+00:00,22411530-2,RH,CURRENT,%,53.876554512855726
2026-08-05T19:25:00+00:00,22411530-3,Dew Point,CURRENT,°C,20.580000553679987
2026-08-05T19:26:00+00:00,22411541-S,Battery,CURRENT,V,8.48385205078125
2026-08-05T19:30:00+00:00,22411189-1,Temperature,CURRENT,°C,32.0652685546875
2026-08-05T19:30:00+00:00,22411189-2,RH,CURRENT,%,56.07080186160067
2026-08-05T19:30:00+00:00,22411189-3,Dew Point,CURRENT,°C,22.22743451476173
2026-08-05T19:30:00+00:00,22411190-1,Temperature,CURRENT,°C,31.764965820312504
2026-08-05T19:30:00+00:00,22411190-2,RH,CURRENT,%,54.175631342030975
2026-08-05T19:30:00+00:00,22411190-3,Dew Point,CURRENT,°C,21.38482010967232
2026-08-05T19:30:00+00:00,22411191-1,Temperature,CURRENT,°C,31.121459960937493
2026-08-05T19:30:00+00:00,22411191-2,RH,CURRENT,%,55.378042267490656
2026-08-05T19:30:00+00:00,22411191-3,Dew Point,CURRENT,°C,21.14693503839152
2026-08-05T19:30:00+00:00,22411525-1,Temperature,CURRENT,°C,30.842607421874995
2026-08-05T19:30:00+00:00,22411525-2,RH,CURRENT,%,55.10795757991913
2026-08-05T19:30:00+00:00,22411525-3,Dew Point,CURRENT,°C,20.80844457808589
2026-08-05T19:30:00+00:00,22411526-1,Temperature,CURRENT,°C,32.773125
2026-08-05T19:30:00+00:00,22411526-2,RH,CURRENT,%,54.28549629968719
2026-08-05T19:30:00+00:00,22411526-3,Dew Point,CURRENT,°C,22.35120156671238
2026-08-05T19:30:00+00:00,22411527-1,Temperature,CURRENT,°C,30.79970703125
2026-08-05T19:30:00+00:00,22411527-2,RH,CURRENT,%,54.888227664606696
2026-08-05T19:30:00+00:00,22411527-3,Dew Point,CURRENT,°C,20.703638210426586
2026-08-05T19:30:00+00:00,22411528-1,Temperature,CURRENT,°C,32.6015234375
2026-08-05T19:30:00+00:00,22411528-2,RH,CURRENT,%,56.04791332875563
2026-08-05T19:30:00+00:00,22411528-3,Dew Point,CURRENT,°C,22.719128101554958
2026-08-05T19:30:00+00:00,22411529-1,Temperature,CURRENT,°C,33.588232421875
2026-08-05T19:30:00+00:00,22411529-2,RH,CURRENT,%,59.59105821316854
2026-08-05T19:30:00+00:00,22411529-3,Dew Point,CURRENT,°C,24.65983868684932
2026-08-05T19:30:00+00:00,22411530-1,Temperature,CURRENT,°C,31.142910156250004
2026-08-05T19:30:00+00:00,22411530-2,RH,CURRENT,%,55.79461356527047
2026-08-05T19:30:00+00:00,22411530-3,Dew Point,CURRENT,°C,21.289241330594432
2026-08-05T19:31:00+00:00,22411541-S,Battery,CURRENT,V,8.49677490234375
2026-08-05T19:35:00+00:00,22411189-1,Temperature,CURRENT,°C,32.5800732421875
2026-08-05T19:35:00+00:00,22411189-2,RH,CURRENT,%,52.471198596169984
2026-08-05T19:35:00+00:00,22411189-3,Dew Point,CURRENT,°C,21.614495789669526
2026-08-05T19:35:00+00:00,22411190-1,Temperature,CURRENT,°C,32.215419921875004
2026-08-05T19:35:00+00:00,22411190-2,RH,CURRENT,%,51.90356298161288
2026-08-05T19:35:00+00:00,22411190-3,Dew Point,CURRENT,°C,21.100808353999618
2026-08-05T19:35:00+00:00,22411191-1,Temperature,CURRENT,°C,31.421762695312502
2026-08-05T19:35:00+00:00,22411191-2,RH,CURRENT,%,52.846570534828714
2026-08-05T19:35:00+00:00,22411191-3,Dew Point,CURRENT,°C,20.662618450396323
2026-08-05T19:35:00+00:00,22411525-1,Temperature,CURRENT,°C,31.142910156250004
2026-08-05T19:35:00+00:00,22411525-2,RH,CURRENT,%,51.81353475242237
2026-08-05T19:35:00+00:00,22411525-3,Dew Point,CURRENT,°C,20.08531351604645
2026-08-05T19:35:00+00:00,22411526-1,Temperature,CURRENT,°C,33.330830078125
2026-08-05T19:35:00+00:00,22411526-2,RH,CURRENT,%,52.509346150911725
2026-08-05T19:35:00+00:00,22411526-3,Dew Point,CURRENT,°C,22.318316838761675
2026-08-05T19:35:00+00:00,22411527-1,Temperature,CURRENT,°C,31.100009765624996
2026-08-05T19:35:00+00:00,22411527-2,RH,CURRENT,%,52.64209964141298
2026-08-05T19:35:00+00:00,22411527-3,Dew Point,CURRENT,°C,20.30281589523581
2026-08-05T19:35:00+00:00,22411528-1,Temperature,CURRENT,°C,33.20212890625
2026-08-05T19:35:00+00:00,22411528-2,RH,CURRENT,%,54.32059205004959
2026-08-05T19:35:00+00:00,22411528-3,Dew Point,CURRENT,°C,22.758927518170808
2026-08-05T19:35:00+00:00,22411529-1,Temperature,CURRENT,°C,34.2960888671875
2026-08-05T19:35:00+00:00,22411529-2,RH,CURRENT,%,56.931410696574346
2026-08-05T19:35:00+00:00,22411529-3,Dew Point,CURRENT,°C,24.555415047529046
2026-08-05T19:35:00+00:00,22411530-1,Temperature,CURRENT,°C,31.529013671875
2026-08-05T19:35:00+00:00,22411530-2,RH,CURRENT,%,52.18432898451209
2026-08-05T19:35:00+00:00,22411530-3,Dew Point,CURRENT,°C,20.55653780031501
2026-08-05T19:36:00+00:00,22411541-S,Battery,CURRENT,V,8.48385205078125
2026-08-05T19:40:00+00:00,22411189-1,Temperature,CURRENT,°C,31.314511718750005
2026-08-05T19:40:00+00:00,22411189-2,RH,CURRENT,%,57.08094911116198
2026-08-05T19:40:00+00:00,22411189-3,Dew Point,CURRENT,°C,21.82211523096812
2026-08-05T19:40:00+00:00,22411190-1,Temperature,CURRENT,°C,30.9069580078125
2026-08-05T19:40:00+00:00,22411190-2,RH,CURRENT,%,56.58808270389868
2026-08-05T19:40:00+00:00,22411190-3,Dew Point,CURRENT,°C,21.300533381479035
2026-08-05T19:40:00+00:00,22411191-1,Temperature,CURRENT,°C,30.435053710937503
2026-08-05T19:40:00+00:00,22411191-2,RH,CURRENT,%,57.850003814755475
2026-08-05T19:40:00+00:00,22411191-3,Dew Point,CURRENT,°C,21.220880196730153
2026-08-05T19:40:00+00:00,22411525-1,Temperature,CURRENT,°C,30.220551757812494
2026-08-05T19:40:00+00:00,22411525-2,RH,CURRENT,%,57.19233997100786
2026-08-05T19:40:00+00:00,22411525-3,Dew Point,CURRENT,°C,20.834311640475267
2026-08-05T19:40:00+00:00,22411526-1,Temperature,CURRENT,°C,32.10816894531249
2026-08-05T19:40:00+00:00,22411526-2,RH,CURRENT,%,55.78088044556344
2026-08-05T19:40:00+00:00,22411526-3,Dew Point,CURRENT,°C,22.181994368479252
2026-08-05T19:40:00+00:00,22411527-1,Temperature,CURRENT,°C,30.1776513671875
2026-08-05T19:40:00+00:00,22411527-2,RH,CURRENT,%,57.66231784542611
2026-08-05T19:40:00+00:00,22411527-3,Dew Point,CURRENT,°C,20.927593367006683
2026-08-05T19:40:00+00:00,22411528-1,Temperature,CURRENT,°C,31.872216796875
2026-08-05T19:40:00+00:00,22411528-2,RH,CURRENT,%,58.58701457236591
2026-08-05T19:40:00+00:00,22411528-3,Dew Point,CURRENT,°C,22.77146850437878
2026-08-05T19:40:00+00:00,22411529-1,Temperature,CURRENT,°C,33.54533203124999
2026-08-05T19:40:00+00:00,22411529-2,RH,CURRENT,%,57.9644464789807
2026-08-05T19:40:00+00:00,22411529-3,Dew Point,CURRENT,°C,24.156571608010502
2026-08-05T19:40:00+00:00,22411530-1,Temperature,CURRENT,°C,30.5423046875
2026-08-05T19:40:00+00:00,22411530-2,RH,CURRENT,%,57.31441214618143
2026-08-05T19:40:00+00:00,22411530-3,Dew Point,CURRENT,°C,21.169082662304287
2026-08-05T19:41:00+00:00,22411541-S,Battery,CURRENT,V,8.493544189453125
2026-08-05T19:45:00+00:00,22411189-1,Temperature,CURRENT,°C,30.821157226562498
2026-08-05T19:45:00+00:00,22411189-2,RH,CURRENT,%,58.33981841763943
2026-08-05T19:45:00+00:00,22411189-3,Dew Point,CURRENT,°C,21.71948893701575
2026-08-05T19:45:00+00:00,22411190-1,Temperature,CURRENT,°C,30.5423046875
2026-08-05T19:45:00+00:00,22411190-2,RH,CURRENT,%,57.680628671702145
2026-08-05T19:45:00+00:00,22411190-3,Dew Point,CURRENT,°C,21.273099060414435
2026-08-05T19:45:00+00:00,22411191-1,Temperature,CURRENT,°C,30.284902343749998
2026-08-05T19:45:00+00:00,22411191-2,RH,CURRENT,%,57.99191271839475
2026-08-05T19:45:00+00:00,22411191-3,Dew Point,CURRENT,°C,21.12066594488507
2026-08-05T19:45:00+00:00,22411525-1,Temperature,CURRENT,°C,30.113300781249997
2026-08-05T19:45:00+00:00,22411525-2,RH,CURRENT,%,57.56618600747692
2026-08-05T19:45:00+00:00,22411525-3,Dew Point,CURRENT,°C,20.840362118991212
2026-08-05T19:45:00+00:00,22411526-1,Temperature,CURRENT,°C,31.421762695312502
2026-08-05T19:45:00+00:00,22411526-2,RH,CURRENT,%,57.888151369497216
2026-08-05T19:45:00+00:00,22411526-3,Dew Point,CURRENT,°C,22.152827035641195
2026-08-05T19:45:00+00:00,22411527-1,Temperature,CURRENT,°C,30.0918505859375
2026-08-05T19:45:00+00:00,22411527-2,RH,CURRENT,%,58.00717174029145
2026-08-05T19:45:00+00:00,22411527-3,Dew Point,CURRENT,°C,20.944647015578784
2026-08-05T19:45:00+00:00,22411528-1,Temperature,CURRENT,°C,31.1643603515625
2026-08-05T19:45:00+00:00,22411528-2,RH,CURRENT,%,59.94659342336156
2026-08-05T19:45:00+00:00,22411528-3,Dew Point,CURRENT,°C,22.48748910775177
2026-08-05T19:45:00+00:00,22411529-1,Temperature,CURRENT,°C,32.451372070312495
2026-08-05T19:45:00+00:00,22411529-2,RH,CURRENT,%,61.04676890211338
2026-08-05T19:45:00+00:00,22411529-3,Dew Point,CURRENT,°C,23.997145547240986
2026-08-05T19:45:00+00:00,22411530-1,Temperature,CURRENT,°C,30.349252929687502
2026-08-05T19:45:00+00:00,22411530-2,RH,CURRENT,%,57.31136034180209
2026-08-05T19:45:00+00:00,22411530-3,Dew Point,CURRENT,°C,20.988187414913916
2026-08-05T19:46:00+00:00,22411541-S,Battery,CURRENT,V,8.48385205078125
2026-08-05T19:50:00+00:00,22411189-1,Temperature,CURRENT,°C,30.885507812500002
2026-08-05T19:50:00+00:00,22411189-2,RH,CURRENT,%,58.561074235141525
2026-08-05T19:50:00+00:00,22411189-3,Dew Point,CURRENT,°C,21.841726574919154
2026-08-05T19:50:00+00:00,22411190-1,Temperature,CURRENT,°C,30.585205078124993
2026-08-05T19:50:00+00:00,22411190-2,RH,CURRENT,%,57.37544823376822
2026-08-05T19:50:00+00:00,22411190-3,Dew Point,CURRENT,°C,21.22646916582808
2026-08-05T19:50:00+00:00,22411191-1,Temperature,CURRENT,°C,30.284902343749998
2026-08-05T19:50:00+00:00,22411191-2,RH,CURRENT,%,58.24826428625925
2026-08-05T19:50:00+00:00,22411191-3,Dew Point,CURRENT,°C,21.192661517109645
2026-08-05T19:50:00+00:00,22411525-1,Temperature,CURRENT,°C,30.113300781249997
2026-08-05T19:50:00+00:00,22411525-2,RH,CURRENT,%,57.801174944686046
2026-08-05T19:50:00+00:00,22411525-3,Dew Point,CURRENT,°C,20.9067119594051
2026-08-05T19:50:00+00:00,22411526-1,Temperature,CURRENT,°C,31.529013671875
2026-08-05T19:50:00+00:00,22411526-2,RH,CURRENT,%,57.04432745860991
2026-08-05T19:50:00+00:00,22411526-3,Dew Point,CURRENT,°C,22.011445593319852
2026-08-05T19:50:00+00:00,22411527-1,Temperature,CURRENT,°C,30.0918505859375
2026-08-05T19:50:00+00:00,22411527-2,RH,CURRENT,%,58.08804455634394
2026-08-05T19:50:00+00:00,22411527-3,Dew Point,CURRENT,°C,20.967352987808205
2026-08-05T19:50:00+00:00,22411528-1,Temperature,CURRENT,°C,31.271611328124997
2026-08-05T19:50:00+00:00,22411528-2,RH,CURRENT,%,59.28740367742428
2026-08-05T19:50:00+00:00,22411528-3,Dew Point,CURRENT,°C,22.405695729062867
2026-08-05T19:50:00+00:00,22411529-1,Temperature,CURRENT,°C,32.215419921875004
2026-08-05T19:50:00+00:00,22411529-2,RH,CURRENT,%,62.8900587472343
2026-08-05T19:50:00+00:00,22411529-3,Dew Point,CURRENT,°C,24.27183316717626
2026-08-05T19:50:00+00:00,22411530-1,Temperature,CURRENT,°C,30.370703125
2026-08-05T19:50:00+00:00,22411530-2,RH,CURRENT,%,58.07888914320592
2026-08-05T19:50:00+00:00,22411530-3,Dew Point,CURRENT,°C,21.225272484607142
2026-08-05T19:51:00+00:00,22411541-S,Battery,CURRENT,V,8.493544189453125
2026-08-05T19:55:00+00:00,22411189-1,Temperature,CURRENT,°C,31.2501611328125
2026-08-05T19:55:00+00:00,22411189-2,RH,CURRENT,%,56.15320057984283
2026-08-05T19:55:00+00:00,22411189-3,Dew Point,CURRENT,°C,21.49369764295416
2026-08-05T19:55:00+00:00,22411190-1,Temperature,CURRENT,°C,30.9069580078125
2026-08-05T19:55:00+00:00,22411190-2,RH,CURRENT,%,55.716792553597315
2026-08-05T19:55:00+00:00,22411190-3,Dew Point,CURRENT,°C,21.047221279167438
2026-08-05T19:55:00+00:00,22411191-1,Temperature,CURRENT,°C,30.520854492187503
2026-08-05T19:55:00+00:00,22411191-2,RH,CURRENT,%,56.73456931410696
2026-08-05T19:55:00+00:00,22411191-3,Dew Point,CURRENT,°C,20.983219125380764
2026-08-05T19:55:00+00:00,22411525-1,Temperature,CURRENT,°C,30.32780273437499
2026-08-05T19:55:00+00:00,22411525-2,RH,CURRENT,%,56.350041962310215
2026-08-05T19:55:00+00:00,22411525-3,Dew Point,CURRENT,°C,20.692764495846955
2026-08-05T19:55:00+00:00,22411526-1,Temperature,CURRENT,°C,31.958017578125002
2026-08-05T19:55:00+00:00,22411526-2,RH,CURRENT,%,55.008773937590604
2026-08-05T19:55:00+00:00,22411526-3,Dew Point,CURRENT,°C,21.81363842594849
2026-08-05T19:55:00+00:00,22411527-1,Temperature,CURRENT,°C,30.284902343749998
2026-08-05T19:55:00+00:00,22411527-2,RH,CURRENT,%,56.636911573968106
2026-08-05T19:55:00+00:00,22411527-3,Dew Point,CURRENT,°C,20.735432717867965
2026-08-05T19:55:00+00:00,22411528-1,Temperature,CURRENT,°C,31.829316406249994
2026-08-05T19:55:00+00:00,22411528-2,RH,CURRENT,%,57.055008773937594
2026-08-05T19:55:00+00:00,22411528-3,Dew Point,CURRENT,°C,22.294312848325813
2026-08-05T19:55:00+00:00,22411529-1,Temperature,CURRENT,°C,32.773125
2026-08-05T19:55:00+00:00,22411529-2,RH,CURRENT,%,59.092088197146566
2026-08-05T19:55:00+00:00,22411529-3,Dew Point,CURRENT,°C,23.756392196223608
2026-08-05T19:55:00+00:00,22411530-1,Temperature,CURRENT,°C,30.62810546875
2026-08-05T19:55:00+00:00,22411530-2,RH,CURRENT,%,56.142519264515144
2026-08-05T19:55:00+00:00,22411530-3,Dew Point,CURRENT,°C,20.912082277395676
2026-08-05T19:56:00+00:00,22411541-S,Battery,CURRENT,V,8.487082763671875
2026-08-05T20:00:00+00:00,22411189-1,Temperature,CURRENT,°C,30.048950195312493
2026-08-05T20:00:00+00:00,22411189-2,RH,CURRENT,%,58.88151369497215
2026-08-05T20:00:00+00:00,22411189-3,Dew Point,CURRENT,°C,21.148529075713746
2026-08-05T20:00:00+00:00,22411190-1,Temperature,CURRENT,°C,29.9202490234375
2026-08-05T20:00:00+00:00,22411190-2,RH,CURRENT,%,57.81490806439307
2026-08-05T20:00:00+00:00,22411190-3,Dew Point,CURRENT,°C,20.730337531631047
2026-08-05T20:00:00+00:00,22411191-1,Temperature,CURRENT,°C,29.662846679687497
2026-08-05T20:00:00+00:00,22411191-2,RH,CURRENT,%,58.36881055924315
2026-08-05T20:00:00+00:00,22411191-3,Dew Point,CURRENT,°C,20.644927896966863
2026-08-05T20:00:00+00:00,22411525-1,Temperature,CURRENT,°C,29.534145507812504
2026-08-05T20:00:00+00:00,22411525-2,RH,CURRENT,%,57.68978408484016
2026-08-05T20:00:00+00:00,22411525-3,Dew Point,CURRENT,°C,20.334676128826022
2026-08-05T20:00:00+00:00,22411526-1,Temperature,CURRENT,°C,30.499404296874992
2026-08-05T20:00:00+00:00,22411526-2,RH,CURRENT,%,58.03921568627451
2026-08-05T20:00:00+00:00,22411526-3,Dew Point,CURRENT,°C,21.334322040110212
2026-08-05T20:00:00+00:00,22411527-1,Temperature,CURRENT,°C,29.534145507812504
2026-08-05T20:00:00+00:00,22411527-2,RH,CURRENT,%,58.23453116655222
2026-08-05T20:00:00+00:00,22411527-3,Dew Point,CURRENT,°C,20.487201830384898
2026-08-05T20:00:00+00:00,22411528-1,Temperature,CURRENT,°C,30.284902343749998
2026-08-05T20:00:00+00:00,22411528-2,RH,CURRENT,%,59.71923399710079
2026-08-05T20:00:00+00:00,22411528-3,Dew Point,CURRENT,°C,21.600505116992583
2026-08-05T20:00:00+00:00,22411529-1,Temperature,CURRENT,°C,31.228710937500004
2026-08-05T20:00:00+00:00,22411529-2,RH,CURRENT,%,60.97352559700923
2026-08-05T20:00:00+00:00,22411529-3,Dew Point,CURRENT,°C,22.828373325836527
2026-08-05T20:00:00+00:00,22411530-1,Temperature,CURRENT,°C,29.727197265625
2026-08-05T20:00:00+00:00,22411530-2,RH,CURRENT,%,57.778286411841
2026-08-05T20:00:00+00:00,22411530-3,Dew Point,CURRENT,°C,20.53979000490771
2026-08-05T20:01:00+00:00,22411541-S,Battery,CURRENT,V,8.474159912109375
2026-08-05T20:05:00+00:00,22411189-1,Temperature,CURRENT,°C,30.520854492187503
2026-08-05T20:05:00+00:00,22411189-2,RH,CURRENT,%,60.486762798504614
2026-08-05T20:05:00+00:00,22411189-3,Dew Point,CURRENT,°C,22.031376071002235
2026-08-05T20:05:00+00:00,22411190-1,Temperature,CURRENT,°C,30.306352539062495
2026-08-05T20:05:00+00:00,22411190-2,RH,CURRENT,%,59.45677882047761
2026-08-05T20:05:00+00:00,22411190-3,Dew Point,CURRENT,°C,21.548481110671034
2026-08-05T20:05:00+00:00,22411191-1,Temperature,CURRENT,°C,30.220551757812494
2026-08-05T20:05:00+00:00,22411191-2,RH,CURRENT,%,60.11596856641489
2026-08-05T20:05:00+00:00,22411191-3,Dew Point,CURRENT,°C,21.64862618129376
2026-08-05T20:05:00+00:00,22411525-1,Temperature,CURRENT,°C,30.048950195312493
2026-08-05T20:05:00+00:00,22411525-2,RH,CURRENT,%,59.479667353322654
2026-08-05T20:05:00+00:00,22411525-3,Dew Point,CURRENT,°C,21.31360438711106
2026-08-05T20:05:00+00:00,22411526-1,Temperature,CURRENT,°C,30.778256835937505
2026-08-05T20:05:00+00:00,22411526-2,RH,CURRENT,%,60.36926832990005
2026-08-05T20:05:00+00:00,22411526-3,Dew Point,CURRENT,°C,22.241031284707613
2026-08-05T20:05:00+00:00,22411527-1,Temperature,CURRENT,°C,30.048950195312493
2026-08-05T20:05:00+00:00,22411527-2,RH,CURRENT,%,59.88860914015412
2026-08-05T20:05:00+00:00,22411527-3,Dew Point,CURRENT,°C,21.425629112726902
2026-08-05T20:05:00+00:00,22411528-1,Temperature,CURRENT,°C,30.5423046875
2026-08-05T20:05:00+00:00,22411528-2,RH,CURRENT,%,62.738994430457005
2026-08-05T20:05:00+00:00,22411528-3,Dew Point,CURRENT,°C,22.653781568519292
2026-08-05T20:05:00+00:00,22411529-1,Temperature,CURRENT,°C,30.86405761718749
2026-08-05T20:05:00+00:00,22411529-2,RH,CURRENT,%,66.07156481269551
2026-08-05T20:05:00+00:00,22411529-3,Dew Point,CURRENT,°C,23.81667055397518
2026-08-05T20:05:00+00:00,22411530-1,Temperature,CURRENT,°C,30.220551757812494
2026-08-05T20:05:00+00:00,22411530-2,RH,CURRENT,%,59.39726863508049
2026-08-05T20:05:00+00:00,22411530-3,Dew Point,CURRENT,°C,21.451709940250797
2026-08-05T20:06:00+00:00,22411541-S,Battery,CURRENT,V,8.48385205078125
2026-08-05T20:10:00+00:00,22411189-1,Temperature,CURRENT,°C,30.671005859374993
2026-08-05T20:10:00+00:00,22411189-2,RH,CURRENT,%,57.595178149080645
2026-08-05T20:10:00+00:00,22411189-3,Dew Point,CURRENT,°C,21.368967386258685
2026-08-05T20:10:00+00:00,22411190-1,Temperature,CURRENT,°C,30.45650390625
2026-08-05T20:10:00+00:00,22411190-2,RH,CURRENT,%,56.52857251850156
2026-08-05T20:10:00+00:00,22411190-3,Dew Point,CURRENT,°C,20.864033995892864
2026-08-05T20:10:00+00:00,22411191-1,Temperature,CURRENT,°C,30.284902343749998
2026-08-05T20:10:00+00:00,22411191-2,RH,CURRENT,%,57.24727244983597
2026-08-05T20:10:00+00:00,22411191-3,Dew Point,CURRENT,°C,20.909947167545926
2026-08-05T20:10:00+00:00,22411525-1,Temperature,CURRENT,°C,30.134750976562493
2026-08-05T20:10:00+00:00,22411525-2,RH,CURRENT,%,56.74219882505531
2026-08-05T20:10:00+00:00,22411525-3,Dew Point,CURRENT,°C,20.625800395028385
2026-08-05T20:10:00+00:00,22411526-1,Temperature,CURRENT,°C,30.94985839843749
2026-08-05T20:10:00+00:00,22411526-2,RH,CURRENT,%,57.18776226443885
2026-08-05T20:10:00+00:00,22411526-3,Dew Point,CURRENT,°C,21.51289654107091
2026-08-05T20:10:00+00:00,22411527-1,Temperature,CURRENT,°C,30.113300781249997
2026-08-05T20:10:00+00:00,22411527-2,RH,CURRENT,%,57.04127565423057
2026-08-05T20:10:00+00:00,22411527-3,Dew Point,CURRENT,°C,20.691292827527324
2026-08-05T20:10:00+00:00,22411528-1,Temperature,CURRENT,°C,30.756806640624994
2026-08-05T20:10:00+00:00,22411528-2,RH,CURRENT,%,58.71213855191882
2026-08-05T20:10:00+00:00,22411528-3,Dew Point,CURRENT,°C,21.763636344372753
2026-08-05T20:10:00+00:00,22411529-1,Temperature,CURRENT,°C,31.100009765624996
2026-08-05T20:10:00+00:00,22411529-2,RH,CURRENT,%,61.36263065537499
2026-08-05T20:10:00+00:00,22411529-3,Dew Point,CURRENT,°C,22.81255767231941
2026-08-05T20:10:00+00:00,22411530-1,Temperature,CURRENT,°C,30.306352539062495
2026-08-05T20:10:00+00:00,22411530-2,RH,CURRENT,%,56.78339818417639
2026-08-05T20:10:00+00:00,22411530-3,Dew Point,CURRENT,°C,20.7974459313739
2026-08-05T20:11:00+00:00,22411541-S,Battery,CURRENT,V,8.48385205078125
2026-08-05T20:15:00+00:00,22411189-1,Temperature,CURRENT,°C,29.448344726562503
2026-08-05T20:15:00+00:00,22411189-2,RH,CURRENT,%,61.69985503929198
2026-08-05T20:15:00+00:00,22411189-3,Dew Point,CURRENT,°C,21.348483746962643
2026-08-05T20:15:00+00:00,22411190-1,Temperature,CURRENT,°C,29.426894531249992
2026-08-05T20:15:00+00:00,22411190-2,RH,CURRENT,%,60.14038300144961
2026-08-05T20:15:00+00:00,22411190-3,Dew Point,CURRENT,°C,20.9105443824643
2026-08-05T20:15:00+00:00,22411191-1,Temperature,CURRENT,°C,29.319643554687495
2026-08-05T20:15:00+00:00,22411191-2,RH,CURRENT,%,60.776684214541845
2026-08-05T20:15:00+00:00,22411191-3,Dew Point,CURRENT,°C,20.98133991379746
2026-08-05T20:15:00+00:00,22411525-1,Temperature,CURRENT,°C,29.25529296874999
2026-08-05T20:15:00+00:00,22411525-2,RH,CURRENT,%,60.061036087586785
2026-08-05T20:15:00+00:00,22411525-3,Dew Point,CURRENT,°C,20.728021507728503
2026-08-05T20:15:00+00:00,22411526-1,Temperature,CURRENT,°C,29.619946289062504
2026-08-05T20:15:00+00:00,22411526-2,RH,CURRENT,%,61.04982070649272
2026-08-05T20:15:00+00:00,22411526-3,Dew Point,CURRENT,°C,21.3368028825733
2026-08-05T20:15:00+00:00,22411527-1,Temperature,CURRENT,°C,29.276743164062502
2026-08-05T20:15:00+00:00,22411527-2,RH,CURRENT,%,60.36316472114137
2026-08-05T20:15:00+00:00,22411527-3,Dew Point,CURRENT,°C,20.829820191060026
2026-08-05T20:15:00+00:00,22411528-1,Temperature,CURRENT,°C,29.34109374999999
2026-08-05T20:15:00+00:00,22411528-2,RH,CURRENT,%,63.02891584649424
2026-08-05T20:15:00+00:00,22411528-3,Dew Point,CURRENT,°C,21.596093381524742
2026-08-05T20:15:00+00:00,22411529-1,Temperature,CURRENT,°C,29.748647460937498
2026-08-05T20:15:00+00:00,22411529-2,RH,CURRENT,%,66.49729152361334
2026-08-05T20:15:00+00:00,22411529-3,Dew Point,CURRENT,°C,22.863765561494425
2026-08-05T20:15:00+00:00,22411530-1,Temperature,CURRENT,°C,29.319643554687495
2026-08-05T20:15:00+00:00,22411530-2,RH,CURRENT,%,60.32349126420996
2026-08-05T20:15:00+00:00,22411530-3,Dew Point,CURRENT,°C,20.859392526811106
2026-08-05T20:16:00+00:00,22411541-S,Battery,CURRENT,V,8.467698486328125
2026-08-05T20:20:00+00:00,22411189-1,Temperature,CURRENT,°C,29.855898437499995
2026-08-05T20:20:00+00:00,22411189-2,RH,CURRENT,%,58.011749446860456
2026-08-05T20:20:00+00:00,22411189-3,Dew Point,CURRENT,°C,20.725537125798052
2026-08-05T20:20:00+00:00,22411190-1,Temperature,CURRENT,°C,29.79154785156249
2026-08-05T20:20:00+00:00,22411190-2,RH,CURRENT,%,57.639429312581065
2026-08-05T20:20:00+00:00,22411190-3,Dew Point,CURRENT,°C,20.560770034051725
2026-08-05T20:20:00+00:00,22411191-1,Temperature,CURRENT,°C,29.748647460937498
2026-08-05T20:20:00+00:00,22411191-2,RH,CURRENT,%,57.32509346150912
2026-08-05T20:20:00+00:00,22411191-3,Dew Point,CURRENT,°C,20.43193706060674
2026-08-05T20:20:00+00:00,22411525-1,Temperature,CURRENT,°C,29.684296874999994
2026-08-05T20:20:00+00:00,22411525-2,RH,CURRENT,%,56.514839398794535
2026-08-05T20:20:00+00:00,22411525-3,Dew Point,CURRENT,°C,20.141169394569282
2026-08-05T20:20:00+00:00,22411526-1,Temperature,CURRENT,°C,29.898798828125003
2026-08-05T20:20:00+00:00,22411526-2,RH,CURRENT,%,58.12466620889601
2026-08-05T20:20:00+00:00,22411526-3,Dew Point,CURRENT,°C,20.797258771194347
2026-08-05T20:20:00+00:00,22411527-1,Temperature,CURRENT,°C,29.705747070312505
2026-08-05T20:20:00+00:00,22411527-2,RH,CURRENT,%,56.899366750591284
2026-08-05T20:20:00+00:00,22411527-3,Dew Point,CURRENT,°C,20.271022661165293
2026-08-05T20:20:00+00:00,22411528-1,Temperature,CURRENT,°C,29.684296874999994
2026-08-05T20:20:00+00:00,22411528-2,RH,CURRENT,%,60.735484855420765
2026-08-05T20:20:00+00:00,22411528-3,Dew Point,CURRENT,°C,21.312913736678365
2026-08-05T20:20:00+00:00,22411529-1,Temperature,CURRENT,°C,29.534145507812504
2026-08-05T20:20:00+00:00,22411529-2,RH,CURRENT,%,66.24551766231785
2026-08-05T20:20:00+00:00,22411529-3,Dew Point,CURRENT,°C,22.59727689741947
2026-08-05T20:20:00+00:00,22411530-1,Temperature,CURRENT,°C,29.748647460937498
2026-08-05T20:20:00+00:00,22411530-2,RH,CURRENT,%,56.83527885862516
2026-08-05T20:20:00+00:00,22411530-3,Dew Point,CURRENT,°C,20.29272563010506
2026-08-05T20:21:00+00:00,22411541-S,Battery,CURRENT,V,8.4644677734375
2026-08-05T20:25:00+00:00,22411189-1,Temperature,CURRENT,°C,30.1776513671875
2026-08-05T20:25:00+00:00,22411189-2,RH,CURRENT,%,57.58449683375296
2026-08-05T20:25:00+00:00,22411189-3,Dew Point,CURRENT,°C,20.905590085630646
2026-08-05T20:25:00+00:00,22411190-1,Temperature,CURRENT,°C,30.113300781249997
2026-08-05T20:25:00+00:00,22411190-2,RH,CURRENT,%,56.67811093308919
2026-08-05T20:25:00+00:00,22411190-3,Dew Point,CURRENT,°C,20.587454308396772
2026-08-05T20:25:00+00:00,22411191-1,Temperature,CURRENT,°C,29.963149414062492
2026-08-05T20:25:00+00:00,22411191-2,RH,CURRENT,%,56.682688639658195
2026-08-05T20:25:00+00:00,22411191-3,Dew Point,CURRENT,°C,20.44892584529379
2026-08-05T20:25:00+00:00,22411525-1,Temperature,CURRENT,°C,29.87734863281249
2026-08-05T20:25:00+00:00,22411525-2,RH,CURRENT,%,55.5718318455787
2026-08-05T20:25:00+00:00,22411525-3,Dew Point,CURRENT,°C,20.048308424843405
2026-08-05T20:25:00+00:00,22411526-1,Temperature,CURRENT,°C,30.2634521484375
2026-08-05T20:25:00+00:00,22411526-2,RH,CURRENT,%,57.49446860456245
2026-08-05T20:25:00+00:00,22411526-3,Dew Point,CURRENT,°C,20.960151316531963
2026-08-05T20:25:00+00:00,22411527-1,Temperature,CURRENT,°C,29.898798828125003
2026-08-05T20:25:00+00:00,22411527-2,RH,CURRENT,%,55.82207980468452
2026-08-05T20:25:00+00:00,22411527-3,Dew Point,CURRENT,°C,20.140980995075942
2026-08-05T20:25:00+00:00,22411528-1,Temperature,CURRENT,°C,30.134750976562493
2026-08-05T20:25:00+00:00,22411528-2,RH,CURRENT,%,58.986800946059354
2026-08-05T20:25:00+00:00,22411528-3,Dew Point,CURRENT,°C,21.25800176476204
2026-08-05T20:25:00+00:00,22411529-1,Temperature,CURRENT,°C,29.812998046875002
2026-08-05T20:25:00+00:00,22411529-2,RH,CURRENT,%,65.65194171053635
2026-08-05T20:25:00+00:00,22411529-3,Dew Point,CURRENT,°C,22.71339691719182
2026-08-05T20:25:00+00:00,22411530-1,Temperature,CURRENT,°C,29.963149414062492
2026-08-05T20:25:00+00:00,22411530-2,RH,CURRENT,%,56.092164492256046
2026-08-05T20:25:00+00:00,22411530-3,Dew Point,CURRENT,°C,20.279026869509856
2026-08-05T20:26:00+00:00,22411541-S,Battery,CURRENT,V,8.461237060546875
2026-08-05T20:30:00+00:00,22411189-1,Temperature,CURRENT,°C,30.585205078124993
2026-08-05T20:30:00+00:00,22411189-2,RH,CURRENT,%,61.980621042191196
2026-08-05T20:30:00+00:00,22411189-3,Dew Point,CURRENT,°C,22.493527729702446
2026-08-05T20:30:00+00:00,22411190-1,Temperature,CURRENT,°C,30.45650390625
2026-08-05T20:30:00+00:00,22411190-2,RH,CURRENT,%,58.7533379110399
2026-08-05T20:30:00+00:00,22411190-3,Dew Point,CURRENT,°C,21.494232117733077
2026-08-05T20:30:00+00:00,22411191-1,Temperature,CURRENT,°C,30.32780273437499
2026-08-05T20:30:00+00:00,22411191-2,RH,CURRENT,%,58.67093919279774
2026-08-05T20:30:00+00:00,22411191-3,Dew Point,CURRENT,°C,21.350891804812925
2026-08-05T20:30:00+00:00,22411525-1,Temperature,CURRENT,°C,30.199101562499997
2026-08-05T20:30:00+00:00,22411525-2,RH,CURRENT,%,57.35713740749218
2026-08-05T20:30:00+00:00,22411525-3,Dew Point,CURRENT,°C,20.861163030162
2026-08-05T20:30:00+00:00,22411526-1,Temperature,CURRENT,°C,30.735356445312497
2026-08-05T20:30:00+00:00,22411526-2,RH,CURRENT,%,62.91752498664835
2026-08-05T20:30:00+00:00,22411526-3,Dew Point,CURRENT,°C,22.88286582307211
2026-08-05T20:30:00+00:00,22411527-1,Temperature,CURRENT,°C,30.199101562499997
2026-08-05T20:30:00+00:00,22411527-2,RH,CURRENT,%,57.6729991607538
2026-08-05T20:30:00+00:00,22411527-3,Dew Point,CURRENT,°C,20.950631500331575
2026-08-05T20:30:00+00:00,22411528-1,Temperature,CURRENT,°C,30.520854492187503
2026-08-05T20:30:00+00:00,22411528-2,RH,CURRENT,%,65.08278019378957
2026-08-05T20:30:00+00:00,22411528-3,Dew Point,CURRENT,°C,23.240480887538908
2026-08-05T20:30:00+00:00,22411529-1,Temperature,CURRENT,°C,30.156201171875004
2026-08-05T20:30:00+00:00,22411529-2,RH,CURRENT,%,73.60189211871518
2026-08-05T20:30:00+00:00,22411529-3,Dew Point,CURRENT,°C,24.94586143534875
2026-08-05T20:30:00+00:00,22411530-1,Temperature,CURRENT,°C,30.284902343749998
2026-08-05T20:30:00+00:00,22411530-2,RH,CURRENT,%,58.86778057526512
2026-08-05T20:30:00+00:00,22411530-3,Dew Point,CURRENT,°C,21.36551431226348
2026-08-05T20:31:00+00:00,22411541-S,Battery,CURRENT,V,8.467698486328125
2026-08-05T20:35:00+00:00,22411189-1,Temperature,CURRENT,°C,31.829316406249994
2026-08-05T20:35:00+00:00,22411189-2,RH,CURRENT,%,56.12878614480812
2026-08-05T20:35:00+00:00,22411189-3,Dew Point,CURRENT,°C,22.025081734070003
2026-08-05T20:35:00+00:00,22411190-1,Temperature,CURRENT,°C,31.48611328124999
2026-08-05T20:35:00+00:00,22411190-2,RH,CURRENT,%,55.631342030975816
2026-08-05T20:35:00+00:00,22411190-3,Dew Point,CURRENT,°C,21.560138356327393
2026-08-05T20:35:00+00:00,22411191-1,Temperature,CURRENT,°C,31.142910156250004
2026-08-05T20:35:00+00:00,22411191-2,RH,CURRENT,%,55.677119096665905
2026-08-05T20:35:00+00:00,22411191-3,Dew Point,CURRENT,°C,21.25480116750296
2026-08-05T20:35:00+00:00,22411525-1,Temperature,CURRENT,°C,30.94985839843749
2026-08-05T20:35:00+00:00,22411525-2,RH,CURRENT,%,55.39787899595636
2026-08-05T20:35:00+00:00,22411525-3,Dew Point,CURRENT,°C,20.993466529535453
2026-08-05T20:35:00+00:00,22411526-1,Temperature,CURRENT,°C,32.27977050781249
2026-08-05T20:35:00+00:00,22411526-2,RH,CURRENT,%,56.02807660028992
2026-08-05T20:35:00+00:00,22411526-3,Dew Point,CURRENT,°C,22.414254490191173
2026-08-05T20:35:00+00:00,22411527-1,Temperature,CURRENT,°C,30.928408203124995
2026-08-05T20:35:00+00:00,22411527-2,RH,CURRENT,%,55.844968337529565
2026-08-05T20:35:00+00:00,22411527-3,Dew Point,CURRENT,°C,21.104637434449867
2026-08-05T20:35:00+00:00,22411528-1,Temperature,CURRENT,°C,32.043818359375
2026-08-05T20:35:00+00:00,22411528-2,RH,CURRENT,%,58.74876020447089
2026-08-05T20:35:00+00:00,22411528-3,Dew Point,CURRENT,°C,22.977504323627596
2026-08-05T20:35:00+00:00,22411529-1,Temperature,CURRENT,°C,32.0652685546875
2026-08-05T20:35:00+00:00,22411529-2,RH,CURRENT,%,65.38643472953383
2026-08-05T20:35:00+00:00,22411529-3,Dew Point,CURRENT,°C,24.781905216018338
2026-08-05T20:35:00+00:00,22411530-1,Temperature,CURRENT,°C,31.207260742187493
2026-08-05T20:35:00+00:00,22411530-2,RH,CURRENT,%,55.506218051422906
2026-08-05T20:35:00+00:00,22411530-3,Dew Point,CURRENT,°C,21.26434803087181
2026-08-05T20:36:00+00:00,22411541-S,Battery,CURRENT,V,8.467698486328125
2026-08-05T20:40:00+00:00,22411189-1,Temperature,CURRENT,°C,32.043818359375
2026-08-05T20:40:00+00:00,22411189-2,RH,CURRENT,%,54.99961852445258
2026-08-05T20:40:00+00:00,22411189-3,Dew Point,CURRENT,°C,21.890470753329556
2026-08-05T20:40:00+00:00,22411190-1,Temperature,CURRENT,°C,31.614814453125
2026-08-05T20:40:00+00:00,22411190-2,RH,CURRENT,%,54.509803921568626
2026-08-05T20:40:00+00:00,22411190-3,Dew Point,CURRENT,°C,21.346321044649276
2026-08-05T20:40:00+00:00,22411191-1,Temperature,CURRENT,°C,31.3359619140625
2026-08-05T20:40:00+00:00,22411191-2,RH,CURRENT,%,55.39787899595636
2026-08-05T20:40:00+00:00,22411191-3,Dew Point,CURRENT,°C,21.351912530907583
2026-08-05T20:40:00+00:00,22411525-1,Temperature,CURRENT,°C,31.142910156250004
2026-08-05T20:40:00+00:00,22411525-2,RH,CURRENT,%,55.127794308384836
2026-08-05T20:40:00+00:00,22411525-3,Dew Point,CURRENT,°C,21.092934734186954
2026-08-05T20:40:00+00:00,22411526-1,Temperature,CURRENT,°C,32.622973632812496
2026-08-05T20:40:00+00:00,22411526-2,RH,CURRENT,%,55.16289005874724
2026-08-05T20:40:00+00:00,22411526-3,Dew Point,CURRENT,°C,22.47634048081124
2026-08-05T20:40:00+00:00,22411527-1,Temperature,CURRENT,°C,31.121459960937493
2026-08-05T20:40:00+00:00,22411527-2,RH,CURRENT,%,55.40703440909438
2026-08-05T20:40:00+00:00,22411527-3,Dew Point,CURRENT,°C,21.155477953865272
2026-08-05T20:40:00+00:00,22411528-1,Temperature,CURRENT,°C,32.301220703125004
2026-08-05T20:40:00+00:00,22411528-2,RH,CURRENT,%,57.264057373922334
2026-08-05T20:40:00+00:00,22411528-3,Dew Point,CURRENT,°C,22.79438036310933
2026-08-05T20:40:00+00:00,22411529-1,Temperature,CURRENT,°C,32.901826171874994
2026-08-05T20:40:00+00:00,22411529-2,RH,CURRENT,%,59.978637369344625
2026-08-05T20:40:00+00:00,22411529-3,Dew Point,CURRENT,°C,24.12524324306185
2026-08-05T20:40:00+00:00,22411530-1,Temperature,CURRENT,°C,31.357412109374998
2026-08-05T20:40:00+00:00,22411530-2,RH,CURRENT,%,54.95231555657282
2026-08-05T20:40:00+00:00,22411530-3,Dew Point,CURRENT,°C,21.23985830388349
2026-08-05T20:41:00+00:00,22411541-S,Battery,CURRENT,V,8.474159912109375
2026-08-05T20:45:00+00:00,22411189-1,Temperature,CURRENT,°C,31.679165039062504
2026-08-05T20:45:00+00:00,22411189-2,RH,CURRENT,%,59.49950408178836
2026-08-05T20:45:00+00:00,22411189-3,Dew Point,CURRENT,°C,22.84632369420917
2026-08-05T20:45:00+00:00,22411190-1,Temperature,CURRENT,°C,31.314511718750005
2026-08-05T20:45:00+00:00,22411190-2,RH,CURRENT,%,58.29556725413901
2026-08-05T20:45:00+00:00,22411190-3,Dew Point,CURRENT,°C,22.168032541092348
2026-08-05T20:45:00+00:00,22411191-1,Temperature,CURRENT,°C,31.035659179687492
2026-08-05T20:45:00+00:00,22411191-2,RH,CURRENT,%,57.979705500877394
2026-08-05T20:45:00+00:00,22411191-3,Dew Point,CURRENT,°C,21.818317588270766
2026-08-05T20:45:00+00:00,22411525-1,Temperature,CURRENT,°C,30.86405761718749
2026-08-05T20:45:00+00:00,22411525-2,RH,CURRENT,%,57.602807660028994
2026-08-05T20:45:00+00:00,22411525-3,Dew Point,CURRENT,°C,21.551259163993727
2026-08-05T20:45:00+00:00,22411526-1,Temperature,CURRENT,°C,32.2583203125
2026-08-05T20:45:00+00:00,22411526-2,RH,CURRENT,%,58.188754100862134
2026-08-05T20:45:00+00:00,22411526-3,Dew Point,CURRENT,°C,23.0193796736989
2026-08-05T20:45:00+00:00,22411527-1,Temperature,CURRENT,°C,30.842607421874995
2026-08-05T20:45:00+00:00,22411527-2,RH,CURRENT,%,57.83627069504845
2026-08-05T20:45:00+00:00,22411527-3,Dew Point,CURRENT,°C,21.597476122047095
2026-08-05T20:45:00+00:00,22411528-1,Temperature,CURRENT,°C,31.915117187499995
2026-08-05T20:45:00+00:00,22411528-2,RH,CURRENT,%,59.90234225986114
2026-08-05T20:45:00+00:00,22411528-3,Dew Point,CURRENT,°C,23.17914550350265
2026-08-05T20:45:00+00:00,22411529-1,Temperature,CURRENT,°C,32.773125
2026-08-05T20:45:00+00:00,22411529-2,RH,CURRENT,%,63.100633249408716
2026-08-05T20:45:00+00:00,22411529-3,Dew Point,CURRENT,°C,24.853935770477225
2026-08-05T20:45:00+00:00,22411530-1,Temperature,CURRENT,°C,31.0785595703125
2026-08-05T20:45:00+00:00,22411530-2,RH,CURRENT,%,57.98733501182574
2026-08-05T20:45:00+00:00,22411530-3,Dew Point,CURRENT,°C,21.860535054823554
2026-08-05T20:46:00+00:00,22411541-S,Battery,CURRENT,V,8.48385205078125
2026-08-05T20:50:00+00:00,22411189-1,Temperature,CURRENT,°C,31.593364257812503
2026-08-05T20:50:00+00:00,22411189-2,RH,CURRENT,%,54.1695277332723
2026-08-05T20:50:00+00:00,22411189-3,Dew Point,CURRENT,°C,21.22414257477027
2026-08-05T20:50:00+00:00,22411190-1,Temperature,CURRENT,°C,31.271611328124997
2026-08-05T20:50:00+00:00,22411190-2,RH,CURRENT,%,53.716334782940415
2026-08-05T20:50:00+00:00,22411190-3,Dew Point,CURRENT,°C,20.78948732049006
2026-08-05T20:50:00+00:00,22411191-1,Temperature,CURRENT,°C,30.756806640624994
2026-08-05T20:50:00+00:00,22411191-2,RH,CURRENT,%,55.297169451438165
2026-08-05T20:50:00+00:00,22411191-3,Dew Point,CURRENT,°C,20.784610238188378
2026-08-05T20:50:00+00:00,22411525-1,Temperature,CURRENT,°C,30.563754882812496
2026-08-05T20:50:00+00:00,22411525-2,RH,CURRENT,%,55.11253528648814
2026-08-05T20:50:00+00:00,22411525-3,Dew Point,CURRENT,°C,20.551055755060148
2026-08-05T20:50:00+00:00,22411526-1,Temperature,CURRENT,°C,32.215419921875004
2026-08-05T20:50:00+00:00,22411526-2,RH,CURRENT,%,52.764171816586554
2026-08-05T20:50:00+00:00,22411526-3,Dew Point,CURRENT,°C,21.36939918720078
2026-08-05T20:50:00+00:00,22411527-1,Temperature,CURRENT,°C,30.5423046875
2026-08-05T20:50:00+00:00,22411527-2,RH,CURRENT,%,55.44670786602579
2026-08-05T20:50:00+00:00,22411527-3,Dew Point,CURRENT,°C,20.6293867496444
2026-08-05T20:50:00+00:00,22411528-1,Temperature,CURRENT,°C,31.958017578125002
2026-08-05T20:50:00+00:00,22411528-2,RH,CURRENT,%,54.37705043106737
2026-08-05T20:50:00+00:00,22411528-3,Dew Point,CURRENT,°C,21.62428164169531
2026-08-05T20:50:00+00:00,22411529-1,Temperature,CURRENT,°C,33.09487792968749
2026-08-05T20:50:00+00:00,22411529-2,RH,CURRENT,%,54.929427023727776
2026-08-05T20:50:00+00:00,22411529-3,Dew Point,CURRENT,°C,22.843843001164498
2026-08-05T20:50:00+00:00,22411530-1,Temperature,CURRENT,°C,30.86405761718749
2026-08-05T20:50:00+00:00,22411530-2,RH,CURRENT,%,54.64560921644922
2026-08-05T20:50:00+00:00,22411530-3,Dew Point,CURRENT,°C,20.691244025447396
2026-08-05T20:51:00+00:00,22411541-S,Battery,CURRENT,V,8.48385205078125
2026-08-05T20:55:00+00:00,22411189-1,Temperature,CURRENT,°C,30.62810546875
2026-08-05T20:55:00+00:00,22411189-2,RH,CURRENT,%,59.23704890516518
2026-08-05T20:55:00+00:00,22411189-3,Dew Point,CURRENT,°C,21.789173239684548
2026-08-05T20:55:00+00:00,22411190-1,Temperature,CURRENT,°C,30.45650390625
2026-08-05T20:55:00+00:00,22411190-2,RH,CURRENT,%,58.518348973830776
2026-08-05T20:55:00+00:00,22411190-3,Dew Point,CURRENT,°C,21.42866255456749
2026-08-05T20:55:00+00:00,22411191-1,Temperature,CURRENT,°C,30.284902343749998
2026-08-05T20:55:00+00:00,22411191-2,RH,CURRENT,%,59.10582131685359
2026-08-05T20:55:00+00:00,22411191-3,Dew Point,CURRENT,°C,21.43150817524503
2026-08-05T20:55:00+00:00,22411525-1,Temperature,CURRENT,°C,30.1776513671875
2026-08-05T20:55:00+00:00,22411525-2,RH,CURRENT,%,57.91866941329061
2026-08-05T20:55:00+00:00,22411525-3,Dew Point,CURRENT,°C,20.999891665017465
2026-08-05T20:55:00+00:00,22411526-1,Temperature,CURRENT,°C,31.035659179687492
2026-08-05T20:55:00+00:00,22411526-2,RH,CURRENT,%,58.641947051194016
2026-08-05T20:55:00+00:00,22411526-3,Dew Point,CURRENT,°C,22.00478225296546
2026-08-05T20:55:00+00:00,22411527-1,Temperature,CURRENT,°C,30.1776513671875
2026-08-05T20:55:00+00:00,22411527-2,RH,CURRENT,%,58.13382162203403
2026-08-05T20:55:00+00:00,22411527-3,Dew Point,CURRENT,°C,21.06035505634526
2026-08-05T20:55:00+00:00,22411528-1,Temperature,CURRENT,°C,30.71390625
2026-08-05T20:55:00+00:00,22411528-2,RH,CURRENT,%,60.903334096284425
2026-08-05T20:55:00+00:00,22411528-3,Dew Point,CURRENT,°C,22.325619574531583
2026-08-05T20:55:00+00:00,22411529-1,Temperature,CURRENT,°C,31.722065429687497
2026-08-05T20:55:00+00:00,22411529-2,RH,CURRENT,%,63.37987335011826
2026-08-05T20:55:00+00:00,22411529-3,Dew Point,CURRENT,°C,23.93579361808269
2026-08-05T20:55:00+00:00,22411530-1,Temperature,CURRENT,°C,30.306352539062495
2026-08-05T20:55:00+00:00,22411530-2,RH,CURRENT,%,58.902876325627524
2026-08-05T20:55:00+00:00,22411530-3,Dew Point,CURRENT,°C,21.395331715070345
2026-08-05T20:56:00+00:00,22411541-S,Battery,CURRENT,V,8.48385205078125
2026-08-05T21:00:00+00:00,22411189-1,Temperature,CURRENT,°C,31.443212890625
2026-08-05T21:00:00+00:00,22411189-2,RH,CURRENT,%,58.29556725413901
2026-08-05T21:00:00+00:00,22411189-3,Dew Point,CURRENT,°C,22.288279340496818
2026-08-05T21:00:00+00:00,22411190-1,Temperature,CURRENT,°C,31.121459960937493
2026-08-05T21:00:00+00:00,22411190-2,RH,CURRENT,%,56.894789044022275
2026-08-05T21:00:00+00:00,22411190-3,Dew Point,CURRENT,°C,21.588706986244595
2026-08-05T21:00:00+00:00,22411191-1,Temperature,CURRENT,°C,30.86405761718749
2026-08-05T21:00:00+00:00,22411191-2,RH,CURRENT,%,56.91615167467765
2026-08-05T21:00:00+00:00,22411191-3,Dew Point,CURRENT,°C,21.355064739347778
2026-08-05T21:00:00+00:00,22411525-1,Temperature,CURRENT,°C,30.692456054687504
2026-08-05T21:00:00+00:00,22411525-2,RH,CURRENT,%,56.15320057984283
2026-08-05T21:00:00+00:00,22411525-3,Dew Point,CURRENT,°C,20.97503265153155
2026-08-05T21:00:00+00:00,22411526-1,Temperature,CURRENT,°C,31.743515624999993
2026-08-05T21:00:00+00:00,22411526-2,RH,CURRENT,%,58.15365835049973
2026-08-05T21:00:00+00:00,22411526-3,Dew Point,CURRENT,°C,22.52862772942861
2026-08-05T21:00:00+00:00,22411527-1,Temperature,CURRENT,°C,30.692456054687504
2026-08-05T21:00:00+00:00,22411527-2,RH,CURRENT,%,56.435492484931714
2026-08-05T21:00:00+00:00,22411527-3,Dew Point,CURRENT,°C,21.056795782172234
2026-08-05T21:00:00+00:00,22411528-1,Temperature,CURRENT,°C,31.40031249999999
2026-08-05T21:00:00+00:00,22411528-2,RH,CURRENT,%,60.20447089341573
2026-08-05T21:00:00+00:00,22411528-3,Dew Point,CURRENT,°C,22.77965727086458
2026-08-05T21:00:00+00:00,22411529-1,Temperature,CURRENT,°C,31.93656738281249
2026-08-05T21:00:00+00:00,22411529-2,RH,CURRENT,%,61.649500267032884
2026-08-05T21:00:00+00:00,22411529-3,Dew Point,CURRENT,°C,23.676834280932752
2026-08-05T21:00:00+00:00,22411530-1,Temperature,CURRENT,°C,30.885507812500002
2026-08-05T21:00:00+00:00,22411530-2,RH,CURRENT,%,56.597238117036696
2026-08-05T21:00:00+00:00,22411530-3,Dew Point,CURRENT,°C,21.283208116717987
2026-08-05T21:01:00+00:00,22411541-S,Battery,CURRENT,V,8.493544189453125
2026-08-05T21:05:00+00:00,22411189-1,Temperature,CURRENT,°C,31.2501611328125
2026-08-05T21:05:00+00:00,22411189-2,RH,CURRENT,%,56.54230563820859
2026-08-05T21:05:00+00:00,22411189-3,Dew Point,CURRENT,°C,21.60675711494387
2026-08-05T21:05:00+00:00,22411190-1,Temperature,CURRENT,°C,30.971308593750003
2026-08-05T21:05:00+00:00,22411190-2,RH,CURRENT,%,55.86938277256428
2026-08-05T21:05:00+00:00,22411190-3,Dew Point,CURRENT,°C,21.15164130593958
2026-08-05T21:05:00+00:00,22411191-1,Temperature,CURRENT,°C,30.649555664062497
2026-08-05T21:05:00+00:00,22411191-2,RH,CURRENT,%,56.395819028000304
2026-08-05T21:05:00+00:00,22411191-3,Dew Point,CURRENT,°C,21.00540411285081
2026-08-05T21:05:00+00:00,22411525-1,Temperature,CURRENT,°C,30.45650390625
2026-08-05T21:05:00+00:00,22411525-2,RH,CURRENT,%,55.681696803234914
2026-08-05T21:05:00+00:00,22411525-3,Dew Point,CURRENT,°C,20.61843560601708
2026-08-05T21:05:00+00:00,22411526-1,Temperature,CURRENT,°C,31.786416015625
2026-08-05T21:05:00+00:00,22411526-2,RH,CURRENT,%,55.30479896238651
2026-08-05T21:05:00+00:00,22411526-3,Dew Point,CURRENT,°C,21.74247477025493
2026-08-05T21:05:00+00:00,22411527-1,Temperature,CURRENT,°C,30.435053710937503
2026-08-05T21:05:00+00:00,22411527-2,RH,CURRENT,%,55.844968337529565
2026-08-05T21:05:00+00:00,22411527-3,Dew Point,CURRENT,°C,20.64610040198827
2026-08-05T21:05:00+00:00,22411528-1,Temperature,CURRENT,°C,31.464663085937495
2026-08-05T21:05:00+00:00,22411528-2,RH,CURRENT,%,57.300679026474405
2026-08-05T21:05:00+00:00,22411528-3,Dew Point,CURRENT,°C,22.025148805782408
2026-08-05T21:05:00+00:00,22411529-1,Temperature,CURRENT,°C,32.10816894531249
2026-08-05T21:05:00+00:00,22411529-2,RH,CURRENT,%,59.261463340199896
2026-08-05T21:05:00+00:00,22411529-3,Dew Point,CURRENT,°C,23.181656489153127
2026-08-05T21:05:00+00:00,22411530-1,Temperature,CURRENT,°C,30.692456054687504
2026-08-05T21:05:00+00:00,22411530-2,RH,CURRENT,%,56.46448462653544
2026-08-05T21:05:00+00:00,22411530-3,Dew Point,CURRENT,°C,21.065172824687505
2026-08-05T21:06:00+00:00,22411541-S,Battery,CURRENT,V,8.480621337890625
2026-08-05T21:10:00+00:00,22411189-1,Temperature,CURRENT,°C,30.41360351562499
2026-08-05T21:10:00+00:00,22411189-2,RH,CURRENT,%,58.353551537346455
2026-08-05T21:10:00+00:00,22411189-3,Dew Point,CURRENT,°C,21.342444381380492
2026-08-05T21:10:00+00:00,22411190-1,Temperature,CURRENT,°C,30.2634521484375
2026-08-05T21:10:00+00:00,22411190-2,RH,CURRENT,%,57.25032425421531
2026-08-05T21:10:00+00:00,22411190-3,Dew Point,CURRENT,°C,20.890814540021253
2026-08-05T21:10:00+00:00,22411191-1,Temperature,CURRENT,°C,30.0060498046875
2026-08-05T21:10:00+00:00,22411191-2,RH,CURRENT,%,57.75082017242695
2026-08-05T21:10:00+00:00,22411191-3,Dew Point,CURRENT,°C,20.79239315444092
2026-08-05T21:10:00+00:00,22411525-1,Temperature,CURRENT,°C,29.855898437499995
2026-08-05T21:10:00+00:00,22411525-2,RH,CURRENT,%,57.178606851300835
2026-08-05T21:10:00+00:00,22411525-3,Dew Point,CURRENT,°C,20.49041526398811
2026-08-05T21:10:00+00:00,22411526-1,Temperature,CURRENT,°C,30.778256835937505
2026-08-05T21:10:00+00:00,22411526-2,RH,CURRENT,%,57.85610742351415
2026-08-05T21:10:00+00:00,22411526-3,Dew Point,CURRENT,°C,21.543018133271463
2026-08-05T21:10:00+00:00,22411527-1,Temperature,CURRENT,°C,29.855898437499995
2026-08-05T21:10:00+00:00,22411527-2,RH,CURRENT,%,57.48073548485542
2026-08-05T21:10:00+00:00,22411527-3,Dew Point,CURRENT,°C,20.57602325983201
2026-08-05T21:10:00+00:00,22411528-1,Temperature,CURRENT,°C,30.392153320312495
2026-08-05T21:10:00+00:00,22411528-2,RH,CURRENT,%,60.30518043793393
2026-08-05T21:10:00+00:00,22411528-3,Dew Point,CURRENT,°C,21.861186891566668
2026-08-05T21:10:00+00:00,22411529-1,Temperature,CURRENT,°C,30.9927587890625
2026-08-05T21:10:00+00:00,22411529-2,RH,CURRENT,%,61.54879072251469
2026-08-05T21:10:00+00:00,22411529-3,Dew Point,CURRENT,°C,22.761740584968045
2026-08-05T21:10:00+00:00,22411530-1,Temperature,CURRENT,°C,30.048950195312493
2026-08-05T21:10:00+00:00,22411530-2,RH,CURRENT,%,57.57076371404593
2026-08-05T21:10:00+00:00,22411530-3,Dew Point,CURRENT,°C,20.78160835175127
2026-08-05T21:11:00+00:00,22411541-S,Battery,CURRENT,V,8.48385205078125
2026-08-05T21:15:00+00:00,22411189-1,Temperature,CURRENT,°C,29.276743164062502
2026-08-05T21:15:00+00:00,22411189-2,RH,CURRENT,%,60.60120546272984
2026-08-05T21:15:00+00:00,22411189-3,Dew Point,CURRENT,°C,20.89391605587261
2026-08-05T21:15:00+00:00,22411190-1,Temperature,CURRENT,°C,29.25529296874999
2026-08-05T21:15:00+00:00,22411190-2,RH,CURRENT,%,59.37438010223545
2026-08-05T21:15:00+00:00,22411190-3,Dew Point,CURRENT,°C,20.54109000620022
2026-08-05T21:15:00+00:00,22411191-1,Temperature,CURRENT,°C,29.1909423828125
2026-08-05T21:15:00+00:00,22411191-2,RH,CURRENT,%,59.63530937666896
2026-08-05T21:15:00+00:00,22411191-3,Dew Point,CURRENT,°C,20.55201693653728
2026-08-05T21:15:00+00:00,22411525-1,Temperature,CURRENT,°C,29.148041992187494
2026-08-05T21:15:00+00:00,22411525-2,RH,CURRENT,%,58.440527962157624
2026-08-05T21:15:00+00:00,22411525-3,Dew Point,CURRENT,°C,20.18351422012801
2026-08-05T21:15:00+00:00,22411526-1,Temperature,CURRENT,°C,29.383994140625
2026-08-05T21:15:00+00:00,22411526-2,RH,CURRENT,%,60.38757915617609
2026-08-05T21:15:00+00:00,22411526-3,Dew Point,CURRENT,°C,20.93710810642361
2026-08-05T21:15:00+00:00,22411527-1,Temperature,CURRENT,°C,29.169492187500005
2026-08-05T21:15:00+00:00,22411527-2,RH,CURRENT,%,58.68009460593576
2026-08-05T21:15:00+00:00,22411527-3,Dew Point,CURRENT,°C,20.26987495221747
2026-08-05T21:15:00+00:00,22411528-1,Temperature,CURRENT,°C,29.062241210937493
2026-08-05T21:15:00+00:00,22411528-2,RH,CURRENT,%,62.235446707866025
2026-08-05T21:15:00+00:00,22411528-3,Dew Point,CURRENT,°C,21.12592998610586
2026-08-05T21:15:00+00:00,22411529-1,Temperature,CURRENT,°C,29.469794921875
2026-08-05T21:15:00+00:00,22411529-2,RH,CURRENT,%,63.773556115053026
2026-08-05T21:15:00+00:00,22411529-3,Dew Point,CURRENT,°C,21.91027708895024
2026-08-05T21:15:00+00:00,22411530-1,Temperature,CURRENT,°C,29.1909423828125
2026-08-05T21:15:00+00:00,22411530-2,RH,CURRENT,%,59.096665903715575
2026-08-05T21:15:00+00:00,22411530-3,Dew Point,CURRENT,°C,20.40468972004582
2026-08-05T21:16:00+00:00,22411541-S,Battery,CURRENT,V,8.4644677734375
2026-08-05T21:20:00+00:00,22411189-1,Temperature,CURRENT,°C,29.169492187500005
2026-08-05T21:20:00+00:00,22411189-2,RH,CURRENT,%,60.729381246662086
2026-08-05T21:20:00+00:00,22411189-3,Dew Point,CURRENT,°C,20.82756009959408
2026-08-05T21:20:00+00:00,22411190-1,Temperature,CURRENT,°C,29.1909423828125
2026-08-05T21:20:00+00:00,22411190-2,RH,CURRENT,%,59.343862058442056
2026-08-05T21:20:00+00:00,22411190-3,Dew Point,CURRENT,°C,20.47244676716036
2026-08-05T21:20:00+00:00,22411191-1,Temperature,CURRENT,°C,29.25529296874999
2026-08-05T21:20:00+00:00,22411191-2,RH,CURRENT,%,59.259937438010226
2026-08-05T21:20:00+00:00,22411191-3,Dew Point,CURRENT,°C,20.50975120197748
2026-08-05T21:20:00+00:00,22411525-1,Temperature,CURRENT,°C,29.1909423828125
2026-08-05T21:20:00+00:00,22411525-2,RH,CURRENT,%,58.40390630960555
2026-08-05T21:20:00+00:00,22411525-3,Dew Point,CURRENT,°C,20.213473731052307
2026-08-05T21:20:00+00:00,22411526-1,Temperature,CURRENT,°C,29.083691406250004
2026-08-05T21:20:00+00:00,22411526-2,RH,CURRENT,%,61.12916762035554
2026-08-05T21:20:00+00:00,22411526-3,Dew Point,CURRENT,°C,20.85374351262901
2026-08-05T21:20:00+00:00,22411527-1,Temperature,CURRENT,°C,29.25529296874999
2026-08-05T21:20:00+00:00,22411527-2,RH,CURRENT,%,58.65568017090104
2026-08-05T21:20:00+00:00,22411527-3,Dew Point,CURRENT,°C,20.343399815054227
2026-08-05T21:20:00+00:00,22411528-1,Temperature,CURRENT,°C,28.80483886718749
2026-08-05T21:20:00+00:00,22411528-2,RH,CURRENT,%,63.0411230640116
2026-08-05T21:20:00+00:00,22411528-3,Dew Point,CURRENT,°C,21.09297846286107
2026-08-05T21:20:00+00:00,22411529-1,Temperature,CURRENT,°C,28.590336914062497
2026-08-05T21:20:00+00:00,22411529-2,RH,CURRENT,%,66.54764629587244
2026-08-05T21:20:00+00:00,22411529-3,Dew Point,CURRENT,°C,21.775217177958254
2026-08-05T21:20:00+00:00,22411530-1,Temperature,CURRENT,°C,29.233842773437495
2026-08-05T21:20:00+00:00,22411530-2,RH,CURRENT,%,58.87235828183413
2026-08-05T21:20:00+00:00,22411530-3,Dew Point,CURRENT,°C,20.38314576757236
2026-08-05T21:21:00+00:00,22411541-S,Battery,CURRENT,V,8.467698486328125
2026-08-05T21:25:00+00:00,22411189-1,Temperature,CURRENT,°C,29.598496093749993
2026-08-05T21:25:00+00:00,22411189-2,RH,CURRENT,%,61.17341878385596
2026-08-05T21:25:00+00:00,22411189-3,Dew Point,CURRENT,°C,21.349693646898864
2026-08-05T21:25:00+00:00,22411190-1,Temperature,CURRENT,°C,29.598496093749993
2026-08-05T21:25:00+00:00,22411190-2,RH,CURRENT,%,59.54375524528878
2026-08-05T21:25:00+00:00,22411190-3,Dew Point,CURRENT,°C,20.909048743458335
2026-08-05T21:25:00+00:00,22411191-1,Temperature,CURRENT,°C,29.598496093749993
2026-08-05T21:25:00+00:00,22411191-2,RH,CURRENT,%,59.353017471580074
2026-08-05T21:25:00+00:00,22411191-3,Dew Point,CURRENT,°C,20.856788268257965
2026-08-05T21:25:00+00:00,22411525-1,Temperature,CURRENT,°C,29.512695312499993
2026-08-05T21:25:00+00:00,22411525-2,RH,CURRENT,%,58.25436789501793
2026-08-05T21:25:00+00:00,22411525-3,Dew Point,CURRENT,°C,20.472683583414018
2026-08-05T21:25:00+00:00,22411526-1,Temperature,CURRENT,°C,29.512695312499993
2026-08-05T21:25:00+00:00,22411526-2,RH,CURRENT,%,62.00198367284657
2026-08-05T21:25:00+00:00,22411526-3,Dew Point,CURRENT,°C,21.4889818566237
2026-08-05T21:25:00+00:00,22411527-1,Temperature,CURRENT,°C,29.534145507812504
2026-08-05T21:25:00+00:00,22411527-2,RH,CURRENT,%,58.38712138551919
2026-08-05T21:25:00+00:00,22411527-3,Dew Point,CURRENT,°C,20.529702457310925
2026-08-05T21:25:00+00:00,22411528-1,Temperature,CURRENT,°C,29.233842773437495
2026-08-05T21:25:00+00:00,22411528-2,RH,CURRENT,%,63.41344319829099
2026-08-05T21:25:00+00:00,22411528-3,Dew Point,CURRENT,°C,21.594420992265306
2026-08-05T21:25:00+00:00,22411529-1,Temperature,CURRENT,°C,28.71903808593749
2026-08-05T21:25:00+00:00,22411529-2,RH,CURRENT,%,68.19104295414664
2026-08-05T21:25:00+00:00,22411529-3,Dew Point,CURRENT,°C,22.298667895861517
2026-08-05T21:25:00+00:00,22411530-1,Temperature,CURRENT,°C,29.577045898437497
2026-08-05T21:25:00+00:00,22411530-2,RH,CURRENT,%,59.08140688181888
2026-08-05T21:25:00+00:00,22411530-3,Dew Point,CURRENT,°C,20.762031328244227
2026-08-05T21:26:00+00:00,22411541-S,Battery,CURRENT,V,8.474159912109375
2026-08-05T21:30:00+00:00,22411189-1,Temperature,CURRENT,°C,29.705747070312505
2026-08-05T21:30:00+00:00,22411189-2,RH,CURRENT,%,60.950637064164184
2026-08-05T21:30:00+00:00,22411189-3,Dew Point,CURRENT,°C,21.390879513504323
2026-08-05T21:30:00+00:00,22411190-1,Temperature,CURRENT,°C,29.641396484375
2026-08-05T21:30:00+00:00,22411190-2,RH,CURRENT,%,59.58648050659953
2026-08-05T21:30:00+00:00,22411190-3,Dew Point,CURRENT,°C,20.960946018858515
2026-08-05T21:30:00+00:00,22411191-1,Temperature,CURRENT,°C,29.619946289062504
2026-08-05T21:30:00+00:00,22411191-2,RH,CURRENT,%,59.06767376211185
2026-08-05T21:30:00+00:00,22411191-3,Dew Point,CURRENT,°C,20.798415291068057
2026-08-05T21:30:00+00:00,22411525-1,Temperature,CURRENT,°C,29.555595703125
2026-08-05T21:30:00+00:00,22411525-2,RH,CURRENT,%,58.20706492713817
2026-08-05T21:30:00+00:00,22411525-3,Dew Point,CURRENT,°C,20.499588052153147
2026-08-05T21:30:00+00:00,22411526-1,Temperature,CURRENT,°C,29.684296874999994
2026-08-05T21:30:00+00:00,22411526-2,RH,CURRENT,%,60.87129015030136
2026-08-05T21:30:00+00:00,22411526-3,Dew Point,CURRENT,°C,21.34942020595199
2026-08-05T21:30:00+00:00,22411527-1,Temperature,CURRENT,°C,29.577045898437497
2026-08-05T21:30:00+00:00,22411527-2,RH,CURRENT,%,58.857099259937435
2026-08-05T21:30:00+00:00,22411527-3,Dew Point,CURRENT,°C,20.700146367676588
2026-08-05T21:30:00+00:00,22411528-1,Temperature,CURRENT,°C,29.34109374999999
2026-08-05T21:30:00+00:00,22411528-2,RH,CURRENT,%,63.527885862516214
2026-08-05T21:30:00+00:00,22411528-3,Dew Point,CURRENT,°C,21.72530637801689
2026-08-05T21:30:00+00:00,22411529-1,Temperature,CURRENT,°C,28.912089843750003
2026-08-05T21:30:00+00:00,22411529-2,RH,CURRENT,%,69.09437705043106
2026-08-05T21:30:00+00:00,22411529-3,Dew Point,CURRENT,°C,22.69995789322699
2026-08-05T21:30:00+00:00,22411530-1,Temperature,CURRENT,°C,29.598496093749993
2026-08-05T21:30:00+00:00,22411530-2,RH,CURRENT,%,58.96391241321431
2026-08-05T21:30:00+00:00,22411530-3,Dew Point,CURRENT,°C,20.749720132996625
2026-08-05T21:31:00+00:00,22411541-S,Battery,CURRENT,V,8.467698486328125
2026-08-05T21:35:00+00:00,22411189-1,Temperature,CURRENT,°C,29.963149414062492
2026-08-05T21:35:00+00:00,22411189-2,RH,CURRENT,%,59.06919966430152
2026-08-05T21:35:00+00:00,22411189-3,Dew Point,CURRENT,°C,21.120156843648054
2026-08-05T21:35:00+00:00,22411190-1,Temperature,CURRENT,°C,29.855898437499995
2026-08-05T21:35:00+00:00,22411190-2,RH,CURRENT,%,58.020904859998474
2026-08-05T21:35:00+00:00,22411190-3,Dew Point,CURRENT,°C,20.728104443220186
2026-08-05T21:35:00+00:00,22411191-1,Temperature,CURRENT,°C,29.748647460937498
2026-08-05T21:35:00+00:00,22411191-2,RH,CURRENT,%,58.32150759136339
2026-08-05T21:35:00+00:00,22411191-3,Dew Point,CURRENT,°C,20.711950427689775
2026-08-05T21:35:00+00:00,22411525-1,Temperature,CURRENT,°C,29.619946289062504
2026-08-05T21:35:00+00:00,22411525-2,RH,CURRENT,%,57.74166475928893
2026-08-05T21:35:00+00:00,22411525-3,Dew Point,CURRENT,°C,20.429361615833262
2026-08-05T21:35:00+00:00,22411526-1,Temperature,CURRENT,°C,30.0060498046875
2026-08-05T21:35:00+00:00,22411526-2,RH,CURRENT,%,59.37895780880446
2026-08-05T21:35:00+00:00,22411526-3,Dew Point,CURRENT,°C,21.24572367352261
2026-08-05T21:35:00+00:00,22411527-1,Temperature,CURRENT,°C,29.641396484375
2026-08-05T21:35:00+00:00,22411527-2,RH,CURRENT,%,57.87441824979019
2026-08-05T21:35:00+00:00,22411527-3,Dew Point,CURRENT,°C,20.486673072407285
2026-08-05T21:35:00+00:00,22411528-1,Temperature,CURRENT,°C,29.598496093749993
2026-08-05T21:35:00+00:00,22411528-2,RH,CURRENT,%,62.26749065384909
2026-08-05T21:35:00+00:00,22411528-3,Dew Point,CURRENT,°C,21.639799869233983
2026-08-05T21:35:00+00:00,22411529-1,Temperature,CURRENT,°C,29.276743164062502
2026-08-05T21:35:00+00:00,22411529-2,RH,CURRENT,%,66.56748302433815
2026-08-05T21:35:00+00:00,22411529-3,Dew Point,CURRENT,°C,22.432644739857157
2026-08-05T21:35:00+00:00,22411530-1,Temperature,CURRENT,°C,29.748647460937498
2026-08-05T21:35:00+00:00,22411530-2,RH,CURRENT,%,57.96139467460136
2026-08-05T21:35:00+00:00,22411530-3,Dew Point,CURRENT,°C,20.611237134690246
2026-08-05T21:36:00+00:00,22411541-S,Battery,CURRENT,V,8.474159912109375
2026-08-05T21:40:00+00:00,22411189-1,Temperature,CURRENT,°C,30.41360351562499
2026-08-05T21:40:00+00:00,22411189-2,RH,CURRENT,%,57.851529716945144
2026-08-05T21:40:00+00:00,22411189-3,Dew Point,CURRENT,°C,21.201284270937464
2026-08-05T21:40:00+00:00,22411190-1,Temperature,CURRENT,°C,30.242001953125005
2026-08-05T21:40:00+00:00,22411190-2,RH,CURRENT,%,56.94514381628137
2026-08-05T21:40:00+00:00,22411190-3,Dew Point,CURRENT,°C,20.783791463469463
2026-08-05T21:40:00+00:00,22411191-1,Temperature,CURRENT,°C,30.113300781249997
2026-08-05T21:40:00+00:00,22411191-2,RH,CURRENT,%,57.41054398413062
2026-08-05T21:40:00+00:00,22411191-3,Dew Point,CURRENT,°C,20.79628567814885
2026-08-05T21:40:00+00:00,22411525-1,Temperature,CURRENT,°C,30.0060498046875
2026-08-05T21:40:00+00:00,22411525-2,RH,CURRENT,%,56.69336995498588
2026-08-05T21:40:00+00:00,22411525-3,Dew Point,CURRENT,°C,20.491940761237622
2026-08-05T21:40:00+00:00,22411526-1,Temperature,CURRENT,°C,30.563754882812496
2026-08-05T21:40:00+00:00,22411526-2,RH,CURRENT,%,58.38559548332952
2026-08-05T21:40:00+00:00,22411526-3,Dew Point,CURRENT,°C,21.49176562702184
2026-08-05T21:40:00+00:00,22411527-1,Temperature,CURRENT,°C,30.027499999999996
2026-08-05T21:40:00+00:00,22411527-2,RH,CURRENT,%,56.95735103379873
2026-08-05T21:40:00+00:00,22411527-3,Dew Point,CURRENT,°C,20.587390924842975
2026-08-05T21:40:00+00:00,22411528-1,Temperature,CURRENT,°C,29.8344482421875
2026-08-05T21:40:00+00:00,22411528-2,RH,CURRENT,%,61.82497901884489
2026-08-05T21:40:00+00:00,22411528-3,Dew Point,CURRENT,°C,21.74519008913869
2026-08-05T21:40:00+00:00,22411529-1,Temperature,CURRENT,°C,29.448344726562503
2026-08-05T21:40:00+00:00,22411529-2,RH,CURRENT,%,66.10818646524758
2026-08-05T21:40:00+00:00,22411529-3,Dew Point,CURRENT,°C,22.48154291430923
2026-08-05T21:40:00+00:00,22411530-1,Temperature,CURRENT,°C,30.134750976562493
2026-08-05T21:40:00+00:00,22411530-2,RH,CURRENT,%,56.86274509803921
2026-08-05T21:40:00+00:00,22411530-3,Dew Point,CURRENT,°C,20.660303403618464
2026-08-05T21:41:00+00:00,22411541-S,Battery,CURRENT,V,8.4644677734375
2026-08-05T21:45:00+00:00,22411189-1,Temperature,CURRENT,°C,30.756806640624994
2026-08-05T21:45:00+00:00,22411189-2,RH,CURRENT,%,58.15213244831006
2026-08-05T21:45:00+00:00,22411189-3,Dew Point,CURRENT,°C,21.606559917933122
2026-08-05T21:45:00+00:00,22411190-1,Temperature,CURRENT,°C,30.585205078124993
2026-08-05T21:45:00+00:00,22411190-2,RH,CURRENT,%,57.16792553597315
2026-08-05T21:45:00+00:00,22411190-3,Dew Point,CURRENT,°C,21.167305314234618
2026-08-05T21:45:00+00:00,22411191-1,Temperature,CURRENT,°C,30.32780273437499
2026-08-05T21:45:00+00:00,22411191-2,RH,CURRENT,%,57.8133821622034
2026-08-05T21:45:00+00:00,22411191-3,Dew Point,CURRENT,°C,21.110412947510564
2026-08-05T21:45:00+00:00,22411525-1,Temperature,CURRENT,°C,30.156201171875004
2026-08-05T21:45:00+00:00,22411525-2,RH,CURRENT,%,56.56519417105363
2026-08-05T21:45:00+00:00,22411525-3,Dew Point,CURRENT,°C,20.5949929434768
2026-08-05T21:45:00+00:00,22411526-1,Temperature,CURRENT,°C,31.121459960937493
2026-08-05T21:45:00+00:00,22411526-2,RH,CURRENT,%,57.28694590676738
2026-08-05T21:45:00+00:00,22411526-3,Dew Point,CURRENT,°C,21.701252253727386
2026-08-05T21:45:00+00:00,22411527-1,Temperature,CURRENT,°C,30.1776513671875
2026-08-05T21:45:00+00:00,22411527-2,RH,CURRENT,%,57.27473868925002
2026-08-05T21:45:00+00:00,22411527-3,Dew Point,CURRENT,°C,20.81774998607001
2026-08-05T21:45:00+00:00,22411528-1,Temperature,CURRENT,°C,30.199101562499997
2026-08-05T21:45:00+00:00,22411528-2,RH,CURRENT,%,60.97199969481956
2026-08-05T21:45:00+00:00,22411528-3,Dew Point,CURRENT,°C,21.86034255445151
2026-08-05T21:45:00+00:00,22411529-1,Temperature,CURRENT,°C,29.770097656249995
2026-08-05T21:45:00+00:00,22411529-2,RH,CURRENT,%,65.40474555580987
2026-08-05T21:45:00+00:00,22411529-3,Dew Point,CURRENT,°C,22.61040757850969
2026-08-05T21:45:00+00:00,22411530-1,Temperature,CURRENT,°C,30.349252929687502
2026-08-05T21:45:00+00:00,22411530-2,RH,CURRENT,%,57.57076371404593
2026-08-05T21:45:00+00:00,22411530-3,Dew Point,CURRENT,°C,21.061826330165122
2026-08-05T21:46:00+00:00,22411541-S,Battery,CURRENT,V,8.477390625
2026-08-05T21:50:00+00:00,22411189-1,Temperature,CURRENT,°C,29.641396484375
2026-08-05T21:50:00+00:00,22411189-2,RH,CURRENT,%,60.51422903791867
2026-08-05T21:50:00+00:00,22411189-3,Dew Point,CURRENT,°C,21.212994873746517
2026-08-05T21:50:00+00:00,22411190-1,Temperature,CURRENT,°C,29.598496093749993
2026-08-05T21:50:00+00:00,22411190-2,RH,CURRENT,%,59.31944762340734
2026-08-05T21:50:00+00:00,22411190-3,Dew Point,CURRENT,°C,20.847575237600417
2026-08-05T21:50:00+00:00,22411191-1,Temperature,CURRENT,°C,29.491245117187496
2026-08-05T21:50:00+00:00,22411191-2,RH,CURRENT,%,59.855039291981385
2026-08-05T21:50:00+00:00,22411191-3,Dew Point,CURRENT,°C,20.893438134939817
2026-08-05T21:50:00+00:00,22411525-1,Temperature,CURRENT,°C,29.405444335937496
2026-08-05T21:50:00+00:00,22411525-2,RH,CURRENT,%,59.38048371099413
2026-08-05T21:50:00+00:00,22411525-3,Dew Point,CURRENT,°C,20.683447037182273
2026-08-05T21:50:00+00:00,22411526-1,Temperature,CURRENT,°C,29.770097656249995
2026-08-05T21:50:00+00:00,22411526-2,RH,CURRENT,%,60.91401541161211
2026-08-05T21:50:00+00:00,22411526-3,Dew Point,CURRENT,°C,21.4415343829091
2026-08-05T21:50:00+00:00,22411527-1,Temperature,CURRENT,°C,29.426894531249992
2026-08-05T21:50:00+00:00,22411527-2,RH,CURRENT,%,59.20653086137179
2026-08-05T21:50:00+00:00,22411527-3,Dew Point,CURRENT,°C,20.655833812522722
2026-08-05T21:50:00+00:00,22411528-1,Temperature,CURRENT,°C,29.233842773437495
2026-08-05T21:50:00+00:00,22411528-2,RH,CURRENT,%,62.51468680857557
2026-08-05T21:50:00+00:00,22411528-3,Dew Point,CURRENT,°C,21.360844980338772
2026-08-05T21:50:00+00:00,22411529-1,Temperature,CURRENT,°C,28.997890625000004
2026-08-05T21:50:00+00:00,22411529-2,RH,CURRENT,%,69.64370183871213
2026-08-05T21:50:00+00:00,22411529-3,Dew Point,CURRENT,°C,22.912864163212966
2026-08-05T21:50:00+00:00,22411530-1,Temperature,CURRENT,°C,29.491245117187496
2026-08-05T21:50:00+00:00,22411530-2,RH,CURRENT,%,58.986800946059354
2026-08-05T21:50:00+00:00,22411530-3,Dew Point,CURRENT,°C,20.655633981070533
2026-08-05T21:51:00+00:00,22411541-S,Battery,CURRENT,V,8.467698486328125
2026-08-05T21:55:00+00:00,22411189-1,Temperature,CURRENT,°C,30.2634521484375
2026-08-05T21:55:00+00:00,22411189-2,RH,CURRENT,%,57.31898985275044
2026-08-05T21:55:00+00:00,22411189-3,Dew Point,CURRENT,°C,20.910341588697186
2026-08-05T21:55:00+00:00,22411190-1,Temperature,CURRENT,°C,30.156201171875004
2026-08-05T21:55:00+00:00,22411190-2,RH,CURRENT,%,56.35767147325856
2026-08-05T21:55:00+00:00,22411190-3,Dew Point,CURRENT,°C,20.535272581588206
2026-08-05T21:55:00+00:00,22411191-1,Temperature,CURRENT,°C,30.048950195312493
2026-08-05T21:55:00+00:00,22411191-2,RH,CURRENT,%,56.69336995498588
2026-08-05T21:55:00+00:00,22411191-3,Dew Point,CURRENT,°C,20.531896384965815
2026-08-05T21:55:00+00:00,22411525-1,Temperature,CURRENT,°C,29.941699218749996
2026-08-05T21:55:00+00:00,22411525-2,RH,CURRENT,%,56.179140917067215
2026-08-05T21:55:00+00:00,22411525-3,Dew Point,CURRENT,°C,20.284193323843088
2026-08-05T21:55:00+00:00,22411526-1,Temperature,CURRENT,°C,30.370703125
2026-08-05T21:55:00+00:00,22411526-2,RH,CURRENT,%,57.01686121919585
2026-08-05T21:55:00+00:00,22411526-3,Dew Point,CURRENT,°C,20.92422202775797
2026-08-05T21:55:00+00:00,22411527-1,Temperature,CURRENT,°C,29.941699218749996
2026-08-05T21:55:00+00:00,22411527-2,RH,CURRENT,%,56.50415808346685
2026-08-05T21:55:00+00:00,22411527-3,Dew Point,CURRENT,°C,20.377755065694757
2026-08-05T21:55:00+00:00,22411528-1,Temperature,CURRENT,°C,29.898798828125003
2026-08-05T21:55:00+00:00,22411528-2,RH,CURRENT,%,59.03562981612879
2026-08-05T21:55:00+00:00,22411528-3,Dew Point,CURRENT,°C,21.05063937729817
2026-08-05T21:55:00+00:00,22411529-1,Temperature,CURRENT,°C,29.1909423828125
2026-08-05T21:55:00+00:00,22411529-2,RH,CURRENT,%,65.03395132372015
2026-08-05T21:55:00+00:00,22411529-3,Dew Point,CURRENT,°C,21.967697118818098
2026-08-05T21:55:00+00:00,22411530-1,Temperature,CURRENT,°C,30.048950195312493
2026-08-05T21:55:00+00:00,22411530-2,RH,CURRENT,%,56.224917982757304
2026-08-05T21:55:00+00:00,22411530-3,Dew Point,CURRENT,°C,20.39718536965849
2026-08-05T21:56:00+00:00,22411541-S,Battery,CURRENT,V,8.467698486328125
2026-08-05T22:00:00+00:00,22411189-1,Temperature,CURRENT,°C,31.3359619140625
2026-08-05T22:00:00+00:00,22411189-2,RH,CURRENT,%,56.46295872434577
2026-08-05T22:00:00+00:00,22411189-3,Dew Point,CURRENT,°C,21.663600244333097
2026-08-05T22:00:00+00:00,22411190-1,Temperature,CURRENT,°C,31.100009765624996
2026-08-05T22:00:00+00:00,22411190-2,RH,CURRENT,%,55.460440985732816
2026-08-05T22:00:00+00:00,22411190-3,Dew Point,CURRENT,°C,21.151288003097193
2026-08-05T22:00:00+00:00,22411191-1,Temperature,CURRENT,°C,30.842607421874995
2026-08-05T22:00:00+00:00,22411191-2,RH,CURRENT,%,55.634393835355155
2026-08-05T22:00:00+00:00,22411191-3,Dew Point,CURRENT,°C,20.963308967080938
2026-08-05T22:00:00+00:00,22411525-1,Temperature,CURRENT,°C,30.671005859374993
2026-08-05T22:00:00+00:00,22411525-2,RH,CURRENT,%,55.1094834821088
2026-08-05T22:00:00+00:00,22411525-3,Dew Point,CURRENT,°C,20.649673578490134
2026-08-05T22:00:00+00:00,22411526-1,Temperature,CURRENT,°C,31.614814453125
2026-08-05T22:00:00+00:00,22411526-2,RH,CURRENT,%,57.01838712138552
2026-08-05T22:00:00+00:00,22411526-3,Dew Point,CURRENT,°C,22.083908396616202
2026-08-05T22:00:00+00:00,22411527-1,Temperature,CURRENT,°C,30.671005859374993
2026-08-05T22:00:00+00:00,22411527-2,RH,CURRENT,%,55.20561532005799
2026-08-05T22:00:00+00:00,22411527-3,Dew Point,CURRENT,°C,20.678013754795465
2026-08-05T22:00:00+00:00,22411528-1,Temperature,CURRENT,°C,30.778256835937505
2026-08-05T22:00:00+00:00,22411528-2,RH,CURRENT,%,59.27519645990692
2026-08-05T22:00:00+00:00,22411528-3,Dew Point,CURRENT,°C,21.940341251577866
2026-08-05T22:00:00+00:00,22411529-1,Temperature,CURRENT,°C,30.027499999999996
2026-08-05T22:00:00+00:00,22411529-2,RH,CURRENT,%,66.9565880827039
2026-08-05T22:00:00+00:00,22411529-3,Dew Point,CURRENT,°C,23.242897606829132
2026-08-05T22:00:00+00:00,22411530-1,Temperature,CURRENT,°C,30.86405761718749
2026-08-05T22:00:00+00:00,22411530-2,RH,CURRENT,%,55.35210193026627
2026-08-05T22:00:00+00:00,22411530-3,Dew Point,CURRENT,°C,20.900338988659854
2026-08-05T22:01:00+00:00,22411541-S,Battery,CURRENT,V,8.461237060546875
2026-08-05T22:05:00+00:00,22411189-1,Temperature,CURRENT,°C,31.3359619140625
2026-08-05T22:05:00+00:00,22411189-2,RH,CURRENT,%,53.4706645304036
2026-08-05T22:05:00+00:00,22411189-3,Dew Point,CURRENT,°C,20.774370000778834
2026-08-05T22:05:00+00:00,22411190-1,Temperature,CURRENT,°C,31.100009765624996
2026-08-05T22:05:00+00:00,22411190-2,RH,CURRENT,%,53.26924544136721
2026-08-05T22:05:00+00:00,22411190-3,Dew Point,CURRENT,°C,20.494996721646498
2026-08-05T22:05:00+00:00,22411191-1,Temperature,CURRENT,°C,30.756806640624994
2026-08-05T22:05:00+00:00,22411191-2,RH,CURRENT,%,53.64919508659495
2026-08-05T22:05:00+00:00,22411191-3,Dew Point,CURRENT,°C,20.29311386314578
2026-08-05T22:05:00+00:00,22411525-1,Temperature,CURRENT,°C,30.585205078124993
2026-08-05T22:05:00+00:00,22411525-2,RH,CURRENT,%,52.98847943846799
2026-08-05T22:05:00+00:00,22411525-3,Dew Point,CURRENT,°C,19.933904042151003
2026-08-05T22:05:00+00:00,22411526-1,Temperature,CURRENT,°C,31.829316406249994
2026-08-05T22:05:00+00:00,22411526-2,RH,CURRENT,%,52.759594110017545
2026-08-05T22:05:00+00:00,22411526-3,Dew Point,CURRENT,°C,21.011824461301373
2026-08-05T22:05:00+00:00,22411527-1,Temperature,CURRENT,°C,30.585205078124993
2026-08-05T22:05:00+00:00,22411527-2,RH,CURRENT,%,53.43862058442054
2026-08-05T22:05:00+00:00,22411527-3,Dew Point,CURRENT,°C,20.07075328745514
2026-08-05T22:05:00+00:00,22411528-1,Temperature,CURRENT,°C,30.94985839843749
2026-08-05T22:05:00+00:00,22411528-2,RH,CURRENT,%,55.965514610513466
2026-08-05T22:05:00+00:00,22411528-3,Dew Point,CURRENT,°C,21.15976476111667
2026-08-05T22:05:00+00:00,22411529-1,Temperature,CURRENT,°C,30.435053710937503
2026-08-05T22:05:00+00:00,22411529-2,RH,CURRENT,%,61.902800030518044
2026-08-05T22:05:00+00:00,22411529-3,Dew Point,CURRENT,°C,22.331421069296013
2026-08-05T22:05:00+00:00,22411530-1,Temperature,CURRENT,°C,30.79970703125
2026-08-05T22:05:00+00:00,22411530-2,RH,CURRENT,%,53.15327687495232
2026-08-05T22:05:00+00:00,22411530-3,Dew Point,CURRENT,°C,20.18225069790165
2026-08-05T22:06:00+00:00,22411541-S,Battery,CURRENT,V,8.467698486328125
2026-08-05T22:10:00+00:00,22411189-1,Temperature,CURRENT,°C,30.692456054687504
2026-08-05T22:10:00+00:00,22411189-2,RH,CURRENT,%,55.638971541924164
2026-08-05T22:10:00+00:00,22411189-3,Dew Point,CURRENT,°C,20.825163490029997
2026-08-05T22:10:00+00:00,22411190-1,Temperature,CURRENT,°C,30.563754882812496
2026-08-05T22:10:00+00:00,22411190-2,RH,CURRENT,%,55.167467765316246
2026-08-05T22:10:00+00:00,22411190-3,Dew Point,CURRENT,°C,20.56724216637255
2026-08-05T22:10:00+00:00,22411191-1,Temperature,CURRENT,°C,30.2634521484375
2026-08-05T22:10:00+00:00,22411191-2,RH,CURRENT,%,55.33226520180057
2026-08-05T22:10:00+00:00,22411191-3,Dew Point,CURRENT,°C,20.33691070705919
2026-08-05T22:10:00+00:00,22411525-1,Temperature,CURRENT,°C,30.134750976562493
2026-08-05T22:10:00+00:00,22411525-2,RH,CURRENT,%,54.52658884565499
2026-08-05T22:10:00+00:00,22411525-3,Dew Point,CURRENT,°C,19.979949221793184
2026-08-05T22:10:00+00:00,22411526-1,Temperature,CURRENT,°C,31.142910156250004
2026-08-05T22:10:00+00:00,22411526-2,RH,CURRENT,%,55.20103761348898
2026-08-05T22:10:00+00:00,22411526-3,Dew Point,CURRENT,°C,21.11459814518307
2026-08-05T22:10:00+00:00,22411527-1,Temperature,CURRENT,°C,30.156201171875004
2026-08-05T22:10:00+00:00,22411527-2,RH,CURRENT,%,54.96604867627985
2026-08-05T22:10:00+00:00,22411527-3,Dew Point,CURRENT,°C,20.129753102420118
2026-08-05T22:10:00+00:00,22411528-1,Temperature,CURRENT,°C,30.242001953125005
2026-08-05T22:10:00+00:00,22411528-2,RH,CURRENT,%,58.28030823224231
2026-08-05T22:10:00+00:00,22411528-3,Dew Point,CURRENT,°C,21.161549146604173
2026-08-05T22:10:00+00:00,22411529-1,Temperature,CURRENT,°C,30.156201171875004
2026-08-05T22:10:00+00:00,22411529-2,RH,CURRENT,%,64.56702525368124
2026-08-05T22:10:00+00:00,22411529-3,Dew Point,CURRENT,°C,22.76335558330146
2026-08-05T22:10:00+00:00,22411530-1,Temperature,CURRENT,°C,30.306352539062495
2026-08-05T22:10:00+00:00,22411530-2,RH,CURRENT,%,54.94468604562447
2026-08-05T22:10:00+00:00,22411530-3,Dew Point,CURRENT,°C,20.26274550840238
2026-08-05T22:11:00+00:00,22411541-S,Battery,CURRENT,V,8.474159912109375
2026-08-05T22:15:00+00:00,22411189-1,Temperature,CURRENT,°C,29.405444335937496
2026-08-05T22:15:00+00:00,22411189-2,RH,CURRENT,%,58.641947051194016
2026-08-05T22:15:00+00:00,22411189-3,Dew Point,CURRENT,°C,20.480067503499434
2026-08-05T22:15:00+00:00,22411190-1,Temperature,CURRENT,°C,29.448344726562503
2026-08-05T22:15:00+00:00,22411190-2,RH,CURRENT,%,57.08094911116198
2026-08-05T22:15:00+00:00,22411190-3,Dew Point,CURRENT,°C,20.08271772995764
2026-08-05T22:15:00+00:00,22411191-1,Temperature,CURRENT,°C,29.362543945312503
2026-08-05T22:15:00+00:00,22411191-2,RH,CURRENT,%,57.18776226443885
2026-08-05T22:15:00+00:00,22411191-3,Dew Point,CURRENT,°C,20.032972546472354
2026-08-05T22:15:00+00:00,22411525-1,Temperature,CURRENT,°C,29.319643554687495
2026-08-05T22:15:00+00:00,22411525-2,RH,CURRENT,%,56.16235599298085
2026-08-05T22:15:00+00:00,22411525-3,Dew Point,CURRENT,°C,19.700614953051307
2026-08-05T22:15:00+00:00,22411526-1,Temperature,CURRENT,°C,29.598496093749993
2026-08-05T22:15:00+00:00,22411526-2,RH,CURRENT,%,58.54581521324483
2026-08-05T22:15:00+00:00,22411526-3,Dew Point,CURRENT,°C,20.633983842769503
2026-08-05T22:15:00+00:00,22411527-1,Temperature,CURRENT,°C,29.362543945312503
2026-08-05T22:15:00+00:00,22411527-2,RH,CURRENT,%,56.41870756084535
2026-08-05T22:15:00+00:00,22411527-3,Dew Point,CURRENT,°C,19.814076238872037
2026-08-05T22:15:00+00:00,22411528-1,Temperature,CURRENT,°C,29.062241210937493
2026-08-05T22:15:00+00:00,22411528-2,RH,CURRENT,%,61.32143129625391
2026-08-05T22:15:00+00:00,22411528-3,Dew Point,CURRENT,°C,20.884710816135676
2026-08-05T22:15:00+00:00,22411529-1,Temperature,CURRENT,°C,28.997890625000004
2026-08-05T22:15:00+00:00,22411529-2,RH,CURRENT,%,64.60364690623331
2026-08-05T22:15:00+00:00,22411529-3,Dew Point,CURRENT,°C,21.67587519398989
2026-08-05T22:15:00+00:00,22411530-1,Temperature,CURRENT,°C,29.362543945312503
2026-08-05T22:15:00+00:00,22411530-2,RH,CURRENT,%,57.06263828488594
2026-08-05T22:15:00+00:00,22411530-3,Dew Point,CURRENT,°C,19.997534488443662
2026-08-05T22:16:00+00:00,22411541-S,Battery,CURRENT,V,8.467698486328125
2026-08-05T22:20:00+00:00,22411189-1,Temperature,CURRENT,°C,28.997890625000004
2026-08-05T22:20:00+00:00,22411189-2,RH,CURRENT,%,60.19989318684672
2026-08-05T22:20:00+00:00,22411189-3,Dew Point,CURRENT,°C,20.523989719190737
2026-08-05T22:20:00+00:00,22411190-1,Temperature,CURRENT,°C,29.083691406250004
2026-08-05T22:20:00+00:00,22411190-2,RH,CURRENT,%,58.77927824826428
2026-08-05T22:20:00+00:00,22411190-3,Dew Point,CURRENT,°C,20.216961683385808
2026-08-05T22:20:00+00:00,22411191-1,Temperature,CURRENT,°C,29.1051416015625
2026-08-05T22:20:00+00:00,22411191-2,RH,CURRENT,%,58.602273594262606
2026-08-05T22:20:00+00:00,22411191-3,Dew Point,CURRENT,°C,20.1881659220797
2026-08-05T22:20:00+00:00,22411525-1,Temperature,CURRENT,°C,29.062241210937493
2026-08-05T22:20:00+00:00,22411525-2,RH,CURRENT,%,57.61196307316701
2026-08-05T22:20:00+00:00,22411525-3,Dew Point,CURRENT,°C,19.872298546637243
2026-08-05T22:20:00+00:00,22411526-1,Temperature,CURRENT,°C,28.976440429687493
2026-08-05T22:20:00+00:00,22411526-2,RH,CURRENT,%,60.72175173571374
2026-08-05T22:20:00+00:00,22411526-3,Dew Point,CURRENT,°C,20.644110534741092
2026-08-05T22:20:00+00:00,22411527-1,Temperature,CURRENT,°C,29.1051416015625
2026-08-05T22:20:00+00:00,22411527-2,RH,CURRENT,%,57.81948577096208
2026-08-05T22:20:00+00:00,22411527-3,Dew Point,CURRENT,°C,19.97048557798272
2026-08-05T22:20:00+00:00,22411528-1,Temperature,CURRENT,°C,28.4830859375
2026-08-05T22:20:00+00:00,22411528-2,RH,CURRENT,%,62.83054856183718
2026-08-05T22:20:00+00:00,22411528-3,Dew Point,CURRENT,°C,20.73473034364041
2026-08-05T22:20:00+00:00,22411529-1,Temperature,CURRENT,°C,28.22568359375
2026-08-05T22:20:00+00:00,22411529-2,RH,CURRENT,%,67.06492713817045
2026-08-05T22:20:00+00:00,22411529-3,Dew Point,CURRENT,°C,21.555249137921574
2026-08-05T22:20:00+00:00,22411530-1,Temperature,CURRENT,°C,29.083691406250004
2026-08-05T22:20:00+00:00,22411530-2,RH,CURRENT,%,58.226901655603875
2026-08-05T22:20:00+00:00,22411530-3,Dew Point,CURRENT,°C,20.064050720642822
2026-08-05T22:21:00+00:00,22411541-S,Battery,CURRENT,V,8.454775634765625
2026-08-05T22:25:00+00:00,22411189-1,Temperature,CURRENT,°C,28.826289062500003
2026-08-05T22:25:00+00:00,22411189-2,RH,CURRENT,%,62.148470283054856
2026-08-05T22:25:00+00:00,22411189-3,Dew Point,CURRENT,°C,20.880737467161328
2026-08-05T22:25:00+00:00,22411190-1,Temperature,CURRENT,°C,28.869189453124996
2026-08-05T22:25:00+00:00,22411190-2,RH,CURRENT,%,60.32349126420996
2026-08-05T22:25:00+00:00,22411190-3,Dew Point,CURRENT,°C,20.4364691639759
2026-08-05T22:25:00+00:00,22411191-1,Temperature,CURRENT,°C,28.912089843750003
2026-08-05T22:25:00+00:00,22411191-2,RH,CURRENT,%,60.186160067139696
2026-08-05T22:25:00+00:00,22411191-3,Dew Point,CURRENT,°C,20.439747454074784
2026-08-05T22:25:00+00:00,22411525-1,Temperature,CURRENT,°C,28.890639648437492
2026-08-05T22:25:00+00:00,22411525-2,RH,CURRENT,%,59.055466544594495
2026-08-05T22:25:00+00:00,22411525-3,Dew Point,CURRENT,°C,20.112172550207973
2026-08-05T22:25:00+00:00,22411526-1,Temperature,CURRENT,°C,28.976440429687493
2026-08-05T22:25:00+00:00,22411526-2,RH,CURRENT,%,62.76340886549172
2026-08-05T22:25:00+00:00,22411526-3,Dew Point,CURRENT,°C,21.18289643091582
2026-08-05T22:25:00+00:00,22411527-1,Temperature,CURRENT,°C,28.9335400390625
2026-08-05T22:25:00+00:00,22411527-2,RH,CURRENT,%,59.343862058442056
2026-08-05T22:25:00+00:00,22411527-3,Dew Point,CURRENT,°C,20.231271626792388
2026-08-05T22:25:00+00:00,22411528-1,Temperature,CURRENT,°C,28.290034179687503
2026-08-05T22:25:00+00:00,22411528-2,RH,CURRENT,%,64.62043183031967
2026-08-05T22:25:00+00:00,22411528-3,Dew Point,CURRENT,°C,21.009682547893796
2026-08-05T22:25:00+00:00,22411529-1,Temperature,CURRENT,°C,27.796679687499996
2026-08-05T22:25:00+00:00,22411529-2,RH,CURRENT,%,69.30037384603646
2026-08-05T22:25:00+00:00,22411529-3,Dew Point,CURRENT,°C,21.683234937706665
2026-08-05T22:25:00+00:00,22411530-1,Temperature,CURRENT,°C,28.890639648437492
2026-08-05T22:25:00+00:00,22411530-2,RH,CURRENT,%,60.021362630655375
2026-08-05T22:25:00+00:00,22411530-3,Dew Point,CURRENT,°C,20.375119964458047
2026-08-05T22:26:00+00:00,22411541-S,Battery,CURRENT,V,8.448314208984375
2026-08-05T22:30:00+00:00,22411189-1,Temperature,CURRENT,°C,29.598496093749993
2026-08-05T22:30:00+00:00,22411189-2,RH,CURRENT,%,60.025940337224384
2026-08-05T22:30:00+00:00,22411189-3,Dew Point,CURRENT,°C,21.040513650957344
2026-08-05T22:30:00+00:00,22411190-1,Temperature,CURRENT,°C,29.555595703125
2026-08-05T22:30:00+00:00,22411190-2,RH,CURRENT,%,58.939497978179595
2026-08-05T22:30:00+00:00,22411190-3,Dew Point,CURRENT,°C,20.702825401765505
2026-08-05T22:30:00+00:00,22411191-1,Temperature,CURRENT,°C,29.469794921875
2026-08-05T22:30:00+00:00,22411191-2,RH,CURRENT,%,58.852521553368426
2026-08-05T22:30:00+00:00,22411191-3,Dew Point,CURRENT,°C,20.598508177903806
2026-08-05T22:30:00+00:00,22411525-1,Temperature,CURRENT,°C,29.362543945312503
2026-08-05T22:30:00+00:00,22411525-2,RH,CURRENT,%,57.717250324254216
2026-08-05T22:30:00+00:00,22411525-3,Dew Point,CURRENT,°C,20.18218953807081
2026-08-05T22:30:00+00:00,22411526-1,Temperature,CURRENT,°C,29.383994140625
2026-08-05T22:30:00+00:00,22411526-2,RH,CURRENT,%,60.866712443732354
2026-08-05T22:30:00+00:00,22411526-3,Dew Point,CURRENT,°C,21.065952680050042
2026-08-05T22:30:00+00:00,22411527-1,Temperature,CURRENT,°C,29.383994140625
2026-08-05T22:30:00+00:00,22411527-2,RH,CURRENT,%,58.14908064393072
2026-08-05T22:30:00+00:00,22411527-3,Dew Point,CURRENT,°C,20.323046744116805
2026-08-05T22:30:00+00:00,22411528-1,Temperature,CURRENT,°C,28.976440429687493
2026-08-05T22:30:00+00:00,22411528-2,RH,CURRENT,%,63.279163805600064
2026-08-05T22:30:00+00:00,22411528-3,Dew Point,CURRENT,°C,21.31657634470678
2026-08-05T22:30:00+00:00,22411529-1,Temperature,CURRENT,°C,28.247133789062495
2026-08-05T22:30:00+00:00,22411529-2,RH,CURRENT,%,69.19966430151827
2026-08-05T22:30:00+00:00,22411529-3,Dew Point,CURRENT,°C,22.089810127394202
2026-08-05T22:30:00+00:00,22411530-1,Temperature,CURRENT,°C,29.469794921875
2026-08-05T22:30:00+00:00,22411530-2,RH,CURRENT,%,58.63736934462501
2026-08-05T22:30:00+00:00,22411530-3,Dew Point,CURRENT,°C,20.538997322013223
2026-08-05T22:31:00+00:00,22411541-S,Battery,CURRENT,V,8.454775634765625
2026-08-05T22:35:00+00:00,22411189-1,Temperature,CURRENT,°C,30.284902343749998
2026-08-05T22:35:00+00:00,22411189-2,RH,CURRENT,%,58.477149614709695
2026-08-05T22:35:00+00:00,22411189-3,Dew Point,CURRENT,°C,21.256709679767827
2026-08-05T22:35:00+00:00,22411190-1,Temperature,CURRENT,°C,30.113300781249997
2026-08-05T22:35:00+00:00,22411190-2,RH,CURRENT,%,57.515831235217824
2026-08-05T22:35:00+00:00,22411190-3,Dew Point,CURRENT,°C,20.82611350418871
2026-08-05T22:35:00+00:00,22411191-1,Temperature,CURRENT,°C,29.87734863281249
2026-08-05T22:35:00+00:00,22411191-2,RH,CURRENT,%,58.478675516899365
2026-08-05T22:35:00+00:00,22411191-3,Dew Point,CURRENT,°C,20.87607782166237
2026-08-05T22:35:00+00:00,22411525-1,Temperature,CURRENT,°C,29.748647460937498
2026-08-05T22:35:00+00:00,22411525-2,RH,CURRENT,%,57.66689555199512
2026-08-05T22:35:00+00:00,22411525-3,Dew Point,CURRENT,°C,20.52846675749592
2026-08-05T22:35:00+00:00,22411526-1,Temperature,CURRENT,°C,30.0060498046875
2026-08-05T22:35:00+00:00,22411526-2,RH,CURRENT,%,59.44762340733959
2026-08-05T22:35:00+00:00,22411526-3,Dew Point,CURRENT,°C,21.264602782045095
2026-08-05T22:35:00+00:00,22411527-1,Temperature,CURRENT,°C,29.770097656249995
2026-08-05T22:35:00+00:00,22411527-2,RH,CURRENT,%,57.95529106584268
2026-08-05T22:35:00+00:00,22411527-3,Dew Point,CURRENT,°C,20.629560059049663
2026-08-05T22:35:00+00:00,22411528-1,Temperature,CURRENT,°C,29.619946289062504
2026-08-05T22:35:00+00:00,22411528-2,RH,CURRENT,%,61.9302662699321
2026-08-05T22:35:00+00:00,22411528-3,Dew Point,CURRENT,°C,21.57106244625256
2026-08-05T22:35:00+00:00,22411529-1,Temperature,CURRENT,°C,28.912089843750003
2026-08-05T22:35:00+00:00,22411529-2,RH,CURRENT,%,67.82177462424659
2026-08-05T22:35:00+00:00,22411529-3,Dew Point,CURRENT,°C,22.39324838731895
2026-08-05T22:35:00+00:00,22411530-1,Temperature,CURRENT,°C,29.9202490234375
2026-08-05T22:35:00+00:00,22411530-2,RH,CURRENT,%,57.87441824979019
2026-08-05T22:35:00+00:00,22411530-3,Dew Point,CURRENT,°C,20.74707615915985
2026-08-05T22:36:00+00:00,22411541-S,Battery,CURRENT,V,8.448314208984375
2026-08-05T22:40:00+00:00,22411189-1,Temperature,CURRENT,°C,30.5423046875
2026-08-05T22:40:00+00:00,22411189-2,RH,CURRENT,%,59.563591973754484
2026-08-05T22:40:00+00:00,22411189-3,Dew Point,CURRENT,°C,21.798976738282988
2026-08-05T22:40:00+00:00,22411190-1,Temperature,CURRENT,°C,30.349252929687502
2026-08-05T22:40:00+00:00,22411190-2,RH,CURRENT,%,58.641947051194016
2026-08-05T22:40:00+00:00,22411190-3,Dew Point,CURRENT,°C,21.362873494314986
2026-08-05T22:40:00+00:00,22411191-1,Temperature,CURRENT,°C,30.0060498046875
2026-08-05T22:40:00+00:00,22411191-2,RH,CURRENT,%,59.25535973144122
2026-08-05T22:40:00+00:00,22411191-3,Dew Point,CURRENT,°C,21.211693150654273
2026-08-05T22:40:00+00:00,22411525-1,Temperature,CURRENT,°C,29.8344482421875
2026-08-05T22:40:00+00:00,22411525-2,RH,CURRENT,%,58.20706492713817
2026-08-05T22:40:00+00:00,22411525-3,Dew Point,CURRENT,°C,20.760184781880184
2026-08-05T22:40:00+00:00,22411526-1,Temperature,CURRENT,°C,30.45650390625
2026-08-05T22:40:00+00:00,22411526-2,RH,CURRENT,%,60.401312275883114
2026-08-05T22:40:00+00:00,22411526-3,Dew Point,CURRENT,°C,21.947738814817736
2026-08-05T22:40:00+00:00,22411527-1,Temperature,CURRENT,°C,29.8344482421875
2026-08-05T22:40:00+00:00,22411527-2,RH,CURRENT,%,58.79453727016098
2026-08-05T22:40:00+00:00,22411527-3,Dew Point,CURRENT,°C,20.923703668605558
2026-08-05T22:40:00+00:00,22411528-1,Temperature,CURRENT,°C,30.0918505859375
2026-08-05T22:40:00+00:00,22411528-2,RH,CURRENT,%,63.12352178225376
2026-08-05T22:40:00+00:00,22411528-3,Dew Point,CURRENT,°C,22.329479606535468
2026-08-05T22:40:00+00:00,22411529-1,Temperature,CURRENT,°C,29.619946289062504
2026-08-05T22:40:00+00:00,22411529-2,RH,CURRENT,%,68.02624551766232
2026-08-05T22:40:00+00:00,22411529-3,Dew Point,CURRENT,°C,23.11760508743443
2026-08-05T22:40:00+00:00,22411530-1,Temperature,CURRENT,°C,30.048950195312493
2026-08-05T22:40:00+00:00,22411530-2,RH,CURRENT,%,58.69687953002212
2026-08-05T22:40:00+00:00,22411530-3,Dew Point,CURRENT,°C,21.097278707834437
2026-08-05T22:41:00+00:00,22411541-S,Battery,CURRENT,V,8.44508349609375
2026-08-05T22:45:00+00:00,22411189-1,Temperature,CURRENT,°C,29.126591796874997
2026-08-05T22:45:00+00:00,22411189-2,RH,CURRENT,%,61.138323033493556
2026-08-05T22:45:00+00:00,22411189-3,Dew Point,CURRENT,°C,20.89652875331537
2026-08-05T22:45:00+00:00,22411190-1,Temperature,CURRENT,°C,29.1051416015625
2026-08-05T22:45:00+00:00,22411190-2,RH,CURRENT,%,59.83367666132601
2026-08-05T22:45:00+00:00,22411190-3,Dew Point,CURRENT,°C,20.525507259770293
2026-08-05T22:45:00+00:00,22411191-1,Temperature,CURRENT,°C,28.954990234374996
2026-08-05T22:45:00+00:00,22411191-2,RH,CURRENT,%,60.63782711528191
2026-08-05T22:45:00+00:00,22411191-3,Dew Point,CURRENT,°C,20.60147312634949
2026-08-05T22:45:00+00:00,22411525-1,Temperature,CURRENT,°C,28.890639648437492
2026-08-05T22:45:00+00:00,22411525-2,RH,CURRENT,%,59.91607537956817
2026-08-05T22:45:00+00:00,22411525-3,Dew Point,CURRENT,°C,20.346637854968296
2026-08-05T22:45:00+00:00,22411526-1,Temperature,CURRENT,°C,29.25529296874999
2026-08-05T22:45:00+00:00,22411526-2,RH,CURRENT,%,60.91706721599145
2026-08-05T22:45:00+00:00,22411526-3,Dew Point,CURRENT,°C,20.95846423673127
2026-08-05T22:45:00+00:00,22411527-1,Temperature,CURRENT,°C,28.912089843750003
2026-08-05T22:45:00+00:00,22411527-2,RH,CURRENT,%,60.193789578088044
2026-08-05T22:45:00+00:00,22411527-3,Dew Point,CURRENT,°C,20.44180506115225
2026-08-05T22:45:00+00:00,22411528-1,Temperature,CURRENT,°C,28.869189453124996
2026-08-05T22:45:00+00:00,22411528-2,RH,CURRENT,%,62.992294193942165
2026-08-05T22:45:00+00:00,22411528-3,Dew Point,CURRENT,°C,21.141089076616968
2026-08-05T22:45:00+00:00,22411529-1,Temperature,CURRENT,°C,28.976440429687493
2026-08-05T22:45:00+00:00,22411529-2,RH,CURRENT,%,65.76638437476157
2026-08-05T22:45:00+00:00,22411529-3,Dew Point,CURRENT,°C,21.94817991994804
2026-08-05T22:45:00+00:00,22411530-1,Temperature,CURRENT,°C,28.976440429687493
2026-08-05T22:45:00+00:00,22411530-2,RH,CURRENT,%,60.09308003356985
2026-08-05T22:45:00+00:00,22411530-3,Dew Point,CURRENT,°C,20.475016986972754
2026-08-05T22:46:00+00:00,22411541-S,Battery,CURRENT,V,8.432160644531251
2026-08-05T22:50:00+00:00,22411189-1,Temperature,CURRENT,°C,28.4830859375
2026-08-05T22:50:00+00:00,22411189-2,RH,CURRENT,%,63.88952468146792
2026-08-05T22:50:00+00:00,22411189-3,Dew Point,CURRENT,°C,21.006948136961853
2026-08-05T22:50:00+00:00,22411190-1,Temperature,CURRENT,°C,28.525986328124993
2026-08-05T22:50:00+00:00,22411190-2,RH,CURRENT,%,62.46128023193713
2026-08-05T22:50:00+00:00,22411190-3,Dew Point,CURRENT,°C,20.679324505421313
2026-08-05T22:50:00+00:00,22411191-1,Temperature,CURRENT,°C,28.504536132812497
2026-08-05T22:50:00+00:00,22411191-2,RH,CURRENT,%,62.62607766842145
2026-08-05T22:50:00+00:00,22411191-3,Dew Point,CURRENT,°C,20.701945362564107
2026-08-05T22:50:00+00:00,22411525-1,Temperature,CURRENT,°C,28.4830859375
2026-08-05T22:50:00+00:00,22411525-2,RH,CURRENT,%,61.58083466849775
2026-08-05T22:50:00+00:00,22411525-3,Dew Point,CURRENT,°C,20.40827440816664
2026-08-05T22:50:00+00:00,22411526-1,Temperature,CURRENT,°C,28.4830859375
2026-08-05T22:50:00+00:00,22411526-2,RH,CURRENT,%,63.96124208438239
2026-08-05T22:50:00+00:00,22411526-3,Dew Point,CURRENT,°C,21.025240711487815
2026-08-05T22:50:00+00:00,22411527-1,Temperature,CURRENT,°C,28.504536132812497
2026-08-05T22:50:00+00:00,22411527-2,RH,CURRENT,%,61.901274128328375
2026-08-05T22:50:00+00:00,22411527-3,Dew Point,CURRENT,°C,20.51273689188486
2026-08-05T22:50:00+00:00,22411528-1,Temperature,CURRENT,°C,28.161333007812495
2026-08-05T22:50:00+00:00,22411528-2,RH,CURRENT,%,65.8350499732967
2026-08-05T22:50:00+00:00,22411528-3,Dew Point,CURRENT,°C,21.1914562550186
2026-08-05T22:50:00+00:00,22411529-1,Temperature,CURRENT,°C,28.18278320312499
2026-08-05T22:50:00+00:00,22411529-2,RH,CURRENT,%,69.25001907377737
2026-08-05T22:50:00+00:00,22411529-3,Dew Point,CURRENT,°C,22.040279409694215
2026-08-05T22:50:00+00:00,22411530-1,Temperature,CURRENT,°C,28.504536132812497
2026-08-05T22:50:00+00:00,22411530-2,RH,CURRENT,%,62.273594262607766
2026-08-05T22:50:00+00:00,22411530-3,Dew Point,CURRENT,°C,20.610170763738267
2026-08-05T22:51:00+00:00,22411541-S,Battery,CURRENT,V,8.428929931640626
2026-08-05T22:55:00+00:00,22411189-1,Temperature,CURRENT,°C,28.139882812499998
2026-08-05T22:55:00+00:00,22411189-2,RH,CURRENT,%,64.84931715877012
2026-08-05T22:55:00+00:00,22411189-3,Dew Point,CURRENT,°C,20.92505036963354
2026-08-05T22:55:00+00:00,22411190-1,Temperature,CURRENT,°C,28.22568359375
2026-08-05T22:55:00+00:00,22411190-2,RH,CURRENT,%,63.150988021667814
2026-08-05T22:55:00+00:00,22411190-3,Dew Point,CURRENT,°C,20.574413007515542
2026-08-05T22:55:00+00:00,22411191-1,Temperature,CURRENT,°C,28.26858398437499
2026-08-05T22:55:00+00:00,22411191-2,RH,CURRENT,%,63.521782253757536
2026-08-05T22:55:00+00:00,22411191-3,Dew Point,CURRENT,°C,20.71012770646205
2026-08-05T22:55:00+00:00,22411525-1,Temperature,CURRENT,°C,28.26858398437499
2026-08-05T22:55:00+00:00,22411525-2,RH,CURRENT,%,62.702372777904934
2026-08-05T22:55:00+00:00,22411525-3,Dew Point,CURRENT,°C,20.49910191075961
2026-08-05T22:55:00+00:00,22411526-1,Temperature,CURRENT,°C,28.0326318359375
2026-08-05T22:55:00+00:00,22411526-2,RH,CURRENT,%,64.84473945220111
2026-08-05T22:55:00+00:00,22411526-3,Dew Point,CURRENT,°C,20.82226069938519
2026-08-05T22:55:00+00:00,22411527-1,Temperature,CURRENT,°C,28.311484375
2026-08-05T22:55:00+00:00,22411527-2,RH,CURRENT,%,62.59708552681773
2026-08-05T22:55:00+00:00,22411527-3,Dew Point,CURRENT,°C,20.51228620236934
2026-08-05T22:55:00+00:00,22411528-1,Temperature,CURRENT,°C,27.7752294921875
2026-08-05T22:55:00+00:00,22411528-2,RH,CURRENT,%,66.9871061264973
2026-08-05T22:55:00+00:00,22411528-3,Dew Point,CURRENT,°C,21.10759420319492
2026-08-05T22:55:00+00:00,22411529-1,Temperature,CURRENT,°C,27.517827148437497
2026-08-05T22:55:00+00:00,22411529-2,RH,CURRENT,%,70.94682230869002
2026-08-05T22:55:00+00:00,22411529-3,Dew Point,CURRENT,°C,21.801331591064585
2026-08-05T22:55:00+00:00,22411530-1,Temperature,CURRENT,°C,28.26858398437499
2026-08-05T22:55:00+00:00,22411530-2,RH,CURRENT,%,63.03654535744259
2026-08-05T22:55:00+00:00,22411530-3,Dew Point,CURRENT,°C,20.585452134018915
2026-08-05T22:56:00+00:00,22411541-S,Battery,CURRENT,V,8.432160644531251
2026-08-05T23:00:00+00:00,22411189-1,Temperature,CURRENT,°C,27.903930664062493
2026-08-05T23:00:00+00:00,22411189-2,RH,CURRENT,%,64.17334248874647
2026-08-05T23:00:00+00:00,22411189-3,Dew Point,CURRENT,°C,20.531113512401152
2026-08-05T23:00:00+00:00,22411190-1,Temperature,CURRENT,°C,28.011181640625004
2026-08-05T23:00:00+00:00,22411190-2,RH,CURRENT,%,62.59708552681773
2026-08-05T23:00:00+00:00,22411190-3,Dew Point,CURRENT,°C,20.228960960666303
2026-08-05T23:00:00+00:00,22411191-1,Temperature,CURRENT,°C,28.139882812499998
2026-08-05T23:00:00+00:00,22411191-2,RH,CURRENT,%,62.66575112535286
2026-08-05T23:00:00+00:00,22411191-3,Dew Point,CURRENT,°C,20.36817374075694
2026-08-05T23:00:00+00:00,22411525-1,Temperature,CURRENT,°C,28.139882812499998
2026-08-05T23:00:00+00:00,22411525-2,RH,CURRENT,%,61.70443274586099
2026-08-05T23:00:00+00:00,22411525-3,Dew Point,CURRENT,°C,20.11761282495923
2026-08-05T23:00:00+00:00,22411526-1,Temperature,CURRENT,°C,27.73232910156249
2026-08-05T23:00:00+00:00,22411526-2,RH,CURRENT,%,64.30914778362707
2026-08-05T23:00:00+00:00,22411526-3,Dew Point,CURRENT,°C,20.402995284028155
2026-08-05T23:00:00+00:00,22411527-1,Temperature,CURRENT,°C,28.18278320312499
2026-08-05T23:00:00+00:00,22411527-2,RH,CURRENT,%,61.87533379110399
2026-08-05T23:00:00+00:00,22411527-3,Dew Point,CURRENT,°C,20.20282136638084
2026-08-05T23:00:00+00:00,22411528-1,Temperature,CURRENT,°C,27.539277343749994
2026-08-05T23:00:00+00:00,22411528-2,RH,CURRENT,%,65.70077058060578
2026-08-05T23:00:00+00:00,22411528-3,Dew Point,CURRENT,°C,20.567613028118036
2026-08-05T23:00:00+00:00,22411529-1,Temperature,CURRENT,°C,27.11027343749999
2026-08-05T23:00:00+00:00,22411529-2,RH,CURRENT,%,69.65590905622949
2026-08-05T23:00:00+00:00,22411529-3,Dew Point,CURRENT,°C,21.110660565836156
2026-08-05T23:00:00+00:00,22411530-1,Temperature,CURRENT,°C,28.075532226562494
2026-08-05T23:00:00+00:00,22411530-2,RH,CURRENT,%,62.20492866407263
2026-08-05T23:00:00+00:00,22411530-3,Dew Point,CURRENT,°C,20.18782077667949
2026-08-05T23:01:00+00:00,22411541-S,Battery,CURRENT,V,8.422468505859376
2026-08-05T23:05:00+00:00,22411189-1,Temperature,CURRENT,°C,27.9468310546875
2026-08-05T23:05:00+00:00,22411189-2,RH,CURRENT,%,64.31067368581674
2026-08-05T23:05:00+00:00,22411189-3,Dew Point,CURRENT,°C,20.606458163960376
2026-08-05T23:05:00+00:00,22411190-1,Temperature,CURRENT,°C,28.075532226562494
2026-08-05T23:05:00+00:00,22411190-2,RH,CURRENT,%,62.47043564507515
2026-08-05T23:05:00+00:00,22411190-3,Dew Point,CURRENT,°C,20.256841660502147
2026-08-05T23:05:00+00:00,22411191-1,Temperature,CURRENT,°C,28.22568359375
2026-08-05T23:05:00+00:00,22411191-2,RH,CURRENT,%,62.153047989623865
2026-08-05T23:05:00+00:00,22411191-3,Dew Point,CURRENT,°C,20.315840112895195
2026-08-05T23:05:00+00:00,22411525-1,Temperature,CURRENT,°C,28.22568359375
2026-08-05T23:05:00+00:00,22411525-2,RH,CURRENT,%,61.20241092545968
2026-08-05T23:05:00+00:00,22411525-3,Dew Point,CURRENT,°C,20.06612555709429
2026-08-05T23:05:00+00:00,22411526-1,Temperature,CURRENT,°C,27.710878906249995
2026-08-05T23:05:00+00:00,22411526-2,RH,CURRENT,%,65.29030289158464
2026-08-05T23:05:00+00:00,22411526-3,Dew Point,CURRENT,°C,20.628599694284098
2026-08-05T23:05:00+00:00,22411527-1,Temperature,CURRENT,°C,28.26858398437499
2026-08-05T23:05:00+00:00,22411527-2,RH,CURRENT,%,61.29243915465019
2026-08-05T23:05:00+00:00,22411527-3,Dew Point,CURRENT,°C,20.130286373740866
2026-08-05T23:05:00+00:00,22411528-1,Temperature,CURRENT,°C,27.496376953125
2026-08-05T23:05:00+00:00,22411528-2,RH,CURRENT,%,67.28465705348287
2026-08-05T23:05:00+00:00,22411528-3,Dew Point,CURRENT,°C,20.914411841597705
2026-08-05T23:05:00+00:00,22411529-1,Temperature,CURRENT,°C,26.8743212890625
2026-08-05T23:05:00+00:00,22411529-2,RH,CURRENT,%,73.08461127641718
2026-08-05T23:05:00+00:00,22411529-3,Dew Point,CURRENT,°C,21.67002847276748
2026-08-05T23:05:00+00:00,22411530-1,Temperature,CURRENT,°C,28.161333007812495
2026-08-05T23:05:00+00:00,22411530-2,RH,CURRENT,%,61.78835736629282
2026-08-05T23:05:00+00:00,22411530-3,Dew Point,CURRENT,°C,20.159827178160217
2026-08-05T23:06:00+00:00,22411541-S,Battery,CURRENT,V,8.4127763671875
2026-08-05T23:10:00+00:00,22411189-1,Temperature,CURRENT,°C,27.925380859375004
2026-08-05T23:10:00+00:00,22411189-2,RH,CURRENT,%,65.16060120546273
2026-08-05T23:10:00+00:00,22411189-3,Dew Point,CURRENT,°C,20.79969241258126
2026-08-05T23:10:00+00:00,22411190-1,Temperature,CURRENT,°C,28.054082031249997
2026-08-05T23:10:00+00:00,22411190-2,RH,CURRENT,%,63.152513923857484
2026-08-05T23:10:00+00:00,22411190-3,Dew Point,CURRENT,°C,20.412724765036778
2026-08-05T23:10:00+00:00,22411191-1,Temperature,CURRENT,°C,28.161333007812495
2026-08-05T23:10:00+00:00,22411191-2,RH,CURRENT,%,63.34477759975586
2026-08-05T23:10:00+00:00,22411191-3,Dew Point,CURRENT,°C,20.56340768618463
2026-08-05T23:10:00+00:00,22411525-1,Temperature,CURRENT,°C,28.161333007812495
2026-08-05T23:10:00+00:00,22411525-2,RH,CURRENT,%,62.04776073853666
2026-08-05T23:10:00+00:00,22411525-3,Dew Point,CURRENT,°C,20.22770334044077
2026-08-05T23:10:00+00:00,22411526-1,Temperature,CURRENT,°C,27.667978515625002
2026-08-05T23:10:00+00:00,22411526-2,RH,CURRENT,%,65.40932326237888
2026-08-05T23:10:00+00:00,22411526-3,Dew Point,CURRENT,°C,20.617506894484688
2026-08-05T23:10:00+00:00,22411527-1,Temperature,CURRENT,°C,28.22568359375
2026-08-05T23:10:00+00:00,22411527-2,RH,CURRENT,%,62.1713588158999
2026-08-05T23:10:00+00:00,22411527-3,Dew Point,CURRENT,°C,20.320617154307648
2026-08-05T23:10:00+00:00,22411528-1,Temperature,CURRENT,°C,27.474926757812504
2026-08-05T23:10:00+00:00,22411528-2,RH,CURRENT,%,67.44029907682918
2026-08-05T23:10:00+00:00,22411528-3,Dew Point,CURRENT,°C,20.931629841185437
2026-08-05T23:10:00+00:00,22411529-1,Temperature,CURRENT,°C,26.745620117187492
2026-08-05T23:10:00+00:00,22411529-2,RH,CURRENT,%,72.97016861219196
2026-08-05T23:10:00+00:00,22411529-3,Dew Point,CURRENT,°C,21.52052401389143
2026-08-05T23:10:00+00:00,22411530-1,Temperature,CURRENT,°C,28.096982421875005
2026-08-05T23:10:00+00:00,22411530-2,RH,CURRENT,%,62.91752498664835
2026-08-05T23:10:00+00:00,22411530-3,Dew Point,CURRENT,°C,20.39273987995831
2026-08-05T23:11:00+00:00,22411541-S,Battery,CURRENT,V,8.4127763671875
2026-08-05T23:15:00+00:00,22411189-1,Temperature,CURRENT,°C,27.882480468749996
2026-08-05T23:15:00+00:00,22411189-2,RH,CURRENT,%,64.39612420843824
2026-08-05T23:15:00+00:00,22411189-3,Dew Point,CURRENT,°C,20.567109338228736
2026-08-05T23:15:00+00:00,22411190-1,Temperature,CURRENT,°C,28.011181640625004
2026-08-05T23:15:00+00:00,22411190-2,RH,CURRENT,%,62.46585793850614
2026-08-05T23:15:00+00:00,22411190-3,Dew Point,CURRENT,°C,20.194955685377913
2026-08-05T23:15:00+00:00,22411191-1,Temperature,CURRENT,°C,28.204233398437502
2026-08-05T23:15:00+00:00,22411191-2,RH,CURRENT,%,62.18509193560693
2026-08-05T23:15:00+00:00,22411191-3,Dew Point,CURRENT,°C,20.303978647316395
2026-08-05T23:15:00+00:00,22411525-1,Temperature,CURRENT,°C,28.22568359375
2026-08-05T23:15:00+00:00,22411525-2,RH,CURRENT,%,60.80262455176623
2026-08-05T23:15:00+00:00,22411525-3,Dew Point,CURRENT,°C,19.960094895694887
2026-08-05T23:15:00+00:00,22411526-1,Temperature,CURRENT,°C,27.603627929687498
2026-08-05T23:15:00+00:00,22411526-2,RH,CURRENT,%,64.96833752956435
2026-08-05T23:15:00+00:00,22411526-3,Dew Point,CURRENT,°C,20.446589061405227
2026-08-05T23:15:00+00:00,22411527-1,Temperature,CURRENT,°C,28.290034179687503
2026-08-05T23:15:00+00:00,22411527-2,RH,CURRENT,%,60.9948882276646
2026-08-05T23:15:00+00:00,22411527-3,Dew Point,CURRENT,°C,20.071676330160027
2026-08-05T23:15:00+00:00,22411528-1,Temperature,CURRENT,°C,27.410576171875
2026-08-05T23:15:00+00:00,22411528-2,RH,CURRENT,%,66.91996643015183
2026-08-05T23:15:00+00:00,22411528-3,Dew Point,CURRENT,°C,20.74425075400236
2026-08-05T23:15:00+00:00,22411529-1,Temperature,CURRENT,°C,26.65981933593749
2026-08-05T23:15:00+00:00,22411529-2,RH,CURRENT,%,72.47730220492866
2026-08-05T23:15:00+00:00,22411529-3,Dew Point,CURRENT,°C,21.327154923724223
2026-08-05T23:15:00+00:00,22411530-1,Temperature,CURRENT,°C,28.139882812499998
2026-08-05T23:15:00+00:00,22411530-2,RH,CURRENT,%,61.83413443198291
2026-08-05T23:15:00+00:00,22411530-3,Dew Point,CURRENT,°C,20.151617007705347
2026-08-05T23:16:00+00:00,22411541-S,Battery,CURRENT,V,8.403084228515626
2026-08-05T23:20:00+00:00,22411189-1,Temperature,CURRENT,°C,27.839580078125003
2026-08-05T23:20:00+00:00,22411189-2,RH,CURRENT,%,65.07972838941023
2026-08-05T23:20:00+00:00,22411189-3,Dew Point,CURRENT,°C,20.69812649119992
2026-08-05T23:20:00+00:00,22411190-1,Temperature,CURRENT,°C,27.968281249999997
2026-08-05T23:20:00+00:00,22411190-2,RH,CURRENT,%,63.00907911802854
2026-08-05T23:20:00+00:00,22411190-3,Dew Point,CURRENT,°C,20.294808222615764
2026-08-05T23:20:00+00:00,22411191-1,Temperature,CURRENT,°C,28.139882812499998
2026-08-05T23:20:00+00:00,22411191-2,RH,CURRENT,%,62.99992370489051
2026-08-05T23:20:00+00:00,22411191-3,Dew Point,CURRENT,°C,20.454486692869487
2026-08-05T23:20:00+00:00,22411525-1,Temperature,CURRENT,°C,28.139882812499998
2026-08-05T23:20:00+00:00,22411525-2,RH,CURRENT,%,61.9150072480354
2026-08-05T23:20:00+00:00,22411525-3,Dew Point,CURRENT,°C,20.17278806196379
2026-08-05T23:20:00+00:00,22411526-1,Temperature,CURRENT,°C,27.582177734375
2026-08-05T23:20:00+00:00,22411526-2,RH,CURRENT,%,65.94491493095292
2026-08-05T23:20:00+00:00,22411526-3,Dew Point,CURRENT,°C,20.668641481689676
2026-08-05T23:20:00+00:00,22411527-1,Temperature,CURRENT,°C,28.204233398437502
2026-08-05T23:20:00+00:00,22411527-2,RH,CURRENT,%,62.0157167925536
2026-08-05T23:20:00+00:00,22411527-3,Dew Point,CURRENT,°C,20.2597594795188
2026-08-05T23:20:00+00:00,22411528-1,Temperature,CURRENT,°C,27.389125976562504
2026-08-05T23:20:00+00:00,22411528-2,RH,CURRENT,%,67.6600289921416
2026-08-05T23:20:00+00:00,22411528-3,Dew Point,CURRENT,°C,20.902885388481053
2026-08-05T23:20:00+00:00,22411529-1,Temperature,CURRENT,°C,26.57401855468749
2026-08-05T23:20:00+00:00,22411529-2,RH,CURRENT,%,73.12123292896925
2026-08-05T23:20:00+00:00,22411529-3,Dew Point,CURRENT,°C,21.389232637865682
2026-08-05T23:20:00+00:00,22411530-1,Temperature,CURRENT,°C,28.075532226562494
2026-08-05T23:20:00+00:00,22411530-2,RH,CURRENT,%,62.6840619516289
2026-08-05T23:20:00+00:00,22411530-3,Dew Point,CURRENT,°C,20.312189751454987
2026-08-05T23:21:00+00:00,22411541-S,Battery,CURRENT,V,8.403084228515626
2026-08-05T23:25:00+00:00,22411189-1,Temperature,CURRENT,°C,27.64652832031249
2026-08-05T23:25:00+00:00,22411189-2,RH,CURRENT,%,66.30502784771497
2026-08-05T23:25:00+00:00,22411189-3,Dew Point,CURRENT,°C,20.81839119260125
2026-08-05T23:25:00+00:00,22411190-1,Temperature,CURRENT,°C,27.796679687499996
2026-08-05T23:25:00+00:00,22411190-2,RH,CURRENT,%,64.01312275883116
2026-08-05T23:25:00+00:00,22411190-3,Dew Point,CURRENT,°C,20.389033705405573
2026-08-05T23:25:00+00:00,22411191-1,Temperature,CURRENT,°C,27.968281249999997
2026-08-05T23:25:00+00:00,22411191-2,RH,CURRENT,%,63.76134889753567
2026-08-05T23:25:00+00:00,22411191-3,Dew Point,CURRENT,°C,20.48738921795275
2026-08-05T23:25:00+00:00,22411525-1,Temperature,CURRENT,°C,27.989731445312493
2026-08-05T23:25:00+00:00,22411525-2,RH,CURRENT,%,62.786297398336764
2026-08-05T23:25:00+00:00,22411525-3,Dew Point,CURRENT,°C,20.25763634165422
2026-08-05T23:25:00+00:00,22411526-1,Temperature,CURRENT,°C,27.432026367187497
2026-08-05T23:25:00+00:00,22411526-2,RH,CURRENT,%,66.62546730754559
2026-08-05T23:25:00+00:00,22411526-3,Dew Point,CURRENT,°C,20.692908490533323
2026-08-05T23:25:00+00:00,22411527-1,Temperature,CURRENT,°C,28.054082031249997
2026-08-05T23:25:00+00:00,22411527-2,RH,CURRENT,%,62.87632562752727
2026-08-05T23:25:00+00:00,22411527-3,Dew Point,CURRENT,°C,20.341612932549342
2026-08-05T23:25:00+00:00,22411528-1,Temperature,CURRENT,°C,27.238974609375
2026-08-05T23:25:00+00:00,22411528-2,RH,CURRENT,%,68.36499580376898
2026-08-05T23:25:00+00:00,22411528-3,Dew Point,CURRENT,°C,20.928588107009894
2026-08-05T23:25:00+00:00,22411529-1,Temperature,CURRENT,°C,26.488217773437505
2026-08-05T23:25:00+00:00,22411529-2,RH,CURRENT,%,74.46860456244755
2026-08-05T23:25:00+00:00,22411529-3,Dew Point,CURRENT,°C,21.60538259781387
2026-08-05T23:25:00+00:00,22411530-1,Temperature,CURRENT,°C,27.882480468749996
2026-08-05T23:25:00+00:00,22411530-2,RH,CURRENT,%,63.480582894636456
2026-08-05T23:25:00+00:00,22411530-3,Dew Point,CURRENT,°C,20.334649607372185
2026-08-05T23:26:00+00:00,22411541-S,Battery,CURRENT,V,8.390161376953126
2026-08-05T23:30:00+00:00,22411189-1,Temperature,CURRENT,°C,27.517827148437497
2026-08-05T23:30:00+00:00,22411189-2,RH,CURRENT,%,66.81467917906463
2026-08-05T23:30:00+00:00,22411189-3,Dew Point,CURRENT,°C,20.820669642270524
2026-08-05T23:30:00+00:00,22411190-1,Temperature,CURRENT,°C,27.667978515625002
2026-08-05T23:30:00+00:00,22411190-2,RH,CURRENT,%,64.40070191500725
2026-08-05T23:30:00+00:00,22411190-3,Dew Point,CURRENT,°C,20.36514804625572
2026-08-05T23:30:00+00:00,22411191-1,Temperature,CURRENT,°C,27.882480468749996
2026-08-05T23:30:00+00:00,22411191-2,RH,CURRENT,%,64.15503166247044
2026-08-05T23:30:00+00:00,22411191-3,Dew Point,CURRENT,°C,20.506176597508524
2026-08-05T23:30:00+00:00,22411525-1,Temperature,CURRENT,°C,27.903930664062493
2026-08-05T23:30:00+00:00,22411525-2,RH,CURRENT,%,62.8900587472343
2026-08-05T23:30:00+00:00,22411525-3,Dew Point,CURRENT,°C,20.203403807961255
2026-08-05T23:30:00+00:00,22411526-1,Temperature,CURRENT,°C,27.238974609375
2026-08-05T23:30:00+00:00,22411526-2,RH,CURRENT,%,67.55016403448539
2026-08-05T23:30:00+00:00,22411526-3,Dew Point,CURRENT,°C,20.733362383443318
2026-08-05T23:30:00+00:00,22411527-1,Temperature,CURRENT,°C,27.968281249999997
2026-08-05T23:30:00+00:00,22411527-2,RH,CURRENT,%,63.00907911802854
2026-08-05T23:30:00+00:00,22411527-3,Dew Point,CURRENT,°C,20.294808222615764
2026-08-05T23:30:00+00:00,22411528-1,Temperature,CURRENT,°C,27.067373046874998
2026-08-05T23:30:00+00:00,22411528-2,RH,CURRENT,%,69.39955748836499
2026-08-05T23:30:00+00:00,22411528-3,Dew Point,CURRENT,°C,21.00950008579903
2026-08-05T23:30:00+00:00,22411529-1,Temperature,CURRENT,°C,26.359516601562497
2026-08-05T23:30:00+00:00,22411529-2,RH,CURRENT,%,75.3307392996109
2026-08-05T23:30:00+00:00,22411529-3,Dew Point,CURRENT,°C,21.66972650170855
2026-08-05T23:30:00+00:00,22411530-1,Temperature,CURRENT,°C,27.796679687499996
2026-08-05T23:30:00+00:00,22411530-2,RH,CURRENT,%,64.12756542305638
2026-08-05T23:30:00+00:00,22411530-3,Dew Point,CURRENT,°C,20.4180201919635
2026-08-05T23:31:00+00:00,22411541-S,Battery,CURRENT,V,8.3869306640625
2026-08-05T23:35:00+00:00,22411189-1,Temperature,CURRENT,°C,27.410576171875
2026-08-05T23:35:00+00:00,22411189-2,RH,CURRENT,%,67.28160524910354
2026-08-05T23:35:00+00:00,22411189-3,Dew Point,CURRENT,°C,20.831972305477006
2026-08-05T23:35:00+00:00,22411190-1,Temperature,CURRENT,°C,27.560727539062505
2026-08-05T23:35:00+00:00,22411190-2,RH,CURRENT,%,64.88136110475318
2026-08-05T23:35:00+00:00,22411190-3,Dew Point,CURRENT,°C,20.384180955461694
2026-08-05T23:35:00+00:00,22411191-1,Temperature,CURRENT,°C,27.796679687499996
2026-08-05T23:35:00+00:00,22411191-2,RH,CURRENT,%,64.35187304493782
2026-08-05T23:35:00+00:00,22411191-3,Dew Point,CURRENT,°C,20.474702761739525
2026-08-05T23:35:00+00:00,22411525-1,Temperature,CURRENT,°C,27.839580078125003
2026-08-05T23:35:00+00:00,22411525-2,RH,CURRENT,%,63.04264896620127
2026-08-05T23:35:00+00:00,22411525-3,Dew Point,CURRENT,°C,20.181904525406413
2026-08-05T23:35:00+00:00,22411526-1,Temperature,CURRENT,°C,27.131723632812502
2026-08-05T23:35:00+00:00,22411526-2,RH,CURRENT,%,68.13305867093919
2026-08-05T23:35:00+00:00,22411526-3,Dew Point,CURRENT,°C,20.770933498075706
2026-08-05T23:35:00+00:00,22411527-1,Temperature,CURRENT,°C,27.882480468749996
2026-08-05T23:35:00+00:00,22411527-2,RH,CURRENT,%,63.04264896620127
2026-08-05T23:35:00+00:00,22411527-3,Dew Point,CURRENT,°C,20.22241834478252
2026-08-05T23:35:00+00:00,22411528-1,Temperature,CURRENT,°C,27.003022460937494
2026-08-05T23:35:00+00:00,22411528-2,RH,CURRENT,%,69.6101319905394
2026-08-05T23:35:00+00:00,22411528-3,Dew Point,CURRENT,°C,20.99736223807717
2026-08-05T23:35:00+00:00,22411529-1,Temperature,CURRENT,°C,26.230815429687503
2026-08-05T23:35:00+00:00,22411529-2,RH,CURRENT,%,75.40398260471504
2026-08-05T23:35:00+00:00,22411529-3,Dew Point,CURRENT,°C,21.56130412369321
2026-08-05T23:35:00+00:00,22411530-1,Temperature,CURRENT,°C,27.710878906249995
2026-08-05T23:35:00+00:00,22411530-2,RH,CURRENT,%,64.14587624933242
2026-08-05T23:35:00+00:00,22411530-3,Dew Point,CURRENT,°C,20.341447440361407
2026-08-05T23:36:00+00:00,22411541-S,Battery,CURRENT,V,8.383699951171875
2026-08-05T23:40:00+00:00,22411189-1,Temperature,CURRENT,°C,27.217524414062503
2026-08-05T23:40:00+00:00,22411189-2,RH,CURRENT,%,68.6350804913405
2026-08-05T23:40:00+00:00,22411189-3,Dew Point,CURRENT,°C,20.97237177398134
2026-08-05T23:40:00+00:00,22411190-1,Temperature,CURRENT,°C,27.389125976562504
2026-08-05T23:40:00+00:00,22411190-2,RH,CURRENT,%,65.94491493095292
2026-08-05T23:40:00+00:00,22411190-3,Dew Point,CURRENT,°C,20.48528022582704
2026-08-05T23:40:00+00:00,22411191-1,Temperature,CURRENT,°C,27.582177734375
2026-08-05T23:40:00+00:00,22411191-2,RH,CURRENT,%,65.64583810177767
2026-08-05T23:40:00+00:00,22411191-3,Dew Point,CURRENT,°C,20.594745606976137
2026-08-05T23:40:00+00:00,22411525-1,Temperature,CURRENT,°C,27.625078124999995
2026-08-05T23:40:00+00:00,22411525-2,RH,CURRENT,%,64.33356221866178
2026-08-05T23:40:00+00:00,22411525-3,Dew Point,CURRENT,°C,20.307608166409562
2026-08-05T23:40:00+00:00,22411526-1,Temperature,CURRENT,°C,26.981572265624997
2026-08-05T23:40:00+00:00,22411526-2,RH,CURRENT,%,69.21644922560463
2026-08-05T23:40:00+00:00,22411526-3,Dew Point,CURRENT,°C,20.884432827467478
2026-08-05T23:40:00+00:00,22411527-1,Temperature,CURRENT,°C,27.6894287109375
2026-08-05T23:40:00+00:00,22411527-2,RH,CURRENT,%,64.2923628595407
2026-08-05T23:40:00+00:00,22411527-3,Dew Point,CURRENT,°C,20.35814404472283
2026-08-05T23:40:00+00:00,22411528-1,Temperature,CURRENT,°C,26.852871093750004
2026-08-05T23:40:00+00:00,22411528-2,RH,CURRENT,%,70.79118028534371
2026-08-05T23:40:00+00:00,22411528-3,Dew Point,CURRENT,°C,21.12802666841604
2026-08-05T23:40:00+00:00,22411529-1,Temperature,CURRENT,°C,26.12356445312499
2026-08-05T23:40:00+00:00,22411529-2,RH,CURRENT,%,77.36171511406118
2026-08-05T23:40:00+00:00,22411529-3,Dew Point,CURRENT,°C,21.877717045628454
2026-08-05T23:40:00+00:00,22411530-1,Temperature,CURRENT,°C,27.517827148437497
2026-08-05T23:40:00+00:00,22411530-2,RH,CURRENT,%,65.44136720836194
2026-08-05T23:40:00+00:00,22411530-3,Dew Point,CURRENT,°C,20.48299467746335
2026-08-05T23:41:00+00:00,22411541-S,Battery,CURRENT,V,8.390161376953126
2026-08-05T23:45:00+00:00,22411189-1,Temperature,CURRENT,°C,27.024472656250005
2026-08-05T23:45:00+00:00,22411189-2,RH,CURRENT,%,69.24391546501869
2026-08-05T23:45:00+00:00,22411189-3,Dew Point,CURRENT,°C,20.9318971312579
2026-08-05T23:45:00+00:00,22411190-1,Temperature,CURRENT,°C,27.217524414062503
2026-08-05T23:45:00+00:00,22411190-2,RH,CURRENT,%,66.8009460593576
2026-08-05T23:45:00+00:00,22411190-3,Dew Point,CURRENT,°C,20.531624472472885
2026-08-05T23:45:00+00:00,22411191-1,Temperature,CURRENT,°C,27.474926757812504
2026-08-05T23:45:00+00:00,22411191-2,RH,CURRENT,%,66.0166323338674
2026-08-05T23:45:00+00:00,22411191-3,Dew Point,CURRENT,°C,20.58443742233057
2026-08-05T23:45:00+00:00,22411525-1,Temperature,CURRENT,°C,27.496376953125
2026-08-05T23:45:00+00:00,22411525-2,RH,CURRENT,%,64.46173800259403
2026-08-05T23:45:00+00:00,22411525-3,Dew Point,CURRENT,°C,20.217998293500337
2026-08-05T23:45:00+00:00,22411526-1,Temperature,CURRENT,°C,26.7885205078125
2026-08-05T23:45:00+00:00,22411526-2,RH,CURRENT,%,70.52262149996186
2026-08-05T23:45:00+00:00,22411526-3,Dew Point,CURRENT,°C,21.00436725957995
2026-08-05T23:45:00+00:00,22411527-1,Temperature,CURRENT,°C,27.582177734375
2026-08-05T23:45:00+00:00,22411527-2,RH,CURRENT,%,64.54261081864652
2026-08-05T23:45:00+00:00,22411527-3,Dew Point,CURRENT,°C,20.319590316579056
2026-08-05T23:45:00+00:00,22411528-1,Temperature,CURRENT,°C,26.65981933593749
2026-08-05T23:45:00+00:00,22411528-2,RH,CURRENT,%,74.00015259021897
2026-08-05T23:45:00+00:00,22411528-3,Dew Point,CURRENT,°C,21.667460890715763
2026-08-05T23:45:00+00:00,22411529-1,Temperature,CURRENT,°C,25.994863281249998
2026-08-05T23:45:00+00:00,22411529-2,RH,CURRENT,%,81.06660563057908
2026-08-05T23:45:00+00:00,22411529-3,Dew Point,CURRENT,°C,22.522324174167554
2026-08-05T23:45:00+00:00,22411530-1,Temperature,CURRENT,°C,27.367675781249993
2026-08-05T23:45:00+00:00,22411530-2,RH,CURRENT,%,66.32944228274968
2026-08-05T23:45:00+00:00,22411530-3,Dew Point,CURRENT,°C,20.559336912365193
2026-08-05T23:46:00+00:00,22411541-S,Battery,CURRENT,V,8.38046923828125
2026-08-05T23:50:00+00:00,22411189-1,Temperature,CURRENT,°C,26.8743212890625
2026-08-05T23:50:00+00:00,22411189-2,RH,CURRENT,%,68.72205691615167
2026-08-05T23:50:00+00:00,22411189-3,Dew Point,CURRENT,°C,20.665315654372296
2026-08-05T23:50:00+00:00,22411190-1,Temperature,CURRENT,°C,27.067373046874998
2026-08-05T23:50:00+00:00,22411190-2,RH,CURRENT,%,66.26535439078356
2026-08-05T23:50:00+00:00,22411190-3,Dew Point,CURRENT,°C,20.258214083362763
2026-08-05T23:50:00+00:00,22411191-1,Temperature,CURRENT,°C,27.410576171875
2026-08-05T23:50:00+00:00,22411191-2,RH,CURRENT,%,65.1468680857557
2026-08-05T23:50:00+00:00,22411191-3,Dew Point,CURRENT,°C,20.308064488977603
2026-08-05T23:50:00+00:00,22411525-1,Temperature,CURRENT,°C,27.432026367187497
2026-08-05T23:50:00+00:00,22411525-2,RH,CURRENT,%,63.773556115053026
2026-08-05T23:50:00+00:00,22411525-3,Dew Point,CURRENT,°C,19.98332337176867
2026-08-05T23:50:00+00:00,22411526-1,Temperature,CURRENT,°C,26.595468750000002
2026-08-05T23:50:00+00:00,22411526-2,RH,CURRENT,%,69.56893263141832
2026-08-05T23:50:00+00:00,22411526-3,Dew Point,CURRENT,°C,20.597949340355427
2026-08-05T23:50:00+00:00,22411527-1,Temperature,CURRENT,°C,27.539277343749994
2026-08-05T23:50:00+00:00,22411527-2,RH,CURRENT,%,63.84679942015717
2026-08-05T23:50:00+00:00,22411527-3,Dew Point,CURRENT,°C,20.10334526421855
2026-08-05T23:50:00+00:00,22411528-1,Temperature,CURRENT,°C,26.466767578124994
2026-08-05T23:50:00+00:00,22411528-2,RH,CURRENT,%,71.61211566338598
2026-08-05T23:50:00+00:00,22411528-3,Dew Point,CURRENT,°C,20.945715960193734
2026-08-05T23:50:00+00:00,22411529-1,Temperature,CURRENT,°C,25.866162109375004
2026-08-05T23:50:00+00:00,22411529-2,RH,CURRENT,%,81.55489433127336
2026-08-05T23:50:00+00:00,22411529-3,Dew Point,CURRENT,°C,22.495826517296553
2026-08-05T23:50:00+00:00,22411530-1,Temperature,CURRENT,°C,27.260424804687496
2026-08-05T23:50:00+00:00,22411530-2,RH,CURRENT,%,64.9912260624094
2026-08-05T23:50:00+00:00,22411530-3,Dew Point,CURRENT,°C,20.126924822587906
2026-08-05T23:51:00+00:00,22411541-S,Battery,CURRENT,V,8.36754638671875
2026-08-05T23:55:00+00:00,22411189-1,Temperature,CURRENT,°C,26.745620117187492
2026-08-05T23:55:00+00:00,22411189-2,RH,CURRENT,%,69.0470740825513
2026-08-05T23:55:00+00:00,22411189-3,Dew Point,CURRENT,°C,20.61909656857191
2026-08-05T23:55:00+00:00,22411190-1,Temperature,CURRENT,°C,26.9601220703125
2026-08-05T23:55:00+00:00,22411190-2,RH,CURRENT,%,66.69108110170139
2026-08-05T23:55:00+00:00,22411190-3,Dew Point,CURRENT,°C,20.26004226022905
2026-08-05T23:55:00+00:00,22411191-1,Temperature,CURRENT,°C,27.260424804687496
2026-08-05T23:55:00+00:00,22411191-2,RH,CURRENT,%,66.13565270466164
2026-08-05T23:55:00+00:00,22411191-3,Dew Point,CURRENT,°C,20.40989904206351
2026-08-05T23:55:00+00:00,22411525-1,Temperature,CURRENT,°C,27.324775390625
2026-08-05T23:55:00+00:00,22411525-2,RH,CURRENT,%,64.6540016784924
2026-08-05T23:55:00+00:00,22411525-3,Dew Point,CURRENT,°C,20.103681830282806
2026-08-05T23:55:00+00:00,22411526-1,Temperature,CURRENT,°C,26.402416992187504
2026-08-05T23:55:00+00:00,22411526-2,RH,CURRENT,%,70.57145037003129
2026-08-05T23:55:00+00:00,22411526-3,Dew Point,CURRENT,°C,20.64572571600835
2026-08-05T23:55:00+00:00,22411527-1,Temperature,CURRENT,°C,27.432026367187497
2026-08-05T23:55:00+00:00,22411527-2,RH,CURRENT,%,64.50141145952544
2026-08-05T23:55:00+00:00,22411527-3,Dew Point,CURRENT,°C,20.167018065677354
2026-08-05T23:55:00+00:00,22411528-1,Temperature,CURRENT,°C,26.295166015624993
2026-08-05T23:55:00+00:00,22411528-2,RH,CURRENT,%,72.82825970855268
2026-08-05T23:55:00+00:00,22411528-3,Dew Point,CURRENT,°C,21.0553616019455
2026-08-05T23:55:00+00:00,22411529-1,Temperature,CURRENT,°C,25.7160107421875
2026-08-05T23:55:00+00:00,22411529-2,RH,CURRENT,%,80.14190890363928
2026-08-05T23:55:00+00:00,22411529-3,Dew Point,CURRENT,°C,22.061699942476782
2026-08-05T23:55:00+00:00,22411530-1,Temperature,CURRENT,°C,27.131723632812502
2026-08-05T23:55:00+00:00,22411530-2,RH,CURRENT,%,65.99069199664301
2026-08-05T23:55:00+00:00,22411530-3,Dew Point,CURRENT,°C,20.25203501488117
2026-08-05T23:56:00+00:00,22411541-S,Battery,CURRENT,V,8.3740078125
