timestamp_utc,sensor_sn,measurement_type,data_type,units,value
2026-05-02T00:00:00+00:00,22411189-1,Temperature,CURRENT,°C,4.566118164062502
2026-05-02T00:00:00+00:00,22411189-2,RH,CURRENT,%,98.31845578698406
2026-05-02T00:00:00+00:00,22411189-3,Dew Point,CURRENT,°C,4.3262304341885285
2026-05-02T00:00:00+00:00,22411190-1,Temperature,CURRENT,°C,4.566118164062502
2026-05-02T00:00:00+00:00,22411190-2,RH,CURRENT,%,93.22041657129778
2026-05-02T00:00:00+00:00,22411190-3,Dew Point,CURRENT,°C,3.568841100775244
2026-05-02T00:00:00+00:00,22411191-1,Temperature,CURRENT,°C,4.566118164062502
2026-05-02T00:00:00+00:00,22411191-2,RH,CURRENT,%,95.25597009231709
2026-05-02T00:00:00+00:00,22411191-3,Dew Point,CURRENT,°C,3.8755337229717277
2026-05-02T00:00:00+00:00,22411525-1,Temperature,CURRENT,°C,4.523217773437501
2026-05-02T00:00:00+00:00,22411525-2,RH,CURRENT,%,93.2188906691081
2026-05-02T00:00:00+00:00,22411525-3,Dew Point,CURRENT,°C,3.5259937902943417
2026-05-02T00:00:00+00:00,22411526-1,Temperature,CURRENT,°C,4.609018554687495
2026-05-02T00:00:00+00:00,22411526-2,RH,CURRENT,%,94.73411154345007
2026-05-02T00:00:00+00:00,22411526-3,Dew Point,CURRENT,°C,3.840157773547006
2026-05-02T00:00:00+00:00,22411527-1,Temperature,CURRENT,°C,4.544667968749998
2026-05-02T00:00:00+00:00,22411527-2,RH,CURRENT,%,93.35317006179903
2026-05-02T00:00:00+00:00,22411527-3,Dew Point,CURRENT,°C,3.567710841670166
2026-05-02T00:00:00+00:00,22411528-1,Temperature,CURRENT,°C,4.673369140624999
2026-05-02T00:00:00+00:00,22411528-2,RH,CURRENT,%,96.54230563820859
2026-05-02T00:00:00+00:00,22411528-3,Dew Point,CURRENT,°C,4.173352559158756
2026-05-02T00:00:00+00:00,22411529-1,Temperature,CURRENT,°C,4.823520507812496
2026-05-02T00:00:00+00:00,22411529-2,RH,CURRENT,%,96.923781185626
2026-05-02T00:00:00+00:00,22411529-3,Dew Point,CURRENT,°C,4.379405086585016
2026-05-02T00:00:00+00:00,22411530-1,Temperature,CURRENT,°C,4.566118164062502
2026-05-02T00:00:00+00:00,22411530-2,RH,CURRENT,%,93.60952162966353
2026-05-02T00:00:00+00:00,22411530-3,Dew Point,CURRENT,°C,3.6279205613323673
2026-05-02T00:01:00+00:00,22411541-S,Battery,CURRENT,V,8.63246484375
2026-05-02T00:05:00+00:00,22411189-1,Temperature,CURRENT,°C,4.544667968749998
2026-05-02T00:05:00+00:00,22411189-2,RH,CURRENT,%,99.42168307011521
2026-05-02T00:05:00+00:00,22411189-3,Dew Point,CURRENT,°C,4.464088551658587
2026-05-02T00:05:00+00:00,22411190-1,Temperature,CURRENT,°C,4.523217773437501
2026-05-02T00:05:00+00:00,22411190-2,RH,CURRENT,%,93.9833676661326
2026-05-02T00:05:00+00:00,22411190-3,Dew Point,CURRENT,°C,3.6418232749836053
2026-05-02T00:05:00+00:00,22411191-1,Temperature,CURRENT,°C,4.544667968749998
2026-05-02T00:05:00+00:00,22411191-2,RH,CURRENT,%,96.35919737544823
2026-05-02T00:05:00+00:00,22411191-3,Dew Point,CURRENT,°C,4.01795534774625
2026-05-02T00:05:00+00:00,22411525-1,Temperature,CURRENT,°C,4.501767578124998
2026-05-02T00:05:00+00:00,22411525-2,RH,CURRENT,%,93.88418402380407
2026-05-02T00:05:00+00:00,22411525-3,Dew Point,CURRENT,°C,3.605517094869878
2026-05-02T00:05:00+00:00,22411526-1,Temperature,CURRENT,°C,4.566118164062502
2026-05-02T00:05:00+00:00,22411526-2,RH,CURRENT,%,95.15068284122988
2026-05-02T00:05:00+00:00,22411526-3,Dew Point,CURRENT,°C,3.85981280063103
2026-05-02T00:05:00+00:00,22411527-1,Temperature,CURRENT,°C,4.501767578124998
2026-05-02T00:05:00+00:00,22411527-2,RH,CURRENT,%,93.96200503547722
2026-05-02T00:05:00+00:00,22411527-3,Dew Point,CURRENT,°C,3.617270314233607
2026-05-02T00:05:00+00:00,22411528-1,Temperature,CURRENT,°C,4.651918945312495
2026-05-02T00:05:00+00:00,22411528-2,RH,CURRENT,%,96.928358892195
2026-05-02T00:05:00+00:00,22411528-3,Dew Point,CURRENT,°C,4.208834525588454
2026-05-02T00:05:00+00:00,22411529-1,Temperature,CURRENT,°C,4.780620117187496
2026-05-02T00:05:00+00:00,22411529-2,RH,CURRENT,%,97.56466010528725
2026-05-02T00:05:00+00:00,22411529-3,Dew Point,CURRENT,°C,4.430679369411292
2026-05-02T00:05:00+00:00,22411530-1,Temperature,CURRENT,°C,4.566118164062502
2026-05-02T00:05:00+00:00,22411530-2,RH,CURRENT,%,94.14053559166858
2026-05-02T00:05:00+00:00,22411530-3,Dew Point,CURRENT,°C,3.70819795850571
2026-05-02T00:06:00+00:00,22411541-S,Battery,CURRENT,V,8.642156982421875
2026-05-02T00:10:00+00:00,22411189-1,Temperature,CURRENT,°C,4.458867187499997
2026-05-02T00:10:00+00:00,22411189-2,RH,CURRENT,%,99.5880064087892
2026-05-02T00:10:00+00:00,22411189-3,Dew Point,CURRENT,°C,4.402072946990337
2026-05-02T00:10:00+00:00,22411190-1,Temperature,CURRENT,°C,4.458867187499997
2026-05-02T00:10:00+00:00,22411190-2,RH,CURRENT,%,93.66903181506065
2026-05-02T00:10:00+00:00,22411190-3,Dew Point,CURRENT,°C,3.5303386768483014
2026-05-02T00:10:00+00:00,22411191-1,Temperature,CURRENT,°C,4.458867187499997
2026-05-02T00:10:00+00:00,22411191-2,RH,CURRENT,%,95.81139848935683
2026-05-02T00:10:00+00:00,22411191-3,Dew Point,CURRENT,°C,3.851331993578364
2026-05-02T00:10:00+00:00,22411525-1,Temperature,CURRENT,°C,4.415966796874997
2026-05-02T00:10:00+00:00,22411525-2,RH,CURRENT,%,93.58510719462882
2026-05-02T00:10:00+00:00,22411525-3,Dew Point,CURRENT,°C,3.474997777044912
2026-05-02T00:10:00+00:00,22411526-1,Temperature,CURRENT,°C,4.480317382812501
2026-05-02T00:10:00+00:00,22411526-2,RH,CURRENT,%,95.01945525291829
2026-05-02T00:10:00+00:00,22411526-3,Dew Point,CURRENT,°C,3.7547746906854447
2026-05-02T00:10:00+00:00,22411527-1,Temperature,CURRENT,°C,4.437416992187501
2026-05-02T00:10:00+00:00,22411527-2,RH,CURRENT,%,93.76058594644083
2026-05-02T00:10:00+00:00,22411527-3,Dew Point,CURRENT,°C,3.522866029894558
2026-05-02T00:10:00+00:00,22411528-1,Temperature,CURRENT,°C,4.544667968749998
2026-05-02T00:10:00+00:00,22411528-2,RH,CURRENT,%,96.70405127031357
2026-05-02T00:10:00+00:00,22411528-3,Dew Point,CURRENT,°C,4.068812478512209
2026-05-02T00:10:00+00:00,22411529-1,Temperature,CURRENT,°C,4.6948193359374955
2026-05-02T00:10:00+00:00,22411529-2,RH,CURRENT,%,97.18928816662851
2026-05-02T00:10:00+00:00,22411529-3,Dew Point,CURRENT,°C,4.289989171606927
2026-05-02T00:10:00+00:00,22411530-1,Temperature,CURRENT,°C,4.480317382812501
2026-05-02T00:10:00+00:00,22411530-2,RH,CURRENT,%,93.99862668802929
2026-05-02T00:10:00+00:00,22411530-3,Dew Point,CURRENT,°C,3.601469758440051
2026-05-02T00:11:00+00:00,22411541-S,Battery,CURRENT,V,8.63246484375
2026-05-02T00:15:00+00:00,22411189-1,Temperature,CURRENT,°C,4.394516601562501
2026-05-02T00:15:00+00:00,22411189-2,RH,CURRENT,%,99.63378347447929
2026-05-02T00:15:00+00:00,22411189-3,Dew Point,CURRENT,°C,4.344209027456205
2026-05-02T00:15:00+00:00,22411190-1,Temperature,CURRENT,°C,4.394516601562501
2026-05-02T00:15:00+00:00,22411190-2,RH,CURRENT,%,93.69497215228503
2026-05-02T00:15:00+00:00,22411190-3,Dew Point,CURRENT,°C,3.470302593830006
2026-05-02T00:15:00+00:00,22411191-1,Temperature,CURRENT,°C,4.415966796874997
2026-05-02T00:15:00+00:00,22411191-2,RH,CURRENT,%,95.90753032730602
2026-05-02T00:15:00+00:00,22411191-3,Dew Point,CURRENT,°C,3.8228284696841235
2026-05-02T00:15:00+00:00,22411525-1,Temperature,CURRENT,°C,4.373066406249997
2026-05-02T00:15:00+00:00,22411525-2,RH,CURRENT,%,93.61257343404287
2026-05-02T00:15:00+00:00,22411525-3,Dew Point,CURRENT,°C,3.4365191864450506
2026-05-02T00:15:00+00:00,22411526-1,Temperature,CURRENT,°C,4.437416992187501
2026-05-02T00:15:00+00:00,22411526-2,RH,CURRENT,%,95.01487754634928
2026-05-02T00:15:00+00:00,22411526-3,Dew Point,CURRENT,°C,3.71137943940496
2026-05-02T00:15:00+00:00,22411527-1,Temperature,CURRENT,°C,4.373066406249997
2026-05-02T00:15:00+00:00,22411527-2,RH,CURRENT,%,93.75448233768215
2026-05-02T00:15:00+00:00,22411527-3,Dew Point,CURRENT,°C,3.457977114905446
2026-05-02T00:15:00+00:00,22411528-1,Temperature,CURRENT,°C,4.501767578124998
2026-05-02T00:15:00+00:00,22411528-2,RH,CURRENT,%,96.7727168688487
2026-05-02T00:15:00+00:00,22411528-3,Dew Point,CURRENT,°C,4.036116557175916
2026-05-02T00:15:00+00:00,22411529-1,Temperature,CURRENT,°C,4.630468749999999
2026-05-02T00:15:00+00:00,22411529-2,RH,CURRENT,%,97.2152285038529
2026-05-02T00:15:00+00:00,22411529-3,Dew Point,CURRENT,°C,4.229556883587876
2026-05-02T00:15:00+00:00,22411530-1,Temperature,CURRENT,°C,4.437416992187501
2026-05-02T00:15:00+00:00,22411530-2,RH,CURRENT,%,93.99862668802929
2026-05-02T00:15:00+00:00,22411530-3,Dew Point,CURRENT,°C,3.558812695286729
2026-05-02T00:16:00+00:00,22411541-S,Battery,CURRENT,V,8.63246484375
2026-05-02T00:20:00+00:00,22411189-1,Temperature,CURRENT,°C,4.415966796874997
2026-05-02T00:20:00+00:00,22411189-2,RH,CURRENT,%,99.91302357518883
2026-05-02T00:20:00+00:00,22411189-3,Dew Point,CURRENT,°C,4.405639927094302
2026-05-02T00:20:00+00:00,22411190-1,Temperature,CURRENT,°C,4.394516601562501
2026-05-02T00:20:00+00:00,22411190-2,RH,CURRENT,%,94.75700007629511
2026-05-02T00:20:00+00:00,22411190-3,Dew Point,CURRENT,°C,3.630104462568023
2026-05-02T00:20:00+00:00,22411191-1,Temperature,CURRENT,°C,4.394516601562501
2026-05-02T00:20:00+00:00,22411191-2,RH,CURRENT,%,96.85511558709086
2026-05-02T00:20:00+00:00,22411191-3,Dew Point,CURRENT,°C,3.941213748097628
2026-05-02T00:20:00+00:00,22411525-1,Temperature,CURRENT,°C,4.373066406249997
2026-05-02T00:20:00+00:00,22411525-2,RH,CURRENT,%,94.1298542763409
2026-05-02T00:20:00+00:00,22411525-3,Dew Point,CURRENT,°C,3.5145989192131117
2026-05-02T00:20:00+00:00,22411526-1,Temperature,CURRENT,°C,4.437416992187501
2026-05-02T00:20:00+00:00,22411526-2,RH,CURRENT,%,95.77477683680476
2026-05-02T00:20:00+00:00,22411526-3,Dew Point,CURRENT,°C,3.8245228230382957
2026-05-02T00:20:00+00:00,22411527-1,Temperature,CURRENT,°C,4.394516601562501
2026-05-02T00:20:00+00:00,22411527-2,RH,CURRENT,%,94.20767528801404
2026-05-02T00:20:00+00:00,22411527-3,Dew Point,CURRENT,°C,3.54764679249388
2026-05-02T00:20:00+00:00,22411528-1,Temperature,CURRENT,°C,4.501767578124998
2026-05-02T00:20:00+00:00,22411528-2,RH,CURRENT,%,97.56923781185625
2026-05-02T00:20:00+00:00,22411528-3,Dew Point,CURRENT,°C,4.152860003783312
2026-05-02T00:20:00+00:00,22411529-1,Temperature,CURRENT,°C,4.630468749999999
2026-05-02T00:20:00+00:00,22411529-2,RH,CURRENT,%,97.97970550087739
2026-05-02T00:20:00+00:00,22411529-3,Dew Point,CURRENT,°C,4.341290323108732
2026-05-02T00:20:00+00:00,22411530-1,Temperature,CURRENT,°C,4.437416992187501
2026-05-02T00:20:00+00:00,22411530-2,RH,CURRENT,%,94.43656061646449
2026-05-02T00:20:00+00:00,22411530-3,Dew Point,CURRENT,°C,3.6247360159049173
2026-05-02T00:21:00+00:00,22411541-S,Battery,CURRENT,V,8.63246484375
2026-05-02T00:25:00+00:00,22411189-1,Temperature,CURRENT,°C,4.3516162109375
2026-05-02T00:25:00+00:00,22411189-2,RH,CURRENT,%,99.21721217669948
2026-05-02T00:25:00+00:00,22411189-3,Dew Point,CURRENT,°C,4.241500392484872
2026-05-02T00:25:00+00:00,22411190-1,Temperature,CURRENT,°C,4.330166015624997
2026-05-02T00:25:00+00:00,22411190-2,RH,CURRENT,%,94.52048523689632
2026-05-02T00:25:00+00:00,22411190-3,Dew Point,CURRENT,°C,3.5306262729707085
2026-05-02T00:25:00+00:00,22411191-1,Temperature,CURRENT,°C,4.3516162109375
2026-05-02T00:25:00+00:00,22411191-2,RH,CURRENT,%,96.67963683527886
2026-05-02T00:25:00+00:00,22411191-3,Dew Point,CURRENT,°C,3.872624262888709
2026-05-02T00:25:00+00:00,22411525-1,Temperature,CURRENT,°C,4.3087158203125
2026-05-02T00:25:00+00:00,22411525-2,RH,CURRENT,%,94.18936446173801
2026-05-02T00:25:00+00:00,22411525-3,Dew Point,CURRENT,°C,3.4595561728628175
2026-05-02T00:25:00+00:00,22411526-1,Temperature,CURRENT,°C,4.373066406249997
2026-05-02T00:25:00+00:00,22411526-2,RH,CURRENT,%,95.63591973754482
2026-05-02T00:25:00+00:00,22411526-3,Dew Point,CURRENT,°C,3.7397915608782215
2026-05-02T00:25:00+00:00,22411527-1,Temperature,CURRENT,°C,4.330166015624997
2026-05-02T00:25:00+00:00,22411527-2,RH,CURRENT,%,94.34195468070497
2026-05-02T00:25:00+00:00,22411527-3,Dew Point,CURRENT,°C,3.503829011659167
2026-05-02T00:25:00+00:00,22411528-1,Temperature,CURRENT,°C,4.437416992187501
2026-05-02T00:25:00+00:00,22411528-2,RH,CURRENT,%,97.39986266880292
2026-05-02T00:25:00+00:00,22411528-3,Dew Point,CURRENT,°C,4.0638520380010394
2026-05-02T00:25:00+00:00,22411529-1,Temperature,CURRENT,°C,4.566118164062502
2026-05-02T00:25:00+00:00,22411529-2,RH,CURRENT,%,97.76607919432364
2026-05-02T00:25:00+00:00,22411529-3,Dew Point,CURRENT,°C,4.245862947301452
2026-05-02T00:25:00+00:00,22411530-1,Temperature,CURRENT,°C,4.373066406249997
2026-05-02T00:25:00+00:00,22411530-2,RH,CURRENT,%,94.61051346608683
2026-05-02T00:25:00+00:00,22411530-3,Dew Point,CURRENT,°C,3.5868122279730867
2026-05-02T00:26:00+00:00,22411541-S,Battery,CURRENT,V,8.62600341796875
2026-05-02T00:30:00+00:00,22411189-1,Temperature,CURRENT,°C,4.330166015624997
2026-05-02T00:30:00+00:00,22411189-2,RH,CURRENT,%,98.57938506141757
2026-05-02T00:30:00+00:00,22411189-3,Dew Point,CURRENT,°C,4.128123993974638
2026-05-02T00:30:00+00:00,22411190-1,Temperature,CURRENT,°C,4.330166015624997
2026-05-02T00:30:00+00:00,22411190-2,RH,CURRENT,%,94.5464255741207
2026-05-02T00:30:00+00:00,22411190-3,Dew Point,CURRENT,°C,3.534516174984706
2026-05-02T00:30:00+00:00,22411191-1,Temperature,CURRENT,°C,4.330166015624997
2026-05-02T00:30:00+00:00,22411191-2,RH,CURRENT,%,96.73456931410696
2026-05-02T00:30:00+00:00,22411191-3,Dew Point,CURRENT,°C,3.859298851332163
2026-05-02T00:30:00+00:00,22411525-1,Temperature,CURRENT,°C,4.3087158203125
2026-05-02T00:30:00+00:00,22411525-2,RH,CURRENT,%,94.36026550698101
2026-05-02T00:30:00+00:00,22411525-3,Dew Point,CURRENT,°C,3.4852412595548
2026-05-02T00:30:00+00:00,22411526-1,Temperature,CURRENT,°C,4.3516162109375
2026-05-02T00:30:00+00:00,22411526-2,RH,CURRENT,%,95.73357747768368
2026-05-02T00:30:00+00:00,22411526-3,Dew Point,CURRENT,°C,3.732910928858181
2026-05-02T00:30:00+00:00,22411527-1,Temperature,CURRENT,°C,4.3087158203125
2026-05-02T00:30:00+00:00,22411527-2,RH,CURRENT,%,94.4960708018616
2026-05-02T00:30:00+00:00,22411527-3,Dew Point,CURRENT,°C,3.5056224736389647
2026-05-02T00:30:00+00:00,22411528-1,Temperature,CURRENT,°C,4.415966796874997
2026-05-02T00:30:00+00:00,22411528-2,RH,CURRENT,%,97.48531319142442
2026-05-02T00:30:00+00:00,22411528-3,Dew Point,CURRENT,°C,4.054918590418263
2026-05-02T00:30:00+00:00,22411529-1,Temperature,CURRENT,°C,4.544667968749998
2026-05-02T00:30:00+00:00,22411529-2,RH,CURRENT,%,97.79201953154802
2026-05-02T00:30:00+00:00,22411529-3,Dew Point,CURRENT,°C,4.22821801653949
2026-05-02T00:30:00+00:00,22411530-1,Temperature,CURRENT,°C,4.3516162109375
2026-05-02T00:30:00+00:00,22411530-2,RH,CURRENT,%,94.81193255512322
2026-05-02T00:30:00+00:00,22411530-3,Dew Point,CURRENT,°C,3.595626620145398
2026-05-02T00:31:00+00:00,22411541-S,Battery,CURRENT,V,8.62600341796875
2026-05-02T00:35:00+00:00,22411189-1,Temperature,CURRENT,°C,4.373066406249997
2026-05-02T00:35:00+00:00,22411189-2,RH,CURRENT,%,98.97917143511101
2026-05-02T00:35:00+00:00,22411189-3,Dew Point,CURRENT,°C,4.228712036567627
2026-05-02T00:35:00+00:00,22411190-1,Temperature,CURRENT,°C,4.330166015624997
2026-05-02T00:35:00+00:00,22411190-2,RH,CURRENT,%,95.49401083390555
2026-05-02T00:35:00+00:00,22411190-3,Dew Point,CURRENT,°C,3.675970436158641
2026-05-02T00:35:00+00:00,22411191-1,Temperature,CURRENT,°C,4.3516162109375
2026-05-02T00:35:00+00:00,22411191-2,RH,CURRENT,%,97.86984054322117
2026-05-02T00:35:00+00:00,22411191-3,Dew Point,CURRENT,°C,4.046689312753449
2026-05-02T00:35:00+00:00,22411525-1,Temperature,CURRENT,°C,4.330166015624997
2026-05-02T00:35:00+00:00,22411525-2,RH,CURRENT,%,95.06065461203937
2026-05-02T00:35:00+00:00,22411525-3,Dew Point,CURRENT,°C,3.611434025132292
2026-05-02T00:35:00+00:00,22411526-1,Temperature,CURRENT,°C,4.373066406249997
2026-05-02T00:35:00+00:00,22411526-2,RH,CURRENT,%,96.25391012436103
2026-05-02T00:35:00+00:00,22411526-3,Dew Point,CURRENT,°C,3.8312913708015395
2026-05-02T00:35:00+00:00,22411527-1,Temperature,CURRENT,°C,4.330166015624997
2026-05-02T00:35:00+00:00,22411527-2,RH,CURRENT,%,95.20714122224766
2026-05-02T00:35:00+00:00,22411527-3,Dew Point,CURRENT,°C,3.633278143364847
2026-05-02T00:35:00+00:00,22411528-1,Temperature,CURRENT,°C,4.437416992187501
2026-05-02T00:35:00+00:00,22411528-2,RH,CURRENT,%,98.11856260013734
2026-05-02T00:35:00+00:00,22411528-3,Dew Point,CURRENT,°C,4.168574382874748
2026-05-02T00:35:00+00:00,22411529-1,Temperature,CURRENT,°C,4.544667968749998
2026-05-02T00:35:00+00:00,22411529-2,RH,CURRENT,%,98.19638361181049
2026-05-02T00:35:00+00:00,22411529-3,Dew Point,CURRENT,°C,4.2870655371264075
2026-05-02T00:35:00+00:00,22411530-1,Temperature,CURRENT,°C,4.373066406249997
2026-05-02T00:35:00+00:00,22411530-2,RH,CURRENT,%,95.23765926604105
2026-05-02T00:35:00+00:00,22411530-3,Dew Point,CURRENT,°C,3.6805481831590496
2026-05-02T00:36:00+00:00,22411541-S,Battery,CURRENT,V,8.61308056640625
2026-05-02T00:40:00+00:00,22411189-1,Temperature,CURRENT,°C,4.373066406249997
2026-05-02T00:40:00+00:00,22411189-2,RH,CURRENT,%,99.11955443656062
2026-05-02T00:40:00+00:00,22411189-3,Dew Point,CURRENT,°C,4.248921309791646
2026-05-02T00:40:00+00:00,22411190-1,Temperature,CURRENT,°C,4.330166015624997
2026-05-02T00:40:00+00:00,22411190-2,RH,CURRENT,%,95.69542992294194
2026-05-02T00:40:00+00:00,22411190-3,Dew Point,CURRENT,°C,3.7058783029089395
2026-05-02T00:40:00+00:00,22411191-1,Temperature,CURRENT,°C,4.330166015624997
2026-05-02T00:40:00+00:00,22411191-2,RH,CURRENT,%,98.0804150453956
2026-05-02T00:40:00+00:00,22411191-3,Dew Point,CURRENT,°C,4.055855288814188
2026-05-02T00:40:00+00:00,22411525-1,Temperature,CURRENT,°C,4.3087158203125
2026-05-02T00:40:00+00:00,22411525-2,RH,CURRENT,%,95.38109407187
2026-05-02T00:40:00+00:00,22411525-3,Dew Point,CURRENT,°C,3.637814291942549
2026-05-02T00:40:00+00:00,22411526-1,Temperature,CURRENT,°C,4.373066406249997
2026-05-02T00:40:00+00:00,22411526-2,RH,CURRENT,%,96.45075150682841
2026-05-02T00:40:00+00:00,22411526-3,Dew Point,CURRENT,°C,3.8603269187906903
2026-05-02T00:40:00+00:00,22411527-1,Temperature,CURRENT,°C,4.330166015624997
2026-05-02T00:40:00+00:00,22411527-2,RH,CURRENT,%,95.55352101930266
2026-05-02T00:40:00+00:00,22411527-3,Dew Point,CURRENT,°C,3.684812640323368
2026-05-02T00:40:00+00:00,22411528-1,Temperature,CURRENT,°C,4.437416992187501
2026-05-02T00:40:00+00:00,22411528-2,RH,CURRENT,%,98.32303349355307
2026-05-02T00:40:00+00:00,22411528-3,Dew Point,CURRENT,°C,4.198244348033473
2026-05-02T00:40:00+00:00,22411529-1,Temperature,CURRENT,°C,4.566118164062502
2026-05-02T00:40:00+00:00,22411529-2,RH,CURRENT,%,98.46494239719235
2026-05-02T00:40:00+00:00,22411529-3,Dew Point,CURRENT,°C,4.347476534486487
2026-05-02T00:40:00+00:00,22411530-1,Temperature,CURRENT,°C,4.373066406249997
2026-05-02T00:40:00+00:00,22411530-2,RH,CURRENT,%,95.53063248645762
2026-05-02T00:40:00+00:00,22411530-3,Dew Point,CURRENT,°C,3.7241507177210043
2026-05-02T00:41:00+00:00,22411541-S,Battery,CURRENT,V,8.622772705078125
2026-05-02T00:45:00+00:00,22411189-1,Temperature,CURRENT,°C,4.330166015624997
2026-05-02T00:45:00+00:00,22411189-2,RH,CURRENT,%,99.31334401464866
2026-05-02T00:45:00+00:00,22411189-3,Dew Point,CURRENT,°C,4.233843234692586
2026-05-02T00:45:00+00:00,22411190-1,Temperature,CURRENT,°C,4.3087158203125
2026-05-02T00:45:00+00:00,22411190-2,RH,CURRENT,%,95.78698405432212
2026-05-02T00:45:00+00:00,22411190-3,Dew Point,CURRENT,°C,3.6980785027036345
2026-05-02T00:45:00+00:00,22411191-1,Temperature,CURRENT,°C,4.330166015624997
2026-05-02T00:45:00+00:00,22411191-2,RH,CURRENT,%,98.23300526436256
2026-05-02T00:45:00+00:00,22411191-3,Dew Point,CURRENT,°C,4.077990172102108
2026-05-02T00:45:00+00:00,22411525-1,Temperature,CURRENT,°C,4.3087158203125
2026-05-02T00:45:00+00:00,22411525-2,RH,CURRENT,%,95.56725413900969
2026-05-02T00:45:00+00:00,22411525-3,Dew Point,CURRENT,°C,3.6654823050898453
2026-05-02T00:45:00+00:00,22411526-1,Temperature,CURRENT,°C,4.3516162109375
2026-05-02T00:45:00+00:00,22411526-2,RH,CURRENT,%,96.58960860608835
2026-05-02T00:45:00+00:00,22411526-3,Dew Point,CURRENT,°C,3.859381021616225
2026-05-02T00:45:00+00:00,22411527-1,Temperature,CURRENT,°C,4.3087158203125
2026-05-02T00:45:00+00:00,22411527-2,RH,CURRENT,%,95.7930876630808
2026-05-02T00:45:00+00:00,22411527-3,Dew Point,CURRENT,°C,3.698983010425979
2026-05-02T00:45:00+00:00,22411528-1,Temperature,CURRENT,°C,4.437416992187501
2026-05-02T00:45:00+00:00,22411528-2,RH,CURRENT,%,98.461890592813
2026-05-02T00:45:00+00:00,22411528-3,Dew Point,CURRENT,°C,4.218362336977646
2026-05-02T00:45:00+00:00,22411529-1,Temperature,CURRENT,°C,4.544667968749998
2026-05-02T00:45:00+00:00,22411529-2,RH,CURRENT,%,98.47104600595102
2026-05-02T00:45:00+00:00,22411529-3,Dew Point,CURRENT,°C,4.326915648471831
2026-05-02T00:45:00+00:00,22411530-1,Temperature,CURRENT,°C,4.373066406249997
2026-05-02T00:45:00+00:00,22411530-2,RH,CURRENT,%,95.71831845578699
2026-05-02T00:45:00+00:00,22411530-3,Dew Point,CURRENT,°C,3.752021625975405
2026-05-02T00:46:00+00:00,22411541-S,Battery,CURRENT,V,8.61308056640625
2026-05-02T00:50:00+00:00,22411189-1,Temperature,CURRENT,°C,4.3087158203125
2026-05-02T00:50:00+00:00,22411189-2,RH,CURRENT,%,99.27214465552758
2026-05-02T00:50:00+00:00,22411189-3,Dew Point,CURRENT,°C,4.206461118478781
2026-05-02T00:50:00+00:00,22411190-1,Temperature,CURRENT,°C,4.287265624999996
2026-05-02T00:50:00+00:00,22411190-2,RH,CURRENT,%,95.59624628061341
2026-05-02T00:50:00+00:00,22411190-3,Dew Point,CURRENT,°C,3.648416050785852
2026-05-02T00:50:00+00:00,22411191-1,Temperature,CURRENT,°C,4.330166015624997
2026-05-02T00:50:00+00:00,22411191-2,RH,CURRENT,%,97.91256580453192
2026-05-02T00:50:00+00:00,22411191-3,Dew Point,CURRENT,°C,4.0314718000000145
2026-05-02T00:50:00+00:00,22411525-1,Temperature,CURRENT,°C,4.287265624999996
2026-05-02T00:50:00+00:00,22411525-2,RH,CURRENT,%,95.45281147478447
2026-05-02T00:50:00+00:00,22411525-3,Dew Point,CURRENT,°C,3.627111765096014
2026-05-02T00:50:00+00:00,22411526-1,Temperature,CURRENT,°C,4.330166015624997
2026-05-02T00:50:00+00:00,22411526-2,RH,CURRENT,%,96.63538567177844
2026-05-02T00:50:00+00:00,22411526-3,Dew Point,CURRENT,°C,3.844718127701274
2026-05-02T00:50:00+00:00,22411527-1,Temperature,CURRENT,°C,4.3087158203125
2026-05-02T00:50:00+00:00,22411527-2,RH,CURRENT,%,95.65880827038987
2026-05-02T00:50:00+00:00,22411527-3,Dew Point,CURRENT,°C,3.6790720827184566
2026-05-02T00:50:00+00:00,22411528-1,Temperature,CURRENT,°C,4.373066406249997
2026-05-02T00:50:00+00:00,22411528-2,RH,CURRENT,%,98.33829251544977
2026-05-02T00:50:00+00:00,22411528-3,Dew Point,CURRENT,°C,4.136129886095037
2026-05-02T00:50:00+00:00,22411529-1,Temperature,CURRENT,°C,4.523217773437501
2026-05-02T00:50:00+00:00,22411529-2,RH,CURRENT,%,98.44815747310598
2026-05-02T00:50:00+00:00,22411529-3,Dew Point,CURRENT,°C,4.302153602323887
2026-05-02T00:50:00+00:00,22411530-1,Temperature,CURRENT,°C,4.330166015624997
2026-05-02T00:50:00+00:00,22411530-2,RH,CURRENT,%,95.75646601052873
2026-05-02T00:50:00+00:00,22411530-3,Dew Point,CURRENT,°C,3.7149303264621163
2026-05-02T00:51:00+00:00,22411541-S,Battery,CURRENT,V,8.606619140625
2026-05-02T00:55:00+00:00,22411189-1,Temperature,CURRENT,°C,4.3087158203125
2026-05-02T00:55:00+00:00,22411189-2,RH,CURRENT,%,99.35759517814908
2026-05-02T00:55:00+00:00,22411189-3,Dew Point,CURRENT,°C,4.218726868532971
2026-05-02T00:55:00+00:00,22411190-1,Temperature,CURRENT,°C,4.287265624999996
2026-05-02T00:55:00+00:00,22411190-2,RH,CURRENT,%,95.81139848935683
2026-05-02T00:55:00+00:00,22411190-3,Dew Point,CURRENT,°C,3.680319651498067
2026-05-02T00:55:00+00:00,22411191-1,Temperature,CURRENT,°C,4.3087158203125
2026-05-02T00:55:00+00:00,22411191-2,RH,CURRENT,%,98.23300526436256
2026-05-02T00:55:00+00:00,22411191-3,Dew Point,CURRENT,°C,4.0565507098577145
2026-05-02T00:55:00+00:00,22411525-1,Temperature,CURRENT,°C,4.287265624999996
2026-05-02T00:55:00+00:00,22411525-2,RH,CURRENT,%,95.66491187914855
2026-05-02T00:55:00+00:00,22411525-3,Dew Point,CURRENT,°C,3.658604928856558
2026-05-02T00:55:00+00:00,22411526-1,Temperature,CURRENT,°C,4.3087158203125
2026-05-02T00:55:00+00:00,22411526-2,RH,CURRENT,%,96.69031815060654
2026-05-02T00:55:00+00:00,22411526-3,Dew Point,CURRENT,°C,3.8313956912114913
2026-05-02T00:55:00+00:00,22411527-1,Temperature,CURRENT,°C,4.3087158203125
2026-05-02T00:55:00+00:00,22411527-2,RH,CURRENT,%,95.86175326161593
2026-05-02T00:55:00+00:00,22411527-3,Dew Point,CURRENT,°C,3.7091552196791713
2026-05-02T00:55:00+00:00,22411528-1,Temperature,CURRENT,°C,4.373066406249997
2026-05-02T00:55:00+00:00,22411528-2,RH,CURRENT,%,98.40543221179523
2026-05-02T00:55:00+00:00,22411528-3,Dew Point,CURRENT,°C,4.145853887410208
2026-05-02T00:55:00+00:00,22411529-1,Temperature,CURRENT,°C,4.480317382812501
2026-05-02T00:55:00+00:00,22411529-2,RH,CURRENT,%,98.44663157091631
2026-05-02T00:55:00+00:00,22411529-3,Dew Point,CURRENT,°C,4.259042643033563
2026-05-02T00:55:00+00:00,22411530-1,Temperature,CURRENT,°C,4.330166015624997
2026-05-02T00:55:00+00:00,22411530-2,RH,CURRENT,%,95.8785381857023
2026-05-02T00:55:00+00:00,22411530-3,Dew Point,CURRENT,°C,3.7330191103482986
2026-05-02T00:56:00+00:00,22411541-S,Battery,CURRENT,V,8.606619140625
2026-05-02T01:00:00+00:00,22411189-1,Temperature,CURRENT,°C,4.373066406249997
2026-05-02T01:00:00+00:00,22411189-2,RH,CURRENT,%,99.97253376058595
2026-05-02T01:00:00+00:00,22411189-3,Dew Point,CURRENT,°C,4.371174613824805
2026-05-02T01:00:00+00:00,22411190-1,Temperature,CURRENT,°C,4.330166015624997
2026-05-02T01:00:00+00:00,22411190-2,RH,CURRENT,%,96.4461738002594
2026-05-02T01:00:00+00:00,22411190-3,Dew Point,CURRENT,°C,3.8168659337985114
2026-05-02T01:00:00+00:00,22411191-1,Temperature,CURRENT,°C,4.3516162109375
2026-05-02T01:00:00+00:00,22411191-2,RH,CURRENT,%,99.01884489204242
2026-05-02T01:00:00+00:00,22411191-3,Dew Point,CURRENT,°C,4.212966321535615
2026-05-02T01:00:00+00:00,22411525-1,Temperature,CURRENT,°C,4.330166015624997
2026-05-02T01:00:00+00:00,22411525-2,RH,CURRENT,%,96.11352712291142
2026-05-02T01:00:00+00:00,22411525-3,Dew Point,CURRENT,°C,3.7677828822035404
2026-05-02T01:00:00+00:00,22411526-1,Temperature,CURRENT,°C,4.3516162109375
2026-05-02T01:00:00+00:00,22411526-2,RH,CURRENT,%,97.14351110093843
2026-05-02T01:00:00+00:00,22411526-3,Dew Point,CURRENT,°C,3.9406886480861205
2026-05-02T01:00:00+00:00,22411527-1,Temperature,CURRENT,°C,4.330166015624997
2026-05-02T01:00:00+00:00,22411527-2,RH,CURRENT,%,96.22339208056763
2026-05-02T01:00:00+00:00,22411527-3,Dew Point,CURRENT,°C,3.78401035301121
2026-05-02T01:00:00+00:00,22411528-1,Temperature,CURRENT,°C,4.437416992187501
2026-05-02T01:00:00+00:00,22411528-2,RH,CURRENT,%,98.95628290226597
2026-05-02T01:00:00+00:00,22411528-3,Dew Point,CURRENT,°C,4.289788617771227
2026-05-02T01:00:00+00:00,22411529-1,Temperature,CURRENT,°C,4.544667968749998
2026-05-02T01:00:00+00:00,22411529-2,RH,CURRENT,%,98.88609140154117
2026-05-02T01:00:00+00:00,22411529-3,Dew Point,CURRENT,°C,4.38694796781931
2026-05-02T01:00:00+00:00,22411530-1,Temperature,CURRENT,°C,4.394516601562501
2026-05-02T01:00:00+00:00,22411530-2,RH,CURRENT,%,96.17761501487755
2026-05-02T01:00:00+00:00,22411530-3,Dew Point,CURRENT,°C,3.8414093274867342
2026-05-02T01:01:00+00:00,22411541-S,Battery,CURRENT,V,8.606619140625
2026-05-02T01:05:00+00:00,22411189-1,Temperature,CURRENT,°C,4.3516162109375
2026-05-02T01:05:00+00:00,22411189-2,RH,CURRENT,%,99.97100785839628
2026-05-02T01:05:00+00:00,22411189-3,Dew Point,CURRENT,°C,4.3494729171487485
2026-05-02T01:05:00+00:00,22411190-1,Temperature,CURRENT,°C,4.330166015624997
2026-05-02T01:05:00+00:00,22411190-2,RH,CURRENT,%,96.37445639734493
2026-05-02T01:05:00+00:00,22411190-3,Dew Point,CURRENT,°C,3.8062964524551894
2026-05-02T01:05:00+00:00,22411191-1,Temperature,CURRENT,°C,4.3516162109375
2026-05-02T01:05:00+00:00,22411191-2,RH,CURRENT,%,98.84641794460975
2026-05-02T01:05:00+00:00,22411191-3,Dew Point,CURRENT,°C,4.188122633802062
2026-05-02T01:05:00+00:00,22411525-1,Temperature,CURRENT,°C,4.3087158203125
2026-05-02T01:05:00+00:00,22411525-2,RH,CURRENT,%,96.12268253604944
2026-05-02T01:05:00+00:00,22411525-3,Dew Point,CURRENT,°C,3.747751071552413
2026-05-02T01:05:00+00:00,22411526-1,Temperature,CURRENT,°C,4.373066406249997
2026-05-02T01:05:00+00:00,22411526-2,RH,CURRENT,%,97.2304875257496
2026-05-02T01:05:00+00:00,22411526-3,Dew Point,CURRENT,°C,3.974832353672267
2026-05-02T01:05:00+00:00,22411527-1,Temperature,CURRENT,°C,4.330166015624997
2026-05-02T01:05:00+00:00,22411527-2,RH,CURRENT,%,96.30426489662013
2026-05-02T01:05:00+00:00,22411527-3,Dew Point,CURRENT,°C,3.7959451315963175
2026-05-02T01:05:00+00:00,22411528-1,Temperature,CURRENT,°C,4.437416992187501
2026-05-02T01:05:00+00:00,22411528-2,RH,CURRENT,%,99.00205996795606
2026-05-02T01:05:00+00:00,22411528-3,Dew Point,CURRENT,°C,4.296386229411147
2026-05-02T01:05:00+00:00,22411529-1,Temperature,CURRENT,°C,4.566118164062502
2026-05-02T01:05:00+00:00,22411529-2,RH,CURRENT,%,98.91813534752423
2026-05-02T01:05:00+00:00,22411529-3,Dew Point,CURRENT,°C,4.413030564129503
2026-05-02T01:05:00+00:00,22411530-1,Temperature,CURRENT,°C,4.373066406249997
2026-05-02T01:05:00+00:00,22411530-2,RH,CURRENT,%,96.32257572289616
2026-05-02T01:05:00+00:00,22411530-3,Dew Point,CURRENT,°C,3.841425995674562
2026-05-02T01:06:00+00:00,22411541-S,Battery,CURRENT,V,8.606619140625
2026-05-02T01:10:00+00:00,22411189-1,Temperature,CURRENT,°C,4.373066406249997
2026-05-02T01:10:00+00:00,22411189-2,RH,CURRENT,%,100
2026-05-02T01:10:00+00:00,22411189-3,Dew Point,CURRENT,°C,4.375095901665219
2026-05-02T01:10:00+00:00,22411190-1,Temperature,CURRENT,°C,4.3516162109375
2026-05-02T01:10:00+00:00,22411190-2,RH,CURRENT,%,96.4614328221561
2026-05-02T01:10:00+00:00,22411190-3,Dew Point,CURRENT,°C,3.8405074341723417
2026-05-02T01:10:00+00:00,22411191-1,Temperature,CURRENT,°C,4.3516162109375
2026-05-02T01:10:00+00:00,22411191-2,RH,CURRENT,%,99.04631113145648
2026-05-02T01:10:00+00:00,22411191-3,Dew Point,CURRENT,°C,4.216920198885779
2026-05-02T01:10:00+00:00,22411525-1,Temperature,CURRENT,°C,4.330166015624997
2026-05-02T01:10:00+00:00,22411525-2,RH,CURRENT,%,96.25085831998169
2026-05-02T01:10:00+00:00,22411525-3,Dew Point,CURRENT,°C,3.788064666215708
2026-05-02T01:10:00+00:00,22411526-1,Temperature,CURRENT,°C,4.373066406249997
2026-05-02T01:10:00+00:00,22411526-2,RH,CURRENT,%,97.35866330968184
2026-05-02T01:10:00+00:00,22411526-3,Dew Point,CURRENT,°C,3.993577577752918
2026-05-02T01:10:00+00:00,22411527-1,Temperature,CURRENT,°C,4.3516162109375
2026-05-02T01:10:00+00:00,22411527-2,RH,CURRENT,%,96.43701838712138
2026-05-02T01:10:00+00:00,22411527-3,Dew Point,CURRENT,°C,3.8369099565703095
2026-05-02T01:10:00+00:00,22411528-1,Temperature,CURRENT,°C,4.437416992187501
2026-05-02T01:10:00+00:00,22411528-2,RH,CURRENT,%,99.03715571831846
2026-05-02T01:10:00+00:00,22411528-3,Dew Point,CURRENT,°C,4.301442576201464
2026-05-02T01:10:00+00:00,22411529-1,Temperature,CURRENT,°C,4.566118164062502
2026-05-02T01:10:00+00:00,22411529-2,RH,CURRENT,%,99.00053406576639
2026-05-02T01:10:00+00:00,22411529-3,Dew Point,CURRENT,°C,4.424921007595034
2026-05-02T01:10:00+00:00,22411530-1,Temperature,CURRENT,°C,4.373066406249997
2026-05-02T01:10:00+00:00,22411530-2,RH,CURRENT,%,96.42481116960403
2026-05-02T01:10:00+00:00,22411530-3,Dew Point,CURRENT,°C,3.856503521435356
2026-05-02T01:11:00+00:00,22411541-S,Battery,CURRENT,V,8.603388427734375
2026-05-02T01:15:00+00:00,22411189-1,Temperature,CURRENT,°C,4.330166015624997
2026-05-02T01:15:00+00:00,22411189-2,RH,CURRENT,%,100
2026-05-02T01:15:00+00:00,22411189-3,Dew Point,CURRENT,°C,4.332126793097853
2026-05-02T01:15:00+00:00,22411190-1,Temperature,CURRENT,°C,4.3087158203125
2026-05-02T01:15:00+00:00,22411190-2,RH,CURRENT,%,96.38818951705196
2026-05-02T01:15:00+00:00,22411190-3,Dew Point,CURRENT,°C,3.786929267146796
2026-05-02T01:15:00+00:00,22411191-1,Temperature,CURRENT,°C,4.3087158203125
2026-05-02T01:15:00+00:00,22411191-2,RH,CURRENT,%,98.94254978255894
2026-05-02T01:15:00+00:00,22411191-3,Dew Point,CURRENT,°C,4.159062955242977
2026-05-02T01:15:00+00:00,22411525-1,Temperature,CURRENT,°C,4.287265624999996
2026-05-02T01:15:00+00:00,22411525-2,RH,CURRENT,%,96.28137636377508
2026-05-02T01:15:00+00:00,22411525-3,Dew Point,CURRENT,°C,3.7497905023555114
2026-05-02T01:15:00+00:00,22411526-1,Temperature,CURRENT,°C,4.3516162109375
2026-05-02T01:15:00+00:00,22411526-2,RH,CURRENT,%,97.31288624399176
2026-05-02T01:15:00+00:00,22411526-3,Dew Point,CURRENT,°C,3.9654696517997428
2026-05-02T01:15:00+00:00,22411527-1,Temperature,CURRENT,°C,4.287265624999996
2026-05-02T01:15:00+00:00,22411527-2,RH,CURRENT,%,96.50110627908751
2026-05-02T01:15:00+00:00,22411527-3,Dew Point,CURRENT,°C,3.782167784082485
2026-05-02T01:15:00+00:00,22411528-1,Temperature,CURRENT,°C,4.415966796874997
2026-05-02T01:15:00+00:00,22411528-2,RH,CURRENT,%,98.88609140154117
2026-05-02T01:15:00+00:00,22411528-3,Dew Point,CURRENT,°C,4.258210857174304
2026-05-02T01:15:00+00:00,22411529-1,Temperature,CURRENT,°C,4.523217773437501
2026-05-02T01:15:00+00:00,22411529-2,RH,CURRENT,%,98.7640192263676
2026-05-02T01:15:00+00:00,22411529-3,Dew Point,CURRENT,°C,4.3478614577541865
2026-05-02T01:15:00+00:00,22411530-1,Temperature,CURRENT,°C,4.330166015624997
2026-05-02T01:15:00+00:00,22411530-2,RH,CURRENT,%,96.36835278858625
2026-05-02T01:15:00+00:00,22411530-3,Dew Point,CURRENT,°C,3.8053966017135883
2026-05-02T01:16:00+00:00,22411541-S,Battery,CURRENT,V,8.603388427734375
2026-05-02T01:20:00+00:00,22411189-1,Temperature,CURRENT,°C,4.330166015624997
2026-05-02T01:20:00+00:00,22411189-2,RH,CURRENT,%,100
2026-05-02T01:20:00+00:00,22411189-3,Dew Point,CURRENT,°C,4.332126793097853
2026-05-02T01:20:00+00:00,22411190-1,Temperature,CURRENT,°C,4.3087158203125
2026-05-02T01:20:00+00:00,22411190-2,RH,CURRENT,%,96.49805447470817
2026-05-02T01:20:00+00:00,22411190-3,Dew Point,CURRENT,°C,3.8031130865573957
2026-05-02T01:20:00+00:00,22411191-1,Temperature,CURRENT,°C,4.3087158203125
2026-05-02T01:20:00+00:00,22411191-2,RH,CURRENT,%,99.14702067597467
2026-05-02T01:20:00+00:00,22411191-3,Dew Point,CURRENT,°C,4.188483741479842
2026-05-02T01:20:00+00:00,22411525-1,Temperature,CURRENT,°C,4.287265624999996
2026-05-02T01:20:00+00:00,22411525-2,RH,CURRENT,%,96.51941710536354
2026-05-02T01:20:00+00:00,22411525-3,Dew Point,CURRENT,°C,3.784862953756819
2026-05-02T01:20:00+00:00,22411526-1,Temperature,CURRENT,°C,4.330166015624997
2026-05-02T01:20:00+00:00,22411526-2,RH,CURRENT,%,97.51277943083848
2026-05-02T01:20:00+00:00,22411526-3,Dew Point,CURRENT,°C,3.9732459074204014
2026-05-02T01:20:00+00:00,22411527-1,Temperature,CURRENT,°C,4.287265624999996
2026-05-02T01:20:00+00:00,22411527-2,RH,CURRENT,%,96.67963683527886
2026-05-02T01:20:00+00:00,22411527-3,Dew Point,CURRENT,°C,3.8084264635136935
2026-05-02T01:20:00+00:00,22411528-1,Temperature,CURRENT,°C,4.394516601562501
2026-05-02T01:20:00+00:00,22411528-2,RH,CURRENT,%,99.16685740444038
2026-05-02T01:20:00+00:00,22411528-3,Dew Point,CURRENT,°C,4.277188638768726
2026-05-02T01:20:00+00:00,22411529-1,Temperature,CURRENT,°C,4.501767578124998
2026-05-02T01:20:00+00:00,22411529-2,RH,CURRENT,%,99.0249485008011
2026-05-02T01:20:00+00:00,22411529-3,Dew Point,CURRENT,°C,4.3640632368382155
2026-05-02T01:20:00+00:00,22411530-1,Temperature,CURRENT,°C,4.330166015624997
2026-05-02T01:20:00+00:00,22411530-2,RH,CURRENT,%,96.47058823529412
2026-05-02T01:20:00+00:00,22411530-3,Dew Point,CURRENT,°C,3.8204624729395964
2026-05-02T01:21:00+00:00,22411541-S,Battery,CURRENT,V,8.603388427734375
2026-05-02T01:25:00+00:00,22411189-1,Temperature,CURRENT,°C,4.287265624999996
2026-05-02T01:25:00+00:00,22411189-2,RH,CURRENT,%,99.9343862058442
2026-05-02T01:25:00+00:00,22411189-3,Dew Point,CURRENT,°C,4.279795236761109
2026-05-02T01:25:00+00:00,22411190-1,Temperature,CURRENT,°C,4.2658154296875
2026-05-02T01:25:00+00:00,22411190-2,RH,CURRENT,%,96.17151140611887
2026-05-02T01:25:00+00:00,22411190-3,Dew Point,CURRENT,°C,3.7121913846934
2026-05-02T01:25:00+00:00,22411191-1,Temperature,CURRENT,°C,4.287265624999996
2026-05-02T01:25:00+00:00,22411191-2,RH,CURRENT,%,98.52445258258946
2026-05-02T01:25:00+00:00,22411191-3,Dew Point,CURRENT,°C,4.077289740006855
2026-05-02T01:25:00+00:00,22411525-1,Temperature,CURRENT,°C,4.222915039062499
2026-05-02T01:25:00+00:00,22411525-2,RH,CURRENT,%,96.1348897535668
2026-05-02T01:25:00+00:00,22411525-3,Dew Point,CURRENT,°C,3.6640141932280565
2026-05-02T01:25:00+00:00,22411526-1,Temperature,CURRENT,°C,4.3087158203125
2026-05-02T01:25:00+00:00,22411526-2,RH,CURRENT,%,97.22896162355993
2026-05-02T01:25:00+00:00,22411526-3,Dew Point,CURRENT,°C,3.9103684601546664
2026-05-02T01:25:00+00:00,22411527-1,Temperature,CURRENT,°C,4.244365234374996
2026-05-02T01:25:00+00:00,22411527-2,RH,CURRENT,%,96.40955214770733
2026-05-02T01:25:00+00:00,22411527-3,Dew Point,CURRENT,°C,3.7259006745404113
2026-05-02T01:25:00+00:00,22411528-1,Temperature,CURRENT,°C,4.373066406249997
2026-05-02T01:25:00+00:00,22411528-2,RH,CURRENT,%,98.94712748912795
2026-05-02T01:25:00+00:00,22411528-3,Dew Point,CURRENT,°C,4.224095506077132
2026-05-02T01:25:00+00:00,22411529-1,Temperature,CURRENT,°C,4.501767578124998
2026-05-02T01:25:00+00:00,22411529-2,RH,CURRENT,%,98.95628290226597
2026-05-02T01:25:00+00:00,22411529-3,Dew Point,CURRENT,°C,4.354162562884975
2026-05-02T01:25:00+00:00,22411530-1,Temperature,CURRENT,°C,4.287265624999996
2026-05-02T01:25:00+00:00,22411530-2,RH,CURRENT,%,96.43244068055238
2026-05-02T01:25:00+00:00,22411530-3,Dew Point,CURRENT,°C,3.7720568773344088
2026-05-02T01:26:00+00:00,22411541-S,Battery,CURRENT,V,8.5936962890625
2026-05-02T01:30:00+00:00,22411189-1,Temperature,CURRENT,°C,4.287265624999996
2026-05-02T01:30:00+00:00,22411189-2,RH,CURRENT,%,100
2026-05-02T01:30:00+00:00,22411189-3,Dew Point,CURRENT,°C,4.28915768359027
2026-05-02T01:30:00+00:00,22411190-1,Temperature,CURRENT,°C,4.2658154296875
2026-05-02T01:30:00+00:00,22411190-2,RH,CURRENT,%,96.24628061341268
2026-05-02T01:30:00+00:00,22411190-3,Dew Point,CURRENT,°C,3.7232251183097116
2026-05-02T01:30:00+00:00,22411191-1,Temperature,CURRENT,°C,4.287265624999996
2026-05-02T01:30:00+00:00,22411191-2,RH,CURRENT,%,98.73960479133288
2026-05-02T01:30:00+00:00,22411191-3,Dew Point,CURRENT,°C,4.108356181303559
2026-05-02T01:30:00+00:00,22411525-1,Temperature,CURRENT,°C,4.244365234374996
2026-05-02T01:30:00+00:00,22411525-2,RH,CURRENT,%,96.28747997253376
2026-05-02T01:30:00+00:00,22411525-3,Dew Point,CURRENT,°C,3.7079126382713223
2026-05-02T01:30:00+00:00,22411526-1,Temperature,CURRENT,°C,4.3087158203125
2026-05-02T01:30:00+00:00,22411526-2,RH,CURRENT,%,97.34798199435416
2026-05-02T01:30:00+00:00,22411526-3,Dew Point,CURRENT,°C,3.9277664495071343
2026-05-02T01:30:00+00:00,22411527-1,Temperature,CURRENT,°C,4.2658154296875
2026-05-02T01:30:00+00:00,22411527-2,RH,CURRENT,%,96.51941710536354
2026-05-02T01:30:00+00:00,22411527-3,Dew Point,CURRENT,°C,3.763467847117451
2026-05-02T01:30:00+00:00,22411528-1,Temperature,CURRENT,°C,4.373066406249997
2026-05-02T01:30:00+00:00,22411528-2,RH,CURRENT,%,99.03715571831846
2026-05-02T01:30:00+00:00,22411528-3,Dew Point,CURRENT,°C,4.237062408097162
2026-05-02T01:30:00+00:00,22411529-1,Temperature,CURRENT,°C,4.501767578124998
2026-05-02T01:30:00+00:00,22411529-2,RH,CURRENT,%,99.04631113145648
2026-05-02T01:30:00+00:00,22411529-3,Dew Point,CURRENT,°C,4.3671422114651826
2026-05-02T01:30:00+00:00,22411530-1,Temperature,CURRENT,°C,4.287265624999996
2026-05-02T01:30:00+00:00,22411530-2,RH,CURRENT,%,96.5117875944152
2026-05-02T01:30:00+00:00,22411530-3,Dew Point,CURRENT,°C,3.7837400212242995
2026-05-02T01:31:00+00:00,22411541-S,Battery,CURRENT,V,8.590465576171875
2026-05-02T01:35:00+00:00,22411189-1,Temperature,CURRENT,°C,4.330166015624997
2026-05-02T01:35:00+00:00,22411189-2,RH,CURRENT,%,100
2026-05-02T01:35:00+00:00,22411189-3,Dew Point,CURRENT,°C,4.332126793097853
2026-05-02T01:35:00+00:00,22411190-1,Temperature,CURRENT,°C,4.3087158203125
2026-05-02T01:35:00+00:00,22411190-2,RH,CURRENT,%,96.56519417105363
2026-05-02T01:35:00+00:00,22411190-3,Dew Point,CURRENT,°C,3.812995196828958
2026-05-02T01:35:00+00:00,22411191-1,Temperature,CURRENT,°C,4.330166015624997
2026-05-02T01:35:00+00:00,22411191-2,RH,CURRENT,%,99.09819180590524
2026-05-02T01:35:00+00:00,22411191-3,Dew Point,CURRENT,°C,4.202924374092306
2026-05-02T01:35:00+00:00,22411525-1,Temperature,CURRENT,°C,4.3087158203125
2026-05-02T01:35:00+00:00,22411525-2,RH,CURRENT,%,96.48432135500114
2026-05-02T01:35:00+00:00,22411525-3,Dew Point,CURRENT,°C,3.80109099849193
2026-05-02T01:35:00+00:00,22411526-1,Temperature,CURRENT,°C,4.330166015624997
2026-05-02T01:35:00+00:00,22411526-2,RH,CURRENT,%,97.50820172426947
2026-05-02T01:35:00+00:00,22411526-3,Dew Point,CURRENT,°C,3.972577980047855
2026-05-02T01:35:00+00:00,22411527-1,Temperature,CURRENT,°C,4.330166015624997
2026-05-02T01:35:00+00:00,22411527-2,RH,CURRENT,%,96.68574044403753
2026-05-02T01:35:00+00:00,22411527-3,Dew Point,CURRENT,°C,3.852122298190187
2026-05-02T01:35:00+00:00,22411528-1,Temperature,CURRENT,°C,4.415966796874997
2026-05-02T01:35:00+00:00,22411528-2,RH,CURRENT,%,99.24925612268254
2026-05-02T01:35:00+00:00,22411528-3,Dew Point,CURRENT,°C,4.310501433986694
2026-05-02T01:35:00+00:00,22411529-1,Temperature,CURRENT,°C,4.544667968749998
2026-05-02T01:35:00+00:00,22411529-2,RH,CURRENT,%,99.15770199130236
2026-05-02T01:35:00+00:00,22411529-3,Dew Point,CURRENT,°C,4.426113625054842
2026-05-02T01:35:00+00:00,22411530-1,Temperature,CURRENT,°C,4.373066406249997
2026-05-02T01:35:00+00:00,22411530-2,RH,CURRENT,%,96.62470435645075
2026-05-02T01:35:00+00:00,22411530-3,Dew Point,CURRENT,°C,3.885942755313866
2026-05-02T01:36:00+00:00,22411541-S,Battery,CURRENT,V,8.590465576171875
2026-05-02T01:40:00+00:00,22411189-1,Temperature,CURRENT,°C,4.394516601562501
2026-05-02T01:40:00+00:00,22411189-2,RH,CURRENT,%,100
2026-05-02T01:40:00+00:00,22411189-3,Dew Point,CURRENT,°C,4.396580455596324
2026-05-02T01:40:00+00:00,22411190-1,Temperature,CURRENT,°C,4.3516162109375
2026-05-02T01:40:00+00:00,22411190-2,RH,CURRENT,%,96.65369649805447
2026-05-02T01:40:00+00:00,22411190-3,Dew Point,CURRENT,°C,3.868809529983659
2026-05-02T01:40:00+00:00,22411191-1,Temperature,CURRENT,°C,4.373066406249997
2026-05-02T01:40:00+00:00,22411191-2,RH,CURRENT,%,99.08293278400855
2026-05-02T01:40:00+00:00,22411191-3,Dew Point,CURRENT,°C,4.243651760852437
2026-05-02T01:40:00+00:00,22411525-1,Temperature,CURRENT,°C,4.330166015624997
2026-05-02T01:40:00+00:00,22411525-2,RH,CURRENT,%,96.3561455710689
2026-05-02T01:40:00+00:00,22411525-3,Dew Point,CURRENT,°C,3.8035967493583382
2026-05-02T01:40:00+00:00,22411526-1,Temperature,CURRENT,°C,4.394516601562501
2026-05-02T01:40:00+00:00,22411526-2,RH,CURRENT,%,97.56923781185625
2026-05-02T01:40:00+00:00,22411526-3,Dew Point,CURRENT,°C,4.04574842236609
2026-05-02T01:40:00+00:00,22411527-1,Temperature,CURRENT,°C,4.3516162109375
2026-05-02T01:40:00+00:00,22411527-2,RH,CURRENT,%,96.53772793163958
2026-05-02T01:40:00+00:00,22411527-3,Dew Point,CURRENT,°C,3.85174437601107
2026-05-02T01:40:00+00:00,22411528-1,Temperature,CURRENT,°C,4.480317382812501
2026-05-02T01:40:00+00:00,22411528-2,RH,CURRENT,%,99.44457160296025
2026-05-02T01:40:00+00:00,22411528-3,Dew Point,CURRENT,°C,4.402965669119958
2026-05-02T01:40:00+00:00,22411529-1,Temperature,CURRENT,°C,4.609018554687495
2026-05-02T01:40:00+00:00,22411529-2,RH,CURRENT,%,99.35454337376974
2026-05-02T01:40:00+00:00,22411529-3,Dew Point,CURRENT,°C,4.518843047916347
2026-05-02T01:40:00+00:00,22411530-1,Temperature,CURRENT,°C,4.394516601562501
2026-05-02T01:40:00+00:00,22411530-2,RH,CURRENT,%,96.6475928892958
2026-05-02T01:40:00+00:00,22411530-3,Dew Point,CURRENT,°C,3.9107086385926313
2026-05-02T01:41:00+00:00,22411541-S,Battery,CURRENT,V,8.590465576171875
2026-05-02T01:45:00+00:00,22411189-1,Temperature,CURRENT,°C,4.3516162109375
2026-05-02T01:45:00+00:00,22411189-2,RH,CURRENT,%,100
2026-05-02T01:45:00+00:00,22411189-3,Dew Point,CURRENT,°C,4.353611347499066
2026-05-02T01:45:00+00:00,22411190-1,Temperature,CURRENT,°C,4.330166015624997
2026-05-02T01:45:00+00:00,22411190-2,RH,CURRENT,%,96.73151750972762
2026-05-02T01:45:00+00:00,22411190-3,Dew Point,CURRENT,°C,3.8588504104101142
2026-05-02T01:45:00+00:00,22411191-1,Temperature,CURRENT,°C,4.3516162109375
2026-05-02T01:45:00+00:00,22411191-2,RH,CURRENT,%,99.34996566720073
2026-05-02T01:45:00+00:00,22411191-3,Dew Point,CURRENT,°C,4.260568175153361
2026-05-02T01:45:00+00:00,22411525-1,Temperature,CURRENT,°C,4.3087158203125
2026-05-02T01:45:00+00:00,22411525-2,RH,CURRENT,%,96.63538567177844
2026-05-02T01:45:00+00:00,22411525-3,Dew Point,CURRENT,°C,3.823320014077843
2026-05-02T01:45:00+00:00,22411526-1,Temperature,CURRENT,°C,4.373066406249997
2026-05-02T01:45:00+00:00,22411526-2,RH,CURRENT,%,97.65468833447775
2026-05-02T01:45:00+00:00,22411526-3,Dew Point,CURRENT,°C,4.036787048504768
2026-05-02T01:45:00+00:00,22411527-1,Temperature,CURRENT,°C,4.330166015624997
2026-05-02T01:45:00+00:00,22411527-2,RH,CURRENT,%,96.84138246738384
2026-05-02T01:45:00+00:00,22411527-3,Dew Point,CURRENT,°C,3.874986425029321
2026-05-02T01:45:00+00:00,22411528-1,Temperature,CURRENT,°C,4.437416992187501
2026-05-02T01:45:00+00:00,22411528-2,RH,CURRENT,%,99.482719157702
2026-05-02T01:45:00+00:00,22411528-3,Dew Point,CURRENT,°C,4.36549916567371
2026-05-02T01:45:00+00:00,22411529-1,Temperature,CURRENT,°C,4.587568359374998
2026-05-02T01:45:00+00:00,22411529-2,RH,CURRENT,%,99.27977416647593
2026-05-02T01:45:00+00:00,22411529-3,Dew Point,CURRENT,°C,4.486617821107767
2026-05-02T01:45:00+00:00,22411530-1,Temperature,CURRENT,°C,4.373066406249997
2026-05-02T01:45:00+00:00,22411530-2,RH,CURRENT,%,96.73914702067597
2026-05-02T01:45:00+00:00,22411530-3,Dew Point,CURRENT,°C,3.9027730986483538
2026-05-02T01:46:00+00:00,22411541-S,Battery,CURRENT,V,8.584004150390625
2026-05-02T01:50:00+00:00,22411189-1,Temperature,CURRENT,°C,4.3516162109375
2026-05-02T01:50:00+00:00,22411189-2,RH,CURRENT,%,100
2026-05-02T01:50:00+00:00,22411189-3,Dew Point,CURRENT,°C,4.353611347499066
2026-05-02T01:50:00+00:00,22411190-1,Temperature,CURRENT,°C,4.330166015624997
2026-05-02T01:50:00+00:00,22411190-2,RH,CURRENT,%,96.8184939345388
2026-05-02T01:50:00+00:00,22411190-3,Dew Point,CURRENT,°C,3.8716260877398385
2026-05-02T01:50:00+00:00,22411191-1,Temperature,CURRENT,°C,4.330166015624997
2026-05-02T01:50:00+00:00,22411191-2,RH,CURRENT,%,99.42778667887389
2026-05-02T01:50:00+00:00,22411191-3,Dew Point,CURRENT,°C,4.25026537114669
2026-05-02T01:50:00+00:00,22411525-1,Temperature,CURRENT,°C,4.3087158203125
2026-05-02T01:50:00+00:00,22411525-2,RH,CURRENT,%,96.7025253681239
2026-05-02T01:50:00+00:00,22411525-3,Dew Point,CURRENT,°C,3.833189736368985
2026-05-02T01:50:00+00:00,22411526-1,Temperature,CURRENT,°C,4.3516162109375
2026-05-02T01:50:00+00:00,22411526-2,RH,CURRENT,%,97.66079194323643
2026-05-02T01:50:00+00:00,22411526-3,Dew Point,CURRENT,°C,4.016252043339019
2026-05-02T01:50:00+00:00,22411527-1,Temperature,CURRENT,°C,4.3087158203125
2026-05-02T01:50:00+00:00,22411527-2,RH,CURRENT,%,96.84443427176318
2026-05-02T01:50:00+00:00,22411527-3,Dew Point,CURRENT,°C,3.8540308610991345
2026-05-02T01:50:00+00:00,22411528-1,Temperature,CURRENT,°C,4.415966796874997
2026-05-02T01:50:00+00:00,22411528-2,RH,CURRENT,%,99.39574273289082
2026-05-02T01:50:00+00:00,22411528-3,Dew Point,CURRENT,°C,4.33154567350212
2026-05-02T01:50:00+00:00,22411529-1,Temperature,CURRENT,°C,4.544667968749998
2026-05-02T01:50:00+00:00,22411529-2,RH,CURRENT,%,99.14244296940566
2026-05-02T01:50:00+00:00,22411529-3,Dew Point,CURRENT,°C,4.423915817491807
2026-05-02T01:50:00+00:00,22411530-1,Temperature,CURRENT,°C,4.373066406249997
2026-05-02T01:50:00+00:00,22411530-2,RH,CURRENT,%,96.82764934767681
2026-05-02T01:50:00+00:00,22411530-3,Dew Point,CURRENT,°C,3.9157765231030623
2026-05-02T01:51:00+00:00,22411541-S,Battery,CURRENT,V,8.577542724609375
2026-05-02T01:55:00+00:00,22411189-1,Temperature,CURRENT,°C,4.330166015624997
2026-05-02T01:55:00+00:00,22411189-2,RH,CURRENT,%,100
2026-05-02T01:55:00+00:00,22411189-3,Dew Point,CURRENT,°C,4.332126793097853
2026-05-02T01:55:00+00:00,22411190-1,Temperature,CURRENT,°C,4.3087158203125
2026-05-02T01:55:00+00:00,22411190-2,RH,CURRENT,%,96.91462577248798
2026-05-02T01:55:00+00:00,22411190-3,Dew Point,CURRENT,°C,3.864329416259286
2026-05-02T01:55:00+00:00,22411191-1,Temperature,CURRENT,°C,4.330166015624997
2026-05-02T01:55:00+00:00,22411191-2,RH,CURRENT,%,99.63378347447929
2026-05-02T01:55:00+00:00,22411191-3,Dew Point,CURRENT,°C,4.279783244047155
2026-05-02T01:55:00+00:00,22411525-1,Temperature,CURRENT,°C,4.3087158203125
2026-05-02T01:55:00+00:00,22411525-2,RH,CURRENT,%,96.82154573891813
2026-05-02T01:55:00+00:00,22411525-3,Dew Point,CURRENT,°C,3.8506712126542677
2026-05-02T01:55:00+00:00,22411526-1,Temperature,CURRENT,°C,4.3516162109375
2026-05-02T01:55:00+00:00,22411526-2,RH,CURRENT,%,97.83779659723811
2026-05-02T01:55:00+00:00,22411526-3,Dew Point,CURRENT,°C,4.042027470278048
2026-05-02T01:55:00+00:00,22411527-1,Temperature,CURRENT,°C,4.330166015624997
2026-05-02T01:55:00+00:00,22411527-2,RH,CURRENT,%,96.96345464255741
2026-05-02T01:55:00+00:00,22411527-3,Dew Point,CURRENT,°C,3.892896398005971
2026-05-02T01:55:00+00:00,22411528-1,Temperature,CURRENT,°C,4.415966796874997
2026-05-02T01:55:00+00:00,22411528-2,RH,CURRENT,%,99.54680704966812
2026-05-02T01:55:00+00:00,22411528-3,Dew Point,CURRENT,°C,4.353218911947894
2026-05-02T01:55:00+00:00,22411529-1,Temperature,CURRENT,°C,4.501767578124998
2026-05-02T01:55:00+00:00,22411529-2,RH,CURRENT,%,99.14244296940566
2026-05-02T01:55:00+00:00,22411529-3,Dew Point,CURRENT,°C,4.38099035258309
2026-05-02T01:55:00+00:00,22411530-1,Temperature,CURRENT,°C,4.3516162109375
2026-05-02T01:55:00+00:00,22411530-2,RH,CURRENT,%,96.91767757686732
2026-05-02T01:55:00+00:00,22411530-3,Dew Point,CURRENT,°C,3.907587943927841
2026-05-02T01:56:00+00:00,22411541-S,Battery,CURRENT,V,8.577542724609375
2026-05-02T02:00:00+00:00,22411189-1,Temperature,CURRENT,°C,4.330166015624997
2026-05-02T02:00:00+00:00,22411189-2,RH,CURRENT,%,100
2026-05-02T02:00:00+00:00,22411189-3,Dew Point,CURRENT,°C,4.332126793097853
2026-05-02T02:00:00+00:00,22411190-1,Temperature,CURRENT,°C,4.3087158203125
2026-05-02T02:00:00+00:00,22411190-2,RH,CURRENT,%,96.98786907759212
2026-05-02T02:00:00+00:00,22411190-3,Dew Point,CURRENT,°C,3.8750687206375884
2026-05-02T02:00:00+00:00,22411191-1,Temperature,CURRENT,°C,4.3516162109375
2026-05-02T02:00:00+00:00,22411191-2,RH,CURRENT,%,99.73296711680781
2026-05-02T02:00:00+00:00,22411191-3,Dew Point,CURRENT,°C,4.315454139136359
2026-05-02T02:00:00+00:00,22411525-1,Temperature,CURRENT,°C,4.330166015624997
2026-05-02T02:00:00+00:00,22411525-2,RH,CURRENT,%,96.91462577248798
2026-05-02T02:00:00+00:00,22411525-3,Dew Point,CURRENT,°C,3.8857347973981846
2026-05-02T02:00:00+00:00,22411526-1,Temperature,CURRENT,°C,4.330166015624997
2026-05-02T02:00:00+00:00,22411526-2,RH,CURRENT,%,97.83016708628976
2026-05-02T02:00:00+00:00,22411526-3,Dew Point,CURRENT,°C,4.019488225657586
2026-05-02T02:00:00+00:00,22411527-1,Temperature,CURRENT,°C,4.330166015624997
2026-05-02T02:00:00+00:00,22411527-2,RH,CURRENT,%,97.00465400167849
2026-05-02T02:00:00+00:00,22411527-3,Dew Point,CURRENT,°C,3.8989365239248324
2026-05-02T02:00:00+00:00,22411528-1,Temperature,CURRENT,°C,4.394516601562501
2026-05-02T02:00:00+00:00,22411528-2,RH,CURRENT,%,99.54222934309911
2026-05-02T02:00:00+00:00,22411528-3,Dew Point,CURRENT,°C,4.331089642566762
2026-05-02T02:00:00+00:00,22411529-1,Temperature,CURRENT,°C,4.501767578124998
2026-05-02T02:00:00+00:00,22411529-2,RH,CURRENT,%,99.2111085679408
2026-05-02T02:00:00+00:00,22411529-3,Dew Point,CURRENT,°C,4.3908746323917835
2026-05-02T02:00:00+00:00,22411530-1,Temperature,CURRENT,°C,4.373066406249997
2026-05-02T02:00:00+00:00,22411530-2,RH,CURRENT,%,96.93141069657435
2026-05-02T02:00:00+00:00,22411530-3,Dew Point,CURRENT,°C,3.9310085698725645
2026-05-02T02:01:00+00:00,22411541-S,Battery,CURRENT,V,8.577542724609375
2026-05-02T02:05:00+00:00,22411189-1,Temperature,CURRENT,°C,4.3087158203125
2026-05-02T02:05:00+00:00,22411189-2,RH,CURRENT,%,100
2026-05-02T02:05:00+00:00,22411189-3,Dew Point,CURRENT,°C,4.31064223846159
2026-05-02T02:05:00+00:00,22411190-1,Temperature,CURRENT,°C,4.3087158203125
2026-05-02T02:05:00+00:00,22411190-2,RH,CURRENT,%,96.92683299000534
2026-05-02T02:05:00+00:00,22411190-3,Dew Point,CURRENT,°C,3.8661197975062147
2026-05-02T02:05:00+00:00,22411191-1,Temperature,CURRENT,°C,4.330166015624997
2026-05-02T02:05:00+00:00,22411191-2,RH,CURRENT,%,99.75585564965286
2026-05-02T02:05:00+00:00,22411191-3,Dew Point,CURRENT,°C,4.297249923172438
2026-05-02T02:05:00+00:00,22411525-1,Temperature,CURRENT,°C,4.3087158203125
2026-05-02T02:05:00+00:00,22411525-2,RH,CURRENT,%,96.88258182650492
2026-05-02T02:05:00+00:00,22411525-3,Dew Point,CURRENT,°C,3.859628718635251
2026-05-02T02:05:00+00:00,22411526-1,Temperature,CURRENT,°C,4.330166015624997
2026-05-02T02:05:00+00:00,22411526-2,RH,CURRENT,%,97.87594415197985
2026-05-02T02:05:00+00:00,22411526-3,Dew Point,CURRENT,°C,4.026146865802682
2026-05-02T02:05:00+00:00,22411527-1,Temperature,CURRENT,°C,4.3087158203125
2026-05-02T02:05:00+00:00,22411527-2,RH,CURRENT,%,97.0138094148165
2026-05-02T02:05:00+00:00,22411527-3,Dew Point,CURRENT,°C,3.8788705084034567
2026-05-02T02:05:00+00:00,22411528-1,Temperature,CURRENT,°C,4.373066406249997
2026-05-02T02:05:00+00:00,22411528-2,RH,CURRENT,%,99.53307392996109
2026-05-02T02:05:00+00:00,22411528-3,Dew Point,CURRENT,°C,4.308304419403151
2026-05-02T02:05:00+00:00,22411529-1,Temperature,CURRENT,°C,4.480317382812501
2026-05-02T02:05:00+00:00,22411529-2,RH,CURRENT,%,99.08903639276723
2026-05-02T02:05:00+00:00,22411529-3,Dew Point,CURRENT,°C,4.351837031967355
2026-05-02T02:05:00+00:00,22411530-1,Temperature,CURRENT,°C,4.3516162109375
2026-05-02T02:05:00+00:00,22411530-2,RH,CURRENT,%,97.0290684367132
2026-05-02T02:05:00+00:00,22411530-3,Dew Point,CURRENT,°C,3.9239231375132886
2026-05-02T02:06:00+00:00,22411541-S,Battery,CURRENT,V,8.584004150390625
2026-05-02T02:10:00+00:00,22411189-1,Temperature,CURRENT,°C,4.3087158203125
2026-05-02T02:10:00+00:00,22411189-2,RH,CURRENT,%,100
2026-05-02T02:10:00+00:00,22411189-3,Dew Point,CURRENT,°C,4.31064223846159
2026-05-02T02:10:00+00:00,22411190-1,Temperature,CURRENT,°C,4.3087158203125
2026-05-02T02:10:00+00:00,22411190-2,RH,CURRENT,%,96.92683299000534
2026-05-02T02:10:00+00:00,22411190-3,Dew Point,CURRENT,°C,3.8661197975062147
2026-05-02T02:10:00+00:00,22411191-1,Temperature,CURRENT,°C,4.3516162109375
2026-05-02T02:10:00+00:00,22411191-2,RH,CURRENT,%,99.79705500877394
2026-05-02T02:10:00+00:00,22411191-3,Dew Point,CURRENT,°C,4.324620080506501
2026-05-02T02:10:00+00:00,22411525-1,Temperature,CURRENT,°C,4.330166015624997
2026-05-02T02:10:00+00:00,22411525-2,RH,CURRENT,%,96.93598840314336
2026-05-02T02:10:00+00:00,22411525-3,Dew Point,CURRENT,°C,3.8888683892999882
2026-05-02T02:10:00+00:00,22411526-1,Temperature,CURRENT,°C,4.330166015624997
2026-05-02T02:10:00+00:00,22411526-2,RH,CURRENT,%,97.81185626001373
2026-05-02T02:10:00+00:00,22411526-3,Dew Point,CURRENT,°C,4.016823999910049
2026-05-02T02:10:00+00:00,22411527-1,Temperature,CURRENT,°C,4.3516162109375
2026-05-02T02:10:00+00:00,22411527-2,RH,CURRENT,%,97.12825207904173
2026-05-02T02:10:00+00:00,22411527-3,Dew Point,CURRENT,°C,3.938454253826895
2026-05-02T02:10:00+00:00,22411528-1,Temperature,CURRENT,°C,4.394516601562501
2026-05-02T02:10:00+00:00,22411528-2,RH,CURRENT,%,99.49034866865034
2026-05-02T02:10:00+00:00,22411528-3,Dew Point,CURRENT,°C,4.323650599104203
2026-05-02T02:10:00+00:00,22411529-1,Temperature,CURRENT,°C,4.523217773437501
2026-05-02T02:10:00+00:00,22411529-2,RH,CURRENT,%,99.2111085679408
2026-05-02T02:10:00+00:00,22411529-3,Dew Point,CURRENT,°C,4.412339118710837
2026-05-02T02:10:00+00:00,22411530-1,Temperature,CURRENT,°C,4.373066406249997
2026-05-02T02:10:00+00:00,22411530-2,RH,CURRENT,%,97.22590981918059
2026-05-02T02:10:00+00:00,22411530-3,Dew Point,CURRENT,°C,3.974162478253232
2026-05-02T02:11:00+00:00,22411541-S,Battery,CURRENT,V,8.574312011718751
2026-05-02T02:15:00+00:00,22411189-1,Temperature,CURRENT,°C,4.3516162109375
2026-05-02T02:15:00+00:00,22411189-2,RH,CURRENT,%,100
2026-05-02T02:15:00+00:00,22411189-3,Dew Point,CURRENT,°C,4.353611347499066
2026-05-02T02:15:00+00:00,22411190-1,Temperature,CURRENT,°C,4.3516162109375
2026-05-02T02:15:00+00:00,22411190-2,RH,CURRENT,%,96.99244678416113
2026-05-02T02:15:00+00:00,22411190-3,Dew Point,CURRENT,°C,3.918554489360897
2026-05-02T02:15:00+00:00,22411191-1,Temperature,CURRENT,°C,4.394516601562501
2026-05-02T02:15:00+00:00,22411191-2,RH,CURRENT,%,99.7787441824979
2026-05-02T02:15:00+00:00,22411191-3,Dew Point,CURRENT,°C,4.364959655285338
2026-05-02T02:15:00+00:00,22411525-1,Temperature,CURRENT,°C,4.373066406249997
2026-05-02T02:15:00+00:00,22411525-2,RH,CURRENT,%,96.9588769359884
2026-05-02T02:15:00+00:00,22411525-3,Dew Point,CURRENT,°C,3.935038174188732
2026-05-02T02:15:00+00:00,22411526-1,Temperature,CURRENT,°C,4.373066406249997
2026-05-02T02:15:00+00:00,22411526-2,RH,CURRENT,%,97.86526283665216
2026-05-02T02:15:00+00:00,22411526-3,Dew Point,CURRENT,°C,4.067453401457027
2026-05-02T02:15:00+00:00,22411527-1,Temperature,CURRENT,°C,4.373066406249997
2026-05-02T02:15:00+00:00,22411527-2,RH,CURRENT,%,97.1099412527657
2026-05-02T02:15:00+00:00,22411527-3,Dew Point,CURRENT,°C,3.9571830124687857
2026-05-02T02:15:00+00:00,22411528-1,Temperature,CURRENT,°C,4.458867187499997
2026-05-02T02:15:00+00:00,22411528-2,RH,CURRENT,%,99.55901426718547
2026-05-02T02:15:00+00:00,22411528-3,Dew Point,CURRENT,°C,4.397915729717236
2026-05-02T02:15:00+00:00,22411529-1,Temperature,CURRENT,°C,4.609018554687495
2026-05-02T02:15:00+00:00,22411529-2,RH,CURRENT,%,99.2614633401999
2026-05-02T02:15:00+00:00,22411529-3,Dew Point,CURRENT,°C,4.505448106201102
2026-05-02T02:15:00+00:00,22411530-1,Temperature,CURRENT,°C,4.415966796874997
2026-05-02T02:15:00+00:00,22411530-2,RH,CURRENT,%,97.18318455786984
2026-05-02T02:15:00+00:00,22411530-3,Dew Point,CURRENT,°C,4.0107336279075145
2026-05-02T02:16:00+00:00,22411541-S,Battery,CURRENT,V,8.574312011718751
2026-05-02T02:20:00+00:00,22411189-1,Temperature,CURRENT,°C,4.437416992187501
2026-05-02T02:20:00+00:00,22411189-2,RH,CURRENT,%,100
2026-05-02T02:20:00+00:00,22411189-3,Dew Point,CURRENT,°C,4.4395495627533625
2026-05-02T02:20:00+00:00,22411190-1,Temperature,CURRENT,°C,4.415966796874997
2026-05-02T02:20:00+00:00,22411190-2,RH,CURRENT,%,97.00160219729915
2026-05-02T02:20:00+00:00,22411190-3,Dew Point,CURRENT,°C,3.9841196794587614
2026-05-02T02:20:00+00:00,22411191-1,Temperature,CURRENT,°C,4.458867187499997
2026-05-02T02:20:00+00:00,22411191-2,RH,CURRENT,%,99.62005035477226
2026-05-02T02:20:00+00:00,22411191-3,Dew Point,CURRENT,°C,4.406666524297335
2026-05-02T02:20:00+00:00,22411525-1,Temperature,CURRENT,°C,4.394516601562501
2026-05-02T02:20:00+00:00,22411525-2,RH,CURRENT,%,96.98329137102311
2026-05-02T02:20:00+00:00,22411525-3,Dew Point,CURRENT,°C,3.960026343637566
2026-05-02T02:20:00+00:00,22411526-1,Temperature,CURRENT,°C,4.458867187499997
2026-05-02T02:20:00+00:00,22411526-2,RH,CURRENT,%,97.87441824979018
2026-05-02T02:20:00+00:00,22411526-3,Dew Point,CURRENT,°C,4.154506229206992
2026-05-02T02:20:00+00:00,22411527-1,Temperature,CURRENT,°C,4.394516601562501
2026-05-02T02:20:00+00:00,22411527-2,RH,CURRENT,%,97.10231174181735
2026-05-02T02:20:00+00:00,22411527-3,Dew Point,CURRENT,°C,3.977475551014776
2026-05-02T02:20:00+00:00,22411528-1,Temperature,CURRENT,°C,4.523217773437501
2026-05-02T02:20:00+00:00,22411528-2,RH,CURRENT,%,99.56511787594415
2026-05-02T02:20:00+00:00,22411528-3,Dew Point,CURRENT,°C,4.463211546918371
2026-05-02T02:20:00+00:00,22411529-1,Temperature,CURRENT,°C,4.630468749999999
2026-05-02T02:20:00+00:00,22411529-2,RH,CURRENT,%,99.07377737087053
2026-05-02T02:20:00+00:00,22411529-3,Dew Point,CURRENT,°C,4.499865876221825
2026-05-02T02:20:00+00:00,22411530-1,Temperature,CURRENT,°C,4.458867187499997
2026-05-02T02:20:00+00:00,22411530-2,RH,CURRENT,%,97.16945143816281
2026-05-02T02:20:00+00:00,22411530-3,Dew Point,CURRENT,°C,4.051546265649265
2026-05-02T02:21:00+00:00,22411541-S,Battery,CURRENT,V,8.567850585937501
2026-05-02T02:25:00+00:00,22411189-1,Temperature,CURRENT,°C,4.373066406249997
2026-05-02T02:25:00+00:00,22411189-2,RH,CURRENT,%,100
2026-05-02T02:25:00+00:00,22411189-3,Dew Point,CURRENT,°C,4.375095901665219
2026-05-02T02:25:00+00:00,22411190-1,Temperature,CURRENT,°C,4.373066406249997
2026-05-02T02:25:00+00:00,22411190-2,RH,CURRENT,%,96.61249713893339
2026-05-02T02:25:00+00:00,22411190-3,Dew Point,CURRENT,°C,3.8841464807765176
2026-05-02T02:25:00+00:00,22411191-1,Temperature,CURRENT,°C,4.437416992187501
2026-05-02T02:25:00+00:00,22411191-2,RH,CURRENT,%,99.09361409933624
2026-05-02T02:25:00+00:00,22411191-3,Dew Point,CURRENT,°C,4.3095733837911645
2026-05-02T02:25:00+00:00,22411525-1,Temperature,CURRENT,°C,4.373066406249997
2026-05-02T02:25:00+00:00,22411525-2,RH,CURRENT,%,96.88105592431525
2026-05-02T02:25:00+00:00,22411525-3,Dew Point,CURRENT,°C,3.9236183447992485
2026-05-02T02:25:00+00:00,22411526-1,Temperature,CURRENT,°C,4.394516601562501
2026-05-02T02:25:00+00:00,22411526-2,RH,CURRENT,%,97.6470588235294
2026-05-02T02:25:00+00:00,22411526-3,Dew Point,CURRENT,°C,4.057099199180343
2026-05-02T02:25:00+00:00,22411527-1,Temperature,CURRENT,°C,4.394516601562501
2026-05-02T02:25:00+00:00,22411527-2,RH,CURRENT,%,97.04127565423056
2026-05-02T02:25:00+00:00,22411527-3,Dew Point,CURRENT,°C,3.968529598162484
2026-05-02T02:25:00+00:00,22411528-1,Temperature,CURRENT,°C,4.437416992187501
2026-05-02T02:25:00+00:00,22411528-2,RH,CURRENT,%,99.316395819028
2026-05-02T02:25:00+00:00,22411528-3,Dew Point,CURRENT,°C,4.341617288076176
2026-05-02T02:25:00+00:00,22411529-1,Temperature,CURRENT,°C,4.566118164062502
2026-05-02T02:25:00+00:00,22411529-2,RH,CURRENT,%,98.38864728770886
2026-05-02T02:25:00+00:00,22411529-3,Dew Point,CURRENT,°C,4.336414338941011
2026-05-02T02:25:00+00:00,22411530-1,Temperature,CURRENT,°C,4.415966796874997
2026-05-02T02:25:00+00:00,22411530-2,RH,CURRENT,%,97.14808880750743
2026-05-02T02:25:00+00:00,22411530-3,Dew Point,CURRENT,°C,4.0055931777179685
2026-05-02T02:26:00+00:00,22411541-S,Battery,CURRENT,V,8.577542724609375
2026-05-02T02:30:00+00:00,22411189-1,Temperature,CURRENT,°C,4.415966796874997
2026-05-02T02:30:00+00:00,22411189-2,RH,CURRENT,%,100
2026-05-02T02:30:00+00:00,22411189-3,Dew Point,CURRENT,°C,4.418065009292362
2026-05-02T02:30:00+00:00,22411190-1,Temperature,CURRENT,°C,4.394516601562501
2026-05-02T02:30:00+00:00,22411190-2,RH,CURRENT,%,96.48737315938048
2026-05-02T02:30:00+00:00,22411190-3,Dew Point,CURRENT,°C,3.8871173417033424
2026-05-02T02:30:00+00:00,22411191-1,Temperature,CURRENT,°C,4.458867187499997
2026-05-02T02:30:00+00:00,22411191-2,RH,CURRENT,%,98.97917143511101
2026-05-02T02:30:00+00:00,22411191-3,Dew Point,CURRENT,°C,4.31454632945494
2026-05-02T02:30:00+00:00,22411525-1,Temperature,CURRENT,°C,4.415966796874997
2026-05-02T02:30:00+00:00,22411525-2,RH,CURRENT,%,96.83527885862516
2026-05-02T02:30:00+00:00,22411525-3,Dew Point,CURRENT,°C,3.9597036005889303
2026-05-02T02:30:00+00:00,22411526-1,Temperature,CURRENT,°C,4.437416992187501
2026-05-02T02:30:00+00:00,22411526-2,RH,CURRENT,%,97.50057221332112
2026-05-02T02:30:00+00:00,22411526-3,Dew Point,CURRENT,°C,4.078567493406494
2026-05-02T02:30:00+00:00,22411527-1,Temperature,CURRENT,°C,4.415966796874997
2026-05-02T02:30:00+00:00,22411527-2,RH,CURRENT,%,97.0244907301442
2026-05-02T02:30:00+00:00,22411527-3,Dew Point,CURRENT,°C,3.9874767986416257
2026-05-02T02:30:00+00:00,22411528-1,Temperature,CURRENT,°C,4.458867187499997
2026-05-02T02:30:00+00:00,22411528-2,RH,CURRENT,%,99.19432364385443
2026-05-02T02:30:00+00:00,22411528-3,Dew Point,CURRENT,°C,4.345530910406816
2026-05-02T02:30:00+00:00,22411529-1,Temperature,CURRENT,°C,4.587568359374998
2026-05-02T02:30:00+00:00,22411529-2,RH,CURRENT,%,98.48935683222706
2026-05-02T02:30:00+00:00,22411529-3,Dew Point,CURRENT,°C,4.372460841821226
2026-05-02T02:30:00+00:00,22411530-1,Temperature,CURRENT,°C,4.437416992187501
2026-05-02T02:30:00+00:00,22411530-2,RH,CURRENT,%,97.03212024109254
2026-05-02T02:30:00+00:00,22411530-3,Dew Point,CURRENT,°C,4.010004082135978
2026-05-02T02:31:00+00:00,22411541-S,Battery,CURRENT,V,8.567850585937501
2026-05-02T02:35:00+00:00,22411189-1,Temperature,CURRENT,°C,4.437416992187501
2026-05-02T02:35:00+00:00,22411189-2,RH,CURRENT,%,100
2026-05-02T02:35:00+00:00,22411189-3,Dew Point,CURRENT,°C,4.4395495627533625
2026-05-02T02:35:00+00:00,22411190-1,Temperature,CURRENT,°C,4.437416992187501
2026-05-02T02:35:00+00:00,22411190-2,RH,CURRENT,%,96.50720988784619
2026-05-02T02:35:00+00:00,22411190-3,Dew Point,CURRENT,°C,3.9328295130559874
2026-05-02T02:35:00+00:00,22411191-1,Temperature,CURRENT,°C,4.480317382812501
2026-05-02T02:35:00+00:00,22411191-2,RH,CURRENT,%,98.92881666285191
2026-05-02T02:35:00+00:00,22411191-3,Dew Point,CURRENT,°C,4.3287433197628555
2026-05-02T02:35:00+00:00,22411525-1,Temperature,CURRENT,°C,4.437416992187501
2026-05-02T02:35:00+00:00,22411525-2,RH,CURRENT,%,96.85511558709086
2026-05-02T02:35:00+00:00,22411525-3,Dew Point,CURRENT,°C,3.9840213492233825
2026-05-02T02:35:00+00:00,22411526-1,Temperature,CURRENT,°C,4.458867187499997
2026-05-02T02:35:00+00:00,22411526-2,RH,CURRENT,%,97.41817349507896
2026-05-02T02:35:00+00:00,22411526-3,Dew Point,CURRENT,°C,4.087946979949192
2026-05-02T02:35:00+00:00,22411527-1,Temperature,CURRENT,°C,4.458867187499997
2026-05-02T02:35:00+00:00,22411527-2,RH,CURRENT,%,96.97718776226444
2026-05-02T02:35:00+00:00,22411527-3,Dew Point,CURRENT,°C,4.023351917864612
2026-05-02T02:35:00+00:00,22411528-1,Temperature,CURRENT,°C,4.523217773437501
2026-05-02T02:35:00+00:00,22411528-2,RH,CURRENT,%,99.16227969787137
2026-05-02T02:35:00+00:00,22411528-3,Dew Point,CURRENT,°C,4.405309671275922
2026-05-02T02:35:00+00:00,22411529-1,Temperature,CURRENT,°C,4.630468749999999
2026-05-02T02:35:00+00:00,22411529-2,RH,CURRENT,%,98.62058442053865
2026-05-02T02:35:00+00:00,22411529-3,Dew Point,CURRENT,°C,4.434368087838531
2026-05-02T02:35:00+00:00,22411530-1,Temperature,CURRENT,°C,4.480317382812501
2026-05-02T02:35:00+00:00,22411530-2,RH,CURRENT,%,96.90547035934996
2026-05-02T02:35:00+00:00,22411530-3,Dew Point,CURRENT,°C,4.034227441415361
2026-05-02T02:36:00+00:00,22411541-S,Battery,CURRENT,V,8.564619873046876
2026-05-02T02:40:00+00:00,22411189-1,Temperature,CURRENT,°C,4.501767578124998
2026-05-02T02:40:00+00:00,22411189-2,RH,CURRENT,%,100
2026-05-02T02:40:00+00:00,22411189-3,Dew Point,CURRENT,°C,4.5040032217260055
2026-05-02T02:40:00+00:00,22411190-1,Temperature,CURRENT,°C,4.480317382812501
2026-05-02T02:40:00+00:00,22411190-2,RH,CURRENT,%,96.51941710536354
2026-05-02T02:40:00+00:00,22411190-3,Dew Point,CURRENT,°C,3.9774185467111085
2026-05-02T02:40:00+00:00,22411191-1,Temperature,CURRENT,°C,4.544667968749998
2026-05-02T02:40:00+00:00,22411191-2,RH,CURRENT,%,99.04173342488747
2026-05-02T02:40:00+00:00,22411191-3,Dew Point,CURRENT,°C,4.409402800078582
2026-05-02T02:40:00+00:00,22411525-1,Temperature,CURRENT,°C,4.501767578124998
2026-05-02T02:40:00+00:00,22411525-2,RH,CURRENT,%,96.88105592431525
2026-05-02T02:40:00+00:00,22411525-3,Dew Point,CURRENT,°C,4.052045153402236
2026-05-02T02:40:00+00:00,22411526-1,Temperature,CURRENT,°C,4.523217773437501
2026-05-02T02:40:00+00:00,22411526-2,RH,CURRENT,%,97.38155184252689
2026-05-02T02:40:00+00:00,22411526-3,Dew Point,CURRENT,°C,4.146844853178193
2026-05-02T02:40:00+00:00,22411527-1,Temperature,CURRENT,°C,4.523217773437501
2026-05-02T02:40:00+00:00,22411527-2,RH,CURRENT,%,97.06874189364461
2026-05-02T02:40:00+00:00,22411527-3,Dew Point,CURRENT,°C,4.101011931135745
2026-05-02T02:40:00+00:00,22411528-1,Temperature,CURRENT,°C,4.566118164062502
2026-05-02T02:40:00+00:00,22411528-2,RH,CURRENT,%,99.05241474021516
2026-05-02T02:40:00+00:00,22411528-3,Dew Point,CURRENT,°C,4.432403105598268
2026-05-02T02:40:00+00:00,22411529-1,Temperature,CURRENT,°C,4.651918945312495
2026-05-02T02:40:00+00:00,22411529-2,RH,CURRENT,%,98.59006637674526
2026-05-02T02:40:00+00:00,22411529-3,Dew Point,CURRENT,°C,4.451396504629607
2026-05-02T02:40:00+00:00,22411530-1,Temperature,CURRENT,°C,4.544667968749998
2026-05-02T02:40:00+00:00,22411530-2,RH,CURRENT,%,97.1099412527657
2026-05-02T02:40:00+00:00,22411530-3,Dew Point,CURRENT,°C,4.128466292612676
2026-05-02T02:41:00+00:00,22411541-S,Battery,CURRENT,V,8.564619873046876
2026-05-02T02:45:00+00:00,22411189-1,Temperature,CURRENT,°C,4.523217773437501
2026-05-02T02:45:00+00:00,22411189-2,RH,CURRENT,%,100
2026-05-02T02:45:00+00:00,22411189-3,Dew Point,CURRENT,°C,4.525487774246784
2026-05-02T02:45:00+00:00,22411190-1,Temperature,CURRENT,°C,4.501767578124998
2026-05-02T02:45:00+00:00,22411190-2,RH,CURRENT,%,96.60639353017471
2026-05-02T02:45:00+00:00,22411190-3,Dew Point,CURRENT,°C,4.011632154520299
2026-05-02T02:45:00+00:00,22411191-1,Temperature,CURRENT,°C,4.566118164062502
2026-05-02T02:45:00+00:00,22411191-2,RH,CURRENT,%,99.1760128175784
2026-05-02T02:45:00+00:00,22411191-3,Dew Point,CURRENT,°C,4.4502141867806095
2026-05-02T02:45:00+00:00,22411525-1,Temperature,CURRENT,°C,4.523217773437501
2026-05-02T02:45:00+00:00,22411525-2,RH,CURRENT,%,96.88715953307393
2026-05-02T02:45:00+00:00,22411525-3,Dew Point,CURRENT,°C,4.074346672736544
2026-05-02T02:45:00+00:00,22411526-1,Temperature,CURRENT,°C,4.544667968749998
2026-05-02T02:45:00+00:00,22411526-2,RH,CURRENT,%,97.46395056076905
2026-05-02T02:45:00+00:00,22411526-3,Dew Point,CURRENT,°C,4.180315870031831
2026-05-02T02:45:00+00:00,22411527-1,Temperature,CURRENT,°C,4.544667968749998
2026-05-02T02:45:00+00:00,22411527-2,RH,CURRENT,%,96.99244678416113
2026-05-02T02:45:00+00:00,22411527-3,Dew Point,CURRENT,°C,4.111220738830193
2026-05-02T02:45:00+00:00,22411528-1,Temperature,CURRENT,°C,4.609018554687495
2026-05-02T02:45:00+00:00,22411528-2,RH,CURRENT,%,99.15770199130236
2026-05-02T02:45:00+00:00,22411528-3,Dew Point,CURRENT,°C,4.490502975242429
2026-05-02T02:45:00+00:00,22411529-1,Temperature,CURRENT,°C,4.6948193359374955
2026-05-02T02:45:00+00:00,22411529-2,RH,CURRENT,%,98.88151369497216
2026-05-02T02:45:00+00:00,22411529-3,Dew Point,CURRENT,°C,4.536479410132972
2026-05-02T02:45:00+00:00,22411530-1,Temperature,CURRENT,°C,4.566118164062502
2026-05-02T02:45:00+00:00,22411530-2,RH,CURRENT,%,97.01838712138552
2026-05-02T02:45:00+00:00,22411530-3,Dew Point,CURRENT,°C,4.136437783598803
2026-05-02T02:46:00+00:00,22411541-S,Battery,CURRENT,V,8.567850585937501
2026-05-02T02:50:00+00:00,22411189-1,Temperature,CURRENT,°C,4.609018554687495
2026-05-02T02:50:00+00:00,22411189-2,RH,CURRENT,%,100
2026-05-02T02:50:00+00:00,22411189-3,Dew Point,CURRENT,°C,4.611425981979332
2026-05-02T02:50:00+00:00,22411190-1,Temperature,CURRENT,°C,4.566118164062502
2026-05-02T02:50:00+00:00,22411190-2,RH,CURRENT,%,96.74372472724498
2026-05-02T02:50:00+00:00,22411190-3,Dew Point,CURRENT,°C,4.096053883691174
2026-05-02T02:50:00+00:00,22411191-1,Temperature,CURRENT,°C,4.609018554687495
2026-05-02T02:50:00+00:00,22411191-2,RH,CURRENT,%,99.39574273289082
2026-05-02T02:50:00+00:00,22411191-3,Dew Point,CURRENT,°C,4.524768423133905
2026-05-02T02:50:00+00:00,22411525-1,Temperature,CURRENT,°C,4.566118164062502
2026-05-02T02:50:00+00:00,22411525-2,RH,CURRENT,%,96.90089265278095
2026-05-02T02:50:00+00:00,22411525-3,Dew Point,CURRENT,°C,4.1191748088659095
2026-05-02T02:50:00+00:00,22411526-1,Temperature,CURRENT,°C,4.630468749999999
2026-05-02T02:50:00+00:00,22411526-2,RH,CURRENT,%,97.54634927901121
2026-05-02T02:50:00+00:00,22411526-3,Dew Point,CURRENT,°C,4.278047213601522
2026-05-02T02:50:00+00:00,22411527-1,Temperature,CURRENT,°C,4.566118164062502
2026-05-02T02:50:00+00:00,22411527-2,RH,CURRENT,%,97.10231174181735
2026-05-02T02:50:00+00:00,22411527-3,Dew Point,CURRENT,°C,4.148757191682719
2026-05-02T02:50:00+00:00,22411528-1,Temperature,CURRENT,°C,4.673369140624999
2026-05-02T02:50:00+00:00,22411528-2,RH,CURRENT,%,99.2156862745098
2026-05-02T02:50:00+00:00,22411528-3,Dew Point,CURRENT,°C,4.563250138805332
2026-05-02T02:50:00+00:00,22411529-1,Temperature,CURRENT,°C,4.737719726562496
2026-05-02T02:50:00+00:00,22411529-2,RH,CURRENT,%,99.13328755626765
2026-05-02T02:50:00+00:00,22411529-3,Dew Point,CURRENT,°C,4.615759369341182
2026-05-02T02:50:00+00:00,22411530-1,Temperature,CURRENT,°C,4.630468749999999
2026-05-02T02:50:00+00:00,22411530-2,RH,CURRENT,%,97.15266651407644
2026-05-02T02:50:00+00:00,22411530-3,Dew Point,CURRENT,°C,4.220378755839773
2026-05-02T02:51:00+00:00,22411541-S,Battery,CURRENT,V,8.558158447265626
2026-05-02T02:55:00+00:00,22411189-1,Temperature,CURRENT,°C,4.587568359374998
2026-05-02T02:55:00+00:00,22411189-2,RH,CURRENT,%,100
2026-05-02T02:55:00+00:00,22411189-3,Dew Point,CURRENT,°C,4.589941430398773
2026-05-02T02:55:00+00:00,22411190-1,Temperature,CURRENT,°C,4.566118164062502
2026-05-02T02:55:00+00:00,22411190-2,RH,CURRENT,%,96.83527885862516
2026-05-02T02:55:00+00:00,22411190-3,Dew Point,CURRENT,°C,4.109526409435612
2026-05-02T02:55:00+00:00,22411191-1,Temperature,CURRENT,°C,4.630468749999999
2026-05-02T02:55:00+00:00,22411191-2,RH,CURRENT,%,99.5925841153582
2026-05-02T02:55:00+00:00,22411191-3,Dew Point,CURRENT,°C,4.574522885066087
2026-05-02T02:55:00+00:00,22411525-1,Temperature,CURRENT,°C,4.587568359374998
2026-05-02T02:55:00+00:00,22411525-2,RH,CURRENT,%,96.96040283817807
2026-05-02T02:55:00+00:00,22411525-3,Dew Point,CURRENT,°C,4.1493271851041875
2026-05-02T02:55:00+00:00,22411526-1,Temperature,CURRENT,°C,4.630468749999999
2026-05-02T02:55:00+00:00,22411526-2,RH,CURRENT,%,97.60433356221866
2026-05-02T02:55:00+00:00,22411526-3,Dew Point,CURRENT,°C,4.286523664614167
2026-05-02T02:55:00+00:00,22411527-1,Temperature,CURRENT,°C,4.609018554687495
2026-05-02T02:55:00+00:00,22411527-2,RH,CURRENT,%,97.21217669947356
2026-05-02T02:55:00+00:00,22411527-3,Dew Point,CURRENT,°C,4.207696276530709
2026-05-02T02:55:00+00:00,22411528-1,Temperature,CURRENT,°C,4.651918945312495
2026-05-02T02:55:00+00:00,22411528-2,RH,CURRENT,%,99.27519645990692
2026-05-02T02:55:00+00:00,22411528-3,Dew Point,CURRENT,°C,4.550357327722468
2026-05-02T02:55:00+00:00,22411529-1,Temperature,CURRENT,°C,4.716269531249999
2026-05-02T02:55:00+00:00,22411529-2,RH,CURRENT,%,98.97306782635233
2026-05-02T02:55:00+00:00,22411529-3,Dew Point,CURRENT,°C,4.571167229644468
2026-05-02T02:55:00+00:00,22411530-1,Temperature,CURRENT,°C,4.651918945312495
2026-05-02T02:55:00+00:00,22411530-2,RH,CURRENT,%,97.27168688487068
2026-05-02T02:55:00+00:00,22411530-3,Dew Point,CURRENT,°C,4.259249665282283
2026-05-02T02:56:00+00:00,22411541-S,Battery,CURRENT,V,8.558158447265626
2026-05-02T03:00:00+00:00,22411189-1,Temperature,CURRENT,°C,4.609018554687495
2026-05-02T03:00:00+00:00,22411189-2,RH,CURRENT,%,100
2026-05-02T03:00:00+00:00,22411189-3,Dew Point,CURRENT,°C,4.611425981979332
2026-05-02T03:00:00+00:00,22411190-1,Temperature,CURRENT,°C,4.609018554687495
2026-05-02T03:00:00+00:00,22411190-2,RH,CURRENT,%,97.03669794766155
2026-05-02T03:00:00+00:00,22411190-3,Dew Point,CURRENT,°C,4.1819433875262035
2026-05-02T03:00:00+00:00,22411191-1,Temperature,CURRENT,°C,4.630468749999999
2026-05-02T03:00:00+00:00,22411191-2,RH,CURRENT,%,99.81231403067063
2026-05-02T03:00:00+00:00,22411191-3,Dew Point,CURRENT,°C,4.606038965853284
2026-05-02T03:00:00+00:00,22411525-1,Temperature,CURRENT,°C,4.609018554687495
2026-05-02T03:00:00+00:00,22411525-2,RH,CURRENT,%,97.02754253452353
2026-05-02T03:00:00+00:00,22411525-3,Dew Point,CURRENT,°C,4.1805986312126056
2026-05-02T03:00:00+00:00,22411526-1,Temperature,CURRENT,°C,4.630468749999999
2026-05-02T03:00:00+00:00,22411526-2,RH,CURRENT,%,97.68215457389181
2026-05-02T03:00:00+00:00,22411526-3,Dew Point,CURRENT,°C,4.297892975522106
2026-05-02T03:00:00+00:00,22411527-1,Temperature,CURRENT,°C,4.609018554687495
2026-05-02T03:00:00+00:00,22411527-2,RH,CURRENT,%,97.265583276112
2026-05-02T03:00:00+00:00,22411527-3,Dew Point,CURRENT,°C,4.215525972767799
2026-05-02T03:00:00+00:00,22411528-1,Temperature,CURRENT,°C,4.651918945312495
2026-05-02T03:00:00+00:00,22411528-2,RH,CURRENT,%,99.36827649347677
2026-05-02T03:00:00+00:00,22411528-3,Dew Point,CURRENT,°C,4.563755384463928
2026-05-02T03:00:00+00:00,22411529-1,Temperature,CURRENT,°C,4.6948193359374955
2026-05-02T03:00:00+00:00,22411529-2,RH,CURRENT,%,99.03257801174945
2026-05-02T03:00:00+00:00,22411529-3,Dew Point,CURRENT,°C,4.558302193962942
2026-05-02T03:00:00+00:00,22411530-1,Temperature,CURRENT,°C,4.651918945312495
2026-05-02T03:00:00+00:00,22411530-2,RH,CURRENT,%,97.23964293888761
2026-05-02T03:00:00+00:00,22411530-3,Dew Point,CURRENT,°C,4.254550899538052
2026-05-02T03:01:00+00:00,22411541-S,Battery,CURRENT,V,8.551697021484376
2026-05-02T03:05:00+00:00,22411189-1,Temperature,CURRENT,°C,4.630468749999999
2026-05-02T03:05:00+00:00,22411189-2,RH,CURRENT,%,100
2026-05-02T03:05:00+00:00,22411189-3,Dew Point,CURRENT,°C,4.632910533324835
2026-05-02T03:05:00+00:00,22411190-1,Temperature,CURRENT,°C,4.609018554687495
2026-05-02T03:05:00+00:00,22411190-2,RH,CURRENT,%,97.0794232089723
2026-05-02T03:05:00+00:00,22411190-3,Dew Point,CURRENT,°C,4.188217437464657
2026-05-02T03:05:00+00:00,22411191-1,Temperature,CURRENT,°C,4.651918945312495
2026-05-02T03:05:00+00:00,22411191-2,RH,CURRENT,%,99.85351338979171
2026-05-02T03:05:00+00:00,22411191-3,Dew Point,CURRENT,°C,4.633422250747255
2026-05-02T03:05:00+00:00,22411525-1,Temperature,CURRENT,°C,4.609018554687495
2026-05-02T03:05:00+00:00,22411525-2,RH,CURRENT,%,97.04127565423056
2026-05-02T03:05:00+00:00,22411525-3,Dew Point,CURRENT,°C,4.182615723711293
2026-05-02T03:05:00+00:00,22411526-1,Temperature,CURRENT,°C,4.630468749999999
2026-05-02T03:05:00+00:00,22411526-2,RH,CURRENT,%,97.76607919432364
2026-05-02T03:05:00+00:00,22411526-3,Dew Point,CURRENT,°C,4.310145046294529
2026-05-02T03:05:00+00:00,22411527-1,Temperature,CURRENT,°C,4.630468749999999
2026-05-02T03:05:00+00:00,22411527-2,RH,CURRENT,%,97.24422064545662
2026-05-02T03:05:00+00:00,22411527-3,Dew Point,CURRENT,°C,4.233808395683686
2026-05-02T03:05:00+00:00,22411528-1,Temperature,CURRENT,°C,4.673369140624999
2026-05-02T03:05:00+00:00,22411528-2,RH,CURRENT,%,99.4674601358053
2026-05-02T03:05:00+00:00,22411528-3,Dew Point,CURRENT,°C,4.599490837552733
2026-05-02T03:05:00+00:00,22411529-1,Temperature,CURRENT,°C,4.673369140624999
2026-05-02T03:05:00+00:00,22411529-2,RH,CURRENT,%,99.16685740444038
2026-05-02T03:05:00+00:00,22411529-3,Dew Point,CURRENT,°C,4.556212250524458
2026-05-02T03:05:00+00:00,22411530-1,Temperature,CURRENT,°C,4.651918945312495
2026-05-02T03:05:00+00:00,22411530-2,RH,CURRENT,%,97.2854200045777
2026-05-02T03:05:00+00:00,22411530-3,Dew Point,CURRENT,°C,4.261263004051815
2026-05-02T03:06:00+00:00,22411541-S,Battery,CURRENT,V,8.551697021484376
2026-05-02T03:10:00+00:00,22411189-1,Temperature,CURRENT,°C,4.609018554687495
2026-05-02T03:10:00+00:00,22411189-2,RH,CURRENT,%,100
2026-05-02T03:10:00+00:00,22411189-3,Dew Point,CURRENT,°C,4.611425981979332
2026-05-02T03:10:00+00:00,22411190-1,Temperature,CURRENT,°C,4.609018554687495
2026-05-02T03:10:00+00:00,22411190-2,RH,CURRENT,%,97.10688944838635
2026-05-02T03:10:00+00:00,22411190-3,Dew Point,CURRENT,°C,4.192249469131005
2026-05-02T03:10:00+00:00,22411191-1,Temperature,CURRENT,°C,4.630468749999999
2026-05-02T03:10:00+00:00,22411191-2,RH,CURRENT,%,99.84740978103304
2026-05-02T03:10:00+00:00,22411191-3,Dew Point,CURRENT,°C,4.611067115990073
2026-05-02T03:10:00+00:00,22411525-1,Temperature,CURRENT,°C,4.609018554687495
2026-05-02T03:10:00+00:00,22411525-2,RH,CURRENT,%,97.05653467612726
2026-05-02T03:10:00+00:00,22411525-3,Dew Point,CURRENT,°C,4.184856642280282
2026-05-02T03:10:00+00:00,22411526-1,Temperature,CURRENT,°C,4.630468749999999
2026-05-02T03:10:00+00:00,22411526-2,RH,CURRENT,%,97.82864118410009
2026-05-02T03:10:00+00:00,22411526-3,Dew Point,CURRENT,°C,4.319272373937494
2026-05-02T03:10:00+00:00,22411527-1,Temperature,CURRENT,°C,4.609018554687495
2026-05-02T03:10:00+00:00,22411527-2,RH,CURRENT,%,97.33119707026779
2026-05-02T03:10:00+00:00,22411527-3,Dew Point,CURRENT,°C,4.225140123768349
2026-05-02T03:10:00+00:00,22411528-1,Temperature,CURRENT,°C,4.651918945312495
2026-05-02T03:10:00+00:00,22411528-2,RH,CURRENT,%,99.52697032120241
2026-05-02T03:10:00+00:00,22411528-3,Dew Point,CURRENT,°C,4.586572471145366
2026-05-02T03:10:00+00:00,22411529-1,Temperature,CURRENT,°C,4.651918945312495
2026-05-02T03:10:00+00:00,22411529-2,RH,CURRENT,%,99.18516823071641
2026-05-02T03:10:00+00:00,22411529-3,Dew Point,CURRENT,°C,4.537388006954408
2026-05-02T03:10:00+00:00,22411530-1,Temperature,CURRENT,°C,4.651918945312495
2026-05-02T03:10:00+00:00,22411530-2,RH,CURRENT,%,97.40291447318226
2026-05-02T03:10:00+00:00,22411530-3,Dew Point,CURRENT,°C,4.2784779952792675
2026-05-02T03:11:00+00:00,22411541-S,Battery,CURRENT,V,8.548466308593751
2026-05-02T03:15:00+00:00,22411189-1,Temperature,CURRENT,°C,4.630468749999999
2026-05-02T03:15:00+00:00,22411189-2,RH,CURRENT,%,100
2026-05-02T03:15:00+00:00,22411189-3,Dew Point,CURRENT,°C,4.632910533324835
2026-05-02T03:15:00+00:00,22411190-1,Temperature,CURRENT,°C,4.609018554687495
2026-05-02T03:15:00+00:00,22411190-2,RH,CURRENT,%,97.10536354619668
2026-05-02T03:15:00+00:00,22411190-3,Dew Point,CURRENT,°C,4.19202549376649
2026-05-02T03:15:00+00:00,22411191-1,Temperature,CURRENT,°C,4.630468749999999
2026-05-02T03:15:00+00:00,22411191-2,RH,CURRENT,%,99.9343862058442
2026-05-02T03:15:00+00:00,22411191-3,Dew Point,CURRENT,°C,4.623521468846633
2026-05-02T03:15:00+00:00,22411525-1,Temperature,CURRENT,°C,4.609018554687495
2026-05-02T03:15:00+00:00,22411525-2,RH,CURRENT,%,97.12062256809338
2026-05-02T03:15:00+00:00,22411525-3,Dew Point,CURRENT,°C,4.1942651077122735
2026-05-02T03:15:00+00:00,22411526-1,Temperature,CURRENT,°C,4.630468749999999
2026-05-02T03:15:00+00:00,22411526-2,RH,CURRENT,%,97.83016708628976
2026-05-02T03:15:00+00:00,22411526-3,Dew Point,CURRENT,°C,4.31949492735688
2026-05-02T03:15:00+00:00,22411527-1,Temperature,CURRENT,°C,4.630468749999999
2026-05-02T03:15:00+00:00,22411527-2,RH,CURRENT,%,97.43038071259632
2026-05-02T03:15:00+00:00,22411527-3,Dew Point,CURRENT,°C,4.261080969198842
2026-05-02T03:15:00+00:00,22411528-1,Temperature,CURRENT,°C,4.651918945312495
2026-05-02T03:15:00+00:00,22411528-2,RH,CURRENT,%,99.56054016937514
2026-05-02T03:15:00+00:00,22411528-3,Dew Point,CURRENT,°C,4.591395050468526
2026-05-02T03:15:00+00:00,22411529-1,Temperature,CURRENT,°C,4.651918945312495
2026-05-02T03:15:00+00:00,22411529-2,RH,CURRENT,%,99.34081025406272
2026-05-02T03:15:00+00:00,22411529-3,Dew Point,CURRENT,°C,4.559803011140307
2026-05-02T03:15:00+00:00,22411530-1,Temperature,CURRENT,°C,4.651918945312495
2026-05-02T03:15:00+00:00,22411530-2,RH,CURRENT,%,97.48531319142442
2026-05-02T03:15:00+00:00,22411530-3,Dew Point,CURRENT,°C,4.290539921925248
2026-05-02T03:16:00+00:00,22411541-S,Battery,CURRENT,V,8.551697021484376
2026-05-02T03:20:00+00:00,22411189-1,Temperature,CURRENT,°C,4.630468749999999
2026-05-02T03:20:00+00:00,22411189-2,RH,CURRENT,%,100
2026-05-02T03:20:00+00:00,22411189-3,Dew Point,CURRENT,°C,4.632910533324835
2026-05-02T03:20:00+00:00,22411190-1,Temperature,CURRENT,°C,4.609018554687495
2026-05-02T03:20:00+00:00,22411190-2,RH,CURRENT,%,97.22438391699092
2026-05-02T03:20:00+00:00,22411190-3,Dew Point,CURRENT,°C,4.209486255861773
2026-05-02T03:20:00+00:00,22411191-1,Temperature,CURRENT,°C,4.651918945312495
2026-05-02T03:20:00+00:00,22411191-2,RH,CURRENT,%,100
2026-05-02T03:20:00+00:00,22411191-3,Dew Point,CURRENT,°C,4.6543950844352775
2026-05-02T03:20:00+00:00,22411525-1,Temperature,CURRENT,°C,4.609018554687495
2026-05-02T03:20:00+00:00,22411525-2,RH,CURRENT,%,97.19844357976653
2026-05-02T03:20:00+00:00,22411525-3,Dew Point,CURRENT,°C,4.205682312759059
2026-05-02T03:20:00+00:00,22411526-1,Temperature,CURRENT,°C,4.630468749999999
2026-05-02T03:20:00+00:00,22411526-2,RH,CURRENT,%,97.9034103913939
2026-05-02T03:20:00+00:00,22411526-3,Dew Point,CURRENT,°C,4.330173892303464
2026-05-02T03:20:00+00:00,22411527-1,Temperature,CURRENT,°C,4.630468749999999
2026-05-02T03:20:00+00:00,22411527-2,RH,CURRENT,%,97.4914168001831
2026-05-02T03:20:00+00:00,22411527-3,Dew Point,CURRENT,°C,4.270012790703641
2026-05-02T03:20:00+00:00,22411528-1,Temperature,CURRENT,°C,4.673369140624999
2026-05-02T03:20:00+00:00,22411528-2,RH,CURRENT,%,99.61852445258259
2026-05-02T03:20:00+00:00,22411528-3,Dew Point,CURRENT,°C,4.621196441326703
2026-05-02T03:20:00+00:00,22411529-1,Temperature,CURRENT,°C,4.673369140624999
2026-05-02T03:20:00+00:00,22411529-2,RH,CURRENT,%,99.3820096131838
2026-05-02T03:20:00+00:00,22411529-3,Dew Point,CURRENT,°C,4.587200042887878
2026-05-02T03:20:00+00:00,22411530-1,Temperature,CURRENT,°C,4.673369140624999
2026-05-02T03:20:00+00:00,22411530-2,RH,CURRENT,%,97.54634927901121
2026-05-02T03:20:00+00:00,22411530-3,Dew Point,CURRENT,°C,4.32089055188794
2026-05-02T03:21:00+00:00,22411541-S,Battery,CURRENT,V,8.5420048828125
2026-05-02T03:25:00+00:00,22411189-1,Temperature,CURRENT,°C,4.630468749999999
2026-05-02T03:25:00+00:00,22411189-2,RH,CURRENT,%,100
2026-05-02T03:25:00+00:00,22411189-3,Dew Point,CURRENT,°C,4.632910533324835
2026-05-02T03:25:00+00:00,22411190-1,Temperature,CURRENT,°C,4.630468749999999
2026-05-02T03:25:00+00:00,22411190-2,RH,CURRENT,%,97.2350652323186
2026-05-02T03:25:00+00:00,22411190-3,Dew Point,CURRENT,°C,4.232465933725828
2026-05-02T03:25:00+00:00,22411191-1,Temperature,CURRENT,°C,4.651918945312495
2026-05-02T03:25:00+00:00,22411191-2,RH,CURRENT,%,99.9496452277409
2026-05-02T03:25:00+00:00,22411191-3,Dew Point,CURRENT,°C,4.647188730780376
2026-05-02T03:25:00+00:00,22411525-1,Temperature,CURRENT,°C,4.609018554687495
2026-05-02T03:25:00+00:00,22411525-2,RH,CURRENT,%,97.19844357976653
2026-05-02T03:25:00+00:00,22411525-3,Dew Point,CURRENT,°C,4.205682312759059
2026-05-02T03:25:00+00:00,22411526-1,Temperature,CURRENT,°C,4.630468749999999
2026-05-02T03:25:00+00:00,22411526-2,RH,CURRENT,%,97.9385061417563
2026-05-02T03:25:00+00:00,22411526-3,Dew Point,CURRENT,°C,4.335288399183597
2026-05-02T03:25:00+00:00,22411527-1,Temperature,CURRENT,°C,4.630468749999999
2026-05-02T03:25:00+00:00,22411527-2,RH,CURRENT,%,97.50362401770046
2026-05-02T03:25:00+00:00,22411527-3,Dew Point,CURRENT,°C,4.271798563057862
2026-05-02T03:25:00+00:00,22411528-1,Temperature,CURRENT,°C,4.651918945312495
2026-05-02T03:25:00+00:00,22411528-2,RH,CURRENT,%,99.65667200732433
2026-05-02T03:25:00+00:00,22411528-3,Dew Point,CURRENT,°C,4.605197234662758
2026-05-02T03:25:00+00:00,22411529-1,Temperature,CURRENT,°C,4.630468749999999
2026-05-02T03:25:00+00:00,22411529-2,RH,CURRENT,%,99.311818112459
2026-05-02T03:25:00+00:00,22411529-3,Dew Point,CURRENT,°C,4.534162971243987
2026-05-02T03:25:00+00:00,22411530-1,Temperature,CURRENT,°C,4.673369140624999
2026-05-02T03:25:00+00:00,22411530-2,RH,CURRENT,%,97.4914168001831
2026-05-02T03:25:00+00:00,22411530-3,Dew Point,CURRENT,°C,4.3128532837215765
2026-05-02T03:26:00+00:00,22411541-S,Battery,CURRENT,V,8.548466308593751
2026-05-02T03:30:00+00:00,22411189-1,Temperature,CURRENT,°C,4.609018554687495
2026-05-02T03:30:00+00:00,22411189-2,RH,CURRENT,%,100
2026-05-02T03:30:00+00:00,22411189-3,Dew Point,CURRENT,°C,4.611425981979332
2026-05-02T03:30:00+00:00,22411190-1,Temperature,CURRENT,°C,4.609018554687495
2026-05-02T03:30:00+00:00,22411190-2,RH,CURRENT,%,97.14808880750743
2026-05-02T03:30:00+00:00,22411190-3,Dew Point,CURRENT,°C,4.19829563070702
2026-05-02T03:30:00+00:00,22411191-1,Temperature,CURRENT,°C,4.651918945312495
2026-05-02T03:30:00+00:00,22411191-2,RH,CURRENT,%,99.78484779125658
2026-05-02T03:30:00+00:00,22411191-3,Dew Point,CURRENT,°C,4.6235818926212975
2026-05-02T03:30:00+00:00,22411525-1,Temperature,CURRENT,°C,4.609018554687495
2026-05-02T03:30:00+00:00,22411525-2,RH,CURRENT,%,97.14808880750743
2026-05-02T03:30:00+00:00,22411525-3,Dew Point,CURRENT,°C,4.19829563070702
2026-05-02T03:30:00+00:00,22411526-1,Temperature,CURRENT,°C,4.609018554687495
2026-05-02T03:30:00+00:00,22411526-2,RH,CURRENT,%,97.88815136949721
2026-05-02T03:30:00+00:00,22411526-3,Dew Point,CURRENT,°C,4.306519175390907
2026-05-02T03:30:00+00:00,22411527-1,Temperature,CURRENT,°C,4.630468749999999
2026-05-02T03:30:00+00:00,22411527-2,RH,CURRENT,%,97.3907072556649
2026-05-02T03:30:00+00:00,22411527-3,Dew Point,CURRENT,°C,4.255272638027043
2026-05-02T03:30:00+00:00,22411528-1,Temperature,CURRENT,°C,4.630468749999999
2026-05-02T03:30:00+00:00,22411528-2,RH,CURRENT,%,99.62462806134127
2026-05-02T03:30:00+00:00,22411528-3,Dew Point,CURRENT,°C,4.579122797388492
2026-05-02T03:30:00+00:00,22411529-1,Temperature,CURRENT,°C,4.566118164062502
2026-05-02T03:30:00+00:00,22411529-2,RH,CURRENT,%,99.18516823071641
2026-05-02T03:30:00+00:00,22411529-3,Dew Point,CURRENT,°C,4.451532747152347
2026-05-02T03:30:00+00:00,22411530-1,Temperature,CURRENT,°C,4.651918945312495
2026-05-02T03:30:00+00:00,22411530-2,RH,CURRENT,%,97.39986266880292
2026-05-02T03:30:00+00:00,22411530-3,Dew Point,CURRENT,°C,4.278031084422313
2026-05-02T03:31:00+00:00,22411541-S,Battery,CURRENT,V,8.5420048828125
2026-05-02T03:35:00+00:00,22411189-1,Temperature,CURRENT,°C,4.544667968749998
2026-05-02T03:35:00+00:00,22411189-2,RH,CURRENT,%,100
2026-05-02T03:35:00+00:00,22411189-3,Dew Point,CURRENT,°C,4.546972326532501
2026-05-02T03:35:00+00:00,22411190-1,Temperature,CURRENT,°C,4.544667968749998
2026-05-02T03:35:00+00:00,22411190-2,RH,CURRENT,%,97.03212024109254
2026-05-02T03:35:00+00:00,22411190-3,Dew Point,CURRENT,°C,4.117045972703184
2026-05-02T03:35:00+00:00,22411191-1,Temperature,CURRENT,°C,4.587568359374998
2026-05-02T03:35:00+00:00,22411191-2,RH,CURRENT,%,99.62920576791028
2026-05-02T03:35:00+00:00,22411191-3,Dew Point,CURRENT,°C,4.536829556208389
2026-05-02T03:35:00+00:00,22411525-1,Temperature,CURRENT,°C,4.544667968749998
2026-05-02T03:35:00+00:00,22411525-2,RH,CURRENT,%,97.15266651407644
2026-05-02T03:35:00+00:00,22411525-3,Dew Point,CURRENT,°C,4.13473283952106
2026-05-02T03:35:00+00:00,22411526-1,Temperature,CURRENT,°C,4.523217773437501
2026-05-02T03:35:00+00:00,22411526-2,RH,CURRENT,%,97.85152971694514
2026-05-02T03:35:00+00:00,22411526-3,Dew Point,CURRENT,°C,4.215462461117944
2026-05-02T03:35:00+00:00,22411527-1,Temperature,CURRENT,°C,4.566118164062502
2026-05-02T03:35:00+00:00,22411527-2,RH,CURRENT,%,97.36171511406118
2026-05-02T03:35:00+00:00,22411527-3,Dew Point,CURRENT,°C,4.186776066934537
2026-05-02T03:35:00+00:00,22411528-1,Temperature,CURRENT,°C,4.523217773437501
2026-05-02T03:35:00+00:00,22411528-2,RH,CURRENT,%,99.61852445258259
2026-05-02T03:35:00+00:00,22411528-3,Dew Point,CURRENT,°C,4.470872412337013
2026-05-02T03:35:00+00:00,22411529-1,Temperature,CURRENT,°C,4.458867187499997
2026-05-02T03:35:00+00:00,22411529-2,RH,CURRENT,%,99.01884489204242
2026-05-02T03:35:00+00:00,22411529-3,Dew Point,CURRENT,°C,4.320264262815376
2026-05-02T03:35:00+00:00,22411530-1,Temperature,CURRENT,°C,4.587568359374998
2026-05-02T03:35:00+00:00,22411530-2,RH,CURRENT,%,97.36324101625085
2026-05-02T03:35:00+00:00,22411530-3,Dew Point,CURRENT,°C,4.20841638909918
2026-05-02T03:36:00+00:00,22411541-S,Battery,CURRENT,V,8.548466308593751
2026-05-02T03:40:00+00:00,22411189-1,Temperature,CURRENT,°C,4.458867187499997
2026-05-02T03:40:00+00:00,22411189-2,RH,CURRENT,%,100
2026-05-02T03:40:00+00:00,22411189-3,Dew Point,CURRENT,°C,4.4610341159793
2026-05-02T03:40:00+00:00,22411190-1,Temperature,CURRENT,°C,4.480317382812501
2026-05-02T03:40:00+00:00,22411190-2,RH,CURRENT,%,96.95582513160906
2026-05-02T03:40:00+00:00,22411190-3,Dew Point,CURRENT,°C,4.041622571075184
2026-05-02T03:40:00+00:00,22411191-1,Temperature,CURRENT,°C,4.566118164062502
2026-05-02T03:40:00+00:00,22411191-2,RH,CURRENT,%,99.4720378423743
2026-05-02T03:40:00+00:00,22411191-3,Dew Point,CURRENT,°C,4.49279335679477
2026-05-02T03:40:00+00:00,22411525-1,Temperature,CURRENT,°C,4.544667968749998
2026-05-02T03:40:00+00:00,22411525-2,RH,CURRENT,%,97.15571831845578
2026-05-02T03:40:00+00:00,22411525-3,Dew Point,CURRENT,°C,4.135180356979307
2026-05-02T03:40:00+00:00,22411526-1,Temperature,CURRENT,°C,4.458867187499997
2026-05-02T03:40:00+00:00,22411526-2,RH,CURRENT,%,97.80270084687571
2026-05-02T03:40:00+00:00,22411526-3,Dew Point,CURRENT,°C,4.144061893618786
2026-05-02T03:40:00+00:00,22411527-1,Temperature,CURRENT,°C,4.544667968749998
2026-05-02T03:40:00+00:00,22411527-2,RH,CURRENT,%,97.36171511406118
2026-05-02T03:40:00+00:00,22411527-3,Dew Point,CURRENT,°C,4.165359154058983
2026-05-02T03:40:00+00:00,22411528-1,Temperature,CURRENT,°C,4.458867187499997
2026-05-02T03:40:00+00:00,22411528-2,RH,CURRENT,%,99.53307392996109
2026-05-02T03:40:00+00:00,22411528-3,Dew Point,CURRENT,°C,4.394195209035794
2026-05-02T03:40:00+00:00,22411529-1,Temperature,CURRENT,°C,4.394516601562501
2026-05-02T03:40:00+00:00,22411529-2,RH,CURRENT,%,99.02952620737011
2026-05-02T03:40:00+00:00,22411529-3,Dew Point,CURRENT,°C,4.257423784997708
2026-05-02T03:40:00+00:00,22411530-1,Temperature,CURRENT,°C,4.544667968749998
2026-05-02T03:40:00+00:00,22411530-2,RH,CURRENT,%,97.29457541771572
2026-05-02T03:40:00+00:00,22411530-3,Dew Point,CURRENT,°C,4.15552929440891
2026-05-02T03:41:00+00:00,22411541-S,Battery,CURRENT,V,8.5420048828125
2026-05-02T03:45:00+00:00,22411189-1,Temperature,CURRENT,°C,4.415966796874997
2026-05-02T03:45:00+00:00,22411189-2,RH,CURRENT,%,100
2026-05-02T03:45:00+00:00,22411189-3,Dew Point,CURRENT,°C,4.418065009292362
2026-05-02T03:45:00+00:00,22411190-1,Temperature,CURRENT,°C,4.437416992187501
2026-05-02T03:45:00+00:00,22411190-2,RH,CURRENT,%,96.87800411993591
2026-05-02T03:45:00+00:00,22411190-3,Dew Point,CURRENT,°C,3.9873835425499062
2026-05-02T03:45:00+00:00,22411191-1,Temperature,CURRENT,°C,4.566118164062502
2026-05-02T03:45:00+00:00,22411191-2,RH,CURRENT,%,99.36827649347677
2026-05-02T03:45:00+00:00,22411191-3,Dew Point,CURRENT,°C,4.477881436382473
2026-05-02T03:45:00+00:00,22411525-1,Temperature,CURRENT,°C,4.544667968749998
2026-05-02T03:45:00+00:00,22411525-2,RH,CURRENT,%,97.09315632867933
2026-05-02T03:45:00+00:00,22411525-3,Dew Point,CURRENT,°C,4.12600376942691
2026-05-02T03:45:00+00:00,22411526-1,Temperature,CURRENT,°C,4.437416992187501
2026-05-02T03:45:00+00:00,22411526-2,RH,CURRENT,%,97.77370870527199
2026-05-02T03:45:00+00:00,22411526-3,Dew Point,CURRENT,°C,4.118410197210431
2026-05-02T03:45:00+00:00,22411527-1,Temperature,CURRENT,°C,4.544667968749998
2026-05-02T03:45:00+00:00,22411527-2,RH,CURRENT,%,97.32661936369878
2026-05-02T03:45:00+00:00,22411527-3,Dew Point,CURRENT,°C,4.160221564531561
2026-05-02T03:45:00+00:00,22411528-1,Temperature,CURRENT,°C,4.437416992187501
2026-05-02T03:45:00+00:00,22411528-2,RH,CURRENT,%,99.50560769054704
2026-05-02T03:45:00+00:00,22411528-3,Dew Point,CURRENT,°C,4.3687829053206935
2026-05-02T03:45:00+00:00,22411529-1,Temperature,CURRENT,°C,4.3516162109375
2026-05-02T03:45:00+00:00,22411529-2,RH,CURRENT,%,99.1256580453193
2026-05-02T03:45:00+00:00,22411529-3,Dew Point,CURRENT,°C,4.228337080594008
2026-05-02T03:45:00+00:00,22411530-1,Temperature,CURRENT,°C,4.544667968749998
2026-05-02T03:45:00+00:00,22411530-2,RH,CURRENT,%,97.30220492866407
2026-05-02T03:45:00+00:00,22411530-3,Dew Point,CURRENT,°C,4.156646625222587
2026-05-02T03:46:00+00:00,22411541-S,Battery,CURRENT,V,8.538774169921876
2026-05-02T03:50:00+00:00,22411189-1,Temperature,CURRENT,°C,4.373066406249997
2026-05-02T03:50:00+00:00,22411189-2,RH,CURRENT,%,100
2026-05-02T03:50:00+00:00,22411189-3,Dew Point,CURRENT,°C,4.375095901665219
2026-05-02T03:50:00+00:00,22411190-1,Temperature,CURRENT,°C,4.394516601562501
2026-05-02T03:50:00+00:00,22411190-2,RH,CURRENT,%,96.94056610971236
2026-05-02T03:50:00+00:00,22411190-3,Dew Point,CURRENT,°C,3.9537579170689905
2026-05-02T03:50:00+00:00,22411191-1,Temperature,CURRENT,°C,4.566118164062502
2026-05-02T03:50:00+00:00,22411191-2,RH,CURRENT,%,99.50408178835737
2026-05-02T03:50:00+00:00,22411191-3,Dew Point,CURRENT,°C,4.49739573602031
2026-05-02T03:50:00+00:00,22411525-1,Temperature,CURRENT,°C,4.544667968749998
2026-05-02T03:50:00+00:00,22411525-2,RH,CURRENT,%,97.09315632867933
2026-05-02T03:50:00+00:00,22411525-3,Dew Point,CURRENT,°C,4.12600376942691
2026-05-02T03:50:00+00:00,22411526-1,Temperature,CURRENT,°C,4.394516601562501
2026-05-02T03:50:00+00:00,22411526-2,RH,CURRENT,%,97.75692378118562
2026-05-02T03:50:00+00:00,22411526-3,Dew Point,CURRENT,°C,4.073110246414324
2026-05-02T03:50:00+00:00,22411527-1,Temperature,CURRENT,°C,4.566118164062502
2026-05-02T03:50:00+00:00,22411527-2,RH,CURRENT,%,97.3708705271992
2026-05-02T03:50:00+00:00,22411527-3,Dew Point,CURRENT,°C,4.1881162763138855
2026-05-02T03:50:00+00:00,22411528-1,Temperature,CURRENT,°C,4.373066406249997
2026-05-02T03:50:00+00:00,22411528-2,RH,CURRENT,%,99.54985885404746
2026-05-02T03:50:00+00:00,22411528-3,Dew Point,CURRENT,°C,4.310710204805628
2026-05-02T03:50:00+00:00,22411529-1,Temperature,CURRENT,°C,4.287265624999996
2026-05-02T03:50:00+00:00,22411529-2,RH,CURRENT,%,99.19279774166476
2026-05-02T03:50:00+00:00,22411529-3,Dew Point,CURRENT,°C,4.173599111494953
2026-05-02T03:50:00+00:00,22411530-1,Temperature,CURRENT,°C,4.566118164062502
2026-05-02T03:50:00+00:00,22411530-2,RH,CURRENT,%,97.36171511406118
2026-05-02T03:50:00+00:00,22411530-3,Dew Point,CURRENT,°C,4.186776066934537
2026-05-02T03:51:00+00:00,22411541-S,Battery,CURRENT,V,8.538774169921876
2026-05-02T03:55:00+00:00,22411189-1,Temperature,CURRENT,°C,4.437416992187501
2026-05-02T03:55:00+00:00,22411189-2,RH,CURRENT,%,100
2026-05-02T03:55:00+00:00,22411189-3,Dew Point,CURRENT,°C,4.4395495627533625
2026-05-02T03:55:00+00:00,22411190-1,Temperature,CURRENT,°C,4.437416992187501
2026-05-02T03:55:00+00:00,22411190-2,RH,CURRENT,%,96.9741359578851
2026-05-02T03:55:00+00:00,22411190-3,Dew Point,CURRENT,°C,4.001497105994938
2026-05-02T03:55:00+00:00,22411191-1,Temperature,CURRENT,°C,4.544667968749998
2026-05-02T03:55:00+00:00,22411191-2,RH,CURRENT,%,99.39574273289082
2026-05-02T03:55:00+00:00,22411191-3,Dew Point,CURRENT,°C,4.460360854291153
2026-05-02T03:55:00+00:00,22411525-1,Temperature,CURRENT,°C,4.523217773437501
2026-05-02T03:55:00+00:00,22411525-2,RH,CURRENT,%,97.10688944838635
2026-05-02T03:55:00+00:00,22411525-3,Dew Point,CURRENT,°C,4.106608282091386
2026-05-02T03:55:00+00:00,22411526-1,Temperature,CURRENT,°C,4.437416992187501
2026-05-02T03:55:00+00:00,22411526-2,RH,CURRENT,%,97.78896772716868
2026-05-02T03:55:00+00:00,22411526-3,Dew Point,CURRENT,°C,4.120633149379971
2026-05-02T03:55:00+00:00,22411527-1,Temperature,CURRENT,°C,4.544667968749998
2026-05-02T03:55:00+00:00,22411527-2,RH,CURRENT,%,97.265583276112
2026-05-02T03:55:00+00:00,22411527-3,Dew Point,CURRENT,°C,4.151282732281152
2026-05-02T03:55:00+00:00,22411528-1,Temperature,CURRENT,°C,4.415966796874997
2026-05-02T03:55:00+00:00,22411528-2,RH,CURRENT,%,99.60936903944457
2026-05-02T03:55:00+00:00,22411528-3,Dew Point,CURRENT,°C,4.362186203288215
2026-05-02T03:55:00+00:00,22411529-1,Temperature,CURRENT,°C,4.3087158203125
2026-05-02T03:55:00+00:00,22411529-2,RH,CURRENT,%,99.24925612268254
2026-05-02T03:55:00+00:00,22411529-3,Dew Point,CURRENT,°C,4.203174068260045
2026-05-02T03:55:00+00:00,22411530-1,Temperature,CURRENT,°C,4.544667968749998
2026-05-02T03:55:00+00:00,22411530-2,RH,CURRENT,%,97.22896162355993
2026-05-02T03:55:00+00:00,22411530-3,Dew Point,CURRENT,°C,4.145917057439507
2026-05-02T03:56:00+00:00,22411541-S,Battery,CURRENT,V,8.532312744140626
2026-05-02T04:00:00+00:00,22411189-1,Temperature,CURRENT,°C,4.330166015624997
2026-05-02T04:00:00+00:00,22411189-2,RH,CURRENT,%,100
2026-05-02T04:00:00+00:00,22411189-3,Dew Point,CURRENT,°C,4.332126793097853
2026-05-02T04:00:00+00:00,22411190-1,Temperature,CURRENT,°C,4.330166015624997
2026-05-02T04:00:00+00:00,22411190-2,RH,CURRENT,%,96.91767757686732
2026-05-02T04:00:00+00:00,22411190-3,Dew Point,CURRENT,°C,3.8861824906939137
2026-05-02T04:00:00+00:00,22411191-1,Temperature,CURRENT,°C,4.480317382812501
2026-05-02T04:00:00+00:00,22411191-2,RH,CURRENT,%,99.43541618982223
2026-05-02T04:00:00+00:00,22411191-3,Dew Point,CURRENT,°C,4.40165107586145
2026-05-02T04:00:00+00:00,22411525-1,Temperature,CURRENT,°C,4.480317382812501
2026-05-02T04:00:00+00:00,22411525-2,RH,CURRENT,%,97.12520027466239
2026-05-02T04:00:00+00:00,22411525-3,Dew Point,CURRENT,°C,4.066472256272977
2026-05-02T04:00:00+00:00,22411526-1,Temperature,CURRENT,°C,4.3087158203125
2026-05-02T04:00:00+00:00,22411526-2,RH,CURRENT,%,97.94003204394598
2026-05-02T04:00:00+00:00,22411526-3,Dew Point,CURRENT,°C,4.014032426319988
2026-05-02T04:00:00+00:00,22411527-1,Temperature,CURRENT,°C,4.501767578124998
2026-05-02T04:00:00+00:00,22411527-2,RH,CURRENT,%,97.2808422980087
2026-05-02T04:00:00+00:00,22411527-3,Dew Point,CURRENT,°C,4.1106882533905
2026-05-02T04:00:00+00:00,22411528-1,Temperature,CURRENT,°C,4.3087158203125
2026-05-02T04:00:00+00:00,22411528-2,RH,CURRENT,%,99.65209430075532
2026-05-02T04:00:00+00:00,22411528-3,Dew Point,CURRENT,°C,4.260928720440453
2026-05-02T04:00:00+00:00,22411529-1,Temperature,CURRENT,°C,4.201464843749996
2026-05-02T04:00:00+00:00,22411529-2,RH,CURRENT,%,99.35912108033875
2026-05-02T04:00:00+00:00,22411529-3,Dew Point,CURRENT,°C,4.111604408749219
2026-05-02T04:00:00+00:00,22411530-1,Temperature,CURRENT,°C,4.480317382812501
2026-05-02T04:00:00+00:00,22411530-2,RH,CURRENT,%,97.38460364690623
2026-05-02T04:00:00+00:00,22411530-3,Dew Point,CURRENT,°C,4.104456320429407
2026-05-02T04:01:00+00:00,22411541-S,Battery,CURRENT,V,8.5420048828125
2026-05-02T04:05:00+00:00,22411189-1,Temperature,CURRENT,°C,4.287265624999996
2026-05-02T04:05:00+00:00,22411189-2,RH,CURRENT,%,100
2026-05-02T04:05:00+00:00,22411189-3,Dew Point,CURRENT,°C,4.28915768359027
2026-05-02T04:05:00+00:00,22411190-1,Temperature,CURRENT,°C,4.287265624999996
2026-05-02T04:05:00+00:00,22411190-2,RH,CURRENT,%,97.06569008926527
2026-05-02T04:05:00+00:00,22411190-3,Dew Point,CURRENT,°C,3.8650620815254637
2026-05-02T04:05:00+00:00,22411191-1,Temperature,CURRENT,°C,4.523217773437501
2026-05-02T04:05:00+00:00,22411191-2,RH,CURRENT,%,99.62462806134127
2026-05-02T04:05:00+00:00,22411191-3,Dew Point,CURRENT,°C,4.471747709141911
2026-05-02T04:05:00+00:00,22411525-1,Temperature,CURRENT,°C,4.523217773437501
2026-05-02T04:05:00+00:00,22411525-2,RH,CURRENT,%,97.12520027466239
2026-05-02T04:05:00+00:00,22411525-3,Dew Point,CURRENT,°C,4.1092938416784355
2026-05-02T04:05:00+00:00,22411526-1,Temperature,CURRENT,°C,4.2658154296875
2026-05-02T04:05:00+00:00,22411526-2,RH,CURRENT,%,97.96749828336003
2026-05-02T04:05:00+00:00,22411526-3,Dew Point,CURRENT,°C,3.975158005857571
2026-05-02T04:05:00+00:00,22411527-1,Temperature,CURRENT,°C,4.544667968749998
2026-05-02T04:05:00+00:00,22411527-2,RH,CURRENT,%,97.34950789654383
2026-05-02T04:05:00+00:00,22411527-3,Dew Point,CURRENT,°C,4.163572351722356
2026-05-02T04:05:00+00:00,22411528-1,Temperature,CURRENT,°C,4.244365234374996
2026-05-02T04:05:00+00:00,22411528-2,RH,CURRENT,%,99.74670023651484
2026-05-02T04:05:00+00:00,22411528-3,Dew Point,CURRENT,°C,4.210028047233734
2026-05-02T04:05:00+00:00,22411529-1,Temperature,CURRENT,°C,4.222915039062499
2026-05-02T04:05:00+00:00,22411529-2,RH,CURRENT,%,99.71160448615244
2026-05-02T04:05:00+00:00,22411529-3,Dew Point,CURRENT,°C,4.183534222678917
2026-05-02T04:05:00+00:00,22411530-1,Temperature,CURRENT,°C,4.501767578124998
2026-05-02T04:05:00+00:00,22411530-2,RH,CURRENT,%,97.48989089799343
2026-05-02T04:05:00+00:00,22411530-3,Dew Point,CURRENT,°C,4.141268171185149
2026-05-02T04:06:00+00:00,22411541-S,Battery,CURRENT,V,8.532312744140626
2026-05-02T04:10:00+00:00,22411189-1,Temperature,CURRENT,°C,4.394516601562501
2026-05-02T04:10:00+00:00,22411189-2,RH,CURRENT,%,100
2026-05-02T04:10:00+00:00,22411189-3,Dew Point,CURRENT,°C,4.396580455596324
2026-05-02T04:10:00+00:00,22411190-1,Temperature,CURRENT,°C,4.394516601562501
2026-05-02T04:10:00+00:00,22411190-2,RH,CURRENT,%,97.2854200045777
2026-05-02T04:10:00+00:00,22411190-3,Dew Point,CURRENT,°C,4.004283674771419
2026-05-02T04:10:00+00:00,22411191-1,Temperature,CURRENT,°C,4.523217773437501
2026-05-02T04:10:00+00:00,22411191-2,RH,CURRENT,%,99.65667200732433
2026-05-02T04:10:00+00:00,22411191-3,Dew Point,CURRENT,°C,4.476342241518678
2026-05-02T04:10:00+00:00,22411525-1,Temperature,CURRENT,°C,4.501767578124998
2026-05-02T04:10:00+00:00,22411525-2,RH,CURRENT,%,97.16945143816281
2026-05-02T04:10:00+00:00,22411525-3,Dew Point,CURRENT,°C,4.0943701621885795
2026-05-02T04:10:00+00:00,22411526-1,Temperature,CURRENT,°C,4.3516162109375
2026-05-02T04:10:00+00:00,22411526-2,RH,CURRENT,%,98.3566033417258
2026-05-02T04:10:00+00:00,22411526-3,Dew Point,CURRENT,°C,4.117339837043801
2026-05-02T04:10:00+00:00,22411527-1,Temperature,CURRENT,°C,4.523217773437501
2026-05-02T04:10:00+00:00,22411527-2,RH,CURRENT,%,97.32509346150911
2026-05-02T04:10:00+00:00,22411527-3,Dew Point,CURRENT,°C,4.13858218427782
2026-05-02T04:10:00+00:00,22411528-1,Temperature,CURRENT,°C,4.330166015624997
2026-05-02T04:10:00+00:00,22411528-2,RH,CURRENT,%,100
2026-05-02T04:10:00+00:00,22411528-3,Dew Point,CURRENT,°C,4.332126793097853
2026-05-02T04:10:00+00:00,22411529-1,Temperature,CURRENT,°C,4.1585644531249955
2026-05-02T04:10:00+00:00,22411529-2,RH,CURRENT,%,99.80315861753262
2026-05-02T04:10:00+00:00,22411529-3,Dew Point,CURRENT,°C,4.132176662120763
2026-05-02T04:10:00+00:00,22411530-1,Temperature,CURRENT,°C,4.501767578124998
2026-05-02T04:10:00+00:00,22411530-2,RH,CURRENT,%,97.441062027924
2026-05-02T04:10:00+00:00,22411530-3,Dew Point,CURRENT,°C,4.134130598218922
2026-05-02T04:11:00+00:00,22411541-S,Battery,CURRENT,V,8.532312744140626
