timestamp_utc,sensor_sn,measurement_type,data_type,units,value
2026-08-31T00:00:00+00:00,22411189-1,Temperature,CURRENT,°C,18.980649414062505
2026-08-31T00:00:00+00:00,22411189-2,RH,CURRENT,%,88.64118410009918
2026-08-31T00:00:00+00:00,22411189-3,Dew Point,CURRENT,°C,17.08497215322175
2026-08-31T00:00:00+00:00,22411190-1,Temperature,CURRENT,°C,19.023549804687498
2026-08-31T00:00:00+00:00,22411190-2,RH,CURRENT,%,85.84115358205538
2026-08-31T00:00:00+00:00,22411190-3,Dew Point,CURRENT,°C,16.620563101473
2026-08-31T00:00:00+00:00,22411191-1,Temperature,CURRENT,°C,19.130800781249995
2026-08-31T00:00:00+00:00,22411191-2,RH,CURRENT,%,87.30907148851759
2026-08-31T00:00:00+00:00,22411191-3,Dew Point,CURRENT,°C,16.993617133097437
2026-08-31T00:00:00+00:00,22411525-1,Temperature,CURRENT,°C,19.1093505859375
2026-08-31T00:00:00+00:00,22411525-2,RH,CURRENT,%,85.4932478828107
2026-08-31T00:00:00+00:00,22411525-3,Dew Point,CURRENT,°C,16.640869780093503
2026-08-31T00:00:00+00:00,22411526-1,Temperature,CURRENT,°C,18.916298828125
2026-08-31T00:00:00+00:00,22411526-2,RH,CURRENT,%,87.18699931334402
2026-08-31T00:00:00+00:00,22411526-3,Dew Point,CURRENT,°C,16.76030388817036
2026-08-31T00:00:00+00:00,22411527-1,Temperature,CURRENT,°C,19.130800781249995
2026-08-31T00:00:00+00:00,22411527-2,RH,CURRENT,%,85.67177843900205
2026-08-31T00:00:00+00:00,22411527-3,Dew Point,CURRENT,°C,16.694821416769617
2026-08-31T00:00:00+00:00,22411528-1,Temperature,CURRENT,°C,18.851948242187497
2026-08-31T00:00:00+00:00,22411528-2,RH,CURRENT,%,88.78919661249714
2026-08-31T00:00:00+00:00,22411528-3,Dew Point,CURRENT,°C,16.984346897990942
2026-08-31T00:00:00+00:00,22411529-1,Temperature,CURRENT,°C,18.637446289062503
2026-08-31T00:00:00+00:00,22411529-2,RH,CURRENT,%,89.62081330586709
2026-08-31T00:00:00+00:00,22411529-3,Dew Point,CURRENT,°C,16.919805284947213
2026-08-31T00:00:00+00:00,22411530-1,Temperature,CURRENT,°C,19.1093505859375
2026-08-31T00:00:00+00:00,22411530-2,RH,CURRENT,%,85.92355230029754
2026-08-31T00:00:00+00:00,22411530-3,Dew Point,CURRENT,°C,16.720010031994498
2026-08-31T00:00:00+00:00,22411541-S,Battery,CURRENT,V,8.299701416015626
2026-08-31T00:00:00+00:00,22447758-1,Temperature,CURRENT,°C,18.916298828125
2026-08-31T00:00:00+00:00,22447758-2,RH,CURRENT,%,82.57114518959335
2026-08-31T00:00:00+00:00,22447758-3,Dew Point,CURRENT,°C,15.905210768449733
2026-08-31T00:00:00+00:00,22447759-1,Temperature,CURRENT,°C,18.916298828125
2026-08-31T00:00:00+00:00,22447759-2,RH,CURRENT,%,82.96940566109713
2026-08-31T00:00:00+00:00,22447759-3,Dew Point,CURRENT,°C,15.980618483934833
2026-08-31T00:00:00+00:00,22447760-1,Temperature,CURRENT,°C,18.873398437499993
2026-08-31T00:00:00+00:00,22447760-2,RH,CURRENT,%,83.65300984206912
2026-08-31T00:00:00+00:00,22447760-3,Dew Point,CURRENT,°C,16.06729179794474
2026-08-31T00:00:00+00:00,22447761-1,Temperature,CURRENT,°C,18.830498046875
2026-08-31T00:00:00+00:00,22447761-2,RH,CURRENT,%,82.84733348592356
2026-08-31T00:00:00+00:00,22447761-3,Dew Point,CURRENT,°C,15.873587691993597
2026-08-31T00:00:00+00:00,22447762-1,Temperature,CURRENT,°C,18.894848632812504
2026-08-31T00:00:00+00:00,22447762-2,RH,CURRENT,%,82.37888151369498
2026-08-31T00:00:00+00:00,22447762-3,Dew Point,CURRENT,°C,15.84771987807972
2026-08-31T00:00:00+00:00,22447764-1,Temperature,CURRENT,°C,18.851948242187497
2026-08-31T00:00:00+00:00,22447764-2,RH,CURRENT,%,83.23949034866865
2026-08-31T00:00:00+00:00,22447764-3,Dew Point,CURRENT,°C,15.96857672597318
2026-08-31T00:00:00+00:00,22447765-1,Temperature,CURRENT,°C,18.894848632812504
2026-08-31T00:00:00+00:00,22447765-2,RH,CURRENT,%,82.65354390783551
2026-08-31T00:00:00+00:00,22447765-3,Dew Point,CURRENT,°C,15.899856838853868
2026-08-31T00:00:00+00:00,22447766-1,Temperature,CURRENT,°C,18.916298828125
2026-08-31T00:00:00+00:00,22447766-2,RH,CURRENT,%,82.38498512245366
2026-08-31T00:00:00+00:00,22447766-3,Dew Point,CURRENT,°C,15.869853335924555
2026-08-31T00:05:00+00:00,22411189-1,Temperature,CURRENT,°C,18.830498046875
2026-08-31T00:05:00+00:00,22411189-2,RH,CURRENT,%,89.15541313801785
2026-08-31T00:05:00+00:00,22411189-3,Dew Point,CURRENT,°C,17.028221757284335
2026-08-31T00:05:00+00:00,22411190-1,Temperature,CURRENT,°C,18.894848632812504
2026-08-31T00:05:00+00:00,22411190-2,RH,CURRENT,%,86.36148622873274
2026-08-31T00:05:00+00:00,22411190-3,Dew Point,CURRENT,°C,16.58924052046709
2026-08-31T00:05:00+00:00,22411191-1,Temperature,CURRENT,°C,18.980649414062505
2026-08-31T00:05:00+00:00,22411191-2,RH,CURRENT,%,87.86907759212635
2026-08-31T00:05:00+00:00,22411191-3,Dew Point,CURRENT,°C,16.94670196100046
2026-08-31T00:05:00+00:00,22411525-1,Temperature,CURRENT,°C,18.980649414062505
2026-08-31T00:05:00+00:00,22411525-2,RH,CURRENT,%,85.9555962462806
2026-08-31T00:05:00+00:00,22411525-3,Dew Point,CURRENT,°C,16.599389469045537
2026-08-31T00:05:00+00:00,22411526-1,Temperature,CURRENT,°C,18.787597656249993
2026-08-31T00:05:00+00:00,22411526-2,RH,CURRENT,%,87.46623941405356
2026-08-31T00:05:00+00:00,22411526-3,Dew Point,CURRENT,°C,16.683975529769537
2026-08-31T00:05:00+00:00,22411527-1,Temperature,CURRENT,°C,19.002099609375
2026-08-31T00:05:00+00:00,22411527-2,RH,CURRENT,%,86.15701533531701
2026-08-31T00:05:00+00:00,22411527-3,Dew Point,CURRENT,°C,16.657355406797304
2026-08-31T00:05:00+00:00,22411528-1,Temperature,CURRENT,°C,18.701796874999992
2026-08-31T00:05:00+00:00,22411528-2,RH,CURRENT,%,89.21492332341496
2026-08-31T00:05:00+00:00,22411528-3,Dew Point,CURRENT,°C,16.911681677684946
2026-08-31T00:05:00+00:00,22411529-1,Temperature,CURRENT,°C,18.487294921874998
2026-08-31T00:05:00+00:00,22411529-2,RH,CURRENT,%,89.97024490730143
2026-08-31T00:05:00+00:00,22411529-3,Dew Point,CURRENT,°C,16.832851227732338
2026-08-31T00:05:00+00:00,22411530-1,Temperature,CURRENT,°C,18.959199218749994
2026-08-31T00:05:00+00:00,22411530-2,RH,CURRENT,%,86.48050659952698
2026-08-31T00:05:00+00:00,22411530-3,Dew Point,CURRENT,°C,16.674234446260158
2026-08-31T00:05:00+00:00,22411541-S,Battery,CURRENT,V,8.299701416015626
2026-08-31T00:05:00+00:00,22447758-1,Temperature,CURRENT,°C,18.766147460937496
2026-08-31T00:05:00+00:00,22447758-2,RH,CURRENT,%,83.1067368581674
2026-08-31T00:05:00+00:00,22447758-3,Dew Point,CURRENT,°C,15.859575994746354
2026-08-31T00:05:00+00:00,22447759-1,Temperature,CURRENT,°C,18.787597656249993
2026-08-31T00:05:00+00:00,22447759-2,RH,CURRENT,%,83.5385671778439
2026-08-31T00:05:00+00:00,22447759-3,Dew Point,CURRENT,°C,15.961780040808838
2026-08-31T00:05:00+00:00,22447760-1,Temperature,CURRENT,°C,18.744697265625
2026-08-31T00:05:00+00:00,22447760-2,RH,CURRENT,%,84.21149004348821
2026-08-31T00:05:00+00:00,22447760-3,Dew Point,CURRENT,°C,16.045535622465753
2026-08-31T00:05:00+00:00,22447761-1,Temperature,CURRENT,°C,18.680346679687496
2026-08-31T00:05:00+00:00,22447761-2,RH,CURRENT,%,83.32646677347982
2026-08-31T00:05:00+00:00,22447761-3,Dew Point,CURRENT,°C,15.816924552133164
2026-08-31T00:05:00+00:00,22447762-1,Temperature,CURRENT,°C,18.766147460937496
2026-08-31T00:05:00+00:00,22447762-2,RH,CURRENT,%,82.88395513847563
2026-08-31T00:05:00+00:00,22447762-3,Dew Point,CURRENT,°C,15.817542955899816
2026-08-31T00:05:00+00:00,22447764-1,Temperature,CURRENT,°C,18.701796874999992
2026-08-31T00:05:00+00:00,22447764-2,RH,CURRENT,%,83.71557183184558
2026-08-31T00:05:00+00:00,22447764-3,Dew Point,CURRENT,°C,15.910900158096677
2026-08-31T00:05:00+00:00,22447765-1,Temperature,CURRENT,°C,18.744697265625
2026-08-31T00:05:00+00:00,22447765-2,RH,CURRENT,%,83.1616693369955
2026-08-31T00:05:00+00:00,22447765-3,Dew Point,CURRENT,°C,15.848927307403303
2026-08-31T00:05:00+00:00,22447766-1,Temperature,CURRENT,°C,18.787597656249993
2026-08-31T00:05:00+00:00,22447766-2,RH,CURRENT,%,82.95262073701076
2026-08-31T00:05:00+00:00,22447766-3,Dew Point,CURRENT,°C,15.851500141811346
2026-08-31T00:10:00+00:00,22411189-1,Temperature,CURRENT,°C,18.637446289062503
2026-08-31T00:10:00+00:00,22411189-2,RH,CURRENT,%,89.99160753795681
2026-08-31T00:10:00+00:00,22411189-3,Dew Point,CURRENT,°C,16.985028093389293
2026-08-31T00:10:00+00:00,22411190-1,Temperature,CURRENT,°C,18.744697265625
2026-08-31T00:10:00+00:00,22411190-2,RH,CURRENT,%,87.03135728999771
2026-08-31T00:10:00+00:00,22411190-3,Dew Point,CURRENT,°C,16.563194981359704
2026-08-31T00:10:00+00:00,22411191-1,Temperature,CURRENT,°C,18.830498046875
2026-08-31T00:10:00+00:00,22411191-2,RH,CURRENT,%,88.62745098039215
2026-08-31T00:10:00+00:00,22411191-3,Dew Point,CURRENT,°C,16.934375934032705
2026-08-31T00:10:00+00:00,22411525-1,Temperature,CURRENT,°C,18.809047851562504
2026-08-31T00:10:00+00:00,22411525-2,RH,CURRENT,%,86.68650339513238
2026-08-31T00:10:00+00:00,22411525-3,Dew Point,CURRENT,°C,16.564001385948853
2026-08-31T00:10:00+00:00,22411526-1,Temperature,CURRENT,°C,18.61599609374999
2026-08-31T00:10:00+00:00,22411526-2,RH,CURRENT,%,88.07965209430076
2026-08-31T00:10:00+00:00,22411526-3,Dew Point,CURRENT,°C,16.625008108113892
2026-08-31T00:10:00+00:00,22411527-1,Temperature,CURRENT,°C,18.851948242187497
2026-08-31T00:10:00+00:00,22411527-2,RH,CURRENT,%,86.91081101701381
2026-08-31T00:10:00+00:00,22411527-3,Dew Point,CURRENT,°C,16.646931459784177
2026-08-31T00:10:00+00:00,22411528-1,Temperature,CURRENT,°C,18.508745117187495
2026-08-31T00:10:00+00:00,22411528-2,RH,CURRENT,%,89.89089799343861
2026-08-31T00:10:00+00:00,22411528-3,Dew Point,CURRENT,°C,16.84012865333738
2026-08-31T00:10:00+00:00,22411529-1,Temperature,CURRENT,°C,18.2942431640625
2026-08-31T00:10:00+00:00,22411529-2,RH,CURRENT,%,90.4951552605478
2026-08-31T00:10:00+00:00,22411529-3,Dew Point,CURRENT,°C,16.73372141734908
2026-08-31T00:10:00+00:00,22411530-1,Temperature,CURRENT,°C,18.787597656249993
2026-08-31T00:10:00+00:00,22411530-2,RH,CURRENT,%,87.09544518196384
2026-08-31T00:10:00+00:00,22411530-3,Dew Point,CURRENT,°C,16.61702460801363
2026-08-31T00:10:00+00:00,22411541-S,Battery,CURRENT,V,8.290009277343751
2026-08-31T00:10:00+00:00,22447758-1,Temperature,CURRENT,°C,18.53019531249999
2026-08-31T00:10:00+00:00,22447758-2,RH,CURRENT,%,83.86663614862287
2026-08-31T00:10:00+00:00,22447758-3,Dew Point,CURRENT,°C,15.770990719196046
2026-08-31T00:10:00+00:00,22447759-1,Temperature,CURRENT,°C,18.551645507812502
2026-08-31T00:10:00+00:00,22447759-2,RH,CURRENT,%,84.31219958800641
2026-08-31T00:10:00+00:00,22447759-3,Dew Point,CURRENT,°C,15.87497997466513
2026-08-31T00:10:00+00:00,22447760-1,Temperature,CURRENT,°C,18.508745117187495
2026-08-31T00:10:00+00:00,22447760-2,RH,CURRENT,%,84.92103456168459
2026-08-31T00:10:00+00:00,22447760-3,Dew Point,CURRENT,°C,15.94562782709065
2026-08-31T00:10:00+00:00,22447761-1,Temperature,CURRENT,°C,18.4658447265625
2026-08-31T00:10:00+00:00,22447761-2,RH,CURRENT,%,84.0360112916762
2026-08-31T00:10:00+00:00,22447761-3,Dew Point,CURRENT,°C,15.73949423762684
2026-08-31T00:10:00+00:00,22447762-1,Temperature,CURRENT,°C,18.53019531249999
2026-08-31T00:10:00+00:00,22447762-2,RH,CURRENT,%,83.67589837491417
2026-08-31T00:10:00+00:00,22447762-3,Dew Point,CURRENT,°C,15.73536087146993
2026-08-31T00:10:00+00:00,22447764-1,Temperature,CURRENT,°C,18.4658447265625
2026-08-31T00:10:00+00:00,22447764-2,RH,CURRENT,%,84.67383840695811
2026-08-31T00:10:00+00:00,22447764-3,Dew Point,CURRENT,°C,15.857859061402547
2026-08-31T00:10:00+00:00,22447765-1,Temperature,CURRENT,°C,18.53019531249999
2026-08-31T00:10:00+00:00,22447765-2,RH,CURRENT,%,83.94903486686503
2026-08-31T00:10:00+00:00,22447765-3,Dew Point,CURRENT,°C,15.786360848244541
2026-08-31T00:10:00+00:00,22447766-1,Temperature,CURRENT,°C,18.551645507812502
2026-08-31T00:10:00+00:00,22447766-2,RH,CURRENT,%,83.78881513694972
2026-08-31T00:10:00+00:00,22447766-3,Dew Point,CURRENT,°C,15.77748003583324
2026-08-31T00:15:00+00:00,22411189-1,Temperature,CURRENT,°C,18.2942431640625
2026-08-31T00:15:00+00:00,22411189-2,RH,CURRENT,%,91.38780804150454
2026-08-31T00:15:00+00:00,22411189-3,Dew Point,CURRENT,°C,16.888608194375706
2026-08-31T00:15:00+00:00,22411190-1,Temperature,CURRENT,°C,18.401494140624997
2026-08-31T00:15:00+00:00,22411190-2,RH,CURRENT,%,88.4092469672694
2026-08-31T00:15:00+00:00,22411190-3,Dew Point,CURRENT,°C,16.472294376462333
2026-08-31T00:15:00+00:00,22411191-1,Temperature,CURRENT,°C,18.508745117187495
2026-08-31T00:15:00+00:00,22411191-2,RH,CURRENT,%,90.01602197299154
2026-08-31T00:15:00+00:00,22411191-3,Dew Point,CURRENT,°C,16.862084460405494
2026-08-31T00:15:00+00:00,22411525-1,Temperature,CURRENT,°C,18.487294921874998
2026-08-31T00:15:00+00:00,22411525-2,RH,CURRENT,%,88.04303044174868
2026-08-31T00:15:00+00:00,22411525-3,Dew Point,CURRENT,°C,16.491574796917646
2026-08-31T00:15:00+00:00,22411526-1,Temperature,CURRENT,°C,18.2942431640625
2026-08-31T00:15:00+00:00,22411526-2,RH,CURRENT,%,89.14473182269016
2026-08-31T00:15:00+00:00,22411526-3,Dew Point,CURRENT,°C,16.496842246754184
2026-08-31T00:15:00+00:00,22411527-1,Temperature,CURRENT,°C,18.53019531249999
2026-08-31T00:15:00+00:00,22411527-2,RH,CURRENT,%,88.2536049439231
2026-08-31T00:15:00+00:00,22411527-3,Dew Point,CURRENT,°C,16.57148691483823
2026-08-31T00:15:00+00:00,22411528-1,Temperature,CURRENT,°C,18.186992187500003
2026-08-31T00:15:00+00:00,22411528-2,RH,CURRENT,%,91.01396200503548
2026-08-31T00:15:00+00:00,22411528-3,Dew Point,CURRENT,°C,16.717731400741243
2026-08-31T00:15:00+00:00,22411529-1,Temperature,CURRENT,°C,18.015390625000002
2026-08-31T00:15:00+00:00,22411529-2,RH,CURRENT,%,90.86289768825819
2026-08-31T00:15:00+00:00,22411529-3,Dew Point,CURRENT,°C,16.521700221754173
2026-08-31T00:15:00+00:00,22411530-1,Temperature,CURRENT,°C,18.4658447265625
2026-08-31T00:15:00+00:00,22411530-2,RH,CURRENT,%,88.45807583733882
2026-08-31T00:15:00+00:00,22411530-3,Dew Point,CURRENT,°C,16.544462031964965
2026-08-31T00:15:00+00:00,22411541-S,Battery,CURRENT,V,8.267394287109376
2026-08-31T00:15:00+00:00,22447758-1,Temperature,CURRENT,°C,18.229892578124996
2026-08-31T00:15:00+00:00,22447758-2,RH,CURRENT,%,85.06599526970321
2026-08-31T00:15:00+00:00,22447758-3,Dew Point,CURRENT,°C,15.698615422772832
2026-08-31T00:15:00+00:00,22447759-1,Temperature,CURRENT,°C,18.272792968750004
2026-08-31T00:15:00+00:00,22447759-2,RH,CURRENT,%,85.40016784924086
2026-08-31T00:15:00+00:00,22447759-3,Dew Point,CURRENT,°C,15.80209219711226
2026-08-31T00:15:00+00:00,22447760-1,Temperature,CURRENT,°C,18.229892578124996
2026-08-31T00:15:00+00:00,22447760-2,RH,CURRENT,%,86.05935759517816
2026-08-31T00:15:00+00:00,22447760-3,Dew Point,CURRENT,°C,15.880344620545731
2026-08-31T00:15:00+00:00,22447761-1,Temperature,CURRENT,°C,18.165541992187492
2026-08-31T00:15:00+00:00,22447761-2,RH,CURRENT,%,85.13618677042801
2026-08-31T00:15:00+00:00,22447761-3,Dew Point,CURRENT,°C,15.648338194610966
2026-08-31T00:15:00+00:00,22447762-1,Temperature,CURRENT,°C,18.272792968750004
2026-08-31T00:15:00+00:00,22447762-2,RH,CURRENT,%,84.79285877775234
2026-08-31T00:15:00+00:00,22447762-3,Dew Point,CURRENT,°C,15.690419175879406
2026-08-31T00:15:00+00:00,22447764-1,Temperature,CURRENT,°C,18.186992187500003
2026-08-31T00:15:00+00:00,22447764-2,RH,CURRENT,%,85.74807354848554
2026-08-31T00:15:00+00:00,22447764-3,Dew Point,CURRENT,°C,15.781439198194743
2026-08-31T00:15:00+00:00,22447765-1,Temperature,CURRENT,°C,18.229892578124996
2026-08-31T00:15:00+00:00,22447765-2,RH,CURRENT,%,85.05683985656519
2026-08-31T00:15:00+00:00,22447765-3,Dew Point,CURRENT,°C,15.696931866633154
2026-08-31T00:15:00+00:00,22447766-1,Temperature,CURRENT,°C,18.272792968750004
2026-08-31T00:15:00+00:00,22447766-2,RH,CURRENT,%,84.97138933394369
2026-08-31T00:15:00+00:00,22447766-3,Dew Point,CURRENT,°C,15.723320238755344
2026-08-31T00:20:00+00:00,22411189-1,Temperature,CURRENT,°C,18.058291015624995
2026-08-31T00:20:00+00:00,22411189-2,RH,CURRENT,%,92.22705424582284
2026-08-31T00:20:00+00:00,22411189-3,Dew Point,CURRENT,°C,16.79906203850974
2026-08-31T00:20:00+00:00,22411190-1,Temperature,CURRENT,°C,18.186992187500003
2026-08-31T00:20:00+00:00,22411190-2,RH,CURRENT,%,89.0074006256199
2026-08-31T00:20:00+00:00,22411190-3,Dew Point,CURRENT,°C,16.36669820484499
2026-08-31T00:20:00+00:00,22411191-1,Temperature,CURRENT,°C,18.3800439453125
2026-08-31T00:20:00+00:00,22411191-2,RH,CURRENT,%,90.47226672770276
2026-08-31T00:20:00+00:00,22411191-3,Dew Point,CURRENT,°C,16.814606512817978
2026-08-31T00:20:00+00:00,22411525-1,Temperature,CURRENT,°C,18.3800439453125
2026-08-31T00:20:00+00:00,22411525-2,RH,CURRENT,%,88.32990005340658
2026-08-31T00:20:00+00:00,22411525-3,Dew Point,CURRENT,°C,16.437009009253718
2026-08-31T00:20:00+00:00,22411526-1,Temperature,CURRENT,°C,18.015390625000002
2026-08-31T00:20:00+00:00,22411526-2,RH,CURRENT,%,90.03433279926757
2026-08-31T00:20:00+00:00,22411526-3,Dew Point,CURRENT,°C,16.37756064152231
2026-08-31T00:20:00+00:00,22411527-1,Temperature,CURRENT,°C,18.422944335937494
2026-08-31T00:20:00+00:00,22411527-2,RH,CURRENT,%,88.56794079499504
2026-08-31T00:20:00+00:00,22411527-3,Dew Point,CURRENT,°C,16.521683275176077
2026-08-31T00:20:00+00:00,22411528-1,Temperature,CURRENT,°C,17.865239257812497
2026-08-31T00:20:00+00:00,22411528-2,RH,CURRENT,%,91.8425268940261
2026-08-31T00:20:00+00:00,22411528-3,Dew Point,CURRENT,°C,16.541831771802038
2026-08-31T00:20:00+00:00,22411529-1,Temperature,CURRENT,°C,17.693637695312496
2026-08-31T00:20:00+00:00,22411529-2,RH,CURRENT,%,91.71892881666285
2026-08-31T00:20:00+00:00,22411529-3,Dew Point,CURRENT,°C,16.35058824935671
2026-08-31T00:20:00+00:00,22411530-1,Temperature,CURRENT,°C,18.2942431640625
2026-08-31T00:20:00+00:00,22411530-2,RH,CURRENT,%,89.06691081101701
2026-08-31T00:20:00+00:00,22411530-3,Dew Point,CURRENT,°C,16.48309599412993
2026-08-31T00:20:00+00:00,22411541-S,Battery,CURRENT,V,8.273855712890626
2026-08-31T00:20:00+00:00,22447758-1,Temperature,CURRENT,°C,18.0368408203125
2026-08-31T00:20:00+00:00,22447758-2,RH,CURRENT,%,85.42915999084458
2026-08-31T00:20:00+00:00,22447758-3,Dew Point,CURRENT,°C,15.575649727333543
2026-08-31T00:20:00+00:00,22447759-1,Temperature,CURRENT,°C,18.101191406250003
2026-08-31T00:20:00+00:00,22447759-2,RH,CURRENT,%,85.76333257038223
2026-08-31T00:20:00+00:00,22447759-3,Dew Point,CURRENT,°C,15.699908607458253
2026-08-31T00:20:00+00:00,22447760-1,Temperature,CURRENT,°C,18.0368408203125
2026-08-31T00:20:00+00:00,22447760-2,RH,CURRENT,%,86.36301213092241
2026-08-31T00:20:00+00:00,22447760-3,Dew Point,CURRENT,°C,15.745655626879499
2026-08-31T00:20:00+00:00,22447761-1,Temperature,CURRENT,°C,17.972490234374995
2026-08-31T00:20:00+00:00,22447761-2,RH,CURRENT,%,85.41084916456855
2026-08-31T00:20:00+00:00,22447761-3,Dew Point,CURRENT,°C,15.50909474278631
2026-08-31T00:20:00+00:00,22447762-1,Temperature,CURRENT,°C,18.07974121093749
2026-08-31T00:20:00+00:00,22447762-2,RH,CURRENT,%,85.14991989013504
2026-08-31T00:20:00+00:00,22447762-3,Dew Point,CURRENT,°C,15.566619019299528
2026-08-31T00:20:00+00:00,22447764-1,Temperature,CURRENT,°C,17.972490234374995
2026-08-31T00:20:00+00:00,22447764-2,RH,CURRENT,%,86.18448157473107
2026-08-31T00:20:00+00:00,22447764-3,Dew Point,CURRENT,°C,15.650003837792982
2026-08-31T00:20:00+00:00,22447765-1,Temperature,CURRENT,°C,18.0368408203125
2026-08-31T00:20:00+00:00,22447765-2,RH,CURRENT,%,85.46120393682764
2026-08-31T00:20:00+00:00,22447765-3,Dew Point,CURRENT,°C,15.581510191629398
2026-08-31T00:20:00+00:00,22447766-1,Temperature,CURRENT,°C,18.101191406250003
2026-08-31T00:20:00+00:00,22447766-2,RH,CURRENT,%,85.3376058594644
2026-08-31T00:20:00+00:00,22447766-3,Dew Point,CURRENT,°C,15.62209319854755
2026-08-31T00:25:00+00:00,22411189-1,Temperature,CURRENT,°C,17.779438476562497
2026-08-31T00:25:00+00:00,22411189-2,RH,CURRENT,%,93.38063630121309
2026-08-31T00:25:00+00:00,22411189-3,Dew Point,CURRENT,°C,16.718410143083812
2026-08-31T00:25:00+00:00,22411190-1,Temperature,CURRENT,°C,17.951040039062498
2026-08-31T00:25:00+00:00,22411190-2,RH,CURRENT,%,89.99313344014648
2026-08-31T00:25:00+00:00,22411190-3,Dew Point,CURRENT,°C,16.306748323512355
2026-08-31T00:25:00+00:00,22411191-1,Temperature,CURRENT,°C,18.1226416015625
2026-08-31T00:25:00+00:00,22411191-2,RH,CURRENT,%,91.53887235828184
2026-08-31T00:25:00+00:00,22411191-3,Dew Point,CURRENT,°C,16.744692464779302
2026-08-31T00:25:00+00:00,22411525-1,Temperature,CURRENT,°C,18.144091796874996
2026-08-31T00:25:00+00:00,22411525-2,RH,CURRENT,%,89.40718699931334
2026-08-31T00:25:00+00:00,22411525-3,Dew Point,CURRENT,°C,16.394811925816516
2026-08-31T00:25:00+00:00,22411526-1,Temperature,CURRENT,°C,17.715087890624993
2026-08-31T00:25:00+00:00,22411526-2,RH,CURRENT,%,90.90409704737927
2026-08-31T00:25:00+00:00,22411526-3,Dew Point,CURRENT,°C,16.23159585567719
2026-08-31T00:25:00+00:00,22411527-1,Temperature,CURRENT,°C,18.229892578124996
2026-08-31T00:25:00+00:00,22411527-2,RH,CURRENT,%,89.43465323872739
2026-08-31T00:25:00+00:00,22411527-3,Dew Point,CURRENT,°C,16.484396487378273
2026-08-31T00:25:00+00:00,22411528-1,Temperature,CURRENT,°C,17.607836914062496
2026-08-31T00:25:00+00:00,22411528-2,RH,CURRENT,%,92.72907606622415
2026-08-31T00:25:00+00:00,22411528-3,Dew Point,CURRENT,°C,16.437780414804617
2026-08-31T00:25:00+00:00,22411529-1,Temperature,CURRENT,°C,17.5005859375
2026-08-31T00:25:00+00:00,22411529-2,RH,CURRENT,%,91.44884412909133
2026-08-31T00:25:00+00:00,22411529-3,Dew Point,CURRENT,°C,16.113003423563523
2026-08-31T00:25:00+00:00,22411530-1,Temperature,CURRENT,°C,18.058291015624995
2026-08-31T00:25:00+00:00,22411530-2,RH,CURRENT,%,90.27542534523538
2026-08-31T00:25:00+00:00,22411530-3,Dew Point,CURRENT,°C,16.46204753502641
2026-08-31T00:25:00+00:00,22411541-S,Battery,CURRENT,V,8.273855712890626
2026-08-31T00:25:00+00:00,22447758-1,Temperature,CURRENT,°C,17.629287109374992
2026-08-31T00:25:00+00:00,22447758-2,RH,CURRENT,%,87.29076066224155
2026-08-31T00:25:00+00:00,22447758-3,Dew Point,CURRENT,°C,15.5115801403507
2026-08-31T00:25:00+00:00,22447759-1,Temperature,CURRENT,°C,17.715087890624993
2026-08-31T00:25:00+00:00,22447759-2,RH,CURRENT,%,87.25566491187915
2026-08-31T00:25:00+00:00,22447759-3,Dew Point,CURRENT,°C,15.589797668489204
2026-08-31T00:25:00+00:00,22447760-1,Temperature,CURRENT,°C,17.629287109374992
2026-08-31T00:25:00+00:00,22447760-2,RH,CURRENT,%,88.01098649576562
2026-08-31T00:25:00+00:00,22447760-3,Dew Point,CURRENT,°C,15.639984235392586
2026-08-31T00:25:00+00:00,22447761-1,Temperature,CURRENT,°C,17.564936523437503
2026-08-31T00:25:00+00:00,22447761-2,RH,CURRENT,%,86.64682993820097
2026-08-31T00:25:00+00:00,22447761-3,Dew Point,CURRENT,°C,15.332670089940246
2026-08-31T00:25:00+00:00,22447762-1,Temperature,CURRENT,°C,17.693637695312496
2026-08-31T00:25:00+00:00,22447762-2,RH,CURRENT,%,86.8009460593576
2026-08-31T00:25:00+00:00,22447762-3,Dew Point,CURRENT,°C,15.487055701549444
2026-08-31T00:25:00+00:00,22447764-1,Temperature,CURRENT,°C,17.54348632812499
2026-08-31T00:25:00+00:00,22447764-2,RH,CURRENT,%,87.67223620965896
2026-08-31T00:25:00+00:00,22447764-3,Dew Point,CURRENT,°C,15.495157622692787
2026-08-31T00:25:00+00:00,22447765-1,Temperature,CURRENT,°C,17.629287109374992
2026-08-31T00:25:00+00:00,22447765-2,RH,CURRENT,%,87.10307469291219
2026-08-31T00:25:00+00:00,22447765-3,Dew Point,CURRENT,°C,15.477966388101486
2026-08-31T00:25:00+00:00,22447766-1,Temperature,CURRENT,°C,17.693637695312496
2026-08-31T00:25:00+00:00,22447766-2,RH,CURRENT,%,86.8162050812543
2026-08-31T00:25:00+00:00,22447766-3,Dew Point,CURRENT,°C,15.489800613732202
2026-08-31T00:30:00+00:00,22411189-1,Temperature,CURRENT,°C,17.522036132812495
2026-08-31T00:30:00+00:00,22411189-2,RH,CURRENT,%,94.16189822232396
2026-08-31T00:30:00+00:00,22411189-3,Dew Point,CURRENT,°C,16.593955984120623
2026-08-31T00:30:00+00:00,22411190-1,Temperature,CURRENT,°C,17.800888671874993
2026-08-31T00:30:00+00:00,22411190-2,RH,CURRENT,%,90.36240177004655
2026-08-31T00:30:00+00:00,22411190-3,Dew Point,CURRENT,°C,16.22261305788538
2026-08-31T00:30:00+00:00,22411191-1,Temperature,CURRENT,°C,18.2084423828125
2026-08-31T00:30:00+00:00,22411191-2,RH,CURRENT,%,91.21538109407187
2026-08-31T00:30:00+00:00,22411191-3,Dew Point,CURRENT,°C,16.773832888024423
2026-08-31T00:30:00+00:00,22411525-1,Temperature,CURRENT,°C,18.272792968750004
2026-08-31T00:30:00+00:00,22411525-2,RH,CURRENT,%,88.81055924315251
2026-08-31T00:30:00+00:00,22411525-3,Dew Point,CURRENT,°C,16.416569757475703
2026-08-31T00:30:00+00:00,22411526-1,Temperature,CURRENT,°C,17.3933349609375
2026-08-31T00:30:00+00:00,22411526-2,RH,CURRENT,%,91.49767299916076
2026-08-31T00:30:00+00:00,22411526-3,Dew Point,CURRENT,°C,16.01513549802066
2026-08-31T00:30:00+00:00,22411527-1,Temperature,CURRENT,°C,18.358593750000004
2026-08-31T00:30:00+00:00,22411527-2,RH,CURRENT,%,88.79377431906615
2026-08-31T00:30:00+00:00,22411527-3,Dew Point,CURRENT,°C,16.49827400821796
2026-08-31T00:30:00+00:00,22411528-1,Temperature,CURRENT,°C,17.200283203125004
2026-08-31T00:30:00+00:00,22411528-2,RH,CURRENT,%,93.02357518883039
2026-08-31T00:30:00+00:00,22411528-3,Dew Point,CURRENT,°C,16.083118910207652
2026-08-31T00:30:00+00:00,22411529-1,Temperature,CURRENT,°C,17.200283203125004
2026-08-31T00:30:00+00:00,22411529-2,RH,CURRENT,%,92.14923323414969
2026-08-31T00:30:00+00:00,22411529-3,Dew Point,CURRENT,°C,15.935042459337563
2026-08-31T00:30:00+00:00,22411530-1,Temperature,CURRENT,°C,18.058291015624995
2026-08-31T00:30:00+00:00,22411530-2,RH,CURRENT,%,90.11215381094073
2026-08-31T00:30:00+00:00,22411530-3,Dew Point,CURRENT,°C,16.433564689868074
2026-08-31T00:30:00+00:00,22411541-S,Battery,CURRENT,V,8.273855712890626
2026-08-31T00:30:00+00:00,22447758-1,Temperature,CURRENT,°C,17.5005859375
2026-08-31T00:30:00+00:00,22447758-2,RH,CURRENT,%,88.22613870450904
2026-08-31T00:30:00+00:00,22447758-3,Dew Point,CURRENT,°C,15.55124226542861
2026-08-31T00:30:00+00:00,22447759-1,Temperature,CURRENT,°C,17.650737304687503
2026-08-31T00:30:00+00:00,22447759-2,RH,CURRENT,%,87.9972533760586
2026-08-31T00:30:00+00:00,22447759-3,Dew Point,CURRENT,°C,15.658691150363525
2026-08-31T00:30:00+00:00,22447760-1,Temperature,CURRENT,°C,17.5005859375
2026-08-31T00:30:00+00:00,22447760-2,RH,CURRENT,%,88.95399404898146
2026-08-31T00:30:00+00:00,22447760-3,Dew Point,CURRENT,°C,15.67967109535157
2026-08-31T00:30:00+00:00,22447761-1,Temperature,CURRENT,°C,17.350434570312494
2026-08-31T00:30:00+00:00,22447761-2,RH,CURRENT,%,88.22613870450904
2026-08-31T00:30:00+00:00,22447761-3,Dew Point,CURRENT,°C,15.403166160570004
2026-08-31T00:30:00+00:00,22447762-1,Temperature,CURRENT,°C,17.650737304687503
2026-08-31T00:30:00+00:00,22447762-2,RH,CURRENT,%,87.34111543450065
2026-08-31T00:30:00+00:00,22447762-3,Dew Point,CURRENT,°C,15.541714832292758
2026-08-31T00:30:00+00:00,22447764-1,Temperature,CURRENT,°C,17.328984374999997
2026-08-31T00:30:00+00:00,22447764-2,RH,CURRENT,%,89.10505836575875
2026-08-31T00:30:00+00:00,22447764-3,Dew Point,CURRENT,°C,15.536773602315394
2026-08-31T00:30:00+00:00,22447765-1,Temperature,CURRENT,°C,17.5005859375
2026-08-31T00:30:00+00:00,22447765-2,RH,CURRENT,%,88.26276035706111
2026-08-31T00:30:00+00:00,22447765-3,Dew Point,CURRENT,°C,15.557726243178502
2026-08-31T00:30:00+00:00,22447766-1,Temperature,CURRENT,°C,17.6721875
2026-08-31T00:30:00+00:00,22447766-2,RH,CURRENT,%,87.51659418631266
2026-08-31T00:30:00+00:00,22447766-3,Dew Point,CURRENT,°C,15.594206807234768
2026-08-31T00:35:00+00:00,22411189-1,Temperature,CURRENT,°C,17.479135742187502
2026-08-31T00:35:00+00:00,22411189-2,RH,CURRENT,%,94.66544594491494
2026-08-31T00:35:00+00:00,22411189-3,Dew Point,CURRENT,°C,16.635321094878623
2026-08-31T00:35:00+00:00,22411190-1,Temperature,CURRENT,°C,17.736538085937504
2026-08-31T00:35:00+00:00,22411190-2,RH,CURRENT,%,90.72404058899825
2026-08-31T00:35:00+00:00,22411190-3,Dew Point,CURRENT,°C,16.22168274720127
2026-08-31T00:35:00+00:00,22411191-1,Temperature,CURRENT,°C,18.358593750000004
2026-08-31T00:35:00+00:00,22411191-2,RH,CURRENT,%,90.58213168535897
2026-08-31T00:35:00+00:00,22411191-3,Dew Point,CURRENT,°C,16.81253685869015
2026-08-31T00:35:00+00:00,22411525-1,Temperature,CURRENT,°C,18.4658447265625
2026-08-31T00:35:00+00:00,22411525-2,RH,CURRENT,%,87.97436484321355
2026-08-31T00:35:00+00:00,22411525-3,Dew Point,CURRENT,°C,16.458150102507954
2026-08-31T00:35:00+00:00,22411526-1,Temperature,CURRENT,°C,17.243183593749997
2026-08-31T00:35:00+00:00,22411526-2,RH,CURRENT,%,92.95033188372625
2026-08-31T00:35:00+00:00,22411526-3,Dew Point,CURRENT,°C,16.11334281445623
2026-08-31T00:35:00+00:00,22411527-1,Temperature,CURRENT,°C,18.594545898437495
2026-08-31T00:35:00+00:00,22411527-2,RH,CURRENT,%,87.71648737315938
2026-08-31T00:35:00+00:00,22411527-3,Dew Point,CURRENT,°C,16.5387879270777
2026-08-31T00:35:00+00:00,22411528-1,Temperature,CURRENT,°C,17.071582031249996
2026-08-31T00:35:00+00:00,22411528-2,RH,CURRENT,%,94.55710688944839
2026-08-31T00:35:00+00:00,22411528-3,Dew Point,CURRENT,°C,16.21189805017224
2026-08-31T00:35:00+00:00,22411529-1,Temperature,CURRENT,°C,16.9643310546875
2026-08-31T00:35:00+00:00,22411529-2,RH,CURRENT,%,94.03830014496071
2026-08-31T00:35:00+00:00,22411529-3,Dew Point,CURRENT,°C,16.01891330769361
2026-08-31T00:35:00+00:00,22411530-1,Temperature,CURRENT,°C,18.186992187500003
2026-08-31T00:35:00+00:00,22411530-2,RH,CURRENT,%,89.49874113069352
2026-08-31T00:35:00+00:00,22411530-3,Dew Point,CURRENT,°C,16.453290781018687
2026-08-31T00:35:00+00:00,22411541-S,Battery,CURRENT,V,8.273855712890626
2026-08-31T00:35:00+00:00,22447758-1,Temperature,CURRENT,°C,17.564936523437503
2026-08-31T00:35:00+00:00,22447758-2,RH,CURRENT,%,87.53795681696803
2026-08-31T00:35:00+00:00,22447758-3,Dew Point,CURRENT,°C,15.492356139687878
2026-08-31T00:35:00+00:00,22447759-1,Temperature,CURRENT,°C,17.715087890624993
2026-08-31T00:35:00+00:00,22447759-2,RH,CURRENT,%,87.35484855420768
2026-08-31T00:35:00+00:00,22447759-3,Dew Point,CURRENT,°C,15.607553549483818
2026-08-31T00:35:00+00:00,22447760-1,Temperature,CURRENT,°C,17.522036132812495
2026-08-31T00:35:00+00:00,22447760-2,RH,CURRENT,%,88.64576180666819
2026-08-31T00:35:00+00:00,22447760-3,Dew Point,CURRENT,°C,15.646562918396144
2026-08-31T00:35:00+00:00,22447761-1,Temperature,CURRENT,°C,17.328984374999997
2026-08-31T00:35:00+00:00,22447761-2,RH,CURRENT,%,88.32990005340658
2026-08-31T00:35:00+00:00,22447761-3,Dew Point,CURRENT,°C,15.400352930888316
2026-08-31T00:35:00+00:00,22447762-1,Temperature,CURRENT,°C,17.650737304687503
2026-08-31T00:35:00+00:00,22447762-2,RH,CURRENT,%,86.83909361409934
2026-08-31T00:35:00+00:00,22447762-3,Dew Point,CURRENT,°C,15.451693020562447
2026-08-31T00:35:00+00:00,22447764-1,Temperature,CURRENT,°C,17.350434570312494
2026-08-31T00:35:00+00:00,22447764-2,RH,CURRENT,%,88.54200045777065
2026-08-31T00:35:00+00:00,22447764-3,Dew Point,CURRENT,°C,15.458947771409782
2026-08-31T00:35:00+00:00,22447765-1,Temperature,CURRENT,°C,17.54348632812499
2026-08-31T00:35:00+00:00,22447765-2,RH,CURRENT,%,87.45708400091554
2026-08-31T00:35:00+00:00,22447765-3,Dew Point,CURRENT,°C,15.456792302861029
2026-08-31T00:35:00+00:00,22447766-1,Temperature,CURRENT,°C,17.693637695312496
2026-08-31T00:35:00+00:00,22447766-2,RH,CURRENT,%,86.83909361409934
2026-08-31T00:35:00+00:00,22447766-3,Dew Point,CURRENT,°C,15.49391718909891
2026-08-31T00:40:00+00:00,22411189-1,Temperature,CURRENT,°C,17.5005859375
2026-08-31T00:40:00+00:00,22411189-2,RH,CURRENT,%,94.51895933470665
2026-08-31T00:40:00+00:00,22411189-3,Dew Point,CURRENT,°C,16.632255640484548
2026-08-31T00:40:00+00:00,22411190-1,Temperature,CURRENT,°C,17.715087890624993
2026-08-31T00:40:00+00:00,22411190-2,RH,CURRENT,%,90.73014419775693
2026-08-31T00:40:00+00:00,22411190-3,Dew Point,CURRENT,°C,16.201512750324373
2026-08-31T00:40:00+00:00,22411191-1,Temperature,CURRENT,°C,18.272792968750004
2026-08-31T00:40:00+00:00,22411191-2,RH,CURRENT,%,90.6111238269627
2026-08-31T00:40:00+00:00,22411191-3,Dew Point,CURRENT,°C,16.732696283958447
2026-08-31T00:40:00+00:00,22411525-1,Temperature,CURRENT,°C,18.337143554687493
2026-08-31T00:40:00+00:00,22411525-2,RH,CURRENT,%,88.12390325780117
2026-08-31T00:40:00+00:00,22411525-3,Dew Point,CURRENT,°C,16.35798101403838
2026-08-31T00:40:00+00:00,22411526-1,Temperature,CURRENT,°C,17.200283203125004
2026-08-31T00:40:00+00:00,22411526-2,RH,CURRENT,%,93.36537727931639
2026-08-31T00:40:00+00:00,22411526-3,Dew Point,CURRENT,°C,16.140674254317005
2026-08-31T00:40:00+00:00,22411527-1,Temperature,CURRENT,°C,18.4658447265625
2026-08-31T00:40:00+00:00,22411527-2,RH,CURRENT,%,88.08422980086976
2026-08-31T00:40:00+00:00,22411527-3,Dew Point,CURRENT,°C,16.4777905028955
2026-08-31T00:40:00+00:00,22411528-1,Temperature,CURRENT,°C,17.114482421874996
2026-08-31T00:40:00+00:00,22411528-2,RH,CURRENT,%,95.00572213321126
2026-08-31T00:40:00+00:00,22411528-3,Dew Point,CURRENT,°C,16.32895183549423
2026-08-31T00:40:00+00:00,22411529-1,Temperature,CURRENT,°C,16.878530273437498
2026-08-31T00:40:00+00:00,22411529-2,RH,CURRENT,%,95.09269855802243
2026-08-31T00:40:00+00:00,22411529-3,Dew Point,CURRENT,°C,16.10847747199362
2026-08-31T00:40:00+00:00,22411530-1,Temperature,CURRENT,°C,18.101191406250003
2026-08-31T00:40:00+00:00,22411530-2,RH,CURRENT,%,89.76424811169603
2026-08-31T00:40:00+00:00,22411530-3,Dew Point,CURRENT,°C,16.415117458318992
2026-08-31T00:40:00+00:00,22411541-S,Battery,CURRENT,V,8.280317138671876
2026-08-31T00:40:00+00:00,22447758-1,Temperature,CURRENT,°C,17.886689453124994
2026-08-31T00:40:00+00:00,22447758-2,RH,CURRENT,%,86.60563057907989
2026-08-31T00:40:00+00:00,22447758-3,Dew Point,CURRENT,°C,15.641827523891052
2026-08-31T00:40:00+00:00,22447759-1,Temperature,CURRENT,°C,18.0368408203125
2026-08-31T00:40:00+00:00,22447759-2,RH,CURRENT,%,86.55527580682079
2026-08-31T00:40:00+00:00,22447759-3,Dew Point,CURRENT,°C,15.780456689378257
2026-08-31T00:40:00+00:00,22447760-1,Temperature,CURRENT,°C,17.800888671874993
2026-08-31T00:40:00+00:00,22447760-2,RH,CURRENT,%,87.86297398336767
2026-08-31T00:40:00+00:00,22447760-3,Dew Point,CURRENT,°C,15.782812170444174
2026-08-31T00:40:00+00:00,22447761-1,Temperature,CURRENT,°C,17.522036132812495
2026-08-31T00:40:00+00:00,22447761-2,RH,CURRENT,%,87.96826123445487
2026-08-31T00:40:00+00:00,22447761-3,Dew Point,CURRENT,°C,15.526663316706864
2026-08-31T00:40:00+00:00,22447762-1,Temperature,CURRENT,°C,17.951040039062498
2026-08-31T00:40:00+00:00,22447762-2,RH,CURRENT,%,86.01358052948807
2026-08-31T00:40:00+00:00,22447762-3,Dew Point,CURRENT,°C,15.597884899648438
2026-08-31T00:40:00+00:00,22447764-1,Temperature,CURRENT,°C,17.629287109374992
2026-08-31T00:40:00+00:00,22447764-2,RH,CURRENT,%,88.06591897459373
2026-08-31T00:40:00+00:00,22447764-3,Dew Point,CURRENT,°C,15.649739918707999
2026-08-31T00:40:00+00:00,22447765-1,Temperature,CURRENT,°C,17.8437890625
2026-08-31T00:40:00+00:00,22447765-2,RH,CURRENT,%,86.83299000534066
2026-08-31T00:40:00+00:00,22447765-3,Dew Point,CURRENT,°C,15.640601855816541
2026-08-31T00:40:00+00:00,22447766-1,Temperature,CURRENT,°C,18.058291015624995
2026-08-31T00:40:00+00:00,22447766-2,RH,CURRENT,%,85.99526970321202
2026-08-31T00:40:00+00:00,22447766-3,Dew Point,CURRENT,°C,15.699988197273184
2026-08-31T00:45:00+00:00,22411189-1,Temperature,CURRENT,°C,17.54348632812499
2026-08-31T00:45:00+00:00,22411189-2,RH,CURRENT,%,94.22293430991074
2026-08-31T00:45:00+00:00,22411189-3,Dew Point,CURRENT,°C,16.625490194655118
2026-08-31T00:45:00+00:00,22411190-1,Temperature,CURRENT,°C,17.75798828125
2026-08-31T00:45:00+00:00,22411190-2,RH,CURRENT,%,90.63401235980774
2026-08-31T00:45:00+00:00,22411190-3,Dew Point,CURRENT,°C,16.227313874769415
2026-08-31T00:45:00+00:00,22411191-1,Temperature,CURRENT,°C,18.315693359374997
2026-08-31T00:45:00+00:00,22411191-2,RH,CURRENT,%,90.49668116273747
2026-08-31T00:45:00+00:00,22411191-3,Dew Point,CURRENT,°C,16.75520659429161
2026-08-31T00:45:00+00:00,22411525-1,Temperature,CURRENT,°C,18.3800439453125
2026-08-31T00:45:00+00:00,22411525-2,RH,CURRENT,%,88.07812619211109
2026-08-31T00:45:00+00:00,22411525-3,Dew Point,CURRENT,°C,16.392107766381073
2026-08-31T00:45:00+00:00,22411526-1,Temperature,CURRENT,°C,17.200283203125004
2026-08-31T00:45:00+00:00,22411526-2,RH,CURRENT,%,93.55916685740443
2026-08-31T00:45:00+00:00,22411526-3,Dew Point,CURRENT,°C,16.17322410731848
2026-08-31T00:45:00+00:00,22411527-1,Temperature,CURRENT,°C,18.4658447265625
2026-08-31T00:45:00+00:00,22411527-2,RH,CURRENT,%,88.02319371328298
2026-08-31T00:45:00+00:00,22411527-3,Dew Point,CURRENT,°C,16.466881820924662
2026-08-31T00:45:00+00:00,22411528-1,Temperature,CURRENT,°C,17.114482421874996
2026-08-31T00:45:00+00:00,22411528-2,RH,CURRENT,%,95.0545510032807
2026-08-31T00:45:00+00:00,22411528-3,Dew Point,CURRENT,°C,16.337029247853064
2026-08-31T00:45:00+00:00,22411529-1,Temperature,CURRENT,°C,16.835629882812498
2026-08-31T00:45:00+00:00,22411529-2,RH,CURRENT,%,95.10490577553979
2026-08-31T00:45:00+00:00,22411529-3,Dew Point,CURRENT,°C,16.06778922304777
2026-08-31T00:45:00+00:00,22411530-1,Temperature,CURRENT,°C,18.186992187500003
2026-08-31T00:45:00+00:00,22411530-2,RH,CURRENT,%,89.41634241245136
2026-08-31T00:45:00+00:00,22411530-3,Dew Point,CURRENT,°C,16.438798160580735
2026-08-31T00:45:00+00:00,22411541-S,Battery,CURRENT,V,8.270625
2026-08-31T00:45:00+00:00,22447758-1,Temperature,CURRENT,°C,17.800888671874993
2026-08-31T00:45:00+00:00,22447758-2,RH,CURRENT,%,86.26230258640422
2026-08-31T00:45:00+00:00,22447758-3,Dew Point,CURRENT,°C,15.495361359381818
2026-08-31T00:45:00+00:00,22447759-1,Temperature,CURRENT,°C,17.951040039062498
2026-08-31T00:45:00+00:00,22447759-2,RH,CURRENT,%,86.24246585793851
2026-08-31T00:45:00+00:00,22447759-3,Dew Point,CURRENT,°C,15.639426647020523
2026-08-31T00:45:00+00:00,22447760-1,Temperature,CURRENT,°C,17.715087890624993
2026-08-31T00:45:00+00:00,22447760-2,RH,CURRENT,%,87.66155489433127
2026-08-31T00:45:00+00:00,22447760-3,Dew Point,CURRENT,°C,15.66234860078244
2026-08-31T00:45:00+00:00,22447761-1,Temperature,CURRENT,°C,17.54348632812499
2026-08-31T00:45:00+00:00,22447761-2,RH,CURRENT,%,87.38689250019074
2026-08-31T00:45:00+00:00,22447761-3,Dew Point,CURRENT,°C,15.444258056714217
2026-08-31T00:45:00+00:00,22447762-1,Temperature,CURRENT,°C,17.8437890625
2026-08-31T00:45:00+00:00,22447762-2,RH,CURRENT,%,85.89150835431448
2026-08-31T00:45:00+00:00,22447762-3,Dew Point,CURRENT,°C,15.470273714078397
2026-08-31T00:45:00+00:00,22447764-1,Temperature,CURRENT,°C,17.650737304687503
2026-08-31T00:45:00+00:00,22447764-2,RH,CURRENT,%,87.19462882429237
2026-08-31T00:45:00+00:00,22447764-3,Dew Point,CURRENT,°C,15.515494037674115
2026-08-31T00:45:00+00:00,22447765-1,Temperature,CURRENT,°C,17.822338867187504
2026-08-31T00:45:00+00:00,22447765-2,RH,CURRENT,%,86.23483634699016
2026-08-31T00:45:00+00:00,22447765-3,Dew Point,CURRENT,°C,15.511481962631246
2026-08-31T00:45:00+00:00,22447766-1,Temperature,CURRENT,°C,17.972490234374995
2026-08-31T00:45:00+00:00,22447766-2,RH,CURRENT,%,85.53444724193179
2026-08-31T00:45:00+00:00,22447766-3,Dew Point,CURRENT,°C,15.53168174803856
2026-08-31T00:50:00+00:00,22411189-1,Temperature,CURRENT,°C,17.243183593749997
2026-08-31T00:50:00+00:00,22411189-2,RH,CURRENT,%,94.86686503395133
2026-08-31T00:50:00+00:00,22411189-3,Dew Point,CURRENT,°C,16.43402881684307
2026-08-31T00:50:00+00:00,22411190-1,Temperature,CURRENT,°C,17.479135742187502
2026-08-31T00:50:00+00:00,22411190-2,RH,CURRENT,%,91.10551613641566
2026-08-31T00:50:00+00:00,22411190-3,Dew Point,CURRENT,°C,16.032752268949032
2026-08-31T00:50:00+00:00,22411191-1,Temperature,CURRENT,°C,17.865239257812497
2026-08-31T00:50:00+00:00,22411191-2,RH,CURRENT,%,92.47425040054932
2026-08-31T00:50:00+00:00,22411191-3,Dew Point,CURRENT,°C,16.649813178121597
2026-08-31T00:50:00+00:00,22411525-1,Temperature,CURRENT,°C,17.972490234374995
2026-08-31T00:50:00+00:00,22411525-2,RH,CURRENT,%,89.92294193942168
2026-08-31T00:50:00+00:00,22411525-3,Dew Point,CURRENT,°C,16.315688422644573
2026-08-31T00:50:00+00:00,22411526-1,Temperature,CURRENT,°C,17.0501318359375
2026-08-31T00:50:00+00:00,22411526-2,RH,CURRENT,%,93.29823758297093
2026-08-31T00:50:00+00:00,22411526-3,Dew Point,CURRENT,°C,15.980279421064289
2026-08-31T00:50:00+00:00,22411527-1,Temperature,CURRENT,°C,18.144091796874996
2026-08-31T00:50:00+00:00,22411527-2,RH,CURRENT,%,89.59792477302204
2026-08-31T00:50:00+00:00,22411527-3,Dew Point,CURRENT,°C,16.428333700679048
2026-08-31T00:50:00+00:00,22411528-1,Temperature,CURRENT,°C,16.9643310546875
2026-08-31T00:50:00+00:00,22411528-2,RH,CURRENT,%,94.97215228503853
2026-08-31T00:50:00+00:00,22411528-3,Dew Point,CURRENT,°C,16.173963930527428
2026-08-31T00:50:00+00:00,22411529-1,Temperature,CURRENT,°C,16.771279296875
2026-08-31T00:50:00+00:00,22411529-2,RH,CURRENT,%,94.89433127336538
2026-08-31T00:50:00+00:00,22411529-3,Dew Point,CURRENT,°C,15.968985228982158
2026-08-31T00:50:00+00:00,22411530-1,Temperature,CURRENT,°C,17.629287109374992
2026-08-31T00:50:00+00:00,22411530-2,RH,CURRENT,%,92.2941939421683
2026-08-31T00:50:00+00:00,22411530-3,Dew Point,CURRENT,°C,16.385114592183974
2026-08-31T00:50:00+00:00,22411541-S,Battery,CURRENT,V,8.267394287109376
2026-08-31T00:50:00+00:00,22447758-1,Temperature,CURRENT,°C,17.54348632812499
2026-08-31T00:50:00+00:00,22447758-2,RH,CURRENT,%,87.62188143739986
2026-08-31T00:50:00+00:00,22447758-3,Dew Point,CURRENT,°C,15.486185909426542
2026-08-31T00:50:00+00:00,22447759-1,Temperature,CURRENT,°C,17.693637695312496
2026-08-31T00:50:00+00:00,22447759-2,RH,CURRENT,%,87.57610437170977
2026-08-31T00:50:00+00:00,22447759-3,Dew Point,CURRENT,°C,15.625965161894118
2026-08-31T00:50:00+00:00,22447760-1,Temperature,CURRENT,°C,17.522036132812495
2026-08-31T00:50:00+00:00,22447760-2,RH,CURRENT,%,88.26276035706111
2026-08-31T00:50:00+00:00,22447760-3,Dew Point,CURRENT,°C,15.578880944678257
2026-08-31T00:50:00+00:00,22447761-1,Temperature,CURRENT,°C,17.3933349609375
2026-08-31T00:50:00+00:00,22447761-2,RH,CURRENT,%,87.34569314106966
2026-08-31T00:50:00+00:00,22447761-3,Dew Point,CURRENT,°C,15.289004220099391
2026-08-31T00:50:00+00:00,22447762-1,Temperature,CURRENT,°C,17.629287109374992
2026-08-31T00:50:00+00:00,22447762-2,RH,CURRENT,%,86.92912184328985
2026-08-31T00:50:00+00:00,22447762-3,Dew Point,CURRENT,°C,15.446755434287757
2026-08-31T00:50:00+00:00,22447764-1,Temperature,CURRENT,°C,17.414785156249998
2026-08-31T00:50:00+00:00,22447764-2,RH,CURRENT,%,88.54505226215
2026-08-31T00:50:00+00:00,22447764-3,Dew Point,CURRENT,°C,15.522975476157967
2026-08-31T00:50:00+00:00,22447765-1,Temperature,CURRENT,°C,17.54348632812499
2026-08-31T00:50:00+00:00,22447765-2,RH,CURRENT,%,87.81414511329824
2026-08-31T00:50:00+00:00,22447765-3,Dew Point,CURRENT,°C,15.52041726023065
2026-08-31T00:50:00+00:00,22447766-1,Temperature,CURRENT,°C,17.6721875
2026-08-31T00:50:00+00:00,22447766-2,RH,CURRENT,%,87.30601968413825
2026-08-31T00:50:00+00:00,22447766-3,Dew Point,CURRENT,°C,15.556562351216234
2026-08-31T00:55:00+00:00,22411189-1,Temperature,CURRENT,°C,16.942880859374995
2026-08-31T00:55:00+00:00,22411189-2,RH,CURRENT,%,96.60791943236438
2026-08-31T00:55:00+00:00,22411189-3,Dew Point,CURRENT,°C,16.420971893430124
2026-08-31T00:55:00+00:00,22411190-1,Temperature,CURRENT,°C,17.200283203125004
2026-08-31T00:55:00+00:00,22411190-2,RH,CURRENT,%,92.83588921950103
2026-08-31T00:55:00+00:00,22411190-3,Dew Point,CURRENT,°C,16.051435990926176
2026-08-31T00:55:00+00:00,22411191-1,Temperature,CURRENT,°C,17.650737304687503
2026-08-31T00:55:00+00:00,22411191-2,RH,CURRENT,%,93.60341802090485
2026-08-31T00:55:00+00:00,22411191-3,Dew Point,CURRENT,°C,16.628136454326754
2026-08-31T00:55:00+00:00,22411525-1,Temperature,CURRENT,°C,17.822338867187504
2026-08-31T00:55:00+00:00,22411525-2,RH,CURRENT,%,90.6965743495842
2026-08-31T00:55:00+00:00,22411525-3,Dew Point,CURRENT,°C,16.30182953804339
2026-08-31T00:55:00+00:00,22411526-1,Temperature,CURRENT,°C,16.792729492187497
2026-08-31T00:55:00+00:00,22411526-2,RH,CURRENT,%,93.81551842526893
2026-08-31T00:55:00+00:00,22411526-3,Dew Point,CURRENT,°C,15.811202493309304
2026-08-31T00:55:00+00:00,22411527-1,Temperature,CURRENT,°C,18.0368408203125
2026-08-31T00:55:00+00:00,22411527-2,RH,CURRENT,%,90.1335164415961
2026-08-31T00:55:00+00:00,22411527-3,Dew Point,CURRENT,°C,16.41608500935056
2026-08-31T00:55:00+00:00,22411528-1,Temperature,CURRENT,°C,16.706928710937497
2026-08-31T00:55:00+00:00,22411528-2,RH,CURRENT,%,95.46349279011216
2026-08-31T00:55:00+00:00,22411528-3,Dew Point,CURRENT,°C,15.998672232821646
2026-08-31T00:55:00+00:00,22411529-1,Temperature,CURRENT,°C,16.621127929687496
2026-08-31T00:55:00+00:00,22411529-2,RH,CURRENT,%,94.90043488212406
2026-08-31T00:55:00+00:00,22411529-3,Dew Point,CURRENT,°C,15.820573486748186
2026-08-31T00:55:00+00:00,22411530-1,Temperature,CURRENT,°C,17.371884765625005
2026-08-31T00:55:00+00:00,22411530-2,RH,CURRENT,%,93.10902571145189
2026-08-31T00:55:00+00:00,22411530-3,Dew Point,CURRENT,°C,16.267885841524294
2026-08-31T00:55:00+00:00,22411541-S,Battery,CURRENT,V,8.267394287109376
2026-08-31T00:55:00+00:00,22447758-1,Temperature,CURRENT,°C,17.178833007812493
2026-08-31T00:55:00+00:00,22447758-2,RH,CURRENT,%,88.59693293659876
2026-08-31T00:55:00+00:00,22447758-3,Dew Point,CURRENT,°C,15.299312083629943
2026-08-31T00:55:00+00:00,22447759-1,Temperature,CURRENT,°C,17.328984374999997
2026-08-31T00:55:00+00:00,22447759-2,RH,CURRENT,%,88.6152437628748
2026-08-31T00:55:00+00:00,22447759-3,Dew Point,CURRENT,°C,15.450692393997349
2026-08-31T00:55:00+00:00,22447760-1,Temperature,CURRENT,°C,17.1359326171875
2026-08-31T00:55:00+00:00,22447760-2,RH,CURRENT,%,89.65743495841916
2026-08-31T00:55:00+00:00,22447760-3,Dew Point,CURRENT,°C,15.442589341150674
2026-08-31T00:55:00+00:00,22447761-1,Temperature,CURRENT,°C,17.028681640624995
2026-08-31T00:55:00+00:00,22447761-2,RH,CURRENT,%,88.6152437628748
2026-08-31T00:55:00+00:00,22447761-3,Dew Point,CURRENT,°C,15.154375049255385
2026-08-31T00:55:00+00:00,22447762-1,Temperature,CURRENT,°C,17.286083984375004
2026-08-31T00:55:00+00:00,22447762-2,RH,CURRENT,%,87.88738841840238
2026-08-31T00:55:00+00:00,22447762-3,Dew Point,CURRENT,°C,15.279715982014531
2026-08-31T00:55:00+00:00,22447764-1,Temperature,CURRENT,°C,17.028681640624995
2026-08-31T00:55:00+00:00,22447764-2,RH,CURRENT,%,89.87716487373159
2026-08-31T00:55:00+00:00,22447764-3,Dew Point,CURRENT,°C,15.37479237617226
2026-08-31T00:55:00+00:00,22447765-1,Temperature,CURRENT,°C,17.200283203125004
2026-08-31T00:55:00+00:00,22447765-2,RH,CURRENT,%,89.11421377889677
2026-08-31T00:55:00+00:00,22447765-3,Dew Point,CURRENT,°C,15.41129817105568
2026-08-31T00:55:00+00:00,22447766-1,Temperature,CURRENT,°C,17.350434570312494
2026-08-31T00:55:00+00:00,22447766-2,RH,CURRENT,%,88.3436331731136
2026-08-31T00:55:00+00:00,22447766-3,Dew Point,CURRENT,°C,15.423936261208963
2026-08-31T01:00:00+00:00,22411189-1,Temperature,CURRENT,°C,16.749829101562497
2026-08-31T01:00:00+00:00,22411189-2,RH,CURRENT,%,96.93751430533302
2026-08-31T01:00:00+00:00,22411189-3,Dew Point,CURRENT,°C,16.281945088424013
2026-08-31T01:00:00+00:00,22411190-1,Temperature,CURRENT,°C,16.9643310546875
2026-08-31T01:00:00+00:00,22411190-2,RH,CURRENT,%,93.0128938735027
2026-08-31T01:00:00+00:00,22411190-3,Dew Point,CURRENT,°C,15.84709952390704
2026-08-31T01:00:00+00:00,22411191-1,Temperature,CURRENT,°C,17.45768554687499
2026-08-31T01:00:00+00:00,22411191-2,RH,CURRENT,%,94.07492179751279
2026-08-31T01:00:00+00:00,22411191-3,Dew Point,CURRENT,°C,16.515433172186516
2026-08-31T01:00:00+00:00,22411525-1,Temperature,CURRENT,°C,17.650737304687503
2026-08-31T01:00:00+00:00,22411525-2,RH,CURRENT,%,91.11314564736401
2026-08-31T01:00:00+00:00,22411525-3,Dew Point,CURRENT,°C,16.203968456459005
2026-08-31T01:00:00+00:00,22411526-1,Temperature,CURRENT,°C,16.621127929687496
2026-08-31T01:00:00+00:00,22411526-2,RH,CURRENT,%,94.50064850843061
2026-08-31T01:00:00+00:00,22411526-3,Dew Point,CURRENT,°C,15.754494092005006
2026-08-31T01:00:00+00:00,22411527-1,Temperature,CURRENT,°C,17.886689453124994
2026-08-31T01:00:00+00:00,22411527-2,RH,CURRENT,%,90.60654612039369
2026-08-31T01:00:00+00:00,22411527-3,Dew Point,CURRENT,°C,16.349891043126053
2026-08-31T01:00:00+00:00,22411528-1,Temperature,CURRENT,°C,16.513876953125
2026-08-31T01:00:00+00:00,22411528-2,RH,CURRENT,%,96.22186617837797
2026-08-31T01:00:00+00:00,22411528-3,Dew Point,CURRENT,°C,15.930354815071786
2026-08-31T01:00:00+00:00,22411529-1,Temperature,CURRENT,°C,16.4709765625
2026-08-31T01:00:00+00:00,22411529-2,RH,CURRENT,%,95.37193865873198
2026-08-31T01:00:00+00:00,22411529-3,Dew Point,CURRENT,°C,15.748681969614422
2026-08-31T01:00:00+00:00,22411530-1,Temperature,CURRENT,°C,17.200283203125004
2026-08-31T01:00:00+00:00,22411530-2,RH,CURRENT,%,94.01235980773633
2026-08-31T01:00:00+00:00,22411530-3,Dew Point,CURRENT,°C,16.2491145972835
2026-08-31T01:00:00+00:00,22411541-S,Battery,CURRENT,V,8.260932861328126
2026-08-31T01:00:00+00:00,22447758-1,Temperature,CURRENT,°C,16.9214306640625
2026-08-31T01:00:00+00:00,22447758-2,RH,CURRENT,%,90.15793087663081
2026-08-31T01:00:00+00:00,22447758-3,Dew Point,CURRENT,°C,15.317409764860596
2026-08-31T01:00:00+00:00,22447759-1,Temperature,CURRENT,°C,17.0930322265625
2026-08-31T01:00:00+00:00,22447759-2,RH,CURRENT,%,89.94277866788738
2026-08-31T01:00:00+00:00,22447759-3,Dew Point,CURRENT,°C,15.44979214744636
2026-08-31T01:00:00+00:00,22447760-1,Temperature,CURRENT,°C,16.9214306640625
2026-08-31T01:00:00+00:00,22447760-2,RH,CURRENT,%,90.89494163424125
2026-08-31T01:00:00+00:00,22447760-3,Dew Point,CURRENT,°C,15.444436833811379
2026-08-31T01:00:00+00:00,22447761-1,Temperature,CURRENT,°C,16.792729492187497
2026-08-31T01:00:00+00:00,22447761-2,RH,CURRENT,%,89.97940032043945
2026-08-31T01:00:00+00:00,22447761-3,Dew Point,CURRENT,°C,15.159267559182593
2026-08-31T01:00:00+00:00,22447762-1,Temperature,CURRENT,°C,17.0501318359375
2026-08-31T01:00:00+00:00,22447762-2,RH,CURRENT,%,89.30037384603646
2026-08-31T01:00:00+00:00,22447762-3,Dew Point,CURRENT,°C,15.295570119256046
2026-08-31T01:00:00+00:00,22447764-1,Temperature,CURRENT,°C,16.8141796875
2026-08-31T01:00:00+00:00,22447764-2,RH,CURRENT,%,91.3801785305562
2026-08-31T01:00:00+00:00,22447764-3,Dew Point,CURRENT,°C,15.421346485079274
2026-08-31T01:00:00+00:00,22447765-1,Temperature,CURRENT,°C,16.9643310546875
2026-08-31T01:00:00+00:00,22447765-2,RH,CURRENT,%,90.62027924010071
2026-08-31T01:00:00+00:00,22447765-3,Dew Point,CURRENT,°C,15.43965198704643
2026-08-31T01:00:00+00:00,22447766-1,Temperature,CURRENT,°C,17.1359326171875
2026-08-31T01:00:00+00:00,22447766-2,RH,CURRENT,%,89.6452277409018
2026-08-31T01:00:00+00:00,22447766-3,Dew Point,CURRENT,°C,15.440463829879116
2026-08-31T01:05:00+00:00,22411189-1,Temperature,CURRENT,°C,16.621127929687496
2026-08-31T01:05:00+00:00,22411189-2,RH,CURRENT,%,97.65468833447775
2026-08-31T01:05:00+00:00,22411189-3,Dew Point,CURRENT,°C,16.26929774654691
2026-08-31T01:05:00+00:00,22411190-1,Temperature,CURRENT,°C,16.835629882812498
2026-08-31T01:05:00+00:00,22411190-2,RH,CURRENT,%,93.91622796978713
2026-08-31T01:05:00+00:00,22411190-3,Dew Point,CURRENT,°C,15.870637012485636
2026-08-31T01:05:00+00:00,22411191-1,Temperature,CURRENT,°C,17.479135742187502
2026-08-31T01:05:00+00:00,22411191-2,RH,CURRENT,%,94.05661097123675
2026-08-31T01:05:00+00:00,22411191-3,Dew Point,CURRENT,°C,16.533690400180593
2026-08-31T01:05:00+00:00,22411525-1,Temperature,CURRENT,°C,17.6721875
2026-08-31T01:05:00+00:00,22411525-2,RH,CURRENT,%,91.05973907072557
2026-08-31T01:05:00+00:00,22411525-3,Dew Point,CURRENT,°C,16.215997199759876
2026-08-31T01:05:00+00:00,22411526-1,Temperature,CURRENT,°C,16.449526367187495
2026-08-31T01:05:00+00:00,22411526-2,RH,CURRENT,%,94.99504081788358
2026-08-31T01:05:00+00:00,22411526-3,Dew Point,CURRENT,°C,15.665387518681612
2026-08-31T01:05:00+00:00,22411527-1,Temperature,CURRENT,°C,17.92958984375
2026-08-31T01:05:00+00:00,22411527-2,RH,CURRENT,%,90.41733424887465
2026-08-31T01:05:00+00:00,22411527-3,Dew Point,CURRENT,°C,16.359463261810635
2026-08-31T01:05:00+00:00,22411528-1,Temperature,CURRENT,°C,16.3637255859375
2026-08-31T01:05:00+00:00,22411528-2,RH,CURRENT,%,96.6475928892958
2026-08-31T01:05:00+00:00,22411528-3,Dew Point,CURRENT,°C,15.849795212344016
2026-08-31T01:05:00+00:00,22411529-1,Temperature,CURRENT,°C,16.3637255859375
2026-08-31T01:05:00+00:00,22411529-2,RH,CURRENT,%,95.17814908064393
2026-08-31T01:05:00+00:00,22411529-3,Dew Point,CURRENT,°C,15.610090250828161
2026-08-31T01:05:00+00:00,22411530-1,Temperature,CURRENT,°C,17.200283203125004
2026-08-31T01:05:00+00:00,22411530-2,RH,CURRENT,%,93.42641336690318
2026-08-31T01:05:00+00:00,22411530-3,Dew Point,CURRENT,°C,16.150932558465907
2026-08-31T01:05:00+00:00,22411541-S,Battery,CURRENT,V,8.273855712890626
2026-08-31T01:05:00+00:00,22447758-1,Temperature,CURRENT,°C,16.89998046875
2026-08-31T01:05:00+00:00,22447758-2,RH,CURRENT,%,89.75814450293736
2026-08-31T01:05:00+00:00,22447758-3,Dew Point,CURRENT,°C,15.226924181597045
2026-08-31T01:05:00+00:00,22447759-1,Temperature,CURRENT,°C,17.0930322265625
2026-08-31T01:05:00+00:00,22447759-2,RH,CURRENT,%,89.57198443579766
2026-08-31T01:05:00+00:00,22447759-3,Dew Point,CURRENT,°C,15.38531814639316
2026-08-31T01:05:00+00:00,22447760-1,Temperature,CURRENT,°C,16.89998046875
2026-08-31T01:05:00+00:00,22447760-2,RH,CURRENT,%,90.69199664301519
2026-08-31T01:05:00+00:00,22447760-3,Dew Point,CURRENT,°C,15.388322355586709
2026-08-31T01:05:00+00:00,22447761-1,Temperature,CURRENT,°C,16.706928710937497
2026-08-31T01:05:00+00:00,22447761-2,RH,CURRENT,%,90.21133745326925
2026-08-31T01:05:00+00:00,22447761-3,Dew Point,CURRENT,°C,15.114519518580133
2026-08-31T01:05:00+00:00,22447762-1,Temperature,CURRENT,°C,17.0501318359375
2026-08-31T01:05:00+00:00,22447762-2,RH,CURRENT,%,88.78309300373846
2026-08-31T01:05:00+00:00,22447762-3,Dew Point,CURRENT,°C,15.205021660681245
2026-08-31T01:05:00+00:00,22447764-1,Temperature,CURRENT,°C,16.749829101562497
2026-08-31T01:05:00+00:00,22447764-2,RH,CURRENT,%,90.60959792477303
2026-08-31T01:05:00+00:00,22447764-3,Dew Point,CURRENT,°C,15.225571591320685
2026-08-31T01:05:00+00:00,22447765-1,Temperature,CURRENT,°C,16.9643310546875
2026-08-31T01:05:00+00:00,22447765-2,RH,CURRENT,%,89.61623559929808
2026-08-31T01:05:00+00:00,22447765-3,Dew Point,CURRENT,°C,15.265854672352093
2026-08-31T01:05:00+00:00,22447766-1,Temperature,CURRENT,°C,17.1359326171875
2026-08-31T01:05:00+00:00,22447766-2,RH,CURRENT,%,88.8014038300145
2026-08-31T01:05:00+00:00,22447766-3,Dew Point,CURRENT,°C,15.292919227662493
2026-08-31T01:10:00+00:00,22411189-1,Temperature,CURRENT,°C,16.621127929687496
2026-08-31T01:10:00+00:00,22411189-2,RH,CURRENT,%,97.79354543373769
2026-08-31T01:10:00+00:00,22411189-3,Dew Point,CURRENT,°C,16.291625431975756
2026-08-31T01:10:00+00:00,22411190-1,Temperature,CURRENT,°C,16.835629882812498
2026-08-31T01:10:00+00:00,22411190-2,RH,CURRENT,%,94.06729228656444
2026-08-31T01:10:00+00:00,22411190-3,Dew Point,CURRENT,°C,15.895813197700283
2026-08-31T01:10:00+00:00,22411191-1,Temperature,CURRENT,°C,17.3075341796875
2026-08-31T01:10:00+00:00,22411191-2,RH,CURRENT,%,94.34195468070497
2026-08-31T01:10:00+00:00,22411191-3,Dew Point,CURRENT,°C,16.410755613220154
2026-08-31T01:10:00+00:00,22411525-1,Temperature,CURRENT,°C,17.436235351562495
2026-08-31T01:10:00+00:00,22411525-2,RH,CURRENT,%,91.50377660791943
2026-08-31T01:10:00+00:00,22411525-3,Dew Point,CURRENT,°C,16.05867998096874
2026-08-31T01:10:00+00:00,22411526-1,Temperature,CURRENT,°C,16.3637255859375
2026-08-31T01:10:00+00:00,22411526-2,RH,CURRENT,%,95.63134203097582
2026-08-31T01:10:00+00:00,22411526-3,Dew Point,CURRENT,°C,15.684361882402664
2026-08-31T01:10:00+00:00,22411527-1,Temperature,CURRENT,°C,17.607836914062496
2026-08-31T01:10:00+00:00,22411527-2,RH,CURRENT,%,91.11314564736401
2026-08-31T01:10:00+00:00,22411527-3,Dew Point,CURRENT,°C,16.161492860824733
2026-08-31T01:10:00+00:00,22411528-1,Temperature,CURRENT,°C,16.2779248046875
2026-08-31T01:10:00+00:00,22411528-2,RH,CURRENT,%,97.04585336079957
2026-08-31T01:10:00+00:00,22411528-3,Dew Point,CURRENT,°C,15.828591979750616
2026-08-31T01:10:00+00:00,22411529-1,Temperature,CURRENT,°C,16.256474609374997
2026-08-31T01:10:00+00:00,22411529-2,RH,CURRENT,%,95.00114442664226
2026-08-31T01:10:00+00:00,22411529-3,Dew Point,CURRENT,°C,15.474254030783541
2026-08-31T01:10:00+00:00,22411530-1,Temperature,CURRENT,°C,17.114482421874996
2026-08-31T01:10:00+00:00,22411530-2,RH,CURRENT,%,93.37605859464408
2026-08-31T01:10:00+00:00,22411530-3,Dew Point,CURRENT,°C,16.057258957740274
2026-08-31T01:10:00+00:00,22411541-S,Battery,CURRENT,V,8.260932861328126
2026-08-31T01:10:00+00:00,22447758-1,Temperature,CURRENT,°C,16.792729492187497
2026-08-31T01:10:00+00:00,22447758-2,RH,CURRENT,%,89.66353856717784
2026-08-31T01:10:00+00:00,22447758-3,Dew Point,CURRENT,°C,15.104508282124314
2026-08-31T01:10:00+00:00,22447759-1,Temperature,CURRENT,°C,17.0072314453125
2026-08-31T01:10:00+00:00,22447759-2,RH,CURRENT,%,89.76424811169603
2026-08-31T01:10:00+00:00,22447759-3,Dew Point,CURRENT,°C,15.333980979055221
2026-08-31T01:10:00+00:00,22447760-1,Temperature,CURRENT,°C,16.835629882812498
2026-08-31T01:10:00+00:00,22447760-2,RH,CURRENT,%,90.55924315251393
2026-08-31T01:10:00+00:00,22447760-3,Dew Point,CURRENT,°C,15.301799871939643
2026-08-31T01:10:00+00:00,22447761-1,Temperature,CURRENT,°C,16.642578125
2026-08-31T01:10:00+00:00,22447761-2,RH,CURRENT,%,90.08010986495766
2026-08-31T01:10:00+00:00,22447761-3,Dew Point,CURRENT,°C,15.028229552323536
2026-08-31T01:10:00+00:00,22447762-1,Temperature,CURRENT,°C,17.0072314453125
2026-08-31T01:10:00+00:00,22447762-2,RH,CURRENT,%,89.0119783321889
2026-08-31T01:10:00+00:00,22447762-3,Dew Point,CURRENT,°C,15.202789521093973
2026-08-31T01:10:00+00:00,22447764-1,Temperature,CURRENT,°C,16.621127929687496
2026-08-31T01:10:00+00:00,22447764-2,RH,CURRENT,%,90.62943465323873
2026-08-31T01:10:00+00:00,22447764-3,Dew Point,CURRENT,°C,15.101634137744464
2026-08-31T01:10:00+00:00,22447765-1,Temperature,CURRENT,°C,16.792729492187497
2026-08-31T01:10:00+00:00,22447765-2,RH,CURRENT,%,89.71236743724727
2026-08-31T01:10:00+00:00,22447765-3,Dew Point,CURRENT,°C,15.112984526039543
2026-08-31T01:10:00+00:00,22447766-1,Temperature,CURRENT,°C,17.0072314453125
2026-08-31T01:10:00+00:00,22447766-2,RH,CURRENT,%,89.30647745479514
2026-08-31T01:10:00+00:00,22447766-3,Dew Point,CURRENT,°C,15.254263816116804
2026-08-31T01:15:00+00:00,22411189-1,Temperature,CURRENT,°C,16.492426757812495
2026-08-31T01:15:00+00:00,22411189-2,RH,CURRENT,%,97.51430533302815
2026-08-31T01:15:00+00:00,22411189-3,Dew Point,CURRENT,°C,16.118190911945934
2026-08-31T01:15:00+00:00,22411190-1,Temperature,CURRENT,°C,16.685478515625
2026-08-31T01:15:00+00:00,22411190-2,RH,CURRENT,%,93.73311970702677
2026-08-31T01:15:00+00:00,22411190-3,Dew Point,CURRENT,°C,15.690881387913254
2026-08-31T01:15:00+00:00,22411191-1,Temperature,CURRENT,°C,17.028681640624995
2026-08-31T01:15:00+00:00,22411191-2,RH,CURRENT,%,95.37193865873198
2026-08-31T01:15:00+00:00,22411191-3,Dew Point,CURRENT,°C,16.30400960952633
2026-08-31T01:15:00+00:00,22411525-1,Temperature,CURRENT,°C,17.114482421874996
2026-08-31T01:15:00+00:00,22411525-2,RH,CURRENT,%,93.09987029831387
2026-08-31T01:15:00+00:00,22411525-3,Dew Point,CURRENT,°C,16.010802411375124
2026-08-31T01:15:00+00:00,22411526-1,Temperature,CURRENT,°C,16.2350244140625
2026-08-31T01:15:00+00:00,22411526-2,RH,CURRENT,%,95.83428702220188
2026-08-31T01:15:00+00:00,22411526-3,Dew Point,CURRENT,°C,15.5892911939662
2026-08-31T01:15:00+00:00,22411527-1,Temperature,CURRENT,°C,17.264633789062493
2026-08-31T01:15:00+00:00,22411527-2,RH,CURRENT,%,92.76264591439688
2026-08-31T01:15:00+00:00,22411527-3,Dew Point,CURRENT,°C,16.102912659380337
2026-08-31T01:15:00+00:00,22411528-1,Temperature,CURRENT,°C,16.084873046874996
2026-08-31T01:15:00+00:00,22411528-2,RH,CURRENT,%,97.0641641870756
2026-08-31T01:15:00+00:00,22411528-3,Dew Point,CURRENT,°C,15.638897026519443
2026-08-31T01:15:00+00:00,22411529-1,Temperature,CURRENT,°C,16.170673828124997
2026-08-31T01:15:00+00:00,22411529-2,RH,CURRENT,%,94.81193255512322
2026-08-31T01:15:00+00:00,22411529-3,Dew Point,CURRENT,°C,15.357754574406574
2026-08-31T01:15:00+00:00,22411530-1,Temperature,CURRENT,°C,16.835629882812498
2026-08-31T01:15:00+00:00,22411530-2,RH,CURRENT,%,93.61409933623254
2026-08-31T01:15:00+00:00,22411530-3,Dew Point,CURRENT,°C,15.820177979739086
2026-08-31T01:15:00+00:00,22411541-S,Battery,CURRENT,V,8.2577021484375
2026-08-31T01:15:00+00:00,22447758-1,Temperature,CURRENT,°C,16.599677734375
2026-08-31T01:15:00+00:00,22447758-2,RH,CURRENT,%,90.27084763866637
2026-08-31T01:15:00+00:00,22447758-3,Dew Point,CURRENT,°C,15.018715209510711
2026-08-31T01:15:00+00:00,22447759-1,Temperature,CURRENT,°C,16.749829101562497
2026-08-31T01:15:00+00:00,22447759-2,RH,CURRENT,%,90.49973296711681
2026-08-31T01:15:00+00:00,22447759-3,Dew Point,CURRENT,°C,15.206666528919365
2026-08-31T01:15:00+00:00,22447760-1,Temperature,CURRENT,°C,16.621127929687496
2026-08-31T01:15:00+00:00,22447760-2,RH,CURRENT,%,91.05516136415656
2026-08-31T01:15:00+00:00,22447760-3,Dew Point,CURRENT,°C,15.17461439251729
2026-08-31T01:15:00+00:00,22447761-1,Temperature,CURRENT,°C,16.4709765625
2026-08-31T01:15:00+00:00,22447761-2,RH,CURRENT,%,90.06485084306097
2026-08-31T01:15:00+00:00,22447761-3,Dew Point,CURRENT,°C,14.855924967311964
2026-08-31T01:15:00+00:00,22447762-1,Temperature,CURRENT,°C,16.749829101562497
2026-08-31T01:15:00+00:00,22447762-2,RH,CURRENT,%,89.7306782635233
2026-08-31T01:15:00+00:00,22447762-3,Dew Point,CURRENT,°C,15.073764764440048
2026-08-31T01:15:00+00:00,22447764-1,Temperature,CURRENT,°C,16.4709765625
2026-08-31T01:15:00+00:00,22447764-2,RH,CURRENT,%,90.86289768825819
2026-08-31T01:15:00+00:00,22447764-3,Dew Point,CURRENT,°C,14.99307110951782
2026-08-31T01:15:00+00:00,22447765-1,Temperature,CURRENT,°C,16.599677734375
2026-08-31T01:15:00+00:00,22447765-2,RH,CURRENT,%,90.31204699778745
2026-08-31T01:15:00+00:00,22447765-3,Dew Point,CURRENT,°C,15.025814379006265
2026-08-31T01:15:00+00:00,22447766-1,Temperature,CURRENT,°C,16.749829101562497
2026-08-31T01:15:00+00:00,22447766-2,RH,CURRENT,%,90.05569542992295
2026-08-31T01:15:00+00:00,22447766-3,Dew Point,CURRENT,°C,15.130052965664362
2026-08-31T01:20:00+00:00,22411189-1,Temperature,CURRENT,°C,16.3637255859375
2026-08-31T01:20:00+00:00,22411189-2,RH,CURRENT,%,98.58091096360724
2026-08-31T01:20:00+00:00,22411189-3,Dew Point,CURRENT,°C,16.16035062272432
2026-08-31T01:20:00+00:00,22411190-1,Temperature,CURRENT,°C,16.599677734375
2026-08-31T01:20:00+00:00,22411190-2,RH,CURRENT,%,95.4161898222324
2026-08-31T01:20:00+00:00,22411190-3,Dew Point,CURRENT,°C,15.88410142135917
2026-08-31T01:20:00+00:00,22411191-1,Temperature,CURRENT,°C,17.1359326171875
2026-08-31T01:20:00+00:00,22411191-2,RH,CURRENT,%,95.4665445944915
2026-08-31T01:20:00+00:00,22411191-3,Dew Point,CURRENT,°C,16.42639922582502
2026-08-31T01:20:00+00:00,22411525-1,Temperature,CURRENT,°C,17.286083984375004
2026-08-31T01:20:00+00:00,22411525-2,RH,CURRENT,%,92.309452964065
2026-08-31T01:20:00+00:00,22411525-3,Dew Point,CURRENT,°C,16.047358488662187
2026-08-31T01:20:00+00:00,22411526-1,Temperature,CURRENT,°C,16.1063232421875
2026-08-31T01:20:00+00:00,22411526-2,RH,CURRENT,%,96.23102159151598
2026-08-31T01:20:00+00:00,22411526-3,Dew Point,CURRENT,°C,15.525575763681351
2026-08-31T01:20:00+00:00,22411527-1,Temperature,CURRENT,°C,17.45768554687499
2026-08-31T01:20:00+00:00,22411527-2,RH,CURRENT,%,91.97375448233768
2026-08-31T01:20:00+00:00,22411527-3,Dew Point,CURRENT,°C,16.160328860019213
2026-08-31T01:20:00+00:00,22411528-1,Temperature,CURRENT,°C,15.9776220703125
2026-08-31T01:20:00+00:00,22411528-2,RH,CURRENT,%,97.59060044251163
2026-08-31T01:20:00+00:00,22411528-3,Dew Point,CURRENT,°C,15.616391605376911
2026-08-31T01:20:00+00:00,22411529-1,Temperature,CURRENT,°C,15.9776220703125
2026-08-31T01:20:00+00:00,22411529-2,RH,CURRENT,%,95.68627450980392
2026-08-31T01:20:00+00:00,22411529-3,Dew Point,CURRENT,°C,15.308724610902575
2026-08-31T01:20:00+00:00,22411530-1,Temperature,CURRENT,°C,16.878530273437498
2026-08-31T01:20:00+00:00,22411530-2,RH,CURRENT,%,94.57541771572443
2026-08-31T01:20:00+00:00,22411530-3,Dew Point,CURRENT,°C,16.022910605761336
2026-08-31T01:20:00+00:00,22411541-S,Battery,CURRENT,V,8.254471435546876
2026-08-31T01:20:00+00:00,22447758-1,Temperature,CURRENT,°C,16.449526367187495
2026-08-31T01:20:00+00:00,22447758-2,RH,CURRENT,%,91.60296025024796
2026-08-31T01:20:00+00:00,22447758-3,Dew Point,CURRENT,°C,15.098058869086982
2026-08-31T01:20:00+00:00,22447759-1,Temperature,CURRENT,°C,16.749829101562497
2026-08-31T01:20:00+00:00,22447759-2,RH,CURRENT,%,91.19707026779584
2026-08-31T01:20:00+00:00,22447759-3,Dew Point,CURRENT,°C,15.326321404365896
2026-08-31T01:20:00+00:00,22447760-1,Temperature,CURRENT,°C,16.449526367187495
2026-08-31T01:20:00+00:00,22447760-2,RH,CURRENT,%,92.44068055237659
2026-08-31T01:20:00+00:00,22447760-3,Dew Point,CURRENT,°C,15.239859743891445
2026-08-31T01:20:00+00:00,22447761-1,Temperature,CURRENT,°C,16.3637255859375
2026-08-31T01:20:00+00:00,22447761-2,RH,CURRENT,%,91.35271229114214
2026-08-31T01:20:00+00:00,22447761-3,Dew Point,CURRENT,°C,14.970495439550179
2026-08-31T01:20:00+00:00,22447762-1,Temperature,CURRENT,°C,16.72837890625
2026-08-31T01:20:00+00:00,22447762-2,RH,CURRENT,%,90.56839856565195
2026-08-31T01:20:00+00:00,22447762-3,Dew Point,CURRENT,°C,15.197261578525692
2026-08-31T01:20:00+00:00,22447764-1,Temperature,CURRENT,°C,16.406625976562495
2026-08-31T01:20:00+00:00,22447764-2,RH,CURRENT,%,92.22095063706416
2026-08-31T01:20:00+00:00,22447764-3,Dew Point,CURRENT,°C,15.160234231452435
2026-08-31T01:20:00+00:00,22447765-1,Temperature,CURRENT,°C,16.513876953125
2026-08-31T01:20:00+00:00,22447765-2,RH,CURRENT,%,91.52666514076448
2026-08-31T01:20:00+00:00,22447765-3,Dew Point,CURRENT,°C,15.148840248625573
2026-08-31T01:20:00+00:00,22447766-1,Temperature,CURRENT,°C,16.749829101562497
2026-08-31T01:20:00+00:00,22447766-2,RH,CURRENT,%,90.96665903715572
2026-08-31T01:20:00+00:00,22447766-3,Dew Point,CURRENT,°C,15.286874553732458
2026-08-31T01:25:00+00:00,22411189-1,Temperature,CURRENT,°C,16.3637255859375
2026-08-31T01:25:00+00:00,22411189-2,RH,CURRENT,%,98.73044937819486
2026-08-31T01:25:00+00:00,22411189-3,Dew Point,CURRENT,°C,16.184148482642772
2026-08-31T01:25:00+00:00,22411190-1,Temperature,CURRENT,°C,16.621127929687496
2026-08-31T01:25:00+00:00,22411190-2,RH,CURRENT,%,95.03776607919433
2026-08-31T01:25:00+00:00,22411190-3,Dew Point,CURRENT,°C,15.843216219606619
2026-08-31T01:25:00+00:00,22411191-1,Temperature,CURRENT,°C,17.0501318359375
2026-08-31T01:25:00+00:00,22411191-2,RH,CURRENT,%,95.59624628061341
2026-08-31T01:25:00+00:00,22411191-3,Dew Point,CURRENT,°C,16.36230059139817
2026-08-31T01:25:00+00:00,22411525-1,Temperature,CURRENT,°C,17.1359326171875
2026-08-31T01:25:00+00:00,22411525-2,RH,CURRENT,%,92.91828793774319
2026-08-31T01:25:00+00:00,22411525-3,Dew Point,CURRENT,°C,16.00148312126149
2026-08-31T01:25:00+00:00,22411526-1,Temperature,CURRENT,°C,16.0634228515625
2026-08-31T01:25:00+00:00,22411526-2,RH,CURRENT,%,96.58350499732967
2026-08-31T01:25:00+00:00,22411526-3,Dew Point,CURRENT,°C,15.539915094564025
2026-08-31T01:25:00+00:00,22411527-1,Temperature,CURRENT,°C,17.243183593749997
2026-08-31T01:25:00+00:00,22411527-2,RH,CURRENT,%,92.81300068665598
2026-08-31T01:25:00+00:00,22411527-3,Dew Point,CURRENT,°C,16.090141896595643
2026-08-31T01:25:00+00:00,22411528-1,Temperature,CURRENT,°C,15.956171874999995
2026-08-31T01:25:00+00:00,22411528-2,RH,CURRENT,%,97.953765163653
2026-08-31T01:25:00+00:00,22411528-3,Dew Point,CURRENT,°C,15.653037299744124
2026-08-31T01:25:00+00:00,22411529-1,Temperature,CURRENT,°C,15.934721679687499
2026-08-31T01:25:00+00:00,22411529-2,RH,CURRENT,%,96.06317235065232
2026-08-31T01:25:00+00:00,22411529-3,Dew Point,CURRENT,°C,15.327284144466688
2026-08-31T01:25:00+00:00,22411530-1,Temperature,CURRENT,°C,16.89998046875
2026-08-31T01:25:00+00:00,22411530-2,RH,CURRENT,%,94.37857633325704
2026-08-31T01:25:00+00:00,22411530-3,Dew Point,CURRENT,°C,16.011573051667703
2026-08-31T01:25:00+00:00,22411541-S,Battery,CURRENT,V,8.2577021484375
2026-08-31T01:25:00+00:00,22447758-1,Temperature,CURRENT,°C,16.599677734375
2026-08-31T01:25:00+00:00,22447758-2,RH,CURRENT,%,91.56328679331655
2026-08-31T01:25:00+00:00,22447758-3,Dew Point,CURRENT,°C,15.240077549504171
2026-08-31T01:25:00+00:00,22447759-1,Temperature,CURRENT,°C,16.771279296875
2026-08-31T01:25:00+00:00,22447759-2,RH,CURRENT,%,91.04600595101854
2026-08-31T01:25:00+00:00,22447759-3,Dew Point,CURRENT,°C,15.321705489183035
2026-08-31T01:25:00+00:00,22447760-1,Temperature,CURRENT,°C,16.578227539062496
2026-08-31T01:25:00+00:00,22447760-2,RH,CURRENT,%,92.3949034866865
2026-08-31T01:25:00+00:00,22447760-3,Dew Point,CURRENT,°C,15.359793022446393
2026-08-31T01:25:00+00:00,22447761-1,Temperature,CURRENT,°C,16.449526367187495
2026-08-31T01:25:00+00:00,22447761-2,RH,CURRENT,%,91.71435111009384
2026-08-31T01:25:00+00:00,22447761-3,Dew Point,CURRENT,°C,15.116979376607292
2026-08-31T01:25:00+00:00,22447762-1,Temperature,CURRENT,°C,16.771279296875
2026-08-31T01:25:00+00:00,22447762-2,RH,CURRENT,%,90.43259327077135
2026-08-31T01:25:00+00:00,22447762-3,Dew Point,CURRENT,°C,15.216322551736802
2026-08-31T01:25:00+00:00,22447764-1,Temperature,CURRENT,°C,16.513876953125
2026-08-31T01:25:00+00:00,22447764-2,RH,CURRENT,%,92.45593957427329
2026-08-31T01:25:00+00:00,22447764-3,Dew Point,CURRENT,°C,15.306263847382937
2026-08-31T01:25:00+00:00,22447765-1,Temperature,CURRENT,°C,16.642578125
2026-08-31T01:25:00+00:00,22447765-2,RH,CURRENT,%,91.46105134660868
2026-08-31T01:25:00+00:00,22447765-3,Dew Point,CURRENT,°C,15.265164812185521
2026-08-31T01:25:00+00:00,22447766-1,Temperature,CURRENT,°C,16.8141796875
2026-08-31T01:25:00+00:00,22447766-2,RH,CURRENT,%,90.84916456855116
2026-08-31T01:25:00+00:00,22447766-3,Dew Point,CURRENT,°C,15.330418609651051
2026-08-31T01:30:00+00:00,22411189-1,Temperature,CURRENT,°C,16.492426757812495
2026-08-31T01:30:00+00:00,22411189-2,RH,CURRENT,%,98.88151369497216
2026-08-31T01:30:00+00:00,22411189-3,Dew Point,CURRENT,°C,16.336884315417766
2026-08-31T01:30:00+00:00,22411190-1,Temperature,CURRENT,°C,16.749829101562497
2026-08-31T01:30:00+00:00,22411190-2,RH,CURRENT,%,94.91264209964142
2026-08-31T01:30:00+00:00,22411190-3,Dew Point,CURRENT,°C,15.950663641604882
2026-08-31T01:30:00+00:00,22411191-1,Temperature,CURRENT,°C,17.114482421874996
2026-08-31T01:30:00+00:00,22411191-2,RH,CURRENT,%,95.86022735942626
2026-08-31T01:30:00+00:00,22411191-3,Dew Point,CURRENT,°C,16.46978436583378
2026-08-31T01:30:00+00:00,22411525-1,Temperature,CURRENT,°C,17.200283203125004
2026-08-31T01:30:00+00:00,22411525-2,RH,CURRENT,%,93.24635690852216
2026-08-31T01:30:00+00:00,22411525-3,Dew Point,CURRENT,°C,16.12065364652789
2026-08-31T01:30:00+00:00,22411526-1,Temperature,CURRENT,°C,16.127773437499997
2026-08-31T01:30:00+00:00,22411526-2,RH,CURRENT,%,96.90394445716029
2026-08-31T01:30:00+00:00,22411526-3,Dew Point,CURRENT,°C,15.6558735584725
2026-08-31T01:30:00+00:00,22411527-1,Temperature,CURRENT,°C,17.328984374999997
2026-08-31T01:30:00+00:00,22411527-2,RH,CURRENT,%,92.95948729686427
2026-08-31T01:30:00+00:00,22411527-3,Dew Point,CURRENT,°C,16.200051912674585
2026-08-31T01:30:00+00:00,22411528-1,Temperature,CURRENT,°C,15.956171874999995
2026-08-31T01:30:00+00:00,22411528-2,RH,CURRENT,%,98.37796597238118
2026-08-31T01:30:00+00:00,22411528-3,Dew Point,CURRENT,°C,15.720623249278761
2026-08-31T01:30:00+00:00,22411529-1,Temperature,CURRENT,°C,15.848920898437498
2026-08-31T01:30:00+00:00,22411529-2,RH,CURRENT,%,96.37445639734493
2026-08-31T01:30:00+00:00,22411529-3,Dew Point,CURRENT,°C,15.292202800449319
2026-08-31T01:30:00+00:00,22411530-1,Temperature,CURRENT,°C,17.0072314453125
2026-08-31T01:30:00+00:00,22411530-2,RH,CURRENT,%,94.34195468070497
2026-08-31T01:30:00+00:00,22411530-3,Dew Point,CURRENT,°C,16.112137509990234
2026-08-31T01:30:00+00:00,22411541-S,Battery,CURRENT,V,8.254471435546876
2026-08-31T01:30:00+00:00,22447758-1,Temperature,CURRENT,°C,16.642578125
2026-08-31T01:30:00+00:00,22447758-2,RH,CURRENT,%,91.20469977874419
2026-08-31T01:30:00+00:00,22447758-3,Dew Point,CURRENT,°C,15.221419437155912
2026-08-31T01:30:00+00:00,22447759-1,Temperature,CURRENT,°C,16.8141796875
2026-08-31T01:30:00+00:00,22447759-2,RH,CURRENT,%,91.09025711451896
2026-08-31T01:30:00+00:00,22447759-3,Dew Point,CURRENT,°C,15.371759547431104
2026-08-31T01:30:00+00:00,22447760-1,Temperature,CURRENT,°C,16.621127929687496
2026-08-31T01:30:00+00:00,22447760-2,RH,CURRENT,%,92.06988632028687
2026-08-31T01:30:00+00:00,22447760-3,Dew Point,CURRENT,°C,15.347364674876474
2026-08-31T01:30:00+00:00,22447761-1,Temperature,CURRENT,°C,16.449526367187495
2026-08-31T01:30:00+00:00,22447761-2,RH,CURRENT,%,91.4198519874876
2026-08-31T01:30:00+00:00,22447761-3,Dew Point,CURRENT,°C,15.066912781553052
2026-08-31T01:30:00+00:00,22447762-1,Temperature,CURRENT,°C,16.792729492187497
2026-08-31T01:30:00+00:00,22447762-2,RH,CURRENT,%,90.36850537880522
2026-08-31T01:30:00+00:00,22447762-3,Dew Point,CURRENT,°C,15.22649341250387
2026-08-31T01:30:00+00:00,22447764-1,Temperature,CURRENT,°C,16.4709765625
2026-08-31T01:30:00+00:00,22447764-2,RH,CURRENT,%,92.17517357137407
2026-08-31T01:30:00+00:00,22447764-3,Dew Point,CURRENT,°C,15.216309048665467
2026-08-31T01:30:00+00:00,22447765-1,Temperature,CURRENT,°C,16.685478515625
2026-08-31T01:30:00+00:00,22447765-2,RH,CURRENT,%,91.09483482108797
2026-08-31T01:30:00+00:00,22447765-3,Dew Point,CURRENT,°C,15.245114826181991
2026-08-31T01:30:00+00:00,22447766-1,Temperature,CURRENT,°C,16.835629882812498
2026-08-31T01:30:00+00:00,22447766-2,RH,CURRENT,%,90.67978942549783
2026-08-31T01:30:00+00:00,22447766-3,Dew Point,CURRENT,°C,15.322543829851735
2026-08-31T01:35:00+00:00,22411189-1,Temperature,CURRENT,°C,16.428076171875
2026-08-31T01:35:00+00:00,22411189-2,RH,CURRENT,%,98.86778057526513
2026-08-31T01:35:00+00:00,22411189-3,Dew Point,CURRENT,°C,16.27033835274183
2026-08-31T01:35:00+00:00,22411190-1,Temperature,CURRENT,°C,16.72837890625
2026-08-31T01:35:00+00:00,22411190-2,RH,CURRENT,%,94.95536736095217
2026-08-31T01:35:00+00:00,22411190-3,Dew Point,CURRENT,°C,15.936370242281606
2026-08-31T01:35:00+00:00,22411191-1,Temperature,CURRENT,°C,17.0930322265625
2026-08-31T01:35:00+00:00,22411191-2,RH,CURRENT,%,96.24933241779202
2026-08-31T01:35:00+00:00,22411191-3,Dew Point,CURRENT,°C,16.512166495568678
2026-08-31T01:35:00+00:00,22411525-1,Temperature,CURRENT,°C,17.157382812499996
2026-08-31T01:35:00+00:00,22411525-2,RH,CURRENT,%,93.50728618295567
2026-08-31T01:35:00+00:00,22411525-3,Dew Point,CURRENT,°C,16.12190293782959
2026-08-31T01:35:00+00:00,22411526-1,Temperature,CURRENT,°C,16.0634228515625
2026-08-31T01:35:00+00:00,22411526-2,RH,CURRENT,%,96.98176546883344
2026-08-31T01:35:00+00:00,22411526-3,Dew Point,CURRENT,°C,15.60421667305134
2026-08-31T01:35:00+00:00,22411527-1,Temperature,CURRENT,°C,17.286083984375004
2026-08-31T01:35:00+00:00,22411527-2,RH,CURRENT,%,93.31654840924696
2026-08-31T01:35:00+00:00,22411527-3,Dew Point,CURRENT,°C,16.21766733653399
2026-08-31T01:35:00+00:00,22411528-1,Temperature,CURRENT,°C,15.891821289062499
2026-08-31T01:35:00+00:00,22411528-2,RH,CURRENT,%,98.50156404974442
2026-08-31T01:35:00+00:00,22411528-3,Dew Point,CURRENT,°C,15.675934300365475
2026-08-31T01:35:00+00:00,22411529-1,Temperature,CURRENT,°C,15.827470703125002
2026-08-31T01:35:00+00:00,22411529-2,RH,CURRENT,%,96.89478904402227
2026-08-31T01:35:00+00:00,22411529-3,Dew Point,CURRENT,°C,15.35478351061465
2026-08-31T01:35:00+00:00,22411530-1,Temperature,CURRENT,°C,16.9643310546875
2026-08-31T01:35:00+00:00,22411530-2,RH,CURRENT,%,94.73105973907073
2026-08-31T01:35:00+00:00,22411530-3,Dew Point,CURRENT,°C,16.13406290336492
2026-08-31T01:35:00+00:00,22411541-S,Battery,CURRENT,V,8.2577021484375
2026-08-31T01:35:00+00:00,22447758-1,Temperature,CURRENT,°C,16.535327148437496
2026-08-31T01:35:00+00:00,22447758-2,RH,CURRENT,%,91.7463950560769
2026-08-31T01:35:00+00:00,22447758-3,Dew Point,CURRENT,°C,15.207446637060519
2026-08-31T01:35:00+00:00,22447759-1,Temperature,CURRENT,°C,16.706928710937497
2026-08-31T01:35:00+00:00,22447759-2,RH,CURRENT,%,91.65941863126574
2026-08-31T01:35:00+00:00,22447759-3,Dew Point,CURRENT,°C,15.362704815955627
2026-08-31T01:35:00+00:00,22447760-1,Temperature,CURRENT,°C,16.513876953125
2026-08-31T01:35:00+00:00,22447760-2,RH,CURRENT,%,92.5001907377737
2026-08-31T01:35:00+00:00,22447760-3,Dew Point,CURRENT,°C,15.31372555117476
2026-08-31T01:35:00+00:00,22447761-1,Temperature,CURRENT,°C,16.342275390624998
2026-08-31T01:35:00+00:00,22447761-2,RH,CURRENT,%,91.59990844586862
2026-08-31T01:35:00+00:00,22447761-3,Dew Point,CURRENT,°C,14.991275559676785
2026-08-31T01:35:00+00:00,22447762-1,Temperature,CURRENT,°C,16.685478515625
2026-08-31T01:35:00+00:00,22447762-2,RH,CURRENT,%,90.92545967803464
2026-08-31T01:35:00+00:00,22447762-3,Dew Point,CURRENT,°C,15.216112057500947
2026-08-31T01:35:00+00:00,22447764-1,Temperature,CURRENT,°C,16.342275390624998
2026-08-31T01:35:00+00:00,22447764-2,RH,CURRENT,%,92.37659266041047
2026-08-31T01:35:00+00:00,22447764-3,Dew Point,CURRENT,°C,15.122676251961266
2026-08-31T01:35:00+00:00,22447765-1,Temperature,CURRENT,°C,16.535327148437496
2026-08-31T01:35:00+00:00,22447765-2,RH,CURRENT,%,91.68993667505913
2026-08-31T01:35:00+00:00,22447765-3,Dew Point,CURRENT,°C,15.197855799862559
2026-08-31T01:35:00+00:00,22447766-1,Temperature,CURRENT,°C,16.706928710937497
2026-08-31T01:35:00+00:00,22447766-2,RH,CURRENT,%,91.32524605172809
2026-08-31T01:35:00+00:00,22447766-3,Dew Point,CURRENT,°C,15.305738019998902
2026-08-31T01:40:00+00:00,22411189-1,Temperature,CURRENT,°C,16.256474609374997
2026-08-31T01:40:00+00:00,22411189-2,RH,CURRENT,%,98.35507743953613
2026-08-31T01:40:00+00:00,22411189-3,Dew Point,CURRENT,°C,16.017149021977442
2026-08-31T01:40:00+00:00,22411190-1,Temperature,CURRENT,°C,16.621127929687496
2026-08-31T01:40:00+00:00,22411190-2,RH,CURRENT,%,94.55252918287938
2026-08-31T01:40:00+00:00,22411190-3,Dew Point,CURRENT,°C,15.763083100455008
2026-08-31T01:40:00+00:00,22411191-1,Temperature,CURRENT,°C,17.114482421874996
2026-08-31T01:40:00+00:00,22411191-2,RH,CURRENT,%,95.84649423971923
2026-08-31T01:40:00+00:00,22411191-3,Dew Point,CURRENT,°C,16.467529698190134
2026-08-31T01:40:00+00:00,22411525-1,Temperature,CURRENT,°C,17.243183593749997
2026-08-31T01:40:00+00:00,22411525-2,RH,CURRENT,%,93.10597390707255
2026-08-31T01:40:00+00:00,22411525-3,Dew Point,CURRENT,°C,16.139600901203934
2026-08-31T01:40:00+00:00,22411526-1,Temperature,CURRENT,°C,15.956171874999995
2026-08-31T01:40:00+00:00,22411526-2,RH,CURRENT,%,97.03364614328221
2026-08-31T01:40:00+00:00,22411526-3,Dew Point,CURRENT,°C,15.505552699006715
2026-08-31T01:40:00+00:00,22411527-1,Temperature,CURRENT,°C,17.350434570312494
2026-08-31T01:40:00+00:00,22411527-2,RH,CURRENT,%,92.96711680781262
2026-08-31T01:40:00+00:00,22411527-3,Dew Point,CURRENT,°C,16.22263175958837
2026-08-31T01:40:00+00:00,22411528-1,Temperature,CURRENT,°C,15.806020507812498
2026-08-31T01:40:00+00:00,22411528-2,RH,CURRENT,%,98.57480735484856
2026-08-31T01:40:00+00:00,22411528-3,Dew Point,CURRENT,°C,15.60177372103861
2026-08-31T01:40:00+00:00,22411529-1,Temperature,CURRENT,°C,15.870371093749995
2026-08-31T01:40:00+00:00,22411529-2,RH,CURRENT,%,97.14808880750743
2026-08-31T01:40:00+00:00,22411529-3,Dew Point,CURRENT,°C,15.438331870485952
2026-08-31T01:40:00+00:00,22411530-1,Temperature,CURRENT,°C,16.9214306640625
2026-08-31T01:40:00+00:00,22411530-2,RH,CURRENT,%,94.71580071717403
2026-08-31T01:40:00+00:00,22411530-3,Dew Point,CURRENT,°C,16.08885367080321
2026-08-31T01:40:00+00:00,22411541-S,Battery,CURRENT,V,8.25124072265625
2026-08-31T01:40:00+00:00,22447758-1,Temperature,CURRENT,°C,16.513876953125
2026-08-31T01:40:00+00:00,22447758-2,RH,CURRENT,%,91.69909208819715
2026-08-31T01:40:00+00:00,22447758-3,Dew Point,CURRENT,°C,15.178155775375556
2026-08-31T01:40:00+00:00,22447759-1,Temperature,CURRENT,°C,16.706928710937497
2026-08-31T01:40:00+00:00,22447759-2,RH,CURRENT,%,91.62279697871367
2026-08-31T01:40:00+00:00,22447759-3,Dew Point,CURRENT,°C,15.356470771601067
2026-08-31T01:40:00+00:00,22447760-1,Temperature,CURRENT,°C,16.513876953125
2026-08-31T01:40:00+00:00,22447760-2,RH,CURRENT,%,92.87098496986343
2026-08-31T01:40:00+00:00,22447760-3,Dew Point,CURRENT,°C,15.376126800283515
2026-08-31T01:40:00+00:00,22447761-1,Temperature,CURRENT,°C,16.2779248046875
2026-08-31T01:40:00+00:00,22447761-2,RH,CURRENT,%,92.35370412756542
2026-08-31T01:40:00+00:00,22447761-3,Dew Point,CURRENT,°C,15.054994410357903
2026-08-31T01:40:00+00:00,22447762-1,Temperature,CURRENT,°C,16.706928710937497
2026-08-31T01:40:00+00:00,22447762-2,RH,CURRENT,%,91.01243610284581
2026-08-31T01:40:00+00:00,22447762-3,Dew Point,CURRENT,°C,15.252247090569783
2026-08-31T01:40:00+00:00,22447764-1,Temperature,CURRENT,°C,16.213574218749997
2026-08-31T01:40:00+00:00,22447764-2,RH,CURRENT,%,92.50476844434272
2026-08-31T01:40:00+00:00,22447764-3,Dew Point,CURRENT,°C,15.016595391396196
2026-08-31T01:40:00+00:00,22447765-1,Temperature,CURRENT,°C,16.4709765625
2026-08-31T01:40:00+00:00,22447765-2,RH,CURRENT,%,91.70519569695583
2026-08-31T01:40:00+00:00,22447765-3,Dew Point,CURRENT,°C,15.136680906185461
2026-08-31T01:40:00+00:00,22447766-1,Temperature,CURRENT,°C,16.685478515625
2026-08-31T01:40:00+00:00,22447766-2,RH,CURRENT,%,91.2642099641413
2026-08-31T01:40:00+00:00,22447766-3,Dew Point,CURRENT,°C,15.274070353201965
2026-08-31T01:45:00+00:00,22411189-1,Temperature,CURRENT,°C,16.1921240234375
2026-08-31T01:45:00+00:00,22411189-2,RH,CURRENT,%,99.2660410467689
2026-08-31T01:45:00+00:00,22411189-3,Dew Point,CURRENT,°C,16.097406508169694
2026-08-31T01:45:00+00:00,22411190-1,Temperature,CURRENT,°C,16.4709765625
2026-08-31T01:45:00+00:00,22411190-2,RH,CURRENT,%,94.94926375219349
2026-08-31T01:45:00+00:00,22411190-3,Dew Point,CURRENT,°C,15.679197511051363
2026-08-31T01:45:00+00:00,22411191-1,Temperature,CURRENT,°C,16.9643310546875
2026-08-31T01:45:00+00:00,22411191-2,RH,CURRENT,%,95.96093690394446
2026-08-31T01:45:00+00:00,22411191-3,Dew Point,CURRENT,°C,16.336685702657174
2026-08-31T01:45:00+00:00,22411525-1,Temperature,CURRENT,°C,17.0930322265625
2026-08-31T01:45:00+00:00,22411525-2,RH,CURRENT,%,93.16395819028
2026-08-31T01:45:00+00:00,22411525-3,Dew Point,CURRENT,°C,16.00029635235483
2026-08-31T01:45:00+00:00,22411526-1,Temperature,CURRENT,°C,15.870371093749995
2026-08-31T01:45:00+00:00,22411526-2,RH,CURRENT,%,97.08400091554131
2026-08-31T01:45:00+00:00,22411526-3,Dew Point,CURRENT,°C,15.428031333807894
2026-08-31T01:45:00+00:00,22411527-1,Temperature,CURRENT,°C,17.200283203125004
2026-08-31T01:45:00+00:00,22411527-2,RH,CURRENT,%,93.15632867933165
2026-08-31T01:45:00+00:00,22411527-3,Dew Point,CURRENT,°C,16.105494971835316
2026-08-31T01:45:00+00:00,22411528-1,Temperature,CURRENT,°C,15.763120117187498
2026-08-31T01:45:00+00:00,22411528-2,RH,CURRENT,%,98.62516212710766
2026-08-31T01:45:00+00:00,22411528-3,Dew Point,CURRENT,°C,15.566860584840029
2026-08-31T01:45:00+00:00,22411529-1,Temperature,CURRENT,°C,15.891821289062499
2026-08-31T01:45:00+00:00,22411529-2,RH,CURRENT,%,97.18928816662851
2026-08-31T01:45:00+00:00,22411529-3,Dew Point,CURRENT,°C,15.466359447289278
2026-08-31T01:45:00+00:00,22411530-1,Temperature,CURRENT,°C,16.771279296875
2026-08-31T01:45:00+00:00,22411530-2,RH,CURRENT,%,94.66544594491494
2026-08-31T01:45:00+00:00,22411530-3,Dew Point,CURRENT,°C,15.93113673578328
2026-08-31T01:45:00+00:00,22411541-S,Battery,CURRENT,V,8.244779296875
2026-08-31T01:45:00+00:00,22447758-1,Temperature,CURRENT,°C,16.38517578125
2026-08-31T01:45:00+00:00,22447758-2,RH,CURRENT,%,91.3344014648661
2026-08-31T01:45:00+00:00,22447758-3,Dew Point,CURRENT,°C,14.988623268020673
2026-08-31T01:45:00+00:00,22447759-1,Temperature,CURRENT,°C,16.599677734375
2026-08-31T01:45:00+00:00,22447759-2,RH,CURRENT,%,91.12230106050202
2026-08-31T01:45:00+00:00,22447759-3,Dew Point,CURRENT,°C,15.164857451126467
2026-08-31T01:45:00+00:00,22447760-1,Temperature,CURRENT,°C,16.449526367187495
2026-08-31T01:45:00+00:00,22447760-2,RH,CURRENT,%,92.07598992904555
2026-08-31T01:45:00+00:00,22447760-3,Dew Point,CURRENT,°C,15.178267643813145
2026-08-31T01:45:00+00:00,22447761-1,Temperature,CURRENT,°C,16.1921240234375
2026-08-31T01:45:00+00:00,22447761-2,RH,CURRENT,%,91.94323643854429
2026-08-31T01:45:00+00:00,22447761-3,Dew Point,CURRENT,°C,14.900640486339313
2026-08-31T01:45:00+00:00,22447762-1,Temperature,CURRENT,°C,16.664028320312497
2026-08-31T01:45:00+00:00,22447762-2,RH,CURRENT,%,90.26626993209736
2026-08-31T01:45:00+00:00,22447762-3,Dew Point,CURRENT,°C,15.081569286334481
2026-08-31T01:45:00+00:00,22447764-1,Temperature,CURRENT,°C,16.0634228515625
2026-08-31T01:45:00+00:00,22447764-2,RH,CURRENT,%,93.25551232166018
2026-08-31T01:45:00+00:00,22447764-3,Dew Point,CURRENT,°C,14.99330964056909
2026-08-31T01:45:00+00:00,22447765-1,Temperature,CURRENT,°C,16.3637255859375
2026-08-31T01:45:00+00:00,22447765-2,RH,CURRENT,%,91.4656290531777
2026-08-31T01:45:00+00:00,22447765-3,Dew Point,CURRENT,°C,14.989708098357784
2026-08-31T01:45:00+00:00,22447766-1,Temperature,CURRENT,°C,16.55677734375
2026-08-31T01:45:00+00:00,22447766-2,RH,CURRENT,%,90.87663080796521
2026-08-31T01:45:00+00:00,22447766-3,Dew Point,CURRENT,°C,15.080350248131246
2026-08-31T01:50:00+00:00,22411189-1,Temperature,CURRENT,°C,16.127773437499997
2026-08-31T01:50:00+00:00,22411189-2,RH,CURRENT,%,99.48577096208133
2026-08-31T01:50:00+00:00,22411189-3,Dew Point,CURRENT,°C,16.067693452715602
2026-08-31T01:50:00+00:00,22411190-1,Temperature,CURRENT,°C,16.38517578125
2026-08-31T01:50:00+00:00,22411190-2,RH,CURRENT,%,95.41161211566339
2026-08-31T01:50:00+00:00,22411190-3,Dew Point,CURRENT,°C,15.669750055386897
2026-08-31T01:50:00+00:00,22411191-1,Temperature,CURRENT,°C,16.9643310546875
2026-08-31T01:50:00+00:00,22411191-2,RH,CURRENT,%,96.43244068055238
2026-08-31T01:50:00+00:00,22411191-3,Dew Point,CURRENT,°C,16.413763133401332
2026-08-31T01:50:00+00:00,22411525-1,Temperature,CURRENT,°C,17.1359326171875
2026-08-31T01:50:00+00:00,22411525-2,RH,CURRENT,%,93.46150911726558
2026-08-31T01:50:00+00:00,22411525-3,Dew Point,CURRENT,°C,16.092913025310658
2026-08-31T01:50:00+00:00,22411526-1,Temperature,CURRENT,°C,15.891821289062499
2026-08-31T01:50:00+00:00,22411526-2,RH,CURRENT,%,97.28999771114671
2026-08-31T01:50:00+00:00,22411526-3,Dew Point,CURRENT,°C,15.482530702473012
2026-08-31T01:50:00+00:00,22411527-1,Temperature,CURRENT,°C,17.2217333984375
2026-08-31T01:50:00+00:00,22411527-2,RH,CURRENT,%,93.3196002136263
2026-08-31T01:50:00+00:00,22411527-3,Dew Point,CURRENT,°C,16.154277767790056
2026-08-31T01:50:00+00:00,22411528-1,Temperature,CURRENT,°C,15.827470703125002
2026-08-31T01:50:00+00:00,22411528-2,RH,CURRENT,%,98.86015106431678
2026-08-31T01:50:00+00:00,22411528-3,Dew Point,CURRENT,°C,15.668413889818277
2026-08-31T01:50:00+00:00,22411529-1,Temperature,CURRENT,°C,15.913271484374995
2026-08-31T01:50:00+00:00,22411529-2,RH,CURRENT,%,97.31288624399176
2026-08-31T01:50:00+00:00,22411529-3,Dew Point,CURRENT,°C,15.5076162395216
2026-08-31T01:50:00+00:00,22411530-1,Temperature,CURRENT,°C,16.72837890625
2026-08-31T01:50:00+00:00,22411530-2,RH,CURRENT,%,95.38414587624933
2026-08-31T01:50:00+00:00,22411530-3,Dew Point,CURRENT,°C,16.006994751800736
2026-08-31T01:50:00+00:00,22411541-S,Battery,CURRENT,V,8.23831787109375
2026-08-31T01:50:00+00:00,22447758-1,Temperature,CURRENT,°C,16.4709765625
2026-08-31T01:50:00+00:00,22447758-2,RH,CURRENT,%,92.54749370565347
2026-08-31T01:50:00+00:00,22447758-3,Dew Point,CURRENT,°C,15.27913877132764
2026-08-31T01:50:00+00:00,22447759-1,Temperature,CURRENT,°C,16.621127929687496
2026-08-31T01:50:00+00:00,22447759-2,RH,CURRENT,%,92.26825360494392
2026-08-31T01:50:00+00:00,22447759-3,Dew Point,CURRENT,°C,15.380940210618295
2026-08-31T01:50:00+00:00,22447760-1,Temperature,CURRENT,°C,16.492426757812495
2026-08-31T01:50:00+00:00,22447760-2,RH,CURRENT,%,93.0785076676585
2026-08-31T01:50:00+00:00,22447760-3,Dew Point,CURRENT,°C,15.389660867778979
2026-08-31T01:50:00+00:00,22447761-1,Temperature,CURRENT,°C,16.256474609374997
2026-08-31T01:50:00+00:00,22447761-2,RH,CURRENT,%,93.06019684138246
2026-08-31T01:50:00+00:00,22447761-3,Dew Point,CURRENT,°C,15.152352594130049
2026-08-31T01:50:00+00:00,22447762-1,Temperature,CURRENT,°C,16.664028320312497
2026-08-31T01:50:00+00:00,22447762-2,RH,CURRENT,%,91.29777981231403
2026-08-31T01:50:00+00:00,22447762-3,Dew Point,CURRENT,°C,15.258559668496492
2026-08-31T01:50:00+00:00,22447764-1,Temperature,CURRENT,°C,16.256474609374997
2026-08-31T01:50:00+00:00,22447764-2,RH,CURRENT,%,93.99862668802929
2026-08-31T01:50:00+00:00,22447764-3,Dew Point,CURRENT,°C,15.30871646638171
2026-08-31T01:50:00+00:00,22447765-1,Temperature,CURRENT,°C,16.449526367187495
2026-08-31T01:50:00+00:00,22447765-2,RH,CURRENT,%,92.71229114213779
2026-08-31T01:50:00+00:00,22447765-3,Dew Point,CURRENT,°C,15.285593415073476
2026-08-31T01:50:00+00:00,22447766-1,Temperature,CURRENT,°C,16.621127929687496
2026-08-31T01:50:00+00:00,22447766-2,RH,CURRENT,%,91.86083772030213
2026-08-31T01:50:00+00:00,22447766-3,Dew Point,CURRENT,°C,15.311912520149635
2026-08-31T01:55:00+00:00,22411189-1,Temperature,CURRENT,°C,16.1921240234375
2026-08-31T01:55:00+00:00,22411189-2,RH,CURRENT,%,99.83978027008469
2026-08-31T01:55:00+00:00,22411189-3,Dew Point,CURRENT,°C,16.187868801436817
2026-08-31T01:55:00+00:00,22411190-1,Temperature,CURRENT,°C,16.428076171875
2026-08-31T01:55:00+00:00,22411190-2,RH,CURRENT,%,95.84191653315023
2026-08-31T01:55:00+00:00,22411190-3,Dew Point,CURRENT,°C,15.782882704494504
2026-08-31T01:55:00+00:00,22411191-1,Temperature,CURRENT,°C,17.0930322265625
2026-08-31T01:55:00+00:00,22411191-2,RH,CURRENT,%,96.48737315938048
2026-08-31T01:55:00+00:00,22411191-3,Dew Point,CURRENT,°C,16.551057831564716
2026-08-31T01:55:00+00:00,22411525-1,Temperature,CURRENT,°C,17.178833007812493
2026-08-31T01:55:00+00:00,22411525-2,RH,CURRENT,%,93.62783245593957
2026-08-31T01:55:00+00:00,22411525-3,Dew Point,CURRENT,°C,16.163433541307008
2026-08-31T01:55:00+00:00,22411526-1,Temperature,CURRENT,°C,15.934721679687499
2026-08-31T01:55:00+00:00,22411526-2,RH,CURRENT,%,97.52803845273517
2026-08-31T01:55:00+00:00,22411526-3,Dew Point,CURRENT,°C,15.563531672332958
2026-08-31T01:55:00+00:00,22411527-1,Temperature,CURRENT,°C,17.264633789062493
2026-08-31T01:55:00+00:00,22411527-2,RH,CURRENT,%,93.67208361943999
2026-08-31T01:55:00+00:00,22411527-3,Dew Point,CURRENT,°C,16.25609598910832
2026-08-31T01:55:00+00:00,22411528-1,Temperature,CURRENT,°C,15.870371093749995
2026-08-31T01:55:00+00:00,22411528-2,RH,CURRENT,%,99.05241474021516
2026-08-31T01:55:00+00:00,22411528-3,Dew Point,CURRENT,°C,15.741719242485303
2026-08-31T01:55:00+00:00,22411529-1,Temperature,CURRENT,°C,15.956171874999995
2026-08-31T01:55:00+00:00,22411529-2,RH,CURRENT,%,97.56008239871824
2026-08-31T01:55:00+00:00,22411529-3,Dew Point,CURRENT,°C,15.590083717565726
2026-08-31T01:55:00+00:00,22411530-1,Temperature,CURRENT,°C,16.835629882812498
2026-08-31T01:55:00+00:00,22411530-2,RH,CURRENT,%,95.50011444266423
2026-08-31T01:55:00+00:00,22411530-3,Dew Point,CURRENT,°C,16.13285966617091
2026-08-31T01:55:00+00:00,22411541-S,Battery,CURRENT,V,8.244779296875
2026-08-31T01:55:00+00:00,22447758-1,Temperature,CURRENT,°C,16.599677734375
2026-08-31T01:55:00+00:00,22447758-2,RH,CURRENT,%,92.29571984435798
2026-08-31T01:55:00+00:00,22447758-3,Dew Point,CURRENT,°C,15.364311572774838
2026-08-31T01:55:00+00:00,22447759-1,Temperature,CURRENT,°C,16.72837890625
2026-08-31T01:55:00+00:00,22447759-2,RH,CURRENT,%,92.10803387502861
2026-08-31T01:55:00+00:00,22447759-3,Dew Point,CURRENT,°C,15.460162310124652
2026-08-31T01:55:00+00:00,22447760-1,Temperature,CURRENT,°C,16.621127929687496
2026-08-31T01:55:00+00:00,22447760-2,RH,CURRENT,%,92.96406500343328
2026-08-31T01:55:00+00:00,22447760-3,Dew Point,CURRENT,°C,15.498214706549204
2026-08-31T01:55:00+00:00,22447761-1,Temperature,CURRENT,°C,16.406625976562495
2026-08-31T01:55:00+00:00,22447761-2,RH,CURRENT,%,92.86640726329442
2026-08-31T01:55:00+00:00,22447761-3,Dew Point,CURRENT,°C,15.268913432561883
2026-08-31T01:55:00+00:00,22447762-1,Temperature,CURRENT,°C,16.749829101562497
2026-08-31T01:55:00+00:00,22447762-2,RH,CURRENT,%,91.27489127946899
2026-08-31T01:55:00+00:00,22447762-3,Dew Point,CURRENT,°C,15.33962477443592
2026-08-31T01:55:00+00:00,22447764-1,Temperature,CURRENT,°C,16.428076171875
2026-08-31T01:55:00+00:00,22447764-2,RH,CURRENT,%,93.36232547493705
2026-08-31T01:55:00+00:00,22447764-3,Dew Point,CURRENT,°C,15.373267898710509
2026-08-31T01:55:00+00:00,22447765-1,Temperature,CURRENT,°C,16.55677734375
2026-08-31T01:55:00+00:00,22447765-2,RH,CURRENT,%,92.39642938887617
2026-08-31T01:55:00+00:00,22447765-3,Dew Point,CURRENT,°C,15.338775188196312
2026-08-31T01:55:00+00:00,22447766-1,Temperature,CURRENT,°C,16.706928710937497
2026-08-31T01:55:00+00:00,22447766-2,RH,CURRENT,%,91.6411078049897
2026-08-31T01:55:00+00:00,22447766-3,Dew Point,CURRENT,°C,15.359588066791291
2026-08-31T02:00:00+00:00,22411189-1,Temperature,CURRENT,°C,16.2350244140625
2026-08-31T02:00:00+00:00,22411189-2,RH,CURRENT,%,99.78027008468757
2026-08-31T02:00:00+00:00,22411189-3,Dew Point,CURRENT,°C,16.2214641079312
2026-08-31T02:00:00+00:00,22411190-1,Temperature,CURRENT,°C,16.449526367187495
2026-08-31T02:00:00+00:00,22411190-2,RH,CURRENT,%,95.7427328908217
2026-08-31T02:00:00+00:00,22411190-3,Dew Point,CURRENT,°C,15.78804660896416
2026-08-31T02:00:00+00:00,22411191-1,Temperature,CURRENT,°C,17.028681640624995
2026-08-31T02:00:00+00:00,22411191-2,RH,CURRENT,%,95.83886472877089
2026-08-31T02:00:00+00:00,22411191-3,Dew Point,CURRENT,°C,16.380790941633414
2026-08-31T02:00:00+00:00,22411525-1,Temperature,CURRENT,°C,17.2217333984375
2026-08-31T02:00:00+00:00,22411525-2,RH,CURRENT,%,92.99000534065766
2026-08-31T02:00:00+00:00,22411525-3,Dew Point,CURRENT,°C,16.098747944245176
2026-08-31T02:00:00+00:00,22411526-1,Temperature,CURRENT,°C,15.9776220703125
2026-08-31T02:00:00+00:00,22411526-2,RH,CURRENT,%,97.68825818265049
2026-08-31T02:00:00+00:00,22411526-3,Dew Point,CURRENT,°C,15.632027097228068
2026-08-31T02:00:00+00:00,22411527-1,Temperature,CURRENT,°C,17.371884765625005
2026-08-31T02:00:00+00:00,22411527-2,RH,CURRENT,%,92.84504463263904
2026-08-31T02:00:00+00:00,22411527-3,Dew Point,CURRENT,°C,16.22328373102171
2026-08-31T02:00:00+00:00,22411528-1,Temperature,CURRENT,°C,15.913271484374995
2026-08-31T02:00:00+00:00,22411528-2,RH,CURRENT,%,99.14854657816434
2026-08-31T02:00:00+00:00,22411528-3,Dew Point,CURRENT,°C,15.799821988822167
2026-08-31T02:00:00+00:00,22411529-1,Temperature,CURRENT,°C,15.956171874999995
2026-08-31T02:00:00+00:00,22411529-2,RH,CURRENT,%,97.63790341039139
2026-08-31T02:00:00+00:00,22411529-3,Dew Point,CURRENT,°C,15.602545666955676
2026-08-31T02:00:00+00:00,22411530-1,Temperature,CURRENT,°C,16.835629882812498
2026-08-31T02:00:00+00:00,22411530-2,RH,CURRENT,%,94.7676813916228
2026-08-31T02:00:00+00:00,22411530-3,Dew Point,CURRENT,°C,16.012078156188366
2026-08-31T02:00:00+00:00,22411541-S,Battery,CURRENT,V,8.244779296875
2026-08-31T02:00:00+00:00,22447758-1,Temperature,CURRENT,°C,16.513876953125
2026-08-31T02:00:00+00:00,22447758-2,RH,CURRENT,%,92.37811856260014
2026-08-31T02:00:00+00:00,22447758-3,Dew Point,CURRENT,°C,15.293133942335523
2026-08-31T02:00:00+00:00,22447759-1,Temperature,CURRENT,°C,16.664028320312497
2026-08-31T02:00:00+00:00,22447759-2,RH,CURRENT,%,92.11108567940795
2026-08-31T02:00:00+00:00,22447759-3,Dew Point,CURRENT,°C,15.396877850743287
2026-08-31T02:00:00+00:00,22447760-1,Temperature,CURRENT,°C,16.578227539062496
2026-08-31T02:00:00+00:00,22447760-2,RH,CURRENT,%,92.87098496986343
2026-08-31T02:00:00+00:00,22447760-3,Dew Point,CURRENT,°C,15.439993577476875
2026-08-31T02:00:00+00:00,22447761-1,Temperature,CURRENT,°C,16.406625976562495
2026-08-31T02:00:00+00:00,22447761-2,RH,CURRENT,%,92.48187991149767
2026-08-31T02:00:00+00:00,22447761-3,Dew Point,CURRENT,°C,15.204248438617812
2026-08-31T02:00:00+00:00,22447762-1,Temperature,CURRENT,°C,16.685478515625
2026-08-31T02:00:00+00:00,22447762-2,RH,CURRENT,%,91.22758831158923
2026-08-31T02:00:00+00:00,22447762-3,Dew Point,CURRENT,°C,15.2678136933218
2026-08-31T02:00:00+00:00,22447764-1,Temperature,CURRENT,°C,16.3637255859375
2026-08-31T02:00:00+00:00,22447764-2,RH,CURRENT,%,93.24177920195315
2026-08-31T02:00:00+00:00,22447764-3,Dew Point,CURRENT,°C,15.289213724939378
2026-08-31T02:00:00+00:00,22447765-1,Temperature,CURRENT,°C,16.513876953125
2026-08-31T02:00:00+00:00,22447765-2,RH,CURRENT,%,92.38574807354848
2026-08-31T02:00:00+00:00,22447765-3,Dew Point,CURRENT,°C,15.29442161660181
2026-08-31T02:00:00+00:00,22447766-1,Temperature,CURRENT,°C,16.642578125
2026-08-31T02:00:00+00:00,22447766-2,RH,CURRENT,%,91.71892881666285
2026-08-31T02:00:00+00:00,22447766-3,Dew Point,CURRENT,°C,15.309062248216422
2026-08-31T02:05:00+00:00,22411189-1,Temperature,CURRENT,°C,16.1492236328125
2026-08-31T02:05:00+00:00,22411189-2,RH,CURRENT,%,99.61394674601358
2026-08-31T02:05:00+00:00,22411189-3,Dew Point,CURRENT,°C,16.109367507643324
2026-08-31T02:05:00+00:00,22411190-1,Temperature,CURRENT,°C,16.342275390624998
2026-08-31T02:05:00+00:00,22411190-2,RH,CURRENT,%,95.6420233463035
2026-08-31T02:05:00+00:00,22411190-3,Dew Point,CURRENT,°C,15.664742255742965
2026-08-31T02:05:00+00:00,22411191-1,Temperature,CURRENT,°C,16.771279296875
2026-08-31T02:05:00+00:00,22411191-2,RH,CURRENT,%,96.41870756084535
2026-08-31T02:05:00+00:00,22411191-3,Dew Point,CURRENT,°C,16.21903479981142
2026-08-31T02:05:00+00:00,22411525-1,Temperature,CURRENT,°C,16.878530273437498
2026-08-31T02:05:00+00:00,22411525-2,RH,CURRENT,%,93.58205539024948
2026-08-31T02:05:00+00:00,22411525-3,Dew Point,CURRENT,°C,15.857435388150002
2026-08-31T02:05:00+00:00,22411526-1,Temperature,CURRENT,°C,15.956171874999995
2026-08-31T02:05:00+00:00,22411526-2,RH,CURRENT,%,97.79354543373769
2026-08-31T02:05:00+00:00,22411526-3,Dew Point,CURRENT,°C,15.62744346734154
2026-08-31T02:05:00+00:00,22411527-1,Temperature,CURRENT,°C,17.071582031249996
2026-08-31T02:05:00+00:00,22411527-2,RH,CURRENT,%,93.48592355230029
2026-08-31T02:05:00+00:00,22411527-3,Dew Point,CURRENT,°C,16.033093688310263
2026-08-31T02:05:00+00:00,22411528-1,Temperature,CURRENT,°C,15.913271484374995
2026-08-31T02:05:00+00:00,22411528-2,RH,CURRENT,%,99.24467841611353
2026-08-31T02:05:00+00:00,22411528-3,Dew Point,CURRENT,°C,15.814993485583205
2026-08-31T02:05:00+00:00,22411529-1,Temperature,CURRENT,°C,15.999072265624996
2026-08-31T02:05:00+00:00,22411529-2,RH,CURRENT,%,97.81643396658274
2026-08-31T02:05:00+00:00,22411529-3,Dew Point,CURRENT,°C,15.673953817300514
2026-08-31T02:05:00+00:00,22411530-1,Temperature,CURRENT,°C,16.599677734375
2026-08-31T02:05:00+00:00,22411530-2,RH,CURRENT,%,95.44518196383612
2026-08-31T02:05:00+00:00,22411530-3,Dew Point,CURRENT,°C,15.88886048082421
2026-08-31T02:05:00+00:00,22411541-S,Battery,CURRENT,V,8.244779296875
2026-08-31T02:05:00+00:00,22447758-1,Temperature,CURRENT,°C,16.406625976562495
2026-08-31T02:05:00+00:00,22447758-2,RH,CURRENT,%,92.18432898451209
2026-08-31T02:05:00+00:00,22447758-3,Dew Point,CURRENT,°C,15.154048063350137
2026-08-31T02:05:00+00:00,22447759-1,Temperature,CURRENT,°C,16.492426757812495
2026-08-31T02:05:00+00:00,22447759-2,RH,CURRENT,%,92.15228503852903
2026-08-31T02:05:00+00:00,22447759-3,Dew Point,CURRENT,°C,15.233707910663977
2026-08-31T02:05:00+00:00,22447760-1,Temperature,CURRENT,°C,16.406625976562495
2026-08-31T02:05:00+00:00,22447760-2,RH,CURRENT,%,92.91218432898451
2026-08-31T02:05:00+00:00,22447760-3,Dew Point,CURRENT,°C,15.276596001594397
2026-08-31T02:05:00+00:00,22447761-1,Temperature,CURRENT,°C,16.299374999999998
2026-08-31T02:05:00+00:00,22447761-2,RH,CURRENT,%,92.23468375677119
2026-08-31T02:05:00+00:00,22447761-3,Dew Point,CURRENT,°C,15.056198229364675
2026-08-31T02:05:00+00:00,22447762-1,Temperature,CURRENT,°C,16.4709765625
2026-08-31T02:05:00+00:00,22447762-2,RH,CURRENT,%,91.43358510719463
2026-08-31T02:05:00+00:00,22447762-3,Dew Point,CURRENT,°C,15.090498750240492
2026-08-31T02:05:00+00:00,22447764-1,Temperature,CURRENT,°C,16.2779248046875
2026-08-31T02:05:00+00:00,22447764-2,RH,CURRENT,%,93.35164415960936
2026-08-31T02:05:00+00:00,22447764-3,Dew Point,CURRENT,°C,15.222364508434389
2026-08-31T02:05:00+00:00,22447765-1,Temperature,CURRENT,°C,16.3637255859375
2026-08-31T02:05:00+00:00,22447765-2,RH,CURRENT,%,92.5658045319295
2026-08-31T02:05:00+00:00,22447765-3,Dew Point,CURRENT,°C,15.175821078365253
2026-08-31T02:05:00+00:00,22447766-1,Temperature,CURRENT,°C,16.4709765625
2026-08-31T02:05:00+00:00,22447766-2,RH,CURRENT,%,91.89288166628519
2026-08-31T02:05:00+00:00,22447766-3,Dew Point,CURRENT,°C,15.168523274446828
2026-08-31T02:10:00+00:00,22411189-1,Temperature,CURRENT,°C,16.1492236328125
2026-08-31T02:10:00+00:00,22411189-2,RH,CURRENT,%,99.75738155184253
2026-08-31T02:10:00+00:00,22411189-3,Dew Point,CURRENT,°C,16.131948994360616
2026-08-31T02:10:00+00:00,22411190-1,Temperature,CURRENT,°C,16.299374999999998
2026-08-31T02:10:00+00:00,22411190-2,RH,CURRENT,%,95.9487296864271
2026-08-31T02:10:00+00:00,22411190-3,Dew Point,CURRENT,°C,15.67206894889581
2026-08-31T02:10:00+00:00,22411191-1,Temperature,CURRENT,°C,16.792729492187497
2026-08-31T02:10:00+00:00,22411191-2,RH,CURRENT,%,97.0794232089723
2026-08-31T02:10:00+00:00,22411191-3,Dew Point,CURRENT,°C,16.347745531787908
2026-08-31T02:10:00+00:00,22411525-1,Temperature,CURRENT,°C,16.857080078125
2026-08-31T02:10:00+00:00,22411525-2,RH,CURRENT,%,94.28244449530786
2026-08-31T02:10:00+00:00,22411525-3,Dew Point,CURRENT,°C,15.952937476136695
2026-08-31T02:10:00+00:00,22411526-1,Temperature,CURRENT,°C,15.9776220703125
2026-08-31T02:10:00+00:00,22411526-2,RH,CURRENT,%,97.87899595635919
2026-08-31T02:10:00+00:00,22411526-3,Dew Point,CURRENT,°C,15.662525694464208
2026-08-31T02:10:00+00:00,22411527-1,Temperature,CURRENT,°C,16.985781249999995
2026-08-31T02:10:00+00:00,22411527-2,RH,CURRENT,%,94.24429694056612
2026-08-31T02:10:00+00:00,22411527-3,Dew Point,CURRENT,°C,16.074558520792735
2026-08-31T02:10:00+00:00,22411528-1,Temperature,CURRENT,°C,15.956171874999995
2026-08-31T02:10:00+00:00,22411528-2,RH,CURRENT,%,99.35759517814908
2026-08-31T02:10:00+00:00,22411528-3,Dew Point,CURRENT,°C,15.875732184840489
2026-08-31T02:10:00+00:00,22411529-1,Temperature,CURRENT,°C,16.0205224609375
2026-08-31T02:10:00+00:00,22411529-2,RH,CURRENT,%,98.00411993591212
2026-08-31T02:10:00+00:00,22411529-3,Dew Point,CURRENT,°C,15.725366459613433
2026-08-31T02:10:00+00:00,22411530-1,Temperature,CURRENT,°C,16.642578125
2026-08-31T02:10:00+00:00,22411530-2,RH,CURRENT,%,95.9792477302205
2026-08-31T02:10:00+00:00,22411530-3,Dew Point,CURRENT,°C,16.019052670423555
2026-08-31T02:10:00+00:00,22411541-S,Battery,CURRENT,V,8.23831787109375
2026-08-31T02:10:00+00:00,22447758-1,Temperature,CURRENT,°C,16.256474609374997
2026-08-31T02:10:00+00:00,22447758-2,RH,CURRENT,%,93.26161593041886
2026-08-31T02:10:00+00:00,22447758-3,Dew Point,CURRENT,°C,15.186029765782743
2026-08-31T02:10:00+00:00,22447759-1,Temperature,CURRENT,°C,16.342275390624998
2026-08-31T02:10:00+00:00,22447759-2,RH,CURRENT,%,93.13649195086595
2026-08-31T02:10:00+00:00,22447759-3,Dew Point,CURRENT,°C,15.250303036439497
2026-08-31T02:10:00+00:00,22447760-1,Temperature,CURRENT,°C,16.256474609374997
2026-08-31T02:10:00+00:00,22447760-2,RH,CURRENT,%,93.87502861066605
2026-08-31T02:10:00+00:00,22447760-3,Dew Point,CURRENT,°C,15.288200672831248
2026-08-31T02:10:00+00:00,22447761-1,Temperature,CURRENT,°C,16.170673828124997
2026-08-31T02:10:00+00:00,22447761-2,RH,CURRENT,%,92.78553444724193
2026-08-31T02:10:00+00:00,22447761-3,Dew Point,CURRENT,°C,15.021178950079886
2026-08-31T02:10:00+00:00,22447762-1,Temperature,CURRENT,°C,16.342275390624998
2026-08-31T02:10:00+00:00,22447762-2,RH,CURRENT,%,92.5459678034638
2026-08-31T02:10:00+00:00,22447762-3,Dew Point,CURRENT,°C,15.151202695085491
2026-08-31T02:10:00+00:00,22447764-1,Temperature,CURRENT,°C,16.127773437499997
2026-08-31T02:10:00+00:00,22447764-2,RH,CURRENT,%,93.89639124132142
2026-08-31T02:10:00+00:00,22447764-3,Dew Point,CURRENT,°C,15.163840205039516
2026-08-31T02:10:00+00:00,22447765-1,Temperature,CURRENT,°C,16.2350244140625
2026-08-31T02:10:00+00:00,22447765-2,RH,CURRENT,%,93.29365987640192
2026-08-31T02:10:00+00:00,22447765-3,Dew Point,CURRENT,°C,15.170080546085812
2026-08-31T02:10:00+00:00,22447766-1,Temperature,CURRENT,°C,16.3208251953125
2026-08-31T02:10:00+00:00,22447766-2,RH,CURRENT,%,92.64362554360265
2026-08-31T02:10:00+00:00,22447766-3,Dew Point,CURRENT,°C,15.146346910400727
2026-08-31T02:15:00+00:00,22411189-1,Temperature,CURRENT,°C,16.127773437499997
2026-08-31T02:15:00+00:00,22411189-2,RH,CURRENT,%,99.75280384527352
2026-08-31T02:15:00+00:00,22411189-3,Dew Point,CURRENT,°C,16.109750898283735
2026-08-31T02:15:00+00:00,22411190-1,Temperature,CURRENT,°C,16.2779248046875
2026-08-31T02:15:00+00:00,22411190-2,RH,CURRENT,%,95.99755855649653
2026-08-31T02:15:00+00:00,22411190-3,Dew Point,CURRENT,°C,15.658649451449127
2026-08-31T02:15:00+00:00,22411191-1,Temperature,CURRENT,°C,16.9643310546875
2026-08-31T02:15:00+00:00,22411191-2,RH,CURRENT,%,96.74067292286564
2026-08-31T02:15:00+00:00,22411191-3,Dew Point,CURRENT,°C,16.46397202207578
2026-08-31T02:15:00+00:00,22411525-1,Temperature,CURRENT,°C,17.0501318359375
2026-08-31T02:15:00+00:00,22411525-2,RH,CURRENT,%,93.88418402380407
2026-08-31T02:15:00+00:00,22411525-3,Dew Point,CURRENT,°C,16.07846380671803
2026-08-31T02:15:00+00:00,22411526-1,Temperature,CURRENT,°C,15.956171874999995
2026-08-31T02:15:00+00:00,22411526-2,RH,CURRENT,%,97.94460975051499
2026-08-31T02:15:00+00:00,22411526-3,Dew Point,CURRENT,°C,15.651575783938203
2026-08-31T02:15:00+00:00,22411527-1,Temperature,CURRENT,°C,17.200283203125004
2026-08-31T02:15:00+00:00,22411527-2,RH,CURRENT,%,93.45693141069657
2026-08-31T02:15:00+00:00,22411527-3,Dew Point,CURRENT,°C,16.156059508357394
2026-08-31T02:15:00+00:00,22411528-1,Temperature,CURRENT,°C,15.934721679687499
2026-08-31T02:15:00+00:00,22411528-2,RH,CURRENT,%,99.38048371099413
2026-08-31T02:15:00+00:00,22411528-3,Dew Point,CURRENT,°C,15.85787223664867
2026-08-31T02:15:00+00:00,22411529-1,Temperature,CURRENT,°C,15.956171874999995
2026-08-31T02:15:00+00:00,22411529-2,RH,CURRENT,%,97.98123140306706
2026-08-31T02:15:00+00:00,22411529-3,Dew Point,CURRENT,°C,15.657421128825797
2026-08-31T02:15:00+00:00,22411530-1,Temperature,CURRENT,°C,16.72837890625
2026-08-31T02:15:00+00:00,22411530-2,RH,CURRENT,%,95.68322270542458
2026-08-31T02:15:00+00:00,22411530-3,Dew Point,CURRENT,°C,16.056091439669427
2026-08-31T02:15:00+00:00,22411541-S,Battery,CURRENT,V,8.23831787109375
2026-08-31T02:15:00+00:00,22447758-1,Temperature,CURRENT,°C,16.342275390624998
2026-08-31T02:15:00+00:00,22447758-2,RH,CURRENT,%,92.85877775234607
2026-08-31T02:15:00+00:00,22447758-3,Dew Point,CURRENT,°C,15.20376653964741
2026-08-31T02:15:00+00:00,22447759-1,Temperature,CURRENT,°C,16.428076171875
2026-08-31T02:15:00+00:00,22447759-2,RH,CURRENT,%,92.84046692607004
2026-08-31T02:15:00+00:00,22447759-3,Dew Point,CURRENT,°C,15.285846666036264
2026-08-31T02:15:00+00:00,22447760-1,Temperature,CURRENT,°C,16.342275390624998
2026-08-31T02:15:00+00:00,22447760-2,RH,CURRENT,%,93.47981994354161
2026-08-31T02:15:00+00:00,22447760-3,Dew Point,CURRENT,°C,15.307666539548961
2026-08-31T02:15:00+00:00,22447761-1,Temperature,CURRENT,°C,16.1921240234375
2026-08-31T02:15:00+00:00,22447761-2,RH,CURRENT,%,93.03578240634775
2026-08-31T02:15:00+00:00,22447761-3,Dew Point,CURRENT,°C,15.084384697290238
2026-08-31T02:15:00+00:00,22447762-1,Temperature,CURRENT,°C,16.449526367187495
2026-08-31T02:15:00+00:00,22447762-2,RH,CURRENT,%,91.9829098954757
2026-08-31T02:15:00+00:00,22447762-3,Dew Point,CURRENT,°C,15.162513225158138
2026-08-31T02:15:00+00:00,22447764-1,Temperature,CURRENT,°C,16.1921240234375
2026-08-31T02:15:00+00:00,22447764-2,RH,CURRENT,%,93.87502861066605
2026-08-31T02:15:00+00:00,22447764-3,Dew Point,CURRENT,°C,15.22424848043652
2026-08-31T02:15:00+00:00,22447765-1,Temperature,CURRENT,°C,16.299374999999998
2026-08-31T02:15:00+00:00,22447765-2,RH,CURRENT,%,92.95338368810559
2026-08-31T02:15:00+00:00,22447765-3,Dew Point,CURRENT,°C,15.17705046637941
2026-08-31T02:15:00+00:00,22447766-1,Temperature,CURRENT,°C,16.428076171875
2026-08-31T02:15:00+00:00,22447766-2,RH,CURRENT,%,92.4452582589456
2026-08-31T02:15:00+00:00,22447766-3,Dew Point,CURRENT,°C,15.219354554425719
2026-08-31T02:20:00+00:00,22411189-1,Temperature,CURRENT,°C,16.170673828124997
2026-08-31T02:20:00+00:00,22411189-2,RH,CURRENT,%,99.80773632410163
2026-08-31T02:20:00+00:00,22411189-3,Dew Point,CURRENT,°C,16.161349101673807
2026-08-31T02:20:00+00:00,22411190-1,Temperature,CURRENT,°C,16.299374999999998
2026-08-31T02:20:00+00:00,22411190-2,RH,CURRENT,%,96.04333562218662
2026-08-31T02:20:00+00:00,22411190-3,Dew Point,CURRENT,°C,15.68748189684129
2026-08-31T02:20:00+00:00,22411191-1,Temperature,CURRENT,°C,17.1359326171875
2026-08-31T02:20:00+00:00,22411191-2,RH,CURRENT,%,95.81445029373617
2026-08-31T02:20:00+00:00,22411191-3,Dew Point,CURRENT,°C,16.483638517795516
2026-08-31T02:20:00+00:00,22411525-1,Temperature,CURRENT,°C,17.286083984375004
2026-08-31T02:20:00+00:00,22411525-2,RH,CURRENT,%,92.79468986037995
2026-08-31T02:20:00+00:00,22411525-3,Dew Point,CURRENT,°C,16.12961857806439
2026-08-31T02:20:00+00:00,22411526-1,Temperature,CURRENT,°C,15.9776220703125
2026-08-31T02:20:00+00:00,22411526-2,RH,CURRENT,%,98.0498970016022
2026-08-31T02:20:00+00:00,22411526-3,Dew Point,CURRENT,°C,15.689808218396442
2026-08-31T02:20:00+00:00,22411527-1,Temperature,CURRENT,°C,17.436235351562495
2026-08-31T02:20:00+00:00,22411527-2,RH,CURRENT,%,92.35370412756542
2026-08-31T02:20:00+00:00,22411527-3,Dew Point,CURRENT,°C,16.203791019321475
2026-08-31T02:20:00+00:00,22411528-1,Temperature,CURRENT,°C,15.9776220703125
2026-08-31T02:20:00+00:00,22411528-2,RH,CURRENT,%,99.44151979858091
2026-08-31T02:20:00+00:00,22411528-3,Dew Point,CURRENT,°C,15.910427478659972
2026-08-31T02:20:00+00:00,22411529-1,Temperature,CURRENT,°C,15.9776220703125
2026-08-31T02:20:00+00:00,22411529-2,RH,CURRENT,%,98.28183413443199
2026-08-31T02:20:00+00:00,22411529-3,Dew Point,CURRENT,°C,15.72676790634118
2026-08-31T02:20:00+00:00,22411530-1,Temperature,CURRENT,°C,16.771279296875
2026-08-31T02:20:00+00:00,22411530-2,RH,CURRENT,%,95.02861066605631
2026-08-31T02:20:00+00:00,22411530-3,Dew Point,CURRENT,°C,15.991152456694458
2026-08-31T02:20:00+00:00,22411541-S,Battery,CURRENT,V,8.23831787109375
2026-08-31T02:20:00+00:00,22447758-1,Temperature,CURRENT,°C,16.4709765625
2026-08-31T02:20:00+00:00,22447758-2,RH,CURRENT,%,92.33234149691005
2026-08-31T02:20:00+00:00,22447758-3,Dew Point,CURRENT,°C,15.242858521460215
2026-08-31T02:20:00+00:00,22447759-1,Temperature,CURRENT,°C,16.599677734375
2026-08-31T02:20:00+00:00,22447759-2,RH,CURRENT,%,92.34149691004806
2026-08-31T02:20:00+00:00,22447759-3,Dew Point,CURRENT,°C,15.372047466139412
2026-08-31T02:20:00+00:00,22447760-1,Temperature,CURRENT,°C,16.4709765625
2026-08-31T02:20:00+00:00,22447760-2,RH,CURRENT,%,93.11055161364156
2026-08-31T02:20:00+00:00,22447760-3,Dew Point,CURRENT,°C,15.373736146154066
2026-08-31T02:20:00+00:00,22447761-1,Temperature,CURRENT,°C,16.299374999999998
2026-08-31T02:20:00+00:00,22447761-2,RH,CURRENT,%,92.822156099794
2026-08-31T02:20:00+00:00,22447761-3,Dew Point,CURRENT,°C,15.155045312660775
2026-08-31T02:20:00+00:00,22447762-1,Temperature,CURRENT,°C,16.621127929687496
2026-08-31T02:20:00+00:00,22447762-2,RH,CURRENT,%,91.45647364003968
2026-08-31T02:20:00+00:00,22447762-3,Dew Point,CURRENT,°C,15.243135977316287
2026-08-31T02:20:00+00:00,22447764-1,Temperature,CURRENT,°C,16.3208251953125
2026-08-31T02:20:00+00:00,22447764-2,RH,CURRENT,%,93.38063630121309
2026-08-31T02:20:00+00:00,22447764-3,Dew Point,CURRENT,°C,15.269810405156582
2026-08-31T02:20:00+00:00,22447765-1,Temperature,CURRENT,°C,16.449526367187495
2026-08-31T02:20:00+00:00,22447765-2,RH,CURRENT,%,92.58258945601587
2026-08-31T02:20:00+00:00,22447765-3,Dew Point,CURRENT,°C,15.263768977332823
2026-08-31T02:20:00+00:00,22447766-1,Temperature,CURRENT,°C,16.599677734375
2026-08-31T02:20:00+00:00,22447766-2,RH,CURRENT,%,91.96154726482033
2026-08-31T02:20:00+00:00,22447766-3,Dew Point,CURRENT,°C,15.307737421737958
2026-08-31T02:25:00+00:00,22411189-1,Temperature,CURRENT,°C,16.170673828124997
2026-08-31T02:25:00+00:00,22411189-2,RH,CURRENT,%,99.74212252994583
2026-08-31T02:25:00+00:00,22411189-3,Dew Point,CURRENT,°C,16.15102562629085
2026-08-31T02:25:00+00:00,22411190-1,Temperature,CURRENT,°C,16.299374999999998
2026-08-31T02:25:00+00:00,22411190-2,RH,CURRENT,%,96.04791332875563
2026-08-31T02:25:00+00:00,22411190-3,Dew Point,CURRENT,°C,15.688227347044625
2026-08-31T02:25:00+00:00,22411191-1,Temperature,CURRENT,°C,16.985781249999995
2026-08-31T02:25:00+00:00,22411191-2,RH,CURRENT,%,95.55504692149233
2026-08-31T02:25:00+00:00,22411191-3,Dew Point,CURRENT,°C,16.291431718302917
2026-08-31T02:25:00+00:00,22411525-1,Temperature,CURRENT,°C,17.1359326171875
2026-08-31T02:25:00+00:00,22411525-2,RH,CURRENT,%,92.53376058594644
2026-08-31T02:25:00+00:00,22411525-3,Dew Point,CURRENT,°C,15.936479488981083
2026-08-31T02:25:00+00:00,22411526-1,Temperature,CURRENT,°C,15.9776220703125
2026-08-31T02:25:00+00:00,22411526-2,RH,CURRENT,%,98.05905241474022
2026-08-31T02:25:00+00:00,22411526-3,Dew Point,CURRENT,°C,15.691268605537704
2026-08-31T02:25:00+00:00,22411527-1,Temperature,CURRENT,°C,17.286083984375004
2026-08-31T02:25:00+00:00,22411527-2,RH,CURRENT,%,92.31403067063401
2026-08-31T02:25:00+00:00,22411527-3,Dew Point,CURRENT,°C,16.0481362960765
2026-08-31T02:25:00+00:00,22411528-1,Temperature,CURRENT,°C,15.999072265624996
2026-08-31T02:25:00+00:00,22411528-2,RH,CURRENT,%,99.49034866865034
2026-08-31T02:25:00+00:00,22411528-3,Dew Point,CURRENT,°C,15.939590114491647
2026-08-31T02:25:00+00:00,22411529-1,Temperature,CURRENT,°C,15.9776220703125
2026-08-31T02:25:00+00:00,22411529-2,RH,CURRENT,%,98.2513160906386
2026-08-31T02:25:00+00:00,22411529-3,Dew Point,CURRENT,°C,15.72190916028716
2026-08-31T02:25:00+00:00,22411530-1,Temperature,CURRENT,°C,16.664028320312497
2026-08-31T02:25:00+00:00,22411530-2,RH,CURRENT,%,95.32921339742123
2026-08-31T02:25:00+00:00,22411530-3,Dew Point,CURRENT,°C,15.933889531599899
2026-08-31T02:25:00+00:00,22411541-S,Battery,CURRENT,V,8.235087158203125
2026-08-31T02:25:00+00:00,22447758-1,Temperature,CURRENT,°C,16.55677734375
2026-08-31T02:25:00+00:00,22447758-2,RH,CURRENT,%,91.82269016556039
2026-08-31T02:25:00+00:00,22447758-3,Dew Point,CURRENT,°C,15.241658165709126
2026-08-31T02:25:00+00:00,22447759-1,Temperature,CURRENT,°C,16.664028320312497
2026-08-31T02:25:00+00:00,22447759-2,RH,CURRENT,%,91.71892881666285
2026-08-31T02:25:00+00:00,22447759-3,Dew Point,CURRENT,°C,15.330318345584473
2026-08-31T02:25:00+00:00,22447760-1,Temperature,CURRENT,°C,16.535327148437496
2026-08-31T02:25:00+00:00,22447760-2,RH,CURRENT,%,92.67414358739605
2026-08-31T02:25:00+00:00,22447760-3,Dew Point,CURRENT,°C,15.364310840896945
2026-08-31T02:25:00+00:00,22447761-1,Temperature,CURRENT,°C,16.38517578125
2026-08-31T02:25:00+00:00,22447761-2,RH,CURRENT,%,92.32623788815137
2026-08-31T02:25:00+00:00,22447761-3,Dew Point,CURRENT,°C,15.156733858657946
2026-08-31T02:25:00+00:00,22447762-1,Temperature,CURRENT,°C,16.642578125
2026-08-31T02:25:00+00:00,22447762-2,RH,CURRENT,%,91.01243610284581
2026-08-31T02:25:00+00:00,22447762-3,Dew Point,CURRENT,°C,15.188539602625227
2026-08-31T02:25:00+00:00,22447764-1,Temperature,CURRENT,°C,16.406625976562495
2026-08-31T02:25:00+00:00,22447764-2,RH,CURRENT,%,92.93965056839856
2026-08-31T02:25:00+00:00,22447764-3,Dew Point,CURRENT,°C,15.281203950223057
2026-08-31T02:25:00+00:00,22447765-1,Temperature,CURRENT,°C,16.513876953125
2026-08-31T02:25:00+00:00,22447765-2,RH,CURRENT,%,92.06530861371786
2026-08-31T02:25:00+00:00,22447765-3,Dew Point,CURRENT,°C,15.240258847202893
2026-08-31T02:25:00+00:00,22447766-1,Temperature,CURRENT,°C,16.642578125
2026-08-31T02:25:00+00:00,22447766-2,RH,CURRENT,%,91.47173266193637
2026-08-31T02:25:00+00:00,22447766-3,Dew Point,CURRENT,°C,15.266985202161717
2026-08-31T02:30:00+00:00,22411189-1,Temperature,CURRENT,°C,16.041972656249996
2026-08-31T02:30:00+00:00,22411189-2,RH,CURRENT,%,98.90592813000687
2026-08-31T02:30:00+00:00,22411189-3,Dew Point,CURRENT,°C,15.89020607119369
2026-08-31T02:30:00+00:00,22411190-1,Temperature,CURRENT,°C,16.170673828124997
2026-08-31T02:30:00+00:00,22411190-2,RH,CURRENT,%,95.29869535362783
2026-08-31T02:30:00+00:00,22411190-3,Dew Point,CURRENT,°C,15.43766345137675
2026-08-31T02:30:00+00:00,22411191-1,Temperature,CURRENT,°C,16.55677734375
2026-08-31T02:30:00+00:00,22411191-2,RH,CURRENT,%,95.41313801785306
2026-08-31T02:30:00+00:00,22411191-3,Dew Point,CURRENT,°C,15.840880431309866
2026-08-31T02:30:00+00:00,22411525-1,Temperature,CURRENT,°C,16.621127929687496
2026-08-31T02:30:00+00:00,22411525-2,RH,CURRENT,%,92.87098496986343
2026-08-31T02:30:00+00:00,22411525-3,Dew Point,CURRENT,°C,15.482571345747129
2026-08-31T02:30:00+00:00,22411526-1,Temperature,CURRENT,°C,15.913271484374995
2026-08-31T02:30:00+00:00,22411526-2,RH,CURRENT,%,97.76913099870298
2026-08-31T02:30:00+00:00,22411526-3,Dew Point,CURRENT,°C,15.580690926453435
2026-08-31T02:30:00+00:00,22411527-1,Temperature,CURRENT,°C,16.706928710937497
2026-08-31T02:30:00+00:00,22411527-2,RH,CURRENT,%,92.56427862973983
2026-08-31T02:30:00+00:00,22411527-3,Dew Point,CURRENT,°C,15.516048339557331
2026-08-31T02:30:00+00:00,22411528-1,Temperature,CURRENT,°C,15.870371093749995
2026-08-31T02:30:00+00:00,22411528-2,RH,CURRENT,%,99.13786526283666
2026-08-31T02:30:00+00:00,22411528-3,Dew Point,CURRENT,°C,15.755212549751175
2026-08-31T02:30:00+00:00,22411529-1,Temperature,CURRENT,°C,15.9776220703125
2026-08-31T02:30:00+00:00,22411529-2,RH,CURRENT,%,97.55397878995956
2026-08-31T02:30:00+00:00,22411529-3,Dew Point,CURRENT,°C,15.610524759806395
2026-08-31T02:30:00+00:00,22411530-1,Temperature,CURRENT,°C,16.342275390624998
2026-08-31T02:30:00+00:00,22411530-2,RH,CURRENT,%,94.68833447775998
2026-08-31T02:30:00+00:00,22411530-3,Dew Point,CURRENT,°C,15.508127462044195
2026-08-31T02:30:00+00:00,22411541-S,Battery,CURRENT,V,8.23831787109375
2026-08-31T02:30:00+00:00,22447758-1,Temperature,CURRENT,°C,16.2779248046875
2026-08-31T02:30:00+00:00,22447758-2,RH,CURRENT,%,90.6660563057908
2026-08-31T02:30:00+00:00,22447758-3,Dew Point,CURRENT,°C,14.768306459144902
2026-08-31T02:30:00+00:00,22447759-1,Temperature,CURRENT,°C,16.170673828124997
2026-08-31T02:30:00+00:00,22447759-2,RH,CURRENT,%,91.38323033493553
2026-08-31T02:30:00+00:00,22447759-3,Dew Point,CURRENT,°C,14.784468402605533
2026-08-31T02:30:00+00:00,22447760-1,Temperature,CURRENT,°C,16.535327148437496
2026-08-31T02:30:00+00:00,22447760-2,RH,CURRENT,%,91.67772945754177
2026-08-31T02:30:00+00:00,22447760-3,Dew Point,CURRENT,°C,15.195781424544148
2026-08-31T02:30:00+00:00,22447761-1,Temperature,CURRENT,°C,16.213574218749997
2026-08-31T02:30:00+00:00,22447761-2,RH,CURRENT,%,90.94834821087969
2026-08-31T02:30:00+00:00,22447761-3,Dew Point,CURRENT,°C,14.752881525018205
2026-08-31T02:30:00+00:00,22447762-1,Temperature,CURRENT,°C,16.1921240234375
2026-08-31T02:30:00+00:00,22447762-2,RH,CURRENT,%,90.85831998168918
2026-08-31T02:30:00+00:00,22447762-3,Dew Point,CURRENT,°C,14.716274846277482
2026-08-31T02:30:00+00:00,22447764-1,Temperature,CURRENT,°C,16.170673828124997
2026-08-31T02:30:00+00:00,22447764-2,RH,CURRENT,%,91.37407492179752
2026-08-31T02:30:00+00:00,22447764-3,Dew Point,CURRENT,°C,14.782912521029784
2026-08-31T02:30:00+00:00,22447765-1,Temperature,CURRENT,°C,16.256474609374997
2026-08-31T02:30:00+00:00,22447765-2,RH,CURRENT,%,90.62027924010071
2026-08-31T02:30:00+00:00,22447765-3,Dew Point,CURRENT,°C,14.739240175640345
2026-08-31T02:30:00+00:00,22447766-1,Temperature,CURRENT,°C,16.1492236328125
2026-08-31T02:30:00+00:00,22447766-2,RH,CURRENT,%,91.05516136415656
2026-08-31T02:30:00+00:00,22447766-3,Dew Point,CURRENT,°C,14.70739290788683
2026-08-31T02:35:00+00:00,22411189-1,Temperature,CURRENT,°C,15.913271484374995
2026-08-31T02:35:00+00:00,22411189-2,RH,CURRENT,%,100
2026-08-31T02:35:00+00:00,22411189-3,Dew Point,CURRENT,°C,15.933751962354242
2026-08-31T02:35:00+00:00,22411190-1,Temperature,CURRENT,°C,16.041972656249996
2026-08-31T02:35:00+00:00,22411190-2,RH,CURRENT,%,96.21423666742962
2026-08-31T02:35:00+00:00,22411190-3,Dew Point,CURRENT,°C,15.458704190487156
2026-08-31T02:35:00+00:00,22411191-1,Temperature,CURRENT,°C,16.3208251953125
2026-08-31T02:35:00+00:00,22411191-2,RH,CURRENT,%,97.54940108339055
2026-08-31T02:35:00+00:00,22411191-3,Dew Point,CURRENT,°C,15.952489592839738
2026-08-31T02:35:00+00:00,22411525-1,Temperature,CURRENT,°C,16.3637255859375
2026-08-31T02:35:00+00:00,22411525-2,RH,CURRENT,%,95.08354314488442
2026-08-31T02:35:00+00:00,22411525-3,Dew Point,CURRENT,°C,15.59454663429376
2026-08-31T02:35:00+00:00,22411526-1,Temperature,CURRENT,°C,15.741669921875001
2026-08-31T02:35:00+00:00,22411526-2,RH,CURRENT,%,97.97055008773937
2026-08-31T02:35:00+00:00,22411526-3,Dew Point,CURRENT,°C,15.441415308845688
2026-08-31T02:35:00+00:00,22411527-1,Temperature,CURRENT,°C,16.449526367187495
2026-08-31T02:35:00+00:00,22411527-2,RH,CURRENT,%,95.06828412298772
2026-08-31T02:35:00+00:00,22411527-3,Dew Point,CURRENT,°C,15.677440418321723
2026-08-31T02:35:00+00:00,22411528-1,Temperature,CURRENT,°C,15.69876953125
2026-08-31T02:35:00+00:00,22411528-2,RH,CURRENT,%,99.29045548180362
2026-08-31T02:35:00+00:00,22411528-3,Dew Point,CURRENT,°C,15.607558032691273
2026-08-31T02:35:00+00:00,22411529-1,Temperature,CURRENT,°C,15.784570312500001
2026-08-31T02:35:00+00:00,22411529-2,RH,CURRENT,%,97.16639963378347
2026-08-31T02:35:00+00:00,22411529-3,Dew Point,CURRENT,°C,15.355640413728487
2026-08-31T02:35:00+00:00,22411530-1,Temperature,CURRENT,°C,16.1921240234375
2026-08-31T02:35:00+00:00,22411530-2,RH,CURRENT,%,96.40955214770733
2026-08-31T02:35:00+00:00,22411530-3,Dew Point,CURRENT,°C,15.640081975936303
2026-08-31T02:35:00+00:00,22411541-S,Battery,CURRENT,V,8.23831787109375
2026-08-31T02:35:00+00:00,22447758-1,Temperature,CURRENT,°C,15.956171874999995
2026-08-31T02:35:00+00:00,22447758-2,RH,CURRENT,%,93.53170061799038
2026-08-31T02:35:00+00:00,22447758-3,Dew Point,CURRENT,°C,14.932777834196784
2026-08-31T02:35:00+00:00,22447759-1,Temperature,CURRENT,°C,15.9776220703125
2026-08-31T02:35:00+00:00,22447759-2,RH,CURRENT,%,94.01541161211567
2026-08-31T02:35:00+00:00,22447759-3,Dew Point,CURRENT,°C,15.034322621316665
2026-08-31T02:35:00+00:00,22447760-1,Temperature,CURRENT,°C,15.956171874999995
2026-08-31T02:35:00+00:00,22447760-2,RH,CURRENT,%,94.23208972304876
2026-08-31T02:35:00+00:00,22447760-3,Dew Point,CURRENT,°C,15.048819796434703
2026-08-31T02:35:00+00:00,22447761-1,Temperature,CURRENT,°C,15.891821289062499
2026-08-31T02:35:00+00:00,22447761-2,RH,CURRENT,%,93.20668345159075
2026-08-31T02:35:00+00:00,22447761-3,Dew Point,CURRENT,°C,14.814772665610338
2026-08-31T02:35:00+00:00,22447762-1,Temperature,CURRENT,°C,15.9776220703125
2026-08-31T02:35:00+00:00,22447762-2,RH,CURRENT,%,93.22499427786678
2026-08-31T02:35:00+00:00,22447762-3,Dew Point,CURRENT,°C,14.903021357641492
2026-08-31T02:35:00+00:00,22447764-1,Temperature,CURRENT,°C,15.891821289062499
2026-08-31T02:35:00+00:00,22447764-2,RH,CURRENT,%,94.03067063401237
2026-08-31T02:35:00+00:00,22447764-3,Dew Point,CURRENT,°C,14.951560104095048
2026-08-31T02:35:00+00:00,22447765-1,Temperature,CURRENT,°C,15.956171874999995
2026-08-31T02:35:00+00:00,22447765-2,RH,CURRENT,%,93.58052948805981
2026-08-31T02:35:00+00:00,22447765-3,Dew Point,CURRENT,°C,14.940892572745865
2026-08-31T02:35:00+00:00,22447766-1,Temperature,CURRENT,°C,15.999072265624996
2026-08-31T02:35:00+00:00,22447766-2,RH,CURRENT,%,93.39894712748912
2026-08-31T02:35:00+00:00,22447766-3,Dew Point,CURRENT,°C,14.953305541091854
2026-08-31T02:40:00+00:00,22411189-1,Temperature,CURRENT,°C,15.870371093749995
2026-08-31T02:40:00+00:00,22411189-2,RH,CURRENT,%,100
2026-08-31T02:40:00+00:00,22411189-3,Dew Point,CURRENT,°C,15.890783106704518
2026-08-31T02:40:00+00:00,22411190-1,Temperature,CURRENT,°C,16.041972656249996
2026-08-31T02:40:00+00:00,22411190-2,RH,CURRENT,%,96.37293049515526
2026-08-31T02:40:00+00:00,22411190-3,Dew Point,CURRENT,°C,15.484435941204854
2026-08-31T02:40:00+00:00,22411191-1,Temperature,CURRENT,°C,16.428076171875
2026-08-31T02:40:00+00:00,22411191-2,RH,CURRENT,%,97.77523460746166
2026-08-31T02:40:00+00:00,22411191-3,Dew Point,CURRENT,°C,16.095860674844104
2026-08-31T02:40:00+00:00,22411525-1,Temperature,CURRENT,°C,16.535327148437496
2026-08-31T02:40:00+00:00,22411525-2,RH,CURRENT,%,95.19798580910964
2026-08-31T02:40:00+00:00,22411525-3,Dew Point,CURRENT,°C,15.78418042173649
2026-08-31T02:40:00+00:00,22411526-1,Temperature,CURRENT,°C,15.677319335937497
2026-08-31T02:40:00+00:00,22411526-2,RH,CURRENT,%,97.91256580453192
2026-08-31T02:40:00+00:00,22411526-3,Dew Point,CURRENT,°C,15.367888324322665
2026-08-31T02:40:00+00:00,22411527-1,Temperature,CURRENT,°C,16.685478515625
2026-08-31T02:40:00+00:00,22411527-2,RH,CURRENT,%,95.15526054779889
2026-08-31T02:40:00+00:00,22411527-3,Dew Point,CURRENT,°C,15.926623990233162
2026-08-31T02:40:00+00:00,22411528-1,Temperature,CURRENT,°C,15.655869140625
2026-08-31T02:40:00+00:00,22411528-2,RH,CURRENT,%,99.29503318837263
2026-08-31T02:40:00+00:00,22411528-3,Dew Point,CURRENT,°C,15.565347293991975
2026-08-31T02:40:00+00:00,22411529-1,Temperature,CURRENT,°C,15.763120117187498
2026-08-31T02:40:00+00:00,22411529-2,RH,CURRENT,%,97.4212252994583
2026-08-31T02:40:00+00:00,22411529-3,Dew Point,CURRENT,°C,15.375088778982922
2026-08-31T02:40:00+00:00,22411530-1,Temperature,CURRENT,°C,16.256474609374997
2026-08-31T02:40:00+00:00,22411530-2,RH,CURRENT,%,96.31342030975814
2026-08-31T02:40:00+00:00,22411530-3,Dew Point,CURRENT,°C,15.688640456104597
2026-08-31T02:40:00+00:00,22411541-S,Battery,CURRENT,V,8.235087158203125
2026-08-31T02:40:00+00:00,22447758-1,Temperature,CURRENT,°C,15.956171874999995
2026-08-31T02:40:00+00:00,22447758-2,RH,CURRENT,%,93.82467383840695
2026-08-31T02:40:00+00:00,22447758-3,Dew Point,CURRENT,°C,14.981410656450759
2026-08-31T02:40:00+00:00,22447759-1,Temperature,CURRENT,°C,16.0205224609375
2026-08-31T02:40:00+00:00,22447759-2,RH,CURRENT,%,94.08560311284047
2026-08-31T02:40:00+00:00,22447759-3,Dew Point,CURRENT,°C,15.088582589977175
2026-08-31T02:40:00+00:00,22447760-1,Temperature,CURRENT,°C,15.956171874999995
2026-08-31T02:40:00+00:00,22447760-2,RH,CURRENT,%,94.46555275806821
2026-08-31T02:40:00+00:00,22447760-3,Dew Point,CURRENT,°C,15.08733241031507
2026-08-31T02:40:00+00:00,22447761-1,Temperature,CURRENT,°C,15.848920898437498
2026-08-31T02:40:00+00:00,22447761-2,RH,CURRENT,%,93.41725795376516
2026-08-31T02:40:00+00:00,22447761-3,Dew Point,CURRENT,°C,14.807220393092392
2026-08-31T02:40:00+00:00,22447762-1,Temperature,CURRENT,°C,16.041972656249996
2026-08-31T02:40:00+00:00,22447762-2,RH,CURRENT,%,93.48592355230029
2026-08-31T02:40:00+00:00,22447762-3,Dew Point,CURRENT,°C,15.01039348888872
2026-08-31T02:40:00+00:00,22447764-1,Temperature,CURRENT,°C,15.870371093749995
2026-08-31T02:40:00+00:00,22447764-2,RH,CURRENT,%,94.24582284275579
2026-08-31T02:40:00+00:00,22447764-3,Dew Point,CURRENT,°C,14.965775750019171
2026-08-31T02:40:00+00:00,22447765-1,Temperature,CURRENT,°C,15.9776220703125
2026-08-31T02:40:00+00:00,22447765-2,RH,CURRENT,%,93.99404898146028
2026-08-31T02:40:00+00:00,22447765-3,Dew Point,CURRENT,°C,15.030786687864499
2026-08-31T02:40:00+00:00,22447766-1,Temperature,CURRENT,°C,16.0634228515625
2026-08-31T02:40:00+00:00,22447766-2,RH,CURRENT,%,93.20973525597009
2026-08-31T02:40:00+00:00,22447766-3,Dew Point,CURRENT,°C,14.985672494505621
2026-08-31T02:45:00+00:00,22411189-1,Temperature,CURRENT,°C,15.763120117187498
2026-08-31T02:45:00+00:00,22411189-2,RH,CURRENT,%,100
2026-08-31T02:45:00+00:00,22411189-3,Dew Point,CURRENT,°C,15.78336096346681
2026-08-31T02:45:00+00:00,22411190-1,Temperature,CURRENT,°C,15.913271484374995
2026-08-31T02:45:00+00:00,22411190-2,RH,CURRENT,%,96.29663538567178
2026-08-31T02:45:00+00:00,22411190-3,Dew Point,CURRENT,°C,15.343762151740158
2026-08-31T02:45:00+00:00,22411191-1,Temperature,CURRENT,°C,16.38517578125
2026-08-31T02:45:00+00:00,22411191-2,RH,CURRENT,%,97.91103990234225
2026-08-31T02:45:00+00:00,22411191-3,Dew Point,CURRENT,°C,16.074784499988606
2026-08-31T02:45:00+00:00,22411525-1,Temperature,CURRENT,°C,16.535327148437496
2026-08-31T02:45:00+00:00,22411525-2,RH,CURRENT,%,95.03166247043565
2026-08-31T02:45:00+00:00,22411525-3,Dew Point,CURRENT,°C,15.756812828393993
2026-08-31T02:45:00+00:00,22411526-1,Temperature,CURRENT,°C,15.61296875
2026-08-31T02:45:00+00:00,22411526-2,RH,CURRENT,%,97.99343862058441
2026-08-31T02:45:00+00:00,22411526-3,Dew Point,CURRENT,°C,15.316477238616171
2026-08-31T02:45:00+00:00,22411527-1,Temperature,CURRENT,°C,16.685478515625
2026-08-31T02:45:00+00:00,22411527-2,RH,CURRENT,%,94.7524223697261
2026-08-31T02:45:00+00:00,22411527-3,Dew Point,CURRENT,°C,15.860162315689303
2026-08-31T02:45:00+00:00,22411528-1,Temperature,CURRENT,°C,15.591518554687497
2026-08-31T02:45:00+00:00,22411528-2,RH,CURRENT,%,99.38048371099413
2026-08-31T02:45:00+00:00,22411528-3,Dew Point,CURRENT,°C,15.514385033284418
2026-08-31T02:45:00+00:00,22411529-1,Temperature,CURRENT,°C,15.741669921875001
2026-08-31T02:45:00+00:00,22411529-2,RH,CURRENT,%,97.46395056076905
2026-08-31T02:45:00+00:00,22411529-3,Dew Point,CURRENT,°C,15.360513396830667
2026-08-31T02:45:00+00:00,22411530-1,Temperature,CURRENT,°C,16.1921240234375
2026-08-31T02:45:00+00:00,22411530-2,RH,CURRENT,%,96.61097123674372
2026-08-31T02:45:00+00:00,22411530-3,Dew Point,CURRENT,°C,15.672715781921474
2026-08-31T02:45:00+00:00,22411541-S,Battery,CURRENT,V,8.235087158203125
2026-08-31T02:45:00+00:00,22447758-1,Temperature,CURRENT,°C,15.913271484374995
2026-08-31T02:45:00+00:00,22447758-2,RH,CURRENT,%,93.77737087052719
2026-08-31T02:45:00+00:00,22447758-3,Dew Point,CURRENT,°C,14.930937786411196
2026-08-31T02:45:00+00:00,22447759-1,Temperature,CURRENT,°C,16.041972656249996
2026-08-31T02:45:00+00:00,22447759-2,RH,CURRENT,%,93.66903181506065
2026-08-31T02:45:00+00:00,22447759-3,Dew Point,CURRENT,°C,15.040838206744022
2026-08-31T02:45:00+00:00,22447760-1,Temperature,CURRENT,°C,15.913271484374995
2026-08-31T02:45:00+00:00,22447760-2,RH,CURRENT,%,94.3404287785153
2026-08-31T02:45:00+00:00,22447760-3,Dew Point,CURRENT,°C,15.024040907092202
2026-08-31T02:45:00+00:00,22447761-1,Temperature,CURRENT,°C,15.763120117187498
2026-08-31T02:45:00+00:00,22447761-2,RH,CURRENT,%,93.43404287785152
2026-08-31T02:45:00+00:00,22447761-3,Dew Point,CURRENT,°C,14.724789570607612
2026-08-31T02:45:00+00:00,22447762-1,Temperature,CURRENT,°C,16.041972656249996
2026-08-31T02:45:00+00:00,22447762-2,RH,CURRENT,%,93.05104142824445
2026-08-31T02:45:00+00:00,22447762-3,Dew Point,CURRENT,°C,14.937877181368291
2026-08-31T02:45:00+00:00,22447764-1,Temperature,CURRENT,°C,15.784570312500001
2026-08-31T02:45:00+00:00,22447764-2,RH,CURRENT,%,94.36484321355002
2026-08-31T02:45:00+00:00,22447764-3,Dew Point,CURRENT,°C,14.900079029481528
2026-08-31T02:45:00+00:00,22447765-1,Temperature,CURRENT,°C,15.934721679687499
2026-08-31T02:45:00+00:00,22447765-2,RH,CURRENT,%,93.74227512016479
2026-08-31T02:45:00+00:00,22447765-3,Dew Point,CURRENT,°C,14.946432280271075
2026-08-31T02:45:00+00:00,22447766-1,Temperature,CURRENT,°C,16.041972656249996
2026-08-31T02:45:00+00:00,22447766-2,RH,CURRENT,%,93.15938048371099
2026-08-31T02:45:00+00:00,22447766-3,Dew Point,CURRENT,°C,14.955970399392168
2026-08-31T02:50:00+00:00,22411189-1,Temperature,CURRENT,°C,15.69876953125
2026-08-31T02:50:00+00:00,22411189-2,RH,CURRENT,%,100
2026-08-31T02:50:00+00:00,22411189-3,Dew Point,CURRENT,°C,15.71890767470355
2026-08-31T02:50:00+00:00,22411190-1,Temperature,CURRENT,°C,15.848920898437498
2026-08-31T02:50:00+00:00,22411190-2,RH,CURRENT,%,96.53925383382925
2026-08-31T02:50:00+00:00,22411190-3,Dew Point,CURRENT,°C,15.318844022675567
2026-08-31T02:50:00+00:00,22411191-1,Temperature,CURRENT,°C,16.38517578125
2026-08-31T02:50:00+00:00,22411191-2,RH,CURRENT,%,97.5722896162356
2026-08-31T02:50:00+00:00,22411191-3,Dew Point,CURRENT,°C,16.02042431167774
2026-08-31T02:50:00+00:00,22411525-1,Temperature,CURRENT,°C,16.535327148437496
2026-08-31T02:50:00+00:00,22411525-2,RH,CURRENT,%,94.9736781872282
2026-08-31T02:50:00+00:00,22411525-3,Dew Point,CURRENT,°C,15.747261962453846
2026-08-31T02:50:00+00:00,22411526-1,Temperature,CURRENT,°C,15.570068359375
2026-08-31T02:50:00+00:00,22411526-2,RH,CURRENT,%,98.03616388189518
2026-08-31T02:50:00+00:00,22411526-3,Dew Point,CURRENT,°C,15.280411327187672
2026-08-31T02:50:00+00:00,22411527-1,Temperature,CURRENT,°C,16.706928710937497
2026-08-31T02:50:00+00:00,22411527-2,RH,CURRENT,%,95.01335164415961
2026-08-31T02:50:00+00:00,22411527-3,Dew Point,CURRENT,°C,15.924588379975967
2026-08-31T02:50:00+00:00,22411528-1,Temperature,CURRENT,°C,15.548618164062496
2026-08-31T02:50:00+00:00,22411528-2,RH,CURRENT,%,99.45983062485695
2026-08-31T02:50:00+00:00,22411528-3,Dew Point,CURRENT,°C,15.483910971068862
2026-08-31T02:50:00+00:00,22411529-1,Temperature,CURRENT,°C,15.69876953125
2026-08-31T02:50:00+00:00,22411529-2,RH,CURRENT,%,97.59517814908064
2026-08-31T02:50:00+00:00,22411529-3,Dew Point,CURRENT,°C,15.338665231865791
2026-08-31T02:50:00+00:00,22411530-1,Temperature,CURRENT,°C,16.127773437499997
2026-08-31T02:50:00+00:00,22411530-2,RH,CURRENT,%,95.86022735942626
2026-08-31T02:50:00+00:00,22411530-3,Dew Point,CURRENT,°C,15.486658426460105
2026-08-31T02:50:00+00:00,22411541-S,Battery,CURRENT,V,8.228625732421875
2026-08-31T02:50:00+00:00,22447758-1,Temperature,CURRENT,°C,15.999072265624996
2026-08-31T02:50:00+00:00,22447758-2,RH,CURRENT,%,93.95590142671854
2026-08-31T02:50:00+00:00,22447758-3,Dew Point,CURRENT,°C,15.045790582866653
2026-08-31T02:50:00+00:00,22447759-1,Temperature,CURRENT,°C,16.127773437499997
2026-08-31T02:50:00+00:00,22447759-2,RH,CURRENT,%,93.79110399023422
2026-08-31T02:50:00+00:00,22447759-3,Dew Point,CURRENT,°C,15.146366273987814
2026-08-31T02:50:00+00:00,22447760-1,Temperature,CURRENT,°C,15.9776220703125
2026-08-31T02:50:00+00:00,22447760-2,RH,CURRENT,%,94.56931410696575
2026-08-31T02:50:00+00:00,22447760-3,Dew Point,CURRENT,°C,15.125759265586929
2026-08-31T02:50:00+00:00,22447761-1,Temperature,CURRENT,°C,15.806020507812498
2026-08-31T02:50:00+00:00,22447761-2,RH,CURRENT,%,94.0794995040818
2026-08-31T02:50:00+00:00,22447761-3,Dew Point,CURRENT,°C,14.8743395673016
2026-08-31T02:50:00+00:00,22447762-1,Temperature,CURRENT,°C,16.1063232421875
2026-08-31T02:50:00+00:00,22447762-2,RH,CURRENT,%,93.06477454795147
2026-08-31T02:50:00+00:00,22447762-3,Dew Point,CURRENT,°C,15.004055975045985
2026-08-31T02:50:00+00:00,22447764-1,Temperature,CURRENT,°C,15.827470703125002
2026-08-31T02:50:00+00:00,22447764-2,RH,CURRENT,%,95.01792935072862
2026-08-31T02:50:00+00:00,22447764-3,Dew Point,CURRENT,°C,15.05002605779725
2026-08-31T02:50:00+00:00,22447765-1,Temperature,CURRENT,°C,15.9776220703125
2026-08-31T02:50:00+00:00,22447765-2,RH,CURRENT,%,93.9833676661326
2026-08-31T02:50:00+00:00,22447765-3,Dew Point,CURRENT,°C,15.02901845687499
2026-08-31T02:50:00+00:00,22447766-1,Temperature,CURRENT,°C,16.127773437499997
2026-08-31T02:50:00+00:00,22447766-2,RH,CURRENT,%,93.35164415960936
2026-08-31T02:50:00+00:00,22447766-3,Dew Point,CURRENT,°C,15.073245382357182
2026-08-31T02:55:00+00:00,22411189-1,Temperature,CURRENT,°C,15.784570312500001
2026-08-31T02:55:00+00:00,22411189-2,RH,CURRENT,%,100
2026-08-31T02:55:00+00:00,22411189-3,Dew Point,CURRENT,°C,15.804845392584458
2026-08-31T02:55:00+00:00,22411190-1,Temperature,CURRENT,°C,15.9776220703125
2026-08-31T02:55:00+00:00,22411190-2,RH,CURRENT,%,96.98329137102311
2026-08-31T02:55:00+00:00,22411190-3,Dew Point,CURRENT,°C,15.51884939002245
2026-08-31T02:55:00+00:00,22411191-1,Temperature,CURRENT,°C,16.578227539062496
2026-08-31T02:55:00+00:00,22411191-2,RH,CURRENT,%,97.73861295490958
2026-08-31T02:55:00+00:00,22411191-3,Dew Point,CURRENT,°C,16.239948505979694
2026-08-31T02:55:00+00:00,22411525-1,Temperature,CURRENT,°C,16.771279296875
2026-08-31T02:55:00+00:00,22411525-2,RH,CURRENT,%,94.51590753032731
2026-08-31T02:55:00+00:00,22411525-3,Dew Point,CURRENT,°C,15.906365713464822
2026-08-31T02:55:00+00:00,22411526-1,Temperature,CURRENT,°C,15.61296875
2026-08-31T02:55:00+00:00,22411526-2,RH,CURRENT,%,98.23147936217289
2026-08-31T02:55:00+00:00,22411526-3,Dew Point,CURRENT,°C,15.354318585630573
2026-08-31T02:55:00+00:00,22411527-1,Temperature,CURRENT,°C,16.9214306640625
2026-08-31T02:55:00+00:00,22411527-2,RH,CURRENT,%,93.95742732890821
2026-08-31T02:55:00+00:00,22411527-3,Dew Point,CURRENT,°C,15.9627838544322
2026-08-31T02:55:00+00:00,22411528-1,Temperature,CURRENT,°C,15.61296875
2026-08-31T02:55:00+00:00,22411528-2,RH,CURRENT,%,99.6383611810483
2026-08-31T02:55:00+00:00,22411528-3,Dew Point,CURRENT,°C,15.576342824477983
2026-08-31T02:55:00+00:00,22411529-1,Temperature,CURRENT,°C,15.634418945312497
2026-08-31T02:55:00+00:00,22411529-2,RH,CURRENT,%,97.88815136949721
2026-08-31T02:55:00+00:00,22411529-3,Dew Point,CURRENT,°C,15.321141948569819
2026-08-31T02:55:00+00:00,22411530-1,Temperature,CURRENT,°C,16.3208251953125
2026-08-31T02:55:00+00:00,22411530-2,RH,CURRENT,%,96.71320668345159
2026-08-31T02:55:00+00:00,22411530-3,Dew Point,CURRENT,°C,15.817632218496847
2026-08-31T02:55:00+00:00,22411541-S,Battery,CURRENT,V,8.228625732421875
2026-08-31T02:55:00+00:00,22447758-1,Temperature,CURRENT,°C,16.1921240234375
2026-08-31T02:55:00+00:00,22447758-2,RH,CURRENT,%,93.62325474937056
2026-08-31T02:55:00+00:00,22447758-3,Dew Point,CURRENT,°C,15.182404849342658
2026-08-31T02:55:00+00:00,22447759-1,Temperature,CURRENT,°C,16.2779248046875
2026-08-31T02:55:00+00:00,22447759-2,RH,CURRENT,%,93.70412756542305
2026-08-31T02:55:00+00:00,22447759-3,Dew Point,CURRENT,°C,15.2811066906678
2026-08-31T02:55:00+00:00,22447760-1,Temperature,CURRENT,°C,16.127773437499997
2026-08-31T02:55:00+00:00,22447760-2,RH,CURRENT,%,94.41367208361945
2026-08-31T02:55:00+00:00,22447760-3,Dew Point,CURRENT,°C,15.249441648799031
2026-08-31T02:55:00+00:00,22447761-1,Temperature,CURRENT,°C,15.934721679687499
2026-08-31T02:55:00+00:00,22447761-2,RH,CURRENT,%,93.98489356832226
2026-08-31T02:55:00+00:00,22447761-3,Dew Point,CURRENT,°C,14.986629780178
2026-08-31T02:55:00+00:00,22447762-1,Temperature,CURRENT,°C,16.2350244140625
2026-08-31T02:55:00+00:00,22447762-2,RH,CURRENT,%,92.89845120927748
2026-08-31T02:55:00+00:00,22447762-3,Dew Point,CURRENT,°C,15.103972570901693
2026-08-31T02:55:00+00:00,22447764-1,Temperature,CURRENT,°C,16.041972656249996
2026-08-31T02:55:00+00:00,22447764-2,RH,CURRENT,%,94.28091859311819
2026-08-31T02:55:00+00:00,22447764-3,Dew Point,CURRENT,°C,15.142197142679459
2026-08-31T02:55:00+00:00,22447765-1,Temperature,CURRENT,°C,16.1492236328125
2026-08-31T02:55:00+00:00,22447765-2,RH,CURRENT,%,93.4752422369726
2026-08-31T02:55:00+00:00,22447765-3,Dew Point,CURRENT,°C,15.115147338443524
2026-08-31T02:55:00+00:00,22447766-1,Temperature,CURRENT,°C,16.2779248046875
2026-08-31T02:55:00+00:00,22447766-2,RH,CURRENT,%,93.09987029831387
2026-08-31T02:55:00+00:00,22447766-3,Dew Point,CURRENT,°C,15.180286626049382
2026-08-31T03:00:00+00:00,22411189-1,Temperature,CURRENT,°C,15.870371093749995
2026-08-31T03:00:00+00:00,22411189-2,RH,CURRENT,%,100
2026-08-31T03:00:00+00:00,22411189-3,Dew Point,CURRENT,°C,15.890783106704518
2026-08-31T03:00:00+00:00,22411190-1,Temperature,CURRENT,°C,16.0205224609375
2026-08-31T03:00:00+00:00,22411190-2,RH,CURRENT,%,97.12520027466239
2026-08-31T03:00:00+00:00,22411190-3,Dew Point,CURRENT,°C,15.584504097498929
2026-08-31T03:00:00+00:00,22411191-1,Temperature,CURRENT,°C,16.749829101562497
2026-08-31T03:00:00+00:00,22411191-2,RH,CURRENT,%,97.30830853742275
2026-08-31T03:00:00+00:00,22411191-3,Dew Point,CURRENT,°C,16.341951377770656
2026-08-31T03:00:00+00:00,22411525-1,Temperature,CURRENT,°C,16.89998046875
2026-08-31T03:00:00+00:00,22411525-2,RH,CURRENT,%,94.0794995040818
2026-08-31T03:00:00+00:00,22411525-3,Dew Point,CURRENT,°C,15.96181419078313
2026-08-31T03:00:00+00:00,22411526-1,Temperature,CURRENT,°C,15.677319335937497
2026-08-31T03:00:00+00:00,22411526-2,RH,CURRENT,%,98.37491416800184
2026-08-31T03:00:00+00:00,22411526-3,Dew Point,CURRENT,°C,15.441404758406428
2026-08-31T03:00:00+00:00,22411527-1,Temperature,CURRENT,°C,17.0501318359375
2026-08-31T03:00:00+00:00,22411527-2,RH,CURRENT,%,93.61257343404287
2026-08-31T03:00:00+00:00,22411527-3,Dew Point,CURRENT,°C,16.033018224844238
2026-08-31T03:00:00+00:00,22411528-1,Temperature,CURRENT,°C,15.61296875
2026-08-31T03:00:00+00:00,22411528-2,RH,CURRENT,%,99.77111467154955
2026-08-31T03:00:00+00:00,22411528-3,Dew Point,CURRENT,°C,15.597150895923079
2026-08-31T03:00:00+00:00,22411529-1,Temperature,CURRENT,°C,15.570068359375
2026-08-31T03:00:00+00:00,22411529-2,RH,CURRENT,%,97.91714351110093
2026-08-31T03:00:00+00:00,22411529-3,Dew Point,CURRENT,°C,15.261474086027073
2026-08-31T03:00:00+00:00,22411530-1,Temperature,CURRENT,°C,16.535327148437496
2026-08-31T03:00:00+00:00,22411530-2,RH,CURRENT,%,96.13183794918746
2026-08-31T03:00:00+00:00,22411530-3,Dew Point,CURRENT,°C,15.937066928117076
2026-08-31T03:00:00+00:00,22411541-S,Battery,CURRENT,V,8.228625732421875
2026-08-31T03:00:00+00:00,22447758-1,Temperature,CURRENT,°C,16.342275390624998
2026-08-31T03:00:00+00:00,22447758-2,RH,CURRENT,%,92.32776379034104
2026-08-31T03:00:00+00:00,22447758-3,Dew Point,CURRENT,°C,15.114443896193915
2026-08-31T03:00:00+00:00,22447759-1,Temperature,CURRENT,°C,16.4709765625
2026-08-31T03:00:00+00:00,22447759-2,RH,CURRENT,%,92.36743724727245
2026-08-31T03:00:00+00:00,22447759-3,Dew Point,CURRENT,°C,15.24878163222607
2026-08-31T03:00:00+00:00,22447760-1,Temperature,CURRENT,°C,16.342275390624998
2026-08-31T03:00:00+00:00,22447760-2,RH,CURRENT,%,93.29213397421225
2026-08-31T03:00:00+00:00,22447760-3,Dew Point,CURRENT,°C,15.276330757355515
2026-08-31T03:00:00+00:00,22447761-1,Temperature,CURRENT,°C,16.1063232421875
2026-08-31T03:00:00+00:00,22447761-2,RH,CURRENT,%,93.2188906691081
2026-08-31T03:00:00+00:00,22447761-3,Dew Point,CURRENT,°C,15.029798357366507
2026-08-31T03:00:00+00:00,22447762-1,Temperature,CURRENT,°C,16.4709765625
2026-08-31T03:00:00+00:00,22447762-2,RH,CURRENT,%,91.69604028381781
2026-08-31T03:00:00+00:00,22447762-3,Dew Point,CURRENT,°C,15.135126158721187
2026-08-31T03:00:00+00:00,22447764-1,Temperature,CURRENT,°C,16.1492236328125
2026-08-31T03:00:00+00:00,22447764-2,RH,CURRENT,%,93.48134584573128
2026-08-31T03:00:00+00:00,22447764-3,Dew Point,CURRENT,°C,15.116163962823189
2026-08-31T03:00:00+00:00,22447765-1,Temperature,CURRENT,°C,16.2779248046875
2026-08-31T03:00:00+00:00,22447765-2,RH,CURRENT,%,92.68024719615472
2026-08-31T03:00:00+00:00,22447765-3,Dew Point,CURRENT,°C,15.109934587761286
2026-08-31T03:00:00+00:00,22447766-1,Temperature,CURRENT,°C,16.428076171875
2026-08-31T03:00:00+00:00,22447766-2,RH,CURRENT,%,92.09277485313191
2026-08-31T03:00:00+00:00,22447766-3,Dew Point,CURRENT,°C,15.159840173732542
2026-08-31T03:05:00+00:00,22411189-1,Temperature,CURRENT,°C,16.1063232421875
2026-08-31T03:05:00+00:00,22411189-2,RH,CURRENT,%,100
2026-08-31T03:05:00+00:00,22411189-3,Dew Point,CURRENT,°C,16.127111801142874
2026-08-31T03:05:00+00:00,22411190-1,Temperature,CURRENT,°C,16.256474609374997
2026-08-31T03:05:00+00:00,22411190-2,RH,CURRENT,%,96.62165255207141
2026-08-31T03:05:00+00:00,22411190-3,Dew Point,CURRENT,°C,15.73862478601181
2026-08-31T03:05:00+00:00,22411191-1,Temperature,CURRENT,°C,16.942880859374995
2026-08-31T03:05:00+00:00,22411191-2,RH,CURRENT,%,95.49858854047456
2026-08-31T03:05:00+00:00,22411191-3,Dew Point,CURRENT,°C,16.23941984000378
2026-08-31T03:05:00+00:00,22411525-1,Temperature,CURRENT,°C,17.0501318359375
2026-08-31T03:05:00+00:00,22411525-2,RH,CURRENT,%,92.56885633630884
2026-08-31T03:05:00+00:00,22411525-3,Dew Point,CURRENT,°C,15.857302441695353
2026-08-31T03:05:00+00:00,22411526-1,Temperature,CURRENT,°C,15.784570312500001
2026-08-31T03:05:00+00:00,22411526-2,RH,CURRENT,%,98.44663157091631
2026-08-31T03:05:00+00:00,22411526-3,Dew Point,CURRENT,°C,15.559995932326915
2026-08-31T03:05:00+00:00,22411527-1,Temperature,CURRENT,°C,17.178833007812493
2026-08-31T03:05:00+00:00,22411527-2,RH,CURRENT,%,92.35370412756542
2026-08-31T03:05:00+00:00,22411527-3,Dew Point,CURRENT,°C,15.948507384354873
2026-08-31T03:05:00+00:00,22411528-1,Temperature,CURRENT,°C,15.784570312500001
2026-08-31T03:05:00+00:00,22411528-2,RH,CURRENT,%,99.85809109636072
2026-08-31T03:05:00+00:00,22411528-3,Dew Point,CURRENT,°C,15.782615922717856
2026-08-31T03:05:00+00:00,22411529-1,Temperature,CURRENT,°C,15.591518554687497
2026-08-31T03:05:00+00:00,22411529-2,RH,CURRENT,%,98.64042114900435
2026-08-31T03:05:00+00:00,22411529-3,Dew Point,CURRENT,°C,15.397692611235925
2026-08-31T03:05:00+00:00,22411530-1,Temperature,CURRENT,°C,16.771279296875
2026-08-31T03:05:00+00:00,22411530-2,RH,CURRENT,%,94.33127336537729
2026-08-31T03:05:00+00:00,22411530-3,Dew Point,CURRENT,°C,15.875733652487792
2026-08-31T03:05:00+00:00,22411541-S,Battery,CURRENT,V,8.22539501953125
2026-08-31T03:05:00+00:00,22447758-1,Temperature,CURRENT,°C,16.428076171875
2026-08-31T03:05:00+00:00,22447758-2,RH,CURRENT,%,91.45799954222935
2026-08-31T03:05:00+00:00,22447758-3,Dew Point,CURRENT,°C,15.052157223633913
2026-08-31T03:05:00+00:00,22447759-1,Temperature,CURRENT,°C,16.55677734375
2026-08-31T03:05:00+00:00,22447759-2,RH,CURRENT,%,91.4656290531777
2026-08-31T03:05:00+00:00,22447759-3,Dew Point,CURRENT,°C,15.180949391108944
2026-08-31T03:05:00+00:00,22447760-1,Temperature,CURRENT,°C,16.406625976562495
2026-08-31T03:05:00+00:00,22447760-2,RH,CURRENT,%,92.49256122682536
2026-08-31T03:05:00+00:00,22447760-3,Dew Point,CURRENT,°C,15.206047868924063
2026-08-31T03:05:00+00:00,22447761-1,Temperature,CURRENT,°C,16.1921240234375
2026-08-31T03:05:00+00:00,22447761-2,RH,CURRENT,%,92.45136186770428
2026-08-31T03:05:00+00:00,22447761-3,Dew Point,CURRENT,°C,14.986333756025173
2026-08-31T03:05:00+00:00,22447762-1,Temperature,CURRENT,°C,16.55677734375
2026-08-31T03:05:00+00:00,22447762-2,RH,CURRENT,%,90.73319600213627
2026-08-31T03:05:00+00:00,22447762-3,Dew Point,CURRENT,°C,15.05576546646041
2026-08-31T03:05:00+00:00,22447764-1,Temperature,CURRENT,°C,16.256474609374997
2026-08-31T03:05:00+00:00,22447764-2,RH,CURRENT,%,92.54291599908446
2026-08-31T03:05:00+00:00,22447764-3,Dew Point,CURRENT,°C,15.065569754541709
2026-08-31T03:05:00+00:00,22447765-1,Temperature,CURRENT,°C,16.428076171875
2026-08-31T03:05:00+00:00,22447765-2,RH,CURRENT,%,91.65026321812772
2026-08-31T03:05:00+00:00,22447765-3,Dew Point,CURRENT,°C,15.084841737915735
2026-08-31T03:05:00+00:00,22447766-1,Temperature,CURRENT,°C,16.599677734375
2026-08-31T03:05:00+00:00,22447766-2,RH,CURRENT,%,91.12687876707103
2026-08-31T03:05:00+00:00,22447766-3,Dew Point,CURRENT,°C,15.165639920490998
2026-08-31T03:10:00+00:00,22411189-1,Temperature,CURRENT,°C,16.127773437499997
2026-08-31T03:10:00+00:00,22411189-2,RH,CURRENT,%,99.36827649347677
2026-08-31T03:10:00+00:00,22411189-3,Dew Point,CURRENT,°C,16.04915682810851
2026-08-31T03:10:00+00:00,22411190-1,Temperature,CURRENT,°C,16.299374999999998
2026-08-31T03:10:00+00:00,22411190-2,RH,CURRENT,%,95.71831845578699
2026-08-31T03:10:00+00:00,22411190-3,Dew Point,CURRENT,°C,15.634475159078406
2026-08-31T03:10:00+00:00,22411191-1,Temperature,CURRENT,°C,16.835629882812498
2026-08-31T03:10:00+00:00,22411191-2,RH,CURRENT,%,95.385671778439
2026-08-31T03:10:00+00:00,22411191-3,Dew Point,CURRENT,°C,16.114041184303456
2026-08-31T03:10:00+00:00,22411525-1,Temperature,CURRENT,°C,16.9214306640625
2026-08-31T03:10:00+00:00,22411525-2,RH,CURRENT,%,92.65583276112001
2026-08-31T03:10:00+00:00,22411525-3,Dew Point,CURRENT,°C,15.744316646053877
2026-08-31T03:10:00+00:00,22411526-1,Temperature,CURRENT,°C,15.827470703125002
2026-08-31T03:10:00+00:00,22411526-2,RH,CURRENT,%,98.38406958113985
2026-08-31T03:10:00+00:00,22411526-3,Dew Point,CURRENT,°C,15.592946367298165
2026-08-31T03:10:00+00:00,22411527-1,Temperature,CURRENT,°C,17.028681640624995
2026-08-31T03:10:00+00:00,22411527-2,RH,CURRENT,%,92.58258945601587
2026-08-31T03:10:00+00:00,22411527-3,Dew Point,CURRENT,°C,15.838345375261566
2026-08-31T03:10:00+00:00,22411528-1,Temperature,CURRENT,°C,15.763120117187498
2026-08-31T03:10:00+00:00,22411528-2,RH,CURRENT,%,99.74822613870451
2026-08-31T03:10:00+00:00,22411528-3,Dew Point,CURRENT,°C,15.743909244331167
2026-08-31T03:10:00+00:00,22411529-1,Temperature,CURRENT,°C,15.570068359375
2026-08-31T03:10:00+00:00,22411529-2,RH,CURRENT,%,98.46036469062334
2026-08-31T03:10:00+00:00,22411529-3,Dew Point,CURRENT,°C,15.347742057209528
2026-08-31T03:10:00+00:00,22411530-1,Temperature,CURRENT,°C,16.685478515625
2026-08-31T03:10:00+00:00,22411530-2,RH,CURRENT,%,94.20309758144504
2026-08-31T03:10:00+00:00,22411530-3,Dew Point,CURRENT,°C,15.769132510252923
2026-08-31T03:10:00+00:00,22411541-S,Battery,CURRENT,V,8.22539501953125
2026-08-31T03:10:00+00:00,22447758-1,Temperature,CURRENT,°C,16.55677734375
2026-08-31T03:10:00+00:00,22447758-2,RH,CURRENT,%,90.60654612039369
2026-08-31T03:10:00+00:00,22447758-3,Dew Point,CURRENT,°C,15.034029280778897
2026-08-31T03:10:00+00:00,22447759-1,Temperature,CURRENT,°C,16.685478515625
2026-08-31T03:10:00+00:00,22447759-2,RH,CURRENT,%,90.73319600213627
2026-08-31T03:10:00+00:00,22447759-3,Dew Point,CURRENT,°C,15.183132536392435
2026-08-31T03:10:00+00:00,22447760-1,Temperature,CURRENT,°C,16.513876953125
2026-08-31T03:10:00+00:00,22447760-2,RH,CURRENT,%,91.85473411154345
2026-08-31T03:10:00+00:00,22447760-3,Dew Point,CURRENT,°C,15.204576103761317
2026-08-31T03:10:00+00:00,22447761-1,Temperature,CURRENT,°C,16.299374999999998
2026-08-31T03:10:00+00:00,22447761-2,RH,CURRENT,%,91.76012817578393
2026-08-31T03:10:00+00:00,22447761-3,Dew Point,CURRENT,°C,14.975946414216308
2026-08-31T03:10:00+00:00,22447762-1,Temperature,CURRENT,°C,16.642578125
2026-08-31T03:10:00+00:00,22447762-2,RH,CURRENT,%,90.15182726787214
2026-08-31T03:10:00+00:00,22447762-3,Dew Point,CURRENT,°C,15.040612621335018
2026-08-31T03:10:00+00:00,22447764-1,Temperature,CURRENT,°C,16.38517578125
2026-08-31T03:10:00+00:00,22447764-2,RH,CURRENT,%,91.60906385900664
2026-08-31T03:10:00+00:00,22447764-3,Dew Point,CURRENT,°C,15.035336612414552
2026-08-31T03:10:00+00:00,22447765-1,Temperature,CURRENT,°C,16.513876953125
2026-08-31T03:10:00+00:00,22447765-2,RH,CURRENT,%,90.96208133058671
2026-08-31T03:10:00+00:00,22447765-3,Dew Point,CURRENT,°C,15.052511295365647
2026-08-31T03:10:00+00:00,22447766-1,Temperature,CURRENT,°C,16.664028320312497
2026-08-31T03:10:00+00:00,22447766-2,RH,CURRENT,%,90.43717097734036
2026-08-31T03:10:00+00:00,22447766-3,Dew Point,CURRENT,°C,15.111015299527363
2026-08-31T03:15:00+00:00,22411189-1,Temperature,CURRENT,°C,15.913271484374995
2026-08-31T03:15:00+00:00,22411189-2,RH,CURRENT,%,99.22178988326849
2026-08-31T03:15:00+00:00,22411189-3,Dew Point,CURRENT,°C,15.811382393137759
2026-08-31T03:15:00+00:00,22411190-1,Temperature,CURRENT,°C,16.1492236328125
2026-08-31T03:15:00+00:00,22411190-2,RH,CURRENT,%,95.44975967040513
2026-08-31T03:15:00+00:00,22411190-3,Dew Point,CURRENT,°C,15.441028803751813
2026-08-31T03:15:00+00:00,22411191-1,Temperature,CURRENT,°C,16.664028320312497
2026-08-31T03:15:00+00:00,22411191-2,RH,CURRENT,%,96.17761501487755
2026-08-31T03:15:00+00:00,22411191-3,Dew Point,CURRENT,°C,16.072814120528648
2026-08-31T03:15:00+00:00,22411525-1,Temperature,CURRENT,°C,16.792729492187497
2026-08-31T03:15:00+00:00,22411525-2,RH,CURRENT,%,93.2341496910048
2026-08-31T03:15:00+00:00,22411525-3,Dew Point,CURRENT,°C,15.71392095484473
2026-08-31T03:15:00+00:00,22411526-1,Temperature,CURRENT,°C,15.655869140625
2026-08-31T03:15:00+00:00,22411526-2,RH,CURRENT,%,98.22690165560388
2026-08-31T03:15:00+00:00,22411526-3,Dew Point,CURRENT,°C,15.396465758428944
2026-08-31T03:15:00+00:00,22411527-1,Temperature,CURRENT,°C,16.942880859374995
2026-08-31T03:15:00+00:00,22411527-2,RH,CURRENT,%,92.94575417715724
2026-08-31T03:15:00+00:00,22411527-3,Dew Point,CURRENT,°C,15.814501271621523
2026-08-31T03:15:00+00:00,22411528-1,Temperature,CURRENT,°C,15.570068359375
2026-08-31T03:15:00+00:00,22411528-2,RH,CURRENT,%,99.54222934309911
2026-08-31T03:15:00+00:00,22411528-3,Dew Point,CURRENT,°C,15.518315192585083
2026-08-31T03:15:00+00:00,22411529-1,Temperature,CURRENT,°C,15.4413671875
2026-08-31T03:15:00+00:00,22411529-2,RH,CURRENT,%,97.61959258411535
2026-08-31T03:15:00+00:00,22411529-3,Dew Point,CURRENT,°C,15.085518238341063
2026-08-31T03:15:00+00:00,22411530-1,Temperature,CURRENT,°C,16.428076171875
2026-08-31T03:15:00+00:00,22411530-2,RH,CURRENT,%,95.27580682078279
2026-08-31T03:15:00+00:00,22411530-3,Dew Point,CURRENT,°C,15.690189899422107
2026-08-31T03:15:00+00:00,22411541-S,Battery,CURRENT,V,8.222164306640625
2026-08-31T03:15:00+00:00,22447758-1,Temperature,CURRENT,°C,16.38517578125
2026-08-31T03:15:00+00:00,22447758-2,RH,CURRENT,%,91.95239185168231
2026-08-31T03:15:00+00:00,22447758-3,Dew Point,CURRENT,°C,15.093555898040755
2026-08-31T03:15:00+00:00,22447759-1,Temperature,CURRENT,°C,16.513876953125
2026-08-31T03:15:00+00:00,22447759-2,RH,CURRENT,%,91.74944686045625
2026-08-31T03:15:00+00:00,22447759-3,Dew Point,CURRENT,°C,15.186707828418893
2026-08-31T03:15:00+00:00,22447760-1,Temperature,CURRENT,°C,16.3637255859375
2026-08-31T03:15:00+00:00,22447760-2,RH,CURRENT,%,92.68024719615472
2026-08-31T03:15:00+00:00,22447760-3,Dew Point,CURRENT,°C,15.195069423645219
2026-08-31T03:15:00+00:00,22447761-1,Temperature,CURRENT,°C,16.213574218749997
2026-08-31T03:15:00+00:00,22447761-2,RH,CURRENT,%,92.10650797283894
2026-08-31T03:15:00+00:00,22447761-3,Dew Point,CURRENT,°C,14.94948828463335
2026-08-31T03:15:00+00:00,22447762-1,Temperature,CURRENT,°C,16.492426757812495
2026-08-31T03:15:00+00:00,22447762-2,RH,CURRENT,%,91.12230106050202
2026-08-31T03:15:00+00:00,22447762-3,Dew Point,CURRENT,°C,15.058661895001649
2026-08-31T03:15:00+00:00,22447764-1,Temperature,CURRENT,°C,16.1921240234375
2026-08-31T03:15:00+00:00,22447764-2,RH,CURRENT,%,92.68787670710307
2026-08-31T03:15:00+00:00,22447764-3,Dew Point,CURRENT,°C,15.026080234014925
2026-08-31T03:15:00+00:00,22447765-1,Temperature,CURRENT,°C,16.3208251953125
2026-08-31T03:15:00+00:00,22447765-2,RH,CURRENT,%,91.97985809109636
2026-08-31T03:15:00+00:00,22447765-3,Dew Point,CURRENT,°C,15.034413786031786
2026-08-31T03:15:00+00:00,22447766-1,Temperature,CURRENT,°C,16.449526367187495
2026-08-31T03:15:00+00:00,22447766-2,RH,CURRENT,%,91.32524605172809
2026-08-31T03:15:00+00:00,22447766-3,Dew Point,CURRENT,°C,15.050799198280698
2026-08-31T03:20:00+00:00,22411189-1,Temperature,CURRENT,°C,15.934721679687499
2026-08-31T03:20:00+00:00,22411189-2,RH,CURRENT,%,99.50560769054704
2026-08-31T03:20:00+00:00,22411189-3,Dew Point,CURRENT,°C,15.877579704280018
2026-08-31T03:20:00+00:00,22411190-1,Temperature,CURRENT,°C,16.299374999999998
2026-08-31T03:20:00+00:00,22411190-2,RH,CURRENT,%,95.81902800030518
2026-08-31T03:20:00+00:00,22411190-3,Dew Point,CURRENT,°C,15.65091662960019
2026-08-31T03:20:00+00:00,22411191-1,Temperature,CURRENT,°C,16.9214306640625
2026-08-31T03:20:00+00:00,22411191-2,RH,CURRENT,%,95.44975967040513
2026-08-31T03:20:00+00:00,22411191-3,Dew Point,CURRENT,°C,16.21002535166187
2026-08-31T03:20:00+00:00,22411525-1,Temperature,CURRENT,°C,17.0501318359375
2026-08-31T03:20:00+00:00,22411525-2,RH,CURRENT,%,92.40100709544518
2026-08-31T03:20:00+00:00,22411525-3,Dew Point,CURRENT,°C,15.828882134571574
2026-08-31T03:20:00+00:00,22411526-1,Temperature,CURRENT,°C,15.61296875
2026-08-31T03:20:00+00:00,22411526-2,RH,CURRENT,%,98.30472266727703
2026-08-31T03:20:00+00:00,22411526-3,Dew Point,CURRENT,°C,15.365945903177982
2026-08-31T03:20:00+00:00,22411527-1,Temperature,CURRENT,°C,17.200283203125004
2026-08-31T03:20:00+00:00,22411527-2,RH,CURRENT,%,91.84100099183642
2026-08-31T03:20:00+00:00,22411527-3,Dew Point,CURRENT,°C,15.882547331988007
2026-08-31T03:20:00+00:00,22411528-1,Temperature,CURRENT,°C,15.484267578125
2026-08-31T03:20:00+00:00,22411528-2,RH,CURRENT,%,99.52697032120241
2026-08-31T03:20:00+00:00,22411528-3,Dew Point,CURRENT,°C,15.430033215069239
2026-08-31T03:20:00+00:00,22411529-1,Temperature,CURRENT,°C,15.291215820312502
2026-08-31T03:20:00+00:00,22411529-2,RH,CURRENT,%,97.56771190966658
2026-08-31T03:20:00+00:00,22411529-3,Dew Point,CURRENT,°C,14.927308103727638
2026-08-31T03:20:00+00:00,22411530-1,Temperature,CURRENT,°C,16.72837890625
2026-08-31T03:20:00+00:00,22411530-2,RH,CURRENT,%,94.33127336537729
2026-08-31T03:20:00+00:00,22411530-3,Dew Point,CURRENT,°C,15.83307401890185
2026-08-31T03:20:00+00:00,22411541-S,Battery,CURRENT,V,8.21893359375
2026-08-31T03:20:00+00:00,22447758-1,Temperature,CURRENT,°C,16.535327148437496
2026-08-31T03:20:00+00:00,22447758-2,RH,CURRENT,%,90.96208133058671
2026-08-31T03:20:00+00:00,22447758-3,Dew Point,CURRENT,°C,15.07374582473229
2026-08-31T03:20:00+00:00,22447759-1,Temperature,CURRENT,°C,16.706928710937497
2026-08-31T03:20:00+00:00,22447759-2,RH,CURRENT,%,90.73777370870528
2026-08-31T03:20:00+00:00,22447759-3,Dew Point,CURRENT,°C,15.205146375811884
2026-08-31T03:20:00+00:00,22447760-1,Temperature,CURRENT,°C,16.535327148437496
2026-08-31T03:20:00+00:00,22447760-2,RH,CURRENT,%,91.88830395971618
2026-08-31T03:20:00+00:00,22447760-3,Dew Point,CURRENT,°C,15.23153050574261
2026-08-31T03:20:00+00:00,22447761-1,Temperature,CURRENT,°C,16.2350244140625
2026-08-31T03:20:00+00:00,22447761-2,RH,CURRENT,%,92.0836194399939
2026-08-31T03:20:00+00:00,22447761-3,Dew Point,CURRENT,°C,14.966890696643981
2026-08-31T03:20:00+00:00,22447762-1,Temperature,CURRENT,°C,16.72837890625
2026-08-31T03:20:00+00:00,22447762-2,RH,CURRENT,%,89.83749141680018
2026-08-31T03:20:00+00:00,22447762-3,Dew Point,CURRENT,°C,15.071081130833576
2026-08-31T03:20:00+00:00,22447764-1,Temperature,CURRENT,°C,16.256474609374997
2026-08-31T03:20:00+00:00,22447764-2,RH,CURRENT,%,92.28046082246128
2026-08-31T03:20:00+00:00,22447764-3,Dew Point,CURRENT,°C,15.02137557196457
2026-08-31T03:20:00+00:00,22447765-1,Temperature,CURRENT,°C,16.513876953125
2026-08-31T03:20:00+00:00,22447765-2,RH,CURRENT,%,91.10093842984665
2026-08-31T03:20:00+00:00,22447765-3,Dew Point,CURRENT,°C,15.076251521828588
2026-08-31T03:20:00+00:00,22447766-1,Temperature,CURRENT,°C,16.72837890625
2026-08-31T03:20:00+00:00,22447766-2,RH,CURRENT,%,90.3044174868391
2026-08-31T03:20:00+00:00,22447766-3,Dew Point,CURRENT,°C,15.151792448089
2026-08-31T03:25:00+00:00,22411189-1,Temperature,CURRENT,°C,16.170673828124997
2026-08-31T03:25:00+00:00,22411189-2,RH,CURRENT,%,99.15159838254368
2026-08-31T03:25:00+00:00,22411189-3,Dew Point,CURRENT,°C,16.05784557536
2026-08-31T03:25:00+00:00,22411190-1,Temperature,CURRENT,°C,16.4709765625
2026-08-31T03:25:00+00:00,22411190-2,RH,CURRENT,%,94.82566567483025
2026-08-31T03:25:00+00:00,22411190-3,Dew Point,CURRENT,°C,15.658827718175324
2026-08-31T03:25:00+00:00,22411191-1,Temperature,CURRENT,°C,17.178833007812493
2026-08-31T03:25:00+00:00,22411191-2,RH,CURRENT,%,93.8323033493553
2026-08-31T03:25:00+00:00,22411191-3,Dew Point,CURRENT,°C,16.197685728539923
2026-08-31T03:25:00+00:00,22411525-1,Temperature,CURRENT,°C,17.328984374999997
2026-08-31T03:25:00+00:00,22411525-2,RH,CURRENT,%,90.88578622110323
2026-08-31T03:25:00+00:00,22411525-3,Dew Point,CURRENT,°C,15.846267420353431
2026-08-31T03:25:00+00:00,22411526-1,Temperature,CURRENT,°C,15.69876953125
2026-08-31T03:25:00+00:00,22411526-2,RH,CURRENT,%,98.3566033417258
2026-08-31T03:25:00+00:00,22411526-3,Dew Point,CURRENT,°C,15.459939527432432
2026-08-31T03:25:00+00:00,22411527-1,Temperature,CURRENT,°C,17.436235351562495
2026-08-31T03:25:00+00:00,22411527-2,RH,CURRENT,%,90.43564507515069
2026-08-31T03:25:00+00:00,22411527-3,Dew Point,CURRENT,°C,15.874629778144449
2026-08-31T03:25:00+00:00,22411528-1,Temperature,CURRENT,°C,15.52716796875
2026-08-31T03:25:00+00:00,22411528-2,RH,CURRENT,%,99.62920576791028
2026-08-31T03:25:00+00:00,22411528-3,Dew Point,CURRENT,°C,15.489008546102905
2026-08-31T03:25:00+00:00,22411529-1,Temperature,CURRENT,°C,15.141064453124997
2026-08-31T03:25:00+00:00,22411529-2,RH,CURRENT,%,97.95223926146333
2026-08-31T03:25:00+00:00,22411529-3,Dew Point,CURRENT,°C,14.838465634823516
2026-08-31T03:25:00+00:00,22411530-1,Temperature,CURRENT,°C,16.985781249999995
2026-08-31T03:25:00+00:00,22411530-2,RH,CURRENT,%,92.74738689250019
2026-08-31T03:25:00+00:00,22411530-3,Dew Point,CURRENT,°C,15.82362661439787
2026-08-31T03:25:00+00:00,22411541-S,Battery,CURRENT,V,8.222164306640625
2026-08-31T03:25:00+00:00,22447758-1,Temperature,CURRENT,°C,16.4709765625
2026-08-31T03:25:00+00:00,22447758-2,RH,CURRENT,%,90.2891584649424
2026-08-31T03:25:00+00:00,22447758-3,Dew Point,CURRENT,°C,14.894580060154993
2026-08-31T03:25:00+00:00,22447759-1,Temperature,CURRENT,°C,16.621127929687496
2026-08-31T03:25:00+00:00,22447759-2,RH,CURRENT,%,90.14419775692379
2026-08-31T03:25:00+00:00,22447759-3,Dew Point,CURRENT,°C,15.018084869380733
2026-08-31T03:25:00+00:00,22447760-1,Temperature,CURRENT,°C,16.406625976562495
2026-08-31T03:25:00+00:00,22447760-2,RH,CURRENT,%,91.19707026779584
2026-08-31T03:25:00+00:00,22447760-3,Dew Point,CURRENT,°C,14.986461786142396
2026-08-31T03:25:00+00:00,22447761-1,Temperature,CURRENT,°C,16.1921240234375
2026-08-31T03:25:00+00:00,22447761-2,RH,CURRENT,%,91.04905775539788
2026-08-31T03:25:00+00:00,22447761-3,Dew Point,CURRENT,°C,14.748827316002078
2026-08-31T03:25:00+00:00,22447762-1,Temperature,CURRENT,°C,16.599677734375
2026-08-31T03:25:00+00:00,22447762-2,RH,CURRENT,%,89.39192797741664
2026-08-31T03:25:00+00:00,22447762-3,Dew Point,CURRENT,°C,14.866585332224858
2026-08-31T03:25:00+00:00,22447764-1,Temperature,CURRENT,°C,16.213574218749997
2026-08-31T03:25:00+00:00,22447764-2,RH,CURRENT,%,91.30998702983139
2026-08-31T03:25:00+00:00,22447764-3,Dew Point,CURRENT,°C,14.814507181239785
2026-08-31T03:25:00+00:00,22447765-1,Temperature,CURRENT,°C,16.406625976562495
2026-08-31T03:25:00+00:00,22447765-2,RH,CURRENT,%,90.33035782406348
2026-08-31T03:25:00+00:00,22447765-3,Dew Point,CURRENT,°C,14.838021595463648
2026-08-31T03:25:00+00:00,22447766-1,Temperature,CURRENT,°C,16.599677734375
2026-08-31T03:25:00+00:00,22447766-2,RH,CURRENT,%,89.70016021972991
2026-08-31T03:25:00+00:00,22447766-3,Dew Point,CURRENT,°C,14.920085179463207
2026-08-31T03:30:00+00:00,22411189-1,Temperature,CURRENT,°C,15.956171874999995
2026-08-31T03:30:00+00:00,22411189-2,RH,CURRENT,%,98.45120927748532
2026-08-31T03:30:00+00:00,22411189-3,Dew Point,CURRENT,°C,15.732266896044726
2026-08-31T03:30:00+00:00,22411190-1,Temperature,CURRENT,°C,16.428076171875
2026-08-31T03:30:00+00:00,22411190-2,RH,CURRENT,%,94.12222476539255
2026-08-31T03:30:00+00:00,22411190-3,Dew Point,CURRENT,°C,15.499802483823128
2026-08-31T03:30:00+00:00,22411191-1,Temperature,CURRENT,°C,17.200283203125004
2026-08-31T03:30:00+00:00,22411191-2,RH,CURRENT,%,93.20057984283207
2026-08-31T03:30:00+00:00,22411191-3,Dew Point,CURRENT,°C,16.112947449374175
2026-08-31T03:30:00+00:00,22411525-1,Temperature,CURRENT,°C,17.328984374999997
2026-08-31T03:30:00+00:00,22411525-2,RH,CURRENT,%,90.35782406347754
2026-08-31T03:30:00+00:00,22411525-3,Dew Point,CURRENT,°C,15.755065035927627
2026-08-31T03:30:00+00:00,22411526-1,Temperature,CURRENT,°C,15.52716796875
2026-08-31T03:30:00+00:00,22411526-2,RH,CURRENT,%,98.11398489356833
2026-08-31T03:30:00+00:00,22411526-3,Dew Point,CURRENT,°C,15.249914385107344
2026-08-31T03:30:00+00:00,22411527-1,Temperature,CURRENT,°C,17.436235351562495
2026-08-31T03:30:00+00:00,22411527-2,RH,CURRENT,%,90.15640497444114
2026-08-31T03:30:00+00:00,22411527-3,Dew Point,CURRENT,°C,15.826199738056582
2026-08-31T03:30:00+00:00,22411528-1,Temperature,CURRENT,°C,15.269765624999998
2026-08-31T03:30:00+00:00,22411528-2,RH,CURRENT,%,99.45067521171893
2026-08-31T03:30:00+00:00,22411528-3,Dew Point,CURRENT,°C,15.203365512980113
2026-08-31T03:30:00+00:00,22411529-1,Temperature,CURRENT,°C,15.055263671874997
2026-08-31T03:30:00+00:00,22411529-2,RH,CURRENT,%,97.7325093461509
2026-08-31T03:30:00+00:00,22411529-3,Dew Point,CURRENT,°C,14.717885523628995
2026-08-31T03:30:00+00:00,22411530-1,Temperature,CURRENT,°C,16.9214306640625
2026-08-31T03:30:00+00:00,22411530-2,RH,CURRENT,%,92.45441367208362
2026-08-31T03:30:00+00:00,22411530-3,Dew Point,CURRENT,°C,15.710269259229863
2026-08-31T03:30:00+00:00,22411541-S,Battery,CURRENT,V,8.21893359375
2026-08-31T03:30:00+00:00,22447758-1,Temperature,CURRENT,°C,16.449526367187495
2026-08-31T03:30:00+00:00,22447758-2,RH,CURRENT,%,90.73014419775693
2026-08-31T03:30:00+00:00,22447758-3,Dew Point,CURRENT,°C,14.949102633391778
2026-08-31T03:30:00+00:00,22447759-1,Temperature,CURRENT,°C,16.642578125
2026-08-31T03:30:00+00:00,22447759-2,RH,CURRENT,%,90.39139391165027
2026-08-31T03:30:00+00:00,22447759-3,Dew Point,CURRENT,°C,15.081914815863728
2026-08-31T03:30:00+00:00,22447760-1,Temperature,CURRENT,°C,16.38517578125
2026-08-31T03:30:00+00:00,22447760-2,RH,CURRENT,%,91.61211566338598
2026-08-31T03:30:00+00:00,22447760-3,Dew Point,CURRENT,°C,15.03585495933345
2026-08-31T03:30:00+00:00,22447761-1,Temperature,CURRENT,°C,16.1492236328125
2026-08-31T03:30:00+00:00,22447761-2,RH,CURRENT,%,91.59380483710994
2026-08-31T03:30:00+00:00,22447761-3,Dew Point,CURRENT,°C,14.798963029300786
2026-08-31T03:30:00+00:00,22447762-1,Temperature,CURRENT,°C,16.599677734375
2026-08-31T03:30:00+00:00,22447762-2,RH,CURRENT,%,89.7306782635233
2026-08-31T03:30:00+00:00,22447762-3,Dew Point,CURRENT,°C,14.92537341917396
2026-08-31T03:30:00+00:00,22447764-1,Temperature,CURRENT,°C,16.213574218749997
2026-08-31T03:30:00+00:00,22447764-2,RH,CURRENT,%,92.0485236896315
2026-08-31T03:30:00+00:00,22447764-3,Dew Point,CURRENT,°C,14.939696690358351
2026-08-31T03:30:00+00:00,22447765-1,Temperature,CURRENT,°C,16.449526367187495
2026-08-31T03:30:00+00:00,22447765-2,RH,CURRENT,%,90.9178301670863
2026-08-31T03:30:00+00:00,22447765-3,Dew Point,CURRENT,°C,14.981239152861647
2026-08-31T03:30:00+00:00,22447766-1,Temperature,CURRENT,°C,16.664028320312497
2026-08-31T03:30:00+00:00,22447766-2,RH,CURRENT,%,89.96871900511177
2026-08-31T03:30:00+00:00,22447766-3,Dew Point,CURRENT,°C,15.030184826388561
2026-08-31T03:35:00+00:00,22411189-1,Temperature,CURRENT,°C,15.934721679687499
2026-08-31T03:35:00+00:00,22411189-2,RH,CURRENT,%,99.24315251392386
2026-08-31T03:35:00+00:00,22411189-3,Dew Point,CURRENT,°C,15.836217040135843
2026-08-31T03:35:00+00:00,22411190-1,Temperature,CURRENT,°C,16.3637255859375
2026-08-31T03:35:00+00:00,22411190-2,RH,CURRENT,%,94.63340199893187
2026-08-31T03:35:00+00:00,22411190-3,Dew Point,CURRENT,°C,15.520402872441112
2026-08-31T03:35:00+00:00,22411191-1,Temperature,CURRENT,°C,17.0072314453125
2026-08-31T03:35:00+00:00,22411191-2,RH,CURRENT,%,94.2046234836347
2026-08-31T03:35:00+00:00,22411191-3,Dew Point,CURRENT,°C,16.089279260726443
2026-08-31T03:35:00+00:00,22411525-1,Temperature,CURRENT,°C,17.0930322265625
2026-08-31T03:35:00+00:00,22411525-2,RH,CURRENT,%,91.34660868238346
2026-08-31T03:35:00+00:00,22411525-3,Dew Point,CURRENT,°C,15.691798981867285
2026-08-31T03:35:00+00:00,22411526-1,Temperature,CURRENT,°C,15.52716796875
2026-08-31T03:35:00+00:00,22411526-2,RH,CURRENT,%,98.19638361181049
2026-08-31T03:35:00+00:00,22411526-3,Dew Point,CURRENT,°C,15.262999437323137
2026-08-31T03:35:00+00:00,22411527-1,Temperature,CURRENT,°C,17.2217333984375
2026-08-31T03:35:00+00:00,22411527-2,RH,CURRENT,%,91.16044861524377
2026-08-31T03:35:00+00:00,22411527-3,Dew Point,CURRENT,°C,15.787332755850354
2026-08-31T03:35:00+00:00,22411528-1,Temperature,CURRENT,°C,15.355566406249999
2026-08-31T03:35:00+00:00,22411528-2,RH,CURRENT,%,99.61852445258259
2026-08-31T03:35:00+00:00,22411528-3,Dew Point,CURRENT,°C,15.315539811884895
2026-08-31T03:35:00+00:00,22411529-1,Temperature,CURRENT,°C,15.0338134765625
2026-08-31T03:35:00+00:00,22411529-2,RH,CURRENT,%,98.13992523079271
2026-08-31T03:35:00+00:00,22411529-3,Dew Point,CURRENT,°C,14.761034431744976
2026-08-31T03:35:00+00:00,22411530-1,Temperature,CURRENT,°C,16.771279296875
2026-08-31T03:35:00+00:00,22411530-2,RH,CURRENT,%,93.64003967345693
2026-08-31T03:35:00+00:00,22411530-3,Dew Point,CURRENT,°C,15.760584676103587
2026-08-31T03:35:00+00:00,22411541-S,Battery,CURRENT,V,8.21893359375
2026-08-31T03:35:00+00:00,22447758-1,Temperature,CURRENT,°C,16.535327148437496
2026-08-31T03:35:00+00:00,22447758-2,RH,CURRENT,%,90.58823529411765
2026-08-31T03:35:00+00:00,22447758-3,Dew Point,CURRENT,°C,15.00966075361104
2026-08-31T03:35:00+00:00,22447759-1,Temperature,CURRENT,°C,16.749829101562497
2026-08-31T03:35:00+00:00,22447759-2,RH,CURRENT,%,90.15793087663081
2026-08-31T03:35:00+00:00,22447759-3,Dew Point,CURRENT,°C,15.147721817879052
2026-08-31T03:35:00+00:00,22447760-1,Temperature,CURRENT,°C,16.513876953125
2026-08-31T03:35:00+00:00,22447760-2,RH,CURRENT,%,91.4854657816434
2026-08-31T03:35:00+00:00,22447760-3,Dew Point,CURRENT,°C,15.141828486791683
2026-08-31T03:35:00+00:00,22447761-1,Temperature,CURRENT,°C,16.2350244140625
2026-08-31T03:35:00+00:00,22447761-2,RH,CURRENT,%,91.66857404440375
2026-08-31T03:35:00+00:00,22447761-3,Dew Point,CURRENT,°C,14.896656855824027
2026-08-31T03:35:00+00:00,22447762-1,Temperature,CURRENT,°C,16.706928710937497
2026-08-31T03:35:00+00:00,22447762-2,RH,CURRENT,%,89.64980544747081
2026-08-31T03:35:00+00:00,22447762-3,Dew Point,CURRENT,°C,15.017338307631181
2026-08-31T03:35:00+00:00,22447764-1,Temperature,CURRENT,°C,16.299374999999998
2026-08-31T03:35:00+00:00,22447764-2,RH,CURRENT,%,91.95544365606165
2026-08-31T03:35:00+00:00,22447764-3,Dew Point,CURRENT,°C,15.009020068558414
2026-08-31T03:35:00+00:00,22447765-1,Temperature,CURRENT,°C,16.535327148437496
2026-08-31T03:35:00+00:00,22447765-2,RH,CURRENT,%,90.75303273060197
2026-08-31T03:35:00+00:00,22447765-3,Dew Point,CURRENT,°C,15.037939026773357
2026-08-31T03:35:00+00:00,22447766-1,Temperature,CURRENT,°C,16.72837890625
2026-08-31T03:35:00+00:00,22447766-2,RH,CURRENT,%,89.83291371023117
2026-08-31T03:35:00+00:00,22447766-3,Dew Point,CURRENT,°C,15.070288024366599
2026-08-31T03:40:00+00:00,22411189-1,Temperature,CURRENT,°C,16.0205224609375
2026-08-31T03:40:00+00:00,22411189-2,RH,CURRENT,%,99.30418860151065
2026-08-31T03:40:00+00:00,22411189-3,Dew Point,CURRENT,°C,15.931708400198405
2026-08-31T03:40:00+00:00,22411190-1,Temperature,CURRENT,°C,16.428076171875
2026-08-31T03:40:00+00:00,22411190-2,RH,CURRENT,%,94.41367208361945
2026-08-31T03:40:00+00:00,22411190-3,Dew Point,CURRENT,°C,15.548095306058888
2026-08-31T03:40:00+00:00,22411191-1,Temperature,CURRENT,°C,17.1359326171875
2026-08-31T03:40:00+00:00,22411191-2,RH,CURRENT,%,93.56221866178377
2026-08-31T03:40:00+00:00,22411191-3,Dew Point,CURRENT,°C,16.109812318512624
2026-08-31T03:40:00+00:00,22411525-1,Temperature,CURRENT,°C,17.2217333984375
2026-08-31T03:40:00+00:00,22411525-2,RH,CURRENT,%,90.88426031891356
2026-08-31T03:40:00+00:00,22411525-3,Dew Point,CURRENT,°C,15.739846778570152
2026-08-31T03:40:00+00:00,22411526-1,Temperature,CURRENT,°C,15.591518554687497
2026-08-31T03:40:00+00:00,22411526-2,RH,CURRENT,%,98.31845578698406
2026-08-31T03:40:00+00:00,22411526-3,Dew Point,CURRENT,°C,15.346685644683145
2026-08-31T03:40:00+00:00,22411527-1,Temperature,CURRENT,°C,17.3075341796875
2026-08-31T03:40:00+00:00,22411527-2,RH,CURRENT,%,90.76218814373999
2026-08-31T03:40:00+00:00,22411527-3,Dew Point,CURRENT,°C,15.803730307270575
2026-08-31T03:40:00+00:00,22411528-1,Temperature,CURRENT,°C,15.377016601562495
2026-08-31T03:40:00+00:00,22411528-2,RH,CURRENT,%,99.70092317082475
2026-08-31T03:40:00+00:00,22411528-3,Dew Point,CURRENT,°C,15.349910501214517
2026-08-31T03:40:00+00:00,22411529-1,Temperature,CURRENT,°C,15.0767138671875
2026-08-31T03:40:00+00:00,22411529-2,RH,CURRENT,%,98.68009460593576
2026-08-31T03:40:00+00:00,22411529-3,Dew Point,CURRENT,°C,14.889184929149364
2026-08-31T03:40:00+00:00,22411530-1,Temperature,CURRENT,°C,16.985781249999995
2026-08-31T03:40:00+00:00,22411530-2,RH,CURRENT,%,92.61463340199893
2026-08-31T03:40:00+00:00,22411530-3,Dew Point,CURRENT,°C,15.801201719931434
2026-08-31T03:40:00+00:00,22411541-S,Battery,CURRENT,V,8.21893359375
2026-08-31T03:40:00+00:00,22447758-1,Temperature,CURRENT,°C,16.771279296875
2026-08-31T03:40:00+00:00,22447758-2,RH,CURRENT,%,89.37972075989929
2026-08-31T03:40:00+00:00,22447758-3,Dew Point,CURRENT,°C,15.03397141350646
2026-08-31T03:40:00+00:00,22447759-1,Temperature,CURRENT,°C,16.985781249999995
2026-08-31T03:40:00+00:00,22447759-2,RH,CURRENT,%,89.0272373540856
2026-08-31T03:40:00+00:00,22447759-3,Dew Point,CURRENT,°C,15.184282397690456
2026-08-31T03:40:00+00:00,22447760-1,Temperature,CURRENT,°C,16.771279296875
2026-08-31T03:40:00+00:00,22447760-2,RH,CURRENT,%,90.55008773937591
2026-08-31T03:40:00+00:00,22447760-3,Dew Point,CURRENT,°C,15.23655626553489
2026-08-31T03:40:00+00:00,22447761-1,Temperature,CURRENT,°C,16.428076171875
2026-08-31T03:40:00+00:00,22447761-2,RH,CURRENT,%,91.23369192034791
2026-08-31T03:40:00+00:00,22447761-3,Dew Point,CURRENT,°C,15.013949055552681
2026-08-31T03:40:00+00:00,22447762-1,Temperature,CURRENT,°C,17.0072314453125
2026-08-31T03:40:00+00:00,22447762-2,RH,CURRENT,%,88.25207904173342
2026-08-31T03:40:00+00:00,22447762-3,Dew Point,CURRENT,°C,15.069276815400638
2026-08-31T03:40:00+00:00,22447764-1,Temperature,CURRENT,°C,16.449526367187495
2026-08-31T03:40:00+00:00,22447764-2,RH,CURRENT,%,91.5205615320058
2026-08-31T03:40:00+00:00,22447764-3,Dew Point,CURRENT,°C,15.084049891722042
2026-08-31T03:40:00+00:00,22447765-1,Temperature,CURRENT,°C,16.749829101562497
2026-08-31T03:40:00+00:00,22447765-2,RH,CURRENT,%,89.82223239490348
2026-08-31T03:40:00+00:00,22447765-3,Dew Point,CURRENT,°C,15.089638658528363
2026-08-31T03:40:00+00:00,22447766-1,Temperature,CURRENT,°C,16.985781249999995
2026-08-31T03:40:00+00:00,22447766-2,RH,CURRENT,%,88.8212405584802
2026-08-31T03:40:00+00:00,22447766-3,Dew Point,CURRENT,°C,15.148199709346246
2026-08-31T03:45:00+00:00,22411189-1,Temperature,CURRENT,°C,16.041972656249996
2026-08-31T03:45:00+00:00,22411189-2,RH,CURRENT,%,99.10124361028458
2026-08-31T03:45:00+00:00,22411189-3,Dew Point,CURRENT,°C,15.921114750446456
2026-08-31T03:45:00+00:00,22411190-1,Temperature,CURRENT,°C,16.449526367187495
2026-08-31T03:45:00+00:00,22411190-2,RH,CURRENT,%,93.96963454642557
2026-08-31T03:45:00+00:00,22411190-3,Dew Point,CURRENT,°C,15.495785880559543
2026-08-31T03:45:00+00:00,22411191-1,Temperature,CURRENT,°C,17.1359326171875
2026-08-31T03:45:00+00:00,22411191-2,RH,CURRENT,%,93.38826581216144
2026-08-31T03:45:00+00:00,22411191-3,Dew Point,CURRENT,°C,16.080612604010845
2026-08-31T03:45:00+00:00,22411525-1,Temperature,CURRENT,°C,17.2217333984375
2026-08-31T03:45:00+00:00,22411525-2,RH,CURRENT,%,90.69352254520486
2026-08-31T03:45:00+00:00,22411525-3,Dew Point,CURRENT,°C,15.70697870077179
2026-08-31T03:45:00+00:00,22411526-1,Temperature,CURRENT,°C,15.61296875
2026-08-31T03:45:00+00:00,22411526-2,RH,CURRENT,%,98.3566033417258
2026-08-31T03:45:00+00:00,22411526-3,Dew Point,CURRENT,°C,15.374177325413328
2026-08-31T03:45:00+00:00,22411527-1,Temperature,CURRENT,°C,17.3075341796875
2026-08-31T03:45:00+00:00,22411527-2,RH,CURRENT,%,90.59128709849699
2026-08-31T03:45:00+00:00,22411527-3,Dew Point,CURRENT,°C,15.774228826995328
2026-08-31T03:45:00+00:00,22411528-1,Temperature,CURRENT,°C,15.484267578125
2026-08-31T03:45:00+00:00,22411528-2,RH,CURRENT,%,99.90386816205081
2026-08-31T03:45:00+00:00,22411528-3,Dew Point,CURRENT,°C,15.489043418698518
2026-08-31T03:45:00+00:00,22411529-1,Temperature,CURRENT,°C,15.1625146484375
2026-08-31T03:45:00+00:00,22411529-2,RH,CURRENT,%,98.74418249790189
2026-08-31T03:45:00+00:00,22411529-3,Dew Point,CURRENT,°C,14.985079925391705
2026-08-31T03:45:00+00:00,22411530-1,Temperature,CURRENT,°C,16.9643310546875
2026-08-31T03:45:00+00:00,22411530-2,RH,CURRENT,%,92.38269626916914
2026-08-31T03:45:00+00:00,22411530-3,Dew Point,CURRENT,°C,15.740680157006654
2026-08-31T03:45:00+00:00,22411541-S,Battery,CURRENT,V,8.209241455078125
2026-08-31T03:45:00+00:00,22447758-1,Temperature,CURRENT,°C,16.792729492187497
2026-08-31T03:45:00+00:00,22447758-2,RH,CURRENT,%,89.24696726939803
2026-08-31T03:45:00+00:00,22447758-3,Dew Point,CURRENT,°C,15.032030305080887
2026-08-31T03:45:00+00:00,22447759-1,Temperature,CURRENT,°C,16.9643310546875
2026-08-31T03:45:00+00:00,22447759-2,RH,CURRENT,%,88.94483863584344
2026-08-31T03:45:00+00:00,22447759-3,Dew Point,CURRENT,°C,15.14868265516571
2026-08-31T03:45:00+00:00,22447760-1,Temperature,CURRENT,°C,16.749829101562497
2026-08-31T03:45:00+00:00,22447760-2,RH,CURRENT,%,90.26321812771802
2026-08-31T03:45:00+00:00,22447760-3,Dew Point,CURRENT,°C,15.165899745978066
2026-08-31T03:45:00+00:00,22447761-1,Temperature,CURRENT,°C,16.513876953125
2026-08-31T03:45:00+00:00,22447761-2,RH,CURRENT,%,90.32272831311514
2026-08-31T03:45:00+00:00,22447761-3,Dew Point,CURRENT,°C,14.942790190751728
2026-08-31T03:45:00+00:00,22447762-1,Temperature,CURRENT,°C,16.942880859374995
2026-08-31T03:45:00+00:00,22447762-2,RH,CURRENT,%,88.28412298771649
2026-08-31T03:45:00+00:00,22447762-3,Dew Point,CURRENT,°C,15.01145911846619
2026-08-31T03:45:00+00:00,22447764-1,Temperature,CURRENT,°C,16.599677734375
2026-08-31T03:45:00+00:00,22447764-2,RH,CURRENT,%,90.56839856565195
2026-08-31T03:45:00+00:00,22447764-3,Dew Point,CURRENT,°C,15.06992328930762
2026-08-31T03:45:00+00:00,22447765-1,Temperature,CURRENT,°C,16.792729492187497
2026-08-31T03:45:00+00:00,22447765-2,RH,CURRENT,%,89.30189974822613
2026-08-31T03:45:00+00:00,22447765-3,Dew Point,CURRENT,°C,15.041604798717565
2026-08-31T03:45:00+00:00,22447766-1,Temperature,CURRENT,°C,16.9643310546875
2026-08-31T03:45:00+00:00,22447766-2,RH,CURRENT,%,88.60914015411612
2026-08-31T03:45:00+00:00,22447766-3,Dew Point,CURRENT,°C,15.089805554607029
2026-08-31T03:50:00+00:00,22411189-1,Temperature,CURRENT,°C,15.827470703125002
2026-08-31T03:50:00+00:00,22411189-2,RH,CURRENT,%,97.54634927901121
2026-08-31T03:50:00+00:00,22411189-3,Dew Point,CURRENT,°C,15.459371853107752
2026-08-31T03:50:00+00:00,22411190-1,Temperature,CURRENT,°C,16.1492236328125
2026-08-31T03:50:00+00:00,22411190-2,RH,CURRENT,%,92.79316395819028
2026-08-31T03:50:00+00:00,22411190-3,Dew Point,CURRENT,°C,15.001171187731174
2026-08-31T03:50:00+00:00,22411191-1,Temperature,CURRENT,°C,16.599677734375
2026-08-31T03:50:00+00:00,22411191-2,RH,CURRENT,%,93.45845731288624
2026-08-31T03:50:00+00:00,22411191-3,Dew Point,CURRENT,°C,15.559769162360666
2026-08-31T03:50:00+00:00,22411525-1,Temperature,CURRENT,°C,16.664028320312497
2026-08-31T03:50:00+00:00,22411525-2,RH,CURRENT,%,91.13603418020905
2026-08-31T03:50:00+00:00,22411525-3,Dew Point,CURRENT,°C,15.23092302322932
2026-08-31T03:50:00+00:00,22411526-1,Temperature,CURRENT,°C,15.462817382812496
2026-08-31T03:50:00+00:00,22411526-2,RH,CURRENT,%,97.83932249942778
2026-08-31T03:50:00+00:00,22411526-3,Dew Point,CURRENT,°C,15.141947886813897
2026-08-31T03:50:00+00:00,22411527-1,Temperature,CURRENT,°C,16.72837890625
2026-08-31T03:50:00+00:00,22411527-2,RH,CURRENT,%,91.15129320210575
2026-08-31T03:50:00+00:00,22411527-3,Dew Point,CURRENT,°C,15.297251485623944
2026-08-31T03:50:00+00:00,22411528-1,Temperature,CURRENT,°C,15.291215820312502
2026-08-31T03:50:00+00:00,22411528-2,RH,CURRENT,%,99.43541618982223
2026-08-31T03:50:00+00:00,22411528-3,Dew Point,CURRENT,°C,15.222444212161752
2026-08-31T03:50:00+00:00,22411529-1,Temperature,CURRENT,°C,15.183964843749997
2026-08-31T03:50:00+00:00,22411529-2,RH,CURRENT,%,98.25436789501794
2026-08-31T03:50:00+00:00,22411529-3,Dew Point,CURRENT,°C,14.92919591387594
2026-08-31T03:50:00+00:00,22411530-1,Temperature,CURRENT,°C,16.38517578125
2026-08-31T03:50:00+00:00,22411530-2,RH,CURRENT,%,91.94171053635462
2026-08-31T03:50:00+00:00,22411530-3,Dew Point,CURRENT,°C,15.091747506344042
2026-08-31T03:50:00+00:00,22411541-S,Battery,CURRENT,V,8.209241455078125
2026-08-31T03:50:00+00:00,22447758-1,Temperature,CURRENT,°C,16.1063232421875
2026-08-31T03:50:00+00:00,22447758-2,RH,CURRENT,%,88.22919050888838
2026-08-31T03:50:00+00:00,22447758-3,Dew Point,CURRENT,°C,14.17673211421413
2026-08-31T03:50:00+00:00,22447759-1,Temperature,CURRENT,°C,16.2779248046875
2026-08-31T03:50:00+00:00,22447759-2,RH,CURRENT,%,88.27038986800946
2026-08-31T03:50:00+00:00,22447759-3,Dew Point,CURRENT,°C,14.353200228141977
2026-08-31T03:50:00+00:00,22447760-1,Temperature,CURRENT,°C,16.170673828124997
2026-08-31T03:50:00+00:00,22447760-2,RH,CURRENT,%,89.08522163729305
2026-08-31T03:50:00+00:00,22447760-3,Dew Point,CURRENT,°C,14.389583894249268
2026-08-31T03:50:00+00:00,22447761-1,Temperature,CURRENT,°C,16.0634228515625
2026-08-31T03:50:00+00:00,22447761-2,RH,CURRENT,%,88.60456244754711
2026-08-31T03:50:00+00:00,22447761-3,Dew Point,CURRENT,°C,14.200027567797477
2026-08-31T03:50:00+00:00,22447762-1,Temperature,CURRENT,°C,16.2779248046875
2026-08-31T03:50:00+00:00,22447762-2,RH,CURRENT,%,87.47386892500191
2026-08-31T03:50:00+00:00,22447762-3,Dew Point,CURRENT,°C,14.212993618016379
2026-08-31T03:50:00+00:00,22447764-1,Temperature,CURRENT,°C,15.999072265624996
2026-08-31T03:50:00+00:00,22447764-2,RH,CURRENT,%,89.22255283436331
2026-08-31T03:50:00+00:00,22447764-3,Dew Point,CURRENT,°C,14.243954971372387
2026-08-31T03:50:00+00:00,22447765-1,Temperature,CURRENT,°C,16.127773437499997
2026-08-31T03:50:00+00:00,22447765-2,RH,CURRENT,%,88.2429236285954
2026-08-31T03:50:00+00:00,22447765-3,Dew Point,CURRENT,°C,14.200293390213218
2026-08-31T03:50:00+00:00,22447766-1,Temperature,CURRENT,°C,16.2350244140625
2026-08-31T03:50:00+00:00,22447766-2,RH,CURRENT,%,87.95605401693751
2026-08-31T03:50:00+00:00,22447766-3,Dew Point,CURRENT,°C,14.255708182695614
2026-08-31T03:55:00+00:00,22411189-1,Temperature,CURRENT,°C,15.61296875
2026-08-31T03:55:00+00:00,22411189-2,RH,CURRENT,%,98.89524681467918
2026-08-31T03:55:00+00:00,22411189-3,Dew Point,CURRENT,°C,15.45941468542702
2026-08-31T03:55:00+00:00,22411190-1,Temperature,CURRENT,°C,15.848920898437498
2026-08-31T03:55:00+00:00,22411190-2,RH,CURRENT,%,94.52811474784467
2026-08-31T03:55:00+00:00,22411190-3,Dew Point,CURRENT,°C,14.990959532893807
2026-08-31T03:55:00+00:00,22411191-1,Temperature,CURRENT,°C,16.170673828124997
2026-08-31T03:55:00+00:00,22411191-2,RH,CURRENT,%,96.28595407034409
2026-08-31T03:55:00+00:00,22411191-3,Dew Point,CURRENT,°C,15.598642894401214
2026-08-31T03:55:00+00:00,22411525-1,Temperature,CURRENT,°C,16.2779248046875
2026-08-31T03:55:00+00:00,22411525-2,RH,CURRENT,%,93.84603646906233
2026-08-31T03:55:00+00:00,22411525-3,Dew Point,CURRENT,°C,15.304701454615698
2026-08-31T03:55:00+00:00,22411526-1,Temperature,CURRENT,°C,15.291215820312502
2026-08-31T03:55:00+00:00,22411526-2,RH,CURRENT,%,98.06363012130923
2026-08-31T03:55:00+00:00,22411526-3,Dew Point,CURRENT,°C,15.006153318872041
2026-08-31T03:55:00+00:00,22411527-1,Temperature,CURRENT,°C,16.406625976562495
2026-08-31T03:55:00+00:00,22411527-2,RH,CURRENT,%,93.60494392309452
2026-08-31T03:55:00+00:00,22411527-3,Dew Point,CURRENT,°C,15.392455607771598
2026-08-31T03:55:00+00:00,22411528-1,Temperature,CURRENT,°C,15.183964843749997
2026-08-31T03:55:00+00:00,22411528-2,RH,CURRENT,%,99.70550087739376
2026-08-31T03:55:00+00:00,22411528-3,Dew Point,CURRENT,°C,15.157337056652446
2026-08-31T03:55:00+00:00,22411529-1,Temperature,CURRENT,°C,15.226865234374998
2026-08-31T03:55:00+00:00,22411529-2,RH,CURRENT,%,98.63889524681468
2026-08-31T03:55:00+00:00,22411529-3,Dew Point,CURRENT,°C,15.032832356300197
2026-08-31T03:55:00+00:00,22411530-1,Temperature,CURRENT,°C,15.999072265624996
2026-08-31T03:55:00+00:00,22411530-2,RH,CURRENT,%,95.04692149233234
2026-08-31T03:55:00+00:00,22411530-3,Dew Point,CURRENT,°C,15.22557524020719
2026-08-31T03:55:00+00:00,22411541-S,Battery,CURRENT,V,8.209241455078125
2026-08-31T03:55:00+00:00,22447758-1,Temperature,CURRENT,°C,15.677319335937497
2026-08-31T03:55:00+00:00,22447758-2,RH,CURRENT,%,91.75555046921492
2026-08-31T03:55:00+00:00,22447758-3,Dew Point,CURRENT,°C,14.358696021981224
2026-08-31T03:55:00+00:00,22447759-1,Temperature,CURRENT,°C,15.763120117187498
2026-08-31T03:55:00+00:00,22447759-2,RH,CURRENT,%,91.7265583276112
2026-08-31T03:55:00+00:00,22447759-3,Dew Point,CURRENT,°C,14.4388337558917
2026-08-31T03:55:00+00:00,22447760-1,Temperature,CURRENT,°C,15.69876953125
2026-08-31T03:55:00+00:00,22447760-2,RH,CURRENT,%,92.34149691004806
2026-08-31T03:55:00+00:00,22447760-3,Dew Point,CURRENT,°C,14.478528777195557
2026-08-31T03:55:00+00:00,22447761-1,Temperature,CURRENT,°C,15.655869140625
2026-08-31T03:55:00+00:00,22447761-2,RH,CURRENT,%,91.10093842984665
2026-08-31T03:55:00+00:00,22447761-3,Dew Point,CURRENT,°C,14.226693690318088
2026-08-31T03:55:00+00:00,22447762-1,Temperature,CURRENT,°C,15.763120117187498
2026-08-31T03:55:00+00:00,22447762-2,RH,CURRENT,%,91.02616922255284
2026-08-31T03:55:00+00:00,22447762-3,Dew Point,CURRENT,°C,14.320186038895589
2026-08-31T03:55:00+00:00,22447764-1,Temperature,CURRENT,°C,15.61296875
2026-08-31T03:55:00+00:00,22447764-2,RH,CURRENT,%,92.30029755092698
2026-08-31T03:55:00+00:00,22447764-3,Dew Point,CURRENT,°C,14.386521700558706
2026-08-31T03:55:00+00:00,22447765-1,Temperature,CURRENT,°C,15.69876953125
2026-08-31T03:55:00+00:00,22447765-2,RH,CURRENT,%,91.7265583276112
2026-08-31T03:55:00+00:00,22447765-3,Dew Point,CURRENT,°C,14.375062314411508
2026-08-31T03:55:00+00:00,22447766-1,Temperature,CURRENT,°C,15.784570312500001
2026-08-31T03:55:00+00:00,22447766-2,RH,CURRENT,%,91.51293202105745
2026-08-31T03:55:00+00:00,22447766-3,Dew Point,CURRENT,°C,14.423980402882469
2026-08-31T04:00:00+00:00,22411189-1,Temperature,CURRENT,°C,15.570068359375
2026-08-31T04:00:00+00:00,22411189-2,RH,CURRENT,%,99.86266880292973
2026-08-31T04:00:00+00:00,22411189-3,Dew Point,CURRENT,°C,15.568525578294865
2026-08-31T04:00:00+00:00,22411190-1,Temperature,CURRENT,°C,15.784570312500001
2026-08-31T04:00:00+00:00,22411190-2,RH,CURRENT,%,95.61760891126879
2026-08-31T04:00:00+00:00,22411190-3,Dew Point,CURRENT,°C,15.10523723231691
2026-08-31T04:00:00+00:00,22411191-1,Temperature,CURRENT,°C,16.1063232421875
2026-08-31T04:00:00+00:00,22411191-2,RH,CURRENT,%,97.1648737315938
2026-08-31T04:00:00+00:00,22411191-3,Dew Point,CURRENT,°C,15.676519415469766
2026-08-31T04:00:00+00:00,22411525-1,Temperature,CURRENT,°C,16.1492236328125
2026-08-31T04:00:00+00:00,22411525-2,RH,CURRENT,%,94.35873960479134
2026-08-31T04:00:00+00:00,22411525-3,Dew Point,CURRENT,°C,15.261701731339446
2026-08-31T04:00:00+00:00,22411526-1,Temperature,CURRENT,°C,15.334116210937495
2026-08-31T04:00:00+00:00,22411526-2,RH,CURRENT,%,98.20401312275884
2026-08-31T04:00:00+00:00,22411526-3,Dew Point,CURRENT,°C,15.071282109314167
2026-08-31T04:00:00+00:00,22411527-1,Temperature,CURRENT,°C,16.2350244140625
2026-08-31T04:00:00+00:00,22411527-2,RH,CURRENT,%,94.34958419165332
2026-08-31T04:00:00+00:00,22411527-3,Dew Point,CURRENT,°C,15.345511896311963
2026-08-31T04:00:00+00:00,22411528-1,Temperature,CURRENT,°C,15.291215820312502
2026-08-31T04:00:00+00:00,22411528-2,RH,CURRENT,%,99.87640192263676
2026-08-31T04:00:00+00:00,22411528-3,Dew Point,CURRENT,°C,15.291419264120153
2026-08-31T04:00:00+00:00,22411529-1,Temperature,CURRENT,°C,15.334116210937495
2026-08-31T04:00:00+00:00,22411529-2,RH,CURRENT,%,98.99137865262837
2026-08-31T04:00:00+00:00,22411529-3,Dew Point,CURRENT,°C,15.195635516047524
2026-08-31T04:00:00+00:00,22411530-1,Temperature,CURRENT,°C,15.999072265624996
2026-08-31T04:00:00+00:00,22411530-2,RH,CURRENT,%,96.1852445258259
2026-08-31T04:00:00+00:00,22411530-3,Dew Point,CURRENT,°C,15.411236185901544
2026-08-31T04:00:00+00:00,22411541-S,Battery,CURRENT,V,8.209241455078125
2026-08-31T04:00:00+00:00,22447758-1,Temperature,CURRENT,°C,15.720219726562497
2026-08-31T04:00:00+00:00,22447758-2,RH,CURRENT,%,93.70412756542305
2026-08-31T04:00:00+00:00,22447758-3,Dew Point,CURRENT,°C,14.72697479322658
2026-08-31T04:00:00+00:00,22447759-1,Temperature,CURRENT,°C,15.848920898437498
2026-08-31T04:00:00+00:00,22447759-2,RH,CURRENT,%,93.48439765011062
2026-08-31T04:00:00+00:00,22447759-3,Dew Point,CURRENT,°C,14.818379764090173
2026-08-31T04:00:00+00:00,22447760-1,Temperature,CURRENT,°C,15.741669921875001
2026-08-31T04:00:00+00:00,22447760-2,RH,CURRENT,%,94.18020904859999
2026-08-31T04:00:00+00:00,22447760-3,Dew Point,CURRENT,°C,14.826988433990554
2026-08-31T04:00:00+00:00,22447761-1,Temperature,CURRENT,°C,15.591518554687497
2026-08-31T04:00:00+00:00,22447761-2,RH,CURRENT,%,93.27382314793621
2026-08-31T04:00:00+00:00,22447761-3,Dew Point,CURRENT,°C,14.52774557135406
2026-08-31T04:00:00+00:00,22447762-1,Temperature,CURRENT,°C,15.848920898437498
2026-08-31T04:00:00+00:00,22447762-2,RH,CURRENT,%,92.65735866330968
2026-08-31T04:00:00+00:00,22447762-3,Dew Point,CURRENT,°C,14.680423834944495
2026-08-31T04:00:00+00:00,22447764-1,Temperature,CURRENT,°C,15.61296875
2026-08-31T04:00:00+00:00,22447764-2,RH,CURRENT,%,94.62119478141452
2026-08-31T04:00:00+00:00,22447764-3,Dew Point,CURRENT,°C,14.771545639552864
2026-08-31T04:00:00+00:00,22447765-1,Temperature,CURRENT,°C,15.720219726562497
2026-08-31T04:00:00+00:00,22447765-2,RH,CURRENT,%,93.76974135957884
2026-08-31T04:00:00+00:00,22447765-3,Dew Point,CURRENT,°C,14.737840333450624
2026-08-31T04:00:00+00:00,22447766-1,Temperature,CURRENT,°C,15.848920898437498
2026-08-31T04:00:00+00:00,22447766-2,RH,CURRENT,%,92.97169451438162
2026-08-31T04:00:00+00:00,22447766-3,Dew Point,CURRENT,°C,14.732984012848547
2026-08-31T04:05:00+00:00,22411189-1,Temperature,CURRENT,°C,15.591518554687497
2026-08-31T04:05:00+00:00,22411189-2,RH,CURRENT,%,100
2026-08-31T04:05:00+00:00,22411189-3,Dew Point,CURRENT,°C,15.611485522063726
2026-08-31T04:05:00+00:00,22411190-1,Temperature,CURRENT,°C,15.763120117187498
2026-08-31T04:05:00+00:00,22411190-2,RH,CURRENT,%,96.25085831998169
2026-08-31T04:05:00+00:00,22411190-3,Dew Point,CURRENT,°C,15.1866621312142
2026-08-31T04:05:00+00:00,22411191-1,Temperature,CURRENT,°C,16.1921240234375
2026-08-31T04:05:00+00:00,22411191-2,RH,CURRENT,%,97.55397878995956
2026-08-31T04:05:00+00:00,22411191-3,Dew Point,CURRENT,°C,15.824712627186193
2026-08-31T04:05:00+00:00,22411525-1,Temperature,CURRENT,°C,16.2350244140625
2026-08-31T04:05:00+00:00,22411525-2,RH,CURRENT,%,94.90501258869307
2026-08-31T04:05:00+00:00,22411525-3,Dew Point,CURRENT,°C,15.437101042177758
2026-08-31T04:05:00+00:00,22411526-1,Temperature,CURRENT,°C,15.355566406249999
2026-08-31T04:05:00+00:00,22411526-2,RH,CURRENT,%,98.30014496070802
2026-08-31T04:05:00+00:00,22411526-3,Dew Point,CURRENT,°C,15.107950637632554
2026-08-31T04:05:00+00:00,22411527-1,Temperature,CURRENT,°C,16.3208251953125
2026-08-31T04:05:00+00:00,22411527-2,RH,CURRENT,%,94.9233234149691
2026-08-31T04:05:00+00:00,22411527-3,Dew Point,CURRENT,°C,15.525498745441379
2026-08-31T04:05:00+00:00,22411528-1,Temperature,CURRENT,°C,15.291215820312502
2026-08-31T04:05:00+00:00,22411528-2,RH,CURRENT,%,99.95422293430991
2026-08-31T04:05:00+00:00,22411528-3,Dew Point,CURRENT,°C,15.303563605183925
2026-08-31T04:05:00+00:00,22411529-1,Temperature,CURRENT,°C,15.334116210937495
2026-08-31T04:05:00+00:00,22411529-2,RH,CURRENT,%,98.76249332417792
2026-08-31T04:05:00+00:00,22411529-3,Dew Point,CURRENT,°C,15.159575943766303
2026-08-31T04:05:00+00:00,22411530-1,Temperature,CURRENT,°C,16.1063232421875
2026-08-31T04:05:00+00:00,22411530-2,RH,CURRENT,%,96.04486152437629
2026-08-31T04:05:00+00:00,22411530-3,Dew Point,CURRENT,°C,15.495332281882915
2026-08-31T04:05:00+00:00,22411541-S,Battery,CURRENT,V,8.209241455078125
2026-08-31T04:05:00+00:00,22447758-1,Temperature,CURRENT,°C,15.891821289062499
2026-08-31T04:05:00+00:00,22447758-2,RH,CURRENT,%,93.48439765011062
2026-08-31T04:05:00+00:00,22447758-3,Dew Point,CURRENT,°C,14.86099315918197
2026-08-31T04:05:00+00:00,22447759-1,Temperature,CURRENT,°C,16.041972656249996
2026-08-31T04:05:00+00:00,22447759-2,RH,CURRENT,%,93.1136034180209
2026-08-31T04:05:00+00:00,22447759-3,Dew Point,CURRENT,°C,14.948327629938994
2026-08-31T04:05:00+00:00,22447760-1,Temperature,CURRENT,°C,15.870371093749995
2026-08-31T04:05:00+00:00,22447760-2,RH,CURRENT,%,94.02151522087435
2026-08-31T04:05:00+00:00,22447760-3,Dew Point,CURRENT,°C,14.928724310923846
2026-08-31T04:05:00+00:00,22447761-1,Temperature,CURRENT,°C,15.655869140625
2026-08-31T04:05:00+00:00,22447761-2,RH,CURRENT,%,93.57137407492179
2026-08-31T04:05:00+00:00,22447761-3,Dew Point,CURRENT,°C,14.641042813488179
2026-08-31T04:05:00+00:00,22447762-1,Temperature,CURRENT,°C,16.0634228515625
2026-08-31T04:05:00+00:00,22447762-2,RH,CURRENT,%,92.31250476844434
2026-08-31T04:05:00+00:00,22447762-3,Dew Point,CURRENT,°C,14.835316465837614
2026-08-31T04:05:00+00:00,22447764-1,Temperature,CURRENT,°C,15.69876953125
2026-08-31T04:05:00+00:00,22447764-2,RH,CURRENT,%,94.51895933470665
2026-08-31T04:05:00+00:00,22447764-3,Dew Point,CURRENT,°C,14.840103499934939
2026-08-31T04:05:00+00:00,22447765-1,Temperature,CURRENT,°C,15.891821289062499
2026-08-31T04:05:00+00:00,22447765-2,RH,CURRENT,%,93.36079957274738
2026-08-31T04:05:00+00:00,22447765-3,Dew Point,CURRENT,°C,14.840437390475651
2026-08-31T04:05:00+00:00,22447766-1,Temperature,CURRENT,°C,16.084873046874996
2026-08-31T04:05:00+00:00,22447766-2,RH,CURRENT,%,92.5505455100328
2026-08-31T04:05:00+00:00,22447766-3,Dew Point,CURRENT,°C,14.896611549576203
2026-08-31T04:10:00+00:00,22411189-1,Temperature,CURRENT,°C,15.634418945312497
2026-08-31T04:10:00+00:00,22411189-2,RH,CURRENT,%,100
2026-08-31T04:10:00+00:00,22411189-3,Dew Point,CURRENT,°C,15.654454383824811
2026-08-31T04:10:00+00:00,22411190-1,Temperature,CURRENT,°C,15.763120117187498
2026-08-31T04:10:00+00:00,22411190-2,RH,CURRENT,%,96.43701838712138
2026-08-31T04:10:00+00:00,22411190-3,Dew Point,CURRENT,°C,15.21676739904799
2026-08-31T04:10:00+00:00,22411191-1,Temperature,CURRENT,°C,16.299374999999998
2026-08-31T04:10:00+00:00,22411191-2,RH,CURRENT,%,97.7477683680476
2026-08-31T04:10:00+00:00,22411191-3,Dew Point,CURRENT,°C,15.962908593049345
2026-08-31T04:10:00+00:00,22411525-1,Temperature,CURRENT,°C,16.449526367187495
2026-08-31T04:10:00+00:00,22411525-2,RH,CURRENT,%,94.63492790112154
2026-08-31T04:10:00+00:00,22411525-3,Dew Point,CURRENT,°C,15.60600867955179
2026-08-31T04:10:00+00:00,22411526-1,Temperature,CURRENT,°C,15.355566406249999
2026-08-31T04:10:00+00:00,22411526-2,RH,CURRENT,%,98.38406958113985
2026-08-31T04:10:00+00:00,22411526-3,Dew Point,CURRENT,°C,15.121237757884105
2026-08-31T04:10:00+00:00,22411527-1,Temperature,CURRENT,°C,16.642578125
2026-08-31T04:10:00+00:00,22411527-2,RH,CURRENT,%,94.17257953765164
2026-08-31T04:10:00+00:00,22411527-3,Dew Point,CURRENT,°C,15.721410798218745
2026-08-31T04:10:00+00:00,22411528-1,Temperature,CURRENT,°C,15.269765624999998
2026-08-31T04:10:00+00:00,22411528-2,RH,CURRENT,%,100
2026-08-31T04:10:00+00:00,22411528-3,Dew Point,CURRENT,°C,15.289219028886388
2026-08-31T04:10:00+00:00,22411529-1,Temperature,CURRENT,°C,15.269765624999998
2026-08-31T04:10:00+00:00,22411529-2,RH,CURRENT,%,98.32455939574274
2026-08-31T04:10:00+00:00,22411529-3,Dew Point,CURRENT,°C,15.026057993913486
2026-08-31T04:10:00+00:00,22411530-1,Temperature,CURRENT,°C,16.170673828124997
2026-08-31T04:10:00+00:00,22411530-2,RH,CURRENT,%,96.53315022507057
2026-08-31T04:10:00+00:00,22411530-3,Dew Point,CURRENT,°C,15.638723382911616
2026-08-31T04:10:00+00:00,22411541-S,Battery,CURRENT,V,8.209241455078125
2026-08-31T04:10:00+00:00,22447758-1,Temperature,CURRENT,°C,15.9776220703125
2026-08-31T04:10:00+00:00,22447758-2,RH,CURRENT,%,93.15938048371099
2026-08-31T04:10:00+00:00,22447758-3,Dew Point,CURRENT,°C,14.892077999488416
2026-08-31T04:10:00+00:00,22447759-1,Temperature,CURRENT,°C,16.1492236328125
2026-08-31T04:10:00+00:00,22447759-2,RH,CURRENT,%,92.69703212024109
2026-08-31T04:10:00+00:00,22447759-3,Dew Point,CURRENT,°C,14.985048412407673
2026-08-31T04:10:00+00:00,22447760-1,Temperature,CURRENT,°C,15.956171874999995
2026-08-31T04:10:00+00:00,22447760-2,RH,CURRENT,%,93.73769741359578
2026-08-31T04:10:00+00:00,22447760-3,Dew Point,CURRENT,°C,14.966986702074003
2026-08-31T04:10:00+00:00,22447761-1,Temperature,CURRENT,°C,15.677319335937497
2026-08-31T04:10:00+00:00,22447761-2,RH,CURRENT,%,93.12733653772793
2026-08-31T04:10:00+00:00,22447761-3,Dew Point,CURRENT,°C,14.588577295513678
2026-08-31T04:10:00+00:00,22447762-1,Temperature,CURRENT,°C,16.170673828124997
2026-08-31T04:10:00+00:00,22447762-2,RH,CURRENT,%,91.84557869840543
2026-08-31T04:10:00+00:00,22447762-3,Dew Point,CURRENT,°C,14.86286321508044
2026-08-31T04:10:00+00:00,22447764-1,Temperature,CURRENT,°C,15.763120117187498
2026-08-31T04:10:00+00:00,22447764-2,RH,CURRENT,%,93.91622796978713
2026-08-31T04:10:00+00:00,22447764-3,Dew Point,CURRENT,°C,14.804711982245554
2026-08-31T04:10:00+00:00,22447765-1,Temperature,CURRENT,°C,15.9776220703125
2026-08-31T04:10:00+00:00,22447765-2,RH,CURRENT,%,93.20515754940108
2026-08-31T04:10:00+00:00,22447765-3,Dew Point,CURRENT,°C,14.899713613039127
2026-08-31T04:10:00+00:00,22447766-1,Temperature,CURRENT,°C,16.1492236328125
2026-08-31T04:10:00+00:00,22447766-2,RH,CURRENT,%,92.28198672465095
2026-08-31T04:10:00+00:00,22447766-3,Dew Point,CURRENT,°C,14.915270225616753
2026-08-31T04:15:00+00:00,22411189-1,Temperature,CURRENT,°C,15.61296875
2026-08-31T04:15:00+00:00,22411189-2,RH,CURRENT,%,100
2026-08-31T04:15:00+00:00,22411189-3,Dew Point,CURRENT,°C,15.632969953061803
2026-08-31T04:15:00+00:00,22411190-1,Temperature,CURRENT,°C,15.741669921875001
2026-08-31T04:15:00+00:00,22411190-2,RH,CURRENT,%,96.72999160753795
2026-08-31T04:15:00+00:00,22411190-3,Dew Point,CURRENT,°C,15.24264665363915
2026-08-31T04:15:00+00:00,22411191-1,Temperature,CURRENT,°C,16.428076171875
2026-08-31T04:15:00+00:00,22411191-2,RH,CURRENT,%,96.86427100022888
2026-08-31T04:15:00+00:00,22411191-3,Dew Point,CURRENT,°C,15.949070261668611
2026-08-31T04:15:00+00:00,22411525-1,Temperature,CURRENT,°C,16.535327148437496
2026-08-31T04:15:00+00:00,22411525-2,RH,CURRENT,%,93.8872358281834
2026-08-31T04:15:00+00:00,22411525-3,Dew Point,CURRENT,°C,15.567357103340102
2026-08-31T04:15:00+00:00,22411526-1,Temperature,CURRENT,°C,15.334116210937495
2026-08-31T04:15:00+00:00,22411526-2,RH,CURRENT,%,98.48477912565805
2026-08-31T04:15:00+00:00,22411526-3,Dew Point,CURRENT,°C,15.115725142702619
2026-08-31T04:15:00+00:00,22411527-1,Temperature,CURRENT,°C,16.685478515625
2026-08-31T04:15:00+00:00,22411527-2,RH,CURRENT,%,93.60341802090485
2026-08-31T04:15:00+00:00,22411527-3,Dew Point,CURRENT,°C,15.669225563284144
2026-08-31T04:15:00+00:00,22411528-1,Temperature,CURRENT,°C,15.205415039062501
2026-08-31T04:15:00+00:00,22411528-2,RH,CURRENT,%,100
2026-08-31T04:15:00+00:00,22411528-3,Dew Point,CURRENT,°C,15.22476572390451
2026-08-31T04:15:00+00:00,22411529-1,Temperature,CURRENT,°C,15.141064453124997
2026-08-31T04:15:00+00:00,22411529-2,RH,CURRENT,%,97.88967727168688
2026-08-31T04:15:00+00:00,22411529-3,Dew Point,CURRENT,°C,14.828540198655046
2026-08-31T04:15:00+00:00,22411530-1,Temperature,CURRENT,°C,16.299374999999998
2026-08-31T04:15:00+00:00,22411530-2,RH,CURRENT,%,95.55352101930266
2026-08-31T04:15:00+00:00,22411530-3,Dew Point,CURRENT,°C,15.607538197196352
2026-08-31T04:15:00+00:00,22411541-S,Battery,CURRENT,V,8.215702880859375
2026-08-31T04:15:00+00:00,22447758-1,Temperature,CURRENT,°C,15.913271484374995
2026-08-31T04:15:00+00:00,22447758-2,RH,CURRENT,%,92.10193026626993
2026-08-31T04:15:00+00:00,22447758-3,Dew Point,CURRENT,°C,14.650970068133239
2026-08-31T04:15:00+00:00,22447759-1,Temperature,CURRENT,°C,16.1492236328125
2026-08-31T04:15:00+00:00,22447759-2,RH,CURRENT,%,92.13092240787365
2026-08-31T04:15:00+00:00,22447759-3,Dew Point,CURRENT,°C,14.889804693027733
2026-08-31T04:15:00+00:00,22447760-1,Temperature,CURRENT,°C,15.913271484374995
2026-08-31T04:15:00+00:00,22447760-2,RH,CURRENT,%,93.13191424429694
2026-08-31T04:15:00+00:00,22447760-3,Dew Point,CURRENT,°C,14.823604826505145
2026-08-31T04:15:00+00:00,22447761-1,Temperature,CURRENT,°C,15.591518554687497
2026-08-31T04:15:00+00:00,22447761-2,RH,CURRENT,%,93.11970702677958
2026-08-31T04:15:00+00:00,22447761-3,Dew Point,CURRENT,°C,14.502120469218946
2026-08-31T04:15:00+00:00,22447762-1,Temperature,CURRENT,°C,16.1492236328125
2026-08-31T04:15:00+00:00,22447762-2,RH,CURRENT,%,91.41680018310826
2026-08-31T04:15:00+00:00,22447762-3,Dew Point,CURRENT,°C,14.768924216088555
2026-08-31T04:15:00+00:00,22447764-1,Temperature,CURRENT,°C,15.634418945312497
2026-08-31T04:15:00+00:00,22447764-2,RH,CURRENT,%,93.98489356832226
2026-08-31T04:15:00+00:00,22447764-3,Dew Point,CURRENT,°C,14.68813916600143
2026-08-31T04:15:00+00:00,22447765-1,Temperature,CURRENT,°C,15.913271484374995
2026-08-31T04:15:00+00:00,22447765-2,RH,CURRENT,%,92.5963225757229
2026-08-31T04:15:00+00:00,22447765-3,Dew Point,CURRENT,°C,14.734044913046722
2026-08-31T04:15:00+00:00,22447766-1,Temperature,CURRENT,°C,16.1921240234375
2026-08-31T04:15:00+00:00,22447766-2,RH,CURRENT,%,91.85626001373312
2026-08-31T04:15:00+00:00,22447766-3,Dew Point,CURRENT,°C,14.885930659900106
2026-08-31T04:20:00+00:00,22411189-1,Temperature,CURRENT,°C,15.377016601562495
2026-08-31T04:20:00+00:00,22411189-2,RH,CURRENT,%,99.94354161898222
2026-08-31T04:20:00+00:00,22411189-3,Dew Point,CURRENT,°C,15.387828978335538
2026-08-31T04:20:00+00:00,22411190-1,Temperature,CURRENT,°C,15.591518554687497
2026-08-31T04:20:00+00:00,22411190-2,RH,CURRENT,%,96.24628061341268
2026-08-31T04:20:00+00:00,22411190-3,Dew Point,CURRENT,°C,15.014854718268316
2026-08-31T04:20:00+00:00,22411191-1,Temperature,CURRENT,°C,16.3637255859375
2026-08-31T04:20:00+00:00,22411191-2,RH,CURRENT,%,96.37293049515526
2026-08-31T04:20:00+00:00,22411191-3,Dew Point,CURRENT,°C,15.805234422648033
2026-08-31T04:20:00+00:00,22411525-1,Temperature,CURRENT,°C,16.513876953125
2026-08-31T04:20:00+00:00,22411525-2,RH,CURRENT,%,93.43862058442053
2026-08-31T04:20:00+00:00,22411525-3,Dew Point,CURRENT,°C,15.471232806990589
2026-08-31T04:20:00+00:00,22411526-1,Temperature,CURRENT,°C,15.1625146484375
2026-08-31T04:20:00+00:00,22411526-2,RH,CURRENT,%,98.47104600595102
2026-08-31T04:20:00+00:00,22411526-3,Dew Point,CURRENT,°C,14.942004319679448
2026-08-31T04:20:00+00:00,22411527-1,Temperature,CURRENT,°C,16.72837890625
2026-08-31T04:20:00+00:00,22411527-2,RH,CURRENT,%,93.00373846036469
2026-08-31T04:20:00+00:00,22411527-3,Dew Point,CURRENT,°C,15.61134108635283
2026-08-31T04:20:00+00:00,22411528-1,Temperature,CURRENT,°C,15.0338134765625
2026-08-31T04:20:00+00:00,22411528-2,RH,CURRENT,%,99.97711146715496
2026-08-31T04:20:00+00:00,22411528-3,Dew Point,CURRENT,°C,15.049327933667195
2026-08-31T04:20:00+00:00,22411529-1,Temperature,CURRENT,°C,15.055263671874997
2026-08-31T04:20:00+00:00,22411529-2,RH,CURRENT,%,97.91103990234225
2026-08-31T04:20:00+00:00,22411529-3,Dew Point,CURRENT,°C,14.74621527818573
2026-08-31T04:20:00+00:00,22411530-1,Temperature,CURRENT,°C,16.127773437499997
2026-08-31T04:20:00+00:00,22411530-2,RH,CURRENT,%,95.37041275654231
2026-08-31T04:20:00+00:00,22411530-3,Dew Point,CURRENT,°C,15.406688570019133
2026-08-31T04:20:00+00:00,22411541-S,Battery,CURRENT,V,8.202780029296875
2026-08-31T04:20:00+00:00,22447758-1,Temperature,CURRENT,°C,15.913271484374995
2026-08-31T04:20:00+00:00,22447758-2,RH,CURRENT,%,92.73365377279316
2026-08-31T04:20:00+00:00,22447758-3,Dew Point,CURRENT,°C,14.757052216782908
2026-08-31T04:20:00+00:00,22447759-1,Temperature,CURRENT,°C,16.127773437499997
2026-08-31T04:20:00+00:00,22447759-2,RH,CURRENT,%,92.2941939421683
2026-08-31T04:20:00+00:00,22447759-3,Dew Point,CURRENT,°C,14.896053527789595
2026-08-31T04:20:00+00:00,22447760-1,Temperature,CURRENT,°C,15.956171874999995
2026-08-31T04:20:00+00:00,22447760-2,RH,CURRENT,%,93.40810254062714
2026-08-31T04:20:00+00:00,22447760-3,Dew Point,CURRENT,°C,14.912220787165246
2026-08-31T04:20:00+00:00,22447761-1,Temperature,CURRENT,°C,15.677319335937497
2026-08-31T04:20:00+00:00,22447761-2,RH,CURRENT,%,93.60036621652552
2026-08-31T04:20:00+00:00,22447761-3,Dew Point,CURRENT,°C,14.667158316628619
2026-08-31T04:20:00+00:00,22447762-1,Temperature,CURRENT,°C,16.170673828124997
2026-08-31T04:20:00+00:00,22447762-2,RH,CURRENT,%,91.37560082398718
2026-08-31T04:20:00+00:00,22447762-3,Dew Point,CURRENT,°C,14.783171844119787
2026-08-31T04:20:00+00:00,22447764-1,Temperature,CURRENT,°C,15.61296875
2026-08-31T04:20:00+00:00,22447764-2,RH,CURRENT,%,94.14511329823759
2026-08-31T04:20:00+00:00,22447764-3,Dew Point,CURRENT,°C,14.693246935034855
2026-08-31T04:20:00+00:00,22447765-1,Temperature,CURRENT,°C,15.848920898437498
2026-08-31T04:20:00+00:00,22447765-2,RH,CURRENT,%,92.74433508812085
2026-08-31T04:20:00+00:00,22447765-3,Dew Point,CURRENT,°C,14.694982814871048
2026-08-31T04:20:00+00:00,22447766-1,Temperature,CURRENT,°C,16.084873046874996
2026-08-31T04:20:00+00:00,22447766-2,RH,CURRENT,%,91.83642328526741
2026-08-31T04:20:00+00:00,22447766-3,Dew Point,CURRENT,°C,14.776274525439026
2026-08-31T04:25:00+00:00,22411189-1,Temperature,CURRENT,°C,15.355566406249999
2026-08-31T04:25:00+00:00,22411189-2,RH,CURRENT,%,100
2026-08-31T04:25:00+00:00,22411189-3,Dew Point,CURRENT,°C,15.375156765571505
2026-08-31T04:25:00+00:00,22411190-1,Temperature,CURRENT,°C,15.61296875
2026-08-31T04:25:00+00:00,22411190-2,RH,CURRENT,%,96.91309987029831
2026-08-31T04:25:00+00:00,22411190-3,Dew Point,CURRENT,°C,15.143716265920629
2026-08-31T04:25:00+00:00,22411191-1,Temperature,CURRENT,°C,16.4709765625
2026-08-31T04:25:00+00:00,22411191-2,RH,CURRENT,%,96.44769970244907
2026-08-31T04:25:00+00:00,22411191-3,Dew Point,CURRENT,°C,15.924318523186157
2026-08-31T04:25:00+00:00,22411525-1,Temperature,CURRENT,°C,16.664028320312497
2026-08-31T04:25:00+00:00,22411525-2,RH,CURRENT,%,93.24330510414282
2026-08-31T04:25:00+00:00,22411525-3,Dew Point,CURRENT,°C,15.587661268444993
2026-08-31T04:25:00+00:00,22411526-1,Temperature,CURRENT,°C,15.0338134765625
2026-08-31T04:25:00+00:00,22411526-2,RH,CURRENT,%,98.46646829938202
2026-08-31T04:25:00+00:00,22411526-3,Dew Point,CURRENT,°C,14.812619897407233
2026-08-31T04:25:00+00:00,22411527-1,Temperature,CURRENT,°C,16.878530273437498
2026-08-31T04:25:00+00:00,22411527-2,RH,CURRENT,%,92.61463340199893
2026-08-31T04:25:00+00:00,22411527-3,Dew Point,CURRENT,°C,15.694794915935281
2026-08-31T04:25:00+00:00,22411528-1,Temperature,CURRENT,°C,14.9480126953125
2026-08-31T04:25:00+00:00,22411528-2,RH,CURRENT,%,100
2026-08-31T04:25:00+00:00,22411528-3,Dew Point,CURRENT,°C,14.966952482822196
2026-08-31T04:25:00+00:00,22411529-1,Temperature,CURRENT,°C,14.9909130859375
2026-08-31T04:25:00+00:00,22411529-2,RH,CURRENT,%,97.79659723811703
2026-08-31T04:25:00+00:00,22411529-3,Dew Point,CURRENT,°C,14.663783550564583
2026-08-31T04:25:00+00:00,22411530-1,Temperature,CURRENT,°C,16.213574218749997
2026-08-31T04:25:00+00:00,22411530-2,RH,CURRENT,%,95.55809872587167
2026-08-31T04:25:00+00:00,22411530-3,Dew Point,CURRENT,°C,15.52283042248331
2026-08-31T04:25:00+00:00,22411541-S,Battery,CURRENT,V,8.209241455078125
2026-08-31T04:25:00+00:00,22447758-1,Temperature,CURRENT,°C,15.848920898437498
2026-08-31T04:25:00+00:00,22447758-2,RH,CURRENT,%,92.52765697718776
2026-08-31T04:25:00+00:00,22447758-3,Dew Point,CURRENT,°C,14.658690795947145
2026-08-31T04:25:00+00:00,22447759-1,Temperature,CURRENT,°C,16.127773437499997
2026-08-31T04:25:00+00:00,22447759-2,RH,CURRENT,%,92.04394598306249
2026-08-31T04:25:00+00:00,22447759-3,Dew Point,CURRENT,°C,14.853860289324356
2026-08-31T04:25:00+00:00,22447760-1,Temperature,CURRENT,°C,15.891821289062499
2026-08-31T04:25:00+00:00,22447760-2,RH,CURRENT,%,92.6710917830167
2026-08-31T04:25:00+00:00,22447760-3,Dew Point,CURRENT,°C,14.725291036408985
2026-08-31T04:25:00+00:00,22447761-1,Temperature,CURRENT,°C,15.634418945312497
2026-08-31T04:25:00+00:00,22447761-2,RH,CURRENT,%,92.39948119325551
2026-08-31T04:25:00+00:00,22447761-3,Dew Point,CURRENT,°C,14.42442481918438
2026-08-31T04:25:00+00:00,22447762-1,Temperature,CURRENT,°C,16.1921240234375
2026-08-31T04:25:00+00:00,22447762-2,RH,CURRENT,%,90.60959792477303
2026-08-31T04:25:00+00:00,22447762-3,Dew Point,CURRENT,°C,14.67373627449184
2026-08-31T04:25:00+00:00,22447764-1,Temperature,CURRENT,°C,15.548618164062496
2026-08-31T04:25:00+00:00,22447764-2,RH,CURRENT,%,93.72396429388876
2026-08-31T04:25:00+00:00,22447764-3,Dew Point,CURRENT,°C,14.559751871324583
2026-08-31T04:25:00+00:00,22447765-1,Temperature,CURRENT,°C,15.827470703125002
2026-08-31T04:25:00+00:00,22447765-2,RH,CURRENT,%,92.98084992751964
2026-08-31T04:25:00+00:00,22447765-3,Dew Point,CURRENT,°C,14.713219984313925
2026-08-31T04:25:00+00:00,22447766-1,Temperature,CURRENT,°C,16.127773437499997
2026-08-31T04:25:00+00:00,22447766-2,RH,CURRENT,%,91.85015640497444
2026-08-31T04:25:00+00:00,22447766-3,Dew Point,CURRENT,°C,14.821117085810883
2026-08-31T04:30:00+00:00,22411189-1,Temperature,CURRENT,°C,15.419916992187495
2026-08-31T04:30:00+00:00,22411189-2,RH,CURRENT,%,100
2026-08-31T04:30:00+00:00,22411189-3,Dew Point,CURRENT,°C,15.43961006561729
2026-08-31T04:30:00+00:00,22411190-1,Temperature,CURRENT,°C,15.677319335937497
2026-08-31T04:30:00+00:00,22411190-2,RH,CURRENT,%,96.83222705424582
2026-08-31T04:30:00+00:00,22411190-3,Dew Point,CURRENT,°C,15.194913710901643
2026-08-31T04:30:00+00:00,22411191-1,Temperature,CURRENT,°C,16.72837890625
2026-08-31T04:30:00+00:00,22411191-2,RH,CURRENT,%,95.22545204852369
2026-08-31T04:30:00+00:00,22411191-3,Dew Point,CURRENT,°C,15.980888637220186
2026-08-31T04:30:00+00:00,22411525-1,Temperature,CURRENT,°C,16.89998046875
2026-08-31T04:30:00+00:00,22411525-2,RH,CURRENT,%,92.10650797283894
2026-08-31T04:30:00+00:00,22411525-3,Dew Point,CURRENT,°C,15.630039767933772
2026-08-31T04:30:00+00:00,22411526-1,Temperature,CURRENT,°C,15.0338134765625
2026-08-31T04:30:00+00:00,22411526-2,RH,CURRENT,%,98.53360799572748
2026-08-31T04:30:00+00:00,22411526-3,Dew Point,CURRENT,°C,14.823207656673347
2026-08-31T04:30:00+00:00,22411527-1,Temperature,CURRENT,°C,17.071582031249996
2026-08-31T04:30:00+00:00,22411527-2,RH,CURRENT,%,91.68078126192111
2026-08-31T04:30:00+00:00,22411527-3,Dew Point,CURRENT,°C,15.727671821047855
2026-08-31T04:30:00+00:00,22411528-1,Temperature,CURRENT,°C,14.862211914062499
2026-08-31T04:30:00+00:00,22411528-2,RH,CURRENT,%,100
2026-08-31T04:30:00+00:00,22411528-3,Dew Point,CURRENT,°C,14.881014728273072
2026-08-31T04:30:00+00:00,22411529-1,Temperature,CURRENT,°C,14.840761718749995
2026-08-31T04:30:00+00:00,22411529-2,RH,CURRENT,%,97.30373083085374
2026-08-31T04:30:00+00:00,22411529-3,Dew Point,CURRENT,°C,14.435536510106113
2026-08-31T04:30:00+00:00,22411530-1,Temperature,CURRENT,°C,16.449526367187495
2026-08-31T04:30:00+00:00,22411530-2,RH,CURRENT,%,94.02151522087435
2026-08-31T04:30:00+00:00,22411530-3,Dew Point,CURRENT,°C,15.504405788535488
2026-08-31T04:30:00+00:00,22411541-S,Battery,CURRENT,V,8.2060107421875
2026-08-31T04:30:00+00:00,22447758-1,Temperature,CURRENT,°C,15.784570312500001
2026-08-31T04:30:00+00:00,22447758-2,RH,CURRENT,%,92.2590981918059
2026-08-31T04:30:00+00:00,22447758-3,Dew Point,CURRENT,°C,14.549788957562736
2026-08-31T04:30:00+00:00,22447759-1,Temperature,CURRENT,°C,16.170673828124997
2026-08-31T04:30:00+00:00,22447759-2,RH,CURRENT,%,92.10193026626993
2026-08-31T04:30:00+00:00,22447759-3,Dew Point,CURRENT,°C,14.906180625985197
2026-08-31T04:30:00+00:00,22447760-1,Temperature,CURRENT,°C,15.784570312500001
2026-08-31T04:30:00+00:00,22447760-2,RH,CURRENT,%,93.38063630121309
2026-08-31T04:30:00+00:00,22447760-3,Dew Point,CURRENT,°C,14.737219023159044
2026-08-31T04:30:00+00:00,22447761-1,Temperature,CURRENT,°C,15.462817382812496
2026-08-31T04:30:00+00:00,22447761-2,RH,CURRENT,%,93.08766308079652
2026-08-31T04:30:00+00:00,22447761-3,Dew Point,CURRENT,°C,14.369012940988352
2026-08-31T04:30:00+00:00,22447762-1,Temperature,CURRENT,°C,16.170673828124997
2026-08-31T04:30:00+00:00,22447762-2,RH,CURRENT,%,91.09178301670863
2026-08-31T04:30:00+00:00,22447762-3,Dew Point,CURRENT,°C,14.734872280116216
2026-08-31T04:30:00+00:00,22447764-1,Temperature,CURRENT,°C,15.462817382812496
2026-08-31T04:30:00+00:00,22447764-2,RH,CURRENT,%,94.5418478675517
2026-08-31T04:30:00+00:00,22447764-3,Dew Point,CURRENT,°C,14.609164998083896
2026-08-31T04:30:00+00:00,22447765-1,Temperature,CURRENT,°C,15.848920898437498
2026-08-31T04:30:00+00:00,22447765-2,RH,CURRENT,%,93.0785076676585
2026-08-31T04:30:00+00:00,22447765-3,Dew Point,CURRENT,°C,14.7508087930423
2026-08-31T04:30:00+00:00,22447766-1,Temperature,CURRENT,°C,16.213574218749997
2026-08-31T04:30:00+00:00,22447766-2,RH,CURRENT,%,91.52513923857481
2026-08-31T04:30:00+00:00,22447766-3,Dew Point,CURRENT,°C,14.851069067747268
2026-08-31T04:35:00+00:00,22411189-1,Temperature,CURRENT,°C,15.0767138671875
2026-08-31T04:35:00+00:00,22411189-2,RH,CURRENT,%,99.92217898832685
2026-08-31T04:35:00+00:00,22411189-3,Dew Point,CURRENT,°C,15.08374024987266
2026-08-31T04:35:00+00:00,22411190-1,Temperature,CURRENT,°C,15.355566406249999
2026-08-31T04:35:00+00:00,22411190-2,RH,CURRENT,%,95.76104371709773
2026-08-31T04:35:00+00:00,22411190-3,Dew Point,CURRENT,°C,14.701175038230625
2026-08-31T04:35:00+00:00,22411191-1,Temperature,CURRENT,°C,16.299374999999998
2026-08-31T04:35:00+00:00,22411191-2,RH,CURRENT,%,94.60593575951782
2026-08-31T04:35:00+00:00,22411191-3,Dew Point,CURRENT,°C,15.451855670910357
2026-08-31T04:35:00+00:00,22411525-1,Temperature,CURRENT,°C,16.55677734375
2026-08-31T04:35:00+00:00,22411525-2,RH,CURRENT,%,92.2896162355993
2026-08-31T04:35:00+00:00,22411525-3,Dew Point,CURRENT,°C,15.32073502052363
2026-08-31T04:35:00+00:00,22411526-1,Temperature,CURRENT,°C,14.776411132812498
2026-08-31T04:35:00+00:00,22411526-2,RH,CURRENT,%,98.45273517967499
2026-08-31T04:35:00+00:00,22411526-3,Dew Point,CURRENT,°C,14.5531342681142
2026-08-31T04:35:00+00:00,22411527-1,Temperature,CURRENT,°C,16.792729492187497
2026-08-31T04:35:00+00:00,22411527-2,RH,CURRENT,%,92.24994277866789
2026-08-31T04:35:00+00:00,22411527-3,Dew Point,CURRENT,°C,15.548013076147337
2026-08-31T04:35:00+00:00,22411528-1,Temperature,CURRENT,°C,14.561909179687497
2026-08-31T04:35:00+00:00,22411528-2,RH,CURRENT,%,99.88403143358511
2026-08-31T04:35:00+00:00,22411528-3,Dew Point,CURRENT,°C,14.562243666671682
2026-08-31T04:35:00+00:00,22411529-1,Temperature,CURRENT,°C,14.626259765625
2026-08-31T04:35:00+00:00,22411529-2,RH,CURRENT,%,96.64454108491645
2026-08-31T04:35:00+00:00,22411529-3,Dew Point,CURRENT,°C,14.116365970761125
2026-08-31T04:35:00+00:00,22411530-1,Temperature,CURRENT,°C,15.956171874999995
2026-08-31T04:35:00+00:00,22411530-2,RH,CURRENT,%,93.71786068513008
2026-08-31T04:35:00+00:00,22411530-3,Dew Point,CURRENT,°C,14.9636953847867
2026-08-31T04:35:00+00:00,22411541-S,Battery,CURRENT,V,8.209241455078125
2026-08-31T04:35:00+00:00,22447758-1,Temperature,CURRENT,°C,15.741669921875001
2026-08-31T04:35:00+00:00,22447758-2,RH,CURRENT,%,92.88014038300145
2026-08-31T04:35:00+00:00,22447758-3,Dew Point,CURRENT,°C,14.61124249882669
2026-08-31T04:35:00+00:00,22447759-1,Temperature,CURRENT,°C,16.127773437499997
2026-08-31T04:35:00+00:00,22447759-2,RH,CURRENT,%,91.74944686045625
2026-08-31T04:35:00+00:00,22447759-3,Dew Point,CURRENT,°C,14.804077002592097
2026-08-31T04:35:00+00:00,22447760-1,Temperature,CURRENT,°C,15.784570312500001
2026-08-31T04:35:00+00:00,22447760-2,RH,CURRENT,%,93.49507896543831
2026-08-31T04:35:00+00:00,22447760-3,Dew Point,CURRENT,°C,14.756233365517973
2026-08-31T04:35:00+00:00,22447761-1,Temperature,CURRENT,°C,15.355566406249999
2026-08-31T04:35:00+00:00,22447761-2,RH,CURRENT,%,93.49965667200732
2026-08-31T04:35:00+00:00,22447761-3,Dew Point,CURRENT,°C,14.330846761071783
2026-08-31T04:35:00+00:00,22447762-1,Temperature,CURRENT,°C,16.1492236328125
2026-08-31T04:35:00+00:00,22447762-2,RH,CURRENT,%,91.0231174181735
2026-08-31T04:35:00+00:00,22447762-3,Dew Point,CURRENT,°C,14.70193043521455
2026-08-31T04:35:00+00:00,22447764-1,Temperature,CURRENT,°C,15.312666015624998
2026-08-31T04:35:00+00:00,22447764-2,RH,CURRENT,%,93.07392996108949
2026-08-31T04:35:00+00:00,22447764-3,Dew Point,CURRENT,°C,14.21766062656429
2026-08-31T04:35:00+00:00,22447765-1,Temperature,CURRENT,°C,15.677319335937497
2026-08-31T04:35:00+00:00,22447765-2,RH,CURRENT,%,92.36438544289311
2026-08-31T04:35:00+00:00,22447765-3,Dew Point,CURRENT,°C,14.461092920127902
2026-08-31T04:35:00+00:00,22447766-1,Temperature,CURRENT,°C,16.084873046874996
2026-08-31T04:35:00+00:00,22447766-2,RH,CURRENT,%,91.21080338750286
2026-08-31T04:35:00+00:00,22447766-3,Dew Point,CURRENT,°C,14.670174773070872
2026-08-31T04:40:00+00:00,22411189-1,Temperature,CURRENT,°C,14.862211914062499
2026-08-31T04:40:00+00:00,22411189-2,RH,CURRENT,%,100
2026-08-31T04:40:00+00:00,22411189-3,Dew Point,CURRENT,°C,14.881014728273072
2026-08-31T04:40:00+00:00,22411190-1,Temperature,CURRENT,°C,15.248315429687501
2026-08-31T04:40:00+00:00,22411190-2,RH,CURRENT,%,96.78492408636606
2026-08-31T04:40:00+00:00,22411190-3,Dew Point,CURRENT,°C,14.759339552691332
2026-08-31T04:40:00+00:00,22411191-1,Temperature,CURRENT,°C,16.1492236328125
2026-08-31T04:40:00+00:00,22411191-2,RH,CURRENT,%,97.03212024109254
2026-08-31T04:40:00+00:00,22411191-3,Dew Point,CURRENT,°C,15.69794867652586
2026-08-31T04:40:00+00:00,22411525-1,Temperature,CURRENT,°C,16.4709765625
2026-08-31T04:40:00+00:00,22411525-2,RH,CURRENT,%,93.58510719462882
2026-08-31T04:40:00+00:00,22411525-3,Dew Point,CURRENT,°C,15.453075884552026
2026-08-31T04:40:00+00:00,22411526-1,Temperature,CURRENT,°C,14.540458984375
2026-08-31T04:40:00+00:00,22411526-2,RH,CURRENT,%,98.4420538643473
2026-08-31T04:40:00+00:00,22411526-3,Dew Point,CURRENT,°C,14.315579259497486
2026-08-31T04:40:00+00:00,22411527-1,Temperature,CURRENT,°C,16.749829101562497
2026-08-31T04:40:00+00:00,22411527-2,RH,CURRENT,%,93.15480277714198
2026-08-31T04:40:00+00:00,22411527-3,Dew Point,CURRENT,°C,15.658008932332315
2026-08-31T04:40:00+00:00,22411528-1,Temperature,CURRENT,°C,14.390307617187496
2026-08-31T04:40:00+00:00,22411528-2,RH,CURRENT,%,99.92523079270619
2026-08-31T04:40:00+00:00,22411528-3,Dew Point,CURRENT,°C,14.396776801871786
2026-08-31T04:40:00+00:00,22411529-1,Temperature,CURRENT,°C,14.390307617187496
2026-08-31T04:40:00+00:00,22411529-2,RH,CURRENT,%,96.47974364843213
2026-08-31T04:40:00+00:00,22411529-3,Dew Point,CURRENT,°C,13.854714581301888
2026-08-31T04:40:00+00:00,22411530-1,Temperature,CURRENT,°C,15.741669921875001
2026-08-31T04:40:00+00:00,22411530-2,RH,CURRENT,%,96.43244068055238
2026-08-31T04:40:00+00:00,22411530-3,Dew Point,CURRENT,°C,15.194639346521491
2026-08-31T04:40:00+00:00,22411541-S,Battery,CURRENT,V,8.202780029296875
2026-08-31T04:40:00+00:00,22447758-1,Temperature,CURRENT,°C,15.4413671875
2026-08-31T04:40:00+00:00,22447758-2,RH,CURRENT,%,93.13801785305562
2026-08-31T04:40:00+00:00,22447758-3,Dew Point,CURRENT,°C,14.356086346103753
2026-08-31T04:40:00+00:00,22447759-1,Temperature,CURRENT,°C,15.720219726562497
2026-08-31T04:40:00+00:00,22447759-2,RH,CURRENT,%,92.50934615091172
2026-08-31T04:40:00+00:00,22447759-3,Dew Point,CURRENT,°C,14.527944603254088
2026-08-31T04:40:00+00:00,22447760-1,Temperature,CURRENT,°C,15.462817382812496
2026-08-31T04:40:00+00:00,22447760-2,RH,CURRENT,%,93.53017471580071
2026-08-31T04:40:00+00:00,22447760-3,Dew Point,CURRENT,°C,14.442438023168602
2026-08-31T04:40:00+00:00,22447761-1,Temperature,CURRENT,°C,15.183964843749997
2026-08-31T04:40:00+00:00,22447761-2,RH,CURRENT,%,93.3852140077821
2026-08-31T04:40:00+00:00,22447761-3,Dew Point,CURRENT,°C,14.14146259225309
2026-08-31T04:40:00+00:00,22447762-1,Temperature,CURRENT,°C,15.741669921875001
2026-08-31T04:40:00+00:00,22447762-2,RH,CURRENT,%,91.65026321812772
2026-08-31T04:40:00+00:00,22447762-3,Dew Point,CURRENT,°C,14.404692856492442
2026-08-31T04:40:00+00:00,22447764-1,Temperature,CURRENT,°C,15.141064453124997
2026-08-31T04:40:00+00:00,22447764-2,RH,CURRENT,%,94.82719157701992
2026-08-31T04:40:00+00:00,22447764-3,Dew Point,CURRENT,°C,14.335740791414624
2026-08-31T04:40:00+00:00,22447765-1,Temperature,CURRENT,°C,15.419916992187495
2026-08-31T04:40:00+00:00,22447765-2,RH,CURRENT,%,93.41573205157549
2026-08-31T04:40:00+00:00,22447765-3,Dew Point,CURRENT,°C,14.380867881888877
2026-08-31T04:40:00+00:00,22447766-1,Temperature,CURRENT,°C,15.69876953125
2026-08-31T04:40:00+00:00,22447766-2,RH,CURRENT,%,92.29877164873731
2026-08-31T04:40:00+00:00,22447766-3,Dew Point,CURRENT,°C,14.471359607559577
2026-08-31T04:45:00+00:00,22411189-1,Temperature,CURRENT,°C,14.669160156250001
2026-08-31T04:45:00+00:00,22411189-2,RH,CURRENT,%,100
2026-08-31T04:45:00+00:00,22411189-3,Dew Point,CURRENT,°C,14.68765476678698
2026-08-31T04:45:00+00:00,22411190-1,Temperature,CURRENT,°C,15.0338134765625
2026-08-31T04:45:00+00:00,22411190-2,RH,CURRENT,%,96.63385976958877
2026-08-31T04:45:00+00:00,22411190-3,Dew Point,CURRENT,°C,14.521148634873578
2026-08-31T04:45:00+00:00,22411191-1,Temperature,CURRENT,°C,15.956171874999995
2026-08-31T04:45:00+00:00,22411191-2,RH,CURRENT,%,96.18219272144655
2026-08-31T04:45:00+00:00,22411191-3,Dew Point,CURRENT,°C,15.367978155565073
2026-08-31T04:45:00+00:00,22411525-1,Temperature,CURRENT,°C,16.38517578125
2026-08-31T04:45:00+00:00,22411525-2,RH,CURRENT,%,92.66498817425803
2026-08-31T04:45:00+00:00,22411525-3,Dew Point,CURRENT,°C,15.213787416534492
2026-08-31T04:45:00+00:00,22411526-1,Temperature,CURRENT,°C,14.325957031249999
2026-08-31T04:45:00+00:00,22411526-2,RH,CURRENT,%,98.4420538643473
2026-08-31T04:45:00+00:00,22411526-3,Dew Point,CURRENT,°C,14.10114865119308
2026-08-31T04:45:00+00:00,22411527-1,Temperature,CURRENT,°C,16.8141796875
2026-08-31T04:45:00+00:00,22411527-2,RH,CURRENT,%,91.91424429694057
2026-08-31T04:45:00+00:00,22411527-3,Dew Point,CURRENT,°C,15.512330902768815
2026-08-31T04:45:00+00:00,22411528-1,Temperature,CURRENT,°C,14.197255859374998
2026-08-31T04:45:00+00:00,22411528-2,RH,CURRENT,%,99.89013504234379
2026-08-31T04:45:00+00:00,22411528-3,Dew Point,CURRENT,°C,14.198004658555213
2026-08-31T04:45:00+00:00,22411529-1,Temperature,CURRENT,°C,14.283056640624999
2026-08-31T04:45:00+00:00,22411529-2,RH,CURRENT,%,96.55756466010529
2026-08-31T04:45:00+00:00,22411529-3,Dew Point,CURRENT,°C,13.760182339040128
2026-08-31T04:45:00+00:00,22411530-1,Temperature,CURRENT,°C,15.484267578125
2026-08-31T04:45:00+00:00,22411530-2,RH,CURRENT,%,95.87090867475395
2026-08-31T04:45:00+00:00,22411530-3,Dew Point,CURRENT,°C,14.847209409893816
2026-08-31T04:45:00+00:00,22411541-S,Battery,CURRENT,V,8.19954931640625
2026-08-31T04:45:00+00:00,22447758-1,Temperature,CURRENT,°C,15.52716796875
2026-08-31T04:45:00+00:00,22447758-2,RH,CURRENT,%,91.48851758602274
2026-08-31T04:45:00+00:00,22447758-3,Dew Point,CURRENT,°C,14.164843578324067
2026-08-31T04:45:00+00:00,22447759-1,Temperature,CURRENT,°C,15.870371093749995
2026-08-31T04:45:00+00:00,22447759-2,RH,CURRENT,%,91.19249256122683
2026-08-31T04:45:00+00:00,22447759-3,Dew Point,CURRENT,°C,14.454643091801648
2026-08-31T04:45:00+00:00,22447760-1,Temperature,CURRENT,°C,15.61296875
2026-08-31T04:45:00+00:00,22447760-2,RH,CURRENT,%,92.48340581368734
2026-08-31T04:45:00+00:00,22447760-3,Dew Point,CURRENT,°C,14.417205081032504
2026-08-31T04:45:00+00:00,22447761-1,Temperature,CURRENT,°C,15.205415039062501
2026-08-31T04:45:00+00:00,22447761-2,RH,CURRENT,%,93.93911650263217
2026-08-31T04:45:00+00:00,22447761-3,Dew Point,CURRENT,°C,14.254185184231082
2026-08-31T04:45:00+00:00,22447762-1,Temperature,CURRENT,°C,15.956171874999995
2026-08-31T04:45:00+00:00,22447762-2,RH,CURRENT,%,89.86953536278324
2026-08-31T04:45:00+00:00,22447762-3,Dew Point,CURRENT,°C,14.313317820063535
2026-08-31T04:45:00+00:00,22447764-1,Temperature,CURRENT,°C,14.969462890624996
2026-08-31T04:45:00+00:00,22447764-2,RH,CURRENT,%,93.55001144426642
2026-08-31T04:45:00+00:00,22447764-3,Dew Point,CURRENT,°C,13.955615447413821
2026-08-31T04:45:00+00:00,22447765-1,Temperature,CURRENT,°C,15.377016601562495
2026-08-31T04:45:00+00:00,22447765-2,RH,CURRENT,%,91.42595559624628
2026-08-31T04:45:00+00:00,22447765-3,Dew Point,CURRENT,°C,14.005531428884254
2026-08-31T04:45:00+00:00,22447766-1,Temperature,CURRENT,°C,15.784570312500001
2026-08-31T04:45:00+00:00,22447766-2,RH,CURRENT,%,90.40360112916763
2026-08-31T04:45:00+00:00,22447766-3,Dew Point,CURRENT,°C,14.235266404032677
2026-08-31T04:50:00+00:00,22411189-1,Temperature,CURRENT,°C,14.647709960937497
2026-08-31T04:50:00+00:00,22411189-2,RH,CURRENT,%,100
2026-08-31T04:50:00+00:00,22411189-3,Dew Point,CURRENT,°C,14.666170325446588
2026-08-31T04:50:00+00:00,22411190-1,Temperature,CURRENT,°C,14.926562499999996
2026-08-31T04:50:00+00:00,22411190-2,RH,CURRENT,%,97.07331960021362
2026-08-31T04:50:00+00:00,22411190-3,Dew Point,CURRENT,°C,14.484452154386087
2026-08-31T04:50:00+00:00,22411191-1,Temperature,CURRENT,°C,15.52716796875
2026-08-31T04:50:00+00:00,22411191-2,RH,CURRENT,%,97.15571831845578
2026-08-31T04:50:00+00:00,22411191-3,Dew Point,CURRENT,°C,15.097028236973777
2026-08-31T04:50:00+00:00,22411525-1,Temperature,CURRENT,°C,15.741669921875001
2026-08-31T04:50:00+00:00,22411525-2,RH,CURRENT,%,93.55001144426642
2026-08-31T04:50:00+00:00,22411525-3,Dew Point,CURRENT,°C,14.722735776167863
2026-08-31T04:50:00+00:00,22411526-1,Temperature,CURRENT,°C,14.325957031249999
2026-08-31T04:50:00+00:00,22411526-2,RH,CURRENT,%,98.93644617380026
2026-08-31T04:50:00+00:00,22411526-3,Dew Point,CURRENT,°C,14.178546400812412
2026-08-31T04:50:00+00:00,22411527-1,Temperature,CURRENT,°C,15.999072265624996
2026-08-31T04:50:00+00:00,22411527-2,RH,CURRENT,%,92.77943083848325
2026-08-31T04:50:00+00:00,22411527-3,Dew Point,CURRENT,°C,14.849861878690426
2026-08-31T04:50:00+00:00,22411528-1,Temperature,CURRENT,°C,14.283056640624999
2026-08-31T04:50:00+00:00,22411528-2,RH,CURRENT,%,100
2026-08-31T04:50:00+00:00,22411528-3,Dew Point,CURRENT,°C,14.300934786696939
2026-08-31T04:50:00+00:00,22411529-1,Temperature,CURRENT,°C,14.197255859374998
2026-08-31T04:50:00+00:00,22411529-2,RH,CURRENT,%,96.63080796520943
2026-08-31T04:50:00+00:00,22411529-3,Dew Point,CURRENT,°C,13.686285219073818
2026-08-31T04:50:00+00:00,22411530-1,Temperature,CURRENT,°C,15.226865234374998
2026-08-31T04:50:00+00:00,22411530-2,RH,CURRENT,%,96.74525062943465
2026-08-31T04:50:00+00:00,22411530-3,Dew Point,CURRENT,°C,14.73157699916374
2026-08-31T04:50:00+00:00,22411541-S,Battery,CURRENT,V,8.193087890625
2026-08-31T04:50:00+00:00,22447758-1,Temperature,CURRENT,°C,15.0767138671875
2026-08-31T04:50:00+00:00,22447758-2,RH,CURRENT,%,91.81048294804303
2026-08-31T04:50:00+00:00,22447758-3,Dew Point,CURRENT,°C,13.772683432134789
2026-08-31T04:50:00+00:00,22447759-1,Temperature,CURRENT,°C,15.355566406249999
2026-08-31T04:50:00+00:00,22447759-2,RH,CURRENT,%,92.01953154802777
2026-08-31T04:50:00+00:00,22447759-3,Dew Point,CURRENT,°C,14.084181705301667
2026-08-31T04:50:00+00:00,22447760-1,Temperature,CURRENT,°C,15.1196142578125
2026-08-31T04:50:00+00:00,22447760-2,RH,CURRENT,%,92.85877775234607
2026-08-31T04:50:00+00:00,22447760-3,Dew Point,CURRENT,°C,13.990281340770203
2026-08-31T04:50:00+00:00,22447761-1,Temperature,CURRENT,°C,14.862211914062499
2026-08-31T04:50:00+00:00,22447761-2,RH,CURRENT,%,92.48798352025635
2026-08-31T04:50:00+00:00,22447761-3,Dew Point,CURRENT,°C,13.67320119367065
2026-08-31T04:50:00+00:00,22447762-1,Temperature,CURRENT,°C,15.355566406249999
2026-08-31T04:50:00+00:00,22447762-2,RH,CURRENT,%,91.1238269626917
2026-08-31T04:50:00+00:00,22447762-3,Dew Point,CURRENT,°C,13.933215348989638
2026-08-31T04:50:00+00:00,22447764-1,Temperature,CURRENT,°C,14.733510742187498
2026-08-31T04:50:00+00:00,22447764-2,RH,CURRENT,%,94.78141451132983
2026-08-31T04:50:00+00:00,22447764-3,Dew Point,CURRENT,°C,13.922744799815845
2026-08-31T04:50:00+00:00,22447765-1,Temperature,CURRENT,°C,15.012363281249996
2026-08-31T04:50:00+00:00,22447765-2,RH,CURRENT,%,93.93453879606317
2026-08-31T04:50:00+00:00,22447765-3,Dew Point,CURRENT,°C,14.061553421050867
2026-08-31T04:50:00+00:00,22447766-1,Temperature,CURRENT,°C,15.291215820312502
2026-08-31T04:50:00+00:00,22447766-2,RH,CURRENT,%,92.55207141222247
2026-08-31T04:50:00+00:00,22447766-3,Dew Point,CURRENT,°C,14.109485834174242
2026-08-31T04:55:00+00:00,22411189-1,Temperature,CURRENT,°C,14.690610351562498
2026-08-31T04:55:00+00:00,22411189-2,RH,CURRENT,%,100
2026-08-31T04:55:00+00:00,22411189-3,Dew Point,CURRENT,°C,14.70913920789231
2026-08-31T04:55:00+00:00,22411190-1,Temperature,CURRENT,°C,14.9051123046875
2026-08-31T04:55:00+00:00,22411190-2,RH,CURRENT,%,97.71419851987487
2026-08-31T04:55:00+00:00,22411190-3,Dew Point,CURRENT,°C,14.565013501820621
2026-08-31T04:55:00+00:00,22411191-1,Temperature,CURRENT,°C,15.4413671875
2026-08-31T04:55:00+00:00,22411191-2,RH,CURRENT,%,98.69993133440147
2026-08-31T04:55:00+00:00,22411191-3,Dew Point,CURRENT,°C,15.256955941658754
2026-08-31T04:55:00+00:00,22411525-1,Temperature,CURRENT,°C,15.548618164062496
2026-08-31T04:55:00+00:00,22411525-2,RH,CURRENT,%,95.5870908674754
2026-08-31T04:55:00+00:00,22411525-3,Dew Point,CURRENT,°C,14.865250063727137
2026-08-31T04:55:00+00:00,22411526-1,Temperature,CURRENT,°C,14.433208007812496
2026-08-31T04:55:00+00:00,22411526-2,RH,CURRENT,%,98.94102388036927
2026-08-31T04:55:00+00:00,22411526-3,Dew Point,CURRENT,°C,14.286543355272913
2026-08-31T04:55:00+00:00,22411527-1,Temperature,CURRENT,°C,15.69876953125
2026-08-31T04:55:00+00:00,22411527-2,RH,CURRENT,%,95.21629663538567
2026-08-31T04:55:00+00:00,22411527-3,Dew Point,CURRENT,°C,14.954354664157478
2026-08-31T04:55:00+00:00,22411528-1,Temperature,CURRENT,°C,14.4117578125
2026-08-31T04:55:00+00:00,22411528-2,RH,CURRENT,%,100
2026-08-31T04:55:00+00:00,22411528-3,Dew Point,CURRENT,°C,14.429841455188857
2026-08-31T04:55:00+00:00,22411529-1,Temperature,CURRENT,°C,14.197255859374998
2026-08-31T04:55:00+00:00,22411529-2,RH,CURRENT,%,98.07583733882659
2026-08-31T04:55:00+00:00,22411529-3,Dew Point,CURRENT,°C,13.914997063372041
2026-08-31T04:55:00+00:00,22411530-1,Temperature,CURRENT,°C,15.291215820312502
2026-08-31T04:55:00+00:00,22411530-2,RH,CURRENT,%,98.19638361181049
2026-08-31T04:55:00+00:00,22411530-3,Dew Point,CURRENT,°C,15.027200244733736
2026-08-31T04:55:00+00:00,22411541-S,Battery,CURRENT,V,8.202780029296875
2026-08-31T04:55:00+00:00,22447758-1,Temperature,CURRENT,°C,14.647709960937497
2026-08-31T04:55:00+00:00,22447758-2,RH,CURRENT,%,95.0041962310216
2026-08-31T04:55:00+00:00,22447758-3,Dew Point,CURRENT,°C,13.873560836744376
2026-08-31T04:55:00+00:00,22447759-1,Temperature,CURRENT,°C,14.819311523437499
2026-08-31T04:55:00+00:00,22447759-2,RH,CURRENT,%,94.55558098725872
2026-08-31T04:55:00+00:00,22447759-3,Dew Point,CURRENT,°C,13.971306628772664
2026-08-31T04:55:00+00:00,22447760-1,Temperature,CURRENT,°C,14.669160156250001
2026-08-31T04:55:00+00:00,22447760-2,RH,CURRENT,%,95.15678644998856
2026-08-31T04:55:00+00:00,22447760-3,Dew Point,CURRENT,°C,13.919659578178958
2026-08-31T04:55:00+00:00,22447761-1,Temperature,CURRENT,°C,14.540458984375
2026-08-31T04:55:00+00:00,22447761-2,RH,CURRENT,%,93.75143053330281
2026-08-31T04:55:00+00:00,22447761-3,Dew Point,CURRENT,°C,13.562501373422906
2026-08-31T04:55:00+00:00,22447762-1,Temperature,CURRENT,°C,14.819311523437499
2026-08-31T04:55:00+00:00,22447762-2,RH,CURRENT,%,93.95590142671854
2026-08-31T04:55:00+00:00,22447762-3,Dew Point,CURRENT,°C,13.873179831589162
2026-08-31T04:55:00+00:00,22447764-1,Temperature,CURRENT,°C,14.4117578125
2026-08-31T04:55:00+00:00,22447764-2,RH,CURRENT,%,94.95078965438316
2026-08-31T04:55:00+00:00,22447764-3,Dew Point,CURRENT,°C,13.630060668521908
2026-08-31T04:55:00+00:00,22447765-1,Temperature,CURRENT,°C,14.583359375
2026-08-31T04:55:00+00:00,22447765-2,RH,CURRENT,%,94.94163424124514
2026-08-31T04:55:00+00:00,22447765-3,Dew Point,CURRENT,°C,13.799361385087224
2026-08-31T04:55:00+00:00,22447766-1,Temperature,CURRENT,°C,14.776411132812498
2026-08-31T04:55:00+00:00,22447766-2,RH,CURRENT,%,93.64461738002593
2026-08-31T04:55:00+00:00,22447766-3,Dew Point,CURRENT,°C,13.779403073761754
2026-08-31T05:00:00+00:00,22411189-1,Temperature,CURRENT,°C,14.9480126953125
2026-08-31T05:00:00+00:00,22411189-2,RH,CURRENT,%,100
2026-08-31T05:00:00+00:00,22411189-3,Dew Point,CURRENT,°C,14.966952482822196
2026-08-31T05:00:00+00:00,22411190-1,Temperature,CURRENT,°C,15.098164062499997
2026-08-31T05:00:00+00:00,22411190-2,RH,CURRENT,%,97.91714351110093
2026-08-31T05:00:00+00:00,22411190-3,Dew Point,CURRENT,°C,14.790040713755607
2026-08-31T05:00:00+00:00,22411191-1,Temperature,CURRENT,°C,15.484267578125
2026-08-31T05:00:00+00:00,22411191-2,RH,CURRENT,%,99.06614785992218
2026-08-31T05:00:00+00:00,22411191-3,Dew Point,CURRENT,°C,15.35761630491539
2026-08-31T05:00:00+00:00,22411525-1,Temperature,CURRENT,°C,15.52716796875
2026-08-31T05:00:00+00:00,22411525-2,RH,CURRENT,%,96.20355535210193
2026-08-31T05:00:00+00:00,22411525-3,Dew Point,CURRENT,°C,14.943800609056666
2026-08-31T05:00:00+00:00,22411526-1,Temperature,CURRENT,°C,14.626259765625
2026-08-31T05:00:00+00:00,22411526-2,RH,CURRENT,%,99.20195315480278
2026-08-31T05:00:00+00:00,22411526-3,Dew Point,CURRENT,°C,14.520458234424304
2026-08-31T05:00:00+00:00,22411527-1,Temperature,CURRENT,°C,15.61296875
2026-08-31T05:00:00+00:00,22411527-2,RH,CURRENT,%,95.85564965285725
2026-08-31T05:00:00+00:00,22411527-3,Dew Point,CURRENT,°C,14.972972329763259
2026-08-31T05:00:00+00:00,22411528-1,Temperature,CURRENT,°C,14.49755859375
2026-08-31T05:00:00+00:00,22411528-2,RH,CURRENT,%,100
2026-08-31T05:00:00+00:00,22411528-3,Dew Point,CURRENT,°C,14.515779229482403
2026-08-31T05:00:00+00:00,22411529-1,Temperature,CURRENT,°C,14.175805664062501
2026-08-31T05:00:00+00:00,22411529-2,RH,CURRENT,%,97.97207598992904
2026-08-31T05:00:00+00:00,22411529-3,Dew Point,CURRENT,°C,13.87724259639443
2026-08-31T05:00:00+00:00,22411530-1,Temperature,CURRENT,°C,15.355566406249999
2026-08-31T05:00:00+00:00,22411530-2,RH,CURRENT,%,97.81490806439307
2026-08-31T05:00:00+00:00,22411530-3,Dew Point,CURRENT,°C,15.030931335976314
2026-08-31T05:00:00+00:00,22411541-S,Battery,CURRENT,V,8.193087890625
2026-08-31T05:00:00+00:00,22447758-1,Temperature,CURRENT,°C,14.733510742187498
2026-08-31T05:00:00+00:00,22447758-2,RH,CURRENT,%,95.19645990691997
2026-08-31T05:00:00+00:00,22447758-3,Dew Point,CURRENT,°C,13.990153517558253
2026-08-31T05:00:00+00:00,22447759-1,Temperature,CURRENT,°C,14.969462890624996
2026-08-31T05:00:00+00:00,22447759-2,RH,CURRENT,%,95.66338597695888
2026-08-31T05:00:00+00:00,22447759-3,Dew Point,CURRENT,°C,14.300725604562226
2026-08-31T05:00:00+00:00,22447760-1,Temperature,CURRENT,°C,14.669160156250001
2026-08-31T05:00:00+00:00,22447760-2,RH,CURRENT,%,95.97467002365148
2026-08-31T05:00:00+00:00,22447760-3,Dew Point,CURRENT,°C,14.051723949728407
2026-08-31T05:00:00+00:00,22447761-1,Temperature,CURRENT,°C,14.476108398437496
2026-08-31T05:00:00+00:00,22447761-2,RH,CURRENT,%,94.91416800183109
2026-08-31T05:00:00+00:00,22447761-3,Dew Point,CURRENT,°C,13.688166877488797
2026-08-31T05:00:00+00:00,22447762-1,Temperature,CURRENT,°C,14.926562499999996
2026-08-31T05:00:00+00:00,22447762-2,RH,CURRENT,%,94.86686503395133
2026-08-31T05:00:00+00:00,22447762-3,Dew Point,CURRENT,°C,14.128756533129712
2026-08-31T05:00:00+00:00,22447764-1,Temperature,CURRENT,°C,14.561909179687497
2026-08-31T05:00:00+00:00,22447764-2,RH,CURRENT,%,95.90600442511635
2026-08-31T05:00:00+00:00,22447764-3,Dew Point,CURRENT,°C,13.933802212377453
2026-08-31T05:00:00+00:00,22447765-1,Temperature,CURRENT,°C,14.819311523437499
2026-08-31T05:00:00+00:00,22447765-2,RH,CURRENT,%,95.6725413900969
2026-08-31T05:00:00+00:00,22447765-3,Dew Point,CURRENT,°C,14.152630473901274
2026-08-31T05:00:00+00:00,22447766-1,Temperature,CURRENT,°C,15.0338134765625
2026-08-31T05:00:00+00:00,22447766-2,RH,CURRENT,%,94.88212405584802
2026-08-31T05:00:00+00:00,22447766-3,Dew Point,CURRENT,°C,14.237971961009107
2026-08-31T05:05:00+00:00,22411189-1,Temperature,CURRENT,°C,14.583359375
2026-08-31T05:05:00+00:00,22411189-2,RH,CURRENT,%,100
2026-08-31T05:05:00+00:00,22411189-3,Dew Point,CURRENT,°C,14.601717000015123
2026-08-31T05:05:00+00:00,22411190-1,Temperature,CURRENT,°C,14.819311523437499
2026-08-31T05:05:00+00:00,22411190-2,RH,CURRENT,%,97.65621423666742
2026-08-31T05:05:00+00:00,22411190-3,Dew Point,CURRENT,°C,14.470124557354943
2026-08-31T05:05:00+00:00,22411191-1,Temperature,CURRENT,°C,15.269765624999998
2026-08-31T05:05:00+00:00,22411191-2,RH,CURRENT,%,98.970016021973
2026-08-31T05:05:00+00:00,22411191-3,Dew Point,CURRENT,°C,15.12790192875694
2026-08-31T05:05:00+00:00,22411525-1,Temperature,CURRENT,°C,15.312666015624998
2026-08-31T05:05:00+00:00,22411525-2,RH,CURRENT,%,96.22644388494697
2026-08-31T05:05:00+00:00,22411525-3,Dew Point,CURRENT,°C,14.733670807980793
2026-08-31T05:05:00+00:00,22411526-1,Temperature,CURRENT,°C,14.390307617187496
2026-08-31T05:05:00+00:00,22411526-2,RH,CURRENT,%,99.07835507743954
2026-08-31T05:05:00+00:00,22411526-3,Dew Point,CURRENT,°C,14.265079849369556
2026-08-31T05:05:00+00:00,22411527-1,Temperature,CURRENT,°C,15.398466796874999
2026-08-31T05:05:00+00:00,22411527-2,RH,CURRENT,%,96.07690547035935
2026-08-31T05:05:00+00:00,22411527-3,Dew Point,CURRENT,°C,14.795046685685731
2026-08-31T05:05:00+00:00,22411528-1,Temperature,CURRENT,°C,14.197255859374998
2026-08-31T05:05:00+00:00,22411528-2,RH,CURRENT,%,100
2026-08-31T05:05:00+00:00,22411528-3,Dew Point,CURRENT,°C,14.214997003001276
2026-08-31T05:05:00+00:00,22411529-1,Temperature,CURRENT,°C,14.0900048828125
2026-08-31T05:05:00+00:00,22411529-2,RH,CURRENT,%,97.90188448920424
2026-08-31T05:05:00+00:00,22411529-3,Dew Point,CURRENT,°C,13.780478579973664
2026-08-31T05:05:00+00:00,22411530-1,Temperature,CURRENT,°C,15.141064453124997
2026-08-31T05:05:00+00:00,22411530-2,RH,CURRENT,%,97.80575265125505
2026-08-31T05:05:00+00:00,22411530-3,Dew Point,CURRENT,°C,14.815216848893622
2026-08-31T05:05:00+00:00,22411541-S,Battery,CURRENT,V,8.202780029296875
2026-08-31T05:05:00+00:00,22447758-1,Temperature,CURRENT,°C,14.669160156250001
2026-08-31T05:05:00+00:00,22447758-2,RH,CURRENT,%,95.67864499885557
2026-08-31T05:05:00+00:00,22447758-3,Dew Point,CURRENT,°C,14.004038953627672
2026-08-31T05:05:00+00:00,22447759-1,Temperature,CURRENT,°C,14.862211914062499
2026-08-31T05:05:00+00:00,22447759-2,RH,CURRENT,%,95.19645990691997
2026-08-31T05:05:00+00:00,22447759-3,Dew Point,CURRENT,°C,14.118282997525345
2026-08-31T05:05:00+00:00,22447760-1,Temperature,CURRENT,°C,14.647709960937497
2026-08-31T05:05:00+00:00,22447760-2,RH,CURRENT,%,96.14099336232547
2026-08-31T05:05:00+00:00,22447760-3,Dew Point,CURRENT,°C,14.05707858914342
2026-08-31T05:05:00+00:00,22447761-1,Temperature,CURRENT,°C,14.433208007812496
2026-08-31T05:05:00+00:00,22447761-2,RH,CURRENT,%,95.10032806897078
2026-08-31T05:05:00+00:00,22447761-3,Dew Point,CURRENT,°C,13.67563010707317
2026-08-31T05:05:00+00:00,22447762-1,Temperature,CURRENT,°C,14.840761718749995
2026-08-31T05:05:00+00:00,22447762-2,RH,CURRENT,%,94.80888075074388
2026-08-31T05:05:00+00:00,22447762-3,Dew Point,CURRENT,°C,14.033934853328406
2026-08-31T05:05:00+00:00,22447764-1,Temperature,CURRENT,°C,14.476108398437496
2026-08-31T05:05:00+00:00,22447764-2,RH,CURRENT,%,96.22339208056763
2026-08-31T05:05:00+00:00,22447764-3,Dew Point,CURRENT,°C,13.899241282875455
2026-08-31T05:05:00+00:00,22447765-1,Temperature,CURRENT,°C,14.690610351562498
2026-08-31T05:05:00+00:00,22447765-2,RH,CURRENT,%,95.56878004119936
2026-08-31T05:05:00+00:00,22447765-3,Dew Point,CURRENT,°C,14.007673687857316
2026-08-31T05:05:00+00:00,22447766-1,Temperature,CURRENT,°C,14.883662109374995
2026-08-31T05:05:00+00:00,22447766-2,RH,CURRENT,%,94.71580071717403
2026-08-31T05:05:00+00:00,22447766-3,Dew Point,CURRENT,°C,14.061456159001647
2026-08-31T05:10:00+00:00,22411189-1,Temperature,CURRENT,°C,14.433208007812496
2026-08-31T05:10:00+00:00,22411189-2,RH,CURRENT,%,100
2026-08-31T05:10:00+00:00,22411189-3,Dew Point,CURRENT,°C,14.451325899114822
2026-08-31T05:10:00+00:00,22411190-1,Temperature,CURRENT,°C,14.669160156250001
2026-08-31T05:10:00+00:00,22411190-2,RH,CURRENT,%,97.97970550087739
2026-08-31T05:10:00+00:00,22411190-3,Dew Point,CURRENT,°C,14.371348822102922
2026-08-31T05:10:00+00:00,22411191-1,Temperature,CURRENT,°C,15.419916992187495
2026-08-31T05:10:00+00:00,22411191-2,RH,CURRENT,%,99.97558556496529
2026-08-31T05:10:00+00:00,22411191-3,Dew Point,CURRENT,°C,15.435798617115195
2026-08-31T05:10:00+00:00,22411525-1,Temperature,CURRENT,°C,15.591518554687497
2026-08-31T05:10:00+00:00,22411525-2,RH,CURRENT,%,97.43495841916533
2026-08-31T05:10:00+00:00,22411525-3,Dew Point,CURRENT,°C,15.2059625869762
2026-08-31T05:10:00+00:00,22411526-1,Temperature,CURRENT,°C,14.261606445312495
2026-08-31T05:10:00+00:00,22411526-2,RH,CURRENT,%,99.09819180590524
2026-08-31T05:10:00+00:00,22411526-3,Dew Point,CURRENT,°C,14.13941252446715
2026-08-31T05:10:00+00:00,22411527-1,Temperature,CURRENT,°C,15.741669921875001
2026-08-31T05:10:00+00:00,22411527-2,RH,CURRENT,%,97.56313420309758
2026-08-31T05:10:00+00:00,22411527-3,Dew Point,CURRENT,°C,15.376381603216123
2026-08-31T05:10:00+00:00,22411528-1,Temperature,CURRENT,°C,14.068554687499997
2026-08-31T05:10:00+00:00,22411528-2,RH,CURRENT,%,100
2026-08-31T05:10:00+00:00,22411528-3,Dew Point,CURRENT,°C,14.086090320406191
2026-08-31T05:10:00+00:00,22411529-1,Temperature,CURRENT,°C,14.0042041015625
2026-08-31T05:10:00+00:00,22411529-2,RH,CURRENT,%,97.73708705271991
2026-08-31T05:10:00+00:00,22411529-3,Dew Point,CURRENT,°C,13.668829869568457
2026-08-31T05:10:00+00:00,22411530-1,Temperature,CURRENT,°C,15.226865234374998
2026-08-31T05:10:00+00:00,22411530-2,RH,CURRENT,%,99.28587777523461
2026-08-31T05:10:00+00:00,22411530-3,Dew Point,CURRENT,°C,15.134597438619565
2026-08-31T05:10:00+00:00,22411541-S,Battery,CURRENT,V,8.193087890625
2026-08-31T05:10:00+00:00,22447758-1,Temperature,CURRENT,°C,14.733510742187498
2026-08-31T05:10:00+00:00,22447758-2,RH,CURRENT,%,95.7976653696498
2026-08-31T05:10:00+00:00,22447758-3,Dew Point,CURRENT,°C,14.087341180458589
2026-08-31T05:10:00+00:00,22447759-1,Temperature,CURRENT,°C,14.9051123046875
2026-08-31T05:10:00+00:00,22447759-2,RH,CURRENT,%,95.85107194628824
2026-08-31T05:10:00+00:00,22447759-3,Dew Point,CURRENT,°C,14.26693161831335
2026-08-31T05:10:00+00:00,22447760-1,Temperature,CURRENT,°C,14.712060546875001
2026-08-31T05:10:00+00:00,22447760-2,RH,CURRENT,%,96.48737315938048
2026-08-31T05:10:00+00:00,22447760-3,Dew Point,CURRENT,°C,14.176788510413807
2026-08-31T05:10:00+00:00,22447761-1,Temperature,CURRENT,°C,14.454658203125
2026-08-31T05:10:00+00:00,22447761-2,RH,CURRENT,%,95.4207675288014
2026-08-31T05:10:00+00:00,22447761-3,Dew Point,CURRENT,°C,13.748781351534804
2026-08-31T05:10:00+00:00,22447762-1,Temperature,CURRENT,°C,14.9051123046875
2026-08-31T05:10:00+00:00,22447762-2,RH,CURRENT,%,95.2300297550927
2026-08-31T05:10:00+00:00,22447762-3,Dew Point,CURRENT,°C,14.166441020760569
2026-08-31T05:10:00+00:00,22447764-1,Temperature,CURRENT,°C,14.476108398437496
2026-08-31T05:10:00+00:00,22447764-2,RH,CURRENT,%,96.27374685282673
2026-08-31T05:10:00+00:00,22447764-3,Dew Point,CURRENT,°C,13.907309092191355
2026-08-31T05:10:00+00:00,22447765-1,Temperature,CURRENT,°C,14.733510742187498
2026-08-31T05:10:00+00:00,22447765-2,RH,CURRENT,%,96.00671396963455
2026-08-31T05:10:00+00:00,22447765-3,Dew Point,CURRENT,°C,14.121009500493983
2026-08-31T05:10:00+00:00,22447766-1,Temperature,CURRENT,°C,14.926562499999996
2026-08-31T05:10:00+00:00,22447766-2,RH,CURRENT,%,95.31242847333486
2026-08-31T05:10:00+00:00,22447766-3,Dew Point,CURRENT,°C,14.201164989231335
2026-08-31T05:15:00+00:00,22411189-1,Temperature,CURRENT,°C,14.733510742187498
2026-08-31T05:15:00+00:00,22411189-2,RH,CURRENT,%,100
2026-08-31T05:15:00+00:00,22411189-3,Dew Point,CURRENT,°C,14.752108089397819
2026-08-31T05:15:00+00:00,22411190-1,Temperature,CURRENT,°C,14.926562499999996
2026-08-31T05:15:00+00:00,22411190-2,RH,CURRENT,%,98.60227359426261
2026-08-31T05:15:00+00:00,22411190-3,Dew Point,CURRENT,°C,14.726793231093152
2026-08-31T05:15:00+00:00,22411191-1,Temperature,CURRENT,°C,15.956171874999995
2026-08-31T05:15:00+00:00,22411191-2,RH,CURRENT,%,99.65972381170367
2026-08-31T05:15:00+00:00,22411191-3,Dew Point,CURRENT,°C,15.923299086307372
2026-08-31T05:15:00+00:00,22411525-1,Temperature,CURRENT,°C,16.170673828124997
2026-08-31T05:15:00+00:00,22411525-2,RH,CURRENT,%,96.42481116960403
2026-08-31T05:15:00+00:00,22411525-3,Dew Point,CURRENT,°C,15.621168330662789
2026-08-31T05:15:00+00:00,22411526-1,Temperature,CURRENT,°C,14.368857421875
2026-08-31T05:15:00+00:00,22411526-2,RH,CURRENT,%,99.25688563363089
2026-08-31T05:15:00+00:00,22411526-3,Dew Point,CURRENT,°C,14.271460134342467
2026-08-31T05:15:00+00:00,22411527-1,Temperature,CURRENT,°C,16.342275390624998
2026-08-31T05:15:00+00:00,22411527-2,RH,CURRENT,%,95.8434424353399
2026-08-31T05:15:00+00:00,22411527-3,Dew Point,CURRENT,°C,15.697644112098503
2026-08-31T05:15:00+00:00,22411528-1,Temperature,CURRENT,°C,14.175805664062501
2026-08-31T05:15:00+00:00,22411528-2,RH,CURRENT,%,100
2026-08-31T05:15:00+00:00,22411528-3,Dew Point,CURRENT,°C,14.193512556489733
2026-08-31T05:15:00+00:00,22411529-1,Temperature,CURRENT,°C,13.982753906249997
2026-08-31T05:15:00+00:00,22411529-2,RH,CURRENT,%,97.97665369649805
2026-08-31T05:15:00+00:00,22411529-3,Dew Point,CURRENT,°C,13.685086897333365
2026-08-31T05:15:00+00:00,22411530-1,Temperature,CURRENT,°C,15.61296875
2026-08-31T05:15:00+00:00,22411530-2,RH,CURRENT,%,97.61959258411535
2026-08-31T05:15:00+00:00,22411530-3,Dew Point,CURRENT,°C,15.256883928124893
2026-08-31T05:15:00+00:00,22411541-S,Battery,CURRENT,V,8.189857177734375
2026-08-31T05:15:00+00:00,22447758-1,Temperature,CURRENT,°C,15.055263671874997
2026-08-31T05:15:00+00:00,22447758-2,RH,CURRENT,%,96.38361181048295
2026-08-31T05:15:00+00:00,22447758-3,Dew Point,CURRENT,°C,14.502359213276325
2026-08-31T05:15:00+00:00,22447759-1,Temperature,CURRENT,°C,15.248315429687501
2026-08-31T05:15:00+00:00,22447759-2,RH,CURRENT,%,96.11352712291142
2026-08-31T05:15:00+00:00,22447759-3,Dew Point,CURRENT,°C,14.651306645506535
2026-08-31T05:15:00+00:00,22447760-1,Temperature,CURRENT,°C,15.0338134765625
2026-08-31T05:15:00+00:00,22447760-2,RH,CURRENT,%,96.88715953307393
2026-08-31T05:15:00+00:00,22447760-3,Dew Point,CURRENT,°C,14.561722503936734
2026-08-31T05:15:00+00:00,22447761-1,Temperature,CURRENT,°C,14.733510742187498
2026-08-31T05:15:00+00:00,22447761-2,RH,CURRENT,%,96.02655069810025
2026-08-31T05:15:00+00:00,22447761-3,Dew Point,CURRENT,°C,14.124200962568889
2026-08-31T05:15:00+00:00,22447762-1,Temperature,CURRENT,°C,15.269765624999998
2026-08-31T05:15:00+00:00,22447762-2,RH,CURRENT,%,95.01335164415961
2026-08-31T05:15:00+00:00,22447762-3,Dew Point,CURRENT,°C,14.494190247553384
2026-08-31T05:15:00+00:00,22447764-1,Temperature,CURRENT,°C,14.840761718749995
2026-08-31T05:15:00+00:00,22447764-2,RH,CURRENT,%,97.0794232089723
2026-08-31T05:15:00+00:00,22447764-3,Dew Point,CURRENT,°C,14.399801094254082
2026-08-31T05:15:00+00:00,22447765-1,Temperature,CURRENT,°C,15.0767138671875
2026-08-31T05:15:00+00:00,22447765-2,RH,CURRENT,%,96.50263218127718
2026-08-31T05:15:00+00:00,22447765-3,Dew Point,CURRENT,°C,14.542872850021773
2026-08-31T05:15:00+00:00,22447766-1,Temperature,CURRENT,°C,15.291215820312502
2026-08-31T05:15:00+00:00,22447766-2,RH,CURRENT,%,95.44365606164645
2026-08-31T05:15:00+00:00,22447766-3,Dew Point,CURRENT,°C,14.585580566377818
2026-08-31T05:20:00+00:00,22411189-1,Temperature,CURRENT,°C,14.49755859375
2026-08-31T05:20:00+00:00,22411189-2,RH,CURRENT,%,100
2026-08-31T05:20:00+00:00,22411189-3,Dew Point,CURRENT,°C,14.515779229482403
2026-08-31T05:20:00+00:00,22411190-1,Temperature,CURRENT,°C,14.712060546875001
2026-08-31T05:20:00+00:00,22411190-2,RH,CURRENT,%,98.27725642786298
2026-08-31T05:20:00+00:00,22411190-3,Dew Point,CURRENT,°C,14.461169054120797
2026-08-31T05:20:00+00:00,22411191-1,Temperature,CURRENT,°C,15.4413671875
2026-08-31T05:20:00+00:00,22411191-2,RH,CURRENT,%,97.70656900892652
2026-08-31T05:20:00+00:00,22411191-3,Dew Point,CURRENT,°C,15.099381839016731
2026-08-31T05:20:00+00:00,22411525-1,Temperature,CURRENT,°C,15.591518554687497
2026-08-31T05:20:00+00:00,22411525-2,RH,CURRENT,%,94.52048523689632
2026-08-31T05:20:00+00:00,22411525-3,Dew Point,CURRENT,°C,14.733675530679164
2026-08-31T05:20:00+00:00,22411526-1,Temperature,CURRENT,°C,14.197255859374998
2026-08-31T05:20:00+00:00,22411526-2,RH,CURRENT,%,99.19890135042344
2026-08-31T05:20:00+00:00,22411526-3,Dew Point,CURRENT,°C,14.09071683920256
2026-08-31T05:20:00+00:00,22411527-1,Temperature,CURRENT,°C,15.763120117187498
2026-08-31T05:20:00+00:00,22411527-2,RH,CURRENT,%,94.2549782558938
2026-08-31T05:20:00+00:00,22411527-3,Dew Point,CURRENT,°C,14.860645072433408
2026-08-31T05:20:00+00:00,22411528-1,Temperature,CURRENT,°C,13.9613037109375
2026-08-31T05:20:00+00:00,22411528-2,RH,CURRENT,%,100
2026-08-31T05:20:00+00:00,22411528-3,Dew Point,CURRENT,°C,13.97866807844634
2026-08-31T05:20:00+00:00,22411529-1,Temperature,CURRENT,°C,13.9184033203125
2026-08-31T05:20:00+00:00,22411529-2,RH,CURRENT,%,97.78286411841
2026-08-31T05:20:00+00:00,22411529-3,Dew Point,CURRENT,°C,13.59033558257313
2026-08-31T05:20:00+00:00,22411530-1,Temperature,CURRENT,°C,15.1196142578125
2026-08-31T05:20:00+00:00,22411530-2,RH,CURRENT,%,96.99549858854047
2026-08-31T05:20:00+00:00,22411530-3,Dew Point,CURRENT,°C,14.66466376178001
2026-08-31T05:20:00+00:00,22411541-S,Battery,CURRENT,V,8.189857177734375
2026-08-31T05:20:00+00:00,22447758-1,Temperature,CURRENT,°C,14.583359375
2026-08-31T05:20:00+00:00,22447758-2,RH,CURRENT,%,93.87045090409704
2026-08-31T05:20:00+00:00,22447758-3,Dew Point,CURRENT,°C,13.624651558338682
2026-08-31T05:20:00+00:00,22447759-1,Temperature,CURRENT,°C,14.669160156250001
2026-08-31T05:20:00+00:00,22447759-2,RH,CURRENT,%,94.4060425726711
2026-08-31T05:20:00+00:00,22447759-3,Dew Point,CURRENT,°C,13.797556698435901
2026-08-31T05:20:00+00:00,22447760-1,Temperature,CURRENT,°C,14.604809570312497
2026-08-31T05:20:00+00:00,22447760-2,RH,CURRENT,%,94.52506294346533
2026-08-31T05:20:00+00:00,22447760-3,Dew Point,CURRENT,°C,13.752961724915572
2026-08-31T05:20:00+00:00,22447761-1,Temperature,CURRENT,°C,14.347407226562495
2026-08-31T05:20:00+00:00,22447761-2,RH,CURRENT,%,95.18730449378195
2026-08-31T05:20:00+00:00,22447761-3,Dew Point,CURRENT,°C,13.604283014199767
2026-08-31T05:20:00+00:00,22447762-1,Temperature,CURRENT,°C,14.712060546875001
2026-08-31T05:20:00+00:00,22447762-2,RH,CURRENT,%,93.47981994354161
2026-08-31T05:20:00+00:00,22447762-3,Dew Point,CURRENT,°C,13.688348789212329
2026-08-31T05:20:00+00:00,22447764-1,Temperature,CURRENT,°C,14.390307617187496
2026-08-31T05:20:00+00:00,22447764-2,RH,CURRENT,%,95.31090257114519
2026-08-31T05:20:00+00:00,22447764-3,Dew Point,CURRENT,°C,13.66696422949539
2026-08-31T05:20:00+00:00,22447765-1,Temperature,CURRENT,°C,14.583359375
2026-08-31T05:20:00+00:00,22447765-2,RH,CURRENT,%,94.2504005493248
2026-08-31T05:20:00+00:00,22447765-3,Dew Point,CURRENT,°C,13.686820571025136
2026-08-31T05:20:00+00:00,22447766-1,Temperature,CURRENT,°C,14.733510742187498
2026-08-31T05:20:00+00:00,22447766-2,RH,CURRENT,%,94.63492790112154
2026-08-31T05:20:00+00:00,22447766-3,Dew Point,CURRENT,°C,13.89889164282107
2026-08-31T05:25:00+00:00,22411189-1,Temperature,CURRENT,°C,14.519008789062497
2026-08-31T05:25:00+00:00,22411189-2,RH,CURRENT,%,100
2026-08-31T05:25:00+00:00,22411189-3,Dew Point,CURRENT,°C,14.537263672468157
2026-08-31T05:25:00+00:00,22411190-1,Temperature,CURRENT,°C,14.754960937500002
2026-08-31T05:25:00+00:00,22411190-2,RH,CURRENT,%,98.50308995193409
2026-08-31T05:25:00+00:00,22411190-3,Dew Point,CURRENT,°C,14.539615836708101
2026-08-31T05:25:00+00:00,22411191-1,Temperature,CURRENT,°C,15.248315429687501
2026-08-31T05:25:00+00:00,22411191-2,RH,CURRENT,%,99.55443656061647
2026-08-31T05:25:00+00:00,22411191-3,Dew Point,CURRENT,°C,15.19814147064941
2026-08-31T05:25:00+00:00,22411525-1,Temperature,CURRENT,°C,15.377016601562495
2026-08-31T05:25:00+00:00,22411525-2,RH,CURRENT,%,96.84901197833219
2026-08-31T05:25:00+00:00,22411525-3,Dew Point,CURRENT,°C,14.898016708352626
2026-08-31T05:25:00+00:00,22411526-1,Temperature,CURRENT,°C,14.175805664062501
2026-08-31T05:25:00+00:00,22411526-2,RH,CURRENT,%,99.29961089494164
2026-08-31T05:25:00+00:00,22411526-3,Dew Point,CURRENT,°C,14.084922989841683
2026-08-31T05:25:00+00:00,22411527-1,Temperature,CURRENT,°C,15.505717773437496
2026-08-31T05:25:00+00:00,22411527-2,RH,CURRENT,%,96.66132600900282
2026-08-31T05:25:00+00:00,22411527-3,Dew Point,CURRENT,°C,14.996238217708116
2026-08-31T05:25:00+00:00,22411528-1,Temperature,CURRENT,°C,13.939853515624996
2026-08-31T05:25:00+00:00,22411528-2,RH,CURRENT,%,100
2026-08-31T05:25:00+00:00,22411528-3,Dew Point,CURRENT,°C,13.957183629349206
2026-08-31T05:25:00+00:00,22411529-1,Temperature,CURRENT,°C,13.896953124999996
2026-08-31T05:25:00+00:00,22411529-2,RH,CURRENT,%,98.26352330815595
2026-08-31T05:25:00+00:00,22411529-3,Dew Point,CURRENT,°C,13.644348701069113
2026-08-31T05:25:00+00:00,22411530-1,Temperature,CURRENT,°C,15.055263671874997
2026-08-31T05:25:00+00:00,22411530-2,RH,CURRENT,%,98.27725642786298
2026-08-31T05:25:00+00:00,22411530-3,Dew Point,CURRENT,°C,14.804186101830371
2026-08-31T05:25:00+00:00,22411541-S,Battery,CURRENT,V,8.18662646484375
2026-08-31T05:25:00+00:00,22447758-1,Temperature,CURRENT,°C,14.604809570312497
2026-08-31T05:25:00+00:00,22447758-2,RH,CURRENT,%,96.13031204699779
2026-08-31T05:25:00+00:00,22447758-3,Dew Point,CURRENT,°C,14.012601986199451
2026-08-31T05:25:00+00:00,22447759-1,Temperature,CURRENT,°C,14.776411132812498
2026-08-31T05:25:00+00:00,22447759-2,RH,CURRENT,%,95.96093690394446
2026-08-31T05:25:00+00:00,22447759-3,Dew Point,CURRENT,°C,14.156394175027371
2026-08-31T05:25:00+00:00,22447760-1,Temperature,CURRENT,°C,14.626259765625
2026-08-31T05:25:00+00:00,22447760-2,RH,CURRENT,%,96.49805447470817
2026-08-31T05:25:00+00:00,22447760-3,Dew Point,CURRENT,°C,14.0929369507792
2026-08-31T05:25:00+00:00,22447761-1,Temperature,CURRENT,°C,14.390307617187496
2026-08-31T05:25:00+00:00,22447761-2,RH,CURRENT,%,95.56267643244068
2026-08-31T05:25:00+00:00,22447761-3,Dew Point,CURRENT,°C,13.707576597724424
2026-08-31T05:25:00+00:00,22447762-1,Temperature,CURRENT,°C,14.797861328124995
2026-08-31T05:25:00+00:00,22447762-2,RH,CURRENT,%,95.24681467917907
2026-08-31T05:25:00+00:00,22447762-3,Dew Point,CURRENT,°C,14.062383178082433
2026-08-31T05:25:00+00:00,22447764-1,Temperature,CURRENT,°C,14.390307617187496
2026-08-31T05:25:00+00:00,22447764-2,RH,CURRENT,%,96.55603875791562
2026-08-31T05:25:00+00:00,22447764-3,Dew Point,CURRENT,°C,13.866900311005976
2026-08-31T05:25:00+00:00,22447765-1,Temperature,CURRENT,°C,14.604809570312497
2026-08-31T05:25:00+00:00,22447765-2,RH,CURRENT,%,96.15930418860151
2026-08-31T05:25:00+00:00,22447765-3,Dew Point,CURRENT,°C,14.01725622962443
2026-08-31T05:25:00+00:00,22447766-1,Temperature,CURRENT,°C,14.776411132812498
2026-08-31T05:25:00+00:00,22447766-2,RH,CURRENT,%,95.61303120469978
2026-08-31T05:25:00+00:00,22447766-3,Dew Point,CURRENT,°C,14.10028402879978
2026-08-31T05:30:00+00:00,22411189-1,Temperature,CURRENT,°C,14.561909179687497
2026-08-31T05:30:00+00:00,22411189-2,RH,CURRENT,%,100
2026-08-31T05:30:00+00:00,22411189-3,Dew Point,CURRENT,°C,14.580232557734515
2026-08-31T05:30:00+00:00,22411190-1,Temperature,CURRENT,°C,14.797861328124995
2026-08-31T05:30:00+00:00,22411190-2,RH,CURRENT,%,98.50156404974442
2026-08-31T05:30:00+00:00,22411190-3,Dew Point,CURRENT,°C,14.582264928586518
2026-08-31T05:30:00+00:00,22411191-1,Temperature,CURRENT,°C,15.183964843749997
2026-08-31T05:30:00+00:00,22411191-2,RH,CURRENT,%,99.7940032043946
2026-08-31T05:30:00+00:00,22411191-3,Dew Point,CURRENT,°C,15.171156623488187
2026-08-31T05:30:00+00:00,22411525-1,Temperature,CURRENT,°C,15.269765624999998
2026-08-31T05:30:00+00:00,22411525-2,RH,CURRENT,%,97.0595864805066
2026-08-31T05:30:00+00:00,22411525-3,Dew Point,CURRENT,°C,14.82475110962735
2026-08-31T05:30:00+00:00,22411526-1,Temperature,CURRENT,°C,14.283056640624999
2026-08-31T05:30:00+00:00,22411526-2,RH,CURRENT,%,99.3667505912871
2026-08-31T05:30:00+00:00,22411526-3,Dew Point,CURRENT,°C,14.202700029708371
2026-08-31T05:30:00+00:00,22411527-1,Temperature,CURRENT,°C,15.377016601562495
2026-08-31T05:30:00+00:00,22411527-2,RH,CURRENT,%,97.03364614328221
2026-08-31T05:30:00+00:00,22411527-3,Dew Point,CURRENT,°C,14.927623454727728
2026-08-31T05:30:00+00:00,22411528-1,Temperature,CURRENT,°C,14.154355468749998
2026-08-31T05:30:00+00:00,22411528-2,RH,CURRENT,%,100
2026-08-31T05:30:00+00:00,22411528-3,Dew Point,CURRENT,°C,14.172028109743131
2026-08-31T05:30:00+00:00,22411529-1,Temperature,CURRENT,°C,13.9613037109375
2026-08-31T05:30:00+00:00,22411529-2,RH,CURRENT,%,98.80521858548867
2026-08-31T05:30:00+00:00,22411529-3,Dew Point,CURRENT,°C,13.793338184620055
2026-08-31T05:30:00+00:00,22411530-1,Temperature,CURRENT,°C,15.0338134765625
2026-08-31T05:30:00+00:00,22411530-2,RH,CURRENT,%,98.09872587167163
2026-08-31T05:30:00+00:00,22411530-3,Dew Point,CURRENT,°C,14.754515294941951
2026-08-31T05:30:00+00:00,22411541-S,Battery,CURRENT,V,8.18662646484375
2026-08-31T05:30:00+00:00,22447758-1,Temperature,CURRENT,°C,14.583359375
2026-08-31T05:30:00+00:00,22447758-2,RH,CURRENT,%,95.722896162356
2026-08-31T05:30:00+00:00,22447758-3,Dew Point,CURRENT,°C,13.925697563624418
2026-08-31T05:30:00+00:00,22447759-1,Temperature,CURRENT,°C,14.754960937500002
2026-08-31T05:30:00+00:00,22447759-2,RH,CURRENT,%,95.71068894483864
2026-08-31T05:30:00+00:00,22447759-3,Dew Point,CURRENT,°C,14.094683258194827
2026-08-31T05:30:00+00:00,22447760-1,Temperature,CURRENT,°C,14.583359375
2026-08-31T05:30:00+00:00,22447760-2,RH,CURRENT,%,96.43244068055238
2026-08-31T05:30:00+00:00,22447760-3,Dew Point,CURRENT,°C,14.039654948515134
2026-08-31T05:30:00+00:00,22447761-1,Temperature,CURRENT,°C,14.347407226562495
2026-08-31T05:30:00+00:00,22447761-2,RH,CURRENT,%,95.60082398718242
2026-08-31T05:30:00+00:00,22447761-3,Dew Point,CURRENT,°C,13.670989343341118
2026-08-31T05:30:00+00:00,22447762-1,Temperature,CURRENT,°C,14.754960937500002
2026-08-31T05:30:00+00:00,22447762-2,RH,CURRENT,%,94.9187457084001
2026-08-31T05:30:00+00:00,22447762-3,Dew Point,CURRENT,°C,13.966425068401646
2026-08-31T05:30:00+00:00,22447764-1,Temperature,CURRENT,°C,14.347407226562495
2026-08-31T05:30:00+00:00,22447764-2,RH,CURRENT,%,96.68116273746853
2026-08-31T05:30:00+00:00,22447764-3,Dew Point,CURRENT,°C,13.844075306112934
2026-08-31T05:30:00+00:00,22447765-1,Temperature,CURRENT,°C,14.583359375
2026-08-31T05:30:00+00:00,22447765-2,RH,CURRENT,%,95.87396047913329
2026-08-31T05:30:00+00:00,22447765-3,Dew Point,CURRENT,°C,13.95002140947808
2026-08-31T05:30:00+00:00,22447766-1,Temperature,CURRENT,°C,14.754960937500002
2026-08-31T05:30:00+00:00,22447766-2,RH,CURRENT,%,95.44060425726711
2026-08-31T05:30:00+00:00,22447766-3,Dew Point,CURRENT,°C,14.051046997273994
2026-08-31T05:35:00+00:00,22411189-1,Temperature,CURRENT,°C,14.433208007812496
2026-08-31T05:35:00+00:00,22411189-2,RH,CURRENT,%,100
2026-08-31T05:35:00+00:00,22411189-3,Dew Point,CURRENT,°C,14.451325899114822
2026-08-31T05:35:00+00:00,22411190-1,Temperature,CURRENT,°C,14.583359375
2026-08-31T05:35:00+00:00,22411190-2,RH,CURRENT,%,98.30930037384604
2026-08-31T05:35:00+00:00,22411190-3,Dew Point,CURRENT,°C,14.337581919391006
2026-08-31T05:35:00+00:00,22411191-1,Temperature,CURRENT,°C,15.012363281249996
2026-08-31T05:35:00+00:00,22411191-2,RH,CURRENT,%,99.51934081025406
2026-08-31T05:35:00+00:00,22411191-3,Dew Point,CURRENT,°C,14.956459636222613
2026-08-31T05:35:00+00:00,22411525-1,Temperature,CURRENT,°C,15.1196142578125
2026-08-31T05:35:00+00:00,22411525-2,RH,CURRENT,%,96.57434958419165
2026-08-31T05:35:00+00:00,22411525-3,Dew Point,CURRENT,°C,14.59717268448695
2026-08-31T05:35:00+00:00,22411526-1,Temperature,CURRENT,°C,14.240156249999998
2026-08-31T05:35:00+00:00,22411526-2,RH,CURRENT,%,99.3820096131838
2026-08-31T05:35:00+00:00,22411526-3,Dew Point,CURRENT,°C,14.162137371712348
2026-08-31T05:35:00+00:00,22411527-1,Temperature,CURRENT,°C,15.269765624999998
2026-08-31T05:35:00+00:00,22411527-2,RH,CURRENT,%,96.7727168688487
2026-08-31T05:35:00+00:00,22411527-3,Dew Point,CURRENT,°C,14.778779022947171
2026-08-31T05:35:00+00:00,22411528-1,Temperature,CURRENT,°C,14.111455078124997
2026-08-31T05:35:00+00:00,22411528-2,RH,CURRENT,%,100
2026-08-31T05:35:00+00:00,22411528-3,Dew Point,CURRENT,°C,14.129059215544768
2026-08-31T05:35:00+00:00,22411529-1,Temperature,CURRENT,°C,14.025654296874997
2026-08-31T05:35:00+00:00,22411529-2,RH,CURRENT,%,98.83115892271306
2026-08-31T05:35:00+00:00,22411529-3,Dew Point,CURRENT,°C,13.861743298041683
2026-08-31T05:35:00+00:00,22411530-1,Temperature,CURRENT,°C,14.840761718749995
2026-08-31T05:35:00+00:00,22411530-2,RH,CURRENT,%,97.90798809796291
2026-08-31T05:35:00+00:00,22411530-3,Dew Point,CURRENT,°C,14.53144506556428
2026-08-31T05:35:00+00:00,22411541-S,Battery,CURRENT,V,8.1801650390625
2026-08-31T05:35:00+00:00,22447758-1,Temperature,CURRENT,°C,14.325957031249999
2026-08-31T05:35:00+00:00,22447758-2,RH,CURRENT,%,95.20561532005799
2026-08-31T05:35:00+00:00,22447758-3,Dew Point,CURRENT,°C,13.585886770411822
2026-08-31T05:35:00+00:00,22447759-1,Temperature,CURRENT,°C,14.454658203125
2026-08-31T05:35:00+00:00,22447759-2,RH,CURRENT,%,95.15678644998856
2026-08-31T05:35:00+00:00,22447759-3,Dew Point,CURRENT,°C,13.706120120107242
2026-08-31T05:35:00+00:00,22447760-1,Temperature,CURRENT,°C,14.325957031249999
2026-08-31T05:35:00+00:00,22447760-2,RH,CURRENT,%,95.86938277256428
2026-08-31T05:35:00+00:00,22447760-3,Dew Point,CURRENT,°C,13.692802462373036
2026-08-31T05:35:00+00:00,22447761-1,Temperature,CURRENT,°C,14.154355468749998
2026-08-31T05:35:00+00:00,22447761-2,RH,CURRENT,%,95.32005798428321
2026-08-31T05:35:00+00:00,22447761-3,Dew Point,CURRENT,°C,13.433498314292148
2026-08-31T05:35:00+00:00,22447762-1,Temperature,CURRENT,°C,14.454658203125
2026-08-31T05:35:00+00:00,22447762-2,RH,CURRENT,%,94.50064850843061
2026-08-31T05:35:00+00:00,22447762-3,Dew Point,CURRENT,°C,13.599631944154586
2026-08-31T05:35:00+00:00,22447764-1,Temperature,CURRENT,°C,14.154355468749998
2026-08-31T05:35:00+00:00,22447764-2,RH,CURRENT,%,96.47821774624246
2026-08-31T05:35:00+00:00,22447764-3,Dew Point,CURRENT,°C,13.619178690884425
2026-08-31T05:35:00+00:00,22447765-1,Temperature,CURRENT,°C,14.325957031249999
2026-08-31T05:35:00+00:00,22447765-2,RH,CURRENT,%,95.34447241931792
2026-08-31T05:35:00+00:00,22447765-3,Dew Point,CURRENT,°C,13.608307029771895
2026-08-31T05:35:00+00:00,22447766-1,Temperature,CURRENT,°C,14.433208007812496
2026-08-31T05:35:00+00:00,22447766-2,RH,CURRENT,%,94.87296864271
2026-08-31T05:35:00+00:00,22447766-3,Dew Point,CURRENT,°C,13.638790924562954
2026-08-31T05:40:00+00:00,22411189-1,Temperature,CURRENT,°C,14.325957031249999
2026-08-31T05:40:00+00:00,22411189-2,RH,CURRENT,%,100
2026-08-31T05:40:00+00:00,22411189-3,Dew Point,CURRENT,°C,14.343903677134453
2026-08-31T05:40:00+00:00,22411190-1,Temperature,CURRENT,°C,14.49755859375
2026-08-31T05:40:00+00:00,22411190-2,RH,CURRENT,%,98.40085450522622
2026-08-31T05:40:00+00:00,22411190-3,Dew Point,CURRENT,°C,14.266219160821294
2026-08-31T05:40:00+00:00,22411191-1,Temperature,CURRENT,°C,14.926562499999996
2026-08-31T05:40:00+00:00,22411191-2,RH,CURRENT,%,100
2026-08-31T05:40:00+00:00,22411191-3,Dew Point,CURRENT,°C,14.945468044537495
2026-08-31T05:40:00+00:00,22411525-1,Temperature,CURRENT,°C,15.0338134765625
2026-08-31T05:40:00+00:00,22411525-2,RH,CURRENT,%,97.61043717097733
2026-08-31T05:40:00+00:00,22411525-3,Dew Point,CURRENT,°C,14.677068022501443
2026-08-31T05:40:00+00:00,22411526-1,Temperature,CURRENT,°C,14.132905273437501
2026-08-31T05:40:00+00:00,22411526-2,RH,CURRENT,%,99.38963912413215
2026-08-31T05:40:00+00:00,22411526-3,Dew Point,CURRENT,°C,14.05598205967966
2026-08-31T05:40:00+00:00,22411527-1,Temperature,CURRENT,°C,15.183964843749997
2026-08-31T05:40:00+00:00,22411527-2,RH,CURRENT,%,97.3708705271992
2026-08-31T05:40:00+00:00,22411527-3,Dew Point,CURRENT,°C,14.788844839471237
2026-08-31T05:40:00+00:00,22411528-1,Temperature,CURRENT,°C,14.025654296874997
2026-08-31T05:40:00+00:00,22411528-2,RH,CURRENT,%,100
2026-08-31T05:40:00+00:00,22411528-3,Dew Point,CURRENT,°C,14.043121424327415
2026-08-31T05:40:00+00:00,22411529-1,Temperature,CURRENT,°C,14.068554687499997
2026-08-31T05:40:00+00:00,22411529-2,RH,CURRENT,%,98.89066910811017
2026-08-31T05:40:00+00:00,22411529-3,Dew Point,CURRENT,°C,13.913933472994163
2026-08-31T05:40:00+00:00,22411530-1,Temperature,CURRENT,°C,14.712060546875001
2026-08-31T05:40:00+00:00,22411530-2,RH,CURRENT,%,98.35965514610514
2026-08-31T05:40:00+00:00,22411530-3,Dew Point,CURRENT,°C,14.474151032800526
2026-08-31T05:40:00+00:00,22411541-S,Battery,CURRENT,V,8.18662646484375
2026-08-31T05:40:00+00:00,22447758-1,Temperature,CURRENT,°C,14.390307617187496
2026-08-31T05:40:00+00:00,22447758-2,RH,CURRENT,%,96.24628061341268
2026-08-31T05:40:00+00:00,22447758-3,Dew Point,CURRENT,°C,13.817373653414446
2026-08-31T05:40:00+00:00,22447759-1,Temperature,CURRENT,°C,14.519008789062497
2026-08-31T05:40:00+00:00,22447759-2,RH,CURRENT,%,96.31494621194781
2026-08-31T05:40:00+00:00,22447759-3,Dew Point,CURRENT,°C,13.956678597688338
2026-08-31T05:40:00+00:00,22447760-1,Temperature,CURRENT,°C,14.390307617187496
2026-08-31T05:40:00+00:00,22447760-2,RH,CURRENT,%,97.12825207904173
2026-08-31T05:40:00+00:00,22447760-3,Dew Point,CURRENT,°C,13.95802494355174
2026-08-31T05:40:00+00:00,22447761-1,Temperature,CURRENT,°C,14.197255859374998
2026-08-31T05:40:00+00:00,22447761-2,RH,CURRENT,%,95.98992904554818
2026-08-31T05:40:00+00:00,22447761-3,Dew Point,CURRENT,°C,13.583888167776696
2026-08-31T05:40:00+00:00,22447762-1,Temperature,CURRENT,°C,14.519008789062497
2026-08-31T05:40:00+00:00,22447762-2,RH,CURRENT,%,95.4665445944915
2026-08-31T05:40:00+00:00,22447762-3,Dew Point,CURRENT,°C,13.820256181968698
2026-08-31T05:40:00+00:00,22447764-1,Temperature,CURRENT,°C,14.240156249999998
2026-08-31T05:40:00+00:00,22447764-2,RH,CURRENT,%,96.91767757686732
2026-08-31T05:40:00+00:00,22447764-3,Dew Point,CURRENT,°C,13.774731367488577
2026-08-31T05:40:00+00:00,22447765-1,Temperature,CURRENT,°C,14.390307617187496
2026-08-31T05:40:00+00:00,22447765-2,RH,CURRENT,%,96.29663538567178
2026-08-31T05:40:00+00:00,22447765-3,Dew Point,CURRENT,°C,13.825434296212793
2026-08-31T05:40:00+00:00,22447766-1,Temperature,CURRENT,°C,14.49755859375
2026-08-31T05:40:00+00:00,22447766-2,RH,CURRENT,%,95.9334706645304
2026-08-31T05:40:00+00:00,22447766-3,Dew Point,CURRENT,°C,13.874093330684207
2026-08-31T05:45:00+00:00,22411189-1,Temperature,CURRENT,°C,14.519008789062497
2026-08-31T05:45:00+00:00,22411189-2,RH,CURRENT,%,100
2026-08-31T05:45:00+00:00,22411189-3,Dew Point,CURRENT,°C,14.537263672468157
2026-08-31T05:45:00+00:00,22411190-1,Temperature,CURRENT,°C,14.797861328124995
2026-08-31T05:45:00+00:00,22411190-2,RH,CURRENT,%,98.58548867017625
2026-08-31T05:45:00+00:00,22411190-3,Dew Point,CURRENT,°C,14.595469799759572
2026-08-31T05:45:00+00:00,22411191-1,Temperature,CURRENT,°C,15.183964843749997
2026-08-31T05:45:00+00:00,22411191-2,RH,CURRENT,%,100
2026-08-31T05:45:00+00:00,22411191-3,Dew Point,CURRENT,°C,15.203281288440435
2026-08-31T05:45:00+00:00,22411525-1,Temperature,CURRENT,°C,15.226865234374998
2026-08-31T05:45:00+00:00,22411525-2,RH,CURRENT,%,97.99801632715342
2026-08-31T05:45:00+00:00,22411525-3,Dew Point,CURRENT,°C,14.931448633439777
2026-08-31T05:45:00+00:00,22411526-1,Temperature,CURRENT,°C,14.218706054687502
2026-08-31T05:45:00+00:00,22411526-2,RH,CURRENT,%,99.51476310368506
2026-08-31T05:45:00+00:00,22411526-3,Dew Point,CURRENT,°C,14.161295133305812
2026-08-31T05:45:00+00:00,22411527-1,Temperature,CURRENT,°C,15.312666015624998
2026-08-31T05:45:00+00:00,22411527-2,RH,CURRENT,%,98.0849927519646
2026-08-31T05:45:00+00:00,22411527-3,Dew Point,CURRENT,°C,15.030975182804012
2026-08-31T05:45:00+00:00,22411528-1,Temperature,CURRENT,°C,14.068554687499997
2026-08-31T05:45:00+00:00,22411528-2,RH,CURRENT,%,100
2026-08-31T05:45:00+00:00,22411528-3,Dew Point,CURRENT,°C,14.086090320406191
2026-08-31T05:45:00+00:00,22411529-1,Temperature,CURRENT,°C,14.0042041015625
2026-08-31T05:45:00+00:00,22411529-2,RH,CURRENT,%,99.06157015335317
2026-08-31T05:45:00+00:00,22411529-3,Dew Point,CURRENT,°C,13.876186763707118
2026-08-31T05:45:00+00:00,22411530-1,Temperature,CURRENT,°C,15.0767138671875
2026-08-31T05:45:00+00:00,22411530-2,RH,CURRENT,%,99.11650263218128
2026-08-31T05:45:00+00:00,22411530-3,Dew Point,CURRENT,°C,14.95778565849054
2026-08-31T05:45:00+00:00,22411541-S,Battery,CURRENT,V,8.170472900390624
2026-08-31T05:45:00+00:00,22447758-1,Temperature,CURRENT,°C,14.647709960937497
2026-08-31T05:45:00+00:00,22447758-2,RH,CURRENT,%,96.79865720607309
2026-08-31T05:45:00+00:00,22447758-3,Dew Point,CURRENT,°C,14.162380398275397
2026-08-31T05:45:00+00:00,22447759-1,Temperature,CURRENT,°C,14.776411132812498
2026-08-31T05:45:00+00:00,22447759-2,RH,CURRENT,%,96.58960860608835
2026-08-31T05:45:00+00:00,22447759-3,Dew Point,CURRENT,°C,14.257335120334659
2026-08-31T05:45:00+00:00,22447760-1,Temperature,CURRENT,°C,14.647709960937497
2026-08-31T05:45:00+00:00,22447760-2,RH,CURRENT,%,97.26253147173266
2026-08-31T05:45:00+00:00,22447760-3,Dew Point,CURRENT,°C,14.2362767687872
2026-08-31T05:45:00+00:00,22447761-1,Temperature,CURRENT,°C,14.476108398437496
2026-08-31T05:45:00+00:00,22447761-2,RH,CURRENT,%,96.14557106889448
2026-08-31T05:45:00+00:00,22447761-3,Dew Point,CURRENT,°C,13.886765560877093
2026-08-31T05:45:00+00:00,22447762-1,Temperature,CURRENT,°C,14.776411132812498
2026-08-31T05:45:00+00:00,22447762-2,RH,CURRENT,%,95.76867322804608
2026-08-31T05:45:00+00:00,22447762-3,Dew Point,CURRENT,°C,14.125408040415651
2026-08-31T05:45:00+00:00,22447764-1,Temperature,CURRENT,°C,14.49755859375
2026-08-31T05:45:00+00:00,22447764-2,RH,CURRENT,%,97.40749217975127
2026-08-31T05:45:00+00:00,22447764-3,Dew Point,CURRENT,°C,14.10939927104231
2026-08-31T05:45:00+00:00,22447765-1,Temperature,CURRENT,°C,14.626259765625
2026-08-31T05:45:00+00:00,22447765-2,RH,CURRENT,%,96.74982833600366
2026-08-31T05:45:00+00:00,22447765-3,Dew Point,CURRENT,°C,14.133186342696174
2026-08-31T05:45:00+00:00,22447766-1,Temperature,CURRENT,°C,14.776411132812498
2026-08-31T05:45:00+00:00,22447766-2,RH,CURRENT,%,96.23712520027466
2026-08-31T05:45:00+00:00,22447766-3,Dew Point,CURRENT,°C,14.200810824018715
2026-08-31T05:50:00+00:00,22411189-1,Temperature,CURRENT,°C,14.583359375
2026-08-31T05:50:00+00:00,22411189-2,RH,CURRENT,%,100
2026-08-31T05:50:00+00:00,22411189-3,Dew Point,CURRENT,°C,14.601717000015123
2026-08-31T05:50:00+00:00,22411190-1,Temperature,CURRENT,°C,14.776411132812498
2026-08-31T05:50:00+00:00,22411190-2,RH,CURRENT,%,98.62058442053865
2026-08-31T05:50:00+00:00,22411190-3,Dew Point,CURRENT,°C,14.579541138613369
2026-08-31T05:50:00+00:00,22411191-1,Temperature,CURRENT,°C,15.1196142578125
2026-08-31T05:50:00+00:00,22411191-2,RH,CURRENT,%,100
2026-08-31T05:50:00+00:00,22411191-3,Dew Point,CURRENT,°C,15.138827980637908
2026-08-31T05:50:00+00:00,22411525-1,Temperature,CURRENT,°C,15.226865234374998
2026-08-31T05:50:00+00:00,22411525-2,RH,CURRENT,%,97.6928358892195
2026-08-31T05:50:00+00:00,22411525-3,Dew Point,CURRENT,°C,14.882966171108754
2026-08-31T05:50:00+00:00,22411526-1,Temperature,CURRENT,°C,14.390307617187496
2026-08-31T05:50:00+00:00,22411526-2,RH,CURRENT,%,99.60631723506523
2026-08-31T05:50:00+00:00,22411526-3,Dew Point,CURRENT,°C,14.347298156905895
2026-08-31T05:50:00+00:00,22411527-1,Temperature,CURRENT,°C,15.419916992187495
2026-08-31T05:50:00+00:00,22411527-2,RH,CURRENT,%,97.9888609140154
2026-08-31T05:50:00+00:00,22411527-3,Dew Point,CURRENT,°C,15.122872602914136
2026-08-31T05:50:00+00:00,22411528-1,Temperature,CURRENT,°C,14.240156249999998
2026-08-31T05:50:00+00:00,22411528-2,RH,CURRENT,%,100
2026-08-31T05:50:00+00:00,22411528-3,Dew Point,CURRENT,°C,14.257965895319217
2026-08-31T05:50:00+00:00,22411529-1,Temperature,CURRENT,°C,14.0042041015625
2026-08-31T05:50:00+00:00,22411529-2,RH,CURRENT,%,99.28892957961395
2026-08-31T05:50:00+00:00,22411529-3,Dew Point,CURRENT,°C,13.911536535435644
2026-08-31T05:50:00+00:00,22411530-1,Temperature,CURRENT,°C,14.969462890624996
2026-08-31T05:50:00+00:00,22411530-2,RH,CURRENT,%,98.59006637674526
2026-08-31T05:50:00+00:00,22411530-3,Dew Point,CURRENT,°C,14.767765329731104
2026-08-31T05:50:00+00:00,22411541-S,Battery,CURRENT,V,8.164011474609376
2026-08-31T05:50:00+00:00,22447758-1,Temperature,CURRENT,°C,14.604809570312497
2026-08-31T05:50:00+00:00,22447758-2,RH,CURRENT,%,96.12268253604944
2026-08-31T05:50:00+00:00,22447758-3,Dew Point,CURRENT,°C,14.011376980611004
2026-08-31T05:50:00+00:00,22447759-1,Temperature,CURRENT,°C,14.733510742187498
2026-08-31T05:50:00+00:00,22447759-2,RH,CURRENT,%,96.07232776379034
2026-08-31T05:50:00+00:00,22447759-3,Dew Point,CURRENT,°C,14.131563668152173
2026-08-31T05:50:00+00:00,22447760-1,Temperature,CURRENT,°C,14.583359375
2026-08-31T05:50:00+00:00,22447760-2,RH,CURRENT,%,96.78034637979705
2026-08-31T05:50:00+00:00,22447760-3,Dew Point,CURRENT,°C,14.095262274587341
2026-08-31T05:50:00+00:00,22447761-1,Temperature,CURRENT,°C,14.433208007812496
2026-08-31T05:50:00+00:00,22447761-2,RH,CURRENT,%,96.12268253604944
2026-08-31T05:50:00+00:00,22447761-3,Dew Point,CURRENT,°C,13.84033366020969
2026-08-31T05:50:00+00:00,22447762-1,Temperature,CURRENT,°C,14.690610351562498
2026-08-31T05:50:00+00:00,22447762-2,RH,CURRENT,%,95.30785076676585
2026-08-31T05:50:00+00:00,22447762-3,Dew Point,CURRENT,°C,13.965484894155129
2026-08-31T05:50:00+00:00,22447764-1,Temperature,CURRENT,°C,14.476108398437496
2026-08-31T05:50:00+00:00,22447764-2,RH,CURRENT,%,97.0794232089723
2026-08-31T05:50:00+00:00,22447764-3,Dew Point,CURRENT,°C,14.03589308549327
2026-08-31T05:50:00+00:00,22447765-1,Temperature,CURRENT,°C,14.604809570312497
2026-08-31T05:50:00+00:00,22447765-2,RH,CURRENT,%,96.15930418860151
2026-08-31T05:50:00+00:00,22447765-3,Dew Point,CURRENT,°C,14.01725622962443
2026-08-31T05:50:00+00:00,22447766-1,Temperature,CURRENT,°C,14.733510742187498
2026-08-31T05:50:00+00:00,22447766-2,RH,CURRENT,%,95.81445029373617
2026-08-31T05:50:00+00:00,22447766-3,Dew Point,CURRENT,°C,14.090046854934336
2026-08-31T05:55:00+00:00,22411189-1,Temperature,CURRENT,°C,14.819311523437499
2026-08-31T05:55:00+00:00,22411189-2,RH,CURRENT,%,100
2026-08-31T05:55:00+00:00,22411189-3,Dew Point,CURRENT,°C,14.838045849588205
2026-08-31T05:55:00+00:00,22411190-1,Temperature,CURRENT,°C,15.012363281249996
2026-08-31T05:55:00+00:00,22411190-2,RH,CURRENT,%,98.78995956359198
2026-08-31T05:55:00+00:00,22411190-3,Dew Point,CURRENT,°C,14.842123271344
2026-08-31T05:55:00+00:00,22411191-1,Temperature,CURRENT,°C,15.52716796875
2026-08-31T05:55:00+00:00,22411191-2,RH,CURRENT,%,100
2026-08-31T05:55:00+00:00,22411191-3,Dew Point,CURRENT,°C,15.547032227659217
2026-08-31T05:55:00+00:00,22411525-1,Temperature,CURRENT,°C,15.720219726562497
2026-08-31T05:55:00+00:00,22411525-2,RH,CURRENT,%,98.24521248187992
2026-08-31T05:55:00+00:00,22411525-3,Dew Point,CURRENT,°C,15.463687049591657
2026-08-31T05:55:00+00:00,22411526-1,Temperature,CURRENT,°C,14.519008789062497
2026-08-31T05:55:00+00:00,22411526-2,RH,CURRENT,%,99.70092317082475
2026-08-31T05:55:00+00:00,22411526-3,Dew Point,CURRENT,°C,14.490849750361654
2026-08-31T05:55:00+00:00,22411527-1,Temperature,CURRENT,°C,15.9776220703125
2026-08-31T05:55:00+00:00,22411527-2,RH,CURRENT,%,97.9034103913939
2026-08-31T05:55:00+00:00,22411527-3,Dew Point,CURRENT,°C,15.666425753144953
2026-08-31T05:55:00+00:00,22411528-1,Temperature,CURRENT,°C,14.476108398437496
2026-08-31T05:55:00+00:00,22411528-2,RH,CURRENT,%,100
2026-08-31T05:55:00+00:00,22411528-3,Dew Point,CURRENT,°C,14.494294786261586
2026-08-31T05:55:00+00:00,22411529-1,Temperature,CURRENT,°C,14.154355468749998
2026-08-31T05:55:00+00:00,22411529-2,RH,CURRENT,%,99.81689173723964
2026-08-31T05:55:00+00:00,22411529-3,Dew Point,CURRENT,°C,14.143708087698284
2026-08-31T05:55:00+00:00,22411530-1,Temperature,CURRENT,°C,15.355566406249999
2026-08-31T05:55:00+00:00,22411530-2,RH,CURRENT,%,99.63225757228962
2026-08-31T05:55:00+00:00,22411530-3,Dew Point,CURRENT,°C,15.317689492453612
2026-08-31T05:55:00+00:00,22411541-S,Battery,CURRENT,V,8.164011474609376
2026-08-31T05:55:00+00:00,22447758-1,Temperature,CURRENT,°C,14.776411132812498
2026-08-31T05:55:00+00:00,22447758-2,RH,CURRENT,%,96.26916914625772
2026-08-31T05:55:00+00:00,22447758-3,Dew Point,CURRENT,°C,14.205956894637099
2026-08-31T05:55:00+00:00,22447759-1,Temperature,CURRENT,°C,14.926562499999996
2026-08-31T05:55:00+00:00,22447759-2,RH,CURRENT,%,96.16235599298085
2026-08-31T05:55:00+00:00,22447759-3,Dew Point,CURRENT,°C,14.338466981108056
2026-08-31T05:55:00+00:00,22447760-1,Temperature,CURRENT,°C,14.733510742187498
2026-08-31T05:55:00+00:00,22447760-2,RH,CURRENT,%,96.74067292286564
2026-08-31T05:55:00+00:00,22447760-3,Dew Point,CURRENT,°C,14.238710164470135
2026-08-31T05:55:00+00:00,22447761-1,Temperature,CURRENT,°C,14.540458984375
2026-08-31T05:55:00+00:00,22447761-2,RH,CURRENT,%,96.16388189517052
2026-08-31T05:55:00+00:00,22447761-3,Dew Point,CURRENT,°C,13.953846450047783
2026-08-31T05:55:00+00:00,22447762-1,Temperature,CURRENT,°C,14.883662109374995
2026-08-31T05:55:00+00:00,22447762-2,RH,CURRENT,%,95.23918516823072
2026-08-31T05:55:00+00:00,22447762-3,Dew Point,CURRENT,°C,14.14657058587284
2026-08-31T05:55:00+00:00,22447764-1,Temperature,CURRENT,°C,14.647709960937497
2026-08-31T05:55:00+00:00,22447764-2,RH,CURRENT,%,97.19844357976653
2026-08-31T05:55:00+00:00,22447764-3,Dew Point,CURRENT,°C,14.226085832952167
2026-08-31T05:55:00+00:00,22447765-1,Temperature,CURRENT,°C,14.797861328124995
2026-08-31T05:55:00+00:00,22447765-2,RH,CURRENT,%,96.40955214770733
2026-08-31T05:55:00+00:00,22447765-3,Dew Point,CURRENT,°C,14.249872010982752
2026-08-31T05:55:00+00:00,22447766-1,Temperature,CURRENT,°C,14.9480126953125
2026-08-31T05:55:00+00:00,22447766-2,RH,CURRENT,%,95.87396047913329
2026-08-31T05:55:00+00:00,22447766-3,Dew Point,CURRENT,°C,14.313371163220545
2026-08-31T06:00:00+00:00,22411189-1,Temperature,CURRENT,°C,15.763120117187498
2026-08-31T06:00:00+00:00,22411189-2,RH,CURRENT,%,100
2026-08-31T06:00:00+00:00,22411189-3,Dew Point,CURRENT,°C,15.78336096346681
2026-08-31T06:00:00+00:00,22411190-1,Temperature,CURRENT,°C,15.891821289062499
2026-08-31T06:00:00+00:00,22411190-2,RH,CURRENT,%,98.81284809643702
2026-08-31T06:00:00+00:00,22411190-3,Dew Point,CURRENT,°C,15.725288078662086
2026-08-31T06:00:00+00:00,22411191-1,Temperature,CURRENT,°C,16.599677734375
2026-08-31T06:00:00+00:00,22411191-2,RH,CURRENT,%,97.71114671549553
2026-08-31T06:00:00+00:00,22411191-3,Dew Point,CURRENT,°C,16.256956478577536
2026-08-31T06:00:00+00:00,22411525-1,Temperature,CURRENT,°C,16.706928710937497
2026-08-31T06:00:00+00:00,22411525-2,RH,CURRENT,%,93.852140077821
2026-08-31T06:00:00+00:00,22411525-3,Dew Point,CURRENT,°C,15.732047134587729
2026-08-31T06:00:00+00:00,22411526-1,Temperature,CURRENT,°C,15.52716796875
2026-08-31T06:00:00+00:00,22411526-2,RH,CURRENT,%,99.8947127489128
2026-08-31T06:00:00+00:00,22411526-3,Dew Point,CURRENT,°C,15.530575567354328
2026-08-31T06:00:00+00:00,22411527-1,Temperature,CURRENT,°C,16.835629882812498
2026-08-31T06:00:00+00:00,22411527-2,RH,CURRENT,%,93.21583886472877
2026-08-31T06:00:00+00:00,22411527-3,Dew Point,CURRENT,°C,15.753445263982982
2026-08-31T06:00:00+00:00,22411528-1,Temperature,CURRENT,°C,15.570068359375
2026-08-31T06:00:00+00:00,22411528-2,RH,CURRENT,%,100
2026-08-31T06:00:00+00:00,22411528-3,Dew Point,CURRENT,°C,15.59000109083061
2026-08-31T06:00:00+00:00,22411529-1,Temperature,CURRENT,°C,15.183964843749997
2026-08-31T06:00:00+00:00,22411529-2,RH,CURRENT,%,100
2026-08-31T06:00:00+00:00,22411529-3,Dew Point,CURRENT,°C,15.203281288440435
2026-08-31T06:00:00+00:00,22411530-1,Temperature,CURRENT,°C,16.492426757812495
2026-08-31T06:00:00+00:00,22411530-2,RH,CURRENT,%,94.73868925001908
2026-08-31T06:00:00+00:00,22411530-3,Dew Point,CURRENT,°C,15.66582079403711
2026-08-31T06:00:00+00:00,22411541-S,Battery,CURRENT,V,8.17370361328125
2026-08-31T06:00:00+00:00,22447758-1,Temperature,CURRENT,°C,15.827470703125002
2026-08-31T06:00:00+00:00,22447758-2,RH,CURRENT,%,94.87144274052034
2026-08-31T06:00:00+00:00,22447758-3,Dew Point,CURRENT,°C,15.026018653867105
2026-08-31T06:00:00+00:00,22447759-1,Temperature,CURRENT,°C,15.999072265624996
2026-08-31T06:00:00+00:00,22447759-2,RH,CURRENT,%,94.91721980621043
2026-08-31T06:00:00+00:00,22447759-3,Dew Point,CURRENT,°C,15.20429729463119
2026-08-31T06:00:00+00:00,22447760-1,Temperature,CURRENT,°C,15.784570312500001
2026-08-31T06:00:00+00:00,22447760-2,RH,CURRENT,%,96.68116273746853
2026-08-31T06:00:00+00:00,22447760-3,Dew Point,CURRENT,°C,15.277567733018175
2026-08-31T06:00:00+00:00,22447761-1,Temperature,CURRENT,°C,15.4413671875
2026-08-31T06:00:00+00:00,22447761-2,RH,CURRENT,%,96.65369649805447
2026-08-31T06:00:00+00:00,22447761-3,Dew Point,CURRENT,°C,14.930826862058467
2026-08-31T06:00:00+00:00,22447762-1,Temperature,CURRENT,°C,15.956171874999995
2026-08-31T06:00:00+00:00,22447762-2,RH,CURRENT,%,93.66903181506065
2026-08-31T06:00:00+00:00,22447762-3,Dew Point,CURRENT,°C,14.955591077304666
2026-08-31T06:00:00+00:00,22447764-1,Temperature,CURRENT,°C,15.69876953125
2026-08-31T06:00:00+00:00,22447764-2,RH,CURRENT,%,96.78034637979705
2026-08-31T06:00:00+00:00,22447764-3,Dew Point,CURRENT,°C,15.207962402959275
2026-08-31T06:00:00+00:00,22447765-1,Temperature,CURRENT,°C,15.870371093749995
2026-08-31T06:00:00+00:00,22447765-2,RH,CURRENT,%,94.83634699015794
2026-08-31T06:00:00+00:00,22447765-3,Dew Point,CURRENT,°C,15.062950853121867
2026-08-31T06:00:00+00:00,22447766-1,Temperature,CURRENT,°C,16.0634228515625
2026-08-31T06:00:00+00:00,22447766-2,RH,CURRENT,%,94.47928587777524
2026-08-31T06:00:00+00:00,22447766-3,Dew Point,CURRENT,°C,15.196267220876898
2026-08-31T06:05:00+00:00,22411189-1,Temperature,CURRENT,°C,15.505717773437496
2026-08-31T06:05:00+00:00,22411189-2,RH,CURRENT,%,100
2026-08-31T06:05:00+00:00,22411189-3,Dew Point,CURRENT,°C,15.525547795720932
2026-08-31T06:05:00+00:00,22411190-1,Temperature,CURRENT,°C,15.634418945312497
2026-08-31T06:05:00+00:00,22411190-2,RH,CURRENT,%,97.41664759288929
2026-08-31T06:05:00+00:00,22411190-3,Dew Point,CURRENT,°C,15.245864623629126
2026-08-31T06:05:00+00:00,22411191-1,Temperature,CURRENT,°C,16.2350244140625
2026-08-31T06:05:00+00:00,22411191-2,RH,CURRENT,%,96.65674830243381
2026-08-31T06:05:00+00:00,22411191-3,Dew Point,CURRENT,°C,15.722912890319323
2026-08-31T06:05:00+00:00,22411525-1,Temperature,CURRENT,°C,16.3637255859375
2026-08-31T06:05:00+00:00,22411525-2,RH,CURRENT,%,93.72396429388876
2026-08-31T06:05:00+00:00,22411525-3,Dew Point,CURRENT,°C,15.369659171004503
2026-08-31T06:05:00+00:00,22411526-1,Temperature,CURRENT,°C,15.334116210937495
2026-08-31T06:05:00+00:00,22411526-2,RH,CURRENT,%,99.65667200732433
2026-08-31T06:05:00+00:00,22411526-3,Dew Point,CURRENT,°C,15.300035178709154
2026-08-31T06:05:00+00:00,22411527-1,Temperature,CURRENT,°C,16.513876953125
2026-08-31T06:05:00+00:00,22411527-2,RH,CURRENT,%,93.68734264133668
2026-08-31T06:05:00+00:00,22411527-3,Dew Point,CURRENT,°C,15.512746092366937
2026-08-31T06:05:00+00:00,22411528-1,Temperature,CURRENT,°C,15.291215820312502
2026-08-31T06:05:00+00:00,22411528-2,RH,CURRENT,%,100
2026-08-31T06:05:00+00:00,22411528-3,Dew Point,CURRENT,°C,15.310703463410245
2026-08-31T06:05:00+00:00,22411529-1,Temperature,CURRENT,°C,15.226865234374998
2026-08-31T06:05:00+00:00,22411529-2,RH,CURRENT,%,100
2026-08-31T06:05:00+00:00,22411529-3,Dew Point,CURRENT,°C,15.246250159133508
2026-08-31T06:05:00+00:00,22411530-1,Temperature,CURRENT,°C,16.084873046874996
2026-08-31T06:05:00+00:00,22411530-2,RH,CURRENT,%,95.17814908064393
2026-08-31T06:05:00+00:00,22411530-3,Dew Point,CURRENT,°C,15.332492649988492
2026-08-31T06:05:00+00:00,22411541-S,Battery,CURRENT,V,8.170472900390624
2026-08-31T06:05:00+00:00,22447758-1,Temperature,CURRENT,°C,15.956171874999995
2026-08-31T06:05:00+00:00,22447758-2,RH,CURRENT,%,91.71435111009384
2026-08-31T06:05:00+00:00,22447758-3,Dew Point,CURRENT,°C,14.628082787564802
2026-08-31T06:05:00+00:00,22447759-1,Temperature,CURRENT,°C,16.041972656249996
2026-08-31T06:05:00+00:00,22447759-2,RH,CURRENT,%,91.83337148088808
2026-08-31T06:05:00+00:00,22447759-3,Dew Point,CURRENT,°C,14.733238725886917
2026-08-31T06:05:00+00:00,22447760-1,Temperature,CURRENT,°C,15.934721679687499
2026-08-31T06:05:00+00:00,22447760-2,RH,CURRENT,%,92.54291599908446
2026-08-31T06:05:00+00:00,22447760-3,Dew Point,CURRENT,°C,14.74636968939773
2026-08-31T06:05:00+00:00,22447761-1,Temperature,CURRENT,°C,15.677319335937497
2026-08-31T06:05:00+00:00,22447761-2,RH,CURRENT,%,93.847562371252
2026-08-31T06:05:00+00:00,22447761-3,Dew Point,CURRENT,°C,14.70808476839099
2026-08-31T06:05:00+00:00,22447762-1,Temperature,CURRENT,°C,16.0205224609375
2026-08-31T06:05:00+00:00,22447762-2,RH,CURRENT,%,91.05363546196689
2026-08-31T06:05:00+00:00,22447762-3,Dew Point,CURRENT,°C,14.57970729047042
2026-08-31T06:05:00+00:00,22447764-1,Temperature,CURRENT,°C,15.784570312500001
2026-08-31T06:05:00+00:00,22447764-2,RH,CURRENT,%,92.7718013275349
2026-08-31T06:05:00+00:00,22447764-3,Dew Point,CURRENT,°C,14.63571781617872
2026-08-31T06:05:00+00:00,22447765-1,Temperature,CURRENT,°C,15.870371093749995
2026-08-31T06:05:00+00:00,22447765-2,RH,CURRENT,%,92.0485236896315
2026-08-31T06:05:00+00:00,22447765-3,Dew Point,CURRENT,°C,14.599440223681349
2026-08-31T06:05:00+00:00,22447766-1,Temperature,CURRENT,°C,15.956171874999995
2026-08-31T06:05:00+00:00,22447766-2,RH,CURRENT,%,91.80132753490501
2026-08-31T06:05:00+00:00,22447766-3,Dew Point,CURRENT,°C,14.642785300443576
2026-08-31T06:10:00+00:00,22411189-1,Temperature,CURRENT,°C,15.098164062499997
2026-08-31T06:10:00+00:00,22411189-2,RH,CURRENT,%,100
2026-08-31T06:10:00+00:00,22411189-3,Dew Point,CURRENT,°C,15.117343544233634
2026-08-31T06:10:00+00:00,22411190-1,Temperature,CURRENT,°C,15.248315429687501
2026-08-31T06:10:00+00:00,22411190-2,RH,CURRENT,%,96.51941710536354
2026-08-31T06:10:00+00:00,22411190-3,Dew Point,CURRENT,°C,14.716696252466152
2026-08-31T06:10:00+00:00,22411191-1,Temperature,CURRENT,°C,15.655869140625
2026-08-31T06:10:00+00:00,22411191-2,RH,CURRENT,%,96.09521629663539
2026-08-31T06:10:00+00:00,22411191-3,Dew Point,CURRENT,°C,15.054557144933048
2026-08-31T06:10:00+00:00,22411525-1,Temperature,CURRENT,°C,15.69876953125
2026-08-31T06:10:00+00:00,22411525-2,RH,CURRENT,%,93.29213397421225
2026-08-31T06:10:00+00:00,22411525-3,Dew Point,CURRENT,°C,14.637294998258128
2026-08-31T06:10:00+00:00,22411526-1,Temperature,CURRENT,°C,14.883662109374995
2026-08-31T06:10:00+00:00,22411526-2,RH,CURRENT,%,99.51934081025406
2026-08-31T06:10:00+00:00,22411526-3,Dew Point,CURRENT,°C,14.827629429554024
2026-08-31T06:10:00+00:00,22411527-1,Temperature,CURRENT,°C,15.720219726562497
2026-08-31T06:10:00+00:00,22411527-2,RH,CURRENT,%,93.25551232166018
2026-08-31T06:10:00+00:00,22411527-3,Dew Point,CURRENT,°C,14.652505529715564
2026-08-31T06:10:00+00:00,22411528-1,Temperature,CURRENT,°C,14.776411132812498
2026-08-31T06:10:00+00:00,22411528-2,RH,CURRENT,%,100
2026-08-31T06:10:00+00:00,22411528-3,Dew Point,CURRENT,°C,14.79507696996312
2026-08-31T06:10:00+00:00,22411529-1,Temperature,CURRENT,°C,14.862211914062499
2026-08-31T06:10:00+00:00,22411529-2,RH,CURRENT,%,99.86266880292973
2026-08-31T06:10:00+00:00,22411529-3,Dew Point,CURRENT,°C,14.859659267015987
2026-08-31T06:10:00+00:00,22411530-1,Temperature,CURRENT,°C,15.505717773437496
2026-08-31T06:10:00+00:00,22411530-2,RH,CURRENT,%,94.67002365148394
2026-08-31T06:10:00+00:00,22411530-3,Dew Point,CURRENT,°C,14.672856954565091
2026-08-31T06:10:00+00:00,22411541-S,Battery,CURRENT,V,8.170472900390624
2026-08-31T06:10:00+00:00,22447758-1,Temperature,CURRENT,°C,14.969462890624996
2026-08-31T06:10:00+00:00,22447758-2,RH,CURRENT,%,90.92088197146563
2026-08-31T06:10:00+00:00,22447758-3,Dew Point,CURRENT,°C,13.516604676066512
2026-08-31T06:10:00+00:00,22447759-1,Temperature,CURRENT,°C,14.9480126953125
2026-08-31T06:10:00+00:00,22447759-2,RH,CURRENT,%,92.15228503852903
2026-08-31T06:10:00+00:00,22447759-3,Dew Point,CURRENT,°C,13.702321803049307
2026-08-31T06:10:00+00:00,22447760-1,Temperature,CURRENT,°C,15.012363281249996
2026-08-31T06:10:00+00:00,22447760-2,RH,CURRENT,%,91.79980163271534
2026-08-31T06:10:00+00:00,22447760-3,Dew Point,CURRENT,°C,13.70711158843456
2026-08-31T06:10:00+00:00,22447761-1,Temperature,CURRENT,°C,15.0338134765625
2026-08-31T06:10:00+00:00,22447761-2,RH,CURRENT,%,90.42801556420234
2026-08-31T06:10:00+00:00,22447761-3,Dew Point,CURRENT,°C,13.496730756022494
2026-08-31T06:10:00+00:00,22447762-1,Temperature,CURRENT,°C,14.926562499999996
2026-08-31T06:10:00+00:00,22447762-2,RH,CURRENT,%,91.65026321812772
2026-08-31T06:10:00+00:00,22447762-3,Dew Point,CURRENT,°C,13.596990089117941
2026-08-31T06:10:00+00:00,22447764-1,Temperature,CURRENT,°C,14.926562499999996
2026-08-31T06:10:00+00:00,22447764-2,RH,CURRENT,%,91.38780804150454
2026-08-31T06:10:00+00:00,22447764-3,Dew Point,CURRENT,°C,13.552881920453627
2026-08-31T06:10:00+00:00,22447765-1,Temperature,CURRENT,°C,14.9909130859375
2026-08-31T06:10:00+00:00,22447765-2,RH,CURRENT,%,91.29777981231403
2026-08-31T06:10:00+00:00,22447765-3,Dew Point,CURRENT,°C,13.601463140404974
2026-08-31T06:10:00+00:00,22447766-1,Temperature,CURRENT,°C,14.926562499999996
2026-08-31T06:10:00+00:00,22447766-2,RH,CURRENT,%,91.9829098954757
2026-08-31T06:10:00+00:00,22447766-3,Dew Point,CURRENT,°C,13.652735626599915
2026-08-31T06:15:00+00:00,22411189-1,Temperature,CURRENT,°C,14.712060546875001
2026-08-31T06:15:00+00:00,22411189-2,RH,CURRENT,%,100
2026-08-31T06:15:00+00:00,22411189-3,Dew Point,CURRENT,°C,14.730623648762593
2026-08-31T06:15:00+00:00,22411190-1,Temperature,CURRENT,°C,14.9051123046875
2026-08-31T06:15:00+00:00,22411190-2,RH,CURRENT,%,96.96345464255741
2026-08-31T06:15:00+00:00,22411190-3,Dew Point,CURRENT,°C,14.445506656182916
2026-08-31T06:15:00+00:00,22411191-1,Temperature,CURRENT,°C,15.183964843749997
2026-08-31T06:15:00+00:00,22411191-2,RH,CURRENT,%,98.17196917677578
2026-08-31T06:15:00+00:00,22411191-3,Dew Point,CURRENT,°C,14.916153075927982
2026-08-31T06:15:00+00:00,22411525-1,Temperature,CURRENT,°C,15.1625146484375
2026-08-31T06:15:00+00:00,22411525-2,RH,CURRENT,%,95.51842526894026
2026-08-31T06:15:00+00:00,22411525-3,Dew Point,CURRENT,°C,14.469541202790799
2026-08-31T06:15:00+00:00,22411526-1,Temperature,CURRENT,°C,14.4117578125
2026-08-31T06:15:00+00:00,22411526-2,RH,CURRENT,%,99.49187457084001
2026-08-31T06:15:00+00:00,22411526-3,Dew Point,CURRENT,°C,14.350979783986272
2026-08-31T06:15:00+00:00,22411527-1,Temperature,CURRENT,°C,15.183964843749997
2026-08-31T06:15:00+00:00,22411527-2,RH,CURRENT,%,95.95330739299611
2026-08-31T06:15:00+00:00,22411527-3,Dew Point,CURRENT,°C,14.561301814298664
2026-08-31T06:15:00+00:00,22411528-1,Temperature,CURRENT,°C,14.261606445312495
2026-08-31T06:15:00+00:00,22411528-2,RH,CURRENT,%,100
2026-08-31T06:15:00+00:00,22411528-3,Dew Point,CURRENT,°C,14.279450341125601
2026-08-31T06:15:00+00:00,22411529-1,Temperature,CURRENT,°C,14.454658203125
2026-08-31T06:15:00+00:00,22411529-2,RH,CURRENT,%,99.17143511100939
2026-08-31T06:15:00+00:00,22411529-3,Dew Point,CURRENT,°C,14.3439903526658
2026-08-31T06:15:00+00:00,22411530-1,Temperature,CURRENT,°C,15.0767138671875
2026-08-31T06:15:00+00:00,22411530-2,RH,CURRENT,%,96.76203555352102
2026-08-31T06:15:00+00:00,22411530-3,Dew Point,CURRENT,°C,14.584486857624535
2026-08-31T06:15:00+00:00,22411541-S,Battery,CURRENT,V,8.164011474609376
2026-08-31T06:15:00+00:00,22447758-1,Temperature,CURRENT,°C,14.669160156250001
2026-08-31T06:15:00+00:00,22447758-2,RH,CURRENT,%,95.14763103685054
2026-08-31T06:15:00+00:00,22447758-3,Dew Point,CURRENT,°C,13.918175617700257
2026-08-31T06:15:00+00:00,22447759-1,Temperature,CURRENT,°C,14.776411132812498
2026-08-31T06:15:00+00:00,22447759-2,RH,CURRENT,%,95.4161898222324
2026-08-31T06:15:00+00:00,22447759-3,Dew Point,CURRENT,°C,14.06845810862094
2026-08-31T06:15:00+00:00,22447760-1,Temperature,CURRENT,°C,14.669160156250001
2026-08-31T06:15:00+00:00,22447760-2,RH,CURRENT,%,95.60540169375143
2026-08-31T06:15:00+00:00,22447760-3,Dew Point,CURRENT,°C,13.992220630532303
2026-08-31T06:15:00+00:00,22447761-1,Temperature,CURRENT,°C,14.626259765625
2026-08-31T06:15:00+00:00,22447761-2,RH,CURRENT,%,93.51796749828335
2026-08-31T06:15:00+00:00,22447761-3,Dew Point,CURRENT,°C,13.60939598153822
2026-08-31T06:15:00+00:00,22447762-1,Temperature,CURRENT,°C,14.754960937500002
2026-08-31T06:15:00+00:00,22447762-2,RH,CURRENT,%,94.9691004806592
2026-08-31T06:15:00+00:00,22447762-3,Dew Point,CURRENT,°C,13.974608111465054
2026-08-31T06:15:00+00:00,22447764-1,Temperature,CURRENT,°C,14.519008789062497
2026-08-31T06:15:00+00:00,22447764-2,RH,CURRENT,%,94.98741130693523
2026-08-31T06:15:00+00:00,22447764-3,Dew Point,CURRENT,°C,13.742741135831226
2026-08-31T06:15:00+00:00,22447765-1,Temperature,CURRENT,°C,14.690610351562498
2026-08-31T06:15:00+00:00,22447765-2,RH,CURRENT,%,95.09575036240177
2026-08-31T06:15:00+00:00,22447765-3,Dew Point,CURRENT,°C,13.931116345095035
2026-08-31T06:15:00+00:00,22447766-1,Temperature,CURRENT,°C,14.776411132812498
2026-08-31T06:15:00+00:00,22447766-2,RH,CURRENT,%,94.93553063248646
2026-08-31T06:15:00+00:00,22447766-3,Dew Point,CURRENT,°C,13.990500916221187
2026-08-31T06:20:00+00:00,22411189-1,Temperature,CURRENT,°C,14.540458984375
2026-08-31T06:20:00+00:00,22411189-2,RH,CURRENT,%,100
2026-08-31T06:20:00+00:00,22411189-3,Dew Point,CURRENT,°C,14.558748115218869
2026-08-31T06:20:00+00:00,22411190-1,Temperature,CURRENT,°C,14.776411132812498
2026-08-31T06:20:00+00:00,22411190-2,RH,CURRENT,%,97.51430533302815
2026-08-31T06:20:00+00:00,22411190-3,Dew Point,CURRENT,°C,14.404764164628418
2026-08-31T06:20:00+00:00,22411191-1,Temperature,CURRENT,°C,15.055263671874997
2026-08-31T06:20:00+00:00,22411191-2,RH,CURRENT,%,99.40489814602884
2026-08-31T06:20:00+00:00,22411191-3,Dew Point,CURRENT,°C,14.98150584598839
2026-08-31T06:20:00+00:00,22411525-1,Temperature,CURRENT,°C,15.0767138671875
2026-08-31T06:20:00+00:00,22411525-2,RH,CURRENT,%,97.03364614328221
2026-08-31T06:20:00+00:00,22411525-3,Dew Point,CURRENT,°C,14.627954439266565
2026-08-31T06:20:00+00:00,22411526-1,Temperature,CURRENT,°C,14.240156249999998
2026-08-31T06:20:00+00:00,22411526-2,RH,CURRENT,%,99.55138475623713
2026-08-31T06:20:00+00:00,22411526-3,Dew Point,CURRENT,°C,14.188453373620208
2026-08-31T06:20:00+00:00,22411527-1,Temperature,CURRENT,°C,15.141064453124997
2026-08-31T06:20:00+00:00,22411527-2,RH,CURRENT,%,97.29304951552605
2026-08-31T06:20:00+00:00,22411527-3,Dew Point,CURRENT,°C,14.733604895692359
2026-08-31T06:20:00+00:00,22411528-1,Temperature,CURRENT,°C,14.154355468749998
2026-08-31T06:20:00+00:00,22411528-2,RH,CURRENT,%,100
2026-08-31T06:20:00+00:00,22411528-3,Dew Point,CURRENT,°C,14.172028109743131
2026-08-31T06:20:00+00:00,22411529-1,Temperature,CURRENT,°C,14.304506835937495
2026-08-31T06:20:00+00:00,22411529-2,RH,CURRENT,%,98.80979629205768
2026-08-31T06:20:00+00:00,22411529-3,Dew Point,CURRENT,°C,14.13729868994201
2026-08-31T06:20:00+00:00,22411530-1,Temperature,CURRENT,°C,14.926562499999996
2026-08-31T06:20:00+00:00,22411530-2,RH,CURRENT,%,97.26100556954299
2026-08-31T06:20:00+00:00,22411530-3,Dew Point,CURRENT,°C,14.51438012412674
2026-08-31T06:20:00+00:00,22411541-S,Battery,CURRENT,V,8.164011474609376
2026-08-31T06:20:00+00:00,22447758-1,Temperature,CURRENT,°C,14.540458984375
2026-08-31T06:20:00+00:00,22447758-2,RH,CURRENT,%,95.20103761348898
2026-08-31T06:20:00+00:00,22447758-3,Dew Point,CURRENT,°C,13.798699448166637
2026-08-31T06:20:00+00:00,22447759-1,Temperature,CURRENT,°C,14.690610351562498
2026-08-31T06:20:00+00:00,22447759-2,RH,CURRENT,%,95.48943312733654
2026-08-31T06:20:00+00:00,22447759-3,Dew Point,CURRENT,°C,13.99485505157661
2026-08-31T06:20:00+00:00,22447760-1,Temperature,CURRENT,°C,14.583359375
2026-08-31T06:20:00+00:00,22447760-2,RH,CURRENT,%,95.82360570687419
2026-08-31T06:20:00+00:00,22447760-3,Dew Point,CURRENT,°C,13.941917199557126
2026-08-31T06:20:00+00:00,22447761-1,Temperature,CURRENT,°C,14.454658203125
2026-08-31T06:20:00+00:00,22447761-2,RH,CURRENT,%,94.47013046463722
2026-08-31T06:20:00+00:00,22447761-3,Dew Point,CURRENT,°C,13.594663231997929
2026-08-31T06:20:00+00:00,22447762-1,Temperature,CURRENT,°C,14.690610351562498
2026-08-31T06:20:00+00:00,22447762-2,RH,CURRENT,%,94.83024338139926
2026-08-31T06:20:00+00:00,22447762-3,Dew Point,CURRENT,°C,13.887998925412461
2026-08-31T06:20:00+00:00,22447764-1,Temperature,CURRENT,°C,14.390307617187496
2026-08-31T06:20:00+00:00,22447764-2,RH,CURRENT,%,95.64965285725185
2026-08-31T06:20:00+00:00,22447764-3,Dew Point,CURRENT,°C,13.721584505976725
2026-08-31T06:20:00+00:00,22447765-1,Temperature,CURRENT,°C,14.540458984375
2026-08-31T06:20:00+00:00,22447765-2,RH,CURRENT,%,95.10490577553979
2026-08-31T06:20:00+00:00,22447765-3,Dew Point,CURRENT,°C,13.783133835622635
2026-08-31T06:20:00+00:00,22447766-1,Temperature,CURRENT,°C,14.647709960937497
2026-08-31T06:20:00+00:00,22447766-2,RH,CURRENT,%,95.19188220035096
2026-08-31T06:20:00+00:00,22447766-3,Dew Point,CURRENT,°C,13.903992072795702
2026-08-31T06:25:00+00:00,22411189-1,Temperature,CURRENT,°C,14.454658203125
2026-08-31T06:25:00+00:00,22411189-2,RH,CURRENT,%,100
2026-08-31T06:25:00+00:00,22411189-3,Dew Point,CURRENT,°C,14.472810342805733
2026-08-31T06:25:00+00:00,22411190-1,Temperature,CURRENT,°C,14.647709960937497
2026-08-31T06:25:00+00:00,22411190-2,RH,CURRENT,%,97.66842145418478
2026-08-31T06:25:00+00:00,22411190-3,Dew Point,CURRENT,°C,14.300682906616435
2026-08-31T06:25:00+00:00,22411191-1,Temperature,CURRENT,°C,14.9909130859375
2026-08-31T06:25:00+00:00,22411191-2,RH,CURRENT,%,99.76653696498055
2026-08-31T06:25:00+00:00,22411191-3,Dew Point,CURRENT,°C,14.97356466664144
2026-08-31T06:25:00+00:00,22411525-1,Temperature,CURRENT,°C,15.055263671874997
2026-08-31T06:25:00+00:00,22411525-2,RH,CURRENT,%,97.13893339436942
2026-08-31T06:25:00+00:00,22411525-3,Dew Point,CURRENT,°C,14.623367699583936
2026-08-31T06:25:00+00:00,22411526-1,Temperature,CURRENT,°C,14.240156249999998
2026-08-31T06:25:00+00:00,22411526-2,RH,CURRENT,%,99.76195925841154
2026-08-31T06:25:00+00:00,22411526-3,Dew Point,CURRENT,°C,14.221115847655518
2026-08-31T06:25:00+00:00,22411527-1,Temperature,CURRENT,°C,15.183964843749997
2026-08-31T06:25:00+00:00,22411527-2,RH,CURRENT,%,97.441062027924
2026-08-31T06:25:00+00:00,22411527-3,Dew Point,CURRENT,°C,14.800036107829362
2026-08-31T06:25:00+00:00,22411528-1,Temperature,CURRENT,°C,14.154355468749998
2026-08-31T06:25:00+00:00,22411528-2,RH,CURRENT,%,100
2026-08-31T06:25:00+00:00,22411528-3,Dew Point,CURRENT,°C,14.172028109743131
2026-08-31T06:25:00+00:00,22411529-1,Temperature,CURRENT,°C,14.240156249999998
2026-08-31T06:25:00+00:00,22411529-2,RH,CURRENT,%,98.83573662928207
2026-08-31T06:25:00+00:00,22411529-3,Dew Point,CURRENT,°C,14.076993402110546
2026-08-31T06:25:00+00:00,22411530-1,Temperature,CURRENT,°C,14.840761718749995
2026-08-31T06:25:00+00:00,22411530-2,RH,CURRENT,%,97.63790341039139
2026-08-31T06:25:00+00:00,22411530-3,Dew Point,CURRENT,°C,14.488641202045798
2026-08-31T06:25:00+00:00,22411541-S,Battery,CURRENT,V,8.160780761718751
2026-08-31T06:25:00+00:00,22447758-1,Temperature,CURRENT,°C,15.0338134765625
2026-08-31T06:25:00+00:00,22447758-2,RH,CURRENT,%,96.91004806591897
2026-08-31T06:25:00+00:00,22447758-3,Dew Point,CURRENT,°C,14.56538423241648
2026-08-31T06:25:00+00:00,22447759-1,Temperature,CURRENT,°C,15.1625146484375
2026-08-31T06:25:00+00:00,22447759-2,RH,CURRENT,%,96.55603875791562
2026-08-31T06:25:00+00:00,22447759-3,Dew Point,CURRENT,°C,14.637016390623296
2026-08-31T06:25:00+00:00,22447760-1,Temperature,CURRENT,°C,14.926562499999996
2026-08-31T06:25:00+00:00,22447760-2,RH,CURRENT,%,97.05043106736858
2026-08-31T06:25:00+00:00,22447760-3,Dew Point,CURRENT,°C,14.48079893052694
2026-08-31T06:25:00+00:00,22447761-1,Temperature,CURRENT,°C,14.754960937500002
2026-08-31T06:25:00+00:00,22447761-2,RH,CURRENT,%,95.86480506599527
2026-08-31T06:25:00+00:00,22447761-3,Dew Point,CURRENT,°C,14.11953465821719
2026-08-31T06:25:00+00:00,22447762-1,Temperature,CURRENT,°C,15.1196142578125
2026-08-31T06:25:00+00:00,22447762-2,RH,CURRENT,%,95.78240634775311
2026-08-31T06:25:00+00:00,22447762-3,Dew Point,CURRENT,°C,14.469557961390397
2026-08-31T06:25:00+00:00,22447764-1,Temperature,CURRENT,°C,14.9051123046875
2026-08-31T06:25:00+00:00,22447764-2,RH,CURRENT,%,97.39375906004425
2026-08-31T06:25:00+00:00,22447764-3,Dew Point,CURRENT,°C,14.514103341213236
2026-08-31T06:25:00+00:00,22447765-1,Temperature,CURRENT,°C,15.0338134765625
2026-08-31T06:25:00+00:00,22447765-2,RH,CURRENT,%,96.8734264133669
2026-08-31T06:25:00+00:00,22447765-3,Dew Point,CURRENT,°C,14.559525102643345
2026-08-31T06:25:00+00:00,22447766-1,Temperature,CURRENT,°C,15.1625146484375
2026-08-31T06:25:00+00:00,22447766-2,RH,CURRENT,%,96.10742351415274
2026-08-31T06:25:00+00:00,22447766-3,Dew Point,CURRENT,°C,14.564802664884647
2026-08-31T06:30:00+00:00,22411189-1,Temperature,CURRENT,°C,14.583359375
2026-08-31T06:30:00+00:00,22411189-2,RH,CURRENT,%,100
2026-08-31T06:30:00+00:00,22411189-3,Dew Point,CURRENT,°C,14.601717000015123
2026-08-31T06:30:00+00:00,22411190-1,Temperature,CURRENT,°C,14.754960937500002
2026-08-31T06:30:00+00:00,22411190-2,RH,CURRENT,%,98.15518425268941
2026-08-31T06:30:00+00:00,22411190-3,Dew Point,CURRENT,°C,14.484789574906301
2026-08-31T06:30:00+00:00,22411191-1,Temperature,CURRENT,°C,15.0338134765625
2026-08-31T06:30:00+00:00,22411191-2,RH,CURRENT,%,100
2026-08-31T06:30:00+00:00,22411191-3,Dew Point,CURRENT,°C,15.052890233610471
2026-08-31T06:30:00+00:00,22411525-1,Temperature,CURRENT,°C,15.0767138671875
2026-08-31T06:30:00+00:00,22411525-2,RH,CURRENT,%,97.68825818265049
2026-08-31T06:30:00+00:00,22411525-3,Dew Point,CURRENT,°C,14.73227928467866
2026-08-31T06:30:00+00:00,22411526-1,Temperature,CURRENT,°C,14.347407226562495
2026-08-31T06:30:00+00:00,22411526-2,RH,CURRENT,%,99.82452124818799
2026-08-31T06:30:00+00:00,22411526-3,Dew Point,CURRENT,°C,14.33820732779705
2026-08-31T06:30:00+00:00,22411527-1,Temperature,CURRENT,°C,15.1625146484375
2026-08-31T06:30:00+00:00,22411527-2,RH,CURRENT,%,97.50514991989013
2026-08-31T06:30:00+00:00,22411527-3,Dew Point,CURRENT,°C,14.788830336535044
2026-08-31T06:30:00+00:00,22411528-1,Temperature,CURRENT,°C,14.304506835937495
2026-08-31T06:30:00+00:00,22411528-2,RH,CURRENT,%,100
2026-08-31T06:30:00+00:00,22411528-3,Dew Point,CURRENT,°C,14.322419232033226
2026-08-31T06:30:00+00:00,22411529-1,Temperature,CURRENT,°C,14.283056640624999
2026-08-31T06:30:00+00:00,22411529-2,RH,CURRENT,%,99.34081025406272
2026-08-31T06:30:00+00:00,22411529-3,Dew Point,CURRENT,°C,14.198664257989238
2026-08-31T06:30:00+00:00,22411530-1,Temperature,CURRENT,°C,14.926562499999996
2026-08-31T06:30:00+00:00,22411530-2,RH,CURRENT,%,98.21927214465553
2026-08-31T06:30:00+00:00,22411530-3,Dew Point,CURRENT,°C,14.66639809211596
2026-08-31T06:30:00+00:00,22411541-S,Battery,CURRENT,V,8.164011474609376
2026-08-31T06:30:00+00:00,22447758-1,Temperature,CURRENT,°C,14.776411132812498
2026-08-31T06:30:00+00:00,22447758-2,RH,CURRENT,%,94.55252918287938
2026-08-31T06:30:00+00:00,22447758-3,Dew Point,CURRENT,°C,13.928134346069625
2026-08-31T06:30:00+00:00,22447759-1,Temperature,CURRENT,°C,14.862211914062499
2026-08-31T06:30:00+00:00,22447759-2,RH,CURRENT,%,94.39536125734341
2026-08-31T06:30:00+00:00,22447759-3,Dew Point,CURRENT,°C,13.98780865958885
2026-08-31T06:30:00+00:00,22447760-1,Temperature,CURRENT,°C,14.776411132812498
2026-08-31T06:30:00+00:00,22447760-2,RH,CURRENT,%,95.1598382543679
2026-08-31T06:30:00+00:00,22447760-3,Dew Point,CURRENT,°C,14.026923929120308
2026-08-31T06:30:00+00:00,22447761-1,Temperature,CURRENT,°C,14.626259765625
2026-08-31T06:30:00+00:00,22447761-2,RH,CURRENT,%,94.98283360036622
2026-08-31T06:30:00+00:00,22447761-3,Dew Point,CURRENT,°C,13.848744657987584
2026-08-31T06:30:00+00:00,22447762-1,Temperature,CURRENT,°C,14.862211914062499
2026-08-31T06:30:00+00:00,22447762-2,RH,CURRENT,%,93.8017853055619
2026-08-31T06:30:00+00:00,22447762-3,Dew Point,CURRENT,°C,13.890505306121725
2026-08-31T06:30:00+00:00,22447764-1,Temperature,CURRENT,°C,14.626259765625
2026-08-31T06:30:00+00:00,22447764-2,RH,CURRENT,%,96.02197299153124
2026-08-31T06:30:00+00:00,22447764-3,Dew Point,CURRENT,°C,14.016576532535025
2026-08-31T06:30:00+00:00,22447765-1,Temperature,CURRENT,°C,14.754960937500002
2026-08-31T06:30:00+00:00,22447765-2,RH,CURRENT,%,94.52506294346533
2026-08-31T06:30:00+00:00,22447765-3,Dew Point,CURRENT,°C,13.902316924229966
2026-08-31T06:30:00+00:00,22447766-1,Temperature,CURRENT,°C,14.862211914062499
2026-08-31T06:30:00+00:00,22447766-2,RH,CURRENT,%,94.36789501792936
2026-08-31T06:30:00+00:00,22447766-3,Dew Point,CURRENT,°C,13.983318052763975
2026-08-31T06:35:00+00:00,22411189-1,Temperature,CURRENT,°C,14.604809570312497
2026-08-31T06:35:00+00:00,22411189-2,RH,CURRENT,%,100
2026-08-31T06:35:00+00:00,22411189-3,Dew Point,CURRENT,°C,14.623201442060658
2026-08-31T06:35:00+00:00,22411190-1,Temperature,CURRENT,°C,14.754960937500002
2026-08-31T06:35:00+00:00,22411190-2,RH,CURRENT,%,98.26810101472496
2026-08-31T06:35:00+00:00,22411190-3,Dew Point,CURRENT,°C,14.502602720764624
2026-08-31T06:35:00+00:00,22411191-1,Temperature,CURRENT,°C,15.183964843749997
2026-08-31T06:35:00+00:00,22411191-2,RH,CURRENT,%,100
2026-08-31T06:35:00+00:00,22411191-3,Dew Point,CURRENT,°C,15.203281288440435
2026-08-31T06:35:00+00:00,22411525-1,Temperature,CURRENT,°C,15.205415039062501
2026-08-31T06:35:00+00:00,22411525-2,RH,CURRENT,%,97.91561760891126
2026-08-31T06:35:00+00:00,22411525-3,Dew Point,CURRENT,°C,14.896942655352047
2026-08-31T06:35:00+00:00,22411526-1,Temperature,CURRENT,°C,14.368857421875
2026-08-31T06:35:00+00:00,22411526-2,RH,CURRENT,%,99.75280384527352
2026-08-31T06:35:00+00:00,22411526-3,Dew Point,CURRENT,°C,14.348564504334378
2026-08-31T06:35:00+00:00,22411527-1,Temperature,CURRENT,°C,15.334116210937495
2026-08-31T06:35:00+00:00,22411527-2,RH,CURRENT,%,97.81185626001373
2026-08-31T06:35:00+00:00,22411527-3,Dew Point,CURRENT,°C,15.009019929916152
2026-08-31T06:35:00+00:00,22411528-1,Temperature,CURRENT,°C,14.347407226562495
2026-08-31T06:35:00+00:00,22411528-2,RH,CURRENT,%,100
2026-08-31T06:35:00+00:00,22411528-3,Dew Point,CURRENT,°C,14.365388122000638
2026-08-31T06:35:00+00:00,22411529-1,Temperature,CURRENT,°C,14.390307617187496
2026-08-31T06:35:00+00:00,22411529-2,RH,CURRENT,%,99.51934081025406
2026-08-31T06:35:00+00:00,22411529-3,Dew Point,CURRENT,°C,14.333779864613836
2026-08-31T06:35:00+00:00,22411530-1,Temperature,CURRENT,°C,15.0767138671875
2026-08-31T06:35:00+00:00,22411530-2,RH,CURRENT,%,98.90592813000687
2026-08-31T06:35:00+00:00,22411530-3,Dew Point,CURRENT,°C,14.924717747205852
2026-08-31T06:35:00+00:00,22411541-S,Battery,CURRENT,V,8.157550048828126
2026-08-31T06:35:00+00:00,22447758-1,Temperature,CURRENT,°C,14.840761718749995
2026-08-31T06:35:00+00:00,22447758-2,RH,CURRENT,%,95.87090867475395
2026-08-31T06:35:00+00:00,22447758-3,Dew Point,CURRENT,°C,14.206011818276027
2026-08-31T06:35:00+00:00,22447759-1,Temperature,CURRENT,°C,14.9051123046875
2026-08-31T06:35:00+00:00,22447759-2,RH,CURRENT,%,95.90753032730602
2026-08-31T06:35:00+00:00,22447759-3,Dew Point,CURRENT,°C,14.2760387799958
2026-08-31T06:35:00+00:00,22447760-1,Temperature,CURRENT,°C,14.840761718749995
2026-08-31T06:35:00+00:00,22447760-2,RH,CURRENT,%,96.44312199588006
2026-08-31T06:35:00+00:00,22447760-3,Dew Point,CURRENT,°C,14.298033599888853
2026-08-31T06:35:00+00:00,22447761-1,Temperature,CURRENT,°C,14.669160156250001
2026-08-31T06:35:00+00:00,22447761-2,RH,CURRENT,%,95.7778286411841
2026-08-31T06:35:00+00:00,22447761-3,Dew Point,CURRENT,°C,14.020030286879171
2026-08-31T06:35:00+00:00,22447762-1,Temperature,CURRENT,°C,14.926562499999996
2026-08-31T06:35:00+00:00,22447762-2,RH,CURRENT,%,95.1094834821088
2026-08-31T06:35:00+00:00,22447762-3,Dew Point,CURRENT,°C,14.168221332096264
2026-08-31T06:35:00+00:00,22447764-1,Temperature,CURRENT,°C,14.733510742187498
2026-08-31T06:35:00+00:00,22447764-2,RH,CURRENT,%,96.60334172579537
2026-08-31T06:35:00+00:00,22447764-3,Dew Point,CURRENT,°C,14.216746886128735
2026-08-31T06:35:00+00:00,22447765-1,Temperature,CURRENT,°C,14.840761718749995
2026-08-31T06:35:00+00:00,22447765-2,RH,CURRENT,%,96.12115663385977
2026-08-31T06:35:00+00:00,22447765-3,Dew Point,CURRENT,°C,14.246315129736375
2026-08-31T06:35:00+00:00,22447766-1,Temperature,CURRENT,°C,14.9480126953125
2026-08-31T06:35:00+00:00,22447766-2,RH,CURRENT,%,95.48180361638819
2026-08-31T06:35:00+00:00,22447766-3,Dew Point,CURRENT,°C,14.24997492917467
2026-08-31T06:40:00+00:00,22411189-1,Temperature,CURRENT,°C,14.797861328124995
2026-08-31T06:40:00+00:00,22411189-2,RH,CURRENT,%,100
2026-08-31T06:40:00+00:00,22411189-3,Dew Point,CURRENT,°C,14.816561409893177
2026-08-31T06:40:00+00:00,22411190-1,Temperature,CURRENT,°C,14.9909130859375
2026-08-31T06:40:00+00:00,22411190-2,RH,CURRENT,%,98.61142900740063
2026-08-31T06:40:00+00:00,22411190-3,Dew Point,CURRENT,°C,14.792576929173181
2026-08-31T06:40:00+00:00,22411191-1,Temperature,CURRENT,°C,15.61296875
2026-08-31T06:40:00+00:00,22411191-2,RH,CURRENT,%,100
2026-08-31T06:40:00+00:00,22411191-3,Dew Point,CURRENT,°C,15.632969953061803
2026-08-31T06:40:00+00:00,22411525-1,Temperature,CURRENT,°C,15.763120117187498
2026-08-31T06:40:00+00:00,22411525-2,RH,CURRENT,%,98.0498970016022
2026-08-31T06:40:00+00:00,22411525-3,Dew Point,CURRENT,°C,15.4754857316254
2026-08-31T06:40:00+00:00,22411526-1,Temperature,CURRENT,°C,14.476108398437496
2026-08-31T06:40:00+00:00,22411526-2,RH,CURRENT,%,99.88097962920577
2026-08-31T06:40:00+00:00,22411526-3,Dew Point,CURRENT,°C,14.47584483170024
2026-08-31T06:40:00+00:00,22411527-1,Temperature,CURRENT,°C,15.9776220703125
2026-08-31T06:40:00+00:00,22411527-2,RH,CURRENT,%,97.94766155489432
2026-08-31T06:40:00+00:00,22411527-3,Dew Point,CURRENT,°C,15.67349243710535
2026-08-31T06:40:00+00:00,22411528-1,Temperature,CURRENT,°C,14.4117578125
2026-08-31T06:40:00+00:00,22411528-2,RH,CURRENT,%,100
2026-08-31T06:40:00+00:00,22411528-3,Dew Point,CURRENT,°C,14.429841455188857
2026-08-31T06:40:00+00:00,22411529-1,Temperature,CURRENT,°C,14.476108398437496
2026-08-31T06:40:00+00:00,22411529-2,RH,CURRENT,%,99.54222934309911
2026-08-31T06:40:00+00:00,22411529-3,Dew Point,CURRENT,°C,14.423227671061074
2026-08-31T06:40:00+00:00,22411530-1,Temperature,CURRENT,°C,15.398466796874999
2026-08-31T06:40:00+00:00,22411530-2,RH,CURRENT,%,99.0753032730602
2026-08-31T06:40:00+00:00,22411530-3,Dew Point,CURRENT,°C,15.273218578297472
2026-08-31T06:40:00+00:00,22411541-S,Battery,CURRENT,V,8.164011474609376
2026-08-31T06:40:00+00:00,22447758-1,Temperature,CURRENT,°C,15.355566406249999
2026-08-31T06:40:00+00:00,22447758-2,RH,CURRENT,%,97.17097734035248
2026-08-31T06:40:00+00:00,22447758-3,Dew Point,CURRENT,°C,14.928204369878625
2026-08-31T06:40:00+00:00,22447759-1,Temperature,CURRENT,°C,15.505717773437496
2026-08-31T06:40:00+00:00,22447759-2,RH,CURRENT,%,96.87190051117723
2026-08-31T06:40:00+00:00,22447759-3,Dew Point,CURRENT,°C,15.030092438932261
2026-08-31T06:40:00+00:00,22447760-1,Temperature,CURRENT,°C,15.419916992187495
2026-08-31T06:40:00+00:00,22447760-2,RH,CURRENT,%,97.41817349507896
2026-08-31T06:40:00+00:00,22447760-3,Dew Point,CURRENT,°C,15.0319561386562
2026-08-31T06:40:00+00:00,22447761-1,Temperature,CURRENT,°C,15.183964843749997
2026-08-31T06:40:00+00:00,22447761-2,RH,CURRENT,%,96.38361181048295
2026-08-31T06:40:00+00:00,22447761-3,Dew Point,CURRENT,°C,14.630682924889014
2026-08-31T06:40:00+00:00,22447762-1,Temperature,CURRENT,°C,15.548618164062496
2026-08-31T06:40:00+00:00,22447762-2,RH,CURRENT,%,96.09369039444572
2026-08-31T06:40:00+00:00,22447762-3,Dew Point,CURRENT,°C,14.947414211028388
2026-08-31T06:40:00+00:00,22447764-1,Temperature,CURRENT,°C,15.205415039062501
2026-08-31T06:40:00+00:00,22447764-2,RH,CURRENT,%,97.6775768673228
2026-08-31T06:40:00+00:00,22447764-3,Dew Point,CURRENT,°C,14.859116205251954
2026-08-31T06:40:00+00:00,22447765-1,Temperature,CURRENT,°C,15.334116210937495
2026-08-31T06:40:00+00:00,22447765-2,RH,CURRENT,%,97.19386587319752
2026-08-31T06:40:00+00:00,22447765-3,Dew Point,CURRENT,°C,14.910456782447914
2026-08-31T06:40:00+00:00,22447766-1,Temperature,CURRENT,°C,15.52716796875
2026-08-31T06:40:00+00:00,22447766-2,RH,CURRENT,%,96.31342030975814
2026-08-31T06:40:00+00:00,22447766-3,Dew Point,CURRENT,°C,14.961548415613729
2026-08-31T06:45:00+00:00,22411189-1,Temperature,CURRENT,°C,15.61296875
2026-08-31T06:45:00+00:00,22411189-2,RH,CURRENT,%,100
2026-08-31T06:45:00+00:00,22411189-3,Dew Point,CURRENT,°C,15.632969953061803
2026-08-31T06:45:00+00:00,22411190-1,Temperature,CURRENT,°C,15.741669921875001
2026-08-31T06:45:00+00:00,22411190-2,RH,CURRENT,%,98.85099565117876
2026-08-31T06:45:00+00:00,22411190-3,Dew Point,CURRENT,°C,15.58115041201124
2026-08-31T06:45:00+00:00,22411191-1,Temperature,CURRENT,°C,16.213574218749997
2026-08-31T06:45:00+00:00,22411191-2,RH,CURRENT,%,100
2026-08-31T06:45:00+00:00,22411191-3,Dew Point,CURRENT,°C,16.234533925576383
2026-08-31T06:45:00+00:00,22411525-1,Temperature,CURRENT,°C,16.3637255859375
2026-08-31T06:45:00+00:00,22411525-2,RH,CURRENT,%,97.31746395056076
2026-08-31T06:45:00+00:00,22411525-3,Dew Point,CURRENT,°C,15.958010338141793
2026-08-31T06:45:00+00:00,22411526-1,Temperature,CURRENT,°C,15.1625146484375
2026-08-31T06:45:00+00:00,22411526-2,RH,CURRENT,%,100
2026-08-31T06:45:00+00:00,22411526-3,Dew Point,CURRENT,°C,15.181796852741305
2026-08-31T06:45:00+00:00,22411527-1,Temperature,CURRENT,°C,16.513876953125
2026-08-31T06:45:00+00:00,22411527-2,RH,CURRENT,%,96.01739528496223
2026-08-31T06:45:00+00:00,22411527-3,Dew Point,CURRENT,°C,15.89702433036249
2026-08-31T06:45:00+00:00,22411528-1,Temperature,CURRENT,°C,15.269765624999998
2026-08-31T06:45:00+00:00,22411528-2,RH,CURRENT,%,100
2026-08-31T06:45:00+00:00,22411528-3,Dew Point,CURRENT,°C,15.289219028886388
2026-08-31T06:45:00+00:00,22411529-1,Temperature,CURRENT,°C,14.840761718749995
2026-08-31T06:45:00+00:00,22411529-2,RH,CURRENT,%,100
2026-08-31T06:45:00+00:00,22411529-3,Dew Point,CURRENT,°C,14.85953028904816
2026-08-31T06:45:00+00:00,22411530-1,Temperature,CURRENT,°C,16.084873046874996
2026-08-31T06:45:00+00:00,22411530-2,RH,CURRENT,%,98.62668802929733
2026-08-31T06:45:00+00:00,22411530-3,Dew Point,CURRENT,°C,15.888818752791218
2026-08-31T06:45:00+00:00,22411541-S,Battery,CURRENT,V,8.164011474609376
2026-08-31T06:45:00+00:00,22447758-1,Temperature,CURRENT,°C,16.170673828124997
2026-08-31T06:45:00+00:00,22447758-2,RH,CURRENT,%,94.45029373617152
2026-08-31T06:45:00+00:00,22447758-3,Dew Point,CURRENT,°C,15.298153332988598
2026-08-31T06:45:00+00:00,22447759-1,Temperature,CURRENT,°C,16.2779248046875
2026-08-31T06:45:00+00:00,22447759-2,RH,CURRENT,%,94.56473640039674
2026-08-31T06:45:00+00:00,22447759-3,Dew Point,CURRENT,°C,15.423719302057037
2026-08-31T06:45:00+00:00,22447760-1,Temperature,CURRENT,°C,16.1492236328125
2026-08-31T06:45:00+00:00,22447760-2,RH,CURRENT,%,95.61455710688945
2026-08-31T06:45:00+00:00,22447760-3,Dew Point,CURRENT,°C,15.467959583857196
2026-08-31T06:45:00+00:00,22447761-1,Temperature,CURRENT,°C,15.827470703125002
2026-08-31T06:45:00+00:00,22447761-2,RH,CURRENT,%,96.50263218127718
2026-08-31T06:45:00+00:00,22447761-3,Dew Point,CURRENT,°C,15.291536943427191
2026-08-31T06:45:00+00:00,22447762-1,Temperature,CURRENT,°C,16.2350244140625
2026-08-31T06:45:00+00:00,22447762-2,RH,CURRENT,%,93.5408560311284
2026-08-31T06:45:00+00:00,22447762-3,Dew Point,CURRENT,°C,15.211305219208553
2026-08-31T06:45:00+00:00,22447764-1,Temperature,CURRENT,°C,16.0205224609375
2026-08-31T06:45:00+00:00,22447764-2,RH,CURRENT,%,96.32257572289616
2026-08-31T06:45:00+00:00,22447764-3,Dew Point,CURRENT,°C,15.454889829894737
2026-08-31T06:45:00+00:00,22447765-1,Temperature,CURRENT,°C,16.127773437499997
2026-08-31T06:45:00+00:00,22447765-2,RH,CURRENT,%,94.72190432593271
2026-08-31T06:45:00+00:00,22447765-3,Dew Point,CURRENT,°C,15.300253683081516
2026-08-31T06:45:00+00:00,22447766-1,Temperature,CURRENT,°C,16.256474609374997
2026-08-31T06:45:00+00:00,22447766-2,RH,CURRENT,%,94.46402685587854
2026-08-31T06:45:00+00:00,22447766-3,Dew Point,CURRENT,°C,15.385755704768496
2026-08-31T06:50:00+00:00,22411189-1,Temperature,CURRENT,°C,15.505717773437496
2026-08-31T06:50:00+00:00,22411189-2,RH,CURRENT,%,100
2026-08-31T06:50:00+00:00,22411189-3,Dew Point,CURRENT,°C,15.525547795720932
2026-08-31T06:50:00+00:00,22411190-1,Temperature,CURRENT,°C,15.69876953125
2026-08-31T06:50:00+00:00,22411190-2,RH,CURRENT,%,98.53513389791715
2026-08-31T06:50:00+00:00,22411190-3,Dew Point,CURRENT,°C,15.488255429624925
2026-08-31T06:50:00+00:00,22411191-1,Temperature,CURRENT,°C,16.2350244140625
2026-08-31T06:50:00+00:00,22411191-2,RH,CURRENT,%,98.10330357824064
2026-08-31T06:50:00+00:00,22411191-3,Dew Point,CURRENT,°C,15.955529128444656
2026-08-31T06:50:00+00:00,22411525-1,Temperature,CURRENT,°C,16.342275390624998
2026-08-31T06:50:00+00:00,22411525-2,RH,CURRENT,%,94.88670176241703
2026-08-31T06:50:00+00:00,22411525-3,Dew Point,CURRENT,°C,15.540816872216544
2026-08-31T06:50:00+00:00,22411526-1,Temperature,CURRENT,°C,15.334116210937495
2026-08-31T06:50:00+00:00,22411526-2,RH,CURRENT,%,99.76195925841154
2026-08-31T06:50:00+00:00,22411526-3,Dew Point,CURRENT,°C,15.316501106303782
2026-08-31T06:50:00+00:00,22411527-1,Temperature,CURRENT,°C,16.449526367187495
2026-08-31T06:50:00+00:00,22411527-2,RH,CURRENT,%,94.41824979018845
2026-08-31T06:50:00+00:00,22411527-3,Dew Point,CURRENT,°C,15.570185223089736
2026-08-31T06:50:00+00:00,22411528-1,Temperature,CURRENT,°C,15.183964843749997
2026-08-31T06:50:00+00:00,22411528-2,RH,CURRENT,%,100
2026-08-31T06:50:00+00:00,22411528-3,Dew Point,CURRENT,°C,15.203281288440435
2026-08-31T06:50:00+00:00,22411529-1,Temperature,CURRENT,°C,14.9909130859375
2026-08-31T06:50:00+00:00,22411529-2,RH,CURRENT,%,100
2026-08-31T06:50:00+00:00,22411529-3,Dew Point,CURRENT,°C,15.00992135868644
2026-08-31T06:50:00+00:00,22411530-1,Temperature,CURRENT,°C,16.0634228515625
2026-08-31T06:50:00+00:00,22411530-2,RH,CURRENT,%,95.66338597695888
2026-08-31T06:50:00+00:00,22411530-3,Dew Point,CURRENT,°C,15.390462789923994
2026-08-31T06:50:00+00:00,22411541-S,Battery,CURRENT,V,8.164011474609376
2026-08-31T06:50:00+00:00,22447758-1,Temperature,CURRENT,°C,16.342275390624998
2026-08-31T06:50:00+00:00,22447758-2,RH,CURRENT,%,92.8725108720531
2026-08-31T06:50:00+00:00,22447758-3,Dew Point,CURRENT,°C,15.206070661081277
2026-08-31T06:50:00+00:00,22447759-1,Temperature,CURRENT,°C,16.428076171875
2026-08-31T06:50:00+00:00,22447759-2,RH,CURRENT,%,93.00373846036469
2026-08-31T06:50:00+00:00,22447759-3,Dew Point,CURRENT,°C,15.313243963131825
2026-08-31T06:50:00+00:00,22447760-1,Temperature,CURRENT,°C,16.3208251953125
2026-08-31T06:50:00+00:00,22447760-2,RH,CURRENT,%,93.80636301213092
2026-08-31T06:50:00+00:00,22447760-3,Dew Point,CURRENT,°C,15.340739070263023
2026-08-31T06:50:00+00:00,22447761-1,Temperature,CURRENT,°C,16.0205224609375
2026-08-31T06:50:00+00:00,22447761-2,RH,CURRENT,%,95.60082398718242
2026-08-31T06:50:00+00:00,22447761-3,Dew Point,CURRENT,°C,15.33752448355926
2026-08-31T06:50:00+00:00,22447762-1,Temperature,CURRENT,°C,16.406625976562495
2026-08-31T06:50:00+00:00,22447762-2,RH,CURRENT,%,92.16601815823606
2026-08-31T06:50:00+00:00,22447762-3,Dew Point,CURRENT,°C,15.150954171207394
2026-08-31T06:50:00+00:00,22447764-1,Temperature,CURRENT,°C,16.213574218749997
2026-08-31T06:50:00+00:00,22447764-2,RH,CURRENT,%,94.01693751430534
2026-08-31T06:50:00+00:00,22447764-3,Dew Point,CURRENT,°C,15.26911111256003
2026-08-31T06:50:00+00:00,22447765-1,Temperature,CURRENT,°C,16.342275390624998
2026-08-31T06:50:00+00:00,22447765-2,RH,CURRENT,%,93.01747158007171
2026-08-31T06:50:00+00:00,22447765-3,Dew Point,CURRENT,°C,15.23037374132632
2026-08-31T06:50:00+00:00,22447766-1,Temperature,CURRENT,°C,16.449526367187495
2026-08-31T06:50:00+00:00,22447766-2,RH,CURRENT,%,92.63447013046463
2026-08-31T06:50:00+00:00,22447766-3,Dew Point,CURRENT,°C,15.272501967207033
2026-08-31T06:55:00+00:00,22411189-1,Temperature,CURRENT,°C,15.61296875
2026-08-31T06:55:00+00:00,22411189-2,RH,CURRENT,%,100
2026-08-31T06:55:00+00:00,22411189-3,Dew Point,CURRENT,°C,15.632969953061803
2026-08-31T06:55:00+00:00,22411190-1,Temperature,CURRENT,°C,15.763120117187498
2026-08-31T06:55:00+00:00,22411190-2,RH,CURRENT,%,98.40085450522622
2026-08-31T06:55:00+00:00,22411190-3,Dew Point,CURRENT,°C,15.531287375403243
2026-08-31T06:55:00+00:00,22411191-1,Temperature,CURRENT,°C,16.2779248046875
2026-08-31T06:55:00+00:00,22411191-2,RH,CURRENT,%,99.38048371099413
2026-08-31T06:55:00+00:00,22411191-3,Dew Point,CURRENT,°C,16.201359022534294
2026-08-31T06:55:00+00:00,22411525-1,Temperature,CURRENT,°C,16.406625976562495
2026-08-31T06:55:00+00:00,22411525-2,RH,CURRENT,%,96.52399481193255
2026-08-31T06:55:00+00:00,22411525-3,Dew Point,CURRENT,°C,15.872537873723365
2026-08-31T06:55:00+00:00,22411526-1,Temperature,CURRENT,°C,15.291215820312502
2026-08-31T06:55:00+00:00,22411526-2,RH,CURRENT,%,99.96185244525826
2026-08-31T06:55:00+00:00,22411526-3,Dew Point,CURRENT,°C,15.304753780615224
2026-08-31T06:55:00+00:00,22411527-1,Temperature,CURRENT,°C,16.535327148437496
2026-08-31T06:55:00+00:00,22411527-2,RH,CURRENT,%,96.5468833447776
2026-08-31T06:55:00+00:00,22411527-3,Dew Point,CURRENT,°C,16.00459902839637
2026-08-31T06:55:00+00:00,22411528-1,Temperature,CURRENT,°C,15.291215820312502
2026-08-31T06:55:00+00:00,22411528-2,RH,CURRENT,%,100
2026-08-31T06:55:00+00:00,22411528-3,Dew Point,CURRENT,°C,15.310703463410245
2026-08-31T06:55:00+00:00,22411529-1,Temperature,CURRENT,°C,15.055263671874997
2026-08-31T06:55:00+00:00,22411529-2,RH,CURRENT,%,100
2026-08-31T06:55:00+00:00,22411529-3,Dew Point,CURRENT,°C,15.074374670719912
2026-08-31T06:55:00+00:00,22411530-1,Temperature,CURRENT,°C,16.1492236328125
2026-08-31T06:55:00+00:00,22411530-2,RH,CURRENT,%,98.14145113298238
2026-08-31T06:55:00+00:00,22411530-3,Dew Point,CURRENT,°C,15.87588413262432
2026-08-31T06:55:00+00:00,22411541-S,Battery,CURRENT,V,8.157550048828126
2026-08-31T06:55:00+00:00,22447758-1,Temperature,CURRENT,°C,16.2350244140625
2026-08-31T06:55:00+00:00,22447758-2,RH,CURRENT,%,93.22041657129778
2026-08-31T06:55:00+00:00,22447758-3,Dew Point,CURRENT,°C,15.157847435462166
2026-08-31T06:55:00+00:00,22447759-1,Temperature,CURRENT,°C,16.3208251953125
2026-08-31T06:55:00+00:00,22447759-2,RH,CURRENT,%,93.35774776836804
2026-08-31T06:55:00+00:00,22447759-3,Dew Point,CURRENT,°C,15.265989010702812
2026-08-31T06:55:00+00:00,22447760-1,Temperature,CURRENT,°C,16.213574218749997
2026-08-31T06:55:00+00:00,22447760-2,RH,CURRENT,%,94.24582284275579
2026-08-31T06:55:00+00:00,22447760-3,Dew Point,CURRENT,°C,15.30702169825271
2026-08-31T06:55:00+00:00,22447761-1,Temperature,CURRENT,°C,16.041972656249996
2026-08-31T06:55:00+00:00,22447761-2,RH,CURRENT,%,94.26871137560083
2026-08-31T06:55:00+00:00,22447761-3,Dew Point,CURRENT,°C,15.140180665437812
2026-08-31T06:55:00+00:00,22447762-1,Temperature,CURRENT,°C,16.2779248046875
2026-08-31T06:55:00+00:00,22447762-2,RH,CURRENT,%,92.82673380636301
2026-08-31T06:55:00+00:00,22447762-3,Dew Point,CURRENT,°C,15.134525517801775
2026-08-31T06:55:00+00:00,22447764-1,Temperature,CURRENT,°C,16.1921240234375
2026-08-31T06:55:00+00:00,22447764-2,RH,CURRENT,%,94.19851987487603
2026-08-31T06:55:00+00:00,22447764-3,Dew Point,CURRENT,°C,15.277867014894492
2026-08-31T06:55:00+00:00,22447765-1,Temperature,CURRENT,°C,16.256474609374997
2026-08-31T06:55:00+00:00,22447765-2,RH,CURRENT,%,93.3852140077821
2026-08-31T06:55:00+00:00,22447765-3,Dew Point,CURRENT,°C,15.206663743112927
2026-08-31T06:55:00+00:00,22447766-1,Temperature,CURRENT,°C,16.3637255859375
2026-08-31T06:55:00+00:00,22447766-2,RH,CURRENT,%,93.07240405889982
2026-08-31T06:55:00+00:00,22447766-3,Dew Point,CURRENT,°C,15.260869413842281
2026-08-31T07:00:00+00:00,22411189-1,Temperature,CURRENT,°C,16.3637255859375
2026-08-31T07:00:00+00:00,22411189-2,RH,CURRENT,%,100
2026-08-31T07:00:00+00:00,22411189-3,Dew Point,CURRENT,°C,16.384924889911105
2026-08-31T07:00:00+00:00,22411190-1,Temperature,CURRENT,°C,16.449526367187495
2026-08-31T07:00:00+00:00,22411190-2,RH,CURRENT,%,98.2558937972076
2026-08-31T07:00:00+00:00,22411190-3,Dew Point,CURRENT,°C,16.1942681928052
2026-08-31T07:00:00+00:00,22411191-1,Temperature,CURRENT,°C,17.028681640624995
2026-08-31T07:00:00+00:00,22411191-2,RH,CURRENT,%,97.09620813305867
2026-08-31T07:00:00+00:00,22411191-3,Dew Point,CURRENT,°C,16.585930641232764
2026-08-31T07:00:00+00:00,22411525-1,Temperature,CURRENT,°C,17.0930322265625
2026-08-31T07:00:00+00:00,22411525-2,RH,CURRENT,%,93.96505683985656
2026-08-31T07:00:00+00:00,22411525-3,Dew Point,CURRENT,°C,16.134611815472518
2026-08-31T07:00:00+00:00,22411526-1,Temperature,CURRENT,°C,15.9776220703125
2026-08-31T07:00:00+00:00,22411526-2,RH,CURRENT,%,100
2026-08-31T07:00:00+00:00,22411526-3,Dew Point,CURRENT,°C,15.998205244065929
2026-08-31T07:00:00+00:00,22411527-1,Temperature,CURRENT,°C,17.178833007812493
2026-08-31T07:00:00+00:00,22411527-2,RH,CURRENT,%,93.35622186617837
2026-08-31T07:00:00+00:00,22411527-3,Dew Point,CURRENT,°C,16.11783285374187
2026-08-31T07:00:00+00:00,22411528-1,Temperature,CURRENT,°C,16.084873046874996
2026-08-31T07:00:00+00:00,22411528-2,RH,CURRENT,%,100
2026-08-31T07:00:00+00:00,22411528-3,Dew Point,CURRENT,°C,16.10562737555101
2026-08-31T07:00:00+00:00,22411529-1,Temperature,CURRENT,°C,15.741669921875001
2026-08-31T07:00:00+00:00,22411529-2,RH,CURRENT,%,100
2026-08-31T07:00:00+00:00,22411529-3,Dew Point,CURRENT,°C,15.761876534114112
2026-08-31T07:00:00+00:00,22411530-1,Temperature,CURRENT,°C,16.9643310546875
2026-08-31T07:00:00+00:00,22411530-2,RH,CURRENT,%,94.74326695658809
2026-08-31T07:00:00+00:00,22411530-3,Dew Point,CURRENT,°C,16.136085346185574
2026-08-31T07:00:00+00:00,22411541-S,Battery,CURRENT,V,8.157550048828126
2026-08-31T07:00:00+00:00,22447758-1,Temperature,CURRENT,°C,16.685478515625
2026-08-31T07:00:00+00:00,22447758-2,RH,CURRENT,%,92.20263981078813
2026-08-31T07:00:00+00:00,22447758-3,Dew Point,CURRENT,°C,15.433651126546762
2026-08-31T07:00:00+00:00,22447759-1,Temperature,CURRENT,°C,16.72837890625
2026-08-31T07:00:00+00:00,22447759-2,RH,CURRENT,%,92.36896314946212
2026-08-31T07:00:00+00:00,22447759-3,Dew Point,CURRENT,°C,15.504335021330759
2026-08-31T07:00:00+00:00,22447760-1,Temperature,CURRENT,°C,16.621127929687496
2026-08-31T07:00:00+00:00,22447760-2,RH,CURRENT,%,93.30281528953994
2026-08-31T07:00:00+00:00,22447760-3,Dew Point,CURRENT,°C,15.555030608641024
2026-08-31T07:00:00+00:00,22447761-1,Temperature,CURRENT,°C,16.428076171875
2026-08-31T07:00:00+00:00,22447761-2,RH,CURRENT,%,93.51796749828335
2026-08-31T07:00:00+00:00,22447761-3,Dew Point,CURRENT,°C,15.399257958883146
2026-08-31T07:00:00+00:00,22447762-1,Temperature,CURRENT,°C,16.706928710937497
2026-08-31T07:00:00+00:00,22447762-2,RH,CURRENT,%,91.85626001373312
2026-08-31T07:00:00+00:00,22447762-3,Dew Point,CURRENT,°C,15.396175439643
2026-08-31T07:00:00+00:00,22447764-1,Temperature,CURRENT,°C,16.599677734375
2026-08-31T07:00:00+00:00,22447764-2,RH,CURRENT,%,93.07698176546883
2026-08-31T07:00:00+00:00,22447764-3,Dew Point,CURRENT,°C,15.495878782000167
2026-08-31T07:00:00+00:00,22447765-1,Temperature,CURRENT,°C,16.664028320312497
2026-08-31T07:00:00+00:00,22447765-2,RH,CURRENT,%,92.35065232318608
2026-08-31T07:00:00+00:00,22447765-3,Dew Point,CURRENT,°C,15.437416577648358
2026-08-31T07:00:00+00:00,22447766-1,Temperature,CURRENT,°C,16.749829101562497
2026-08-31T07:00:00+00:00,22447766-2,RH,CURRENT,%,91.98748760204471
2026-08-31T07:00:00+00:00,22447766-3,Dew Point,CURRENT,°C,15.460981662025974
2026-08-31T07:05:00+00:00,22411189-1,Temperature,CURRENT,°C,16.55677734375
2026-08-31T07:05:00+00:00,22411189-2,RH,CURRENT,%,100
2026-08-31T07:05:00+00:00,22411189-3,Dew Point,CURRENT,°C,16.578284684274816
2026-08-31T07:05:00+00:00,22411190-1,Temperature,CURRENT,°C,16.642578125
2026-08-31T07:05:00+00:00,22411190-2,RH,CURRENT,%,96.29510948348211
2026-08-31T07:05:00+00:00,22411190-3,Dew Point,CURRENT,°C,16.07058468293209
2026-08-31T07:05:00+00:00,22411191-1,Temperature,CURRENT,°C,17.114482421874996
2026-08-31T07:05:00+00:00,22411191-2,RH,CURRENT,%,95.76104371709773
2026-08-31T07:05:00+00:00,22411191-3,Dew Point,CURRENT,°C,16.453494291785063
2026-08-31T07:05:00+00:00,22411525-1,Temperature,CURRENT,°C,17.157382812499996
2026-08-31T07:05:00+00:00,22411525-2,RH,CURRENT,%,93.01441977569237
2026-08-31T07:05:00+00:00,22411525-3,Dew Point,CURRENT,°C,16.03898970852229
2026-08-31T07:05:00+00:00,22411526-1,Temperature,CURRENT,°C,16.170673828124997
2026-08-31T07:05:00+00:00,22411526-2,RH,CURRENT,%,100
2026-08-31T07:05:00+00:00,22411526-3,Dew Point,CURRENT,°C,16.191565076508137
2026-08-31T07:05:00+00:00,22411527-1,Temperature,CURRENT,°C,17.200283203125004
2026-08-31T07:05:00+00:00,22411527-2,RH,CURRENT,%,92.90913252460517
2026-08-31T07:05:00+00:00,22411527-3,Dew Point,CURRENT,°C,16.06380672981743
2026-08-31T07:05:00+00:00,22411528-1,Temperature,CURRENT,°C,16.256474609374997
2026-08-31T07:05:00+00:00,22411528-2,RH,CURRENT,%,100
2026-08-31T07:05:00+00:00,22411528-3,Dew Point,CURRENT,°C,16.277502773704423
2026-08-31T07:05:00+00:00,22411529-1,Temperature,CURRENT,°C,15.956171874999995
2026-08-31T07:05:00+00:00,22411529-2,RH,CURRENT,%,100
2026-08-31T07:05:00+00:00,22411529-3,Dew Point,CURRENT,°C,15.976720817063747
2026-08-31T07:05:00+00:00,22411530-1,Temperature,CURRENT,°C,17.0501318359375
2026-08-31T07:05:00+00:00,22411530-2,RH,CURRENT,%,93.99404898146028
2026-08-31T07:05:00+00:00,22411530-3,Dew Point,CURRENT,°C,16.096813566463958
2026-08-31T07:05:00+00:00,22411541-S,Battery,CURRENT,V,8.154319335937501
2026-08-31T07:05:00+00:00,22447758-1,Temperature,CURRENT,°C,16.857080078125
2026-08-31T07:05:00+00:00,22447758-2,RH,CURRENT,%,91.6914625772488
2026-08-31T07:05:00+00:00,22447758-3,Dew Point,CURRENT,°C,15.516944186018165
2026-08-31T07:05:00+00:00,22447759-1,Temperature,CURRENT,°C,16.89998046875
2026-08-31T07:05:00+00:00,22447759-2,RH,CURRENT,%,91.80895704585336
2026-08-31T07:05:00+00:00,22447759-3,Dew Point,CURRENT,°C,15.57946466379499
2026-08-31T07:05:00+00:00,22447760-1,Temperature,CURRENT,°C,16.835629882812498
2026-08-31T07:05:00+00:00,22447760-2,RH,CURRENT,%,92.63294422827497
2026-08-31T07:05:00+00:00,22447760-3,Dew Point,CURRENT,°C,15.65532320066658
2026-08-31T07:05:00+00:00,22447761-1,Temperature,CURRENT,°C,16.685478515625
2026-08-31T07:05:00+00:00,22447761-2,RH,CURRENT,%,92.60547798886091
2026-08-31T07:05:00+00:00,22447761-3,Dew Point,CURRENT,°C,15.501717635327582
2026-08-31T07:05:00+00:00,22447762-1,Temperature,CURRENT,°C,16.878530273437498
2026-08-31T07:05:00+00:00,22447762-2,RH,CURRENT,%,91.13298237582971
2026-08-31T07:05:00+00:00,22447762-3,Dew Point,CURRENT,°C,15.442793163027101
2026-08-31T07:05:00+00:00,22447764-1,Temperature,CURRENT,°C,16.771279296875
2026-08-31T07:05:00+00:00,22447764-2,RH,CURRENT,%,92.4956130312047
2026-08-31T07:05:00+00:00,22447764-3,Dew Point,CURRENT,°C,15.5682924185739
2026-08-31T07:05:00+00:00,22447765-1,Temperature,CURRENT,°C,16.835629882812498
2026-08-31T07:05:00+00:00,22447765-2,RH,CURRENT,%,91.83642328526741
2026-08-31T07:05:00+00:00,22447765-3,Dew Point,CURRENT,°C,15.520361365417596
2026-08-31T07:05:00+00:00,22447766-1,Temperature,CURRENT,°C,16.9214306640625
2026-08-31T07:05:00+00:00,22447766-2,RH,CURRENT,%,91.45647364003968
2026-08-31T07:05:00+00:00,22447766-3,Dew Point,CURRENT,°C,15.540614708054097
2026-08-31T07:10:00+00:00,22411189-1,Temperature,CURRENT,°C,16.3208251953125
2026-08-31T07:10:00+00:00,22411189-2,RH,CURRENT,%,99.07072556649119
2026-08-31T07:10:00+00:00,22411189-3,Dew Point,CURRENT,°C,16.195264030581573
2026-08-31T07:10:00+00:00,22411190-1,Temperature,CURRENT,°C,16.4709765625
2026-08-31T07:10:00+00:00,22411190-2,RH,CURRENT,%,95.25749599450675
2026-08-31T07:10:00+00:00,22411190-3,Dew Point,CURRENT,°C,15.729895178317973
2026-08-31T07:10:00+00:00,22411191-1,Temperature,CURRENT,°C,16.9643310546875
2026-08-31T07:10:00+00:00,22411191-2,RH,CURRENT,%,95.67864499885557
2026-08-31T07:10:00+00:00,22411191-3,Dew Point,CURRENT,°C,16.290380060857743
2026-08-31T07:10:00+00:00,22411525-1,Temperature,CURRENT,°C,17.028681640624995
2026-08-31T07:10:00+00:00,22411525-2,RH,CURRENT,%,93.16395819028
2026-08-31T07:10:00+00:00,22411525-3,Dew Point,CURRENT,°C,15.936405910551454
2026-08-31T07:10:00+00:00,22411526-1,Temperature,CURRENT,°C,16.041972656249996
2026-08-31T07:10:00+00:00,22411526-2,RH,CURRENT,%,99.86572060730907
2026-08-31T07:10:00+00:00,22411526-3,Dew Point,CURRENT,°C,16.04158208850289
2026-08-31T07:10:00+00:00,22411527-1,Temperature,CURRENT,°C,17.1359326171875
2026-08-31T07:10:00+00:00,22411527-2,RH,CURRENT,%,93.17463950560769
2026-08-31T07:10:00+00:00,22411527-3,Dew Point,CURRENT,°C,16.044688023632837
2026-08-31T07:10:00+00:00,22411528-1,Temperature,CURRENT,°C,16.041972656249996
2026-08-31T07:10:00+00:00,22411528-2,RH,CURRENT,%,100
2026-08-31T07:10:00+00:00,22411528-3,Dew Point,CURRENT,°C,16.062658523662144
2026-08-31T07:10:00+00:00,22411529-1,Temperature,CURRENT,°C,15.870371093749995
2026-08-31T07:10:00+00:00,22411529-2,RH,CURRENT,%,100
2026-08-31T07:10:00+00:00,22411529-3,Dew Point,CURRENT,°C,15.890783106704518
2026-08-31T07:10:00+00:00,22411530-1,Temperature,CURRENT,°C,16.792729492187497
2026-08-31T07:10:00+00:00,22411530-2,RH,CURRENT,%,94.1298542763409
2026-08-31T07:10:00+00:00,22411530-3,Dew Point,CURRENT,°C,15.863581033901438
2026-08-31T07:10:00+00:00,22411541-S,Battery,CURRENT,V,8.154319335937501
2026-08-31T07:10:00+00:00,22447758-1,Temperature,CURRENT,°C,16.771279296875
2026-08-31T07:10:00+00:00,22447758-2,RH,CURRENT,%,91.19096665903716
2026-08-31T07:10:00+00:00,22447758-3,Dew Point,CURRENT,°C,15.34651845767482
2026-08-31T07:10:00+00:00,22447759-1,Temperature,CURRENT,°C,16.835629882812498
2026-08-31T07:10:00+00:00,22447759-2,RH,CURRENT,%,91.31914244296941
2026-08-31T07:10:00+00:00,22447759-3,Dew Point,CURRENT,°C,15.432163096539401
2026-08-31T07:10:00+00:00,22447760-1,Temperature,CURRENT,°C,16.771279296875
2026-08-31T07:10:00+00:00,22447760-2,RH,CURRENT,%,92.03021286335546
2026-08-31T07:10:00+00:00,22447760-3,Dew Point,CURRENT,°C,15.489496543313168
2026-08-31T07:10:00+00:00,22447761-1,Temperature,CURRENT,°C,16.685478515625
2026-08-31T07:10:00+00:00,22447761-2,RH,CURRENT,%,91.63500419623102
2026-08-31T07:10:00+00:00,22447761-3,Dew Point,CURRENT,°C,15.337295369314614
2026-08-31T07:10:00+00:00,22447762-1,Temperature,CURRENT,°C,16.8141796875
2026-08-31T07:10:00+00:00,22447762-2,RH,CURRENT,%,90.60959792477303
2026-08-31T07:10:00+00:00,22447762-3,Dew Point,CURRENT,°C,15.289243939834213
2026-08-31T07:10:00+00:00,22447764-1,Temperature,CURRENT,°C,16.706928710937497
2026-08-31T07:10:00+00:00,22447764-2,RH,CURRENT,%,92.17517357137407
2026-08-31T07:10:00+00:00,22447764-3,Dew Point,CURRENT,°C,15.450269809097145
2026-08-31T07:10:00+00:00,22447765-1,Temperature,CURRENT,°C,16.771279296875
2026-08-31T07:10:00+00:00,22447765-2,RH,CURRENT,%,91.48851758602274
2026-08-31T07:10:00+00:00,22447765-3,Dew Point,CURRENT,°C,15.397342188682538
2026-08-31T07:10:00+00:00,22447766-1,Temperature,CURRENT,°C,16.835629882812498
2026-08-31T07:10:00+00:00,22447766-2,RH,CURRENT,%,91.1284046692607
2026-08-31T07:10:00+00:00,22447766-3,Dew Point,CURRENT,°C,15.39953105935204
2026-08-31T07:15:00+00:00,22411189-1,Temperature,CURRENT,°C,15.870371093749995
2026-08-31T07:15:00+00:00,22411189-2,RH,CURRENT,%,96.6674296177615
2026-08-31T07:15:00+00:00,22411189-3,Dew Point,CURRENT,°C,15.360932168526615
2026-08-31T07:15:00+00:00,22411190-1,Temperature,CURRENT,°C,15.999072265624996
2026-08-31T07:15:00+00:00,22411190-2,RH,CURRENT,%,92.33081559472038
2026-08-31T07:15:00+00:00,22411190-3,Dew Point,CURRENT,°C,14.774575591171827
2026-08-31T07:15:00+00:00,22411191-1,Temperature,CURRENT,°C,16.299374999999998
2026-08-31T07:15:00+00:00,22411191-2,RH,CURRENT,%,92.651255054551
2026-08-31T07:15:00+00:00,22411191-3,Dew Point,CURRENT,°C,15.126346507694166
2026-08-31T07:15:00+00:00,22411525-1,Temperature,CURRENT,°C,16.3208251953125
2026-08-31T07:15:00+00:00,22411525-2,RH,CURRENT,%,90.43717097734036
2026-08-31T07:15:00+00:00,22411525-3,Dew Point,CURRENT,°C,14.771504300745132
2026-08-31T07:15:00+00:00,22411526-1,Temperature,CURRENT,°C,15.677319335937497
2026-08-31T07:15:00+00:00,22411526-2,RH,CURRENT,%,99.44151979858091
2026-08-31T07:15:00+00:00,22411526-3,Dew Point,CURRENT,°C,15.609853456778866
2026-08-31T07:15:00+00:00,22411527-1,Temperature,CURRENT,°C,16.38517578125
2026-08-31T07:15:00+00:00,22411527-2,RH,CURRENT,%,90.52262149996186
2026-08-31T07:15:00+00:00,22411527-3,Dew Point,CURRENT,°C,14.849835691206227
2026-08-31T07:15:00+00:00,22411528-1,Temperature,CURRENT,°C,15.548618164062496
2026-08-31T07:15:00+00:00,22411528-2,RH,CURRENT,%,100
2026-08-31T07:15:00+00:00,22411528-3,Dew Point,CURRENT,°C,15.568516659362428
2026-08-31T07:15:00+00:00,22411529-1,Temperature,CURRENT,°C,15.61296875
2026-08-31T07:15:00+00:00,22411529-2,RH,CURRENT,%,99.60631723506523
2026-08-31T07:15:00+00:00,22411529-3,Dew Point,CURRENT,°C,15.571316545657734
2026-08-31T07:15:00+00:00,22411530-1,Temperature,CURRENT,°C,16.0634228515625
2026-08-31T07:15:00+00:00,22411530-2,RH,CURRENT,%,92.46356908522164
2026-08-31T07:15:00+00:00,22411530-3,Dew Point,CURRENT,°C,14.860720978075225
2026-08-31T07:15:00+00:00,22411541-S,Battery,CURRENT,V,8.157550048828126
2026-08-31T07:15:00+00:00,22447758-1,Temperature,CURRENT,°C,16.213574218749997
2026-08-31T07:15:00+00:00,22447758-2,RH,CURRENT,%,88.67780575265125
2026-08-31T07:15:00+00:00,22447758-3,Dew Point,CURRENT,°C,14.36098102237788
2026-08-31T07:15:00+00:00,22447759-1,Temperature,CURRENT,°C,16.041972656249996
2026-08-31T07:15:00+00:00,22447759-2,RH,CURRENT,%,89.62691691462577
2026-08-31T07:15:00+00:00,22447759-3,Dew Point,CURRENT,°C,14.356287161968158
2026-08-31T07:15:00+00:00,22447760-1,Temperature,CURRENT,°C,16.170673828124997
2026-08-31T07:15:00+00:00,22447760-2,RH,CURRENT,%,89.71847104600594
2026-08-31T07:15:00+00:00,22447760-3,Dew Point,CURRENT,°C,14.499283622803015
2026-08-31T07:15:00+00:00,22447761-1,Temperature,CURRENT,°C,16.2350244140625
2026-08-31T07:15:00+00:00,22447761-2,RH,CURRENT,%,88.74341954680705
2026-08-31T07:15:00+00:00,22447761-3,Dew Point,CURRENT,°C,14.393599434971865
2026-08-31T07:15:00+00:00,22447762-1,Temperature,CURRENT,°C,16.041972656249996
2026-08-31T07:15:00+00:00,22447762-2,RH,CURRENT,%,89.01808194094758
2026-08-31T07:15:00+00:00,22447762-3,Dew Point,CURRENT,°C,14.250841082828295
2026-08-31T07:15:00+00:00,22447764-1,Temperature,CURRENT,°C,16.1063232421875
2026-08-31T07:15:00+00:00,22447764-2,RH,CURRENT,%,89.40260929274433
2026-08-31T07:15:00+00:00,22447764-3,Dew Point,CURRENT,°C,14.381081632740399
2026-08-31T07:15:00+00:00,22447765-1,Temperature,CURRENT,°C,16.170673828124997
2026-08-31T07:15:00+00:00,22447765-2,RH,CURRENT,%,88.86549172198062
2026-08-31T07:15:00+00:00,22447765-3,Dew Point,CURRENT,°C,14.351359527502163
2026-08-31T07:15:00+00:00,22447766-1,Temperature,CURRENT,°C,15.999072265624996
2026-08-31T07:15:00+00:00,22447766-2,RH,CURRENT,%,89.44686045624475
2026-08-31T07:15:00+00:00,22447766-3,Dew Point,CURRENT,°C,14.282785700113875
2026-08-31T07:20:00+00:00,22411189-1,Temperature,CURRENT,°C,15.291215820312502
2026-08-31T07:20:00+00:00,22411189-2,RH,CURRENT,%,97.99954222934309
2026-08-31T07:20:00+00:00,22411189-3,Dew Point,CURRENT,°C,14.995983790526969
2026-08-31T07:20:00+00:00,22411190-1,Temperature,CURRENT,°C,15.4413671875
2026-08-31T07:20:00+00:00,22411190-2,RH,CURRENT,%,94.23056382085909
2026-08-31T07:20:00+00:00,22411190-3,Dew Point,CURRENT,°C,14.536703926750354
2026-08-31T07:20:00+00:00,22411191-1,Temperature,CURRENT,°C,15.61296875
2026-08-31T07:20:00+00:00,22411191-2,RH,CURRENT,%,96.18219272144655
2026-08-31T07:20:00+00:00,22411191-3,Dew Point,CURRENT,°C,15.025873983008456
2026-08-31T07:20:00+00:00,22411525-1,Temperature,CURRENT,°C,15.570068359375
2026-08-31T07:20:00+00:00,22411525-2,RH,CURRENT,%,94.48691538872359
2026-08-31T07:20:00+00:00,22411525-3,Dew Point,CURRENT,°C,14.706826724927698
2026-08-31T07:20:00+00:00,22411526-1,Temperature,CURRENT,°C,15.141064453124997
2026-08-31T07:20:00+00:00,22411526-2,RH,CURRENT,%,99.34996566720073
2026-08-31T07:20:00+00:00,22411526-3,Dew Point,CURRENT,°C,15.058777535922212
2026-08-31T07:20:00+00:00,22411527-1,Temperature,CURRENT,°C,15.61296875
2026-08-31T07:20:00+00:00,22411527-2,RH,CURRENT,%,94.80735484855421
2026-08-31T07:20:00+00:00,22411527-3,Dew Point,CURRENT,°C,14.802068504110972
2026-08-31T07:20:00+00:00,22411528-1,Temperature,CURRENT,°C,15.055263671874997
2026-08-31T07:20:00+00:00,22411528-2,RH,CURRENT,%,99.92065308613718
2026-08-31T07:20:00+00:00,22411528-3,Dew Point,CURRENT,°C,15.062020205782193
2026-08-31T07:20:00+00:00,22411529-1,Temperature,CURRENT,°C,15.226865234374998
2026-08-31T07:20:00+00:00,22411529-2,RH,CURRENT,%,98.33829251544977
2026-08-31T07:20:00+00:00,22411529-3,Dew Point,CURRENT,°C,14.985350713795537
2026-08-31T07:20:00+00:00,22411530-1,Temperature,CURRENT,°C,15.462817382812496
2026-08-31T07:20:00+00:00,22411530-2,RH,CURRENT,%,94.56626230258641
2026-08-31T07:20:00+00:00,22411530-3,Dew Point,CURRENT,°C,14.613169201663453
2026-08-31T07:20:00+00:00,22411541-S,Battery,CURRENT,V,8.154319335937501
2026-08-31T07:20:00+00:00,22447758-1,Temperature,CURRENT,°C,15.548618164062496
2026-08-31T07:20:00+00:00,22447758-2,RH,CURRENT,%,91.85473411154345
2026-08-31T07:20:00+00:00,22447758-3,Dew Point,CURRENT,°C,14.247852391090946
2026-08-31T07:20:00+00:00,22447759-1,Temperature,CURRENT,°C,15.334116210937495
2026-08-31T07:20:00+00:00,22447759-2,RH,CURRENT,%,93.40810254062714
2026-08-31T07:20:00+00:00,22447759-3,Dew Point,CURRENT,°C,14.29438394211074
2026-08-31T07:20:00+00:00,22447760-1,Temperature,CURRENT,°C,15.548618164062496
2026-08-31T07:20:00+00:00,22447760-2,RH,CURRENT,%,92.82978561074235
2026-08-31T07:20:00+00:00,22447760-3,Dew Point,CURRENT,°C,14.411236809617973
2026-08-31T07:20:00+00:00,22447761-1,Temperature,CURRENT,°C,15.591518554687497
2026-08-31T07:20:00+00:00,22447761-2,RH,CURRENT,%,91.25047684443427
2026-08-31T07:20:00+00:00,22447761-3,Dew Point,CURRENT,°C,14.18832228783264
2026-08-31T07:20:00+00:00,22447762-1,Temperature,CURRENT,°C,15.312666015624998
2026-08-31T07:20:00+00:00,22447762-2,RH,CURRENT,%,92.6710917830167
2026-08-31T07:20:00+00:00,22447762-3,Dew Point,CURRENT,°C,14.150622411527486
2026-08-31T07:20:00+00:00,22447764-1,Temperature,CURRENT,°C,15.484267578125
2026-08-31T07:20:00+00:00,22447764-2,RH,CURRENT,%,92.72602426184481
2026-08-31T07:20:00+00:00,22447764-3,Dew Point,CURRENT,°C,14.330064893763506
2026-08-31T07:20:00+00:00,22447765-1,Temperature,CURRENT,°C,15.505717773437496
2026-08-31T07:20:00+00:00,22447765-2,RH,CURRENT,%,92.17059586480507
2026-08-31T07:20:00+00:00,22447765-3,Dew Point,CURRENT,°C,14.258405778003661
2026-08-31T07:20:00+00:00,22447766-1,Temperature,CURRENT,°C,15.312666015624998
2026-08-31T07:20:00+00:00,22447766-2,RH,CURRENT,%,93.41573205157549
2026-08-31T07:20:00+00:00,22447766-3,Dew Point,CURRENT,°C,14.27434222013705
