timestamp_utc,sensor_sn,measurement_type,data_type,units,value
2026-08-16T00:00:00+00:00,22411189-1,Temperature,CURRENT,°C,18.53019531249999
2026-08-16T00:00:00+00:00,22411189-2,RH,CURRENT,%,72.16144045166705
2026-08-16T00:00:00+00:00,22411189-3,Dew Point,CURRENT,°C,13.439984386883337
2026-08-16T00:00:00+00:00,22411190-1,Temperature,CURRENT,°C,18.809047851562504
2026-08-16T00:00:00+00:00,22411190-2,RH,CURRENT,%,69.17219806210421
2026-08-16T00:00:00+00:00,22411190-3,Dew Point,CURRENT,°C,13.05852337105516
2026-08-16T00:00:00+00:00,22411191-1,Temperature,CURRENT,°C,19.044999999999995
2026-08-16T00:00:00+00:00,22411191-2,RH,CURRENT,%,68.1177996490425
2026-08-16T00:00:00+00:00,22411191-3,Dew Point,CURRENT,°C,13.048838586607289
2026-08-16T00:00:00+00:00,22411525-1,Temperature,CURRENT,°C,19.1093505859375
2026-08-16T00:00:00+00:00,22411525-2,RH,CURRENT,%,66.31113145647365
2026-08-16T00:00:00+00:00,22411525-3,Dew Point,CURRENT,°C,12.699062671607999
2026-08-16T00:00:00+00:00,22411526-1,Temperature,CURRENT,°C,18.229892578124996
2026-08-16T00:00:00+00:00,22411526-2,RH,CURRENT,%,73.10902571145189
2026-08-16T00:00:00+00:00,22411526-3,Dew Point,CURRENT,°C,13.35122260897852
2026-08-16T00:00:00+00:00,22411527-1,Temperature,CURRENT,°C,19.216601562499996
2026-08-16T00:00:00+00:00,22411527-2,RH,CURRENT,%,66.2729839017319
2026-08-16T00:00:00+00:00,22411527-3,Dew Point,CURRENT,°C,12.792371355165072
2026-08-16T00:00:00+00:00,22411528-1,Temperature,CURRENT,°C,17.629287109374992
2026-08-16T00:00:00+00:00,22411528-2,RH,CURRENT,%,78.3916990920882
2026-08-16T00:00:00+00:00,22411528-3,Dew Point,CURRENT,°C,13.843224238174557
2026-08-16T00:00:00+00:00,22411529-1,Temperature,CURRENT,°C,17.800888671874993
2026-08-16T00:00:00+00:00,22411529-2,RH,CURRENT,%,84.60975051499199
2026-08-16T00:00:00+00:00,22411529-3,Dew Point,CURRENT,°C,15.193645599353637
2026-08-16T00:00:00+00:00,22411530-1,Temperature,CURRENT,°C,18.830498046875
2026-08-16T00:00:00+00:00,22411530-2,RH,CURRENT,%,68.43366140230411
2026-08-16T00:00:00+00:00,22411530-3,Dew Point,CURRENT,°C,12.914711022908234
2026-08-16T00:01:00+00:00,22411541-S,Battery,CURRENT,V,8.448314208984375
2026-08-16T00:05:00+00:00,22411189-1,Temperature,CURRENT,°C,17.886689453124994
2026-08-16T00:05:00+00:00,22411189-2,RH,CURRENT,%,74.54947737850004
2026-08-16T00:05:00+00:00,22411189-3,Dew Point,CURRENT,°C,13.319635515106913
2026-08-16T00:05:00+00:00,22411190-1,Temperature,CURRENT,°C,18.2942431640625
2026-08-16T00:05:00+00:00,22411190-2,RH,CURRENT,%,71.01243610284581
2026-08-16T00:05:00+00:00,22411190-3,Dew Point,CURRENT,°C,12.967071647219235
2026-08-16T00:05:00+00:00,22411191-1,Temperature,CURRENT,°C,18.723247070312503
2026-08-16T00:05:00+00:00,22411191-2,RH,CURRENT,%,69.50179293507286
2026-08-16T00:05:00+00:00,22411191-3,Dew Point,CURRENT,°C,13.04919689405205
2026-08-16T00:05:00+00:00,22411525-1,Temperature,CURRENT,°C,18.809047851562504
2026-08-16T00:05:00+00:00,22411525-2,RH,CURRENT,%,67.75158312352178
2026-08-16T00:05:00+00:00,22411525-3,Dew Point,CURRENT,°C,12.741069221462922
2026-08-16T00:05:00+00:00,22411526-1,Temperature,CURRENT,°C,17.54348632812499
2026-08-16T00:05:00+00:00,22411526-2,RH,CURRENT,%,75.66491187914855
2026-08-16T00:05:00+00:00,22411526-3,Dew Point,CURRENT,°C,13.215680128596382
2026-08-16T00:05:00+00:00,22411527-1,Temperature,CURRENT,°C,18.937749023437497
2026-08-16T00:05:00+00:00,22411527-2,RH,CURRENT,%,67.55016403448539
2026-08-16T00:05:00+00:00,22411527-3,Dew Point,CURRENT,°C,12.818397096638583
2026-08-16T00:05:00+00:00,22411528-1,Temperature,CURRENT,°C,17.1359326171875
2026-08-16T00:05:00+00:00,22411528-2,RH,CURRENT,%,79.88860914015412
2026-08-16T00:05:00+00:00,22411528-3,Dew Point,CURRENT,°C,13.654478203547475
2026-08-16T00:05:00+00:00,22411529-1,Temperature,CURRENT,°C,17.3933349609375
2026-08-16T00:05:00+00:00,22411529-2,RH,CURRENT,%,84.77912565804532
2026-08-16T00:05:00+00:00,22411529-3,Dew Point,CURRENT,°C,14.824859042384313
2026-08-16T00:05:00+00:00,22411530-1,Temperature,CURRENT,°C,18.53019531249999
2026-08-16T00:05:00+00:00,22411530-2,RH,CURRENT,%,69.60097657740138
2026-08-16T00:05:00+00:00,22411530-3,Dew Point,CURRENT,°C,12.886144320780627
2026-08-16T00:06:00+00:00,22411541-S,Battery,CURRENT,V,8.448314208984375
2026-08-16T00:10:00+00:00,22411189-1,Temperature,CURRENT,°C,17.479135742187502
2026-08-16T00:10:00+00:00,22411189-2,RH,CURRENT,%,76.27222095063706
2026-08-16T00:10:00+00:00,22411189-3,Dew Point,CURRENT,°C,13.276009728772422
2026-08-16T00:10:00+00:00,22411190-1,Temperature,CURRENT,°C,17.92958984375
2026-08-16T00:10:00+00:00,22411190-2,RH,CURRENT,%,72.75501640344854
2026-08-16T00:10:00+00:00,22411190-3,Dew Point,CURRENT,°C,12.987516446331039
2026-08-16T00:10:00+00:00,22411191-1,Temperature,CURRENT,°C,18.337143554687493
2026-08-16T00:10:00+00:00,22411191-2,RH,CURRENT,%,72.18738078889143
2026-08-16T00:10:00+00:00,22411191-3,Dew Point,CURRENT,°C,13.25977791146555
2026-08-16T00:10:00+00:00,22411525-1,Temperature,CURRENT,°C,18.444394531250005
2026-08-16T00:10:00+00:00,22411525-2,RH,CURRENT,%,70.48905165178913
2026-08-16T00:10:00+00:00,22411525-3,Dew Point,CURRENT,°C,12.997929804872712
2026-08-16T00:10:00+00:00,22411526-1,Temperature,CURRENT,°C,17.0930322265625
2026-08-16T00:10:00+00:00,22411526-2,RH,CURRENT,%,77.35408560311284
2026-08-16T00:10:00+00:00,22411526-3,Dew Point,CURRENT,°C,13.117639996513564
2026-08-16T00:10:00+00:00,22411527-1,Temperature,CURRENT,°C,18.551645507812502
2026-08-16T00:10:00+00:00,22411527-2,RH,CURRENT,%,70.25711451895934
2026-08-16T00:10:00+00:00,22411527-3,Dew Point,CURRENT,°C,13.05032078811149
2026-08-16T00:10:00+00:00,22411528-1,Temperature,CURRENT,°C,16.706928710937497
2026-08-16T00:10:00+00:00,22411528-2,RH,CURRENT,%,81.0757610437171
2026-08-16T00:10:00+00:00,22411528-3,Dew Point,CURRENT,°C,13.462983940343051
2026-08-16T00:10:00+00:00,22411529-1,Temperature,CURRENT,°C,16.749829101562497
2026-08-16T00:10:00+00:00,22411529-2,RH,CURRENT,%,86.0273136491951
2026-08-16T00:10:00+00:00,22411529-3,Dew Point,CURRENT,°C,14.419444017544198
2026-08-16T00:10:00+00:00,22411530-1,Temperature,CURRENT,°C,18.186992187500003
2026-08-16T00:10:00+00:00,22411530-2,RH,CURRENT,%,71.67925535973144
2026-08-16T00:10:00+00:00,22411530-3,Dew Point,CURRENT,°C,13.007115232225262
2026-08-16T00:11:00+00:00,22411541-S,Battery,CURRENT,V,8.448314208984375
2026-08-16T00:15:00+00:00,22411189-1,Temperature,CURRENT,°C,17.178833007812493
2026-08-16T00:15:00+00:00,22411189-2,RH,CURRENT,%,76.14557106889448
2026-08-16T00:15:00+00:00,22411189-3,Dew Point,CURRENT,°C,12.95966324544342
2026-08-16T00:15:00+00:00,22411190-1,Temperature,CURRENT,°C,17.629287109374992
2026-08-16T00:15:00+00:00,22411190-2,RH,CURRENT,%,72.20721751735714
2026-08-16T00:15:00+00:00,22411190-3,Dew Point,CURRENT,°C,12.582917455313304
2026-08-16T00:15:00+00:00,22411191-1,Temperature,CURRENT,°C,18.186992187500003
2026-08-16T00:15:00+00:00,22411191-2,RH,CURRENT,%,70.69504844739453
2026-08-16T00:15:00+00:00,22411191-3,Dew Point,CURRENT,°C,12.795603159922372
2026-08-16T00:15:00+00:00,22411525-1,Temperature,CURRENT,°C,18.2942431640625
2026-08-16T00:15:00+00:00,22411525-2,RH,CURRENT,%,68.93720912489509
2026-08-16T00:15:00+00:00,22411525-3,Dew Point,CURRENT,°C,12.513922597519157
2026-08-16T00:15:00+00:00,22411526-1,Temperature,CURRENT,°C,16.771279296875
2026-08-16T00:15:00+00:00,22411526-2,RH,CURRENT,%,76.8230716411078
2026-08-16T00:15:00+00:00,22411526-3,Dew Point,CURRENT,°C,12.70014440868696
2026-08-16T00:15:00+00:00,22411527-1,Temperature,CURRENT,°C,18.444394531250005
2026-08-16T00:15:00+00:00,22411527-2,RH,CURRENT,%,68.73273823147936
2026-08-16T00:15:00+00:00,22411527-3,Dew Point,CURRENT,°C,12.612222974573355
2026-08-16T00:15:00+00:00,22411528-1,Temperature,CURRENT,°C,16.38517578125
2026-08-16T00:15:00+00:00,22411528-2,RH,CURRENT,%,80.75532158388647
2026-08-16T00:15:00+00:00,22411528-3,Dew Point,CURRENT,°C,13.088243156674904
2026-08-16T00:15:00+00:00,22411529-1,Temperature,CURRENT,°C,16.256474609374997
2026-08-16T00:15:00+00:00,22411529-2,RH,CURRENT,%,86.43625543602656
2026-08-16T00:15:00+00:00,22411529-3,Dew Point,CURRENT,°C,14.007557379312974
2026-08-16T00:15:00+00:00,22411530-1,Temperature,CURRENT,°C,17.972490234374995
2026-08-16T00:15:00+00:00,22411530-2,RH,CURRENT,%,70.77897306782636
2026-08-16T00:15:00+00:00,22411530-3,Dew Point,CURRENT,°C,12.6078587580094
2026-08-16T00:16:00+00:00,22411541-S,Battery,CURRENT,V,8.438622070312501
2026-08-16T00:20:00+00:00,22411189-1,Temperature,CURRENT,°C,16.9214306640625
2026-08-16T00:20:00+00:00,22411189-2,RH,CURRENT,%,77.59975585564965
2026-08-16T00:20:00+00:00,22411189-3,Dew Point,CURRENT,°C,12.999651510517813
2026-08-16T00:20:00+00:00,22411190-1,Temperature,CURRENT,°C,17.3933349609375
2026-08-16T00:20:00+00:00,22411190-2,RH,CURRENT,%,73.9330128938735
2026-08-16T00:20:00+00:00,22411190-3,Dew Point,CURRENT,°C,12.716160101640098
2026-08-16T00:20:00+00:00,22411191-1,Temperature,CURRENT,°C,17.92958984375
2026-08-16T00:20:00+00:00,22411191-2,RH,CURRENT,%,72.32928969253071
2026-08-16T00:20:00+00:00,22411191-3,Dew Point,CURRENT,°C,12.897705724827805
2026-08-16T00:20:00+00:00,22411525-1,Temperature,CURRENT,°C,18.0368408203125
2026-08-16T00:20:00+00:00,22411525-2,RH,CURRENT,%,70.3395132372015
2026-08-16T00:20:00+00:00,22411525-3,Dew Point,CURRENT,°C,12.574554161329083
2026-08-16T00:20:00+00:00,22411526-1,Temperature,CURRENT,°C,16.428076171875
2026-08-16T00:20:00+00:00,22411526-2,RH,CURRENT,%,78.5976958876936
2026-08-16T00:20:00+00:00,22411526-3,Dew Point,CURRENT,°C,12.715725164543278
2026-08-16T00:20:00+00:00,22411527-1,Temperature,CURRENT,°C,18.186992187500003
2026-08-16T00:20:00+00:00,22411527-2,RH,CURRENT,%,69.8359655146105
2026-08-16T00:20:00+00:00,22411527-3,Dew Point,CURRENT,°C,12.608857153240615
2026-08-16T00:20:00+00:00,22411528-1,Temperature,CURRENT,°C,16.1063232421875
2026-08-16T00:20:00+00:00,22411528-2,RH,CURRENT,%,82.388036926833
2026-08-16T00:20:00+00:00,22411528-3,Dew Point,CURRENT,°C,13.12257134777876
2026-08-16T00:20:00+00:00,22411529-1,Temperature,CURRENT,°C,15.9776220703125
2026-08-16T00:20:00+00:00,22411529-2,RH,CURRENT,%,87.76684214541848
2026-08-16T00:20:00+00:00,22411529-3,Dew Point,CURRENT,°C,13.968707492582748
2026-08-16T00:20:00+00:00,22411530-1,Temperature,CURRENT,°C,17.715087890624993
2026-08-16T00:20:00+00:00,22411530-2,RH,CURRENT,%,72.5001907377737
2026-08-16T00:20:00+00:00,22411530-3,Dew Point,CURRENT,°C,12.72732054801275
2026-08-16T00:21:00+00:00,22411541-S,Battery,CURRENT,V,8.438622070312501
2026-08-16T00:25:00+00:00,22411189-1,Temperature,CURRENT,°C,16.578227539062496
2026-08-16T00:25:00+00:00,22411189-2,RH,CURRENT,%,79.53154802777142
2026-08-16T00:25:00+00:00,22411189-3,Dew Point,CURRENT,°C,13.042496071123153
2026-08-16T00:25:00+00:00,22411190-1,Temperature,CURRENT,°C,17.0501318359375
2026-08-16T00:25:00+00:00,22411190-2,RH,CURRENT,%,75.22087434195468
2026-08-16T00:25:00+00:00,22411190-3,Dew Point,CURRENT,°C,12.648331373244988
2026-08-16T00:25:00+00:00,22411191-1,Temperature,CURRENT,°C,17.650737304687503
2026-08-16T00:25:00+00:00,22411191-2,RH,CURRENT,%,73.01747158007171
2026-08-16T00:25:00+00:00,22411191-3,Dew Point,CURRENT,°C,12.773977625221443
2026-08-16T00:25:00+00:00,22411525-1,Temperature,CURRENT,°C,17.779438476562497
2026-08-16T00:25:00+00:00,22411525-2,RH,CURRENT,%,70.90562294956894
2026-08-16T00:25:00+00:00,22411525-3,Dew Point,CURRENT,°C,12.44980824512073
2026-08-16T00:25:00+00:00,22411526-1,Temperature,CURRENT,°C,16.1063232421875
2026-08-16T00:25:00+00:00,22411526-2,RH,CURRENT,%,80.80872816052491
2026-08-16T00:25:00+00:00,22411526-3,Dew Point,CURRENT,°C,12.82629589603753
2026-08-16T00:25:00+00:00,22411527-1,Temperature,CURRENT,°C,17.92958984375
2026-08-16T00:25:00+00:00,22411527-2,RH,CURRENT,%,70.50736247806516
2026-08-16T00:25:00+00:00,22411527-3,Dew Point,CURRENT,°C,12.50803306815342
2026-08-16T00:25:00+00:00,22411528-1,Temperature,CURRENT,°C,15.848920898437498
2026-08-16T00:25:00+00:00,22411528-2,RH,CURRENT,%,84.40375371938659
2026-08-16T00:25:00+00:00,22411528-3,Dew Point,CURRENT,°C,13.241063851718884
2026-08-16T00:25:00+00:00,22411529-1,Temperature,CURRENT,°C,15.806020507812498
2026-08-16T00:25:00+00:00,22411529-2,RH,CURRENT,%,90.65537499046312
2026-08-16T00:25:00+00:00,22411529-3,Dew Point,CURRENT,°C,14.299500883712133
2026-08-16T00:25:00+00:00,22411530-1,Temperature,CURRENT,°C,17.414785156249998
2026-08-16T00:25:00+00:00,22411530-2,RH,CURRENT,%,73.21736476691844
2026-08-16T00:25:00+00:00,22411530-3,Dew Point,CURRENT,°C,12.5883394085221
2026-08-16T00:26:00+00:00,22411541-S,Battery,CURRENT,V,8.432160644531251
2026-08-16T00:30:00+00:00,22411189-1,Temperature,CURRENT,°C,16.127773437499997
2026-08-16T00:30:00+00:00,22411189-2,RH,CURRENT,%,83.03959716182193
2026-08-16T00:30:00+00:00,22411189-3,Dew Point,CURRENT,°C,13.264351108817573
2026-08-16T00:30:00+00:00,22411190-1,Temperature,CURRENT,°C,16.664028320312497
2026-08-16T00:30:00+00:00,22411190-2,RH,CURRENT,%,78.48477912565805
2026-08-16T00:30:00+00:00,22411190-3,Dew Point,CURRENT,°C,12.923158196914365
2026-08-16T00:30:00+00:00,22411191-1,Temperature,CURRENT,°C,17.2217333984375
2026-08-16T00:30:00+00:00,22411191-2,RH,CURRENT,%,77.32661936369878
2026-08-16T00:30:00+00:00,22411191-3,Dew Point,CURRENT,°C,13.237084788609607
2026-08-16T00:30:00+00:00,22411525-1,Temperature,CURRENT,°C,17.371884765625005
2026-08-16T00:30:00+00:00,22411525-2,RH,CURRENT,%,75.1094834821088
2026-08-16T00:30:00+00:00,22411525-3,Dew Point,CURRENT,°C,12.936815911166635
2026-08-16T00:30:00+00:00,22411526-1,Temperature,CURRENT,°C,15.69876953125
2026-08-16T00:30:00+00:00,22411526-2,RH,CURRENT,%,83.6392767223621
2026-08-16T00:30:00+00:00,22411526-3,Dew Point,CURRENT,°C,12.9544430216603
2026-08-16T00:30:00+00:00,22411527-1,Temperature,CURRENT,°C,17.54348632812499
2026-08-16T00:30:00+00:00,22411527-2,RH,CURRENT,%,74.66086823834593
2026-08-16T00:30:00+00:00,22411527-3,Dew Point,CURRENT,°C,13.010972794016956
2026-08-16T00:30:00+00:00,22411528-1,Temperature,CURRENT,°C,15.419916992187495
2026-08-16T00:30:00+00:00,22411528-2,RH,CURRENT,%,86.99320973525597
2026-08-16T00:30:00+00:00,22411528-3,Dew Point,CURRENT,°C,13.2830706724943
2026-08-16T00:30:00+00:00,22411529-1,Temperature,CURRENT,°C,15.398466796874999
2026-08-16T00:30:00+00:00,22411529-2,RH,CURRENT,%,89.3888761730373
2026-08-16T00:30:00+00:00,22411529-3,Dew Point,CURRENT,°C,13.679437661831502
2026-08-16T00:30:00+00:00,22411530-1,Temperature,CURRENT,°C,17.0072314453125
2026-08-16T00:30:00+00:00,22411530-2,RH,CURRENT,%,77.20607309071488
2026-08-16T00:30:00+00:00,22411530-3,Dew Point,CURRENT,°C,13.005049116610726
2026-08-16T00:31:00+00:00,22411541-S,Battery,CURRENT,V,8.432160644531251
2026-08-16T00:35:00+00:00,22411189-1,Temperature,CURRENT,°C,16.1063232421875
2026-08-16T00:35:00+00:00,22411189-2,RH,CURRENT,%,82.46738384069582
2026-08-16T00:35:00+00:00,22411189-3,Dew Point,CURRENT,°C,13.137324753819138
2026-08-16T00:35:00+00:00,22411190-1,Temperature,CURRENT,°C,16.642578125
2026-08-16T00:35:00+00:00,22411190-2,RH,CURRENT,%,77.8332188906691
2026-08-16T00:35:00+00:00,22411190-3,Dew Point,CURRENT,°C,12.774835778737653
2026-08-16T00:35:00+00:00,22411191-1,Temperature,CURRENT,°C,17.3075341796875
2026-08-16T00:35:00+00:00,22411191-2,RH,CURRENT,%,75.73662928206302
2026-08-16T00:35:00+00:00,22411191-3,Dew Point,CURRENT,°C,13.001839647269904
2026-08-16T00:35:00+00:00,22411525-1,Temperature,CURRENT,°C,17.436235351562495
2026-08-16T00:35:00+00:00,22411525-2,RH,CURRENT,%,73.44167238879987
2026-08-16T00:35:00+00:00,22411525-3,Dew Point,CURRENT,°C,12.655710479755141
2026-08-16T00:35:00+00:00,22411526-1,Temperature,CURRENT,°C,15.570068359375
2026-08-16T00:35:00+00:00,22411526-2,RH,CURRENT,%,83.89410238803693
2026-08-16T00:35:00+00:00,22411526-3,Dew Point,CURRENT,°C,12.874853168932356
2026-08-16T00:35:00+00:00,22411527-1,Temperature,CURRENT,°C,17.564936523437503
2026-08-16T00:35:00+00:00,22411527-2,RH,CURRENT,%,73.01136797131304
2026-08-16T00:35:00+00:00,22411527-3,Dew Point,CURRENT,°C,12.690028982677145
2026-08-16T00:35:00+00:00,22411528-1,Temperature,CURRENT,°C,15.248315429687501
2026-08-16T00:35:00+00:00,22411528-2,RH,CURRENT,%,87.7958342870222
2026-08-16T00:35:00+00:00,22411528-3,Dew Point,CURRENT,°C,13.254927406700059
2026-08-16T00:35:00+00:00,22411529-1,Temperature,CURRENT,°C,15.0767138671875
2026-08-16T00:35:00+00:00,22411529-2,RH,CURRENT,%,90.66453040360113
2026-08-16T00:35:00+00:00,22411529-3,Dew Point,CURRENT,°C,13.579342761772262
2026-08-16T00:35:00+00:00,22411530-1,Temperature,CURRENT,°C,17.071582031249996
2026-08-16T00:35:00+00:00,22411530-2,RH,CURRENT,%,76.0341802090486
2026-08-16T00:35:00+00:00,22411530-3,Dew Point,CURRENT,°C,12.833400160476213
2026-08-16T00:36:00+00:00,22411541-S,Battery,CURRENT,V,8.419237792968751
2026-08-16T00:40:00+00:00,22411189-1,Temperature,CURRENT,°C,16.1492236328125
2026-08-16T00:40:00+00:00,22411189-2,RH,CURRENT,%,81.89059281300068
2026-08-16T00:40:00+00:00,22411189-3,Dew Point,CURRENT,°C,13.07172011743967
2026-08-16T00:40:00+00:00,22411190-1,Temperature,CURRENT,°C,16.642578125
2026-08-16T00:40:00+00:00,22411190-2,RH,CURRENT,%,77.22896162355993
2026-08-16T00:40:00+00:00,22411190-3,Dew Point,CURRENT,°C,12.655781064641271
2026-08-16T00:40:00+00:00,22411191-1,Temperature,CURRENT,°C,17.264633789062493
2026-08-16T00:40:00+00:00,22411191-2,RH,CURRENT,%,75.53978789959564
2026-08-16T00:40:00+00:00,22411191-3,Dew Point,CURRENT,°C,12.920492008482045
2026-08-16T00:40:00+00:00,22411525-1,Temperature,CURRENT,°C,17.3933349609375
2026-08-16T00:40:00+00:00,22411525-2,RH,CURRENT,%,73.33791103990234
2026-08-16T00:40:00+00:00,22411525-3,Dew Point,CURRENT,°C,12.592766118562684
2026-08-16T00:40:00+00:00,22411526-1,Temperature,CURRENT,°C,15.591518554687497
2026-08-16T00:40:00+00:00,22411526-2,RH,CURRENT,%,83.4836346990158
2026-08-16T00:40:00+00:00,22411526-3,Dew Point,CURRENT,°C,12.82087160182875
2026-08-16T00:40:00+00:00,22411527-1,Temperature,CURRENT,°C,17.58638671875
2026-08-16T00:40:00+00:00,22411527-2,RH,CURRENT,%,72.57648584725719
2026-08-16T00:40:00+00:00,22411527-3,Dew Point,CURRENT,°C,12.619474371779566
2026-08-16T00:40:00+00:00,22411528-1,Temperature,CURRENT,°C,15.1625146484375
2026-08-16T00:40:00+00:00,22411528-2,RH,CURRENT,%,87.61730373083086
2026-08-16T00:40:00+00:00,22411528-3,Dew Point,CURRENT,°C,13.139148170017865
2026-08-16T00:40:00+00:00,22411529-1,Temperature,CURRENT,°C,14.797861328124995
2026-08-16T00:40:00+00:00,22411529-2,RH,CURRENT,%,91.58922713054093
2026-08-16T00:40:00+00:00,22411529-3,Dew Point,CURRENT,°C,13.459218081909034
2026-08-16T00:40:00+00:00,22411530-1,Temperature,CURRENT,°C,17.0501318359375
2026-08-16T00:40:00+00:00,22411530-2,RH,CURRENT,%,75.44975967040513
2026-08-16T00:40:00+00:00,22411530-3,Dew Point,CURRENT,°C,12.694725844492345
2026-08-16T00:41:00+00:00,22411541-S,Battery,CURRENT,V,8.419237792968751
2026-08-16T00:45:00+00:00,22411189-1,Temperature,CURRENT,°C,15.9776220703125
2026-08-16T00:45:00+00:00,22411189-2,RH,CURRENT,%,81.75783932249942
2026-08-16T00:45:00+00:00,22411189-3,Dew Point,CURRENT,°C,12.87919462730751
2026-08-16T00:45:00+00:00,22411190-1,Temperature,CURRENT,°C,16.449526367187495
2026-08-16T00:45:00+00:00,22411190-2,RH,CURRENT,%,77.18776226443885
2026-08-16T00:45:00+00:00,22411190-3,Dew Point,CURRENT,°C,12.460330272010689
2026-08-16T00:45:00+00:00,22411191-1,Temperature,CURRENT,°C,17.028681640624995
2026-08-16T00:45:00+00:00,22411191-2,RH,CURRENT,%,75.60997940032044
2026-08-16T00:45:00+00:00,22411191-3,Dew Point,CURRENT,°C,12.706370668551978
2026-08-16T00:45:00+00:00,22411525-1,Temperature,CURRENT,°C,17.200283203125004
2026-08-16T00:45:00+00:00,22411525-2,RH,CURRENT,%,73.28297856107423
2026-08-16T00:45:00+00:00,22411525-3,Dew Point,CURRENT,°C,12.39522872615808
2026-08-16T00:45:00+00:00,22411526-1,Temperature,CURRENT,°C,15.484267578125
2026-08-16T00:45:00+00:00,22411526-2,RH,CURRENT,%,83.09452964065004
2026-08-16T00:45:00+00:00,22411526-3,Dew Point,CURRENT,°C,12.64445899543943
2026-08-16T00:45:00+00:00,22411527-1,Temperature,CURRENT,°C,17.371884765625005
2026-08-16T00:45:00+00:00,22411527-2,RH,CURRENT,%,72.81910429541466
2026-08-16T00:45:00+00:00,22411527-3,Dew Point,CURRENT,°C,12.463810607312327
2026-08-16T00:45:00+00:00,22411528-1,Temperature,CURRENT,°C,15.0767138671875
2026-08-16T00:45:00+00:00,22411528-2,RH,CURRENT,%,87.47386892500191
2026-08-16T00:45:00+00:00,22411528-3,Dew Point,CURRENT,°C,13.02949997552763
2026-08-16T00:45:00+00:00,22411529-1,Temperature,CURRENT,°C,14.583359375
2026-08-16T00:45:00+00:00,22411529-2,RH,CURRENT,%,91.796749828336
2026-08-16T00:45:00+00:00,22411529-3,Dew Point,CURRENT,°C,13.281400150122211
2026-08-16T00:45:00+00:00,22411530-1,Temperature,CURRENT,°C,16.8141796875
2026-08-16T00:45:00+00:00,22411530-2,RH,CURRENT,%,75.75494010833906
2026-08-16T00:45:00+00:00,22411530-3,Dew Point,CURRENT,°C,12.52800045933053
2026-08-16T00:46:00+00:00,22411541-S,Battery,CURRENT,V,8.419237792968751
2026-08-16T00:50:00+00:00,22411189-1,Temperature,CURRENT,°C,15.934721679687499
2026-08-16T00:50:00+00:00,22411189-2,RH,CURRENT,%,81.63881895170519
2026-08-16T00:50:00+00:00,22411189-3,Dew Point,CURRENT,°C,12.815002096020525
2026-08-16T00:50:00+00:00,22411190-1,Temperature,CURRENT,°C,16.38517578125
2026-08-16T00:50:00+00:00,22411190-2,RH,CURRENT,%,76.9787136644541
2026-08-16T00:50:00+00:00,22411190-3,Dew Point,CURRENT,°C,12.356579250752947
2026-08-16T00:50:00+00:00,22411191-1,Temperature,CURRENT,°C,17.028681640624995
2026-08-16T00:50:00+00:00,22411191-2,RH,CURRENT,%,75.02250705729763
2026-08-16T00:50:00+00:00,22411191-3,Dew Point,CURRENT,°C,12.587284363477798
2026-08-16T00:50:00+00:00,22411525-1,Temperature,CURRENT,°C,17.178833007812493
2026-08-16T00:50:00+00:00,22411525-2,RH,CURRENT,%,72.76417181658655
2026-08-16T00:50:00+00:00,22411525-3,Dew Point,CURRENT,°C,12.2663640366182
2026-08-16T00:50:00+00:00,22411526-1,Temperature,CURRENT,°C,15.398466796874999
2026-08-16T00:50:00+00:00,22411526-2,RH,CURRENT,%,83.03044174868391
2026-08-16T00:50:00+00:00,22411526-3,Dew Point,CURRENT,°C,12.548680129532297
2026-08-16T00:50:00+00:00,22411527-1,Temperature,CURRENT,°C,17.350434570312494
2026-08-16T00:50:00+00:00,22411527-2,RH,CURRENT,%,72.30182345311665
2026-08-16T00:50:00+00:00,22411527-3,Dew Point,CURRENT,°C,12.334532788716546
2026-08-16T00:50:00+00:00,22411528-1,Temperature,CURRENT,°C,14.9909130859375
2026-08-16T00:50:00+00:00,22411528-2,RH,CURRENT,%,86.74143587396048
2026-08-16T00:50:00+00:00,22411528-3,Dew Point,CURRENT,°C,12.81634785414833
2026-08-16T00:50:00+00:00,22411529-1,Temperature,CURRENT,°C,14.454658203125
2026-08-16T00:50:00+00:00,22411529-2,RH,CURRENT,%,91.75097276264592
2026-08-16T00:50:00+00:00,22411529-3,Dew Point,CURRENT,°C,13.146192788117089
2026-08-16T00:50:00+00:00,22411530-1,Temperature,CURRENT,°C,16.749829101562497
2026-08-16T00:50:00+00:00,22411530-2,RH,CURRENT,%,75.26665140764477
2026-08-16T00:50:00+00:00,22411530-3,Dew Point,CURRENT,°C,12.367166234013933
2026-08-16T00:51:00+00:00,22411541-S,Battery,CURRENT,V,8.419237792968751
2026-08-16T00:55:00+00:00,22411189-1,Temperature,CURRENT,°C,15.741669921875001
2026-08-16T00:55:00+00:00,22411189-2,RH,CURRENT,%,82.26138704509042
2026-08-16T00:55:00+00:00,22411189-3,Dew Point,CURRENT,°C,12.742417802265999
2026-08-16T00:55:00+00:00,22411190-1,Temperature,CURRENT,°C,16.1921240234375
2026-08-16T00:55:00+00:00,22411190-2,RH,CURRENT,%,77.84695201037613
2026-08-16T00:55:00+00:00,22411190-3,Dew Point,CURRENT,°C,12.340029923698731
2026-08-16T00:55:00+00:00,22411191-1,Temperature,CURRENT,°C,16.771279296875
2026-08-16T00:55:00+00:00,22411191-2,RH,CURRENT,%,76.34699015793088
2026-08-16T00:55:00+00:00,22411191-3,Dew Point,CURRENT,°C,12.605232658315057
2026-08-16T00:55:00+00:00,22411525-1,Temperature,CURRENT,°C,16.9214306640625
2026-08-16T00:55:00+00:00,22411525-2,RH,CURRENT,%,73.92690928511482
2026-08-16T00:55:00+00:00,22411525-3,Dew Point,CURRENT,°C,12.25948602925834
2026-08-16T00:55:00+00:00,22411526-1,Temperature,CURRENT,°C,15.248315429687501
2026-08-16T00:55:00+00:00,22411526-2,RH,CURRENT,%,83.48210879682613
2026-08-16T00:55:00+00:00,22411526-3,Dew Point,CURRENT,°C,12.484369120709468
2026-08-16T00:55:00+00:00,22411527-1,Temperature,CURRENT,°C,17.1359326171875
2026-08-16T00:55:00+00:00,22411527-2,RH,CURRENT,%,73.09529259174487
2026-08-16T00:55:00+00:00,22411527-3,Dew Point,CURRENT,°C,12.294146058391892
2026-08-16T00:55:00+00:00,22411528-1,Temperature,CURRENT,°C,14.840761718749995
2026-08-16T00:55:00+00:00,22411528-2,RH,CURRENT,%,87.47997253376059
2026-08-16T00:55:00+00:00,22411528-3,Dew Point,CURRENT,°C,12.798083643818698
2026-08-16T00:55:00+00:00,22411529-1,Temperature,CURRENT,°C,14.325957031249999
2026-08-16T00:55:00+00:00,22411529-2,RH,CURRENT,%,92.138551918822
2026-08-16T00:55:00+00:00,22411529-3,Dew Point,CURRENT,°C,13.08320330273642
2026-08-16T00:55:00+00:00,22411530-1,Temperature,CURRENT,°C,16.535327148437496
2026-08-16T00:55:00+00:00,22411530-2,RH,CURRENT,%,76.27222095063706
2026-08-16T00:55:00+00:00,22411530-3,Dew Point,CURRENT,°C,12.361688622087643
2026-08-16T00:56:00+00:00,22411541-S,Battery,CURRENT,V,8.4127763671875
2026-08-16T01:00:00+00:00,22411189-1,Temperature,CURRENT,°C,15.419916992187495
2026-08-16T01:00:00+00:00,22411189-2,RH,CURRENT,%,82.4383916990921
2026-08-16T01:00:00+00:00,22411189-3,Dew Point,CURRENT,°C,12.460541738271303
2026-08-16T01:00:00+00:00,22411190-1,Temperature,CURRENT,°C,15.956171874999995
2026-08-16T01:00:00+00:00,22411190-2,RH,CURRENT,%,77.63790341039139
2026-08-16T01:00:00+00:00,22411190-3,Dew Point,CURRENT,°C,12.069981374934832
2026-08-16T01:00:00+00:00,22411191-1,Temperature,CURRENT,°C,16.706928710937497
2026-08-16T01:00:00+00:00,22411191-2,RH,CURRENT,%,75.73357747768368
2026-08-16T01:00:00+00:00,22411191-3,Dew Point,CURRENT,°C,12.419884963699808
2026-08-16T01:00:00+00:00,22411525-1,Temperature,CURRENT,°C,16.857080078125
2026-08-16T01:00:00+00:00,22411525-2,RH,CURRENT,%,73.37300679026474
2026-08-16T01:00:00+00:00,22411525-3,Dew Point,CURRENT,°C,12.08302447494174
2026-08-16T01:00:00+00:00,22411526-1,Temperature,CURRENT,°C,14.9480126953125
2026-08-16T01:00:00+00:00,22411526-2,RH,CURRENT,%,83.76287479972534
2026-08-16T01:00:00+00:00,22411526-3,Dew Point,CURRENT,°C,12.241249750144538
2026-08-16T01:00:00+00:00,22411527-1,Temperature,CURRENT,°C,17.071582031249996
2026-08-16T01:00:00+00:00,22411527-2,RH,CURRENT,%,72.73212787060349
2026-08-16T01:00:00+00:00,22411527-3,Dew Point,CURRENT,°C,12.156361566144863
2026-08-16T01:00:00+00:00,22411528-1,Temperature,CURRENT,°C,14.583359375
2026-08-16T01:00:00+00:00,22411528-2,RH,CURRENT,%,88.14373998626688
2026-08-16T01:00:00+00:00,22411528-3,Dew Point,CURRENT,°C,12.659823816020005
2026-08-16T01:00:00+00:00,22411529-1,Temperature,CURRENT,°C,14.283056640624999
2026-08-16T01:00:00+00:00,22411529-2,RH,CURRENT,%,92.84046692607004
2026-08-16T01:00:00+00:00,22411529-3,Dew Point,CURRENT,°C,13.156947625066444
2026-08-16T01:00:00+00:00,22411530-1,Temperature,CURRENT,°C,16.449526367187495
2026-08-16T01:00:00+00:00,22411530-2,RH,CURRENT,%,75.93957427328908
2026-08-16T01:00:00+00:00,22411530-3,Dew Point,CURRENT,°C,12.212046005393761
2026-08-16T01:01:00+00:00,22411541-S,Battery,CURRENT,V,8.4127763671875
2026-08-16T01:05:00+00:00,22411189-1,Temperature,CURRENT,°C,15.634418945312497
2026-08-16T01:05:00+00:00,22411189-2,RH,CURRENT,%,81.66933699549858
2026-08-16T01:05:00+00:00,22411189-3,Dew Point,CURRENT,°C,12.527317532872097
2026-08-16T01:05:00+00:00,22411190-1,Temperature,CURRENT,°C,16.127773437499997
2026-08-16T01:05:00+00:00,22411190-2,RH,CURRENT,%,76.85969329365987
2026-08-16T01:05:00+00:00,22411190-3,Dew Point,CURRENT,°C,12.083394778032778
2026-08-16T01:05:00+00:00,22411191-1,Temperature,CURRENT,°C,16.8141796875
2026-08-16T01:05:00+00:00,22411191-2,RH,CURRENT,%,74.80735484855421
2026-08-16T01:05:00+00:00,22411191-3,Dew Point,CURRENT,°C,12.336154260507502
2026-08-16T01:05:00+00:00,22411525-1,Temperature,CURRENT,°C,16.9643310546875
2026-08-16T01:05:00+00:00,22411525-2,RH,CURRENT,%,72.59937438010223
2026-08-16T01:05:00+00:00,22411525-3,Dew Point,CURRENT,°C,12.025305077526646
2026-08-16T01:05:00+00:00,22411526-1,Temperature,CURRENT,°C,14.9051123046875
2026-08-16T01:05:00+00:00,22411526-2,RH,CURRENT,%,83.73540856031128
2026-08-16T01:05:00+00:00,22411526-3,Dew Point,CURRENT,°C,12.194213833436734
2026-08-16T01:05:00+00:00,22411527-1,Temperature,CURRENT,°C,17.1359326171875
2026-08-16T01:05:00+00:00,22411527-2,RH,CURRENT,%,72.14160372320134
2026-08-16T01:05:00+00:00,22411527-3,Dew Point,CURRENT,°C,12.094364613568045
2026-08-16T01:05:00+00:00,22411528-1,Temperature,CURRENT,°C,14.49755859375
2026-08-16T01:05:00+00:00,22411528-2,RH,CURRENT,%,87.59746700236515
2026-08-16T01:05:00+00:00,22411528-3,Dew Point,CURRENT,°C,12.48038026509034
2026-08-16T01:05:00+00:00,22411529-1,Temperature,CURRENT,°C,14.154355468749998
2026-08-16T01:05:00+00:00,22411529-2,RH,CURRENT,%,92.2041657129778
2026-08-16T01:05:00+00:00,22411529-3,Dew Point,CURRENT,°C,12.923934126846378
2026-08-16T01:05:00+00:00,22411530-1,Temperature,CURRENT,°C,16.599677734375
2026-08-16T01:05:00+00:00,22411530-2,RH,CURRENT,%,75.0743877317464
2026-08-16T01:05:00+00:00,22411530-3,Dew Point,CURRENT,°C,12.183024207751442
2026-08-16T01:06:00+00:00,22411541-S,Battery,CURRENT,V,8.4127763671875
2026-08-16T01:10:00+00:00,22411189-1,Temperature,CURRENT,°C,15.677319335937497
2026-08-16T01:10:00+00:00,22411189-2,RH,CURRENT,%,81.61898222323948
2026-08-16T01:10:00+00:00,22411189-3,Dew Point,CURRENT,°C,12.559822103169523
2026-08-16T01:10:00+00:00,22411190-1,Temperature,CURRENT,°C,16.1063232421875
2026-08-16T01:10:00+00:00,22411190-2,RH,CURRENT,%,77.4868390936141
2026-08-16T01:10:00+00:00,22411190-3,Dew Point,CURRENT,°C,12.18614507219792
2026-08-16T01:10:00+00:00,22411191-1,Temperature,CURRENT,°C,16.706928710937497
2026-08-16T01:10:00+00:00,22411191-2,RH,CURRENT,%,75.94262607766842
2026-08-16T01:10:00+00:00,22411191-3,Dew Point,CURRENT,°C,12.461900136469328
2026-08-16T01:10:00+00:00,22411525-1,Temperature,CURRENT,°C,16.878530273437498
2026-08-16T01:10:00+00:00,22411525-2,RH,CURRENT,%,73.58510719462882
2026-08-16T01:10:00+00:00,22411525-3,Dew Point,CURRENT,°C,12.1475932886027
2026-08-16T01:10:00+00:00,22411526-1,Temperature,CURRENT,°C,15.0338134765625
2026-08-16T01:10:00+00:00,22411526-2,RH,CURRENT,%,83.19371328297856
2026-08-16T01:10:00+00:00,22411526-3,Dew Point,CURRENT,°C,12.221559602232285
2026-08-16T01:10:00+00:00,22411527-1,Temperature,CURRENT,°C,17.071582031249996
2026-08-16T01:10:00+00:00,22411527-2,RH,CURRENT,%,72.89692530708781
2026-08-16T01:10:00+00:00,22411527-3,Dew Point,CURRENT,°C,12.190784663192934
2026-08-16T01:10:00+00:00,22411528-1,Temperature,CURRENT,°C,14.519008789062497
2026-08-16T01:10:00+00:00,22411528-2,RH,CURRENT,%,87.66765850308995
2026-08-16T01:10:00+00:00,22411528-3,Dew Point,CURRENT,°C,12.513734424681664
2026-08-16T01:10:00+00:00,22411529-1,Temperature,CURRENT,°C,13.982753906249997
2026-08-16T01:10:00+00:00,22411529-2,RH,CURRENT,%,92.45899137865263
2026-08-16T01:10:00+00:00,22411529-3,Dew Point,CURRENT,°C,12.795936305469768
2026-08-16T01:10:00+00:00,22411530-1,Temperature,CURRENT,°C,16.449526367187495
2026-08-16T01:10:00+00:00,22411530-2,RH,CURRENT,%,75.84191653315023
2026-08-16T01:10:00+00:00,22411530-3,Dew Point,CURRENT,°C,12.192469509718588
2026-08-16T01:11:00+00:00,22411541-S,Battery,CURRENT,V,8.409545654296876
2026-08-16T01:15:00+00:00,22411189-1,Temperature,CURRENT,°C,15.334116210937495
2026-08-16T01:15:00+00:00,22411189-2,RH,CURRENT,%,83.05333028152896
2026-08-16T01:15:00+00:00,22411189-3,Dew Point,CURRENT,°C,12.489882411117831
2026-08-16T01:15:00+00:00,22411190-1,Temperature,CURRENT,°C,15.69876953125
2026-08-16T01:15:00+00:00,22411190-2,RH,CURRENT,%,78.90897993438621
2026-08-16T01:15:00+00:00,22411190-3,Dew Point,CURRENT,°C,12.066581714398152
2026-08-16T01:15:00+00:00,22411191-1,Temperature,CURRENT,°C,16.299374999999998
2026-08-16T01:15:00+00:00,22411191-2,RH,CURRENT,%,77.16029602502479
2026-08-16T01:15:00+00:00,22411191-3,Dew Point,CURRENT,°C,12.30922742547283
2026-08-16T01:15:00+00:00,22411525-1,Temperature,CURRENT,°C,16.4709765625
2026-08-16T01:15:00+00:00,22411525-2,RH,CURRENT,%,74.6471351186389
2026-08-16T01:15:00+00:00,22411525-3,Dew Point,CURRENT,°C,11.971880623343896
2026-08-16T01:15:00+00:00,22411526-1,Temperature,CURRENT,°C,14.926562499999996
2026-08-16T01:15:00+00:00,22411526-2,RH,CURRENT,%,83.71557183184558
2026-08-16T01:15:00+00:00,22411526-3,Dew Point,CURRENT,°C,12.211631761354505
2026-08-16T01:15:00+00:00,22411527-1,Temperature,CURRENT,°C,16.72837890625
2026-08-16T01:15:00+00:00,22411527-2,RH,CURRENT,%,73.7666895551995
2026-08-16T01:15:00+00:00,22411527-3,Dew Point,CURRENT,°C,12.040203532279602
2026-08-16T01:15:00+00:00,22411528-1,Temperature,CURRENT,°C,14.519008789062497
2026-08-16T01:15:00+00:00,22411528-2,RH,CURRENT,%,87.73937590600443
2026-08-16T01:15:00+00:00,22411528-3,Dew Point,CURRENT,°C,12.52620619735899
2026-08-16T01:15:00+00:00,22411529-1,Temperature,CURRENT,°C,13.896953124999996
2026-08-16T01:15:00+00:00,22411529-2,RH,CURRENT,%,92.21789883268482
2026-08-16T01:15:00+00:00,22411529-3,Dew Point,CURRENT,°C,12.670942383091258
2026-08-16T01:15:00+00:00,22411530-1,Temperature,CURRENT,°C,16.041972656249996
2026-08-16T01:15:00+00:00,22411530-2,RH,CURRENT,%,77.44411383230334
2026-08-16T01:15:00+00:00,22411530-3,Dew Point,CURRENT,°C,12.11529238464482
2026-08-16T01:16:00+00:00,22411541-S,Battery,CURRENT,V,8.409545654296876
2026-08-16T01:20:00+00:00,22411189-1,Temperature,CURRENT,°C,15.291215820312502
2026-08-16T01:20:00+00:00,22411189-2,RH,CURRENT,%,83.0609597924773
2026-08-16T01:20:00+00:00,22411189-3,Dew Point,CURRENT,°C,12.449280717733183
2026-08-16T01:20:00+00:00,22411190-1,Temperature,CURRENT,°C,15.677319335937497
2026-08-16T01:20:00+00:00,22411190-2,RH,CURRENT,%,78.78995956359198
2026-08-16T01:20:00+00:00,22411190-3,Dew Point,CURRENT,°C,12.022779356725996
2026-08-16T01:20:00+00:00,22411191-1,Temperature,CURRENT,°C,16.3208251953125
2026-08-16T01:20:00+00:00,22411191-2,RH,CURRENT,%,76.91004806591897
2026-08-16T01:20:00+00:00,22411191-3,Dew Point,CURRENT,°C,12.280578326156192
2026-08-16T01:20:00+00:00,22411525-1,Temperature,CURRENT,°C,16.492426757812495
2026-08-16T01:20:00+00:00,22411525-2,RH,CURRENT,%,74.56015869382773
2026-08-16T01:20:00+00:00,22411525-3,Dew Point,CURRENT,°C,11.97490254860934
2026-08-16T01:20:00+00:00,22411526-1,Temperature,CURRENT,°C,14.883662109374995
2026-08-16T01:20:00+00:00,22411526-2,RH,CURRENT,%,83.73083085374228
2026-08-16T01:20:00+00:00,22411526-3,Dew Point,CURRENT,°C,12.172359668300281
2026-08-16T01:20:00+00:00,22411527-1,Temperature,CURRENT,°C,16.706928710937497
2026-08-16T01:20:00+00:00,22411527-2,RH,CURRENT,%,73.91927977416647
2026-08-16T01:20:00+00:00,22411527-3,Dew Point,CURRENT,°C,12.050901605626603
2026-08-16T01:20:00+00:00,22411528-1,Temperature,CURRENT,°C,14.561909179687497
2026-08-16T01:20:00+00:00,22411528-2,RH,CURRENT,%,87.35637445639735
2026-08-16T01:20:00+00:00,22411528-3,Dew Point,CURRENT,°C,12.501761417551668
2026-08-16T01:20:00+00:00,22411529-1,Temperature,CURRENT,°C,13.896953124999996
2026-08-16T01:20:00+00:00,22411529-2,RH,CURRENT,%,91.98901350423438
2026-08-16T01:20:00+00:00,22411529-3,Dew Point,CURRENT,°C,12.633000318222416
2026-08-16T01:20:00+00:00,22411530-1,Temperature,CURRENT,°C,16.041972656249996
2026-08-16T01:20:00+00:00,22411530-2,RH,CURRENT,%,77.08857862211032
2026-08-16T01:20:00+00:00,22411530-3,Dew Point,CURRENT,°C,12.045358744238428
2026-08-16T01:21:00+00:00,22411541-S,Battery,CURRENT,V,8.403084228515626
2026-08-16T01:25:00+00:00,22411189-1,Temperature,CURRENT,°C,15.0338134765625
2026-08-16T01:25:00+00:00,22411189-2,RH,CURRENT,%,84.01007095445182
2026-08-16T01:25:00+00:00,22411189-3,Dew Point,CURRENT,°C,12.370225107794244
2026-08-16T01:25:00+00:00,22411190-1,Temperature,CURRENT,°C,15.484267578125
2026-08-16T01:25:00+00:00,22411190-2,RH,CURRENT,%,79.2660410467689
2026-08-16T01:25:00+00:00,22411190-3,Dew Point,CURRENT,°C,11.92639612870183
2026-08-16T01:25:00+00:00,22411191-1,Temperature,CURRENT,°C,16.213574218749997
2026-08-16T01:25:00+00:00,22411191-2,RH,CURRENT,%,77.0595864805066
2026-08-16T01:25:00+00:00,22411191-3,Dew Point,CURRENT,°C,12.2061106907659
2026-08-16T01:25:00+00:00,22411525-1,Temperature,CURRENT,°C,16.38517578125
2026-08-16T01:25:00+00:00,22411525-2,RH,CURRENT,%,74.72343022812238
2026-08-16T01:25:00+00:00,22411525-3,Dew Point,CURRENT,°C,11.904474843600655
2026-08-16T01:25:00+00:00,22411526-1,Temperature,CURRENT,°C,14.733510742187498
2026-08-16T01:25:00+00:00,22411526-2,RH,CURRENT,%,84.55024032959487
2026-08-16T01:25:00+00:00,22411526-3,Dew Point,CURRENT,°C,12.173233736084063
2026-08-16T01:25:00+00:00,22411527-1,Temperature,CURRENT,°C,16.599677734375
2026-08-16T01:25:00+00:00,22411527-2,RH,CURRENT,%,74.10086213473717
2026-08-16T01:25:00+00:00,22411527-3,Dew Point,CURRENT,°C,11.984646879828334
2026-08-16T01:25:00+00:00,22411528-1,Temperature,CURRENT,°C,14.454658203125
2026-08-16T01:25:00+00:00,22411528-2,RH,CURRENT,%,87.92706187533379
2026-08-16T01:25:00+00:00,22411528-3,Dew Point,CURRENT,°C,12.49535645194943
2026-08-16T01:25:00+00:00,22411529-1,Temperature,CURRENT,°C,13.9184033203125
2026-08-16T01:25:00+00:00,22411529-2,RH,CURRENT,%,93.35622186617837
2026-08-16T01:25:00+00:00,22411529-3,Dew Point,CURRENT,°C,12.879726134427248
2026-08-16T01:25:00+00:00,22411530-1,Temperature,CURRENT,°C,15.913271484374995
2026-08-16T01:25:00+00:00,22411530-2,RH,CURRENT,%,77.5265125505455
2026-08-16T01:25:00+00:00,22411530-3,Dew Point,CURRENT,°C,12.006515390181445
2026-08-16T01:26:00+00:00,22411541-S,Battery,CURRENT,V,8.403084228515626
2026-08-16T01:30:00+00:00,22411189-1,Temperature,CURRENT,°C,14.476108398437496
2026-08-16T01:30:00+00:00,22411189-2,RH,CURRENT,%,88.6503395132372
2026-08-16T01:30:00+00:00,22411189-3,Dew Point,CURRENT,°C,12.641510387660528
2026-08-16T01:30:00+00:00,22411190-1,Temperature,CURRENT,°C,14.9480126953125
2026-08-16T01:30:00+00:00,22411190-2,RH,CURRENT,%,83.86358434424353
2026-08-16T01:30:00+00:00,22411190-3,Dew Point,CURRENT,°C,12.259536749044248
2026-08-16T01:30:00+00:00,22411191-1,Temperature,CURRENT,°C,15.806020507812498
2026-08-16T01:30:00+00:00,22411191-2,RH,CURRENT,%,80.90638590066376
2026-08-16T01:30:00+00:00,22411191-3,Dew Point,CURRENT,°C,12.551705429597298
2026-08-16T01:30:00+00:00,22411525-1,Temperature,CURRENT,°C,16.1492236328125
2026-08-16T01:30:00+00:00,22411525-2,RH,CURRENT,%,76.46906233310445
2026-08-16T01:30:00+00:00,22411525-3,Dew Point,CURRENT,°C,12.026765458883345
2026-08-16T01:30:00+00:00,22411526-1,Temperature,CURRENT,°C,14.304506835937495
2026-08-16T01:30:00+00:00,22411526-2,RH,CURRENT,%,87.18242160677501
2026-08-16T01:30:00+00:00,22411526-3,Dew Point,CURRENT,°C,12.217845088748692
2026-08-16T01:30:00+00:00,22411527-1,Temperature,CURRENT,°C,16.4709765625
2026-08-16T01:30:00+00:00,22411527-2,RH,CURRENT,%,74.67917906462196
2026-08-16T01:30:00+00:00,22411527-3,Dew Point,CURRENT,°C,11.978397911621586
2026-08-16T01:30:00+00:00,22411528-1,Temperature,CURRENT,°C,14.132905273437501
2026-08-16T01:30:00+00:00,22411528-2,RH,CURRENT,%,90.00076295109484
2026-08-16T01:30:00+00:00,22411528-3,Dew Point,CURRENT,°C,12.533180993443109
2026-08-16T01:30:00+00:00,22411529-1,Temperature,CURRENT,°C,14.025654296874997
2026-08-16T01:30:00+00:00,22411529-2,RH,CURRENT,%,94.0337224383917
2026-08-16T01:30:00+00:00,22411529-3,Dew Point,CURRENT,°C,13.096993667945691
2026-08-16T01:30:00+00:00,22411530-1,Temperature,CURRENT,°C,15.334116210937495
2026-08-16T01:30:00+00:00,22411530-2,RH,CURRENT,%,82.70542458228428
2026-08-16T01:30:00+00:00,22411530-3,Dew Point,CURRENT,°C,12.42589113441042
2026-08-16T01:31:00+00:00,22411541-S,Battery,CURRENT,V,8.403084228515626
2026-08-16T01:35:00+00:00,22411189-1,Temperature,CURRENT,°C,14.4117578125
2026-08-16T01:35:00+00:00,22411189-2,RH,CURRENT,%,90.01144426642253
2026-08-16T01:35:00+00:00,22411189-3,Dew Point,CURRENT,°C,12.810715261605113
2026-08-16T01:35:00+00:00,22411190-1,Temperature,CURRENT,°C,14.819311523437499
2026-08-16T01:35:00+00:00,22411190-2,RH,CURRENT,%,85.15297169451438
2026-08-16T01:35:00+00:00,22411190-3,Dew Point,CURRENT,°C,12.365583295218896
2026-08-16T01:35:00+00:00,22411191-1,Temperature,CURRENT,°C,15.784570312500001
2026-08-16T01:35:00+00:00,22411191-2,RH,CURRENT,%,79.68261234454872
2026-08-16T01:35:00+00:00,22411191-3,Dew Point,CURRENT,°C,12.298510212793305
2026-08-16T01:35:00+00:00,22411525-1,Temperature,CURRENT,°C,16.3637255859375
2026-08-16T01:35:00+00:00,22411525-2,RH,CURRENT,%,74.29770351720455
2026-08-16T01:35:00+00:00,22411525-3,Dew Point,CURRENT,°C,11.797074144895454
2026-08-16T01:35:00+00:00,22411526-1,Temperature,CURRENT,°C,14.068554687499997
2026-08-16T01:35:00+00:00,22411526-2,RH,CURRENT,%,89.54909590295262
2026-08-16T01:35:00+00:00,22411526-3,Dew Point,CURRENT,°C,12.392873669920279
2026-08-16T01:35:00+00:00,22411527-1,Temperature,CURRENT,°C,16.72837890625
2026-08-16T01:35:00+00:00,22411527-2,RH,CURRENT,%,72.81147478446631
2026-08-16T01:35:00+00:00,22411527-3,Dew Point,CURRENT,°C,11.84233475403577
2026-08-16T01:35:00+00:00,22411528-1,Temperature,CURRENT,°C,13.982753906249997
2026-08-16T01:35:00+00:00,22411528-2,RH,CURRENT,%,91.75860227359426
2026-08-16T01:35:00+00:00,22411528-3,Dew Point,CURRENT,°C,12.679760163223554
2026-08-16T01:35:00+00:00,22411529-1,Temperature,CURRENT,°C,13.854052734374996
2026-08-16T01:35:00+00:00,22411529-2,RH,CURRENT,%,93.82925154497596
2026-08-16T01:35:00+00:00,22411529-3,Dew Point,CURRENT,°C,12.89310338443042
2026-08-16T01:35:00+00:00,22411530-1,Temperature,CURRENT,°C,15.269765624999998
2026-08-16T01:35:00+00:00,22411530-2,RH,CURRENT,%,83.06248569466698
2026-08-16T01:35:00+00:00,22411530-3,Dew Point,CURRENT,°C,12.42855945217528
2026-08-16T01:36:00+00:00,22411541-S,Battery,CURRENT,V,8.396622802734376
2026-08-16T01:40:00+00:00,22411189-1,Temperature,CURRENT,°C,14.197255859374998
2026-08-16T01:40:00+00:00,22411189-2,RH,CURRENT,%,87.83703364614328
2026-08-16T01:40:00+00:00,22411189-3,Dew Point,CURRENT,°C,12.225980064463666
2026-08-16T01:40:00+00:00,22411190-1,Temperature,CURRENT,°C,14.733510742187498
2026-08-16T01:40:00+00:00,22411190-2,RH,CURRENT,%,82.16830701152057
2026-08-16T01:40:00+00:00,22411190-3,Dew Point,CURRENT,°C,11.739356737506224
2026-08-16T01:40:00+00:00,22411191-1,Temperature,CURRENT,°C,16.449526367187495
2026-08-16T01:40:00+00:00,22411191-2,RH,CURRENT,%,75.4207675288014
2026-08-16T01:40:00+00:00,22411191-3,Dew Point,CURRENT,°C,12.107791444844377
2026-08-16T01:40:00+00:00,22411525-1,Temperature,CURRENT,°C,16.9214306640625
2026-08-16T01:40:00+00:00,22411525-2,RH,CURRENT,%,71.86846723125048
2026-08-16T01:40:00+00:00,22411525-3,Dew Point,CURRENT,°C,11.830420571079138
2026-08-16T01:40:00+00:00,22411526-1,Temperature,CURRENT,°C,13.854052734374996
2026-08-16T01:40:00+00:00,22411526-2,RH,CURRENT,%,88.82887006942855
2026-08-16T01:40:00+00:00,22411526-3,Dew Point,CURRENT,°C,12.058138679605884
2026-08-16T01:40:00+00:00,22411527-1,Temperature,CURRENT,°C,17.178833007812493
2026-08-16T01:40:00+00:00,22411527-2,RH,CURRENT,%,71.10246433203632
2026-08-16T01:40:00+00:00,22411527-3,Dew Point,CURRENT,°C,11.915229836368278
2026-08-16T01:40:00+00:00,22411528-1,Temperature,CURRENT,°C,13.661000976562498
2026-08-16T01:40:00+00:00,22411528-2,RH,CURRENT,%,91.60906385900664
2026-08-16T01:40:00+00:00,22411528-3,Dew Point,CURRENT,°C,12.336021633352527
2026-08-16T01:40:00+00:00,22411529-1,Temperature,CURRENT,°C,13.596650390625001
2026-08-16T01:40:00+00:00,22411529-2,RH,CURRENT,%,93.20973525597009
2026-08-16T01:40:00+00:00,22411529-3,Dew Point,CURRENT,°C,12.536200725958059
2026-08-16T01:40:00+00:00,22411530-1,Temperature,CURRENT,°C,15.570068359375
2026-08-16T01:40:00+00:00,22411530-2,RH,CURRENT,%,78.26810101472496
2026-08-16T01:40:00+00:00,22411530-3,Dew Point,CURRENT,°C,11.81762209431498
2026-08-16T01:41:00+00:00,22411541-S,Battery,CURRENT,V,8.396622802734376
2026-08-16T01:45:00+00:00,22411189-1,Temperature,CURRENT,°C,14.454658203125
2026-08-16T01:45:00+00:00,22411189-2,RH,CURRENT,%,86.29739833676662
2026-08-16T01:45:00+00:00,22411189-3,Dew Point,CURRENT,°C,12.210404426668081
2026-08-16T01:45:00+00:00,22411190-1,Temperature,CURRENT,°C,15.1196142578125
2026-08-16T01:45:00+00:00,22411190-2,RH,CURRENT,%,80.49286640726329
2026-08-16T01:45:00+00:00,22411190-3,Dew Point,CURRENT,°C,11.80409467405282
2026-08-16T01:45:00+00:00,22411191-1,Temperature,CURRENT,°C,16.599677734375
2026-08-16T01:45:00+00:00,22411191-2,RH,CURRENT,%,75.32463569085222
2026-08-16T01:45:00+00:00,22411191-3,Dew Point,CURRENT,°C,12.233652595331087
2026-08-16T01:45:00+00:00,22411525-1,Temperature,CURRENT,°C,16.878530273437498
2026-08-16T01:45:00+00:00,22411525-2,RH,CURRENT,%,72.46814679179064
2026-08-16T01:45:00+00:00,22411525-3,Dew Point,CURRENT,°C,11.91521908409899
2026-08-16T01:45:00+00:00,22411526-1,Temperature,CURRENT,°C,13.854052734374996
2026-08-16T01:45:00+00:00,22411526-2,RH,CURRENT,%,88.03387502861067
2026-08-16T01:45:00+00:00,22411526-3,Dew Point,CURRENT,°C,11.921605098454762
2026-08-16T01:45:00+00:00,22411527-1,Temperature,CURRENT,°C,17.114482421874996
2026-08-16T01:45:00+00:00,22411527-2,RH,CURRENT,%,71.8623636224918
2026-08-16T01:45:00+00:00,22411527-3,Dew Point,CURRENT,°C,12.014800196295187
2026-08-16T01:45:00+00:00,22411528-1,Temperature,CURRENT,°C,13.661000976562498
2026-08-16T01:45:00+00:00,22411528-2,RH,CURRENT,%,91.0231174181735
2026-08-16T01:45:00+00:00,22411528-3,Dew Point,CURRENT,°C,12.238337452447881
2026-08-16T01:45:00+00:00,22411529-1,Temperature,CURRENT,°C,13.3821484375
2026-08-16T01:45:00+00:00,22411529-2,RH,CURRENT,%,93.87502861066605
2026-08-16T01:45:00+00:00,22411529-3,Dew Point,CURRENT,°C,12.431544057236344
2026-08-16T01:45:00+00:00,22411530-1,Temperature,CURRENT,°C,15.934721679687499
2026-08-16T01:45:00+00:00,22411530-2,RH,CURRENT,%,77.12367437247272
2026-08-16T01:45:00+00:00,22411530-3,Dew Point,CURRENT,°C,11.948220323103824
2026-08-16T01:46:00+00:00,22411541-S,Battery,CURRENT,V,8.396622802734376
2026-08-16T01:50:00+00:00,22411189-1,Temperature,CURRENT,°C,14.197255859374998
2026-08-16T01:50:00+00:00,22411189-2,RH,CURRENT,%,90.06485084306097
2026-08-16T01:50:00+00:00,22411189-3,Dew Point,CURRENT,°C,12.607672849809566
2026-08-16T01:50:00+00:00,22411190-1,Temperature,CURRENT,°C,14.733510742187498
2026-08-16T01:50:00+00:00,22411190-2,RH,CURRENT,%,84.82948043030441
2026-08-16T01:50:00+00:00,22411190-3,Dew Point,CURRENT,°C,12.22339287704918
2026-08-16T01:50:00+00:00,22411191-1,Temperature,CURRENT,°C,15.52716796875
2026-08-16T01:50:00+00:00,22411191-2,RH,CURRENT,%,82.25528343633174
2026-08-16T01:50:00+00:00,22411191-3,Dew Point,CURRENT,°C,12.531527913494878
2026-08-16T01:50:00+00:00,22411525-1,Temperature,CURRENT,°C,15.806020507812498
2026-08-16T01:50:00+00:00,22411525-2,RH,CURRENT,%,78.88609140154117
2026-08-16T01:50:00+00:00,22411525-3,Dew Point,CURRENT,°C,12.166516957881603
2026-08-16T01:50:00+00:00,22411526-1,Temperature,CURRENT,°C,13.8326025390625
2026-08-16T01:50:00+00:00,22411526-2,RH,CURRENT,%,89.84206912336919
2026-08-16T01:50:00+00:00,22411526-3,Dew Point,CURRENT,°C,12.209394676160375
2026-08-16T01:50:00+00:00,22411527-1,Temperature,CURRENT,°C,16.2350244140625
2026-08-16T01:50:00+00:00,22411527-2,RH,CURRENT,%,77.12367437247272
2026-08-16T01:50:00+00:00,22411527-3,Dew Point,CURRENT,°C,12.239568922221858
2026-08-16T01:50:00+00:00,22411528-1,Temperature,CURRENT,°C,13.596650390625001
2026-08-16T01:50:00+00:00,22411528-2,RH,CURRENT,%,92.43762874799725
2026-08-16T01:50:00+00:00,22411528-3,Dew Point,CURRENT,°C,12.409383651120264
2026-08-16T01:50:00+00:00,22411529-1,Temperature,CURRENT,°C,13.274897460937495
2026-08-16T01:50:00+00:00,22411529-2,RH,CURRENT,%,94.82108796826124
2026-08-16T01:50:00+00:00,22411529-3,Dew Point,CURRENT,°C,12.477738419938413
2026-08-16T01:50:00+00:00,22411530-1,Temperature,CURRENT,°C,15.098164062499997
2026-08-16T01:50:00+00:00,22411530-2,RH,CURRENT,%,83.47753109025712
2026-08-16T01:50:00+00:00,22411530-3,Dew Point,CURRENT,°C,12.336433237109059
2026-08-16T01:51:00+00:00,22411541-S,Battery,CURRENT,V,8.390161376953126
2026-08-16T01:55:00+00:00,22411189-1,Temperature,CURRENT,°C,14.218706054687502
2026-08-16T01:55:00+00:00,22411189-2,RH,CURRENT,%,89.10353246356908
2026-08-16T01:55:00+00:00,22411189-3,Dew Point,CURRENT,°C,12.46518178910445
2026-08-16T01:55:00+00:00,22411190-1,Temperature,CURRENT,°C,14.604809570312497
2026-08-16T01:55:00+00:00,22411190-2,RH,CURRENT,%,84.38086518654154
2026-08-16T01:55:00+00:00,22411190-3,Dew Point,CURRENT,°C,12.016482103707737
2026-08-16T01:55:00+00:00,22411191-1,Temperature,CURRENT,°C,15.269765624999998
2026-08-16T01:55:00+00:00,22411191-2,RH,CURRENT,%,82.28885328450447
2026-08-16T01:55:00+00:00,22411191-3,Dew Point,CURRENT,°C,12.286026328993131
2026-08-16T01:55:00+00:00,22411525-1,Temperature,CURRENT,°C,15.505717773437496
2026-08-16T01:55:00+00:00,22411525-2,RH,CURRENT,%,79.18822003509575
2026-08-16T01:55:00+00:00,22411525-3,Dew Point,CURRENT,°C,11.9323659850887
2026-08-16T01:55:00+00:00,22411526-1,Temperature,CURRENT,°C,13.789702148437499
2026-08-16T01:55:00+00:00,22411526-2,RH,CURRENT,%,89.6803234912642
2026-08-16T01:55:00+00:00,22411526-3,Dew Point,CURRENT,°C,12.139581762748769
2026-08-16T01:55:00+00:00,22411527-1,Temperature,CURRENT,°C,15.891821289062499
2026-08-16T01:55:00+00:00,22411527-2,RH,CURRENT,%,77.70962081330586
2026-08-16T01:55:00+00:00,22411527-3,Dew Point,CURRENT,°C,12.021523157480077
2026-08-16T01:55:00+00:00,22411528-1,Temperature,CURRENT,°C,13.725351562499995
2026-08-16T01:55:00+00:00,22411528-2,RH,CURRENT,%,92.2087434195468
2026-08-16T01:55:00+00:00,22411528-3,Dew Point,CURRENT,°C,12.499246511694992
2026-08-16T01:55:00+00:00,22411529-1,Temperature,CURRENT,°C,13.274897460937495
2026-08-16T01:55:00+00:00,22411529-2,RH,CURRENT,%,95.06523231860838
2026-08-16T01:55:00+00:00,22411529-3,Dew Point,CURRENT,°C,12.516950989976747
2026-08-16T01:55:00+00:00,22411530-1,Temperature,CURRENT,°C,14.9909130859375
2026-08-16T01:55:00+00:00,22411530-2,RH,CURRENT,%,82.59555962462807
2026-08-16T01:55:00+00:00,22411530-3,Dew Point,CURRENT,°C,12.069840607360383
2026-08-16T01:56:00+00:00,22411541-S,Battery,CURRENT,V,8.390161376953126
2026-08-16T02:00:00+00:00,22411189-1,Temperature,CURRENT,°C,14.111455078124997
2026-08-16T02:00:00+00:00,22411189-2,RH,CURRENT,%,90.22049286640727
2026-08-16T02:00:00+00:00,22411189-3,Dew Point,CURRENT,°C,12.549165411786358
2026-08-16T02:00:00+00:00,22411190-1,Temperature,CURRENT,°C,14.519008789062497
2026-08-16T02:00:00+00:00,22411190-2,RH,CURRENT,%,85.55580987258716
2026-08-16T02:00:00+00:00,22411190-3,Dew Point,CURRENT,°C,12.142403135326036
2026-08-16T02:00:00+00:00,22411191-1,Temperature,CURRENT,°C,15.205415039062501
2026-08-16T02:00:00+00:00,22411191-2,RH,CURRENT,%,83.44243533989471
2026-08-16T02:00:00+00:00,22411191-3,Dew Point,CURRENT,°C,12.43509536338581
2026-08-16T02:00:00+00:00,22411525-1,Temperature,CURRENT,°C,15.505717773437496
2026-08-16T02:00:00+00:00,22411525-2,RH,CURRENT,%,79.43541618982223
2026-08-16T02:00:00+00:00,22411525-3,Dew Point,CURRENT,°C,11.979688187104484
2026-08-16T02:00:00+00:00,22411526-1,Temperature,CURRENT,°C,13.768251953124995
2026-08-16T02:00:00+00:00,22411526-2,RH,CURRENT,%,90.26169222552835
2026-08-16T02:00:00+00:00,22411526-3,Dew Point,CURRENT,°C,12.21665705623506
2026-08-16T02:00:00+00:00,22411527-1,Temperature,CURRENT,°C,15.848920898437498
2026-08-16T02:00:00+00:00,22411527-2,RH,CURRENT,%,77.1648737315938
2026-08-16T02:00:00+00:00,22411527-3,Dew Point,CURRENT,°C,11.873078834348208
2026-08-16T02:00:00+00:00,22411528-1,Temperature,CURRENT,°C,13.725351562499995
2026-08-16T02:00:00+00:00,22411528-2,RH,CURRENT,%,92.28198672465095
2026-08-16T02:00:00+00:00,22411528-3,Dew Point,CURRENT,°C,12.511355088394252
2026-08-16T02:00:00+00:00,22411529-1,Temperature,CURRENT,°C,13.425048828125
2026-08-16T02:00:00+00:00,22411529-2,RH,CURRENT,%,96.11657892729076
2026-08-16T02:00:00+00:00,22411529-3,Dew Point,CURRENT,°C,12.834471509614868
2026-08-16T02:00:00+00:00,22411530-1,Temperature,CURRENT,°C,14.883662109374995
2026-08-16T02:00:00+00:00,22411530-2,RH,CURRENT,%,84.23437857633326
2026-08-16T02:00:00+00:00,22411530-3,Dew Point,CURRENT,°C,12.263586847264888
2026-08-16T02:01:00+00:00,22411541-S,Battery,CURRENT,V,8.390161376953126
2026-08-16T02:05:00+00:00,22411189-1,Temperature,CURRENT,°C,13.8755029296875
2026-08-16T02:05:00+00:00,22411189-2,RH,CURRENT,%,91.13756008239872
2026-08-16T02:05:00+00:00,22411189-3,Dew Point,CURRENT,°C,12.469882065420846
2026-08-16T02:05:00+00:00,22411190-1,Temperature,CURRENT,°C,14.325957031249999
2026-08-16T02:05:00+00:00,22411190-2,RH,CURRENT,%,86.48661020828565
2026-08-16T02:05:00+00:00,22411190-3,Dew Point,CURRENT,°C,12.117091678668606
2026-08-16T02:05:00+00:00,22411191-1,Temperature,CURRENT,°C,15.1196142578125
2026-08-16T02:05:00+00:00,22411191-2,RH,CURRENT,%,84.97901884489204
2026-08-16T02:05:00+00:00,22411191-3,Dew Point,CURRENT,°C,12.629281448442315
2026-08-16T02:05:00+00:00,22411525-1,Temperature,CURRENT,°C,15.570068359375
2026-08-16T02:05:00+00:00,22411525-2,RH,CURRENT,%,81.12153810940718
2026-08-16T02:05:00+00:00,22411525-3,Dew Point,CURRENT,°C,12.361886611717566
2026-08-16T02:05:00+00:00,22411526-1,Temperature,CURRENT,°C,13.596650390625001
2026-08-16T02:05:00+00:00,22411526-2,RH,CURRENT,%,90.96665903715572
2026-08-16T02:05:00+00:00,22411526-3,Dew Point,CURRENT,°C,12.165183478347261
2026-08-16T02:05:00+00:00,22411527-1,Temperature,CURRENT,°C,16.041972656249996
2026-08-16T02:05:00+00:00,22411527-2,RH,CURRENT,%,79.20805676356146
2026-08-16T02:05:00+00:00,22411527-3,Dew Point,CURRENT,°C,12.45814448512047
2026-08-16T02:05:00+00:00,22411528-1,Temperature,CURRENT,°C,13.55375
2026-08-16T02:05:00+00:00,22411528-2,RH,CURRENT,%,92.94575417715724
2026-08-16T02:05:00+00:00,22411528-3,Dew Point,CURRENT,°C,12.450359805089981
2026-08-16T02:05:00+00:00,22411529-1,Temperature,CURRENT,°C,13.55375
2026-08-16T02:05:00+00:00,22411529-2,RH,CURRENT,%,96.05859464408331
2026-08-16T02:05:00+00:00,22411529-3,Dew Point,CURRENT,°C,12.95351962821274
2026-08-16T02:05:00+00:00,22411530-1,Temperature,CURRENT,°C,14.712060546875001
2026-08-16T02:05:00+00:00,22411530-2,RH,CURRENT,%,84.77759975585565
2026-08-16T02:05:00+00:00,22411530-3,Dew Point,CURRENT,°C,12.193030028297095
2026-08-16T02:06:00+00:00,22411541-S,Battery,CURRENT,V,8.3869306640625
2026-08-16T02:10:00+00:00,22411189-1,Temperature,CURRENT,°C,13.510849609375
2026-08-16T02:10:00+00:00,22411189-2,RH,CURRENT,%,92.34607461661707
2026-08-16T02:10:00+00:00,22411189-3,Dew Point,CURRENT,°C,12.309178232482095
2026-08-16T02:10:00+00:00,22411190-1,Temperature,CURRENT,°C,13.896953124999996
2026-08-16T02:10:00+00:00,22411190-2,RH,CURRENT,%,88.00640878919661
2026-08-16T02:10:00+00:00,22411190-3,Dew Point,CURRENT,°C,11.959172495021553
2026-08-16T02:10:00+00:00,22411191-1,Temperature,CURRENT,°C,14.347407226562495
2026-08-16T02:10:00+00:00,22411191-2,RH,CURRENT,%,88.16205081254292
2026-08-16T02:10:00+00:00,22411191-3,Dew Point,CURRENT,°C,12.430282909024642
2026-08-16T02:10:00+00:00,22411525-1,Temperature,CURRENT,°C,14.519008789062497
2026-08-16T02:10:00+00:00,22411525-2,RH,CURRENT,%,85.25520714122224
2026-08-16T02:10:00+00:00,22411525-3,Dew Point,CURRENT,°C,12.088894553011512
2026-08-16T02:10:00+00:00,22411526-1,Temperature,CURRENT,°C,13.210546874999999
2026-08-16T02:10:00+00:00,22411526-2,RH,CURRENT,%,91.32524605172809
2026-08-16T02:10:00+00:00,22411526-3,Dew Point,CURRENT,°C,11.842569202165809
2026-08-16T02:10:00+00:00,22411527-1,Temperature,CURRENT,°C,14.733510742187498
2026-08-16T02:10:00+00:00,22411527-2,RH,CURRENT,%,84.63721675440604
2026-08-16T02:10:00+00:00,22411527-3,Dew Point,CURRENT,°C,12.188872656159242
2026-08-16T02:10:00+00:00,22411528-1,Temperature,CURRENT,°C,13.167646484374998
2026-08-16T02:10:00+00:00,22411528-2,RH,CURRENT,%,93.31197070267795
2026-08-16T02:10:00+00:00,22411528-3,Dew Point,CURRENT,°C,12.126850121316068
2026-08-16T02:10:00+00:00,22411529-1,Temperature,CURRENT,°C,13.46794921875
2026-08-16T02:10:00+00:00,22411529-2,RH,CURRENT,%,94.15426871137561
2026-08-16T02:10:00+00:00,22411529-3,Dew Point,CURRENT,°C,12.56212868578346
2026-08-16T02:10:00+00:00,22411530-1,Temperature,CURRENT,°C,14.154355468749998
2026-08-16T02:10:00+00:00,22411530-2,RH,CURRENT,%,86.96269169146258
2026-08-16T02:10:00+00:00,22411530-3,Dew Point,CURRENT,°C,12.031610399632306
2026-08-16T02:11:00+00:00,22411541-S,Battery,CURRENT,V,8.3869306640625
2026-08-16T02:15:00+00:00,22411189-1,Temperature,CURRENT,°C,13.403598632812496
2026-08-16T02:15:00+00:00,22411189-2,RH,CURRENT,%,93.7315938048371
2026-08-16T02:15:00+00:00,22411189-3,Dew Point,CURRENT,°C,12.429556486891462
2026-08-16T02:15:00+00:00,22411190-1,Temperature,CURRENT,°C,13.682451171875002
2026-08-16T02:15:00+00:00,22411190-2,RH,CURRENT,%,89.43007553215838
2026-08-16T02:15:00+00:00,22411190-3,Dew Point,CURRENT,°C,11.99113266616616
2026-08-16T02:15:00+00:00,22411191-1,Temperature,CURRENT,°C,14.068554687499997
2026-08-16T02:15:00+00:00,22411191-2,RH,CURRENT,%,89.66811627374685
2026-08-16T02:15:00+00:00,22411191-3,Dew Point,CURRENT,°C,12.413112532468997
2026-08-16T02:15:00+00:00,22411525-1,Temperature,CURRENT,°C,14.304506835937495
2026-08-16T02:15:00+00:00,22411525-2,RH,CURRENT,%,86.36148622873274
2026-08-16T02:15:00+00:00,22411525-3,Dew Point,CURRENT,°C,12.07398047665494
2026-08-16T02:15:00+00:00,22411526-1,Temperature,CURRENT,°C,13.146196289062502
2026-08-16T02:15:00+00:00,22411526-2,RH,CURRENT,%,92.90455481803616
2026-08-16T02:15:00+00:00,22411526-3,Dew Point,CURRENT,°C,12.039047209006723
2026-08-16T02:15:00+00:00,22411527-1,Temperature,CURRENT,°C,14.669160156250001
2026-08-16T02:15:00+00:00,22411527-2,RH,CURRENT,%,84.960708018616
2026-08-16T02:15:00+00:00,22411527-3,Dew Point,CURRENT,°C,12.183734231888717
2026-08-16T02:15:00+00:00,22411528-1,Temperature,CURRENT,°C,13.103295898437501
2026-08-16T02:15:00+00:00,22411528-2,RH,CURRENT,%,94.8531319142443
2026-08-16T02:15:00+00:00,22411528-3,Dew Point,CURRENT,°C,12.312119296367081
2026-08-16T02:15:00+00:00,22411529-1,Temperature,CURRENT,°C,13.231997070312495
2026-08-16T02:15:00+00:00,22411529-2,RH,CURRENT,%,94.84397650110628
2026-08-16T02:15:00+00:00,22411529-3,Dew Point,CURRENT,°C,12.438726230370428
2026-08-16T02:15:00+00:00,22411530-1,Temperature,CURRENT,°C,13.896953124999996
2026-08-16T02:15:00+00:00,22411530-2,RH,CURRENT,%,88.68238345922026
2026-08-16T02:15:00+00:00,22411530-3,Dew Point,CURRENT,°C,12.075404951273239
2026-08-16T02:16:00+00:00,22411541-S,Battery,CURRENT,V,8.383699951171875
2026-08-16T02:20:00+00:00,22411189-1,Temperature,CURRENT,°C,13.253447265624999
2026-08-16T02:20:00+00:00,22411189-2,RH,CURRENT,%,93.91012436102845
2026-08-16T02:20:00+00:00,22411189-3,Dew Point,CURRENT,°C,12.30931924266947
2026-08-16T02:20:00+00:00,22411190-1,Temperature,CURRENT,°C,13.532299804687497
2026-08-16T02:20:00+00:00,22411190-2,RH,CURRENT,%,89.6803234912642
2026-08-16T02:20:00+00:00,22411190-3,Dew Point,CURRENT,°C,11.88517331128976
2026-08-16T02:20:00+00:00,22411191-1,Temperature,CURRENT,°C,14.197255859374998
2026-08-16T02:20:00+00:00,22411191-2,RH,CURRENT,%,88.8715953307393
2026-08-16T02:20:00+00:00,22411191-3,Dew Point,CURRENT,°C,12.404276554791586
2026-08-16T02:20:00+00:00,22411525-1,Temperature,CURRENT,°C,14.669160156250001
2026-08-16T02:20:00+00:00,22411525-2,RH,CURRENT,%,84.42053864347295
2026-08-16T02:20:00+00:00,22411525-3,Dew Point,CURRENT,°C,12.086754679269243
2026-08-16T02:20:00+00:00,22411526-1,Temperature,CURRENT,°C,13.081845703124998
2026-08-16T02:20:00+00:00,22411526-2,RH,CURRENT,%,93.01441977569237
2026-08-16T02:20:00+00:00,22411526-3,Dew Point,CURRENT,°C,11.993117969747948
2026-08-16T02:20:00+00:00,22411527-1,Temperature,CURRENT,°C,15.248315429687501
2026-08-16T02:20:00+00:00,22411527-2,RH,CURRENT,%,81.37788967727168
2026-08-16T02:20:00+00:00,22411527-3,Dew Point,CURRENT,°C,12.095725887899983
2026-08-16T02:20:00+00:00,22411528-1,Temperature,CURRENT,°C,13.060395507812501
2026-08-16T02:20:00+00:00,22411528-2,RH,CURRENT,%,94.98130769817655
2026-08-16T02:20:00+00:00,22411528-3,Dew Point,CURRENT,°C,12.289982877927976
2026-08-16T02:20:00+00:00,22411529-1,Temperature,CURRENT,°C,13.124746093749998
2026-08-16T02:20:00+00:00,22411529-2,RH,CURRENT,%,95.44365606164645
2026-08-16T02:20:00+00:00,22411529-3,Dew Point,CURRENT,°C,12.428018570790067
2026-08-16T02:20:00+00:00,22411530-1,Temperature,CURRENT,°C,13.789702148437499
2026-08-16T02:20:00+00:00,22411530-2,RH,CURRENT,%,89.17219806210421
2026-08-16T02:20:00+00:00,22411530-3,Dew Point,CURRENT,°C,12.053213131494207
2026-08-16T02:21:00+00:00,22411541-S,Battery,CURRENT,V,8.390161376953126
2026-08-16T02:25:00+00:00,22411189-1,Temperature,CURRENT,°C,13.038945312499997
2026-08-16T02:25:00+00:00,22411189-2,RH,CURRENT,%,95.6771190966659
2026-08-16T02:25:00+00:00,22411189-3,Dew Point,CURRENT,°C,12.379782621445111
2026-08-16T02:25:00+00:00,22411190-1,Temperature,CURRENT,°C,13.425048828125
2026-08-16T02:25:00+00:00,22411190-2,RH,CURRENT,%,91.55260547798886
2026-08-16T02:25:00+00:00,22411190-3,Dew Point,CURRENT,°C,12.092836999620456
2026-08-16T02:25:00+00:00,22411191-1,Temperature,CURRENT,°C,14.304506835937495
2026-08-16T02:25:00+00:00,22411191-2,RH,CURRENT,%,90.72556649118792
2026-08-16T02:25:00+00:00,22411191-3,Dew Point,CURRENT,°C,12.82542954125532
2026-08-16T02:25:00+00:00,22411525-1,Temperature,CURRENT,°C,14.647709960937497
2026-08-16T02:25:00+00:00,22411525-2,RH,CURRENT,%,86.35233081559473
2026-08-16T02:25:00+00:00,22411525-3,Dew Point,CURRENT,°C,12.410005657069307
2026-08-16T02:25:00+00:00,22411526-1,Temperature,CURRENT,°C,12.867343749999996
2026-08-16T02:25:00+00:00,22411526-2,RH,CURRENT,%,93.11055161364156
2026-08-16T02:25:00+00:00,22411526-3,Dew Point,CURRENT,°C,11.795823820875578
2026-08-16T02:25:00+00:00,22411527-1,Temperature,CURRENT,°C,15.1196142578125
2026-08-16T02:25:00+00:00,22411527-2,RH,CURRENT,%,83.74303807125963
2026-08-16T02:25:00+00:00,22411527-3,Dew Point,CURRENT,°C,12.405826610103308
2026-08-16T02:25:00+00:00,22411528-1,Temperature,CURRENT,°C,12.867343749999996
2026-08-16T02:25:00+00:00,22411528-2,RH,CURRENT,%,94.9691004806592
2026-08-16T02:25:00+00:00,22411528-3,Dew Point,CURRENT,°C,12.095879282813952
2026-08-16T02:25:00+00:00,22411529-1,Temperature,CURRENT,°C,13.103295898437501
2026-08-16T02:25:00+00:00,22411529-2,RH,CURRENT,%,95.82360570687419
2026-08-16T02:25:00+00:00,22411529-3,Dew Point,CURRENT,°C,12.467210788757898
2026-08-16T02:25:00+00:00,22411530-1,Temperature,CURRENT,°C,13.896953124999996
2026-08-16T02:25:00+00:00,22411530-2,RH,CURRENT,%,91.12230106050202
2026-08-16T02:25:00+00:00,22411530-3,Dew Point,CURRENT,°C,12.488571005784575
2026-08-16T02:26:00+00:00,22411541-S,Battery,CURRENT,V,8.3869306640625
2026-08-16T02:30:00+00:00,22411189-1,Temperature,CURRENT,°C,13.210546874999999
2026-08-16T02:30:00+00:00,22411189-2,RH,CURRENT,%,96.61554894331273
2026-08-16T02:30:00+00:00,22411189-3,Dew Point,CURRENT,°C,12.699724253554356
2026-08-16T02:30:00+00:00,22411190-1,Temperature,CURRENT,°C,13.639550781250001
2026-08-16T02:30:00+00:00,22411190-2,RH,CURRENT,%,91.69451438162814
2026-08-16T02:30:00+00:00,22411190-3,Dew Point,CURRENT,°C,12.328963251814072
2026-08-16T02:30:00+00:00,22411191-1,Temperature,CURRENT,°C,14.49755859375
2026-08-16T02:30:00+00:00,22411191-2,RH,CURRENT,%,90.2845807583734
2026-08-16T02:30:00+00:00,22411191-3,Dew Point,CURRENT,°C,12.941910959185423
2026-08-16T02:30:00+00:00,22411525-1,Temperature,CURRENT,°C,14.776411132812498
2026-08-16T02:30:00+00:00,22411525-2,RH,CURRENT,%,86.57663843747616
2026-08-16T02:30:00+00:00,22411525-3,Dew Point,CURRENT,°C,12.576195142150882
2026-08-16T02:30:00+00:00,22411526-1,Temperature,CURRENT,°C,12.824443359374996
2026-08-16T02:30:00+00:00,22411526-2,RH,CURRENT,%,94.51895933470665
2026-08-16T02:30:00+00:00,22411526-3,Dew Point,CURRENT,°C,11.981007486808068
2026-08-16T02:30:00+00:00,22411527-1,Temperature,CURRENT,°C,15.205415039062501
2026-08-16T02:30:00+00:00,22411527-2,RH,CURRENT,%,85.0110627908751
2026-08-16T02:30:00+00:00,22411527-3,Dew Point,CURRENT,°C,12.719280527261608
2026-08-16T02:30:00+00:00,22411528-1,Temperature,CURRENT,°C,12.824443359374996
2026-08-16T02:30:00+00:00,22411528-2,RH,CURRENT,%,95.78850995651179
2026-08-16T02:30:00+00:00,22411528-3,Dew Point,CURRENT,°C,12.183790186967949
2026-08-16T02:30:00+00:00,22411529-1,Temperature,CURRENT,°C,13.360698242187496
2026-08-16T02:30:00+00:00,22411529-2,RH,CURRENT,%,97.78286411841
2026-08-16T02:30:00+00:00,22411529-3,Dew Point,CURRENT,°C,13.033270384965546
2026-08-16T02:30:00+00:00,22411530-1,Temperature,CURRENT,°C,14.154355468749998
2026-08-16T02:30:00+00:00,22411530-2,RH,CURRENT,%,89.94735637445639
2026-08-16T02:30:00+00:00,22411530-3,Dew Point,CURRENT,°C,12.545335093717858
2026-08-16T02:31:00+00:00,22411541-S,Battery,CURRENT,V,8.3740078125
2026-08-16T02:35:00+00:00,22411189-1,Temperature,CURRENT,°C,12.996044921874997
2026-08-16T02:35:00+00:00,22411189-2,RH,CURRENT,%,96.63996337834745
2026-08-16T02:35:00+00:00,22411189-3,Dew Point,CURRENT,°C,12.489633351772845
2026-08-16T02:35:00+00:00,22411190-1,Temperature,CURRENT,°C,13.403598632812496
2026-08-16T02:35:00+00:00,22411190-2,RH,CURRENT,%,91.78149080643931
2026-08-16T02:35:00+00:00,22411190-3,Dew Point,CURRENT,°C,12.109534584966498
2026-08-16T02:35:00+00:00,22411191-1,Temperature,CURRENT,°C,14.068554687499997
2026-08-16T02:35:00+00:00,22411191-2,RH,CURRENT,%,91.30540932326238
2026-08-16T02:35:00+00:00,22411191-3,Dew Point,CURRENT,°C,12.689158800709418
2026-08-16T02:35:00+00:00,22411525-1,Temperature,CURRENT,°C,14.304506835937495
2026-08-16T02:35:00+00:00,22411525-2,RH,CURRENT,%,87.97283894102388
2026-08-16T02:35:00+00:00,22411525-3,Dew Point,CURRENT,°C,12.355241733372909
2026-08-16T02:35:00+00:00,22411526-1,Temperature,CURRENT,°C,12.652841796874995
2026-08-16T02:35:00+00:00,22411526-2,RH,CURRENT,%,95.18730449378195
2026-08-16T02:35:00+00:00,22411526-3,Dew Point,CURRENT,°C,11.917211109987084
2026-08-16T02:35:00+00:00,22411527-1,Temperature,CURRENT,°C,14.712060546875001
2026-08-16T02:35:00+00:00,22411527-2,RH,CURRENT,%,86.30655374990464
2026-08-16T02:35:00+00:00,22411527-3,Dew Point,CURRENT,°C,12.46522741981145
2026-08-16T02:35:00+00:00,22411528-1,Temperature,CURRENT,°C,12.695742187499995
2026-08-16T02:35:00+00:00,22411528-2,RH,CURRENT,%,96.63385976958877
2026-08-16T02:35:00+00:00,22411528-3,Dew Point,CURRENT,°C,12.189141140467678
2026-08-16T02:35:00+00:00,22411529-1,Temperature,CURRENT,°C,13.3821484375
2026-08-16T02:35:00+00:00,22411529-2,RH,CURRENT,%,97.32661936369878
2026-08-16T02:35:00+00:00,22411529-3,Dew Point,CURRENT,°C,12.983081516981512
2026-08-16T02:35:00+00:00,22411530-1,Temperature,CURRENT,°C,13.789702148437499
2026-08-16T02:35:00+00:00,22411530-2,RH,CURRENT,%,90.39597161821928
2026-08-16T02:35:00+00:00,22411530-3,Dew Point,CURRENT,°C,12.26049798821614
2026-08-16T02:36:00+00:00,22411541-S,Battery,CURRENT,V,8.3740078125
2026-08-16T02:40:00+00:00,22411189-1,Temperature,CURRENT,°C,12.910244140624997
2026-08-16T02:40:00+00:00,22411189-2,RH,CURRENT,%,96.75898374914168
2026-08-16T02:40:00+00:00,22411189-3,Dew Point,CURRENT,°C,12.42280942957139
2026-08-16T02:40:00+00:00,22411190-1,Temperature,CURRENT,°C,13.29634765625
2026-08-16T02:40:00+00:00,22411190-2,RH,CURRENT,%,91.76317998016327
2026-08-16T02:40:00+00:00,22411190-3,Dew Point,CURRENT,°C,12.000199856543624
2026-08-16T02:40:00+00:00,22411191-1,Temperature,CURRENT,°C,13.789702148437499
2026-08-16T02:40:00+00:00,22411191-2,RH,CURRENT,%,92.4452582589456
2026-08-16T02:40:00+00:00,22411191-3,Dew Point,CURRENT,°C,12.602154268147176
2026-08-16T02:40:00+00:00,22411525-1,Temperature,CURRENT,°C,13.939853515624996
2026-08-16T02:40:00+00:00,22411525-2,RH,CURRENT,%,89.92904554818035
2026-08-16T02:40:00+00:00,22411525-3,Dew Point,CURRENT,°C,12.330155099536821
2026-08-16T02:40:00+00:00,22411526-1,Temperature,CURRENT,°C,12.545590820312498
2026-08-16T02:40:00+00:00,22411526-2,RH,CURRENT,%,95.72442206454566
2026-08-16T02:40:00+00:00,22411526-3,Dew Point,CURRENT,°C,11.895795223029472
2026-08-16T02:40:00+00:00,22411527-1,Temperature,CURRENT,°C,14.154355468749998
2026-08-16T02:40:00+00:00,22411527-2,RH,CURRENT,%,89.70778973067826
2026-08-16T02:40:00+00:00,22411527-3,Dew Point,CURRENT,°C,12.504657523607365
2026-08-16T02:40:00+00:00,22411528-1,Temperature,CURRENT,°C,12.567041015625001
2026-08-16T02:40:00+00:00,22411528-2,RH,CURRENT,%,97.06111238269627
2026-08-16T02:40:00+00:00,22411528-3,Dew Point,CURRENT,°C,12.127827213243126
2026-08-16T02:40:00+00:00,22411529-1,Temperature,CURRENT,°C,13.081845703124998
2026-08-16T02:40:00+00:00,22411529-2,RH,CURRENT,%,95.20561532005799
2026-08-16T02:40:00+00:00,22411529-3,Dew Point,CURRENT,°C,12.34725410795912
2026-08-16T02:40:00+00:00,22411530-1,Temperature,CURRENT,°C,13.596650390625001
2026-08-16T02:40:00+00:00,22411530-2,RH,CURRENT,%,91.58007171740292
2026-08-16T02:40:00+00:00,22411530-3,Dew Point,CURRENT,°C,12.267436507845089
2026-08-16T02:41:00+00:00,22411541-S,Battery,CURRENT,V,8.38046923828125
2026-08-16T02:45:00+00:00,22411189-1,Temperature,CURRENT,°C,12.717192382812499
2026-08-16T02:45:00+00:00,22411189-2,RH,CURRENT,%,97.27168688487068
2026-08-16T02:45:00+00:00,22411189-3,Dew Point,CURRENT,°C,12.310666102180843
2026-08-16T02:45:00+00:00,22411190-1,Temperature,CURRENT,°C,13.103295898437501
2026-08-16T02:45:00+00:00,22411190-2,RH,CURRENT,%,92.5154497596704
2026-08-16T02:45:00+00:00,22411190-3,Dew Point,CURRENT,°C,11.932733995398616
2026-08-16T02:45:00+00:00,22411191-1,Temperature,CURRENT,°C,13.725351562499995
2026-08-16T02:45:00+00:00,22411191-2,RH,CURRENT,%,92.86335545891508
2026-08-16T02:45:00+00:00,22411191-3,Dew Point,CURRENT,°C,12.60716871730724
2026-08-16T02:45:00+00:00,22411525-1,Temperature,CURRENT,°C,14.025654296874997
2026-08-16T02:45:00+00:00,22411525-2,RH,CURRENT,%,89.89547570000762
2026-08-16T02:45:00+00:00,22411525-3,Dew Point,CURRENT,°C,12.409295545476715
2026-08-16T02:45:00+00:00,22411526-1,Temperature,CURRENT,°C,12.43833984375
2026-08-16T02:45:00+00:00,22411526-2,RH,CURRENT,%,95.91210803387503
2026-08-16T02:45:00+00:00,22411526-3,Dew Point,CURRENT,°C,11.818646801407814
2026-08-16T02:45:00+00:00,22411527-1,Temperature,CURRENT,°C,14.433208007812496
2026-08-16T02:45:00+00:00,22411527-2,RH,CURRENT,%,88.67933165484092
2026-08-16T02:45:00+00:00,22411527-3,Dew Point,CURRENT,°C,12.604160856975017
2026-08-16T02:45:00+00:00,22411528-1,Temperature,CURRENT,°C,12.43833984375
2026-08-16T02:45:00+00:00,22411528-2,RH,CURRENT,%,97.32661936369878
2026-08-16T02:45:00+00:00,22411528-3,Dew Point,CURRENT,°C,12.040885328477321
2026-08-16T02:45:00+00:00,22411529-1,Temperature,CURRENT,°C,12.8458935546875
2026-08-16T02:45:00+00:00,22411529-2,RH,CURRENT,%,95.66338597695888
2026-08-16T02:45:00+00:00,22411529-3,Dew Point,CURRENT,°C,12.185278259787019
2026-08-16T02:45:00+00:00,22411530-1,Temperature,CURRENT,°C,13.403598632812496
2026-08-16T02:45:00+00:00,22411530-2,RH,CURRENT,%,91.92034790569924
2026-08-16T02:45:00+00:00,22411530-3,Dew Point,CURRENT,°C,12.13251825201712
2026-08-16T02:46:00+00:00,22411541-S,Battery,CURRENT,V,8.3740078125
2026-08-16T02:50:00+00:00,22411189-1,Temperature,CURRENT,°C,12.781542968749996
2026-08-16T02:50:00+00:00,22411189-2,RH,CURRENT,%,97.93087663080796
2026-08-16T02:50:00+00:00,22411189-3,Dew Point,CURRENT,°C,12.477834897140982
2026-08-16T02:50:00+00:00,22411190-1,Temperature,CURRENT,°C,13.081845703124998
2026-08-16T02:50:00+00:00,22411190-2,RH,CURRENT,%,93.35164415960936
2026-08-16T02:50:00+00:00,22411190-3,Dew Point,CURRENT,°C,12.048093324769793
2026-08-16T02:50:00+00:00,22411191-1,Temperature,CURRENT,°C,13.8326025390625
2026-08-16T02:50:00+00:00,22411191-2,RH,CURRENT,%,93.03730830853742
2026-08-16T02:50:00+00:00,22411191-3,Dew Point,CURRENT,°C,12.742213587266757
2026-08-16T02:50:00+00:00,22411525-1,Temperature,CURRENT,°C,14.197255859374998
2026-08-16T02:50:00+00:00,22411525-2,RH,CURRENT,%,89.10505836575875
2026-08-16T02:50:00+00:00,22411525-3,Dew Point,CURRENT,°C,12.444259398154783
2026-08-16T02:50:00+00:00,22411526-1,Temperature,CURRENT,°C,12.459790039062497
2026-08-16T02:50:00+00:00,22411526-2,RH,CURRENT,%,96.34699015793088
2026-08-16T02:50:00+00:00,22411526-3,Dew Point,CURRENT,°C,11.90866470877137
2026-08-16T02:50:00+00:00,22411527-1,Temperature,CURRENT,°C,14.712060546875001
2026-08-16T02:50:00+00:00,22411527-2,RH,CURRENT,%,84.55329213397421
2026-08-16T02:50:00+00:00,22411527-3,Dew Point,CURRENT,°C,12.152734855956364
2026-08-16T02:50:00+00:00,22411528-1,Temperature,CURRENT,°C,12.416889648437497
2026-08-16T02:50:00+00:00,22411528-2,RH,CURRENT,%,97.5921263447013
2026-08-16T02:50:00+00:00,22411528-3,Dew Point,CURRENT,°C,12.060862651999884
2026-08-16T02:50:00+00:00,22411529-1,Temperature,CURRENT,°C,12.9745947265625
2026-08-16T02:50:00+00:00,22411529-2,RH,CURRENT,%,97.48989089799343
2026-08-16T02:50:00+00:00,22411529-3,Dew Point,CURRENT,°C,12.601804067576206
2026-08-16T02:50:00+00:00,22411530-1,Temperature,CURRENT,°C,13.446499023437497
2026-08-16T02:50:00+00:00,22411530-2,RH,CURRENT,%,92.70771343556878
2026-08-16T02:50:00+00:00,22411530-3,Dew Point,CURRENT,°C,12.304843032656343
2026-08-16T02:51:00+00:00,22411541-S,Battery,CURRENT,V,8.38046923828125
2026-08-16T02:55:00+00:00,22411189-1,Temperature,CURRENT,°C,12.717192382812499
2026-08-16T02:55:00+00:00,22411189-2,RH,CURRENT,%,97.76455329213397
2026-08-16T02:55:00+00:00,22411189-3,Dew Point,CURRENT,°C,12.387645104651826
2026-08-16T02:55:00+00:00,22411190-1,Temperature,CURRENT,°C,12.996044921874997
2026-08-16T02:55:00+00:00,22411190-2,RH,CURRENT,%,93.27840085450522
2026-08-16T02:55:00+00:00,22411190-3,Dew Point,CURRENT,°C,11.950955879112549
2026-08-16T02:55:00+00:00,22411191-1,Temperature,CURRENT,°C,13.575200195312497
2026-08-16T02:55:00+00:00,22411191-2,RH,CURRENT,%,92.9228656443122
2026-08-16T02:55:00+00:00,22411191-3,Dew Point,CURRENT,°C,12.467898319744469
2026-08-16T02:55:00+00:00,22411525-1,Temperature,CURRENT,°C,13.8326025390625
2026-08-16T02:55:00+00:00,22411525-2,RH,CURRENT,%,89.6757457846952
2026-08-16T02:55:00+00:00,22411525-3,Dew Point,CURRENT,°C,12.181206393387475
2026-08-16T02:55:00+00:00,22411526-1,Temperature,CURRENT,°C,12.395439453125
2026-08-16T02:55:00+00:00,22411526-2,RH,CURRENT,%,96.50568398565652
2026-08-16T02:55:00+00:00,22411526-3,Dew Point,CURRENT,°C,11.869470451381815
2026-08-16T02:55:00+00:00,22411527-1,Temperature,CURRENT,°C,14.218706054687502
2026-08-16T02:55:00+00:00,22411527-2,RH,CURRENT,%,88.70679789425498
2026-08-16T02:55:00+00:00,22411527-3,Dew Point,CURRENT,°C,12.39716970316262
2026-08-16T02:55:00+00:00,22411528-1,Temperature,CURRENT,°C,12.373989257812497
2026-08-16T02:55:00+00:00,22411528-2,RH,CURRENT,%,97.84237430380712
2026-08-16T02:55:00+00:00,22411528-3,Dew Point,CURRENT,°C,12.0569294785197
2026-08-16T02:55:00+00:00,22411529-1,Temperature,CURRENT,°C,13.081845703124998
2026-08-16T02:55:00+00:00,22411529-2,RH,CURRENT,%,97.953765163653
2026-08-16T02:55:00+00:00,22411529-3,Dew Point,CURRENT,°C,12.781422496251825
2026-08-16T02:55:00+00:00,22411530-1,Temperature,CURRENT,°C,13.274897460937495
2026-08-16T02:55:00+00:00,22411530-2,RH,CURRENT,%,92.5459678034638
2026-08-16T02:55:00+00:00,22411530-3,Dew Point,CURRENT,°C,12.108000378673731
2026-08-16T02:56:00+00:00,22411541-S,Battery,CURRENT,V,8.36754638671875
2026-08-16T03:00:00+00:00,22411189-1,Temperature,CURRENT,°C,12.674291992187499
2026-08-16T03:00:00+00:00,22411189-2,RH,CURRENT,%,98.21316853589686
2026-08-16T03:00:00+00:00,22411189-3,Dew Point,CURRENT,°C,12.414542412371938
2026-08-16T03:00:00+00:00,22411190-1,Temperature,CURRENT,°C,12.9745947265625
2026-08-16T03:00:00+00:00,22411190-2,RH,CURRENT,%,93.83382925154497
2026-08-16T03:00:00+00:00,22411190-3,Dew Point,CURRENT,°C,12.019806443228362
2026-08-16T03:00:00+00:00,22411191-1,Temperature,CURRENT,°C,13.639550781250001
2026-08-16T03:00:00+00:00,22411191-2,RH,CURRENT,%,93.64003967345693
2026-08-16T03:00:00+00:00,22411191-3,Dew Point,CURRENT,°C,12.649102907969155
2026-08-16T03:00:00+00:00,22411525-1,Temperature,CURRENT,°C,13.896953124999996
2026-08-16T03:00:00+00:00,22411525-2,RH,CURRENT,%,90.17929350728619
2026-08-16T03:00:00+00:00,22411525-3,Dew Point,CURRENT,°C,12.330051095417488
2026-08-16T03:00:00+00:00,22411526-1,Temperature,CURRENT,°C,12.331088867187496
2026-08-16T03:00:00+00:00,22411526-2,RH,CURRENT,%,96.73456931410696
2026-08-16T03:00:00+00:00,22411526-3,Dew Point,CURRENT,°C,11.841224805252214
2026-08-16T03:00:00+00:00,22411527-1,Temperature,CURRENT,°C,14.197255859374998
2026-08-16T03:00:00+00:00,22411527-2,RH,CURRENT,%,89.58419165331502
2026-08-16T03:00:00+00:00,22411527-3,Dew Point,CURRENT,°C,12.526028393233275
2026-08-16T03:00:00+00:00,22411528-1,Temperature,CURRENT,°C,12.309638671875
2026-08-16T03:00:00+00:00,22411528-2,RH,CURRENT,%,98.12619211108569
2026-08-16T03:00:00+00:00,22411528-3,Dew Point,CURRENT,°C,12.03664656299352
2026-08-16T03:00:00+00:00,22411529-1,Temperature,CURRENT,°C,12.8887939453125
2026-08-16T03:00:00+00:00,22411529-2,RH,CURRENT,%,96.11352712291142
2026-08-16T03:00:00+00:00,22411529-3,Dew Point,CURRENT,°C,12.299467469251855
2026-08-16T03:00:00+00:00,22411530-1,Temperature,CURRENT,°C,13.29634765625
2026-08-16T03:00:00+00:00,22411530-2,RH,CURRENT,%,93.54543373769741
2026-08-16T03:00:00+00:00,22411530-3,Dew Point,CURRENT,°C,12.292709531210512
2026-08-16T03:01:00+00:00,22411541-S,Battery,CURRENT,V,8.36754638671875
2026-08-16T03:05:00+00:00,22411189-1,Temperature,CURRENT,°C,12.567041015625001
2026-08-16T03:05:00+00:00,22411189-2,RH,CURRENT,%,98.26504921034562
2026-08-16T03:05:00+00:00,22411189-3,Dew Point,CURRENT,°C,12.315397061761384
2026-08-16T03:05:00+00:00,22411190-1,Temperature,CURRENT,°C,12.8887939453125
2026-08-16T03:05:00+00:00,22411190-2,RH,CURRENT,%,94.03982604715038
2026-08-16T03:05:00+00:00,22411190-3,Dew Point,CURRENT,°C,11.96782684434106
2026-08-16T03:05:00+00:00,22411191-1,Temperature,CURRENT,°C,13.768251953124995
2026-08-16T03:05:00+00:00,22411191-2,RH,CURRENT,%,93.41268024719615
2026-08-16T03:05:00+00:00,22411191-3,Dew Point,CURRENT,°C,12.73983096927116
2026-08-16T03:05:00+00:00,22411525-1,Temperature,CURRENT,°C,14.175805664062501
2026-08-16T03:05:00+00:00,22411525-2,RH,CURRENT,%,89.15541313801785
2026-08-16T03:05:00+00:00,22411525-3,Dew Point,CURRENT,°C,12.431686140273754
2026-08-16T03:05:00+00:00,22411526-1,Temperature,CURRENT,°C,12.309638671875
2026-08-16T03:05:00+00:00,22411526-2,RH,CURRENT,%,96.9085221637293
2026-08-16T03:05:00+00:00,22411526-3,Dew Point,CURRENT,°C,11.847078681834207
2026-08-16T03:05:00+00:00,22411527-1,Temperature,CURRENT,°C,14.604809570312497
2026-08-16T03:05:00+00:00,22411527-2,RH,CURRENT,%,86.51255054551004
2026-08-16T03:05:00+00:00,22411527-3,Dew Point,CURRENT,°C,12.396042598366215
2026-08-16T03:05:00+00:00,22411528-1,Temperature,CURRENT,°C,12.288188476562496
2026-08-16T03:05:00+00:00,22411528-2,RH,CURRENT,%,98.37491416800184
2026-08-16T03:05:00+00:00,22411528-3,Dew Point,CURRENT,°C,12.053671849694492
2026-08-16T03:05:00+00:00,22411529-1,Temperature,CURRENT,°C,12.717192382812499
2026-08-16T03:05:00+00:00,22411529-2,RH,CURRENT,%,96.26764324406805
2026-08-16T03:05:00+00:00,22411529-3,Dew Point,CURRENT,°C,12.152782633915423
2026-08-16T03:05:00+00:00,22411530-1,Temperature,CURRENT,°C,13.360698242187496
2026-08-16T03:05:00+00:00,22411530-2,RH,CURRENT,%,93.53933012893873
2026-08-16T03:05:00+00:00,22411530-3,Dew Point,CURRENT,°C,12.355646238283173
2026-08-16T03:06:00+00:00,22411541-S,Battery,CURRENT,V,8.36754638671875
2026-08-16T03:10:00+00:00,22411189-1,Temperature,CURRENT,°C,12.695742187499995
2026-08-16T03:10:00+00:00,22411189-2,RH,CURRENT,%,98.1307698176547
2026-08-16T03:10:00+00:00,22411189-3,Dew Point,CURRENT,°C,12.423187657762451
2026-08-16T03:10:00+00:00,22411190-1,Temperature,CURRENT,°C,13.081845703124998
2026-08-16T03:10:00+00:00,22411190-2,RH,CURRENT,%,93.2341496910048
2026-08-16T03:10:00+00:00,22411190-3,Dew Point,CURRENT,°C,12.028958844522494
2026-08-16T03:10:00+00:00,22411191-1,Temperature,CURRENT,°C,13.982753906249997
2026-08-16T03:10:00+00:00,22411191-2,RH,CURRENT,%,91.42137788967727
2026-08-16T03:10:00+00:00,22411191-3,Dew Point,CURRENT,°C,12.623545572723753
2026-08-16T03:10:00+00:00,22411525-1,Temperature,CURRENT,°C,14.304506835937495
2026-08-16T03:10:00+00:00,22411525-2,RH,CURRENT,%,88.01403830014496
2026-08-16T03:10:00+00:00,22411525-3,Dew Point,CURRENT,°C,12.362373566502379
2026-08-16T03:10:00+00:00,22411526-1,Temperature,CURRENT,°C,12.373989257812497
2026-08-16T03:10:00+00:00,22411526-2,RH,CURRENT,%,97.10078583962768
2026-08-16T03:10:00+00:00,22411526-3,Dew Point,CURRENT,°C,11.941372056722262
2026-08-16T03:10:00+00:00,22411527-1,Temperature,CURRENT,°C,14.733510742187498
2026-08-16T03:10:00+00:00,22411527-2,RH,CURRENT,%,86.50034332799268
2026-08-16T03:10:00+00:00,22411527-3,Dew Point,CURRENT,°C,12.520530840988746
2026-08-16T03:10:00+00:00,22411528-1,Temperature,CURRENT,°C,12.373989257812497
2026-08-16T03:10:00+00:00,22411528-2,RH,CURRENT,%,98.60837720302129
2026-08-16T03:10:00+00:00,22411528-3,Dew Point,CURRENT,°C,12.175486368080765
2026-08-16T03:10:00+00:00,22411529-1,Temperature,CURRENT,°C,12.567041015625001
2026-08-16T03:10:00+00:00,22411529-2,RH,CURRENT,%,97.05195696955825
2026-08-16T03:10:00+00:00,22411529-3,Dew Point,CURRENT,°C,12.126393015692143
2026-08-16T03:10:00+00:00,22411530-1,Temperature,CURRENT,°C,13.575200195312497
2026-08-16T03:10:00+00:00,22411530-2,RH,CURRENT,%,91.1589227130541
2026-08-16T03:10:00+00:00,22411530-3,Dew Point,CURRENT,°C,12.176054905729801
2026-08-16T03:11:00+00:00,22411541-S,Battery,CURRENT,V,8.364315673828125
2026-08-16T03:15:00+00:00,22411189-1,Temperature,CURRENT,°C,12.545590820312498
2026-08-16T03:15:00+00:00,22411189-2,RH,CURRENT,%,97.84695201037613
2026-08-16T03:15:00+00:00,22411189-3,Dew Point,CURRENT,°C,12.229061062757664
2026-08-16T03:15:00+00:00,22411190-1,Temperature,CURRENT,°C,12.867343749999996
2026-08-16T03:15:00+00:00,22411190-2,RH,CURRENT,%,92.83894102388037
2026-08-16T03:15:00+00:00,22411190-3,Dew Point,CURRENT,°C,11.751533569380225
2026-08-16T03:15:00+00:00,22411191-1,Temperature,CURRENT,°C,13.489399414062497
2026-08-16T03:15:00+00:00,22411191-2,RH,CURRENT,%,92.43610284580758
2026-08-16T03:15:00+00:00,22411191-3,Dew Point,CURRENT,°C,12.302736692848804
2026-08-16T03:15:00+00:00,22411525-1,Temperature,CURRENT,°C,13.768251953124995
2026-08-16T03:15:00+00:00,22411525-2,RH,CURRENT,%,88.73731593804837
2026-08-16T03:15:00+00:00,22411525-3,Dew Point,CURRENT,°C,11.957776735040069
2026-08-16T03:15:00+00:00,22411526-1,Temperature,CURRENT,°C,12.309638671875
2026-08-16T03:15:00+00:00,22411526-2,RH,CURRENT,%,96.96040283817807
2026-08-16T03:15:00+00:00,22411526-3,Dew Point,CURRENT,°C,11.855198068234172
2026-08-16T03:15:00+00:00,22411527-1,Temperature,CURRENT,°C,14.154355468749998
2026-08-16T03:15:00+00:00,22411527-2,RH,CURRENT,%,87.64934767681392
2026-08-16T03:15:00+00:00,22411527-3,Dew Point,CURRENT,°C,12.151154685094424
2026-08-16T03:15:00+00:00,22411528-1,Temperature,CURRENT,°C,12.309638671875
2026-08-16T03:15:00+00:00,22411528-2,RH,CURRENT,%,98.45120927748532
2026-08-16T03:15:00+00:00,22411528-3,Dew Point,CURRENT,°C,12.086896059052078
2026-08-16T03:15:00+00:00,22411529-1,Temperature,CURRENT,°C,12.588491210937498
2026-08-16T03:15:00+00:00,22411529-2,RH,CURRENT,%,97.25337605859464
2026-08-16T03:15:00+00:00,22411529-3,Dew Point,CURRENT,°C,12.17932963376685
2026-08-16T03:15:00+00:00,22411530-1,Temperature,CURRENT,°C,13.167646484374998
2026-08-16T03:15:00+00:00,22411530-2,RH,CURRENT,%,92.24994277866789
2026-08-16T03:15:00+00:00,22411530-3,Dew Point,CURRENT,°C,11.952936217373086
2026-08-16T03:16:00+00:00,22411541-S,Battery,CURRENT,V,8.364315673828125
2026-08-16T03:20:00+00:00,22411189-1,Temperature,CURRENT,°C,12.567041015625001
2026-08-16T03:20:00+00:00,22411189-2,RH,CURRENT,%,98.84184023804075
2026-08-16T03:20:00+00:00,22411189-3,Dew Point,CURRENT,°C,12.404545337781185
2026-08-16T03:20:00+00:00,22411190-1,Temperature,CURRENT,°C,12.8458935546875
2026-08-16T03:20:00+00:00,22411190-2,RH,CURRENT,%,94.37399862668804
2026-08-16T03:20:00+00:00,22411190-3,Dew Point,CURRENT,°C,11.97903467434596
2026-08-16T03:20:00+00:00,22411191-1,Temperature,CURRENT,°C,13.854052734374996
2026-08-16T03:20:00+00:00,22411191-2,RH,CURRENT,%,93.05409323262379
2026-08-16T03:20:00+00:00,22411191-3,Dew Point,CURRENT,°C,12.766265983429118
2026-08-16T03:20:00+00:00,22411525-1,Temperature,CURRENT,°C,14.068554687499997
2026-08-16T03:20:00+00:00,22411525-2,RH,CURRENT,%,89.50637064164187
2026-08-16T03:20:00+00:00,22411525-3,Dew Point,CURRENT,°C,12.385602675083131
2026-08-16T03:20:00+00:00,22411526-1,Temperature,CURRENT,°C,12.26673828125
2026-08-16T03:20:00+00:00,22411526-2,RH,CURRENT,%,97.09163042648966
2026-08-16T03:20:00+00:00,22411526-3,Dew Point,CURRENT,°C,11.832903439748636
2026-08-16T03:20:00+00:00,22411527-1,Temperature,CURRENT,°C,14.240156249999998
2026-08-16T03:20:00+00:00,22411527-2,RH,CURRENT,%,88.4596017395285
2026-08-16T03:20:00+00:00,22411527-3,Dew Point,CURRENT,°C,12.375822429967096
2026-08-16T03:20:00+00:00,22411528-1,Temperature,CURRENT,°C,12.331088867187496
2026-08-16T03:20:00+00:00,22411528-2,RH,CURRENT,%,98.62973983367667
2026-08-16T03:20:00+00:00,22411528-3,Dew Point,CURRENT,°C,12.13588433183907
2026-08-16T03:20:00+00:00,22411529-1,Temperature,CURRENT,°C,12.674291992187499
2026-08-16T03:20:00+00:00,22411529-2,RH,CURRENT,%,97.90798809796291
2026-08-16T03:20:00+00:00,22411529-3,Dew Point,CURRENT,°C,12.367125330880134
2026-08-16T03:20:00+00:00,22411530-1,Temperature,CURRENT,°C,13.55375
2026-08-16T03:20:00+00:00,22411530-2,RH,CURRENT,%,92.70771343556878
2026-08-16T03:20:00+00:00,22411530-3,Dew Point,CURRENT,°C,12.411276655940139
2026-08-16T03:21:00+00:00,22411541-S,Battery,CURRENT,V,8.357854248046875
2026-08-16T03:25:00+00:00,22411189-1,Temperature,CURRENT,°C,12.738642578124995
2026-08-16T03:25:00+00:00,22411189-2,RH,CURRENT,%,98.56107423514153
2026-08-16T03:25:00+00:00,22411189-3,Dew Point,CURRENT,°C,12.532779882835634
2026-08-16T03:25:00+00:00,22411190-1,Temperature,CURRENT,°C,13.038945312499997
2026-08-16T03:25:00+00:00,22411190-2,RH,CURRENT,%,94.10238803692684
2026-08-16T03:25:00+00:00,22411190-3,Dew Point,CURRENT,°C,12.127206645465613
2026-08-16T03:25:00+00:00,22411191-1,Temperature,CURRENT,°C,13.896953124999996
2026-08-16T03:25:00+00:00,22411191-2,RH,CURRENT,%,92.52307927061875
2026-08-16T03:25:00+00:00,22411191-3,Dew Point,CURRENT,°C,12.721403388019194
2026-08-16T03:25:00+00:00,22411525-1,Temperature,CURRENT,°C,14.0900048828125
2026-08-16T03:25:00+00:00,22411525-2,RH,CURRENT,%,89.39803158617532
2026-08-16T03:25:00+00:00,22411525-3,Dew Point,CURRENT,°C,12.388343926379266
2026-08-16T03:25:00+00:00,22411526-1,Temperature,CURRENT,°C,12.3525390625
2026-08-16T03:25:00+00:00,22411526-2,RH,CURRENT,%,97.34340428778515
2026-08-16T03:25:00+00:00,22411526-3,Dew Point,CURRENT,°C,11.957848785529801
2026-08-16T03:25:00+00:00,22411527-1,Temperature,CURRENT,°C,14.325957031249999
2026-08-16T03:25:00+00:00,22411527-2,RH,CURRENT,%,88.29480430304417
2026-08-16T03:25:00+00:00,22411527-3,Dew Point,CURRENT,°C,12.43205753212329
2026-08-16T03:25:00+00:00,22411528-1,Temperature,CURRENT,°C,12.395439453125
2026-08-16T03:25:00+00:00,22411528-2,RH,CURRENT,%,98.79148546578165
2026-08-16T03:25:00+00:00,22411528-3,Dew Point,CURRENT,°C,12.225159510319196
2026-08-16T03:25:00+00:00,22411529-1,Temperature,CURRENT,°C,12.738642578124995
2026-08-16T03:25:00+00:00,22411529-2,RH,CURRENT,%,97.99038681620507
2026-08-16T03:25:00+00:00,22411529-3,Dew Point,CURRENT,°C,12.444234765307664
2026-08-16T03:25:00+00:00,22411530-1,Temperature,CURRENT,°C,13.596650390625001
2026-08-16T03:25:00+00:00,22411530-2,RH,CURRENT,%,91.80437933928435
2026-08-16T03:25:00+00:00,22411530-3,Dew Point,CURRENT,°C,12.304677392262692
2026-08-16T03:26:00+00:00,22411541-S,Battery,CURRENT,V,8.36754638671875
2026-08-16T03:30:00+00:00,22411189-1,Temperature,CURRENT,°C,12.481240234375
2026-08-16T03:30:00+00:00,22411189-2,RH,CURRENT,%,97.92172121766994
2026-08-16T03:30:00+00:00,22411189-3,Dew Point,CURRENT,°C,12.17639595743764
2026-08-16T03:30:00+00:00,22411190-1,Temperature,CURRENT,°C,12.8029931640625
2026-08-16T03:30:00+00:00,22411190-2,RH,CURRENT,%,93.3196002136263
2026-08-16T03:30:00+00:00,22411190-3,Dew Point,CURRENT,°C,11.765922325257858
2026-08-16T03:30:00+00:00,22411191-1,Temperature,CURRENT,°C,13.446499023437497
2026-08-16T03:30:00+00:00,22411191-2,RH,CURRENT,%,92.65583276112001
2026-08-16T03:30:00+00:00,22411191-3,Dew Point,CURRENT,°C,12.29632047375238
2026-08-16T03:30:00+00:00,22411525-1,Temperature,CURRENT,°C,13.639550781250001
2026-08-16T03:30:00+00:00,22411525-2,RH,CURRENT,%,89.54757000076295
2026-08-16T03:30:00+00:00,22411525-3,Dew Point,CURRENT,°C,11.968680787362995
2026-08-16T03:30:00+00:00,22411526-1,Temperature,CURRENT,°C,12.180937499999999
2026-08-16T03:30:00+00:00,22411526-2,RH,CURRENT,%,97.17097734035248
2026-08-16T03:30:00+00:00,22411526-3,Dew Point,CURRENT,°C,11.759656622069345
2026-08-16T03:30:00+00:00,22411527-1,Temperature,CURRENT,°C,13.896953124999996
2026-08-16T03:30:00+00:00,22411527-2,RH,CURRENT,%,88.69764248111696
2026-08-16T03:30:00+00:00,22411527-3,Dew Point,CURRENT,°C,12.078019715598284
2026-08-16T03:30:00+00:00,22411528-1,Temperature,CURRENT,°C,12.245288085937496
2026-08-16T03:30:00+00:00,22411528-2,RH,CURRENT,%,98.6434729533837
2026-08-16T03:30:00+00:00,22411528-3,Dew Point,CURRENT,°C,12.052206249652626
2026-08-16T03:30:00+00:00,22411529-1,Temperature,CURRENT,°C,12.717192382812499
2026-08-16T03:30:00+00:00,22411529-2,RH,CURRENT,%,97.21980621042191
2026-08-16T03:30:00+00:00,22411529-3,Dew Point,CURRENT,°C,12.302543135818711
2026-08-16T03:30:00+00:00,22411530-1,Temperature,CURRENT,°C,13.167646484374998
2026-08-16T03:30:00+00:00,22411530-2,RH,CURRENT,%,91.87304493781949
2026-08-16T03:30:00+00:00,22411530-3,Dew Point,CURRENT,°C,11.890793797500153
2026-08-16T03:31:00+00:00,22411541-S,Battery,CURRENT,V,8.357854248046875
2026-08-16T03:35:00+00:00,22411189-1,Temperature,CURRENT,°C,12.309638671875
2026-08-16T03:35:00+00:00,22411189-2,RH,CURRENT,%,98.05447470817121
2026-08-16T03:35:00+00:00,22411189-3,Dew Point,CURRENT,°C,12.02553896176429
2026-08-16T03:35:00+00:00,22411190-1,Temperature,CURRENT,°C,12.674291992187499
2026-08-16T03:35:00+00:00,22411190-2,RH,CURRENT,%,93.69039444571602
2026-08-16T03:35:00+00:00,22411190-3,Dew Point,CURRENT,°C,11.698166188416062
2026-08-16T03:35:00+00:00,22411191-1,Temperature,CURRENT,°C,13.189096679687495
2026-08-16T03:35:00+00:00,22411191-2,RH,CURRENT,%,94.67154955367361
2026-08-16T03:35:00+00:00,22411191-3,Dew Point,CURRENT,°C,12.36831153662108
2026-08-16T03:35:00+00:00,22411525-1,Temperature,CURRENT,°C,13.339248046875
2026-08-16T03:35:00+00:00,22411525-2,RH,CURRENT,%,91.63195239185168
2026-08-16T03:35:00+00:00,22411525-3,Dew Point,CURRENT,°C,12.020978945816823
2026-08-16T03:35:00+00:00,22411526-1,Temperature,CURRENT,°C,12.030786132812501
2026-08-16T03:35:00+00:00,22411526-2,RH,CURRENT,%,97.1801327534905
2026-08-16T03:35:00+00:00,22411526-3,Dew Point,CURRENT,°C,11.611215790296603
2026-08-16T03:35:00+00:00,22411527-1,Temperature,CURRENT,°C,13.55375
2026-08-16T03:35:00+00:00,22411527-2,RH,CURRENT,%,91.59838254367895
2026-08-16T03:35:00+00:00,22411527-3,Dew Point,CURRENT,°C,12.227968637780245
2026-08-16T03:35:00+00:00,22411528-1,Temperature,CURRENT,°C,12.116586914062495
2026-08-16T03:35:00+00:00,22411528-2,RH,CURRENT,%,98.64042114900435
2026-08-16T03:35:00+00:00,22411528-3,Dew Point,CURRENT,°C,11.923043910851343
2026-08-16T03:35:00+00:00,22411529-1,Temperature,CURRENT,°C,12.652841796874995
2026-08-16T03:35:00+00:00,22411529-2,RH,CURRENT,%,96.83985656519417
2026-08-16T03:35:00+00:00,22411529-3,Dew Point,CURRENT,°C,12.17873641594922
2026-08-16T03:35:00+00:00,22411530-1,Temperature,CURRENT,°C,12.953144531249997
2026-08-16T03:35:00+00:00,22411530-2,RH,CURRENT,%,93.33028152895399
2026-08-16T03:35:00+00:00,22411530-3,Dew Point,CURRENT,°C,11.916789248280853
2026-08-16T03:36:00+00:00,22411541-S,Battery,CURRENT,V,8.35462353515625
2026-08-16T03:40:00+00:00,22411189-1,Temperature,CURRENT,°C,12.416889648437497
2026-08-16T03:40:00+00:00,22411189-2,RH,CURRENT,%,99.54528114747845
2026-08-16T03:40:00+00:00,22411189-3,Dew Point,CURRENT,°C,12.362344520311181
2026-08-16T03:40:00+00:00,22411190-1,Temperature,CURRENT,°C,12.8029931640625
2026-08-16T03:40:00+00:00,22411190-2,RH,CURRENT,%,95.12779430838484
2026-08-16T03:40:00+00:00,22411190-3,Dew Point,CURRENT,°C,12.057197960189624
2026-08-16T03:40:00+00:00,22411191-1,Temperature,CURRENT,°C,13.339248046875
2026-08-16T03:40:00+00:00,22411191-2,RH,CURRENT,%,95.93804837109941
2026-08-16T03:40:00+00:00,22411191-3,Dew Point,CURRENT,°C,12.720544312995003
2026-08-16T03:40:00+00:00,22411525-1,Temperature,CURRENT,°C,13.510849609375
2026-08-16T03:40:00+00:00,22411525-2,RH,CURRENT,%,92.78095674067292
2026-08-16T03:40:00+00:00,22411525-3,Dew Point,CURRENT,°C,12.380734121887404
2026-08-16T03:40:00+00:00,22411526-1,Temperature,CURRENT,°C,12.030786132812501
2026-08-16T03:40:00+00:00,22411526-2,RH,CURRENT,%,97.53719386587319
2026-08-16T03:40:00+00:00,22411526-3,Dew Point,CURRENT,°C,11.666758299574536
2026-08-16T03:40:00+00:00,22411527-1,Temperature,CURRENT,°C,13.703901367187498
2026-08-16T03:40:00+00:00,22411527-2,RH,CURRENT,%,92.28046082246128
2026-08-16T03:40:00+00:00,22411527-3,Dew Point,CURRENT,°C,12.489828342312427
2026-08-16T03:40:00+00:00,22411528-1,Temperature,CURRENT,°C,12.073686523437502
2026-08-16T03:40:00+00:00,22411528-2,RH,CURRENT,%,98.86015106431678
2026-08-16T03:40:00+00:00,22411528-3,Dew Point,CURRENT,°C,11.913914562548813
2026-08-16T03:40:00+00:00,22411529-1,Temperature,CURRENT,°C,12.545590820312498
2026-08-16T03:40:00+00:00,22411529-2,RH,CURRENT,%,96.72999160753795
2026-08-16T03:40:00+00:00,22411529-3,Dew Point,CURRENT,°C,12.054483711637364
2026-08-16T03:40:00+00:00,22411530-1,Temperature,CURRENT,°C,13.103295898437501
2026-08-16T03:40:00+00:00,22411530-2,RH,CURRENT,%,95.11406118867781
2026-08-16T03:40:00+00:00,22411530-3,Dew Point,CURRENT,°C,12.353954890512915
2026-08-16T03:41:00+00:00,22411541-S,Battery,CURRENT,V,8.351392822265625
2026-08-16T03:45:00+00:00,22411189-1,Temperature,CURRENT,°C,12.459790039062497
2026-08-16T03:45:00+00:00,22411189-2,RH,CURRENT,%,99.55901426718547
2026-08-16T03:45:00+00:00,22411189-3,Dew Point,CURRENT,°C,12.407391652311176
2026-08-16T03:45:00+00:00,22411190-1,Temperature,CURRENT,°C,12.824443359374996
2026-08-16T03:45:00+00:00,22411190-2,RH,CURRENT,%,94.72190432593271
2026-08-16T03:45:00+00:00,22411190-3,Dew Point,CURRENT,°C,12.013583500228222
2026-08-16T03:45:00+00:00,22411191-1,Temperature,CURRENT,°C,13.661000976562498
2026-08-16T03:45:00+00:00,22411191-2,RH,CURRENT,%,93.45235370412756
2026-08-16T03:45:00+00:00,22411191-3,Dew Point,CURRENT,°C,12.639782089719755
2026-08-16T03:45:00+00:00,22411525-1,Temperature,CURRENT,°C,13.896953124999996
2026-08-16T03:45:00+00:00,22411525-2,RH,CURRENT,%,89.90005340657663
2026-08-16T03:45:00+00:00,22411525-3,Dew Point,CURRENT,°C,12.282831387398371
2026-08-16T03:45:00+00:00,22411526-1,Temperature,CURRENT,°C,12.073686523437502
2026-08-16T03:45:00+00:00,22411526-2,RH,CURRENT,%,97.76150148775463
2026-08-16T03:45:00+00:00,22411526-3,Dew Point,CURRENT,°C,11.74440991303531
2026-08-16T03:45:00+00:00,22411527-1,Temperature,CURRENT,°C,14.175805664062501
2026-08-16T03:45:00+00:00,22411527-2,RH,CURRENT,%,88.51300831616693
2026-08-16T03:45:00+00:00,22411527-3,Dew Point,CURRENT,°C,12.321518710242263
2026-08-16T03:45:00+00:00,22411528-1,Temperature,CURRENT,°C,12.116586914062495
2026-08-16T03:45:00+00:00,22411528-2,RH,CURRENT,%,99.1103990234226
2026-08-16T03:45:00+00:00,22411528-3,Dew Point,CURRENT,°C,11.995214709112746
2026-08-16T03:45:00+00:00,22411529-1,Temperature,CURRENT,°C,12.652841796874995
2026-08-16T03:45:00+00:00,22411529-2,RH,CURRENT,%,97.93545433737697
2026-08-16T03:45:00+00:00,22411529-3,Dew Point,CURRENT,°C,12.349968285107655
2026-08-16T03:45:00+00:00,22411530-1,Temperature,CURRENT,°C,13.3821484375
2026-08-16T03:45:00+00:00,22411530-2,RH,CURRENT,%,92.69398031586175
2026-08-16T03:45:00+00:00,22411530-3,Dew Point,CURRENT,°C,12.238728242745323
2026-08-16T03:46:00+00:00,22411541-S,Battery,CURRENT,V,8.35462353515625
2026-08-16T03:50:00+00:00,22411189-1,Temperature,CURRENT,°C,12.395439453125
2026-08-16T03:50:00+00:00,22411189-2,RH,CURRENT,%,99.3316548409247
2026-08-16T03:50:00+00:00,22411189-3,Dew Point,CURRENT,°C,12.308157326659831
2026-08-16T03:50:00+00:00,22411190-1,Temperature,CURRENT,°C,12.717192382812499
2026-08-16T03:50:00+00:00,22411190-2,RH,CURRENT,%,94.37399862668804
2026-08-16T03:50:00+00:00,22411190-3,Dew Point,CURRENT,°C,11.851034054566675
2026-08-16T03:50:00+00:00,22411191-1,Temperature,CURRENT,°C,13.682451171875002
2026-08-16T03:50:00+00:00,22411191-2,RH,CURRENT,%,92.57343404287785
2026-08-16T03:50:00+00:00,22411191-3,Dew Point,CURRENT,°C,12.516888083496529
2026-08-16T03:50:00+00:00,22411525-1,Temperature,CURRENT,°C,13.896953124999996
2026-08-16T03:50:00+00:00,22411525-2,RH,CURRENT,%,89.43007553215838
2026-08-16T03:50:00+00:00,22411525-3,Dew Point,CURRENT,°C,12.203066162953618
2026-08-16T03:50:00+00:00,22411526-1,Temperature,CURRENT,°C,11.987885742187501
2026-08-16T03:50:00+00:00,22411526-2,RH,CURRENT,%,97.75692378118562
2026-08-16T03:50:00+00:00,22411526-3,Dew Point,CURRENT,°C,11.657998998306816
2026-08-16T03:50:00+00:00,22411527-1,Temperature,CURRENT,°C,14.0900048828125
2026-08-16T03:50:00+00:00,22411527-2,RH,CURRENT,%,88.68696116578927
2026-08-16T03:50:00+00:00,22411527-3,Dew Point,CURRENT,°C,12.266733743394544
2026-08-16T03:50:00+00:00,22411528-1,Temperature,CURRENT,°C,12.073686523437502
2026-08-16T03:50:00+00:00,22411528-2,RH,CURRENT,%,99.14702067597467
2026-08-16T03:50:00+00:00,22411528-3,Dew Point,CURRENT,°C,11.957901600074832
2026-08-16T03:50:00+00:00,22411529-1,Temperature,CURRENT,°C,12.8029931640625
2026-08-16T03:50:00+00:00,22411529-2,RH,CURRENT,%,98.61753261615931
2026-08-16T03:50:00+00:00,22411529-3,Dew Point,CURRENT,°C,12.605859230322052
2026-08-16T03:50:00+00:00,22411530-1,Temperature,CURRENT,°C,13.360698242187496
2026-08-16T03:50:00+00:00,22411530-2,RH,CURRENT,%,92.1538109407187
2026-08-16T03:50:00+00:00,22411530-3,Dew Point,CURRENT,°C,12.128549889354952
2026-08-16T03:51:00+00:00,22411541-S,Battery,CURRENT,V,8.35462353515625
2026-08-16T03:55:00+00:00,22411189-1,Temperature,CURRENT,°C,12.223837890625
2026-08-16T03:55:00+00:00,22411189-2,RH,CURRENT,%,99.02800030518044
2026-08-16T03:55:00+00:00,22411189-3,Dew Point,CURRENT,°C,12.089877866494554
2026-08-16T03:55:00+00:00,22411190-1,Temperature,CURRENT,°C,12.545590820312498
2026-08-16T03:55:00+00:00,22411190-2,RH,CURRENT,%,94.74479285877776
2026-08-16T03:55:00+00:00,22411190-3,Dew Point,CURRENT,°C,11.739785943977333
2026-08-16T03:55:00+00:00,22411191-1,Temperature,CURRENT,°C,13.210546874999999
2026-08-16T03:55:00+00:00,22411191-2,RH,CURRENT,%,94.61661707484551
2026-08-16T03:55:00+00:00,22411191-3,Dew Point,CURRENT,°C,12.380810126579549
2026-08-16T03:55:00+00:00,22411525-1,Temperature,CURRENT,°C,13.339248046875
2026-08-16T03:55:00+00:00,22411525-2,RH,CURRENT,%,91.48393987945373
2026-08-16T03:55:00+00:00,22411525-3,Dew Point,CURRENT,°C,11.996423573911397
2026-08-16T03:55:00+00:00,22411526-1,Temperature,CURRENT,°C,11.880634765624997
2026-08-16T03:55:00+00:00,22411526-2,RH,CURRENT,%,97.8988326848249
2026-08-16T03:55:00+00:00,22411526-3,Dew Point,CURRENT,°C,11.572827537655709
2026-08-16T03:55:00+00:00,22411527-1,Temperature,CURRENT,°C,13.489399414062497
2026-08-16T03:55:00+00:00,22411527-2,RH,CURRENT,%,91.40764476997025
2026-08-16T03:55:00+00:00,22411527-3,Dew Point,CURRENT,°C,12.132504128830165
2026-08-16T03:55:00+00:00,22411528-1,Temperature,CURRENT,°C,11.966435546874997
2026-08-16T03:55:00+00:00,22411528-2,RH,CURRENT,%,99.23399710078584
2026-08-16T03:55:00+00:00,22411528-3,Dew Point,CURRENT,°C,11.863894091548987
2026-08-16T03:55:00+00:00,22411529-1,Temperature,CURRENT,°C,12.695742187499995
2026-08-16T03:55:00+00:00,22411529-2,RH,CURRENT,%,97.68825818265049
2026-08-16T03:55:00+00:00,22411529-3,Dew Point,CURRENT,°C,12.354327890383052
2026-08-16T03:55:00+00:00,22411530-1,Temperature,CURRENT,°C,12.9745947265625
2026-08-16T03:55:00+00:00,22411530-2,RH,CURRENT,%,93.14106965743495
2026-08-16T03:55:00+00:00,22411530-3,Dew Point,CURRENT,°C,11.907289438882566
2026-08-16T03:56:00+00:00,22411541-S,Battery,CURRENT,V,8.357854248046875
2026-08-16T04:00:00+00:00,22411189-1,Temperature,CURRENT,°C,12.416889648437497
2026-08-16T04:00:00+00:00,22411189-2,RH,CURRENT,%,99.70550087739376
2026-08-16T04:00:00+00:00,22411189-3,Dew Point,CURRENT,°C,12.386844282978597
2026-08-16T04:00:00+00:00,22411190-1,Temperature,CURRENT,°C,12.695742187499995
2026-08-16T04:00:00+00:00,22411190-2,RH,CURRENT,%,95.24376287479973
2026-08-16T04:00:00+00:00,22411190-3,Dew Point,CURRENT,°C,11.968926140270739
2026-08-16T04:00:00+00:00,22411191-1,Temperature,CURRENT,°C,13.231997070312495
2026-08-16T04:00:00+00:00,22411191-2,RH,CURRENT,%,95.03624017700466
2026-08-16T04:00:00+00:00,22411191-3,Dew Point,CURRENT,°C,12.469596456515497
2026-08-16T04:00:00+00:00,22411525-1,Temperature,CURRENT,°C,13.339248046875
2026-08-16T04:00:00+00:00,22411525-2,RH,CURRENT,%,92.28503852903029
2026-08-16T04:00:00+00:00,22411525-3,Dew Point,CURRENT,°C,12.128912093153232
2026-08-16T04:00:00+00:00,22411526-1,Temperature,CURRENT,°C,12.030786132812501
2026-08-16T04:00:00+00:00,22411526-2,RH,CURRENT,%,98.14602883955139
2026-08-16T04:00:00+00:00,22411526-3,Dew Point,CURRENT,°C,11.761054760399059
2026-08-16T04:00:00+00:00,22411527-1,Temperature,CURRENT,°C,13.510849609375
2026-08-16T04:00:00+00:00,22411527-2,RH,CURRENT,%,92.08972304875257
2026-08-16T04:00:00+00:00,22411527-3,Dew Point,CURRENT,°C,12.266859163654692
2026-08-16T04:00:00+00:00,22411528-1,Temperature,CURRENT,°C,12.116586914062495
2026-08-16T04:00:00+00:00,22411528-2,RH,CURRENT,%,99.45525291828794
2026-08-16T04:00:00+00:00,22411528-3,Dew Point,CURRENT,°C,12.047980241932017
2026-08-16T04:00:00+00:00,22411529-1,Temperature,CURRENT,°C,12.567041015625001
2026-08-16T04:00:00+00:00,22411529-2,RH,CURRENT,%,97.2350652323186
2026-08-16T04:00:00+00:00,22411529-3,Dew Point,CURRENT,°C,12.155054416590614
2026-08-16T04:00:00+00:00,22411530-1,Temperature,CURRENT,°C,13.038945312499997
2026-08-16T04:00:00+00:00,22411530-2,RH,CURRENT,%,94.27176317998017
2026-08-16T04:00:00+00:00,22411530-3,Dew Point,CURRENT,°C,12.154550652511872
2026-08-16T04:01:00+00:00,22411541-S,Battery,CURRENT,V,8.348162109375
2026-08-16T04:05:00+00:00,22411189-1,Temperature,CURRENT,°C,12.245288085937496
2026-08-16T04:05:00+00:00,22411189-2,RH,CURRENT,%,99.16533150225071
2026-08-16T04:05:00+00:00,22411189-3,Dew Point,CURRENT,°C,12.132405992067996
2026-08-16T04:05:00+00:00,22411190-1,Temperature,CURRENT,°C,12.545590820312498
2026-08-16T04:05:00+00:00,22411190-2,RH,CURRENT,%,94.72648203250172
2026-08-16T04:05:00+00:00,22411190-3,Dew Point,CURRENT,°C,11.736856416378002
2026-08-16T04:05:00+00:00,22411191-1,Temperature,CURRENT,°C,13.081845703124998
2026-08-16T04:05:00+00:00,22411191-2,RH,CURRENT,%,95.11406118867781
2026-08-16T04:05:00+00:00,22411191-3,Dew Point,CURRENT,°C,12.332601339191422
2026-08-16T04:05:00+00:00,22411525-1,Temperature,CURRENT,°C,13.339248046875
2026-08-16T04:05:00+00:00,22411525-2,RH,CURRENT,%,91.77386129549096
2026-08-16T04:05:00+00:00,22411525-3,Dew Point,CURRENT,°C,12.0444890337634
2026-08-16T04:05:00+00:00,22411526-1,Temperature,CURRENT,°C,11.987885742187501
2026-08-16T04:05:00+00:00,22411526-2,RH,CURRENT,%,98.17654688334478
2026-08-16T04:05:00+00:00,22411526-3,Dew Point,CURRENT,°C,11.722894967135238
2026-08-16T04:05:00+00:00,22411527-1,Temperature,CURRENT,°C,13.768251953124995
2026-08-16T04:05:00+00:00,22411527-2,RH,CURRENT,%,90.13504234378577
2026-08-16T04:05:00+00:00,22411527-3,Dew Point,CURRENT,°C,12.195295339647823
2026-08-16T04:05:00+00:00,22411528-1,Temperature,CURRENT,°C,12.052236328124998
2026-08-16T04:05:00+00:00,22411528-2,RH,CURRENT,%,99.49492637521935
2026-08-16T04:05:00+00:00,22411528-3,Dew Point,CURRENT,°C,11.98962659345654
2026-08-16T04:05:00+00:00,22411529-1,Temperature,CURRENT,°C,12.545590820312498
2026-08-16T04:05:00+00:00,22411529-2,RH,CURRENT,%,97.71114671549553
2026-08-16T04:05:00+00:00,22411529-3,Dew Point,CURRENT,°C,12.207928876143246
2026-08-16T04:05:00+00:00,22411530-1,Temperature,CURRENT,°C,12.824443359374996
2026-08-16T04:05:00+00:00,22411530-2,RH,CURRENT,%,93.91470206759746
2026-08-16T04:05:00+00:00,22411530-3,Dew Point,CURRENT,°C,11.883649137905838
2026-08-16T04:06:00+00:00,22411541-S,Battery,CURRENT,V,8.348162109375
2026-08-16T04:10:00+00:00,22411189-1,Temperature,CURRENT,°C,12.3525390625
2026-08-16T04:10:00+00:00,22411189-2,RH,CURRENT,%,99.16685740444038
2026-08-16T04:10:00+00:00,22411189-3,Dew Point,CURRENT,°C,12.239952898613195
2026-08-16T04:10:00+00:00,22411190-1,Temperature,CURRENT,°C,12.567041015625001
2026-08-16T04:10:00+00:00,22411190-2,RH,CURRENT,%,94.87602044708935
2026-08-16T04:10:00+00:00,22411190-3,Dew Point,CURRENT,°C,11.78211368207234
2026-08-16T04:10:00+00:00,22411191-1,Temperature,CURRENT,°C,13.231997070312495
2026-08-16T04:10:00+00:00,22411191-2,RH,CURRENT,%,94.91721980621043
2026-08-16T04:10:00+00:00,22411191-3,Dew Point,CURRENT,°C,12.450492790546084
2026-08-16T04:10:00+00:00,22411525-1,Temperature,CURRENT,°C,13.55375
2026-08-16T04:10:00+00:00,22411525-2,RH,CURRENT,%,91.81963836118105
2026-08-16T04:10:00+00:00,22411525-3,Dew Point,CURRENT,°C,12.26468444646535
2026-08-16T04:10:00+00:00,22411526-1,Temperature,CURRENT,°C,12.052236328124998
2026-08-16T04:10:00+00:00,22411526-2,RH,CURRENT,%,98.3016708628977
2026-08-16T04:10:00+00:00,22411526-3,Dew Point,CURRENT,°C,11.806517895313364
2026-08-16T04:10:00+00:00,22411527-1,Temperature,CURRENT,°C,13.896953124999996
2026-08-16T04:10:00+00:00,22411527-2,RH,CURRENT,%,91.27489127946899
2026-08-16T04:10:00+00:00,22411527-3,Dew Point,CURRENT,°C,12.514085945584808
2026-08-16T04:10:00+00:00,22411528-1,Temperature,CURRENT,°C,12.052236328124998
2026-08-16T04:10:00+00:00,22411528-2,RH,CURRENT,%,99.5925841153582
2026-08-16T04:10:00+00:00,22411528-3,Dew Point,CURRENT,°C,12.004526937034552
2026-08-16T04:10:00+00:00,22411529-1,Temperature,CURRENT,°C,12.373989257812497
2026-08-16T04:10:00+00:00,22411529-2,RH,CURRENT,%,97.24422064545662
2026-08-16T04:10:00+00:00,22411529-3,Dew Point,CURRENT,°C,11.963782994401054
2026-08-16T04:10:00+00:00,22411530-1,Temperature,CURRENT,°C,12.8887939453125
2026-08-16T04:10:00+00:00,22411530-2,RH,CURRENT,%,94.01693751430534
2026-08-16T04:10:00+00:00,22411530-3,Dew Point,CURRENT,°C,11.964130653297792
2026-08-16T04:11:00+00:00,22411541-S,Battery,CURRENT,V,8.344931396484375
2026-08-16T04:15:00+00:00,22411189-1,Temperature,CURRENT,°C,12.245288085937496
2026-08-16T04:15:00+00:00,22411189-2,RH,CURRENT,%,99.07988097962921
2026-08-16T04:15:00+00:00,22411189-3,Dew Point,CURRENT,°C,12.119299288529994
2026-08-16T04:15:00+00:00,22411190-1,Temperature,CURRENT,°C,12.481240234375
2026-08-16T04:15:00+00:00,22411190-2,RH,CURRENT,%,94.9736781872282
2026-08-16T04:15:00+00:00,22411190-3,Dew Point,CURRENT,°C,11.712313057243353
2026-08-16T04:15:00+00:00,22411191-1,Temperature,CURRENT,°C,13.210546874999999
2026-08-16T04:15:00+00:00,22411191-2,RH,CURRENT,%,94.9736781872282
2026-08-16T04:15:00+00:00,22411191-3,Dew Point,CURRENT,°C,12.438207767558321
2026-08-16T04:15:00+00:00,22411525-1,Temperature,CURRENT,°C,13.661000976562498
2026-08-16T04:15:00+00:00,22411525-2,RH,CURRENT,%,91.47936217288472
2026-08-16T04:15:00+00:00,22411525-3,Dew Point,CURRENT,°C,12.314446218005278
2026-08-16T04:15:00+00:00,22411526-1,Temperature,CURRENT,°C,11.987885742187501
2026-08-16T04:15:00+00:00,22411526-2,RH,CURRENT,%,98.26810101472496
2026-08-16T04:15:00+00:00,22411526-3,Dew Point,CURRENT,°C,11.737021698377424
2026-08-16T04:15:00+00:00,22411527-1,Temperature,CURRENT,°C,14.132905273437501
2026-08-16T04:15:00+00:00,22411527-2,RH,CURRENT,%,89.79934386205844
2026-08-16T04:15:00+00:00,22411527-3,Dew Point,CURRENT,°C,12.49901075364615
2026-08-16T04:15:00+00:00,22411528-1,Temperature,CURRENT,°C,12.009335937499998
2026-08-16T04:15:00+00:00,22411528-2,RH,CURRENT,%,99.54528114747845
2026-08-16T04:15:00+00:00,22411528-3,Dew Point,CURRENT,°C,11.954366064479087
2026-08-16T04:15:00+00:00,22411529-1,Temperature,CURRENT,°C,12.481240234375
2026-08-16T04:15:00+00:00,22411529-2,RH,CURRENT,%,98.1002517738613
2026-08-16T04:15:00+00:00,22411529-3,Dew Point,CURRENT,°C,12.204104470606342
2026-08-16T04:15:00+00:00,22411530-1,Temperature,CURRENT,°C,12.781542968749996
2026-08-16T04:15:00+00:00,22411530-2,RH,CURRENT,%,94.44724193179218
2026-08-16T04:15:00+00:00,22411530-3,Dew Point,CURRENT,°C,11.926810096922557
2026-08-16T04:16:00+00:00,22411541-S,Battery,CURRENT,V,8.344931396484375
2026-08-16T04:20:00+00:00,22411189-1,Temperature,CURRENT,°C,12.202387695312495
2026-08-16T04:20:00+00:00,22411189-2,RH,CURRENT,%,99.4369420920119
2026-08-16T04:20:00+00:00,22411189-3,Dew Point,CURRENT,°C,12.131061407238347
2026-08-16T04:20:00+00:00,22411190-1,Temperature,CURRENT,°C,12.459790039062497
2026-08-16T04:20:00+00:00,22411190-2,RH,CURRENT,%,94.80888075074388
2026-08-16T04:20:00+00:00,22411190-3,Dew Point,CURRENT,°C,11.66465326829056
2026-08-16T04:20:00+00:00,22411191-1,Temperature,CURRENT,°C,13.274897460937495
2026-08-16T04:20:00+00:00,22411191-2,RH,CURRENT,%,95.06828412298772
2026-08-16T04:20:00+00:00,22411191-3,Dew Point,CURRENT,°C,12.51744058725477
2026-08-16T04:20:00+00:00,22411525-1,Temperature,CURRENT,°C,13.596650390625001
2026-08-16T04:20:00+00:00,22411525-2,RH,CURRENT,%,91.13145647364004
2026-08-16T04:20:00+00:00,22411525-3,Dew Point,CURRENT,°C,12.192713790482177
2026-08-16T04:20:00+00:00,22411526-1,Temperature,CURRENT,°C,11.880634765624997
2026-08-16T04:20:00+00:00,22411526-2,RH,CURRENT,%,98.20401312275884
2026-08-16T04:20:00+00:00,22411526-3,Dew Point,CURRENT,°C,11.619948244037927
2026-08-16T04:20:00+00:00,22411527-1,Temperature,CURRENT,°C,13.9613037109375
2026-08-16T04:20:00+00:00,22411527-2,RH,CURRENT,%,89.92751964599069
2026-08-16T04:20:00+00:00,22411527-3,Dew Point,CURRENT,°C,12.351104186788492
2026-08-16T04:20:00+00:00,22411528-1,Temperature,CURRENT,°C,11.966435546874997
2026-08-16T04:20:00+00:00,22411528-2,RH,CURRENT,%,99.56511787594415
2026-08-16T04:20:00+00:00,22411528-3,Dew Point,CURRENT,°C,11.914445182292372
2026-08-16T04:20:00+00:00,22411529-1,Temperature,CURRENT,°C,12.652841796874995
2026-08-16T04:20:00+00:00,22411529-2,RH,CURRENT,%,98.79606317235066
2026-08-16T04:20:00+00:00,22411529-3,Dew Point,CURRENT,°C,12.483297838144937
2026-08-16T04:20:00+00:00,22411530-1,Temperature,CURRENT,°C,12.8887939453125
2026-08-16T04:20:00+00:00,22411530-2,RH,CURRENT,%,94.82566567483025
2026-08-16T04:20:00+00:00,22411530-3,Dew Point,CURRENT,°C,12.09425258845531
2026-08-16T04:21:00+00:00,22411541-S,Battery,CURRENT,V,8.344931396484375
2026-08-16T04:25:00+00:00,22411189-1,Temperature,CURRENT,°C,12.180937499999999
2026-08-16T04:25:00+00:00,22411189-2,RH,CURRENT,%,100
2026-08-16T04:25:00+00:00,22411189-3,Dew Point,CURRENT,°C,12.195458003499247
2026-08-16T04:25:00+00:00,22411190-1,Temperature,CURRENT,°C,12.459790039062497
2026-08-16T04:25:00+00:00,22411190-2,RH,CURRENT,%,95.71068894483864
2026-08-16T04:25:00+00:00,22411190-3,Dew Point,CURRENT,°C,11.808137479426604
2026-08-16T04:25:00+00:00,22411191-1,Temperature,CURRENT,°C,13.038945312499997
2026-08-16T04:25:00+00:00,22411191-2,RH,CURRENT,%,95.35210193026627
2026-08-16T04:25:00+00:00,22411191-3,Dew Point,CURRENT,°C,12.327952677425497
2026-08-16T04:25:00+00:00,22411525-1,Temperature,CURRENT,°C,13.253447265624999
2026-08-16T04:25:00+00:00,22411525-2,RH,CURRENT,%,91.8425268940261
2026-08-16T04:25:00+00:00,22411525-3,Dew Point,CURRENT,°C,11.97080297752953
2026-08-16T04:25:00+00:00,22411526-1,Temperature,CURRENT,°C,11.8162841796875
2026-08-16T04:25:00+00:00,22411526-2,RH,CURRENT,%,98.29251544975968
2026-08-16T04:25:00+00:00,22411526-3,Dew Point,CURRENT,°C,11.569270522595085
2026-08-16T04:25:00+00:00,22411527-1,Temperature,CURRENT,°C,13.510849609375
2026-08-16T04:25:00+00:00,22411527-2,RH,CURRENT,%,91.04905775539788
2026-08-16T04:25:00+00:00,22411527-3,Dew Point,CURRENT,°C,12.093994378560103
2026-08-16T04:25:00+00:00,22411528-1,Temperature,CURRENT,°C,11.9020849609375
2026-08-16T04:25:00+00:00,22411528-2,RH,CURRENT,%,99.60936903944457
2026-08-16T04:25:00+00:00,22411528-3,Dew Point,CURRENT,°C,11.856766926404562
2026-08-16T04:25:00+00:00,22411529-1,Temperature,CURRENT,°C,12.631391601562498
2026-08-16T04:25:00+00:00,22411529-2,RH,CURRENT,%,98.57480735484856
2026-08-16T04:25:00+00:00,22411529-3,Dew Point,CURRENT,°C,12.427670648209041
2026-08-16T04:25:00+00:00,22411530-1,Temperature,CURRENT,°C,12.7600927734375
2026-08-16T04:25:00+00:00,22411530-2,RH,CURRENT,%,94.8531319142443
2026-08-16T04:25:00+00:00,22411530-3,Dew Point,CURRENT,°C,11.970575343179071
2026-08-16T04:26:00+00:00,22411541-S,Battery,CURRENT,V,8.338469970703125
2026-08-16T04:30:00+00:00,22411189-1,Temperature,CURRENT,°C,12.202387695312495
2026-08-16T04:30:00+00:00,22411189-2,RH,CURRENT,%,99.8794537270161
2026-08-16T04:30:00+00:00,22411189-3,Dew Point,CURRENT,°C,12.19859180412362
2026-08-16T04:30:00+00:00,22411190-1,Temperature,CURRENT,°C,12.524140625000001
2026-08-16T04:30:00+00:00,22411190-2,RH,CURRENT,%,95.25139238574808
2026-08-16T04:30:00+00:00,22411190-3,Dew Point,CURRENT,°C,11.799282033661965
2026-08-16T04:30:00+00:00,22411191-1,Temperature,CURRENT,°C,13.081845703124998
2026-08-16T04:30:00+00:00,22411191-2,RH,CURRENT,%,95.31700617990387
2026-08-16T04:30:00+00:00,22411191-3,Dew Point,CURRENT,°C,12.365064966248838
2026-08-16T04:30:00+00:00,22411525-1,Temperature,CURRENT,°C,13.253447265624999
2026-08-16T04:30:00+00:00,22411525-2,RH,CURRENT,%,92.44068055237659
2026-08-16T04:30:00+00:00,22411525-3,Dew Point,CURRENT,°C,12.069417805924221
2026-08-16T04:30:00+00:00,22411526-1,Temperature,CURRENT,°C,11.8162841796875
2026-08-16T04:30:00+00:00,22411526-2,RH,CURRENT,%,98.34744792858778
2026-08-16T04:30:00+00:00,22411526-3,Dew Point,CURRENT,°C,11.577727522410711
2026-08-16T04:30:00+00:00,22411527-1,Temperature,CURRENT,°C,13.425048828125
2026-08-16T04:30:00+00:00,22411527-2,RH,CURRENT,%,92.5505455100328
2026-08-16T04:30:00+00:00,22411527-3,Dew Point,CURRENT,°C,12.257729424908353
2026-08-16T04:30:00+00:00,22411528-1,Temperature,CURRENT,°C,11.8162841796875
2026-08-16T04:30:00+00:00,22411528-2,RH,CURRENT,%,99.6887159533074
2026-08-16T04:30:00+00:00,22411528-3,Dew Point,CURRENT,°C,11.782942341461613
2026-08-16T04:30:00+00:00,22411529-1,Temperature,CURRENT,°C,12.43833984375
2026-08-16T04:30:00+00:00,22411529-2,RH,CURRENT,%,97.52803845273517
2026-08-16T04:30:00+00:00,22411529-3,Dew Point,CURRENT,°C,12.072299860035386
2026-08-16T04:30:00+00:00,22411530-1,Temperature,CURRENT,°C,12.867343749999996
2026-08-16T04:30:00+00:00,22411530-2,RH,CURRENT,%,94.47775997558557
2026-08-16T04:30:00+00:00,22411530-3,Dew Point,CURRENT,°C,12.01705930851533
2026-08-16T04:31:00+00:00,22411541-S,Battery,CURRENT,V,8.338469970703125
2026-08-16T04:35:00+00:00,22411189-1,Temperature,CURRENT,°C,12.524140625000001
2026-08-16T04:35:00+00:00,22411189-2,RH,CURRENT,%,100
2026-08-16T04:35:00+00:00,22411189-3,Dew Point,CURRENT,°C,12.539209469236532
2026-08-16T04:35:00+00:00,22411190-1,Temperature,CURRENT,°C,12.824443359374996
2026-08-16T04:35:00+00:00,22411190-2,RH,CURRENT,%,95.86633096818494
2026-08-16T04:35:00+00:00,22411190-3,Dew Point,CURRENT,°C,12.196143442332195
2026-08-16T04:35:00+00:00,22411191-1,Temperature,CURRENT,°C,13.596650390625001
2026-08-16T04:35:00+00:00,22411191-2,RH,CURRENT,%,94.41519798580912
2026-08-16T04:35:00+00:00,22411191-3,Dew Point,CURRENT,°C,12.732363448429854
2026-08-16T04:35:00+00:00,22411525-1,Temperature,CURRENT,°C,13.854052734374996
2026-08-16T04:35:00+00:00,22411525-2,RH,CURRENT,%,89.98245212481879
2026-08-16T04:35:00+00:00,22411525-3,Dew Point,CURRENT,°C,12.254360159326303
2026-08-16T04:35:00+00:00,22411526-1,Temperature,CURRENT,°C,12.073686523437502
2026-08-16T04:35:00+00:00,22411526-2,RH,CURRENT,%,98.64957656214237
2026-08-16T04:35:00+00:00,22411526-3,Dew Point,CURRENT,°C,11.88155479360612
2026-08-16T04:35:00+00:00,22411527-1,Temperature,CURRENT,°C,14.304506835937495
2026-08-16T04:35:00+00:00,22411527-2,RH,CURRENT,%,86.5445944914931
2026-08-16T04:35:00+00:00,22411527-3,Dew Point,CURRENT,°C,12.106172989437963
2026-08-16T04:35:00+00:00,22411528-1,Temperature,CURRENT,°C,12.116586914062495
2026-08-16T04:35:00+00:00,22411528-2,RH,CURRENT,%,99.9496452277409
2026-08-16T04:35:00+00:00,22411528-3,Dew Point,CURRENT,°C,12.123346761320102
2026-08-16T04:35:00+00:00,22411529-1,Temperature,CURRENT,°C,12.245288085937496
2026-08-16T04:35:00+00:00,22411529-2,RH,CURRENT,%,97.87594415197985
2026-08-16T04:35:00+00:00,22411529-3,Dew Point,CURRENT,°C,11.93357190804614
2026-08-16T04:35:00+00:00,22411530-1,Temperature,CURRENT,°C,13.339248046875
2026-08-16T04:35:00+00:00,22411530-2,RH,CURRENT,%,93.66750591287098
2026-08-16T04:35:00+00:00,22411530-3,Dew Point,CURRENT,°C,12.355192015661636
2026-08-16T04:36:00+00:00,22411541-S,Battery,CURRENT,V,8.338469970703125
2026-08-16T04:40:00+00:00,22411189-1,Temperature,CURRENT,°C,12.8029931640625
2026-08-16T04:40:00+00:00,22411189-2,RH,CURRENT,%,99.20805676356146
2026-08-16T04:40:00+00:00,22411189-3,Dew Point,CURRENT,°C,12.697010624640495
2026-08-16T04:40:00+00:00,22411190-1,Temperature,CURRENT,°C,13.103295898437501
2026-08-16T04:40:00+00:00,22411190-2,RH,CURRENT,%,94.61509117265584
2026-08-16T04:40:00+00:00,22411190-3,Dew Point,CURRENT,°C,12.2738652406636
2026-08-16T04:40:00+00:00,22411191-1,Temperature,CURRENT,°C,13.854052734374996
2026-08-16T04:40:00+00:00,22411191-2,RH,CURRENT,%,92.74738689250019
2026-08-16T04:40:00+00:00,22411191-3,Dew Point,CURRENT,°C,12.715824056710566
2026-08-16T04:40:00+00:00,22411525-1,Temperature,CURRENT,°C,14.304506835937495
2026-08-16T04:40:00+00:00,22411525-2,RH,CURRENT,%,87.40672922865645
2026-08-16T04:40:00+00:00,22411525-3,Dew Point,CURRENT,°C,12.256946836875274
2026-08-16T04:40:00+00:00,22411526-1,Temperature,CURRENT,°C,12.309638671875
2026-08-16T04:40:00+00:00,22411526-2,RH,CURRENT,%,98.70450904097048
2026-08-16T04:40:00+00:00,22411526-3,Dew Point,CURRENT,°C,12.125956715145316
2026-08-16T04:40:00+00:00,22411527-1,Temperature,CURRENT,°C,14.926562499999996
2026-08-16T04:40:00+00:00,22411527-2,RH,CURRENT,%,83.57061112382696
2026-08-16T04:40:00+00:00,22411527-3,Dew Point,CURRENT,°C,12.185266982203041
2026-08-16T04:40:00+00:00,22411528-1,Temperature,CURRENT,°C,12.309638671875
2026-08-16T04:40:00+00:00,22411528-2,RH,CURRENT,%,100
2026-08-16T04:40:00+00:00,22411528-3,Dew Point,CURRENT,°C,12.324364810202326
2026-08-16T04:40:00+00:00,22411529-1,Temperature,CURRENT,°C,12.309638671875
2026-08-16T04:40:00+00:00,22411529-2,RH,CURRENT,%,98.66178377965973
2026-08-16T04:40:00+00:00,22411529-3,Dew Point,CURRENT,°C,12.119374347973135
2026-08-16T04:40:00+00:00,22411530-1,Temperature,CURRENT,°C,13.532299804687497
2026-08-16T04:40:00+00:00,22411530-2,RH,CURRENT,%,92.44220645456626
2026-08-16T04:40:00+00:00,22411530-3,Dew Point,CURRENT,°C,12.346300559922438
2026-08-16T04:41:00+00:00,22411541-S,Battery,CURRENT,V,8.338469970703125
2026-08-16T04:45:00+00:00,22411189-1,Temperature,CURRENT,°C,12.588491210937498
2026-08-16T04:45:00+00:00,22411189-2,RH,CURRENT,%,98.48477912565805
2026-08-16T04:45:00+00:00,22411189-3,Dew Point,CURRENT,°C,12.370856878901119
2026-08-16T04:45:00+00:00,22411190-1,Temperature,CURRENT,°C,12.9316943359375
2026-08-16T04:45:00+00:00,22411190-2,RH,CURRENT,%,93.75906004425116
2026-08-16T04:45:00+00:00,22411190-3,Dew Point,CURRENT,°C,11.9650649893723
2026-08-16T04:45:00+00:00,22411191-1,Temperature,CURRENT,°C,13.725351562499995
2026-08-16T04:45:00+00:00,22411191-2,RH,CURRENT,%,93.5408560311284
2026-08-16T04:45:00+00:00,22411191-3,Dew Point,CURRENT,°C,12.718163266073534
2026-08-16T04:45:00+00:00,22411525-1,Temperature,CURRENT,°C,14.068554687499997
2026-08-16T04:45:00+00:00,22411525-2,RH,CURRENT,%,89.15999084458686
2026-08-16T04:45:00+00:00,22411525-3,Dew Point,CURRENT,°C,12.326542900027931
2026-08-16T04:45:00+00:00,22411526-1,Temperature,CURRENT,°C,12.202387695312495
2026-08-16T04:45:00+00:00,22411526-2,RH,CURRENT,%,98.53055619134814
2026-08-16T04:45:00+00:00,22411526-3,Dew Point,CURRENT,°C,11.991912478359833
2026-08-16T04:45:00+00:00,22411527-1,Temperature,CURRENT,°C,14.604809570312497
2026-08-16T04:45:00+00:00,22411527-2,RH,CURRENT,%,86.40726329442283
2026-08-16T04:45:00+00:00,22411527-3,Dew Point,CURRENT,°C,12.377489383270806
2026-08-16T04:45:00+00:00,22411528-1,Temperature,CURRENT,°C,12.202387695312495
2026-08-16T04:45:00+00:00,22411528-2,RH,CURRENT,%,99.88555733577478
2026-08-16T04:45:00+00:00,22411528-3,Dew Point,CURRENT,°C,12.199521419235815
2026-08-16T04:45:00+00:00,22411529-1,Temperature,CURRENT,°C,12.524140625000001
2026-08-16T04:45:00+00:00,22411529-2,RH,CURRENT,%,99.24925612268254
2026-08-16T04:45:00+00:00,22411529-3,Dew Point,CURRENT,°C,12.424310776440887
2026-08-16T04:45:00+00:00,22411530-1,Temperature,CURRENT,°C,13.3821484375
2026-08-16T04:45:00+00:00,22411530-2,RH,CURRENT,%,92.89539940489814
2026-08-16T04:45:00+00:00,22411530-3,Dew Point,CURRENT,°C,12.271763589176162
2026-08-16T04:46:00+00:00,22411541-S,Battery,CURRENT,V,8.3352392578125
2026-08-16T04:50:00+00:00,22411189-1,Temperature,CURRENT,°C,12.395439453125
2026-08-16T04:50:00+00:00,22411189-2,RH,CURRENT,%,98.9196612497139
2026-08-16T04:50:00+00:00,22411189-3,Dew Point,CURRENT,°C,12.244889906508886
2026-08-16T04:50:00+00:00,22411190-1,Temperature,CURRENT,°C,12.738642578124995
2026-08-16T04:50:00+00:00,22411190-2,RH,CURRENT,%,94.46860456244755
2026-08-16T04:50:00+00:00,22411190-3,Dew Point,CURRENT,°C,11.887571058874066
2026-08-16T04:50:00+00:00,22411191-1,Temperature,CURRENT,°C,13.425048828125
2026-08-16T04:50:00+00:00,22411191-2,RH,CURRENT,%,94.09323262378882
2026-08-16T04:50:00+00:00,22411191-3,Dew Point,CURRENT,°C,12.509584911454859
2026-08-16T04:50:00+00:00,22411525-1,Temperature,CURRENT,°C,13.618100585937498
2026-08-16T04:50:00+00:00,22411525-2,RH,CURRENT,%,90.72556649118792
2026-08-16T04:50:00+00:00,22411525-3,Dew Point,CURRENT,°C,12.14605930881017
2026-08-16T04:50:00+00:00,22411526-1,Temperature,CURRENT,°C,12.030786132812501
2026-08-16T04:50:00+00:00,22411526-2,RH,CURRENT,%,98.46646829938202
2026-08-16T04:50:00+00:00,22411526-3,Dew Point,CURRENT,°C,11.81047825810025
2026-08-16T04:50:00+00:00,22411527-1,Temperature,CURRENT,°C,13.896953124999996
2026-08-16T04:50:00+00:00,22411527-2,RH,CURRENT,%,89.90463111314564
2026-08-16T04:50:00+00:00,22411527-3,Dew Point,CURRENT,°C,12.283606518813356
2026-08-16T04:50:00+00:00,22411528-1,Temperature,CURRENT,°C,12.030786132812501
2026-08-16T04:50:00+00:00,22411528-2,RH,CURRENT,%,99.8489356832227
2026-08-16T04:50:00+00:00,22411528-3,Dew Point,CURRENT,°C,12.02209884911107
2026-08-16T04:50:00+00:00,22411529-1,Temperature,CURRENT,°C,12.631391601562498
2026-08-16T04:50:00+00:00,22411529-2,RH,CURRENT,%,99.25383382925155
2026-08-16T04:50:00+00:00,22411529-3,Dew Point,CURRENT,°C,12.532337965972083
2026-08-16T04:50:00+00:00,22411530-1,Temperature,CURRENT,°C,13.146196289062502
2026-08-16T04:50:00+00:00,22411530-2,RH,CURRENT,%,93.30586709391928
2026-08-16T04:50:00+00:00,22411530-3,Dew Point,CURRENT,°C,12.104551931204156
2026-08-16T04:51:00+00:00,22411541-S,Battery,CURRENT,V,8.344931396484375
2026-08-16T04:55:00+00:00,22411189-1,Temperature,CURRENT,°C,12.180937499999999
2026-08-16T04:55:00+00:00,22411189-2,RH,CURRENT,%,99.21263447013047
2026-08-16T04:55:00+00:00,22411189-3,Dew Point,CURRENT,°C,12.075265812839046
2026-08-16T04:55:00+00:00,22411190-1,Temperature,CURRENT,°C,12.545590820312498
2026-08-16T04:55:00+00:00,22411190-2,RH,CURRENT,%,94.7676813916228
2026-08-16T04:55:00+00:00,22411190-3,Dew Point,CURRENT,°C,11.743447154132046
2026-08-16T04:55:00+00:00,22411191-1,Temperature,CURRENT,°C,13.210546874999999
2026-08-16T04:55:00+00:00,22411191-2,RH,CURRENT,%,95.49858854047456
2026-08-16T04:55:00+00:00,22411191-3,Dew Point,CURRENT,°C,12.522244104650897
2026-08-16T04:55:00+00:00,22411525-1,Temperature,CURRENT,°C,13.403598632812496
2026-08-16T04:55:00+00:00,22411525-2,RH,CURRENT,%,92.138551918822
2026-08-16T04:55:00+00:00,22411525-3,Dew Point,CURRENT,°C,12.16857390763361
2026-08-16T04:55:00+00:00,22411526-1,Temperature,CURRENT,°C,11.9020849609375
2026-08-16T04:55:00+00:00,22411526-2,RH,CURRENT,%,98.49393453879607
2026-08-16T04:55:00+00:00,22411526-3,Dew Point,CURRENT,°C,11.686038785851181
2026-08-16T04:55:00+00:00,22411527-1,Temperature,CURRENT,°C,13.661000976562498
2026-08-16T04:55:00+00:00,22411527-2,RH,CURRENT,%,91.46257724879835
2026-08-16T04:55:00+00:00,22411527-3,Dew Point,CURRENT,°C,12.311652142517785
2026-08-16T04:55:00+00:00,22411528-1,Temperature,CURRENT,°C,11.9449853515625
2026-08-16T04:55:00+00:00,22411528-2,RH,CURRENT,%,99.80163271534295
2026-08-16T04:55:00+00:00,22411528-3,Dew Point,CURRENT,°C,11.928983488349358
2026-08-16T04:55:00+00:00,22411529-1,Temperature,CURRENT,°C,12.567041015625001
2026-08-16T04:55:00+00:00,22411529-2,RH,CURRENT,%,98.62211032272832
2026-08-16T04:55:00+00:00,22411529-3,Dew Point,CURRENT,°C,12.370638092274282
2026-08-16T04:55:00+00:00,22411530-1,Temperature,CURRENT,°C,12.910244140624997
2026-08-16T04:55:00+00:00,22411530-2,RH,CURRENT,%,94.57389181353476
2026-08-16T04:55:00+00:00,22411530-3,Dew Point,CURRENT,°C,12.075186619697584
2026-08-16T04:56:00+00:00,22411541-S,Battery,CURRENT,V,8.338469970703125
2026-08-16T05:00:00+00:00,22411189-1,Temperature,CURRENT,°C,12.223837890625
2026-08-16T05:00:00+00:00,22411189-2,RH,CURRENT,%,99.91302357518883
2026-08-16T05:00:00+00:00,22411189-3,Dew Point,CURRENT,°C,12.225186261946268
2026-08-16T05:00:00+00:00,22411190-1,Temperature,CURRENT,°C,12.545590820312498
2026-08-16T05:00:00+00:00,22411190-2,RH,CURRENT,%,95.44975967040513
2026-08-16T05:00:00+00:00,22411190-3,Dew Point,CURRENT,°C,11.852196316291181
2026-08-16T05:00:00+00:00,22411191-1,Temperature,CURRENT,°C,13.274897460937495
2026-08-16T05:00:00+00:00,22411191-2,RH,CURRENT,%,95.16899366750592
2026-08-16T05:00:00+00:00,22411191-3,Dew Point,CURRENT,°C,12.533589560342472
2026-08-16T05:00:00+00:00,22411525-1,Temperature,CURRENT,°C,13.596650390625001
2026-08-16T05:00:00+00:00,22411525-2,RH,CURRENT,%,92.0027466239414
2026-08-16T05:00:00+00:00,22411525-3,Dew Point,CURRENT,°C,12.337544986042516
2026-08-16T05:00:00+00:00,22411526-1,Temperature,CURRENT,°C,11.9449853515625
2026-08-16T05:00:00+00:00,22411526-2,RH,CURRENT,%,98.64042114900435
2026-08-16T05:00:00+00:00,22411526-3,Dew Point,CURRENT,°C,11.751454073055154
2026-08-16T05:00:00+00:00,22411527-1,Temperature,CURRENT,°C,13.9613037109375
2026-08-16T05:00:00+00:00,22411527-2,RH,CURRENT,%,87.50133516441596
2026-08-16T05:00:00+00:00,22411527-3,Dew Point,CURRENT,°C,11.935224257226519
2026-08-16T05:00:00+00:00,22411528-1,Temperature,CURRENT,°C,11.987885742187501
2026-08-16T05:00:00+00:00,22411528-2,RH,CURRENT,%,100
2026-08-16T05:00:00+00:00,22411528-3,Dew Point,CURRENT,°C,12.002097777578534
2026-08-16T05:00:00+00:00,22411529-1,Temperature,CURRENT,°C,12.43833984375
2026-08-16T05:00:00+00:00,22411529-2,RH,CURRENT,%,98.03463797970551
2026-08-16T05:00:00+00:00,22411529-3,Dew Point,CURRENT,°C,12.151060988098807
2026-08-16T05:00:00+00:00,22411530-1,Temperature,CURRENT,°C,12.910244140624997
2026-08-16T05:00:00+00:00,22411530-2,RH,CURRENT,%,94.5922026398108
2026-08-16T05:00:00+00:00,22411530-3,Dew Point,CURRENT,°C,12.078128838889622
2026-08-16T05:01:00+00:00,22411541-S,Battery,CURRENT,V,8.332008544921875
2026-08-16T05:05:00+00:00,22411189-1,Temperature,CURRENT,°C,12.288188476562496
2026-08-16T05:05:00+00:00,22411189-2,RH,CURRENT,%,100
2026-08-16T05:05:00+00:00,22411189-3,Dew Point,CURRENT,°C,12.302880343006105
2026-08-16T05:05:00+00:00,22411190-1,Temperature,CURRENT,°C,12.738642578124995
2026-08-16T05:05:00+00:00,22411190-2,RH,CURRENT,%,95.83428702220188
2026-08-16T05:05:00+00:00,22411190-3,Dew Point,CURRENT,°C,12.105564557031956
2026-08-16T05:05:00+00:00,22411191-1,Temperature,CURRENT,°C,13.596650390625001
2026-08-16T05:05:00+00:00,22411191-2,RH,CURRENT,%,94.89433127336538
2026-08-16T05:05:00+00:00,22411191-3,Dew Point,CURRENT,°C,12.809721675984205
2026-08-16T05:05:00+00:00,22411525-1,Temperature,CURRENT,°C,14.0900048828125
2026-08-16T05:05:00+00:00,22411525-2,RH,CURRENT,%,89.10963607232776
2026-08-16T05:05:00+00:00,22411525-3,Dew Point,CURRENT,°C,12.339124097434315
2026-08-16T05:05:00+00:00,22411526-1,Temperature,CURRENT,°C,11.9449853515625
2026-08-16T05:05:00+00:00,22411526-2,RH,CURRENT,%,98.7136644541085
2026-08-16T05:05:00+00:00,22411526-3,Dew Point,CURRENT,°C,11.762705825755814
2026-08-16T05:05:00+00:00,22411527-1,Temperature,CURRENT,°C,14.604809570312497
2026-08-16T05:05:00+00:00,22411527-2,RH,CURRENT,%,84.956130312047
2026-08-16T05:05:00+00:00,22411527-3,Dew Point,CURRENT,°C,12.119734109005208
2026-08-16T05:05:00+00:00,22411528-1,Temperature,CURRENT,°C,11.966435546874997
2026-08-16T05:05:00+00:00,22411528-2,RH,CURRENT,%,100
2026-08-16T05:05:00+00:00,22411528-3,Dew Point,CURRENT,°C,11.980613306856515
2026-08-16T05:05:00+00:00,22411529-1,Temperature,CURRENT,°C,12.395439453125
2026-08-16T05:05:00+00:00,22411529-2,RH,CURRENT,%,98.22232394903487
2026-08-16T05:05:00+00:00,22411529-3,Dew Point,CURRENT,°C,12.13727467214973
2026-08-16T05:05:00+00:00,22411530-1,Temperature,CURRENT,°C,13.231997070312495
2026-08-16T05:05:00+00:00,22411530-2,RH,CURRENT,%,94.6120393682765
2026-08-16T05:05:00+00:00,22411530-3,Dew Point,CURRENT,°C,12.401412741534154
2026-08-16T05:06:00+00:00,22411541-S,Battery,CURRENT,V,8.332008544921875
2026-08-16T05:10:00+00:00,22411189-1,Temperature,CURRENT,°C,12.309638671875
2026-08-16T05:10:00+00:00,22411189-2,RH,CURRENT,%,99.81994354161898
2026-08-16T05:10:00+00:00,22411189-3,Dew Point,CURRENT,°C,12.2969242062901
2026-08-16T05:10:00+00:00,22411190-1,Temperature,CURRENT,°C,12.674291992187499
2026-08-16T05:10:00+00:00,22411190-2,RH,CURRENT,%,94.98588540474556
2026-08-16T05:10:00+00:00,22411190-3,Dew Point,CURRENT,°C,11.906413585040074
2026-08-16T05:10:00+00:00,22411191-1,Temperature,CURRENT,°C,13.55375
2026-08-16T05:10:00+00:00,22411191-2,RH,CURRENT,%,94.36026550698101
2026-08-16T05:10:00+00:00,22411191-3,Dew Point,CURRENT,°C,12.680807196569036
2026-08-16T05:10:00+00:00,22411525-1,Temperature,CURRENT,°C,14.261606445312495
2026-08-16T05:10:00+00:00,22411525-2,RH,CURRENT,%,87.54711223010605
2026-08-16T05:10:00+00:00,22411525-3,Dew Point,CURRENT,°C,12.23909808115987
2026-08-16T05:10:00+00:00,22411526-1,Temperature,CURRENT,°C,11.987885742187501
2026-08-16T05:10:00+00:00,22411526-2,RH,CURRENT,%,98.7487602044709
2026-08-16T05:10:00+00:00,22411526-3,Dew Point,CURRENT,°C,11.81099789504671
2026-08-16T05:10:00+00:00,22411527-1,Temperature,CURRENT,°C,14.926562499999996
2026-08-16T05:10:00+00:00,22411527-2,RH,CURRENT,%,82.26901655603876
2026-08-16T05:10:00+00:00,22411527-3,Dew Point,CURRENT,°C,11.946722415736286
2026-08-16T05:10:00+00:00,22411528-1,Temperature,CURRENT,°C,11.966435546874997
2026-08-16T05:10:00+00:00,22411528-2,RH,CURRENT,%,100
2026-08-16T05:10:00+00:00,22411528-3,Dew Point,CURRENT,°C,11.980613306856515
2026-08-16T05:10:00+00:00,22411529-1,Temperature,CURRENT,°C,12.3525390625
2026-08-16T05:10:00+00:00,22411529-2,RH,CURRENT,%,98.19180590524148
2026-08-16T05:10:00+00:00,22411529-3,Dew Point,CURRENT,°C,12.08967616755674
2026-08-16T05:10:00+00:00,22411530-1,Temperature,CURRENT,°C,13.103295898437501
2026-08-16T05:10:00+00:00,22411530-2,RH,CURRENT,%,93.87808041504539
2026-08-16T05:10:00+00:00,22411530-3,Dew Point,CURRENT,°C,12.154886450326519
2026-08-16T05:11:00+00:00,22411541-S,Battery,CURRENT,V,8.325547119140625
2026-08-16T05:15:00+00:00,22411189-1,Temperature,CURRENT,°C,12.288188476562496
2026-08-16T05:15:00+00:00,22411189-2,RH,CURRENT,%,99.6932936598764
2026-08-16T05:15:00+00:00,22411189-3,Dew Point,CURRENT,°C,12.256120280792578
2026-08-16T05:15:00+00:00,22411190-1,Temperature,CURRENT,°C,12.674291992187499
2026-08-16T05:15:00+00:00,22411190-2,RH,CURRENT,%,95.26207370107576
2026-08-16T05:15:00+00:00,22411190-3,Dew Point,CURRENT,°C,11.950487375849537
2026-08-16T05:15:00+00:00,22411191-1,Temperature,CURRENT,°C,13.639550781250001
2026-08-16T05:15:00+00:00,22411191-2,RH,CURRENT,%,93.9375906004425
2026-08-16T05:15:00+00:00,22411191-3,Dew Point,CURRENT,°C,12.697549520813627
2026-08-16T05:15:00+00:00,22411525-1,Temperature,CURRENT,°C,14.154355468749998
2026-08-16T05:15:00+00:00,22411525-2,RH,CURRENT,%,88.34515907530327
2026-08-16T05:15:00+00:00,22411525-3,Dew Point,CURRENT,°C,12.271456768639236
2026-08-16T05:15:00+00:00,22411526-1,Temperature,CURRENT,°C,11.987885742187501
2026-08-16T05:15:00+00:00,22411526-2,RH,CURRENT,%,98.75944151979859
2026-08-16T05:15:00+00:00,22411526-3,Dew Point,CURRENT,°C,11.812638214823403
2026-08-16T05:15:00+00:00,22411527-1,Temperature,CURRENT,°C,14.9051123046875
2026-08-16T05:15:00+00:00,22411527-2,RH,CURRENT,%,83.01976043335623
2026-08-16T05:15:00+00:00,22411527-3,Dew Point,CURRENT,°C,12.06371244877548
2026-08-16T05:15:00+00:00,22411528-1,Temperature,CURRENT,°C,11.9449853515625
2026-08-16T05:15:00+00:00,22411528-2,RH,CURRENT,%,100
2026-08-16T05:15:00+00:00,22411528-3,Dew Point,CURRENT,°C,11.95912883589946
2026-08-16T05:15:00+00:00,22411529-1,Temperature,CURRENT,°C,12.373989257812497
2026-08-16T05:15:00+00:00,22411529-2,RH,CURRENT,%,98.37491416800184
2026-08-16T05:15:00+00:00,22411529-3,Dew Point,CURRENT,°C,12.139438443475616
2026-08-16T05:15:00+00:00,22411530-1,Temperature,CURRENT,°C,13.167646484374998
2026-08-16T05:15:00+00:00,22411530-2,RH,CURRENT,%,94.40909437705044
2026-08-16T05:15:00+00:00,22411530-3,Dew Point,CURRENT,°C,12.304695046374018
2026-08-16T05:16:00+00:00,22411541-S,Battery,CURRENT,V,8.332008544921875
2026-08-16T05:20:00+00:00,22411189-1,Temperature,CURRENT,°C,12.202387695312495
2026-08-16T05:20:00+00:00,22411189-2,RH,CURRENT,%,99.93591210803388
2026-08-16T05:20:00+00:00,22411189-3,Dew Point,CURRENT,°C,12.207188840915071
2026-08-16T05:20:00+00:00,22411190-1,Temperature,CURRENT,°C,12.674291992187499
2026-08-16T05:20:00+00:00,22411190-2,RH,CURRENT,%,95.60997940032044
2026-08-16T05:20:00+00:00,22411190-3,Dew Point,CURRENT,°C,12.005846280159204
2026-08-16T05:20:00+00:00,22411191-1,Temperature,CURRENT,°C,13.639550781250001
2026-08-16T05:20:00+00:00,22411191-2,RH,CURRENT,%,94.17105363546197
2026-08-16T05:20:00+00:00,22411191-3,Dew Point,CURRENT,°C,12.735467238055067
2026-08-16T05:20:00+00:00,22411525-1,Temperature,CURRENT,°C,13.939853515624996
2026-08-16T05:20:00+00:00,22411525-2,RH,CURRENT,%,89.85427634088654
2026-08-16T05:20:00+00:00,22411525-3,Dew Point,CURRENT,°C,12.317489001130141
2026-08-16T05:20:00+00:00,22411526-1,Temperature,CURRENT,°C,11.9020849609375
2026-08-16T05:20:00+00:00,22411526-2,RH,CURRENT,%,98.75486381322958
2026-08-16T05:20:00+00:00,22411526-3,Dew Point,CURRENT,°C,11.726128176390416
2026-08-16T05:20:00+00:00,22411527-1,Temperature,CURRENT,°C,14.433208007812496
2026-08-16T05:20:00+00:00,22411527-2,RH,CURRENT,%,87.14579995422294
2026-08-16T05:20:00+00:00,22411527-3,Dew Point,CURRENT,°C,12.338208437842937
2026-08-16T05:20:00+00:00,22411528-1,Temperature,CURRENT,°C,11.9449853515625
2026-08-16T05:20:00+00:00,22411528-2,RH,CURRENT,%,100
2026-08-16T05:20:00+00:00,22411528-3,Dew Point,CURRENT,°C,11.95912883589946
2026-08-16T05:20:00+00:00,22411529-1,Temperature,CURRENT,°C,12.395439453125
2026-08-16T05:20:00+00:00,22411529-2,RH,CURRENT,%,98.30930037384604
2026-08-16T05:20:00+00:00,22411529-3,Dew Point,CURRENT,°C,12.150733699554914
2026-08-16T05:20:00+00:00,22411530-1,Temperature,CURRENT,°C,13.253447265624999
2026-08-16T05:20:00+00:00,22411530-2,RH,CURRENT,%,94.27328908216984
2026-08-16T05:20:00+00:00,22411530-3,Dew Point,CURRENT,°C,12.36810119718982
2026-08-16T05:21:00+00:00,22411541-S,Battery,CURRENT,V,8.325547119140625
2026-08-16T05:25:00+00:00,22411189-1,Temperature,CURRENT,°C,12.202387695312495
2026-08-16T05:25:00+00:00,22411189-2,RH,CURRENT,%,100
2026-08-16T05:25:00+00:00,22411189-3,Dew Point,CURRENT,°C,12.216942471870716
2026-08-16T05:25:00+00:00,22411190-1,Temperature,CURRENT,°C,12.588491210937498
2026-08-16T05:25:00+00:00,22411190-2,RH,CURRENT,%,95.36736095216297
2026-08-16T05:25:00+00:00,22411190-3,Dew Point,CURRENT,°C,11.881816626729695
2026-08-16T05:25:00+00:00,22411191-1,Temperature,CURRENT,°C,13.425048828125
2026-08-16T05:25:00+00:00,22411191-2,RH,CURRENT,%,93.66292820630197
2026-08-16T05:25:00+00:00,22411191-3,Dew Point,CURRENT,°C,12.439701255709881
2026-08-16T05:25:00+00:00,22411525-1,Temperature,CURRENT,°C,13.725351562499995
2026-08-16T05:25:00+00:00,22411525-2,RH,CURRENT,%,89.88326848249027
2026-08-16T05:25:00+00:00,22411525-3,Dew Point,CURRENT,°C,12.110337986549588
2026-08-16T05:25:00+00:00,22411526-1,Temperature,CURRENT,°C,11.923535156249997
2026-08-16T05:25:00+00:00,22411526-2,RH,CURRENT,%,98.84031433585108
2026-08-16T05:25:00+00:00,22411526-3,Dew Point,CURRENT,°C,11.760690665542176
2026-08-16T05:25:00+00:00,22411527-1,Temperature,CURRENT,°C,14.154355468749998
2026-08-16T05:25:00+00:00,22411527-2,RH,CURRENT,%,87.71190966659037
2026-08-16T05:25:00+00:00,22411527-3,Dew Point,CURRENT,°C,12.16200557060048
2026-08-16T05:25:00+00:00,22411528-1,Temperature,CURRENT,°C,11.923535156249997
2026-08-16T05:25:00+00:00,22411528-2,RH,CURRENT,%,100
2026-08-16T05:25:00+00:00,22411528-3,Dew Point,CURRENT,°C,11.937644364707328
2026-08-16T05:25:00+00:00,22411529-1,Temperature,CURRENT,°C,12.3525390625
2026-08-16T05:25:00+00:00,22411529-2,RH,CURRENT,%,98.22384985122454
2026-08-16T05:25:00+00:00,22411529-3,Dew Point,CURRENT,°C,12.094635624954801
2026-08-16T05:25:00+00:00,22411530-1,Temperature,CURRENT,°C,13.038945312499997
2026-08-16T05:25:00+00:00,22411530-2,RH,CURRENT,%,93.81399252307926
2026-08-16T05:25:00+00:00,22411530-3,Dew Point,CURRENT,°C,12.080548311535027
2026-08-16T05:26:00+00:00,22411541-S,Battery,CURRENT,V,8.3352392578125
2026-08-16T05:30:00+00:00,22411189-1,Temperature,CURRENT,°C,12.202387695312495
2026-08-16T05:30:00+00:00,22411189-2,RH,CURRENT,%,99.9801632715343
2026-08-16T05:30:00+00:00,22411189-3,Dew Point,CURRENT,°C,12.213924077641078
2026-08-16T05:30:00+00:00,22411190-1,Temperature,CURRENT,°C,12.481240234375
2026-08-16T05:30:00+00:00,22411190-2,RH,CURRENT,%,95.19645990691997
2026-08-16T05:30:00+00:00,22411190-3,Dew Point,CURRENT,°C,11.747822324748686
2026-08-16T05:30:00+00:00,22411191-1,Temperature,CURRENT,°C,12.996044921874997
2026-08-16T05:30:00+00:00,22411191-2,RH,CURRENT,%,95.3154802777142
2026-08-16T05:30:00+00:00,22411191-3,Dew Point,CURRENT,°C,12.279384775130552
2026-08-16T05:30:00+00:00,22411525-1,Temperature,CURRENT,°C,13.210546874999999
2026-08-16T05:30:00+00:00,22411525-2,RH,CURRENT,%,92.0332646677348
2026-08-16T05:30:00+00:00,22411525-3,Dew Point,CURRENT,°C,11.959774071646684
2026-08-16T05:30:00+00:00,22411526-1,Temperature,CURRENT,°C,11.966435546874997
2026-08-16T05:30:00+00:00,22411526-2,RH,CURRENT,%,98.84641794460975
2026-08-16T05:30:00+00:00,22411526-3,Dew Point,CURRENT,°C,11.8045351285525
2026-08-16T05:30:00+00:00,22411527-1,Temperature,CURRENT,°C,13.575200195312497
2026-08-16T05:30:00+00:00,22411527-2,RH,CURRENT,%,90.76523994811933
2026-08-16T05:30:00+00:00,22411527-3,Dew Point,CURRENT,°C,12.110243940976694
2026-08-16T05:30:00+00:00,22411528-1,Temperature,CURRENT,°C,11.966435546874997
2026-08-16T05:30:00+00:00,22411528-2,RH,CURRENT,%,100
2026-08-16T05:30:00+00:00,22411528-3,Dew Point,CURRENT,°C,11.980613306856515
2026-08-16T05:30:00+00:00,22411529-1,Temperature,CURRENT,°C,12.288188476562496
2026-08-16T05:30:00+00:00,22411529-2,RH,CURRENT,%,98.21011673151752
2026-08-16T05:30:00+00:00,22411529-3,Dew Point,CURRENT,°C,12.028198488576377
2026-08-16T05:30:00+00:00,22411530-1,Temperature,CURRENT,°C,12.7600927734375
2026-08-16T05:30:00+00:00,22411530-2,RH,CURRENT,%,94.62882429236286
2026-08-16T05:30:00+00:00,22411530-3,Dew Point,CURRENT,°C,11.934628956318107
2026-08-16T05:31:00+00:00,22411541-S,Battery,CURRENT,V,8.325547119140625
2026-08-16T05:35:00+00:00,22411189-1,Temperature,CURRENT,°C,12.26673828125
2026-08-16T05:35:00+00:00,22411189-2,RH,CURRENT,%,100
2026-08-16T05:35:00+00:00,22411189-3,Dew Point,CURRENT,°C,12.281395875574843
2026-08-16T05:35:00+00:00,22411190-1,Temperature,CURRENT,°C,12.567041015625001
2026-08-16T05:35:00+00:00,22411190-2,RH,CURRENT,%,95.82360570687419
2026-08-16T05:35:00+00:00,22411190-3,Dew Point,CURRENT,°C,11.93288541221408
2026-08-16T05:35:00+00:00,22411191-1,Temperature,CURRENT,°C,13.146196289062502
2026-08-16T05:35:00+00:00,22411191-2,RH,CURRENT,%,96.01586938277256
2026-08-16T05:35:00+00:00,22411191-3,Dew Point,CURRENT,°C,12.540528870427918
2026-08-16T05:35:00+00:00,22411525-1,Temperature,CURRENT,°C,13.317797851562496
2026-08-16T05:35:00+00:00,22411525-2,RH,CURRENT,%,92.73060196841382
2026-08-16T05:35:00+00:00,22411525-3,Dew Point,CURRENT,°C,12.1808769044335
2026-08-16T05:35:00+00:00,22411526-1,Temperature,CURRENT,°C,11.9449853515625
2026-08-16T05:35:00+00:00,22411526-2,RH,CURRENT,%,98.88761730373083
2026-08-16T05:35:00+00:00,22411526-3,Dew Point,CURRENT,°C,11.789399374008351
2026-08-16T05:35:00+00:00,22411527-1,Temperature,CURRENT,°C,13.55375
2026-08-16T05:35:00+00:00,22411527-2,RH,CURRENT,%,92.1034561684596
2026-08-16T05:35:00+00:00,22411527-3,Dew Point,CURRENT,°C,12.311668375388747
2026-08-16T05:35:00+00:00,22411528-1,Temperature,CURRENT,°C,11.9449853515625
2026-08-16T05:35:00+00:00,22411528-2,RH,CURRENT,%,100
2026-08-16T05:35:00+00:00,22411528-3,Dew Point,CURRENT,°C,11.95912883589946
2026-08-16T05:35:00+00:00,22411529-1,Temperature,CURRENT,°C,12.223837890625
2026-08-16T05:35:00+00:00,22411529-2,RH,CURRENT,%,98.2360570687419
2026-08-16T05:35:00+00:00,22411529-3,Dew Point,CURRENT,°C,11.967896739374845
2026-08-16T05:35:00+00:00,22411530-1,Temperature,CURRENT,°C,12.910244140624997
2026-08-16T05:35:00+00:00,22411530-2,RH,CURRENT,%,95.18730449378195
2026-08-16T05:35:00+00:00,22411530-3,Dew Point,CURRENT,°C,12.173479709511367
2026-08-16T05:36:00+00:00,22411541-S,Battery,CURRENT,V,8.325547119140625
2026-08-16T05:40:00+00:00,22411189-1,Temperature,CURRENT,°C,12.245288085937496
2026-08-16T05:40:00+00:00,22411189-2,RH,CURRENT,%,100
2026-08-16T05:40:00+00:00,22411189-3,Dew Point,CURRENT,°C,12.259911407908515
2026-08-16T05:40:00+00:00,22411190-1,Temperature,CURRENT,°C,12.545590820312498
2026-08-16T05:40:00+00:00,22411190-2,RH,CURRENT,%,96.04486152437629
2026-08-16T05:40:00+00:00,22411190-3,Dew Point,CURRENT,°C,11.946521946561841
2026-08-16T05:40:00+00:00,22411191-1,Temperature,CURRENT,°C,13.038945312499997
2026-08-16T05:40:00+00:00,22411191-2,RH,CURRENT,%,96.58503089951934
2026-08-16T05:40:00+00:00,22411191-3,Dew Point,CURRENT,°C,12.523750924835808
2026-08-16T05:40:00+00:00,22411525-1,Temperature,CURRENT,°C,13.167646484374998
2026-08-16T05:40:00+00:00,22411525-2,RH,CURRENT,%,93.39742122529945
2026-08-16T05:40:00+00:00,22411525-3,Dew Point,CURRENT,°C,12.140767507699426
2026-08-16T05:40:00+00:00,22411526-1,Temperature,CURRENT,°C,11.9020849609375
2026-08-16T05:40:00+00:00,22411526-2,RH,CURRENT,%,98.84184023804075
2026-08-16T05:40:00+00:00,22411526-3,Dew Point,CURRENT,°C,11.739470629433415
2026-08-16T05:40:00+00:00,22411527-1,Temperature,CURRENT,°C,13.3821484375
2026-08-16T05:40:00+00:00,22411527-2,RH,CURRENT,%,92.98237582970931
2026-08-16T05:40:00+00:00,22411527-3,Dew Point,CURRENT,°C,12.286009409214207
2026-08-16T05:40:00+00:00,22411528-1,Temperature,CURRENT,°C,11.880634765624997
2026-08-16T05:40:00+00:00,22411528-2,RH,CURRENT,%,100
2026-08-16T05:40:00+00:00,22411528-3,Dew Point,CURRENT,°C,11.89467542161794
2026-08-16T05:40:00+00:00,22411529-1,Temperature,CURRENT,°C,12.3525390625
2026-08-16T05:40:00+00:00,22411529-2,RH,CURRENT,%,98.79911497673
2026-08-16T05:40:00+00:00,22411529-3,Dew Point,CURRENT,°C,12.183428817756523
2026-08-16T05:40:00+00:00,22411530-1,Temperature,CURRENT,°C,12.824443359374996
2026-08-16T05:40:00+00:00,22411530-2,RH,CURRENT,%,95.4360265506981
2026-08-16T05:40:00+00:00,22411530-3,Dew Point,CURRENT,°C,12.127726591110935
2026-08-16T05:41:00+00:00,22411541-S,Battery,CURRENT,V,8.325547119140625
2026-08-16T05:45:00+00:00,22411189-1,Temperature,CURRENT,°C,12.138037109374999
2026-08-16T05:45:00+00:00,22411189-2,RH,CURRENT,%,100
2026-08-16T05:45:00+00:00,22411189-3,Dew Point,CURRENT,°C,12.152489066051121
2026-08-16T05:45:00+00:00,22411190-1,Temperature,CURRENT,°C,12.416889648437497
2026-08-16T05:45:00+00:00,22411190-2,RH,CURRENT,%,95.95788509956512
2026-08-16T05:45:00+00:00,22411190-3,Dew Point,CURRENT,°C,11.804507089393175
2026-08-16T05:45:00+00:00,22411191-1,Temperature,CURRENT,°C,12.824443359374996
2026-08-16T05:45:00+00:00,22411191-2,RH,CURRENT,%,96.16845960173953
2026-08-16T05:45:00+00:00,22411191-3,Dew Point,CURRENT,°C,12.244019822920428
2026-08-16T05:45:00+00:00,22411525-1,Temperature,CURRENT,°C,12.910244140624997
2026-08-16T05:45:00+00:00,22411525-2,RH,CURRENT,%,93.17006179903868
2026-08-16T05:45:00+00:00,22411525-3,Dew Point,CURRENT,°C,11.84811287684103
2026-08-16T05:45:00+00:00,22411526-1,Temperature,CURRENT,°C,11.8162841796875
2026-08-16T05:45:00+00:00,22411526-2,RH,CURRENT,%,98.82810711833372
2026-08-16T05:45:00+00:00,22411526-3,Dew Point,CURRENT,°C,11.651549770206355
2026-08-16T05:45:00+00:00,22411527-1,Temperature,CURRENT,°C,13.081845703124998
2026-08-16T05:45:00+00:00,22411527-2,RH,CURRENT,%,92.64362554360265
2026-08-16T05:45:00+00:00,22411527-3,Dew Point,CURRENT,°C,11.932467510530525
2026-08-16T05:45:00+00:00,22411528-1,Temperature,CURRENT,°C,11.837734374999997
2026-08-16T05:45:00+00:00,22411528-2,RH,CURRENT,%,100
2026-08-16T05:45:00+00:00,22411528-3,Dew Point,CURRENT,°C,11.85170647758833
2026-08-16T05:45:00+00:00,22411529-1,Temperature,CURRENT,°C,12.43833984375
2026-08-16T05:45:00+00:00,22411529-2,RH,CURRENT,%,99.04325932707714
2026-08-16T05:45:00+00:00,22411529-3,Dew Point,CURRENT,°C,12.306813029440912
2026-08-16T05:45:00+00:00,22411530-1,Temperature,CURRENT,°C,12.652841796874995
2026-08-16T05:45:00+00:00,22411530-2,RH,CURRENT,%,95.26970321202411
2026-08-16T05:45:00+00:00,22411530-3,Dew Point,CURRENT,°C,11.930345264112088
2026-08-16T05:46:00+00:00,22411541-S,Battery,CURRENT,V,8.319085693359375
2026-08-16T05:50:00+00:00,22411189-1,Temperature,CURRENT,°C,12.052236328124998
2026-08-16T05:50:00+00:00,22411189-2,RH,CURRENT,%,100
2026-08-16T05:50:00+00:00,22411189-3,Dew Point,CURRENT,°C,12.066551188334248
2026-08-16T05:50:00+00:00,22411190-1,Temperature,CURRENT,°C,12.331088867187496
2026-08-16T05:50:00+00:00,22411190-2,RH,CURRENT,%,95.90142671854734
2026-08-16T05:50:00+00:00,22411190-3,Dew Point,CURRENT,°C,11.71008105833187
2026-08-16T05:50:00+00:00,22411191-1,Temperature,CURRENT,°C,12.738642578124995
2026-08-16T05:50:00+00:00,22411191-2,RH,CURRENT,%,97.25795376516365
2026-08-16T05:50:00+00:00,22411191-3,Dew Point,CURRENT,°C,12.329928037952373
2026-08-16T05:50:00+00:00,22411525-1,Temperature,CURRENT,°C,12.824443359374996
2026-08-16T05:50:00+00:00,22411525-2,RH,CURRENT,%,94.48844129091326
2026-08-16T05:50:00+00:00,22411525-3,Dew Point,CURRENT,°C,11.976103525327119
2026-08-16T05:50:00+00:00,22411526-1,Temperature,CURRENT,°C,11.794833984374996
2026-08-16T05:50:00+00:00,22411526-2,RH,CURRENT,%,98.92271305409324
2026-08-16T05:50:00+00:00,22411526-3,Dew Point,CURRENT,°C,11.644586488454086
2026-08-16T05:50:00+00:00,22411527-1,Temperature,CURRENT,°C,12.9745947265625
2026-08-16T05:50:00+00:00,22411527-2,RH,CURRENT,%,94.36026550698101
2026-08-16T05:50:00+00:00,22411527-3,Dew Point,CURRENT,°C,12.104822590157536
2026-08-16T05:50:00+00:00,22411528-1,Temperature,CURRENT,°C,11.880634765624997
2026-08-16T05:50:00+00:00,22411528-2,RH,CURRENT,%,100
2026-08-16T05:50:00+00:00,22411528-3,Dew Point,CURRENT,°C,11.89467542161794
2026-08-16T05:50:00+00:00,22411529-1,Temperature,CURRENT,°C,12.567041015625001
2026-08-16T05:50:00+00:00,22411529-2,RH,CURRENT,%,99.49187457084001
2026-08-16T05:50:00+00:00,22411529-3,Dew Point,CURRENT,°C,12.504468145225259
2026-08-16T05:50:00+00:00,22411530-1,Temperature,CURRENT,°C,12.588491210937498
2026-08-16T05:50:00+00:00,22411530-2,RH,CURRENT,%,96.19134813458457
2026-08-16T05:50:00+00:00,22411530-3,Dew Point,CURRENT,°C,12.01242800420738
2026-08-16T05:51:00+00:00,22411541-S,Battery,CURRENT,V,8.32231640625
2026-08-16T05:55:00+00:00,22411189-1,Temperature,CURRENT,°C,12.116586914062495
2026-08-16T05:55:00+00:00,22411189-2,RH,CURRENT,%,100
2026-08-16T05:55:00+00:00,22411189-3,Dew Point,CURRENT,°C,12.131004596974481
2026-08-16T05:55:00+00:00,22411190-1,Temperature,CURRENT,°C,12.373989257812497
2026-08-16T05:55:00+00:00,22411190-2,RH,CURRENT,%,96.79102769512474
2026-08-16T05:55:00+00:00,22411190-3,Dew Point,CURRENT,°C,11.892874590138492
2026-08-16T05:55:00+00:00,22411191-1,Temperature,CURRENT,°C,13.103295898437501
2026-08-16T05:55:00+00:00,22411191-2,RH,CURRENT,%,96.67200732433051
2026-08-16T05:55:00+00:00,22411191-3,Dew Point,CURRENT,°C,12.601668053340976
2026-08-16T05:55:00+00:00,22411525-1,Temperature,CURRENT,°C,13.253447265624999
2026-08-16T05:55:00+00:00,22411525-2,RH,CURRENT,%,93.28755626764324
2026-08-16T05:55:00+00:00,22411525-3,Dew Point,CURRENT,°C,12.208084128388208
2026-08-16T05:55:00+00:00,22411526-1,Temperature,CURRENT,°C,11.7733837890625
2026-08-16T05:55:00+00:00,22411526-2,RH,CURRENT,%,98.92881666285191
2026-08-16T05:55:00+00:00,22411526-3,Dew Point,CURRENT,°C,11.624064562137134
2026-08-16T05:55:00+00:00,22411527-1,Temperature,CURRENT,°C,13.403598632812496
2026-08-16T05:55:00+00:00,22411527-2,RH,CURRENT,%,92.66956588082704
2026-08-16T05:55:00+00:00,22411527-3,Dew Point,CURRENT,°C,12.256005418430323
2026-08-16T05:55:00+00:00,22411528-1,Temperature,CURRENT,°C,11.880634765624997
2026-08-16T05:55:00+00:00,22411528-2,RH,CURRENT,%,100
2026-08-16T05:55:00+00:00,22411528-3,Dew Point,CURRENT,°C,11.89467542161794
2026-08-16T05:55:00+00:00,22411529-1,Temperature,CURRENT,°C,12.738642578124995
2026-08-16T05:55:00+00:00,22411529-2,RH,CURRENT,%,99.77569237811856
2026-08-16T05:55:00+00:00,22411529-3,Dew Point,CURRENT,°C,12.719745355782504
2026-08-16T05:55:00+00:00,22411530-1,Temperature,CURRENT,°C,12.8887939453125
2026-08-16T05:55:00+00:00,22411530-2,RH,CURRENT,%,95.42229343099108
2026-08-16T05:55:00+00:00,22411530-3,Dew Point,CURRENT,°C,12.18962487950367
2026-08-16T05:56:00+00:00,22411541-S,Battery,CURRENT,V,8.32231640625
2026-08-16T06:00:00+00:00,22411189-1,Temperature,CURRENT,°C,12.138037109374999
2026-08-16T06:00:00+00:00,22411189-2,RH,CURRENT,%,100
2026-08-16T06:00:00+00:00,22411189-3,Dew Point,CURRENT,°C,12.152489066051121
2026-08-16T06:00:00+00:00,22411190-1,Temperature,CURRENT,°C,12.331088867187496
2026-08-16T06:00:00+00:00,22411190-2,RH,CURRENT,%,96.71320668345159
2026-08-16T06:00:00+00:00,22411190-3,Dew Point,CURRENT,°C,11.837874561203277
2026-08-16T06:00:00+00:00,22411191-1,Temperature,CURRENT,°C,13.081845703124998
2026-08-16T06:00:00+00:00,22411191-2,RH,CURRENT,%,96.22796978713664
2026-08-16T06:00:00+00:00,22411191-3,Dew Point,CURRENT,°C,12.510041587040414
2026-08-16T06:00:00+00:00,22411525-1,Temperature,CURRENT,°C,13.189096679687495
2026-08-16T06:00:00+00:00,22411525-2,RH,CURRENT,%,93.02357518883039
2026-08-16T06:00:00+00:00,22411525-3,Dew Point,CURRENT,°C,12.101091947575041
2026-08-16T06:00:00+00:00,22411526-1,Temperature,CURRENT,°C,11.794833984374996
2026-08-16T06:00:00+00:00,22411526-2,RH,CURRENT,%,99.1256580453193
2026-08-16T06:00:00+00:00,22411526-3,Dew Point,CURRENT,°C,11.675629785874849
2026-08-16T06:00:00+00:00,22411527-1,Temperature,CURRENT,°C,13.29634765625
2026-08-16T06:00:00+00:00,22411527-2,RH,CURRENT,%,92.80384527351796
2026-08-16T06:00:00+00:00,22411527-3,Dew Point,CURRENT,°C,12.17159717434012
2026-08-16T06:00:00+00:00,22411528-1,Temperature,CURRENT,°C,11.8591845703125
2026-08-16T06:00:00+00:00,22411528-2,RH,CURRENT,%,100
2026-08-16T06:00:00+00:00,22411528-3,Dew Point,CURRENT,°C,11.873190949720664
2026-08-16T06:00:00+00:00,22411529-1,Temperature,CURRENT,°C,12.652841796874995
2026-08-16T06:00:00+00:00,22411529-2,RH,CURRENT,%,99.40032043945983
2026-08-16T06:00:00+00:00,22411529-3,Dew Point,CURRENT,°C,12.576304107783528
2026-08-16T06:00:00+00:00,22411530-1,Temperature,CURRENT,°C,12.824443359374996
2026-08-16T06:00:00+00:00,22411530-2,RH,CURRENT,%,95.1644159609369
2026-08-16T06:00:00+00:00,22411530-3,Dew Point,CURRENT,°C,12.08440187590995
2026-08-16T06:01:00+00:00,22411541-S,Battery,CURRENT,V,8.325547119140625
2026-08-16T06:05:00+00:00,22411189-1,Temperature,CURRENT,°C,12.202387695312495
2026-08-16T06:05:00+00:00,22411189-2,RH,CURRENT,%,100
2026-08-16T06:05:00+00:00,22411189-3,Dew Point,CURRENT,°C,12.216942471870716
2026-08-16T06:05:00+00:00,22411190-1,Temperature,CURRENT,°C,12.395439453125
2026-08-16T06:05:00+00:00,22411190-2,RH,CURRENT,%,96.69489585717555
2026-08-16T06:05:00+00:00,22411190-3,Dew Point,CURRENT,°C,11.89919268246714
2026-08-16T06:05:00+00:00,22411191-1,Temperature,CURRENT,°C,12.8029931640625
2026-08-16T06:05:00+00:00,22411191-2,RH,CURRENT,%,96.71625848783093
2026-08-16T06:05:00+00:00,22411191-3,Dew Point,CURRENT,°C,12.309092936371073
2026-08-16T06:05:00+00:00,22411525-1,Temperature,CURRENT,°C,12.8887939453125
2026-08-16T06:05:00+00:00,22411525-2,RH,CURRENT,%,93.82772564278629
2026-08-16T06:05:00+00:00,22411525-3,Dew Point,CURRENT,°C,11.93354516339163
2026-08-16T06:05:00+00:00,22411526-1,Temperature,CURRENT,°C,11.966435546874997
2026-08-16T06:05:00+00:00,22411526-2,RH,CURRENT,%,99.2111085679408
2026-08-16T06:05:00+00:00,22411526-3,Dew Point,CURRENT,°C,11.860394304178566
2026-08-16T06:05:00+00:00,22411527-1,Temperature,CURRENT,°C,13.038945312499997
2026-08-16T06:05:00+00:00,22411527-2,RH,CURRENT,%,93.95132372014953
2026-08-16T06:05:00+00:00,22411527-3,Dew Point,CURRENT,°C,12.102782253806094
2026-08-16T06:05:00+00:00,22411528-1,Temperature,CURRENT,°C,12.030786132812501
2026-08-16T06:05:00+00:00,22411528-2,RH,CURRENT,%,100
2026-08-16T06:05:00+00:00,22411528-3,Dew Point,CURRENT,°C,12.045066718317393
2026-08-16T06:05:00+00:00,22411529-1,Temperature,CURRENT,°C,12.481240234375
2026-08-16T06:05:00+00:00,22411529-2,RH,CURRENT,%,98.48783093003739
2026-08-16T06:05:00+00:00,22411529-3,Dew Point,CURRENT,°C,12.264105887375779
2026-08-16T06:05:00+00:00,22411530-1,Temperature,CURRENT,°C,12.674291992187499
2026-08-16T06:05:00+00:00,22411530-2,RH,CURRENT,%,95.42229343099108
2026-08-16T06:05:00+00:00,22411530-3,Dew Point,CURRENT,°C,11.976003629349517
2026-08-16T06:06:00+00:00,22411541-S,Battery,CURRENT,V,8.319085693359375
2026-08-16T06:10:00+00:00,22411189-1,Temperature,CURRENT,°C,12.202387695312495
2026-08-16T06:10:00+00:00,22411189-2,RH,CURRENT,%,100
2026-08-16T06:10:00+00:00,22411189-3,Dew Point,CURRENT,°C,12.216942471870716
2026-08-16T06:10:00+00:00,22411190-1,Temperature,CURRENT,°C,12.395439453125
2026-08-16T06:10:00+00:00,22411190-2,RH,CURRENT,%,96.5972381170367
2026-08-16T06:10:00+00:00,22411190-3,Dew Point,CURRENT,°C,11.883858561845516
2026-08-16T06:10:00+00:00,22411191-1,Temperature,CURRENT,°C,12.867343749999996
2026-08-16T06:10:00+00:00,22411191-2,RH,CURRENT,%,97.13435568780041
2026-08-16T06:10:00+00:00,22411191-3,Dew Point,CURRENT,°C,12.439014811867544
2026-08-16T06:10:00+00:00,22411525-1,Temperature,CURRENT,°C,12.996044921874997
2026-08-16T06:10:00+00:00,22411525-2,RH,CURRENT,%,94.30380712596323
2026-08-16T06:10:00+00:00,22411525-3,Dew Point,CURRENT,°C,12.117056268021665
2026-08-16T06:10:00+00:00,22411526-1,Temperature,CURRENT,°C,11.987885742187501
2026-08-16T06:10:00+00:00,22411526-2,RH,CURRENT,%,99.27672236209659
2026-08-16T06:10:00+00:00,22411526-3,Dew Point,CURRENT,°C,11.89189064239877
2026-08-16T06:10:00+00:00,22411527-1,Temperature,CURRENT,°C,13.167646484374998
2026-08-16T06:10:00+00:00,22411527-2,RH,CURRENT,%,94.02609292744336
2026-08-16T06:10:00+00:00,22411527-3,Dew Point,CURRENT,°C,12.242817296093955
2026-08-16T06:10:00+00:00,22411528-1,Temperature,CURRENT,°C,12.030786132812501
2026-08-16T06:10:00+00:00,22411528-2,RH,CURRENT,%,100
2026-08-16T06:10:00+00:00,22411528-3,Dew Point,CURRENT,°C,12.045066718317393
2026-08-16T06:10:00+00:00,22411529-1,Temperature,CURRENT,°C,12.3525390625
2026-08-16T06:10:00+00:00,22411529-2,RH,CURRENT,%,98.53513389791715
2026-08-16T06:10:00+00:00,22411529-3,Dew Point,CURRENT,°C,12.142739401535831
2026-08-16T06:10:00+00:00,22411530-1,Temperature,CURRENT,°C,12.631391601562498
2026-08-16T06:10:00+00:00,22411530-2,RH,CURRENT,%,95.82055390249485
2026-08-16T06:10:00+00:00,22411530-3,Dew Point,CURRENT,°C,11.99652105973832
2026-08-16T06:11:00+00:00,22411541-S,Battery,CURRENT,V,8.31585498046875
2026-08-16T06:15:00+00:00,22411189-1,Temperature,CURRENT,°C,12.395439453125
2026-08-16T06:15:00+00:00,22411189-2,RH,CURRENT,%,100
2026-08-16T06:15:00+00:00,22411189-3,Dew Point,CURRENT,°C,12.410302676636645
2026-08-16T06:15:00+00:00,22411190-1,Temperature,CURRENT,°C,12.609941406250002
2026-08-16T06:15:00+00:00,22411190-2,RH,CURRENT,%,96.95582513160906
2026-08-16T06:15:00+00:00,22411190-3,Dew Point,CURRENT,°C,12.154134155695461
2026-08-16T06:15:00+00:00,22411191-1,Temperature,CURRENT,°C,13.103295898437501
2026-08-16T06:15:00+00:00,22411191-2,RH,CURRENT,%,97.33882658121614
2026-08-16T06:15:00+00:00,22411191-3,Dew Point,CURRENT,°C,12.706622318636716
2026-08-16T06:15:00+00:00,22411525-1,Temperature,CURRENT,°C,13.231997070312495
2026-08-16T06:15:00+00:00,22411525-2,RH,CURRENT,%,94.11612115663387
2026-08-16T06:15:00+00:00,22411525-3,Dew Point,CURRENT,°C,12.321360354502215
2026-08-16T06:15:00+00:00,22411526-1,Temperature,CURRENT,°C,12.095136718749998
2026-08-16T06:15:00+00:00,22411526-2,RH,CURRENT,%,99.30418860151065
2026-08-16T06:15:00+00:00,22411526-3,Dew Point,CURRENT,°C,12.003419725391623
2026-08-16T06:15:00+00:00,22411527-1,Temperature,CURRENT,°C,13.3821484375
2026-08-16T06:15:00+00:00,22411527-2,RH,CURRENT,%,93.41115434500648
2026-08-16T06:15:00+00:00,22411527-3,Dew Point,CURRENT,°C,12.356068214734844
2026-08-16T06:15:00+00:00,22411528-1,Temperature,CURRENT,°C,12.138037109374999
2026-08-16T06:15:00+00:00,22411528-2,RH,CURRENT,%,100
2026-08-16T06:15:00+00:00,22411528-3,Dew Point,CURRENT,°C,12.152489066051121
2026-08-16T06:15:00+00:00,22411529-1,Temperature,CURRENT,°C,12.373989257812497
2026-08-16T06:15:00+00:00,22411529-2,RH,CURRENT,%,99.02342259861143
2026-08-16T06:15:00+00:00,22411529-3,Dew Point,CURRENT,°C,12.23938689561403
2026-08-16T06:15:00+00:00,22411530-1,Temperature,CURRENT,°C,12.910244140624997
2026-08-16T06:15:00+00:00,22411530-2,RH,CURRENT,%,96.24933241779202
2026-08-16T06:15:00+00:00,22411530-3,Dew Point,CURRENT,°C,12.342350972469479
2026-08-16T06:16:00+00:00,22411541-S,Battery,CURRENT,V,8.3093935546875
2026-08-16T06:20:00+00:00,22411189-1,Temperature,CURRENT,°C,12.459790039062497
2026-08-16T06:20:00+00:00,22411189-2,RH,CURRENT,%,100
2026-08-16T06:20:00+00:00,22411189-3,Dew Point,CURRENT,°C,12.474756073994321
2026-08-16T06:20:00+00:00,22411190-1,Temperature,CURRENT,°C,12.674291992187499
2026-08-16T06:20:00+00:00,22411190-2,RH,CURRENT,%,96.69031815060654
2026-08-16T06:20:00+00:00,22411190-3,Dew Point,CURRENT,°C,12.176629656283913
2026-08-16T06:20:00+00:00,22411191-1,Temperature,CURRENT,°C,13.189096679687495
2026-08-16T06:20:00+00:00,22411191-2,RH,CURRENT,%,96.91004806591897
2026-08-16T06:20:00+00:00,22411191-3,Dew Point,CURRENT,°C,12.724816424072039
2026-08-16T06:20:00+00:00,22411525-1,Temperature,CURRENT,°C,13.29634765625
2026-08-16T06:20:00+00:00,22411525-2,RH,CURRENT,%,93.81399252307926
2026-08-16T06:20:00+00:00,22411525-3,Dew Point,CURRENT,°C,12.336361245623426
2026-08-16T06:20:00+00:00,22411526-1,Temperature,CURRENT,°C,12.202387695312495
2026-08-16T06:20:00+00:00,22411526-2,RH,CURRENT,%,99.40337224383917
2026-08-16T06:20:00+00:00,22411526-3,Dew Point,CURRENT,°C,12.125927647262221
2026-08-16T06:20:00+00:00,22411527-1,Temperature,CURRENT,°C,13.403598632812496
2026-08-16T06:20:00+00:00,22411527-2,RH,CURRENT,%,93.52254520485236
2026-08-16T06:20:00+00:00,22411527-3,Dew Point,CURRENT,°C,12.39553183884626
2026-08-16T06:20:00+00:00,22411528-1,Temperature,CURRENT,°C,12.26673828125
2026-08-16T06:20:00+00:00,22411528-2,RH,CURRENT,%,100
2026-08-16T06:20:00+00:00,22411528-3,Dew Point,CURRENT,°C,12.281395875574843
2026-08-16T06:20:00+00:00,22411529-1,Temperature,CURRENT,°C,12.481240234375
2026-08-16T06:20:00+00:00,22411529-2,RH,CURRENT,%,99.23857480735485
2026-08-16T06:20:00+00:00,22411529-3,Dew Point,CURRENT,°C,12.379741619321745
2026-08-16T06:20:00+00:00,22411530-1,Temperature,CURRENT,°C,13.0174951171875
2026-08-16T06:20:00+00:00,22411530-2,RH,CURRENT,%,95.66491187914855
2026-08-16T06:20:00+00:00,22411530-3,Dew Point,CURRENT,°C,12.356470141865348
2026-08-16T06:21:00+00:00,22411541-S,Battery,CURRENT,V,8.319085693359375
2026-08-16T06:25:00+00:00,22411189-1,Temperature,CURRENT,°C,12.502690429687497
2026-08-16T06:25:00+00:00,22411189-2,RH,CURRENT,%,100
2026-08-16T06:25:00+00:00,22411189-3,Dew Point,CURRENT,°C,12.517725004390847
2026-08-16T06:25:00+00:00,22411190-1,Temperature,CURRENT,°C,12.674291992187499
2026-08-16T06:25:00+00:00,22411190-2,RH,CURRENT,%,97.01991302357519
2026-08-16T06:25:00+00:00,22411190-3,Dew Point,CURRENT,°C,12.228399425910908
2026-08-16T06:25:00+00:00,22411191-1,Temperature,CURRENT,°C,13.060395507812501
2026-08-16T06:25:00+00:00,22411191-2,RH,CURRENT,%,97.49599450675211
2026-08-16T06:25:00+00:00,22411191-3,Dew Point,CURRENT,°C,12.688431782576915
2026-08-16T06:25:00+00:00,22411525-1,Temperature,CURRENT,°C,13.146196289062502
2026-08-16T06:25:00+00:00,22411525-2,RH,CURRENT,%,94.42282749675746
2026-08-16T06:25:00+00:00,22411525-3,Dew Point,CURRENT,°C,12.285575122551071
2026-08-16T06:25:00+00:00,22411526-1,Temperature,CURRENT,°C,12.245288085937496
2026-08-16T06:25:00+00:00,22411526-2,RH,CURRENT,%,99.40947585259785
2026-08-16T06:25:00+00:00,22411526-3,Dew Point,CURRENT,°C,12.169799134502476
2026-08-16T06:25:00+00:00,22411527-1,Temperature,CURRENT,°C,13.274897460937495
2026-08-16T06:25:00+00:00,22411527-2,RH,CURRENT,%,94.26718547341116
2026-08-16T06:25:00+00:00,22411527-3,Dew Point,CURRENT,°C,12.388445107555803
2026-08-16T06:25:00+00:00,22411528-1,Temperature,CURRENT,°C,12.309638671875
2026-08-16T06:25:00+00:00,22411528-2,RH,CURRENT,%,100
2026-08-16T06:25:00+00:00,22411528-3,Dew Point,CURRENT,°C,12.324364810202326
2026-08-16T06:25:00+00:00,22411529-1,Temperature,CURRENT,°C,12.609941406250002
2026-08-16T06:25:00+00:00,22411529-2,RH,CURRENT,%,99.43541618982223
2026-08-16T06:25:00+00:00,22411529-3,Dew Point,CURRENT,°C,12.538751448879893
2026-08-16T06:25:00+00:00,22411530-1,Temperature,CURRENT,°C,12.9316943359375
2026-08-16T06:25:00+00:00,22411530-2,RH,CURRENT,%,95.95635919737545
2026-08-16T06:25:00+00:00,22411530-3,Dew Point,CURRENT,°C,12.317306476316228
2026-08-16T06:26:00+00:00,22411541-S,Battery,CURRENT,V,8.3093935546875
2026-08-16T06:30:00+00:00,22411189-1,Temperature,CURRENT,°C,12.524140625000001
2026-08-16T06:30:00+00:00,22411189-2,RH,CURRENT,%,100
2026-08-16T06:30:00+00:00,22411189-3,Dew Point,CURRENT,°C,12.539209469236532
2026-08-16T06:30:00+00:00,22411190-1,Temperature,CURRENT,°C,12.695742187499995
2026-08-16T06:30:00+00:00,22411190-2,RH,CURRENT,%,96.64454108491645
2026-08-16T06:30:00+00:00,22411190-3,Dew Point,CURRENT,°C,12.190822442669269
2026-08-16T06:30:00+00:00,22411191-1,Temperature,CURRENT,°C,12.9316943359375
2026-08-16T06:30:00+00:00,22411191-2,RH,CURRENT,%,97.63637750820172
2026-08-16T06:30:00+00:00,22411191-3,Dew Point,CURRENT,°C,12.581877338340043
2026-08-16T06:30:00+00:00,22411525-1,Temperature,CURRENT,°C,12.9745947265625
2026-08-16T06:30:00+00:00,22411525-2,RH,CURRENT,%,94.67154955367361
2026-08-16T06:30:00+00:00,22411525-3,Dew Point,CURRENT,°C,12.154897216145411
2026-08-16T06:30:00+00:00,22411526-1,Temperature,CURRENT,°C,12.309638671875
2026-08-16T06:30:00+00:00,22411526-2,RH,CURRENT,%,99.48119325551232
2026-08-16T06:30:00+00:00,22411526-3,Dew Point,CURRENT,°C,12.245180632192355
2026-08-16T06:30:00+00:00,22411527-1,Temperature,CURRENT,°C,13.081845703124998
2026-08-16T06:30:00+00:00,22411527-2,RH,CURRENT,%,94.57389181353476
2026-08-16T06:30:00+00:00,22411527-3,Dew Point,CURRENT,°C,12.245897024194814
2026-08-16T06:30:00+00:00,22411528-1,Temperature,CURRENT,°C,12.3525390625
2026-08-16T06:30:00+00:00,22411528-2,RH,CURRENT,%,100
2026-08-16T06:30:00+00:00,22411528-3,Dew Point,CURRENT,°C,12.36733374388959
2026-08-16T06:30:00+00:00,22411529-1,Temperature,CURRENT,°C,12.717192382812499
2026-08-16T06:30:00+00:00,22411529-2,RH,CURRENT,%,99.51323720149539
2026-08-16T06:30:00+00:00,22411529-3,Dew Point,CURRENT,°C,12.658044028203992
2026-08-16T06:30:00+00:00,22411530-1,Temperature,CURRENT,°C,12.8458935546875
2026-08-16T06:30:00+00:00,22411530-2,RH,CURRENT,%,95.98992904554818
2026-08-16T06:30:00+00:00,22411530-3,Dew Point,CURRENT,°C,12.237122757220535
2026-08-16T06:31:00+00:00,22411541-S,Battery,CURRENT,V,8.3093935546875
2026-08-16T06:35:00+00:00,22411189-1,Temperature,CURRENT,°C,12.459790039062497
2026-08-16T06:35:00+00:00,22411189-2,RH,CURRENT,%,100
2026-08-16T06:35:00+00:00,22411189-3,Dew Point,CURRENT,°C,12.474756073994321
2026-08-16T06:35:00+00:00,22411190-1,Temperature,CURRENT,°C,12.631391601562498
2026-08-16T06:35:00+00:00,22411190-2,RH,CURRENT,%,96.75745784695201
2026-08-16T06:35:00+00:00,22411190-3,Dew Point,CURRENT,°C,12.144391228667754
2026-08-16T06:35:00+00:00,22411191-1,Temperature,CURRENT,°C,12.953144531249997
2026-08-16T06:35:00+00:00,22411191-2,RH,CURRENT,%,98.03158617532617
2026-08-16T06:35:00+00:00,22411191-3,Dew Point,CURRENT,°C,12.664966363457012
2026-08-16T06:35:00+00:00,22411525-1,Temperature,CURRENT,°C,13.038945312499997
2026-08-16T06:35:00+00:00,22411525-2,RH,CURRENT,%,95.12321660181583
2026-08-16T06:35:00+00:00,22411525-3,Dew Point,CURRENT,°C,12.291359535775456
2026-08-16T06:35:00+00:00,22411526-1,Temperature,CURRENT,°C,12.223837890625
2026-08-16T06:35:00+00:00,22411526-2,RH,CURRENT,%,99.40794995040818
2026-08-16T06:35:00+00:00,22411526-3,Dew Point,CURRENT,°C,12.148096737310558
2026-08-16T06:35:00+00:00,22411527-1,Temperature,CURRENT,°C,13.124746093749998
2026-08-16T06:35:00+00:00,22411527-2,RH,CURRENT,%,94.81193255512322
2026-08-16T06:35:00+00:00,22411527-3,Dew Point,CURRENT,°C,12.326849705208549
2026-08-16T06:35:00+00:00,22411528-1,Temperature,CURRENT,°C,12.309638671875
2026-08-16T06:35:00+00:00,22411528-2,RH,CURRENT,%,100
2026-08-16T06:35:00+00:00,22411528-3,Dew Point,CURRENT,°C,12.324364810202326
2026-08-16T06:35:00+00:00,22411529-1,Temperature,CURRENT,°C,12.7600927734375
2026-08-16T06:35:00+00:00,22411529-2,RH,CURRENT,%,99.55443656061647
2026-08-16T06:35:00+00:00,22411529-3,Dew Point,CURRENT,°C,12.707309743757868
2026-08-16T06:35:00+00:00,22411530-1,Temperature,CURRENT,°C,12.8029931640625
2026-08-16T06:35:00+00:00,22411530-2,RH,CURRENT,%,96.40497444113832
2026-08-16T06:35:00+00:00,22411530-3,Dew Point,CURRENT,°C,12.260017943650782
2026-08-16T06:36:00+00:00,22411541-S,Battery,CURRENT,V,8.3093935546875
2026-08-16T06:40:00+00:00,22411189-1,Temperature,CURRENT,°C,12.43833984375
2026-08-16T06:40:00+00:00,22411189-2,RH,CURRENT,%,100
2026-08-16T06:40:00+00:00,22411189-3,Dew Point,CURRENT,°C,12.453271608443492
2026-08-16T06:40:00+00:00,22411190-1,Temperature,CURRENT,°C,12.609941406250002
2026-08-16T06:40:00+00:00,22411190-2,RH,CURRENT,%,96.96955825131609
2026-08-16T06:40:00+00:00,22411190-3,Dew Point,CURRENT,°C,12.156288018562257
2026-08-16T06:40:00+00:00,22411191-1,Temperature,CURRENT,°C,12.996044921874997
2026-08-16T06:40:00+00:00,22411191-2,RH,CURRENT,%,98.2009613183795
2026-08-16T06:40:00+00:00,22411191-3,Dew Point,CURRENT,°C,12.734202161255286
2026-08-16T06:40:00+00:00,22411525-1,Temperature,CURRENT,°C,13.081845703124998
2026-08-16T06:40:00+00:00,22411525-2,RH,CURRENT,%,95.10490577553979
2026-08-16T06:40:00+00:00,22411525-3,Dew Point,CURRENT,°C,12.33113538115604
2026-08-16T06:40:00+00:00,22411526-1,Temperature,CURRENT,°C,12.202387695312495
2026-08-16T06:40:00+00:00,22411526-2,RH,CURRENT,%,99.44609750514992
2026-08-16T06:40:00+00:00,22411526-3,Dew Point,CURRENT,°C,12.13246125941057
2026-08-16T06:40:00+00:00,22411527-1,Temperature,CURRENT,°C,13.146196289062502
2026-08-16T06:40:00+00:00,22411527-2,RH,CURRENT,%,95.03624017700466
2026-08-16T06:40:00+00:00,22411527-3,Dew Point,CURRENT,°C,12.384190975876898
2026-08-16T06:40:00+00:00,22411528-1,Temperature,CURRENT,°C,12.288188476562496
2026-08-16T06:40:00+00:00,22411528-2,RH,CURRENT,%,100
2026-08-16T06:40:00+00:00,22411528-3,Dew Point,CURRENT,°C,12.302880343006105
2026-08-16T06:40:00+00:00,22411529-1,Temperature,CURRENT,°C,12.8887939453125
2026-08-16T06:40:00+00:00,22411529-2,RH,CURRENT,%,99.78789959563592
2026-08-16T06:40:00+00:00,22411529-3,Dew Point,CURRENT,°C,12.87196650324461
2026-08-16T06:40:00+00:00,22411530-1,Temperature,CURRENT,°C,12.824443359374996
2026-08-16T06:40:00+00:00,22411530-2,RH,CURRENT,%,96.83680476081483
2026-08-16T06:40:00+00:00,22411530-3,Dew Point,CURRENT,°C,12.349460634005128
2026-08-16T06:41:00+00:00,22411541-S,Battery,CURRENT,V,8.3093935546875
2026-08-16T06:45:00+00:00,22411189-1,Temperature,CURRENT,°C,12.395439453125
2026-08-16T06:45:00+00:00,22411189-2,RH,CURRENT,%,100
2026-08-16T06:45:00+00:00,22411189-3,Dew Point,CURRENT,°C,12.410302676636645
2026-08-16T06:45:00+00:00,22411190-1,Temperature,CURRENT,°C,12.588491210937498
2026-08-16T06:45:00+00:00,22411190-2,RH,CURRENT,%,97.02296482795452
2026-08-16T06:45:00+00:00,22411190-3,Dew Point,CURRENT,°C,12.143256109520488
2026-08-16T06:45:00+00:00,22411191-1,Temperature,CURRENT,°C,13.146196289062502
2026-08-16T06:45:00+00:00,22411191-2,RH,CURRENT,%,98.00869764248112
2026-08-16T06:45:00+00:00,22411191-3,Dew Point,CURRENT,°C,12.854286710940459
2026-08-16T06:45:00+00:00,22411525-1,Temperature,CURRENT,°C,13.210546874999999
2026-08-16T06:45:00+00:00,22411525-2,RH,CURRENT,%,94.93247882810712
2026-08-16T06:45:00+00:00,22411525-3,Dew Point,CURRENT,°C,12.431594643264676
2026-08-16T06:45:00+00:00,22411526-1,Temperature,CURRENT,°C,12.202387695312495
2026-08-16T06:45:00+00:00,22411526-2,RH,CURRENT,%,99.43999389639124
2026-08-16T06:45:00+00:00,22411526-3,Dew Point,CURRENT,°C,12.131528037206415
2026-08-16T06:45:00+00:00,22411527-1,Temperature,CURRENT,°C,13.274897460937495
2026-08-16T06:45:00+00:00,22411527-2,RH,CURRENT,%,94.84855420767529
2026-08-16T06:45:00+00:00,22411527-3,Dew Point,CURRENT,°C,12.48215425707377
2026-08-16T06:45:00+00:00,22411528-1,Temperature,CURRENT,°C,12.309638671875
2026-08-16T06:45:00+00:00,22411528-2,RH,CURRENT,%,100
2026-08-16T06:45:00+00:00,22411528-3,Dew Point,CURRENT,°C,12.324364810202326
2026-08-16T06:45:00+00:00,22411529-1,Temperature,CURRENT,°C,13.103295898437501
2026-08-16T06:45:00+00:00,22411529-2,RH,CURRENT,%,100
2026-08-16T06:45:00+00:00,22411529-3,Dew Point,CURRENT,°C,13.119289931219866
2026-08-16T06:45:00+00:00,22411530-1,Temperature,CURRENT,°C,12.996044921874997
2026-08-16T06:45:00+00:00,22411530-2,RH,CURRENT,%,96.70710307469291
2026-08-16T06:45:00+00:00,22411530-3,Dew Point,CURRENT,°C,12.500223584034236
2026-08-16T06:46:00+00:00,22411541-S,Battery,CURRENT,V,8.302932128906251
2026-08-16T06:50:00+00:00,22411189-1,Temperature,CURRENT,°C,12.459790039062497
2026-08-16T06:50:00+00:00,22411189-2,RH,CURRENT,%,100
2026-08-16T06:50:00+00:00,22411189-3,Dew Point,CURRENT,°C,12.474756073994321
2026-08-16T06:50:00+00:00,22411190-1,Temperature,CURRENT,°C,12.652841796874995
2026-08-16T06:50:00+00:00,22411190-2,RH,CURRENT,%,97.32967116807812
2026-08-16T06:50:00+00:00,22411190-3,Dew Point,CURRENT,°C,12.255499117450139
2026-08-16T06:50:00+00:00,22411191-1,Temperature,CURRENT,°C,13.103295898437501
2026-08-16T06:50:00+00:00,22411191-2,RH,CURRENT,%,98.00259403372245
2026-08-16T06:50:00+00:00,22411191-3,Dew Point,CURRENT,°C,12.810471159813396
2026-08-16T06:50:00+00:00,22411525-1,Temperature,CURRENT,°C,13.189096679687495
2026-08-16T06:50:00+00:00,22411525-2,RH,CURRENT,%,94.89585717555505
2026-08-16T06:50:00+00:00,22411525-3,Dew Point,CURRENT,°C,12.404366675987953
2026-08-16T06:50:00+00:00,22411526-1,Temperature,CURRENT,°C,12.245288085937496
2026-08-16T06:50:00+00:00,22411526-2,RH,CURRENT,%,99.49492637521935
2026-08-16T06:50:00+00:00,22411526-3,Dew Point,CURRENT,°C,12.182867680825657
2026-08-16T06:50:00+00:00,22411527-1,Temperature,CURRENT,°C,13.29634765625
2026-08-16T06:50:00+00:00,22411527-2,RH,CURRENT,%,94.63950560769055
2026-08-16T06:50:00+00:00,22411527-3,Dew Point,CURRENT,°C,12.469856972367358
2026-08-16T06:50:00+00:00,22411528-1,Temperature,CURRENT,°C,12.373989257812497
2026-08-16T06:50:00+00:00,22411528-2,RH,CURRENT,%,100
2026-08-16T06:50:00+00:00,22411528-3,Dew Point,CURRENT,°C,12.388818210380645
2026-08-16T06:50:00+00:00,22411529-1,Temperature,CURRENT,°C,13.189096679687495
2026-08-16T06:50:00+00:00,22411529-2,RH,CURRENT,%,100
2026-08-16T06:50:00+00:00,22411529-3,Dew Point,CURRENT,°C,13.205227762866325
2026-08-16T06:50:00+00:00,22411530-1,Temperature,CURRENT,°C,12.953144531249997
2026-08-16T06:50:00+00:00,22411530-2,RH,CURRENT,%,96.66590371557183
2026-08-16T06:50:00+00:00,22411530-3,Dew Point,CURRENT,°C,12.450934286018459
2026-08-16T06:51:00+00:00,22411541-S,Battery,CURRENT,V,8.31585498046875
2026-08-16T06:55:00+00:00,22411189-1,Temperature,CURRENT,°C,12.502690429687497
2026-08-16T06:55:00+00:00,22411189-2,RH,CURRENT,%,100
2026-08-16T06:55:00+00:00,22411189-3,Dew Point,CURRENT,°C,12.517725004390847
2026-08-16T06:55:00+00:00,22411190-1,Temperature,CURRENT,°C,12.652841796874995
2026-08-16T06:55:00+00:00,22411190-2,RH,CURRENT,%,97.46242465857938
2026-08-16T06:55:00+00:00,22411190-3,Dew Point,CURRENT,°C,12.276245520000778
2026-08-16T06:55:00+00:00,22411191-1,Temperature,CURRENT,°C,13.124746093749998
2026-08-16T06:55:00+00:00,22411191-2,RH,CURRENT,%,98.52597848477913
2026-08-16T06:55:00+00:00,22411191-3,Dew Point,CURRENT,°C,12.913367561085048
2026-08-16T06:55:00+00:00,22411525-1,Temperature,CURRENT,°C,13.210546874999999
2026-08-16T06:55:00+00:00,22411525-2,RH,CURRENT,%,95.29869535362783
2026-08-16T06:55:00+00:00,22411525-3,Dew Point,CURRENT,°C,12.490289826916024
2026-08-16T06:55:00+00:00,22411526-1,Temperature,CURRENT,°C,12.245288085937496
2026-08-16T06:55:00+00:00,22411526-2,RH,CURRENT,%,99.56054016937514
2026-08-16T06:55:00+00:00,22411526-3,Dew Point,CURRENT,°C,12.192895768621705
2026-08-16T06:55:00+00:00,22411527-1,Temperature,CURRENT,°C,13.317797851562496
2026-08-16T06:55:00+00:00,22411527-2,RH,CURRENT,%,94.83482108796827
2026-08-16T06:55:00+00:00,22411527-3,Dew Point,CURRENT,°C,12.522638060245235
2026-08-16T06:55:00+00:00,22411528-1,Temperature,CURRENT,°C,12.416889648437497
2026-08-16T06:55:00+00:00,22411528-2,RH,CURRENT,%,100
2026-08-16T06:55:00+00:00,22411528-3,Dew Point,CURRENT,°C,12.431787142657592
2026-08-16T06:55:00+00:00,22411529-1,Temperature,CURRENT,°C,13.210546874999999
2026-08-16T06:55:00+00:00,22411529-2,RH,CURRENT,%,100
2026-08-16T06:55:00+00:00,22411529-3,Dew Point,CURRENT,°C,13.22671222019031
2026-08-16T06:55:00+00:00,22411530-1,Temperature,CURRENT,°C,12.996044921874997
2026-08-16T06:55:00+00:00,22411530-2,RH,CURRENT,%,97.27473868925001
2026-08-16T06:55:00+00:00,22411530-3,Dew Point,CURRENT,°C,12.589502067176129
2026-08-16T06:56:00+00:00,22411541-S,Battery,CURRENT,V,8.319085693359375
2026-08-16T07:00:00+00:00,22411189-1,Temperature,CURRENT,°C,12.545590820312498
2026-08-16T07:00:00+00:00,22411189-2,RH,CURRENT,%,100
2026-08-16T07:00:00+00:00,22411189-3,Dew Point,CURRENT,°C,12.56069393384716
2026-08-16T07:00:00+00:00,22411190-1,Temperature,CURRENT,°C,12.652841796874995
2026-08-16T07:00:00+00:00,22411190-2,RH,CURRENT,%,97.55855649652857
2026-08-16T07:00:00+00:00,22411190-3,Dew Point,CURRENT,°C,12.291253290384129
2026-08-16T07:00:00+00:00,22411191-1,Temperature,CURRENT,°C,13.038945312499997
2026-08-16T07:00:00+00:00,22411191-2,RH,CURRENT,%,97.72945754177157
2026-08-16T07:00:00+00:00,22411191-3,Dew Point,CURRENT,°C,12.703540070963111
2026-08-16T07:00:00+00:00,22411525-1,Temperature,CURRENT,°C,13.124746093749998
2026-08-16T07:00:00+00:00,22411525-2,RH,CURRENT,%,94.55100328068971
2026-08-16T07:00:00+00:00,22411525-3,Dew Point,CURRENT,°C,12.28488973330365
2026-08-16T07:00:00+00:00,22411526-1,Temperature,CURRENT,°C,12.309638671875
2026-08-16T07:00:00+00:00,22411526-2,RH,CURRENT,%,99.67040512703136
2026-08-16T07:00:00+00:00,22411526-3,Dew Point,CURRENT,°C,12.274101490439026
2026-08-16T07:00:00+00:00,22411527-1,Temperature,CURRENT,°C,13.29634765625
2026-08-16T07:00:00+00:00,22411527-2,RH,CURRENT,%,94.21377889677272
2026-08-16T07:00:00+00:00,22411527-3,Dew Point,CURRENT,°C,12.401139935818426
2026-08-16T07:00:00+00:00,22411528-1,Temperature,CURRENT,°C,12.524140625000001
2026-08-16T07:00:00+00:00,22411528-2,RH,CURRENT,%,100
2026-08-16T07:00:00+00:00,22411528-3,Dew Point,CURRENT,°C,12.539209469236532
2026-08-16T07:00:00+00:00,22411529-1,Temperature,CURRENT,°C,13.231997070312495
2026-08-16T07:00:00+00:00,22411529-2,RH,CURRENT,%,100
2026-08-16T07:00:00+00:00,22411529-3,Dew Point,CURRENT,°C,13.248196677279235
2026-08-16T07:00:00+00:00,22411530-1,Temperature,CURRENT,°C,12.910244140624997
2026-08-16T07:00:00+00:00,22411530-2,RH,CURRENT,%,96.55756466010529
2026-08-16T07:00:00+00:00,22411530-3,Dew Point,CURRENT,°C,12.391056054841453
2026-08-16T07:01:00+00:00,22411541-S,Battery,CURRENT,V,8.302932128906251
2026-08-16T07:05:00+00:00,22411189-1,Temperature,CURRENT,°C,12.545590820312498
2026-08-16T07:05:00+00:00,22411189-2,RH,CURRENT,%,100
2026-08-16T07:05:00+00:00,22411189-3,Dew Point,CURRENT,°C,12.56069393384716
2026-08-16T07:05:00+00:00,22411190-1,Temperature,CURRENT,°C,12.674291992187499
2026-08-16T07:05:00+00:00,22411190-2,RH,CURRENT,%,97.59060044251163
2026-08-16T07:05:00+00:00,22411190-3,Dew Point,CURRENT,°C,12.317673682114336
2026-08-16T07:05:00+00:00,22411191-1,Temperature,CURRENT,°C,13.103295898437501
2026-08-16T07:05:00+00:00,22411191-2,RH,CURRENT,%,98.67093919279775
2026-08-16T07:05:00+00:00,22411191-3,Dew Point,CURRENT,°C,12.914414140398451
2026-08-16T07:05:00+00:00,22411525-1,Temperature,CURRENT,°C,13.167646484374998
2026-08-16T07:05:00+00:00,22411525-2,RH,CURRENT,%,95.93804837109941
2026-08-16T07:05:00+00:00,22411525-3,Dew Point,CURRENT,°C,12.549536822393982
2026-08-16T07:05:00+00:00,22411526-1,Temperature,CURRENT,°C,12.309638671875
2026-08-16T07:05:00+00:00,22411526-2,RH,CURRENT,%,99.67040512703136
2026-08-16T07:05:00+00:00,22411526-3,Dew Point,CURRENT,°C,12.274101490439026
2026-08-16T07:05:00+00:00,22411527-1,Temperature,CURRENT,°C,13.274897460937495
2026-08-16T07:05:00+00:00,22411527-2,RH,CURRENT,%,95.59929808499275
2026-08-16T07:05:00+00:00,22411527-3,Dew Point,CURRENT,°C,12.602421131749493
2026-08-16T07:05:00+00:00,22411528-1,Temperature,CURRENT,°C,12.524140625000001
2026-08-16T07:05:00+00:00,22411528-2,RH,CURRENT,%,100
2026-08-16T07:05:00+00:00,22411528-3,Dew Point,CURRENT,°C,12.539209469236532
2026-08-16T07:05:00+00:00,22411529-1,Temperature,CURRENT,°C,13.317797851562496
2026-08-16T07:05:00+00:00,22411529-2,RH,CURRENT,%,100
2026-08-16T07:05:00+00:00,22411529-3,Dew Point,CURRENT,°C,13.334134503284432
2026-08-16T07:05:00+00:00,22411530-1,Temperature,CURRENT,°C,12.9745947265625
2026-08-16T07:05:00+00:00,22411530-2,RH,CURRENT,%,97.29304951552605
2026-08-16T07:05:00+00:00,22411530-3,Dew Point,CURRENT,°C,12.5709617675862
2026-08-16T07:06:00+00:00,22411541-S,Battery,CURRENT,V,8.3093935546875
2026-08-16T07:10:00+00:00,22411189-1,Temperature,CURRENT,°C,12.567041015625001
2026-08-16T07:10:00+00:00,22411189-2,RH,CURRENT,%,100
2026-08-16T07:10:00+00:00,22411189-3,Dew Point,CURRENT,°C,12.58217839822274
2026-08-16T07:10:00+00:00,22411190-1,Temperature,CURRENT,°C,12.7600927734375
2026-08-16T07:10:00+00:00,22411190-2,RH,CURRENT,%,97.70504310673685
2026-08-16T07:10:00+00:00,22411190-3,Dew Point,CURRENT,°C,12.421215994199462
2026-08-16T07:10:00+00:00,22411191-1,Temperature,CURRENT,°C,13.274897460937495
2026-08-16T07:10:00+00:00,22411191-2,RH,CURRENT,%,98.90897993438621
2026-08-16T07:10:00+00:00,22411191-3,Dew Point,CURRENT,°C,13.122931093308905
2026-08-16T07:10:00+00:00,22411525-1,Temperature,CURRENT,°C,13.339248046875
2026-08-16T07:10:00+00:00,22411525-2,RH,CURRENT,%,95.8831158922713
2026-08-16T07:10:00+00:00,22411525-3,Dew Point,CURRENT,°C,12.711795198478987
2026-08-16T07:10:00+00:00,22411526-1,Temperature,CURRENT,°C,12.373989257812497
2026-08-16T07:10:00+00:00,22411526-2,RH,CURRENT,%,99.68413824673839
2026-08-16T07:10:00+00:00,22411526-3,Dew Point,CURRENT,°C,12.340627273731176
2026-08-16T07:10:00+00:00,22411527-1,Temperature,CURRENT,°C,13.46794921875
2026-08-16T07:10:00+00:00,22411527-2,RH,CURRENT,%,95.5870908674754
2026-08-16T07:10:00+00:00,22411527-3,Dew Point,CURRENT,°C,12.792769170270642
2026-08-16T07:10:00+00:00,22411528-1,Temperature,CURRENT,°C,12.567041015625001
2026-08-16T07:10:00+00:00,22411528-2,RH,CURRENT,%,100
2026-08-16T07:10:00+00:00,22411528-3,Dew Point,CURRENT,°C,12.58217839822274
2026-08-16T07:10:00+00:00,22411529-1,Temperature,CURRENT,°C,13.274897460937495
2026-08-16T07:10:00+00:00,22411529-2,RH,CURRENT,%,100
2026-08-16T07:10:00+00:00,22411529-3,Dew Point,CURRENT,°C,13.291165590751945
2026-08-16T07:10:00+00:00,22411530-1,Temperature,CURRENT,°C,13.146196289062502
2026-08-16T07:10:00+00:00,22411530-2,RH,CURRENT,%,97.67452506294346
2026-08-16T07:10:00+00:00,22411530-3,Dew Point,CURRENT,°C,12.802066638545616
2026-08-16T07:11:00+00:00,22411541-S,Battery,CURRENT,V,8.302932128906251
2026-08-16T07:15:00+00:00,22411189-1,Temperature,CURRENT,°C,12.781542968749996
2026-08-16T07:15:00+00:00,22411189-2,RH,CURRENT,%,100
2026-08-16T07:15:00+00:00,22411189-3,Dew Point,CURRENT,°C,12.797023029050566
2026-08-16T07:15:00+00:00,22411190-1,Temperature,CURRENT,°C,12.9745947265625
2026-08-16T07:15:00+00:00,22411190-2,RH,CURRENT,%,97.62264438849469
2026-08-16T07:15:00+00:00,22411190-3,Dew Point,CURRENT,°C,12.62257382943266
2026-08-16T07:15:00+00:00,22411191-1,Temperature,CURRENT,°C,13.403598632812496
2026-08-16T07:15:00+00:00,22411191-2,RH,CURRENT,%,97.35408560311284
2026-08-16T07:15:00+00:00,22411191-3,Dew Point,CURRENT,°C,13.008815232895165
2026-08-16T07:15:00+00:00,22411525-1,Temperature,CURRENT,°C,13.46794921875
2026-08-16T07:15:00+00:00,22411525-2,RH,CURRENT,%,94.43808651865416
2026-08-16T07:15:00+00:00,22411525-3,Dew Point,CURRENT,°C,12.608058271435073
2026-08-16T07:15:00+00:00,22411526-1,Temperature,CURRENT,°C,12.567041015625001
2026-08-16T07:15:00+00:00,22411526-2,RH,CURRENT,%,99.77569237811856
2026-08-16T07:15:00+00:00,22411526-3,Dew Point,CURRENT,°C,12.547916719060927
2026-08-16T07:15:00+00:00,22411527-1,Temperature,CURRENT,°C,13.55375
2026-08-16T07:15:00+00:00,22411527-2,RH,CURRENT,%,94.29465171282521
2026-08-16T07:15:00+00:00,22411527-3,Dew Point,CURRENT,°C,12.67018492591222
2026-08-16T07:15:00+00:00,22411528-1,Temperature,CURRENT,°C,12.674291992187499
2026-08-16T07:15:00+00:00,22411528-2,RH,CURRENT,%,100
2026-08-16T07:15:00+00:00,22411528-3,Dew Point,CURRENT,°C,12.689600716574816
2026-08-16T07:15:00+00:00,22411529-1,Temperature,CURRENT,°C,13.231997070312495
2026-08-16T07:15:00+00:00,22411529-2,RH,CURRENT,%,99.73754482337682
2026-08-16T07:15:00+00:00,22411529-3,Dew Point,CURRENT,°C,13.20788779485604
2026-08-16T07:15:00+00:00,22411530-1,Temperature,CURRENT,°C,13.29634765625
2026-08-16T07:15:00+00:00,22411530-2,RH,CURRENT,%,95.82055390249485
2026-08-16T07:15:00+00:00,22411530-3,Dew Point,CURRENT,°C,12.659080142130684
2026-08-16T07:16:00+00:00,22411541-S,Battery,CURRENT,V,8.302932128906251
2026-08-16T07:20:00+00:00,22411189-1,Temperature,CURRENT,°C,12.631391601562498
2026-08-16T07:20:00+00:00,22411189-2,RH,CURRENT,%,100
2026-08-16T07:20:00+00:00,22411189-3,Dew Point,CURRENT,°C,12.646631789939144
2026-08-16T07:20:00+00:00,22411190-1,Temperature,CURRENT,°C,12.824443359374996
2026-08-16T07:20:00+00:00,22411190-2,RH,CURRENT,%,97.05043106736858
2026-08-16T07:20:00+00:00,22411190-3,Dew Point,CURRENT,°C,12.383028405358509
2026-08-16T07:20:00+00:00,22411191-1,Temperature,CURRENT,°C,13.231997070312495
2026-08-16T07:20:00+00:00,22411191-2,RH,CURRENT,%,97.27473868925001
2026-08-16T07:20:00+00:00,22411191-3,Dew Point,CURRENT,°C,12.825035134134085
2026-08-16T07:20:00+00:00,22411525-1,Temperature,CURRENT,°C,13.339248046875
2026-08-16T07:20:00+00:00,22411525-2,RH,CURRENT,%,94.57846952010377
2026-08-16T07:20:00+00:00,22411525-3,Dew Point,CURRENT,°C,12.502699230309597
2026-08-16T07:20:00+00:00,22411526-1,Temperature,CURRENT,°C,12.481240234375
2026-08-16T07:20:00+00:00,22411526-2,RH,CURRENT,%,99.72991531242847
2026-08-16T07:20:00+00:00,22411526-3,Dew Point,CURRENT,°C,12.45500670073018
2026-08-16T07:20:00+00:00,22411527-1,Temperature,CURRENT,°C,13.425048828125
2026-08-16T07:20:00+00:00,22411527-2,RH,CURRENT,%,94.4411383230335
2026-08-16T07:20:00+00:00,22411527-3,Dew Point,CURRENT,°C,12.565881718941807
2026-08-16T07:20:00+00:00,22411528-1,Temperature,CURRENT,°C,12.545590820312498
2026-08-16T07:20:00+00:00,22411528-2,RH,CURRENT,%,100
2026-08-16T07:20:00+00:00,22411528-3,Dew Point,CURRENT,°C,12.56069393384716
2026-08-16T07:20:00+00:00,22411529-1,Temperature,CURRENT,°C,13.081845703124998
2026-08-16T07:20:00+00:00,22411529-2,RH,CURRENT,%,99.39879453727016
2026-08-16T07:20:00+00:00,22411529-3,Dew Point,CURRENT,°C,13.00544293045428
2026-08-16T07:20:00+00:00,22411530-1,Temperature,CURRENT,°C,13.081845703124998
2026-08-16T07:20:00+00:00,22411530-2,RH,CURRENT,%,95.96246280613413
2026-08-16T07:20:00+00:00,22411530-3,Dew Point,CURRENT,°C,12.467911973707842
2026-08-16T07:21:00+00:00,22411541-S,Battery,CURRENT,V,8.3093935546875
2026-08-16T07:25:00+00:00,22411189-1,Temperature,CURRENT,°C,12.567041015625001
2026-08-16T07:25:00+00:00,22411189-2,RH,CURRENT,%,100
2026-08-16T07:25:00+00:00,22411189-3,Dew Point,CURRENT,°C,12.58217839822274
2026-08-16T07:25:00+00:00,22411190-1,Temperature,CURRENT,°C,12.7600927734375
2026-08-16T07:25:00+00:00,22411190-2,RH,CURRENT,%,97.2304875257496
2026-08-16T07:25:00+00:00,22411190-3,Dew Point,CURRENT,°C,12.347037867402577
2026-08-16T07:25:00+00:00,22411191-1,Temperature,CURRENT,°C,13.146196289062502
2026-08-16T07:25:00+00:00,22411191-2,RH,CURRENT,%,98.21011673151752
2026-08-16T07:25:00+00:00,22411191-3,Dew Point,CURRENT,°C,12.885686368246448
2026-08-16T07:25:00+00:00,22411525-1,Temperature,CURRENT,°C,13.231997070312495
2026-08-16T07:25:00+00:00,22411525-2,RH,CURRENT,%,95.24223697261006
2026-08-16T07:25:00+00:00,22411525-3,Dew Point,CURRENT,°C,12.502610902258516
2026-08-16T07:25:00+00:00,22411526-1,Temperature,CURRENT,°C,12.395439453125
2026-08-16T07:25:00+00:00,22411526-2,RH,CURRENT,%,99.72075989929046
2026-08-16T07:25:00+00:00,22411526-3,Dew Point,CURRENT,°C,12.36769864326863
2026-08-16T07:25:00+00:00,22411527-1,Temperature,CURRENT,°C,13.339248046875
2026-08-16T07:25:00+00:00,22411527-2,RH,CURRENT,%,94.9187457084001
2026-08-16T07:25:00+00:00,22411527-3,Dew Point,CURRENT,°C,12.55747833458806
2026-08-16T07:25:00+00:00,22411528-1,Temperature,CURRENT,°C,12.481240234375
2026-08-16T07:25:00+00:00,22411528-2,RH,CURRENT,%,100
2026-08-16T07:25:00+00:00,22411528-3,Dew Point,CURRENT,°C,12.496240539310111
2026-08-16T07:25:00+00:00,22411529-1,Temperature,CURRENT,°C,12.9745947265625
2026-08-16T07:25:00+00:00,22411529-2,RH,CURRENT,%,99.28587777523461
2026-08-16T07:25:00+00:00,22411529-3,Dew Point,CURRENT,°C,12.88071266333006
2026-08-16T07:25:00+00:00,22411530-1,Temperature,CURRENT,°C,12.996044921874997
2026-08-16T07:25:00+00:00,22411530-2,RH,CURRENT,%,96.91920347905699
2026-08-16T07:25:00+00:00,22411530-3,Dew Point,CURRENT,°C,12.533636729998927
2026-08-16T07:26:00+00:00,22411541-S,Battery,CURRENT,V,8.299701416015626
2026-08-16T07:30:00+00:00,22411189-1,Temperature,CURRENT,°C,12.459790039062497
2026-08-16T07:30:00+00:00,22411189-2,RH,CURRENT,%,100
2026-08-16T07:30:00+00:00,22411189-3,Dew Point,CURRENT,°C,12.474756073994321
2026-08-16T07:30:00+00:00,22411190-1,Temperature,CURRENT,°C,12.674291992187499
2026-08-16T07:30:00+00:00,22411190-2,RH,CURRENT,%,97.36171511406118
2026-08-16T07:30:00+00:00,22411190-3,Dew Point,CURRENT,°C,12.281923706449732
2026-08-16T07:30:00+00:00,22411191-1,Temperature,CURRENT,°C,12.996044921874997
2026-08-16T07:30:00+00:00,22411191-2,RH,CURRENT,%,98.73502708476387
2026-08-16T07:30:00+00:00,22411191-3,Dew Point,CURRENT,°C,12.817093356308392
2026-08-16T07:30:00+00:00,22411525-1,Temperature,CURRENT,°C,13.060395507812501
2026-08-16T07:30:00+00:00,22411525-2,RH,CURRENT,%,95.6725413900969
2026-08-16T07:30:00+00:00,22411525-3,Dew Point,CURRENT,°C,12.400422505552683
2026-08-16T07:30:00+00:00,22411526-1,Temperature,CURRENT,°C,12.288188476562496
2026-08-16T07:30:00+00:00,22411526-2,RH,CURRENT,%,99.71618219272145
2026-08-16T07:30:00+00:00,22411526-3,Dew Point,CURRENT,°C,12.259614196827469
2026-08-16T07:30:00+00:00,22411527-1,Temperature,CURRENT,°C,13.167646484374998
2026-08-16T07:30:00+00:00,22411527-2,RH,CURRENT,%,95.50469214923324
2026-08-16T07:30:00+00:00,22411527-3,Dew Point,CURRENT,°C,12.480490543939563
2026-08-16T07:30:00+00:00,22411528-1,Temperature,CURRENT,°C,12.416889648437497
2026-08-16T07:30:00+00:00,22411528-2,RH,CURRENT,%,100
2026-08-16T07:30:00+00:00,22411528-3,Dew Point,CURRENT,°C,12.431787142657592
2026-08-16T07:30:00+00:00,22411529-1,Temperature,CURRENT,°C,12.9745947265625
2026-08-16T07:30:00+00:00,22411529-2,RH,CURRENT,%,99.59105821316854
2026-08-16T07:30:00+00:00,22411529-3,Dew Point,CURRENT,°C,12.927664862425171
2026-08-16T07:30:00+00:00,22411530-1,Temperature,CURRENT,°C,12.867343749999996
2026-08-16T07:30:00+00:00,22411530-2,RH,CURRENT,%,97.39375906004425
2026-08-16T07:30:00+00:00,22411530-3,Dew Point,CURRENT,°C,12.479671652578316
2026-08-16T07:31:00+00:00,22411541-S,Battery,CURRENT,V,8.3093935546875
2026-08-16T07:35:00+00:00,22411189-1,Temperature,CURRENT,°C,12.416889648437497
2026-08-16T07:35:00+00:00,22411189-2,RH,CURRENT,%,100
2026-08-16T07:35:00+00:00,22411189-3,Dew Point,CURRENT,°C,12.431787142657592
2026-08-16T07:35:00+00:00,22411190-1,Temperature,CURRENT,°C,12.588491210937498
2026-08-16T07:35:00+00:00,22411190-2,RH,CURRENT,%,97.58602273594262
2026-08-16T07:35:00+00:00,22411190-3,Dew Point,CURRENT,°C,12.23127710956138
2026-08-16T07:35:00+00:00,22411191-1,Temperature,CURRENT,°C,12.8887939453125
2026-08-16T07:35:00+00:00,22411191-2,RH,CURRENT,%,99.20805676356146
2026-08-16T07:35:00+00:00,22411191-3,Dew Point,CURRENT,°C,12.782865118833001
2026-08-16T07:35:00+00:00,22411525-1,Temperature,CURRENT,°C,12.953144531249997
2026-08-16T07:35:00+00:00,22411525-2,RH,CURRENT,%,96.15777828641184
2026-08-16T07:35:00+00:00,22411525-3,Dew Point,CURRENT,°C,12.370621804586749
2026-08-16T07:35:00+00:00,22411526-1,Temperature,CURRENT,°C,12.245288085937496
2026-08-16T07:35:00+00:00,22411526-2,RH,CURRENT,%,99.79247730220493
2026-08-16T07:35:00+00:00,22411526-3,Dew Point,CURRENT,°C,12.228297433345626
2026-08-16T07:35:00+00:00,22411527-1,Temperature,CURRENT,°C,13.060395507812501
2026-08-16T07:35:00+00:00,22411527-2,RH,CURRENT,%,96.14557106889448
2026-08-16T07:35:00+00:00,22411527-3,Dew Point,CURRENT,°C,12.47559616704238
2026-08-16T07:35:00+00:00,22411528-1,Temperature,CURRENT,°C,12.331088867187496
2026-08-16T07:35:00+00:00,22411528-2,RH,CURRENT,%,100
2026-08-16T07:35:00+00:00,22411528-3,Dew Point,CURRENT,°C,12.345849277163483
2026-08-16T07:35:00+00:00,22411529-1,Temperature,CURRENT,°C,12.8458935546875
2026-08-16T07:35:00+00:00,22411529-2,RH,CURRENT,%,99.18364232852674
2026-08-16T07:35:00+00:00,22411529-3,Dew Point,CURRENT,°C,12.736177506326396
2026-08-16T07:35:00+00:00,22411530-1,Temperature,CURRENT,°C,12.7600927734375
2026-08-16T07:35:00+00:00,22411530-2,RH,CURRENT,%,97.6974135957885
2026-08-16T07:35:00+00:00,22411530-3,Dew Point,CURRENT,°C,12.42002592461571
2026-08-16T07:36:00+00:00,22411541-S,Battery,CURRENT,V,8.299701416015626
2026-08-16T07:40:00+00:00,22411189-1,Temperature,CURRENT,°C,12.288188476562496
2026-08-16T07:40:00+00:00,22411189-2,RH,CURRENT,%,100
2026-08-16T07:40:00+00:00,22411189-3,Dew Point,CURRENT,°C,12.302880343006105
2026-08-16T07:40:00+00:00,22411190-1,Temperature,CURRENT,°C,12.545590820312498
2026-08-16T07:40:00+00:00,22411190-2,RH,CURRENT,%,97.74166475928892
2026-08-16T07:40:00+00:00,22411190-3,Dew Point,CURRENT,°C,12.212679928084121
2026-08-16T07:40:00+00:00,22411191-1,Temperature,CURRENT,°C,12.9316943359375
2026-08-16T07:40:00+00:00,22411191-2,RH,CURRENT,%,99.69787136644541
2026-08-16T07:40:00+00:00,22411191-3,Dew Point,CURRENT,°C,12.901115248407653
2026-08-16T07:40:00+00:00,22411525-1,Temperature,CURRENT,°C,12.996044921874997
2026-08-16T07:40:00+00:00,22411525-2,RH,CURRENT,%,96.8078126192111
2026-08-16T07:40:00+00:00,22411525-3,Dew Point,CURRENT,°C,12.516096833524195
2026-08-16T07:40:00+00:00,22411526-1,Temperature,CURRENT,°C,12.138037109374999
2026-08-16T07:40:00+00:00,22411526-2,RH,CURRENT,%,99.74822613870451
2026-08-16T07:40:00+00:00,22411526-3,Dew Point,CURRENT,°C,12.114159372439072
2026-08-16T07:40:00+00:00,22411527-1,Temperature,CURRENT,°C,13.103295898437501
2026-08-16T07:40:00+00:00,22411527-2,RH,CURRENT,%,96.58045319295033
2026-08-16T07:40:00+00:00,22411527-3,Dew Point,CURRENT,°C,12.58720826210564
2026-08-16T07:40:00+00:00,22411528-1,Temperature,CURRENT,°C,12.223837890625
2026-08-16T07:40:00+00:00,22411528-2,RH,CURRENT,%,100
2026-08-16T07:40:00+00:00,22411528-3,Dew Point,CURRENT,°C,12.238426940007148
2026-08-16T07:40:00+00:00,22411529-1,Temperature,CURRENT,°C,12.781542968749996
2026-08-16T07:40:00+00:00,22411529-2,RH,CURRENT,%,99.24315251392386
2026-08-16T07:40:00+00:00,22411529-3,Dew Point,CURRENT,°C,12.680948325349267
2026-08-16T07:40:00+00:00,22411530-1,Temperature,CURRENT,°C,12.8029931640625
2026-08-16T07:40:00+00:00,22411530-2,RH,CURRENT,%,98.17807278553445
2026-08-16T07:40:00+00:00,22411530-3,Dew Point,CURRENT,°C,12.537714077846195
2026-08-16T07:41:00+00:00,22411541-S,Battery,CURRENT,V,8.299701416015626
2026-08-16T07:45:00+00:00,22411189-1,Temperature,CURRENT,°C,12.223837890625
2026-08-16T07:45:00+00:00,22411189-2,RH,CURRENT,%,100
2026-08-16T07:45:00+00:00,22411189-3,Dew Point,CURRENT,°C,12.238426940007148
2026-08-16T07:45:00+00:00,22411190-1,Temperature,CURRENT,°C,12.502690429687497
2026-08-16T07:45:00+00:00,22411190-2,RH,CURRENT,%,97.92019531548027
2026-08-16T07:45:00+00:00,22411190-3,Dew Point,CURRENT,°C,12.19758846815987
2026-08-16T07:45:00+00:00,22411191-1,Temperature,CURRENT,°C,12.910244140624997
2026-08-16T07:45:00+00:00,22411191-2,RH,CURRENT,%,99.51476310368506
2026-08-16T07:45:00+00:00,22411191-3,Dew Point,CURRENT,°C,12.851523555594463
2026-08-16T07:45:00+00:00,22411525-1,Temperature,CURRENT,°C,13.038945312499997
2026-08-16T07:45:00+00:00,22411525-2,RH,CURRENT,%,96.40497444113832
2026-08-16T07:45:00+00:00,22411525-3,Dew Point,CURRENT,°C,12.495293974502147
2026-08-16T07:45:00+00:00,22411526-1,Temperature,CURRENT,°C,12.030786132812501
2026-08-16T07:45:00+00:00,22411526-2,RH,CURRENT,%,99.78027008468757
2026-08-16T07:45:00+00:00,22411526-3,Dew Point,CURRENT,°C,12.011648817486112
2026-08-16T07:45:00+00:00,22411527-1,Temperature,CURRENT,°C,13.167646484374998
2026-08-16T07:45:00+00:00,22411527-2,RH,CURRENT,%,96.3408865491722
2026-08-16T07:45:00+00:00,22411527-3,Dew Point,CURRENT,°C,12.613475513449972
2026-08-16T07:45:00+00:00,22411528-1,Temperature,CURRENT,°C,12.138037109374999
2026-08-16T07:45:00+00:00,22411528-2,RH,CURRENT,%,100
2026-08-16T07:45:00+00:00,22411528-3,Dew Point,CURRENT,°C,12.152489066051121
2026-08-16T07:45:00+00:00,22411529-1,Temperature,CURRENT,°C,12.674291992187499
2026-08-16T07:45:00+00:00,22411529-2,RH,CURRENT,%,99.07072556649119
2026-08-16T07:45:00+00:00,22411529-3,Dew Point,CURRENT,°C,12.547095174486515
2026-08-16T07:45:00+00:00,22411530-1,Temperature,CURRENT,°C,12.7600927734375
2026-08-16T07:45:00+00:00,22411530-2,RH,CURRENT,%,97.98580910963607
2026-08-16T07:45:00+00:00,22411530-3,Dew Point,CURRENT,°C,12.46495389853851
2026-08-16T07:46:00+00:00,22411541-S,Battery,CURRENT,V,8.293239990234376
2026-08-16T07:50:00+00:00,22411189-1,Temperature,CURRENT,°C,12.223837890625
2026-08-16T07:50:00+00:00,22411189-2,RH,CURRENT,%,100
2026-08-16T07:50:00+00:00,22411189-3,Dew Point,CURRENT,°C,12.238426940007148
2026-08-16T07:50:00+00:00,22411190-1,Temperature,CURRENT,°C,12.481240234375
2026-08-16T07:50:00+00:00,22411190-2,RH,CURRENT,%,98.09109636072328
2026-08-16T07:50:00+00:00,22411190-3,Dew Point,CURRENT,°C,12.202684598968908
2026-08-16T07:50:00+00:00,22411191-1,Temperature,CURRENT,°C,12.8458935546875
2026-08-16T07:50:00+00:00,22411191-2,RH,CURRENT,%,99.83520256351568
2026-08-16T07:50:00+00:00,22411191-3,Dew Point,CURRENT,°C,12.836254960068368
2026-08-16T07:50:00+00:00,22411525-1,Temperature,CURRENT,°C,12.9316943359375
2026-08-16T07:50:00+00:00,22411525-2,RH,CURRENT,%,96.65674830243381
2026-08-16T07:50:00+00:00,22411525-3,Dew Point,CURRENT,°C,12.428094976567866
2026-08-16T07:50:00+00:00,22411526-1,Temperature,CURRENT,°C,12.009335937499998
2026-08-16T07:50:00+00:00,22411526-2,RH,CURRENT,%,99.80621042191196
2026-08-16T07:50:00+00:00,22411526-3,Dew Point,CURRENT,°C,11.994117948845659
2026-08-16T07:50:00+00:00,22411527-1,Temperature,CURRENT,°C,13.038945312499997
2026-08-16T07:50:00+00:00,22411527-2,RH,CURRENT,%,96.48432135500114
2026-08-16T07:50:00+00:00,22411527-3,Dew Point,CURRENT,°C,12.507840072200752
2026-08-16T07:50:00+00:00,22411528-1,Temperature,CURRENT,°C,12.095136718749998
2026-08-16T07:50:00+00:00,22411528-2,RH,CURRENT,%,100
2026-08-16T07:50:00+00:00,22411528-3,Dew Point,CURRENT,°C,12.109520127662792
2026-08-16T07:50:00+00:00,22411529-1,Temperature,CURRENT,°C,12.609941406250002
2026-08-16T07:50:00+00:00,22411529-2,RH,CURRENT,%,99.22484168764782
2026-08-16T07:50:00+00:00,22411529-3,Dew Point,CURRENT,°C,12.506417805951743
2026-08-16T07:50:00+00:00,22411530-1,Temperature,CURRENT,°C,12.738642578124995
2026-08-16T07:50:00+00:00,22411530-2,RH,CURRENT,%,98.12619211108569
2026-08-16T07:50:00+00:00,22411530-3,Dew Point,CURRENT,°C,12.465346639514724
2026-08-16T07:51:00+00:00,22411541-S,Battery,CURRENT,V,8.293239990234376
2026-08-16T07:55:00+00:00,22411189-1,Temperature,CURRENT,°C,12.223837890625
2026-08-16T07:55:00+00:00,22411189-2,RH,CURRENT,%,100
2026-08-16T07:55:00+00:00,22411189-3,Dew Point,CURRENT,°C,12.238426940007148
2026-08-16T07:55:00+00:00,22411190-1,Temperature,CURRENT,°C,12.545590820312498
2026-08-16T07:55:00+00:00,22411190-2,RH,CURRENT,%,98.13992523079271
2026-08-16T07:55:00+00:00,22411190-3,Dew Point,CURRENT,°C,12.274562017228185
2026-08-16T07:55:00+00:00,22411191-1,Temperature,CURRENT,°C,12.9316943359375
2026-08-16T07:55:00+00:00,22411191-2,RH,CURRENT,%,99.2614633401999
2026-08-16T07:55:00+00:00,22411191-3,Dew Point,CURRENT,°C,12.834020969175123
2026-08-16T07:55:00+00:00,22411525-1,Temperature,CURRENT,°C,12.9745947265625
2026-08-16T07:55:00+00:00,22411525-2,RH,CURRENT,%,96.5163653009842
2026-08-16T07:55:00+00:00,22411525-3,Dew Point,CURRENT,°C,12.448729076207131
2026-08-16T07:55:00+00:00,22411526-1,Temperature,CURRENT,°C,11.987885742187501
2026-08-16T07:55:00+00:00,22411526-2,RH,CURRENT,%,99.86572060730907
2026-08-16T07:55:00+00:00,22411526-3,Dew Point,CURRENT,°C,11.981690424206068
2026-08-16T07:55:00+00:00,22411527-1,Temperature,CURRENT,°C,13.081845703124998
2026-08-16T07:55:00+00:00,22411527-2,RH,CURRENT,%,96.50263218127718
2026-08-16T07:55:00+00:00,22411527-3,Dew Point,CURRENT,°C,12.553516670012044
2026-08-16T07:55:00+00:00,22411528-1,Temperature,CURRENT,°C,12.052236328124998
2026-08-16T07:55:00+00:00,22411528-2,RH,CURRENT,%,100
2026-08-16T07:55:00+00:00,22411528-3,Dew Point,CURRENT,°C,12.066551188334248
2026-08-16T07:55:00+00:00,22411529-1,Temperature,CURRENT,°C,12.567041015625001
2026-08-16T07:55:00+00:00,22411529-2,RH,CURRENT,%,99.16990920881972
2026-08-16T07:55:00+00:00,22411529-3,Dew Point,CURRENT,°C,12.455047750398505
2026-08-16T07:55:00+00:00,22411530-1,Temperature,CURRENT,°C,12.8029931640625
2026-08-16T07:55:00+00:00,22411530-2,RH,CURRENT,%,97.97207598992904
2026-08-16T07:55:00+00:00,22411530-3,Dew Point,CURRENT,°C,12.505678793220694
2026-08-16T07:56:00+00:00,22411541-S,Battery,CURRENT,V,8.302932128906251
2026-08-16T08:00:00+00:00,22411189-1,Temperature,CURRENT,°C,12.26673828125
2026-08-16T08:00:00+00:00,22411189-2,RH,CURRENT,%,100
2026-08-16T08:00:00+00:00,22411189-3,Dew Point,CURRENT,°C,12.281395875574843
2026-08-16T08:00:00+00:00,22411190-1,Temperature,CURRENT,°C,12.524140625000001
2026-08-16T08:00:00+00:00,22411190-2,RH,CURRENT,%,98.3016708628977
2026-08-16T08:00:00+00:00,22411190-3,Dew Point,CURRENT,°C,12.278191585113102
2026-08-16T08:00:00+00:00,22411191-1,Temperature,CURRENT,°C,12.996044921874997
2026-08-16T08:00:00+00:00,22411191-2,RH,CURRENT,%,99.61852445258259
2026-08-16T08:00:00+00:00,22411191-3,Dew Point,CURRENT,°C,12.953358795930045
2026-08-16T08:00:00+00:00,22411525-1,Temperature,CURRENT,°C,13.0174951171875
2026-08-16T08:00:00+00:00,22411525-2,RH,CURRENT,%,96.74067292286564
2026-08-16T08:00:00+00:00,22411525-3,Dew Point,CURRENT,°C,12.526914040328393
2026-08-16T08:00:00+00:00,22411526-1,Temperature,CURRENT,°C,11.923535156249997
2026-08-16T08:00:00+00:00,22411526-2,RH,CURRENT,%,99.83520256351568
2026-08-16T08:00:00+00:00,22411526-3,Dew Point,CURRENT,°C,11.912608544292084
2026-08-16T08:00:00+00:00,22411527-1,Temperature,CURRENT,°C,13.081845703124998
2026-08-16T08:00:00+00:00,22411527-2,RH,CURRENT,%,96.5514610513466
2026-08-16T08:00:00+00:00,22411527-3,Dew Point,CURRENT,°C,12.561234196319747
2026-08-16T08:00:00+00:00,22411528-1,Temperature,CURRENT,°C,11.966435546874997
2026-08-16T08:00:00+00:00,22411528-2,RH,CURRENT,%,100
2026-08-16T08:00:00+00:00,22411528-3,Dew Point,CURRENT,°C,11.980613306856515
2026-08-16T08:00:00+00:00,22411529-1,Temperature,CURRENT,°C,12.567041015625001
2026-08-16T08:00:00+00:00,22411529-2,RH,CURRENT,%,99.36827649347677
2026-08-16T08:00:00+00:00,22411529-3,Dew Point,CURRENT,°C,12.48551296564993
2026-08-16T08:00:00+00:00,22411530-1,Temperature,CURRENT,°C,12.824443359374996
2026-08-16T08:00:00+00:00,22411530-2,RH,CURRENT,%,97.95834287022201
2026-08-16T08:00:00+00:00,22411530-3,Dew Point,CURRENT,°C,12.524971475404746
2026-08-16T08:01:00+00:00,22411541-S,Battery,CURRENT,V,8.293239990234376
2026-08-16T08:05:00+00:00,22411189-1,Temperature,CURRENT,°C,12.138037109374999
2026-08-16T08:05:00+00:00,22411189-2,RH,CURRENT,%,100
2026-08-16T08:05:00+00:00,22411189-3,Dew Point,CURRENT,°C,12.152489066051121
2026-08-16T08:05:00+00:00,22411190-1,Temperature,CURRENT,°C,12.481240234375
2026-08-16T08:05:00+00:00,22411190-2,RH,CURRENT,%,98.19485770962082
2026-08-16T08:05:00+00:00,22411190-3,Dew Point,CURRENT,°C,12.218769666916165
2026-08-16T08:05:00+00:00,22411191-1,Temperature,CURRENT,°C,12.9316943359375
2026-08-16T08:05:00+00:00,22411191-2,RH,CURRENT,%,99.50560769054704
2026-08-16T08:05:00+00:00,22411191-3,Dew Point,CURRENT,°C,12.871588069200246
2026-08-16T08:05:00+00:00,22411525-1,Temperature,CURRENT,°C,12.9745947265625
2026-08-16T08:05:00+00:00,22411525-2,RH,CURRENT,%,96.73609521629663
2026-08-16T08:05:00+00:00,22411525-3,Dew Point,CURRENT,°C,12.483396997908832
2026-08-16T08:05:00+00:00,22411526-1,Temperature,CURRENT,°C,11.880634765624997
2026-08-16T08:05:00+00:00,22411526-2,RH,CURRENT,%,99.87029831387808
2026-08-16T08:05:00+00:00,22411526-3,Dew Point,CURRENT,°C,11.874981125507421
2026-08-16T08:05:00+00:00,22411527-1,Temperature,CURRENT,°C,13.038945312499997
2026-08-16T08:05:00+00:00,22411527-2,RH,CURRENT,%,96.64301518272678
2026-08-16T08:05:00+00:00,22411527-3,Dew Point,CURRENT,°C,12.532905111614692
2026-08-16T08:05:00+00:00,22411528-1,Temperature,CURRENT,°C,11.9449853515625
2026-08-16T08:05:00+00:00,22411528-2,RH,CURRENT,%,100
2026-08-16T08:05:00+00:00,22411528-3,Dew Point,CURRENT,°C,11.95912883589946
2026-08-16T08:05:00+00:00,22411529-1,Temperature,CURRENT,°C,12.674291992187499
2026-08-16T08:05:00+00:00,22411529-2,RH,CURRENT,%,99.87029831387808
2026-08-16T08:05:00+00:00,22411529-3,Dew Point,CURRENT,°C,12.669780778337971
2026-08-16T08:05:00+00:00,22411530-1,Temperature,CURRENT,°C,12.781542968749996
2026-08-16T08:05:00+00:00,22411530-2,RH,CURRENT,%,97.8530556191348
2026-08-16T08:05:00+00:00,22411530-3,Dew Point,CURRENT,°C,12.465714882473504
2026-08-16T08:06:00+00:00,22411541-S,Battery,CURRENT,V,8.290009277343751
2026-08-16T08:10:00+00:00,22411189-1,Temperature,CURRENT,°C,12.138037109374999
2026-08-16T08:10:00+00:00,22411189-2,RH,CURRENT,%,100
2026-08-16T08:10:00+00:00,22411189-3,Dew Point,CURRENT,°C,12.152489066051121
2026-08-16T08:10:00+00:00,22411190-1,Temperature,CURRENT,°C,12.502690429687497
2026-08-16T08:10:00+00:00,22411190-2,RH,CURRENT,%,98.21469443808652
2026-08-16T08:10:00+00:00,22411190-3,Dew Point,CURRENT,°C,12.243280417274793
2026-08-16T08:10:00+00:00,22411191-1,Temperature,CURRENT,°C,12.910244140624997
2026-08-16T08:10:00+00:00,22411191-2,RH,CURRENT,%,99.68719005111772
2026-08-16T08:10:00+00:00,22411191-3,Dew Point,CURRENT,°C,12.877999918187468
2026-08-16T08:10:00+00:00,22411525-1,Temperature,CURRENT,°C,12.910244140624997
2026-08-16T08:10:00+00:00,22411525-2,RH,CURRENT,%,96.76661326009003
2026-08-16T08:10:00+00:00,22411525-3,Dew Point,CURRENT,°C,12.424011067548284
2026-08-16T08:10:00+00:00,22411526-1,Temperature,CURRENT,°C,11.8591845703125
2026-08-16T08:10:00+00:00,22411526-2,RH,CURRENT,%,99.90386816205081
2026-08-16T08:10:00+00:00,22411526-3,Dew Point,CURRENT,°C,11.858598667205513
2026-08-16T08:10:00+00:00,22411527-1,Temperature,CURRENT,°C,12.9745947265625
2026-08-16T08:10:00+00:00,22411527-2,RH,CURRENT,%,96.7681391622797
2026-08-16T08:10:00+00:00,22411527-3,Dew Point,CURRENT,°C,12.488446957885971
2026-08-16T08:10:00+00:00,22411528-1,Temperature,CURRENT,°C,11.9449853515625
2026-08-16T08:10:00+00:00,22411528-2,RH,CURRENT,%,100
2026-08-16T08:10:00+00:00,22411528-3,Dew Point,CURRENT,°C,11.95912883589946
2026-08-16T08:10:00+00:00,22411529-1,Temperature,CURRENT,°C,12.631391601562498
2026-08-16T08:10:00+00:00,22411529-2,RH,CURRENT,%,99.57885099565118
2026-08-16T08:10:00+00:00,22411529-3,Dew Point,CURRENT,°C,12.58221481518219
2026-08-16T08:10:00+00:00,22411530-1,Temperature,CURRENT,°C,12.8029931640625
2026-08-16T08:10:00+00:00,22411530-2,RH,CURRENT,%,98.13992523079271
2026-08-16T08:10:00+00:00,22411530-3,Dew Point,CURRENT,°C,12.531786073525438
2026-08-16T08:11:00+00:00,22411541-S,Battery,CURRENT,V,8.293239990234376
2026-08-16T08:15:00+00:00,22411189-1,Temperature,CURRENT,°C,12.245288085937496
2026-08-16T08:15:00+00:00,22411189-2,RH,CURRENT,%,100
2026-08-16T08:15:00+00:00,22411189-3,Dew Point,CURRENT,°C,12.259911407908515
2026-08-16T08:15:00+00:00,22411190-1,Temperature,CURRENT,°C,12.609941406250002
2026-08-16T08:15:00+00:00,22411190-2,RH,CURRENT,%,98.29556725413902
2026-08-16T08:15:00+00:00,22411190-3,Dew Point,CURRENT,°C,12.363004388520373
2026-08-16T08:15:00+00:00,22411191-1,Temperature,CURRENT,°C,13.0174951171875
2026-08-16T08:15:00+00:00,22411191-2,RH,CURRENT,%,98.99748226138705
2026-08-16T08:15:00+00:00,22411191-3,Dew Point,CURRENT,°C,12.879142335761946
2026-08-16T08:15:00+00:00,22411525-1,Temperature,CURRENT,°C,13.038945312499997
2026-08-16T08:15:00+00:00,22411525-2,RH,CURRENT,%,96.411078049897
2026-08-16T08:15:00+00:00,22411525-3,Dew Point,CURRENT,°C,12.496259380799126
2026-08-16T08:15:00+00:00,22411526-1,Temperature,CURRENT,°C,11.9020849609375
2026-08-16T08:15:00+00:00,22411526-2,RH,CURRENT,%,99.9298084992752
2026-08-16T08:15:00+00:00,22411526-3,Dew Point,CURRENT,°C,11.905502756819015
2026-08-16T08:15:00+00:00,22411527-1,Temperature,CURRENT,°C,13.060395507812501
2026-08-16T08:15:00+00:00,22411527-2,RH,CURRENT,%,96.5667200732433
2026-08-16T08:15:00+00:00,22411527-3,Dew Point,CURRENT,°C,12.542252177474175
2026-08-16T08:15:00+00:00,22411528-1,Temperature,CURRENT,°C,11.9449853515625
2026-08-16T08:15:00+00:00,22411528-2,RH,CURRENT,%,100
2026-08-16T08:15:00+00:00,22411528-3,Dew Point,CURRENT,°C,11.95912883589946
2026-08-16T08:15:00+00:00,22411529-1,Temperature,CURRENT,°C,12.588491210937498
2026-08-16T08:15:00+00:00,22411529-2,RH,CURRENT,%,99.56359197375448
2026-08-16T08:15:00+00:00,22411529-3,Dew Point,CURRENT,°C,12.536930362201376
2026-08-16T08:15:00+00:00,22411530-1,Temperature,CURRENT,°C,12.9316943359375
2026-08-16T08:15:00+00:00,22411530-2,RH,CURRENT,%,97.55855649652857
2026-08-16T08:15:00+00:00,22411530-3,Dew Point,CURRENT,°C,12.569710640384514
2026-08-16T08:16:00+00:00,22411541-S,Battery,CURRENT,V,8.293239990234376
2026-08-16T08:20:00+00:00,22411189-1,Temperature,CURRENT,°C,12.138037109374999
2026-08-16T08:20:00+00:00,22411189-2,RH,CURRENT,%,100
2026-08-16T08:20:00+00:00,22411189-3,Dew Point,CURRENT,°C,12.152489066051121
2026-08-16T08:20:00+00:00,22411190-1,Temperature,CURRENT,°C,12.502690429687497
2026-08-16T08:20:00+00:00,22411190-2,RH,CURRENT,%,97.99343862058441
2026-08-16T08:20:00+00:00,22411190-3,Dew Point,CURRENT,°C,12.20896353271269
2026-08-16T08:20:00+00:00,22411191-1,Temperature,CURRENT,°C,13.060395507812501
2026-08-16T08:20:00+00:00,22411191-2,RH,CURRENT,%,97.95223926146333
2026-08-16T08:20:00+00:00,22411191-3,Dew Point,CURRENT,°C,12.759754159989047
2026-08-16T08:20:00+00:00,22411525-1,Temperature,CURRENT,°C,13.124746093749998
2026-08-16T08:20:00+00:00,22411525-2,RH,CURRENT,%,95.4207675288014
2026-08-16T08:20:00+00:00,22411525-3,Dew Point,CURRENT,°C,12.424363313187266
2026-08-16T08:20:00+00:00,22411526-1,Temperature,CURRENT,°C,11.9020849609375
2026-08-16T08:20:00+00:00,22411526-2,RH,CURRENT,%,99.95727473868925
2026-08-16T08:20:00+00:00,22411526-3,Dew Point,CURRENT,°C,11.909673723487128
2026-08-16T08:20:00+00:00,22411527-1,Temperature,CURRENT,°C,13.167646484374998
2026-08-16T08:20:00+00:00,22411527-2,RH,CURRENT,%,95.16899366750592
2026-08-16T08:20:00+00:00,22411527-3,Dew Point,CURRENT,°C,12.426814631718054
2026-08-16T08:20:00+00:00,22411528-1,Temperature,CURRENT,°C,11.9020849609375
2026-08-16T08:20:00+00:00,22411528-2,RH,CURRENT,%,100
2026-08-16T08:20:00+00:00,22411528-3,Dew Point,CURRENT,°C,11.916159893280167
2026-08-16T08:20:00+00:00,22411529-1,Temperature,CURRENT,°C,12.567041015625001
2026-08-16T08:20:00+00:00,22411529-2,RH,CURRENT,%,99.42168307011521
2026-08-16T08:20:00+00:00,22411529-3,Dew Point,CURRENT,°C,12.493706014077603
2026-08-16T08:20:00+00:00,22411530-1,Temperature,CURRENT,°C,12.867343749999996
2026-08-16T08:20:00+00:00,22411530-2,RH,CURRENT,%,96.70405127031357
2026-08-16T08:20:00+00:00,22411530-3,Dew Point,CURRENT,°C,12.371361547372498
2026-08-16T08:21:00+00:00,22411541-S,Battery,CURRENT,V,8.290009277343751
2026-08-16T08:25:00+00:00,22411189-1,Temperature,CURRENT,°C,12.159487304687495
2026-08-16T08:25:00+00:00,22411189-2,RH,CURRENT,%,100
2026-08-16T08:25:00+00:00,22411189-3,Dew Point,CURRENT,°C,12.173973534892705
2026-08-16T08:25:00+00:00,22411190-1,Temperature,CURRENT,°C,12.502690429687497
2026-08-16T08:25:00+00:00,22411190-2,RH,CURRENT,%,97.66384374761577
2026-08-16T08:25:00+00:00,22411190-3,Dew Point,CURRENT,°C,12.157716807344656
2026-08-16T08:25:00+00:00,22411191-1,Temperature,CURRENT,°C,13.081845703124998
2026-08-16T08:25:00+00:00,22411191-2,RH,CURRENT,%,98.53513389791715
2026-08-16T08:25:00+00:00,22411191-3,Dew Point,CURRENT,°C,12.871897681482162
2026-08-16T08:25:00+00:00,22411525-1,Temperature,CURRENT,°C,13.124746093749998
2026-08-16T08:25:00+00:00,22411525-2,RH,CURRENT,%,95.7976653696498
2026-08-16T08:25:00+00:00,22411525-3,Dew Point,CURRENT,°C,12.484455423200831
2026-08-16T08:25:00+00:00,22411526-1,Temperature,CURRENT,°C,11.923535156249997
2026-08-16T08:25:00+00:00,22411526-2,RH,CURRENT,%,99.96643015182727
2026-08-16T08:25:00+00:00,22411526-3,Dew Point,CURRENT,°C,11.93254741615562
2026-08-16T08:25:00+00:00,22411527-1,Temperature,CURRENT,°C,13.210546874999999
2026-08-16T08:25:00+00:00,22411527-2,RH,CURRENT,%,95.75188830395972
2026-08-16T08:25:00+00:00,22411527-3,Dew Point,CURRENT,°C,12.56265152688087
2026-08-16T08:25:00+00:00,22411528-1,Temperature,CURRENT,°C,11.9020849609375
2026-08-16T08:25:00+00:00,22411528-2,RH,CURRENT,%,100
2026-08-16T08:25:00+00:00,22411528-3,Dew Point,CURRENT,°C,11.916159893280167
2026-08-16T08:25:00+00:00,22411529-1,Temperature,CURRENT,°C,12.502690429687497
2026-08-16T08:25:00+00:00,22411529-2,RH,CURRENT,%,99.28435187304494
2026-08-16T08:25:00+00:00,22411529-3,Dew Point,CURRENT,°C,12.408233368401643
2026-08-16T08:25:00+00:00,22411530-1,Temperature,CURRENT,°C,12.910244140624997
2026-08-16T08:25:00+00:00,22411530-2,RH,CURRENT,%,97.05043106736858
2026-08-16T08:25:00+00:00,22411530-3,Dew Point,CURRENT,°C,12.468652994970718
2026-08-16T08:26:00+00:00,22411541-S,Battery,CURRENT,V,8.286778564453126
2026-08-16T08:30:00+00:00,22411189-1,Temperature,CURRENT,°C,12.138037109374999
2026-08-16T08:30:00+00:00,22411189-2,RH,CURRENT,%,100
2026-08-16T08:30:00+00:00,22411189-3,Dew Point,CURRENT,°C,12.152489066051121
2026-08-16T08:30:00+00:00,22411190-1,Temperature,CURRENT,°C,12.416889648437497
2026-08-16T08:30:00+00:00,22411190-2,RH,CURRENT,%,97.70656900892652
2026-08-16T08:30:00+00:00,22411190-3,Dew Point,CURRENT,°C,12.078673109895023
2026-08-16T08:30:00+00:00,22411191-1,Temperature,CURRENT,°C,12.9316943359375
2026-08-16T08:30:00+00:00,22411191-2,RH,CURRENT,%,98.81284809643702
2026-08-16T08:30:00+00:00,22411191-3,Dew Point,CURRENT,°C,12.764779437758996
2026-08-16T08:30:00+00:00,22411525-1,Temperature,CURRENT,°C,12.996044921874997
2026-08-16T08:30:00+00:00,22411525-2,RH,CURRENT,%,95.9487296864271
2026-08-16T08:30:00+00:00,22411525-3,Dew Point,CURRENT,°C,12.380224788068382
2026-08-16T08:30:00+00:00,22411526-1,Temperature,CURRENT,°C,11.8591845703125
2026-08-16T08:30:00+00:00,22411526-2,RH,CURRENT,%,99.98626688029297
2026-08-16T08:30:00+00:00,22411526-3,Dew Point,CURRENT,°C,11.871107092553547
2026-08-16T08:30:00+00:00,22411527-1,Temperature,CURRENT,°C,13.103295898437501
2026-08-16T08:30:00+00:00,22411527-2,RH,CURRENT,%,95.78850995651179
2026-08-16T08:30:00+00:00,22411527-3,Dew Point,CURRENT,°C,12.461626224058419
2026-08-16T08:30:00+00:00,22411528-1,Temperature,CURRENT,°C,11.880634765624997
2026-08-16T08:30:00+00:00,22411528-2,RH,CURRENT,%,100
2026-08-16T08:30:00+00:00,22411528-3,Dew Point,CURRENT,°C,11.89467542161794
2026-08-16T08:30:00+00:00,22411529-1,Temperature,CURRENT,°C,12.567041015625001
2026-08-16T08:30:00+00:00,22411529-2,RH,CURRENT,%,99.49645227740902
2026-08-16T08:30:00+00:00,22411529-3,Dew Point,CURRENT,°C,12.505169791733886
2026-08-16T08:30:00+00:00,22411530-1,Temperature,CURRENT,°C,12.7600927734375
2026-08-16T08:30:00+00:00,22411530-2,RH,CURRENT,%,97.44411383230334
2026-08-16T08:30:00+00:00,22411530-3,Dew Point,CURRENT,°C,12.38046920704044
2026-08-16T08:31:00+00:00,22411541-S,Battery,CURRENT,V,8.286778564453126
2026-08-16T08:35:00+00:00,22411189-1,Temperature,CURRENT,°C,12.159487304687495
2026-08-16T08:35:00+00:00,22411189-2,RH,CURRENT,%,100
2026-08-16T08:35:00+00:00,22411189-3,Dew Point,CURRENT,°C,12.173973534892705
2026-08-16T08:35:00+00:00,22411190-1,Temperature,CURRENT,°C,12.416889648437497
2026-08-16T08:35:00+00:00,22411190-2,RH,CURRENT,%,98.03158617532617
2026-08-16T08:35:00+00:00,22411190-3,Dew Point,CURRENT,°C,12.12915508743428
2026-08-16T08:35:00+00:00,22411191-1,Temperature,CURRENT,°C,12.9316943359375
2026-08-16T08:35:00+00:00,22411191-2,RH,CURRENT,%,99.48119325551232
2026-08-16T08:35:00+00:00,22411191-3,Dew Point,CURRENT,°C,12.867835002914447
2026-08-16T08:35:00+00:00,22411525-1,Temperature,CURRENT,°C,12.996044921874997
2026-08-16T08:35:00+00:00,22411525-2,RH,CURRENT,%,96.76661326009003
2026-08-16T08:35:00+00:00,22411525-3,Dew Point,CURRENT,°C,12.50960498485635
2026-08-16T08:35:00+00:00,22411526-1,Temperature,CURRENT,°C,11.8591845703125
2026-08-16T08:35:00+00:00,22411526-2,RH,CURRENT,%,100
2026-08-16T08:35:00+00:00,22411526-3,Dew Point,CURRENT,°C,11.873190949720664
2026-08-16T08:35:00+00:00,22411527-1,Temperature,CURRENT,°C,13.081845703124998
2026-08-16T08:35:00+00:00,22411527-2,RH,CURRENT,%,96.53925383382925
2026-08-16T08:35:00+00:00,22411527-3,Dew Point,CURRENT,°C,12.559305136089652
2026-08-16T08:35:00+00:00,22411528-1,Temperature,CURRENT,°C,11.923535156249997
2026-08-16T08:35:00+00:00,22411528-2,RH,CURRENT,%,100
2026-08-16T08:35:00+00:00,22411528-3,Dew Point,CURRENT,°C,11.937644364707328
2026-08-16T08:35:00+00:00,22411529-1,Temperature,CURRENT,°C,12.524140625000001
2026-08-16T08:35:00+00:00,22411529-2,RH,CURRENT,%,99.53307392996109
2026-08-16T08:35:00+00:00,22411529-3,Dew Point,CURRENT,°C,12.467837523925445
2026-08-16T08:35:00+00:00,22411530-1,Temperature,CURRENT,°C,12.717192382812499
2026-08-16T08:35:00+00:00,22411530-2,RH,CURRENT,%,97.85152971694514
2026-08-16T08:35:00+00:00,22411530-3,Dew Point,CURRENT,°C,12.401194243789979
2026-08-16T08:36:00+00:00,22411541-S,Battery,CURRENT,V,8.280317138671876
2026-08-16T08:40:00+00:00,22411189-1,Temperature,CURRENT,°C,12.116586914062495
2026-08-16T08:40:00+00:00,22411189-2,RH,CURRENT,%,100
2026-08-16T08:40:00+00:00,22411189-3,Dew Point,CURRENT,°C,12.131004596974481
2026-08-16T08:40:00+00:00,22411190-1,Temperature,CURRENT,°C,12.331088867187496
2026-08-16T08:40:00+00:00,22411190-2,RH,CURRENT,%,97.98580910963607
2026-08-16T08:40:00+00:00,22411190-3,Dew Point,CURRENT,°C,12.03632864853132
2026-08-16T08:40:00+00:00,22411191-1,Temperature,CURRENT,°C,12.867343749999996
2026-08-16T08:40:00+00:00,22411191-2,RH,CURRENT,%,99.61547264820325
2026-08-16T08:40:00+00:00,22411191-3,Dew Point,CURRENT,°C,12.824043796722618
2026-08-16T08:40:00+00:00,22411525-1,Temperature,CURRENT,°C,12.9316943359375
2026-08-16T08:40:00+00:00,22411525-2,RH,CURRENT,%,96.89173723964294
2026-08-16T08:40:00+00:00,22411525-3,Dew Point,CURRENT,°C,12.46510793011701
2026-08-16T08:40:00+00:00,22411526-1,Temperature,CURRENT,°C,11.8591845703125
2026-08-16T08:40:00+00:00,22411526-2,RH,CURRENT,%,100
2026-08-16T08:40:00+00:00,22411526-3,Dew Point,CURRENT,°C,11.873190949720664
2026-08-16T08:40:00+00:00,22411527-1,Temperature,CURRENT,°C,13.060395507812501
2026-08-16T08:40:00+00:00,22411527-2,RH,CURRENT,%,96.74372472724498
2026-08-16T08:40:00+00:00,22411527-3,Dew Point,CURRENT,°C,12.570190860432712
2026-08-16T08:40:00+00:00,22411528-1,Temperature,CURRENT,°C,11.966435546874997
2026-08-16T08:40:00+00:00,22411528-2,RH,CURRENT,%,100
2026-08-16T08:40:00+00:00,22411528-3,Dew Point,CURRENT,°C,11.980613306856515
2026-08-16T08:40:00+00:00,22411529-1,Temperature,CURRENT,°C,12.567041015625001
2026-08-16T08:40:00+00:00,22411529-2,RH,CURRENT,%,99.60173952849622
2026-08-16T08:40:00+00:00,22411529-3,Dew Point,CURRENT,°C,12.521299842872008
2026-08-16T08:40:00+00:00,22411530-1,Temperature,CURRENT,°C,12.674291992187499
2026-08-16T08:40:00+00:00,22411530-2,RH,CURRENT,%,98.10940718699932
2026-08-16T08:40:00+00:00,22411530-3,Dew Point,CURRENT,°C,12.398435140023771
2026-08-16T08:41:00+00:00,22411541-S,Battery,CURRENT,V,8.273855712890626
2026-08-16T08:45:00+00:00,22411189-1,Temperature,CURRENT,°C,12.116586914062495
2026-08-16T08:45:00+00:00,22411189-2,RH,CURRENT,%,100
2026-08-16T08:45:00+00:00,22411189-3,Dew Point,CURRENT,°C,12.131004596974481
2026-08-16T08:45:00+00:00,22411190-1,Temperature,CURRENT,°C,12.245288085937496
2026-08-16T08:45:00+00:00,22411190-2,RH,CURRENT,%,98.14908064393073
2026-08-16T08:45:00+00:00,22411190-3,Dew Point,CURRENT,°C,11.97588305071183
2026-08-16T08:45:00+00:00,22411191-1,Temperature,CURRENT,°C,12.8458935546875
2026-08-16T08:45:00+00:00,22411191-2,RH,CURRENT,%,99.98168917372396
2026-08-16T08:45:00+00:00,22411191-3,Dew Point,CURRENT,°C,12.858675832744371
2026-08-16T08:45:00+00:00,22411525-1,Temperature,CURRENT,°C,12.9745947265625
2026-08-16T08:45:00+00:00,22411525-2,RH,CURRENT,%,97.22896162355993
2026-08-16T08:45:00+00:00,22411525-3,Dew Point,CURRENT,°C,12.560908264671957
2026-08-16T08:45:00+00:00,22411526-1,Temperature,CURRENT,°C,11.9449853515625
2026-08-16T08:45:00+00:00,22411526-2,RH,CURRENT,%,100
2026-08-16T08:45:00+00:00,22411526-3,Dew Point,CURRENT,°C,11.95912883589946
2026-08-16T08:45:00+00:00,22411527-1,Temperature,CURRENT,°C,13.124746093749998
2026-08-16T08:45:00+00:00,22411527-2,RH,CURRENT,%,97.10231174181735
2026-08-16T08:45:00+00:00,22411527-3,Dew Point,CURRENT,°C,12.690875890343134
2026-08-16T08:45:00+00:00,22411528-1,Temperature,CURRENT,°C,12.138037109374999
2026-08-16T08:45:00+00:00,22411528-2,RH,CURRENT,%,100
2026-08-16T08:45:00+00:00,22411528-3,Dew Point,CURRENT,°C,12.152489066051121
2026-08-16T08:45:00+00:00,22411529-1,Temperature,CURRENT,°C,12.695742187499995
2026-08-16T08:45:00+00:00,22411529-2,RH,CURRENT,%,99.95269703212024
2026-08-16T08:45:00+00:00,22411529-3,Dew Point,CURRENT,°C,12.703858107631984
2026-08-16T08:45:00+00:00,22411530-1,Temperature,CURRENT,°C,12.652841796874995
2026-08-16T08:45:00+00:00,22411530-2,RH,CURRENT,%,98.51071946288243
2026-08-16T08:45:00+00:00,22411530-3,Dew Point,CURRENT,°C,12.439204462750116
2026-08-16T08:46:00+00:00,22411541-S,Battery,CURRENT,V,8.280317138671876
2026-08-16T08:50:00+00:00,22411189-1,Temperature,CURRENT,°C,12.3525390625
2026-08-16T08:50:00+00:00,22411189-2,RH,CURRENT,%,100
2026-08-16T08:50:00+00:00,22411189-3,Dew Point,CURRENT,°C,12.36733374388959
2026-08-16T08:50:00+00:00,22411190-1,Temperature,CURRENT,°C,12.459790039062497
2026-08-16T08:50:00+00:00,22411190-2,RH,CURRENT,%,98.79911497673
2026-08-16T08:50:00+00:00,22411190-3,Dew Point,CURRENT,°C,12.290693170663218
2026-08-16T08:50:00+00:00,22411191-1,Temperature,CURRENT,°C,13.0174951171875
2026-08-16T08:50:00+00:00,22411191-2,RH,CURRENT,%,100
2026-08-16T08:50:00+00:00,22411191-3,Dew Point,CURRENT,°C,13.033352095812553
2026-08-16T08:50:00+00:00,22411525-1,Temperature,CURRENT,°C,13.103295898437501
2026-08-16T08:50:00+00:00,22411525-2,RH,CURRENT,%,97.2854200045777
2026-08-16T08:50:00+00:00,22411525-3,Dew Point,CURRENT,°C,12.698239664138429
2026-08-16T08:50:00+00:00,22411526-1,Temperature,CURRENT,°C,12.095136718749998
2026-08-16T08:50:00+00:00,22411526-2,RH,CURRENT,%,100
2026-08-16T08:50:00+00:00,22411526-3,Dew Point,CURRENT,°C,12.109520127662792
2026-08-16T08:50:00+00:00,22411527-1,Temperature,CURRENT,°C,13.253447265624999
2026-08-16T08:50:00+00:00,22411527-2,RH,CURRENT,%,97.22590981918059
2026-08-16T08:50:00+00:00,22411527-3,Dew Point,CURRENT,°C,12.838769592365109
2026-08-16T08:50:00+00:00,22411528-1,Temperature,CURRENT,°C,12.288188476562496
2026-08-16T08:50:00+00:00,22411528-2,RH,CURRENT,%,100
2026-08-16T08:50:00+00:00,22411528-3,Dew Point,CURRENT,°C,12.302880343006105
2026-08-16T08:50:00+00:00,22411529-1,Temperature,CURRENT,°C,12.824443359374996
2026-08-16T08:50:00+00:00,22411529-2,RH,CURRENT,%,100
2026-08-16T08:50:00+00:00,22411529-3,Dew Point,CURRENT,°C,12.839991952395497
2026-08-16T08:50:00+00:00,22411530-1,Temperature,CURRENT,°C,12.8887939453125
2026-08-16T08:50:00+00:00,22411530-2,RH,CURRENT,%,98.83268482490273
2026-08-16T08:50:00+00:00,22411530-3,Dew Point,CURRENT,°C,12.724939583343144
2026-08-16T08:51:00+00:00,22411541-S,Battery,CURRENT,V,8.280317138671876
2026-08-16T08:55:00+00:00,22411189-1,Temperature,CURRENT,°C,12.652841796874995
2026-08-16T08:55:00+00:00,22411189-2,RH,CURRENT,%,100
2026-08-16T08:55:00+00:00,22411189-3,Dew Point,CURRENT,°C,12.668116253374503
2026-08-16T08:55:00+00:00,22411190-1,Temperature,CURRENT,°C,12.738642578124995
2026-08-16T08:55:00+00:00,22411190-2,RH,CURRENT,%,98.9196612497139
2026-08-16T08:55:00+00:00,22411190-3,Dew Point,CURRENT,°C,12.588186486551118
2026-08-16T08:55:00+00:00,22411191-1,Temperature,CURRENT,°C,13.274897460937495
2026-08-16T08:55:00+00:00,22411191-2,RH,CURRENT,%,100
2026-08-16T08:55:00+00:00,22411191-3,Dew Point,CURRENT,°C,13.291165590751945
2026-08-16T08:55:00+00:00,22411525-1,Temperature,CURRENT,°C,13.425048828125
2026-08-16T08:55:00+00:00,22411525-2,RH,CURRENT,%,96.47821774624246
2026-08-16T08:55:00+00:00,22411525-3,Dew Point,CURRENT,°C,12.891905925666572
2026-08-16T08:55:00+00:00,22411526-1,Temperature,CURRENT,°C,12.373989257812497
2026-08-16T08:55:00+00:00,22411526-2,RH,CURRENT,%,100
2026-08-16T08:55:00+00:00,22411526-3,Dew Point,CURRENT,°C,12.388818210380645
2026-08-16T08:55:00+00:00,22411527-1,Temperature,CURRENT,°C,13.618100585937498
2026-08-16T08:55:00+00:00,22411527-2,RH,CURRENT,%,95.91210803387503
2026-08-16T08:55:00+00:00,22411527-3,Dew Point,CURRENT,°C,12.994290038874453
2026-08-16T08:55:00+00:00,22411528-1,Temperature,CURRENT,°C,12.524140625000001
2026-08-16T08:55:00+00:00,22411528-2,RH,CURRENT,%,100
2026-08-16T08:55:00+00:00,22411528-3,Dew Point,CURRENT,°C,12.539209469236532
2026-08-16T08:55:00+00:00,22411529-1,Temperature,CURRENT,°C,12.9745947265625
2026-08-16T08:55:00+00:00,22411529-2,RH,CURRENT,%,100
2026-08-16T08:55:00+00:00,22411529-3,Dew Point,CURRENT,°C,12.990383176698584
2026-08-16T08:55:00+00:00,22411530-1,Temperature,CURRENT,°C,13.060395507812501
2026-08-16T08:55:00+00:00,22411530-2,RH,CURRENT,%,98.83268482490273
2026-08-16T08:55:00+00:00,22411530-3,Dew Point,CURRENT,°C,12.896569039486042
2026-08-16T08:56:00+00:00,22411541-S,Battery,CURRENT,V,8.280317138671876
2026-08-16T09:00:00+00:00,22411189-1,Temperature,CURRENT,°C,12.717192382812499
2026-08-16T09:00:00+00:00,22411189-2,RH,CURRENT,%,100
2026-08-16T09:00:00+00:00,22411189-3,Dew Point,CURRENT,°C,12.732569642270278
2026-08-16T09:00:00+00:00,22411190-1,Temperature,CURRENT,°C,12.824443359374996
2026-08-16T09:00:00+00:00,22411190-2,RH,CURRENT,%,98.85557335774777
2026-08-16T09:00:00+00:00,22411190-3,Dew Point,CURRENT,°C,12.664114241865006
2026-08-16T09:00:00+00:00,22411191-1,Temperature,CURRENT,°C,13.317797851562496
2026-08-16T09:00:00+00:00,22411191-2,RH,CURRENT,%,99.5925841153582
2026-08-16T09:00:00+00:00,22411191-3,Dew Point,CURRENT,°C,13.271479178305386
2026-08-16T09:00:00+00:00,22411525-1,Temperature,CURRENT,°C,13.446499023437497
2026-08-16T09:00:00+00:00,22411525-2,RH,CURRENT,%,96.18066681925688
2026-08-16T09:00:00+00:00,22411525-3,Dew Point,CURRENT,°C,12.866046023139088
2026-08-16T09:00:00+00:00,22411526-1,Temperature,CURRENT,°C,12.545590820312498
2026-08-16T09:00:00+00:00,22411526-2,RH,CURRENT,%,100
2026-08-16T09:00:00+00:00,22411526-3,Dew Point,CURRENT,°C,12.56069393384716
2026-08-16T09:00:00+00:00,22411527-1,Temperature,CURRENT,°C,13.618100585937498
2026-08-16T09:00:00+00:00,22411527-2,RH,CURRENT,%,95.49095902952621
2026-08-16T09:00:00+00:00,22411527-3,Dew Point,CURRENT,°C,12.926935564599082
2026-08-16T09:00:00+00:00,22411528-1,Temperature,CURRENT,°C,12.652841796874995
2026-08-16T09:00:00+00:00,22411528-2,RH,CURRENT,%,100
2026-08-16T09:00:00+00:00,22411528-3,Dew Point,CURRENT,°C,12.668116253374503
2026-08-16T09:00:00+00:00,22411529-1,Temperature,CURRENT,°C,13.124746093749998
2026-08-16T09:00:00+00:00,22411529-2,RH,CURRENT,%,100
2026-08-16T09:00:00+00:00,22411529-3,Dew Point,CURRENT,°C,13.140774389484065
2026-08-16T09:00:00+00:00,22411530-1,Temperature,CURRENT,°C,13.124746093749998
2026-08-16T09:00:00+00:00,22411530-2,RH,CURRENT,%,98.4924086366064
2026-08-16T09:00:00+00:00,22411530-3,Dew Point,CURRENT,°C,12.908153828777085
2026-08-16T09:01:00+00:00,22411541-S,Battery,CURRENT,V,8.280317138671876
2026-08-16T09:05:00+00:00,22411189-1,Temperature,CURRENT,°C,12.674291992187499
2026-08-16T09:05:00+00:00,22411189-2,RH,CURRENT,%,100
2026-08-16T09:05:00+00:00,22411189-3,Dew Point,CURRENT,°C,12.689600716574816
2026-08-16T09:05:00+00:00,22411190-1,Temperature,CURRENT,°C,12.824443359374996
2026-08-16T09:05:00+00:00,22411190-2,RH,CURRENT,%,98.92271305409324
2026-08-16T09:05:00+00:00,22411190-3,Dew Point,CURRENT,°C,12.674481635786405
2026-08-16T09:05:00+00:00,22411191-1,Temperature,CURRENT,°C,13.231997070312495
2026-08-16T09:05:00+00:00,22411191-2,RH,CURRENT,%,99.85198748760205
2026-08-16T09:05:00+00:00,22411191-3,Dew Point,CURRENT,°C,13.225475776160996
2026-08-16T09:05:00+00:00,22411525-1,Temperature,CURRENT,°C,13.339248046875
2026-08-16T09:05:00+00:00,22411525-2,RH,CURRENT,%,96.68421454184787
2026-08-16T09:05:00+00:00,22411525-3,Dew Point,CURRENT,°C,12.838952883500175
2026-08-16T09:05:00+00:00,22411526-1,Temperature,CURRENT,°C,12.545590820312498
2026-08-16T09:05:00+00:00,22411526-2,RH,CURRENT,%,100
2026-08-16T09:05:00+00:00,22411526-3,Dew Point,CURRENT,°C,12.56069393384716
2026-08-16T09:05:00+00:00,22411527-1,Temperature,CURRENT,°C,13.489399414062497
2026-08-16T09:05:00+00:00,22411527-2,RH,CURRENT,%,96.29510948348211
2026-08-16T09:05:00+00:00,22411527-3,Dew Point,CURRENT,°C,12.92700550217212
2026-08-16T09:05:00+00:00,22411528-1,Temperature,CURRENT,°C,12.674291992187499
2026-08-16T09:05:00+00:00,22411528-2,RH,CURRENT,%,100
2026-08-16T09:05:00+00:00,22411528-3,Dew Point,CURRENT,°C,12.689600716574816
2026-08-16T09:05:00+00:00,22411529-1,Temperature,CURRENT,°C,13.189096679687495
2026-08-16T09:05:00+00:00,22411529-2,RH,CURRENT,%,100
2026-08-16T09:05:00+00:00,22411529-3,Dew Point,CURRENT,°C,13.205227762866325
2026-08-16T09:05:00+00:00,22411530-1,Temperature,CURRENT,°C,13.038945312499997
2026-08-16T09:05:00+00:00,22411530-2,RH,CURRENT,%,98.46494239719235
2026-08-16T09:05:00+00:00,22411530-3,Dew Point,CURRENT,°C,12.818111263340148
2026-08-16T09:06:00+00:00,22411541-S,Battery,CURRENT,V,8.280317138671876
2026-08-16T09:10:00+00:00,22411189-1,Temperature,CURRENT,°C,12.631391601562498
2026-08-16T09:10:00+00:00,22411189-2,RH,CURRENT,%,100
2026-08-16T09:10:00+00:00,22411189-3,Dew Point,CURRENT,°C,12.646631789939144
2026-08-16T09:10:00+00:00,22411190-1,Temperature,CURRENT,°C,12.7600927734375
2026-08-16T09:10:00+00:00,22411190-2,RH,CURRENT,%,98.87846189059282
2026-08-16T09:10:00+00:00,22411190-3,Dew Point,CURRENT,°C,12.60328452083011
2026-08-16T09:10:00+00:00,22411191-1,Temperature,CURRENT,°C,13.103295898437501
2026-08-16T09:10:00+00:00,22411191-2,RH,CURRENT,%,99.76958876935988
2026-08-16T09:10:00+00:00,22411191-3,Dew Point,CURRENT,°C,13.083943806937315
2026-08-16T09:10:00+00:00,22411525-1,Temperature,CURRENT,°C,13.210546874999999
2026-08-16T09:10:00+00:00,22411525-2,RH,CURRENT,%,96.44159609369039
2026-08-16T09:10:00+00:00,22411525-3,Dew Point,CURRENT,°C,12.672202733308472
2026-08-16T09:10:00+00:00,22411526-1,Temperature,CURRENT,°C,12.502690429687497
2026-08-16T09:10:00+00:00,22411526-2,RH,CURRENT,%,100
2026-08-16T09:10:00+00:00,22411526-3,Dew Point,CURRENT,°C,12.517725004390847
2026-08-16T09:10:00+00:00,22411527-1,Temperature,CURRENT,°C,13.339248046875
2026-08-16T09:10:00+00:00,22411527-2,RH,CURRENT,%,96.28747997253376
2026-08-16T09:10:00+00:00,22411527-3,Dew Point,CURRENT,°C,12.776095649460096
2026-08-16T09:10:00+00:00,22411528-1,Temperature,CURRENT,°C,12.652841796874995
2026-08-16T09:10:00+00:00,22411528-2,RH,CURRENT,%,100
2026-08-16T09:10:00+00:00,22411528-3,Dew Point,CURRENT,°C,12.668116253374503
2026-08-16T09:10:00+00:00,22411529-1,Temperature,CURRENT,°C,13.167646484374998
2026-08-16T09:10:00+00:00,22411529-2,RH,CURRENT,%,100
2026-08-16T09:10:00+00:00,22411529-3,Dew Point,CURRENT,°C,13.183743305307294
2026-08-16T09:10:00+00:00,22411530-1,Temperature,CURRENT,°C,12.9745947265625
2026-08-16T09:10:00+00:00,22411530-2,RH,CURRENT,%,98.37491416800184
2026-08-16T09:10:00+00:00,22411530-3,Dew Point,CURRENT,°C,12.739802849105788
2026-08-16T09:11:00+00:00,22411541-S,Battery,CURRENT,V,8.283547851562501
2026-08-16T09:15:00+00:00,22411189-1,Temperature,CURRENT,°C,12.588491210937498
2026-08-16T09:15:00+00:00,22411189-2,RH,CURRENT,%,100
2026-08-16T09:15:00+00:00,22411189-3,Dew Point,CURRENT,°C,12.603662862363255
2026-08-16T09:15:00+00:00,22411190-1,Temperature,CURRENT,°C,12.8029931640625
2026-08-16T09:15:00+00:00,22411190-2,RH,CURRENT,%,98.89524681467918
2026-08-16T09:15:00+00:00,22411190-3,Dew Point,CURRENT,°C,12.648785816628838
2026-08-16T09:15:00+00:00,22411191-1,Temperature,CURRENT,°C,13.146196289062502
2026-08-16T09:15:00+00:00,22411191-2,RH,CURRENT,%,100
2026-08-16T09:15:00+00:00,22411191-3,Dew Point,CURRENT,°C,13.162258847513204
2026-08-16T09:15:00+00:00,22411525-1,Temperature,CURRENT,°C,13.210546874999999
2026-08-16T09:15:00+00:00,22411525-2,RH,CURRENT,%,97.07789730678263
2026-08-16T09:15:00+00:00,22411525-3,Dew Point,CURRENT,°C,12.77266262797318
2026-08-16T09:15:00+00:00,22411526-1,Temperature,CURRENT,°C,12.459790039062497
2026-08-16T09:15:00+00:00,22411526-2,RH,CURRENT,%,100
2026-08-16T09:15:00+00:00,22411526-3,Dew Point,CURRENT,°C,12.474756073994321
2026-08-16T09:15:00+00:00,22411527-1,Temperature,CURRENT,°C,13.339248046875
2026-08-16T09:15:00+00:00,22411527-2,RH,CURRENT,%,96.84901197833219
2026-08-16T09:15:00+00:00,22411527-3,Dew Point,CURRENT,°C,12.864996263976645
2026-08-16T09:15:00+00:00,22411528-1,Temperature,CURRENT,°C,12.631391601562498
2026-08-16T09:15:00+00:00,22411528-2,RH,CURRENT,%,100
2026-08-16T09:15:00+00:00,22411528-3,Dew Point,CURRENT,°C,12.646631789939144
2026-08-16T09:15:00+00:00,22411529-1,Temperature,CURRENT,°C,13.167646484374998
2026-08-16T09:15:00+00:00,22411529-2,RH,CURRENT,%,100
2026-08-16T09:15:00+00:00,22411529-3,Dew Point,CURRENT,°C,13.183743305307294
2026-08-16T09:15:00+00:00,22411530-1,Temperature,CURRENT,°C,13.038945312499997
2026-08-16T09:15:00+00:00,22411530-2,RH,CURRENT,%,98.79453727016099
2026-08-16T09:15:00+00:00,22411530-3,Dew Point,CURRENT,°C,12.869210743258488
2026-08-16T09:16:00+00:00,22411541-S,Battery,CURRENT,V,8.273855712890626
2026-08-16T09:20:00+00:00,22411189-1,Temperature,CURRENT,°C,12.652841796874995
2026-08-16T09:20:00+00:00,22411189-2,RH,CURRENT,%,100
2026-08-16T09:20:00+00:00,22411189-3,Dew Point,CURRENT,°C,12.668116253374503
2026-08-16T09:20:00+00:00,22411190-1,Temperature,CURRENT,°C,12.824443359374996
2026-08-16T09:20:00+00:00,22411190-2,RH,CURRENT,%,98.91508354314489
2026-08-16T09:20:00+00:00,22411190-3,Dew Point,CURRENT,°C,12.673303834035735
2026-08-16T09:20:00+00:00,22411191-1,Temperature,CURRENT,°C,13.146196289062502
2026-08-16T09:20:00+00:00,22411191-2,RH,CURRENT,%,100
2026-08-16T09:20:00+00:00,22411191-3,Dew Point,CURRENT,°C,13.162258847513204
2026-08-16T09:20:00+00:00,22411525-1,Temperature,CURRENT,°C,13.189096679687495
2026-08-16T09:20:00+00:00,22411525-2,RH,CURRENT,%,96.92225528343633
2026-08-16T09:20:00+00:00,22411525-3,Dew Point,CURRENT,°C,12.726740646490972
2026-08-16T09:20:00+00:00,22411526-1,Temperature,CURRENT,°C,12.567041015625001
2026-08-16T09:20:00+00:00,22411526-2,RH,CURRENT,%,100
2026-08-16T09:20:00+00:00,22411526-3,Dew Point,CURRENT,°C,12.58217839822274
2026-08-16T09:20:00+00:00,22411527-1,Temperature,CURRENT,°C,13.29634765625
2026-08-16T09:20:00+00:00,22411527-2,RH,CURRENT,%,96.82764934767681
2026-08-16T09:20:00+00:00,22411527-3,Dew Point,CURRENT,°C,12.818822471073801
2026-08-16T09:20:00+00:00,22411528-1,Temperature,CURRENT,°C,12.674291992187499
2026-08-16T09:20:00+00:00,22411528-2,RH,CURRENT,%,100
2026-08-16T09:20:00+00:00,22411528-3,Dew Point,CURRENT,°C,12.689600716574816
2026-08-16T09:20:00+00:00,22411529-1,Temperature,CURRENT,°C,13.189096679687495
2026-08-16T09:20:00+00:00,22411529-2,RH,CURRENT,%,100
2026-08-16T09:20:00+00:00,22411529-3,Dew Point,CURRENT,°C,13.205227762866325
2026-08-16T09:20:00+00:00,22411530-1,Temperature,CURRENT,°C,13.0174951171875
2026-08-16T09:20:00+00:00,22411530-2,RH,CURRENT,%,98.62211032272832
2026-08-16T09:20:00+00:00,22411530-3,Dew Point,CURRENT,°C,12.82104875537653
2026-08-16T09:21:00+00:00,22411541-S,Battery,CURRENT,V,8.273855712890626
2026-08-16T09:25:00+00:00,22411189-1,Temperature,CURRENT,°C,12.674291992187499
2026-08-16T09:25:00+00:00,22411189-2,RH,CURRENT,%,100
2026-08-16T09:25:00+00:00,22411189-3,Dew Point,CURRENT,°C,12.689600716574816
2026-08-16T09:25:00+00:00,22411190-1,Temperature,CURRENT,°C,12.781542968749996
2026-08-16T09:25:00+00:00,22411190-2,RH,CURRENT,%,98.92271305409324
2026-08-16T09:25:00+00:00,22411190-3,Dew Point,CURRENT,°C,12.631569460603105
2026-08-16T09:25:00+00:00,22411191-1,Temperature,CURRENT,°C,13.038945312499997
2026-08-16T09:25:00+00:00,22411191-2,RH,CURRENT,%,99.829098954757
2026-08-16T09:25:00+00:00,22411191-3,Dew Point,CURRENT,°C,13.028639888246769
2026-08-16T09:25:00+00:00,22411525-1,Temperature,CURRENT,°C,13.060395507812501
2026-08-16T09:25:00+00:00,22411525-2,RH,CURRENT,%,96.83985656519417
2026-08-16T09:25:00+00:00,22411525-3,Dew Point,CURRENT,°C,12.58534565264771
2026-08-16T09:25:00+00:00,22411526-1,Temperature,CURRENT,°C,12.631391601562498
2026-08-16T09:25:00+00:00,22411526-2,RH,CURRENT,%,100
2026-08-16T09:25:00+00:00,22411526-3,Dew Point,CURRENT,°C,12.646631789939144
2026-08-16T09:25:00+00:00,22411527-1,Temperature,CURRENT,°C,13.124746093749998
2026-08-16T09:25:00+00:00,22411527-2,RH,CURRENT,%,96.74982833600366
2026-08-16T09:25:00+00:00,22411527-3,Dew Point,CURRENT,°C,12.635347394620009
2026-08-16T09:25:00+00:00,22411528-1,Temperature,CURRENT,°C,12.781542968749996
2026-08-16T09:25:00+00:00,22411528-2,RH,CURRENT,%,100
2026-08-16T09:25:00+00:00,22411528-3,Dew Point,CURRENT,°C,12.797023029050566
2026-08-16T09:25:00+00:00,22411529-1,Temperature,CURRENT,°C,13.210546874999999
2026-08-16T09:25:00+00:00,22411529-2,RH,CURRENT,%,100
2026-08-16T09:25:00+00:00,22411529-3,Dew Point,CURRENT,°C,13.22671222019031
2026-08-16T09:25:00+00:00,22411530-1,Temperature,CURRENT,°C,12.953144531249997
2026-08-16T09:25:00+00:00,22411530-2,RH,CURRENT,%,98.6434729533837
2026-08-16T09:25:00+00:00,22411530-3,Dew Point,CURRENT,°C,12.760014108320057
2026-08-16T09:26:00+00:00,22411541-S,Battery,CURRENT,V,8.273855712890626
2026-08-16T09:30:00+00:00,22411189-1,Temperature,CURRENT,°C,12.8458935546875
2026-08-16T09:30:00+00:00,22411189-2,RH,CURRENT,%,100
2026-08-16T09:30:00+00:00,22411189-3,Dew Point,CURRENT,°C,12.861476413715383
2026-08-16T09:30:00+00:00,22411190-1,Temperature,CURRENT,°C,12.8887939453125
2026-08-16T09:30:00+00:00,22411190-2,RH,CURRENT,%,98.97306782635233
2026-08-16T09:30:00+00:00,22411190-3,Dew Point,CURRENT,°C,12.746625366882784
2026-08-16T09:30:00+00:00,22411191-1,Temperature,CURRENT,°C,13.081845703124998
2026-08-16T09:30:00+00:00,22411191-2,RH,CURRENT,%,100
2026-08-16T09:30:00+00:00,22411191-3,Dew Point,CURRENT,°C,13.097805472720621
2026-08-16T09:30:00+00:00,22411525-1,Temperature,CURRENT,°C,13.081845703124998
2026-08-16T09:30:00+00:00,22411525-2,RH,CURRENT,%,97.25795376516365
2026-08-16T09:30:00+00:00,22411525-3,Dew Point,CURRENT,°C,12.672515358604988
2026-08-16T09:30:00+00:00,22411526-1,Temperature,CURRENT,°C,12.8029931640625
2026-08-16T09:30:00+00:00,22411526-2,RH,CURRENT,%,100
2026-08-16T09:30:00+00:00,22411526-3,Dew Point,CURRENT,°C,12.81850749084056
2026-08-16T09:30:00+00:00,22411527-1,Temperature,CURRENT,°C,13.167646484374998
2026-08-16T09:30:00+00:00,22411527-2,RH,CURRENT,%,97.0794232089723
2026-08-16T09:30:00+00:00,22411527-3,Dew Point,CURRENT,°C,12.730089196047931
2026-08-16T09:30:00+00:00,22411528-1,Temperature,CURRENT,°C,12.9316943359375
2026-08-16T09:30:00+00:00,22411528-2,RH,CURRENT,%,100
2026-08-16T09:30:00+00:00,22411528-3,Dew Point,CURRENT,°C,12.94741425664439
2026-08-16T09:30:00+00:00,22411529-1,Temperature,CURRENT,°C,13.29634765625
2026-08-16T09:30:00+00:00,22411529-2,RH,CURRENT,%,100
2026-08-16T09:30:00+00:00,22411529-3,Dew Point,CURRENT,°C,13.312650047135714
2026-08-16T09:30:00+00:00,22411530-1,Temperature,CURRENT,°C,13.038945312499997
2026-08-16T09:30:00+00:00,22411530-2,RH,CURRENT,%,98.87235828183414
2026-08-16T09:30:00+00:00,22411530-3,Dew Point,CURRENT,°C,12.8812540546194
2026-08-16T09:31:00+00:00,22411541-S,Battery,CURRENT,V,8.273855712890626
2026-08-16T09:35:00+00:00,22411189-1,Temperature,CURRENT,°C,12.9745947265625
2026-08-16T09:35:00+00:00,22411189-2,RH,CURRENT,%,100
2026-08-16T09:35:00+00:00,22411189-3,Dew Point,CURRENT,°C,12.990383176698584
2026-08-16T09:35:00+00:00,22411190-1,Temperature,CURRENT,°C,12.9745947265625
2026-08-16T09:35:00+00:00,22411190-2,RH,CURRENT,%,99.02800030518044
2026-08-16T09:35:00+00:00,22411190-3,Dew Point,CURRENT,°C,12.840939186458352
2026-08-16T09:35:00+00:00,22411191-1,Temperature,CURRENT,°C,13.146196289062502
2026-08-16T09:35:00+00:00,22411191-2,RH,CURRENT,%,100
2026-08-16T09:35:00+00:00,22411191-3,Dew Point,CURRENT,°C,13.162258847513204
2026-08-16T09:35:00+00:00,22411525-1,Temperature,CURRENT,°C,13.146196289062502
2026-08-16T09:35:00+00:00,22411525-2,RH,CURRENT,%,97.32967116807812
2026-08-16T09:35:00+00:00,22411525-3,Dew Point,CURRENT,°C,12.748012716351486
2026-08-16T09:35:00+00:00,22411526-1,Temperature,CURRENT,°C,12.9745947265625
2026-08-16T09:35:00+00:00,22411526-2,RH,CURRENT,%,100
2026-08-16T09:35:00+00:00,22411526-3,Dew Point,CURRENT,°C,12.990383176698584
2026-08-16T09:35:00+00:00,22411527-1,Temperature,CURRENT,°C,13.231997070312495
2026-08-16T09:35:00+00:00,22411527-2,RH,CURRENT,%,97.10688944838635
2026-08-16T09:35:00+00:00,22411527-3,Dew Point,CURRENT,°C,12.798633704475641
2026-08-16T09:35:00+00:00,22411528-1,Temperature,CURRENT,°C,13.081845703124998
2026-08-16T09:35:00+00:00,22411528-2,RH,CURRENT,%,100
2026-08-16T09:35:00+00:00,22411528-3,Dew Point,CURRENT,°C,13.097805472720621
2026-08-16T09:35:00+00:00,22411529-1,Temperature,CURRENT,°C,13.403598632812496
2026-08-16T09:35:00+00:00,22411529-2,RH,CURRENT,%,100
2026-08-16T09:35:00+00:00,22411529-3,Dew Point,CURRENT,°C,13.420072325528773
2026-08-16T09:35:00+00:00,22411530-1,Temperature,CURRENT,°C,13.081845703124998
2026-08-16T09:35:00+00:00,22411530-2,RH,CURRENT,%,98.8540474555581
2026-08-16T09:35:00+00:00,22411530-3,Dew Point,CURRENT,°C,12.921329556474307
2026-08-16T09:36:00+00:00,22411541-S,Battery,CURRENT,V,8.270625
2026-08-16T09:40:00+00:00,22411189-1,Temperature,CURRENT,°C,13.0174951171875
2026-08-16T09:40:00+00:00,22411189-2,RH,CURRENT,%,100
2026-08-16T09:40:00+00:00,22411189-3,Dew Point,CURRENT,°C,13.033352095812553
2026-08-16T09:40:00+00:00,22411190-1,Temperature,CURRENT,°C,13.038945312499997
2026-08-16T09:40:00+00:00,22411190-2,RH,CURRENT,%,99.02342259861143
2026-08-16T09:40:00+00:00,22411190-3,Dew Point,CURRENT,°C,12.904608510287186
2026-08-16T09:40:00+00:00,22411191-1,Temperature,CURRENT,°C,13.189096679687495
2026-08-16T09:40:00+00:00,22411191-2,RH,CURRENT,%,100
2026-08-16T09:40:00+00:00,22411191-3,Dew Point,CURRENT,°C,13.205227762866325
2026-08-16T09:40:00+00:00,22411525-1,Temperature,CURRENT,°C,13.210546874999999
2026-08-16T09:40:00+00:00,22411525-2,RH,CURRENT,%,97.3159380483711
2026-08-16T09:40:00+00:00,22411525-3,Dew Point,CURRENT,°C,12.810096199705395
2026-08-16T09:40:00+00:00,22411526-1,Temperature,CURRENT,°C,13.038945312499997
2026-08-16T09:40:00+00:00,22411526-2,RH,CURRENT,%,100
2026-08-16T09:40:00+00:00,22411526-3,Dew Point,CURRENT,°C,13.054836555016964
2026-08-16T09:40:00+00:00,22411527-1,Temperature,CURRENT,°C,13.274897460937495
2026-08-16T09:40:00+00:00,22411527-2,RH,CURRENT,%,97.12520027466239
2026-08-16T09:40:00+00:00,22411527-3,Dew Point,CURRENT,°C,12.844331876151472
2026-08-16T09:40:00+00:00,22411528-1,Temperature,CURRENT,°C,13.146196289062502
2026-08-16T09:40:00+00:00,22411528-2,RH,CURRENT,%,100
2026-08-16T09:40:00+00:00,22411528-3,Dew Point,CURRENT,°C,13.162258847513204
2026-08-16T09:40:00+00:00,22411529-1,Temperature,CURRENT,°C,13.446499023437497
2026-08-16T09:40:00+00:00,22411529-2,RH,CURRENT,%,100
2026-08-16T09:40:00+00:00,22411529-3,Dew Point,CURRENT,°C,13.463041235240626
2026-08-16T09:40:00+00:00,22411530-1,Temperature,CURRENT,°C,13.146196289062502
2026-08-16T09:40:00+00:00,22411530-2,RH,CURRENT,%,98.69382772564279
2026-08-16T09:40:00+00:00,22411530-3,Dew Point,CURRENT,°C,12.960862830483338
2026-08-16T09:41:00+00:00,22411541-S,Battery,CURRENT,V,8.270625
2026-08-16T09:45:00+00:00,22411189-1,Temperature,CURRENT,°C,13.124746093749998
2026-08-16T09:45:00+00:00,22411189-2,RH,CURRENT,%,100
2026-08-16T09:45:00+00:00,22411189-3,Dew Point,CURRENT,°C,13.140774389484065
2026-08-16T09:45:00+00:00,22411190-1,Temperature,CURRENT,°C,13.146196289062502
2026-08-16T09:45:00+00:00,22411190-2,RH,CURRENT,%,99.07377737087053
2026-08-16T09:45:00+00:00,22411190-3,Dew Point,CURRENT,°C,13.019686629309275
2026-08-16T09:45:00+00:00,22411191-1,Temperature,CURRENT,°C,13.274897460937495
2026-08-16T09:45:00+00:00,22411191-2,RH,CURRENT,%,100
2026-08-16T09:45:00+00:00,22411191-3,Dew Point,CURRENT,°C,13.291165590751945
2026-08-16T09:45:00+00:00,22411525-1,Temperature,CURRENT,°C,13.253447265624999
2026-08-16T09:45:00+00:00,22411525-2,RH,CURRENT,%,97.66384374761577
2026-08-16T09:45:00+00:00,22411525-3,Dew Point,CURRENT,°C,12.90750745322129
2026-08-16T09:45:00+00:00,22411526-1,Temperature,CURRENT,°C,13.146196289062502
2026-08-16T09:45:00+00:00,22411526-2,RH,CURRENT,%,100
2026-08-16T09:45:00+00:00,22411526-3,Dew Point,CURRENT,°C,13.162258847513204
2026-08-16T09:45:00+00:00,22411527-1,Temperature,CURRENT,°C,13.29634765625
2026-08-16T09:45:00+00:00,22411527-2,RH,CURRENT,%,97.41359578850995
2026-08-16T09:45:00+00:00,22411527-3,Dew Point,CURRENT,°C,12.911093447315944
2026-08-16T09:45:00+00:00,22411528-1,Temperature,CURRENT,°C,13.253447265624999
2026-08-16T09:45:00+00:00,22411528-2,RH,CURRENT,%,100
2026-08-16T09:45:00+00:00,22411528-3,Dew Point,CURRENT,°C,13.269681134133121
2026-08-16T09:45:00+00:00,22411529-1,Temperature,CURRENT,°C,13.575200195312497
2026-08-16T09:45:00+00:00,22411529-2,RH,CURRENT,%,100
2026-08-16T09:45:00+00:00,22411529-3,Dew Point,CURRENT,°C,13.591947958734906
2026-08-16T09:45:00+00:00,22411530-1,Temperature,CURRENT,°C,13.253447265624999
2026-08-16T09:45:00+00:00,22411530-2,RH,CURRENT,%,98.71671625848784
2026-08-16T09:45:00+00:00,22411530-3,Dew Point,CURRENT,°C,13.071664931603967
2026-08-16T09:46:00+00:00,22411541-S,Battery,CURRENT,V,8.280317138671876
2026-08-16T09:50:00+00:00,22411189-1,Temperature,CURRENT,°C,13.231997070312495
2026-08-16T09:50:00+00:00,22411189-2,RH,CURRENT,%,100
2026-08-16T09:50:00+00:00,22411189-3,Dew Point,CURRENT,°C,13.248196677279235
2026-08-16T09:50:00+00:00,22411190-1,Temperature,CURRENT,°C,13.274897460937495
2026-08-16T09:50:00+00:00,22411190-2,RH,CURRENT,%,98.93339436942092
2026-08-16T09:50:00+00:00,22411190-3,Dew Point,CURRENT,°C,13.12671355963332
2026-08-16T09:50:00+00:00,22411191-1,Temperature,CURRENT,°C,13.425048828125
2026-08-16T09:50:00+00:00,22411191-2,RH,CURRENT,%,100
2026-08-16T09:50:00+00:00,22411191-3,Dew Point,CURRENT,°C,13.44155678050223
2026-08-16T09:50:00+00:00,22411525-1,Temperature,CURRENT,°C,13.3821484375
2026-08-16T09:50:00+00:00,22411525-2,RH,CURRENT,%,97.53109025711451
2026-08-16T09:50:00+00:00,22411525-3,Dew Point,CURRENT,°C,13.015212680291793
2026-08-16T09:50:00+00:00,22411526-1,Temperature,CURRENT,°C,13.231997070312495
2026-08-16T09:50:00+00:00,22411526-2,RH,CURRENT,%,100
2026-08-16T09:50:00+00:00,22411526-3,Dew Point,CURRENT,°C,13.248196677279235
2026-08-16T09:50:00+00:00,22411527-1,Temperature,CURRENT,°C,13.403598632812496
2026-08-16T09:50:00+00:00,22411527-2,RH,CURRENT,%,97.48989089799343
2026-08-16T09:50:00+00:00,22411527-3,Dew Point,CURRENT,°C,13.03016104345875
2026-08-16T09:50:00+00:00,22411528-1,Temperature,CURRENT,°C,13.3821484375
2026-08-16T09:50:00+00:00,22411528-2,RH,CURRENT,%,100
2026-08-16T09:50:00+00:00,22411528-3,Dew Point,CURRENT,°C,13.398587870320267
2026-08-16T09:50:00+00:00,22411529-1,Temperature,CURRENT,°C,13.661000976562498
2026-08-16T09:50:00+00:00,22411529-2,RH,CURRENT,%,100
2026-08-16T09:50:00+00:00,22411529-3,Dew Point,CURRENT,°C,13.677885769696712
2026-08-16T09:50:00+00:00,22411530-1,Temperature,CURRENT,°C,13.3821484375
2026-08-16T09:50:00+00:00,22411530-2,RH,CURRENT,%,98.61600671396964
2026-08-16T09:50:00+00:00,22411530-3,Dew Point,CURRENT,°C,13.184716859971713
2026-08-16T09:51:00+00:00,22411541-S,Battery,CURRENT,V,8.270625
2026-08-16T09:55:00+00:00,22411189-1,Temperature,CURRENT,°C,13.339248046875
2026-08-16T09:55:00+00:00,22411189-2,RH,CURRENT,%,100
2026-08-16T09:55:00+00:00,22411189-3,Dew Point,CURRENT,°C,13.355618959198097
2026-08-16T09:55:00+00:00,22411190-1,Temperature,CURRENT,°C,13.403598632812496
2026-08-16T09:55:00+00:00,22411190-2,RH,CURRENT,%,98.81437399862669
2026-08-16T09:55:00+00:00,22411190-3,Dew Point,CURRENT,°C,13.2369851752836
2026-08-16T09:55:00+00:00,22411191-1,Temperature,CURRENT,°C,13.575200195312497
2026-08-16T09:55:00+00:00,22411191-2,RH,CURRENT,%,100
2026-08-16T09:55:00+00:00,22411191-3,Dew Point,CURRENT,°C,13.591947958734906
2026-08-16T09:55:00+00:00,22411525-1,Temperature,CURRENT,°C,13.575200195312497
2026-08-16T09:55:00+00:00,22411525-2,RH,CURRENT,%,97.50972762645914
2026-08-16T09:55:00+00:00,22411525-3,Dew Point,CURRENT,°C,13.204623172405956
2026-08-16T09:55:00+00:00,22411526-1,Temperature,CURRENT,°C,13.339248046875
2026-08-16T09:55:00+00:00,22411526-2,RH,CURRENT,%,100
2026-08-16T09:55:00+00:00,22411526-3,Dew Point,CURRENT,°C,13.355618959198097
2026-08-16T09:55:00+00:00,22411527-1,Temperature,CURRENT,°C,13.661000976562498
2026-08-16T09:55:00+00:00,22411527-2,RH,CURRENT,%,97.59517814908064
2026-08-16T09:55:00+00:00,22411527-3,Dew Point,CURRENT,°C,13.30373904397445
2026-08-16T09:55:00+00:00,22411528-1,Temperature,CURRENT,°C,13.489399414062497
2026-08-16T09:55:00+00:00,22411528-2,RH,CURRENT,%,100
2026-08-16T09:55:00+00:00,22411528-3,Dew Point,CURRENT,°C,13.506010144012269
2026-08-16T09:55:00+00:00,22411529-1,Temperature,CURRENT,°C,13.789702148437499
2026-08-16T09:55:00+00:00,22411529-2,RH,CURRENT,%,100
2026-08-16T09:55:00+00:00,22411529-3,Dew Point,CURRENT,°C,13.806792479087825
2026-08-16T09:55:00+00:00,22411530-1,Temperature,CURRENT,°C,13.55375
2026-08-16T09:55:00+00:00,22411530-2,RH,CURRENT,%,98.90897993438621
2026-08-16T09:55:00+00:00,22411530-3,Dew Point,CURRENT,°C,13.401854509481966
2026-08-16T09:56:00+00:00,22411541-S,Battery,CURRENT,V,8.273855712890626
2026-08-16T10:00:00+00:00,22411189-1,Temperature,CURRENT,°C,13.575200195312497
2026-08-16T10:00:00+00:00,22411189-2,RH,CURRENT,%,100
2026-08-16T10:00:00+00:00,22411189-3,Dew Point,CURRENT,°C,13.591947958734906
2026-08-16T10:00:00+00:00,22411190-1,Temperature,CURRENT,°C,13.618100585937498
2026-08-16T10:00:00+00:00,22411190-2,RH,CURRENT,%,99.09819180590524
2026-08-16T10:00:00+00:00,22411190-3,Dew Point,CURRENT,°C,13.495594333913179
2026-08-16T10:00:00+00:00,22411191-1,Temperature,CURRENT,°C,13.896953124999996
2026-08-16T10:00:00+00:00,22411191-2,RH,CURRENT,%,100
2026-08-16T10:00:00+00:00,22411191-3,Dew Point,CURRENT,°C,13.914214730449794
2026-08-16T10:00:00+00:00,22411525-1,Temperature,CURRENT,°C,13.9184033203125
2026-08-16T10:00:00+00:00,22411525-2,RH,CURRENT,%,98.02548256656749
2026-08-16T10:00:00+00:00,22411525-3,Dew Point,CURRENT,°C,13.628461208176887
2026-08-16T10:00:00+00:00,22411526-1,Temperature,CURRENT,°C,13.489399414062497
2026-08-16T10:00:00+00:00,22411526-2,RH,CURRENT,%,100
2026-08-16T10:00:00+00:00,22411526-3,Dew Point,CURRENT,°C,13.506010144012269
2026-08-16T10:00:00+00:00,22411527-1,Temperature,CURRENT,°C,14.0042041015625
2026-08-16T10:00:00+00:00,22411527-2,RH,CURRENT,%,97.81490806439307
2026-08-16T10:00:00+00:00,22411527-3,Dew Point,CURRENT,°C,13.681081258730808
2026-08-16T10:00:00+00:00,22411528-1,Temperature,CURRENT,°C,13.661000976562498
2026-08-16T10:00:00+00:00,22411528-2,RH,CURRENT,%,100
2026-08-16T10:00:00+00:00,22411528-3,Dew Point,CURRENT,°C,13.677885769696712
2026-08-16T10:00:00+00:00,22411529-1,Temperature,CURRENT,°C,14.025654296874997
2026-08-16T10:00:00+00:00,22411529-2,RH,CURRENT,%,100
2026-08-16T10:00:00+00:00,22411529-3,Dew Point,CURRENT,°C,14.043121424327415
2026-08-16T10:00:00+00:00,22411530-1,Temperature,CURRENT,°C,13.8755029296875
2026-08-16T10:00:00+00:00,22411530-2,RH,CURRENT,%,99.42320897230488
2026-08-16T10:00:00+00:00,22411530-3,Dew Point,CURRENT,°C,13.80356558752491
2026-08-16T10:01:00+00:00,22411541-S,Battery,CURRENT,V,8.270625
2026-08-16T10:05:00+00:00,22411189-1,Temperature,CURRENT,°C,13.811152343749995
2026-08-16T10:05:00+00:00,22411189-2,RH,CURRENT,%,100
2026-08-16T10:05:00+00:00,22411189-3,Dew Point,CURRENT,°C,13.828276929830325
2026-08-16T10:05:00+00:00,22411190-1,Temperature,CURRENT,°C,13.8326025390625
2026-08-16T10:05:00+00:00,22411190-2,RH,CURRENT,%,99.14854657816434
2026-08-16T10:05:00+00:00,22411190-3,Dew Point,CURRENT,°C,13.718022674035971
2026-08-16T10:05:00+00:00,22411191-1,Temperature,CURRENT,°C,14.197255859374998
2026-08-16T10:05:00+00:00,22411191-2,RH,CURRENT,%,100
2026-08-16T10:05:00+00:00,22411191-3,Dew Point,CURRENT,°C,14.214997003001276
2026-08-16T10:05:00+00:00,22411525-1,Temperature,CURRENT,°C,14.304506835937495
2026-08-16T10:05:00+00:00,22411525-2,RH,CURRENT,%,96.64301518272678
2026-08-16T10:05:00+00:00,22411525-3,Dew Point,CURRENT,°C,13.79520320105067
2026-08-16T10:05:00+00:00,22411526-1,Temperature,CURRENT,°C,13.682451171875002
2026-08-16T10:05:00+00:00,22411526-2,RH,CURRENT,%,100
2026-08-16T10:05:00+00:00,22411526-3,Dew Point,CURRENT,°C,13.699370221849534
2026-08-16T10:05:00+00:00,22411527-1,Temperature,CURRENT,°C,14.4117578125
2026-08-16T10:05:00+00:00,22411527-2,RH,CURRENT,%,96.08148317692836
2026-08-16T10:05:00+00:00,22411527-3,Dew Point,CURRENT,°C,13.812346811836584
2026-08-16T10:05:00+00:00,22411528-1,Temperature,CURRENT,°C,13.8326025390625
2026-08-16T10:05:00+00:00,22411528-2,RH,CURRENT,%,100
2026-08-16T10:05:00+00:00,22411528-3,Dew Point,CURRENT,°C,13.849761380337776
2026-08-16T10:05:00+00:00,22411529-1,Temperature,CURRENT,°C,14.197255859374998
2026-08-16T10:05:00+00:00,22411529-2,RH,CURRENT,%,100
2026-08-16T10:05:00+00:00,22411529-3,Dew Point,CURRENT,°C,14.214997003001276
2026-08-16T10:05:00+00:00,22411530-1,Temperature,CURRENT,°C,14.111455078124997
2026-08-16T10:05:00+00:00,22411530-2,RH,CURRENT,%,98.73502708476387
2026-08-16T10:05:00+00:00,22411530-3,Dew Point,CURRENT,°C,13.932545889543274
2026-08-16T10:06:00+00:00,22411541-S,Battery,CURRENT,V,8.260932861328126
2026-08-16T10:10:00+00:00,22411189-1,Temperature,CURRENT,°C,13.811152343749995
2026-08-16T10:10:00+00:00,22411189-2,RH,CURRENT,%,100
2026-08-16T10:10:00+00:00,22411189-3,Dew Point,CURRENT,°C,13.828276929830325
2026-08-16T10:10:00+00:00,22411190-1,Temperature,CURRENT,°C,13.896953124999996
2026-08-16T10:10:00+00:00,22411190-2,RH,CURRENT,%,99.0096894789044
2026-08-16T10:10:00+00:00,22411190-3,Dew Point,CURRENT,°C,13.760819119993986
2026-08-16T10:10:00+00:00,22411191-1,Temperature,CURRENT,°C,14.218706054687502
2026-08-16T10:10:00+00:00,22411191-2,RH,CURRENT,%,99.36369878690776
2026-08-16T10:10:00+00:00,22411191-3,Dew Point,CURRENT,°C,14.137822420373347
2026-08-16T10:10:00+00:00,22411525-1,Temperature,CURRENT,°C,14.283056640624999
2026-08-16T10:10:00+00:00,22411525-2,RH,CURRENT,%,96.17151140611887
2026-08-16T10:10:00+00:00,22411525-3,Dew Point,CURRENT,°C,13.698488879334494
2026-08-16T10:10:00+00:00,22411526-1,Temperature,CURRENT,°C,13.768251953124995
2026-08-16T10:10:00+00:00,22411526-2,RH,CURRENT,%,100
2026-08-16T10:10:00+00:00,22411526-3,Dew Point,CURRENT,°C,13.78530802811027
2026-08-16T10:10:00+00:00,22411527-1,Temperature,CURRENT,°C,14.390307617187496
2026-08-16T10:10:00+00:00,22411527-2,RH,CURRENT,%,95.80224307621882
2026-08-16T10:10:00+00:00,22411527-3,Dew Point,CURRENT,°C,13.746132799883199
2026-08-16T10:10:00+00:00,22411528-1,Temperature,CURRENT,°C,13.896953124999996
2026-08-16T10:10:00+00:00,22411528-2,RH,CURRENT,%,100
2026-08-16T10:10:00+00:00,22411528-3,Dew Point,CURRENT,°C,13.914214730449794
2026-08-16T10:10:00+00:00,22411529-1,Temperature,CURRENT,°C,14.240156249999998
2026-08-16T10:10:00+00:00,22411529-2,RH,CURRENT,%,100
2026-08-16T10:10:00+00:00,22411529-3,Dew Point,CURRENT,°C,14.257965895319217
2026-08-16T10:10:00+00:00,22411530-1,Temperature,CURRENT,°C,14.111455078124997
2026-08-16T10:10:00+00:00,22411530-2,RH,CURRENT,%,97.96139467460135
2026-08-16T10:10:00+00:00,22411530-3,Dew Point,CURRENT,°C,13.811270863454553
2026-08-16T10:11:00+00:00,22411541-S,Battery,CURRENT,V,8.270625
2026-08-16T10:15:00+00:00,22411189-1,Temperature,CURRENT,°C,13.575200195312497
2026-08-16T10:15:00+00:00,22411189-2,RH,CURRENT,%,100
2026-08-16T10:15:00+00:00,22411189-3,Dew Point,CURRENT,°C,13.591947958734906
2026-08-16T10:15:00+00:00,22411190-1,Temperature,CURRENT,°C,13.661000976562498
2026-08-16T10:15:00+00:00,22411190-2,RH,CURRENT,%,98.72587167162585
2026-08-16T10:15:00+00:00,22411190-3,Dew Point,CURRENT,°C,13.480650471975784
2026-08-16T10:15:00+00:00,22411191-1,Temperature,CURRENT,°C,13.896953124999996
2026-08-16T10:15:00+00:00,22411191-2,RH,CURRENT,%,99.01884489204242
2026-08-16T10:15:00+00:00,22411191-3,Dew Point,CURRENT,°C,13.76224341503848
2026-08-16T10:15:00+00:00,22411525-1,Temperature,CURRENT,°C,13.9184033203125
2026-08-16T10:15:00+00:00,22411525-2,RH,CURRENT,%,96.12726024261845
2026-08-16T10:15:00+00:00,22411525-3,Dew Point,CURRENT,°C,13.327931242380961
2026-08-16T10:15:00+00:00,22411526-1,Temperature,CURRENT,°C,13.55375
2026-08-16T10:15:00+00:00,22411526-2,RH,CURRENT,%,100
2026-08-16T10:15:00+00:00,22411526-3,Dew Point,CURRENT,°C,13.570463505406831
2026-08-16T10:15:00+00:00,22411527-1,Temperature,CURRENT,°C,14.0042041015625
2026-08-16T10:15:00+00:00,22411527-2,RH,CURRENT,%,95.95635919737545
2026-08-16T10:15:00+00:00,22411527-3,Dew Point,CURRENT,°C,13.386123446940513
2026-08-16T10:15:00+00:00,22411528-1,Temperature,CURRENT,°C,13.618100585937498
2026-08-16T10:15:00+00:00,22411528-2,RH,CURRENT,%,100
2026-08-16T10:15:00+00:00,22411528-3,Dew Point,CURRENT,°C,13.634916864685916
2026-08-16T10:15:00+00:00,22411529-1,Temperature,CURRENT,°C,14.0900048828125
2026-08-16T10:15:00+00:00,22411529-2,RH,CURRENT,%,100
2026-08-16T10:15:00+00:00,22411529-3,Dew Point,CURRENT,°C,14.107574768093011
2026-08-16T10:15:00+00:00,22411530-1,Temperature,CURRENT,°C,13.8326025390625
2026-08-16T10:15:00+00:00,22411530-2,RH,CURRENT,%,97.38460364690623
2026-08-16T10:15:00+00:00,22411530-3,Dew Point,CURRENT,°C,13.441912342059673
2026-08-16T10:16:00+00:00,22411541-S,Battery,CURRENT,V,8.2577021484375
2026-08-16T10:20:00+00:00,22411189-1,Temperature,CURRENT,°C,13.403598632812496
2026-08-16T10:20:00+00:00,22411189-2,RH,CURRENT,%,100
2026-08-16T10:20:00+00:00,22411189-3,Dew Point,CURRENT,°C,13.420072325528773
2026-08-16T10:20:00+00:00,22411190-1,Temperature,CURRENT,°C,13.510849609375
2026-08-16T10:20:00+00:00,22411190-2,RH,CURRENT,%,98.42984664682994
2026-08-16T10:20:00+00:00,22411190-3,Dew Point,CURRENT,°C,13.284405925057923
2026-08-16T10:20:00+00:00,22411191-1,Temperature,CURRENT,°C,13.703901367187498
2026-08-16T10:20:00+00:00,22411191-2,RH,CURRENT,%,99.09666590371558
2026-08-16T10:20:00+00:00,22411191-3,Dew Point,CURRENT,°C,13.581200033828548
2026-08-16T10:20:00+00:00,22411525-1,Temperature,CURRENT,°C,13.703901367187498
2026-08-16T10:20:00+00:00,22411525-2,RH,CURRENT,%,96.35004196231021
2026-08-16T10:20:00+00:00,22411525-3,Dew Point,CURRENT,°C,13.149601932824057
2026-08-16T10:20:00+00:00,22411526-1,Temperature,CURRENT,°C,13.360698242187496
2026-08-16T10:20:00+00:00,22411526-2,RH,CURRENT,%,100
2026-08-16T10:20:00+00:00,22411526-3,Dew Point,CURRENT,°C,13.37710341487671
2026-08-16T10:20:00+00:00,22411527-1,Temperature,CURRENT,°C,13.768251953124995
2026-08-16T10:20:00+00:00,22411527-2,RH,CURRENT,%,96.20965896086061
2026-08-16T10:20:00+00:00,22411527-3,Dew Point,CURRENT,°C,13.191402985321975
2026-08-16T10:20:00+00:00,22411528-1,Temperature,CURRENT,°C,13.46794921875
2026-08-16T10:20:00+00:00,22411528-2,RH,CURRENT,%,100
2026-08-16T10:20:00+00:00,22411528-3,Dew Point,CURRENT,°C,13.484525689743975
2026-08-16T10:20:00+00:00,22411529-1,Temperature,CURRENT,°C,14.025654296874997
2026-08-16T10:20:00+00:00,22411529-2,RH,CURRENT,%,99.95880064087892
2026-08-16T10:20:00+00:00,22411529-3,Dew Point,CURRENT,°C,14.036759904689841
2026-08-16T10:20:00+00:00,22411530-1,Temperature,CURRENT,°C,13.639550781250001
2026-08-16T10:20:00+00:00,22411530-2,RH,CURRENT,%,97.43038071259632
2026-08-16T10:20:00+00:00,22411530-3,Dew Point,CURRENT,°C,13.256388222783928
2026-08-16T10:21:00+00:00,22411541-S,Battery,CURRENT,V,8.260932861328126
2026-08-16T10:25:00+00:00,22411189-1,Temperature,CURRENT,°C,13.339248046875
2026-08-16T10:25:00+00:00,22411189-2,RH,CURRENT,%,100
2026-08-16T10:25:00+00:00,22411189-3,Dew Point,CURRENT,°C,13.355618959198097
2026-08-16T10:25:00+00:00,22411190-1,Temperature,CURRENT,°C,13.446499023437497
2026-08-16T10:25:00+00:00,22411190-2,RH,CURRENT,%,98.24979018844893
2026-08-16T10:25:00+00:00,22411190-3,Dew Point,CURRENT,°C,13.191998430481972
2026-08-16T10:25:00+00:00,22411191-1,Temperature,CURRENT,°C,13.639550781250001
2026-08-16T10:25:00+00:00,22411191-2,RH,CURRENT,%,99.88097962920577
2026-08-16T10:25:00+00:00,22411191-3,Dew Point,CURRENT,°C,13.638073751352442
2026-08-16T10:25:00+00:00,22411525-1,Temperature,CURRENT,°C,13.639550781250001
2026-08-16T10:25:00+00:00,22411525-2,RH,CURRENT,%,97.30373083085374
2026-08-16T10:25:00+00:00,22411525-3,Dew Point,CURRENT,°C,13.236434153681198
2026-08-16T10:25:00+00:00,22411526-1,Temperature,CURRENT,°C,13.210546874999999
2026-08-16T10:25:00+00:00,22411526-2,RH,CURRENT,%,100
2026-08-16T10:25:00+00:00,22411526-3,Dew Point,CURRENT,°C,13.22671222019031
2026-08-16T10:25:00+00:00,22411527-1,Temperature,CURRENT,°C,13.703901367187498
2026-08-16T10:25:00+00:00,22411527-2,RH,CURRENT,%,97.20759899290455
2026-08-16T10:25:00+00:00,22411527-3,Dew Point,CURRENT,°C,13.285503437484053
2026-08-16T10:25:00+00:00,22411528-1,Temperature,CURRENT,°C,13.360698242187496
2026-08-16T10:25:00+00:00,22411528-2,RH,CURRENT,%,100
2026-08-16T10:25:00+00:00,22411528-3,Dew Point,CURRENT,°C,13.37710341487671
2026-08-16T10:25:00+00:00,22411529-1,Temperature,CURRENT,°C,14.0900048828125
2026-08-16T10:25:00+00:00,22411529-2,RH,CURRENT,%,100
2026-08-16T10:25:00+00:00,22411529-3,Dew Point,CURRENT,°C,14.107574768093011
2026-08-16T10:25:00+00:00,22411530-1,Temperature,CURRENT,°C,13.575200195312497
2026-08-16T10:25:00+00:00,22411530-2,RH,CURRENT,%,98.1811245899138
2026-08-16T10:25:00+00:00,22411530-3,Dew Point,CURRENT,°C,13.309896108992266
2026-08-16T10:26:00+00:00,22411541-S,Battery,CURRENT,V,8.260932861328126
2026-08-16T10:30:00+00:00,22411189-1,Temperature,CURRENT,°C,13.425048828125
2026-08-16T10:30:00+00:00,22411189-2,RH,CURRENT,%,100
2026-08-16T10:30:00+00:00,22411189-3,Dew Point,CURRENT,°C,13.44155678050223
2026-08-16T10:30:00+00:00,22411190-1,Temperature,CURRENT,°C,13.55375
2026-08-16T10:30:00+00:00,22411190-2,RH,CURRENT,%,98.461890592813
2026-08-16T10:30:00+00:00,22411190-3,Dew Point,CURRENT,°C,13.332288324725791
2026-08-16T10:30:00+00:00,22411191-1,Temperature,CURRENT,°C,13.8326025390625
2026-08-16T10:30:00+00:00,22411191-2,RH,CURRENT,%,100
2026-08-16T10:30:00+00:00,22411191-3,Dew Point,CURRENT,°C,13.849761380337776
2026-08-16T10:30:00+00:00,22411525-1,Temperature,CURRENT,°C,13.8755029296875
2026-08-16T10:30:00+00:00,22411525-2,RH,CURRENT,%,97.4914168001831
2026-08-16T10:30:00+00:00,22411525-3,Dew Point,CURRENT,°C,13.501591573751712
2026-08-16T10:30:00+00:00,22411526-1,Temperature,CURRENT,°C,13.210546874999999
2026-08-16T10:30:00+00:00,22411526-2,RH,CURRENT,%,100
2026-08-16T10:30:00+00:00,22411526-3,Dew Point,CURRENT,°C,13.22671222019031
2026-08-16T10:30:00+00:00,22411527-1,Temperature,CURRENT,°C,14.0042041015625
2026-08-16T10:30:00+00:00,22411527-2,RH,CURRENT,%,97.3357747768368
2026-08-16T10:30:00+00:00,22411527-3,Dew Point,CURRENT,°C,13.605514911628394
2026-08-16T10:30:00+00:00,22411528-1,Temperature,CURRENT,°C,13.3821484375
2026-08-16T10:30:00+00:00,22411528-2,RH,CURRENT,%,100
2026-08-16T10:30:00+00:00,22411528-3,Dew Point,CURRENT,°C,13.398587870320267
2026-08-16T10:30:00+00:00,22411529-1,Temperature,CURRENT,°C,14.0900048828125
2026-08-16T10:30:00+00:00,22411529-2,RH,CURRENT,%,100
2026-08-16T10:30:00+00:00,22411529-3,Dew Point,CURRENT,°C,14.107574768093011
2026-08-16T10:30:00+00:00,22411530-1,Temperature,CURRENT,°C,13.725351562499995
2026-08-16T10:30:00+00:00,22411530-2,RH,CURRENT,%,98.7182421606775
2026-08-16T10:30:00+00:00,22411530-3,Dew Point,CURRENT,°C,13.5438143412268
2026-08-16T10:31:00+00:00,22411541-S,Battery,CURRENT,V,8.260932861328126
2026-08-16T10:35:00+00:00,22411189-1,Temperature,CURRENT,°C,13.725351562499995
2026-08-16T10:35:00+00:00,22411189-2,RH,CURRENT,%,100
2026-08-16T10:35:00+00:00,22411189-3,Dew Point,CURRENT,°C,13.742339125450004
2026-08-16T10:35:00+00:00,22411190-1,Temperature,CURRENT,°C,13.8326025390625
2026-08-16T10:35:00+00:00,22411190-2,RH,CURRENT,%,98.54886701762418
2026-08-16T10:35:00+00:00,22411190-3,Dew Point,CURRENT,°C,13.62464184019519
2026-08-16T10:35:00+00:00,22411191-1,Temperature,CURRENT,°C,14.154355468749998
2026-08-16T10:35:00+00:00,22411191-2,RH,CURRENT,%,99.45830472266728
2026-08-16T10:35:00+00:00,22411191-3,Dew Point,CURRENT,°C,14.088115768513902
2026-08-16T10:35:00+00:00,22411525-1,Temperature,CURRENT,°C,14.175805664062501
2026-08-16T10:35:00+00:00,22411525-2,RH,CURRENT,%,96.49195086594949
2026-08-16T10:35:00+00:00,22411525-3,Dew Point,CURRENT,°C,13.64275927793227
2026-08-16T10:35:00+00:00,22411526-1,Temperature,CURRENT,°C,13.489399414062497
2026-08-16T10:35:00+00:00,22411526-2,RH,CURRENT,%,100
2026-08-16T10:35:00+00:00,22411526-3,Dew Point,CURRENT,°C,13.506010144012269
2026-08-16T10:35:00+00:00,22411527-1,Temperature,CURRENT,°C,14.261606445312495
2026-08-16T10:35:00+00:00,22411527-2,RH,CURRENT,%,96.3607232776379
2026-08-16T10:35:00+00:00,22411527-3,Dew Point,CURRENT,°C,13.707366092747234
2026-08-16T10:35:00+00:00,22411528-1,Temperature,CURRENT,°C,13.596650390625001
2026-08-16T10:35:00+00:00,22411528-2,RH,CURRENT,%,100
2026-08-16T10:35:00+00:00,22411528-3,Dew Point,CURRENT,°C,13.613432411827938
2026-08-16T10:35:00+00:00,22411529-1,Temperature,CURRENT,°C,14.068554687499997
2026-08-16T10:35:00+00:00,22411529-2,RH,CURRENT,%,99.95422293430991
2026-08-16T10:35:00+00:00,22411529-3,Dew Point,CURRENT,°C,14.079019410108048
2026-08-16T10:35:00+00:00,22411530-1,Temperature,CURRENT,°C,14.025654296874997
2026-08-16T10:35:00+00:00,22411530-2,RH,CURRENT,%,97.84695201037613
2026-08-16T10:35:00+00:00,22411530-3,Dew Point,CURRENT,°C,13.70755067436657
2026-08-16T10:36:00+00:00,22411541-S,Battery,CURRENT,V,8.260932861328126
2026-08-16T10:40:00+00:00,22411189-1,Temperature,CURRENT,°C,13.725351562499995
2026-08-16T10:40:00+00:00,22411189-2,RH,CURRENT,%,100
2026-08-16T10:40:00+00:00,22411189-3,Dew Point,CURRENT,°C,13.742339125450004
2026-08-16T10:40:00+00:00,22411190-1,Temperature,CURRENT,°C,13.854052734374996
2026-08-16T10:40:00+00:00,22411190-2,RH,CURRENT,%,97.48073548485542
2026-08-16T10:40:00+00:00,22411190-3,Dew Point,CURRENT,°C,13.478489930489364
2026-08-16T10:40:00+00:00,22411191-1,Temperature,CURRENT,°C,14.0471044921875
2026-08-16T10:40:00+00:00,22411191-2,RH,CURRENT,%,98.39780270084688
2026-08-16T10:40:00+00:00,22411191-3,Dew Point,CURRENT,°C,13.815459472681225
2026-08-16T10:40:00+00:00,22411525-1,Temperature,CURRENT,°C,14.068554687499997
2026-08-16T10:40:00+00:00,22411525-2,RH,CURRENT,%,95.6374456397345
2026-08-16T10:40:00+00:00,22411525-3,Dew Point,CURRENT,°C,13.399109751645344
2026-08-16T10:40:00+00:00,22411526-1,Temperature,CURRENT,°C,13.55375
2026-08-16T10:40:00+00:00,22411526-2,RH,CURRENT,%,100
2026-08-16T10:40:00+00:00,22411526-3,Dew Point,CURRENT,°C,13.570463505406831
2026-08-16T10:40:00+00:00,22411527-1,Temperature,CURRENT,°C,14.111455078124997
2026-08-16T10:40:00+00:00,22411527-2,RH,CURRENT,%,95.63591973754482
2026-08-16T10:40:00+00:00,22411527-3,Dew Point,CURRENT,°C,13.441599330196745
2026-08-16T10:40:00+00:00,22411528-1,Temperature,CURRENT,°C,13.596650390625001
2026-08-16T10:40:00+00:00,22411528-2,RH,CURRENT,%,100
2026-08-16T10:40:00+00:00,22411528-3,Dew Point,CURRENT,°C,13.613432411827938
2026-08-16T10:40:00+00:00,22411529-1,Temperature,CURRENT,°C,13.939853515624996
2026-08-16T10:40:00+00:00,22411529-2,RH,CURRENT,%,99.50408178835737
2026-08-16T10:40:00+00:00,22411529-3,Dew Point,CURRENT,°C,13.880508914906175
2026-08-16T10:40:00+00:00,22411530-1,Temperature,CURRENT,°C,13.982753906249997
2026-08-16T10:40:00+00:00,22411530-2,RH,CURRENT,%,96.75898374914168
2026-08-16T10:40:00+00:00,22411530-3,Dew Point,CURRENT,°C,13.49271437548183
2026-08-16T10:41:00+00:00,22411541-S,Battery,CURRENT,V,8.2577021484375
2026-08-16T10:45:00+00:00,22411189-1,Temperature,CURRENT,°C,13.639550781250001
2026-08-16T10:45:00+00:00,22411189-2,RH,CURRENT,%,100
2026-08-16T10:45:00+00:00,22411189-3,Dew Point,CURRENT,°C,13.656401317308848
2026-08-16T10:45:00+00:00,22411190-1,Temperature,CURRENT,°C,13.746801757812499
2026-08-16T10:45:00+00:00,22411190-2,RH,CURRENT,%,97.56771190966658
2026-08-16T10:45:00+00:00,22411190-3,Dew Point,CURRENT,°C,13.38509845224649
2026-08-16T10:45:00+00:00,22411191-1,Temperature,CURRENT,°C,13.811152343749995
2026-08-16T10:45:00+00:00,22411191-2,RH,CURRENT,%,99.27977416647593
2026-08-16T10:45:00+00:00,22411191-3,Dew Point,CURRENT,°C,13.71692561014563
2026-08-16T10:45:00+00:00,22411525-1,Temperature,CURRENT,°C,13.789702148437499
2026-08-16T10:45:00+00:00,22411525-2,RH,CURRENT,%,96.7223620965896
2026-08-16T10:45:00+00:00,22411525-3,Dew Point,CURRENT,°C,13.29432332542294
2026-08-16T10:45:00+00:00,22411526-1,Temperature,CURRENT,°C,13.510849609375
2026-08-16T10:45:00+00:00,22411526-2,RH,CURRENT,%,100
2026-08-16T10:45:00+00:00,22411526-3,Dew Point,CURRENT,°C,13.527494598045513
2026-08-16T10:45:00+00:00,22411527-1,Temperature,CURRENT,°C,13.811152343749995
2026-08-16T10:45:00+00:00,22411527-2,RH,CURRENT,%,96.69031815060654
2026-08-16T10:45:00+00:00,22411527-3,Dew Point,CURRENT,°C,13.310634490892488
2026-08-16T10:45:00+00:00,22411528-1,Temperature,CURRENT,°C,13.575200195312497
2026-08-16T10:45:00+00:00,22411528-2,RH,CURRENT,%,100
2026-08-16T10:45:00+00:00,22411528-3,Dew Point,CURRENT,°C,13.591947958734906
2026-08-16T10:45:00+00:00,22411529-1,Temperature,CURRENT,°C,13.8326025390625
2026-08-16T10:45:00+00:00,22411529-2,RH,CURRENT,%,99.42626077668422
2026-08-16T10:45:00+00:00,22411529-3,Dew Point,CURRENT,°C,13.76109993812548
2026-08-16T10:45:00+00:00,22411530-1,Temperature,CURRENT,°C,13.768251953124995
2026-08-16T10:45:00+00:00,22411530-2,RH,CURRENT,%,97.63790341039139
2026-08-16T10:45:00+00:00,22411530-3,Dew Point,CURRENT,°C,13.417564971271245
2026-08-16T10:46:00+00:00,22411541-S,Battery,CURRENT,V,8.2577021484375
2026-08-16T10:50:00+00:00,22411189-1,Temperature,CURRENT,°C,13.789702148437499
2026-08-16T10:50:00+00:00,22411189-2,RH,CURRENT,%,100
2026-08-16T10:50:00+00:00,22411189-3,Dew Point,CURRENT,°C,13.806792479087825
2026-08-16T10:50:00+00:00,22411190-1,Temperature,CURRENT,°C,13.854052734374996
2026-08-16T10:50:00+00:00,22411190-2,RH,CURRENT,%,97.75539787899595
2026-08-16T10:50:00+00:00,22411190-3,Dew Point,CURRENT,°C,13.52173988271205
2026-08-16T10:50:00+00:00,22411191-1,Temperature,CURRENT,°C,13.939853515624996
2026-08-16T10:50:00+00:00,22411191-2,RH,CURRENT,%,99.61852445258259
2026-08-16T10:50:00+00:00,22411191-3,Dew Point,CURRENT,°C,13.89823279058137
2026-08-16T10:50:00+00:00,22411525-1,Temperature,CURRENT,°C,13.9184033203125
2026-08-16T10:50:00+00:00,22411525-2,RH,CURRENT,%,97.00617990386816
2026-08-16T10:50:00+00:00,22411525-3,Dew Point,CURRENT,°C,13.467724832356032
2026-08-16T10:50:00+00:00,22411526-1,Temperature,CURRENT,°C,13.639550781250001
2026-08-16T10:50:00+00:00,22411526-2,RH,CURRENT,%,100
2026-08-16T10:50:00+00:00,22411526-3,Dew Point,CURRENT,°C,13.656401317308848
2026-08-16T10:50:00+00:00,22411527-1,Temperature,CURRENT,°C,13.982753906249997
2026-08-16T10:50:00+00:00,22411527-2,RH,CURRENT,%,97.0595864805066
2026-08-16T10:50:00+00:00,22411527-3,Dew Point,CURRENT,°C,13.540401493949895
2026-08-16T10:50:00+00:00,22411528-1,Temperature,CURRENT,°C,13.725351562499995
2026-08-16T10:50:00+00:00,22411528-2,RH,CURRENT,%,100
2026-08-16T10:50:00+00:00,22411528-3,Dew Point,CURRENT,°C,13.742339125450004
2026-08-16T10:50:00+00:00,22411529-1,Temperature,CURRENT,°C,13.896953124999996
2026-08-16T10:50:00+00:00,22411529-2,RH,CURRENT,%,99.73296711680781
2026-08-16T10:50:00+00:00,22411529-3,Dew Point,CURRENT,°C,13.872983993103453
2026-08-16T10:50:00+00:00,22411530-1,Temperature,CURRENT,°C,13.9184033203125
2026-08-16T10:50:00+00:00,22411530-2,RH,CURRENT,%,97.83474479285877
2026-08-16T10:50:00+00:00,22411530-3,Dew Point,CURRENT,°C,13.598495204372304
2026-08-16T10:51:00+00:00,22411541-S,Battery,CURRENT,V,8.270625
2026-08-16T10:55:00+00:00,22411189-1,Temperature,CURRENT,°C,14.0042041015625
2026-08-16T10:55:00+00:00,22411189-2,RH,CURRENT,%,100
2026-08-16T10:55:00+00:00,22411189-3,Dew Point,CURRENT,°C,14.021636975935445
2026-08-16T10:55:00+00:00,22411190-1,Temperature,CURRENT,°C,14.0900048828125
2026-08-16T10:55:00+00:00,22411190-2,RH,CURRENT,%,97.78744182497901
2026-08-16T10:55:00+00:00,22411190-3,Dew Point,CURRENT,°C,13.762460646129709
2026-08-16T10:55:00+00:00,22411191-1,Temperature,CURRENT,°C,14.175805664062501
2026-08-16T10:55:00+00:00,22411191-2,RH,CURRENT,%,99.32707713435569
2026-08-16T10:55:00+00:00,22411191-3,Dew Point,CURRENT,°C,14.08919404410726
2026-08-16T10:55:00+00:00,22411525-1,Temperature,CURRENT,°C,14.154355468749998
2026-08-16T10:55:00+00:00,22411525-2,RH,CURRENT,%,96.66132600900282
2026-08-16T10:55:00+00:00,22411525-3,Dew Point,CURRENT,°C,13.648355999554473
2026-08-16T10:55:00+00:00,22411526-1,Temperature,CURRENT,°C,13.854052734374996
2026-08-16T10:55:00+00:00,22411526-2,RH,CURRENT,%,100
2026-08-16T10:55:00+00:00,22411526-3,Dew Point,CURRENT,°C,13.871245830610166
2026-08-16T10:55:00+00:00,22411527-1,Temperature,CURRENT,°C,14.218706054687502
2026-08-16T10:55:00+00:00,22411527-2,RH,CURRENT,%,96.73456931410696
2026-08-16T10:55:00+00:00,22411527-3,Dew Point,CURRENT,°C,13.724204869980792
2026-08-16T10:55:00+00:00,22411528-1,Temperature,CURRENT,°C,13.9613037109375
2026-08-16T10:55:00+00:00,22411528-2,RH,CURRENT,%,100
2026-08-16T10:55:00+00:00,22411528-3,Dew Point,CURRENT,°C,13.97866807844634
2026-08-16T10:55:00+00:00,22411529-1,Temperature,CURRENT,°C,14.111455078124997
2026-08-16T10:55:00+00:00,22411529-2,RH,CURRENT,%,100
2026-08-16T10:55:00+00:00,22411529-3,Dew Point,CURRENT,°C,14.129059215544768
2026-08-16T10:55:00+00:00,22411530-1,Temperature,CURRENT,°C,14.132905273437501
2026-08-16T10:55:00+00:00,22411530-2,RH,CURRENT,%,97.62264438849469
2026-08-16T10:55:00+00:00,22411530-3,Dew Point,CURRENT,°C,13.779324616868422
2026-08-16T10:56:00+00:00,22411541-S,Battery,CURRENT,V,8.2577021484375
2026-08-16T11:00:00+00:00,22411189-1,Temperature,CURRENT,°C,14.583359375
2026-08-16T11:00:00+00:00,22411189-2,RH,CURRENT,%,100
2026-08-16T11:00:00+00:00,22411189-3,Dew Point,CURRENT,°C,14.601717000015123
2026-08-16T11:00:00+00:00,22411190-1,Temperature,CURRENT,°C,14.647709960937497
2026-08-16T11:00:00+00:00,22411190-2,RH,CURRENT,%,97.8988326848249
2026-08-16T11:00:00+00:00,22411190-3,Dew Point,CURRENT,°C,14.33713988280022
2026-08-16T11:00:00+00:00,22411191-1,Temperature,CURRENT,°C,14.733510742187498
2026-08-16T11:00:00+00:00,22411191-2,RH,CURRENT,%,99.35454337376974
2026-08-16T11:00:00+00:00,22411191-3,Dew Point,CURRENT,°C,14.651615459463034
2026-08-16T11:00:00+00:00,22411525-1,Temperature,CURRENT,°C,14.733510742187498
2026-08-16T11:00:00+00:00,22411525-2,RH,CURRENT,%,96.4461738002594
2026-08-16T11:00:00+00:00,22411525-3,Dew Point,CURRENT,°C,14.191577497627218
2026-08-16T11:00:00+00:00,22411526-1,Temperature,CURRENT,°C,14.347407226562495
2026-08-16T11:00:00+00:00,22411526-2,RH,CURRENT,%,100
2026-08-16T11:00:00+00:00,22411526-3,Dew Point,CURRENT,°C,14.365388122000638
2026-08-16T11:00:00+00:00,22411527-1,Temperature,CURRENT,°C,14.797861328124995
2026-08-16T11:00:00+00:00,22411527-2,RH,CURRENT,%,96.37293049515526
2026-08-16T11:00:00+00:00,22411527-3,Dew Point,CURRENT,°C,14.24399718225854
2026-08-16T11:00:00+00:00,22411528-1,Temperature,CURRENT,°C,14.49755859375
2026-08-16T11:00:00+00:00,22411528-2,RH,CURRENT,%,100
2026-08-16T11:00:00+00:00,22411528-3,Dew Point,CURRENT,°C,14.515779229482403
2026-08-16T11:00:00+00:00,22411529-1,Temperature,CURRENT,°C,14.540458984375
2026-08-16T11:00:00+00:00,22411529-2,RH,CURRENT,%,100
2026-08-16T11:00:00+00:00,22411529-3,Dew Point,CURRENT,°C,14.558748115218869
2026-08-16T11:00:00+00:00,22411530-1,Temperature,CURRENT,°C,14.669160156250001
2026-08-16T11:00:00+00:00,22411530-2,RH,CURRENT,%,97.6775768673228
2026-08-16T11:00:00+00:00,22411530-3,Dew Point,CURRENT,°C,14.32355546778611
2026-08-16T11:01:00+00:00,22411541-S,Battery,CURRENT,V,8.2577021484375
2026-08-16T11:05:00+00:00,22411189-1,Temperature,CURRENT,°C,15.355566406249999
2026-08-16T11:05:00+00:00,22411189-2,RH,CURRENT,%,100
2026-08-16T11:05:00+00:00,22411189-3,Dew Point,CURRENT,°C,15.375156765571505
2026-08-16T11:05:00+00:00,22411190-1,Temperature,CURRENT,°C,15.4413671875
2026-08-16T11:05:00+00:00,22411190-2,RH,CURRENT,%,96.79407949950408
2026-08-16T11:05:00+00:00,22411190-3,Dew Point,CURRENT,°C,14.953393611973015
2026-08-16T11:05:00+00:00,22411191-1,Temperature,CURRENT,°C,15.377016601562495
2026-08-16T11:05:00+00:00,22411191-2,RH,CURRENT,%,97.81643396658274
2026-08-16T11:05:00+00:00,22411191-3,Dew Point,CURRENT,°C,15.052600126676166
2026-08-16T11:05:00+00:00,22411525-1,Temperature,CURRENT,°C,15.312666015624998
2026-08-16T11:05:00+00:00,22411525-2,RH,CURRENT,%,95.03318837262532
2026-08-16T11:05:00+00:00,22411525-3,Dew Point,CURRENT,°C,14.540124941205356
2026-08-16T11:05:00+00:00,22411526-1,Temperature,CURRENT,°C,15.098164062499997
2026-08-16T11:05:00+00:00,22411526-2,RH,CURRENT,%,100
2026-08-16T11:05:00+00:00,22411526-3,Dew Point,CURRENT,°C,15.117343544233634
2026-08-16T11:05:00+00:00,22411527-1,Temperature,CURRENT,°C,15.355566406249999
2026-08-16T11:05:00+00:00,22411527-2,RH,CURRENT,%,94.9233234149691
2026-08-16T11:05:00+00:00,22411527-3,Dew Point,CURRENT,°C,14.564892062180563
2026-08-16T11:05:00+00:00,22411528-1,Temperature,CURRENT,°C,15.0767138671875
2026-08-16T11:05:00+00:00,22411528-2,RH,CURRENT,%,100
2026-08-16T11:05:00+00:00,22411528-3,Dew Point,CURRENT,°C,15.095859107594297
2026-08-16T11:05:00+00:00,22411529-1,Temperature,CURRENT,°C,14.9909130859375
2026-08-16T11:05:00+00:00,22411529-2,RH,CURRENT,%,100
2026-08-16T11:05:00+00:00,22411529-3,Dew Point,CURRENT,°C,15.00992135868644
2026-08-16T11:05:00+00:00,22411530-1,Temperature,CURRENT,°C,15.334116210937495
2026-08-16T11:05:00+00:00,22411530-2,RH,CURRENT,%,96.0891126878767
2026-08-16T11:05:00+00:00,22411530-3,Dew Point,CURRENT,°C,14.732882400975736
2026-08-16T11:06:00+00:00,22411541-S,Battery,CURRENT,V,8.273855712890626
2026-08-16T11:10:00+00:00,22411189-1,Temperature,CURRENT,°C,15.891821289062499
2026-08-16T11:10:00+00:00,22411189-2,RH,CURRENT,%,98.03616388189518
2026-08-16T11:10:00+00:00,22411189-3,Dew Point,CURRENT,°C,15.601889956773315
2026-08-16T11:10:00+00:00,22411190-1,Temperature,CURRENT,°C,15.9776220703125
2026-08-16T11:10:00+00:00,22411190-2,RH,CURRENT,%,94.63492790112154
2026-08-16T11:10:00+00:00,22411190-3,Dew Point,CURRENT,°C,15.136559474840846
2026-08-16T11:10:00+00:00,22411191-1,Temperature,CURRENT,°C,15.741669921875001
2026-08-16T11:10:00+00:00,22411191-2,RH,CURRENT,%,96.63996337834745
2026-08-16T11:10:00+00:00,22411191-3,Dew Point,CURRENT,°C,15.228135042869226
2026-08-16T11:10:00+00:00,22411525-1,Temperature,CURRENT,°C,15.655869140625
2026-08-16T11:10:00+00:00,22411525-2,RH,CURRENT,%,94.16647592889296
2026-08-16T11:10:00+00:00,22411525-3,Dew Point,CURRENT,°C,14.739419606808603
2026-08-16T11:10:00+00:00,22411526-1,Temperature,CURRENT,°C,15.634418945312497
2026-08-16T11:10:00+00:00,22411526-2,RH,CURRENT,%,100
2026-08-16T11:10:00+00:00,22411526-3,Dew Point,CURRENT,°C,15.654454383824811
2026-08-16T11:10:00+00:00,22411527-1,Temperature,CURRENT,°C,15.69876953125
2026-08-16T11:10:00+00:00,22411527-2,RH,CURRENT,%,94.2000457770657
2026-08-16T11:10:00+00:00,22411527-3,Dew Point,CURRENT,°C,14.787606455354087
2026-08-16T11:10:00+00:00,22411528-1,Temperature,CURRENT,°C,15.355566406249999
2026-08-16T11:10:00+00:00,22411528-2,RH,CURRENT,%,100
2026-08-16T11:10:00+00:00,22411528-3,Dew Point,CURRENT,°C,15.375156765571505
2026-08-16T11:10:00+00:00,22411529-1,Temperature,CURRENT,°C,15.548618164062496
2026-08-16T11:10:00+00:00,22411529-2,RH,CURRENT,%,100
2026-08-16T11:10:00+00:00,22411529-3,Dew Point,CURRENT,°C,15.568516659362428
2026-08-16T11:10:00+00:00,22411530-1,Temperature,CURRENT,°C,15.741669921875001
2026-08-16T11:10:00+00:00,22411530-2,RH,CURRENT,%,94.9034866865034
2026-08-16T11:10:00+00:00,22411530-3,Dew Point,CURRENT,°C,14.945887867429656
2026-08-16T11:11:00+00:00,22411541-S,Battery,CURRENT,V,8.267394287109376
2026-08-16T11:15:00+00:00,22411189-1,Temperature,CURRENT,°C,16.2350244140625
2026-08-16T11:15:00+00:00,22411189-2,RH,CURRENT,%,96.80476081483177
2026-08-16T11:15:00+00:00,22411189-3,Dew Point,CURRENT,°C,15.746853951972081
2026-08-16T11:15:00+00:00,22411190-1,Temperature,CURRENT,°C,16.299374999999998
2026-08-16T11:15:00+00:00,22411190-2,RH,CURRENT,%,93.17769130998703
2026-08-16T11:15:00+00:00,22411190-3,Dew Point,CURRENT,°C,15.214600934281538
2026-08-16T11:15:00+00:00,22411191-1,Temperature,CURRENT,°C,16.0634228515625
2026-08-16T11:15:00+00:00,22411191-2,RH,CURRENT,%,96.16235599298085
2026-08-16T11:15:00+00:00,22411191-3,Dew Point,CURRENT,°C,15.471664672260003
2026-08-16T11:15:00+00:00,22411525-1,Temperature,CURRENT,°C,15.999072265624996
2026-08-16T11:15:00+00:00,22411525-2,RH,CURRENT,%,93.78805218585488
2026-08-16T11:15:00+00:00,22411525-3,Dew Point,CURRENT,°C,15.017969100260379
2026-08-16T11:15:00+00:00,22411526-1,Temperature,CURRENT,°C,16.1063232421875
2026-08-16T11:15:00+00:00,22411526-2,RH,CURRENT,%,99.25841153582056
2026-08-16T11:15:00+00:00,22411526-3,Dew Point,CURRENT,°C,16.01034183257701
2026-08-16T11:15:00+00:00,22411527-1,Temperature,CURRENT,°C,16.0205224609375
2026-08-16T11:15:00+00:00,22411527-2,RH,CURRENT,%,93.7972075989929
2026-08-16T11:15:00+00:00,22411527-3,Dew Point,CURRENT,°C,15.04080312451065
2026-08-16T11:15:00+00:00,22411528-1,Temperature,CURRENT,°C,15.741669921875001
2026-08-16T11:15:00+00:00,22411528-2,RH,CURRENT,%,100
2026-08-16T11:15:00+00:00,22411528-3,Dew Point,CURRENT,°C,15.761876534114112
2026-08-16T11:15:00+00:00,22411529-1,Temperature,CURRENT,°C,15.934721679687499
2026-08-16T11:15:00+00:00,22411529-2,RH,CURRENT,%,100
2026-08-16T11:15:00+00:00,22411529-3,Dew Point,CURRENT,°C,15.955236389826519
2026-08-16T11:15:00+00:00,22411530-1,Temperature,CURRENT,°C,16.084873046874996
2026-08-16T11:15:00+00:00,22411530-2,RH,CURRENT,%,94.26718547341116
2026-08-16T11:15:00+00:00,22411530-3,Dew Point,CURRENT,°C,15.182585497385274
2026-08-16T11:16:00+00:00,22411541-S,Battery,CURRENT,V,8.283547851562501
2026-08-16T11:20:00+00:00,22411189-1,Temperature,CURRENT,°C,16.3637255859375
2026-08-16T11:20:00+00:00,22411189-2,RH,CURRENT,%,96.14404516670481
2026-08-16T11:20:00+00:00,22411189-3,Dew Point,CURRENT,°C,15.768015319605958
2026-08-16T11:20:00+00:00,22411190-1,Temperature,CURRENT,°C,16.428076171875
2026-08-16T11:20:00+00:00,22411190-2,RH,CURRENT,%,92.50171663996338
2026-08-16T11:20:00+00:00,22411190-3,Dew Point,CURRENT,°C,15.228868668313924
2026-08-16T11:20:00+00:00,22411191-1,Temperature,CURRENT,°C,16.127773437499997
2026-08-16T11:20:00+00:00,22411191-2,RH,CURRENT,%,95.53521019302663
2026-08-16T11:20:00+00:00,22411191-3,Dew Point,CURRENT,°C,15.433634426587965
2026-08-16T11:20:00+00:00,22411525-1,Temperature,CURRENT,°C,16.041972656249996
2026-08-16T11:20:00+00:00,22411525-2,RH,CURRENT,%,93.20515754940108
2026-08-16T11:20:00+00:00,22411525-3,Dew Point,CURRENT,°C,14.963609876300405
2026-08-16T11:20:00+00:00,22411526-1,Temperature,CURRENT,°C,16.3208251953125
2026-08-16T11:20:00+00:00,22411526-2,RH,CURRENT,%,97.77370870527199
2026-08-16T11:20:00+00:00,22411526-3,Dew Point,CURRENT,°C,15.98849246650645
2026-08-16T11:20:00+00:00,22411527-1,Temperature,CURRENT,°C,16.041972656249996
2026-08-16T11:20:00+00:00,22411527-2,RH,CURRENT,%,93.39436942092011
2026-08-16T11:20:00+00:00,22411527-3,Dew Point,CURRENT,°C,14.995151516656872
2026-08-16T11:20:00+00:00,22411528-1,Temperature,CURRENT,°C,16.0205224609375
2026-08-16T11:20:00+00:00,22411528-2,RH,CURRENT,%,99.48577096208133
2026-08-16T11:20:00+00:00,22411528-3,Dew Point,CURRENT,°C,15.960339770094219
2026-08-16T11:20:00+00:00,22411529-1,Temperature,CURRENT,°C,16.299374999999998
2026-08-16T11:20:00+00:00,22411529-2,RH,CURRENT,%,100
2026-08-16T11:20:00+00:00,22411529-3,Dew Point,CURRENT,°C,16.320471620892253
2026-08-16T11:20:00+00:00,22411530-1,Temperature,CURRENT,°C,16.170673828124997
2026-08-16T11:20:00+00:00,22411530-2,RH,CURRENT,%,93.61715114061188
2026-08-16T11:20:00+00:00,22411530-3,Dew Point,CURRENT,°C,15.160079031691508
2026-08-16T11:21:00+00:00,22411541-S,Battery,CURRENT,V,8.280317138671876
2026-08-16T11:25:00+00:00,22411189-1,Temperature,CURRENT,°C,16.4709765625
2026-08-16T11:25:00+00:00,22411189-2,RH,CURRENT,%,95.9990844586862
2026-08-16T11:25:00+00:00,22411189-3,Dew Point,CURRENT,°C,15.851284110640167
2026-08-16T11:25:00+00:00,22411190-1,Temperature,CURRENT,°C,16.513876953125
2026-08-16T11:25:00+00:00,22411190-2,RH,CURRENT,%,92.54291599908446
2026-08-16T11:25:00+00:00,22411190-3,Dew Point,CURRENT,°C,15.320926985856202
2026-08-16T11:25:00+00:00,22411191-1,Temperature,CURRENT,°C,16.2350244140625
2026-08-16T11:25:00+00:00,22411191-2,RH,CURRENT,%,95.36278324559396
2026-08-16T11:25:00+00:00,22411191-3,Dew Point,CURRENT,°C,15.512234031210394
2026-08-16T11:25:00+00:00,22411525-1,Temperature,CURRENT,°C,16.1492236328125
2026-08-16T11:25:00+00:00,22411525-2,RH,CURRENT,%,93.02204928664072
2026-08-16T11:25:00+00:00,22411525-3,Dew Point,CURRENT,°C,15.039499876412025
2026-08-16T11:25:00+00:00,22411526-1,Temperature,CURRENT,°C,16.38517578125
2026-08-16T11:25:00+00:00,22411526-2,RH,CURRENT,%,96.7025253681239
2026-08-16T11:25:00+00:00,22411526-3,Dew Point,CURRENT,°C,15.880089567507836
2026-08-16T11:25:00+00:00,22411527-1,Temperature,CURRENT,°C,16.170673828124997
2026-08-16T11:25:00+00:00,22411527-2,RH,CURRENT,%,93.1837949187457
2026-08-16T11:25:00+00:00,22411527-3,Dew Point,CURRENT,°C,15.087833688353737
2026-08-16T11:25:00+00:00,22411528-1,Temperature,CURRENT,°C,16.127773437499997
2026-08-16T11:25:00+00:00,22411528-2,RH,CURRENT,%,98.82658121614405
2026-08-16T11:25:00+00:00,22411528-3,Dew Point,CURRENT,°C,15.963446546287914
2026-08-16T11:25:00+00:00,22411529-1,Temperature,CURRENT,°C,16.38517578125
2026-08-16T11:25:00+00:00,22411529-2,RH,CURRENT,%,100
2026-08-16T11:25:00+00:00,22411529-3,Dew Point,CURRENT,°C,16.406409312447284
2026-08-16T11:25:00+00:00,22411530-1,Temperature,CURRENT,°C,16.2779248046875
2026-08-16T11:25:00+00:00,22411530-2,RH,CURRENT,%,93.44930189974822
2026-08-16T11:25:00+00:00,22411530-3,Dew Point,CURRENT,°C,15.238658847942219
2026-08-16T11:26:00+00:00,22411541-S,Battery,CURRENT,V,8.280317138671876
2026-08-16T11:30:00+00:00,22411189-1,Temperature,CURRENT,°C,16.4709765625
2026-08-16T11:30:00+00:00,22411189-2,RH,CURRENT,%,95.92584115358206
2026-08-16T11:30:00+00:00,22411189-3,Dew Point,CURRENT,°C,15.83933173022358
2026-08-16T11:30:00+00:00,22411190-1,Temperature,CURRENT,°C,16.513876953125
2026-08-16T11:30:00+00:00,22411190-2,RH,CURRENT,%,92.43305104142824
2026-08-16T11:30:00+00:00,22411190-3,Dew Point,CURRENT,°C,15.302403116731162
2026-08-16T11:30:00+00:00,22411191-1,Temperature,CURRENT,°C,16.2779248046875
2026-08-16T11:30:00+00:00,22411191-2,RH,CURRENT,%,95.59624628061341
2026-08-16T11:30:00+00:00,22411191-3,Dew Point,CURRENT,°C,15.593160581860841
2026-08-16T11:30:00+00:00,22411525-1,Temperature,CURRENT,°C,16.1921240234375
2026-08-16T11:30:00+00:00,22411525-2,RH,CURRENT,%,93.24788281071183
2026-08-16T11:30:00+00:00,22411525-3,Dew Point,CURRENT,°C,15.119836226725306
2026-08-16T11:30:00+00:00,22411526-1,Temperature,CURRENT,°C,16.428076171875
2026-08-16T11:30:00+00:00,22411526-2,RH,CURRENT,%,95.30632486457618
2026-08-16T11:30:00+00:00,22411526-3,Dew Point,CURRENT,°C,15.695199110963777
2026-08-16T11:30:00+00:00,22411527-1,Temperature,CURRENT,°C,16.213574218749997
2026-08-16T11:30:00+00:00,22411527-2,RH,CURRENT,%,93.40199893186846
2026-08-16T11:30:00+00:00,22411527-3,Dew Point,CURRENT,°C,15.166855792388859
2026-08-16T11:30:00+00:00,22411528-1,Temperature,CURRENT,°C,16.2350244140625
2026-08-16T11:30:00+00:00,22411528-2,RH,CURRENT,%,98.07736324101626
2026-08-16T11:30:00+00:00,22411528-3,Dew Point,CURRENT,°C,15.951384289481373
2026-08-16T11:30:00+00:00,22411529-1,Temperature,CURRENT,°C,16.578227539062496
2026-08-16T11:30:00+00:00,22411529-2,RH,CURRENT,%,100
2026-08-16T11:30:00+00:00,22411529-3,Dew Point,CURRENT,°C,16.599769104695522
2026-08-16T11:30:00+00:00,22411530-1,Temperature,CURRENT,°C,16.299374999999998
2026-08-16T11:30:00+00:00,22411530-2,RH,CURRENT,%,93.70565346761272
2026-08-16T11:30:00+00:00,22411530-3,Dew Point,CURRENT,°C,15.30267317423912
2026-08-16T11:31:00+00:00,22411541-S,Battery,CURRENT,V,8.283547851562501
2026-08-16T11:35:00+00:00,22411189-1,Temperature,CURRENT,°C,16.38517578125
2026-08-16T11:35:00+00:00,22411189-2,RH,CURRENT,%,96.923781185626
2026-08-16T11:35:00+00:00,22411189-3,Dew Point,CURRENT,°C,15.915893342647287
2026-08-16T11:35:00+00:00,22411190-1,Temperature,CURRENT,°C,16.428076171875
2026-08-16T11:35:00+00:00,22411190-2,RH,CURRENT,%,93.26009002822919
2026-08-16T11:35:00+00:00,22411190-3,Dew Point,CURRENT,°C,15.356175318488908
2026-08-16T11:35:00+00:00,22411191-1,Temperature,CURRENT,°C,16.2779248046875
2026-08-16T11:35:00+00:00,22411191-2,RH,CURRENT,%,96.12573434042878
2026-08-16T11:35:00+00:00,22411191-3,Dew Point,CURRENT,°C,15.679515486840112
2026-08-16T11:35:00+00:00,22411525-1,Temperature,CURRENT,°C,16.213574218749997
2026-08-16T11:35:00+00:00,22411525-2,RH,CURRENT,%,93.73769741359578
2026-08-16T11:35:00+00:00,22411525-3,Dew Point,CURRENT,°C,15.222750463461162
2026-08-16T11:35:00+00:00,22411526-1,Temperature,CURRENT,°C,16.38517578125
2026-08-16T11:35:00+00:00,22411526-2,RH,CURRENT,%,95.86022735942626
2026-08-16T11:35:00+00:00,22411526-3,Dew Point,CURRENT,°C,15.743128034946919
2026-08-16T11:35:00+00:00,22411527-1,Temperature,CURRENT,°C,16.2350244140625
2026-08-16T11:35:00+00:00,22411527-2,RH,CURRENT,%,93.85519188220034
2026-08-16T11:35:00+00:00,22411527-3,Dew Point,CURRENT,°C,15.26358898148744
2026-08-16T11:35:00+00:00,22411528-1,Temperature,CURRENT,°C,16.2350244140625
2026-08-16T11:35:00+00:00,22411528-2,RH,CURRENT,%,98.30472266727703
2026-08-16T11:35:00+00:00,22411528-3,Dew Point,CURRENT,°C,15.987679939735239
2026-08-16T11:35:00+00:00,22411529-1,Temperature,CURRENT,°C,16.621127929687496
2026-08-16T11:35:00+00:00,22411529-2,RH,CURRENT,%,99.7940032043946
2026-08-16T11:35:00+00:00,22411529-3,Dew Point,CURRENT,°C,16.610246572964996
2026-08-16T11:35:00+00:00,22411530-1,Temperature,CURRENT,°C,16.299374999999998
2026-08-16T11:35:00+00:00,22411530-2,RH,CURRENT,%,94.34653238727398
2026-08-16T11:35:00+00:00,22411530-3,Dew Point,CURRENT,°C,15.408998973510798
2026-08-16T11:36:00+00:00,22411541-S,Battery,CURRENT,V,8.299701416015626
2026-08-16T11:40:00+00:00,22411189-1,Temperature,CURRENT,°C,17.1359326171875
2026-08-16T11:40:00+00:00,22411189-2,RH,CURRENT,%,95.58556496528573
2026-08-16T11:40:00+00:00,22411189-3,Dew Point,CURRENT,°C,16.446001626408105
2026-08-16T11:40:00+00:00,22411190-1,Temperature,CURRENT,°C,17.178833007812493
2026-08-16T11:40:00+00:00,22411190-2,RH,CURRENT,%,92.37354085603113
2026-08-16T11:40:00+00:00,22411190-3,Dew Point,CURRENT,°C,15.951873400231568
2026-08-16T11:40:00+00:00,22411191-1,Temperature,CURRENT,°C,16.835629882812498
2026-08-16T11:40:00+00:00,22411191-2,RH,CURRENT,%,94.8027771419852
2026-08-16T11:40:00+00:00,22411191-3,Dew Point,CURRENT,°C,16.01788423301669
2026-08-16T11:40:00+00:00,22411525-1,Temperature,CURRENT,°C,16.72837890625
2026-08-16T11:40:00+00:00,22411525-2,RH,CURRENT,%,92.47425040054932
2026-08-16T11:40:00+00:00,22411525-3,Dew Point,CURRENT,°C,15.52212812842585
2026-08-16T11:40:00+00:00,22411526-1,Temperature,CURRENT,°C,17.071582031249996
2026-08-16T11:40:00+00:00,22411526-2,RH,CURRENT,%,95.5870908674754
2026-08-16T11:40:00+00:00,22411526-3,Dew Point,CURRENT,°C,16.38215919161156
2026-08-16T11:40:00+00:00,22411527-1,Temperature,CURRENT,°C,16.749829101562497
2026-08-16T11:40:00+00:00,22411527-2,RH,CURRENT,%,92.56885633630884
2026-08-16T11:40:00+00:00,22411527-3,Dew Point,CURRENT,°C,15.559381213886558
2026-08-16T11:40:00+00:00,22411528-1,Temperature,CURRENT,°C,16.706928710937497
2026-08-16T11:40:00+00:00,22411528-2,RH,CURRENT,%,98.6984054322118
2026-08-16T11:40:00+00:00,22411528-3,Dew Point,CURRENT,°C,16.522245132711824
2026-08-16T11:40:00+00:00,22411529-1,Temperature,CURRENT,°C,17.1359326171875
2026-08-16T11:40:00+00:00,22411529-2,RH,CURRENT,%,100
2026-08-16T11:40:00+00:00,22411529-3,Dew Point,CURRENT,°C,17.158363953130486
2026-08-16T11:40:00+00:00,22411530-1,Temperature,CURRENT,°C,16.878530273437498
2026-08-16T11:40:00+00:00,22411530-2,RH,CURRENT,%,93.0632486457618
2026-08-16T11:40:00+00:00,22411530-3,Dew Point,CURRENT,°C,15.770399184183276
2026-08-16T11:41:00+00:00,22411541-S,Battery,CURRENT,V,8.293239990234376
2026-08-16T11:45:00+00:00,22411189-1,Temperature,CURRENT,°C,17.650737304687503
2026-08-16T11:45:00+00:00,22411189-2,RH,CURRENT,%,94.05661097123675
2026-08-16T11:45:00+00:00,22411189-3,Dew Point,CURRENT,°C,16.70426327325941
2026-08-16T11:45:00+00:00,22411190-1,Temperature,CURRENT,°C,17.6721875
2026-08-16T11:45:00+00:00,22411190-2,RH,CURRENT,%,90.55466544594492
2026-08-16T11:45:00+00:00,22411190-3,Dew Point,CURRENT,°C,16.128671326754816
2026-08-16T11:45:00+00:00,22411191-1,Temperature,CURRENT,°C,17.1359326171875
2026-08-16T11:45:00+00:00,22411191-2,RH,CURRENT,%,94.00320439459831
2026-08-16T11:45:00+00:00,22411191-3,Dew Point,CURRENT,°C,16.18362352976113
2026-08-16T11:45:00+00:00,22411525-1,Temperature,CURRENT,°C,17.0072314453125
2026-08-16T11:45:00+00:00,22411525-2,RH,CURRENT,%,91.81506065461204
2026-08-16T11:45:00+00:00,22411525-3,Dew Point,CURRENT,°C,15.68679641759011
2026-08-16T11:45:00+00:00,22411526-1,Temperature,CURRENT,°C,17.522036132812495
2026-08-16T11:45:00+00:00,22411526-2,RH,CURRENT,%,93.76058594644083
2026-08-16T11:45:00+00:00,22411526-3,Dew Point,CURRENT,°C,16.526694224238394
2026-08-16T11:45:00+00:00,22411527-1,Temperature,CURRENT,°C,17.0072314453125
2026-08-16T11:45:00+00:00,22411527-2,RH,CURRENT,%,92.02105745021744
2026-08-16T11:45:00+00:00,22411527-3,Dew Point,CURRENT,°C,15.721852592385396
2026-08-16T11:45:00+00:00,22411528-1,Temperature,CURRENT,°C,17.028681640624995
2026-08-16T11:45:00+00:00,22411528-2,RH,CURRENT,%,97.50972762645914
2026-08-16T11:45:00+00:00,22411528-3,Dew Point,CURRENT,°C,16.65288922245839
2026-08-16T11:45:00+00:00,22411529-1,Temperature,CURRENT,°C,17.865239257812497
2026-08-16T11:45:00+00:00,22411529-2,RH,CURRENT,%,100
2026-08-16T11:45:00+00:00,22411529-3,Dew Point,CURRENT,°C,17.888833899792097
2026-08-16T11:45:00+00:00,22411530-1,Temperature,CURRENT,°C,17.2217333984375
2026-08-16T11:45:00+00:00,22411530-2,RH,CURRENT,%,92.28503852903029
2026-08-16T11:45:00+00:00,22411530-3,Dew Point,CURRENT,°C,15.979394436193795
2026-08-16T11:46:00+00:00,22411541-S,Battery,CURRENT,V,8.302932128906251
2026-08-16T11:50:00+00:00,22411189-1,Temperature,CURRENT,°C,17.99394042968749
2026-08-16T11:50:00+00:00,22411189-2,RH,CURRENT,%,92.67872129396505
2026-08-16T11:50:00+00:00,22411189-3,Dew Point,CURRENT,°C,16.81231955970716
2026-08-16T11:50:00+00:00,22411190-1,Temperature,CURRENT,°C,18.058291015624995
2026-08-16T11:50:00+00:00,22411190-2,RH,CURRENT,%,89.47585259784847
2026-08-16T11:50:00+00:00,22411190-3,Dew Point,CURRENT,°C,16.322128181610253
2026-08-16T11:50:00+00:00,22411191-1,Temperature,CURRENT,°C,17.45768554687499
2026-08-16T11:50:00+00:00,22411191-2,RH,CURRENT,%,93.08155947203784
2026-08-16T11:50:00+00:00,22411191-3,Dew Point,CURRENT,°C,16.348427203558423
2026-08-16T11:50:00+00:00,22411525-1,Temperature,CURRENT,°C,17.328984374999997
2026-08-16T11:50:00+00:00,22411525-2,RH,CURRENT,%,90.91172655832762
2026-08-16T11:50:00+00:00,22411525-3,Dew Point,CURRENT,°C,15.850736483169472
2026-08-16T11:50:00+00:00,22411526-1,Temperature,CURRENT,°C,17.99394042968749
2026-08-16T11:50:00+00:00,22411526-2,RH,CURRENT,%,92.22095063706416
2026-08-16T11:50:00+00:00,22411526-3,Dew Point,CURRENT,°C,16.7342100901
2026-08-16T11:50:00+00:00,22411527-1,Temperature,CURRENT,°C,17.328984374999997
2026-08-16T11:50:00+00:00,22411527-2,RH,CURRENT,%,91.15587090867476
2026-08-16T11:50:00+00:00,22411527-3,Dew Point,CURRENT,°C,15.892743578691876
2026-08-16T11:50:00+00:00,22411528-1,Temperature,CURRENT,°C,17.350434570312494
2026-08-16T11:50:00+00:00,22411528-2,RH,CURRENT,%,96.89173723964294
2026-08-16T11:50:00+00:00,22411528-3,Dew Point,CURRENT,°C,16.87373575301713
2026-08-16T11:50:00+00:00,22411529-1,Temperature,CURRENT,°C,18.658896484375
2026-08-16T11:50:00+00:00,22411529-2,RH,CURRENT,%,100
2026-08-16T11:50:00+00:00,22411529-3,Dew Point,CURRENT,°C,18.683756768300455
2026-08-16T11:50:00+00:00,22411530-1,Temperature,CURRENT,°C,17.522036132812495
2026-08-16T11:50:00+00:00,22411530-2,RH,CURRENT,%,91.21538109407187
2026-08-16T11:50:00+00:00,22411530-3,Dew Point,CURRENT,°C,16.09413631404825
2026-08-16T11:51:00+00:00,22411541-S,Battery,CURRENT,V,8.32231640625
2026-08-16T11:55:00+00:00,22411189-1,Temperature,CURRENT,°C,18.2084423828125
2026-08-16T11:55:00+00:00,22411189-2,RH,CURRENT,%,92.86793316548409
2026-08-16T11:55:00+00:00,22411189-3,Dew Point,CURRENT,°C,17.057382450909834
2026-08-16T11:55:00+00:00,22411190-1,Temperature,CURRENT,°C,18.251342773437493
2026-08-16T11:55:00+00:00,22411190-2,RH,CURRENT,%,89.31105516136415
2026-08-16T11:55:00+00:00,22411190-3,Dew Point,CURRENT,°C,16.483816952505986
2026-08-16T11:55:00+00:00,22411191-1,Temperature,CURRENT,°C,17.607836914062496
2026-08-16T11:55:00+00:00,22411191-2,RH,CURRENT,%,93.04493781948577
2026-08-16T11:55:00+00:00,22411191-3,Dew Point,CURRENT,°C,16.49129215504246
2026-08-16T11:55:00+00:00,22411525-1,Temperature,CURRENT,°C,17.479135742187502
2026-08-16T11:55:00+00:00,22411525-2,RH,CURRENT,%,90.81559472037843
2026-08-16T11:55:00+00:00,22411525-3,Dew Point,CURRENT,°C,15.982775088191074
2026-08-16T11:55:00+00:00,22411526-1,Temperature,CURRENT,°C,18.144091796874996
2026-08-16T11:55:00+00:00,22411526-2,RH,CURRENT,%,92.02868696116579
2026-08-16T11:55:00+00:00,22411526-3,Dew Point,CURRENT,°C,16.850148724380304
2026-08-16T11:55:00+00:00,22411527-1,Temperature,CURRENT,°C,17.45768554687499
2026-08-16T11:55:00+00:00,22411527-2,RH,CURRENT,%,91.01243610284581
2026-08-16T11:55:00+00:00,22411527-3,Dew Point,CURRENT,°C,15.995487122690953
2026-08-16T11:55:00+00:00,22411528-1,Temperature,CURRENT,°C,17.75798828125
2026-08-16T11:55:00+00:00,22411528-2,RH,CURRENT,%,95.60997940032044
2026-08-16T11:55:00+00:00,22411528-3,Dew Point,CURRENT,°C,17.06960515096302
2026-08-16T11:55:00+00:00,22411529-1,Temperature,CURRENT,°C,19.323852539062493
2026-08-16T11:55:00+00:00,22411529-2,RH,CURRENT,%,95.75646601052873
2026-08-16T11:55:00+00:00,22411529-3,Dew Point,CURRENT,°C,18.65371865542211
2026-08-16T11:55:00+00:00,22411530-1,Temperature,CURRENT,°C,17.715087890624993
2026-08-16T11:55:00+00:00,22411530-2,RH,CURRENT,%,91.45647364003968
2026-08-16T11:55:00+00:00,22411530-3,Dew Point,CURRENT,°C,16.326789639978898
2026-08-16T11:56:00+00:00,22411541-S,Battery,CURRENT,V,8.325547119140625
2026-08-16T12:00:00+00:00,22411189-1,Temperature,CURRENT,°C,18.2942431640625
2026-08-16T12:00:00+00:00,22411189-2,RH,CURRENT,%,92.22247653925383
2026-08-16T12:00:00+00:00,22411189-3,Dew Point,CURRENT,°C,17.032239652419623
2026-08-16T12:00:00+00:00,22411190-1,Temperature,CURRENT,°C,18.315693359374997
2026-08-16T12:00:00+00:00,22411190-2,RH,CURRENT,%,88.54657816433966
2026-08-16T12:00:00+00:00,22411190-3,Dew Point,CURRENT,°C,16.412075502341416
2026-08-16T12:00:00+00:00,22411191-1,Temperature,CURRENT,°C,17.779438476562497
2026-08-16T12:00:00+00:00,22411191-2,RH,CURRENT,%,92.45136186770428
2026-08-16T12:00:00+00:00,22411191-3,Dew Point,CURRENT,°C,16.560808134731488
2026-08-16T12:00:00+00:00,22411525-1,Temperature,CURRENT,°C,17.650737304687503
2026-08-16T12:00:00+00:00,22411525-2,RH,CURRENT,%,90.27237354085604
2026-08-16T12:00:00+00:00,22411525-3,Dew Point,CURRENT,°C,16.058464267313013
2026-08-16T12:00:00+00:00,22411526-1,Temperature,CURRENT,°C,18.4658447265625
2026-08-16T12:00:00+00:00,22411526-2,RH,CURRENT,%,90.56839856565195
2026-08-16T12:00:00+00:00,22411526-3,Dew Point,CURRENT,°C,16.916250600273646
2026-08-16T12:00:00+00:00,22411527-1,Temperature,CURRENT,°C,17.629287109374992
2026-08-16T12:00:00+00:00,22411527-2,RH,CURRENT,%,90.43259327077135
2026-08-16T12:00:00+00:00,22411527-3,Dew Point,CURRENT,°C,16.06506515345203
2026-08-16T12:00:00+00:00,22411528-1,Temperature,CURRENT,°C,18.0368408203125
2026-08-16T12:00:00+00:00,22411528-2,RH,CURRENT,%,94.13138017853056
2026-08-16T12:00:00+00:00,22411528-3,Dew Point,CURRENT,°C,17.100615575261216
2026-08-16T12:00:00+00:00,22411529-1,Temperature,CURRENT,°C,19.81720703125
2026-08-16T12:00:00+00:00,22411529-2,RH,CURRENT,%,91.71282520790417
2026-08-16T12:00:00+00:00,22411529-3,Dew Point,CURRENT,°C,18.453690339988313
2026-08-16T12:00:00+00:00,22411530-1,Temperature,CURRENT,°C,17.865239257812497
2026-08-16T12:00:00+00:00,22411530-2,RH,CURRENT,%,90.95445181963836
2026-08-16T12:00:00+00:00,22411530-3,Dew Point,CURRENT,°C,16.38892613039065
2026-08-16T12:01:00+00:00,22411541-S,Battery,CURRENT,V,8.3352392578125
2026-08-16T12:05:00+00:00,22411189-1,Temperature,CURRENT,°C,18.658896484375
2026-08-16T12:05:00+00:00,22411189-2,RH,CURRENT,%,90.94377050431068
2026-08-16T12:05:00+00:00,22411189-3,Dew Point,CURRENT,°C,17.172673663991834
2026-08-16T12:05:00+00:00,22411190-1,Temperature,CURRENT,°C,18.658896484375
2026-08-16T12:05:00+00:00,22411190-2,RH,CURRENT,%,87.44182497901885
2026-08-16T12:05:00+00:00,22411190-3,Dew Point,CURRENT,°C,16.55280296801804
2026-08-16T12:05:00+00:00,22411191-1,Temperature,CURRENT,°C,18.07974121093749
2026-08-16T12:05:00+00:00,22411191-2,RH,CURRENT,%,91.47631036850538
2026-08-16T12:05:00+00:00,22411191-3,Dew Point,CURRENT,°C,16.69141485920621
2026-08-16T12:05:00+00:00,22411525-1,Temperature,CURRENT,°C,17.951040039062498
2026-08-16T12:05:00+00:00,22411525-2,RH,CURRENT,%,89.35988403143358
2026-08-16T12:05:00+00:00,22411525-3,Dew Point,CURRENT,°C,16.195811588697612
2026-08-16T12:05:00+00:00,22411526-1,Temperature,CURRENT,°C,18.937749023437497
2026-08-16T12:05:00+00:00,22411526-2,RH,CURRENT,%,88.86701762417029
2026-08-16T12:05:00+00:00,22411526-3,Dew Point,CURRENT,°C,17.082873900590148
2026-08-16T12:05:00+00:00,22411527-1,Temperature,CURRENT,°C,17.92958984375
2026-08-16T12:05:00+00:00,22411527-2,RH,CURRENT,%,89.52925917448691
2026-08-16T12:05:00+00:00,22411527-3,Dew Point,CURRENT,°C,16.204359693395705
2026-08-16T12:05:00+00:00,22411528-1,Temperature,CURRENT,°C,18.53019531249999
2026-08-16T12:05:00+00:00,22411528-2,RH,CURRENT,%,92.64209964141298
2026-08-16T12:05:00+00:00,22411528-3,Dew Point,CURRENT,°C,17.338110130502283
2026-08-16T12:05:00+00:00,22411529-1,Temperature,CURRENT,°C,20.1818603515625
2026-08-16T12:05:00+00:00,22411529-2,RH,CURRENT,%,91.09025711451896
2026-08-16T12:05:00+00:00,22411529-3,Dew Point,CURRENT,°C,18.705857578363208
2026-08-16T12:05:00+00:00,22411530-1,Temperature,CURRENT,°C,18.186992187500003
2026-08-16T12:05:00+00:00,22411530-2,RH,CURRENT,%,89.89700160219729
2026-08-16T12:05:00+00:00,22411530-3,Dew Point,CURRENT,°C,16.52317407001046
2026-08-16T12:06:00+00:00,22411541-S,Battery,CURRENT,V,8.344931396484375
2026-08-16T12:10:00+00:00,22411189-1,Temperature,CURRENT,°C,18.873398437499993
2026-08-16T12:10:00+00:00,22411189-2,RH,CURRENT,%,89.1630426489662
2026-08-16T12:10:00+00:00,22411189-3,Dew Point,CURRENT,°C,17.071933587694758
2026-08-16T12:10:00+00:00,22411190-1,Temperature,CURRENT,°C,18.830498046875
2026-08-16T12:10:00+00:00,22411190-2,RH,CURRENT,%,86.02883955138476
2026-08-16T12:10:00+00:00,22411190-3,Dew Point,CURRENT,°C,16.465207297217624
2026-08-16T12:10:00+00:00,22411191-1,Temperature,CURRENT,°C,18.229892578124996
2026-08-16T12:10:00+00:00,22411191-2,RH,CURRENT,%,89.96566720073243
2026-08-16T12:10:00+00:00,22411191-3,Dew Point,CURRENT,°C,16.577603302514756
2026-08-16T12:10:00+00:00,22411525-1,Temperature,CURRENT,°C,18.1226416015625
2026-08-16T12:10:00+00:00,22411525-2,RH,CURRENT,%,88.04608224612802
2026-08-16T12:10:00+00:00,22411525-3,Dew Point,CURRENT,°C,16.1326172254215
2026-08-16T12:10:00+00:00,22411526-1,Temperature,CURRENT,°C,19.2809521484375
2026-08-16T12:10:00+00:00,22411526-2,RH,CURRENT,%,86.79331654840925
2026-08-16T12:10:00+00:00,22411526-3,Dew Point,CURRENT,°C,17.047787831670856
2026-08-16T12:10:00+00:00,22411527-1,Temperature,CURRENT,°C,18.101191406250003
2026-08-16T12:10:00+00:00,22411527-2,RH,CURRENT,%,88.39551384756237
2026-08-16T12:10:00+00:00,22411527-3,Dew Point,CURRENT,°C,16.173642080787822
2026-08-16T12:10:00+00:00,22411528-1,Temperature,CURRENT,°C,18.723247070312503
2026-08-16T12:10:00+00:00,22411528-2,RH,CURRENT,%,90.91325246051728
2026-08-16T12:10:00+00:00,22411528-3,Dew Point,CURRENT,°C,17.231055659764515
2026-08-16T12:10:00+00:00,22411529-1,Temperature,CURRENT,°C,20.310561523437492
2026-08-16T12:10:00+00:00,22411529-2,RH,CURRENT,%,88.16968032349126
2026-08-16T12:10:00+00:00,22411529-3,Dew Point,CURRENT,°C,18.311909164247894
2026-08-16T12:10:00+00:00,22411530-1,Temperature,CURRENT,°C,18.358593750000004
2026-08-16T12:10:00+00:00,22411530-2,RH,CURRENT,%,88.20172426947433
2026-08-16T12:10:00+00:00,22411530-3,Dew Point,CURRENT,°C,16.393012444448793
2026-08-16T12:11:00+00:00,22411541-S,Battery,CURRENT,V,8.357854248046875
2026-08-16T12:15:00+00:00,22411189-1,Temperature,CURRENT,°C,18.916298828125
2026-08-16T12:15:00+00:00,22411189-2,RH,CURRENT,%,88.91737239642939
2026-08-16T12:15:00+00:00,22411189-3,Dew Point,CURRENT,°C,17.070659584946444
2026-08-16T12:15:00+00:00,22411190-1,Temperature,CURRENT,°C,18.894848632812504
2026-08-16T12:15:00+00:00,22411190-2,RH,CURRENT,%,86.06088349736783
2026-08-16T12:15:00+00:00,22411190-3,Dew Point,CURRENT,°C,16.534328350414437
2026-08-16T12:15:00+00:00,22411191-1,Temperature,CURRENT,°C,18.2942431640625
2026-08-16T12:15:00+00:00,22411191-2,RH,CURRENT,%,90.65537499046312
2026-08-16T12:15:00+00:00,22411191-3,Dew Point,CURRENT,°C,16.76161987115698
2026-08-16T12:15:00+00:00,22411525-1,Temperature,CURRENT,°C,18.144091796874996
2026-08-16T12:15:00+00:00,22411525-2,RH,CURRENT,%,88.83497367818723
2026-08-16T12:15:00+00:00,22411525-3,Dew Point,CURRENT,°C,16.293869269858597
2026-08-16T12:15:00+00:00,22411526-1,Temperature,CURRENT,°C,19.409653320312493
2026-08-16T12:15:00+00:00,22411526-2,RH,CURRENT,%,86.09140154116122
2026-08-16T12:15:00+00:00,22411526-3,Dew Point,CURRENT,°C,17.046006240099867
2026-08-16T12:15:00+00:00,22411527-1,Temperature,CURRENT,°C,18.1226416015625
2026-08-16T12:15:00+00:00,22411527-2,RH,CURRENT,%,89.03639276722362
2026-08-16T12:15:00+00:00,22411527-3,Dew Point,CURRENT,°C,16.308289139047062
2026-08-16T12:15:00+00:00,22411528-1,Temperature,CURRENT,°C,18.723247070312503
2026-08-16T12:15:00+00:00,22411528-2,RH,CURRENT,%,90.96208133058671
2026-08-16T12:15:00+00:00,22411528-3,Dew Point,CURRENT,°C,17.239556650249305
2026-08-16T12:15:00+00:00,22411529-1,Temperature,CURRENT,°C,20.010258789062497
2026-08-16T12:15:00+00:00,22411529-2,RH,CURRENT,%,87.68139162279698
2026-08-16T12:15:00+00:00,22411529-3,Dew Point,CURRENT,°C,17.927399131100227
2026-08-16T12:15:00+00:00,22411530-1,Temperature,CURRENT,°C,18.401494140624997
2026-08-16T12:15:00+00:00,22411530-2,RH,CURRENT,%,88.6503395132372
2026-08-16T12:15:00+00:00,22411530-3,Dew Point,CURRENT,°C,16.515159189880706
2026-08-16T12:16:00+00:00,22411541-S,Battery,CURRENT,V,8.383699951171875
2026-08-16T12:20:00+00:00,22411189-1,Temperature,CURRENT,°C,19.216601562499996
2026-08-16T12:20:00+00:00,22411189-2,RH,CURRENT,%,88.36804760814832
2026-08-16T12:20:00+00:00,22411189-3,Dew Point,CURRENT,°C,17.26889304874531
2026-08-16T12:20:00+00:00,22411190-1,Temperature,CURRENT,°C,19.1951513671875
2026-08-16T12:20:00+00:00,22411190-2,RH,CURRENT,%,85.78622110322728
2026-08-16T12:20:00+00:00,22411190-3,Dew Point,CURRENT,°C,16.77910240685094
2026-08-16T12:20:00+00:00,22411191-1,Temperature,CURRENT,°C,18.573095703125
2026-08-16T12:20:00+00:00,22411191-2,RH,CURRENT,%,89.6757457846952
2026-08-16T12:20:00+00:00,22411191-3,Dew Point,CURRENT,°C,16.865897871039063
2026-08-16T12:20:00+00:00,22411525-1,Temperature,CURRENT,°C,18.444394531250005
2026-08-16T12:20:00+00:00,22411525-2,RH,CURRENT,%,87.65392538338293
2026-08-16T12:20:00+00:00,22411525-3,Dew Point,CURRENT,°C,16.379607237890845
2026-08-16T12:20:00+00:00,22411526-1,Temperature,CURRENT,°C,19.774306640624992
2026-08-16T12:20:00+00:00,22411526-2,RH,CURRENT,%,85.84115358205538
2026-08-16T12:20:00+00:00,22411526-3,Dew Point,CURRENT,°C,17.3583390437148
2026-08-16T12:20:00+00:00,22411527-1,Temperature,CURRENT,°C,18.422944335937494
2026-08-16T12:20:00+00:00,22411527-2,RH,CURRENT,%,88.07354848554208
2026-08-16T12:20:00+00:00,22411527-3,Dew Point,CURRENT,°C,16.43358620696635
2026-08-16T12:20:00+00:00,22411528-1,Temperature,CURRENT,°C,18.851948242187497
2026-08-16T12:20:00+00:00,22411528-2,RH,CURRENT,%,91.39238574807355
2026-08-16T12:20:00+00:00,22411528-3,Dew Point,CURRENT,°C,17.441767834056563
2026-08-16T12:20:00+00:00,22411529-1,Temperature,CURRENT,°C,19.752856445312496
2026-08-16T12:20:00+00:00,22411529-2,RH,CURRENT,%,89.57961394674601
2026-08-16T12:20:00+00:00,22411529-3,Dew Point,CURRENT,°C,18.01450124336131
2026-08-16T12:20:00+00:00,22411530-1,Temperature,CURRENT,°C,18.680346679687496
2026-08-16T12:20:00+00:00,22411530-2,RH,CURRENT,%,87.84466315709163
2026-08-16T12:20:00+00:00,22411530-3,Dew Point,CURRENT,°C,16.64634476711238
2026-08-16T12:21:00+00:00,22411541-S,Battery,CURRENT,V,8.390161376953126
2026-08-16T12:25:00+00:00,22411189-1,Temperature,CURRENT,°C,19.302402343749996
2026-08-16T12:25:00+00:00,22411189-2,RH,CURRENT,%,87.27244983596552
2026-08-16T12:25:00+00:00,22411189-3,Dew Point,CURRENT,°C,17.155970880070374
2026-08-16T12:25:00+00:00,22411190-1,Temperature,CURRENT,°C,19.2809521484375
2026-08-16T12:25:00+00:00,22411190-2,RH,CURRENT,%,84.90272373540856
2026-08-16T12:25:00+00:00,22411190-3,Dew Point,CURRENT,°C,16.700099870511995
2026-08-16T12:25:00+00:00,22411191-1,Temperature,CURRENT,°C,18.723247070312503
2026-08-16T12:25:00+00:00,22411191-2,RH,CURRENT,%,88.60914015411612
2026-08-16T12:25:00+00:00,22411191-3,Dew Point,CURRENT,°C,16.825295654705215
2026-08-16T12:25:00+00:00,22411525-1,Temperature,CURRENT,°C,18.594545898437495
2026-08-16T12:25:00+00:00,22411525-2,RH,CURRENT,%,86.79331654840925
2026-08-16T12:25:00+00:00,22411525-3,Dew Point,CURRENT,°C,16.372304079229686
2026-08-16T12:25:00+00:00,22411526-1,Temperature,CURRENT,°C,19.81720703125
2026-08-16T12:25:00+00:00,22411526-2,RH,CURRENT,%,84.67689021133745
2026-08-16T12:25:00+00:00,22411526-3,Dew Point,CURRENT,°C,17.18420040075778
2026-08-16T12:25:00+00:00,22411527-1,Temperature,CURRENT,°C,18.573095703125
2026-08-16T12:25:00+00:00,22411527-2,RH,CURRENT,%,87.06187533379111
2026-08-16T12:25:00+00:00,22411527-3,Dew Point,CURRENT,°C,16.399777687395442
2026-08-16T12:25:00+00:00,22411528-1,Temperature,CURRENT,°C,18.873398437499993
2026-08-16T12:25:00+00:00,22411528-2,RH,CURRENT,%,90.65690089265279
2026-08-16T12:25:00+00:00,22411528-3,Dew Point,CURRENT,°C,17.334923711064793
2026-08-16T12:25:00+00:00,22411529-1,Temperature,CURRENT,°C,19.474003906249997
2026-08-16T12:25:00+00:00,22411529-2,RH,CURRENT,%,90.56992446784162
2026-08-16T12:25:00+00:00,22411529-3,Dew Point,CURRENT,°C,17.913890349510808
2026-08-16T12:25:00+00:00,22411530-1,Temperature,CURRENT,°C,18.809047851562504
2026-08-16T12:25:00+00:00,22411530-2,RH,CURRENT,%,86.68802929732205
2026-08-16T12:25:00+00:00,22411530-3,Dew Point,CURRENT,°C,16.564278601952616
2026-08-16T12:26:00+00:00,22411541-S,Battery,CURRENT,V,8.403084228515626
2026-08-16T12:30:00+00:00,22411189-1,Temperature,CURRENT,°C,19.5383544921875
2026-08-16T12:30:00+00:00,22411189-2,RH,CURRENT,%,88.07049668116274
2026-08-16T12:30:00+00:00,22411189-3,Dew Point,CURRENT,°C,17.53268939184402
2026-08-16T12:30:00+00:00,22411190-1,Temperature,CURRENT,°C,19.474003906249997
2026-08-16T12:30:00+00:00,22411190-2,RH,CURRENT,%,84.94239719233997
2026-08-16T12:30:00+00:00,22411190-3,Dew Point,CURRENT,°C,16.896931955753853
2026-08-16T12:30:00+00:00,22411191-1,Temperature,CURRENT,°C,18.873398437499993
2026-08-16T12:30:00+00:00,22411191-2,RH,CURRENT,%,88.60456244754711
2026-08-16T12:30:00+00:00,22411191-3,Dew Point,CURRENT,°C,16.972622643577896
2026-08-16T12:30:00+00:00,22411525-1,Temperature,CURRENT,°C,18.744697265625
2026-08-16T12:30:00+00:00,22411525-2,RH,CURRENT,%,86.6453040360113
2026-08-16T12:30:00+00:00,22411525-3,Dew Point,CURRENT,°C,16.49320101914312
2026-08-16T12:30:00+00:00,22411526-1,Temperature,CURRENT,°C,20.096059570312498
2026-08-16T12:30:00+00:00,22411526-2,RH,CURRENT,%,84.89814602883955
2026-08-16T12:30:00+00:00,22411526-3,Dew Point,CURRENT,°C,17.499148458372495
2026-08-16T12:30:00+00:00,22411527-1,Temperature,CURRENT,°C,18.723247070312503
2026-08-16T12:30:00+00:00,22411527-2,RH,CURRENT,%,86.86503395132372
2026-08-16T12:30:00+00:00,22411527-3,Dew Point,CURRENT,°C,16.511961575993016
2026-08-16T12:30:00+00:00,22411528-1,Temperature,CURRENT,°C,19.087900390625002
2026-08-16T12:30:00+00:00,22411528-2,RH,CURRENT,%,90.67978942549783
2026-08-16T12:30:00+00:00,22411528-3,Dew Point,CURRENT,°C,17.55116260921814
2026-08-16T12:30:00+00:00,22411529-1,Temperature,CURRENT,°C,19.559804687499998
2026-08-16T12:30:00+00:00,22411529-2,RH,CURRENT,%,90.97123674372473
2026-08-16T12:30:00+00:00,22411529-3,Dew Point,CURRENT,°C,18.069206464486125
2026-08-16T12:30:00+00:00,22411530-1,Temperature,CURRENT,°C,18.980649414062505
2026-08-16T12:30:00+00:00,22411530-2,RH,CURRENT,%,86.80247196154727
2026-08-16T12:30:00+00:00,22411530-3,Dew Point,CURRENT,°C,16.753931273734562
2026-08-16T12:31:00+00:00,22411541-S,Battery,CURRENT,V,8.416007080078126
2026-08-16T12:35:00+00:00,22411189-1,Temperature,CURRENT,°C,19.752856445312496
2026-08-16T12:35:00+00:00,22411189-2,RH,CURRENT,%,86.24246585793851
2026-08-16T12:35:00+00:00,22411189-3,Dew Point,CURRENT,°C,17.41118397068831
2026-08-16T12:35:00+00:00,22411190-1,Temperature,CURRENT,°C,19.68850585937499
2026-08-16T12:35:00+00:00,22411190-2,RH,CURRENT,%,83.5690852216373
2026-08-16T12:35:00+00:00,22411190-3,Dew Point,CURRENT,°C,16.84990915953282
2026-08-16T12:35:00+00:00,22411191-1,Temperature,CURRENT,°C,19.023549804687498
2026-08-16T12:35:00+00:00,22411191-2,RH,CURRENT,%,87.40062561989777
2026-08-16T12:35:00+00:00,22411191-3,Dew Point,CURRENT,°C,16.904545219750847
2026-08-16T12:35:00+00:00,22411525-1,Temperature,CURRENT,°C,18.894848632812504
2026-08-16T12:35:00+00:00,22411525-2,RH,CURRENT,%,85.6946669718471
2026-08-16T12:35:00+00:00,22411525-3,Dew Point,CURRENT,°C,16.467202748351728
2026-08-16T12:35:00+00:00,22411526-1,Temperature,CURRENT,°C,20.417812500000004
2026-08-16T12:35:00+00:00,22411526-2,RH,CURRENT,%,82.8702220187686
2026-08-16T12:35:00+00:00,22411526-3,Dew Point,CURRENT,°C,17.430956521621138
2026-08-16T12:35:00+00:00,22411527-1,Temperature,CURRENT,°C,18.873398437499993
2026-08-16T12:35:00+00:00,22411527-2,RH,CURRENT,%,85.89608606088349
2026-08-16T12:35:00+00:00,22411527-3,Dew Point,CURRENT,°C,16.483071072607288
2026-08-16T12:35:00+00:00,22411528-1,Temperature,CURRENT,°C,19.581254882812495
2026-08-16T12:35:00+00:00,22411528-2,RH,CURRENT,%,88.52826733806363
2026-08-16T12:35:00+00:00,22411528-3,Dew Point,CURRENT,°C,17.65730566436715
2026-08-16T12:35:00+00:00,22411529-1,Temperature,CURRENT,°C,20.010258789062497
2026-08-16T12:35:00+00:00,22411529-2,RH,CURRENT,%,91.06431677729458
2026-08-16T12:35:00+00:00,22411529-3,Dew Point,CURRENT,°C,18.53142438610649
2026-08-16T12:35:00+00:00,22411530-1,Temperature,CURRENT,°C,19.130800781249995
2026-08-16T12:35:00+00:00,22411530-2,RH,CURRENT,%,85.78469520103761
2026-08-16T12:35:00+00:00,22411530-3,Dew Point,CURRENT,°C,16.715587914189754
2026-08-16T12:36:00+00:00,22411541-S,Battery,CURRENT,V,8.428929931640626
2026-08-16T12:40:00+00:00,22411189-1,Temperature,CURRENT,°C,20.289111328124996
2026-08-16T12:40:00+00:00,22411189-2,RH,CURRENT,%,84.69062333104448
2026-08-16T12:40:00+00:00,22411189-3,Dew Point,CURRENT,°C,17.649711788710924
2026-08-16T12:40:00+00:00,22411190-1,Temperature,CURRENT,°C,20.22476074218749
2026-08-16T12:40:00+00:00,22411190-2,RH,CURRENT,%,81.98214694438086
2026-08-16T12:40:00+00:00,22411190-3,Dew Point,CURRENT,°C,17.07161112194661
2026-08-16T12:40:00+00:00,22411191-1,Temperature,CURRENT,°C,19.474003906249997
2026-08-16T12:40:00+00:00,22411191-2,RH,CURRENT,%,85.84878309300373
2026-08-16T12:40:00+00:00,22411191-3,Dew Point,CURRENT,°C,17.064638793608662
2026-08-16T12:40:00+00:00,22411525-1,Temperature,CURRENT,°C,19.323852539062493
2026-08-16T12:40:00+00:00,22411525-2,RH,CURRENT,%,84.03295948729686
2026-08-16T12:40:00+00:00,22411525-3,Dew Point,CURRENT,°C,16.57991133318715
2026-08-16T12:40:00+00:00,22411526-1,Temperature,CURRENT,°C,20.996967773437497
2026-08-16T12:40:00+00:00,22411526-2,RH,CURRENT,%,81.96841382467383
2026-08-16T12:40:00+00:00,22411526-3,Dew Point,CURRENT,°C,17.8234010627749
2026-08-16T12:40:00+00:00,22411527-1,Temperature,CURRENT,°C,19.2809521484375
2026-08-16T12:40:00+00:00,22411527-2,RH,CURRENT,%,84.39459830624857
2026-08-16T12:40:00+00:00,22411527-3,Dew Point,CURRENT,°C,16.605497536909137
2026-08-16T12:40:00+00:00,22411528-1,Temperature,CURRENT,°C,20.203310546874995
2026-08-16T12:40:00+00:00,22411528-2,RH,CURRENT,%,87.2785534447242
2026-08-16T12:40:00+00:00,22411528-3,Dew Point,CURRENT,°C,18.044214823161123
2026-08-16T12:40:00+00:00,22411529-1,Temperature,CURRENT,°C,20.67521484374999
2026-08-16T12:40:00+00:00,22411529-2,RH,CURRENT,%,89.09132524605172
2026-08-16T12:40:00+00:00,22411529-3,Dew Point,CURRENT,°C,18.83802921159281
2026-08-16T12:40:00+00:00,22411530-1,Temperature,CURRENT,°C,19.60270507812499
2026-08-16T12:40:00+00:00,22411530-2,RH,CURRENT,%,84.37933928435187
2026-08-16T12:40:00+00:00,22411530-3,Dew Point,CURRENT,°C,16.918164678465576
2026-08-16T12:41:00+00:00,22411541-S,Battery,CURRENT,V,8.438622070312501
2026-08-16T12:45:00+00:00,22411189-1,Temperature,CURRENT,°C,20.632314453124998
2026-08-16T12:45:00+00:00,22411189-2,RH,CURRENT,%,85.24452582589456
2026-08-16T12:45:00+00:00,22411189-3,Dew Point,CURRENT,°C,18.090248302611297
2026-08-16T12:45:00+00:00,22411190-1,Temperature,CURRENT,°C,20.589414062500005
2026-08-16T12:45:00+00:00,22411190-2,RH,CURRENT,%,82.72220950637065
2026-08-16T12:45:00+00:00,22411190-3,Dew Point,CURRENT,°C,17.570459382232446
2026-08-16T12:45:00+00:00,22411191-1,Temperature,CURRENT,°C,19.881557617187504
2026-08-16T12:45:00+00:00,22411191-2,RH,CURRENT,%,86.04257267109179
2026-08-16T12:45:00+00:00,22411191-3,Dew Point,CURRENT,°C,17.500909210061266
2026-08-16T12:45:00+00:00,22411525-1,Temperature,CURRENT,°C,19.73140625
2026-08-16T12:45:00+00:00,22411525-2,RH,CURRENT,%,84.32440680552376
2026-08-16T12:45:00+00:00,22411525-3,Dew Point,CURRENT,°C,17.034074196096693
2026-08-16T12:45:00+00:00,22411526-1,Temperature,CURRENT,°C,21.3401708984375
2026-08-16T12:45:00+00:00,22411526-2,RH,CURRENT,%,82.1316853589685
2026-08-16T12:45:00+00:00,22411526-3,Dew Point,CURRENT,°C,18.190425951055637
2026-08-16T12:45:00+00:00,22411527-1,Temperature,CURRENT,°C,19.709956054687503
2026-08-16T12:45:00+00:00,22411527-2,RH,CURRENT,%,84.56244754711223
2026-08-16T12:45:00+00:00,22411527-3,Dew Point,CURRENT,°C,17.057601540828692
2026-08-16T12:45:00+00:00,22411528-1,Temperature,CURRENT,°C,20.482163085937493
2026-08-16T12:45:00+00:00,22411528-2,RH,CURRENT,%,87.27397573815519
2026-08-16T12:45:00+00:00,22411528-3,Dew Point,CURRENT,°C,18.317956756497686
2026-08-16T12:45:00+00:00,22411529-1,Temperature,CURRENT,°C,21.361621093749996
2026-08-16T12:45:00+00:00,22411529-2,RH,CURRENT,%,88.92500190737773
2026-08-16T12:45:00+00:00,22411529-3,Dew Point,CURRENT,°C,19.485514300553675
2026-08-16T12:45:00+00:00,22411530-1,Temperature,CURRENT,°C,19.967358398437504
2026-08-16T12:45:00+00:00,22411530-2,RH,CURRENT,%,84.78675516899366
2026-08-16T12:45:00+00:00,22411530-3,Dew Point,CURRENT,°C,17.352045281399015
2026-08-16T12:46:00+00:00,22411541-S,Battery,CURRENT,V,8.454775634765625
2026-08-16T12:50:00+00:00,22411189-1,Temperature,CURRENT,°C,21.104218749999994
2026-08-16T12:50:00+00:00,22411189-2,RH,CURRENT,%,82.14236667429618
2026-08-16T12:50:00+00:00,22411189-3,Dew Point,CURRENT,°C,17.961929970067693
2026-08-16T12:50:00+00:00,22411190-1,Temperature,CURRENT,°C,20.996967773437497
2026-08-16T12:50:00+00:00,22411190-2,RH,CURRENT,%,80.1403830014496
2026-08-16T12:50:00+00:00,22411190-3,Dew Point,CURRENT,°C,17.465177536787955
2026-08-16T12:50:00+00:00,22411191-1,Temperature,CURRENT,°C,20.13895996093749
2026-08-16T12:50:00+00:00,22411191-2,RH,CURRENT,%,84.5639734493019
2026-08-16T12:50:00+00:00,22411191-3,Dew Point,CURRENT,°C,17.478671979814106
2026-08-16T12:50:00+00:00,22411525-1,Temperature,CURRENT,°C,19.967358398437504
2026-08-16T12:50:00+00:00,22411525-2,RH,CURRENT,%,82.98771648737316
2026-08-16T12:50:00+00:00,22411525-3,Dew Point,CURRENT,°C,17.012641047998315
2026-08-16T12:50:00+00:00,22411526-1,Temperature,CURRENT,°C,21.897875976562496
2026-08-16T12:50:00+00:00,22411526-2,RH,CURRENT,%,78.86472877088579
2026-08-16T12:50:00+00:00,22411526-3,Dew Point,CURRENT,°C,18.086821701562453
2026-08-16T12:50:00+00:00,22411527-1,Temperature,CURRENT,°C,19.9030078125
2026-08-16T12:50:00+00:00,22411527-2,RH,CURRENT,%,83.35545891508355
2026-08-16T12:50:00+00:00,22411527-3,Dew Point,CURRENT,°C,17.019534290473377
2026-08-16T12:50:00+00:00,22411528-1,Temperature,CURRENT,°C,21.018417968749993
2026-08-16T12:50:00+00:00,22411528-2,RH,CURRENT,%,85.69771877622644
2026-08-16T12:50:00+00:00,22411528-3,Dew Point,CURRENT,°C,18.5540947538919
2026-08-16T12:50:00+00:00,22411529-1,Temperature,CURRENT,°C,21.940776367187503
2026-08-16T12:50:00+00:00,22411529-2,RH,CURRENT,%,86.37979705500878
2026-08-16T12:50:00+00:00,22411529-3,Dew Point,CURRENT,°C,19.587949454796533
2026-08-16T12:50:00+00:00,22411530-1,Temperature,CURRENT,°C,20.2676611328125
2026-08-16T12:50:00+00:00,22411530-2,RH,CURRENT,%,82.72831311512932
2026-08-16T12:50:00+00:00,22411530-3,Dew Point,CURRENT,°C,17.25691489532482
2026-08-16T12:51:00+00:00,22411541-S,Battery,CURRENT,V,8.467698486328125
2026-08-16T12:55:00+00:00,22411189-1,Temperature,CURRENT,°C,20.482163085937493
2026-08-16T12:55:00+00:00,22411189-2,RH,CURRENT,%,81.42671854734111
2026-08-16T12:55:00+00:00,22411189-3,Dew Point,CURRENT,°C,17.215446626652774
2026-08-16T12:55:00+00:00,22411190-1,Temperature,CURRENT,°C,20.374912109374996
2026-08-16T12:55:00+00:00,22411190-2,RH,CURRENT,%,79.31792172121767
2026-08-16T12:55:00+00:00,22411190-3,Dew Point,CURRENT,°C,16.696406262287542
2026-08-16T12:55:00+00:00,22411191-1,Temperature,CURRENT,°C,19.73140625
2026-08-16T12:55:00+00:00,22411191-2,RH,CURRENT,%,83.25780117494469
2026-08-16T12:55:00+00:00,22411191-3,Dew Point,CURRENT,°C,16.83301697623566
2026-08-16T12:55:00+00:00,22411525-1,Temperature,CURRENT,°C,19.581254882812495
2026-08-16T12:55:00+00:00,22411525-2,RH,CURRENT,%,81.7288471808957
2026-08-16T12:55:00+00:00,22411525-3,Dew Point,CURRENT,°C,16.39417774765773
2026-08-16T12:55:00+00:00,22411526-1,Temperature,CURRENT,°C,21.190019531249995
2026-08-16T12:55:00+00:00,22411526-2,RH,CURRENT,%,78.08957045853361
2026-08-16T12:55:00+00:00,22411526-3,Dew Point,CURRENT,°C,17.242146229624197
2026-08-16T12:55:00+00:00,22411527-1,Temperature,CURRENT,°C,19.581254882812495
2026-08-16T12:55:00+00:00,22411527-2,RH,CURRENT,%,82.12863355458916
2026-08-16T12:55:00+00:00,22411527-3,Dew Point,CURRENT,°C,16.470947453306138
2026-08-16T12:55:00+00:00,22411528-1,Temperature,CURRENT,°C,20.6108642578125
2026-08-16T12:55:00+00:00,22411528-2,RH,CURRENT,%,82.62302586404212
2026-08-16T12:55:00+00:00,22411528-3,Dew Point,CURRENT,°C,17.572394280127597
2026-08-16T12:55:00+00:00,22411529-1,Temperature,CURRENT,°C,21.983676757812496
2026-08-16T12:55:00+00:00,22411529-2,RH,CURRENT,%,80.75074387731746
2026-08-16T12:55:00+00:00,22411529-3,Dew Point,CURRENT,°C,18.54769984657439
2026-08-16T12:55:00+00:00,22411530-1,Temperature,CURRENT,°C,19.881557617187504
2026-08-16T12:55:00+00:00,22411530-2,RH,CURRENT,%,81.46791790646219
2026-08-16T12:55:00+00:00,22411530-3,Dew Point,CURRENT,°C,16.637089895746744
2026-08-16T12:56:00+00:00,22411541-S,Battery,CURRENT,V,8.487082763671875
2026-08-16T13:00:00+00:00,22411189-1,Temperature,CURRENT,°C,20.246210937500003
2026-08-16T13:00:00+00:00,22411189-2,RH,CURRENT,%,83.3829251544976
2026-08-16T13:00:00+00:00,22411189-3,Dew Point,CURRENT,°C,17.36077779426767
2026-08-16T13:00:00+00:00,22411190-1,Temperature,CURRENT,°C,20.1818603515625
2026-08-16T13:00:00+00:00,22411190-2,RH,CURRENT,%,80.76752880140383
2026-08-16T13:00:00+00:00,22411190-3,Dew Point,CURRENT,°C,16.79397803655853
2026-08-16T13:00:00+00:00,22411191-1,Temperature,CURRENT,°C,19.774306640624992
2026-08-16T13:00:00+00:00,22411191-2,RH,CURRENT,%,83.70641641870756
2026-08-16T13:00:00+00:00,22411191-3,Dew Point,CURRENT,°C,16.959881063846733
2026-08-16T13:00:00+00:00,22411525-1,Temperature,CURRENT,°C,19.667055664062495
2026-08-16T13:00:00+00:00,22411525-2,RH,CURRENT,%,82.08590829327841
2026-08-16T13:00:00+00:00,22411525-3,Dew Point,CURRENT,°C,16.546608079192143
2026-08-16T13:00:00+00:00,22411526-1,Temperature,CURRENT,°C,20.653764648437495
2026-08-16T13:00:00+00:00,22411526-2,RH,CURRENT,%,81.0650797283894
2026-08-16T13:00:00+00:00,22411526-3,Dew Point,CURRENT,°C,17.31242907963156
2026-08-16T13:00:00+00:00,22411527-1,Temperature,CURRENT,°C,19.667055664062495
2026-08-16T13:00:00+00:00,22411527-2,RH,CURRENT,%,82.34378576333258
2026-08-16T13:00:00+00:00,22411527-3,Dew Point,CURRENT,°C,16.596008983387573
2026-08-16T13:00:00+00:00,22411528-1,Temperature,CURRENT,°C,20.289111328124996
2026-08-16T13:00:00+00:00,22411528-2,RH,CURRENT,%,84.73792629892424
2026-08-16T13:00:00+00:00,22411528-3,Dew Point,CURRENT,°C,17.658581190206444
2026-08-16T13:00:00+00:00,22411529-1,Temperature,CURRENT,°C,21.4259716796875
2026-08-16T13:00:00+00:00,22411529-2,RH,CURRENT,%,83.92614633401999
2026-08-16T13:00:00+00:00,22411529-3,Dew Point,CURRENT,°C,18.619710170770897
2026-08-16T13:00:00+00:00,22411530-1,Temperature,CURRENT,°C,19.860107421874993
2026-08-16T13:00:00+00:00,22411530-2,RH,CURRENT,%,82.20645456626231
2026-08-16T13:00:00+00:00,22411530-3,Dew Point,CURRENT,°C,16.758410598742206
2026-08-16T13:01:00+00:00,22411541-S,Battery,CURRENT,V,8.487082763671875
2026-08-16T13:05:00+00:00,22411189-1,Temperature,CURRENT,°C,19.624155273437502
2026-08-16T13:05:00+00:00,22411189-2,RH,CURRENT,%,86.24856946669719
2026-08-16T13:05:00+00:00,22411189-3,Dew Point,CURRENT,°C,17.285758380145158
2026-08-16T13:05:00+00:00,22411190-1,Temperature,CURRENT,°C,19.624155273437502
2026-08-16T13:05:00+00:00,22411190-2,RH,CURRENT,%,83.24101625085832
2026-08-16T13:05:00+00:00,22411190-3,Dew Point,CURRENT,°C,16.724842148219558
2026-08-16T13:05:00+00:00,22411191-1,Temperature,CURRENT,°C,19.3667529296875
2026-08-16T13:05:00+00:00,22411191-2,RH,CURRENT,%,85.82284275577935
2026-08-16T13:05:00+00:00,22411191-3,Dew Point,CURRENT,°C,16.95446710296196
2026-08-16T13:05:00+00:00,22411525-1,Temperature,CURRENT,°C,19.2809521484375
2026-08-16T13:05:00+00:00,22411525-2,RH,CURRENT,%,83.80407415884642
2026-08-16T13:05:00+00:00,22411525-3,Dew Point,CURRENT,°C,16.49492527731755
2026-08-16T13:05:00+00:00,22411526-1,Temperature,CURRENT,°C,19.924458007812497
2026-08-16T13:05:00+00:00,22411526-2,RH,CURRENT,%,83.54161898222324
2026-08-16T13:05:00+00:00,22411526-3,Dew Point,CURRENT,°C,17.0758056283458
2026-08-16T13:05:00+00:00,22411527-1,Temperature,CURRENT,°C,19.302402343749996
2026-08-16T13:05:00+00:00,22411527-2,RH,CURRENT,%,84.0360112916762
2026-08-16T13:05:00+00:00,22411527-3,Dew Point,CURRENT,°C,16.559459354883494
2026-08-16T13:05:00+00:00,22411528-1,Temperature,CURRENT,°C,19.64560546875
2026-08-16T13:05:00+00:00,22411528-2,RH,CURRENT,%,86.63157091630427
2026-08-16T13:05:00+00:00,22411528-3,Dew Point,CURRENT,°C,17.37705761826607
2026-08-16T13:05:00+00:00,22411529-1,Temperature,CURRENT,°C,20.718115234375
2026-08-16T13:05:00+00:00,22411529-2,RH,CURRENT,%,85.7495994506752
2026-08-16T13:05:00+00:00,22411529-3,Dew Point,CURRENT,°C,18.268737316931954
2026-08-16T13:05:00+00:00,22411530-1,Temperature,CURRENT,°C,19.409653320312493
2026-08-16T13:05:00+00:00,22411530-2,RH,CURRENT,%,84.50293736171511
2026-08-16T13:05:00+00:00,22411530-3,Dew Point,CURRENT,°C,16.751939985164704
2026-08-16T13:06:00+00:00,22411541-S,Battery,CURRENT,V,8.487082763671875
2026-08-16T13:10:00+00:00,22411189-1,Temperature,CURRENT,°C,19.709956054687503
2026-08-16T13:10:00+00:00,22411189-2,RH,CURRENT,%,84.8752574959945
2026-08-16T13:10:00+00:00,22411189-3,Dew Point,CURRENT,°C,17.115990602706034
2026-08-16T13:10:00+00:00,22411190-1,Temperature,CURRENT,°C,19.73140625
2026-08-16T13:10:00+00:00,22411190-2,RH,CURRENT,%,82.26138704509042
2026-08-16T13:10:00+00:00,22411190-3,Dew Point,CURRENT,°C,16.6431420529997
2026-08-16T13:10:00+00:00,22411191-1,Temperature,CURRENT,°C,19.495454101562494
2026-08-16T13:10:00+00:00,22411191-2,RH,CURRENT,%,84.54108491645685
2026-08-16T13:10:00+00:00,22411191-3,Dew Point,CURRENT,°C,16.843216070818425
2026-08-16T13:10:00+00:00,22411525-1,Temperature,CURRENT,°C,19.431103515625004
2026-08-16T13:10:00+00:00,22411525-2,RH,CURRENT,%,82.563515678645
2026-08-16T13:10:00+00:00,22411525-3,Dew Point,CURRENT,°C,16.4072420664421
2026-08-16T13:10:00+00:00,22411526-1,Temperature,CURRENT,°C,19.838657226562496
2026-08-16T13:10:00+00:00,22411526-2,RH,CURRENT,%,83.34172579537652
2026-08-16T13:10:00+00:00,22411526-3,Dew Point,CURRENT,°C,16.95392605365477
2026-08-16T13:10:00+00:00,22411527-1,Temperature,CURRENT,°C,19.4525537109375
2026-08-16T13:10:00+00:00,22411527-2,RH,CURRENT,%,82.73594262607767
2026-08-16T13:10:00+00:00,22411527-3,Dew Point,CURRENT,°C,16.461044661033018
2026-08-16T13:10:00+00:00,22411528-1,Temperature,CURRENT,°C,19.68850585937499
2026-08-16T13:10:00+00:00,22411528-2,RH,CURRENT,%,86.0822461280232
2026-08-16T13:10:00+00:00,22411528-3,Dew Point,CURRENT,°C,17.318448452245853
2026-08-16T13:10:00+00:00,22411529-1,Temperature,CURRENT,°C,20.310561523437492
2026-08-16T13:10:00+00:00,22411529-2,RH,CURRENT,%,86.43015182726788
2026-08-16T13:10:00+00:00,22411529-3,Dew Point,CURRENT,°C,17.99415610230614
2026-08-16T13:10:00+00:00,22411530-1,Temperature,CURRENT,°C,19.5383544921875
2026-08-16T13:10:00+00:00,22411530-2,RH,CURRENT,%,82.98466468299382
2026-08-16T13:10:00+00:00,22411530-3,Dew Point,CURRENT,°C,16.592251866312555
2026-08-16T13:11:00+00:00,22411541-S,Battery,CURRENT,V,8.48385205078125
2026-08-16T13:15:00+00:00,22411189-1,Temperature,CURRENT,°C,20.954067382812504
2026-08-16T13:15:00+00:00,22411189-2,RH,CURRENT,%,81.44502937361715
2026-08-16T13:15:00+00:00,22411189-3,Dew Point,CURRENT,°C,17.679680079393492
2026-08-16T13:15:00+00:00,22411190-1,Temperature,CURRENT,°C,20.911166992187496
2026-08-16T13:15:00+00:00,22411190-2,RH,CURRENT,%,79.46440833142596
2026-08-16T13:15:00+00:00,22411190-3,Dew Point,CURRENT,°C,17.247397574728346
2026-08-16T13:15:00+00:00,22411191-1,Temperature,CURRENT,°C,20.460712890624997
2026-08-16T13:15:00+00:00,22411191-2,RH,CURRENT,%,81.94399938963912
2026-08-16T13:15:00+00:00,22411191-3,Dew Point,CURRENT,°C,17.29477258854781
2026-08-16T13:15:00+00:00,22411525-1,Temperature,CURRENT,°C,20.332011718750003
2026-08-16T13:15:00+00:00,22411525-2,RH,CURRENT,%,80.3067063401236
2026-08-16T13:15:00+00:00,22411525-3,Dew Point,CURRENT,°C,16.85006359992454
2026-08-16T13:15:00+00:00,22411526-1,Temperature,CURRENT,°C,21.318720703125003
2026-08-16T13:15:00+00:00,22411526-2,RH,CURRENT,%,79.89776455329213
2026-08-16T13:15:00+00:00,22411526-3,Dew Point,CURRENT,°C,17.730430602865418
2026-08-16T13:15:00+00:00,22411527-1,Temperature,CURRENT,°C,20.332011718750003
2026-08-16T13:15:00+00:00,22411527-2,RH,CURRENT,%,80.61188677805752
2026-08-16T13:15:00+00:00,22411527-3,Dew Point,CURRENT,°C,16.909946970898766
2026-08-16T13:15:00+00:00,22411528-1,Temperature,CURRENT,°C,21.082768554687497
2026-08-16T13:15:00+00:00,22411528-2,RH,CURRENT,%,82.7496757457847
2026-08-16T13:15:00+00:00,22411528-3,Dew Point,CURRENT,°C,18.05829062321997
2026-08-16T13:15:00+00:00,22411529-1,Temperature,CURRENT,°C,20.546513671874997
2026-08-16T13:15:00+00:00,22411529-2,RH,CURRENT,%,87.99114976729992
2026-08-16T13:15:00+00:00,22411529-3,Dew Point,CURRENT,°C,18.512122501705658
2026-08-16T13:15:00+00:00,22411530-1,Temperature,CURRENT,°C,20.5250634765625
2026-08-16T13:15:00+00:00,22411530-2,RH,CURRENT,%,80.57526512550545
2026-08-16T13:15:00+00:00,22411530-3,Dew Point,CURRENT,°C,17.090983482647655
2026-08-16T13:16:00+00:00,22411541-S,Battery,CURRENT,V,8.50969775390625
2026-08-16T13:20:00+00:00,22411189-1,Temperature,CURRENT,°C,21.490322265625004
2026-08-16T13:20:00+00:00,22411189-2,RH,CURRENT,%,79.56511787594415
2026-08-16T13:20:00+00:00,22411189-3,Dew Point,CURRENT,°C,17.83115821644201
2026-08-16T13:20:00+00:00,22411190-1,Temperature,CURRENT,°C,21.383071289062492
2026-08-16T13:20:00+00:00,22411190-2,RH,CURRENT,%,77.58144502937361
2026-08-16T13:20:00+00:00,22411190-3,Dew Point,CURRENT,°C,17.32613875602686
2026-08-16T13:20:00+00:00,22411191-1,Temperature,CURRENT,°C,20.76101562499999
2026-08-16T13:20:00+00:00,22411191-2,RH,CURRENT,%,81.07881284809643
2026-08-16T13:20:00+00:00,22411191-3,Dew Point,CURRENT,°C,17.41975273677441
2026-08-16T13:20:00+00:00,22411525-1,Temperature,CURRENT,°C,20.632314453124998
2026-08-16T13:20:00+00:00,22411525-2,RH,CURRENT,%,79.75127794308385
2026-08-16T13:20:00+00:00,22411525-3,Dew Point,CURRENT,°C,17.032961904877816
2026-08-16T13:20:00+00:00,22411526-1,Temperature,CURRENT,°C,22.262529296874995
2026-08-16T13:20:00+00:00,22411526-2,RH,CURRENT,%,76.36530098420691
2026-08-16T13:20:00+00:00,22411526-3,Dew Point,CURRENT,°C,17.9276368750779
2026-08-16T13:20:00+00:00,22411527-1,Temperature,CURRENT,°C,20.6108642578125
2026-08-16T13:20:00+00:00,22411527-2,RH,CURRENT,%,80.1358052948806
2026-08-16T13:20:00+00:00,22411527-3,Dew Point,CURRENT,°C,17.088117943091063
2026-08-16T13:20:00+00:00,22411528-1,Temperature,CURRENT,°C,21.919326171874992
2026-08-16T13:20:00+00:00,22411528-2,RH,CURRENT,%,80.07629510948348
2026-08-16T13:20:00+00:00,22411528-3,Dew Point,CURRENT,°C,18.350932523924953
2026-08-16T13:20:00+00:00,22411529-1,Temperature,CURRENT,°C,21.232919921875002
2026-08-16T13:20:00+00:00,22411529-2,RH,CURRENT,%,86.89250019073778
2026-08-16T13:20:00+00:00,22411529-3,Dew Point,CURRENT,°C,18.9868497049661
2026-08-16T13:20:00+00:00,22411530-1,Temperature,CURRENT,°C,20.868266601562503
2026-08-16T13:20:00+00:00,22411530-2,RH,CURRENT,%,79.5880064087892
2026-08-16T13:20:00+00:00,22411530-3,Dew Point,CURRENT,°C,17.23024926553171
2026-08-16T13:21:00+00:00,22411541-S,Battery,CURRENT,V,8.525851318359376
2026-08-16T13:25:00+00:00,22411189-1,Temperature,CURRENT,°C,21.919326171874992
2026-08-16T13:25:00+00:00,22411189-2,RH,CURRENT,%,79.07835507743954
2026-08-16T13:25:00+00:00,22411189-3,Dew Point,CURRENT,°C,18.15080324602608
2026-08-16T13:25:00+00:00,22411190-1,Temperature,CURRENT,°C,21.769174804687502
2026-08-16T13:25:00+00:00,22411190-2,RH,CURRENT,%,76.88563363088426
2026-08-16T13:25:00+00:00,22411190-3,Dew Point,CURRENT,°C,17.557671980578935
2026-08-16T13:25:00+00:00,22411191-1,Temperature,CURRENT,°C,21.125668945312505
2026-08-16T13:25:00+00:00,22411191-2,RH,CURRENT,%,80.27008468757153
2026-08-16T13:25:00+00:00,22411191-3,Dew Point,CURRENT,°C,17.616235829282722
2026-08-16T13:25:00+00:00,22411525-1,Temperature,CURRENT,°C,20.996967773437497
2026-08-16T13:25:00+00:00,22411525-2,RH,CURRENT,%,78.73044937819486
2026-08-16T13:25:00+00:00,22411525-3,Dew Point,CURRENT,°C,17.183963823719854
2026-08-16T13:25:00+00:00,22411526-1,Temperature,CURRENT,°C,22.6700830078125
2026-08-16T13:25:00+00:00,22411526-2,RH,CURRENT,%,76.04486152437629
2026-08-16T13:25:00+00:00,22411526-3,Dew Point,CURRENT,°C,18.255111736200718
2026-08-16T13:25:00+00:00,22411527-1,Temperature,CURRENT,°C,20.996967773437497
2026-08-16T13:25:00+00:00,22411527-2,RH,CURRENT,%,79.18822003509575
2026-08-16T13:25:00+00:00,22411527-3,Dew Point,CURRENT,°C,17.275747141959005
2026-08-16T13:25:00+00:00,22411528-1,Temperature,CURRENT,°C,22.348330078124995
2026-08-16T13:25:00+00:00,22411528-2,RH,CURRENT,%,79.53154802777142
2026-08-16T13:25:00+00:00,22411528-3,Dew Point,CURRENT,°C,18.659454315220934
2026-08-16T13:25:00+00:00,22411529-1,Temperature,CURRENT,°C,21.769174804687502
2026-08-16T13:25:00+00:00,22411529-2,RH,CURRENT,%,84.62806134126802
2026-08-16T13:25:00+00:00,22411529-3,Dew Point,CURRENT,°C,19.089689957993922
2026-08-16T13:25:00+00:00,22411530-1,Temperature,CURRENT,°C,21.232919921875002
2026-08-16T13:25:00+00:00,22411530-2,RH,CURRENT,%,78.96391241321432
2026-08-16T13:25:00+00:00,22411530-3,Dew Point,CURRENT,°C,17.460274946308132
2026-08-16T13:26:00+00:00,22411541-S,Battery,CURRENT,V,8.538774169921876
2026-08-16T13:30:00+00:00,22411189-1,Temperature,CURRENT,°C,22.348330078124995
2026-08-16T13:30:00+00:00,22411189-2,RH,CURRENT,%,77.04127565423056
2026-08-16T13:30:00+00:00,22411189-3,Dew Point,CURRENT,°C,18.151165553641672
2026-08-16T13:30:00+00:00,22411190-1,Temperature,CURRENT,°C,22.262529296874995
2026-08-16T13:30:00+00:00,22411190-2,RH,CURRENT,%,75.24376287479973
2026-08-16T13:30:00+00:00,22411190-3,Dew Point,CURRENT,°C,17.692338385607982
2026-08-16T13:30:00+00:00,22411191-1,Temperature,CURRENT,°C,21.361621093749996
2026-08-16T13:30:00+00:00,22411191-2,RH,CURRENT,%,79.1760128175784
2026-08-16T13:30:00+00:00,22411191-3,Dew Point,CURRENT,°C,17.628015619523946
2026-08-16T13:30:00+00:00,22411525-1,Temperature,CURRENT,°C,21.190019531249995
2026-08-16T13:30:00+00:00,22411525-2,RH,CURRENT,%,77.50820172426947
2026-08-16T13:30:00+00:00,22411525-3,Dew Point,CURRENT,°C,17.123885986343684
2026-08-16T13:30:00+00:00,22411526-1,Temperature,CURRENT,°C,23.249238281249994
2026-08-16T13:30:00+00:00,22411526-2,RH,CURRENT,%,73.84908827344167
2026-08-16T13:30:00+00:00,22411526-3,Dew Point,CURRENT,°C,18.346742560143895
2026-08-16T13:30:00+00:00,22411527-1,Temperature,CURRENT,°C,21.125668945312505
2026-08-16T13:30:00+00:00,22411527-2,RH,CURRENT,%,77.71419851987487
2026-08-16T13:30:00+00:00,22411527-3,Dew Point,CURRENT,°C,17.103426530018186
2026-08-16T13:30:00+00:00,22411528-1,Temperature,CURRENT,°C,22.948935546875
2026-08-16T13:30:00+00:00,22411528-2,RH,CURRENT,%,76.93598840314336
2026-08-16T13:30:00+00:00,22411528-3,Dew Point,CURRENT,°C,18.711401570347217
2026-08-16T13:30:00+00:00,22411529-1,Temperature,CURRENT,°C,22.112377929687504
2026-08-16T13:30:00+00:00,22411529-2,RH,CURRENT,%,85.31013962005035
2026-08-16T13:30:00+00:00,22411529-3,Dew Point,CURRENT,°C,19.555643871943477
2026-08-16T13:30:00+00:00,22411530-1,Temperature,CURRENT,°C,21.468872070312493
2026-08-16T13:30:00+00:00,22411530-2,RH,CURRENT,%,77.62417029068436
2026-08-16T13:30:00+00:00,22411530-3,Dew Point,CURRENT,°C,17.418115480014293
2026-08-16T13:31:00+00:00,22411541-S,Battery,CURRENT,V,8.548466308593751
2026-08-16T13:35:00+00:00,22411189-1,Temperature,CURRENT,°C,22.176728515624994
2026-08-16T13:35:00+00:00,22411189-2,RH,CURRENT,%,77.65011062790875
2026-08-16T13:35:00+00:00,22411189-3,Dew Point,CURRENT,°C,18.110251120078534
2026-08-16T13:35:00+00:00,22411190-1,Temperature,CURRENT,°C,22.04802734375
2026-08-16T13:35:00+00:00,22411190-2,RH,CURRENT,%,75.22545204852369
2026-08-16T13:35:00+00:00,22411190-3,Dew Point,CURRENT,°C,17.4811674143043
2026-08-16T13:35:00+00:00,22411191-1,Temperature,CURRENT,°C,21.275820312499995
2026-08-16T13:35:00+00:00,22411191-2,RH,CURRENT,%,78.803692683299
2026-08-16T13:35:00+00:00,22411191-3,Dew Point,CURRENT,°C,17.46977180384372
2026-08-16T13:35:00+00:00,22411525-1,Temperature,CURRENT,°C,21.147119140625
2026-08-16T13:35:00+00:00,22411525-2,RH,CURRENT,%,77.15571831845578
2026-08-16T13:35:00+00:00,22411525-3,Dew Point,CURRENT,°C,17.01020915170596
2026-08-16T13:35:00+00:00,22411526-1,Temperature,CURRENT,°C,23.120537109375
2026-08-16T13:35:00+00:00,22411526-2,RH,CURRENT,%,73.96505683985656
2026-08-16T13:35:00+00:00,22411526-3,Dew Point,CURRENT,°C,18.247701477826407
2026-08-16T13:35:00+00:00,22411527-1,Temperature,CURRENT,°C,21.125668945312505
2026-08-16T13:35:00+00:00,22411527-2,RH,CURRENT,%,77.37239642938887
2026-08-16T13:35:00+00:00,22411527-3,Dew Point,CURRENT,°C,17.03373186149371
2026-08-16T13:35:00+00:00,22411528-1,Temperature,CURRENT,°C,22.82023437499999
2026-08-16T13:35:00+00:00,22411528-2,RH,CURRENT,%,77.09620813305867
2026-08-16T13:35:00+00:00,22411528-3,Dew Point,CURRENT,°C,18.619972592817753
2026-08-16T13:35:00+00:00,22411529-1,Temperature,CURRENT,°C,22.4984814453125
2026-08-16T13:35:00+00:00,22411529-2,RH,CURRENT,%,82.69169146257725
2026-08-16T13:35:00+00:00,22411529-3,Dew Point,CURRENT,°C,19.431620643108186
2026-08-16T13:35:00+00:00,22411530-1,Temperature,CURRENT,°C,21.404521484375003
2026-08-16T13:35:00+00:00,22411530-2,RH,CURRENT,%,77.50820172426947
2026-08-16T13:35:00+00:00,22411530-3,Dew Point,CURRENT,°C,17.33198480275181
2026-08-16T13:36:00+00:00,22411541-S,Battery,CURRENT,V,8.574312011718751
2026-08-16T13:40:00+00:00,22411189-1,Temperature,CURRENT,°C,22.627182617187493
2026-08-16T13:40:00+00:00,22411189-2,RH,CURRENT,%,78.15976195925842
2026-08-16T13:40:00+00:00,22411189-3,Dew Point,CURRENT,°C,18.651983530923722
2026-08-16T13:40:00+00:00,22411190-1,Temperature,CURRENT,°C,22.519931640624996
2026-08-16T13:40:00+00:00,22411190-2,RH,CURRENT,%,76.04486152437629
2026-08-16T13:40:00+00:00,22411190-3,Dew Point,CURRENT,°C,18.109811663434634
2026-08-16T13:40:00+00:00,22411191-1,Temperature,CURRENT,°C,21.854975585937503
2026-08-16T13:40:00+00:00,22411191-2,RH,CURRENT,%,79.04325932707714
2026-08-16T13:40:00+00:00,22411191-3,Dew Point,CURRENT,°C,18.081147110146926
2026-08-16T13:40:00+00:00,22411525-1,Temperature,CURRENT,°C,21.704824218749998
2026-08-16T13:40:00+00:00,22411525-2,RH,CURRENT,%,77.4212252994583
2026-08-16T13:40:00+00:00,22411525-3,Dew Point,CURRENT,°C,17.60548501397313
2026-08-16T13:40:00+00:00,22411526-1,Temperature,CURRENT,°C,23.528090820312492
2026-08-16T13:40:00+00:00,22411526-2,RH,CURRENT,%,75.23460746166171
2026-08-16T13:40:00+00:00,22411526-3,Dew Point,CURRENT,°C,18.913392909795522
2026-08-16T13:40:00+00:00,22411527-1,Temperature,CURRENT,°C,21.704824218749998
2026-08-16T13:40:00+00:00,22411527-2,RH,CURRENT,%,77.76150148775463
2026-08-16T13:40:00+00:00,22411527-3,Dew Point,CURRENT,°C,17.67513712964677
2026-08-16T13:40:00+00:00,22411528-1,Temperature,CURRENT,°C,23.313588867187498
2026-08-16T13:40:00+00:00,22411528-2,RH,CURRENT,%,78.21774624246586
2026-08-16T13:40:00+00:00,22411528-3,Dew Point,CURRENT,°C,19.330394187289862
2026-08-16T13:40:00+00:00,22411529-1,Temperature,CURRENT,°C,23.35648925781249
2026-08-16T13:40:00+00:00,22411529-2,RH,CURRENT,%,85.78622110322728
2026-08-16T13:40:00+00:00,22411529-3,Dew Point,CURRENT,°C,20.867591718522334
2026-08-16T13:40:00+00:00,22411530-1,Temperature,CURRENT,°C,21.940776367187503
2026-08-16T13:40:00+00:00,22411530-2,RH,CURRENT,%,77.77370870527199
2026-08-16T13:40:00+00:00,22411530-3,Dew Point,CURRENT,°C,17.906622258306367
2026-08-16T13:41:00+00:00,22411541-S,Battery,CURRENT,V,8.577542724609375
2026-08-16T13:45:00+00:00,22411189-1,Temperature,CURRENT,°C,22.991835937499992
2026-08-16T13:45:00+00:00,22411189-2,RH,CURRENT,%,75.34752422369726
2026-08-16T13:45:00+00:00,22411189-3,Dew Point,CURRENT,°C,18.41916622846078
2026-08-16T13:45:00+00:00,22411190-1,Temperature,CURRENT,°C,22.884584960937495
2026-08-16T13:45:00+00:00,22411190-2,RH,CURRENT,%,73.64919508659494
2026-08-16T13:45:00+00:00,22411190-3,Dew Point,CURRENT,°C,17.952019698128975
2026-08-16T13:45:00+00:00,22411191-1,Temperature,CURRENT,°C,22.133828125
2026-08-16T13:45:00+00:00,22411191-2,RH,CURRENT,%,76.78187228198672
2026-08-16T13:45:00+00:00,22411191-3,Dew Point,CURRENT,°C,17.889564287640816
2026-08-16T13:45:00+00:00,22411525-1,Temperature,CURRENT,°C,21.9622265625
2026-08-16T13:45:00+00:00,22411525-2,RH,CURRENT,%,75.36736095216297
2026-08-16T13:45:00+00:00,22411525-3,Dew Point,CURRENT,°C,17.4281239496387
2026-08-16T13:45:00+00:00,22411526-1,Temperature,CURRENT,°C,23.871293945312495
2026-08-16T13:45:00+00:00,22411526-2,RH,CURRENT,%,72.57801174944686
2026-08-16T13:45:00+00:00,22411526-3,Dew Point,CURRENT,°C,18.668152480792134
2026-08-16T13:45:00+00:00,22411527-1,Temperature,CURRENT,°C,21.940776367187503
2026-08-16T13:45:00+00:00,22411527-2,RH,CURRENT,%,75.4711223010605
2026-08-16T13:45:00+00:00,22411527-3,Dew Point,CURRENT,°C,17.429201018851163
2026-08-16T13:45:00+00:00,22411528-1,Temperature,CURRENT,°C,23.678242187499997
2026-08-16T13:45:00+00:00,22411528-2,RH,CURRENT,%,75.57640955214771
2026-08-16T13:45:00+00:00,22411528-3,Dew Point,CURRENT,°C,19.13129427103566
2026-08-16T13:45:00+00:00,22411529-1,Temperature,CURRENT,°C,24.579150390624996
2026-08-16T13:45:00+00:00,22411529-2,RH,CURRENT,%,79.82604715037766
2026-08-16T13:45:00+00:00,22411529-3,Dew Point,CURRENT,°C,20.89029755066403
2026-08-16T13:45:00+00:00,22411530-1,Temperature,CURRENT,°C,22.262529296874995
2026-08-16T13:45:00+00:00,22411530-2,RH,CURRENT,%,75.31700617990387
2026-08-16T13:45:00+00:00,22411530-3,Dew Point,CURRENT,°C,17.707798220059274
2026-08-16T13:46:00+00:00,22411541-S,Battery,CURRENT,V,8.584004150390625
2026-08-16T13:50:00+00:00,22411189-1,Temperature,CURRENT,°C,23.120537109375
2026-08-16T13:50:00+00:00,22411189-2,RH,CURRENT,%,77.22590981918059
2026-08-16T13:50:00+00:00,22411189-3,Dew Point,CURRENT,°C,18.93802336239414
2026-08-16T13:50:00+00:00,22411190-1,Temperature,CURRENT,°C,22.991835937499992
2026-08-16T13:50:00+00:00,22411190-2,RH,CURRENT,%,74.8332951857786
2026-08-16T13:50:00+00:00,22411190-3,Dew Point,CURRENT,°C,18.30978340129567
2026-08-16T13:50:00+00:00,22411191-1,Temperature,CURRENT,°C,22.28397949218749
2026-08-16T13:50:00+00:00,22411191-2,RH,CURRENT,%,77.90188448920424
2026-08-16T13:50:00+00:00,22411191-3,Dew Point,CURRENT,°C,18.26596810314901
2026-08-16T13:50:00+00:00,22411525-1,Temperature,CURRENT,°C,22.133828125
2026-08-16T13:50:00+00:00,22411525-2,RH,CURRENT,%,76.58960860608835
2026-08-16T13:50:00+00:00,22411525-3,Dew Point,CURRENT,°C,17.849673006618573
2026-08-16T13:50:00+00:00,22411526-1,Temperature,CURRENT,°C,24.042895507812496
2026-08-16T13:50:00+00:00,22411526-2,RH,CURRENT,%,73.42793926909285
2026-08-16T13:50:00+00:00,22411526-3,Dew Point,CURRENT,°C,19.0199915667322
2026-08-16T13:50:00+00:00,22411527-1,Temperature,CURRENT,°C,22.112377929687504
2026-08-16T13:50:00+00:00,22411527-2,RH,CURRENT,%,77.0244907301442
2026-08-16T13:50:00+00:00,22411527-3,Dew Point,CURRENT,°C,17.91898711781363
2026-08-16T13:50:00+00:00,22411528-1,Temperature,CURRENT,°C,23.93564453125
2026-08-16T13:50:00+00:00,22411528-2,RH,CURRENT,%,75.65423056382086
2026-08-16T13:50:00+00:00,22411528-3,Dew Point,CURRENT,°C,19.396717934382355
2026-08-16T13:50:00+00:00,22411529-1,Temperature,CURRENT,°C,25.565859374999995
2026-08-16T13:50:00+00:00,22411529-2,RH,CURRENT,%,75.68627450980392
2026-08-16T13:50:00+00:00,22411529-3,Dew Point,CURRENT,°C,20.979695506985742
2026-08-16T13:50:00+00:00,22411530-1,Temperature,CURRENT,°C,22.391230468750003
2026-08-16T13:50:00+00:00,22411530-2,RH,CURRENT,%,76.89021133745327
2026-08-16T13:50:00+00:00,22411530-3,Dew Point,CURRENT,°C,18.16144418731057
2026-08-16T13:51:00+00:00,22411541-S,Battery,CURRENT,V,8.5936962890625
2026-08-16T13:55:00+00:00,22411189-1,Temperature,CURRENT,°C,23.335039062499995
2026-08-16T13:55:00+00:00,22411189-2,RH,CURRENT,%,75.24681467917907
2026-08-16T13:55:00+00:00,22411189-3,Dew Point,CURRENT,°C,18.729447918791585
2026-08-16T13:55:00+00:00,22411190-1,Temperature,CURRENT,°C,23.163437499999993
2026-08-16T13:55:00+00:00,22411190-2,RH,CURRENT,%,73.80483710994125
2026-08-16T13:55:00+00:00,22411190-3,Dew Point,CURRENT,°C,18.254457812688262
2026-08-16T13:55:00+00:00,22411191-1,Temperature,CURRENT,°C,22.4984814453125
2026-08-16T13:55:00+00:00,22411191-2,RH,CURRENT,%,76.03875791561761
2026-08-16T13:55:00+00:00,22411191-3,Dew Point,CURRENT,°C,18.087774974557224
2026-08-16T13:55:00+00:00,22411525-1,Temperature,CURRENT,°C,22.3268798828125
2026-08-16T13:55:00+00:00,22411525-2,RH,CURRENT,%,74.79209582665752
2026-08-16T13:55:00+00:00,22411525-3,Dew Point,CURRENT,°C,17.658855842548434
2026-08-16T13:55:00+00:00,22411526-1,Temperature,CURRENT,°C,24.128696289062496
2026-08-16T13:55:00+00:00,22411526-2,RH,CURRENT,%,71.93713282978561
2026-08-16T13:55:00+00:00,22411526-3,Dew Point,CURRENT,°C,18.773542679353103
2026-08-16T13:55:00+00:00,22411527-1,Temperature,CURRENT,°C,22.305429687500002
2026-08-16T13:55:00+00:00,22411527-2,RH,CURRENT,%,74.96299687190051
2026-08-16T13:55:00+00:00,22411527-3,Dew Point,CURRENT,°C,17.674395393296614
2026-08-16T13:55:00+00:00,22411528-1,Temperature,CURRENT,°C,23.999995117187503
2026-08-16T13:55:00+00:00,22411528-2,RH,CURRENT,%,74.94468604562448
2026-08-16T13:55:00+00:00,22411528-3,Dew Point,CURRENT,°C,19.307227806291532
2026-08-16T13:55:00+00:00,22411529-1,Temperature,CURRENT,°C,26.12356445312499
2026-08-16T13:55:00+00:00,22411529-2,RH,CURRENT,%,73.28755626764324
2026-08-16T13:55:00+00:00,22411529-3,Dew Point,CURRENT,°C,20.992733594027694
2026-08-16T13:55:00+00:00,22411530-1,Temperature,CURRENT,°C,22.5842822265625
2026-08-16T13:55:00+00:00,22411530-2,RH,CURRENT,%,75.22087434195468
2026-08-16T13:55:00+00:00,22411530-3,Dew Point,CURRENT,°C,17.998446640755873
2026-08-16T13:56:00+00:00,22411541-S,Battery,CURRENT,V,8.606619140625
2026-08-16T14:00:00+00:00,22411189-1,Temperature,CURRENT,°C,23.8283935546875
2026-08-16T14:00:00+00:00,22411189-2,RH,CURRENT,%,75.21934843976501
2026-08-16T14:00:00+00:00,22411189-3,Dew Point,CURRENT,°C,19.200301229106355
2026-08-16T14:00:00+00:00,22411190-1,Temperature,CURRENT,°C,23.635341796875004
2026-08-16T14:00:00+00:00,22411190-2,RH,CURRENT,%,73.00679026474403
2026-08-16T14:00:00+00:00,22411190-3,Dew Point,CURRENT,°C,18.535363347597716
2026-08-16T14:00:00+00:00,22411191-1,Temperature,CURRENT,°C,22.863134765625
2026-08-16T14:00:00+00:00,22411191-2,RH,CURRENT,%,75.898374914168
2026-08-16T14:00:00+00:00,22411191-3,Dew Point,CURRENT,°C,18.411108997316738
2026-08-16T14:00:00+00:00,22411525-1,Temperature,CURRENT,°C,22.691533203124997
2026-08-16T14:00:00+00:00,22411525-2,RH,CURRENT,%,74.62272068360419
2026-08-16T14:00:00+00:00,22411525-3,Dew Point,CURRENT,°C,17.974894311009923
2026-08-16T14:00:00+00:00,22411526-1,Temperature,CURRENT,°C,24.707851562500004
2026-08-16T14:00:00+00:00,22411526-2,RH,CURRENT,%,72.10193026626993
2026-08-16T14:00:00+00:00,22411526-3,Dew Point,CURRENT,°C,19.366796210924647
2026-08-16T14:00:00+00:00,22411527-1,Temperature,CURRENT,°C,22.6700830078125
2026-08-16T14:00:00+00:00,22411527-2,RH,CURRENT,%,75.03624017700466
2026-08-16T14:00:00+00:00,22411527-3,Dew Point,CURRENT,°C,18.042201104366175
2026-08-16T14:00:00+00:00,22411528-1,Temperature,CURRENT,°C,24.579150390624996
2026-08-16T14:00:00+00:00,22411528-2,RH,CURRENT,%,74.32211795223927
2026-08-16T14:00:00+00:00,22411528-3,Dew Point,CURRENT,°C,19.731786414150513
2026-08-16T14:00:00+00:00,22411529-1,Temperature,CURRENT,°C,27.003022460937494
2026-08-16T14:00:00+00:00,22411529-2,RH,CURRENT,%,70.5256733043412
2026-08-16T14:00:00+00:00,22411529-3,Dew Point,CURRENT,°C,21.210560399615517
2026-08-16T14:00:00+00:00,22411530-1,Temperature,CURRENT,°C,22.991835937499992
2026-08-16T14:00:00+00:00,22411530-2,RH,CURRENT,%,74.93553063248646
2026-08-16T14:00:00+00:00,22411530-3,Dew Point,CURRENT,°C,18.3315824188888
2026-08-16T14:01:00+00:00,22411541-S,Battery,CURRENT,V,8.6195419921875
2026-08-16T14:05:00+00:00,22411189-1,Temperature,CURRENT,°C,22.90603515624999
2026-08-16T14:05:00+00:00,22411189-2,RH,CURRENT,%,75.48027771419852
2026-08-16T14:05:00+00:00,22411189-3,Dew Point,CURRENT,°C,18.364350838397936
2026-08-16T14:05:00+00:00,22411190-1,Temperature,CURRENT,°C,22.777333984374998
2026-08-16T14:05:00+00:00,22411190-2,RH,CURRENT,%,73.5561150530251
2026-08-16T14:05:00+00:00,22411190-3,Dew Point,CURRENT,°C,17.82853392764005
2026-08-16T14:05:00+00:00,22411191-1,Temperature,CURRENT,°C,22.198178710937505
2026-08-16T14:05:00+00:00,22411191-2,RH,CURRENT,%,76.62012664988174
2026-08-16T14:05:00+00:00,22411191-3,Dew Point,CURRENT,°C,17.91834424286871
2026-08-16T14:05:00+00:00,22411525-1,Temperature,CURRENT,°C,22.069477539062497
2026-08-16T14:05:00+00:00,22411525-2,RH,CURRENT,%,75.50011444266423
2026-08-16T14:05:00+00:00,22411525-3,Dew Point,CURRENT,°C,17.559732405276456
2026-08-16T14:05:00+00:00,22411526-1,Temperature,CURRENT,°C,23.613891601562493
2026-08-16T14:05:00+00:00,22411526-2,RH,CURRENT,%,72.56733043411917
2026-08-16T14:05:00+00:00,22411526-3,Dew Point,CURRENT,°C,18.41820113001152
2026-08-16T14:05:00+00:00,22411527-1,Temperature,CURRENT,°C,22.04802734375
2026-08-16T14:05:00+00:00,22411527-2,RH,CURRENT,%,75.87090867475395
2026-08-16T14:05:00+00:00,22411527-3,Dew Point,CURRENT,°C,17.61676449238372
2026-08-16T14:05:00+00:00,22411528-1,Temperature,CURRENT,°C,23.3993896484375
2026-08-16T14:05:00+00:00,22411528-2,RH,CURRENT,%,75.30174715800717
2026-08-16T14:05:00+00:00,22411528-3,Dew Point,CURRENT,°C,18.803326668998782
2026-08-16T14:05:00+00:00,22411529-1,Temperature,CURRENT,°C,25.951962890625005
2026-08-16T14:05:00+00:00,22411529-2,RH,CURRENT,%,71.15281910429542
2026-08-16T14:05:00+00:00,22411529-3,Dew Point,CURRENT,°C,20.34712660162397
2026-08-16T14:05:00+00:00,22411530-1,Temperature,CURRENT,°C,22.305429687500002
2026-08-16T14:05:00+00:00,22411530-2,RH,CURRENT,%,75.21171892881667
2026-08-16T14:05:00+00:00,22411530-3,Dew Point,CURRENT,°C,17.72702968237503
2026-08-16T14:06:00+00:00,22411541-S,Battery,CURRENT,V,8.61308056640625
2026-08-16T14:10:00+00:00,22411189-1,Temperature,CURRENT,°C,22.82023437499999
2026-08-16T14:10:00+00:00,22411189-2,RH,CURRENT,%,76.22644388494697
2026-08-16T14:10:00+00:00,22411189-3,Dew Point,CURRENT,°C,18.438519694700446
2026-08-16T14:10:00+00:00,22411190-1,Temperature,CURRENT,°C,22.691533203124997
2026-08-16T14:10:00+00:00,22411190-2,RH,CURRENT,%,74.5464255741207
2026-08-16T14:10:00+00:00,22411190-3,Dew Point,CURRENT,°C,17.958606117733826
2026-08-16T14:10:00+00:00,22411191-1,Temperature,CURRENT,°C,22.305429687500002
2026-08-16T14:10:00+00:00,22411191-2,RH,CURRENT,%,76.04333562218662
2026-08-16T14:10:00+00:00,22411191-3,Dew Point,CURRENT,°C,17.901915790712753
2026-08-16T14:10:00+00:00,22411525-1,Temperature,CURRENT,°C,22.176728515624994
2026-08-16T14:10:00+00:00,22411525-2,RH,CURRENT,%,74.54032196536203
2026-08-16T14:10:00+00:00,22411525-3,Dew Point,CURRENT,°C,17.4603582027281
2026-08-16T14:10:00+00:00,22411526-1,Temperature,CURRENT,°C,23.292138671875
2026-08-16T14:10:00+00:00,22411526-2,RH,CURRENT,%,74.39536125734341
2026-08-16T14:10:00+00:00,22411526-3,Dew Point,CURRENT,°C,18.505894290073567
2026-08-16T14:10:00+00:00,22411527-1,Temperature,CURRENT,°C,22.155278320312497
2026-08-16T14:10:00+00:00,22411527-2,RH,CURRENT,%,74.84855420767529
2026-08-16T14:10:00+00:00,22411527-3,Dew Point,CURRENT,°C,17.50510514105818
2026-08-16T14:10:00+00:00,22411528-1,Temperature,CURRENT,°C,23.099086914062504
2026-08-16T14:10:00+00:00,22411528-2,RH,CURRENT,%,78.3016708628977
2026-08-16T14:10:00+00:00,22411528-3,Dew Point,CURRENT,°C,19.13933823881114
2026-08-16T14:10:00+00:00,22411529-1,Temperature,CURRENT,°C,24.879453125000005
2026-08-16T14:10:00+00:00,22411529-2,RH,CURRENT,%,77.05653467612726
2026-08-16T14:10:00+00:00,22411529-3,Dew Point,CURRENT,°C,20.607394160386264
2026-08-16T14:10:00+00:00,22411530-1,Temperature,CURRENT,°C,22.391230468750003
2026-08-16T14:10:00+00:00,22411530-2,RH,CURRENT,%,74.98588540474556
2026-08-16T14:10:00+00:00,22411530-3,Dew Point,CURRENT,°C,17.762131901388585
2026-08-16T14:11:00+00:00,22411541-S,Battery,CURRENT,V,8.61308056640625
2026-08-16T14:15:00+00:00,22411189-1,Temperature,CURRENT,°C,22.691533203124997
2026-08-16T14:15:00+00:00,22411189-2,RH,CURRENT,%,77.12062256809338
2026-08-16T14:15:00+00:00,22411189-3,Dew Point,CURRENT,°C,18.50028131399109
2026-08-16T14:15:00+00:00,22411190-1,Temperature,CURRENT,°C,22.562832031250004
2026-08-16T14:15:00+00:00,22411190-2,RH,CURRENT,%,75.26665140764477
2026-08-16T14:15:00+00:00,22411190-3,Dew Point,CURRENT,°C,17.98740608598412
2026-08-16T14:15:00+00:00,22411191-1,Temperature,CURRENT,°C,22.176728515624994
2026-08-16T14:15:00+00:00,22411191-2,RH,CURRENT,%,77.25795376516365
2026-08-16T14:15:00+00:00,22411191-3,Dew Point,CURRENT,°C,18.029566216599015
2026-08-16T14:15:00+00:00,22411525-1,Temperature,CURRENT,°C,22.069477539062497
2026-08-16T14:15:00+00:00,22411525-2,RH,CURRENT,%,75.66948958571756
2026-08-16T14:15:00+00:00,22411525-3,Dew Point,CURRENT,°C,17.595305135353467
2026-08-16T14:15:00+00:00,22411526-1,Temperature,CURRENT,°C,23.099086914062504
2026-08-16T14:15:00+00:00,22411526-2,RH,CURRENT,%,75.91515983825437
2026-08-16T14:15:00+00:00,22411526-3,Dew Point,CURRENT,°C,18.642910690272423
2026-08-16T14:15:00+00:00,22411527-1,Temperature,CURRENT,°C,22.069477539062497
2026-08-16T14:15:00+00:00,22411527-2,RH,CURRENT,%,76.04028381780728
2026-08-16T14:15:00+00:00,22411527-3,Dew Point,CURRENT,°C,17.67293782871557
2026-08-16T14:15:00+00:00,22411528-1,Temperature,CURRENT,°C,22.948935546875
2026-08-16T14:15:00+00:00,22411528-2,RH,CURRENT,%,78.95628290226597
2026-08-16T14:15:00+00:00,22411528-3,Dew Point,CURRENT,°C,19.127215913717645
2026-08-16T14:15:00+00:00,22411529-1,Temperature,CURRENT,°C,24.407548828124995
2026-08-16T14:15:00+00:00,22411529-2,RH,CURRENT,%,79.54528114747845
2026-08-16T14:15:00+00:00,22411529-3,Dew Point,CURRENT,°C,20.665958617388448
2026-08-16T14:15:00+00:00,22411530-1,Temperature,CURRENT,°C,22.262529296874995
2026-08-16T14:15:00+00:00,22411530-2,RH,CURRENT,%,76.20050354772259
2026-08-16T14:15:00+00:00,22411530-3,Dew Point,CURRENT,°C,17.893252804844387
2026-08-16T14:16:00+00:00,22411541-S,Battery,CURRENT,V,8.606619140625
2026-08-16T14:20:00+00:00,22411189-1,Temperature,CURRENT,°C,22.712983398437494
2026-08-16T14:20:00+00:00,22411189-2,RH,CURRENT,%,75.93804837109941
2026-08-16T14:20:00+00:00,22411189-3,Dew Point,CURRENT,°C,18.274188392520998
2026-08-16T14:20:00+00:00,22411190-1,Temperature,CURRENT,°C,22.5842822265625
2026-08-16T14:20:00+00:00,22411190-2,RH,CURRENT,%,74.45792324711987
2026-08-16T14:20:00+00:00,22411190-3,Dew Point,CURRENT,°C,17.8361807107427
2026-08-16T14:20:00+00:00,22411191-1,Temperature,CURRENT,°C,22.090927734374993
2026-08-16T14:20:00+00:00,22411191-2,RH,CURRENT,%,76.56061646448462
2026-08-16T14:20:00+00:00,22411191-3,Dew Point,CURRENT,°C,17.8020981581912
2026-08-16T14:20:00+00:00,22411525-1,Temperature,CURRENT,°C,21.983676757812496
2026-08-16T14:20:00+00:00,22411525-2,RH,CURRENT,%,75.27122911421378
2026-08-16T14:20:00+00:00,22411525-3,Dew Point,CURRENT,°C,17.428620649640408
2026-08-16T14:20:00+00:00,22411526-1,Temperature,CURRENT,°C,23.270688476562505
2026-08-16T14:20:00+00:00,22411526-2,RH,CURRENT,%,74.42282749675746
2026-08-16T14:20:00+00:00,22411526-3,Dew Point,CURRENT,°C,18.49109736388562
2026-08-16T14:20:00+00:00,22411527-1,Temperature,CURRENT,°C,21.940776367187503
2026-08-16T14:20:00+00:00,22411527-2,RH,CURRENT,%,75.55504692149233
2026-08-16T14:20:00+00:00,22411527-3,Dew Point,CURRENT,°C,17.446824603074678
2026-08-16T14:20:00+00:00,22411528-1,Temperature,CURRENT,°C,23.141987304687497
2026-08-16T14:20:00+00:00,22411528-2,RH,CURRENT,%,77.07484550240329
2026-08-16T14:20:00+00:00,22411528-3,Dew Point,CURRENT,°C,18.92740241431766
2026-08-16T14:20:00+00:00,22411529-1,Temperature,CURRENT,°C,24.42899902343749
2026-08-16T14:20:00+00:00,22411529-2,RH,CURRENT,%,79.96185244525826
2026-08-16T14:20:00+00:00,22411529-3,Dew Point,CURRENT,°C,20.771805323193906
2026-08-16T14:20:00+00:00,22411530-1,Temperature,CURRENT,°C,22.21962890625
2026-08-16T14:20:00+00:00,22411530-2,RH,CURRENT,%,75.385671778439
2026-08-16T14:20:00+00:00,22411530-3,Dew Point,CURRENT,°C,17.68080858396922
2026-08-16T14:21:00+00:00,22411541-S,Battery,CURRENT,V,8.61308056640625
2026-08-16T14:25:00+00:00,22411189-1,Temperature,CURRENT,°C,22.948935546875
2026-08-16T14:25:00+00:00,22411189-2,RH,CURRENT,%,75.71984435797665
2026-08-16T14:25:00+00:00,22411189-3,Dew Point,CURRENT,°C,18.45646617542583
2026-08-16T14:25:00+00:00,22411190-1,Temperature,CURRENT,°C,22.798784179687495
2026-08-16T14:25:00+00:00,22411190-2,RH,CURRENT,%,73.96047913328755
2026-08-16T14:25:00+00:00,22411190-3,Dew Point,CURRENT,°C,17.936448894743634
2026-08-16T14:25:00+00:00,22411191-1,Temperature,CURRENT,°C,22.348330078124995
2026-08-16T14:25:00+00:00,22411191-2,RH,CURRENT,%,76.36835278858625
2026-08-16T14:25:00+00:00,22411191-3,Dew Point,CURRENT,°C,18.011348697185255
2026-08-16T14:25:00+00:00,22411525-1,Temperature,CURRENT,°C,22.21962890625
2026-08-16T14:25:00+00:00,22411525-2,RH,CURRENT,%,75.06828412298772
2026-08-16T14:25:00+00:00,22411525-3,Dew Point,CURRENT,°C,17.613796012629997
2026-08-16T14:25:00+00:00,22411526-1,Temperature,CURRENT,°C,23.44229003906249
2026-08-16T14:25:00+00:00,22411526-2,RH,CURRENT,%,74.15579461356528
2026-08-16T14:25:00+00:00,22411526-3,Dew Point,CURRENT,°C,18.599159511723634
2026-08-16T14:25:00+00:00,22411527-1,Temperature,CURRENT,°C,22.21962890625
2026-08-16T14:25:00+00:00,22411527-2,RH,CURRENT,%,75.41161211566339
2026-08-16T14:25:00+00:00,22411527-3,Dew Point,CURRENT,°C,17.686274646444822
2026-08-16T14:25:00+00:00,22411528-1,Temperature,CURRENT,°C,23.249238281249994
2026-08-16T14:25:00+00:00,22411528-2,RH,CURRENT,%,76.2554360265507
2026-08-16T14:25:00+00:00,22411528-3,Dew Point,CURRENT,°C,18.859859624228804
2026-08-16T14:25:00+00:00,22411529-1,Temperature,CURRENT,°C,24.6435009765625
2026-08-16T14:25:00+00:00,22411529-2,RH,CURRENT,%,76.1547264820325
2026-08-16T14:25:00+00:00,22411529-3,Dew Point,CURRENT,°C,20.187889532243293
2026-08-16T14:25:00+00:00,22411530-1,Temperature,CURRENT,°C,22.434130859374996
2026-08-16T14:25:00+00:00,22411530-2,RH,CURRENT,%,74.94773785000382
2026-08-16T14:25:00+00:00,22411530-3,Dew Point,CURRENT,°C,17.79548279598264
2026-08-16T14:26:00+00:00,22411541-S,Battery,CURRENT,V,8.61308056640625
2026-08-16T14:30:00+00:00,22411189-1,Temperature,CURRENT,°C,23.506640624999996
2026-08-16T14:30:00+00:00,22411189-2,RH,CURRENT,%,75.68627450980392
2026-08-16T14:30:00+00:00,22411189-3,Dew Point,CURRENT,°C,18.988700733768862
2026-08-16T14:30:00+00:00,22411190-1,Temperature,CURRENT,°C,23.335039062499995
2026-08-16T14:30:00+00:00,22411190-2,RH,CURRENT,%,73.96047913328755
2026-08-16T14:30:00+00:00,22411190-3,Dew Point,CURRENT,°C,18.453549043691506
2026-08-16T14:30:00+00:00,22411191-1,Temperature,CURRENT,°C,22.863134765625
2026-08-16T14:30:00+00:00,22411191-2,RH,CURRENT,%,76.72083619439994
2026-08-16T14:30:00+00:00,22411191-3,Dew Point,CURRENT,°C,18.583441066406802
2026-08-16T14:30:00+00:00,22411525-1,Temperature,CURRENT,°C,22.691533203124997
2026-08-16T14:30:00+00:00,22411525-2,RH,CURRENT,%,75.722896162356
2026-08-16T14:30:00+00:00,22411525-3,Dew Point,CURRENT,°C,18.208163750198274
2026-08-16T14:30:00+00:00,22411526-1,Temperature,CURRENT,°C,23.89274414062499
2026-08-16T14:30:00+00:00,22411526-2,RH,CURRENT,%,74.22598611429008
2026-08-16T14:30:00+00:00,22411526-3,Dew Point,CURRENT,°C,19.04882053639591
2026-08-16T14:30:00+00:00,22411527-1,Temperature,CURRENT,°C,22.6700830078125
2026-08-16T14:30:00+00:00,22411527-2,RH,CURRENT,%,75.8434424353399
2026-08-16T14:30:00+00:00,22411527-3,Dew Point,CURRENT,°C,18.21279238214161
2026-08-16T14:30:00+00:00,22411528-1,Temperature,CURRENT,°C,23.8283935546875
2026-08-16T14:30:00+00:00,22411528-2,RH,CURRENT,%,76.8581673914702
2026-08-16T14:30:00+00:00,22411528-3,Dew Point,CURRENT,°C,19.547281566673384
2026-08-16T14:30:00+00:00,22411529-1,Temperature,CURRENT,°C,25.372807617187497
2026-08-16T14:30:00+00:00,22411529-2,RH,CURRENT,%,76.41565575646601
2026-08-16T14:30:00+00:00,22411529-3,Dew Point,CURRENT,°C,20.949266328798714
2026-08-16T14:30:00+00:00,22411530-1,Temperature,CURRENT,°C,22.884584960937495
2026-08-16T14:30:00+00:00,22411530-2,RH,CURRENT,%,75.6771190966659
2026-08-16T14:30:00+00:00,22411530-3,Dew Point,CURRENT,°C,18.385213707127033
2026-08-16T14:31:00+00:00,22411541-S,Battery,CURRENT,V,8.629234130859375
2026-08-16T14:35:00+00:00,22411189-1,Temperature,CURRENT,°C,24.4718994140625
2026-08-16T14:35:00+00:00,22411189-2,RH,CURRENT,%,74.18326085297933
2026-08-16T14:35:00+00:00,22411189-3,Dew Point,CURRENT,°C,19.598163210595825
2026-08-16T14:35:00+00:00,22411190-1,Temperature,CURRENT,°C,24.214497070312497
2026-08-16T14:35:00+00:00,22411190-2,RH,CURRENT,%,71.96917677576867
2026-08-16T14:35:00+00:00,22411190-3,Dew Point,CURRENT,°C,18.86311978146579
2026-08-16T14:35:00+00:00,22411191-1,Temperature,CURRENT,°C,23.420839843749995
2026-08-16T14:35:00+00:00,22411191-2,RH,CURRENT,%,74.00473029678798
2026-08-16T14:35:00+00:00,22411191-3,Dew Point,CURRENT,°C,18.54584819387454
2026-08-16T14:35:00+00:00,22411525-1,Temperature,CURRENT,°C,23.249238281249994
2026-08-16T14:35:00+00:00,22411525-2,RH,CURRENT,%,72.77027542534523
2026-08-16T14:35:00+00:00,22411525-3,Dew Point,CURRENT,°C,18.11193647082714
2026-08-16T14:35:00+00:00,22411526-1,Temperature,CURRENT,°C,25.265556640625
2026-08-16T14:35:00+00:00,22411526-2,RH,CURRENT,%,72.64057373922331
2026-08-16T14:35:00+00:00,22411526-3,Dew Point,CURRENT,°C,20.02308652998245
2026-08-16T14:35:00+00:00,22411527-1,Temperature,CURRENT,°C,23.184887695312504
2026-08-16T14:35:00+00:00,22411527-2,RH,CURRENT,%,72.97169451438162
2026-08-16T14:35:00+00:00,22411527-3,Dew Point,CURRENT,°C,18.094059478041114
2026-08-16T14:35:00+00:00,22411528-1,Temperature,CURRENT,°C,25.136855468749992
2026-08-16T14:35:00+00:00,22411528-2,RH,CURRENT,%,74.88059815365835
2026-08-16T14:35:00+00:00,22411528-3,Dew Point,CURRENT,°C,20.391177918980194
2026-08-16T14:35:00+00:00,22411529-1,Temperature,CURRENT,°C,27.088823242187495
2026-08-16T14:35:00+00:00,22411529-2,RH,CURRENT,%,79.39421683070115
2026-08-16T14:35:00+00:00,22411529-3,Dew Point,CURRENT,°C,23.24277744375993
2026-08-16T14:35:00+00:00,22411530-1,Temperature,CURRENT,°C,23.5709912109375
2026-08-16T14:35:00+00:00,22411530-2,RH,CURRENT,%,73.15022507057297
2026-08-16T14:35:00+00:00,22411530-3,Dew Point,CURRENT,°C,18.504797356473123
2026-08-16T14:36:00+00:00,22411541-S,Battery,CURRENT,V,8.629234130859375
2026-08-16T14:40:00+00:00,22411189-1,Temperature,CURRENT,°C,24.600600585937492
2026-08-16T14:40:00+00:00,22411189-2,RH,CURRENT,%,73.32417792019531
2026-08-16T14:40:00+00:00,22411189-3,Dew Point,CURRENT,°C,19.53439576792597
2026-08-16T14:40:00+00:00,22411190-1,Temperature,CURRENT,°C,24.386098632812498
2026-08-16T14:40:00+00:00,22411190-2,RH,CURRENT,%,71.4198519874876
2026-08-16T14:40:00+00:00,22411190-3,Dew Point,CURRENT,°C,18.905039090688504
2026-08-16T14:40:00+00:00,22411191-1,Temperature,CURRENT,°C,23.699692382812493
2026-08-16T14:40:00+00:00,22411191-2,RH,CURRENT,%,74.19699397268636
2026-08-16T14:40:00+00:00,22411191-3,Dew Point,CURRENT,°C,18.85633659819753
2026-08-16T14:40:00+00:00,22411525-1,Temperature,CURRENT,°C,23.528090820312492
2026-08-16T14:40:00+00:00,22411525-2,RH,CURRENT,%,73.07545586327916
2026-08-16T14:40:00+00:00,22411525-3,Dew Point,CURRENT,°C,18.447143050274292
2026-08-16T14:40:00+00:00,22411526-1,Temperature,CURRENT,°C,25.608759765625003
2026-08-16T14:40:00+00:00,22411526-2,RH,CURRENT,%,70.36545357442589
2026-08-16T14:40:00+00:00,22411526-3,Dew Point,CURRENT,°C,19.83800685853686
2026-08-16T14:40:00+00:00,22411527-1,Temperature,CURRENT,°C,23.4851904296875
2026-08-16T14:40:00+00:00,22411527-2,RH,CURRENT,%,73.34554055085069
2026-08-16T14:40:00+00:00,22411527-3,Dew Point,CURRENT,°C,18.464797785330063
2026-08-16T14:40:00+00:00,22411528-1,Temperature,CURRENT,°C,25.437158203125
2026-08-16T14:40:00+00:00,22411528-2,RH,CURRENT,%,73.23262378881513
2026-08-16T14:40:00+00:00,22411528-3,Dew Point,CURRENT,°C,20.319705739297095
2026-08-16T14:40:00+00:00,22411529-1,Temperature,CURRENT,°C,28.311484375
2026-08-16T14:40:00+00:00,22411529-2,RH,CURRENT,%,69.91378652628366
2026-08-16T14:40:00+00:00,22411529-3,Dew Point,CURRENT,°C,22.320278338315994
2026-08-16T14:40:00+00:00,22411530-1,Temperature,CURRENT,°C,23.806943359375005
2026-08-16T14:40:00+00:00,22411530-2,RH,CURRENT,%,73.16243228809033
2026-08-16T14:40:00+00:00,22411530-3,Dew Point,CURRENT,°C,18.734661007271033
2026-08-16T14:41:00+00:00,22411541-S,Battery,CURRENT,V,8.63246484375
2026-08-16T14:45:00+00:00,22411189-1,Temperature,CURRENT,°C,24.579150390624996
2026-08-16T14:45:00+00:00,22411189-2,RH,CURRENT,%,73.22194247348745
2026-08-16T14:45:00+00:00,22411189-3,Dew Point,CURRENT,°C,19.491254158724438
2026-08-16T14:45:00+00:00,22411190-1,Temperature,CURRENT,°C,24.386098632812498
2026-08-16T14:45:00+00:00,22411190-2,RH,CURRENT,%,71.72961013199054
2026-08-16T14:45:00+00:00,22411190-3,Dew Point,CURRENT,°C,18.974475656508485
2026-08-16T14:45:00+00:00,22411191-1,Temperature,CURRENT,°C,23.699692382812493
2026-08-16T14:45:00+00:00,22411191-2,RH,CURRENT,%,74.77073319600214
2026-08-16T14:45:00+00:00,22411191-3,Dew Point,CURRENT,°C,18.979904533307327
2026-08-16T14:45:00+00:00,22411525-1,Temperature,CURRENT,°C,23.528090820312492
2026-08-16T14:45:00+00:00,22411525-2,RH,CURRENT,%,73.67513542381933
2026-08-16T14:45:00+00:00,22411525-3,Dew Point,CURRENT,°C,18.577835062576714
2026-08-16T14:45:00+00:00,22411526-1,Temperature,CURRENT,°C,25.522958984375002
2026-08-16T14:45:00+00:00,22411526-2,RH,CURRENT,%,70.05569542992295
2026-08-16T14:45:00+00:00,22411526-3,Dew Point,CURRENT,°C,19.684600121331368
2026-08-16T14:45:00+00:00,22411527-1,Temperature,CURRENT,°C,23.463740234375003
2026-08-16T14:45:00+00:00,22411527-2,RH,CURRENT,%,74.15579461356528
2026-08-16T14:45:00+00:00,22411527-3,Dew Point,CURRENT,°C,18.61984917235804
2026-08-16T14:45:00+00:00,22411528-1,Temperature,CURRENT,°C,25.329907226562504
2026-08-16T14:45:00+00:00,22411528-2,RH,CURRENT,%,73.13038834210727
2026-08-16T14:45:00+00:00,22411528-3,Dew Point,CURRENT,°C,20.193813037453488
2026-08-16T14:45:00+00:00,22411529-1,Temperature,CURRENT,°C,28.783388671874995
2026-08-16T14:45:00+00:00,22411529-2,RH,CURRENT,%,66.08072022583353
2026-08-16T14:45:00+00:00,22411529-3,Dew Point,CURRENT,°C,21.843152425840618
2026-08-16T14:45:00+00:00,22411530-1,Temperature,CURRENT,°C,23.806943359375005
2026-08-16T14:45:00+00:00,22411530-2,RH,CURRENT,%,73.5759517814908
2026-08-16T14:45:00+00:00,22411530-3,Dew Point,CURRENT,°C,18.824977375734903
2026-08-16T14:46:00+00:00,22411541-S,Battery,CURRENT,V,8.63246484375
2026-08-16T14:50:00+00:00,22411189-1,Temperature,CURRENT,°C,24.750751953124997
2026-08-16T14:50:00+00:00,22411189-2,RH,CURRENT,%,74.05966277561609
2026-08-16T14:50:00+00:00,22411189-3,Dew Point,CURRENT,°C,19.84015142506963
2026-08-16T14:50:00+00:00,22411190-1,Temperature,CURRENT,°C,24.5577001953125
2026-08-16T14:50:00+00:00,22411190-2,RH,CURRENT,%,71.56939040207523
2026-08-16T14:50:00+00:00,22411190-3,Dew Point,CURRENT,°C,19.103352064026478
2026-08-16T14:50:00+00:00,22411191-1,Temperature,CURRENT,°C,23.806943359375005
2026-08-16T14:50:00+00:00,22411191-2,RH,CURRENT,%,73.43709468223086
2026-08-16T14:50:00+00:00,22411191-3,Dew Point,CURRENT,°C,18.794699383669695
2026-08-16T14:50:00+00:00,22411525-1,Temperature,CURRENT,°C,23.635341796875004
2026-08-16T14:50:00+00:00,22411525-2,RH,CURRENT,%,72.11108567940795
2026-08-16T14:50:00+00:00,22411525-3,Dew Point,CURRENT,°C,18.33807578872529
2026-08-16T14:50:00+00:00,22411526-1,Temperature,CURRENT,°C,25.651660156249996
2026-08-16T14:50:00+00:00,22411526-2,RH,CURRENT,%,70.9925993743801
2026-08-16T14:50:00+00:00,22411526-3,Dew Point,CURRENT,°C,20.02259100792152
2026-08-16T14:50:00+00:00,22411527-1,Temperature,CURRENT,°C,23.592441406249996
2026-08-16T14:50:00+00:00,22411527-2,RH,CURRENT,%,72.82063019760433
2026-08-16T14:50:00+00:00,22411527-3,Dew Point,CURRENT,°C,18.453250283582324
2026-08-16T14:50:00+00:00,22411528-1,Temperature,CURRENT,°C,25.287006835937497
2026-08-16T14:50:00+00:00,22411528-2,RH,CURRENT,%,73.5606927595941
2026-08-16T14:50:00+00:00,22411528-3,Dew Point,CURRENT,°C,20.247573807014
2026-08-16T14:50:00+00:00,22411529-1,Temperature,CURRENT,°C,28.890639648437492
2026-08-16T14:50:00+00:00,22411529-2,RH,CURRENT,%,67.76684214541848
2026-08-16T14:50:00+00:00,22411529-3,Dew Point,CURRENT,°C,22.359458173077698
2026-08-16T14:50:00+00:00,22411530-1,Temperature,CURRENT,°C,23.93564453125
2026-08-16T14:50:00+00:00,22411530-2,RH,CURRENT,%,72.75043869687953
2026-08-16T14:50:00+00:00,22411530-3,Dew Point,CURRENT,°C,18.76806657257139
2026-08-16T14:51:00+00:00,22411541-S,Battery,CURRENT,V,8.63246484375
2026-08-16T14:55:00+00:00,22411189-1,Temperature,CURRENT,°C,24.686401367187493
2026-08-16T14:55:00+00:00,22411189-2,RH,CURRENT,%,72.51697566186007
2026-08-16T14:55:00+00:00,22411189-3,Dew Point,CURRENT,°C,19.438601006668012
2026-08-16T14:55:00+00:00,22411190-1,Temperature,CURRENT,°C,24.450449218750002
2026-08-16T14:55:00+00:00,22411190-2,RH,CURRENT,%,70.72709239337759
2026-08-16T14:55:00+00:00,22411190-3,Dew Point,CURRENT,°C,18.810482556659235
2026-08-16T14:55:00+00:00,22411191-1,Temperature,CURRENT,°C,23.764042968749997
2026-08-16T14:55:00+00:00,22411191-2,RH,CURRENT,%,74.04592965590906
2026-08-16T14:55:00+00:00,22411191-3,Dew Point,CURRENT,°C,18.885717394379853
2026-08-16T14:55:00+00:00,22411525-1,Temperature,CURRENT,°C,23.613891601562493
2026-08-16T14:55:00+00:00,22411525-2,RH,CURRENT,%,73.23109788662546
2026-08-16T14:55:00+00:00,22411525-3,Dew Point,CURRENT,°C,18.56378070967778
2026-08-16T14:55:00+00:00,22411526-1,Temperature,CURRENT,°C,25.6302099609375
2026-08-16T14:55:00+00:00,22411526-2,RH,CURRENT,%,69.47280079346913
2026-08-16T14:55:00+00:00,22411526-3,Dew Point,CURRENT,°C,19.652408876956716
2026-08-16T14:55:00+00:00,22411527-1,Temperature,CURRENT,°C,23.592441406249996
2026-08-16T14:55:00+00:00,22411527-2,RH,CURRENT,%,73.73006790264743
2026-08-16T14:55:00+00:00,22411527-3,Dew Point,CURRENT,°C,18.651783661417742
2026-08-16T14:55:00+00:00,22411528-1,Temperature,CURRENT,°C,25.179755859375
2026-08-16T14:55:00+00:00,22411528-2,RH,CURRENT,%,73.74532692454413
2026-08-16T14:55:00+00:00,22411528-3,Dew Point,CURRENT,°C,20.184861852135
2026-08-16T14:55:00+00:00,22411529-1,Temperature,CURRENT,°C,29.169492187500005
2026-08-16T14:55:00+00:00,22411529-2,RH,CURRENT,%,69.62081330586709
2026-08-16T14:55:00+00:00,22411529-3,Dew Point,CURRENT,°C,23.071486411314165
2026-08-16T14:55:00+00:00,22411530-1,Temperature,CURRENT,°C,23.871293945312495
2026-08-16T14:55:00+00:00,22411530-2,RH,CURRENT,%,72.8877698939498
2026-08-16T14:55:00+00:00,22411530-3,Dew Point,CURRENT,°C,18.736356959771506
2026-08-16T14:56:00+00:00,22411541-S,Battery,CURRENT,V,8.63892626953125
2026-08-16T15:00:00+00:00,22411189-1,Temperature,CURRENT,°C,24.836552734374997
2026-08-16T15:00:00+00:00,22411189-2,RH,CURRENT,%,70.97428854810407
2026-08-16T15:00:00+00:00,22411189-3,Dew Point,CURRENT,°C,19.23672761406503
2026-08-16T15:00:00+00:00,22411190-1,Temperature,CURRENT,°C,24.622050781250003
2026-08-16T15:00:00+00:00,22411190-2,RH,CURRENT,%,69.49263752193484
2026-08-16T15:00:00+00:00,22411190-3,Dew Point,CURRENT,°C,18.692720613526873
2026-08-16T15:00:00+00:00,22411191-1,Temperature,CURRENT,°C,24.0214453125
2026-08-16T15:00:00+00:00,22411191-2,RH,CURRENT,%,71.92645151445792
2026-08-16T15:00:00+00:00,22411191-3,Dew Point,CURRENT,°C,18.668118322302146
2026-08-16T15:00:00+00:00,22411525-1,Temperature,CURRENT,°C,23.849843749999998
2026-08-16T15:00:00+00:00,22411525-2,RH,CURRENT,%,70.9071488517586
2026-08-16T15:00:00+00:00,22411525-3,Dew Point,CURRENT,°C,18.27522457753967
2026-08-16T15:00:00+00:00,22411526-1,Temperature,CURRENT,°C,25.673110351562492
2026-08-16T15:00:00+00:00,22411526-2,RH,CURRENT,%,68.00488288700694
2026-08-16T15:00:00+00:00,22411526-3,Dew Point,CURRENT,°C,19.34924088577887
2026-08-16T15:00:00+00:00,22411527-1,Temperature,CURRENT,°C,23.785493164062494
2026-08-16T15:00:00+00:00,22411527-2,RH,CURRENT,%,71.34203097581445
2026-08-16T15:00:00+00:00,22411527-3,Dew Point,CURRENT,°C,18.311089777933702
2026-08-16T15:00:00+00:00,22411528-1,Temperature,CURRENT,°C,25.136855468749992
2026-08-16T15:00:00+00:00,22411528-2,RH,CURRENT,%,71.63805600061036
2026-08-16T15:00:00+00:00,22411528-3,Dew Point,CURRENT,°C,19.674853797615356
2026-08-16T15:00:00+00:00,22411529-1,Temperature,CURRENT,°C,29.040791015624997
2026-08-16T15:00:00+00:00,22411529-2,RH,CURRENT,%,64.38849469748989
2026-08-16T15:00:00+00:00,22411529-3,Dew Point,CURRENT,°C,21.66182846355349
2026-08-16T15:00:00+00:00,22411530-1,Temperature,CURRENT,°C,24.10724609375
2026-08-16T15:00:00+00:00,22411530-2,RH,CURRENT,%,70.87357900358587
2026-08-16T15:00:00+00:00,22411530-3,Dew Point,CURRENT,°C,18.51452324978141
2026-08-16T15:01:00+00:00,22411541-S,Battery,CURRENT,V,8.63246484375
2026-08-16T15:05:00+00:00,22411189-1,Temperature,CURRENT,°C,24.707851562500004
2026-08-16T15:05:00+00:00,22411189-2,RH,CURRENT,%,74.29922941939422
2026-08-16T15:05:00+00:00,22411189-3,Dew Point,CURRENT,°C,19.850960910840424
2026-08-16T15:05:00+00:00,22411190-1,Temperature,CURRENT,°C,24.536250000000003
2026-08-16T15:05:00+00:00,22411190-2,RH,CURRENT,%,71.70214389257649
2026-08-16T15:05:00+00:00,22411190-3,Dew Point,CURRENT,°C,19.112527161872467
2026-08-16T15:05:00+00:00,22411191-1,Temperature,CURRENT,°C,24.0214453125
2026-08-16T15:05:00+00:00,22411191-2,RH,CURRENT,%,73.8826581216144
2026-08-16T15:05:00+00:00,22411191-3,Dew Point,CURRENT,°C,19.098465779087594
2026-08-16T15:05:00+00:00,22411525-1,Temperature,CURRENT,°C,23.849843749999998
2026-08-16T15:05:00+00:00,22411525-2,RH,CURRENT,%,72.89845120927748
2026-08-16T15:05:00+00:00,22411525-3,Dew Point,CURRENT,°C,18.718060038031915
2026-08-16T15:05:00+00:00,22411526-1,Temperature,CURRENT,°C,25.394257812499994
2026-08-16T15:05:00+00:00,22411526-2,RH,CURRENT,%,71.97375448233768
2026-08-16T15:05:00+00:00,22411526-3,Dew Point,CURRENT,°C,19.997597297816377
2026-08-16T15:05:00+00:00,22411527-1,Temperature,CURRENT,°C,23.806943359375005
2026-08-16T15:05:00+00:00,22411527-2,RH,CURRENT,%,73.45998321507591
2026-08-16T15:05:00+00:00,22411527-3,Dew Point,CURRENT,°C,18.7996937078088
2026-08-16T15:05:00+00:00,22411528-1,Temperature,CURRENT,°C,24.9009033203125
2026-08-16T15:05:00+00:00,22411528-2,RH,CURRENT,%,75.20561532005799
2026-08-16T15:05:00+00:00,22411528-3,Dew Point,CURRENT,°C,20.233537647452355
2026-08-16T15:05:00+00:00,22411529-1,Temperature,CURRENT,°C,28.56888671875
2026-08-16T15:05:00+00:00,22411529-2,RH,CURRENT,%,69.08522163729305
2026-08-16T15:05:00+00:00,22411529-3,Dew Point,CURRENT,°C,22.369949556510228
2026-08-16T15:05:00+00:00,22411530-1,Temperature,CURRENT,°C,24.085795898437503
2026-08-16T15:05:00+00:00,22411530-2,RH,CURRENT,%,73.20515754940108
2026-08-16T15:05:00+00:00,22411530-3,Dew Point,CURRENT,°C,19.012526176030587
2026-08-16T15:06:00+00:00,22411541-S,Battery,CURRENT,V,8.63246484375
2026-08-16T15:10:00+00:00,22411189-1,Temperature,CURRENT,°C,25.308457031249993
2026-08-16T15:10:00+00:00,22411189-2,RH,CURRENT,%,72.8419928282597
2026-08-16T15:10:00+00:00,22411189-3,Dew Point,CURRENT,°C,20.10917252154322
2026-08-16T15:10:00+00:00,22411190-1,Temperature,CURRENT,°C,25.136855468749992
2026-08-16T15:10:00+00:00,22411190-2,RH,CURRENT,%,71.35576409552148
2026-08-16T15:10:00+00:00,22411190-3,Dew Point,CURRENT,°C,19.611157655415354
2026-08-16T15:10:00+00:00,22411191-1,Temperature,CURRENT,°C,24.450449218750002
2026-08-16T15:10:00+00:00,22411191-2,RH,CURRENT,%,74.69138628213932
2026-08-16T15:10:00+00:00,22411191-3,Dew Point,CURRENT,°C,19.687590950807536
2026-08-16T15:10:00+00:00,22411525-1,Temperature,CURRENT,°C,24.27884765625
2026-08-16T15:10:00+00:00,22411525-2,RH,CURRENT,%,73.46913862821393
2026-08-16T15:10:00+00:00,22411525-3,Dew Point,CURRENT,°C,19.25629558367815
2026-08-16T15:10:00+00:00,22411526-1,Temperature,CURRENT,°C,26.12356445312499
2026-08-16T15:10:00+00:00,22411526-2,RH,CURRENT,%,70.74540321965362
2026-08-16T15:10:00+00:00,22411526-3,Dew Point,CURRENT,°C,20.418491614718175
2026-08-16T15:10:00+00:00,22411527-1,Temperature,CURRENT,°C,24.235947265624993
2026-08-16T15:10:00+00:00,22411527-2,RH,CURRENT,%,73.79873350118257
2026-08-16T15:10:00+00:00,22411527-3,Dew Point,CURRENT,°C,19.28696056483936
2026-08-16T15:10:00+00:00,22411528-1,Temperature,CURRENT,°C,25.565859374999995
2026-08-16T15:10:00+00:00,22411528-2,RH,CURRENT,%,74.05508506904708
2026-08-16T15:10:00+00:00,22411528-3,Dew Point,CURRENT,°C,20.6250329659041
2026-08-16T15:10:00+00:00,22411529-1,Temperature,CURRENT,°C,29.1909423828125
2026-08-16T15:10:00+00:00,22411529-2,RH,CURRENT,%,69.31410696574349
2026-08-16T15:10:00+00:00,22411529-3,Dew Point,CURRENT,°C,23.018865350360866
2026-08-16T15:10:00+00:00,22411530-1,Temperature,CURRENT,°C,24.5577001953125
2026-08-16T15:10:00+00:00,22411530-2,RH,CURRENT,%,73.676661326009
2026-08-16T15:10:00+00:00,22411530-3,Dew Point,CURRENT,°C,19.57038087087644
2026-08-16T15:11:00+00:00,22411541-S,Battery,CURRENT,V,8.629234130859375
2026-08-16T15:15:00+00:00,22411189-1,Temperature,CURRENT,°C,25.394257812499994
2026-08-16T15:15:00+00:00,22411189-2,RH,CURRENT,%,71.88677805752651
2026-08-16T15:15:00+00:00,22411189-3,Dew Point,CURRENT,°C,19.978037948933107
2026-08-16T15:15:00+00:00,22411190-1,Temperature,CURRENT,°C,25.201206054687496
2026-08-16T15:15:00+00:00,22411190-2,RH,CURRENT,%,70.43869687953003
2026-08-16T15:15:00+00:00,22411190-3,Dew Point,CURRENT,°C,19.464353573364342
2026-08-16T15:15:00+00:00,22411191-1,Temperature,CURRENT,°C,24.536250000000003
2026-08-16T15:15:00+00:00,22411191-2,RH,CURRENT,%,73.15785458152132
2026-08-16T15:15:00+00:00,22411191-3,Dew Point,CURRENT,°C,19.43584280284649
2026-08-16T15:15:00+00:00,22411525-1,Temperature,CURRENT,°C,24.3646484375
2026-08-16T15:15:00+00:00,22411525-2,RH,CURRENT,%,72.09277485313191
2026-08-16T15:15:00+00:00,22411525-3,Dew Point,CURRENT,°C,19.034936744727172
2026-08-16T15:15:00+00:00,22411526-1,Temperature,CURRENT,°C,26.252265625
2026-08-16T15:15:00+00:00,22411526-2,RH,CURRENT,%,69.27748531319142
2026-08-16T15:15:00+00:00,22411526-3,Dew Point,CURRENT,°C,20.201669133974388
2026-08-16T15:15:00+00:00,22411527-1,Temperature,CURRENT,°C,24.343198242187505
2026-08-16T15:15:00+00:00,22411527-2,RH,CURRENT,%,72.5505455100328
2026-08-16T15:15:00+00:00,22411527-3,Dew Point,CURRENT,°C,19.115977956386633
2026-08-16T15:15:00+00:00,22411528-1,Temperature,CURRENT,°C,25.694560546875003
2026-08-16T15:15:00+00:00,22411528-2,RH,CURRENT,%,73.94216830701151
2026-08-16T15:15:00+00:00,22411528-3,Dew Point,CURRENT,°C,20.72428412209701
2026-08-16T15:15:00+00:00,22411529-1,Temperature,CURRENT,°C,29.233842773437495
2026-08-16T15:15:00+00:00,22411529-2,RH,CURRENT,%,70.77744716563669
2026-08-16T15:15:00+00:00,22411529-3,Dew Point,CURRENT,°C,23.406365183863475
2026-08-16T15:15:00+00:00,22411530-1,Temperature,CURRENT,°C,24.664951171874996
2026-08-16T15:15:00+00:00,22411530-2,RH,CURRENT,%,71.9829098954757
2026-08-16T15:15:00+00:00,22411530-3,Dew Point,CURRENT,°C,19.298985790141653
2026-08-16T15:16:00+00:00,22411541-S,Battery,CURRENT,V,8.629234130859375
2026-08-16T15:20:00+00:00,22411189-1,Temperature,CURRENT,°C,25.265556640625
2026-08-16T15:20:00+00:00,22411189-2,RH,CURRENT,%,72.00579842832074
2026-08-16T15:20:00+00:00,22411189-3,Dew Point,CURRENT,°C,19.881151579241035
2026-08-16T15:20:00+00:00,22411190-1,Temperature,CURRENT,°C,25.072504882812503
2026-08-16T15:20:00+00:00,22411190-2,RH,CURRENT,%,70.2693217364767
2026-08-16T15:20:00+00:00,22411190-3,Dew Point,CURRENT,°C,19.302302232388858
2026-08-16T15:20:00+00:00,22411191-1,Temperature,CURRENT,°C,24.51479980468749
2026-08-16T15:20:00+00:00,22411191-2,RH,CURRENT,%,72.77943083848325
2026-08-16T15:20:00+00:00,22411191-3,Dew Point,CURRENT,°C,19.331701477406284
2026-08-16T15:20:00+00:00,22411525-1,Temperature,CURRENT,°C,24.3646484375
2026-08-16T15:20:00+00:00,22411525-2,RH,CURRENT,%,71.90814068818189
2026-08-16T15:20:00+00:00,22411525-3,Dew Point,CURRENT,°C,18.99376928889537
2026-08-16T15:20:00+00:00,22411526-1,Temperature,CURRENT,°C,26.0806640625
2026-08-16T15:20:00+00:00,22411526-2,RH,CURRENT,%,69.48348210879682
2026-08-16T15:20:00+00:00,22411526-3,Dew Point,CURRENT,°C,20.085682351101696
2026-08-16T15:20:00+00:00,22411527-1,Temperature,CURRENT,°C,24.321748046874994
2026-08-16T15:20:00+00:00,22411527-2,RH,CURRENT,%,72.39948119325551
2026-08-16T15:20:00+00:00,22411527-3,Dew Point,CURRENT,°C,19.06186885189486
2026-08-16T15:20:00+00:00,22411528-1,Temperature,CURRENT,°C,25.522958984375002
2026-08-16T15:20:00+00:00,22411528-2,RH,CURRENT,%,73.53780422674906
2026-08-16T15:20:00+00:00,22411528-3,Dew Point,CURRENT,°C,20.469812980858883
2026-08-16T15:20:00+00:00,22411529-1,Temperature,CURRENT,°C,28.783388671874995
2026-08-16T15:20:00+00:00,22411529-2,RH,CURRENT,%,71.108567940795
2026-08-16T15:20:00+00:00,22411529-3,Dew Point,CURRENT,°C,23.052080608269428
2026-08-16T15:20:00+00:00,22411530-1,Temperature,CURRENT,°C,24.600600585937492
2026-08-16T15:20:00+00:00,22411530-2,RH,CURRENT,%,71.6762035553521
2026-08-16T15:20:00+00:00,22411530-3,Dew Point,CURRENT,°C,19.168509096336813
2026-08-16T15:21:00+00:00,22411541-S,Battery,CURRENT,V,8.63246484375
2026-08-16T15:25:00+00:00,22411189-1,Temperature,CURRENT,°C,26.12356445312499
2026-08-16T15:25:00+00:00,22411189-2,RH,CURRENT,%,70.60044251163501
2026-08-16T15:25:00+00:00,22411189-3,Dew Point,CURRENT,°C,20.38520602068405
2026-08-16T15:25:00+00:00,22411190-1,Temperature,CURRENT,°C,25.9734130859375
2026-08-16T15:25:00+00:00,22411190-2,RH,CURRENT,%,69.02876325627527
2026-08-16T15:25:00+00:00,22411190-3,Dew Point,CURRENT,°C,19.876956825729067
2026-08-16T15:25:00+00:00,22411191-1,Temperature,CURRENT,°C,25.287006835937497
2026-08-16T15:25:00+00:00,22411191-2,RH,CURRENT,%,71.16655222400244
2026-08-16T15:25:00+00:00,22411191-3,Dew Point,CURRENT,°C,19.712385606955404
2026-08-16T15:25:00+00:00,22411525-1,Temperature,CURRENT,°C,25.072504882812503
2026-08-16T15:25:00+00:00,22411525-2,RH,CURRENT,%,70.17471580071718
2026-08-16T15:25:00+00:00,22411525-3,Dew Point,CURRENT,°C,19.280627226626148
2026-08-16T15:25:00+00:00,22411526-1,Temperature,CURRENT,°C,26.895771484374997
2026-08-16T15:25:00+00:00,22411526-2,RH,CURRENT,%,68.26428625925078
2026-08-16T15:25:00+00:00,22411526-3,Dew Point,CURRENT,°C,20.577146530527862
2026-08-16T15:25:00+00:00,22411527-1,Temperature,CURRENT,°C,25.029604492187495
2026-08-16T15:25:00+00:00,22411527-2,RH,CURRENT,%,70.59891660944534
2026-08-16T15:25:00+00:00,22411527-3,Dew Point,CURRENT,°C,19.336500755876042
2026-08-16T15:25:00+00:00,22411528-1,Temperature,CURRENT,°C,26.33806640625
2026-08-16T15:25:00+00:00,22411528-2,RH,CURRENT,%,73.85519188220034
2026-08-16T15:25:00+00:00,22411528-3,Dew Point,CURRENT,°C,21.325281849887688
2026-08-16T15:25:00+00:00,22411529-1,Temperature,CURRENT,°C,28.912089843750003
2026-08-16T15:25:00+00:00,22411529-2,RH,CURRENT,%,70.8522163729305
2026-08-16T15:25:00+00:00,22411529-3,Dew Point,CURRENT,°C,23.115601245826632
2026-08-16T15:25:00+00:00,22411530-1,Temperature,CURRENT,°C,25.372807617187497
2026-08-16T15:25:00+00:00,22411530-2,RH,CURRENT,%,70.31052109559778
2026-08-16T15:25:00+00:00,22411530-3,Dew Point,CURRENT,°C,19.599386379411087
2026-08-16T15:26:00+00:00,22411541-S,Battery,CURRENT,V,8.63246484375
2026-08-16T15:30:00+00:00,22411189-1,Temperature,CURRENT,°C,26.145014648437503
2026-08-16T15:30:00+00:00,22411189-2,RH,CURRENT,%,69.75356679636835
2026-08-16T15:30:00+00:00,22411189-3,Dew Point,CURRENT,°C,20.21006826108969
2026-08-16T15:30:00+00:00,22411190-1,Temperature,CURRENT,°C,25.994863281249998
2026-08-16T15:30:00+00:00,22411190-2,RH,CURRENT,%,68.53131914244297
2026-08-16T15:30:00+00:00,22411190-3,Dew Point,CURRENT,°C,19.780598635850666
2026-08-16T15:30:00+00:00,22411191-1,Temperature,CURRENT,°C,25.287006835937497
2026-08-16T15:30:00+00:00,22411191-2,RH,CURRENT,%,70.87510490577554
2026-08-16T15:30:00+00:00,22411191-3,Dew Point,CURRENT,°C,19.64616414577482
2026-08-16T15:30:00+00:00,22411525-1,Temperature,CURRENT,°C,25.136855468749992
2026-08-16T15:30:00+00:00,22411525-2,RH,CURRENT,%,69.67421988250553
2026-08-16T15:30:00+00:00,22411525-3,Dew Point,CURRENT,°C,19.22710335436395
2026-08-16T15:30:00+00:00,22411526-1,Temperature,CURRENT,°C,26.9601220703125
2026-08-16T15:30:00+00:00,22411526-2,RH,CURRENT,%,68.20630197604333
2026-08-16T15:30:00+00:00,22411526-3,Dew Point,CURRENT,°C,20.624725479009882
2026-08-16T15:30:00+00:00,22411527-1,Temperature,CURRENT,°C,25.093955078125
2026-08-16T15:30:00+00:00,22411527-2,RH,CURRENT,%,70.0282291905089
2026-08-16T15:30:00+00:00,22411527-3,Dew Point,CURRENT,°C,19.267552220064022
2026-08-16T15:30:00+00:00,22411528-1,Temperature,CURRENT,°C,26.4238671875
2026-08-16T15:30:00+00:00,22411528-2,RH,CURRENT,%,73.89181353475242
2026-08-16T15:30:00+00:00,22411528-3,Dew Point,CURRENT,°C,21.416071042511472
2026-08-16T15:30:00+00:00,22411529-1,Temperature,CURRENT,°C,28.997890625000004
2026-08-16T15:30:00+00:00,22411529-2,RH,CURRENT,%,72.72755016403448
2026-08-16T15:30:00+00:00,22411529-3,Dew Point,CURRENT,°C,23.63170587691807
2026-08-16T15:30:00+00:00,22411530-1,Temperature,CURRENT,°C,25.437158203125
2026-08-16T15:30:00+00:00,22411530-2,RH,CURRENT,%,69.73373006790264
2026-08-16T15:30:00+00:00,22411530-3,Dew Point,CURRENT,°C,19.52818600312693
2026-08-16T15:31:00+00:00,22411541-S,Battery,CURRENT,V,8.6195419921875
2026-08-16T15:35:00+00:00,22411189-1,Temperature,CURRENT,°C,26.466767578124994
2026-08-16T15:35:00+00:00,22411189-2,RH,CURRENT,%,71.7265583276112
2026-08-16T15:35:00+00:00,22411189-3,Dew Point,CURRENT,°C,20.971740653621783
2026-08-16T15:35:00+00:00,22411190-1,Temperature,CURRENT,°C,26.273715820312496
2026-08-16T15:35:00+00:00,22411190-2,RH,CURRENT,%,70.40665293354697
2026-08-16T15:35:00+00:00,22411190-3,Dew Point,CURRENT,°C,20.484442531930338
2026-08-16T15:35:00+00:00,22411191-1,Temperature,CURRENT,°C,25.565859374999995
2026-08-16T15:35:00+00:00,22411191-2,RH,CURRENT,%,72.05462729839017
2026-08-16T15:35:00+00:00,22411191-3,Dew Point,CURRENT,°C,20.18063777714474
2026-08-16T15:35:00+00:00,22411525-1,Temperature,CURRENT,°C,25.372807617187497
2026-08-16T15:35:00+00:00,22411525-2,RH,CURRENT,%,70.5302510109102
2026-08-16T15:35:00+00:00,22411525-3,Dew Point,CURRENT,°C,19.649716766017768
2026-08-16T15:35:00+00:00,22411526-1,Temperature,CURRENT,°C,27.281874999999992
2026-08-16T15:35:00+00:00,22411526-2,RH,CURRENT,%,70.49973296711681
2026-08-16T15:35:00+00:00,22411526-3,Dew Point,CURRENT,°C,21.471663668239238
2026-08-16T15:35:00+00:00,22411527-1,Temperature,CURRENT,°C,25.329907226562504
2026-08-16T15:35:00+00:00,22411527-2,RH,CURRENT,%,70.81406881818876
2026-08-16T15:35:00+00:00,22411527-3,Dew Point,CURRENT,°C,19.673395091085773
2026-08-16T15:35:00+00:00,22411528-1,Temperature,CURRENT,°C,26.7027197265625
2026-08-16T15:35:00+00:00,22411528-2,RH,CURRENT,%,73.37758449683375
2026-08-16T15:35:00+00:00,22411528-3,Dew Point,CURRENT,°C,21.570389076169317
2026-08-16T15:35:00+00:00,22411529-1,Temperature,CURRENT,°C,29.148041992187494
2026-08-16T15:35:00+00:00,22411529-2,RH,CURRENT,%,73.33791103990234
2026-08-16T15:35:00+00:00,22411529-3,Dew Point,CURRENT,°C,23.91532389506227
2026-08-16T15:35:00+00:00,22411530-1,Temperature,CURRENT,°C,25.694560546875003
2026-08-16T15:35:00+00:00,22411530-2,RH,CURRENT,%,71.13908598458839
2026-08-16T15:35:00+00:00,22411530-3,Dew Point,CURRENT,°C,20.097097736030296
2026-08-16T15:36:00+00:00,22411541-S,Battery,CURRENT,V,8.622772705078125
2026-08-16T15:40:00+00:00,22411189-1,Temperature,CURRENT,°C,26.681269531250003
2026-08-16T15:40:00+00:00,22411189-2,RH,CURRENT,%,70.76066224155032
2026-08-16T15:40:00+00:00,22411189-3,Dew Point,CURRENT,°C,20.956527556706998
2026-08-16T15:40:00+00:00,22411190-1,Temperature,CURRENT,°C,26.531118164062498
2026-08-16T15:40:00+00:00,22411190-2,RH,CURRENT,%,69.24544136720836
2026-08-16T15:40:00+00:00,22411190-3,Dew Point,CURRENT,°C,20.460714714863826
2026-08-16T15:40:00+00:00,22411191-1,Temperature,CURRENT,°C,25.780361328125004
2026-08-16T15:40:00+00:00,22411191-2,RH,CURRENT,%,71.27794308384833
2026-08-16T15:40:00+00:00,22411191-3,Dew Point,CURRENT,°C,20.210991790113926
2026-08-16T15:40:00+00:00,22411525-1,Temperature,CURRENT,°C,25.58730957031249
2026-08-16T15:40:00+00:00,22411525-2,RH,CURRENT,%,69.62386511024643
2026-08-16T15:40:00+00:00,22411525-3,Dew Point,CURRENT,°C,19.64641716910641
2026-08-16T15:40:00+00:00,22411526-1,Temperature,CURRENT,°C,27.517827148437497
2026-08-16T15:40:00+00:00,22411526-2,RH,CURRENT,%,69.48805981536583
2026-08-16T15:40:00+00:00,22411526-3,Dew Point,CURRENT,°C,21.460969580942102
2026-08-16T15:40:00+00:00,22411527-1,Temperature,CURRENT,°C,25.5444091796875
2026-08-16T15:40:00+00:00,22411527-2,RH,CURRENT,%,69.72152285038528
2026-08-16T15:40:00+00:00,22411527-3,Dew Point,CURRENT,°C,19.627984518162155
2026-08-16T15:40:00+00:00,22411528-1,Temperature,CURRENT,°C,26.8743212890625
2026-08-16T15:40:00+00:00,22411528-2,RH,CURRENT,%,73.31807431143663
2026-08-16T15:40:00+00:00,22411528-3,Dew Point,CURRENT,°C,21.722304579067863
2026-08-16T15:40:00+00:00,22411529-1,Temperature,CURRENT,°C,29.1909423828125
2026-08-16T15:40:00+00:00,22411529-2,RH,CURRENT,%,73.95590142671854
2026-08-16T15:40:00+00:00,22411529-3,Dew Point,CURRENT,°C,24.09663473291159
2026-08-16T15:40:00+00:00,22411530-1,Temperature,CURRENT,°C,25.8876123046875
2026-08-16T15:40:00+00:00,22411530-2,RH,CURRENT,%,70.70878156710155
2026-08-16T15:40:00+00:00,22411530-3,Dew Point,CURRENT,°C,20.183944538518713
2026-08-16T15:41:00+00:00,22411541-S,Battery,CURRENT,V,8.61308056640625
2026-08-16T15:45:00+00:00,22411189-1,Temperature,CURRENT,°C,27.281874999999992
2026-08-16T15:45:00+00:00,22411189-2,RH,CURRENT,%,69.09437705043106
2026-08-16T15:45:00+00:00,22411189-3,Dew Point,CURRENT,°C,21.142612169189583
2026-08-16T15:45:00+00:00,22411190-1,Temperature,CURRENT,°C,27.067373046874998
2026-08-16T15:45:00+00:00,22411190-2,RH,CURRENT,%,67.5745784695201
2026-08-16T15:45:00+00:00,22411190-3,Dew Point,CURRENT,°C,20.575741904972784
2026-08-16T15:45:00+00:00,22411191-1,Temperature,CURRENT,°C,26.145014648437503
2026-08-16T15:45:00+00:00,22411191-2,RH,CURRENT,%,70.3242542153048
2026-08-16T15:45:00+00:00,22411191-3,Dew Point,CURRENT,°C,20.34216648474032
2026-08-16T15:45:00+00:00,22411525-1,Temperature,CURRENT,°C,25.930512695312494
2026-08-16T15:45:00+00:00,22411525-2,RH,CURRENT,%,69.33699549858854
2026-08-16T15:45:00+00:00,22411525-3,Dew Point,CURRENT,°C,19.9079669601717
2026-08-16T15:45:00+00:00,22411526-1,Temperature,CURRENT,°C,28.332934570312496
2026-08-16T15:45:00+00:00,22411526-2,RH,CURRENT,%,66.22415503166248
2026-08-16T15:45:00+00:00,22411526-3,Dew Point,CURRENT,°C,21.450756849689718
2026-08-16T15:45:00+00:00,22411527-1,Temperature,CURRENT,°C,25.844711914062493
2026-08-16T15:45:00+00:00,22411527-2,RH,CURRENT,%,69.4239719233997
2026-08-16T15:45:00+00:00,22411527-3,Dew Point,CURRENT,°C,19.84618760903649
2026-08-16T15:45:00+00:00,22411528-1,Temperature,CURRENT,°C,27.603627929687498
2026-08-16T15:45:00+00:00,22411528-2,RH,CURRENT,%,70.45242999923705
2026-08-16T15:45:00+00:00,22411528-3,Dew Point,CURRENT,°C,21.76884451003005
2026-08-16T15:45:00+00:00,22411529-1,Temperature,CURRENT,°C,29.662846679687497
2026-08-16T15:45:00+00:00,22411529-2,RH,CURRENT,%,72.23468375677119
2026-08-16T15:45:00+00:00,22411529-3,Dew Point,CURRENT,°C,24.15732430830003
2026-08-16T15:45:00+00:00,22411530-1,Temperature,CURRENT,°C,26.33806640625
2026-08-16T15:45:00+00:00,22411530-2,RH,CURRENT,%,69.34157320515754
2026-08-16T15:45:00+00:00,22411530-3,Dew Point,CURRENT,°C,20.298680414289095
2026-08-16T15:46:00+00:00,22411541-S,Battery,CURRENT,V,8.606619140625
2026-08-16T15:50:00+00:00,22411189-1,Temperature,CURRENT,°C,27.003022460937494
2026-08-16T15:50:00+00:00,22411189-2,RH,CURRENT,%,70.04654001678493
2026-08-16T15:50:00+00:00,22411189-3,Dew Point,CURRENT,°C,21.09929040499643
2026-08-16T15:50:00+00:00,22411190-1,Temperature,CURRENT,°C,26.809970703124996
2026-08-16T15:50:00+00:00,22411190-2,RH,CURRENT,%,68.69916838330663
2026-08-16T15:50:00+00:00,22411190-3,Dew Point,CURRENT,°C,20.59845559012114
2026-08-16T15:50:00+00:00,22411191-1,Temperature,CURRENT,°C,25.9734130859375
2026-08-16T15:50:00+00:00,22411191-2,RH,CURRENT,%,69.78561074235141
2026-08-16T15:50:00+00:00,22411191-3,Dew Point,CURRENT,°C,20.053315239063014
2026-08-16T15:50:00+00:00,22411525-1,Temperature,CURRENT,°C,25.8018115234375
2026-08-16T15:50:00+00:00,22411525-2,RH,CURRENT,%,68.56336308842603
2026-08-16T15:50:00+00:00,22411525-3,Dew Point,CURRENT,°C,19.603832674584165
2026-08-16T15:50:00+00:00,22411526-1,Temperature,CURRENT,°C,28.011181640625004
2026-08-16T15:50:00+00:00,22411526-2,RH,CURRENT,%,68.51148241397726
2026-08-16T15:50:00+00:00,22411526-3,Dew Point,CURRENT,°C,21.70043202080483
2026-08-16T15:50:00+00:00,22411527-1,Temperature,CURRENT,°C,25.758911132812493
2026-08-16T15:50:00+00:00,22411527-2,RH,CURRENT,%,69.18593118181124
2026-08-16T15:50:00+00:00,22411527-3,Dew Point,CURRENT,°C,19.708689506792854
2026-08-16T15:50:00+00:00,22411528-1,Temperature,CURRENT,°C,27.432026367187497
2026-08-16T15:50:00+00:00,22411528-2,RH,CURRENT,%,73.10902571145189
2026-08-16T15:50:00+00:00,22411528-3,Dew Point,CURRENT,°C,22.212180923697023
2026-08-16T15:50:00+00:00,22411529-1,Temperature,CURRENT,°C,29.555595703125
2026-08-16T15:50:00+00:00,22411529-2,RH,CURRENT,%,72.00427252613107
2026-08-16T15:50:00+00:00,22411529-3,Dew Point,CURRENT,°C,24.001000908016678
2026-08-16T15:50:00+00:00,22411530-1,Temperature,CURRENT,°C,26.12356445312499
2026-08-16T15:50:00+00:00,22411530-2,RH,CURRENT,%,69.18593118181124
2026-08-16T15:50:00+00:00,22411530-3,Dew Point,CURRENT,°C,20.057233795409587
2026-08-16T15:51:00+00:00,22411541-S,Battery,CURRENT,V,8.606619140625
2026-08-16T15:55:00+00:00,22411189-1,Temperature,CURRENT,°C,27.517827148437497
2026-08-16T15:55:00+00:00,22411189-2,RH,CURRENT,%,69.7306782635233
2026-08-16T15:55:00+00:00,22411189-3,Dew Point,CURRENT,°C,21.518008069698745
2026-08-16T15:55:00+00:00,22411190-1,Temperature,CURRENT,°C,27.281874999999992
2026-08-16T15:55:00+00:00,22411190-2,RH,CURRENT,%,67.85839627679866
2026-08-16T15:55:00+00:00,22411190-3,Dew Point,CURRENT,°C,20.84834833143925
2026-08-16T15:55:00+00:00,22411191-1,Temperature,CURRENT,°C,26.531118164062498
2026-08-16T15:55:00+00:00,22411191-2,RH,CURRENT,%,70.38834210727093
2026-08-16T15:55:00+00:00,22411191-3,Dew Point,CURRENT,°C,20.72676395866199
2026-08-16T15:55:00+00:00,22411525-1,Temperature,CURRENT,°C,26.33806640625
2026-08-16T15:55:00+00:00,22411525-2,RH,CURRENT,%,69.3186846723125
2026-08-16T15:55:00+00:00,22411525-3,Dew Point,CURRENT,°C,20.29332739766666
2026-08-16T15:55:00+00:00,22411526-1,Temperature,CURRENT,°C,28.440185546874993
2026-08-16T15:55:00+00:00,22411526-2,RH,CURRENT,%,66.81467917906463
2026-08-16T15:55:00+00:00,22411526-3,Dew Point,CURRENT,°C,21.69809196007475
2026-08-16T15:55:00+00:00,22411527-1,Temperature,CURRENT,°C,26.273715820312496
2026-08-16T15:55:00+00:00,22411527-2,RH,CURRENT,%,69.33241779201953
2026-08-16T15:55:00+00:00,22411527-3,Dew Point,CURRENT,°C,20.235019177129733
2026-08-16T15:55:00+00:00,22411528-1,Temperature,CURRENT,°C,27.925380859375004
2026-08-16T15:55:00+00:00,22411528-2,RH,CURRENT,%,69.90005340657663
2026-08-16T15:55:00+00:00,22411528-3,Dew Point,CURRENT,°C,21.947657746313823
2026-08-16T15:55:00+00:00,22411529-1,Temperature,CURRENT,°C,29.598496093749993
2026-08-16T15:55:00+00:00,22411529-2,RH,CURRENT,%,69.52925917448691
2026-08-16T15:55:00+00:00,22411529-3,Dew Point,CURRENT,°C,23.459751538962294
2026-08-16T15:55:00+00:00,22411530-1,Temperature,CURRENT,°C,26.6169189453125
2026-08-16T15:55:00+00:00,22411530-2,RH,CURRENT,%,69.26222629129472
2026-08-16T15:55:00+00:00,22411530-3,Dew Point,CURRENT,°C,20.546662316485815
2026-08-16T15:56:00+00:00,22411541-S,Battery,CURRENT,V,8.596927001953125
2026-08-16T16:00:00+00:00,22411189-1,Temperature,CURRENT,°C,28.096982421875005
2026-08-16T16:00:00+00:00,22411189-2,RH,CURRENT,%,68.82887006942855
2026-08-16T16:00:00+00:00,22411189-3,Dew Point,CURRENT,°C,21.858140574104986
2026-08-16T16:00:00+00:00,22411190-1,Temperature,CURRENT,°C,27.903930664062493
2026-08-16T16:00:00+00:00,22411190-2,RH,CURRENT,%,67.70275425345235
2026-08-16T16:00:00+00:00,22411190-3,Dew Point,CURRENT,°C,21.403741013458955
2026-08-16T16:00:00+00:00,22411191-1,Temperature,CURRENT,°C,27.153173828125
2026-08-16T16:00:00+00:00,22411191-2,RH,CURRENT,%,70.19302662699322
2026-08-16T16:00:00+00:00,22411191-3,Dew Point,CURRENT,°C,21.277130854568085
2026-08-16T16:00:00+00:00,22411525-1,Temperature,CURRENT,°C,26.938671875000004
2026-08-16T16:00:00+00:00,22411525-2,RH,CURRENT,%,69.39497978179598
2026-08-16T16:00:00+00:00,22411525-3,Dew Point,CURRENT,°C,20.885385203567054
2026-08-16T16:00:00+00:00,22411526-1,Temperature,CURRENT,°C,29.062241210937493
2026-08-16T16:00:00+00:00,22411526-2,RH,CURRENT,%,65.99526970321202
2026-08-16T16:00:00+00:00,22411526-3,Dew Point,CURRENT,°C,22.086726128728763
2026-08-16T16:00:00+00:00,22411527-1,Temperature,CURRENT,°C,26.938671875000004
2026-08-16T16:00:00+00:00,22411527-2,RH,CURRENT,%,69.58876935988403
2026-08-16T16:00:00+00:00,22411527-3,Dew Point,CURRENT,°C,20.930816758454593
2026-08-16T16:00:00+00:00,22411528-1,Temperature,CURRENT,°C,28.56888671875
2026-08-16T16:00:00+00:00,22411528-2,RH,CURRENT,%,70.31662470435646
2026-08-16T16:00:00+00:00,22411528-3,Dew Point,CURRENT,°C,22.661367572285357
2026-08-16T16:00:00+00:00,22411529-1,Temperature,CURRENT,°C,29.770097656249995
2026-08-16T16:00:00+00:00,22411529-2,RH,CURRENT,%,72.61463340199893
2026-08-16T16:00:00+00:00,22411529-3,Dew Point,CURRENT,°C,24.34806078974381
2026-08-16T16:00:00+00:00,22411530-1,Temperature,CURRENT,°C,27.260424804687496
2026-08-16T16:00:00+00:00,22411530-2,RH,CURRENT,%,69.00282291905089
2026-08-16T16:00:00+00:00,22411530-3,Dew Point,CURRENT,°C,21.100482320305495
2026-08-16T16:01:00+00:00,22411541-S,Battery,CURRENT,V,8.606619140625
2026-08-16T16:05:00+00:00,22411189-1,Temperature,CURRENT,°C,27.238974609375
2026-08-16T16:05:00+00:00,22411189-2,RH,CURRENT,%,70.17471580071718
2026-08-16T16:05:00+00:00,22411189-3,Dew Point,CURRENT,°C,21.355007559898258
2026-08-16T16:05:00+00:00,22411190-1,Temperature,CURRENT,°C,27.088823242187495
2026-08-16T16:05:00+00:00,22411190-2,RH,CURRENT,%,68.97840848401617
2026-08-16T16:05:00+00:00,22411190-3,Dew Point,CURRENT,°C,20.93078549083142
2026-08-16T16:05:00+00:00,22411191-1,Temperature,CURRENT,°C,26.466767578124994
2026-08-16T16:05:00+00:00,22411191-2,RH,CURRENT,%,71.31761654077974
2026-08-16T16:05:00+00:00,22411191-3,Dew Point,CURRENT,°C,20.878578246091806
2026-08-16T16:05:00+00:00,22411525-1,Temperature,CURRENT,°C,26.295166015624993
2026-08-16T16:05:00+00:00,22411525-2,RH,CURRENT,%,70.30289158464943
2026-08-16T16:05:00+00:00,22411525-3,Dew Point,CURRENT,°C,20.481038903713095
2026-08-16T16:05:00+00:00,22411526-1,Temperature,CURRENT,°C,28.075532226562494
2026-08-16T16:05:00+00:00,22411526-2,RH,CURRENT,%,68.29633020523384
2026-08-16T16:05:00+00:00,22411526-3,Dew Point,CURRENT,°C,21.710270315604845
2026-08-16T16:05:00+00:00,22411527-1,Temperature,CURRENT,°C,26.273715820312496
2026-08-16T16:05:00+00:00,22411527-2,RH,CURRENT,%,70.53177691309988
2026-08-16T16:05:00+00:00,22411527-3,Dew Point,CURRENT,°C,20.513277969899278
2026-08-16T16:05:00+00:00,22411528-1,Temperature,CURRENT,°C,27.710878906249995
2026-08-16T16:05:00+00:00,22411528-2,RH,CURRENT,%,71.03990234225986
2026-08-16T16:05:00+00:00,22411528-3,Dew Point,CURRENT,°C,22.007927722851292
2026-08-16T16:05:00+00:00,22411529-1,Temperature,CURRENT,°C,29.212392578124998
2026-08-16T16:05:00+00:00,22411529-2,RH,CURRENT,%,73.2692454413672
2026-08-16T16:05:00+00:00,22411529-3,Dew Point,CURRENT,°C,23.96163001848833
2026-08-16T16:05:00+00:00,22411530-1,Temperature,CURRENT,°C,26.57401855468749
2026-08-16T16:05:00+00:00,22411530-2,RH,CURRENT,%,70.4402227817197
2026-08-16T16:05:00+00:00,22411530-3,Dew Point,CURRENT,°C,20.77984473842914
2026-08-16T16:06:00+00:00,22411541-S,Battery,CURRENT,V,8.603388427734375
2026-08-16T16:10:00+00:00,22411189-1,Temperature,CURRENT,°C,26.7885205078125
2026-08-16T16:10:00+00:00,22411189-2,RH,CURRENT,%,70.078583962768
2026-08-16T16:10:00+00:00,22411189-3,Dew Point,CURRENT,°C,20.901429800292355
2026-08-16T16:10:00+00:00,22411190-1,Temperature,CURRENT,°C,26.638369140624995
2026-08-16T16:10:00+00:00,22411190-2,RH,CURRENT,%,68.73121232928969
2026-08-16T16:10:00+00:00,22411190-3,Dew Point,CURRENT,°C,20.442172634741958
2026-08-16T16:10:00+00:00,22411191-1,Temperature,CURRENT,°C,26.12356445312499
2026-08-16T16:10:00+00:00,22411191-2,RH,CURRENT,%,71.04448004882887
2026-08-16T16:10:00+00:00,22411191-3,Dew Point,CURRENT,°C,20.486977061886204
2026-08-16T16:10:00+00:00,22411525-1,Temperature,CURRENT,°C,25.994863281249998
2026-08-16T16:10:00+00:00,22411525-2,RH,CURRENT,%,69.79934386205844
2026-08-16T16:10:00+00:00,22411525-3,Dew Point,CURRENT,°C,20.077024996050827
2026-08-16T16:10:00+00:00,22411526-1,Temperature,CURRENT,°C,27.539277343749994
2026-08-16T16:10:00+00:00,22411526-2,RH,CURRENT,%,67.6600289921416
2026-08-16T16:10:00+00:00,22411526-3,Dew Point,CURRENT,°C,21.045962155054077
2026-08-16T16:10:00+00:00,22411527-1,Temperature,CURRENT,°C,25.9734130859375
2026-08-16T16:10:00+00:00,22411527-2,RH,CURRENT,%,70.2342259861143
2026-08-16T16:10:00+00:00,22411527-3,Dew Point,CURRENT,°C,20.15706232670593
2026-08-16T16:10:00+00:00,22411528-1,Temperature,CURRENT,°C,27.217524414062503
2026-08-16T16:10:00+00:00,22411528-2,RH,CURRENT,%,70.58213168535897
2026-08-16T16:10:00+00:00,22411528-3,Dew Point,CURRENT,°C,21.429129303233005
2026-08-16T16:10:00+00:00,22411529-1,Temperature,CURRENT,°C,28.547436523437504
2026-08-16T16:10:00+00:00,22411529-2,RH,CURRENT,%,71.07042038605326
2026-08-16T16:10:00+00:00,22411529-3,Dew Point,CURRENT,°C,22.817002750732144
2026-08-16T16:10:00+00:00,22411530-1,Temperature,CURRENT,°C,26.209365234374992
2026-08-16T16:10:00+00:00,22411530-2,RH,CURRENT,%,69.99008163576714
2026-08-16T16:10:00+00:00,22411530-3,Dew Point,CURRENT,°C,20.32652372177245
2026-08-16T16:11:00+00:00,22411541-S,Battery,CURRENT,V,8.5936962890625
2026-08-16T16:15:00+00:00,22411189-1,Temperature,CURRENT,°C,27.131723632812502
2026-08-16T16:15:00+00:00,22411189-2,RH,CURRENT,%,68.93873502708476
2026-08-16T16:15:00+00:00,22411189-3,Dew Point,CURRENT,°C,20.962389594052926
2026-08-16T16:15:00+00:00,22411190-1,Temperature,CURRENT,°C,26.9601220703125
2026-08-16T16:15:00+00:00,22411190-2,RH,CURRENT,%,67.6752880140383
2026-08-16T16:15:00+00:00,22411190-3,Dew Point,CURRENT,°C,20.497734575577816
2026-08-16T16:15:00+00:00,22411191-1,Temperature,CURRENT,°C,26.402416992187504
2026-08-16T16:15:00+00:00,22411191-2,RH,CURRENT,%,69.85427634088654
2026-08-16T16:15:00+00:00,22411191-3,Dew Point,CURRENT,°C,20.47976251391596
2026-08-16T16:15:00+00:00,22411525-1,Temperature,CURRENT,°C,26.230815429687503
2026-08-16T16:15:00+00:00,22411525-2,RH,CURRENT,%,69.03334096284428
2026-08-16T16:15:00+00:00,22411525-3,Dew Point,CURRENT,°C,20.123984677883545
2026-08-16T16:15:00+00:00,22411526-1,Temperature,CURRENT,°C,27.818129882812492
2026-08-16T16:15:00+00:00,22411526-2,RH,CURRENT,%,67.08934157320516
2026-08-16T16:15:00+00:00,22411526-3,Dew Point,CURRENT,°C,21.173312888544753
2026-08-16T16:15:00+00:00,22411527-1,Temperature,CURRENT,°C,26.187915039062496
2026-08-16T16:15:00+00:00,22411527-2,RH,CURRENT,%,69.69405661097123
2026-08-16T16:15:00+00:00,22411527-3,Dew Point,CURRENT,°C,20.237280256417755
2026-08-16T16:15:00+00:00,22411528-1,Temperature,CURRENT,°C,27.517827148437497
2026-08-16T16:15:00+00:00,22411528-2,RH,CURRENT,%,70.00991836423286
2026-08-16T16:15:00+00:00,22411528-3,Dew Point,CURRENT,°C,21.583441908676676
2026-08-16T16:15:00+00:00,22411529-1,Temperature,CURRENT,°C,28.247133789062495
2026-08-16T16:15:00+00:00,22411529-2,RH,CURRENT,%,71.86846723125048
2026-08-16T16:15:00+00:00,22411529-3,Dew Point,CURRENT,°C,22.713446746919377
2026-08-16T16:15:00+00:00,22411530-1,Temperature,CURRENT,°C,26.50966796875
2026-08-16T16:15:00+00:00,22411530-2,RH,CURRENT,%,68.78309300373846
2026-08-16T16:15:00+00:00,22411530-3,Dew Point,CURRENT,°C,20.331510078398843
2026-08-16T16:16:00+00:00,22411541-S,Battery,CURRENT,V,8.577542724609375
2026-08-16T16:20:00+00:00,22411189-1,Temperature,CURRENT,°C,27.517827148437497
2026-08-16T16:20:00+00:00,22411189-2,RH,CURRENT,%,70.70878156710155
2026-08-16T16:20:00+00:00,22411189-3,Dew Point,CURRENT,°C,21.746211294546736
2026-08-16T16:20:00+00:00,22411190-1,Temperature,CURRENT,°C,27.281874999999992
2026-08-16T16:20:00+00:00,22411190-2,RH,CURRENT,%,69.08827344167238
2026-08-16T16:20:00+00:00,22411190-3,Dew Point,CURRENT,°C,21.141170356060634
2026-08-16T16:20:00+00:00,22411191-1,Temperature,CURRENT,°C,26.745620117187492
2026-08-16T16:20:00+00:00,22411191-2,RH,CURRENT,%,71.11161974517434
2026-08-16T16:20:00+00:00,22411191-3,Dew Point,CURRENT,°C,21.098897932425217
2026-08-16T16:20:00+00:00,22411525-1,Temperature,CURRENT,°C,26.57401855468749
2026-08-16T16:20:00+00:00,22411525-2,RH,CURRENT,%,69.79476615548943
2026-08-16T16:20:00+00:00,22411525-3,Dew Point,CURRENT,°C,20.63011014869322
2026-08-16T16:20:00+00:00,22411526-1,Temperature,CURRENT,°C,28.247133789062495
2026-08-16T16:20:00+00:00,22411526-2,RH,CURRENT,%,67.77141985198749
2026-08-16T16:20:00+00:00,22411526-3,Dew Point,CURRENT,°C,21.74738353953354
2026-08-16T16:20:00+00:00,22411527-1,Temperature,CURRENT,°C,26.531118164062498
2026-08-16T16:20:00+00:00,22411527-2,RH,CURRENT,%,69.8359655146105
2026-08-16T16:20:00+00:00,22411527-3,Dew Point,CURRENT,°C,20.598654699322143
2026-08-16T16:20:00+00:00,22411528-1,Temperature,CURRENT,°C,27.968281249999997
2026-08-16T16:20:00+00:00,22411528-2,RH,CURRENT,%,70.68589303425651
2026-08-16T16:20:00+00:00,22411528-3,Dew Point,CURRENT,°C,22.1724895041122
2026-08-16T16:20:00+00:00,22411529-1,Temperature,CURRENT,°C,28.4830859375
2026-08-16T16:20:00+00:00,22411529-2,RH,CURRENT,%,72.78248264286259
2026-08-16T16:20:00+00:00,22411529-3,Dew Point,CURRENT,°C,23.14927188839498
2026-08-16T16:20:00+00:00,22411530-1,Temperature,CURRENT,°C,26.852871093750004
2026-08-16T16:20:00+00:00,22411530-2,RH,CURRENT,%,70.2738994430457
2026-08-16T16:20:00+00:00,22411530-3,Dew Point,CURRENT,°C,21.00839743294694
2026-08-16T16:21:00+00:00,22411541-S,Battery,CURRENT,V,8.577542724609375
2026-08-16T16:25:00+00:00,22411189-1,Temperature,CURRENT,°C,27.303325195312503
2026-08-16T16:25:00+00:00,22411189-2,RH,CURRENT,%,74.46402685587854
2026-08-16T16:25:00+00:00,22411189-3,Dew Point,CURRENT,°C,22.39060647780017
2026-08-16T16:25:00+00:00,22411190-1,Temperature,CURRENT,°C,27.131723632812502
2026-08-16T16:25:00+00:00,22411190-2,RH,CURRENT,%,71.95086594949264
2026-08-16T16:25:00+00:00,22411190-3,Dew Point,CURRENT,°C,21.661275341001407
2026-08-16T16:25:00+00:00,22411191-1,Temperature,CURRENT,°C,26.7027197265625
2026-08-16T16:25:00+00:00,22411191-2,RH,CURRENT,%,73.90554665445944
2026-08-16T16:25:00+00:00,22411191-3,Dew Point,CURRENT,°C,21.68784119579225
2026-08-16T16:25:00+00:00,22411525-1,Temperature,CURRENT,°C,26.50966796875
2026-08-16T16:25:00+00:00,22411525-2,RH,CURRENT,%,73.56679636835278
2026-08-16T16:25:00+00:00,22411525-3,Dew Point,CURRENT,°C,21.42663116921809
2026-08-16T16:25:00+00:00,22411526-1,Temperature,CURRENT,°C,27.839580078125003
2026-08-16T16:25:00+00:00,22411526-2,RH,CURRENT,%,72.53986419470512
2026-08-16T16:25:00+00:00,22411526-3,Dew Point,CURRENT,°C,22.47540168377507
2026-08-16T16:25:00+00:00,22411527-1,Temperature,CURRENT,°C,26.50966796875
2026-08-16T16:25:00+00:00,22411527-2,RH,CURRENT,%,73.42793926909285
2026-08-16T16:25:00+00:00,22411527-3,Dew Point,CURRENT,°C,21.395732098221313
2026-08-16T16:25:00+00:00,22411528-1,Temperature,CURRENT,°C,27.582177734375
2026-08-16T16:25:00+00:00,22411528-2,RH,CURRENT,%,76.4660105287251
2026-08-16T16:25:00+00:00,22411528-3,Dew Point,CURRENT,°C,23.098388431976495
2026-08-16T16:25:00+00:00,22411529-1,Temperature,CURRENT,°C,28.311484375
2026-08-16T16:25:00+00:00,22411529-2,RH,CURRENT,%,78.19485770962082
2026-08-16T16:25:00+00:00,22411529-3,Dew Point,CURRENT,°C,24.177102197550283
2026-08-16T16:25:00+00:00,22411530-1,Temperature,CURRENT,°C,26.745620117187492
2026-08-16T16:25:00+00:00,22411530-2,RH,CURRENT,%,73.11665522240024
2026-08-16T16:25:00+00:00,22411530-3,Dew Point,CURRENT,°C,21.55335526824608
2026-08-16T16:26:00+00:00,22411541-S,Battery,CURRENT,V,8.577542724609375
2026-08-16T16:30:00+00:00,22411189-1,Temperature,CURRENT,°C,28.075532226562494
2026-08-16T16:30:00+00:00,22411189-2,RH,CURRENT,%,69.02571145189593
2026-08-16T16:30:00+00:00,22411189-3,Dew Point,CURRENT,°C,21.88452765242583
2026-08-16T16:30:00+00:00,22411190-1,Temperature,CURRENT,°C,27.882480468749996
2026-08-16T16:30:00+00:00,22411190-2,RH,CURRENT,%,67.17631799801633
2026-08-16T16:30:00+00:00,22411190-3,Dew Point,CURRENT,°C,21.2557237013031
2026-08-16T16:30:00+00:00,22411191-1,Temperature,CURRENT,°C,27.324775390625
2026-08-16T16:30:00+00:00,22411191-2,RH,CURRENT,%,69.56893263141832
2026-08-16T16:30:00+00:00,22411191-3,Dew Point,CURRENT,°C,21.295397785092618
2026-08-16T16:30:00+00:00,22411525-1,Temperature,CURRENT,°C,27.131723632812502
2026-08-16T16:30:00+00:00,22411525-2,RH,CURRENT,%,68.89600976577401
2026-08-16T16:30:00+00:00,22411525-3,Dew Point,CURRENT,°C,20.952285850396645
2026-08-16T16:30:00+00:00,22411526-1,Temperature,CURRENT,°C,28.8477392578125
2026-08-16T16:30:00+00:00,22411526-2,RH,CURRENT,%,66.44235904478523
2026-08-16T16:30:00+00:00,22411526-3,Dew Point,CURRENT,°C,21.99390499125884
2026-08-16T16:30:00+00:00,22411527-1,Temperature,CURRENT,°C,27.11027343749999
2026-08-16T16:30:00+00:00,22411527-2,RH,CURRENT,%,69.19356069275959
2026-08-16T16:30:00+00:00,22411527-3,Dew Point,CURRENT,°C,21.002039166001385
2026-08-16T16:30:00+00:00,22411528-1,Temperature,CURRENT,°C,28.611787109374994
2026-08-16T16:30:00+00:00,22411528-2,RH,CURRENT,%,69.33241779201953
2026-08-16T16:30:00+00:00,22411528-3,Dew Point,CURRENT,°C,22.4698087704202
2026-08-16T16:30:00+00:00,22411529-1,Temperature,CURRENT,°C,28.676137695312498
2026-08-16T16:30:00+00:00,22411529-2,RH,CURRENT,%,73.70412756542305
2026-08-16T16:30:00+00:00,22411529-3,Dew Point,CURRENT,°C,23.543936695988574
2026-08-16T16:30:00+00:00,22411530-1,Temperature,CURRENT,°C,27.432026367187497
2026-08-16T16:30:00+00:00,22411530-2,RH,CURRENT,%,68.76478217746242
2026-08-16T16:30:00+00:00,22411530-3,Dew Point,CURRENT,°C,21.207966507457744
2026-08-16T16:31:00+00:00,22411541-S,Battery,CURRENT,V,8.574312011718751
2026-08-16T16:35:00+00:00,22411189-1,Temperature,CURRENT,°C,28.461635742187504
2026-08-16T16:35:00+00:00,22411189-2,RH,CURRENT,%,71.48851758602274
2026-08-16T16:35:00+00:00,22411189-3,Dew Point,CURRENT,°C,22.831700081746614
2026-08-16T16:35:00+00:00,22411190-1,Temperature,CURRENT,°C,28.311484375
2026-08-16T16:35:00+00:00,22411190-2,RH,CURRENT,%,70.04501411459526
2026-08-16T16:35:00+00:00,22411190-3,Dew Point,CURRENT,°C,22.351166905701223
2026-08-16T16:35:00+00:00,22411191-1,Temperature,CURRENT,°C,27.539277343749994
2026-08-16T16:35:00+00:00,22411191-2,RH,CURRENT,%,71.90966659037156
2026-08-16T16:35:00+00:00,22411191-3,Dew Point,CURRENT,°C,22.04324776814383
2026-08-16T16:35:00+00:00,22411525-1,Temperature,CURRENT,°C,27.260424804687496
2026-08-16T16:35:00+00:00,22411525-2,RH,CURRENT,%,70.38529030289159
2026-08-16T16:35:00+00:00,22411525-3,Dew Point,CURRENT,°C,21.424541031578695
2026-08-16T16:35:00+00:00,22411526-1,Temperature,CURRENT,°C,29.319643554687495
2026-08-16T16:35:00+00:00,22411526-2,RH,CURRENT,%,70.47074082551309
2026-08-16T16:35:00+00:00,22411526-3,Dew Point,CURRENT,°C,23.416414916929924
2026-08-16T16:35:00+00:00,22411527-1,Temperature,CURRENT,°C,27.238974609375
2026-08-16T16:35:00+00:00,22411527-2,RH,CURRENT,%,70.57145037003129
2026-08-16T16:35:00+00:00,22411527-3,Dew Point,CURRENT,°C,21.447203079467737
2026-08-16T16:35:00+00:00,22411528-1,Temperature,CURRENT,°C,28.976440429687493
2026-08-16T16:35:00+00:00,22411528-2,RH,CURRENT,%,73.46608682383459
2026-08-16T16:35:00+00:00,22411528-3,Dew Point,CURRENT,°C,23.779254010039082
2026-08-16T16:35:00+00:00,22411529-1,Temperature,CURRENT,°C,28.997890625000004
2026-08-16T16:35:00+00:00,22411529-2,RH,CURRENT,%,76.32257572289616
2026-08-16T16:35:00+00:00,22411529-3,Dew Point,CURRENT,°C,24.436863211369985
2026-08-16T16:35:00+00:00,22411530-1,Temperature,CURRENT,°C,27.64652832031249
2026-08-16T16:35:00+00:00,22411530-2,RH,CURRENT,%,71.05363546196689
2026-08-16T16:35:00+00:00,22411530-3,Dew Point,CURRENT,°C,21.949407303282275
2026-08-16T16:36:00+00:00,22411541-S,Battery,CURRENT,V,8.577542724609375
2026-08-16T16:40:00+00:00,22411189-1,Temperature,CURRENT,°C,28.204233398437502
2026-08-16T16:40:00+00:00,22411189-2,RH,CURRENT,%,68.54505226215
2026-08-16T16:40:00+00:00,22411189-3,Dew Point,CURRENT,°C,21.892698042989853
2026-08-16T16:40:00+00:00,22411190-1,Temperature,CURRENT,°C,28.011181640625004
2026-08-16T16:40:00+00:00,22411190-2,RH,CURRENT,%,66.92301823453117
2026-08-16T16:40:00+00:00,22411190-3,Dew Point,CURRENT,°C,21.31648367016857
2026-08-16T16:40:00+00:00,22411191-1,Temperature,CURRENT,°C,27.260424804687496
2026-08-16T16:40:00+00:00,22411191-2,RH,CURRENT,%,69.41329060807202
2026-08-16T16:40:00+00:00,22411191-3,Dew Point,CURRENT,°C,21.197286220632495
2026-08-16T16:40:00+00:00,22411525-1,Temperature,CURRENT,°C,27.088823242187495
2026-08-16T16:40:00+00:00,22411525-2,RH,CURRENT,%,68.1681544213016
2026-08-16T16:40:00+00:00,22411525-3,Dew Point,CURRENT,°C,20.73839426007323
2026-08-16T16:40:00+00:00,22411526-1,Temperature,CURRENT,°C,29.319643554687495
2026-08-16T16:40:00+00:00,22411526-2,RH,CURRENT,%,65.73891813534752
2026-08-16T16:40:00+00:00,22411526-3,Dew Point,CURRENT,°C,22.267059025862448
2026-08-16T16:40:00+00:00,22411527-1,Temperature,CURRENT,°C,27.024472656250005
2026-08-16T16:40:00+00:00,22411527-2,RH,CURRENT,%,68.48096437018387
2026-08-16T16:40:00+00:00,22411527-3,Dew Point,CURRENT,°C,20.751488819403253
2026-08-16T16:40:00+00:00,22411528-1,Temperature,CURRENT,°C,28.997890625000004
2026-08-16T16:40:00+00:00,22411528-2,RH,CURRENT,%,68.64118410009918
2026-08-16T16:40:00+00:00,22411528-3,Dew Point,CURRENT,°C,22.673188605119634
2026-08-16T16:40:00+00:00,22411529-1,Temperature,CURRENT,°C,29.276743164062502
2026-08-16T16:40:00+00:00,22411529-2,RH,CURRENT,%,74.013885709926
2026-08-16T16:40:00+00:00,22411529-3,Dew Point,CURRENT,°C,24.192390072734735
2026-08-16T16:40:00+00:00,22411530-1,Temperature,CURRENT,°C,27.410576171875
2026-08-16T16:40:00+00:00,22411530-2,RH,CURRENT,%,68.46265354390783
2026-08-16T16:40:00+00:00,22411530-3,Dew Point,CURRENT,°C,21.115613009185925
2026-08-16T16:41:00+00:00,22411541-S,Battery,CURRENT,V,8.577542724609375
2026-08-16T16:45:00+00:00,22411189-1,Temperature,CURRENT,°C,28.354384765624992
2026-08-16T16:45:00+00:00,22411189-2,RH,CURRENT,%,68.43976501106279
2026-08-16T16:45:00+00:00,22411189-3,Dew Point,CURRENT,°C,22.01072842454407
2026-08-16T16:45:00+00:00,22411190-1,Temperature,CURRENT,°C,28.311484375
2026-08-16T16:45:00+00:00,22411190-2,RH,CURRENT,%,66.83299000534066
2026-08-16T16:45:00+00:00,22411190-3,Dew Point,CURRENT,°C,21.580157571867982
2026-08-16T16:45:00+00:00,22411191-1,Temperature,CURRENT,°C,27.474926757812504
2026-08-16T16:45:00+00:00,22411191-2,RH,CURRENT,%,69.52925917448691
2026-08-16T16:45:00+00:00,22411191-3,Dew Point,CURRENT,°C,21.429648007370865
2026-08-16T16:45:00+00:00,22411525-1,Temperature,CURRENT,°C,27.260424804687496
2026-08-16T16:45:00+00:00,22411525-2,RH,CURRENT,%,68.45197222858015
2026-08-16T16:45:00+00:00,22411525-3,Dew Point,CURRENT,°C,20.969776846474677
2026-08-16T16:45:00+00:00,22411526-1,Temperature,CURRENT,°C,28.976440429687493
2026-08-16T16:45:00+00:00,22411526-2,RH,CURRENT,%,66.15091172655833
2026-08-16T16:45:00+00:00,22411526-3,Dew Point,CURRENT,°C,22.043957561755818
2026-08-16T16:45:00+00:00,22411527-1,Temperature,CURRENT,°C,27.260424804687496
2026-08-16T16:45:00+00:00,22411527-2,RH,CURRENT,%,68.74036774242771
2026-08-16T16:45:00+00:00,22411527-3,Dew Point,CURRENT,°C,21.03832131272742
2026-08-16T16:45:00+00:00,22411528-1,Temperature,CURRENT,°C,28.633237304687505
2026-08-16T16:45:00+00:00,22411528-2,RH,CURRENT,%,68.5297932402533
2026-08-16T16:45:00+00:00,22411528-3,Dew Point,CURRENT,°C,22.298422375229535
2026-08-16T16:45:00+00:00,22411529-1,Temperature,CURRENT,°C,28.890639648437492
2026-08-16T16:45:00+00:00,22411529-2,RH,CURRENT,%,71.01091020065614
2026-08-16T16:45:00+00:00,22411529-3,Dew Point,CURRENT,°C,23.1321203150857
2026-08-16T16:45:00+00:00,22411530-1,Temperature,CURRENT,°C,27.517827148437497
2026-08-16T16:45:00+00:00,22411530-2,RH,CURRENT,%,68.93720912489509
2026-08-16T16:45:00+00:00,22411530-3,Dew Point,CURRENT,°C,21.330818276234005
2026-08-16T16:46:00+00:00,22411541-S,Battery,CURRENT,V,8.567850585937501
2026-08-16T16:50:00+00:00,22411189-1,Temperature,CURRENT,°C,28.139882812499998
2026-08-16T16:50:00+00:00,22411189-2,RH,CURRENT,%,69.82223239490348
2026-08-16T16:50:00+00:00,22411189-3,Dew Point,CURRENT,°C,22.13455317439473
2026-08-16T16:50:00+00:00,22411190-1,Temperature,CURRENT,°C,28.096982421875005
2026-08-16T16:50:00+00:00,22411190-2,RH,CURRENT,%,67.89501792935073
2026-08-16T16:50:00+00:00,22411190-3,Dew Point,CURRENT,°C,21.63414393399245
2026-08-16T16:50:00+00:00,22411191-1,Temperature,CURRENT,°C,27.346225585937496
2026-08-16T16:50:00+00:00,22411191-2,RH,CURRENT,%,70.13656824597544
2026-08-16T16:50:00+00:00,22411191-3,Dew Point,CURRENT,°C,21.44878388449673
2026-08-16T16:50:00+00:00,22411525-1,Temperature,CURRENT,°C,27.174624023437495
2026-08-16T16:50:00+00:00,22411525-2,RH,CURRENT,%,69.20424200808728
2026-08-16T16:50:00+00:00,22411525-3,Dew Point,CURRENT,°C,21.066052576617697
2026-08-16T16:50:00+00:00,22411526-1,Temperature,CURRENT,°C,28.676137695312498
2026-08-16T16:50:00+00:00,22411526-2,RH,CURRENT,%,67.9163805600061
2026-08-16T16:50:00+00:00,22411526-3,Dew Point,CURRENT,°C,22.19133462552237
2026-08-16T16:50:00+00:00,22411527-1,Temperature,CURRENT,°C,27.153173828125
2026-08-16T16:50:00+00:00,22411527-2,RH,CURRENT,%,69.18898298619058
2026-08-16T16:50:00+00:00,22411527-3,Dew Point,CURRENT,°C,21.04195738181051
2026-08-16T16:50:00+00:00,22411528-1,Temperature,CURRENT,°C,28.39728515625
2026-08-16T16:50:00+00:00,22411528-2,RH,CURRENT,%,70.46616311894408
2026-08-16T16:50:00+00:00,22411528-3,Dew Point,CURRENT,°C,22.532123687567765
2026-08-16T16:50:00+00:00,22411529-1,Temperature,CURRENT,°C,28.26858398437499
2026-08-16T16:50:00+00:00,22411529-2,RH,CURRENT,%,78.24979018844893
2026-08-16T16:50:00+00:00,22411529-3,Dew Point,CURRENT,°C,24.14720011301752
2026-08-16T16:50:00+00:00,22411530-1,Temperature,CURRENT,°C,27.453476562499993
2026-08-16T16:50:00+00:00,22411530-2,RH,CURRENT,%,69.39192797741664
2026-08-16T16:50:00+00:00,22411530-3,Dew Point,CURRENT,°C,21.376807113856394
2026-08-16T16:51:00+00:00,22411541-S,Battery,CURRENT,V,8.564619873046876
2026-08-16T16:55:00+00:00,22411189-1,Temperature,CURRENT,°C,28.7619384765625
2026-08-16T16:55:00+00:00,22411189-2,RH,CURRENT,%,65.95407034409094
2026-08-16T16:55:00+00:00,22411189-3,Dew Point,CURRENT,°C,21.791307059234345
2026-08-16T16:55:00+00:00,22411190-1,Temperature,CURRENT,°C,28.611787109374994
2026-08-16T16:55:00+00:00,22411190-2,RH,CURRENT,%,64.42969405661097
2026-08-16T16:55:00+00:00,22411190-3,Dew Point,CURRENT,°C,21.26614423978847
2026-08-16T16:55:00+00:00,22411191-1,Temperature,CURRENT,°C,27.925380859375004
2026-08-16T16:55:00+00:00,22411191-2,RH,CURRENT,%,66.99778744182498
2026-08-16T16:55:00+00:00,22411191-3,Dew Point,CURRENT,°C,21.25308479984931
2026-08-16T16:55:00+00:00,22411525-1,Temperature,CURRENT,°C,27.753779296875003
2026-08-16T16:55:00+00:00,22411525-2,RH,CURRENT,%,66.34317540245671
2026-08-16T16:55:00+00:00,22411525-3,Dew Point,CURRENT,°C,20.92969570367065
2026-08-16T16:55:00+00:00,22411526-1,Temperature,CURRENT,°C,29.405444335937496
2026-08-16T16:55:00+00:00,22411526-2,RH,CURRENT,%,64.46173800259403
2026-08-16T16:55:00+00:00,22411526-3,Dew Point,CURRENT,°C,22.025693785324837
2026-08-16T16:55:00+00:00,22411527-1,Temperature,CURRENT,°C,27.73232910156249
2026-08-16T16:55:00+00:00,22411527-2,RH,CURRENT,%,66.79942015716793
2026-08-16T16:55:00+00:00,22411527-3,Dew Point,CURRENT,°C,21.021010878568767
2026-08-16T16:55:00+00:00,22411528-1,Temperature,CURRENT,°C,29.169492187500005
2026-08-16T16:55:00+00:00,22411528-2,RH,CURRENT,%,67.03440909437705
2026-08-16T16:55:00+00:00,22411528-3,Dew Point,CURRENT,°C,22.44587342991331
2026-08-16T16:55:00+00:00,22411529-1,Temperature,CURRENT,°C,28.611787109374994
2026-08-16T16:55:00+00:00,22411529-2,RH,CURRENT,%,73.35927367055771
2026-08-16T16:55:00+00:00,22411529-3,Dew Point,CURRENT,°C,23.40405191314496
2026-08-16T16:55:00+00:00,22411530-1,Temperature,CURRENT,°C,28.054082031249997
2026-08-16T16:55:00+00:00,22411530-2,RH,CURRENT,%,66.05020218204014
2026-08-16T16:55:00+00:00,22411530-3,Dew Point,CURRENT,°C,21.1428630762416
2026-08-16T16:56:00+00:00,22411541-S,Battery,CURRENT,V,8.564619873046876
2026-08-16T17:00:00+00:00,22411189-1,Temperature,CURRENT,°C,28.290034179687503
2026-08-16T17:00:00+00:00,22411189-2,RH,CURRENT,%,68.92957961394674
2026-08-16T17:00:00+00:00,22411189-3,Dew Point,CURRENT,°C,22.06650188106118
2026-08-16T17:00:00+00:00,22411190-1,Temperature,CURRENT,°C,28.290034179687503
2026-08-16T17:00:00+00:00,22411190-2,RH,CURRENT,%,66.81925688563364
2026-08-16T17:00:00+00:00,22411190-3,Dew Point,CURRENT,°C,21.556388119586664
2026-08-16T17:00:00+00:00,22411191-1,Temperature,CURRENT,°C,27.432026367187497
2026-08-16T17:00:00+00:00,22411191-2,RH,CURRENT,%,69.80239566643777
2026-08-16T17:00:00+00:00,22411191-3,Dew Point,CURRENT,°C,21.452755157066726
2026-08-16T17:00:00+00:00,22411525-1,Temperature,CURRENT,°C,27.260424804687496
2026-08-16T17:00:00+00:00,22411525-2,RH,CURRENT,%,69.12489509422446
2026-08-16T17:00:00+00:00,22411525-3,Dew Point,CURRENT,°C,21.129324042987495
2026-08-16T17:00:00+00:00,22411526-1,Temperature,CURRENT,°C,28.783388671874995
2026-08-16T17:00:00+00:00,22411526-2,RH,CURRENT,%,67.20378423743038
2026-08-16T17:00:00+00:00,22411526-3,Dew Point,CURRENT,°C,22.11998930266615
2026-08-16T17:00:00+00:00,22411527-1,Temperature,CURRENT,°C,27.281874999999992
2026-08-16T17:00:00+00:00,22411527-2,RH,CURRENT,%,69.39040207522697
2026-08-16T17:00:00+00:00,22411527-3,Dew Point,CURRENT,°C,21.21240685534862
2026-08-16T17:00:00+00:00,22411528-1,Temperature,CURRENT,°C,28.547436523437504
2026-08-16T17:00:00+00:00,22411528-2,RH,CURRENT,%,69.72152285038528
2026-08-16T17:00:00+00:00,22411528-3,Dew Point,CURRENT,°C,22.500581632777255
2026-08-16T17:00:00+00:00,22411529-1,Temperature,CURRENT,°C,28.26858398437499
2026-08-16T17:00:00+00:00,22411529-2,RH,CURRENT,%,74.97520408941787
2026-08-16T17:00:00+00:00,22411529-3,Dew Point,CURRENT,°C,23.435146211344286
2026-08-16T17:00:00+00:00,22411530-1,Temperature,CURRENT,°C,27.496376953125
2026-08-16T17:00:00+00:00,22411530-2,RH,CURRENT,%,69.01045242999923
2026-08-16T17:00:00+00:00,22411530-3,Dew Point,CURRENT,°C,21.327685596840745
2026-08-16T17:01:00+00:00,22411541-S,Battery,CURRENT,V,8.558158447265626
2026-08-16T17:05:00+00:00,22411189-1,Temperature,CURRENT,°C,27.131723632812502
2026-08-16T17:05:00+00:00,22411189-2,RH,CURRENT,%,70.93919279774167
2026-08-16T17:05:00+00:00,22411189-3,Dew Point,CURRENT,°C,21.429442990143325
2026-08-16T17:05:00+00:00,22411190-1,Temperature,CURRENT,°C,27.153173828125
2026-08-16T17:05:00+00:00,22411190-2,RH,CURRENT,%,68.69459067673762
2026-08-16T17:05:00+00:00,22411190-3,Dew Point,CURRENT,°C,20.92505989399364
2026-08-16T17:05:00+00:00,22411191-1,Temperature,CURRENT,°C,26.552568359374995
2026-08-16T17:05:00+00:00,22411191-2,RH,CURRENT,%,70.91477836270695
2026-08-16T17:05:00+00:00,22411191-3,Dew Point,CURRENT,°C,20.868606026758194
2026-08-16T17:05:00+00:00,22411525-1,Temperature,CURRENT,°C,26.4238671875
2026-08-16T17:05:00+00:00,22411525-2,RH,CURRENT,%,69.70321202410925
2026-08-16T17:05:00+00:00,22411525-3,Dew Point,CURRENT,°C,20.465134606809823
2026-08-16T17:05:00+00:00,22411526-1,Temperature,CURRENT,°C,27.539277343749994
2026-08-16T17:05:00+00:00,22411526-2,RH,CURRENT,%,68.90058747234302
2026-08-16T17:05:00+00:00,22411526-3,Dew Point,CURRENT,°C,21.342619566294367
2026-08-16T17:05:00+00:00,22411527-1,Temperature,CURRENT,°C,26.402416992187504
2026-08-16T17:05:00+00:00,22411527-2,RH,CURRENT,%,69.83901731898985
2026-08-16T17:05:00+00:00,22411527-3,Dew Point,CURRENT,°C,20.476215227583882
2026-08-16T17:05:00+00:00,22411528-1,Temperature,CURRENT,°C,27.324775390625
2026-08-16T17:05:00+00:00,22411528-2,RH,CURRENT,%,70.67673762111849
2026-08-16T17:05:00+00:00,22411528-3,Dew Point,CURRENT,°C,21.553806260328596
2026-08-16T17:05:00+00:00,22411529-1,Temperature,CURRENT,°C,27.389125976562504
2026-08-16T17:05:00+00:00,22411529-2,RH,CURRENT,%,75.210193026627
2026-08-16T17:05:00+00:00,22411529-3,Dew Point,CURRENT,°C,22.637874871734926
2026-08-16T17:05:00+00:00,22411530-1,Temperature,CURRENT,°C,26.595468750000002
2026-08-16T17:05:00+00:00,22411530-2,RH,CURRENT,%,70.083161669337
2026-08-16T17:05:00+00:00,22411530-3,Dew Point,CURRENT,°C,20.717695333983972
2026-08-16T17:06:00+00:00,22411541-S,Battery,CURRENT,V,8.548466308593751
2026-08-16T17:10:00+00:00,22411189-1,Temperature,CURRENT,°C,27.603627929687498
2026-08-16T17:10:00+00:00,22411189-2,RH,CURRENT,%,70.30746929121844
2026-08-16T17:10:00+00:00,22411189-3,Dew Point,CURRENT,°C,21.7350697644833
2026-08-16T17:10:00+00:00,22411190-1,Temperature,CURRENT,°C,27.474926757812504
2026-08-16T17:10:00+00:00,22411190-2,RH,CURRENT,%,68.2887006942855
2026-08-16T17:10:00+00:00,22411190-3,Dew Point,CURRENT,°C,21.135496706483174
2026-08-16T17:10:00+00:00,22411191-1,Temperature,CURRENT,°C,27.003022460937494
2026-08-16T17:10:00+00:00,22411191-2,RH,CURRENT,%,70.33493553063249
2026-08-16T17:10:00+00:00,22411191-3,Dew Point,CURRENT,°C,21.166344400090324
2026-08-16T17:10:00+00:00,22411525-1,Temperature,CURRENT,°C,26.852871093750004
2026-08-16T17:10:00+00:00,22411525-2,RH,CURRENT,%,69.22255283436331
2026-08-16T17:10:00+00:00,22411525-3,Dew Point,CURRENT,°C,20.762866429475334
2026-08-16T17:10:00+00:00,22411526-1,Temperature,CURRENT,°C,27.968281249999997
2026-08-16T17:10:00+00:00,22411526-2,RH,CURRENT,%,68.99366750591287
2026-08-16T17:10:00+00:00,22411526-3,Dew Point,CURRENT,°C,21.774466435307843
2026-08-16T17:10:00+00:00,22411527-1,Temperature,CURRENT,°C,26.852871093750004
2026-08-16T17:10:00+00:00,22411527-2,RH,CURRENT,%,69.46517128252079
2026-08-16T17:10:00+00:00,22411527-3,Dew Point,CURRENT,°C,20.81981527356228
2026-08-16T17:10:00+00:00,22411528-1,Temperature,CURRENT,°C,27.818129882812492
2026-08-16T17:10:00+00:00,22411528-2,RH,CURRENT,%,71.15281910429542
2026-08-16T17:10:00+00:00,22411528-3,Dew Point,CURRENT,°C,22.136869438852997
2026-08-16T17:10:00+00:00,22411529-1,Temperature,CURRENT,°C,27.474926757812504
2026-08-16T17:10:00+00:00,22411529-2,RH,CURRENT,%,75.9487296864271
2026-08-16T17:10:00+00:00,22411529-3,Dew Point,CURRENT,°C,22.88227023687238
2026-08-16T17:10:00+00:00,22411530-1,Temperature,CURRENT,°C,27.088823242187495
2026-08-16T17:10:00+00:00,22411530-2,RH,CURRENT,%,69.68490119783321
2026-08-16T17:10:00+00:00,22411530-3,Dew Point,CURRENT,°C,21.0969337925742
2026-08-16T17:11:00+00:00,22411541-S,Battery,CURRENT,V,8.5420048828125
2026-08-16T17:15:00+00:00,22411189-1,Temperature,CURRENT,°C,27.346225585937496
2026-08-16T17:15:00+00:00,22411189-2,RH,CURRENT,%,69.9671931029221
2026-08-16T17:15:00+00:00,22411189-3,Dew Point,CURRENT,°C,21.40923458131121
2026-08-16T17:15:00+00:00,22411190-1,Temperature,CURRENT,°C,27.260424804687496
2026-08-16T17:15:00+00:00,22411190-2,RH,CURRENT,%,68.49774929427024
2026-08-16T17:15:00+00:00,22411190-3,Dew Point,CURRENT,°C,20.980673751440822
2026-08-16T17:15:00+00:00,22411191-1,Temperature,CURRENT,°C,26.552568359374995
2026-08-16T17:15:00+00:00,22411191-2,RH,CURRENT,%,71.20317387655452
2026-08-16T17:15:00+00:00,22411191-3,Dew Point,CURRENT,°C,20.934722466134804
2026-08-16T17:15:00+00:00,22411525-1,Temperature,CURRENT,°C,26.380966796874993
2026-08-16T17:15:00+00:00,22411525-2,RH,CURRENT,%,70.25558861676967
2026-08-16T17:15:00+00:00,22411525-3,Dew Point,CURRENT,°C,20.552273248789483
2026-08-16T17:15:00+00:00,22411526-1,Temperature,CURRENT,°C,27.73232910156249
2026-08-16T17:15:00+00:00,22411526-2,RH,CURRENT,%,68.51758602273594
2026-08-16T17:15:00+00:00,22411526-3,Dew Point,CURRENT,°C,21.435775589903923
2026-08-16T17:15:00+00:00,22411527-1,Temperature,CURRENT,°C,26.380966796874993
2026-08-16T17:15:00+00:00,22411527-2,RH,CURRENT,%,70.4753185320821
2026-08-16T17:15:00+00:00,22411527-3,Dew Point,CURRENT,°C,20.603016742281223
2026-08-16T17:15:00+00:00,22411528-1,Temperature,CURRENT,°C,27.496376953125
2026-08-16T17:15:00+00:00,22411528-2,RH,CURRENT,%,70.77286945906768
2026-08-16T17:15:00+00:00,22411528-3,Dew Point,CURRENT,°C,21.740511550469193
2026-08-16T17:15:00+00:00,22411529-1,Temperature,CURRENT,°C,27.560727539062505
2026-08-16T17:15:00+00:00,22411529-2,RH,CURRENT,%,75.52300297550927
2026-08-16T17:15:00+00:00,22411529-3,Dew Point,CURRENT,°C,22.872224071643675
2026-08-16T17:15:00+00:00,22411530-1,Temperature,CURRENT,°C,26.6169189453125
2026-08-16T17:15:00+00:00,22411530-2,RH,CURRENT,%,70.36545357442589
2026-08-16T17:15:00+00:00,22411530-3,Dew Point,CURRENT,°C,20.803648978083633
2026-08-16T17:16:00+00:00,22411541-S,Battery,CURRENT,V,8.548466308593751
2026-08-16T17:20:00+00:00,22411189-1,Temperature,CURRENT,°C,27.003022460937494
2026-08-16T17:20:00+00:00,22411189-2,RH,CURRENT,%,72.48645761806668
2026-08-16T17:20:00+00:00,22411189-3,Dew Point,CURRENT,°C,21.6591427332961
2026-08-16T17:20:00+00:00,22411190-1,Temperature,CURRENT,°C,26.938671875000004
2026-08-16T17:20:00+00:00,22411190-2,RH,CURRENT,%,70.595864805066
2026-08-16T17:20:00+00:00,22411190-3,Dew Point,CURRENT,°C,21.165152336729996
2026-08-16T17:20:00+00:00,22411191-1,Temperature,CURRENT,°C,26.273715820312496
2026-08-16T17:20:00+00:00,22411191-2,RH,CURRENT,%,73.23262378881513
2026-08-16T17:20:00+00:00,22411191-3,Dew Point,CURRENT,°C,21.125052320008923
2026-08-16T17:20:00+00:00,22411525-1,Temperature,CURRENT,°C,26.145014648437503
2026-08-16T17:20:00+00:00,22411525-2,RH,CURRENT,%,72.133974212253
2026-08-16T17:20:00+00:00,22411525-3,Dew Point,CURRENT,°C,20.754956736504372
2026-08-16T17:20:00+00:00,22411526-1,Temperature,CURRENT,°C,27.389125976562504
2026-08-16T17:20:00+00:00,22411526-2,RH,CURRENT,%,70.60807202258336
2026-08-16T17:20:00+00:00,22411526-3,Dew Point,CURRENT,°C,21.599543082428035
2026-08-16T17:20:00+00:00,22411527-1,Temperature,CURRENT,°C,26.145014648437503
2026-08-16T17:20:00+00:00,22411527-2,RH,CURRENT,%,72.49103532463569
2026-08-16T17:20:00+00:00,22411527-3,Dew Point,CURRENT,°C,20.83532997700867
2026-08-16T17:20:00+00:00,22411528-1,Temperature,CURRENT,°C,27.11027343749999
2026-08-16T17:20:00+00:00,22411528-2,RH,CURRENT,%,72.80994888227664
2026-08-16T17:20:00+00:00,22411528-3,Dew Point,CURRENT,°C,21.835284363044565
2026-08-16T17:20:00+00:00,22411529-1,Temperature,CURRENT,°C,27.324775390625
2026-08-16T17:20:00+00:00,22411529-2,RH,CURRENT,%,75.41771572442207
2026-08-16T17:20:00+00:00,22411529-3,Dew Point,CURRENT,°C,22.62120850971212
2026-08-16T17:20:00+00:00,22411530-1,Temperature,CURRENT,°C,26.33806640625
2026-08-16T17:20:00+00:00,22411530-2,RH,CURRENT,%,72.40711070420386
2026-08-16T17:20:00+00:00,22411530-3,Dew Point,CURRENT,°C,21.002043125246285
2026-08-16T17:21:00+00:00,22411541-S,Battery,CURRENT,V,8.5420048828125
2026-08-16T17:25:00+00:00,22411189-1,Temperature,CURRENT,°C,27.324775390625
2026-08-16T17:25:00+00:00,22411189-2,RH,CURRENT,%,70.63553826199741
2026-08-16T17:25:00+00:00,22411189-3,Dew Point,CURRENT,°C,21.544259598264073
2026-08-16T17:25:00+00:00,22411190-1,Temperature,CURRENT,°C,27.217524414062503
2026-08-16T17:25:00+00:00,22411190-2,RH,CURRENT,%,68.76935988403143
2026-08-16T17:25:00+00:00,22411190-3,Dew Point,CURRENT,°C,21.004233477908212
2026-08-16T17:25:00+00:00,22411191-1,Temperature,CURRENT,°C,26.57401855468749
2026-08-16T17:25:00+00:00,22411191-2,RH,CURRENT,%,71.09483482108797
2026-08-16T17:25:00+00:00,22411191-3,Dew Point,CURRENT,°C,20.930483290477554
2026-08-16T17:25:00+00:00,22411525-1,Temperature,CURRENT,°C,26.4238671875
2026-08-16T17:25:00+00:00,22411525-2,RH,CURRENT,%,69.95956359197375
2026-08-16T17:25:00+00:00,22411525-3,Dew Point,CURRENT,°C,20.524749933791938
2026-08-16T17:25:00+00:00,22411526-1,Temperature,CURRENT,°C,27.753779296875003
2026-08-16T17:25:00+00:00,22411526-2,RH,CURRENT,%,68.9066910811017
2026-08-16T17:25:00+00:00,22411526-3,Dew Point,CURRENT,°C,21.548927406599955
2026-08-16T17:25:00+00:00,22411527-1,Temperature,CURRENT,°C,26.4238671875
2026-08-16T17:25:00+00:00,22411527-2,RH,CURRENT,%,70.1640344853895
2026-08-16T17:25:00+00:00,22411527-3,Dew Point,CURRENT,°C,20.572163504834297
2026-08-16T17:25:00+00:00,22411528-1,Temperature,CURRENT,°C,27.560727539062505
2026-08-16T17:25:00+00:00,22411528-2,RH,CURRENT,%,71.108567940795
2026-08-16T17:25:00+00:00,22411528-3,Dew Point,CURRENT,°C,21.87982890357696
2026-08-16T17:25:00+00:00,22411529-1,Temperature,CURRENT,°C,27.582177734375
2026-08-16T17:25:00+00:00,22411529-2,RH,CURRENT,%,75.33379110399024
2026-08-16T17:25:00+00:00,22411529-3,Dew Point,CURRENT,°C,22.851459179260846
2026-08-16T17:25:00+00:00,22411530-1,Temperature,CURRENT,°C,26.681269531250003
2026-08-16T17:25:00+00:00,22411530-2,RH,CURRENT,%,70.10605020218205
2026-08-16T17:25:00+00:00,22411530-3,Dew Point,CURRENT,°C,20.805144229504958
2026-08-16T17:26:00+00:00,22411541-S,Battery,CURRENT,V,8.548466308593751
2026-08-16T17:30:00+00:00,22411189-1,Temperature,CURRENT,°C,27.281874999999992
2026-08-16T17:30:00+00:00,22411189-2,RH,CURRENT,%,70.84611276417182
2026-08-16T17:30:00+00:00,22411189-3,Dew Point,CURRENT,°C,21.55188437616803
2026-08-16T17:30:00+00:00,22411190-1,Temperature,CURRENT,°C,27.174624023437495
2026-08-16T17:30:00+00:00,22411190-2,RH,CURRENT,%,69.14015411612115
2026-08-16T17:30:00+00:00,22411190-3,Dew Point,CURRENT,°C,21.050940979651973
2026-08-16T17:30:00+00:00,22411191-1,Temperature,CURRENT,°C,26.445317382812497
2026-08-16T17:30:00+00:00,22411191-2,RH,CURRENT,%,72.05004959182116
2026-08-16T17:30:00+00:00,22411191-3,Dew Point,CURRENT,°C,21.02450230365349
2026-08-16T17:30:00+00:00,22411525-1,Temperature,CURRENT,°C,26.273715820312496
2026-08-16T17:30:00+00:00,22411525-2,RH,CURRENT,%,70.97581445029374
2026-08-16T17:30:00+00:00,22411525-3,Dew Point,CURRENT,°C,20.615248966795015
2026-08-16T17:30:00+00:00,22411526-1,Temperature,CURRENT,°C,27.73232910156249
2026-08-16T17:30:00+00:00,22411526-2,RH,CURRENT,%,68.94636453803311
2026-08-16T17:30:00+00:00,22411526-3,Dew Point,CURRENT,°C,21.537864388111938
2026-08-16T17:30:00+00:00,22411527-1,Temperature,CURRENT,°C,26.252265625
2026-08-16T17:30:00+00:00,22411527-2,RH,CURRENT,%,71.40611886778058
2026-08-16T17:30:00+00:00,22411527-3,Dew Point,CURRENT,°C,20.692952498028436
2026-08-16T17:30:00+00:00,22411528-1,Temperature,CURRENT,°C,27.496376953125
2026-08-16T17:30:00+00:00,22411528-2,RH,CURRENT,%,71.0078583962768
2026-08-16T17:30:00+00:00,22411528-3,Dew Point,CURRENT,°C,21.794874607085625
2026-08-16T17:30:00+00:00,22411529-1,Temperature,CURRENT,°C,27.753779296875003
2026-08-16T17:30:00+00:00,22411529-2,RH,CURRENT,%,76.04486152437629
2026-08-16T17:30:00+00:00,22411529-3,Dew Point,CURRENT,°C,23.172860100403682
2026-08-16T17:30:00+00:00,22411530-1,Temperature,CURRENT,°C,26.531118164062498
2026-08-16T17:30:00+00:00,22411530-2,RH,CURRENT,%,71.2092774853132
2026-08-16T17:30:00+00:00,22411530-3,Dew Point,CURRENT,°C,20.915544261125497
2026-08-16T17:31:00+00:00,22411541-S,Battery,CURRENT,V,8.551697021484376
2026-08-16T17:35:00+00:00,22411189-1,Temperature,CURRENT,°C,27.560727539062505
2026-08-16T17:35:00+00:00,22411189-2,RH,CURRENT,%,71.13603418020905
2026-08-16T17:35:00+00:00,22411189-3,Dew Point,CURRENT,°C,21.886167930246526
2026-08-16T17:35:00+00:00,22411190-1,Temperature,CURRENT,°C,27.410576171875
2026-08-16T17:35:00+00:00,22411190-2,RH,CURRENT,%,69.78408484016174
2026-08-16T17:35:00+00:00,22411190-3,Dew Point,CURRENT,°C,21.427943453488144
2026-08-16T17:35:00+00:00,22411191-1,Temperature,CURRENT,°C,26.809970703124996
2026-08-16T17:35:00+00:00,22411191-2,RH,CURRENT,%,72.37659266041047
2026-08-16T17:35:00+00:00,22411191-3,Dew Point,CURRENT,°C,21.448746098816912
2026-08-16T17:35:00+00:00,22411525-1,Temperature,CURRENT,°C,26.638369140624995
2026-08-16T17:35:00+00:00,22411525-2,RH,CURRENT,%,71.24132143129626
2026-08-16T17:35:00+00:00,22411525-3,Dew Point,CURRENT,°C,21.02575429603481
2026-08-16T17:35:00+00:00,22411526-1,Temperature,CURRENT,°C,28.054082031249997
2026-08-16T17:35:00+00:00,22411526-2,RH,CURRENT,%,69.63912413214312
2026-08-16T17:35:00+00:00,22411526-3,Dew Point,CURRENT,°C,22.00932613339684
2026-08-16T17:35:00+00:00,22411527-1,Temperature,CURRENT,°C,26.595468750000002
2026-08-16T17:35:00+00:00,22411527-2,RH,CURRENT,%,71.49767299916076
2026-08-16T17:35:00+00:00,22411527-3,Dew Point,CURRENT,°C,21.04316778195359
2026-08-16T17:35:00+00:00,22411528-1,Temperature,CURRENT,°C,27.818129882812492
2026-08-16T17:35:00+00:00,22411528-2,RH,CURRENT,%,71.56176089112688
2026-08-16T17:35:00+00:00,22411528-3,Dew Point,CURRENT,°C,22.231158243541152
2026-08-16T17:35:00+00:00,22411529-1,Temperature,CURRENT,°C,27.9468310546875
2026-08-16T17:35:00+00:00,22411529-2,RH,CURRENT,%,79.22484168764782
2026-08-16T17:35:00+00:00,22411529-3,Dew Point,CURRENT,°C,24.041439550844927
2026-08-16T17:35:00+00:00,22411530-1,Temperature,CURRENT,°C,26.8743212890625
2026-08-16T17:35:00+00:00,22411530-2,RH,CURRENT,%,71.77538719768063
2026-08-16T17:35:00+00:00,22411530-3,Dew Point,CURRENT,°C,21.374140122804636
2026-08-16T17:36:00+00:00,22411541-S,Battery,CURRENT,V,8.551697021484376
2026-08-16T17:40:00+00:00,22411189-1,Temperature,CURRENT,°C,27.6894287109375
2026-08-16T17:40:00+00:00,22411189-2,RH,CURRENT,%,70.67826352330816
2026-08-16T17:40:00+00:00,22411189-3,Dew Point,CURRENT,°C,21.903548444250326
2026-08-16T17:40:00+00:00,22411190-1,Temperature,CURRENT,°C,27.625078124999995
2026-08-16T17:40:00+00:00,22411190-2,RH,CURRENT,%,68.88685435263599
2026-08-16T17:40:00+00:00,22411190-3,Dew Point,CURRENT,°C,21.421303074877613
2026-08-16T17:40:00+00:00,22411191-1,Temperature,CURRENT,°C,26.724169921874996
2026-08-16T17:40:00+00:00,22411191-2,RH,CURRENT,%,72.54444190127413
2026-08-16T17:40:00+00:00,22411191-3,Dew Point,CURRENT,°C,21.40415764472815
2026-08-16T17:40:00+00:00,22411525-1,Temperature,CURRENT,°C,26.531118164062498
2026-08-16T17:40:00+00:00,22411525-2,RH,CURRENT,%,71.73418783855955
2026-08-16T17:40:00+00:00,22411525-3,Dew Point,CURRENT,°C,21.035256816047767
2026-08-16T17:40:00+00:00,22411526-1,Temperature,CURRENT,°C,28.22568359375
2026-08-16T17:40:00+00:00,22411526-2,RH,CURRENT,%,68.36957351033799
2026-08-16T17:40:00+00:00,22411526-3,Dew Point,CURRENT,°C,21.87108939915377
2026-08-16T17:40:00+00:00,22411527-1,Temperature,CURRENT,°C,26.50966796875
2026-08-16T17:40:00+00:00,22411527-2,RH,CURRENT,%,71.89898527504387
2026-08-16T17:40:00+00:00,22411527-3,Dew Point,CURRENT,°C,21.052083045627345
2026-08-16T17:40:00+00:00,22411528-1,Temperature,CURRENT,°C,27.925380859375004
2026-08-16T17:40:00+00:00,22411528-2,RH,CURRENT,%,71.05363546196689
2026-08-16T17:40:00+00:00,22411528-3,Dew Point,CURRENT,°C,22.216753660256618
2026-08-16T17:40:00+00:00,22411529-1,Temperature,CURRENT,°C,28.204233398437502
2026-08-16T17:40:00+00:00,22411529-2,RH,CURRENT,%,73.58510719462882
2026-08-16T17:40:00+00:00,22411529-3,Dew Point,CURRENT,°C,23.06267075921894
2026-08-16T17:40:00+00:00,22411530-1,Temperature,CURRENT,°C,26.809970703124996
2026-08-16T17:40:00+00:00,22411530-2,RH,CURRENT,%,71.58464942397192
2026-08-16T17:40:00+00:00,22411530-3,Dew Point,CURRENT,°C,21.268877143033798
2026-08-16T17:41:00+00:00,22411541-S,Battery,CURRENT,V,8.551697021484376
2026-08-16T17:45:00+00:00,22411189-1,Temperature,CURRENT,°C,27.625078124999995
2026-08-16T17:45:00+00:00,22411189-2,RH,CURRENT,%,70.43869687953003
2026-08-16T17:45:00+00:00,22411189-3,Dew Point,CURRENT,°C,21.78619049161293
2026-08-16T17:45:00+00:00,22411190-1,Temperature,CURRENT,°C,27.496376953125
2026-08-16T17:45:00+00:00,22411190-2,RH,CURRENT,%,68.79682612344548
2026-08-16T17:45:00+00:00,22411190-3,Dew Point,CURRENT,°C,21.277021883363094
2026-08-16T17:45:00+00:00,22411191-1,Temperature,CURRENT,°C,26.745620117187492
2026-08-16T17:45:00+00:00,22411191-2,RH,CURRENT,%,71.6609445334554
2026-08-16T17:45:00+00:00,22411191-3,Dew Point,CURRENT,°C,21.22450927068062
2026-08-16T17:45:00+00:00,22411525-1,Temperature,CURRENT,°C,26.57401855468749
2026-08-16T17:45:00+00:00,22411525-2,RH,CURRENT,%,70.8323796444648
2026-08-16T17:45:00+00:00,22411525-3,Dew Point,CURRENT,°C,20.870233592248727
2026-08-16T17:45:00+00:00,22411526-1,Temperature,CURRENT,°C,28.139882812499998
2026-08-16T17:45:00+00:00,22411526-2,RH,CURRENT,%,68.64118410009918
2026-08-16T17:45:00+00:00,22411526-3,Dew Point,CURRENT,°C,21.85428426102856
2026-08-16T17:45:00+00:00,22411527-1,Temperature,CURRENT,°C,26.552568359374995
2026-08-16T17:45:00+00:00,22411527-2,RH,CURRENT,%,71.0582131685359
2026-08-16T17:45:00+00:00,22411527-3,Dew Point,CURRENT,°C,20.901518650658705
2026-08-16T17:45:00+00:00,22411528-1,Temperature,CURRENT,°C,27.8610302734375
2026-08-16T17:45:00+00:00,22411528-2,RH,CURRENT,%,72.10955977721828
2026-08-16T17:45:00+00:00,22411528-3,Dew Point,CURRENT,°C,22.39793511738123
2026-08-16T17:45:00+00:00,22411529-1,Temperature,CURRENT,°C,28.139882812499998
2026-08-16T17:45:00+00:00,22411529-2,RH,CURRENT,%,75.34447241931792
2026-08-16T17:45:00+00:00,22411529-3,Dew Point,CURRENT,°C,23.392481299835804
2026-08-16T17:45:00+00:00,22411530-1,Temperature,CURRENT,°C,26.852871093750004
2026-08-16T17:45:00+00:00,22411530-2,RH,CURRENT,%,70.66300450141146
2026-08-16T17:45:00+00:00,22411530-3,Dew Point,CURRENT,°C,21.09845539954176
2026-08-16T17:46:00+00:00,22411541-S,Battery,CURRENT,V,8.548466308593751
2026-08-16T17:50:00+00:00,22411189-1,Temperature,CURRENT,°C,27.64652832031249
2026-08-16T17:50:00+00:00,22411189-2,RH,CURRENT,%,69.56435492484931
2026-08-16T17:50:00+00:00,22411189-3,Dew Point,CURRENT,°C,21.601989773076188
2026-08-16T17:50:00+00:00,22411190-1,Temperature,CURRENT,°C,27.560727539062505
2026-08-16T17:50:00+00:00,22411190-2,RH,CURRENT,%,68.02777141985199
2026-08-16T17:50:00+00:00,22411190-3,Dew Point,CURRENT,°C,21.15484668761899
2026-08-16T17:50:00+00:00,22411191-1,Temperature,CURRENT,°C,26.809970703124996
2026-08-16T17:50:00+00:00,22411191-2,RH,CURRENT,%,70.80643930724041
2026-08-16T17:50:00+00:00,22411191-3,Dew Point,CURRENT,°C,21.090425380471228
2026-08-16T17:50:00+00:00,22411525-1,Temperature,CURRENT,°C,26.638369140624995
2026-08-16T17:50:00+00:00,22411525-2,RH,CURRENT,%,69.88937209124894
2026-08-16T17:50:00+00:00,22411525-3,Dew Point,CURRENT,°C,20.71371152871575
2026-08-16T17:50:00+00:00,22411526-1,Temperature,CURRENT,°C,28.204233398437502
2026-08-16T17:50:00+00:00,22411526-2,RH,CURRENT,%,68.11322194247349
2026-08-16T17:50:00+00:00,22411526-3,Dew Point,CURRENT,°C,21.788993749431903
2026-08-16T17:50:00+00:00,22411527-1,Temperature,CURRENT,°C,26.6169189453125
2026-08-16T17:50:00+00:00,22411527-2,RH,CURRENT,%,70.20675974670024
2026-08-16T17:50:00+00:00,22411527-3,Dew Point,CURRENT,°C,20.76690052792027
2026-08-16T17:50:00+00:00,22411528-1,Temperature,CURRENT,°C,27.925380859375004
2026-08-16T17:50:00+00:00,22411528-2,RH,CURRENT,%,69.97787441824978
2026-08-16T17:50:00+00:00,22411528-3,Dew Point,CURRENT,°C,21.96593259498896
2026-08-16T17:50:00+00:00,22411529-1,Temperature,CURRENT,°C,28.247133789062495
2026-08-16T17:50:00+00:00,22411529-2,RH,CURRENT,%,73.02662699320973
2026-08-16T17:50:00+00:00,22411529-3,Dew Point,CURRENT,°C,22.977808232765753
2026-08-16T17:50:00+00:00,22411530-1,Temperature,CURRENT,°C,26.917221679687493
2026-08-16T17:50:00+00:00,22411530-2,RH,CURRENT,%,69.85275043869687
2026-08-16T17:50:00+00:00,22411530-3,Dew Point,CURRENT,°C,20.972002429409503
2026-08-16T17:51:00+00:00,22411541-S,Battery,CURRENT,V,8.551697021484376
2026-08-16T17:55:00+00:00,22411189-1,Temperature,CURRENT,°C,27.432026367187497
2026-08-16T17:55:00+00:00,22411189-2,RH,CURRENT,%,73.0479896238651
2026-08-16T17:55:00+00:00,22411189-3,Dew Point,CURRENT,°C,22.1984372123139
2026-08-16T17:55:00+00:00,22411190-1,Temperature,CURRENT,°C,27.346225585937496
2026-08-16T17:55:00+00:00,22411190-2,RH,CURRENT,%,71.17112993057145
2026-08-16T17:55:00+00:00,22411190-3,Dew Point,CURRENT,°C,21.688559491040422
2026-08-16T17:55:00+00:00,22411191-1,Temperature,CURRENT,°C,26.6169189453125
2026-08-16T17:55:00+00:00,22411191-2,RH,CURRENT,%,74.01083390554666
2026-08-16T17:55:00+00:00,22411191-3,Dew Point,CURRENT,°C,21.628475952687445
2026-08-16T17:55:00+00:00,22411525-1,Temperature,CURRENT,°C,26.445317382812497
2026-08-16T17:55:00+00:00,22411525-2,RH,CURRENT,%,72.9625391012436
2026-08-16T17:55:00+00:00,22411525-3,Dew Point,CURRENT,°C,21.229880490697735
2026-08-16T17:55:00+00:00,22411526-1,Temperature,CURRENT,°C,27.882480468749996
2026-08-16T17:55:00+00:00,22411526-2,RH,CURRENT,%,71.16807812619211
2026-08-16T17:55:00+00:00,22411526-3,Dew Point,CURRENT,°C,22.202103403207435
2026-08-16T17:55:00+00:00,22411527-1,Temperature,CURRENT,°C,26.445317382812497
2026-08-16T17:55:00+00:00,22411527-2,RH,CURRENT,%,73.3546959639887
2026-08-16T17:55:00+00:00,22411527-3,Dew Point,CURRENT,°C,21.317456117871078
2026-08-16T17:55:00+00:00,22411528-1,Temperature,CURRENT,°C,27.582177734375
2026-08-16T17:55:00+00:00,22411528-2,RH,CURRENT,%,73.7270160982681
2026-08-16T17:55:00+00:00,22411528-3,Dew Point,CURRENT,°C,22.495411432749933
2026-08-16T17:55:00+00:00,22411529-1,Temperature,CURRENT,°C,28.011181640625004
2026-08-16T17:55:00+00:00,22411529-2,RH,CURRENT,%,77.1801327534905
2026-08-16T17:55:00+00:00,22411529-3,Dew Point,CURRENT,°C,23.668138139685702
2026-08-16T17:55:00+00:00,22411530-1,Temperature,CURRENT,°C,26.65981933593749
2026-08-16T17:55:00+00:00,22411530-2,RH,CURRENT,%,73.26009002822919
2026-08-16T17:55:00+00:00,22411530-3,Dew Point,CURRENT,°C,21.502853804809725
2026-08-16T17:56:00+00:00,22411541-S,Battery,CURRENT,V,8.561389160156251
2026-08-16T18:00:00+00:00,22411189-1,Temperature,CURRENT,°C,27.131723632812502
2026-08-16T18:00:00+00:00,22411189-2,RH,CURRENT,%,72.38117036697948
2026-08-16T18:00:00+00:00,22411189-3,Dew Point,CURRENT,°C,21.759020427971674
2026-08-16T18:00:00+00:00,22411190-1,Temperature,CURRENT,°C,27.067373046874998
2026-08-16T18:00:00+00:00,22411190-2,RH,CURRENT,%,70.68741893644618
2026-08-16T18:00:00+00:00,22411190-3,Dew Point,CURRENT,°C,21.3096364335703
2026-08-16T18:00:00+00:00,22411191-1,Temperature,CURRENT,°C,26.488217773437505
2026-08-16T18:00:00+00:00,22411191-2,RH,CURRENT,%,73.18684672312504
2026-08-16T18:00:00+00:00,22411191-3,Dew Point,CURRENT,°C,21.32131537830981
2026-08-16T18:00:00+00:00,22411525-1,Temperature,CURRENT,°C,26.359516601562497
2026-08-16T18:00:00+00:00,22411525-2,RH,CURRENT,%,72.03631647211414
2026-08-16T18:00:00+00:00,22411525-3,Dew Point,CURRENT,°C,20.938972465853976
2026-08-16T18:00:00+00:00,22411526-1,Temperature,CURRENT,°C,27.517827148437497
2026-08-16T18:00:00+00:00,22411526-2,RH,CURRENT,%,70.93308918898299
2026-08-16T18:00:00+00:00,22411526-3,Dew Point,CURRENT,°C,21.798155968766494
2026-08-16T18:00:00+00:00,22411527-1,Temperature,CURRENT,°C,26.33806640625
2026-08-16T18:00:00+00:00,22411527-2,RH,CURRENT,%,72.24841687647822
2026-08-16T18:00:00+00:00,22411527-3,Dew Point,CURRENT,°C,20.966277030307882
2026-08-16T18:00:00+00:00,22411528-1,Temperature,CURRENT,°C,27.260424804687496
2026-08-16T18:00:00+00:00,22411528-2,RH,CURRENT,%,73.07240405889982
2026-08-16T18:00:00+00:00,22411528-3,Dew Point,CURRENT,°C,22.038819213193115
2026-08-16T18:00:00+00:00,22411529-1,Temperature,CURRENT,°C,27.560727539062505
2026-08-16T18:00:00+00:00,22411529-2,RH,CURRENT,%,76.11810482948043
2026-08-16T18:00:00+00:00,22411529-3,Dew Point,CURRENT,°C,23.002108152422643
2026-08-16T18:00:00+00:00,22411530-1,Temperature,CURRENT,°C,26.552568359374995
2026-08-16T18:00:00+00:00,22411530-2,RH,CURRENT,%,72.32928969253071
2026-08-16T18:00:00+00:00,22411530-3,Dew Point,CURRENT,°C,21.190670464859412
2026-08-16T18:01:00+00:00,22411541-S,Battery,CURRENT,V,8.558158447265626
2026-08-16T18:05:00+00:00,22411189-1,Temperature,CURRENT,°C,26.895771484374997
2026-08-16T18:05:00+00:00,22411189-2,RH,CURRENT,%,73.86892500190737
2026-08-16T18:05:00+00:00,22411189-3,Dew Point,CURRENT,°C,21.86574418887158
2026-08-16T18:05:00+00:00,22411190-1,Temperature,CURRENT,°C,26.831420898437493
2026-08-16T18:05:00+00:00,22411190-2,RH,CURRENT,%,72.03173876554513
2026-08-16T18:05:00+00:00,22411190-3,Dew Point,CURRENT,°C,21.391237975139916
2026-08-16T18:05:00+00:00,22411191-1,Temperature,CURRENT,°C,26.209365234374992
2026-08-16T18:05:00+00:00,22411191-2,RH,CURRENT,%,74.55100328068971
2026-08-16T18:05:00+00:00,22411191-3,Dew Point,CURRENT,°C,21.35446335790577
2026-08-16T18:05:00+00:00,22411525-1,Temperature,CURRENT,°C,26.0806640625
2026-08-16T18:05:00+00:00,22411525-2,RH,CURRENT,%,73.43404287785152
2026-08-16T18:05:00+00:00,22411525-3,Dew Point,CURRENT,°C,20.983977202550903
2026-08-16T18:05:00+00:00,22411526-1,Temperature,CURRENT,°C,27.260424804687496
2026-08-16T18:05:00+00:00,22411526-2,RH,CURRENT,%,72.21026932173648
2026-08-16T18:05:00+00:00,22411526-3,Dew Point,CURRENT,°C,21.843915187017608
2026-08-16T18:05:00+00:00,22411527-1,Temperature,CURRENT,°C,26.0806640625
2026-08-16T18:05:00+00:00,22411527-2,RH,CURRENT,%,73.61257343404287
2026-08-16T18:05:00+00:00,22411527-3,Dew Point,CURRENT,°C,21.02356578319939
2026-08-16T18:05:00+00:00,22411528-1,Temperature,CURRENT,°C,27.067373046874998
2026-08-16T18:05:00+00:00,22411528-2,RH,CURRENT,%,74.57389181353476
2026-08-16T18:05:00+00:00,22411528-3,Dew Point,CURRENT,°C,22.187277551368137
2026-08-16T18:05:00+00:00,22411529-1,Temperature,CURRENT,°C,27.367675781249993
2026-08-16T18:05:00+00:00,22411529-2,RH,CURRENT,%,78.21316853589686
2026-08-16T18:05:00+00:00,22411529-3,Dew Point,CURRENT,°C,23.26505927173357
2026-08-16T18:05:00+00:00,22411530-1,Temperature,CURRENT,°C,26.273715820312496
2026-08-16T18:05:00+00:00,22411530-2,RH,CURRENT,%,73.59273670557717
2026-08-16T18:05:00+00:00,22411530-3,Dew Point,CURRENT,°C,21.205126432220215
2026-08-16T18:06:00+00:00,22411541-S,Battery,CURRENT,V,8.548466308593751
2026-08-16T18:10:00+00:00,22411189-1,Temperature,CURRENT,°C,26.531118164062498
2026-08-16T18:10:00+00:00,22411189-2,RH,CURRENT,%,72.3949034866865
2026-08-16T18:10:00+00:00,22411189-3,Dew Point,CURRENT,°C,21.184857963957874
2026-08-16T18:10:00+00:00,22411190-1,Temperature,CURRENT,°C,26.466767578124994
2026-08-16T18:10:00+00:00,22411190-2,RH,CURRENT,%,70.75608453498131
2026-08-16T18:10:00+00:00,22411190-3,Dew Point,CURRENT,°C,20.74989006720068
2026-08-16T18:10:00+00:00,22411191-1,Temperature,CURRENT,°C,25.866162109375004
2026-08-16T18:10:00+00:00,22411191-2,RH,CURRENT,%,73.57442587930113
2026-08-16T18:10:00+00:00,22411191-3,Dew Point,CURRENT,°C,20.808497091748396
2026-08-16T18:10:00+00:00,22411525-1,Temperature,CURRENT,°C,25.737460937499996
2026-08-16T18:10:00+00:00,22411525-2,RH,CURRENT,%,72.51239795529106
2026-08-16T18:10:00+00:00,22411525-3,Dew Point,CURRENT,°C,20.44827227014597
2026-08-16T18:10:00+00:00,22411526-1,Temperature,CURRENT,°C,26.917221679687493
2026-08-16T18:10:00+00:00,22411526-2,RH,CURRENT,%,70.61417563134204
2026-08-16T18:10:00+00:00,22411526-3,Dew Point,CURRENT,°C,21.14883397095529
2026-08-16T18:10:00+00:00,22411527-1,Temperature,CURRENT,°C,25.737460937499996
2026-08-16T18:10:00+00:00,22411527-2,RH,CURRENT,%,72.89387350270847
2026-08-16T18:10:00+00:00,22411527-3,Dew Point,CURRENT,°C,20.53347882571968
2026-08-16T18:10:00+00:00,22411528-1,Temperature,CURRENT,°C,26.681269531250003
2026-08-16T18:10:00+00:00,22411528-2,RH,CURRENT,%,72.49866483558404
2026-08-16T18:10:00+00:00,22411528-3,Dew Point,CURRENT,°C,21.352592939961546
2026-08-16T18:10:00+00:00,22411529-1,Temperature,CURRENT,°C,27.174624023437495
2026-08-16T18:10:00+00:00,22411529-2,RH,CURRENT,%,73.84145876249332
2026-08-16T18:10:00+00:00,22411529-3,Dew Point,CURRENT,°C,22.128323417437905
2026-08-16T18:10:00+00:00,22411530-1,Temperature,CURRENT,°C,25.951962890625005
2026-08-16T18:10:00+00:00,22411530-2,RH,CURRENT,%,72.5307087815671
2026-08-16T18:10:00+00:00,22411530-3,Dew Point,CURRENT,°C,20.65862042510605
2026-08-16T18:11:00+00:00,22411541-S,Battery,CURRENT,V,8.551697021484376
2026-08-16T18:15:00+00:00,22411189-1,Temperature,CURRENT,°C,26.145014648437503
2026-08-16T18:15:00+00:00,22411189-2,RH,CURRENT,%,75.16136415655757
2026-08-16T18:15:00+00:00,22411189-3,Dew Point,CURRENT,°C,21.425678691466107
2026-08-16T18:15:00+00:00,22411190-1,Temperature,CURRENT,°C,26.0806640625
2026-08-16T18:15:00+00:00,22411190-2,RH,CURRENT,%,73.3196002136263
2026-08-16T18:15:00+00:00,22411190-3,Dew Point,CURRENT,°C,20.958555641712476
2026-08-16T18:15:00+00:00,22411191-1,Temperature,CURRENT,°C,25.608759765625003
2026-08-16T18:15:00+00:00,22411191-2,RH,CURRENT,%,75.93499656672007
2026-08-16T18:15:00+00:00,22411191-3,Dew Point,CURRENT,°C,21.07467625872787
2026-08-16T18:15:00+00:00,22411525-1,Temperature,CURRENT,°C,25.50150878906249
2026-08-16T18:15:00+00:00,22411525-2,RH,CURRENT,%,74.72343022812238
2026-08-16T18:15:00+00:00,22411525-3,Dew Point,CURRENT,°C,20.709056107430026
2026-08-16T18:15:00+00:00,22411526-1,Temperature,CURRENT,°C,26.4238671875
2026-08-16T18:15:00+00:00,22411526-2,RH,CURRENT,%,73.62172884718089
2026-08-16T18:15:00+00:00,22411526-3,Dew Point,CURRENT,°C,21.35619355576483
2026-08-16T18:15:00+00:00,22411527-1,Temperature,CURRENT,°C,25.480058593749995
2026-08-16T18:15:00+00:00,22411527-2,RH,CURRENT,%,75.06065461203937
2026-08-16T18:15:00+00:00,22411527-3,Dew Point,CURRENT,°C,20.761606362796933
2026-08-16T18:15:00+00:00,22411528-1,Temperature,CURRENT,°C,26.187915039062496
2026-08-16T18:15:00+00:00,22411528-2,RH,CURRENT,%,75.58251316090639
2026-08-16T18:15:00+00:00,22411528-3,Dew Point,CURRENT,°C,21.558569246099253
2026-08-16T18:15:00+00:00,22411529-1,Temperature,CURRENT,°C,26.595468750000002
2026-08-16T18:15:00+00:00,22411529-2,RH,CURRENT,%,77.01075761043717
2026-08-16T18:15:00+00:00,22411529-3,Dew Point,CURRENT,°C,22.260266243890165
2026-08-16T18:15:00+00:00,22411530-1,Temperature,CURRENT,°C,25.651660156249996
2026-08-16T18:15:00+00:00,22411530-2,RH,CURRENT,%,74.83024338139926
2026-08-16T18:15:00+00:00,22411530-3,Dew Point,CURRENT,°C,20.877242164020505
2026-08-16T18:16:00+00:00,22411541-S,Battery,CURRENT,V,8.548466308593751
2026-08-16T18:20:00+00:00,22411189-1,Temperature,CURRENT,°C,26.273715820312496
2026-08-16T18:20:00+00:00,22411189-2,RH,CURRENT,%,75.60845349813077
2026-08-16T18:20:00+00:00,22411189-3,Dew Point,CURRENT,°C,21.647116390140297
2026-08-16T18:20:00+00:00,22411190-1,Temperature,CURRENT,°C,26.230815429687503
2026-08-16T18:20:00+00:00,22411190-2,RH,CURRENT,%,73.45998321507591
2026-08-16T18:20:00+00:00,22411190-3,Dew Point,CURRENT,°C,21.13433399503799
2026-08-16T18:20:00+00:00,22411191-1,Temperature,CURRENT,°C,25.651660156249996
2026-08-16T18:20:00+00:00,22411191-2,RH,CURRENT,%,75.66338597695888
2026-08-16T18:20:00+00:00,22411191-3,Dew Point,CURRENT,°C,21.05770838875115
2026-08-16T18:20:00+00:00,22411525-1,Temperature,CURRENT,°C,25.522958984375002
2026-08-16T18:20:00+00:00,22411525-2,RH,CURRENT,%,74.04135194934005
2026-08-16T18:20:00+00:00,22411525-3,Dew Point,CURRENT,°C,20.580659311973747
2026-08-16T18:20:00+00:00,22411526-1,Temperature,CURRENT,°C,26.50966796875
2026-08-16T18:20:00+00:00,22411526-2,RH,CURRENT,%,74.2351415274281
2026-08-16T18:20:00+00:00,22411526-3,Dew Point,CURRENT,°C,21.57464503914153
2026-08-16T18:20:00+00:00,22411527-1,Temperature,CURRENT,°C,25.522958984375002
2026-08-16T18:20:00+00:00,22411527-2,RH,CURRENT,%,74.35416189822233
2026-08-16T18:20:00+00:00,22411527-3,Dew Point,CURRENT,°C,20.649187001907553
2026-08-16T18:20:00+00:00,22411528-1,Temperature,CURRENT,°C,26.295166015624993
2026-08-16T18:20:00+00:00,22411528-2,RH,CURRENT,%,76.28747997253376
2026-08-16T18:20:00+00:00,22411528-3,Dew Point,CURRENT,°C,21.814446283781344
2026-08-16T18:20:00+00:00,22411529-1,Temperature,CURRENT,°C,26.531118164062498
2026-08-16T18:20:00+00:00,22411529-2,RH,CURRENT,%,77.86221103227282
2026-08-16T18:20:00+00:00,22411529-3,Dew Point,CURRENT,°C,22.378980280347132
2026-08-16T18:20:00+00:00,22411530-1,Temperature,CURRENT,°C,25.694560546875003
2026-08-16T18:20:00+00:00,22411530-2,RH,CURRENT,%,74.87144274052034
2026-08-16T18:20:00+00:00,22411530-3,Dew Point,CURRENT,°C,20.927623686080867
2026-08-16T18:21:00+00:00,22411541-S,Battery,CURRENT,V,8.561389160156251
2026-08-16T18:25:00+00:00,22411189-1,Temperature,CURRENT,°C,26.209365234374992
2026-08-16T18:25:00+00:00,22411189-2,RH,CURRENT,%,74.67307545586328
2026-08-16T18:25:00+00:00,22411189-3,Dew Point,CURRENT,°C,21.38121260435074
2026-08-16T18:25:00+00:00,22411190-1,Temperature,CURRENT,°C,26.209365234374992
2026-08-16T18:25:00+00:00,22411190-2,RH,CURRENT,%,72.77332722972457
2026-08-16T18:25:00+00:00,22411190-3,Dew Point,CURRENT,°C,20.960526027153445
2026-08-16T18:25:00+00:00,22411191-1,Temperature,CURRENT,°C,25.565859374999995
2026-08-16T18:25:00+00:00,22411191-2,RH,CURRENT,%,75.67864499885557
2026-08-16T18:25:00+00:00,22411191-3,Dew Point,CURRENT,°C,20.978052270505383
2026-08-16T18:25:00+00:00,22411525-1,Temperature,CURRENT,°C,25.458608398437498
2026-08-16T18:25:00+00:00,22411525-2,RH,CURRENT,%,74.66392004272527
2026-08-16T18:25:00+00:00,22411525-3,Dew Point,CURRENT,°C,20.654694078758364
2026-08-16T18:25:00+00:00,22411526-1,Temperature,CURRENT,°C,26.380966796874993
2026-08-16T18:25:00+00:00,22411526-2,RH,CURRENT,%,73.36842908369573
2026-08-16T18:25:00+00:00,22411526-3,Dew Point,CURRENT,°C,21.258556495423676
2026-08-16T18:25:00+00:00,22411527-1,Temperature,CURRENT,°C,25.458608398437498
2026-08-16T18:25:00+00:00,22411527-2,RH,CURRENT,%,74.7524223697261
2026-08-16T18:25:00+00:00,22411527-3,Dew Point,CURRENT,°C,20.673957277754003
2026-08-16T18:25:00+00:00,22411528-1,Temperature,CURRENT,°C,26.145014648437503
2026-08-16T18:25:00+00:00,22411528-2,RH,CURRENT,%,75.32616159304189
2026-08-16T18:25:00+00:00,22411528-3,Dew Point,CURRENT,°C,21.46150794434661
2026-08-16T18:25:00+00:00,22411529-1,Temperature,CURRENT,°C,26.359516601562497
2026-08-16T18:25:00+00:00,22411529-2,RH,CURRENT,%,77.98123140306706
2026-08-16T18:25:00+00:00,22411529-3,Dew Point,CURRENT,°C,22.23764873367587
2026-08-16T18:25:00+00:00,22411530-1,Temperature,CURRENT,°C,25.58730957031249
2026-08-16T18:25:00+00:00,22411530-2,RH,CURRENT,%,74.66849774929427
2026-08-16T18:25:00+00:00,22411530-3,Dew Point,CURRENT,°C,20.779899666629937
2026-08-16T18:26:00+00:00,22411541-S,Battery,CURRENT,V,8.561389160156251
2026-08-16T18:30:00+00:00,22411189-1,Temperature,CURRENT,°C,26.8743212890625
2026-08-16T18:30:00+00:00,22411189-2,RH,CURRENT,%,75.20103761348898
2026-08-16T18:30:00+00:00,22411189-3,Dew Point,CURRENT,°C,22.13869487557021
2026-08-16T18:30:00+00:00,22411190-1,Temperature,CURRENT,°C,26.745620117187492
2026-08-16T18:30:00+00:00,22411190-2,RH,CURRENT,%,72.94422827496757
2026-08-16T18:30:00+00:00,22411190-3,Dew Point,CURRENT,°C,21.51470414537041
2026-08-16T18:30:00+00:00,22411191-1,Temperature,CURRENT,°C,26.145014648437503
2026-08-16T18:30:00+00:00,22411191-2,RH,CURRENT,%,75.22392614633402
2026-08-16T18:30:00+00:00,22411191-3,Dew Point,CURRENT,°C,21.439288612712247
2026-08-16T18:30:00+00:00,22411525-1,Temperature,CURRENT,°C,26.016313476562495
2026-08-16T18:30:00+00:00,22411525-2,RH,CURRENT,%,73.96353093766689
2026-08-16T18:30:00+00:00,22411525-3,Dew Point,CURRENT,°C,21.039119961947396
2026-08-16T18:30:00+00:00,22411526-1,Temperature,CURRENT,°C,27.0459228515625
2026-08-16T18:30:00+00:00,22411526-2,RH,CURRENT,%,74.65934233615626
2026-08-16T18:30:00+00:00,22411526-3,Dew Point,CURRENT,°C,22.185424196352308
2026-08-16T18:30:00+00:00,22411527-1,Temperature,CURRENT,°C,26.016313476562495
2026-08-16T18:30:00+00:00,22411527-2,RH,CURRENT,%,74.29922941939422
2026-08-16T18:30:00+00:00,22411527-3,Dew Point,CURRENT,°C,21.112990775766296
2026-08-16T18:30:00+00:00,22411528-1,Temperature,CURRENT,°C,26.852871093750004
2026-08-16T18:30:00+00:00,22411528-2,RH,CURRENT,%,76.99702449073014
2026-08-16T18:30:00+00:00,22411528-3,Dew Point,CURRENT,°C,22.506673290677217
2026-08-16T18:30:00+00:00,22411529-1,Temperature,CURRENT,°C,26.809970703124996
2026-08-16T18:30:00+00:00,22411529-2,RH,CURRENT,%,82.69016556038758
2026-08-16T18:30:00+00:00,22411529-3,Dew Point,CURRENT,°C,23.64663000520717
2026-08-16T18:30:00+00:00,22411530-1,Temperature,CURRENT,°C,26.230815429687503
2026-08-16T18:30:00+00:00,22411530-2,RH,CURRENT,%,74.33127336537729
2026-08-16T18:30:00+00:00,22411530-3,Dew Point,CURRENT,°C,21.32690572597838
2026-08-16T18:31:00+00:00,22411541-S,Battery,CURRENT,V,8.548466308593751
2026-08-16T18:35:00+00:00,22411189-1,Temperature,CURRENT,°C,26.252265625
2026-08-16T18:35:00+00:00,22411189-2,RH,CURRENT,%,75.82055390249485
2026-08-16T18:35:00+00:00,22411189-3,Dew Point,CURRENT,°C,21.672284036410236
2026-08-16T18:35:00+00:00,22411190-1,Temperature,CURRENT,°C,26.16646484375
2026-08-16T18:35:00+00:00,22411190-2,RH,CURRENT,%,73.97726405737392
2026-08-16T18:35:00+00:00,22411190-3,Dew Point,CURRENT,°C,21.18687642783709
2026-08-16T18:35:00+00:00,22411191-1,Temperature,CURRENT,°C,25.7160107421875
2026-08-16T18:35:00+00:00,22411191-2,RH,CURRENT,%,76.34699015793088
2026-08-16T18:35:00+00:00,22411191-3,Dew Point,CURRENT,°C,21.26676802654117
2026-08-16T18:35:00+00:00,22411525-1,Temperature,CURRENT,°C,25.608759765625003
2026-08-16T18:35:00+00:00,22411525-2,RH,CURRENT,%,75.0743877317464
2026-08-16T18:35:00+00:00,22411525-3,Dew Point,CURRENT,°C,20.888876623708725
2026-08-16T18:35:00+00:00,22411526-1,Temperature,CURRENT,°C,26.7027197265625
2026-08-16T18:35:00+00:00,22411526-2,RH,CURRENT,%,74.12375066758221
2026-08-16T18:35:00+00:00,22411526-3,Dew Point,CURRENT,°C,21.736169570145123
2026-08-16T18:35:00+00:00,22411527-1,Temperature,CURRENT,°C,25.58730957031249
2026-08-16T18:35:00+00:00,22411527-2,RH,CURRENT,%,75.35210193026627
2026-08-16T18:35:00+00:00,22411527-3,Dew Point,CURRENT,°C,20.928310750386242
2026-08-16T18:35:00+00:00,22411528-1,Temperature,CURRENT,°C,26.552568359374995
2026-08-16T18:35:00+00:00,22411528-2,RH,CURRENT,%,76.67505912870985
2026-08-16T18:35:00+00:00,22411528-3,Dew Point,CURRENT,°C,22.146832349807415
2026-08-16T18:35:00+00:00,22411529-1,Temperature,CURRENT,°C,26.938671875000004
2026-08-16T18:35:00+00:00,22411529-2,RH,CURRENT,%,79.63225757228962
2026-08-16T18:35:00+00:00,22411529-3,Dew Point,CURRENT,°C,23.14637616094677
2026-08-16T18:35:00+00:00,22411530-1,Temperature,CURRENT,°C,25.8018115234375
2026-08-16T18:35:00+00:00,22411530-2,RH,CURRENT,%,75.31090257114519
2026-08-16T18:35:00+00:00,22411530-3,Dew Point,CURRENT,°C,21.12663287333232
2026-08-16T18:36:00+00:00,22411541-S,Battery,CURRENT,V,8.551697021484376
2026-08-16T18:40:00+00:00,22411189-1,Temperature,CURRENT,°C,26.33806640625
2026-08-16T18:40:00+00:00,22411189-2,RH,CURRENT,%,75.6267643244068
2026-08-16T18:40:00+00:00,22411189-3,Dew Point,CURRENT,°C,21.713281664568242
2026-08-16T18:40:00+00:00,22411190-1,Temperature,CURRENT,°C,26.273715820312496
2026-08-16T18:40:00+00:00,22411190-2,RH,CURRENT,%,73.68886854352635
2026-08-16T18:40:00+00:00,22411190-3,Dew Point,CURRENT,°C,21.226444239578562
2026-08-16T18:40:00+00:00,22411191-1,Temperature,CURRENT,°C,25.737460937499996
2026-08-16T18:40:00+00:00,22411191-2,RH,CURRENT,%,76.21271076523995
2026-08-16T18:40:00+00:00,22411191-3,Dew Point,CURRENT,°C,21.258767196852943
2026-08-16T18:40:00+00:00,22411525-1,Temperature,CURRENT,°C,25.608759765625003
2026-08-16T18:40:00+00:00,22411525-2,RH,CURRENT,%,75.22087434195468
2026-08-16T18:40:00+00:00,22411525-3,Dew Point,CURRENT,°C,20.920633111527824
2026-08-16T18:40:00+00:00,22411526-1,Temperature,CURRENT,°C,26.65981933593749
2026-08-16T18:40:00+00:00,22411526-2,RH,CURRENT,%,74.89280537117571
2026-08-16T18:40:00+00:00,22411526-3,Dew Point,CURRENT,°C,21.864104759377458
2026-08-16T18:40:00+00:00,22411527-1,Temperature,CURRENT,°C,25.608759765625003
2026-08-16T18:40:00+00:00,22411527-2,RH,CURRENT,%,75.48027771419852
2026-08-16T18:40:00+00:00,22411527-3,Dew Point,CURRENT,°C,20.97673619037112
2026-08-16T18:40:00+00:00,22411528-1,Temperature,CURRENT,°C,26.531118164062498
2026-08-16T18:40:00+00:00,22411528-2,RH,CURRENT,%,76.64454108491645
2026-08-16T18:40:00+00:00,22411528-3,Dew Point,CURRENT,°C,22.11951764812605
2026-08-16T18:40:00+00:00,22411529-1,Temperature,CURRENT,°C,26.917221679687493
2026-08-16T18:40:00+00:00,22411529-2,RH,CURRENT,%,78.60685130083162
2026-08-16T18:40:00+00:00,22411529-3,Dew Point,CURRENT,°C,22.910905293434418
2026-08-16T18:40:00+00:00,22411530-1,Temperature,CURRENT,°C,25.8018115234375
2026-08-16T18:40:00+00:00,22411530-2,RH,CURRENT,%,75.11100938429847
2026-08-16T18:40:00+00:00,22411530-3,Dew Point,CURRENT,°C,21.08326791072434
2026-08-16T18:41:00+00:00,22411541-S,Battery,CURRENT,V,8.558158447265626
2026-08-16T18:45:00+00:00,22411189-1,Temperature,CURRENT,°C,26.16646484375
2026-08-16T18:45:00+00:00,22411189-2,RH,CURRENT,%,76.87800411993591
2026-08-16T18:45:00+00:00,22411189-3,Dew Point,CURRENT,°C,21.81635843042606
2026-08-16T18:45:00+00:00,22411190-1,Temperature,CURRENT,°C,26.059213867187502
2026-08-16T18:45:00+00:00,22411190-2,RH,CURRENT,%,74.8531319142443
2026-08-16T18:45:00+00:00,22411190-3,Dew Point,CURRENT,°C,21.275655175705083
2026-08-16T18:45:00+00:00,22411191-1,Temperature,CURRENT,°C,25.608759765625003
2026-08-16T18:45:00+00:00,22411191-2,RH,CURRENT,%,77.05500877393759
2026-08-16T18:45:00+00:00,22411191-3,Dew Point,CURRENT,°C,21.31374275378299
2026-08-16T18:45:00+00:00,22411525-1,Temperature,CURRENT,°C,25.50150878906249
2026-08-16T18:45:00+00:00,22411525-2,RH,CURRENT,%,75.86175326161593
2026-08-16T18:45:00+00:00,22411525-3,Dew Point,CURRENT,°C,20.95522162154613
2026-08-16T18:45:00+00:00,22411526-1,Temperature,CURRENT,°C,26.6169189453125
2026-08-16T18:45:00+00:00,22411526-2,RH,CURRENT,%,74.42740520332647
2026-08-16T18:45:00+00:00,22411526-3,Dew Point,CURRENT,°C,21.72045857739852
2026-08-16T18:45:00+00:00,22411527-1,Temperature,CURRENT,°C,25.458608398437498
2026-08-16T18:45:00+00:00,22411527-2,RH,CURRENT,%,76.1547264820325
2026-08-16T18:45:00+00:00,22411527-3,Dew Point,CURRENT,°C,20.97654922651227
2026-08-16T18:45:00+00:00,22411528-1,Temperature,CURRENT,°C,26.445317382812497
2026-08-16T18:45:00+00:00,22411528-2,RH,CURRENT,%,76.40039673456931
2026-08-16T18:45:00+00:00,22411528-3,Dew Point,CURRENT,°C,21.98402720473512
2026-08-16T18:45:00+00:00,22411529-1,Temperature,CURRENT,°C,26.9601220703125
2026-08-16T18:45:00+00:00,22411529-2,RH,CURRENT,%,78.03463797970551
2026-08-16T18:45:00+00:00,22411529-3,Dew Point,CURRENT,°C,22.83171064889843
2026-08-16T18:45:00+00:00,22411530-1,Temperature,CURRENT,°C,25.7160107421875
2026-08-16T18:45:00+00:00,22411530-2,RH,CURRENT,%,76.03570611123827
2026-08-16T18:45:00+00:00,22411530-3,Dew Point,CURRENT,°C,21.200040558329505
2026-08-16T18:46:00+00:00,22411541-S,Battery,CURRENT,V,8.567850585937501
2026-08-16T18:50:00+00:00,22411189-1,Temperature,CURRENT,°C,26.187915039062496
2026-08-16T18:50:00+00:00,22411189-2,RH,CURRENT,%,75.74731059739071
2026-08-16T18:50:00+00:00,22411189-3,Dew Point,CURRENT,°C,21.594235603485306
2026-08-16T18:50:00+00:00,22411190-1,Temperature,CURRENT,°C,26.059213867187502
2026-08-16T18:50:00+00:00,22411190-2,RH,CURRENT,%,74.19851987487603
2026-08-16T18:50:00+00:00,22411190-3,Dew Point,CURRENT,°C,21.1322271715519
2026-08-16T18:50:00+00:00,22411191-1,Temperature,CURRENT,°C,25.522958984375002
2026-08-16T18:50:00+00:00,22411191-2,RH,CURRENT,%,77.03669794766155
2026-08-16T18:50:00+00:00,22411191-3,Dew Point,CURRENT,°C,21.226726948438348
2026-08-16T18:50:00+00:00,22411525-1,Temperature,CURRENT,°C,25.394257812499994
2026-08-16T18:50:00+00:00,22411525-2,RH,CURRENT,%,75.893797207599
2026-08-16T18:50:00+00:00,22411525-3,Dew Point,CURRENT,°C,20.85838362969844
2026-08-16T18:50:00+00:00,22411526-1,Temperature,CURRENT,°C,26.6169189453125
2026-08-16T18:50:00+00:00,22411526-2,RH,CURRENT,%,73.45082780193789
2026-08-16T18:50:00+00:00,22411526-3,Dew Point,CURRENT,°C,21.50410628105923
2026-08-16T18:50:00+00:00,22411527-1,Temperature,CURRENT,°C,25.372807617187497
2026-08-16T18:50:00+00:00,22411527-2,RH,CURRENT,%,76.25848783093004
2026-08-16T18:50:00+00:00,22411527-3,Dew Point,CURRENT,°C,20.915717958569136
2026-08-16T18:50:00+00:00,22411528-1,Temperature,CURRENT,°C,26.445317382812497
2026-08-16T18:50:00+00:00,22411528-2,RH,CURRENT,%,75.0591287098497
2026-08-16T18:50:00+00:00,22411528-3,Dew Point,CURRENT,°C,21.69339672124447
2026-08-16T18:50:00+00:00,22411529-1,Temperature,CURRENT,°C,26.9601220703125
2026-08-16T18:50:00+00:00,22411529-2,RH,CURRENT,%,76.30121309224079
2026-08-16T18:50:00+00:00,22411529-3,Dew Point,CURRENT,°C,22.460803159569
2026-08-16T18:50:00+00:00,22411530-1,Temperature,CURRENT,°C,25.608759765625003
2026-08-16T18:50:00+00:00,22411530-2,RH,CURRENT,%,75.84191653315023
2026-08-16T18:50:00+00:00,22411530-3,Dew Point,CURRENT,°C,21.054669924572927
2026-08-16T18:51:00+00:00,22411541-S,Battery,CURRENT,V,8.567850585937501
2026-08-16T18:55:00+00:00,22411189-1,Temperature,CURRENT,°C,25.780361328125004
2026-08-16T18:55:00+00:00,22411189-2,RH,CURRENT,%,77.26710917830167
2026-08-16T18:55:00+00:00,22411189-3,Dew Point,CURRENT,°C,21.5249969508917
2026-08-16T18:55:00+00:00,22411190-1,Temperature,CURRENT,°C,25.6302099609375
2026-08-16T18:55:00+00:00,22411190-2,RH,CURRENT,%,75.78698405432212
2026-08-16T18:55:00+00:00,22411190-3,Dew Point,CURRENT,°C,21.063592830042722
2026-08-16T18:55:00+00:00,22411191-1,Temperature,CURRENT,°C,25.136855468749992
2026-08-16T18:55:00+00:00,22411191-2,RH,CURRENT,%,78.66788738841841
2026-08-16T18:55:00+00:00,22411191-3,Dew Point,CURRENT,°C,21.194284769265703
2026-08-16T18:55:00+00:00,22411525-1,Temperature,CURRENT,°C,25.029604492187495
2026-08-16T18:55:00+00:00,22411525-2,RH,CURRENT,%,77.50972762645914
2026-08-16T18:55:00+00:00,22411525-3,Dew Point,CURRENT,°C,20.848345976033738
2026-08-16T18:55:00+00:00,22411526-1,Temperature,CURRENT,°C,26.230815429687503
2026-08-16T18:55:00+00:00,22411526-2,RH,CURRENT,%,74.97062638284886
2026-08-16T18:55:00+00:00,22411526-3,Dew Point,CURRENT,°C,21.466964150586453
2026-08-16T18:55:00+00:00,22411527-1,Temperature,CURRENT,°C,24.986704101562502
2026-08-16T18:55:00+00:00,22411527-2,RH,CURRENT,%,77.9842832074464
2026-08-16T18:55:00+00:00,22411527-3,Dew Point,CURRENT,°C,20.906146403942845
2026-08-16T18:55:00+00:00,22411528-1,Temperature,CURRENT,°C,26.059213867187502
2026-08-16T18:55:00+00:00,22411528-2,RH,CURRENT,%,77.32204165712977
2026-08-16T18:55:00+00:00,22411528-3,Dew Point,CURRENT,°C,21.8069236985585
2026-08-16T18:55:00+00:00,22411529-1,Temperature,CURRENT,°C,26.638369140624995
2026-08-16T18:55:00+00:00,22411529-2,RH,CURRENT,%,78.51529716945144
2026-08-16T18:55:00+00:00,22411529-3,Dew Point,CURRENT,°C,22.620836160167315
2026-08-16T18:55:00+00:00,22411530-1,Temperature,CURRENT,°C,25.222656249999993
2026-08-16T18:55:00+00:00,22411530-2,RH,CURRENT,%,77.42580300602731
2026-08-16T18:55:00+00:00,22411530-3,Dew Point,CURRENT,°C,21.017881725164603
2026-08-16T18:56:00+00:00,22411541-S,Battery,CURRENT,V,8.567850585937501
2026-08-16T19:00:00+00:00,22411189-1,Temperature,CURRENT,°C,25.437158203125
2026-08-16T19:00:00+00:00,22411189-2,RH,CURRENT,%,79.82452124818799
2026-08-16T19:00:00+00:00,22411189-3,Dew Point,CURRENT,°C,21.72509655634124
2026-08-16T19:00:00+00:00,22411190-1,Temperature,CURRENT,°C,25.308457031249993
2026-08-16T19:00:00+00:00,22411190-2,RH,CURRENT,%,77.70046540016784
2026-08-16T19:00:00+00:00,22411190-3,Dew Point,CURRENT,°C,21.158859176572836
2026-08-16T19:00:00+00:00,22411191-1,Temperature,CURRENT,°C,24.858002929687494
2026-08-16T19:00:00+00:00,22411191-2,RH,CURRENT,%,80.42572671091783
2026-08-16T19:00:00+00:00,22411191-3,Dew Point,CURRENT,°C,21.283944251126655
2026-08-16T19:00:00+00:00,22411525-1,Temperature,CURRENT,°C,24.7293017578125
2026-08-16T19:00:00+00:00,22411525-2,RH,CURRENT,%,79.12413214312963
2026-08-16T19:00:00+00:00,22411525-3,Dew Point,CURRENT,°C,20.892499552337764
2026-08-16T19:00:00+00:00,22411526-1,Temperature,CURRENT,°C,25.8876123046875
2026-08-16T19:00:00+00:00,22411526-2,RH,CURRENT,%,77.35866330968184
2026-08-16T19:00:00+00:00,22411526-3,Dew Point,CURRENT,°C,21.648349050109854
2026-08-16T19:00:00+00:00,22411527-1,Temperature,CURRENT,°C,24.7293017578125
2026-08-16T19:00:00+00:00,22411527-2,RH,CURRENT,%,79.42168307011521
2026-08-16T19:00:00+00:00,22411527-3,Dew Point,CURRENT,°C,20.953656846019527
2026-08-16T19:00:00+00:00,22411528-1,Temperature,CURRENT,°C,25.758911132812493
2026-08-16T19:00:00+00:00,22411528-2,RH,CURRENT,%,79.26298924238957
2026-08-16T19:00:00+00:00,22411528-3,Dew Point,CURRENT,°C,21.92227841089136
2026-08-16T19:00:00+00:00,22411529-1,Temperature,CURRENT,°C,26.466767578124994
2026-08-16T19:00:00+00:00,22411529-2,RH,CURRENT,%,80.52185854886702
2026-08-16T19:00:00+00:00,22411529-3,Dew Point,CURRENT,°C,22.8709082753123
2026-08-16T19:00:00+00:00,22411530-1,Temperature,CURRENT,°C,24.943803710937495
2026-08-16T19:00:00+00:00,22411530-2,RH,CURRENT,%,79.1607537956817
2026-08-16T19:00:00+00:00,22411530-3,Dew Point,CURRENT,°C,21.108599263311106
2026-08-16T19:01:00+00:00,22411541-S,Battery,CURRENT,V,8.564619873046876
2026-08-16T19:05:00+00:00,22411189-1,Temperature,CURRENT,°C,24.986704101562502
2026-08-16T19:05:00+00:00,22411189-2,RH,CURRENT,%,80.79957274738689
2026-08-16T19:05:00+00:00,22411189-3,Dew Point,CURRENT,°C,21.485198922880336
2026-08-16T19:05:00+00:00,22411190-1,Temperature,CURRENT,°C,24.858002929687494
2026-08-16T19:05:00+00:00,22411190-2,RH,CURRENT,%,78.90897993438621
2026-08-16T19:05:00+00:00,22411190-3,Dew Point,CURRENT,°C,20.973240257149083
2026-08-16T19:05:00+00:00,22411191-1,Temperature,CURRENT,°C,24.42899902343749
2026-08-16T19:05:00+00:00,22411191-2,RH,CURRENT,%,81.63881895170519
2026-08-16T19:05:00+00:00,22411191-3,Dew Point,CURRENT,°C,21.110024139443986
2026-08-16T19:05:00+00:00,22411525-1,Temperature,CURRENT,°C,24.321748046874994
2026-08-16T19:05:00+00:00,22411525-2,RH,CURRENT,%,80.15869382772564
2026-08-16T19:05:00+00:00,22411525-3,Dew Point,CURRENT,°C,20.707373737982742
2026-08-16T19:05:00+00:00,22411526-1,Temperature,CURRENT,°C,25.308457031249993
2026-08-16T19:05:00+00:00,22411526-2,RH,CURRENT,%,78.64042114900435
2026-08-16T19:05:00+00:00,22411526-3,Dew Point,CURRENT,°C,21.35528665482757
2026-08-16T19:05:00+00:00,22411527-1,Temperature,CURRENT,°C,24.321748046874994
2026-08-16T19:05:00+00:00,22411527-2,RH,CURRENT,%,80.6179903868162
2026-08-16T19:05:00+00:00,22411527-3,Dew Point,CURRENT,°C,20.80034399059115
2026-08-16T19:05:00+00:00,22411528-1,Temperature,CURRENT,°C,25.136855468749992
2026-08-16T19:05:00+00:00,22411528-2,RH,CURRENT,%,80.74006256198977
2026-08-16T19:05:00+00:00,22411528-3,Dew Point,CURRENT,°C,21.619496526553633
2026-08-16T19:05:00+00:00,22411529-1,Temperature,CURRENT,°C,25.9734130859375
2026-08-16T19:05:00+00:00,22411529-2,RH,CURRENT,%,80.24261844815747
2026-08-16T19:05:00+00:00,22411529-3,Dew Point,CURRENT,°C,22.333020249831236
2026-08-16T19:05:00+00:00,22411530-1,Temperature,CURRENT,°C,24.493349609374995
2026-08-16T19:05:00+00:00,22411530-2,RH,CURRENT,%,80.39368276493477
2026-08-16T19:05:00+00:00,22411530-3,Dew Point,CURRENT,°C,20.92218043484645
2026-08-16T19:06:00+00:00,22411541-S,Battery,CURRENT,V,8.567850585937501
2026-08-16T19:10:00+00:00,22411189-1,Temperature,CURRENT,°C,24.8151025390625
2026-08-16T19:10:00+00:00,22411189-2,RH,CURRENT,%,82.58030060273137
2026-08-16T19:10:00+00:00,22411189-3,Dew Point,CURRENT,°C,21.674682192203893
2026-08-16T19:10:00+00:00,22411190-1,Temperature,CURRENT,°C,24.7293017578125
2026-08-16T19:10:00+00:00,22411190-2,RH,CURRENT,%,80.5981536583505
2026-08-16T19:10:00+00:00,22411190-3,Dew Point,CURRENT,°C,21.193518904043888
2026-08-16T19:10:00+00:00,22411191-1,Temperature,CURRENT,°C,24.300297851562497
2026-08-16T19:10:00+00:00,22411191-2,RH,CURRENT,%,83.14030670634013
2026-08-16T19:10:00+00:00,22411191-3,Dew Point,CURRENT,°C,21.281818859622266
2026-08-16T19:10:00+00:00,22411525-1,Temperature,CURRENT,°C,24.193046875
2026-08-16T19:10:00+00:00,22411525-2,RH,CURRENT,%,81.5228503852903
2026-08-16T19:10:00+00:00,22411525-3,Dew Point,CURRENT,°C,20.856548841413836
2026-08-16T19:10:00+00:00,22411526-1,Temperature,CURRENT,°C,25.072504882812503
2026-08-16T19:10:00+00:00,22411526-2,RH,CURRENT,%,80.93690394445716
2026-08-16T19:10:00+00:00,22411526-3,Dew Point,CURRENT,°C,21.596648778083942
2026-08-16T19:10:00+00:00,22411527-1,Temperature,CURRENT,°C,24.193046875
2026-08-16T19:10:00+00:00,22411527-2,RH,CURRENT,%,81.75326161593041
2026-08-16T19:10:00+00:00,22411527-3,Dew Point,CURRENT,°C,20.902519026540915
2026-08-16T19:10:00+00:00,22411528-1,Temperature,CURRENT,°C,24.943803710937495
2026-08-16T19:10:00+00:00,22411528-2,RH,CURRENT,%,82.89768825818265
2026-08-16T19:10:00+00:00,22411528-3,Dew Point,CURRENT,°C,21.863430214554043
2026-08-16T19:10:00+00:00,22411529-1,Temperature,CURRENT,°C,25.58730957031249
2026-08-16T19:10:00+00:00,22411529-2,RH,CURRENT,%,82.36667429617762
2026-08-16T19:10:00+00:00,22411529-3,Dew Point,CURRENT,°C,22.38680749113803
2026-08-16T19:10:00+00:00,22411530-1,Temperature,CURRENT,°C,24.3646484375
2026-08-16T19:10:00+00:00,22411530-2,RH,CURRENT,%,81.96841382467383
2026-08-16T19:10:00+00:00,22411530-3,Dew Point,CURRENT,°C,21.112936546583217
2026-08-16T19:11:00+00:00,22411541-S,Battery,CURRENT,V,8.551697021484376
2026-08-16T19:15:00+00:00,22411189-1,Temperature,CURRENT,°C,24.600600585937492
2026-08-16T19:15:00+00:00,22411189-2,RH,CURRENT,%,83.3630884260319
2026-08-16T19:15:00+00:00,22411189-3,Dew Point,CURRENT,°C,21.61945794570825
2026-08-16T19:15:00+00:00,22411190-1,Temperature,CURRENT,°C,24.536250000000003
2026-08-16T19:15:00+00:00,22411190-2,RH,CURRENT,%,81.23903257801175
2026-08-16T19:15:00+00:00,22411190-3,Dew Point,CURRENT,°C,21.134574428043976
2026-08-16T19:15:00+00:00,22411191-1,Temperature,CURRENT,°C,23.999995117187503
2026-08-16T19:15:00+00:00,22411191-2,RH,CURRENT,%,84.63111314564736
2026-08-16T19:15:00+00:00,22411191-3,Dew Point,CURRENT,°C,21.278042550665724
2026-08-16T19:15:00+00:00,22411525-1,Temperature,CURRENT,°C,23.89274414062499
2026-08-16T19:15:00+00:00,22411525-2,RH,CURRENT,%,83.14488441290914
2026-08-16T19:15:00+00:00,22411525-3,Dew Point,CURRENT,°C,20.883960588169952
2026-08-16T19:15:00+00:00,22411526-1,Temperature,CURRENT,°C,24.9009033203125
2026-08-16T19:15:00+00:00,22411526-2,RH,CURRENT,%,81.2314030670634
2026-08-16T19:15:00+00:00,22411526-3,Dew Point,CURRENT,°C,21.488757732259188
2026-08-16T19:15:00+00:00,22411527-1,Temperature,CURRENT,°C,23.89274414062499
2026-08-16T19:15:00+00:00,22411527-2,RH,CURRENT,%,83.55077439536126
2026-08-16T19:15:00+00:00,22411527-3,Dew Point,CURRENT,°C,20.96330712717885
2026-08-16T19:15:00+00:00,22411528-1,Temperature,CURRENT,°C,24.793652343750004
2026-08-16T19:15:00+00:00,22411528-2,RH,CURRENT,%,83.26848249027238
2026-08-16T19:15:00+00:00,22411528-3,Dew Point,CURRENT,°C,21.789768806064988
2026-08-16T19:15:00+00:00,22411529-1,Temperature,CURRENT,°C,25.372807617187497
2026-08-16T19:15:00+00:00,22411529-2,RH,CURRENT,%,84.14587624933242
2026-08-16T19:15:00+00:00,22411529-3,Dew Point,CURRENT,°C,22.52927822490903
2026-08-16T19:15:00+00:00,22411530-1,Temperature,CURRENT,°C,24.085795898437503
2026-08-16T19:15:00+00:00,22411530-2,RH,CURRENT,%,83.19829098954757
2026-08-16T19:15:00+00:00,22411530-3,Dew Point,CURRENT,°C,21.083322638721704
2026-08-16T19:16:00+00:00,22411541-S,Battery,CURRENT,V,8.564619873046876
2026-08-16T19:20:00+00:00,22411189-1,Temperature,CURRENT,°C,24.257397460937504
2026-08-16T19:20:00+00:00,22411189-2,RH,CURRENT,%,84.95307850766766
2026-08-16T19:20:00+00:00,22411189-3,Dew Point,CURRENT,°C,21.592626237901694
2026-08-16T19:20:00+00:00,22411190-1,Temperature,CURRENT,°C,24.193046875
2026-08-16T19:20:00+00:00,22411190-2,RH,CURRENT,%,82.77714198519875
2026-08-16T19:20:00+00:00,22411190-3,Dew Point,CURRENT,°C,21.10543745260194
2026-08-16T19:20:00+00:00,22411191-1,Temperature,CURRENT,°C,23.785493164062494
2026-08-16T19:20:00+00:00,22411191-2,RH,CURRENT,%,85.96017395284962
2026-08-16T19:20:00+00:00,22411191-3,Dew Point,CURRENT,°C,21.322116415485542
2026-08-16T19:20:00+00:00,22411525-1,Temperature,CURRENT,°C,23.699692382812493
2026-08-16T19:20:00+00:00,22411525-2,RH,CURRENT,%,84.47699702449073
2026-08-16T19:20:00+00:00,22411525-3,Dew Point,CURRENT,°C,20.95384932290686
2026-08-16T19:20:00+00:00,22411526-1,Temperature,CURRENT,°C,24.493349609374995
2026-08-16T19:20:00+00:00,22411526-2,RH,CURRENT,%,82.82902265964752
2026-08-16T19:20:00+00:00,22411526-3,Dew Point,CURRENT,°C,21.409334967630972
2026-08-16T19:20:00+00:00,22411527-1,Temperature,CURRENT,°C,23.678242187499997
2026-08-16T19:20:00+00:00,22411527-2,RH,CURRENT,%,84.83863584344243
2026-08-16T19:20:00+00:00,22411527-3,Dew Point,CURRENT,°C,21.00244493014505
2026-08-16T19:20:00+00:00,22411528-1,Temperature,CURRENT,°C,24.407548828124995
2026-08-16T19:20:00+00:00,22411528-2,RH,CURRENT,%,84.33966582742046
2026-08-16T19:20:00+00:00,22411528-3,Dew Point,CURRENT,°C,21.62116603806379
2026-08-16T19:20:00+00:00,22411529-1,Temperature,CURRENT,°C,25.05105468749999
2026-08-16T19:20:00+00:00,22411529-2,RH,CURRENT,%,83.59807736324102
2026-08-16T19:20:00+00:00,22411529-3,Dew Point,CURRENT,°C,22.106584243867577
2026-08-16T19:20:00+00:00,22411530-1,Temperature,CURRENT,°C,23.849843749999998
2026-08-16T19:20:00+00:00,22411530-2,RH,CURRENT,%,84.4632639047837
2026-08-16T19:20:00+00:00,22411530-3,Dew Point,CURRENT,°C,21.098406250050388
2026-08-16T19:21:00+00:00,22411541-S,Battery,CURRENT,V,8.548466308593751
2026-08-16T19:25:00+00:00,22411189-1,Temperature,CURRENT,°C,24.128696289062496
2026-08-16T19:25:00+00:00,22411189-2,RH,CURRENT,%,86.46829938200962
2026-08-16T19:25:00+00:00,22411189-3,Dew Point,CURRENT,°C,21.755943167489175
2026-08-16T19:25:00+00:00,22411190-1,Temperature,CURRENT,°C,24.085795898437503
2026-08-16T19:25:00+00:00,22411190-2,RH,CURRENT,%,84.09704737926299
2026-08-16T19:25:00+00:00,22411190-3,Dew Point,CURRENT,°C,21.25872516352721
2026-08-16T19:25:00+00:00,22411191-1,Temperature,CURRENT,°C,23.699692382812493
2026-08-16T19:25:00+00:00,22411191-2,RH,CURRENT,%,87.18547341115435
2026-08-16T19:25:00+00:00,22411191-3,Dew Point,CURRENT,°C,21.469190367327883
2026-08-16T19:25:00+00:00,22411525-1,Temperature,CURRENT,°C,23.635341796875004
2026-08-16T19:25:00+00:00,22411525-2,RH,CURRENT,%,85.43373769741359
2026-08-16T19:25:00+00:00,22411525-3,Dew Point,CURRENT,°C,21.07433623796739
2026-08-16T19:25:00+00:00,22411526-1,Temperature,CURRENT,°C,24.3646484375
2026-08-16T19:25:00+00:00,22411526-2,RH,CURRENT,%,84.58228427557793
2026-08-16T19:25:00+00:00,22411526-3,Dew Point,CURRENT,°C,21.626166814338443
2026-08-16T19:25:00+00:00,22411527-1,Temperature,CURRENT,°C,23.613891601562493
2026-08-16T19:25:00+00:00,22411527-2,RH,CURRENT,%,85.8304722667277
2026-08-16T19:25:00+00:00,22411527-3,Dew Point,CURRENT,°C,21.12886184517149
2026-08-16T19:25:00+00:00,22411528-1,Temperature,CURRENT,°C,24.321748046874994
2026-08-16T19:25:00+00:00,22411528-2,RH,CURRENT,%,85.99221789883268
2026-08-16T19:25:00+00:00,22411528-3,Dew Point,CURRENT,°C,21.855125588957943
2026-08-16T19:25:00+00:00,22411529-1,Temperature,CURRENT,°C,24.879453125000005
2026-08-16T19:25:00+00:00,22411529-2,RH,CURRENT,%,86.53696498054475
2026-08-16T19:25:00+00:00,22411529-3,Dew Point,CURRENT,°C,22.50721098023632
2026-08-16T19:25:00+00:00,22411530-1,Temperature,CURRENT,°C,23.764042968749997
2026-08-16T19:25:00+00:00,22411530-2,RH,CURRENT,%,85.66720073243305
2026-08-16T19:25:00+00:00,22411530-3,Dew Point,CURRENT,°C,21.245262911802158
2026-08-16T19:26:00+00:00,22411541-S,Battery,CURRENT,V,8.551697021484376
2026-08-16T19:30:00+00:00,22411189-1,Temperature,CURRENT,°C,24.42899902343749
2026-08-16T19:30:00+00:00,22411189-2,RH,CURRENT,%,85.27351796749828
2026-08-16T19:30:00+00:00,22411189-3,Dew Point,CURRENT,°C,21.822732499996437
2026-08-16T19:30:00+00:00,22411190-1,Temperature,CURRENT,°C,24.3646484375
2026-08-16T19:30:00+00:00,22411190-2,RH,CURRENT,%,83.14030670634013
2026-08-16T19:30:00+00:00,22411190-3,Dew Point,CURRENT,°C,21.344778858519952
2026-08-16T19:30:00+00:00,22411191-1,Temperature,CURRENT,°C,23.871293945312495
2026-08-16T19:30:00+00:00,22411191-2,RH,CURRENT,%,86.3935301747158
2026-08-16T19:30:00+00:00,22411191-3,Dew Point,CURRENT,°C,21.488687769863613
2026-08-16T19:30:00+00:00,22411525-1,Temperature,CURRENT,°C,23.764042968749997
2026-08-16T19:30:00+00:00,22411525-2,RH,CURRENT,%,84.93018997482261
2026-08-16T19:30:00+00:00,22411525-3,Dew Point,CURRENT,°C,21.10420737912305
2026-08-16T19:30:00+00:00,22411526-1,Temperature,CURRENT,°C,24.579150390624996
2026-08-16T19:30:00+00:00,22411526-2,RH,CURRENT,%,83.66063935301747
2026-08-16T19:30:00+00:00,22411526-3,Dew Point,CURRENT,°C,21.65683442866866
2026-08-16T19:30:00+00:00,22411527-1,Temperature,CURRENT,°C,23.764042968749997
2026-08-16T19:30:00+00:00,22411527-2,RH,CURRENT,%,85.23994811932555
2026-08-16T19:30:00+00:00,22411527-3,Dew Point,CURRENT,°C,21.163621393263288
2026-08-16T19:30:00+00:00,22411528-1,Temperature,CURRENT,°C,24.4718994140625
2026-08-16T19:30:00+00:00,22411528-2,RH,CURRENT,%,85.43221179522392
2026-08-16T19:30:00+00:00,22411528-3,Dew Point,CURRENT,°C,21.895358341067276
2026-08-16T19:30:00+00:00,22411529-1,Temperature,CURRENT,°C,24.9009033203125
2026-08-16T19:30:00+00:00,22411529-2,RH,CURRENT,%,86.09292744335089
2026-08-16T19:30:00+00:00,22411529-3,Dew Point,CURRENT,°C,22.4434675408563
2026-08-16T19:30:00+00:00,22411530-1,Temperature,CURRENT,°C,23.93564453125
2026-08-16T19:30:00+00:00,22411530-2,RH,CURRENT,%,84.93934538796063
2026-08-16T19:30:00+00:00,22411530-3,Dew Point,CURRENT,°C,21.274320429237804
2026-08-16T19:31:00+00:00,22411541-S,Battery,CURRENT,V,8.548466308593751
2026-08-16T19:35:00+00:00,22411189-1,Temperature,CURRENT,°C,24.27884765625
2026-08-16T19:35:00+00:00,22411189-2,RH,CURRENT,%,85.88998245212481
2026-08-16T19:35:00+00:00,22411189-3,Dew Point,CURRENT,°C,21.793458201616485
2026-08-16T19:35:00+00:00,22411190-1,Temperature,CURRENT,°C,24.193046875
2026-08-16T19:35:00+00:00,22411190-2,RH,CURRENT,%,83.73846036469062
2026-08-16T19:35:00+00:00,22411190-3,Dew Point,CURRENT,°C,21.29397023002463
2026-08-16T19:35:00+00:00,22411191-1,Temperature,CURRENT,°C,23.8283935546875
2026-08-16T19:35:00+00:00,22411191-2,RH,CURRENT,%,86.66819256885634
2026-08-16T19:35:00+00:00,22411191-3,Dew Point,CURRENT,°C,21.498446675599574
2026-08-16T19:35:00+00:00,22411525-1,Temperature,CURRENT,°C,23.7425927734375
2026-08-16T19:35:00+00:00,22411525-2,RH,CURRENT,%,85.04310673685816
2026-08-16T19:35:00+00:00,22411525-3,Dew Point,CURRENT,°C,21.10483990704408
2026-08-16T19:35:00+00:00,22411526-1,Temperature,CURRENT,°C,24.536250000000003
2026-08-16T19:35:00+00:00,22411526-2,RH,CURRENT,%,83.5736629282063
2026-08-16T19:35:00+00:00,22411526-3,Dew Point,CURRENT,°C,21.597791224099268
2026-08-16T19:35:00+00:00,22411527-1,Temperature,CURRENT,°C,23.721142578125004
2026-08-16T19:35:00+00:00,22411527-2,RH,CURRENT,%,85.35133897917143
2026-08-16T19:35:00+00:00,22411527-3,Dew Point,CURRENT,°C,21.142826294187387
2026-08-16T19:35:00+00:00,22411528-1,Temperature,CURRENT,°C,24.450449218750002
2026-08-16T19:35:00+00:00,22411528-2,RH,CURRENT,%,85.09346150911726
2026-08-16T19:35:00+00:00,22411528-3,Dew Point,CURRENT,°C,21.80910510700513
2026-08-16T19:35:00+00:00,22411529-1,Temperature,CURRENT,°C,24.943803710937495
2026-08-16T19:35:00+00:00,22411529-2,RH,CURRENT,%,84.73640039673457
2026-08-16T19:35:00+00:00,22411529-3,Dew Point,CURRENT,°C,22.22398009366552
2026-08-16T19:35:00+00:00,22411530-1,Temperature,CURRENT,°C,23.89274414062499
2026-08-16T19:35:00+00:00,22411530-2,RH,CURRENT,%,85.19111924925612
2026-08-16T19:35:00+00:00,22411530-3,Dew Point,CURRENT,°C,21.280581232117907
2026-08-16T19:36:00+00:00,22411541-S,Battery,CURRENT,V,8.548466308593751
2026-08-16T19:40:00+00:00,22411189-1,Temperature,CURRENT,°C,24.42899902343749
2026-08-16T19:40:00+00:00,22411189-2,RH,CURRENT,%,86.39810788128482
2026-08-16T19:40:00+00:00,22411189-3,Dew Point,CURRENT,°C,22.037871545123508
2026-08-16T19:40:00+00:00,22411190-1,Temperature,CURRENT,°C,24.321748046874994
2026-08-16T19:40:00+00:00,22411190-2,RH,CURRENT,%,84.17486839093614
2026-08-16T19:40:00+00:00,22411190-3,Dew Point,CURRENT,°C,21.50505215313435
2026-08-16T19:40:00+00:00,22411191-1,Temperature,CURRENT,°C,23.957094726562495
2026-08-16T19:40:00+00:00,22411191-2,RH,CURRENT,%,87.45250629434653
2026-08-16T19:40:00+00:00,22411191-3,Dew Point,CURRENT,°C,21.772701080089295
2026-08-16T19:40:00+00:00,22411525-1,Temperature,CURRENT,°C,23.849843749999998
2026-08-16T19:40:00+00:00,22411525-2,RH,CURRENT,%,85.85946440833142
2026-08-16T19:40:00+00:00,22411525-3,Dew Point,CURRENT,°C,21.36617747519214
2026-08-16T19:40:00+00:00,22411526-1,Temperature,CURRENT,°C,24.686401367187493
2026-08-16T19:40:00+00:00,22411526-2,RH,CURRENT,%,84.43579766536965
2026-08-16T19:40:00+00:00,22411526-3,Dew Point,CURRENT,°C,21.91318357272692
2026-08-16T19:40:00+00:00,22411527-1,Temperature,CURRENT,°C,23.8283935546875
2026-08-16T19:40:00+00:00,22411527-2,RH,CURRENT,%,86.19211108567941
2026-08-16T19:40:00+00:00,22411527-3,Dew Point,CURRENT,°C,21.408329501715542
2026-08-16T19:40:00+00:00,22411528-1,Temperature,CURRENT,°C,24.622050781250003
2026-08-16T19:40:00+00:00,22411528-2,RH,CURRENT,%,86.1982146944381
2026-08-16T19:40:00+00:00,22411528-3,Dew Point,CURRENT,°C,22.189551757303025
2026-08-16T19:40:00+00:00,22411529-1,Temperature,CURRENT,°C,25.072504882812503
2026-08-16T19:40:00+00:00,22411529-2,RH,CURRENT,%,87.17631799801633
2026-08-16T19:40:00+00:00,22411529-3,Dew Point,CURRENT,°C,22.818684560435443
2026-08-16T19:40:00+00:00,22411530-1,Temperature,CURRENT,°C,24.042895507812496
2026-08-16T19:40:00+00:00,22411530-2,RH,CURRENT,%,85.78622110322728
2026-08-16T19:40:00+00:00,22411530-3,Dew Point,CURRENT,°C,21.54185976754238
2026-08-16T19:41:00+00:00,22411541-S,Battery,CURRENT,V,8.551697021484376
2026-08-16T19:45:00+00:00,22411189-1,Temperature,CURRENT,°C,24.686401367187493
2026-08-16T19:45:00+00:00,22411189-2,RH,CURRENT,%,85.98764019226367
2026-08-16T19:45:00+00:00,22411189-3,Dew Point,CURRENT,°C,22.21254165493438
2026-08-16T19:45:00+00:00,22411190-1,Temperature,CURRENT,°C,24.5577001953125
2026-08-16T19:45:00+00:00,22411190-2,RH,CURRENT,%,83.78423743038071
2026-08-16T19:45:00+00:00,22411190-3,Dew Point,CURRENT,°C,21.66002033858601
2026-08-16T19:45:00+00:00,22411191-1,Temperature,CURRENT,°C,24.171596679687504
2026-08-16T19:45:00+00:00,22411191-2,RH,CURRENT,%,86.62241550316625
2026-08-16T19:45:00+00:00,22411191-3,Dew Point,CURRENT,°C,21.827340202335463
2026-08-16T19:45:00+00:00,22411525-1,Temperature,CURRENT,°C,24.042895507812496
2026-08-16T19:45:00+00:00,22411525-2,RH,CURRENT,%,85.06752117189288
2026-08-16T19:45:00+00:00,22411525-3,Dew Point,CURRENT,°C,21.40419844878181
2026-08-16T19:45:00+00:00,22411526-1,Temperature,CURRENT,°C,25.029604492187495
2026-08-16T19:45:00+00:00,22411526-2,RH,CURRENT,%,84.106202792401
2026-08-16T19:45:00+00:00,22411526-3,Dew Point,CURRENT,°C,22.185246748824863
2026-08-16T19:45:00+00:00,22411527-1,Temperature,CURRENT,°C,24.0214453125
2026-08-16T19:45:00+00:00,22411527-2,RH,CURRENT,%,85.32234683756771
2026-08-16T19:45:00+00:00,22411527-3,Dew Point,CURRENT,°C,21.432068244655294
2026-08-16T19:45:00+00:00,22411528-1,Temperature,CURRENT,°C,24.986704101562502
2026-08-16T19:45:00+00:00,22411528-2,RH,CURRENT,%,85.93270771343556
2026-08-16T19:45:00+00:00,22411528-3,Dew Point,CURRENT,°C,22.497056795942832
2026-08-16T19:45:00+00:00,22411529-1,Temperature,CURRENT,°C,25.458608398437498
2026-08-16T19:45:00+00:00,22411529-2,RH,CURRENT,%,87.02067597467003
2026-08-16T19:45:00+00:00,22411529-3,Dew Point,CURRENT,°C,23.169063727915
2026-08-16T19:45:00+00:00,22411530-1,Temperature,CURRENT,°C,24.257397460937504
2026-08-16T19:45:00+00:00,22411530-2,RH,CURRENT,%,84.98817425803006
2026-08-16T19:45:00+00:00,22411530-3,Dew Point,CURRENT,°C,21.59939102392725
2026-08-16T19:46:00+00:00,22411541-S,Battery,CURRENT,V,8.567850585937501
2026-08-16T19:50:00+00:00,22411189-1,Temperature,CURRENT,°C,24.879453125000005
2026-08-16T19:50:00+00:00,22411189-2,RH,CURRENT,%,86.0471503776608
2026-08-16T19:50:00+00:00,22411189-3,Dew Point,CURRENT,°C,22.413622762369027
2026-08-16T19:50:00+00:00,22411190-1,Temperature,CURRENT,°C,24.707851562500004
2026-08-16T19:50:00+00:00,22411190-2,RH,CURRENT,%,83.93224994277867
2026-08-16T19:50:00+00:00,22411190-3,Dew Point,CURRENT,°C,21.8360248587246
2026-08-16T19:50:00+00:00,22411191-1,Temperature,CURRENT,°C,24.257397460937504
2026-08-16T19:50:00+00:00,22411191-2,RH,CURRENT,%,86.77347981994355
2026-08-16T19:50:00+00:00,22411191-3,Dew Point,CURRENT,°C,21.940334448840368
2026-08-16T19:50:00+00:00,22411525-1,Temperature,CURRENT,°C,24.128696289062496
2026-08-16T19:50:00+00:00,22411525-2,RH,CURRENT,%,85.10414282444495
2026-08-16T19:50:00+00:00,22411525-3,Dew Point,CURRENT,°C,21.495433718071386
2026-08-16T19:50:00+00:00,22411526-1,Temperature,CURRENT,°C,25.265556640625
2026-08-16T19:50:00+00:00,22411526-2,RH,CURRENT,%,83.75371938658732
2026-08-16T19:50:00+00:00,22411526-3,Dew Point,CURRENT,°C,22.34721904916751
2026-08-16T19:50:00+00:00,22411527-1,Temperature,CURRENT,°C,24.10724609375
2026-08-16T19:50:00+00:00,22411527-2,RH,CURRENT,%,85.51613641565575
2026-08-16T19:50:00+00:00,22411527-3,Dew Point,CURRENT,°C,21.55343146536044
2026-08-16T19:50:00+00:00,22411528-1,Temperature,CURRENT,°C,25.179755859375
2026-08-16T19:50:00+00:00,22411528-2,RH,CURRENT,%,85.64888990615701
2026-08-16T19:50:00+00:00,22411528-3,Dew Point,CURRENT,°C,22.63208723205172
2026-08-16T19:50:00+00:00,22411529-1,Temperature,CURRENT,°C,25.823261718749997
2026-08-16T19:50:00+00:00,22411529-2,RH,CURRENT,%,85.08583199816891
2026-08-16T19:50:00+00:00,22411529-3,Dew Point,CURRENT,°C,23.154624851345584
2026-08-16T19:50:00+00:00,22411530-1,Temperature,CURRENT,°C,24.343198242187505
2026-08-16T19:50:00+00:00,22411530-2,RH,CURRENT,%,85.25062943465323
2026-08-16T19:50:00+00:00,22411530-3,Dew Point,CURRENT,°C,21.734115669334315
2026-08-16T19:51:00+00:00,22411541-S,Battery,CURRENT,V,8.577542724609375
2026-08-16T19:55:00+00:00,22411189-1,Temperature,CURRENT,°C,24.9009033203125
2026-08-16T19:55:00+00:00,22411189-2,RH,CURRENT,%,84.13366903181506
2026-08-16T19:55:00+00:00,22411189-3,Dew Point,CURRENT,°C,22.06451666749587
2026-08-16T19:55:00+00:00,22411190-1,Temperature,CURRENT,°C,24.686401367187493
2026-08-16T19:55:00+00:00,22411190-2,RH,CURRENT,%,82.388036926833
2026-08-16T19:55:00+00:00,22411190-3,Dew Point,CURRENT,°C,21.510717476491685
2026-08-16T19:55:00+00:00,22411191-1,Temperature,CURRENT,°C,24.150146484374993
2026-08-16T19:55:00+00:00,22411191-2,RH,CURRENT,%,85.80300602731364
2026-08-16T19:55:00+00:00,22411191-3,Dew Point,CURRENT,°C,21.650416596351135
2026-08-16T19:55:00+00:00,22411525-1,Temperature,CURRENT,°C,23.999995117187503
2026-08-16T19:55:00+00:00,22411525-2,RH,CURRENT,%,84.42969405661097
2026-08-16T19:55:00+00:00,22411525-3,Dew Point,CURRENT,°C,21.2391178590355
2026-08-16T19:55:00+00:00,22411526-1,Temperature,CURRENT,°C,25.50150878906249
2026-08-16T19:55:00+00:00,22411526-2,RH,CURRENT,%,81.28938735027084
2026-08-16T19:55:00+00:00,22411526-3,Dew Point,CURRENT,°C,22.086345170674647
2026-08-16T19:55:00+00:00,22411527-1,Temperature,CURRENT,°C,23.957094726562495
2026-08-16T19:55:00+00:00,22411527-2,RH,CURRENT,%,84.88288700694285
2026-08-16T19:55:00+00:00,22411527-3,Dew Point,CURRENT,°C,21.28450013554251
2026-08-16T19:55:00+00:00,22411528-1,Temperature,CURRENT,°C,25.372807617187497
2026-08-16T19:55:00+00:00,22411528-2,RH,CURRENT,%,83.61486228732738
2026-08-16T19:55:00+00:00,22411528-3,Dew Point,CURRENT,°C,22.42488752685126
2026-08-16T19:55:00+00:00,22411529-1,Temperature,CURRENT,°C,26.230815429687503
2026-08-16T19:55:00+00:00,22411529-2,RH,CURRENT,%,82.68711375600824
2026-08-16T19:55:00+00:00,22411529-3,Dew Point,CURRENT,°C,23.07988074135077
2026-08-16T19:55:00+00:00,22411530-1,Temperature,CURRENT,°C,24.300297851562497
2026-08-16T19:55:00+00:00,22411530-2,RH,CURRENT,%,84.12298771648737
2026-08-16T19:55:00+00:00,22411530-3,Dew Point,CURRENT,°C,21.47394400370507
2026-08-16T19:56:00+00:00,22411541-S,Battery,CURRENT,V,8.574312011718751
2026-08-16T20:00:00+00:00,22411189-1,Temperature,CURRENT,°C,24.750751953124997
2026-08-16T20:00:00+00:00,22411189-2,RH,CURRENT,%,85.40169375143053
2026-08-16T20:00:00+00:00,22411189-3,Dew Point,CURRENT,°C,22.16324035309035
2026-08-16T20:00:00+00:00,22411190-1,Temperature,CURRENT,°C,24.536250000000003
2026-08-16T20:00:00+00:00,22411190-2,RH,CURRENT,%,83.38597695887694
2026-08-16T20:00:00+00:00,22411190-3,Dew Point,CURRENT,°C,21.56097297488541
2026-08-16T20:00:00+00:00,22411191-1,Temperature,CURRENT,°C,24.0214453125
2026-08-16T20:00:00+00:00,22411191-2,RH,CURRENT,%,86.83451590753033
2026-08-16T20:00:00+00:00,22411191-3,Dew Point,CURRENT,°C,21.719753803836177
2026-08-16T20:00:00+00:00,22411525-1,Temperature,CURRENT,°C,23.871293945312495
2026-08-16T20:00:00+00:00,22411525-2,RH,CURRENT,%,85.48409246967269
2026-08-16T20:00:00+00:00,22411525-3,Dew Point,CURRENT,°C,21.31562392282972
2026-08-16T20:00:00+00:00,22411526-1,Temperature,CURRENT,°C,25.351357421875
2026-08-16T20:00:00+00:00,22411526-2,RH,CURRENT,%,82.07217517357138
2026-08-16T20:00:00+00:00,22411526-3,Dew Point,CURRENT,°C,22.097345576552875
2026-08-16T20:00:00+00:00,22411527-1,Temperature,CURRENT,°C,23.849843749999998
2026-08-16T20:00:00+00:00,22411527-2,RH,CURRENT,%,85.99679560540169
2026-08-16T20:00:00+00:00,22411527-3,Dew Point,CURRENT,°C,21.392309668330924
2026-08-16T20:00:00+00:00,22411528-1,Temperature,CURRENT,°C,25.244106445312504
2026-08-16T20:00:00+00:00,22411528-2,RH,CURRENT,%,84.17944609750515
2026-08-16T20:00:00+00:00,22411528-3,Dew Point,CURRENT,°C,22.409750977410518
2026-08-16T20:00:00+00:00,22411529-1,Temperature,CURRENT,°C,26.295166015624993
2026-08-16T20:00:00+00:00,22411529-2,RH,CURRENT,%,81.73342488746471
2026-08-16T20:00:00+00:00,22411529-3,Dew Point,CURRENT,°C,22.950654081090633
2026-08-16T20:00:00+00:00,22411530-1,Temperature,CURRENT,°C,24.171596679687504
2026-08-16T20:00:00+00:00,22411530-2,RH,CURRENT,%,85.24452582589456
2026-08-16T20:00:00+00:00,22411530-3,Dew Point,CURRENT,°C,21.564516650622362
2026-08-16T20:01:00+00:00,22411541-S,Battery,CURRENT,V,8.577542724609375
2026-08-16T20:05:00+00:00,22411189-1,Temperature,CURRENT,°C,24.707851562500004
2026-08-16T20:05:00+00:00,22411189-2,RH,CURRENT,%,85.76638437476157
2026-08-16T20:05:00+00:00,22411189-3,Dew Point,CURRENT,°C,22.191218891328187
2026-08-16T20:05:00+00:00,22411190-1,Temperature,CURRENT,°C,24.600600585937492
2026-08-16T20:05:00+00:00,22411190-2,RH,CURRENT,%,83.75371938658732
2026-08-16T20:05:00+00:00,22411190-3,Dew Point,CURRENT,°C,21.696062128330798
2026-08-16T20:05:00+00:00,22411191-1,Temperature,CURRENT,°C,22.026577148437504
2026-08-16T20:05:00+00:00,22411191-2,RH,CURRENT,%,87.59746700236515
2026-08-16T20:05:00+00:00,22411191-3,Dew Point,CURRENT,°C,19.8983933573856
2026-08-16T20:05:00+00:00,22411525-1,Temperature,CURRENT,°C,23.8283935546875
2026-08-16T20:05:00+00:00,22411525-2,RH,CURRENT,%,86.15548943312734
2026-08-16T20:05:00+00:00,22411525-3,Dew Point,CURRENT,°C,21.401379410884477
2026-08-16T20:05:00+00:00,22411526-1,Temperature,CURRENT,°C,25.201206054687496
2026-08-16T20:05:00+00:00,22411526-2,RH,CURRENT,%,82.60471503776608
2026-08-16T20:05:00+00:00,22411526-3,Dew Point,CURRENT,°C,22.056955131044106
2026-08-16T20:05:00+00:00,22411527-1,Temperature,CURRENT,°C,23.806943359375005
2026-08-16T20:05:00+00:00,22411527-2,RH,CURRENT,%,86.56900892652781
2026-08-16T20:05:00+00:00,22411527-3,Dew Point,CURRENT,°C,21.458613130024794
2026-08-16T20:05:00+00:00,22411528-1,Temperature,CURRENT,°C,25.029604492187495
2026-08-16T20:05:00+00:00,22411528-2,RH,CURRENT,%,84.48462653543908
2026-08-16T20:05:00+00:00,22411528-3,Dew Point,CURRENT,°C,22.259128730565845
2026-08-16T20:05:00+00:00,22411529-1,Temperature,CURRENT,°C,26.0806640625
2026-08-16T20:05:00+00:00,22411529-2,RH,CURRENT,%,82.0813305867094
2026-08-16T20:05:00+00:00,22411529-3,Dew Point,CURRENT,°C,22.811479113784056
2026-08-16T20:05:00+00:00,22411530-1,Temperature,CURRENT,°C,24.064345703124992
2026-08-16T20:05:00+00:00,22411530-2,RH,CURRENT,%,86.03799496452278
2026-08-16T20:05:00+00:00,22411530-3,Dew Point,CURRENT,°C,21.610924922113632
2026-08-16T20:06:00+00:00,22411541-S,Battery,CURRENT,V,8.584004150390625
2026-08-16T20:10:00+00:00,22411189-1,Temperature,CURRENT,°C,24.27884765625
2026-08-16T20:10:00+00:00,22411189-2,RH,CURRENT,%,88.43671320668345
2026-08-16T20:10:00+00:00,22411189-3,Dew Point,CURRENT,°C,22.273647472970897
2026-08-16T20:10:00+00:00,22411190-1,Temperature,CURRENT,°C,24.171596679687504
2026-08-16T20:10:00+00:00,22411190-2,RH,CURRENT,%,86.01968413824675
2026-08-16T20:10:00+00:00,22411190-3,Dew Point,CURRENT,°C,21.712825806693726
2026-08-16T20:10:00+00:00,22411191-1,Temperature,CURRENT,°C,23.764042968749997
2026-08-16T20:10:00+00:00,22411191-2,RH,CURRENT,%,89.48805981536583
2026-08-16T20:10:00+00:00,22411191-3,Dew Point,CURRENT,°C,21.959967192359485
2026-08-16T20:10:00+00:00,22411525-1,Temperature,CURRENT,°C,23.635341796875004
2026-08-16T20:10:00+00:00,22411525-2,RH,CURRENT,%,87.82787823300526
2026-08-16T20:10:00+00:00,22411525-3,Dew Point,CURRENT,°C,21.525964699562344
2026-08-16T20:10:00+00:00,22411526-1,Temperature,CURRENT,°C,24.836552734374997
2026-08-16T20:10:00+00:00,22411526-2,RH,CURRENT,%,84.95155260547799
2026-08-16T20:10:00+00:00,22411526-3,Dew Point,CURRENT,°C,22.160506577614257
2026-08-16T20:10:00+00:00,22411527-1,Temperature,CURRENT,°C,23.613891601562493
2026-08-16T20:10:00+00:00,22411527-2,RH,CURRENT,%,88.22613870450904
2026-08-16T20:10:00+00:00,22411527-3,Dew Point,CURRENT,°C,21.5789004905286
2026-08-16T20:10:00+00:00,22411528-1,Temperature,CURRENT,°C,24.686401367187493
2026-08-16T20:10:00+00:00,22411528-2,RH,CURRENT,%,87.1625848783093
2026-08-16T20:10:00+00:00,22411528-3,Dew Point,CURRENT,°C,22.436071500639365
2026-08-16T20:10:00+00:00,22411529-1,Temperature,CURRENT,°C,25.866162109375004
2026-08-16T20:10:00+00:00,22411529-2,RH,CURRENT,%,83.61486228732738
2026-08-16T20:10:00+00:00,22411529-3,Dew Point,CURRENT,°C,22.90787374083252
2026-08-16T20:10:00+00:00,22411530-1,Temperature,CURRENT,°C,23.871293945312495
2026-08-16T20:10:00+00:00,22411530-2,RH,CURRENT,%,87.80498970016022
2026-08-16T20:10:00+00:00,22411530-3,Dew Point,CURRENT,°C,21.754158613309343
2026-08-16T20:11:00+00:00,22411541-S,Battery,CURRENT,V,8.5936962890625
2026-08-16T20:15:00+00:00,22411189-1,Temperature,CURRENT,°C,24.193046875
2026-08-16T20:15:00+00:00,22411189-2,RH,CURRENT,%,89.50637064164187
2026-08-16T20:15:00+00:00,22411189-3,Dew Point,CURRENT,°C,22.387004392269382
2026-08-16T20:15:00+00:00,22411190-1,Temperature,CURRENT,°C,24.085795898437503
2026-08-16T20:15:00+00:00,22411190-2,RH,CURRENT,%,87.26024261844816
2026-08-16T20:15:00+00:00,22411190-3,Dew Point,CURRENT,°C,21.863304460134316
2026-08-16T20:15:00+00:00,22411191-1,Temperature,CURRENT,°C,23.7425927734375
2026-08-16T20:15:00+00:00,22411191-2,RH,CURRENT,%,90.58670939192798
2026-08-16T20:15:00+00:00,22411191-3,Dew Point,CURRENT,°C,22.139319863925266
2026-08-16T20:15:00+00:00,22411525-1,Temperature,CURRENT,°C,23.613891601562493
2026-08-16T20:15:00+00:00,22411525-2,RH,CURRENT,%,88.83802548256656
2026-08-16T20:15:00+00:00,22411525-3,Dew Point,CURRENT,°C,21.692133429409886
2026-08-16T20:15:00+00:00,22411526-1,Temperature,CURRENT,°C,24.664951171874996
2026-08-16T20:15:00+00:00,22411526-2,RH,CURRENT,%,86.23025864042116
2026-08-16T20:15:00+00:00,22411526-3,Dew Point,CURRENT,°C,22.23783359087632
2026-08-16T20:15:00+00:00,22411527-1,Temperature,CURRENT,°C,23.592441406249996
2026-08-16T20:15:00+00:00,22411527-2,RH,CURRENT,%,89.19050888838025
2026-08-16T20:15:00+00:00,22411527-3,Dew Point,CURRENT,°C,21.73587863475078
2026-08-16T20:15:00+00:00,22411528-1,Temperature,CURRENT,°C,24.579150390624996
2026-08-16T20:15:00+00:00,22411528-2,RH,CURRENT,%,88.22003509575036
2026-08-16T20:15:00+00:00,22411528-3,Dew Point,CURRENT,°C,22.529288724269136
2026-08-16T20:15:00+00:00,22411529-1,Temperature,CURRENT,°C,25.608759765625003
2026-08-16T20:15:00+00:00,22411529-2,RH,CURRENT,%,85.75417715724421
2026-08-16T20:15:00+00:00,22411529-3,Dew Point,CURRENT,°C,23.073715490903353
2026-08-16T20:15:00+00:00,22411530-1,Temperature,CURRENT,°C,23.849843749999998
2026-08-16T20:15:00+00:00,22411530-2,RH,CURRENT,%,88.81055924315251
2026-08-16T20:15:00+00:00,22411530-3,Dew Point,CURRENT,°C,21.919860772804025
2026-08-16T20:16:00+00:00,22411541-S,Battery,CURRENT,V,8.596927001953125
2026-08-16T20:20:00+00:00,22411189-1,Temperature,CURRENT,°C,23.635341796875004
2026-08-16T20:20:00+00:00,22411189-2,RH,CURRENT,%,90.078583962768
2026-08-16T20:20:00+00:00,22411189-3,Dew Point,CURRENT,°C,21.940831165830176
2026-08-16T20:20:00+00:00,22411190-1,Temperature,CURRENT,°C,23.528090820312492
2026-08-16T20:20:00+00:00,22411190-2,RH,CURRENT,%,87.83245593957427
2026-08-16T20:20:00+00:00,22411190-3,Dew Point,CURRENT,°C,21.42114874272694
2026-08-16T20:20:00+00:00,22411191-1,Temperature,CURRENT,°C,23.249238281249994
2026-08-16T20:20:00+00:00,22411191-2,RH,CURRENT,%,90.90409704737927
2026-08-16T20:20:00+00:00,22411191-3,Dew Point,CURRENT,°C,21.70866039524515
2026-08-16T20:20:00+00:00,22411525-1,Temperature,CURRENT,°C,23.163437499999993
2026-08-16T20:20:00+00:00,22411525-2,RH,CURRENT,%,89.10048065918974
2026-08-16T20:20:00+00:00,22411525-3,Dew Point,CURRENT,°C,21.29587393118881
2026-08-16T20:20:00+00:00,22411526-1,Temperature,CURRENT,°C,24.0214453125
2026-08-16T20:20:00+00:00,22411526-2,RH,CURRENT,%,87.1122301060502
2026-08-16T20:20:00+00:00,22411526-3,Dew Point,CURRENT,°C,21.772111743876458
2026-08-16T20:20:00+00:00,22411527-1,Temperature,CURRENT,°C,23.141987304687497
2026-08-16T20:20:00+00:00,22411527-2,RH,CURRENT,%,89.41634241245136
2026-08-16T20:20:00+00:00,22411527-3,Dew Point,CURRENT,°C,21.33252908978335
2026-08-16T20:20:00+00:00,22411528-1,Temperature,CURRENT,°C,23.957094726562495
2026-08-16T20:20:00+00:00,22411528-2,RH,CURRENT,%,89.31563286793316
2026-08-16T20:20:00+00:00,22411528-3,Dew Point,CURRENT,°C,22.11889827157874
2026-08-16T20:20:00+00:00,22411529-1,Temperature,CURRENT,°C,25.008154296875
2026-08-16T20:20:00+00:00,22411529-2,RH,CURRENT,%,86.34927901121539
2026-08-16T20:20:00+00:00,22411529-3,Dew Point,CURRENT,°C,22.597923274056946
2026-08-16T20:20:00+00:00,22411530-1,Temperature,CURRENT,°C,23.313588867187498
2026-08-16T20:20:00+00:00,22411530-2,RH,CURRENT,%,89.14168001831082
2026-08-16T20:20:00+00:00,22411530-3,Dew Point,CURRENT,°C,21.45164449212141
2026-08-16T20:21:00+00:00,22411541-S,Battery,CURRENT,V,8.584004150390625
2026-08-16T20:25:00+00:00,22411189-1,Temperature,CURRENT,°C,24.042895507812496
2026-08-16T20:25:00+00:00,22411189-2,RH,CURRENT,%,89.5445181963836
2026-08-16T20:25:00+00:00,22411189-3,Dew Point,CURRENT,°C,22.245732387478963
2026-08-16T20:25:00+00:00,22411190-1,Temperature,CURRENT,°C,23.871293945312495
2026-08-16T20:25:00+00:00,22411190-2,RH,CURRENT,%,87.28160524910354
2026-08-16T20:25:00+00:00,22411190-3,Dew Point,CURRENT,°C,21.656157030590094
2026-08-16T20:25:00+00:00,22411191-1,Temperature,CURRENT,°C,23.549541015625003
2026-08-16T20:25:00+00:00,22411191-2,RH,CURRENT,%,90.14267185473412
2026-08-16T20:25:00+00:00,22411191-3,Dew Point,CURRENT,°C,21.867698073989153
2026-08-16T20:25:00+00:00,22411525-1,Temperature,CURRENT,°C,23.420839843749995
2026-08-16T20:25:00+00:00,22411525-2,RH,CURRENT,%,88.42145418478675
2026-08-16T20:25:00+00:00,22411525-3,Dew Point,CURRENT,°C,21.424753221739095
2026-08-16T20:25:00+00:00,22411526-1,Temperature,CURRENT,°C,24.450449218750002
2026-08-16T20:25:00+00:00,22411526-2,RH,CURRENT,%,86.91538872358282
2026-08-16T20:25:00+00:00,22411526-3,Dew Point,CURRENT,°C,22.157114015294177
2026-08-16T20:25:00+00:00,22411527-1,Temperature,CURRENT,°C,23.377939453125002
2026-08-16T20:25:00+00:00,22411527-2,RH,CURRENT,%,88.79224841687648
2026-08-16T20:25:00+00:00,22411527-3,Dew Point,CURRENT,°C,21.450893143776824
2026-08-16T20:25:00+00:00,22411528-1,Temperature,CURRENT,°C,24.42899902343749
2026-08-16T20:25:00+00:00,22411528-2,RH,CURRENT,%,88.55115587090867
2026-08-16T20:25:00+00:00,22411528-3,Dew Point,CURRENT,°C,22.44302323610828
2026-08-16T20:25:00+00:00,22411529-1,Temperature,CURRENT,°C,25.179755859375
2026-08-16T20:25:00+00:00,22411529-2,RH,CURRENT,%,88.30395971618219
2026-08-16T20:25:00+00:00,22411529-3,Dew Point,CURRENT,°C,23.137076125952234
2026-08-16T20:25:00+00:00,22411530-1,Temperature,CURRENT,°C,23.635341796875004
2026-08-16T20:25:00+00:00,22411530-2,RH,CURRENT,%,88.48554207675288
2026-08-16T20:25:00+00:00,22411530-3,Dew Point,CURRENT,°C,21.648141550642627
2026-08-16T20:26:00+00:00,22411541-S,Battery,CURRENT,V,8.596927001953125
2026-08-16T20:30:00+00:00,22411189-1,Temperature,CURRENT,°C,24.150146484374993
2026-08-16T20:30:00+00:00,22411189-2,RH,CURRENT,%,88.69764248111696
2026-08-16T20:30:00+00:00,22411189-3,Dew Point,CURRENT,°C,22.195206082327005
2026-08-16T20:30:00+00:00,22411190-1,Temperature,CURRENT,°C,23.999995117187503
2026-08-16T20:30:00+00:00,22411190-2,RH,CURRENT,%,86.67887388418403
2026-08-16T20:30:00+00:00,22411190-3,Dew Point,CURRENT,°C,21.66924838358631
2026-08-16T20:30:00+00:00,22411191-1,Temperature,CURRENT,°C,23.678242187499997
2026-08-16T20:30:00+00:00,22411191-2,RH,CURRENT,%,89.67116807812619
2026-08-16T20:30:00+00:00,22411191-3,Dew Point,CURRENT,°C,21.908787918377406
2026-08-16T20:30:00+00:00,22411525-1,Temperature,CURRENT,°C,23.549541015625003
2026-08-16T20:30:00+00:00,22411525-2,RH,CURRENT,%,87.98809796292058
2026-08-16T20:30:00+00:00,22411525-3,Dew Point,CURRENT,°C,21.47124866632444
2026-08-16T20:30:00+00:00,22411526-1,Temperature,CURRENT,°C,24.536250000000003
2026-08-16T20:30:00+00:00,22411526-2,RH,CURRENT,%,85.94033722438391
2026-08-16T20:30:00+00:00,22411526-3,Dew Point,CURRENT,°C,22.05596704883834
2026-08-16T20:30:00+00:00,22411527-1,Temperature,CURRENT,°C,23.528090820312492
2026-08-16T20:30:00+00:00,22411527-2,RH,CURRENT,%,88.48096437018387
2026-08-16T20:30:00+00:00,22411527-3,Dew Point,CURRENT,°C,21.541526520745393
2026-08-16T20:30:00+00:00,22411528-1,Temperature,CURRENT,°C,24.4718994140625
2026-08-16T20:30:00+00:00,22411528-2,RH,CURRENT,%,88.19867246509499
2026-08-16T20:30:00+00:00,22411528-3,Dew Point,CURRENT,°C,22.419575115818507
2026-08-16T20:30:00+00:00,22411529-1,Temperature,CURRENT,°C,25.351357421875
2026-08-16T20:30:00+00:00,22411529-2,RH,CURRENT,%,86.50492103456169
2026-08-16T20:30:00+00:00,22411529-3,Dew Point,CURRENT,°C,22.9651036653137
2026-08-16T20:30:00+00:00,22411530-1,Temperature,CURRENT,°C,23.785493164062494
2026-08-16T20:30:00+00:00,22411530-2,RH,CURRENT,%,87.94232089723049
2026-08-16T20:30:00+00:00,22411530-3,Dew Point,CURRENT,°C,21.6952414367164
2026-08-16T20:31:00+00:00,22411541-S,Battery,CURRENT,V,8.5936962890625
2026-08-16T20:35:00+00:00,22411189-1,Temperature,CURRENT,°C,23.89274414062499
2026-08-16T20:35:00+00:00,22411189-2,RH,CURRENT,%,89.14625772487983
2026-08-16T20:35:00+00:00,22411189-3,Dew Point,CURRENT,°C,22.024168516779586
2026-08-16T20:35:00+00:00,22411190-1,Temperature,CURRENT,°C,23.785493164062494
2026-08-16T20:35:00+00:00,22411190-2,RH,CURRENT,%,86.85282673380637
2026-08-16T20:35:00+00:00,22411190-3,Dew Point,CURRENT,°C,21.491072399362
2026-08-16T20:35:00+00:00,22411191-1,Temperature,CURRENT,°C,23.528090820312492
2026-08-16T20:35:00+00:00,22411191-2,RH,CURRENT,%,89.83749141680018
2026-08-16T20:35:00+00:00,22411191-3,Dew Point,CURRENT,°C,21.790856124859836
2026-08-16T20:35:00+00:00,22411525-1,Temperature,CURRENT,°C,23.44229003906249
2026-08-16T20:35:00+00:00,22411525-2,RH,CURRENT,%,88.12848096437018
2026-08-16T20:35:00+00:00,22411525-3,Dew Point,CURRENT,°C,21.39162192138618
2026-08-16T20:35:00+00:00,22411526-1,Temperature,CURRENT,°C,24.257397460937504
2026-08-16T20:35:00+00:00,22411526-2,RH,CURRENT,%,86.19211108567941
2026-08-16T20:35:00+00:00,22411526-3,Dew Point,CURRENT,°C,21.82998758967074
2026-08-16T20:35:00+00:00,22411527-1,Temperature,CURRENT,°C,23.420839843749995
2026-08-16T20:35:00+00:00,22411527-2,RH,CURRENT,%,88.549629968719
2026-08-16T20:35:00+00:00,22411527-3,Dew Point,CURRENT,°C,21.448448834276938
2026-08-16T20:35:00+00:00,22411528-1,Temperature,CURRENT,°C,24.214497070312497
2026-08-16T20:35:00+00:00,22411528-2,RH,CURRENT,%,87.89044022278172
2026-08-16T20:35:00+00:00,22411528-3,Dew Point,CURRENT,°C,22.10826997232858
2026-08-16T20:35:00+00:00,22411529-1,Temperature,CURRENT,°C,25.072504882812503
2026-08-16T20:35:00+00:00,22411529-2,RH,CURRENT,%,85.35439078355077
2026-08-16T20:35:00+00:00,22411529-3,Dew Point,CURRENT,°C,22.469959254406692
2026-08-16T20:35:00+00:00,22411530-1,Temperature,CURRENT,°C,23.613891601562493
2026-08-16T20:35:00+00:00,22411530-2,RH,CURRENT,%,88.14221408407721
2026-08-16T20:35:00+00:00,22411530-3,Dew Point,CURRENT,°C,21.56331632021303
2026-08-16T20:36:00+00:00,22411541-S,Battery,CURRENT,V,8.596927001953125
2026-08-16T20:40:00+00:00,22411189-1,Temperature,CURRENT,°C,24.042895507812496
2026-08-16T20:40:00+00:00,22411189-2,RH,CURRENT,%,88.63660639353017
2026-08-16T20:40:00+00:00,22411189-3,Dew Point,CURRENT,°C,22.078092400638763
2026-08-16T20:40:00+00:00,22411190-1,Temperature,CURRENT,°C,23.871293945312495
2026-08-16T20:40:00+00:00,22411190-2,RH,CURRENT,%,86.60563057907989
2026-08-16T20:40:00+00:00,22411190-3,Dew Point,CURRENT,°C,21.528820963746384
2026-08-16T20:40:00+00:00,22411191-1,Temperature,CURRENT,°C,23.506640624999996
2026-08-16T20:40:00+00:00,22411191-2,RH,CURRENT,%,89.8008697642481
2026-08-16T20:40:00+00:00,22411191-3,Dew Point,CURRENT,°C,21.76297523126197
2026-08-16T20:40:00+00:00,22411525-1,Temperature,CURRENT,°C,23.377939453125002
2026-08-16T20:40:00+00:00,22411525-2,RH,CURRENT,%,88.05523765926604
2026-08-16T20:40:00+00:00,22411525-3,Dew Point,CURRENT,°C,21.314604054288992
2026-08-16T20:40:00+00:00,22411526-1,Temperature,CURRENT,°C,24.4718994140625
2026-08-16T20:40:00+00:00,22411526-2,RH,CURRENT,%,85.7450217441062
2026-08-16T20:40:00+00:00,22411526-3,Dew Point,CURRENT,°C,21.955370043477867
2026-08-16T20:40:00+00:00,22411527-1,Temperature,CURRENT,°C,23.35648925781249
2026-08-16T20:40:00+00:00,22411527-2,RH,CURRENT,%,88.43671320668345
2026-08-16T20:40:00+00:00,22411527-3,Dew Point,CURRENT,°C,21.364118562184704
2026-08-16T20:40:00+00:00,22411528-1,Temperature,CURRENT,°C,24.450449218750002
2026-08-16T20:40:00+00:00,22411528-2,RH,CURRENT,%,87.40978103303578
2026-08-16T20:40:00+00:00,22411528-3,Dew Point,CURRENT,°C,22.250449037404902
2026-08-16T20:40:00+00:00,22411529-1,Temperature,CURRENT,°C,25.201206054687496
2026-08-16T20:40:00+00:00,22411529-2,RH,CURRENT,%,85.56496528572518
2026-08-16T20:40:00+00:00,22411529-3,Dew Point,CURRENT,°C,22.63696487556044
2026-08-16T20:40:00+00:00,22411530-1,Temperature,CURRENT,°C,23.613891601562493
2026-08-16T20:40:00+00:00,22411530-2,RH,CURRENT,%,88.08422980086976
2026-08-16T20:40:00+00:00,22411530-3,Dew Point,CURRENT,°C,21.55254150072028
2026-08-16T20:41:00+00:00,22411541-S,Battery,CURRENT,V,8.606619140625
2026-08-16T20:45:00+00:00,22411189-1,Temperature,CURRENT,°C,24.579150390624996
2026-08-16T20:45:00+00:00,22411189-2,RH,CURRENT,%,85.99679560540169
2026-08-16T20:45:00+00:00,22411189-3,Dew Point,CURRENT,°C,22.10891398009899
2026-08-16T20:45:00+00:00,22411190-1,Temperature,CURRENT,°C,24.343198242187505
2026-08-16T20:45:00+00:00,22411190-2,RH,CURRENT,%,84.13366903181506
2026-08-16T20:45:00+00:00,22411190-3,Dew Point,CURRENT,°C,21.51805787495861
2026-08-16T20:45:00+00:00,22411191-1,Temperature,CURRENT,°C,23.93564453125
2026-08-16T20:45:00+00:00,22411191-2,RH,CURRENT,%,87.13206683451591
2026-08-16T20:45:00+00:00,22411191-3,Dew Point,CURRENT,°C,21.691398351315136
2026-08-16T20:45:00+00:00,22411525-1,Temperature,CURRENT,°C,23.785493164062494
2026-08-16T20:45:00+00:00,22411525-2,RH,CURRENT,%,85.67177843900205
2026-08-16T20:45:00+00:00,22411525-3,Dew Point,CURRENT,°C,21.26720292398457
2026-08-16T20:45:00+00:00,22411526-1,Temperature,CURRENT,°C,25.05105468749999
2026-08-16T20:45:00+00:00,22411526-2,RH,CURRENT,%,83.3630884260319
2026-08-16T20:45:00+00:00,22411526-3,Dew Point,CURRENT,°C,22.060307599863325
2026-08-16T20:45:00+00:00,22411527-1,Temperature,CURRENT,°C,23.721142578125004
2026-08-16T20:45:00+00:00,22411527-2,RH,CURRENT,%,86.05935759517816
2026-08-16T20:45:00+00:00,22411527-3,Dew Point,CURRENT,°C,21.277727071748878
2026-08-16T20:45:00+00:00,22411528-1,Temperature,CURRENT,°C,24.96525390624999
2026-08-16T20:45:00+00:00,22411528-2,RH,CURRENT,%,85.48409246967269
2026-08-16T20:45:00+00:00,22411528-3,Dew Point,CURRENT,°C,22.389701672536614
2026-08-16T20:45:00+00:00,22411529-1,Temperature,CURRENT,°C,25.522958984375002
2026-08-16T20:45:00+00:00,22411529-2,RH,CURRENT,%,85.66720073243305
2026-08-16T20:45:00+00:00,22411529-3,Dew Point,CURRENT,°C,22.972649537390833
2026-08-16T20:45:00+00:00,22411530-1,Temperature,CURRENT,°C,24.042895507812496
2026-08-16T20:45:00+00:00,22411530-2,RH,CURRENT,%,85.51155870908674
2026-08-16T20:45:00+00:00,22411530-3,Dew Point,CURRENT,°C,21.489369736300098
2026-08-16T20:46:00+00:00,22411541-S,Battery,CURRENT,V,8.606619140625
2026-08-16T20:50:00+00:00,22411189-1,Temperature,CURRENT,°C,24.922353515624998
2026-08-16T20:50:00+00:00,22411189-2,RH,CURRENT,%,83.48668650339513
2026-08-16T20:50:00+00:00,22411189-3,Dew Point,CURRENT,°C,21.95868322666075
2026-08-16T20:50:00+00:00,22411190-1,Temperature,CURRENT,°C,24.600600585937492
2026-08-16T20:50:00+00:00,22411190-2,RH,CURRENT,%,81.82040131227588
2026-08-16T20:50:00+00:00,22411190-3,Dew Point,CURRENT,°C,21.313833151548213
2026-08-16T20:50:00+00:00,22411191-1,Temperature,CURRENT,°C,24.150146484374993
2026-08-16T20:50:00+00:00,22411191-2,RH,CURRENT,%,84.7547112230106
2026-08-16T20:50:00+00:00,22411191-3,Dew Point,CURRENT,°C,21.449154981861504
2026-08-16T20:50:00+00:00,22411525-1,Temperature,CURRENT,°C,23.957094726562495
2026-08-16T20:50:00+00:00,22411525-2,RH,CURRENT,%,83.56450751506829
2026-08-16T20:50:00+00:00,22411525-3,Dew Point,CURRENT,°C,21.028988577352155
2026-08-16T20:50:00+00:00,22411526-1,Temperature,CURRENT,°C,25.651660156249996
2026-08-16T20:50:00+00:00,22411526-2,RH,CURRENT,%,80.1556420233463
2026-08-16T20:50:00+00:00,22411526-3,Dew Point,CURRENT,°C,22.00185492410761
2026-08-16T20:50:00+00:00,22411527-1,Temperature,CURRENT,°C,23.89274414062499
2026-08-16T20:50:00+00:00,22411527-2,RH,CURRENT,%,84.04974441138323
2026-08-16T20:50:00+00:00,22411527-3,Dew Point,CURRENT,°C,21.06038934140864
2026-08-16T20:50:00+00:00,22411528-1,Temperature,CURRENT,°C,25.458608398437498
2026-08-16T20:50:00+00:00,22411528-2,RH,CURRENT,%,82.59098191805906
2026-08-16T20:50:00+00:00,22411528-3,Dew Point,CURRENT,°C,22.305828521638013
2026-08-16T20:50:00+00:00,22411529-1,Temperature,CURRENT,°C,26.0806640625
2026-08-16T20:50:00+00:00,22411529-2,RH,CURRENT,%,83.09758144502938
2026-08-16T20:50:00+00:00,22411529-3,Dew Point,CURRENT,°C,23.01506678581714
2026-08-16T20:50:00+00:00,22411530-1,Temperature,CURRENT,°C,24.300297851562497
2026-08-16T20:50:00+00:00,22411530-2,RH,CURRENT,%,83.16777294575418
2026-08-16T20:50:00+00:00,22411530-3,Dew Point,CURRENT,°C,21.287215707015296
2026-08-16T20:51:00+00:00,22411541-S,Battery,CURRENT,V,8.61308056640625
2026-08-16T20:55:00+00:00,22411189-1,Temperature,CURRENT,°C,24.51479980468749
2026-08-16T20:55:00+00:00,22411189-2,RH,CURRENT,%,84.06958113984894
2026-08-16T20:55:00+00:00,22411189-3,Dew Point,CURRENT,°C,21.673712953000713
2026-08-16T20:55:00+00:00,22411190-1,Temperature,CURRENT,°C,24.27884765625
2026-08-16T20:55:00+00:00,22411190-2,RH,CURRENT,%,82.47196154726483
2026-08-16T20:55:00+00:00,22411190-3,Dew Point,CURRENT,°C,21.129047582378607
2026-08-16T20:55:00+00:00,22411191-1,Temperature,CURRENT,°C,23.871293945312495
2026-08-16T20:55:00+00:00,22411191-2,RH,CURRENT,%,85.52834363317311
2026-08-16T20:55:00+00:00,22411191-3,Dew Point,CURRENT,°C,21.324081963963085
2026-08-16T20:55:00+00:00,22411525-1,Temperature,CURRENT,°C,23.721142578125004
2026-08-16T20:55:00+00:00,22411525-2,RH,CURRENT,%,84.24353398947127
2026-08-16T20:55:00+00:00,22411525-3,Dew Point,CURRENT,°C,20.929777974636362
2026-08-16T20:55:00+00:00,22411526-1,Temperature,CURRENT,°C,25.136855468749992
2026-08-16T20:55:00+00:00,22411526-2,RH,CURRENT,%,80.86823834592202
2026-08-16T20:55:00+00:00,22411526-3,Dew Point,CURRENT,°C,21.645483933459722
2026-08-16T20:55:00+00:00,22411527-1,Temperature,CURRENT,°C,23.678242187499997
2026-08-16T20:55:00+00:00,22411527-2,RH,CURRENT,%,84.59143968871595
2026-08-16T20:55:00+00:00,22411527-3,Dew Point,CURRENT,°C,20.954880817009837
2026-08-16T20:55:00+00:00,22411528-1,Temperature,CURRENT,°C,24.96525390624999
2026-08-16T20:55:00+00:00,22411528-2,RH,CURRENT,%,83.10215915159839
2026-08-16T20:55:00+00:00,22411528-3,Dew Point,CURRENT,°C,21.924852093065827
2026-08-16T20:55:00+00:00,22411529-1,Temperature,CURRENT,°C,25.651660156249996
2026-08-16T20:55:00+00:00,22411529-2,RH,CURRENT,%,82.98008697642481
2026-08-16T20:55:00+00:00,22411529-3,Dew Point,CURRENT,°C,22.572067403742263
2026-08-16T20:55:00+00:00,22411530-1,Temperature,CURRENT,°C,23.97854492187499
2026-08-16T20:55:00+00:00,22411530-2,RH,CURRENT,%,83.88189517051957
2026-08-16T20:55:00+00:00,22411530-3,Dew Point,CURRENT,°C,21.111831729793217
2026-08-16T20:56:00+00:00,22411541-S,Battery,CURRENT,V,8.61308056640625
2026-08-16T21:00:00+00:00,22411189-1,Temperature,CURRENT,°C,24.042895507812496
2026-08-16T21:00:00+00:00,22411189-2,RH,CURRENT,%,86.66819256885634
2026-08-16T21:00:00+00:00,22411189-3,Dew Point,CURRENT,°C,21.70942409314962
2026-08-16T21:00:00+00:00,22411190-1,Temperature,CURRENT,°C,23.871293945312495
2026-08-16T21:00:00+00:00,22411190-2,RH,CURRENT,%,84.55786984054322
2026-08-16T21:00:00+00:00,22411190-3,Dew Point,CURRENT,°C,21.13770433930276
2026-08-16T21:00:00+00:00,22411191-1,Temperature,CURRENT,°C,23.4851904296875
2026-08-16T21:00:00+00:00,22411191-2,RH,CURRENT,%,87.83703364614328
2026-08-16T21:00:00+00:00,22411191-3,Dew Point,CURRENT,°C,21.37973305325141
2026-08-16T21:00:00+00:00,22411525-1,Temperature,CURRENT,°C,23.35648925781249
2026-08-16T21:00:00+00:00,22411525-2,RH,CURRENT,%,86.10971236743725
2026-08-16T21:00:00+00:00,22411525-3,Dew Point,CURRENT,°C,20.928905103988203
2026-08-16T21:00:00+00:00,22411526-1,Temperature,CURRENT,°C,24.622050781250003
2026-08-16T21:00:00+00:00,22411526-2,RH,CURRENT,%,83.0212863355459
2026-08-16T21:00:00+00:00,22411526-3,Dew Point,CURRENT,°C,21.573153940233464
2026-08-16T21:00:00+00:00,22411527-1,Temperature,CURRENT,°C,23.335039062499995
2026-08-16T21:00:00+00:00,22411527-2,RH,CURRENT,%,86.52323186083773
2026-08-16T21:00:00+00:00,22411527-3,Dew Point,CURRENT,°C,20.98589548346137
2026-08-16T21:00:00+00:00,22411528-1,Temperature,CURRENT,°C,24.450449218750002
2026-08-16T21:00:00+00:00,22411528-2,RH,CURRENT,%,84.92103456168459
2026-08-16T21:00:00+00:00,22411528-3,Dew Point,CURRENT,°C,21.775833365788625
2026-08-16T21:00:00+00:00,22411529-1,Temperature,CURRENT,°C,25.201206054687496
2026-08-16T21:00:00+00:00,22411529-2,RH,CURRENT,%,83.25322346837568
2026-08-16T21:00:00+00:00,22411529-3,Dew Point,CURRENT,°C,22.185554127288963
2026-08-16T21:00:00+00:00,22411530-1,Temperature,CURRENT,°C,23.5709912109375
2026-08-16T21:00:00+00:00,22411530-2,RH,CURRENT,%,86.29282063019761
2026-08-16T21:00:00+00:00,22411530-3,Dew Point,CURRENT,°C,21.174390540344042
2026-08-16T21:01:00+00:00,22411541-S,Battery,CURRENT,V,8.6195419921875
2026-08-16T21:05:00+00:00,22411189-1,Temperature,CURRENT,°C,24.7293017578125
2026-08-16T21:05:00+00:00,22411189-2,RH,CURRENT,%,84.60975051499199
2026-08-16T21:05:00+00:00,22411189-3,Dew Point,CURRENT,°C,21.98904296759695
2026-08-16T21:05:00+00:00,22411190-1,Temperature,CURRENT,°C,24.450449218750002
2026-08-16T21:05:00+00:00,22411190-2,RH,CURRENT,%,82.73746852826734
2026-08-16T21:05:00+00:00,22411190-3,Dew Point,CURRENT,°C,21.349301657642673
2026-08-16T21:05:00+00:00,22411191-1,Temperature,CURRENT,°C,24.042895507812496
2026-08-16T21:05:00+00:00,22411191-2,RH,CURRENT,%,85.6946669718471
2026-08-16T21:05:00+00:00,22411191-3,Dew Point,CURRENT,°C,21.524379426013073
2026-08-16T21:05:00+00:00,22411525-1,Temperature,CURRENT,°C,23.89274414062499
2026-08-16T21:05:00+00:00,22411525-2,RH,CURRENT,%,84.36560616464484
2026-08-16T21:05:00+00:00,22411525-3,Dew Point,CURRENT,°C,21.12158503247815
2026-08-16T21:05:00+00:00,22411526-1,Temperature,CURRENT,°C,25.308457031249993
2026-08-16T21:05:00+00:00,22411526-2,RH,CURRENT,%,81.66170748455023
2026-08-16T21:05:00+00:00,22411526-3,Dew Point,CURRENT,°C,21.973061278239502
2026-08-16T21:05:00+00:00,22411527-1,Temperature,CURRENT,°C,23.871293945312495
2026-08-16T21:05:00+00:00,22411527-2,RH,CURRENT,%,84.65094987411307
2026-08-16T21:05:00+00:00,22411527-3,Dew Point,CURRENT,°C,21.155660995321004
2026-08-16T21:05:00+00:00,22411528-1,Temperature,CURRENT,°C,25.072504882812503
2026-08-16T21:05:00+00:00,22411528-2,RH,CURRENT,%,83.86816205081254
2026-08-16T21:05:00+00:00,22411528-3,Dew Point,CURRENT,°C,22.18064066888492
2026-08-16T21:05:00+00:00,22411529-1,Temperature,CURRENT,°C,25.372807617187497
2026-08-16T21:05:00+00:00,22411529-2,RH,CURRENT,%,84.17029068436713
2026-08-16T21:05:00+00:00,22411529-3,Dew Point,CURRENT,°C,22.534063950891927
2026-08-16T21:05:00+00:00,22411530-1,Temperature,CURRENT,°C,24.150146484374993
2026-08-16T21:05:00+00:00,22411530-2,RH,CURRENT,%,84.14587624933242
2026-08-16T21:05:00+00:00,22411530-3,Dew Point,CURRENT,°C,21.331264437440954
2026-08-16T21:06:00+00:00,22411541-S,Battery,CURRENT,V,8.629234130859375
2026-08-16T21:10:00+00:00,22411189-1,Temperature,CURRENT,°C,24.986704101562502
2026-08-16T21:10:00+00:00,22411189-2,RH,CURRENT,%,82.5131609063859
2026-08-16T21:10:00+00:00,22411189-3,Dew Point,CURRENT,°C,21.82907759494025
2026-08-16T21:10:00+00:00,22411190-1,Temperature,CURRENT,°C,24.686401367187493
2026-08-16T21:10:00+00:00,22411190-2,RH,CURRENT,%,81.01167315175097
2026-08-16T21:10:00+00:00,22411190-3,Dew Point,CURRENT,°C,21.235267295719524
2026-08-16T21:10:00+00:00,22411191-1,Temperature,CURRENT,°C,24.085795898437503
2026-08-16T21:10:00+00:00,22411191-2,RH,CURRENT,%,84.3930724040589
2026-08-16T21:10:00+00:00,22411191-3,Dew Point,CURRENT,°C,21.316139253559527
2026-08-16T21:10:00+00:00,22411525-1,Temperature,CURRENT,°C,23.89274414062499
2026-08-16T21:10:00+00:00,22411525-2,RH,CURRENT,%,83.2623788815137
2026-08-16T21:10:00+00:00,22411525-3,Dew Point,CURRENT,°C,20.906964076133544
2026-08-16T21:10:00+00:00,22411526-1,Temperature,CURRENT,°C,25.823261718749997
2026-08-16T21:10:00+00:00,22411526-2,RH,CURRENT,%,78.86320286869612
2026-08-16T21:10:00+00:00,22411526-3,Dew Point,CURRENT,°C,21.901810667923126
2026-08-16T21:10:00+00:00,22411527-1,Temperature,CURRENT,°C,23.806943359375005
2026-08-16T21:10:00+00:00,22411527-2,RH,CURRENT,%,83.81780727855345
2026-08-16T21:10:00+00:00,22411527-3,Dew Point,CURRENT,°C,20.93128908869344
2026-08-16T21:10:00+00:00,22411528-1,Temperature,CURRENT,°C,25.58730957031249
2026-08-16T21:10:00+00:00,22411528-2,RH,CURRENT,%,81.19020370794232
2026-08-16T21:10:00+00:00,22411528-3,Dew Point,CURRENT,°C,22.14996075205483
2026-08-16T21:10:00+00:00,22411529-1,Temperature,CURRENT,°C,25.866162109375004
2026-08-16T21:10:00+00:00,22411529-2,RH,CURRENT,%,82.26138704509042
2026-08-16T21:10:00+00:00,22411529-3,Dew Point,CURRENT,°C,22.638157073633945
2026-08-16T21:10:00+00:00,22411530-1,Temperature,CURRENT,°C,24.27884765625
2026-08-16T21:10:00+00:00,22411530-2,RH,CURRENT,%,82.69169146257725
2026-08-16T21:10:00+00:00,22411530-3,Dew Point,CURRENT,°C,21.172476652991165
2026-08-16T21:11:00+00:00,22411541-S,Battery,CURRENT,V,8.629234130859375
2026-08-16T21:15:00+00:00,22411189-1,Temperature,CURRENT,°C,24.042895507812496
2026-08-16T21:15:00+00:00,22411189-2,RH,CURRENT,%,85.06599526970321
2026-08-16T21:15:00+00:00,22411189-3,Dew Point,CURRENT,°C,21.403905094856057
2026-08-16T21:15:00+00:00,22411190-1,Temperature,CURRENT,°C,23.849843749999998
2026-08-16T21:15:00+00:00,22411190-2,RH,CURRENT,%,83.18608377203022
2026-08-16T21:15:00+00:00,22411190-3,Dew Point,CURRENT,°C,20.850052001969964
2026-08-16T21:15:00+00:00,22411191-1,Temperature,CURRENT,°C,23.377939453125002
2026-08-16T21:15:00+00:00,22411191-2,RH,CURRENT,%,86.5644312199588
2026-08-16T21:15:00+00:00,22411191-3,Dew Point,CURRENT,°C,21.035846796441607
2026-08-16T21:15:00+00:00,22411525-1,Temperature,CURRENT,°C,23.270688476562505
2026-08-16T21:15:00+00:00,22411525-2,RH,CURRENT,%,85.0812542915999
2026-08-16T21:15:00+00:00,22411525-3,Dew Point,CURRENT,°C,20.649073241545512
2026-08-16T21:15:00+00:00,22411526-1,Temperature,CURRENT,°C,24.836552734374997
2026-08-16T21:15:00+00:00,22411526-2,RH,CURRENT,%,80.90180819409476
2026-08-16T21:15:00+00:00,22411526-3,Dew Point,CURRENT,°C,21.359499868300745
2026-08-16T21:15:00+00:00,22411527-1,Temperature,CURRENT,°C,23.206337890625
2026-08-16T21:15:00+00:00,22411527-2,RH,CURRENT,%,85.52834363317311
2026-08-16T21:15:00+00:00,22411527-3,Dew Point,CURRENT,°C,20.671124783933454
2026-08-16T21:15:00+00:00,22411528-1,Temperature,CURRENT,°C,24.6435009765625
2026-08-16T21:15:00+00:00,22411528-2,RH,CURRENT,%,83.3829251544976
2026-08-16T21:15:00+00:00,22411528-3,Dew Point,CURRENT,°C,21.665343251255507
2026-08-16T21:15:00+00:00,22411529-1,Temperature,CURRENT,°C,25.50150878906249
2026-08-16T21:15:00+00:00,22411529-2,RH,CURRENT,%,81.89059281300068
2026-08-16T21:15:00+00:00,22411529-3,Dew Point,CURRENT,°C,22.207544409166765
2026-08-16T21:15:00+00:00,22411530-1,Temperature,CURRENT,°C,23.528090820312492
2026-08-16T21:15:00+00:00,22411530-2,RH,CURRENT,%,84.80048828870069
2026-08-16T21:15:00+00:00,22411530-3,Dew Point,CURRENT,°C,20.84783020835205
2026-08-16T21:16:00+00:00,22411541-S,Battery,CURRENT,V,8.62600341796875
2026-08-16T21:20:00+00:00,22411189-1,Temperature,CURRENT,°C,23.914194335937502
2026-08-16T21:20:00+00:00,22411189-2,RH,CURRENT,%,86.27908751049058
2026-08-16T21:20:00+00:00,22411189-3,Dew Point,CURRENT,°C,21.509169036768114
2026-08-16T21:20:00+00:00,22411190-1,Temperature,CURRENT,°C,23.7425927734375
2026-08-16T21:20:00+00:00,22411190-2,RH,CURRENT,%,84.23285267414359
2026-08-16T21:20:00+00:00,22411190-3,Dew Point,CURRENT,°C,20.948734236442967
2026-08-16T21:20:00+00:00,22411191-1,Temperature,CURRENT,°C,23.3993896484375
2026-08-16T21:20:00+00:00,22411191-2,RH,CURRENT,%,87.13511863889525
2026-08-16T21:20:00+00:00,22411191-3,Dew Point,CURRENT,°C,21.164161164385295
2026-08-16T21:20:00+00:00,22411525-1,Temperature,CURRENT,°C,23.292138671875
2026-08-16T21:20:00+00:00,22411525-2,RH,CURRENT,%,85.44594491493095
2026-08-16T21:20:00+00:00,22411525-3,Dew Point,CURRENT,°C,20.73969574457026
2026-08-16T21:20:00+00:00,22411526-1,Temperature,CURRENT,°C,24.386098632812498
2026-08-16T21:20:00+00:00,22411526-2,RH,CURRENT,%,83.20439459830625
2026-08-16T21:20:00+00:00,22411526-3,Dew Point,CURRENT,°C,21.37836382948976
2026-08-16T21:20:00+00:00,22411527-1,Temperature,CURRENT,°C,23.249238281249994
2026-08-16T21:20:00+00:00,22411527-2,RH,CURRENT,%,85.88998245212481
2026-08-16T21:20:00+00:00,22411527-3,Dew Point,CURRENT,°C,20.78190671373161
2026-08-16T21:20:00+00:00,22411528-1,Temperature,CURRENT,°C,24.235947265624993
2026-08-16T21:20:00+00:00,22411528-2,RH,CURRENT,%,85.19874876020447
2026-08-16T21:20:00+00:00,22411528-3,Dew Point,CURRENT,°C,21.61887683516439
2026-08-16T21:20:00+00:00,22411529-1,Temperature,CURRENT,°C,24.96525390624999
2026-08-16T21:20:00+00:00,22411529-2,RH,CURRENT,%,83.9459830624857
2026-08-16T21:20:00+00:00,22411529-3,Dew Point,CURRENT,°C,22.090845429630214
2026-08-16T21:20:00+00:00,22411530-1,Temperature,CURRENT,°C,23.506640624999996
2026-08-16T21:20:00+00:00,22411530-2,RH,CURRENT,%,85.50087739375905
2026-08-16T21:20:00+00:00,22411530-3,Dew Point,CURRENT,°C,20.96077789467318
2026-08-16T21:21:00+00:00,22411541-S,Battery,CURRENT,V,8.6195419921875
2026-08-16T21:25:00+00:00,22411189-1,Temperature,CURRENT,°C,23.764042968749997
2026-08-16T21:25:00+00:00,22411189-2,RH,CURRENT,%,86.494239719234
2026-08-16T21:25:00+00:00,22411189-3,Dew Point,CURRENT,°C,21.402291721449735
2026-08-16T21:25:00+00:00,22411190-1,Temperature,CURRENT,°C,23.635341796875004
2026-08-16T21:25:00+00:00,22411190-2,RH,CURRENT,%,84.47547112230106
2026-08-16T21:25:00+00:00,22411190-3,Dew Point,CURRENT,°C,20.890464739680002
2026-08-16T21:25:00+00:00,22411191-1,Temperature,CURRENT,°C,23.35648925781249
2026-08-16T21:25:00+00:00,22411191-2,RH,CURRENT,%,87.20531013962005
2026-08-16T21:25:00+00:00,22411191-3,Dew Point,CURRENT,°C,21.13507610815435
2026-08-16T21:25:00+00:00,22411525-1,Temperature,CURRENT,°C,23.249238281249994
2026-08-16T21:25:00+00:00,22411525-2,RH,CURRENT,%,85.54207675288013
2026-08-16T21:25:00+00:00,22411525-3,Dew Point,CURRENT,°C,20.715863819844625
2026-08-16T21:25:00+00:00,22411526-1,Temperature,CURRENT,°C,24.085795898437503
2026-08-16T21:25:00+00:00,22411526-2,RH,CURRENT,%,84.35187304493782
2026-08-16T21:25:00+00:00,22411526-3,Dew Point,CURRENT,°C,21.308159184587478
2026-08-16T21:25:00+00:00,22411527-1,Temperature,CURRENT,°C,23.227788085937497
2026-08-16T21:25:00+00:00,22411527-2,RH,CURRENT,%,85.9006637674525
2026-08-16T21:25:00+00:00,22411527-3,Dew Point,CURRENT,°C,20.762855505106025
2026-08-16T21:25:00+00:00,22411528-1,Temperature,CURRENT,°C,23.999995117187503
2026-08-16T21:25:00+00:00,22411528-2,RH,CURRENT,%,86.08834973678188
2026-08-16T21:25:00+00:00,22411528-3,Dew Point,CURRENT,°C,21.557270023408847
2026-08-16T21:25:00+00:00,22411529-1,Temperature,CURRENT,°C,24.622050781250003
2026-08-16T21:25:00+00:00,22411529-2,RH,CURRENT,%,86.76127260242619
2026-08-16T21:25:00+00:00,22411529-3,Dew Point,CURRENT,°C,22.29672184288505
2026-08-16T21:25:00+00:00,22411530-1,Temperature,CURRENT,°C,23.44229003906249
2026-08-16T21:25:00+00:00,22411530-2,RH,CURRENT,%,85.51461051346608
2026-08-16T21:25:00+00:00,22411530-3,Dew Point,CURRENT,°C,20.900207075888485
2026-08-16T21:26:00+00:00,22411541-S,Battery,CURRENT,V,8.622772705078125
2026-08-16T21:30:00+00:00,22411189-1,Temperature,CURRENT,°C,24.193046875
2026-08-16T21:30:00+00:00,22411189-2,RH,CURRENT,%,84.30304417486839
2026-08-16T21:30:00+00:00,22411189-3,Dew Point,CURRENT,°C,21.40381607488353
2026-08-16T21:30:00+00:00,22411190-1,Temperature,CURRENT,°C,24.0214453125
2026-08-16T21:30:00+00:00,22411190-2,RH,CURRENT,%,82.60013733119708
2026-08-16T21:30:00+00:00,22411190-3,Dew Point,CURRENT,°C,20.902756253107807
2026-08-16T21:30:00+00:00,22411191-1,Temperature,CURRENT,°C,23.635341796875004
2026-08-16T21:30:00+00:00,22411191-2,RH,CURRENT,%,85.10872053101396
2026-08-16T21:30:00+00:00,22411191-3,Dew Point,CURRENT,°C,21.012175085859454
2026-08-16T21:30:00+00:00,22411525-1,Temperature,CURRENT,°C,23.506640624999996
2026-08-16T21:30:00+00:00,22411525-2,RH,CURRENT,%,83.74303807125963
2026-08-16T21:30:00+00:00,22411525-3,Dew Point,CURRENT,°C,20.622649632374845
2026-08-16T21:30:00+00:00,22411526-1,Temperature,CURRENT,°C,24.5577001953125
2026-08-16T21:30:00+00:00,22411526-2,RH,CURRENT,%,82.09048599984742
2026-08-16T21:30:00+00:00,22411526-3,Dew Point,CURRENT,°C,21.325796605826266
2026-08-16T21:30:00+00:00,22411527-1,Temperature,CURRENT,°C,23.463740234375003
2026-08-16T21:30:00+00:00,22411527-2,RH,CURRENT,%,84.12756542305638
2026-08-16T21:30:00+00:00,22411527-3,Dew Point,CURRENT,°C,20.655102814669053
2026-08-16T21:30:00+00:00,22411528-1,Temperature,CURRENT,°C,24.42899902343749
2026-08-16T21:30:00+00:00,22411528-2,RH,CURRENT,%,84.3625543602655
2026-08-16T21:30:00+00:00,22411528-3,Dew Point,CURRENT,°C,21.646636416691678
2026-08-16T21:30:00+00:00,22411529-1,Temperature,CURRENT,°C,25.008154296875
2026-08-16T21:30:00+00:00,22411529-2,RH,CURRENT,%,83.96429388876173
2026-08-16T21:30:00+00:00,22411529-3,Dew Point,CURRENT,°C,22.13645455474942
2026-08-16T21:30:00+00:00,22411530-1,Temperature,CURRENT,°C,23.721142578125004
2026-08-16T21:30:00+00:00,22411530-2,RH,CURRENT,%,83.62554360265507
2026-08-16T21:30:00+00:00,22411530-3,Dew Point,CURRENT,°C,20.80986248121176
2026-08-16T21:31:00+00:00,22411541-S,Battery,CURRENT,V,8.6195419921875
2026-08-16T21:35:00+00:00,22411189-1,Temperature,CURRENT,°C,24.450449218750002
2026-08-16T21:35:00+00:00,22411189-2,RH,CURRENT,%,83.00144960708019
2026-08-16T21:35:00+00:00,22411189-3,Dew Point,CURRENT,°C,21.401386038614895
2026-08-16T21:35:00+00:00,22411190-1,Temperature,CURRENT,°C,24.257397460937504
2026-08-16T21:35:00+00:00,22411190-2,RH,CURRENT,%,81.25276569771877
2026-08-16T21:35:00+00:00,22411190-3,Dew Point,CURRENT,°C,20.86529707909623
2026-08-16T21:35:00+00:00,22411191-1,Temperature,CURRENT,°C,23.806943359375005
2026-08-16T21:35:00+00:00,22411191-2,RH,CURRENT,%,84.28015564202335
2026-08-16T21:35:00+00:00,22411191-3,Dew Point,CURRENT,°C,21.020954989803002
2026-08-16T21:35:00+00:00,22411525-1,Temperature,CURRENT,°C,23.678242187499997
2026-08-16T21:35:00+00:00,22411525-2,RH,CURRENT,%,82.80918593118182
2026-08-16T21:35:00+00:00,22411525-3,Dew Point,CURRENT,°C,20.608307915201173
2026-08-16T21:35:00+00:00,22411526-1,Temperature,CURRENT,°C,24.96525390624999
2026-08-16T21:35:00+00:00,22411526-2,RH,CURRENT,%,80.28381780727855
2026-08-16T21:35:00+00:00,22411526-3,Dew Point,CURRENT,°C,21.359557993156884
2026-08-16T21:35:00+00:00,22411527-1,Temperature,CURRENT,°C,23.635341796875004
2026-08-16T21:35:00+00:00,22411527-2,RH,CURRENT,%,83.1769283588922
2026-08-16T21:35:00+00:00,22411527-3,Dew Point,CURRENT,°C,20.638370299388235
2026-08-16T21:35:00+00:00,22411528-1,Temperature,CURRENT,°C,24.7293017578125
2026-08-16T21:35:00+00:00,22411528-2,RH,CURRENT,%,82.46280613412681
2026-08-16T21:35:00+00:00,22411528-3,Dew Point,CURRENT,°C,21.567494071856324
2026-08-16T21:35:00+00:00,22411529-1,Temperature,CURRENT,°C,25.351357421875
2026-08-16T21:35:00+00:00,22411529-2,RH,CURRENT,%,81.57473105973907
2026-08-16T21:35:00+00:00,22411529-3,Dew Point,CURRENT,°C,21.9974268550405
2026-08-16T21:35:00+00:00,22411530-1,Temperature,CURRENT,°C,23.93564453125
2026-08-16T21:35:00+00:00,22411530-2,RH,CURRENT,%,82.63675898374915
2026-08-16T21:35:00+00:00,22411530-3,Dew Point,CURRENT,°C,20.826092471158823
2026-08-16T21:36:00+00:00,22411541-S,Battery,CURRENT,V,8.63246484375
2026-08-16T21:40:00+00:00,22411189-1,Temperature,CURRENT,°C,23.89274414062499
2026-08-16T21:40:00+00:00,22411189-2,RH,CURRENT,%,85.32234683756771
2026-08-16T21:40:00+00:00,22411189-3,Dew Point,CURRENT,°C,21.305731916374633
2026-08-16T21:40:00+00:00,22411190-1,Temperature,CURRENT,°C,23.764042968749997
2026-08-16T21:40:00+00:00,22411190-2,RH,CURRENT,%,83.21660181582361
2026-08-16T21:40:00+00:00,22411190-3,Dew Point,CURRENT,°C,20.77206482192748
2026-08-16T21:40:00+00:00,22411191-1,Temperature,CURRENT,°C,23.44229003906249
2026-08-16T21:40:00+00:00,22411191-2,RH,CURRENT,%,85.94186312657358
2026-08-16T21:40:00+00:00,22411191-3,Dew Point,CURRENT,°C,20.981421379361706
2026-08-16T21:40:00+00:00,22411525-1,Temperature,CURRENT,°C,23.335039062499995
2026-08-16T21:40:00+00:00,22411525-2,RH,CURRENT,%,84.33966582742046
2026-08-16T21:40:00+00:00,22411525-3,Dew Point,CURRENT,°C,20.569893483543932
2026-08-16T21:40:00+00:00,22411526-1,Temperature,CURRENT,°C,24.343198242187505
2026-08-16T21:40:00+00:00,22411526-2,RH,CURRENT,%,82.56198977645533
2026-08-16T21:40:00+00:00,22411526-3,Dew Point,CURRENT,°C,21.209758353758946
2026-08-16T21:40:00+00:00,22411527-1,Temperature,CURRENT,°C,23.313588867187498
2026-08-16T21:40:00+00:00,22411527-2,RH,CURRENT,%,84.70588235294117
2026-08-16T21:40:00+00:00,22411527-3,Dew Point,CURRENT,°C,20.61927747904242
2026-08-16T21:40:00+00:00,22411528-1,Temperature,CURRENT,°C,24.214497070312497
2026-08-16T21:40:00+00:00,22411528-2,RH,CURRENT,%,84.614328221561
2026-08-16T21:40:00+00:00,22411528-3,Dew Point,CURRENT,°C,21.485138621207817
2026-08-16T21:40:00+00:00,22411529-1,Temperature,CURRENT,°C,25.029604492187495
2026-08-16T21:40:00+00:00,22411529-2,RH,CURRENT,%,83.75829709315633
2026-08-16T21:40:00+00:00,22411529-3,Dew Point,CURRENT,°C,22.11706638994925
2026-08-16T21:40:00+00:00,22411530-1,Temperature,CURRENT,°C,23.528090820312492
2026-08-16T21:40:00+00:00,22411530-2,RH,CURRENT,%,84.35339894712749
2026-08-16T21:40:00+00:00,22411530-3,Dew Point,CURRENT,°C,20.761778945181227
2026-08-16T21:41:00+00:00,22411541-S,Battery,CURRENT,V,8.6195419921875
2026-08-16T21:45:00+00:00,22411189-1,Temperature,CURRENT,°C,23.463740234375003
2026-08-16T21:45:00+00:00,22411189-2,RH,CURRENT,%,86.152437628748
2026-08-16T21:45:00+00:00,22411189-3,Dew Point,CURRENT,°C,21.042401272478944
2026-08-16T21:45:00+00:00,22411190-1,Temperature,CURRENT,°C,23.35648925781249
2026-08-16T21:45:00+00:00,22411190-2,RH,CURRENT,%,83.92156862745098
2026-08-16T21:45:00+00:00,22411190-3,Dew Point,CURRENT,°C,20.510180868349064
2026-08-16T21:45:00+00:00,22411191-1,Temperature,CURRENT,°C,23.099086914062504
2026-08-16T21:45:00+00:00,22411191-2,RH,CURRENT,%,86.58274204623484
2026-08-16T21:45:00+00:00,22411191-3,Dew Point,CURRENT,°C,20.765046112468376
2026-08-16T21:45:00+00:00,22411525-1,Temperature,CURRENT,°C,23.013286132812503
2026-08-16T21:45:00+00:00,22411525-2,RH,CURRENT,%,85.00648508430609
2026-08-16T21:45:00+00:00,22411525-3,Dew Point,CURRENT,°C,20.382208816594314
2026-08-16T21:45:00+00:00,22411526-1,Temperature,CURRENT,°C,23.785493164062494
2026-08-16T21:45:00+00:00,22411526-2,RH,CURRENT,%,83.52025635156787
2026-08-16T21:45:00+00:00,22411526-3,Dew Point,CURRENT,°C,20.8523546878154
2026-08-16T21:45:00+00:00,22411527-1,Temperature,CURRENT,°C,22.991835937499992
2026-08-16T21:45:00+00:00,22411527-2,RH,CURRENT,%,85.37727931639581
2026-08-16T21:45:00+00:00,22411527-3,Dew Point,CURRENT,°C,20.43178892373957
2026-08-16T21:45:00+00:00,22411528-1,Temperature,CURRENT,°C,23.721142578125004
2026-08-16T21:45:00+00:00,22411528-2,RH,CURRENT,%,85.23079270618753
2026-08-16T21:45:00+00:00,22411528-3,Dew Point,CURRENT,°C,21.11976091677113
2026-08-16T21:45:00+00:00,22411529-1,Temperature,CURRENT,°C,24.51479980468749
2026-08-16T21:45:00+00:00,22411529-2,RH,CURRENT,%,83.71709773403525
2026-08-16T21:45:00+00:00,22411529-3,Dew Point,CURRENT,°C,21.60487544237359
2026-08-16T21:45:00+00:00,22411530-1,Temperature,CURRENT,°C,23.163437499999993
2026-08-16T21:45:00+00:00,22411530-2,RH,CURRENT,%,85.04005493247882
2026-08-16T21:45:00+00:00,22411530-3,Dew Point,CURRENT,°C,20.535956066052133
2026-08-16T21:46:00+00:00,22411541-S,Battery,CURRENT,V,8.606619140625
2026-08-16T21:50:00+00:00,22411189-1,Temperature,CURRENT,°C,23.335039062499995
2026-08-16T21:50:00+00:00,22411189-2,RH,CURRENT,%,86.18448157473107
2026-08-16T21:50:00+00:00,22411189-3,Dew Point,CURRENT,°C,20.921964214178654
2026-08-16T21:50:00+00:00,22411190-1,Temperature,CURRENT,°C,23.270688476562505
2026-08-16T21:50:00+00:00,22411190-2,RH,CURRENT,%,84.02380407415885
2026-08-16T21:50:00+00:00,22411190-3,Dew Point,CURRENT,°C,20.44589004251106
2026-08-16T21:50:00+00:00,22411191-1,Temperature,CURRENT,°C,23.034736328125
2026-08-16T21:50:00+00:00,22411191-2,RH,CURRENT,%,86.66361486228733
2026-08-16T21:50:00+00:00,22411191-3,Dew Point,CURRENT,°C,20.71694355287575
2026-08-16T21:50:00+00:00,22411525-1,Temperature,CURRENT,°C,22.970385742187496
2026-08-16T21:50:00+00:00,22411525-2,RH,CURRENT,%,85.02174410620279
2026-08-16T21:50:00+00:00,22411525-3,Dew Point,CURRENT,°C,20.343024537110068
2026-08-16T21:50:00+00:00,22411526-1,Temperature,CURRENT,°C,23.5709912109375
2026-08-16T21:50:00+00:00,22411526-2,RH,CURRENT,%,83.96276798657206
2026-08-16T21:50:00+00:00,22411526-3,Dew Point,CURRENT,°C,20.72829559376583
2026-08-16T21:50:00+00:00,22411527-1,Temperature,CURRENT,°C,22.948935546875
2026-08-16T21:50:00+00:00,22411527-2,RH,CURRENT,%,85.34218356603341
2026-08-16T21:50:00+00:00,22411527-3,Dew Point,CURRENT,°C,20.382998932798223
2026-08-16T21:50:00+00:00,22411528-1,Temperature,CURRENT,°C,23.549541015625003
2026-08-16T21:50:00+00:00,22411528-2,RH,CURRENT,%,85.64278629739833
2026-08-16T21:50:00+00:00,22411528-3,Dew Point,CURRENT,°C,21.02994230066333
2026-08-16T21:50:00+00:00,22411529-1,Temperature,CURRENT,°C,24.171596679687504
2026-08-16T21:50:00+00:00,22411529-2,RH,CURRENT,%,85.34523537041275
2026-08-16T21:50:00+00:00,22411529-3,Dew Point,CURRENT,°C,21.583851596060946
2026-08-16T21:50:00+00:00,22411530-1,Temperature,CURRENT,°C,23.099086914062504
2026-08-16T21:50:00+00:00,22411530-2,RH,CURRENT,%,85.07209887846189
2026-08-16T21:50:00+00:00,22411530-3,Dew Point,CURRENT,°C,20.47892735111573
2026-08-16T21:51:00+00:00,22411541-S,Battery,CURRENT,V,8.61308056640625
2026-08-16T21:55:00+00:00,22411189-1,Temperature,CURRENT,°C,22.90603515624999
2026-08-16T21:55:00+00:00,22411189-2,RH,CURRENT,%,88.09185931181811
2026-08-16T21:55:00+00:00,22411189-3,Dew Point,CURRENT,°C,20.856269644317027
2026-08-16T21:55:00+00:00,22411190-1,Temperature,CURRENT,°C,22.884584960937495
2026-08-16T21:55:00+00:00,22411190-2,RH,CURRENT,%,85.75722896162355
2026-08-16T21:55:00+00:00,22411190-3,Dew Point,CURRENT,°C,20.398527198158707
2026-08-16T21:55:00+00:00,22411191-1,Temperature,CURRENT,°C,22.7558837890625
2026-08-16T21:55:00+00:00,22411191-2,RH,CURRENT,%,88.02014190890364
2026-08-16T21:55:00+00:00,22411191-3,Dew Point,CURRENT,°C,20.695023409890123
2026-08-16T21:55:00+00:00,22411525-1,Temperature,CURRENT,°C,22.712983398437494
2026-08-16T21:55:00+00:00,22411525-2,RH,CURRENT,%,86.28366521705959
2026-08-16T21:55:00+00:00,22411525-3,Dew Point,CURRENT,°C,20.329174536139586
2026-08-16T21:55:00+00:00,22411526-1,Temperature,CURRENT,°C,23.077636718749993
2026-08-16T21:55:00+00:00,22411526-2,RH,CURRENT,%,85.98306248569466
2026-08-16T21:55:00+00:00,22411526-3,Dew Point,CURRENT,°C,20.630914031240707
2026-08-16T21:55:00+00:00,22411527-1,Temperature,CURRENT,°C,22.712983398437494
2026-08-16T21:55:00+00:00,22411527-2,RH,CURRENT,%,86.51712825207905
2026-08-16T21:55:00+00:00,22411527-3,Dew Point,CURRENT,°C,20.373006479992185
2026-08-16T21:55:00+00:00,22411528-1,Temperature,CURRENT,°C,23.034736328125
2026-08-16T21:55:00+00:00,22411528-2,RH,CURRENT,%,87.49675745784695
2026-08-16T21:55:00+00:00,22411528-3,Dew Point,CURRENT,°C,20.872677612030323
2026-08-16T21:55:00+00:00,22411529-1,Temperature,CURRENT,°C,23.699692382812493
2026-08-16T21:55:00+00:00,22411529-2,RH,CURRENT,%,86.72312504768445
2026-08-16T21:55:00+00:00,22411529-3,Dew Point,CURRENT,°C,21.38221886930331
2026-08-16T21:55:00+00:00,22411530-1,Temperature,CURRENT,°C,22.798784179687495
2026-08-16T21:55:00+00:00,22411530-2,RH,CURRENT,%,86.5598535133898
2026-08-16T21:55:00+00:00,22411530-3,Dew Point,CURRENT,°C,20.465401447716346
2026-08-16T21:56:00+00:00,22411541-S,Battery,CURRENT,V,8.590465576171875
2026-08-16T22:00:00+00:00,22411189-1,Temperature,CURRENT,°C,22.777333984374998
2026-08-16T22:00:00+00:00,22411189-2,RH,CURRENT,%,88.57251850156405
2026-08-16T22:00:00+00:00,22411189-3,Dew Point,CURRENT,°C,20.817971824716775
2026-08-16T22:00:00+00:00,22411190-1,Temperature,CURRENT,°C,22.734433593750005
2026-08-16T22:00:00+00:00,22411190-2,RH,CURRENT,%,86.01052872510873
2026-08-16T22:00:00+00:00,22411190-3,Dew Point,CURRENT,°C,20.298841542828082
2026-08-16T22:00:00+00:00,22411191-1,Temperature,CURRENT,°C,22.605732421874997
2026-08-16T22:00:00+00:00,22411191-2,RH,CURRENT,%,88.33447775997558
2026-08-16T22:00:00+00:00,22411191-3,Dew Point,CURRENT,°C,20.60496560839651
2026-08-16T22:00:00+00:00,22411525-1,Temperature,CURRENT,°C,22.562832031250004
2026-08-16T22:00:00+00:00,22411525-2,RH,CURRENT,%,86.57206073090715
2026-08-16T22:00:00+00:00,22411525-3,Dew Point,CURRENT,°C,20.23562790107203
2026-08-16T22:00:00+00:00,22411526-1,Temperature,CURRENT,°C,22.884584960937495
2026-08-16T22:00:00+00:00,22411526-2,RH,CURRENT,%,86.52780956740673
2026-08-16T22:00:00+00:00,22411526-3,Dew Point,CURRENT,°C,20.543770282836977
2026-08-16T22:00:00+00:00,22411527-1,Temperature,CURRENT,°C,22.5842822265625
2026-08-16T22:00:00+00:00,22411527-2,RH,CURRENT,%,86.77805752651255
2026-08-16T22:00:00+00:00,22411527-3,Dew Point,CURRENT,°C,20.29525494883179
2026-08-16T22:00:00+00:00,22411528-1,Temperature,CURRENT,°C,22.90603515624999
2026-08-16T22:00:00+00:00,22411528-2,RH,CURRENT,%,87.69817654688335
2026-08-16T22:00:00+00:00,22411528-3,Dew Point,CURRENT,°C,20.783349554060027
2026-08-16T22:00:00+00:00,22411529-1,Temperature,CURRENT,°C,23.35648925781249
2026-08-16T22:00:00+00:00,22411529-2,RH,CURRENT,%,87.26482032501717
2026-08-16T22:00:00+00:00,22411529-3,Dew Point,CURRENT,°C,21.14620986806523
2026-08-16T22:00:00+00:00,22411530-1,Temperature,CURRENT,°C,22.648632812500004
2026-08-16T22:00:00+00:00,22411530-2,RH,CURRENT,%,86.87876707103075
2026-08-16T22:00:00+00:00,22411530-3,Dew Point,CURRENT,°C,20.377381219908482
2026-08-16T22:01:00+00:00,22411541-S,Battery,CURRENT,V,8.577542724609375
2026-08-16T22:05:00+00:00,22411189-1,Temperature,CURRENT,°C,22.798784179687495
2026-08-16T22:05:00+00:00,22411189-2,RH,CURRENT,%,88.02014190890364
2026-08-16T22:05:00+00:00,22411189-3,Dew Point,CURRENT,°C,20.737304576403396
2026-08-16T22:05:00+00:00,22411190-1,Temperature,CURRENT,°C,22.777333984374998
2026-08-16T22:05:00+00:00,22411190-2,RH,CURRENT,%,85.67177843900205
2026-08-16T22:05:00+00:00,22411190-3,Dew Point,CURRENT,°C,20.27700730242537
2026-08-16T22:05:00+00:00,22411191-1,Temperature,CURRENT,°C,22.627182617187493
2026-08-16T22:05:00+00:00,22411191-2,RH,CURRENT,%,87.93316548409247
2026-08-16T22:05:00+00:00,22411191-3,Dew Point,CURRENT,°C,20.55211627099111
2026-08-16T22:05:00+00:00,22411525-1,Temperature,CURRENT,°C,22.5842822265625
2026-08-16T22:05:00+00:00,22411525-2,RH,CURRENT,%,86.1875333791104
2026-08-16T22:05:00+00:00,22411525-3,Dew Point,CURRENT,°C,20.184586603682583
2026-08-16T22:05:00+00:00,22411526-1,Temperature,CURRENT,°C,22.90603515624999
2026-08-16T22:05:00+00:00,22411526-2,RH,CURRENT,%,86.13870450904098
2026-08-16T22:05:00+00:00,22411526-3,Dew Point,CURRENT,°C,20.491654696455512
2026-08-16T22:05:00+00:00,22411527-1,Temperature,CURRENT,°C,22.5842822265625
2026-08-16T22:05:00+00:00,22411527-2,RH,CURRENT,%,86.4393072404059
2026-08-16T22:05:00+00:00,22411527-3,Dew Point,CURRENT,°C,20.231851604045602
2026-08-16T22:05:00+00:00,22411528-1,Temperature,CURRENT,°C,22.90603515624999
2026-08-16T22:05:00+00:00,22411528-2,RH,CURRENT,%,87.40978103303578
2026-08-16T22:05:00+00:00,22411528-3,Dew Point,CURRENT,°C,20.729749556742675
2026-08-16T22:05:00+00:00,22411529-1,Temperature,CURRENT,°C,23.249238281249994
2026-08-16T22:05:00+00:00,22411529-2,RH,CURRENT,%,87.05271992065309
2026-08-16T22:05:00+00:00,22411529-3,Dew Point,CURRENT,°C,21.000945393318204
2026-08-16T22:05:00+00:00,22411530-1,Temperature,CURRENT,°C,22.648632812500004
2026-08-16T22:05:00+00:00,22411530-2,RH,CURRENT,%,86.47287708857863
2026-08-16T22:05:00+00:00,22411530-3,Dew Point,CURRENT,°C,20.301425604271312
2026-08-16T22:06:00+00:00,22411541-S,Battery,CURRENT,V,8.584004150390625
2026-08-16T22:10:00+00:00,22411189-1,Temperature,CURRENT,°C,22.90603515624999
2026-08-16T22:10:00+00:00,22411189-2,RH,CURRENT,%,88.14831769283589
2026-08-16T22:10:00+00:00,22411189-3,Dew Point,CURRENT,°C,20.866703813280974
2026-08-16T22:10:00+00:00,22411190-1,Temperature,CURRENT,°C,22.863134765625
2026-08-16T22:10:00+00:00,22411190-2,RH,CURRENT,%,85.73128862439917
2026-08-16T22:10:00+00:00,22411190-3,Dew Point,CURRENT,°C,20.372547528308964
2026-08-16T22:10:00+00:00,22411191-1,Temperature,CURRENT,°C,22.712983398437494
2026-08-16T22:10:00+00:00,22411191-2,RH,CURRENT,%,88.1528953994049
2026-08-16T22:10:00+00:00,22411191-3,Dew Point,CURRENT,°C,20.677248592135754
2026-08-16T22:10:00+00:00,22411525-1,Temperature,CURRENT,°C,22.627182617187493
2026-08-16T22:10:00+00:00,22411525-2,RH,CURRENT,%,86.53238727397574
2026-08-16T22:10:00+00:00,22411525-3,Dew Point,CURRENT,°C,20.291485937369746
2026-08-16T22:10:00+00:00,22411526-1,Temperature,CURRENT,°C,23.034736328125
2026-08-16T22:10:00+00:00,22411526-2,RH,CURRENT,%,86.0822461280232
2026-08-16T22:10:00+00:00,22411526-3,Dew Point,CURRENT,°C,20.607494922267946
2026-08-16T22:10:00+00:00,22411527-1,Temperature,CURRENT,°C,22.627182617187493
2026-08-16T22:10:00+00:00,22411527-2,RH,CURRENT,%,86.84672312504769
2026-08-16T22:10:00+00:00,22411527-3,Dew Point,CURRENT,°C,20.35029090658238
2026-08-16T22:10:00+00:00,22411528-1,Temperature,CURRENT,°C,23.034736328125
2026-08-16T22:10:00+00:00,22411528-2,RH,CURRENT,%,87.45555809872587
2026-08-16T22:10:00+00:00,22411528-3,Dew Point,CURRENT,°C,20.865007003250245
2026-08-16T22:10:00+00:00,22411529-1,Temperature,CURRENT,°C,23.335039062499995
2026-08-16T22:10:00+00:00,22411529-2,RH,CURRENT,%,87.92858777752346
2026-08-16T22:10:00+00:00,22411529-3,Dew Point,CURRENT,°C,21.248809393543606
2026-08-16T22:10:00+00:00,22411530-1,Temperature,CURRENT,°C,22.734433593750005
2026-08-16T22:10:00+00:00,22411530-2,RH,CURRENT,%,86.70939192797742
2026-08-16T22:10:00+00:00,22411530-3,Dew Point,CURRENT,°C,20.430126583388436
2026-08-16T22:11:00+00:00,22411541-S,Battery,CURRENT,V,8.567850585937501
2026-08-16T22:15:00+00:00,22411189-1,Temperature,CURRENT,°C,22.927485351562503
2026-08-16T22:15:00+00:00,22411189-2,RH,CURRENT,%,87.54863813229572
2026-08-16T22:15:00+00:00,22411189-3,Dew Point,CURRENT,°C,20.776702330973002
2026-08-16T22:15:00+00:00,22411190-1,Temperature,CURRENT,°C,22.863134765625
2026-08-16T22:15:00+00:00,22411190-2,RH,CURRENT,%,85.19569695582513
2026-08-16T22:15:00+00:00,22411190-3,Dew Point,CURRENT,°C,20.27091240299709
2026-08-16T22:15:00+00:00,22411191-1,Temperature,CURRENT,°C,22.691533203124997
2026-08-16T22:15:00+00:00,22411191-2,RH,CURRENT,%,87.64476997024491
2026-08-16T22:15:00+00:00,22411191-3,Dew Point,CURRENT,°C,20.56214342696437
2026-08-16T22:15:00+00:00,22411525-1,Temperature,CURRENT,°C,22.627182617187493
2026-08-16T22:15:00+00:00,22411525-2,RH,CURRENT,%,86.07461661707485
2026-08-16T22:15:00+00:00,22411525-3,Dew Point,CURRENT,°C,20.205512709619875
2026-08-16T22:15:00+00:00,22411526-1,Temperature,CURRENT,°C,23.099086914062504
2026-08-16T22:15:00+00:00,22411526-2,RH,CURRENT,%,85.40932326237888
2026-08-16T22:15:00+00:00,22411526-3,Dew Point,CURRENT,°C,20.543181150010106
2026-08-16T22:15:00+00:00,22411527-1,Temperature,CURRENT,°C,22.605732421874997
2026-08-16T22:15:00+00:00,22411527-2,RH,CURRENT,%,86.43167772945755
2026-08-16T22:15:00+00:00,22411527-3,Dew Point,CURRENT,°C,20.251513568893444
2026-08-16T22:15:00+00:00,22411528-1,Temperature,CURRENT,°C,23.077636718749993
2026-08-16T22:15:00+00:00,22411528-2,RH,CURRENT,%,86.90318150606547
2026-08-16T22:15:00+00:00,22411528-3,Dew Point,CURRENT,°C,20.804070258072148
2026-08-16T22:15:00+00:00,22411529-1,Temperature,CURRENT,°C,23.44229003906249
2026-08-16T22:15:00+00:00,22411529-2,RH,CURRENT,%,86.3035019455253
2026-08-16T22:15:00+00:00,22411529-3,Dew Point,CURRENT,°C,21.04988820979368
2026-08-16T22:15:00+00:00,22411530-1,Temperature,CURRENT,°C,22.7558837890625
2026-08-16T22:15:00+00:00,22411530-2,RH,CURRENT,%,86.08834973678188
2026-08-16T22:15:00+00:00,22411530-3,Dew Point,CURRENT,°C,20.33458835780918
2026-08-16T22:16:00+00:00,22411541-S,Battery,CURRENT,V,8.574312011718751
2026-08-16T22:20:00+00:00,22411189-1,Temperature,CURRENT,°C,22.841684570312502
2026-08-16T22:20:00+00:00,22411189-2,RH,CURRENT,%,88.16510261692225
2026-08-16T22:20:00+00:00,22411189-3,Dew Point,CURRENT,°C,20.80637022238234
2026-08-16T22:20:00+00:00,22411190-1,Temperature,CURRENT,°C,22.798784179687495
2026-08-16T22:20:00+00:00,22411190-2,RH,CURRENT,%,85.81368734264133
2026-08-16T22:20:00+00:00,22411190-3,Dew Point,CURRENT,°C,20.32491513113366
2026-08-16T22:20:00+00:00,22411191-1,Temperature,CURRENT,°C,22.6700830078125
2026-08-16T22:20:00+00:00,22411191-2,RH,CURRENT,%,88.10559243152514
2026-08-16T22:20:00+00:00,22411191-3,Dew Point,CURRENT,°C,20.62623354987428
2026-08-16T22:20:00+00:00,22411525-1,Temperature,CURRENT,°C,22.627182617187493
2026-08-16T22:20:00+00:00,22411525-2,RH,CURRENT,%,86.31265735866332
2026-08-16T22:20:00+00:00,22411525-3,Dew Point,CURRENT,°C,20.250268543788927
2026-08-16T22:20:00+00:00,22411526-1,Temperature,CURRENT,°C,23.013286132812503
2026-08-16T22:20:00+00:00,22411526-2,RH,CURRENT,%,86.152437628748
2026-08-16T22:20:00+00:00,22411526-3,Dew Point,CURRENT,°C,20.599660191522865
2026-08-16T22:20:00+00:00,22411527-1,Temperature,CURRENT,°C,22.627182617187493
2026-08-16T22:20:00+00:00,22411527-2,RH,CURRENT,%,86.51255054551004
2026-08-16T22:20:00+00:00,22411527-3,Dew Point,CURRENT,°C,20.287768682668272
2026-08-16T22:20:00+00:00,22411528-1,Temperature,CURRENT,°C,23.013286132812503
2026-08-16T22:20:00+00:00,22411528-2,RH,CURRENT,%,87.59746700236515
2026-08-16T22:20:00+00:00,22411528-3,Dew Point,CURRENT,°C,20.87028726698373
2026-08-16T22:20:00+00:00,22411529-1,Temperature,CURRENT,°C,23.420839843749995
2026-08-16T22:20:00+00:00,22411529-2,RH,CURRENT,%,86.74143587396048
2026-08-16T22:20:00+00:00,22411529-3,Dew Point,CURRENT,°C,21.111363931012757
2026-08-16T22:20:00+00:00,22411530-1,Temperature,CURRENT,°C,22.712983398437494
2026-08-16T22:20:00+00:00,22411530-2,RH,CURRENT,%,86.5445944914931
2026-08-16T22:20:00+00:00,22411530-3,Dew Point,CURRENT,°C,20.378156378724235
2026-08-16T22:21:00+00:00,22411541-S,Battery,CURRENT,V,8.567850585937501
2026-08-16T22:25:00+00:00,22411189-1,Temperature,CURRENT,°C,22.777333984374998
2026-08-16T22:25:00+00:00,22411189-2,RH,CURRENT,%,88.56946669718471
2026-08-16T22:25:00+00:00,22411189-3,Dew Point,CURRENT,°C,20.81741087698002
2026-08-16T22:25:00+00:00,22411190-1,Temperature,CURRENT,°C,22.712983398437494
2026-08-16T22:25:00+00:00,22411190-2,RH,CURRENT,%,86.1875333791104
2026-08-16T22:25:00+00:00,22411190-3,Dew Point,CURRENT,°C,20.311095944977303
2026-08-16T22:25:00+00:00,22411191-1,Temperature,CURRENT,°C,22.627182617187493
2026-08-16T22:25:00+00:00,22411191-2,RH,CURRENT,%,88.53131914244297
2026-08-16T22:25:00+00:00,22411191-3,Dew Point,CURRENT,°C,20.662304913257415
2026-08-16T22:25:00+00:00,22411525-1,Temperature,CURRENT,°C,22.562832031250004
2026-08-16T22:25:00+00:00,22411525-2,RH,CURRENT,%,86.78873884184024
2026-08-16T22:25:00+00:00,22411525-3,Dew Point,CURRENT,°C,20.276147200679087
2026-08-16T22:25:00+00:00,22411526-1,Temperature,CURRENT,°C,22.90603515624999
2026-08-16T22:25:00+00:00,22411526-2,RH,CURRENT,%,86.3584344243534
2026-08-16T22:25:00+00:00,22411526-3,Dew Point,CURRENT,°C,20.533032573158632
2026-08-16T22:25:00+00:00,22411527-1,Temperature,CURRENT,°C,22.5842822265625
2026-08-16T22:25:00+00:00,22411527-2,RH,CURRENT,%,87.09086747539483
2026-08-16T22:25:00+00:00,22411527-3,Dew Point,CURRENT,°C,20.35361120125907
2026-08-16T22:25:00+00:00,22411528-1,Temperature,CURRENT,°C,22.90603515624999
2026-08-16T22:25:00+00:00,22411528-2,RH,CURRENT,%,87.82787823300526
2026-08-16T22:25:00+00:00,22411528-3,Dew Point,CURRENT,°C,20.807405162640368
2026-08-16T22:25:00+00:00,22411529-1,Temperature,CURRENT,°C,23.313588867187498
2026-08-16T22:25:00+00:00,22411529-2,RH,CURRENT,%,86.7658503089952
2026-08-16T22:25:00+00:00,22411529-3,Dew Point,CURRENT,°C,21.010448151014447
2026-08-16T22:25:00+00:00,22411530-1,Temperature,CURRENT,°C,22.648632812500004
2026-08-16T22:25:00+00:00,22411530-2,RH,CURRENT,%,86.99931334401465
2026-08-16T22:25:00+00:00,22411530-3,Dew Point,CURRENT,°C,20.399879713644875
2026-08-16T22:26:00+00:00,22411541-S,Battery,CURRENT,V,8.567850585937501
2026-08-16T22:30:00+00:00,22411189-1,Temperature,CURRENT,°C,22.734433593750005
2026-08-16T22:30:00+00:00,22411189-2,RH,CURRENT,%,88.21240558480201
2026-08-16T22:30:00+00:00,22411189-3,Dew Point,CURRENT,°C,20.709370238206514
2026-08-16T22:30:00+00:00,22411190-1,Temperature,CURRENT,°C,22.712983398437494
2026-08-16T22:30:00+00:00,22411190-2,RH,CURRENT,%,85.81826504921034
2026-08-16T22:30:00+00:00,22411190-3,Dew Point,CURRENT,°C,20.241486863640464
2026-08-16T22:30:00+00:00,22411191-1,Temperature,CURRENT,°C,22.605732421874997
2026-08-16T22:30:00+00:00,22411191-2,RH,CURRENT,%,88.02471961547265
2026-08-16T22:30:00+00:00,22411191-3,Dew Point,CURRENT,°C,20.547883333772315
2026-08-16T22:30:00+00:00,22411525-1,Temperature,CURRENT,°C,22.541381835937493
2026-08-16T22:30:00+00:00,22411525-2,RH,CURRENT,%,86.25772487983521
2026-08-16T22:30:00+00:00,22411525-3,Dew Point,CURRENT,°C,20.15560128123252
2026-08-16T22:30:00+00:00,22411526-1,Temperature,CURRENT,°C,22.841684570312502
2026-08-16T22:30:00+00:00,22411526-2,RH,CURRENT,%,86.12497138933395
2026-08-16T22:30:00+00:00,22411526-3,Dew Point,CURRENT,°C,20.425817653772526
2026-08-16T22:30:00+00:00,22411527-1,Temperature,CURRENT,°C,22.541381835937493
2026-08-16T22:30:00+00:00,22411527-2,RH,CURRENT,%,86.53543907835508
2026-08-16T22:30:00+00:00,22411527-3,Dew Point,CURRENT,°C,20.207675098584307
2026-08-16T22:30:00+00:00,22411528-1,Temperature,CURRENT,°C,22.841684570312502
2026-08-16T22:30:00+00:00,22411528-2,RH,CURRENT,%,87.68902113374533
2026-08-16T22:30:00+00:00,22411528-3,Dew Point,CURRENT,°C,20.718259062510818
2026-08-16T22:30:00+00:00,22411529-1,Temperature,CURRENT,°C,23.184887695312504
2026-08-16T22:30:00+00:00,22411529-2,RH,CURRENT,%,87.19462882429237
2026-08-16T22:30:00+00:00,22411529-3,Dew Point,CURRENT,°C,20.96415840171251
2026-08-16T22:30:00+00:00,22411530-1,Temperature,CURRENT,°C,22.627182617187493
2026-08-16T22:30:00+00:00,22411530-2,RH,CURRENT,%,86.57358663309682
2026-08-16T22:30:00+00:00,22411530-3,Dew Point,CURRENT,°C,20.29920400945963
2026-08-16T22:31:00+00:00,22411541-S,Battery,CURRENT,V,8.561389160156251
2026-08-16T22:35:00+00:00,22411189-1,Temperature,CURRENT,°C,22.734433593750005
2026-08-16T22:35:00+00:00,22411189-2,RH,CURRENT,%,87.64934767681392
2026-08-16T22:35:00+00:00,22411189-3,Dew Point,CURRENT,°C,20.605250919404106
2026-08-16T22:35:00+00:00,22411190-1,Temperature,CURRENT,°C,22.712983398437494
2026-08-16T22:35:00+00:00,22411190-2,RH,CURRENT,%,85.2674143587396
2026-08-16T22:35:00+00:00,22411190-3,Dew Point,CURRENT,°C,20.137160246286438
2026-08-16T22:35:00+00:00,22411191-1,Temperature,CURRENT,°C,22.605732421874997
2026-08-16T22:35:00+00:00,22411191-2,RH,CURRENT,%,87.43724727244984
2026-08-16T22:35:00+00:00,22411191-3,Dew Point,CURRENT,°C,20.43913981995047
2026-08-16T22:35:00+00:00,22411525-1,Temperature,CURRENT,°C,22.562832031250004
2026-08-16T22:35:00+00:00,22411525-2,RH,CURRENT,%,85.6794079499504
2026-08-16T22:35:00+00:00,22411525-3,Dew Point,CURRENT,°C,20.067759047496466
2026-08-16T22:35:00+00:00,22411526-1,Temperature,CURRENT,°C,22.841684570312502
2026-08-16T22:35:00+00:00,22411526-2,RH,CURRENT,%,85.56954299229419
2026-08-16T22:35:00+00:00,22411526-3,Dew Point,CURRENT,°C,20.320847436774784
2026-08-16T22:35:00+00:00,22411527-1,Temperature,CURRENT,°C,22.562832031250004
2026-08-16T22:35:00+00:00,22411527-2,RH,CURRENT,%,85.97238117036697
2026-08-16T22:35:00+00:00,22411527-3,Dew Point,CURRENT,°C,20.123022368663694
2026-08-16T22:35:00+00:00,22411528-1,Temperature,CURRENT,°C,22.841684570312502
2026-08-16T22:35:00+00:00,22411528-2,RH,CURRENT,%,87.04356450751507
2026-08-16T22:35:00+00:00,22411528-3,Dew Point,CURRENT,°C,20.598130502117897
2026-08-16T22:35:00+00:00,22411529-1,Temperature,CURRENT,°C,23.120537109375
2026-08-16T22:35:00+00:00,22411529-2,RH,CURRENT,%,86.74296177615015
2026-08-16T22:35:00+00:00,22411529-3,Dew Point,CURRENT,°C,20.816236794184274
2026-08-16T22:35:00+00:00,22411530-1,Temperature,CURRENT,°C,22.627182617187493
2026-08-16T22:35:00+00:00,22411530-2,RH,CURRENT,%,85.95864805065995
2026-08-16T22:35:00+00:00,22411530-3,Dew Point,CURRENT,°C,20.18366936852926
2026-08-16T22:36:00+00:00,22411541-S,Battery,CURRENT,V,8.564619873046876
2026-08-16T22:40:00+00:00,22411189-1,Temperature,CURRENT,°C,22.627182617187493
2026-08-16T22:40:00+00:00,22411189-2,RH,CURRENT,%,87.71648737315938
2026-08-16T22:40:00+00:00,22411189-3,Dew Point,CURRENT,°C,20.512039288053835
2026-08-16T22:40:00+00:00,22411190-1,Temperature,CURRENT,°C,22.605732421874997
2026-08-16T22:40:00+00:00,22411190-2,RH,CURRENT,%,85.26894026092927
2026-08-16T22:40:00+00:00,22411190-3,Dew Point,CURRENT,°C,20.03216751150059
2026-08-16T22:40:00+00:00,22411191-1,Temperature,CURRENT,°C,22.4984814453125
2026-08-16T22:40:00+00:00,22411191-2,RH,CURRENT,%,87.5700007629511
2026-08-16T22:40:00+00:00,22411191-3,Dew Point,CURRENT,°C,20.3581325090576
2026-08-16T22:40:00+00:00,22411525-1,Temperature,CURRENT,°C,22.434130859374996
2026-08-16T22:40:00+00:00,22411525-2,RH,CURRENT,%,85.79079880979629
2026-08-16T22:40:00+00:00,22411525-3,Dew Point,CURRENT,°C,19.962352627280847
2026-08-16T22:40:00+00:00,22411526-1,Temperature,CURRENT,°C,22.7558837890625
2026-08-16T22:40:00+00:00,22411526-2,RH,CURRENT,%,85.60158693827725
2026-08-16T22:40:00+00:00,22411526-3,Dew Point,CURRENT,°C,20.24265323339707
2026-08-16T22:40:00+00:00,22411527-1,Temperature,CURRENT,°C,22.434130859374996
2026-08-16T22:40:00+00:00,22411527-2,RH,CURRENT,%,86.06546120393683
2026-08-16T22:40:00+00:00,22411527-3,Dew Point,CURRENT,°C,20.01405732087813
2026-08-16T22:40:00+00:00,22411528-1,Temperature,CURRENT,°C,22.734433593750005
2026-08-16T22:40:00+00:00,22411528-2,RH,CURRENT,%,87.09849698634318
2026-08-16T22:40:00+00:00,22411528-3,Dew Point,CURRENT,°C,20.502821572131666
2026-08-16T22:40:00+00:00,22411529-1,Temperature,CURRENT,°C,23.034736328125
2026-08-16T22:40:00+00:00,22411529-2,RH,CURRENT,%,87.29533836881056
2026-08-16T22:40:00+00:00,22411529-3,Dew Point,CURRENT,°C,20.8351468024672
2026-08-16T22:40:00+00:00,22411530-1,Temperature,CURRENT,°C,22.519931640624996
2026-08-16T22:40:00+00:00,22411530-2,RH,CURRENT,%,86.07309071488518
2026-08-16T22:40:00+00:00,22411530-3,Dew Point,CURRENT,°C,20.099818037365225
2026-08-16T22:41:00+00:00,22411541-S,Battery,CURRENT,V,8.561389160156251
2026-08-16T22:45:00+00:00,22411189-1,Temperature,CURRENT,°C,22.4984814453125
2026-08-16T22:45:00+00:00,22411189-2,RH,CURRENT,%,87.91332875562676
2026-08-16T22:45:00+00:00,22411189-3,Dew Point,CURRENT,°C,20.421625022727483
2026-08-16T22:45:00+00:00,22411190-1,Temperature,CURRENT,°C,22.4984814453125
2026-08-16T22:45:00+00:00,22411190-2,RH,CURRENT,%,85.50698100251773
2026-08-16T22:45:00+00:00,22411190-3,Dew Point,CURRENT,°C,19.97196472426772
2026-08-16T22:45:00+00:00,22411191-1,Temperature,CURRENT,°C,22.4126806640625
2026-08-16T22:45:00+00:00,22411191-2,RH,CURRENT,%,87.80498970016022
2026-08-16T22:45:00+00:00,22411191-3,Dew Point,CURRENT,°C,20.317075042944246
2026-08-16T22:45:00+00:00,22411525-1,Temperature,CURRENT,°C,22.348330078124995
2026-08-16T22:45:00+00:00,22411525-2,RH,CURRENT,%,85.98153658350499
2026-08-16T22:45:00+00:00,22411525-3,Dew Point,CURRENT,°C,19.913958192825564
2026-08-16T22:45:00+00:00,22411526-1,Temperature,CURRENT,°C,22.605732421874997
2026-08-16T22:45:00+00:00,22411526-2,RH,CURRENT,%,86.07461661707485
2026-08-16T22:45:00+00:00,22411526-3,Dew Point,CURRENT,°C,20.184431243291947
2026-08-16T22:45:00+00:00,22411527-1,Temperature,CURRENT,°C,22.36978027343749
2026-08-16T22:45:00+00:00,22411527-2,RH,CURRENT,%,86.16159304188602
2026-08-16T22:45:00+00:00,22411527-3,Dew Point,CURRENT,°C,19.968866469453324
2026-08-16T22:45:00+00:00,22411528-1,Temperature,CURRENT,°C,22.5842822265625
2026-08-16T22:45:00+00:00,22411528-2,RH,CURRENT,%,87.40215152208744
2026-08-16T22:45:00+00:00,22411528-3,Dew Point,CURRENT,°C,20.411501160417902
2026-08-16T22:45:00+00:00,22411529-1,Temperature,CURRENT,°C,22.884584960937495
2026-08-16T22:45:00+00:00,22411529-2,RH,CURRENT,%,87.13054093232624
2026-08-16T22:45:00+00:00,22411529-3,Dew Point,CURRENT,°C,20.656590242441414
2026-08-16T22:45:00+00:00,22411530-1,Temperature,CURRENT,°C,22.434130859374996
2026-08-16T22:45:00+00:00,22411530-2,RH,CURRENT,%,86.31113145647365
2026-08-16T22:45:00+00:00,22411530-3,Dew Point,CURRENT,°C,20.060182194655383
2026-08-16T22:46:00+00:00,22411541-S,Battery,CURRENT,V,8.548466308593751
2026-08-16T22:50:00+00:00,22411189-1,Temperature,CURRENT,°C,22.4984814453125
2026-08-16T22:50:00+00:00,22411189-2,RH,CURRENT,%,87.99267566948959
2026-08-16T22:50:00+00:00,22411189-3,Dew Point,CURRENT,°C,20.43626800378935
2026-08-16T22:50:00+00:00,22411190-1,Temperature,CURRENT,°C,22.477031250000003
2026-08-16T22:50:00+00:00,22411190-2,RH,CURRENT,%,85.50698100251773
2026-08-16T22:50:00+00:00,22411190-3,Dew Point,CURRENT,°C,19.950900566466697
2026-08-16T22:50:00+00:00,22411191-1,Temperature,CURRENT,°C,22.391230468750003
2026-08-16T22:50:00+00:00,22411191-2,RH,CURRENT,%,87.66308079652094
2026-08-16T22:50:00+00:00,22411191-3,Dew Point,CURRENT,°C,20.269716409510295
2026-08-16T22:50:00+00:00,22411525-1,Temperature,CURRENT,°C,22.348330078124995
2026-08-16T22:50:00+00:00,22411525-2,RH,CURRENT,%,85.85793850614175
2026-08-16T22:50:00+00:00,22411525-3,Dew Point,CURRENT,°C,19.890704329927274
2026-08-16T22:50:00+00:00,22411526-1,Temperature,CURRENT,°C,22.562832031250004
2026-08-16T22:50:00+00:00,22411526-2,RH,CURRENT,%,85.99679560540169
2026-08-16T22:50:00+00:00,22411526-3,Dew Point,CURRENT,°C,20.127620208964267
2026-08-16T22:50:00+00:00,22411527-1,Temperature,CURRENT,°C,22.348330078124995
2026-08-16T22:50:00+00:00,22411527-2,RH,CURRENT,%,86.11123826962692
2026-08-16T22:50:00+00:00,22411527-3,Dew Point,CURRENT,°C,19.93832898291273
2026-08-16T22:50:00+00:00,22411528-1,Temperature,CURRENT,°C,22.541381835937493
2026-08-16T22:50:00+00:00,22411528-2,RH,CURRENT,%,87.56237125200275
2026-08-16T22:50:00+00:00,22411528-3,Dew Point,CURRENT,°C,20.398973221984622
2026-08-16T22:50:00+00:00,22411529-1,Temperature,CURRENT,°C,22.798784179687495
2026-08-16T22:50:00+00:00,22411529-2,RH,CURRENT,%,87.4845502403296
2026-08-16T22:50:00+00:00,22411529-3,Dew Point,CURRENT,°C,20.63803945705794
2026-08-16T22:50:00+00:00,22411530-1,Temperature,CURRENT,°C,22.4126806640625
2026-08-16T22:50:00+00:00,22411530-2,RH,CURRENT,%,86.23483634699016
2026-08-16T22:50:00+00:00,22411530-3,Dew Point,CURRENT,°C,20.024783316567422
2026-08-16T22:51:00+00:00,22411541-S,Battery,CURRENT,V,8.5420048828125
2026-08-16T22:55:00+00:00,22411189-1,Temperature,CURRENT,°C,22.4126806640625
2026-08-16T22:55:00+00:00,22411189-2,RH,CURRENT,%,88.42145418478675
2026-08-16T22:55:00+00:00,22411189-3,Dew Point,CURRENT,°C,20.43058483972116
2026-08-16T22:55:00+00:00,22411190-1,Temperature,CURRENT,°C,22.4126806640625
2026-08-16T22:55:00+00:00,22411190-2,RH,CURRENT,%,85.75417715724421
2026-08-16T22:55:00+00:00,22411190-3,Dew Point,CURRENT,°C,19.934375840269368
2026-08-16T22:55:00+00:00,22411191-1,Temperature,CURRENT,°C,22.3268798828125
2026-08-16T22:55:00+00:00,22411191-2,RH,CURRENT,%,88.02319371328298
2026-08-16T22:55:00+00:00,22411191-3,Dew Point,CURRENT,°C,20.27276760184066
2026-08-16T22:55:00+00:00,22411525-1,Temperature,CURRENT,°C,22.262529296874995
2026-08-16T22:55:00+00:00,22411525-2,RH,CURRENT,%,86.2333104448005
2026-08-16T22:55:00+00:00,22411525-3,Dew Point,CURRENT,°C,19.876889614878912
2026-08-16T22:55:00+00:00,22411526-1,Temperature,CURRENT,°C,22.455581054687492
2026-08-16T22:55:00+00:00,22411526-2,RH,CURRENT,%,86.5094987411307
2026-08-16T22:55:00+00:00,22411526-3,Dew Point,CURRENT,°C,20.118437262770122
2026-08-16T22:55:00+00:00,22411527-1,Temperature,CURRENT,°C,22.28397949218749
2026-08-16T22:55:00+00:00,22411527-2,RH,CURRENT,%,86.4438849469749
2026-08-16T22:55:00+00:00,22411527-3,Dew Point,CURRENT,°C,19.937406689869174
2026-08-16T22:55:00+00:00,22411528-1,Temperature,CURRENT,°C,22.434130859374996
2026-08-16T22:55:00+00:00,22411528-2,RH,CURRENT,%,87.95910582131685
2026-08-16T22:55:00+00:00,22411528-3,Dew Point,CURRENT,°C,20.366656859550304
2026-08-16T22:55:00+00:00,22411529-1,Temperature,CURRENT,°C,22.6700830078125
2026-08-16T22:55:00+00:00,22411529-2,RH,CURRENT,%,88.203250171664
2026-08-16T22:55:00+00:00,22411529-3,Dew Point,CURRENT,°C,20.64424325484582
2026-08-16T22:55:00+00:00,22411530-1,Temperature,CURRENT,°C,22.3268798828125
2026-08-16T22:55:00+00:00,22411530-2,RH,CURRENT,%,86.51865415426872
2026-08-16T22:55:00+00:00,22411530-3,Dew Point,CURRENT,°C,19.993578195506363
2026-08-16T22:56:00+00:00,22411541-S,Battery,CURRENT,V,8.548466308593751
2026-08-16T23:00:00+00:00,22411189-1,Temperature,CURRENT,°C,22.348330078124995
2026-08-16T23:00:00+00:00,22411189-2,RH,CURRENT,%,88.2932784008545
2026-08-16T23:00:00+00:00,22411189-3,Dew Point,CURRENT,°C,20.34359286443958
2026-08-16T23:00:00+00:00,22411190-1,Temperature,CURRENT,°C,22.348330078124995
2026-08-16T23:00:00+00:00,22411190-2,RH,CURRENT,%,85.81368734264133
2026-08-16T23:00:00+00:00,22411190-3,Dew Point,CURRENT,°C,19.88237175580241
2026-08-16T23:00:00+00:00,22411191-1,Temperature,CURRENT,°C,22.28397949218749
2026-08-16T23:00:00+00:00,22411191-2,RH,CURRENT,%,87.90875104905776
2026-08-16T23:00:00+00:00,22411191-3,Dew Point,CURRENT,°C,20.209402618332913
2026-08-16T23:00:00+00:00,22411525-1,Temperature,CURRENT,°C,22.241079101562498
2026-08-16T23:00:00+00:00,22411525-2,RH,CURRENT,%,86.08834973678188
2026-08-16T23:00:00+00:00,22411525-3,Dew Point,CURRENT,°C,19.828618671110686
2026-08-16T23:00:00+00:00,22411526-1,Temperature,CURRENT,°C,22.4126806640625
2026-08-16T23:00:00+00:00,22411526-2,RH,CURRENT,%,86.49881742580301
2026-08-16T23:00:00+00:00,22411526-3,Dew Point,CURRENT,°C,20.074248379746745
2026-08-16T23:00:00+00:00,22411527-1,Temperature,CURRENT,°C,22.262529296874995
2026-08-16T23:00:00+00:00,22411527-2,RH,CURRENT,%,86.34012359807737
2026-08-16T23:00:00+00:00,22411527-3,Dew Point,CURRENT,°C,19.896897678112268
2026-08-16T23:00:00+00:00,22411528-1,Temperature,CURRENT,°C,22.4126806640625
2026-08-16T23:00:00+00:00,22411528-2,RH,CURRENT,%,87.89501792935073
2026-08-16T23:00:00+00:00,22411528-3,Dew Point,CURRENT,°C,20.333695329718893
2026-08-16T23:00:00+00:00,22411529-1,Temperature,CURRENT,°C,22.5842822265625
2026-08-16T23:00:00+00:00,22411529-2,RH,CURRENT,%,88.75257495994506
2026-08-16T23:00:00+00:00,22411529-3,Dew Point,CURRENT,°C,20.660572896499684
2026-08-16T23:00:00+00:00,22411530-1,Temperature,CURRENT,°C,22.28397949218749
2026-08-16T23:00:00+00:00,22411530-2,RH,CURRENT,%,86.47592889295797
2026-08-16T23:00:00+00:00,22411530-3,Dew Point,CURRENT,°C,19.943399573635173
2026-08-16T23:01:00+00:00,22411541-S,Battery,CURRENT,V,8.538774169921876
2026-08-16T23:05:00+00:00,22411189-1,Temperature,CURRENT,°C,22.36978027343749
2026-08-16T23:05:00+00:00,22411189-2,RH,CURRENT,%,88.16052491035325
2026-08-16T23:05:00+00:00,22411189-3,Dew Point,CURRENT,°C,20.340333910659535
2026-08-16T23:05:00+00:00,22411190-1,Temperature,CURRENT,°C,22.36978027343749
2026-08-16T23:05:00+00:00,22411190-2,RH,CURRENT,%,85.61532005798428
2026-08-16T23:05:00+00:00,22411190-3,Dew Point,CURRENT,°C,19.866040309092508
2026-08-16T23:05:00+00:00,22411191-1,Temperature,CURRENT,°C,22.28397949218749
2026-08-16T23:05:00+00:00,22411191-2,RH,CURRENT,%,87.69817654688335
2026-08-16T23:05:00+00:00,22411191-3,Dew Point,CURRENT,°C,20.170548241922162
2026-08-16T23:05:00+00:00,22411525-1,Temperature,CURRENT,°C,22.241079101562498
2026-08-16T23:05:00+00:00,22411525-2,RH,CURRENT,%,85.87167162584878
2026-08-16T23:05:00+00:00,22411525-3,Dew Point,CURRENT,°C,19.787910949103296
2026-08-16T23:05:00+00:00,22411526-1,Temperature,CURRENT,°C,22.4126806640625
2026-08-16T23:05:00+00:00,22411526-2,RH,CURRENT,%,86.29892423895629
2026-08-16T23:05:00+00:00,22411526-3,Dew Point,CURRENT,°C,20.0368043337701
2026-08-16T23:05:00+00:00,22411527-1,Temperature,CURRENT,°C,22.262529296874995
2026-08-16T23:05:00+00:00,22411527-2,RH,CURRENT,%,86.11123826962692
2026-08-16T23:05:00+00:00,22411527-3,Dew Point,CURRENT,°C,19.853996701199094
2026-08-16T23:05:00+00:00,22411528-1,Temperature,CURRENT,°C,22.36978027343749
2026-08-16T23:05:00+00:00,22411528-2,RH,CURRENT,%,87.75310902571145
2026-08-16T23:05:00+00:00,22411528-3,Dew Point,CURRENT,°C,20.265224445242822
2026-08-16T23:05:00+00:00,22411529-1,Temperature,CURRENT,°C,22.519931640624996
2026-08-16T23:05:00+00:00,22411529-2,RH,CURRENT,%,88.57251850156405
2026-08-16T23:05:00+00:00,22411529-3,Dew Point,CURRENT,°C,20.564082960131376
2026-08-16T23:05:00+00:00,22411530-1,Temperature,CURRENT,°C,22.305429687500002
2026-08-16T23:05:00+00:00,22411530-2,RH,CURRENT,%,86.1875333791104
2026-08-16T23:05:00+00:00,22411530-3,Dew Point,CURRENT,°C,19.910478988673603
2026-08-16T23:06:00+00:00,22411541-S,Battery,CURRENT,V,8.532312744140626
2026-08-16T23:10:00+00:00,22411189-1,Temperature,CURRENT,°C,22.3268798828125
2026-08-16T23:10:00+00:00,22411189-2,RH,CURRENT,%,88.14221408407721
2026-08-16T23:10:00+00:00,22411189-3,Dew Point,CURRENT,°C,20.294675061196973
2026-08-16T23:10:00+00:00,22411190-1,Temperature,CURRENT,°C,22.3268798828125
2026-08-16T23:10:00+00:00,22411190-2,RH,CURRENT,%,85.67177843900205
2026-08-16T23:10:00+00:00,22411190-3,Dew Point,CURRENT,°C,19.8345551936167
2026-08-16T23:10:00+00:00,22411191-1,Temperature,CURRENT,°C,22.241079101562498
2026-08-16T23:10:00+00:00,22411191-2,RH,CURRENT,%,87.86297398336767
2026-08-16T23:10:00+00:00,22411191-3,Dew Point,CURRENT,°C,20.15868991402782
2026-08-16T23:10:00+00:00,22411525-1,Temperature,CURRENT,°C,22.198178710937505
2026-08-16T23:10:00+00:00,22411525-2,RH,CURRENT,%,86.13412680247197
2026-08-16T23:10:00+00:00,22411525-3,Dew Point,CURRENT,°C,19.795039617396338
2026-08-16T23:10:00+00:00,22411526-1,Temperature,CURRENT,°C,22.36978027343749
2026-08-16T23:10:00+00:00,22411526-2,RH,CURRENT,%,86.33096818493935
2026-08-16T23:10:00+00:00,22411526-3,Dew Point,CURRENT,°C,20.000632544177677
2026-08-16T23:10:00+00:00,22411527-1,Temperature,CURRENT,°C,22.21962890625
2026-08-16T23:10:00+00:00,22411527-2,RH,CURRENT,%,86.39505607690548
2026-08-16T23:10:00+00:00,22411527-3,Dew Point,CURRENT,°C,19.864995359290216
2026-08-16T23:10:00+00:00,22411528-1,Temperature,CURRENT,°C,22.3268798828125
2026-08-16T23:10:00+00:00,22411528-2,RH,CURRENT,%,87.73479819943542
2026-08-16T23:10:00+00:00,22411528-3,Dew Point,CURRENT,°C,20.219576540497854
2026-08-16T23:10:00+00:00,22411529-1,Temperature,CURRENT,°C,22.455581054687492
2026-08-16T23:10:00+00:00,22411529-2,RH,CURRENT,%,88.11932555123217
2026-08-16T23:10:00+00:00,22411529-3,Dew Point,CURRENT,°C,20.41732860812356
2026-08-16T23:10:00+00:00,22411530-1,Temperature,CURRENT,°C,22.262529296874995
2026-08-16T23:10:00+00:00,22411530-2,RH,CURRENT,%,86.41794460975052
2026-08-16T23:10:00+00:00,22411530-3,Dew Point,CURRENT,°C,19.911461355505374
2026-08-16T23:11:00+00:00,22411541-S,Battery,CURRENT,V,8.52908203125
2026-08-16T23:15:00+00:00,22411189-1,Temperature,CURRENT,°C,22.262529296874995
2026-08-16T23:15:00+00:00,22411189-2,RH,CURRENT,%,88.43976501106279
2026-08-16T23:15:00+00:00,22411189-3,Dew Point,CURRENT,°C,20.285869185334064
2026-08-16T23:15:00+00:00,22411190-1,Temperature,CURRENT,°C,22.262529296874995
2026-08-16T23:15:00+00:00,22411190-2,RH,CURRENT,%,85.91287098496986
2026-08-16T23:15:00+00:00,22411190-3,Dew Point,CURRENT,°C,19.816735113815866
2026-08-16T23:15:00+00:00,22411191-1,Temperature,CURRENT,°C,22.198178710937505
2026-08-16T23:15:00+00:00,22411191-2,RH,CURRENT,%,87.9468986037995
2026-08-16T23:15:00+00:00,22411191-3,Dew Point,CURRENT,°C,20.131876433721917
2026-08-16T23:15:00+00:00,22411525-1,Temperature,CURRENT,°C,22.155278320312497
2026-08-16T23:15:00+00:00,22411525-2,RH,CURRENT,%,86.16159304188602
2026-08-16T23:15:00+00:00,22411525-3,Dew Point,CURRENT,°C,19.758019640424124
2026-08-16T23:15:00+00:00,22411526-1,Temperature,CURRENT,°C,22.305429687500002
2026-08-16T23:15:00+00:00,22411526-2,RH,CURRENT,%,86.83756771190967
2026-08-16T23:15:00+00:00,22411526-3,Dew Point,CURRENT,°C,20.032004590796202
2026-08-16T23:15:00+00:00,22411527-1,Temperature,CURRENT,°C,22.176728515624994
2026-08-16T23:15:00+00:00,22411527-2,RH,CURRENT,%,86.36758983749142
2026-08-16T23:15:00+00:00,22411527-3,Dew Point,CURRENT,°C,19.81767484187167
2026-08-16T23:15:00+00:00,22411528-1,Temperature,CURRENT,°C,22.28397949218749
2026-08-16T23:15:00+00:00,22411528-2,RH,CURRENT,%,88.2887006942855
2026-08-16T23:15:00+00:00,22411528-3,Dew Point,CURRENT,°C,20.2793040085997
2026-08-16T23:15:00+00:00,22411529-1,Temperature,CURRENT,°C,22.434130859374996
2026-08-16T23:15:00+00:00,22411529-2,RH,CURRENT,%,88.60914015411612
2026-08-16T23:15:00+00:00,22411529-3,Dew Point,CURRENT,°C,20.486164919107377
2026-08-16T23:15:00+00:00,22411530-1,Temperature,CURRENT,°C,22.21962890625
2026-08-16T23:15:00+00:00,22411530-2,RH,CURRENT,%,86.41336690318151
2026-08-16T23:15:00+00:00,22411530-3,Dew Point,CURRENT,°C,19.86842011160894
2026-08-16T23:16:00+00:00,22411541-S,Battery,CURRENT,V,8.538774169921876
2026-08-16T23:20:00+00:00,22411189-1,Temperature,CURRENT,°C,22.241079101562498
2026-08-16T23:20:00+00:00,22411189-2,RH,CURRENT,%,88.50385290302891
2026-08-16T23:20:00+00:00,22411189-3,Dew Point,CURRENT,°C,20.27645851693432
2026-08-16T23:20:00+00:00,22411190-1,Temperature,CURRENT,°C,22.21962890625
2026-08-16T23:20:00+00:00,22411190-2,RH,CURRENT,%,86.01968413824675
2026-08-16T23:20:00+00:00,22411190-3,Dew Point,CURRENT,°C,19.794647672570164
2026-08-16T23:20:00+00:00,22411191-1,Temperature,CURRENT,°C,22.176728515624994
2026-08-16T23:20:00+00:00,22411191-2,RH,CURRENT,%,88.10559243152514
2026-08-16T23:20:00+00:00,22411191-3,Dew Point,CURRENT,°C,20.139930089827516
2026-08-16T23:20:00+00:00,22411525-1,Temperature,CURRENT,°C,22.133828125
2026-08-16T23:20:00+00:00,22411525-2,RH,CURRENT,%,86.33554589150836
2026-08-16T23:20:00+00:00,22411525-3,Dew Point,CURRENT,°C,19.769499930056174
2026-08-16T23:20:00+00:00,22411526-1,Temperature,CURRENT,°C,22.28397949218749
2026-08-16T23:20:00+00:00,22411526-2,RH,CURRENT,%,86.66819256885634
2026-08-16T23:20:00+00:00,22411526-3,Dew Point,CURRENT,°C,19.979316149557437
2026-08-16T23:20:00+00:00,22411527-1,Temperature,CURRENT,°C,22.155278320312497
2026-08-16T23:20:00+00:00,22411527-2,RH,CURRENT,%,86.55069810025178
2026-08-16T23:20:00+00:00,22411527-3,Dew Point,CURRENT,°C,19.830795381641455
2026-08-16T23:20:00+00:00,22411528-1,Temperature,CURRENT,°C,22.262529296874995
2026-08-16T23:20:00+00:00,22411528-2,RH,CURRENT,%,88.00640878919661
2026-08-16T23:20:00+00:00,22411528-3,Dew Point,CURRENT,°C,20.20625359241667
2026-08-16T23:20:00+00:00,22411529-1,Temperature,CURRENT,°C,22.391230468750003
2026-08-16T23:20:00+00:00,22411529-2,RH,CURRENT,%,88.40772106507973
2026-08-16T23:20:00+00:00,22411529-3,Dew Point,CURRENT,°C,20.40691094155934
2026-08-16T23:20:00+00:00,22411530-1,Temperature,CURRENT,°C,22.176728515624994
2026-08-16T23:20:00+00:00,22411530-2,RH,CURRENT,%,86.60105287251088
2026-08-16T23:20:00+00:00,22411530-3,Dew Point,CURRENT,°C,19.861290790885416
2026-08-16T23:21:00+00:00,22411541-S,Battery,CURRENT,V,8.519389892578126
2026-08-16T23:25:00+00:00,22411189-1,Temperature,CURRENT,°C,22.155278320312497
2026-08-16T23:25:00+00:00,22411189-2,RH,CURRENT,%,89.04097047379263
2026-08-16T23:25:00+00:00,22411189-3,Dew Point,CURRENT,°C,20.28989889250132
2026-08-16T23:25:00+00:00,22411190-1,Temperature,CURRENT,°C,22.155278320312497
2026-08-16T23:25:00+00:00,22411190-2,RH,CURRENT,%,86.40726329442283
2026-08-16T23:25:00+00:00,22411190-3,Dew Point,CURRENT,°C,19.804001605717932
2026-08-16T23:25:00+00:00,22411191-1,Temperature,CURRENT,°C,22.090927734374993
2026-08-16T23:25:00+00:00,22411191-2,RH,CURRENT,%,88.44129091325246
2026-08-16T23:25:00+00:00,22411191-3,Dew Point,CURRENT,°C,20.116916473341618
2026-08-16T23:25:00+00:00,22411525-1,Temperature,CURRENT,°C,22.069477539062497
2026-08-16T23:25:00+00:00,22411525-2,RH,CURRENT,%,86.64225223163196
2026-08-16T23:25:00+00:00,22411525-3,Dew Point,CURRENT,°C,19.763478972101947
2026-08-16T23:25:00+00:00,22411526-1,Temperature,CURRENT,°C,22.176728515624994
2026-08-16T23:25:00+00:00,22411526-2,RH,CURRENT,%,87.08171206225681
2026-08-16T23:25:00+00:00,22411526-3,Dew Point,CURRENT,°C,19.950765509744468
2026-08-16T23:25:00+00:00,22411527-1,Temperature,CURRENT,°C,22.090927734374993
2026-08-16T23:25:00+00:00,22411527-2,RH,CURRENT,%,86.83756771190967
2026-08-16T23:25:00+00:00,22411527-3,Dew Point,CURRENT,°C,19.820949910821092
2026-08-16T23:25:00+00:00,22411528-1,Temperature,CURRENT,°C,22.198178710937505
2026-08-16T23:25:00+00:00,22411528-2,RH,CURRENT,%,88.44586861982147
2026-08-16T23:25:00+00:00,22411528-3,Dew Point,CURRENT,°C,20.2235257180165
2026-08-16T23:25:00+00:00,22411529-1,Temperature,CURRENT,°C,22.3268798828125
2026-08-16T23:25:00+00:00,22411529-2,RH,CURRENT,%,89.33699549858854
2026-08-16T23:25:00+00:00,22411529-3,Dew Point,CURRENT,°C,20.51317098757902
2026-08-16T23:25:00+00:00,22411530-1,Temperature,CURRENT,°C,22.112377929687504
2026-08-16T23:25:00+00:00,22411530-2,RH,CURRENT,%,87.0222018768597
2026-08-16T23:25:00+00:00,22411530-3,Dew Point,CURRENT,°C,19.87637763033761
2026-08-16T23:26:00+00:00,22411541-S,Battery,CURRENT,V,8.519389892578126
2026-08-16T23:30:00+00:00,22411189-1,Temperature,CURRENT,°C,22.090927734374993
2026-08-16T23:30:00+00:00,22411189-2,RH,CURRENT,%,88.97077897306782
2026-08-16T23:30:00+00:00,22411189-3,Dew Point,CURRENT,°C,20.213603150292446
2026-08-16T23:30:00+00:00,22411190-1,Temperature,CURRENT,°C,22.090927734374993
2026-08-16T23:30:00+00:00,22411190-2,RH,CURRENT,%,86.32486457618067
2026-08-16T23:30:00+00:00,22411190-3,Dew Point,CURRENT,°C,19.725322130832783
2026-08-16T23:30:00+00:00,22411191-1,Temperature,CURRENT,°C,22.069477539062497
2026-08-16T23:30:00+00:00,22411191-2,RH,CURRENT,%,88.3390554665446
2026-08-16T23:30:00+00:00,22411191-3,Dew Point,CURRENT,°C,20.077038484177653
2026-08-16T23:30:00+00:00,22411525-1,Temperature,CURRENT,°C,22.026577148437504
2026-08-16T23:30:00+00:00,22411525-2,RH,CURRENT,%,86.53086137178607
2026-08-16T23:30:00+00:00,22411525-3,Dew Point,CURRENT,°C,19.700514628635162
2026-08-16T23:30:00+00:00,22411526-1,Temperature,CURRENT,°C,22.112377929687504
2026-08-16T23:30:00+00:00,22411526-2,RH,CURRENT,%,87.13054093232624
2026-08-16T23:30:00+00:00,22411526-3,Dew Point,CURRENT,°C,19.896487415367496
2026-08-16T23:30:00+00:00,22411527-1,Temperature,CURRENT,°C,22.04802734375
2026-08-16T23:30:00+00:00,22411527-2,RH,CURRENT,%,86.67887388418403
2026-08-16T23:30:00+00:00,22411527-3,Dew Point,CURRENT,°C,19.749202094874413
2026-08-16T23:30:00+00:00,22411528-1,Temperature,CURRENT,°C,22.112377929687504
2026-08-16T23:30:00+00:00,22411528-2,RH,CURRENT,%,88.52368963149462
2026-08-16T23:30:00+00:00,22411528-3,Dew Point,CURRENT,°C,20.15315263764157
2026-08-16T23:30:00+00:00,22411529-1,Temperature,CURRENT,°C,22.241079101562498
2026-08-16T23:30:00+00:00,22411529-2,RH,CURRENT,%,89.15083543144884
2026-08-16T23:30:00+00:00,22411529-3,Dew Point,CURRENT,°C,20.394594843801592
2026-08-16T23:30:00+00:00,22411530-1,Temperature,CURRENT,°C,22.069477539062497
2026-08-16T23:30:00+00:00,22411530-2,RH,CURRENT,%,86.87418936446174
2026-08-16T23:30:00+00:00,22411530-3,Dew Point,CURRENT,°C,19.80665480044239
2026-08-16T23:31:00+00:00,22411541-S,Battery,CURRENT,V,8.512928466796875
2026-08-16T23:35:00+00:00,22411189-1,Temperature,CURRENT,°C,22.026577148437504
2026-08-16T23:35:00+00:00,22411189-2,RH,CURRENT,%,89.575036240177
2026-08-16T23:35:00+00:00,22411189-3,Dew Point,CURRENT,°C,20.25976595313293
2026-08-16T23:35:00+00:00,22411190-1,Temperature,CURRENT,°C,22.026577148437504
2026-08-16T23:35:00+00:00,22411190-2,RH,CURRENT,%,86.80704966811628
2026-08-16T23:35:00+00:00,22411190-3,Dew Point,CURRENT,°C,19.751957401167992
2026-08-16T23:35:00+00:00,22411191-1,Temperature,CURRENT,°C,22.005126953124993
2026-08-16T23:35:00+00:00,22411191-2,RH,CURRENT,%,88.79224841687648
2026-08-16T23:35:00+00:00,22411191-3,Dew Point,CURRENT,°C,20.096400119146274
2026-08-16T23:35:00+00:00,22411525-1,Temperature,CURRENT,°C,21.983676757812496
2026-08-16T23:35:00+00:00,22411525-2,RH,CURRENT,%,86.82383459220264
2026-08-16T23:35:00+00:00,22411525-3,Dew Point,CURRENT,°C,19.71286848223142
2026-08-16T23:35:00+00:00,22411526-1,Temperature,CURRENT,°C,22.026577148437504
2026-08-16T23:35:00+00:00,22411526-2,RH,CURRENT,%,87.68902113374533
2026-08-16T23:35:00+00:00,22411526-3,Dew Point,CURRENT,°C,19.915280298668964
2026-08-16T23:35:00+00:00,22411527-1,Temperature,CURRENT,°C,22.005126953124993
2026-08-16T23:35:00+00:00,22411527-2,RH,CURRENT,%,86.98405432211796
2026-08-16T23:35:00+00:00,22411527-3,Dew Point,CURRENT,°C,19.763740839668117
2026-08-16T23:35:00+00:00,22411528-1,Temperature,CURRENT,°C,22.026577148437504
2026-08-16T23:35:00+00:00,22411528-2,RH,CURRENT,%,88.98146028839551
2026-08-16T23:35:00+00:00,22411528-3,Dew Point,CURRENT,°C,20.152037242865486
2026-08-16T23:35:00+00:00,22411529-1,Temperature,CURRENT,°C,22.155278320312497
2026-08-16T23:35:00+00:00,22411529-2,RH,CURRENT,%,89.51094834821087
2026-08-16T23:35:00+00:00,22411529-3,Dew Point,CURRENT,°C,20.37528155315891
2026-08-16T23:35:00+00:00,22411530-1,Temperature,CURRENT,°C,22.026577148437504
2026-08-16T23:35:00+00:00,22411530-2,RH,CURRENT,%,87.3136491950866
2026-08-16T23:35:00+00:00,22411530-3,Dew Point,CURRENT,°C,19.84594557190061
2026-08-16T23:36:00+00:00,22411541-S,Battery,CURRENT,V,8.50969775390625
2026-08-16T23:40:00+00:00,22411189-1,Temperature,CURRENT,°C,21.940776367187503
2026-08-16T23:40:00+00:00,22411189-2,RH,CURRENT,%,89.30037384603646
2026-08-16T23:40:00+00:00,22411189-3,Dew Point,CURRENT,°C,20.12527502871993
2026-08-16T23:40:00+00:00,22411190-1,Temperature,CURRENT,°C,21.940776367187503
2026-08-16T23:40:00+00:00,22411190-2,RH,CURRENT,%,86.61936369878691
2026-08-16T23:40:00+00:00,22411190-3,Dew Point,CURRENT,°C,19.63261818348165
2026-08-16T23:40:00+00:00,22411191-1,Temperature,CURRENT,°C,21.9622265625
2026-08-16T23:40:00+00:00,22411191-2,RH,CURRENT,%,88.47791256580453
2026-08-16T23:40:00+00:00,22411191-3,Dew Point,CURRENT,°C,19.99668793029378
2026-08-16T23:40:00+00:00,22411525-1,Temperature,CURRENT,°C,21.940776367187503
2026-08-16T23:40:00+00:00,22411525-2,RH,CURRENT,%,86.5644312199588
2026-08-16T23:40:00+00:00,22411525-3,Dew Point,CURRENT,°C,19.62238522894689
2026-08-16T23:40:00+00:00,22411526-1,Temperature,CURRENT,°C,21.940776367187503
2026-08-16T23:40:00+00:00,22411526-2,RH,CURRENT,%,87.6401922636759
2026-08-16T23:40:00+00:00,22411526-3,Dew Point,CURRENT,°C,19.82175523708923
2026-08-16T23:40:00+00:00,22411527-1,Temperature,CURRENT,°C,21.9622265625
2026-08-16T23:40:00+00:00,22411527-2,RH,CURRENT,%,86.85282673380637
2026-08-16T23:40:00+00:00,22411527-3,Dew Point,CURRENT,°C,19.697151308317093
2026-08-16T23:40:00+00:00,22411528-1,Temperature,CURRENT,°C,21.919326171874992
2026-08-16T23:40:00+00:00,22411528-2,RH,CURRENT,%,89.05317769130998
2026-08-16T23:40:00+00:00,22411528-3,Dew Point,CURRENT,°C,20.05922343092502
2026-08-16T23:40:00+00:00,22411529-1,Temperature,CURRENT,°C,22.005126953124993
2026-08-16T23:40:00+00:00,22411529-2,RH,CURRENT,%,89.20881971465629
2026-08-16T23:40:00+00:00,22411529-3,Dew Point,CURRENT,°C,20.172197740280694
2026-08-16T23:40:00+00:00,22411530-1,Temperature,CURRENT,°C,21.9622265625
2026-08-16T23:40:00+00:00,22411530-2,RH,CURRENT,%,86.97489890897994
2026-08-16T23:40:00+00:00,22411530-3,Dew Point,CURRENT,°C,19.71982123445244
2026-08-16T23:41:00+00:00,22411541-S,Battery,CURRENT,V,8.503236328125
2026-08-16T23:45:00+00:00,22411189-1,Temperature,CURRENT,°C,21.87642578125
2026-08-16T23:45:00+00:00,22411189-2,RH,CURRENT,%,89.68947890440222
2026-08-16T23:45:00+00:00,22411189-3,Dew Point,CURRENT,°C,20.132123199605164
2026-08-16T23:45:00+00:00,22411190-1,Temperature,CURRENT,°C,21.897875976562496
2026-08-16T23:45:00+00:00,22411190-2,RH,CURRENT,%,86.95353627832456
2026-08-16T23:45:00+00:00,22411190-3,Dew Point,CURRENT,°C,19.652527838770833
2026-08-16T23:45:00+00:00,22411191-1,Temperature,CURRENT,°C,21.940776367187503
2026-08-16T23:45:00+00:00,22411191-2,RH,CURRENT,%,88.79224841687648
2026-08-16T23:45:00+00:00,22411191-3,Dew Point,CURRENT,°C,20.032905608625413
2026-08-16T23:45:00+00:00,22411525-1,Temperature,CURRENT,°C,21.897875976562496
2026-08-16T23:45:00+00:00,22411525-2,RH,CURRENT,%,86.9214923323415
2026-08-16T23:45:00+00:00,22411525-3,Dew Point,CURRENT,°C,19.646581326751086
2026-08-16T23:45:00+00:00,22411526-1,Temperature,CURRENT,°C,21.854975585937503
2026-08-16T23:45:00+00:00,22411526-2,RH,CURRENT,%,88.02929732204166
2026-08-16T23:45:00+00:00,22411526-3,Dew Point,CURRENT,°C,19.80877290244182
2026-08-16T23:45:00+00:00,22411527-1,Temperature,CURRENT,°C,21.919326171874992
2026-08-16T23:45:00+00:00,22411527-2,RH,CURRENT,%,87.177843900206
2026-08-16T23:45:00+00:00,22411527-3,Dew Point,CURRENT,°C,19.715216081132567
2026-08-16T23:45:00+00:00,22411528-1,Temperature,CURRENT,°C,21.83352539062499
2026-08-16T23:45:00+00:00,22411528-2,RH,CURRENT,%,89.55367360952162
2026-08-16T23:45:00+00:00,22411528-3,Dew Point,CURRENT,°C,20.06521127210599
2026-08-16T23:45:00+00:00,22411529-1,Temperature,CURRENT,°C,21.87642578125
2026-08-16T23:45:00+00:00,22411529-2,RH,CURRENT,%,89.71694514381628
2026-08-16T23:45:00+00:00,22411529-3,Dew Point,CURRENT,°C,20.137081699344122
2026-08-16T23:45:00+00:00,22411530-1,Temperature,CURRENT,°C,21.919326171874992
2026-08-16T23:45:00+00:00,22411530-2,RH,CURRENT,%,87.31059739070726
2026-08-16T23:45:00+00:00,22411530-3,Dew Point,CURRENT,°C,19.73977990178405
2026-08-16T23:46:00+00:00,22411541-S,Battery,CURRENT,V,8.500005615234375
2026-08-16T23:50:00+00:00,22411189-1,Temperature,CURRENT,°C,21.812075195312495
2026-08-16T23:50:00+00:00,22411189-2,RH,CURRENT,%,90.07400625619898
2026-08-16T23:50:00+00:00,22411189-3,Dew Point,CURRENT,°C,20.13781233666146
2026-08-16T23:50:00+00:00,22411190-1,Temperature,CURRENT,°C,21.83352539062499
2026-08-16T23:50:00+00:00,22411190-2,RH,CURRENT,%,87.34721904325933
2026-08-16T23:50:00+00:00,22411190-3,Dew Point,CURRENT,°C,19.66206467269672
2026-08-16T23:50:00+00:00,22411191-1,Temperature,CURRENT,°C,21.87642578125
2026-08-16T23:50:00+00:00,22411191-2,RH,CURRENT,%,89.19203479056992
2026-08-16T23:50:00+00:00,22411191-3,Dew Point,CURRENT,°C,20.042088690494317
2026-08-16T23:50:00+00:00,22411525-1,Temperature,CURRENT,°C,21.854975585937503
2026-08-16T23:50:00+00:00,22411525-2,RH,CURRENT,%,87.24040588998245
2026-08-16T23:50:00+00:00,22411525-3,Dew Point,CURRENT,°C,19.66344169432019
2026-08-16T23:50:00+00:00,22411526-1,Temperature,CURRENT,°C,21.769174804687502
2026-08-16T23:50:00+00:00,22411526-2,RH,CURRENT,%,88.39551384756237
2026-08-16T23:50:00+00:00,22411526-3,Dew Point,CURRENT,°C,19.791238734229232
2026-08-16T23:50:00+00:00,22411527-1,Temperature,CURRENT,°C,21.87642578125
2026-08-16T23:50:00+00:00,22411527-2,RH,CURRENT,%,87.4189364461738
2026-08-16T23:50:00+00:00,22411527-3,Dew Point,CURRENT,°C,19.717554901953214
2026-08-16T23:50:00+00:00,22411528-1,Temperature,CURRENT,°C,21.74772460937499
2026-08-16T23:50:00+00:00,22411528-2,RH,CURRENT,%,89.80544747081711
2026-08-16T23:50:00+00:00,22411528-3,Dew Point,CURRENT,°C,20.025878825810867
2026-08-16T23:50:00+00:00,22411529-1,Temperature,CURRENT,°C,21.812075195312495
2026-08-16T23:50:00+00:00,22411529-2,RH,CURRENT,%,90.30899519340811
2026-08-16T23:50:00+00:00,22411529-3,Dew Point,CURRENT,°C,20.18001336398165
2026-08-16T23:50:00+00:00,22411530-1,Temperature,CURRENT,°C,21.854975585937503
2026-08-16T23:50:00+00:00,22411530-2,RH,CURRENT,%,87.695124742504
2026-08-16T23:50:00+00:00,22411530-3,Dew Point,CURRENT,°C,19.747350564245533
2026-08-16T23:51:00+00:00,22411541-S,Battery,CURRENT,V,8.487082763671875
2026-08-16T23:55:00+00:00,22411189-1,Temperature,CURRENT,°C,21.74772460937499
2026-08-16T23:55:00+00:00,22411189-2,RH,CURRENT,%,90.50125886930648
2026-08-16T23:55:00+00:00,22411189-3,Dew Point,CURRENT,°C,20.150822721555105
2026-08-16T23:55:00+00:00,22411190-1,Temperature,CURRENT,°C,21.769174804687502
2026-08-16T23:55:00+00:00,22411190-2,RH,CURRENT,%,87.68139162279698
2026-08-16T23:55:00+00:00,22411190-3,Dew Point,CURRENT,°C,19.660295454488466
2026-08-16T23:55:00+00:00,22411191-1,Temperature,CURRENT,°C,21.812075195312495
2026-08-16T23:55:00+00:00,22411191-2,RH,CURRENT,%,89.6406500343328
2026-08-16T23:55:00+00:00,22411191-3,Dew Point,CURRENT,°C,20.059733966016772
2026-08-16T23:55:00+00:00,22411525-1,Temperature,CURRENT,°C,21.790625
2026-08-16T23:55:00+00:00,22411525-2,RH,CURRENT,%,87.68444342717632
2026-08-16T23:55:00+00:00,22411525-3,Dew Point,CURRENT,°C,19.68198879035899
2026-08-16T23:55:00+00:00,22411526-1,Temperature,CURRENT,°C,21.704824218749998
2026-08-16T23:55:00+00:00,22411526-2,RH,CURRENT,%,88.89295796139467
2026-08-16T23:55:00+00:00,22411526-3,Dew Point,CURRENT,°C,19.818401359277438
2026-08-16T23:55:00+00:00,22411527-1,Temperature,CURRENT,°C,21.812075195312495
2026-08-16T23:55:00+00:00,22411527-2,RH,CURRENT,%,87.8767071030747
2026-08-16T23:55:00+00:00,22411527-3,Dew Point,CURRENT,°C,19.73847651389991
2026-08-16T23:55:00+00:00,22411528-1,Temperature,CURRENT,°C,21.6833740234375
2026-08-16T23:55:00+00:00,22411528-2,RH,CURRENT,%,90.37308308537423
2026-08-16T23:55:00+00:00,22411528-3,Dew Point,CURRENT,°C,20.0642337300592
2026-08-16T23:55:00+00:00,22411529-1,Temperature,CURRENT,°C,21.74772460937499
2026-08-16T23:55:00+00:00,22411529-2,RH,CURRENT,%,90.82932784008545
2026-08-16T23:55:00+00:00,22411529-3,Dew Point,CURRENT,°C,20.209441532351143
2026-08-16T23:55:00+00:00,22411530-1,Temperature,CURRENT,°C,21.812075195312495
2026-08-16T23:55:00+00:00,22411530-2,RH,CURRENT,%,88.11017013809415
2026-08-16T23:55:00+00:00,22411530-3,Dew Point,CURRENT,°C,19.781317943504977
2026-08-16T23:56:00+00:00,22411541-S,Battery,CURRENT,V,8.487082763671875
