timestamp_utc,sensor_sn,measurement_type,data_type,units,value
2026-08-22T00:00:00+00:00,22411189-1,Temperature,CURRENT,°C,19.06645019531249
2026-08-22T00:00:00+00:00,22411189-2,RH,CURRENT,%,73.25398641947051
2026-08-22T00:00:00+00:00,22411189-3,Dew Point,CURRENT,°C,14.18788279434295
2026-08-22T00:00:00+00:00,22411190-1,Temperature,CURRENT,°C,19.559804687499998
2026-08-22T00:00:00+00:00,22411190-2,RH,CURRENT,%,69.59639887083237
2026-08-22T00:00:00+00:00,22411190-3,Dew Point,CURRENT,°C,13.871172697177197
2026-08-22T00:00:00+00:00,22411191-1,Temperature,CURRENT,°C,20.160410156250002
2026-08-22T00:00:00+00:00,22411191-2,RH,CURRENT,%,68.19562066071565
2026-08-22T00:00:00+00:00,22411191-3,Dew Point,CURRENT,°C,14.131771355748182
2026-08-22T00:00:00+00:00,22411525-1,Temperature,CURRENT,°C,20.310561523437492
2026-08-22T00:00:00+00:00,22411525-2,RH,CURRENT,%,66.48508430609598
2026-08-22T00:00:00+00:00,22411525-3,Dew Point,CURRENT,°C,13.88290012697658
2026-08-22T00:00:00+00:00,22411526-1,Temperature,CURRENT,°C,18.551645507812502
2026-08-22T00:00:00+00:00,22411526-2,RH,CURRENT,%,74.64560921644923
2026-08-22T00:00:00+00:00,22411526-3,Dew Point,CURRENT,°C,13.98179716646677
2026-08-22T00:00:00+00:00,22411527-1,Temperature,CURRENT,°C,20.460712890624997
2026-08-22T00:00:00+00:00,22411527-2,RH,CURRENT,%,66.24704356450752
2026-08-22T00:00:00+00:00,22411527-3,Dew Point,CURRENT,°C,13.97050520295212
2026-08-22T00:00:00+00:00,22411528-1,Temperature,CURRENT,°C,18.229892578124996
2026-08-22T00:00:00+00:00,22411528-2,RH,CURRENT,%,77.4715800717174
2026-08-22T00:00:00+00:00,22411528-3,Dew Point,CURRENT,°C,14.244254239085029
2026-08-22T00:00:00+00:00,22411529-1,Temperature,CURRENT,°C,18.101191406250003
2026-08-22T00:00:00+00:00,22411529-2,RH,CURRENT,%,82.10421911955444
2026-08-22T00:00:00+00:00,22411529-3,Dew Point,CURRENT,°C,15.01971871028774
2026-08-22T00:00:00+00:00,22411530-1,Temperature,CURRENT,°C,19.924458007812497
2026-08-22T00:00:00+00:00,22411530-2,RH,CURRENT,%,68.35736629282063
2026-08-22T00:00:00+00:00,22411530-3,Dew Point,CURRENT,°C,13.94294521157449
2026-08-22T00:01:00+00:00,22411541-S,Battery,CURRENT,V,8.419237792968751
2026-08-22T00:05:00+00:00,22411189-1,Temperature,CURRENT,°C,18.959199218749994
2026-08-22T00:05:00+00:00,22411189-2,RH,CURRENT,%,74.52353704127566
2026-08-22T00:05:00+00:00,22411189-3,Dew Point,CURRENT,°C,14.350152499010168
2026-08-22T00:05:00+00:00,22411190-1,Temperature,CURRENT,°C,19.431103515625004
2026-08-22T00:05:00+00:00,22411190-2,RH,CURRENT,%,70.7011520561532
2026-08-22T00:05:00+00:00,22411190-3,Dew Point,CURRENT,°C,13.99072657707739
2026-08-22T00:05:00+00:00,22411191-1,Temperature,CURRENT,°C,20.031708984374994
2026-08-22T00:05:00+00:00,22411191-2,RH,CURRENT,%,69.15388723582818
2026-08-22T00:05:00+00:00,22411191-3,Dew Point,CURRENT,°C,14.224393507266067
2026-08-22T00:05:00+00:00,22411525-1,Temperature,CURRENT,°C,20.1818603515625
2026-08-22T00:05:00+00:00,22411525-2,RH,CURRENT,%,67.46776531624323
2026-08-22T00:05:00+00:00,22411525-3,Dew Point,CURRENT,°C,13.986567432094306
2026-08-22T00:05:00+00:00,22411526-1,Temperature,CURRENT,°C,18.401494140624997
2026-08-22T00:05:00+00:00,22411526-2,RH,CURRENT,%,76.07690547035935
2026-08-22T00:05:00+00:00,22411526-3,Dew Point,CURRENT,°C,14.129824590550573
2026-08-22T00:05:00+00:00,22411527-1,Temperature,CURRENT,°C,20.332011718750003
2026-08-22T00:05:00+00:00,22411527-2,RH,CURRENT,%,67.2434576943618
2026-08-22T00:05:00+00:00,22411527-3,Dew Point,CURRENT,°C,14.078349996414415
2026-08-22T00:05:00+00:00,22411528-1,Temperature,CURRENT,°C,18.058291015624995
2026-08-22T00:05:00+00:00,22411528-2,RH,CURRENT,%,79.35912108033875
2026-08-22T00:05:00+00:00,22411528-3,Dew Point,CURRENT,°C,14.449999917364101
2026-08-22T00:05:00+00:00,22411529-1,Temperature,CURRENT,°C,17.629287109374992
2026-08-22T00:05:00+00:00,22411529-2,RH,CURRENT,%,84.13366903181506
2026-08-22T00:05:00+00:00,22411529-3,Dew Point,CURRENT,°C,14.937527543753466
2026-08-22T00:05:00+00:00,22411530-1,Temperature,CURRENT,°C,19.795756835937503
2026-08-22T00:05:00+00:00,22411530-2,RH,CURRENT,%,69.21644922560463
2026-08-22T00:05:00+00:00,22411530-3,Dew Point,CURRENT,°C,14.012594060373424
2026-08-22T00:06:00+00:00,22411541-S,Battery,CURRENT,V,8.419237792968751
2026-08-22T00:10:00+00:00,22411189-1,Temperature,CURRENT,°C,18.508745117187495
2026-08-22T00:10:00+00:00,22411189-2,RH,CURRENT,%,76.15930418860151
2026-08-22T00:10:00+00:00,22411189-3,Dew Point,CURRENT,°C,14.2504106710261
2026-08-22T00:10:00+00:00,22411190-1,Temperature,CURRENT,°C,19.044999999999995
2026-08-22T00:10:00+00:00,22411190-2,RH,CURRENT,%,72.2392614633402
2026-08-22T00:10:00+00:00,22411190-3,Dew Point,CURRENT,°C,13.951838273857886
2026-08-22T00:10:00+00:00,22411191-1,Temperature,CURRENT,°C,19.709956054687503
2026-08-22T00:10:00+00:00,22411191-2,RH,CURRENT,%,70.52719920653087
2026-08-22T00:10:00+00:00,22411191-3,Dew Point,CURRENT,°C,14.22017969056307
2026-08-22T00:10:00+00:00,22411525-1,Temperature,CURRENT,°C,19.81720703125
2026-08-22T00:10:00+00:00,22411525-2,RH,CURRENT,%,68.87922484168764
2026-08-22T00:10:00+00:00,22411525-3,Dew Point,CURRENT,°C,13.957750189422908
2026-08-22T00:10:00+00:00,22411526-1,Temperature,CURRENT,°C,18.058291015624995
2026-08-22T00:10:00+00:00,22411526-2,RH,CURRENT,%,76.87647821774624
2026-08-22T00:10:00+00:00,22411526-3,Dew Point,CURRENT,°C,13.958698061172356
2026-08-22T00:10:00+00:00,22411527-1,Temperature,CURRENT,°C,19.967358398437504
2026-08-22T00:10:00+00:00,22411527-2,RH,CURRENT,%,68.69001297016861
2026-08-22T00:10:00+00:00,22411527-3,Dew Point,CURRENT,°C,14.058863914658822
2026-08-22T00:10:00+00:00,22411528-1,Temperature,CURRENT,°C,17.715087890624993
2026-08-22T00:10:00+00:00,22411528-2,RH,CURRENT,%,80.55848020141909
2026-08-22T00:10:00+00:00,22411528-3,Dew Point,CURRENT,°C,14.347854238387058
2026-08-22T00:10:00+00:00,22411529-1,Temperature,CURRENT,°C,17.3933349609375
2026-08-22T00:10:00+00:00,22411529-2,RH,CURRENT,%,85.94491493095292
2026-08-22T00:10:00+00:00,22411529-3,Dew Point,CURRENT,°C,15.03718939992978
2026-08-22T00:10:00+00:00,22411530-1,Temperature,CURRENT,°C,19.431103515625004
2026-08-22T00:10:00+00:00,22411530-2,RH,CURRENT,%,70.61264972915237
2026-08-22T00:10:00+00:00,22411530-3,Dew Point,CURRENT,°C,13.97139897739904
2026-08-22T00:11:00+00:00,22411541-S,Battery,CURRENT,V,8.419237792968751
2026-08-22T00:15:00+00:00,22411189-1,Temperature,CURRENT,°C,18.272792968750004
2026-08-22T00:15:00+00:00,22411189-2,RH,CURRENT,%,77.21675440604257
2026-08-22T00:15:00+00:00,22411189-3,Dew Point,CURRENT,°C,14.234935631124069
2026-08-22T00:15:00+00:00,22411190-1,Temperature,CURRENT,°C,18.809047851562504
2026-08-22T00:15:00+00:00,22411190-2,RH,CURRENT,%,72.99000534065766
2026-08-22T00:15:00+00:00,22411190-3,Dew Point,CURRENT,°C,13.884142866741595
2026-08-22T00:15:00+00:00,22411191-1,Temperature,CURRENT,°C,19.559804687499998
2026-08-22T00:15:00+00:00,22411191-2,RH,CURRENT,%,71.06736858167392
2026-08-22T00:15:00+00:00,22411191-3,Dew Point,CURRENT,°C,14.194039028567516
2026-08-22T00:15:00+00:00,22411525-1,Temperature,CURRENT,°C,19.752856445312496
2026-08-22T00:15:00+00:00,22411525-2,RH,CURRENT,%,69.16151674677653
2026-08-22T00:15:00+00:00,22411525-3,Dew Point,CURRENT,°C,13.959292624900808
2026-08-22T00:15:00+00:00,22411526-1,Temperature,CURRENT,°C,17.715087890624993
2026-08-22T00:15:00+00:00,22411526-2,RH,CURRENT,%,78.88303959716183
2026-08-22T00:15:00+00:00,22411526-3,Dew Point,CURRENT,°C,14.02302417269383
2026-08-22T00:15:00+00:00,22411527-1,Temperature,CURRENT,°C,19.924458007812497
2026-08-22T00:15:00+00:00,22411527-2,RH,CURRENT,%,68.81361104753185
2026-08-22T00:15:00+00:00,22411527-3,Dew Point,CURRENT,°C,14.04560268795077
2026-08-22T00:15:00+00:00,22411528-1,Temperature,CURRENT,°C,17.350434570312494
2026-08-22T00:15:00+00:00,22411528-2,RH,CURRENT,%,81.9851987487602
2026-08-22T00:15:00+00:00,22411528-3,Dew Point,CURRENT,°C,14.263446476905408
2026-08-22T00:15:00+00:00,22411529-1,Temperature,CURRENT,°C,16.942880859374995
2026-08-22T00:15:00+00:00,22411529-2,RH,CURRENT,%,87.05424582284276
2026-08-22T00:15:00+00:00,22411529-3,Dew Point,CURRENT,°C,14.793400356029244
2026-08-22T00:15:00+00:00,22411530-1,Temperature,CURRENT,°C,19.238051757812492
2026-08-22T00:15:00+00:00,22411530-2,RH,CURRENT,%,71.39696345464256
2026-08-22T00:15:00+00:00,22411530-3,Dew Point,CURRENT,°C,13.956494569883972
2026-08-22T00:16:00+00:00,22411541-S,Battery,CURRENT,V,8.409545654296876
2026-08-22T00:20:00+00:00,22411189-1,Temperature,CURRENT,°C,18.165541992187492
2026-08-22T00:20:00+00:00,22411189-2,RH,CURRENT,%,77.54940108339055
2026-08-22T00:20:00+00:00,22411189-3,Dew Point,CURRENT,°C,14.19732235148821
2026-08-22T00:20:00+00:00,22411190-1,Temperature,CURRENT,°C,18.744697265625
2026-08-22T00:20:00+00:00,22411190-2,RH,CURRENT,%,73.26314183260853
2026-08-22T00:20:00+00:00,22411190-3,Dew Point,CURRENT,°C,13.87972766883747
2026-08-22T00:20:00+00:00,22411191-1,Temperature,CURRENT,°C,19.559804687499998
2026-08-22T00:20:00+00:00,22411191-2,RH,CURRENT,%,71.22301060502022
2026-08-22T00:20:00+00:00,22411191-3,Dew Point,CURRENT,°C,14.227857366971591
2026-08-22T00:20:00+00:00,22411525-1,Temperature,CURRENT,°C,19.709956054687503
2026-08-22T00:20:00+00:00,22411525-2,RH,CURRENT,%,69.36751354238193
2026-08-22T00:20:00+00:00,22411525-3,Dew Point,CURRENT,°C,13.964120790915047
2026-08-22T00:20:00+00:00,22411526-1,Temperature,CURRENT,°C,17.479135742187502
2026-08-22T00:20:00+00:00,22411526-2,RH,CURRENT,%,79.3316548409247
2026-08-22T00:20:00+00:00,22411526-3,Dew Point,CURRENT,°C,13.880923163803427
2026-08-22T00:20:00+00:00,22411527-1,Temperature,CURRENT,°C,19.860107421874993
2026-08-22T00:20:00+00:00,22411527-2,RH,CURRENT,%,69.16151674677653
2026-08-22T00:20:00+00:00,22411527-3,Dew Point,CURRENT,°C,14.061912054149145
2026-08-22T00:20:00+00:00,22411528-1,Temperature,CURRENT,°C,17.114482421874996
2026-08-22T00:20:00+00:00,22411528-2,RH,CURRENT,%,82.60776684214542
2026-08-22T00:20:00+00:00,22411528-3,Dew Point,CURRENT,°C,14.149675690347866
2026-08-22T00:20:00+00:00,22411529-1,Temperature,CURRENT,°C,16.578227539062496
2026-08-22T00:20:00+00:00,22411529-2,RH,CURRENT,%,87.67223620965896
2026-08-22T00:20:00+00:00,22411529-3,Dew Point,CURRENT,°C,14.543956602506633
2026-08-22T00:20:00+00:00,22411530-1,Temperature,CURRENT,°C,19.259501953125003
2026-08-22T00:20:00+00:00,22411530-2,RH,CURRENT,%,71.4000152590219
2026-08-22T00:20:00+00:00,22411530-3,Dew Point,CURRENT,°C,13.97776013896528
2026-08-22T00:21:00+00:00,22411541-S,Battery,CURRENT,V,8.403084228515626
2026-08-22T00:25:00+00:00,22411189-1,Temperature,CURRENT,°C,18.015390625000002
2026-08-22T00:25:00+00:00,22411189-2,RH,CURRENT,%,78.20401312275884
2026-08-22T00:25:00+00:00,22411189-3,Dew Point,CURRENT,°C,14.181430900841335
2026-08-22T00:25:00+00:00,22411190-1,Temperature,CURRENT,°C,18.551645507812502
2026-08-22T00:25:00+00:00,22411190-2,RH,CURRENT,%,73.95590142671854
2026-08-22T00:25:00+00:00,22411190-3,Dew Point,CURRENT,°C,13.838641606280074
2026-08-22T00:25:00+00:00,22411191-1,Temperature,CURRENT,°C,19.259501953125003
2026-08-22T00:25:00+00:00,22411191-2,RH,CURRENT,%,72.22552834363317
2026-08-22T00:25:00+00:00,22411191-3,Dew Point,CURRENT,°C,14.155260648098782
2026-08-22T00:25:00+00:00,22411525-1,Temperature,CURRENT,°C,19.431103515625004
2026-08-22T00:25:00+00:00,22411525-2,RH,CURRENT,%,70.20218204013123
2026-08-22T00:25:00+00:00,22411525-3,Dew Point,CURRENT,°C,13.881480071371799
2026-08-22T00:25:00+00:00,22411526-1,Temperature,CURRENT,°C,17.3075341796875
2026-08-22T00:25:00+00:00,22411526-2,RH,CURRENT,%,80.02288853284504
2026-08-22T00:25:00+00:00,22411526-3,Dew Point,CURRENT,°C,13.847542469915345
2026-08-22T00:25:00+00:00,22411527-1,Temperature,CURRENT,°C,19.581254882812495
2026-08-22T00:25:00+00:00,22411527-2,RH,CURRENT,%,69.99923704890516
2026-08-22T00:25:00+00:00,22411527-3,Dew Point,CURRENT,°C,13.980738413220072
2026-08-22T00:25:00+00:00,22411528-1,Temperature,CURRENT,°C,16.942880859374995
2026-08-22T00:25:00+00:00,22411528-2,RH,CURRENT,%,83.06706340123598
2026-08-22T00:25:00+00:00,22411528-3,Dew Point,CURRENT,°C,14.067389500179871
2026-08-22T00:25:00+00:00,22411529-1,Temperature,CURRENT,°C,16.342275390624998
2026-08-22T00:25:00+00:00,22411529-2,RH,CURRENT,%,89.25612268253604
2026-08-22T00:25:00+00:00,22411529-3,Dew Point,CURRENT,°C,14.588740210958221
2026-08-22T00:25:00+00:00,22411530-1,Temperature,CURRENT,°C,19.002099609375
2026-08-22T00:25:00+00:00,22411530-2,RH,CURRENT,%,72.2240024414435
2026-08-22T00:25:00+00:00,22411530-3,Dew Point,CURRENT,°C,13.907307584440174
2026-08-22T00:26:00+00:00,22411541-S,Battery,CURRENT,V,8.403084228515626
2026-08-22T00:30:00+00:00,22411189-1,Temperature,CURRENT,°C,17.972490234374995
2026-08-22T00:30:00+00:00,22411189-2,RH,CURRENT,%,78.17654688334478
2026-08-22T00:30:00+00:00,22411189-3,Dew Point,CURRENT,°C,14.134321534869175
2026-08-22T00:30:00+00:00,22411190-1,Temperature,CURRENT,°C,18.444394531250005
2026-08-22T00:30:00+00:00,22411190-2,RH,CURRENT,%,74.24734874494546
2026-08-22T00:30:00+00:00,22411190-3,Dew Point,CURRENT,°C,13.79573899548193
2026-08-22T00:30:00+00:00,22411191-1,Temperature,CURRENT,°C,18.959199218749994
2026-08-22T00:30:00+00:00,22411191-2,RH,CURRENT,%,73.25856412603952
2026-08-22T00:30:00+00:00,22411191-3,Dew Point,CURRENT,°C,14.085488825633586
2026-08-22T00:30:00+00:00,22411525-1,Temperature,CURRENT,°C,19.1093505859375
2026-08-22T00:30:00+00:00,22411525-2,RH,CURRENT,%,71.28252079041734
2026-08-22T00:30:00+00:00,22411525-3,Dew Point,CURRENT,°C,13.808135028308797
2026-08-22T00:30:00+00:00,22411526-1,Temperature,CURRENT,°C,17.264633789062493
2026-08-22T00:30:00+00:00,22411526-2,RH,CURRENT,%,80.30518043793393
2026-08-22T00:30:00+00:00,22411526-3,Dew Point,CURRENT,°C,13.860012309822784
2026-08-22T00:30:00+00:00,22411527-1,Temperature,CURRENT,°C,19.302402343749996
2026-08-22T00:30:00+00:00,22411527-2,RH,CURRENT,%,70.937666895552
2026-08-22T00:30:00+00:00,22411527-3,Dew Point,CURRENT,°C,13.918737875941549
2026-08-22T00:30:00+00:00,22411528-1,Temperature,CURRENT,°C,16.835629882812498
2026-08-22T00:30:00+00:00,22411528-2,RH,CURRENT,%,83.61028458075837
2026-08-22T00:30:00+00:00,22411528-3,Dew Point,CURRENT,°C,14.063002300925039
2026-08-22T00:30:00+00:00,22411529-1,Temperature,CURRENT,°C,16.1492236328125
2026-08-22T00:30:00+00:00,22411529-2,RH,CURRENT,%,90.65079728389411
2026-08-22T00:30:00+00:00,22411529-3,Dew Point,CURRENT,°C,14.638337752854163
2026-08-22T00:30:00+00:00,22411530-1,Temperature,CURRENT,°C,18.766147460937496
2026-08-22T00:30:00+00:00,22411530-2,RH,CURRENT,%,72.99458304722667
2026-08-22T00:30:00+00:00,22411530-3,Dew Point,CURRENT,°C,13.843782826718533
2026-08-22T00:31:00+00:00,22411541-S,Battery,CURRENT,V,8.403084228515626
2026-08-22T00:35:00+00:00,22411189-1,Temperature,CURRENT,°C,17.75798828125
2026-08-22T00:35:00+00:00,22411189-2,RH,CURRENT,%,79.00663767452507
2026-08-22T00:35:00+00:00,22411189-3,Dew Point,CURRENT,°C,14.088928651147732
2026-08-22T00:35:00+00:00,22411190-1,Temperature,CURRENT,°C,18.401494140624997
2026-08-22T00:35:00+00:00,22411190-2,RH,CURRENT,%,74.36636911573969
2026-08-22T00:35:00+00:00,22411190-3,Dew Point,CURRENT,°C,13.778996946485426
2026-08-22T00:35:00+00:00,22411191-1,Temperature,CURRENT,°C,18.851948242187497
2026-08-22T00:35:00+00:00,22411191-2,RH,CURRENT,%,73.72243839169909
2026-08-22T00:35:00+00:00,22411191-3,Dew Point,CURRENT,°C,14.079563515152634
2026-08-22T00:35:00+00:00,22411525-1,Temperature,CURRENT,°C,18.980649414062505
2026-08-22T00:35:00+00:00,22411525-2,RH,CURRENT,%,71.79064621957733
2026-08-22T00:35:00+00:00,22411525-3,Dew Point,CURRENT,°C,13.793911430280057
2026-08-22T00:35:00+00:00,22411526-1,Temperature,CURRENT,°C,16.9643310546875
2026-08-22T00:35:00+00:00,22411526-2,RH,CURRENT,%,81.31837949187457
2026-08-22T00:35:00+00:00,22411526-3,Dew Point,CURRENT,°C,13.760235034067353
2026-08-22T00:35:00+00:00,22411527-1,Temperature,CURRENT,°C,19.130800781249995
2026-08-22T00:35:00+00:00,22411527-2,RH,CURRENT,%,71.55718318455787
2026-08-22T00:35:00+00:00,22411527-3,Dew Point,CURRENT,°C,13.888021112511503
2026-08-22T00:35:00+00:00,22411528-1,Temperature,CURRENT,°C,16.38517578125
2026-08-22T00:35:00+00:00,22411528-2,RH,CURRENT,%,85.54818036163881
2026-08-22T00:35:00+00:00,22411528-3,Dew Point,CURRENT,°C,13.97471912182372
2026-08-22T00:35:00+00:00,22411529-1,Temperature,CURRENT,°C,15.999072265624996
2026-08-22T00:35:00+00:00,22411529-2,RH,CURRENT,%,89.59792477302204
2026-08-22T00:35:00+00:00,22411529-3,Dew Point,CURRENT,°C,14.30888889871472
2026-08-22T00:35:00+00:00,22411530-1,Temperature,CURRENT,°C,18.723247070312503
2026-08-22T00:35:00+00:00,22411530-2,RH,CURRENT,%,73.33791103990234
2026-08-22T00:35:00+00:00,22411530-3,Dew Point,CURRENT,°C,13.87478001006821
2026-08-22T00:36:00+00:00,22411541-S,Battery,CURRENT,V,8.390161376953126
2026-08-22T00:40:00+00:00,22411189-1,Temperature,CURRENT,°C,17.75798828125
2026-08-22T00:40:00+00:00,22411189-2,RH,CURRENT,%,79.01579308766308
2026-08-22T00:40:00+00:00,22411189-3,Dew Point,CURRENT,°C,14.090718194540074
2026-08-22T00:40:00+00:00,22411190-1,Temperature,CURRENT,°C,18.422944335937494
2026-08-22T00:40:00+00:00,22411190-2,RH,CURRENT,%,74.08255130846113
2026-08-22T00:40:00+00:00,22411190-3,Dew Point,CURRENT,°C,13.740805031114446
2026-08-22T00:40:00+00:00,22411191-1,Temperature,CURRENT,°C,18.873398437499993
2026-08-22T00:40:00+00:00,22411191-2,RH,CURRENT,%,73.3699549858854
2026-08-22T00:40:00+00:00,22411191-3,Dew Point,CURRENT,°C,14.026250427112615
2026-08-22T00:40:00+00:00,22411525-1,Temperature,CURRENT,°C,18.980649414062505
2026-08-22T00:40:00+00:00,22411525-2,RH,CURRENT,%,71.47936217288472
2026-08-22T00:40:00+00:00,22411525-3,Dew Point,CURRENT,°C,13.726977197757835
2026-08-22T00:40:00+00:00,22411526-1,Temperature,CURRENT,°C,16.792729492187497
2026-08-22T00:40:00+00:00,22411526-2,RH,CURRENT,%,82.17288471808958
2026-08-22T00:40:00+00:00,22411526-3,Dew Point,CURRENT,°C,13.753589775221954
2026-08-22T00:40:00+00:00,22411527-1,Temperature,CURRENT,°C,19.1093505859375
2026-08-22T00:40:00+00:00,22411527-2,RH,CURRENT,%,71.27336537727932
2026-08-22T00:40:00+00:00,22411527-3,Dew Point,CURRENT,°C,13.806155780708863
2026-08-22T00:40:00+00:00,22411528-1,Temperature,CURRENT,°C,16.127773437499997
2026-08-22T00:40:00+00:00,22411528-2,RH,CURRENT,%,86.58121614404517
2026-08-22T00:40:00+00:00,22411528-3,Dew Point,CURRENT,°C,13.90678268155335
2026-08-22T00:40:00+00:00,22411529-1,Temperature,CURRENT,°C,15.720219726562497
2026-08-22T00:40:00+00:00,22411529-2,RH,CURRENT,%,90.24948500801099
2026-08-22T00:40:00+00:00,22411529-3,Dew Point,CURRENT,°C,14.145243995968361
2026-08-22T00:40:00+00:00,22411530-1,Temperature,CURRENT,°C,18.766147460937496
2026-08-22T00:40:00+00:00,22411530-2,RH,CURRENT,%,72.90608072022583
2026-08-22T00:40:00+00:00,22411530-3,Dew Point,CURRENT,°C,13.825084659265467
2026-08-22T00:41:00+00:00,22411541-S,Battery,CURRENT,V,8.390161376953126
2026-08-22T00:45:00+00:00,22411189-1,Temperature,CURRENT,°C,17.328984374999997
2026-08-22T00:45:00+00:00,22411189-2,RH,CURRENT,%,80.52643625543602
2026-08-22T00:45:00+00:00,22411189-3,Dew Point,CURRENT,°C,13.96518708421077
2026-08-22T00:45:00+00:00,22411190-1,Temperature,CURRENT,°C,18.2942431640625
2026-08-22T00:45:00+00:00,22411190-2,RH,CURRENT,%,74.36636911573969
2026-08-22T00:45:00+00:00,22411190-3,Dew Point,CURRENT,°C,13.67543675331607
2026-08-22T00:45:00+00:00,22411191-1,Temperature,CURRENT,°C,18.916298828125
2026-08-22T00:45:00+00:00,22411191-2,RH,CURRENT,%,73.05409323262379
2026-08-22T00:45:00+00:00,22411191-3,Dew Point,CURRENT,°C,14.001002386264215
2026-08-22T00:45:00+00:00,22411525-1,Temperature,CURRENT,°C,19.023549804687498
2026-08-22T00:45:00+00:00,22411525-2,RH,CURRENT,%,71.0887312123293
2026-08-22T00:45:00+00:00,22411525-3,Dew Point,CURRENT,°C,13.683810347375259
2026-08-22T00:45:00+00:00,22411526-1,Temperature,CURRENT,°C,16.449526367187495
2026-08-22T00:45:00+00:00,22411526-2,RH,CURRENT,%,83.30510414282445
2026-08-22T00:45:00+00:00,22411526-3,Dew Point,CURRENT,°C,13.628441578108404
2026-08-22T00:45:00+00:00,22411527-1,Temperature,CURRENT,°C,19.1951513671875
2026-08-22T00:45:00+00:00,22411527-2,RH,CURRENT,%,70.79728389410239
2026-08-22T00:45:00+00:00,22411527-3,Dew Point,CURRENT,°C,13.785266501943317
2026-08-22T00:45:00+00:00,22411528-1,Temperature,CURRENT,°C,15.784570312500001
2026-08-22T00:45:00+00:00,22411528-2,RH,CURRENT,%,87.89959563591974
2026-08-22T00:45:00+00:00,22411528-3,Dew Point,CURRENT,°C,13.801714304781246
2026-08-22T00:45:00+00:00,22411529-1,Temperature,CURRENT,°C,15.52716796875
2026-08-22T00:45:00+00:00,22411529-2,RH,CURRENT,%,91.3847562371252
2026-08-22T00:45:00+00:00,22411529-3,Dew Point,CURRENT,°C,14.147308934070109
2026-08-22T00:45:00+00:00,22411530-1,Temperature,CURRENT,°C,18.723247070312503
2026-08-22T00:45:00+00:00,22411530-2,RH,CURRENT,%,72.87098496986343
2026-08-22T00:45:00+00:00,22411530-3,Dew Point,CURRENT,°C,13.77634565017314
2026-08-22T00:46:00+00:00,22411541-S,Battery,CURRENT,V,8.396622802734376
2026-08-22T00:50:00+00:00,22411189-1,Temperature,CURRENT,°C,17.0930322265625
2026-08-22T00:50:00+00:00,22411189-2,RH,CURRENT,%,81.90737773708705
2026-08-22T00:50:00+00:00,22411189-3,Dew Point,CURRENT,°C,13.997222054493806
2026-08-22T00:50:00+00:00,22411190-1,Temperature,CURRENT,°C,18.015390625000002
2026-08-22T00:50:00+00:00,22411190-2,RH,CURRENT,%,75.68627450980392
2026-08-22T00:50:00+00:00,22411190-3,Dew Point,CURRENT,°C,13.676692879705922
2026-08-22T00:50:00+00:00,22411191-1,Temperature,CURRENT,°C,18.701796874999992
2026-08-22T00:50:00+00:00,22411191-2,RH,CURRENT,%,73.98641947051193
2026-08-22T00:50:00+00:00,22411191-3,Dew Point,CURRENT,°C,13.989888134772626
2026-08-22T00:50:00+00:00,22411525-1,Temperature,CURRENT,°C,18.830498046875
2026-08-22T00:50:00+00:00,22411525-2,RH,CURRENT,%,71.99969481956207
2026-08-22T00:50:00+00:00,22411525-3,Dew Point,CURRENT,°C,13.694320671607429
2026-08-22T00:50:00+00:00,22411526-1,Temperature,CURRENT,°C,16.1921240234375
2026-08-22T00:50:00+00:00,22411526-2,RH,CURRENT,%,84.45716029602502
2026-08-22T00:50:00+00:00,22411526-3,Dew Point,CURRENT,°C,13.587450595954943
2026-08-22T00:50:00+00:00,22411527-1,Temperature,CURRENT,°C,19.002099609375
2026-08-22T00:50:00+00:00,22411527-2,RH,CURRENT,%,71.64415960936904
2026-08-22T00:50:00+00:00,22411527-3,Dew Point,CURRENT,°C,13.783060383380253
2026-08-22T00:50:00+00:00,22411528-1,Temperature,CURRENT,°C,15.634418945312497
2026-08-22T00:50:00+00:00,22411528-2,RH,CURRENT,%,88.77546349279011
2026-08-22T00:50:00+00:00,22411528-3,Dew Point,CURRENT,°C,13.80637894983485
2026-08-22T00:50:00+00:00,22411529-1,Temperature,CURRENT,°C,15.398466796874999
2026-08-22T00:50:00+00:00,22411529-2,RH,CURRENT,%,91.96002136263066
2026-08-22T00:50:00+00:00,22411529-3,Dew Point,CURRENT,°C,14.116719836892546
2026-08-22T00:50:00+00:00,22411530-1,Temperature,CURRENT,°C,18.4658447265625
2026-08-22T00:50:00+00:00,22411530-2,RH,CURRENT,%,73.93148699168383
2026-08-22T00:50:00+00:00,22411530-3,Dew Point,CURRENT,°C,13.750765986469958
2026-08-22T00:51:00+00:00,22411541-S,Battery,CURRENT,V,8.390161376953126
2026-08-22T00:55:00+00:00,22411189-1,Temperature,CURRENT,°C,16.685478515625
2026-08-22T00:55:00+00:00,22411189-2,RH,CURRENT,%,84.82795452811474
2026-08-22T00:55:00+00:00,22411189-3,Dew Point,CURRENT,°C,14.13907898745
2026-08-22T00:55:00+00:00,22411190-1,Temperature,CURRENT,°C,17.650737304687503
2026-08-22T00:55:00+00:00,22411190-2,RH,CURRENT,%,77.97055008773937
2026-08-22T00:55:00+00:00,22411190-3,Dew Point,CURRENT,°C,13.781055699897198
2026-08-22T00:55:00+00:00,22411191-1,Temperature,CURRENT,°C,18.573095703125
2026-08-22T00:55:00+00:00,22411191-2,RH,CURRENT,%,74.60593575951782
2026-08-22T00:55:00+00:00,22411191-3,Dew Point,CURRENT,°C,13.994313653661163
2026-08-22T00:55:00+00:00,22411525-1,Temperature,CURRENT,°C,18.701796874999992
2026-08-22T00:55:00+00:00,22411525-2,RH,CURRENT,%,72.4956130312047
2026-08-22T00:55:00+00:00,22411525-3,Dew Point,CURRENT,°C,13.676163633543709
2026-08-22T00:55:00+00:00,22411526-1,Temperature,CURRENT,°C,15.848920898437498
2026-08-22T00:55:00+00:00,22411526-2,RH,CURRENT,%,86.43625543602656
2026-08-22T00:55:00+00:00,22411526-3,Dew Point,CURRENT,°C,13.606611634276321
2026-08-22T00:55:00+00:00,22411527-1,Temperature,CURRENT,°C,18.873398437499993
2026-08-22T00:55:00+00:00,22411527-2,RH,CURRENT,%,71.99664301518273
2026-08-22T00:55:00+00:00,22411527-3,Dew Point,CURRENT,°C,13.734925070514198
2026-08-22T00:55:00+00:00,22411528-1,Temperature,CURRENT,°C,15.377016601562495
2026-08-22T00:55:00+00:00,22411528-2,RH,CURRENT,%,90.21286335545892
2026-08-22T00:55:00+00:00,22411528-3,Dew Point,CURRENT,°C,13.79954990712238
2026-08-22T00:55:00+00:00,22411529-1,Temperature,CURRENT,°C,15.312666015624998
2026-08-22T00:55:00+00:00,22411529-2,RH,CURRENT,%,91.99664301518273
2026-08-22T00:55:00+00:00,22411529-3,Dew Point,CURRENT,°C,14.037809702017407
2026-08-22T00:55:00+00:00,22411530-1,Temperature,CURRENT,°C,18.272792968750004
2026-08-22T00:55:00+00:00,22411530-2,RH,CURRENT,%,75.17357137407492
2026-08-22T00:55:00+00:00,22411530-3,Dew Point,CURRENT,°C,13.820988187806627
2026-08-22T00:56:00+00:00,22411541-S,Battery,CURRENT,V,8.390161376953126
2026-08-22T01:00:00+00:00,22411189-1,Temperature,CURRENT,°C,16.406625976562495
2026-08-22T01:00:00+00:00,22411189-2,RH,CURRENT,%,85.92813000686655
2026-08-22T01:00:00+00:00,22411189-3,Dew Point,CURRENT,°C,14.064201095046336
2026-08-22T01:00:00+00:00,22411190-1,Temperature,CURRENT,°C,17.436235351562495
2026-08-22T01:00:00+00:00,22411190-2,RH,CURRENT,%,78.24216067750058
2026-08-22T01:00:00+00:00,22411190-3,Dew Point,CURRENT,°C,13.626205098984348
2026-08-22T01:00:00+00:00,22411191-1,Temperature,CURRENT,°C,18.508745117187495
2026-08-22T01:00:00+00:00,22411191-2,RH,CURRENT,%,74.50522621499962
2026-08-22T01:00:00+00:00,22411191-3,Dew Point,CURRENT,°C,13.911321178820746
2026-08-22T01:00:00+00:00,22411525-1,Temperature,CURRENT,°C,18.658896484375
2026-08-22T01:00:00+00:00,22411525-2,RH,CURRENT,%,72.33386739909972
2026-08-22T01:00:00+00:00,22411525-3,Dew Point,CURRENT,°C,13.600504688332435
2026-08-22T01:00:00+00:00,22411526-1,Temperature,CURRENT,°C,15.548618164062496
2026-08-22T01:00:00+00:00,22411526-2,RH,CURRENT,%,88.08880750743877
2026-08-22T01:00:00+00:00,22411526-3,Dew Point,CURRENT,°C,13.602179429773592
2026-08-22T01:00:00+00:00,22411527-1,Temperature,CURRENT,°C,18.787597656249993
2026-08-22T01:00:00+00:00,22411527-2,RH,CURRENT,%,72.0378423743038
2026-08-22T01:00:00+00:00,22411527-3,Dew Point,CURRENT,°C,13.661215517715501
2026-08-22T01:00:00+00:00,22411528-1,Temperature,CURRENT,°C,15.1625146484375
2026-08-22T01:00:00+00:00,22411528-2,RH,CURRENT,%,91.44884412909133
2026-08-22T01:00:00+00:00,22411528-3,Dew Point,CURRENT,°C,13.796898143612836
2026-08-22T01:00:00+00:00,22411529-1,Temperature,CURRENT,°C,15.205415039062501
2026-08-22T01:00:00+00:00,22411529-2,RH,CURRENT,%,92.16144045166705
2026-08-22T01:00:00+00:00,22411529-3,Dew Point,CURRENT,°C,13.959092095303834
2026-08-22T01:00:00+00:00,22411530-1,Temperature,CURRENT,°C,18.186992187500003
2026-08-22T01:00:00+00:00,22411530-2,RH,CURRENT,%,74.92179751277943
2026-08-22T01:00:00+00:00,22411530-3,Dew Point,CURRENT,°C,13.686372738037196
2026-08-22T01:01:00+00:00,22411541-S,Battery,CURRENT,V,8.38046923828125
2026-08-22T01:05:00+00:00,22411189-1,Temperature,CURRENT,°C,16.170673828124997
2026-08-22T01:05:00+00:00,22411189-2,RH,CURRENT,%,86.22415503166248
2026-08-22T01:05:00+00:00,22411189-3,Dew Point,CURRENT,°C,13.885261608802278
2026-08-22T01:05:00+00:00,22411190-1,Temperature,CURRENT,°C,17.371884765625005
2026-08-22T01:05:00+00:00,22411190-2,RH,CURRENT,%,78.3871213855192
2026-08-22T01:05:00+00:00,22411190-3,Dew Point,CURRENT,°C,13.592143833601266
2026-08-22T01:05:00+00:00,22411191-1,Temperature,CURRENT,°C,18.487294921874998
2026-08-22T01:05:00+00:00,22411191-2,RH,CURRENT,%,74.44876783398185
2026-08-22T01:05:00+00:00,22411191-3,Dew Point,CURRENT,°C,13.87891653924359
2026-08-22T01:05:00+00:00,22411525-1,Temperature,CURRENT,°C,18.61599609374999
2026-08-22T01:05:00+00:00,22411525-2,RH,CURRENT,%,72.3445487144274
2026-08-22T01:05:00+00:00,22411525-3,Dew Point,CURRENT,°C,13.561493509193014
2026-08-22T01:05:00+00:00,22411526-1,Temperature,CURRENT,°C,15.291215820312502
2026-08-22T01:05:00+00:00,22411526-2,RH,CURRENT,%,88.68390936140993
2026-08-22T01:05:00+00:00,22411526-3,Dew Point,CURRENT,°C,13.451765610910044
2026-08-22T01:05:00+00:00,22411527-1,Temperature,CURRENT,°C,18.744697265625
2026-08-22T01:05:00+00:00,22411527-2,RH,CURRENT,%,72.01953154802777
2026-08-22T01:05:00+00:00,22411527-3,Dew Point,CURRENT,°C,13.61604376200608
2026-08-22T01:05:00+00:00,22411528-1,Temperature,CURRENT,°C,14.969462890624996
2026-08-22T01:05:00+00:00,22411528-2,RH,CURRENT,%,91.95696955825132
2026-08-22T01:05:00+00:00,22411528-3,Dew Point,CURRENT,°C,13.69092363329062
2026-08-22T01:05:00+00:00,22411529-1,Temperature,CURRENT,°C,15.1625146484375
2026-08-22T01:05:00+00:00,22411529-2,RH,CURRENT,%,92.93507286182955
2026-08-22T01:05:00+00:00,22411529-3,Dew Point,CURRENT,°C,14.04553935742157
2026-08-22T01:05:00+00:00,22411530-1,Temperature,CURRENT,°C,18.165541992187492
2026-08-22T01:05:00+00:00,22411530-2,RH,CURRENT,%,74.98435950255589
2026-08-22T01:05:00+00:00,22411530-3,Dew Point,CURRENT,°C,13.67848920348438
2026-08-22T01:06:00+00:00,22411541-S,Battery,CURRENT,V,8.3740078125
2026-08-22T01:10:00+00:00,22411189-1,Temperature,CURRENT,°C,16.1063232421875
2026-08-22T01:10:00+00:00,22411189-2,RH,CURRENT,%,86.38132295719845
2026-08-22T01:10:00+00:00,22411189-3,Dew Point,CURRENT,°C,13.850042155422535
2026-08-22T01:10:00+00:00,22411190-1,Temperature,CURRENT,°C,17.45768554687499
2026-08-22T01:10:00+00:00,22411190-2,RH,CURRENT,%,77.38918135347524
2026-08-22T01:10:00+00:00,22411190-3,Dew Point,CURRENT,°C,13.478467848433281
2026-08-22T01:10:00+00:00,22411191-1,Temperature,CURRENT,°C,18.551645507812502
2026-08-22T01:10:00+00:00,22411191-2,RH,CURRENT,%,73.86434729533836
2026-08-22T01:10:00+00:00,22411191-3,Dew Point,CURRENT,°C,13.81955067074738
2026-08-22T01:10:00+00:00,22411525-1,Temperature,CURRENT,°C,18.637446289062503
2026-08-22T01:10:00+00:00,22411525-2,RH,CURRENT,%,71.85778591592279
2026-08-22T01:10:00+00:00,22411525-3,Dew Point,CURRENT,°C,13.4783349331441
2026-08-22T01:10:00+00:00,22411526-1,Temperature,CURRENT,°C,15.0338134765625
2026-08-22T01:10:00+00:00,22411526-2,RH,CURRENT,%,89.73678187228198
2026-08-22T01:10:00+00:00,22411526-3,Dew Point,CURRENT,°C,13.378837798722873
2026-08-22T01:10:00+00:00,22411527-1,Temperature,CURRENT,°C,18.766147460937496
2026-08-22T01:10:00+00:00,22411527-2,RH,CURRENT,%,71.63042648966201
2026-08-22T01:10:00+00:00,22411527-3,Dew Point,CURRENT,°C,13.553336560427471
2026-08-22T01:10:00+00:00,22411528-1,Temperature,CURRENT,°C,14.754960937500002
2026-08-22T01:10:00+00:00,22411528-2,RH,CURRENT,%,92.70618753337911
2026-08-22T01:10:00+00:00,22411528-3,Dew Point,CURRENT,°C,13.603050943183396
2026-08-22T01:10:00+00:00,22411529-1,Temperature,CURRENT,°C,14.9909130859375
2026-08-22T01:10:00+00:00,22411529-2,RH,CURRENT,%,92.41931792172122
2026-08-22T01:10:00+00:00,22411529-3,Dew Point,CURRENT,°C,13.78943433152802
2026-08-22T01:10:00+00:00,22411530-1,Temperature,CURRENT,°C,18.2942431640625
2026-08-22T01:10:00+00:00,22411530-2,RH,CURRENT,%,74.10543984130618
2026-08-22T01:10:00+00:00,22411530-3,Dew Point,CURRENT,°C,13.621344117573488
2026-08-22T01:11:00+00:00,22411541-S,Battery,CURRENT,V,8.3740078125
2026-08-22T01:15:00+00:00,22411189-1,Temperature,CURRENT,°C,16.0634228515625
2026-08-22T01:15:00+00:00,22411189-2,RH,CURRENT,%,85.73586633096818
2026-08-22T01:15:00+00:00,22411189-3,Dew Point,CURRENT,°C,13.692321286096044
2026-08-22T01:15:00+00:00,22411190-1,Temperature,CURRENT,°C,17.607836914062496
2026-08-22T01:15:00+00:00,22411190-2,RH,CURRENT,%,76.52857251850156
2026-08-22T01:15:00+00:00,22411190-3,Dew Point,CURRENT,°C,13.45222803434924
2026-08-22T01:15:00+00:00,22411191-1,Temperature,CURRENT,°C,18.4658447265625
2026-08-22T01:15:00+00:00,22411191-2,RH,CURRENT,%,73.9833676661326
2026-08-22T01:15:00+00:00,22411191-3,Dew Point,CURRENT,°C,13.761570994780069
2026-08-22T01:15:00+00:00,22411525-1,Temperature,CURRENT,°C,18.573095703125
2026-08-22T01:15:00+00:00,22411525-2,RH,CURRENT,%,71.95849546044099
2026-08-22T01:15:00+00:00,22411525-3,Dew Point,CURRENT,°C,13.437977474312575
2026-08-22T01:15:00+00:00,22411526-1,Temperature,CURRENT,°C,14.862211914062499
2026-08-22T01:15:00+00:00,22411526-2,RH,CURRENT,%,89.78713664454108
2026-08-22T01:15:00+00:00,22411526-3,Dew Point,CURRENT,°C,13.217834208517857
2026-08-22T01:15:00+00:00,22411527-1,Temperature,CURRENT,°C,18.701796874999992
2026-08-22T01:15:00+00:00,22411527-2,RH,CURRENT,%,71.7616540779736
2026-08-22T01:15:00+00:00,22411527-3,Dew Point,CURRENT,°C,13.519624778092986
2026-08-22T01:15:00+00:00,22411528-1,Temperature,CURRENT,°C,14.626259765625
2026-08-22T01:15:00+00:00,22411528-2,RH,CURRENT,%,92.93202105745021
2026-08-22T01:15:00+00:00,22411528-3,Dew Point,CURRENT,°C,13.51273436715174
2026-08-22T01:15:00+00:00,22411529-1,Temperature,CURRENT,°C,14.840761718749995
2026-08-22T01:15:00+00:00,22411529-2,RH,CURRENT,%,92.58411535820554
2026-08-22T01:15:00+00:00,22411529-3,Dew Point,CURRENT,°C,13.66791086504661
2026-08-22T01:15:00+00:00,22411530-1,Temperature,CURRENT,°C,18.272792968750004
2026-08-22T01:15:00+00:00,22411530-2,RH,CURRENT,%,74.08255130846113
2026-08-22T01:15:00+00:00,22411530-3,Dew Point,CURRENT,°C,13.595888646708124
2026-08-22T01:16:00+00:00,22411541-S,Battery,CURRENT,V,8.3740078125
2026-08-22T01:20:00+00:00,22411189-1,Temperature,CURRENT,°C,15.913271484374995
2026-08-22T01:20:00+00:00,22411189-2,RH,CURRENT,%,86.34927901121539
2026-08-22T01:20:00+00:00,22411189-3,Dew Point,CURRENT,°C,13.654424302236384
2026-08-22T01:20:00+00:00,22411190-1,Temperature,CURRENT,°C,17.2217333984375
2026-08-22T01:20:00+00:00,22411190-2,RH,CURRENT,%,77.84390020599679
2026-08-22T01:20:00+00:00,22411190-3,Dew Point,CURRENT,°C,13.339398113948011
2026-08-22T01:20:00+00:00,22411191-1,Temperature,CURRENT,°C,18.229892578124996
2026-08-22T01:20:00+00:00,22411191-2,RH,CURRENT,%,74.89433127336538
2026-08-22T01:20:00+00:00,22411191-3,Dew Point,CURRENT,°C,13.722189097732295
2026-08-22T01:20:00+00:00,22411525-1,Temperature,CURRENT,°C,18.3800439453125
2026-08-22T01:20:00+00:00,22411525-2,RH,CURRENT,%,72.77332722972457
2026-08-22T01:20:00+00:00,22411525-3,Dew Point,CURRENT,°C,13.425183063065424
2026-08-22T01:20:00+00:00,22411526-1,Temperature,CURRENT,°C,14.754960937500002
2026-08-22T01:20:00+00:00,22411526-2,RH,CURRENT,%,90.38529030289159
2026-08-22T01:20:00+00:00,22411526-3,Dew Point,CURRENT,°C,13.213611707518812
2026-08-22T01:20:00+00:00,22411527-1,Temperature,CURRENT,°C,18.551645507812502
2026-08-22T01:20:00+00:00,22411527-2,RH,CURRENT,%,72.40405889982452
2026-08-22T01:20:00+00:00,22411527-3,Dew Point,CURRENT,°C,13.512208819353916
2026-08-22T01:20:00+00:00,22411528-1,Temperature,CURRENT,°C,14.49755859375
2026-08-22T01:20:00+00:00,22411528-2,RH,CURRENT,%,93.13801785305562
2026-08-22T01:20:00+00:00,22411528-3,Dew Point,CURRENT,°C,13.418990097194026
2026-08-22T01:20:00+00:00,22411529-1,Temperature,CURRENT,°C,14.712060546875001
2026-08-22T01:20:00+00:00,22411529-2,RH,CURRENT,%,92.77943083848325
2026-08-22T01:20:00+00:00,22411529-3,Dew Point,CURRENT,°C,13.572625550930756
2026-08-22T01:20:00+00:00,22411530-1,Temperature,CURRENT,°C,17.92958984375
2026-08-22T01:20:00+00:00,22411530-2,RH,CURRENT,%,75.13847562371252
2026-08-22T01:20:00+00:00,22411530-3,Dew Point,CURRENT,°C,13.48196841574428
2026-08-22T01:21:00+00:00,22411541-S,Battery,CURRENT,V,8.36754638671875
2026-08-22T01:25:00+00:00,22411189-1,Temperature,CURRENT,°C,15.934721679687499
2026-08-22T01:25:00+00:00,22411189-2,RH,CURRENT,%,87.40062561989777
2026-08-22T01:25:00+00:00,22411189-3,Dew Point,CURRENT,°C,13.861948059770112
2026-08-22T01:25:00+00:00,22411190-1,Temperature,CURRENT,°C,16.9643310546875
2026-08-22T01:25:00+00:00,22411190-2,RH,CURRENT,%,79.62005035477226
2026-08-22T01:25:00+00:00,22411190-3,Dew Point,CURRENT,°C,13.435549894799655
2026-08-22T01:25:00+00:00,22411191-1,Temperature,CURRENT,°C,18.251342773437493
2026-08-22T01:25:00+00:00,22411191-2,RH,CURRENT,%,74.71885252155337
2026-08-22T01:25:00+00:00,22411191-3,Dew Point,CURRENT,°C,13.706796891382446
2026-08-22T01:25:00+00:00,22411525-1,Temperature,CURRENT,°C,18.358593750000004
2026-08-22T01:25:00+00:00,22411525-2,RH,CURRENT,%,72.71381704432746
2026-08-22T01:25:00+00:00,22411525-3,Dew Point,CURRENT,°C,13.391960973476248
2026-08-22T01:25:00+00:00,22411526-1,Temperature,CURRENT,°C,14.883662109374995
2026-08-22T01:25:00+00:00,22411526-2,RH,CURRENT,%,90.88883802548257
2026-08-22T01:25:00+00:00,22411526-3,Dew Point,CURRENT,°C,13.426249577616224
2026-08-22T01:25:00+00:00,22411527-1,Temperature,CURRENT,°C,18.4658447265625
2026-08-22T01:25:00+00:00,22411527-2,RH,CURRENT,%,72.51850156404974
2026-08-22T01:25:00+00:00,22411527-3,Dew Point,CURRENT,°C,13.453899355779244
2026-08-22T01:25:00+00:00,22411528-1,Temperature,CURRENT,°C,14.49755859375
2026-08-22T01:25:00+00:00,22411528-2,RH,CURRENT,%,93.71480888075074
2026-08-22T01:25:00+00:00,22411528-3,Dew Point,CURRENT,°C,13.513864715577771
2026-08-22T01:25:00+00:00,22411529-1,Temperature,CURRENT,°C,14.561909179687497
2026-08-22T01:25:00+00:00,22411529-2,RH,CURRENT,%,93.92843518730449
2026-08-22T01:25:00+00:00,22411529-3,Dew Point,CURRENT,°C,13.612833478997803
2026-08-22T01:25:00+00:00,22411530-1,Temperature,CURRENT,°C,17.8437890625
2026-08-22T01:25:00+00:00,22411530-2,RH,CURRENT,%,75.50316624704357
2026-08-22T01:25:00+00:00,22411530-3,Dew Point,CURRENT,°C,13.47339856305676
2026-08-22T01:26:00+00:00,22411541-S,Battery,CURRENT,V,8.36754638671875
2026-08-22T01:30:00+00:00,22411189-1,Temperature,CURRENT,°C,15.591518554687497
2026-08-22T01:30:00+00:00,22411189-2,RH,CURRENT,%,88.55420767528801
2026-08-22T01:30:00+00:00,22411189-3,Dew Point,CURRENT,°C,13.725601502133848
2026-08-22T01:30:00+00:00,22411190-1,Temperature,CURRENT,°C,16.72837890625
2026-08-22T01:30:00+00:00,22411190-2,RH,CURRENT,%,80.54474708171206
2026-08-22T01:30:00+00:00,22411190-3,Dew Point,CURRENT,°C,13.382965594944602
2026-08-22T01:30:00+00:00,22411191-1,Temperature,CURRENT,°C,18.2084423828125
2026-08-22T01:30:00+00:00,22411191-2,RH,CURRENT,%,74.61356527046617
2026-08-22T01:30:00+00:00,22411191-3,Dew Point,CURRENT,°C,13.64364602403961
2026-08-22T01:30:00+00:00,22411525-1,Temperature,CURRENT,°C,18.315693359374997
2026-08-22T01:30:00+00:00,22411525-2,RH,CURRENT,%,72.65430685893034
2026-08-22T01:30:00+00:00,22411525-3,Dew Point,CURRENT,°C,13.338080783157173
2026-08-22T01:30:00+00:00,22411526-1,Temperature,CURRENT,°C,14.733510742187498
2026-08-22T01:30:00+00:00,22411526-2,RH,CURRENT,%,90.73014419775693
2026-08-22T01:30:00+00:00,22411526-3,Dew Point,CURRENT,°C,13.250798669140798
2026-08-22T01:30:00+00:00,22411527-1,Temperature,CURRENT,°C,18.401494140624997
2026-08-22T01:30:00+00:00,22411527-2,RH,CURRENT,%,72.55359731441214
2026-08-22T01:30:00+00:00,22411527-3,Dew Point,CURRENT,°C,13.399386281491944
2026-08-22T01:30:00+00:00,22411528-1,Temperature,CURRENT,°C,14.368857421875
2026-08-22T01:30:00+00:00,22411528-2,RH,CURRENT,%,93.96505683985656
2026-08-22T01:30:00+00:00,22411528-3,Dew Point,CURRENT,°C,13.42694138239655
2026-08-22T01:30:00+00:00,22411529-1,Temperature,CURRENT,°C,14.519008789062497
2026-08-22T01:30:00+00:00,22411529-2,RH,CURRENT,%,94.15732051575495
2026-08-22T01:30:00+00:00,22411529-3,Dew Point,CURRENT,°C,13.607631727382328
2026-08-22T01:30:00+00:00,22411530-1,Temperature,CURRENT,°C,17.779438476562497
2026-08-22T01:30:00+00:00,22411530-2,RH,CURRENT,%,75.61913481345846
2026-08-22T01:30:00+00:00,22411530-3,Dew Point,CURRENT,°C,13.434719445844221
2026-08-22T01:31:00+00:00,22411541-S,Battery,CURRENT,V,8.36754638671875
2026-08-22T01:35:00+00:00,22411189-1,Temperature,CURRENT,°C,15.505717773437496
2026-08-22T01:35:00+00:00,22411189-2,RH,CURRENT,%,89.5445181963836
2026-08-22T01:35:00+00:00,22411189-3,Dew Point,CURRENT,°C,13.81219369427977
2026-08-22T01:35:00+00:00,22411190-1,Temperature,CURRENT,°C,16.685478515625
2026-08-22T01:35:00+00:00,22411190-2,RH,CURRENT,%,81.19020370794232
2026-08-22T01:35:00+00:00,22411190-3,Dew Point,CURRENT,°C,13.46372170780827
2026-08-22T01:35:00+00:00,22411191-1,Temperature,CURRENT,°C,18.186992187500003
2026-08-22T01:35:00+00:00,22411191-2,RH,CURRENT,%,74.58304722667278
2026-08-22T01:35:00+00:00,22411191-3,Dew Point,CURRENT,°C,13.616630675709995
2026-08-22T01:35:00+00:00,22411525-1,Temperature,CURRENT,°C,18.315693359374997
2026-08-22T01:35:00+00:00,22411525-2,RH,CURRENT,%,72.47119859616998
2026-08-22T01:35:00+00:00,22411525-3,Dew Point,CURRENT,°C,13.299347589794236
2026-08-22T01:35:00+00:00,22411526-1,Temperature,CURRENT,°C,14.647709960937497
2026-08-22T01:35:00+00:00,22411526-2,RH,CURRENT,%,91.64415960936904
2026-08-22T01:35:00+00:00,22411526-3,Dew Point,CURRENT,°C,13.319641988111396
2026-08-22T01:35:00+00:00,22411527-1,Temperature,CURRENT,°C,18.422944335937494
2026-08-22T01:35:00+00:00,22411527-2,RH,CURRENT,%,72.33539330128939
2026-08-22T01:35:00+00:00,22411527-3,Dew Point,CURRENT,°C,13.37377442674312
2026-08-22T01:35:00+00:00,22411528-1,Temperature,CURRENT,°C,14.325957031249999
2026-08-22T01:35:00+00:00,22411528-2,RH,CURRENT,%,94.59372854200046
2026-08-22T01:35:00+00:00,22411528-3,Dew Point,CURRENT,°C,13.486746668005493
2026-08-22T01:35:00+00:00,22411529-1,Temperature,CURRENT,°C,14.433208007812496
2026-08-22T01:35:00+00:00,22411529-2,RH,CURRENT,%,94.52506294346533
2026-08-22T01:35:00+00:00,22411529-3,Dew Point,CURRENT,°C,13.58226930266213
2026-08-22T01:35:00+00:00,22411530-1,Temperature,CURRENT,°C,17.779438476562497
2026-08-22T01:35:00+00:00,22411530-2,RH,CURRENT,%,76.01281757839322
2026-08-22T01:35:00+00:00,22411530-3,Dew Point,CURRENT,°C,13.514521639129278
2026-08-22T01:36:00+00:00,22411541-S,Battery,CURRENT,V,8.364315673828125
2026-08-22T01:40:00+00:00,22411189-1,Temperature,CURRENT,°C,15.334116210937495
2026-08-22T01:40:00+00:00,22411189-2,RH,CURRENT,%,90.39139391165027
2026-08-22T01:40:00+00:00,22411189-3,Dew Point,CURRENT,°C,13.78757749828406
2026-08-22T01:40:00+00:00,22411190-1,Temperature,CURRENT,°C,16.685478515625
2026-08-22T01:40:00+00:00,22411190-2,RH,CURRENT,%,80.84992751964599
2026-08-22T01:40:00+00:00,22411190-3,Dew Point,CURRENT,°C,13.39919811751909
2026-08-22T01:40:00+00:00,22411191-1,Temperature,CURRENT,°C,18.251342773437493
2026-08-22T01:40:00+00:00,22411191-2,RH,CURRENT,%,74.21225299458305
2026-08-22T01:40:00+00:00,22411191-3,Dew Point,CURRENT,°C,13.602093477810286
2026-08-22T01:40:00+00:00,22411525-1,Temperature,CURRENT,°C,18.358593750000004
2026-08-22T01:40:00+00:00,22411525-2,RH,CURRENT,%,72.26977950713359
2026-08-22T01:40:00+00:00,22411525-3,Dew Point,CURRENT,°C,13.2979211543728
2026-08-22T01:40:00+00:00,22411526-1,Temperature,CURRENT,°C,14.49755859375
2026-08-22T01:40:00+00:00,22411526-2,RH,CURRENT,%,92.02105745021744
2026-08-22T01:40:00+00:00,22411526-3,Dew Point,CURRENT,°C,13.233789057417816
2026-08-22T01:40:00+00:00,22411527-1,Temperature,CURRENT,°C,18.444394531250005
2026-08-22T01:40:00+00:00,22411527-2,RH,CURRENT,%,72.20111390859846
2026-08-22T01:40:00+00:00,22411527-3,Dew Point,CURRENT,°C,13.365882067931164
2026-08-22T01:40:00+00:00,22411528-1,Temperature,CURRENT,°C,14.240156249999998
2026-08-22T01:40:00+00:00,22411528-2,RH,CURRENT,%,94.83176928358893
2026-08-22T01:40:00+00:00,22411528-3,Dew Point,CURRENT,°C,13.440000976091639
2026-08-22T01:40:00+00:00,22411529-1,Temperature,CURRENT,°C,14.368857421875
2026-08-22T01:40:00+00:00,22411529-2,RH,CURRENT,%,94.60135805294881
2026-08-22T01:40:00+00:00,22411529-3,Dew Point,CURRENT,°C,13.530663813236233
2026-08-22T01:40:00+00:00,22411530-1,Temperature,CURRENT,°C,17.8437890625
2026-08-22T01:40:00+00:00,22411530-2,RH,CURRENT,%,75.16136415655757
2026-08-22T01:40:00+00:00,22411530-3,Dew Point,CURRENT,°C,13.403688119086581
2026-08-22T01:41:00+00:00,22411541-S,Battery,CURRENT,V,8.364315673828125
2026-08-22T01:45:00+00:00,22411189-1,Temperature,CURRENT,°C,15.291215820312502
2026-08-22T01:45:00+00:00,22411189-2,RH,CURRENT,%,88.67475394827191
2026-08-22T01:45:00+00:00,22411189-3,Dew Point,CURRENT,°C,13.450179250196527
2026-08-22T01:45:00+00:00,22411190-1,Temperature,CURRENT,°C,16.664028320312497
2026-08-22T01:45:00+00:00,22411190-2,RH,CURRENT,%,79.4674601358053
2026-08-22T01:45:00+00:00,22411190-3,Dew Point,CURRENT,°C,13.1136917633056
2026-08-22T01:45:00+00:00,22411191-1,Temperature,CURRENT,°C,18.186992187500003
2026-08-22T01:45:00+00:00,22411191-2,RH,CURRENT,%,74.37705043106737
2026-08-22T01:45:00+00:00,22411191-3,Dew Point,CURRENT,°C,13.57408392505945
2026-08-22T01:45:00+00:00,22411525-1,Temperature,CURRENT,°C,18.315693359374997
2026-08-22T01:45:00+00:00,22411525-2,RH,CURRENT,%,72.4254215304799
2026-08-22T01:45:00+00:00,22411525-3,Dew Point,CURRENT,°C,13.28965087113465
2026-08-22T01:45:00+00:00,22411526-1,Temperature,CURRENT,°C,14.433208007812496
2026-08-22T01:45:00+00:00,22411526-2,RH,CURRENT,%,91.70977340352484
2026-08-22T01:45:00+00:00,22411526-3,Dew Point,CURRENT,°C,13.118050698208595
2026-08-22T01:45:00+00:00,22411527-1,Temperature,CURRENT,°C,18.444394531250005
2026-08-22T01:45:00+00:00,22411527-2,RH,CURRENT,%,72.2194247348745
2026-08-22T01:45:00+00:00,22411527-3,Dew Point,CURRENT,°C,13.369775815530549
2026-08-22T01:45:00+00:00,22411528-1,Temperature,CURRENT,°C,14.175805664062501
2026-08-22T01:45:00+00:00,22411528-2,RH,CURRENT,%,94.702067597467
2026-08-22T01:45:00+00:00,22411528-3,Dew Point,CURRENT,°C,13.354949900731617
2026-08-22T01:45:00+00:00,22411529-1,Temperature,CURRENT,°C,14.261606445312495
2026-08-22T01:45:00+00:00,22411529-2,RH,CURRENT,%,94.58762493324178
2026-08-22T01:45:00+00:00,22411529-3,Dew Point,CURRENT,°C,13.421739664851303
2026-08-22T01:45:00+00:00,22411530-1,Temperature,CURRENT,°C,17.8437890625
2026-08-22T01:45:00+00:00,22411530-2,RH,CURRENT,%,74.76157778286412
2026-08-22T01:45:00+00:00,22411530-3,Dew Point,CURRENT,°C,13.321797882404834
2026-08-22T01:46:00+00:00,22411541-S,Battery,CURRENT,V,8.357854248046875
2026-08-22T01:50:00+00:00,22411189-1,Temperature,CURRENT,°C,15.655869140625
2026-08-22T01:50:00+00:00,22411189-2,RH,CURRENT,%,87.06187533379111
2026-08-22T01:50:00+00:00,22411189-3,Dew Point,CURRENT,°C,13.527518406471675
2026-08-22T01:50:00+00:00,22411190-1,Temperature,CURRENT,°C,16.9214306640625
2026-08-22T01:50:00+00:00,22411190-2,RH,CURRENT,%,78.65873197528039
2026-08-22T01:50:00+00:00,22411190-3,Dew Point,CURRENT,°C,13.207345047173048
2026-08-22T01:50:00+00:00,22411191-1,Temperature,CURRENT,°C,18.144091796874996
2026-08-22T01:50:00+00:00,22411191-2,RH,CURRENT,%,74.61814297703518
2026-08-22T01:50:00+00:00,22411191-3,Dew Point,CURRENT,°C,13.582426800733709
2026-08-22T01:50:00+00:00,22411525-1,Temperature,CURRENT,°C,18.272792968750004
2026-08-22T01:50:00+00:00,22411525-2,RH,CURRENT,%,72.55359731441214
2026-08-22T01:50:00+00:00,22411525-3,Dew Point,CURRENT,°C,13.275488665809826
2026-08-22T01:50:00+00:00,22411526-1,Temperature,CURRENT,°C,14.519008789062497
2026-08-22T01:50:00+00:00,22411526-2,RH,CURRENT,%,90.93461509117266
2026-08-22T01:50:00+00:00,22411526-3,Dew Point,CURRENT,°C,13.072981072510276
2026-08-22T01:50:00+00:00,22411527-1,Temperature,CURRENT,°C,18.422944335937494
2026-08-22T01:50:00+00:00,22411527-2,RH,CURRENT,%,72.2941939421683
2026-08-22T01:50:00+00:00,22411527-3,Dew Point,CURRENT,°C,13.36502604806681
2026-08-22T01:50:00+00:00,22411528-1,Temperature,CURRENT,°C,14.154355468749998
2026-08-22T01:50:00+00:00,22411528-2,RH,CURRENT,%,94.17257953765164
2026-08-22T01:50:00+00:00,22411528-3,Dew Point,CURRENT,°C,13.247567308357954
2026-08-22T01:50:00+00:00,22411529-1,Temperature,CURRENT,°C,14.197255859374998
2026-08-22T01:50:00+00:00,22411529-2,RH,CURRENT,%,94.83634699015794
2026-08-22T01:50:00+00:00,22411529-3,Dew Point,CURRENT,°C,13.398051986881473
2026-08-22T01:50:00+00:00,22411530-1,Temperature,CURRENT,°C,17.800888671874993
2026-08-22T01:50:00+00:00,22411530-2,RH,CURRENT,%,74.93095292591745
2026-08-22T01:50:00+00:00,22411530-3,Dew Point,CURRENT,°C,13.31507314015747
2026-08-22T01:51:00+00:00,22411541-S,Battery,CURRENT,V,8.35462353515625
2026-08-22T01:55:00+00:00,22411189-1,Temperature,CURRENT,°C,15.355566406249999
2026-08-22T01:55:00+00:00,22411189-2,RH,CURRENT,%,88.72816052491035
2026-08-22T01:55:00+00:00,22411189-3,Dew Point,CURRENT,°C,13.522944423757872
2026-08-22T01:55:00+00:00,22411190-1,Temperature,CURRENT,°C,16.406625976562495
2026-08-22T01:55:00+00:00,22411190-2,RH,CURRENT,%,81.85702296482795
2026-08-22T01:55:00+00:00,22411190-3,Dew Point,CURRENT,°C,13.316981932141244
2026-08-22T01:55:00+00:00,22411191-1,Temperature,CURRENT,°C,17.779438476562497
2026-08-22T01:55:00+00:00,22411191-2,RH,CURRENT,%,77.56008239871824
2026-08-22T01:55:00+00:00,22411191-3,Dew Point,CURRENT,°C,13.824689504585793
2026-08-22T01:55:00+00:00,22411525-1,Temperature,CURRENT,°C,18.0368408203125
2026-08-22T01:55:00+00:00,22411525-2,RH,CURRENT,%,74.54032196536203
2026-08-22T01:55:00+00:00,22411525-3,Dew Point,CURRENT,°C,13.462784039069223
2026-08-22T01:55:00+00:00,22411526-1,Temperature,CURRENT,°C,14.519008789062497
2026-08-22T01:55:00+00:00,22411526-2,RH,CURRENT,%,90.72861829556726
2026-08-22T01:55:00+00:00,22411526-3,Dew Point,CURRENT,°C,13.038243328499195
2026-08-22T01:55:00+00:00,22411527-1,Temperature,CURRENT,°C,18.229892578124996
2026-08-22T01:55:00+00:00,22411527-2,RH,CURRENT,%,73.59884031433585
2026-08-22T01:55:00+00:00,22411527-3,Dew Point,CURRENT,°C,13.45378513030226
2026-08-22T01:55:00+00:00,22411528-1,Temperature,CURRENT,°C,14.132905273437501
2026-08-22T01:55:00+00:00,22411528-2,RH,CURRENT,%,94.22293430991074
2026-08-22T01:55:00+00:00,22411528-3,Dew Point,CURRENT,°C,13.234439696248836
2026-08-22T01:55:00+00:00,22411529-1,Temperature,CURRENT,°C,14.111455078124997
2026-08-22T01:55:00+00:00,22411529-2,RH,CURRENT,%,95.11558709086748
2026-08-22T01:55:00+00:00,22411529-3,Dew Point,CURRENT,°C,13.35780526960059
2026-08-22T01:55:00+00:00,22411530-1,Temperature,CURRENT,°C,17.2217333984375
2026-08-22T01:55:00+00:00,22411530-2,RH,CURRENT,%,79.24315251392386
2026-08-22T01:55:00+00:00,22411530-3,Dew Point,CURRENT,°C,13.613196563162708
2026-08-22T01:56:00+00:00,22411541-S,Battery,CURRENT,V,8.35462353515625
2026-08-22T02:00:00+00:00,22411189-1,Temperature,CURRENT,°C,15.1625146484375
2026-08-22T02:00:00+00:00,22411189-2,RH,CURRENT,%,90.83390554665446
2026-08-22T02:00:00+00:00,22411189-3,Dew Point,CURRENT,°C,13.692982655876403
2026-08-22T02:00:00+00:00,22411190-1,Temperature,CURRENT,°C,15.999072265624996
2026-08-22T02:00:00+00:00,22411190-2,RH,CURRENT,%,83.52025635156787
2026-08-22T02:00:00+00:00,22411190-3,Dew Point,CURRENT,°C,13.22685089478331
2026-08-22T02:00:00+00:00,22411191-1,Temperature,CURRENT,°C,17.286083984375004
2026-08-22T02:00:00+00:00,22411191-2,RH,CURRENT,%,78.0956740672923
2026-08-22T02:00:00+00:00,22411191-3,Dew Point,CURRENT,°C,13.45149928431741
2026-08-22T02:00:00+00:00,22411525-1,Temperature,CURRENT,°C,17.779438476562497
2026-08-22T02:00:00+00:00,22411525-2,RH,CURRENT,%,74.46860456244755
2026-08-22T02:00:00+00:00,22411525-3,Dew Point,CURRENT,°C,13.19939102736591
2026-08-22T02:00:00+00:00,22411526-1,Temperature,CURRENT,°C,14.390307617187496
2026-08-22T02:00:00+00:00,22411526-2,RH,CURRENT,%,92.5108720531014
2026-08-22T02:00:00+00:00,22411526-3,Dew Point,CURRENT,°C,13.208843600265293
2026-08-22T02:00:00+00:00,22411527-1,Temperature,CURRENT,°C,17.99394042968749
2026-08-22T02:00:00+00:00,22411527-2,RH,CURRENT,%,73.83993286030365
2026-08-22T02:00:00+00:00,22411527-3,Dew Point,CURRENT,°C,13.276405675796834
2026-08-22T02:00:00+00:00,22411528-1,Temperature,CURRENT,°C,14.175805664062501
2026-08-22T02:00:00+00:00,22411528-2,RH,CURRENT,%,95.37041275654231
2026-08-22T02:00:00+00:00,22411528-3,Dew Point,CURRENT,°C,13.462972453225154
2026-08-22T02:00:00+00:00,22411529-1,Temperature,CURRENT,°C,14.132905273437501
2026-08-22T02:00:00+00:00,22411529-2,RH,CURRENT,%,95.65423056382086
2026-08-22T02:00:00+00:00,22411529-3,Dew Point,CURRENT,°C,13.465908603632407
2026-08-22T02:00:00+00:00,22411530-1,Temperature,CURRENT,°C,16.621127929687496
2026-08-22T02:00:00+00:00,22411530-2,RH,CURRENT,%,80.63172350652323
2026-08-22T02:00:00+00:00,22411530-3,Dew Point,CURRENT,°C,13.294928995489355
2026-08-22T02:01:00+00:00,22411541-S,Battery,CURRENT,V,8.364315673828125
2026-08-22T02:05:00+00:00,22411189-1,Temperature,CURRENT,°C,15.4413671875
2026-08-22T02:05:00+00:00,22411189-2,RH,CURRENT,%,89.4193942168307
2026-08-22T02:05:00+00:00,22411189-3,Dew Point,CURRENT,°C,13.727074621619854
2026-08-22T02:05:00+00:00,22411190-1,Temperature,CURRENT,°C,16.256474609374997
2026-08-22T02:05:00+00:00,22411190-2,RH,CURRENT,%,82.58945601586939
2026-08-22T02:05:00+00:00,22411190-3,Dew Point,CURRENT,°C,13.306892501422364
2026-08-22T02:05:00+00:00,22411191-1,Temperature,CURRENT,°C,17.800888671874993
2026-08-22T02:05:00+00:00,22411191-2,RH,CURRENT,%,76.3454642557412
2026-08-22T02:05:00+00:00,22411191-3,Dew Point,CURRENT,°C,13.602449512712386
2026-08-22T02:05:00+00:00,22411525-1,Temperature,CURRENT,°C,18.144091796874996
2026-08-22T02:05:00+00:00,22411525-2,RH,CURRENT,%,73.17616540779736
2026-08-22T02:05:00+00:00,22411525-3,Dew Point,CURRENT,°C,13.28262996986453
2026-08-22T02:05:00+00:00,22411526-1,Temperature,CURRENT,°C,14.519008789062497
2026-08-22T02:05:00+00:00,22411526-2,RH,CURRENT,%,92.38727397573815
2026-08-22T02:05:00+00:00,22411526-3,Dew Point,CURRENT,°C,13.316003997203751
2026-08-22T02:05:00+00:00,22411527-1,Temperature,CURRENT,°C,18.272792968750004
2026-08-22T02:05:00+00:00,22411527-2,RH,CURRENT,%,72.91218432898451
2026-08-22T02:05:00+00:00,22411527-3,Dew Point,CURRENT,°C,13.351160596221286
2026-08-22T02:05:00+00:00,22411528-1,Temperature,CURRENT,°C,14.304506835937495
2026-08-22T02:05:00+00:00,22411528-2,RH,CURRENT,%,95.1293202105745
2026-08-22T02:05:00+00:00,22411528-3,Dew Point,CURRENT,°C,13.552202407374818
2026-08-22T02:05:00+00:00,22411529-1,Temperature,CURRENT,°C,14.111455078124997
2026-08-22T02:05:00+00:00,22411529-2,RH,CURRENT,%,95.85564965285725
2026-08-22T02:05:00+00:00,22411529-3,Dew Point,CURRENT,°C,13.476864395183624
2026-08-22T02:05:00+00:00,22411530-1,Temperature,CURRENT,°C,17.0501318359375
2026-08-22T02:05:00+00:00,22411530-2,RH,CURRENT,%,78.71213855191883
2026-08-22T02:05:00+00:00,22411530-3,Dew Point,CURRENT,°C,13.342915379803834
2026-08-22T02:06:00+00:00,22411541-S,Battery,CURRENT,V,8.35462353515625
2026-08-22T02:10:00+00:00,22411189-1,Temperature,CURRENT,°C,15.355566406249999
2026-08-22T02:10:00+00:00,22411189-2,RH,CURRENT,%,89.11879148546578
2026-08-22T02:10:00+00:00,22411189-3,Dew Point,CURRENT,°C,13.590500277008518
2026-08-22T02:10:00+00:00,22411190-1,Temperature,CURRENT,°C,16.084873046874996
2026-08-22T02:10:00+00:00,22411190-2,RH,CURRENT,%,83.24406805523766
2026-08-22T02:10:00+00:00,22411190-3,Dew Point,CURRENT,°C,13.260078368134035
2026-08-22T02:10:00+00:00,22411191-1,Temperature,CURRENT,°C,17.607836914062496
2026-08-22T02:10:00+00:00,22411191-2,RH,CURRENT,%,78.31845578698406
2026-08-22T02:10:00+00:00,22411191-3,Dew Point,CURRENT,°C,13.807971264181827
2026-08-22T02:10:00+00:00,22411525-1,Temperature,CURRENT,°C,18.165541992187492
2026-08-22T02:10:00+00:00,22411525-2,RH,CURRENT,%,73.65377279316395
2026-08-22T02:10:00+00:00,22411525-3,Dew Point,CURRENT,°C,13.403185816002097
2026-08-22T02:10:00+00:00,22411526-1,Temperature,CURRENT,°C,14.561909179687497
2026-08-22T02:10:00+00:00,22411526-2,RH,CURRENT,%,91.44884412909133
2026-08-22T02:10:00+00:00,22411526-3,Dew Point,CURRENT,°C,13.201896948746352
2026-08-22T02:10:00+00:00,22411527-1,Temperature,CURRENT,°C,18.358593750000004
2026-08-22T02:10:00+00:00,22411527-2,RH,CURRENT,%,72.77027542534523
2026-08-22T02:10:00+00:00,22411527-3,Dew Point,CURRENT,°C,13.403881785661264
2026-08-22T02:10:00+00:00,22411528-1,Temperature,CURRENT,°C,14.304506835937495
2026-08-22T02:10:00+00:00,22411528-2,RH,CURRENT,%,94.36942092011903
2026-08-22T02:10:00+00:00,22411528-3,Dew Point,CURRENT,°C,13.428930152702137
2026-08-22T02:10:00+00:00,22411529-1,Temperature,CURRENT,°C,14.154355468749998
2026-08-22T02:10:00+00:00,22411529-2,RH,CURRENT,%,95.90142671854734
2026-08-22T02:10:00+00:00,22411529-3,Dew Point,CURRENT,°C,13.526951449712527
2026-08-22T02:10:00+00:00,22411530-1,Temperature,CURRENT,°C,16.706928710937497
2026-08-22T02:10:00+00:00,22411530-2,RH,CURRENT,%,81.32600900282291
2026-08-22T02:10:00+00:00,22411530-3,Dew Point,CURRENT,°C,13.510351386763931
2026-08-22T02:11:00+00:00,22411541-S,Battery,CURRENT,V,8.351392822265625
2026-08-22T02:15:00+00:00,22411189-1,Temperature,CURRENT,°C,15.055263671874997
2026-08-22T02:15:00+00:00,22411189-2,RH,CURRENT,%,91.58007171740292
2026-08-22T02:15:00+00:00,22411189-3,Dew Point,CURRENT,°C,13.712726513334463
2026-08-22T02:15:00+00:00,22411190-1,Temperature,CURRENT,°C,15.827470703125002
2026-08-22T02:15:00+00:00,22411190-2,RH,CURRENT,%,85.06599526970321
2026-08-22T02:15:00+00:00,22411190-3,Dew Point,CURRENT,°C,13.339947896377208
2026-08-22T02:15:00+00:00,22411191-1,Temperature,CURRENT,°C,17.328984374999997
2026-08-22T02:15:00+00:00,22411191-2,RH,CURRENT,%,79.34996566720073
2026-08-22T02:15:00+00:00,22411191-3,Dew Point,CURRENT,°C,13.738322950832925
2026-08-22T02:15:00+00:00,22411525-1,Temperature,CURRENT,°C,17.908139648437505
2026-08-22T02:15:00+00:00,22411525-2,RH,CURRENT,%,74.93400473029679
2026-08-22T02:15:00+00:00,22411525-3,Dew Point,CURRENT,°C,13.419362082920125
2026-08-22T02:15:00+00:00,22411526-1,Temperature,CURRENT,°C,14.390307617187496
2026-08-22T02:15:00+00:00,22411526-2,RH,CURRENT,%,92.68940260929274
2026-08-22T02:15:00+00:00,22411526-3,Dew Point,CURRENT,°C,13.238414249656284
2026-08-22T02:15:00+00:00,22411527-1,Temperature,CURRENT,°C,18.2084423828125
2026-08-22T02:15:00+00:00,22411527-2,RH,CURRENT,%,73.505760280766
2026-08-22T02:15:00+00:00,22411527-3,Dew Point,CURRENT,°C,13.41365832264658
2026-08-22T02:15:00+00:00,22411528-1,Temperature,CURRENT,°C,14.240156249999998
2026-08-22T02:15:00+00:00,22411528-2,RH,CURRENT,%,95.18883039597162
2026-08-22T02:15:00+00:00,22411528-3,Dew Point,CURRENT,°C,13.497754794538192
2026-08-22T02:15:00+00:00,22411529-1,Temperature,CURRENT,°C,14.197255859374998
2026-08-22T02:15:00+00:00,22411529-2,RH,CURRENT,%,96.21271076523995
2026-08-22T02:15:00+00:00,22411529-3,Dew Point,CURRENT,°C,13.619551177748248
2026-08-22T02:15:00+00:00,22411530-1,Temperature,CURRENT,°C,16.4709765625
2026-08-22T02:15:00+00:00,22411530-2,RH,CURRENT,%,82.4429694056611
2026-08-22T02:15:00+00:00,22411530-3,Dew Point,CURRENT,°C,13.48944939524865
2026-08-22T02:16:00+00:00,22411541-S,Battery,CURRENT,V,8.351392822265625
2026-08-22T02:20:00+00:00,22411189-1,Temperature,CURRENT,°C,15.248315429687501
2026-08-22T02:20:00+00:00,22411189-2,RH,CURRENT,%,89.65285725185015
2026-08-22T02:20:00+00:00,22411189-3,Dew Point,CURRENT,°C,13.576452242574764
2026-08-22T02:20:00+00:00,22411190-1,Temperature,CURRENT,°C,15.891821289062499
2026-08-22T02:20:00+00:00,22411190-2,RH,CURRENT,%,83.96429388876173
2026-08-22T02:20:00+00:00,22411190-3,Dew Point,CURRENT,°C,13.203067682454662
2026-08-22T02:20:00+00:00,22411191-1,Temperature,CURRENT,°C,17.028681640624995
2026-08-22T02:20:00+00:00,22411191-2,RH,CURRENT,%,80.00762951094835
2026-08-22T02:20:00+00:00,22411191-3,Dew Point,CURRENT,°C,13.572884019341984
2026-08-22T02:20:00+00:00,22411525-1,Temperature,CURRENT,°C,17.564936523437503
2026-08-22T02:20:00+00:00,22411525-2,RH,CURRENT,%,75.66491187914855
2026-08-22T02:20:00+00:00,22411525-3,Dew Point,CURRENT,°C,13.236438368486214
2026-08-22T02:20:00+00:00,22411526-1,Temperature,CURRENT,°C,14.49755859375
2026-08-22T02:20:00+00:00,22411526-2,RH,CURRENT,%,92.41474021515221
2026-08-22T02:20:00+00:00,22411526-3,Dew Point,CURRENT,°C,13.29928888500201
2026-08-22T02:20:00+00:00,22411527-1,Temperature,CURRENT,°C,17.99394042968749
2026-08-22T02:20:00+00:00,22411527-2,RH,CURRENT,%,74.09323262378882
2026-08-22T02:20:00+00:00,22411527-3,Dew Point,CURRENT,°C,13.328962977869352
2026-08-22T02:20:00+00:00,22411528-1,Temperature,CURRENT,°C,14.4117578125
2026-08-22T02:20:00+00:00,22411528-2,RH,CURRENT,%,94.88212405584802
2026-08-22T02:20:00+00:00,22411528-3,Dew Point,CURRENT,°C,13.618929416127951
2026-08-22T02:20:00+00:00,22411529-1,Temperature,CURRENT,°C,14.197255859374998
2026-08-22T02:20:00+00:00,22411529-2,RH,CURRENT,%,96.24933241779202
2026-08-22T02:20:00+00:00,22411529-3,Dew Point,CURRENT,°C,13.625406653656732
2026-08-22T02:20:00+00:00,22411530-1,Temperature,CURRENT,°C,16.428076171875
2026-08-22T02:20:00+00:00,22411530-2,RH,CURRENT,%,81.88601510643167
2026-08-22T02:20:00+00:00,22411530-3,Dew Point,CURRENT,°C,13.343379959013829
2026-08-22T02:21:00+00:00,22411541-S,Battery,CURRENT,V,8.344931396484375
2026-08-22T02:25:00+00:00,22411189-1,Temperature,CURRENT,°C,14.9909130859375
2026-08-22T02:25:00+00:00,22411189-2,RH,CURRENT,%,91.30235751888304
2026-08-22T02:25:00+00:00,22411189-3,Dew Point,CURRENT,°C,13.602234478705157
2026-08-22T02:25:00+00:00,22411190-1,Temperature,CURRENT,°C,15.677319335937497
2026-08-22T02:25:00+00:00,22411190-2,RH,CURRENT,%,85.23537041275654
2026-08-22T02:25:00+00:00,22411190-3,Dew Point,CURRENT,°C,13.223021064569439
2026-08-22T02:25:00+00:00,22411191-1,Temperature,CURRENT,°C,17.200283203125004
2026-08-22T02:25:00+00:00,22411191-2,RH,CURRENT,%,78.89066910811017
2026-08-22T02:25:00+00:00,22411191-3,Dew Point,CURRENT,°C,13.523761271552807
2026-08-22T02:25:00+00:00,22411525-1,Temperature,CURRENT,°C,17.822338867187504
2026-08-22T02:25:00+00:00,22411525-2,RH,CURRENT,%,74.29770351720455
2026-08-22T02:25:00+00:00,22411525-3,Dew Point,CURRENT,°C,13.205585877301752
2026-08-22T02:25:00+00:00,22411526-1,Temperature,CURRENT,°C,14.454658203125
2026-08-22T02:25:00+00:00,22411526-2,RH,CURRENT,%,92.33081559472038
2026-08-22T02:25:00+00:00,22411526-3,Dew Point,CURRENT,°C,13.242795613381064
2026-08-22T02:25:00+00:00,22411527-1,Temperature,CURRENT,°C,18.101191406250003
2026-08-22T02:25:00+00:00,22411527-2,RH,CURRENT,%,73.36842908369573
2026-08-22T02:25:00+00:00,22411527-3,Dew Point,CURRENT,°C,13.281543879149304
2026-08-22T02:25:00+00:00,22411528-1,Temperature,CURRENT,°C,14.325957031249999
2026-08-22T02:25:00+00:00,22411528-2,RH,CURRENT,%,94.48691538872359
2026-08-22T02:25:00+00:00,22411528-3,Dew Point,CURRENT,°C,13.469382746776505
2026-08-22T02:25:00+00:00,22411529-1,Temperature,CURRENT,°C,14.175805664062501
2026-08-22T02:25:00+00:00,22411529-2,RH,CURRENT,%,95.66796368352789
2026-08-22T02:25:00+00:00,22411529-3,Dew Point,CURRENT,°C,13.510851084564623
2026-08-22T02:25:00+00:00,22411530-1,Temperature,CURRENT,°C,16.3637255859375
2026-08-22T02:25:00+00:00,22411530-2,RH,CURRENT,%,82.02639810788129
2026-08-22T02:25:00+00:00,22411530-3,Dew Point,CURRENT,°C,13.30677888512343
2026-08-22T02:26:00+00:00,22411541-S,Battery,CURRENT,V,8.348162109375
2026-08-22T02:30:00+00:00,22411189-1,Temperature,CURRENT,°C,14.840761718749995
2026-08-22T02:30:00+00:00,22411189-2,RH,CURRENT,%,91.9279774166476
2026-08-22T02:30:00+00:00,22411189-3,Dew Point,CURRENT,°C,13.558487667196697
2026-08-22T02:30:00+00:00,22411190-1,Temperature,CURRENT,°C,15.570068359375
2026-08-22T02:30:00+00:00,22411190-2,RH,CURRENT,%,85.87777523460745
2026-08-22T02:30:00+00:00,22411190-3,Dew Point,CURRENT,°C,13.232805889021622
2026-08-22T02:30:00+00:00,22411191-1,Temperature,CURRENT,°C,17.779438476562497
2026-08-22T02:30:00+00:00,22411191-2,RH,CURRENT,%,76.13183794918746
2026-08-22T02:30:00+00:00,22411191-3,Dew Point,CURRENT,°C,13.53857647669762
2026-08-22T02:30:00+00:00,22411525-1,Temperature,CURRENT,°C,18.165541992187492
2026-08-22T02:30:00+00:00,22411525-2,RH,CURRENT,%,72.75043869687953
2026-08-22T02:30:00+00:00,22411525-3,Dew Point,CURRENT,°C,13.213784162831418
2026-08-22T02:30:00+00:00,22411526-1,Temperature,CURRENT,°C,14.390307617187496
2026-08-22T02:30:00+00:00,22411526-2,RH,CURRENT,%,92.57343404287785
2026-08-22T02:30:00+00:00,22411526-3,Dew Point,CURRENT,°C,13.219211661070874
2026-08-22T02:30:00+00:00,22411527-1,Temperature,CURRENT,°C,18.315693359374997
2026-08-22T02:30:00+00:00,22411527-2,RH,CURRENT,%,72.3750667582208
2026-08-22T02:30:00+00:00,22411527-3,Dew Point,CURRENT,°C,13.278978265389322
2026-08-22T02:30:00+00:00,22411528-1,Temperature,CURRENT,°C,14.240156249999998
2026-08-22T02:30:00+00:00,22411528-2,RH,CURRENT,%,94.70817120622569
2026-08-22T02:30:00+00:00,22411528-3,Dew Point,CURRENT,°C,13.419964799625674
2026-08-22T02:30:00+00:00,22411529-1,Temperature,CURRENT,°C,14.111455078124997
2026-08-22T02:30:00+00:00,22411529-2,RH,CURRENT,%,95.66033417257954
2026-08-22T02:30:00+00:00,22411529-3,Dew Point,CURRENT,°C,13.445521180266573
2026-08-22T02:30:00+00:00,22411530-1,Temperature,CURRENT,°C,16.642578125
2026-08-22T02:30:00+00:00,22411530-2,RH,CURRENT,%,80.42572671091783
2026-08-22T02:30:00+00:00,22411530-3,Dew Point,CURRENT,°C,13.276594187580683
2026-08-22T02:31:00+00:00,22411541-S,Battery,CURRENT,V,8.35462353515625
2026-08-22T02:35:00+00:00,22411189-1,Temperature,CURRENT,°C,14.733510742187498
2026-08-22T02:35:00+00:00,22411189-2,RH,CURRENT,%,92.76264591439688
2026-08-22T02:35:00+00:00,22411189-3,Dew Point,CURRENT,°C,13.591130130803094
2026-08-22T02:35:00+00:00,22411190-1,Temperature,CURRENT,°C,15.548618164062496
2026-08-22T02:35:00+00:00,22411190-2,RH,CURRENT,%,86.6498817425803
2026-08-22T02:35:00+00:00,22411190-3,Dew Point,CURRENT,°C,13.349062805646344
2026-08-22T02:35:00+00:00,22411191-1,Temperature,CURRENT,°C,17.822338867187504
2026-08-22T02:35:00+00:00,22411191-2,RH,CURRENT,%,76.0891126878767
2026-08-22T02:35:00+00:00,22411191-3,Dew Point,CURRENT,°C,13.571488726827347
2026-08-22T02:35:00+00:00,22411525-1,Temperature,CURRENT,°C,18.2084423828125
2026-08-22T02:35:00+00:00,22411525-2,RH,CURRENT,%,72.47272449835965
2026-08-22T02:35:00+00:00,22411525-3,Dew Point,CURRENT,°C,13.196435592570502
2026-08-22T02:35:00+00:00,22411526-1,Temperature,CURRENT,°C,14.240156249999998
2026-08-22T02:35:00+00:00,22411526-2,RH,CURRENT,%,92.66956588082704
2026-08-22T02:35:00+00:00,22411526-3,Dew Point,CURRENT,°C,13.086136043157943
2026-08-22T02:35:00+00:00,22411527-1,Temperature,CURRENT,°C,18.3800439453125
2026-08-22T02:35:00+00:00,22411527-2,RH,CURRENT,%,72.02868696116579
2026-08-22T02:35:00+00:00,22411527-3,Dew Point,CURRENT,°C,13.267280277256317
2026-08-22T02:35:00+00:00,22411528-1,Temperature,CURRENT,°C,14.0471044921875
2026-08-22T02:35:00+00:00,22411528-2,RH,CURRENT,%,94.89890897993439
2026-08-22T02:35:00+00:00,22411528-3,Dew Point,CURRENT,°C,13.258751512172127
2026-08-22T02:35:00+00:00,22411529-1,Temperature,CURRENT,°C,13.9613037109375
2026-08-22T02:35:00+00:00,22411529-2,RH,CURRENT,%,95.48180361638819
2026-08-22T02:35:00+00:00,22411529-3,Dew Point,CURRENT,°C,13.267280448233004
2026-08-22T02:35:00+00:00,22411530-1,Temperature,CURRENT,°C,16.513876953125
2026-08-22T02:35:00+00:00,22411530-2,RH,CURRENT,%,82.79545281147479
2026-08-22T02:35:00+00:00,22411530-3,Dew Point,CURRENT,°C,13.597022887197177
2026-08-22T02:36:00+00:00,22411541-S,Battery,CURRENT,V,8.344931396484375
2026-08-22T02:40:00+00:00,22411189-1,Temperature,CURRENT,°C,14.325957031249999
2026-08-22T02:40:00+00:00,22411189-2,RH,CURRENT,%,93.9833676661326
2026-08-22T02:40:00+00:00,22411189-3,Dew Point,CURRENT,°C,13.3872914918451
2026-08-22T02:40:00+00:00,22411190-1,Temperature,CURRENT,°C,14.9051123046875
2026-08-22T02:40:00+00:00,22411190-2,RH,CURRENT,%,88.29022659647516
2026-08-22T02:40:00+00:00,22411190-3,Dew Point,CURRENT,°C,13.002566806961825
2026-08-22T02:40:00+00:00,22411191-1,Temperature,CURRENT,°C,16.771279296875
2026-08-22T02:40:00+00:00,22411191-2,RH,CURRENT,%,82.54825665674831
2026-08-22T02:40:00+00:00,22411191-3,Dew Point,CURRENT,°C,13.802826651219094
2026-08-22T02:40:00+00:00,22411525-1,Temperature,CURRENT,°C,17.564936523437503
2026-08-22T02:40:00+00:00,22411525-2,RH,CURRENT,%,76.14557106889448
2026-08-22T02:40:00+00:00,22411525-3,Dew Point,CURRENT,°C,13.333609938170438
2026-08-22T02:40:00+00:00,22411526-1,Temperature,CURRENT,°C,14.025654296874997
2026-08-22T02:40:00+00:00,22411526-2,RH,CURRENT,%,93.15938048371099
2026-08-22T02:40:00+00:00,22411526-3,Dew Point,CURRENT,°C,12.953940271514433
2026-08-22T02:40:00+00:00,22411527-1,Temperature,CURRENT,°C,18.015390625000002
2026-08-22T02:40:00+00:00,22411527-2,RH,CURRENT,%,73.82619974059662
2026-08-22T02:40:00+00:00,22411527-3,Dew Point,CURRENT,°C,13.29424625436227
2026-08-22T02:40:00+00:00,22411528-1,Temperature,CURRENT,°C,13.854052734374996
2026-08-22T02:40:00+00:00,22411528-2,RH,CURRENT,%,95.49553673609522
2026-08-22T02:40:00+00:00,22411528-3,Dew Point,CURRENT,°C,13.16266925149699
2026-08-22T02:40:00+00:00,22411529-1,Temperature,CURRENT,°C,13.896953124999996
2026-08-22T02:40:00+00:00,22411529-2,RH,CURRENT,%,95.80071717402915
2026-08-22T02:40:00+00:00,22411529-3,Dew Point,CURRENT,°C,13.254336195117732
2026-08-22T02:40:00+00:00,22411530-1,Temperature,CURRENT,°C,15.61296875
2026-08-22T02:40:00+00:00,22411530-2,RH,CURRENT,%,86.147859922179
2026-08-22T02:40:00+00:00,22411530-3,Dew Point,CURRENT,°C,13.323168768895727
2026-08-22T02:41:00+00:00,22411541-S,Battery,CURRENT,V,8.344931396484375
2026-08-22T02:45:00+00:00,22411189-1,Temperature,CURRENT,°C,14.068554687499997
2026-08-22T02:45:00+00:00,22411189-2,RH,CURRENT,%,95.52300297550927
2026-08-22T02:45:00+00:00,22411189-3,Dew Point,CURRENT,°C,13.380720875480279
2026-08-22T02:45:00+00:00,22411190-1,Temperature,CURRENT,°C,14.540458984375
2026-08-22T02:45:00+00:00,22411190-2,RH,CURRENT,%,90.77134355687801
2026-08-22T02:45:00+00:00,22411190-3,Dew Point,CURRENT,°C,13.066684932827485
2026-08-22T02:45:00+00:00,22411191-1,Temperature,CURRENT,°C,15.891821289062499
2026-08-22T02:45:00+00:00,22411191-2,RH,CURRENT,%,86.29282063019761
2026-08-22T02:45:00+00:00,22411191-3,Dew Point,CURRENT,°C,13.623260258675746
2026-08-22T02:45:00+00:00,22411525-1,Temperature,CURRENT,°C,17.3075341796875
2026-08-22T02:45:00+00:00,22411525-2,RH,CURRENT,%,76.02502479591058
2026-08-22T02:45:00+00:00,22411525-3,Dew Point,CURRENT,°C,13.060043201583158
2026-08-22T02:45:00+00:00,22411526-1,Temperature,CURRENT,°C,13.811152343749995
2026-08-22T02:45:00+00:00,22411526-2,RH,CURRENT,%,93.91165026321812
2026-08-22T02:45:00+00:00,22411526-3,Dew Point,CURRENT,°C,12.86389194406048
2026-08-22T02:45:00+00:00,22411527-1,Temperature,CURRENT,°C,18.058291015624995
2026-08-22T02:45:00+00:00,22411527-2,RH,CURRENT,%,73.04036011291676
2026-08-22T02:45:00+00:00,22411527-3,Dew Point,CURRENT,°C,13.171459700246979
2026-08-22T02:45:00+00:00,22411528-1,Temperature,CURRENT,°C,13.682451171875002
2026-08-22T02:45:00+00:00,22411528-2,RH,CURRENT,%,95.893797207599
2026-08-22T02:45:00+00:00,22411528-3,Dew Point,CURRENT,°C,13.05549065585789
2026-08-22T02:45:00+00:00,22411529-1,Temperature,CURRENT,°C,13.939853515624996
2026-08-22T02:45:00+00:00,22411529-2,RH,CURRENT,%,96.54840924696727
2026-08-22T02:45:00+00:00,22411529-3,Dew Point,CURRENT,°C,13.416447258707155
2026-08-22T02:45:00+00:00,22411530-1,Temperature,CURRENT,°C,15.0338134765625
2026-08-22T02:45:00+00:00,22411530-2,RH,CURRENT,%,89.59945067521171
2026-08-22T02:45:00+00:00,22411530-3,Dew Point,CURRENT,°C,13.355320498372192
2026-08-22T02:46:00+00:00,22411541-S,Battery,CURRENT,V,8.338469970703125
2026-08-22T02:50:00+00:00,22411189-1,Temperature,CURRENT,°C,14.111455078124997
2026-08-22T02:50:00+00:00,22411189-2,RH,CURRENT,%,96.66285191119249
2026-08-22T02:50:00+00:00,22411189-3,Dew Point,CURRENT,°C,13.60580843706552
2026-08-22T02:50:00+00:00,22411190-1,Temperature,CURRENT,°C,14.733510742187498
2026-08-22T02:50:00+00:00,22411190-2,RH,CURRENT,%,91.32524605172809
2026-08-22T02:50:00+00:00,22411190-3,Dew Point,CURRENT,°C,13.351132351764287
2026-08-22T02:50:00+00:00,22411191-1,Temperature,CURRENT,°C,16.2779248046875
2026-08-22T02:50:00+00:00,22411191-2,RH,CURRENT,%,84.15503166247044
2026-08-22T02:50:00+00:00,22411191-3,Dew Point,CURRENT,°C,13.616469681733857
2026-08-22T02:50:00+00:00,22411525-1,Temperature,CURRENT,°C,17.54348632812499
2026-08-22T02:50:00+00:00,22411525-2,RH,CURRENT,%,74.7325856412604
2026-08-22T02:50:00+00:00,22411525-3,Dew Point,CURRENT,°C,13.02567463929699
2026-08-22T02:50:00+00:00,22411526-1,Temperature,CURRENT,°C,13.639550781250001
2026-08-22T02:50:00+00:00,22411526-2,RH,CURRENT,%,94.7173266193637
2026-08-22T02:50:00+00:00,22411526-3,Dew Point,CURRENT,°C,12.823868265494513
2026-08-22T02:50:00+00:00,22411527-1,Temperature,CURRENT,°C,18.0368408203125
2026-08-22T02:50:00+00:00,22411527-2,RH,CURRENT,%,72.81452658884565
2026-08-22T02:50:00+00:00,22411527-3,Dew Point,CURRENT,°C,13.103332788882657
2026-08-22T02:50:00+00:00,22411528-1,Temperature,CURRENT,°C,13.532299804687497
2026-08-22T02:50:00+00:00,22411528-2,RH,CURRENT,%,96.40955214770733
2026-08-22T02:50:00+00:00,22411528-3,Dew Point,CURRENT,°C,12.98795838687595
2026-08-22T02:50:00+00:00,22411529-1,Temperature,CURRENT,°C,13.789702148437499
2026-08-22T02:50:00+00:00,22411529-2,RH,CURRENT,%,95.69542992294194
2026-08-22T02:50:00+00:00,22411529-3,Dew Point,CURRENT,°C,13.130622153096812
2026-08-22T02:50:00+00:00,22411530-1,Temperature,CURRENT,°C,15.334116210937495
2026-08-22T02:50:00+00:00,22411530-2,RH,CURRENT,%,88.59693293659876
2026-08-22T02:50:00+00:00,22411530-3,Dew Point,CURRENT,°C,13.479024021195942
2026-08-22T02:51:00+00:00,22411541-S,Battery,CURRENT,V,8.338469970703125
2026-08-22T02:55:00+00:00,22411189-1,Temperature,CURRENT,°C,14.240156249999998
2026-08-22T02:55:00+00:00,22411189-2,RH,CURRENT,%,96.87647821774624
2026-08-22T02:55:00+00:00,22411189-3,Dew Point,CURRENT,°C,13.768181479653979
2026-08-22T02:55:00+00:00,22411190-1,Temperature,CURRENT,°C,14.883662109374995
2026-08-22T02:55:00+00:00,22411190-2,RH,CURRENT,%,90.70267795834287
2026-08-22T02:55:00+00:00,22411190-3,Dew Point,CURRENT,°C,13.394755597027615
2026-08-22T02:55:00+00:00,22411191-1,Temperature,CURRENT,°C,16.1492236328125
2026-08-22T02:55:00+00:00,22411191-2,RH,CURRENT,%,84.69062333104448
2026-08-22T02:55:00+00:00,22411191-3,Dew Point,CURRENT,°C,13.587820664414457
2026-08-22T02:55:00+00:00,22411525-1,Temperature,CURRENT,°C,16.857080078125
2026-08-22T02:55:00+00:00,22411525-2,RH,CURRENT,%,77.88052185854886
2026-08-22T02:55:00+00:00,22411525-3,Dew Point,CURRENT,°C,12.992458407760584
2026-08-22T02:55:00+00:00,22411526-1,Temperature,CURRENT,°C,13.661000976562498
2026-08-22T02:55:00+00:00,22411526-2,RH,CURRENT,%,95.70916304264897
2026-08-22T02:55:00+00:00,22411526-3,Dew Point,CURRENT,°C,13.0046045331324
2026-08-22T02:55:00+00:00,22411527-1,Temperature,CURRENT,°C,17.522036132812495
2026-08-22T02:55:00+00:00,22411527-2,RH,CURRENT,%,74.65171282520791
2026-08-22T02:55:00+00:00,22411527-3,Dew Point,CURRENT,°C,12.988370936946977
2026-08-22T02:55:00+00:00,22411528-1,Temperature,CURRENT,°C,13.596650390625001
2026-08-22T02:55:00+00:00,22411528-2,RH,CURRENT,%,97.38918135347524
2026-08-22T02:55:00+00:00,22411528-3,Dew Point,CURRENT,°C,13.207069591489283
2026-08-22T02:55:00+00:00,22411529-1,Temperature,CURRENT,°C,13.746801757812499
2026-08-22T02:55:00+00:00,22411529-2,RH,CURRENT,%,96.31342030975814
2026-08-22T02:55:00+00:00,22411529-3,Dew Point,CURRENT,°C,13.186546566752966
2026-08-22T02:55:00+00:00,22411530-1,Temperature,CURRENT,°C,15.61296875
2026-08-22T02:55:00+00:00,22411530-2,RH,CURRENT,%,86.83299000534066
2026-08-22T02:55:00+00:00,22411530-3,Dew Point,CURRENT,°C,13.444821536806689
2026-08-22T02:56:00+00:00,22411541-S,Battery,CURRENT,V,8.338469970703125
2026-08-22T03:00:00+00:00,22411189-1,Temperature,CURRENT,°C,14.4117578125
2026-08-22T03:00:00+00:00,22411189-2,RH,CURRENT,%,95.3154802777142
2026-08-22T03:00:00+00:00,22411189-3,Dew Point,CURRENT,°C,13.689061864640035
2026-08-22T03:00:00+00:00,22411190-1,Temperature,CURRENT,°C,15.012363281249996
2026-08-22T03:00:00+00:00,22411190-2,RH,CURRENT,%,89.45143816281376
2026-08-22T03:00:00+00:00,22411190-3,Dew Point,CURRENT,°C,13.30874608469085
2026-08-22T03:00:00+00:00,22411191-1,Temperature,CURRENT,°C,16.2779248046875
2026-08-22T03:00:00+00:00,22411191-2,RH,CURRENT,%,83.11284046692607
2026-08-22T03:00:00+00:00,22411191-3,Dew Point,CURRENT,°C,13.424886284879262
2026-08-22T03:00:00+00:00,22411525-1,Temperature,CURRENT,°C,17.178833007812493
2026-08-22T03:00:00+00:00,22411525-2,RH,CURRENT,%,76.14557106889448
2026-08-22T03:00:00+00:00,22411525-3,Dew Point,CURRENT,°C,12.95966324544342
2026-08-22T03:00:00+00:00,22411526-1,Temperature,CURRENT,°C,13.811152343749995
2026-08-22T03:00:00+00:00,22411526-2,RH,CURRENT,%,95.95635919737545
2026-08-22T03:00:00+00:00,22411526-3,Dew Point,CURRENT,°C,13.193738135062414
2026-08-22T03:00:00+00:00,22411527-1,Temperature,CURRENT,°C,17.75798828125
2026-08-22T03:00:00+00:00,22411527-2,RH,CURRENT,%,73.64461738002593
2026-08-22T03:00:00+00:00,22411527-3,Dew Point,CURRENT,°C,13.008195127097968
2026-08-22T03:00:00+00:00,22411528-1,Temperature,CURRENT,°C,13.746801757812499
2026-08-22T03:00:00+00:00,22411528-2,RH,CURRENT,%,97.62417029068436
2026-08-22T03:00:00+00:00,22411528-3,Dew Point,CURRENT,°C,13.393982903373955
2026-08-22T03:00:00+00:00,22411529-1,Temperature,CURRENT,°C,13.746801757812499
2026-08-22T03:00:00+00:00,22411529-2,RH,CURRENT,%,97.06874189364461
2026-08-22T03:00:00+00:00,22411529-3,Dew Point,CURRENT,°C,13.306382346951564
2026-08-22T03:00:00+00:00,22411530-1,Temperature,CURRENT,°C,15.634418945312497
2026-08-22T03:00:00+00:00,22411530-2,RH,CURRENT,%,86.06393530174716
2026-08-22T03:00:00+00:00,22411530-3,Dew Point,CURRENT,°C,13.329300564898775
2026-08-22T03:01:00+00:00,22411541-S,Battery,CURRENT,V,8.338469970703125
2026-08-22T03:05:00+00:00,22411189-1,Temperature,CURRENT,°C,14.4117578125
2026-08-22T03:05:00+00:00,22411189-2,RH,CURRENT,%,95.15678644998856
2026-08-22T03:05:00+00:00,22411189-3,Dew Point,CURRENT,°C,13.663412092938609
2026-08-22T03:05:00+00:00,22411190-1,Temperature,CURRENT,°C,14.926562499999996
2026-08-22T03:05:00+00:00,22411190-2,RH,CURRENT,%,89.56282902265964
2026-08-22T03:05:00+00:00,22411190-3,Dew Point,CURRENT,°C,13.243064800278159
2026-08-22T03:05:00+00:00,22411191-1,Temperature,CURRENT,°C,16.535327148437496
2026-08-22T03:05:00+00:00,22411191-2,RH,CURRENT,%,81.86770428015564
2026-08-22T03:05:00+00:00,22411191-3,Dew Point,CURRENT,°C,13.44475573124447
2026-08-22T03:05:00+00:00,22411525-1,Temperature,CURRENT,°C,17.350434570312494
2026-08-22T03:05:00+00:00,22411525-2,RH,CURRENT,%,75.32616159304189
2026-08-22T03:05:00+00:00,22411525-3,Dew Point,CURRENT,°C,12.960158231731935
2026-08-22T03:05:00+00:00,22411526-1,Temperature,CURRENT,°C,13.8326025390625
2026-08-22T03:05:00+00:00,22411526-2,RH,CURRENT,%,95.86022735942626
2026-08-22T03:05:00+00:00,22411526-3,Dew Point,CURRENT,°C,13.19974286848016
2026-08-22T03:05:00+00:00,22411527-1,Temperature,CURRENT,°C,17.822338867187504
2026-08-22T03:05:00+00:00,22411527-2,RH,CURRENT,%,73.1441214618143
2026-08-22T03:05:00+00:00,22411527-3,Dew Point,CURRENT,°C,12.965841285147915
2026-08-22T03:05:00+00:00,22411528-1,Temperature,CURRENT,°C,13.746801757812499
2026-08-22T03:05:00+00:00,22411528-2,RH,CURRENT,%,97.51430533302815
2026-08-22T03:05:00+00:00,22411528-3,Dew Point,CURRENT,°C,13.376690087842103
2026-08-22T03:05:00+00:00,22411529-1,Temperature,CURRENT,°C,13.682451171875002
2026-08-22T03:05:00+00:00,22411529-2,RH,CURRENT,%,96.94514381628137
2026-08-22T03:05:00+00:00,22411529-3,Dew Point,CURRENT,°C,13.222619891052814
2026-08-22T03:05:00+00:00,22411530-1,Temperature,CURRENT,°C,15.634418945312497
2026-08-22T03:05:00+00:00,22411530-2,RH,CURRENT,%,86.11581597619593
2026-08-22T03:05:00+00:00,22411530-3,Dew Point,CURRENT,°C,13.33855170088546
2026-08-22T03:06:00+00:00,22411541-S,Battery,CURRENT,V,8.3352392578125
2026-08-22T03:10:00+00:00,22411189-1,Temperature,CURRENT,°C,14.218706054687502
2026-08-22T03:10:00+00:00,22411189-2,RH,CURRENT,%,94.58457312886244
2026-08-22T03:10:00+00:00,22411189-3,Dew Point,CURRENT,°C,13.37856729317235
2026-08-22T03:10:00+00:00,22411190-1,Temperature,CURRENT,°C,14.819311523437499
2026-08-22T03:10:00+00:00,22411190-2,RH,CURRENT,%,89.05470359349965
2026-08-22T03:10:00+00:00,22411190-3,Dew Point,CURRENT,°C,13.04991106148417
2026-08-22T03:10:00+00:00,22411191-1,Temperature,CURRENT,°C,16.89998046875
2026-08-22T03:10:00+00:00,22411191-2,RH,CURRENT,%,79.487296864271
2026-08-22T03:10:00+00:00,22411191-3,Dew Point,CURRENT,°C,13.34725887960777
2026-08-22T03:10:00+00:00,22411525-1,Temperature,CURRENT,°C,17.629287109374992
2026-08-22T03:10:00+00:00,22411525-2,RH,CURRENT,%,73.97421225299458
2026-08-22T03:10:00+00:00,22411525-3,Dew Point,CURRENT,°C,12.952382986794088
2026-08-22T03:10:00+00:00,22411526-1,Temperature,CURRENT,°C,13.768251953124995
2026-08-22T03:10:00+00:00,22411526-2,RH,CURRENT,%,95.14305333028153
2026-08-22T03:10:00+00:00,22411526-3,Dew Point,CURRENT,°C,13.020576115749659
2026-08-22T03:10:00+00:00,22411527-1,Temperature,CURRENT,°C,18.015390625000002
2026-08-22T03:10:00+00:00,22411527-2,RH,CURRENT,%,72.480354009308
2026-08-22T03:10:00+00:00,22411527-3,Dew Point,CURRENT,°C,13.012219897731786
2026-08-22T03:10:00+00:00,22411528-1,Temperature,CURRENT,°C,13.639550781250001
2026-08-22T03:10:00+00:00,22411528-2,RH,CURRENT,%,97.17555504692149
2026-08-22T03:10:00+00:00,22411528-3,Dew Point,CURRENT,°C,13.21621645012165
2026-08-22T03:10:00+00:00,22411529-1,Temperature,CURRENT,°C,13.661000976562498
2026-08-22T03:10:00+00:00,22411529-2,RH,CURRENT,%,96.64454108491645
2026-08-22T03:10:00+00:00,22411529-3,Dew Point,CURRENT,°C,13.153602166470051
2026-08-22T03:10:00+00:00,22411530-1,Temperature,CURRENT,°C,15.763120117187498
2026-08-22T03:10:00+00:00,22411530-2,RH,CURRENT,%,84.93934538796063
2026-08-22T03:10:00+00:00,22411530-3,Dew Point,CURRENT,°C,13.253903160908811
2026-08-22T03:11:00+00:00,22411541-S,Battery,CURRENT,V,8.338469970703125
2026-08-22T03:15:00+00:00,22411189-1,Temperature,CURRENT,°C,14.111455078124997
2026-08-22T03:15:00+00:00,22411189-2,RH,CURRENT,%,94.0840772106508
2026-08-22T03:15:00+00:00,22411189-3,Dew Point,CURRENT,°C,13.190495250687505
2026-08-22T03:15:00+00:00,22411190-1,Temperature,CURRENT,°C,14.840761718749995
2026-08-22T03:15:00+00:00,22411190-2,RH,CURRENT,%,87.75768673228046
2026-08-22T03:15:00+00:00,22411190-3,Dew Point,CURRENT,°C,12.846542203702256
2026-08-22T03:15:00+00:00,22411191-1,Temperature,CURRENT,°C,16.9214306640625
2026-08-22T03:15:00+00:00,22411191-2,RH,CURRENT,%,79.12413214312963
2026-08-22T03:15:00+00:00,22411191-3,Dew Point,CURRENT,°C,13.297847012206747
2026-08-22T03:15:00+00:00,22411525-1,Temperature,CURRENT,°C,17.3933349609375
2026-08-22T03:15:00+00:00,22411525-2,RH,CURRENT,%,74.86686503395133
2026-08-22T03:15:00+00:00,22411525-3,Dew Point,CURRENT,°C,12.90804698409289
2026-08-22T03:15:00+00:00,22411526-1,Temperature,CURRENT,°C,13.639550781250001
2026-08-22T03:15:00+00:00,22411526-2,RH,CURRENT,%,94.92179751277943
2026-08-22T03:15:00+00:00,22411526-3,Dew Point,CURRENT,°C,12.856841820689954
2026-08-22T03:15:00+00:00,22411527-1,Temperature,CURRENT,°C,17.822338867187504
2026-08-22T03:15:00+00:00,22411527-2,RH,CURRENT,%,73.27840085450522
2026-08-22T03:15:00+00:00,22411527-3,Dew Point,CURRENT,°C,12.993918061196592
2026-08-22T03:15:00+00:00,22411528-1,Temperature,CURRENT,°C,13.489399414062497
2026-08-22T03:15:00+00:00,22411528-2,RH,CURRENT,%,97.07789730678263
2026-08-22T03:15:00+00:00,22411528-3,Dew Point,CURRENT,°C,13.050950131713861
2026-08-22T03:15:00+00:00,22411529-1,Temperature,CURRENT,°C,13.489399414062497
2026-08-22T03:15:00+00:00,22411529-2,RH,CURRENT,%,96.29663538567178
2026-08-22T03:15:00+00:00,22411529-3,Dew Point,CURRENT,°C,12.927247968735363
2026-08-22T03:15:00+00:00,22411530-1,Temperature,CURRENT,°C,16.084873046874996
2026-08-22T03:15:00+00:00,22411530-2,RH,CURRENT,%,82.33310444800489
2026-08-22T03:15:00+00:00,22411530-3,Dew Point,CURRENT,°C,13.091373016433918
2026-08-22T03:16:00+00:00,22411541-S,Battery,CURRENT,V,8.3352392578125
2026-08-22T03:20:00+00:00,22411189-1,Temperature,CURRENT,°C,14.240156249999998
2026-08-22T03:20:00+00:00,22411189-2,RH,CURRENT,%,93.04188601510643
2026-08-22T03:20:00+00:00,22411189-3,Dew Point,CURRENT,°C,13.14758273996894
2026-08-22T03:20:00+00:00,22411190-1,Temperature,CURRENT,°C,15.269765624999998
2026-08-22T03:20:00+00:00,22411190-2,RH,CURRENT,%,85.6794079499504
2026-08-22T03:20:00+00:00,22411190-3,Dew Point,CURRENT,°C,12.90220949275231
2026-08-22T03:20:00+00:00,22411191-1,Temperature,CURRENT,°C,17.350434570312494
2026-08-22T03:20:00+00:00,22411191-2,RH,CURRENT,%,77.18776226443885
2026-08-22T03:20:00+00:00,22411191-3,Dew Point,CURRENT,°C,13.334375466363003
2026-08-22T03:20:00+00:00,22411525-1,Temperature,CURRENT,°C,17.736538085937504
2026-08-22T03:20:00+00:00,22411525-2,RH,CURRENT,%,73.67513542381933
2026-08-22T03:20:00+00:00,22411525-3,Dew Point,CURRENT,°C,12.993848750794097
2026-08-22T03:20:00+00:00,22411526-1,Temperature,CURRENT,°C,13.510849609375
2026-08-22T03:20:00+00:00,22411526-2,RH,CURRENT,%,94.5067521171893
2026-08-22T03:20:00+00:00,22411526-3,Dew Point,CURRENT,°C,12.661825380131935
2026-08-22T03:20:00+00:00,22411527-1,Temperature,CURRENT,°C,17.972490234374995
2026-08-22T03:20:00+00:00,22411527-2,RH,CURRENT,%,72.87403677424277
2026-08-22T03:20:00+00:00,22411527-3,Dew Point,CURRENT,°C,13.053866193049155
2026-08-22T03:20:00+00:00,22411528-1,Temperature,CURRENT,°C,13.317797851562496
2026-08-22T03:20:00+00:00,22411528-2,RH,CURRENT,%,96.8535896849012
2026-08-22T03:20:00+00:00,22411528-3,Dew Point,CURRENT,°C,12.84431844219432
2026-08-22T03:20:00+00:00,22411529-1,Temperature,CURRENT,°C,13.403598632812496
2026-08-22T03:20:00+00:00,22411529-2,RH,CURRENT,%,96.39734493018997
2026-08-22T03:20:00+00:00,22411529-3,Dew Point,CURRENT,°C,12.857690039998428
2026-08-22T03:20:00+00:00,22411530-1,Temperature,CURRENT,°C,16.55677734375
2026-08-22T03:20:00+00:00,22411530-2,RH,CURRENT,%,80.47913328755627
2026-08-22T03:20:00+00:00,22411530-3,Dew Point,CURRENT,°C,13.203109434721174
2026-08-22T03:21:00+00:00,22411541-S,Battery,CURRENT,V,8.332008544921875
2026-08-22T03:25:00+00:00,22411189-1,Temperature,CURRENT,°C,13.854052734374996
2026-08-22T03:25:00+00:00,22411189-2,RH,CURRENT,%,94.85770962081331
2026-08-22T03:25:00+00:00,22411189-3,Dew Point,CURRENT,°C,13.059975208847831
2026-08-22T03:25:00+00:00,22411190-1,Temperature,CURRENT,°C,14.712060546875001
2026-08-22T03:25:00+00:00,22411190-2,RH,CURRENT,%,88.5145342183566
2026-08-22T03:25:00+00:00,22411190-3,Dew Point,CURRENT,°C,12.850931421977284
2026-08-22T03:25:00+00:00,22411191-1,Temperature,CURRENT,°C,17.350434570312494
2026-08-22T03:25:00+00:00,22411191-2,RH,CURRENT,%,77.0595864805066
2026-08-22T03:25:00+00:00,22411191-3,Dew Point,CURRENT,°C,13.308865064033823
2026-08-22T03:25:00+00:00,22411525-1,Temperature,CURRENT,°C,17.715087890624993
2026-08-22T03:25:00+00:00,22411525-2,RH,CURRENT,%,73.7315938048371
2026-08-22T03:25:00+00:00,22411525-3,Dew Point,CURRENT,°C,12.984884600622014
2026-08-22T03:25:00+00:00,22411526-1,Temperature,CURRENT,°C,13.3821484375
2026-08-22T03:25:00+00:00,22411526-2,RH,CURRENT,%,94.84092469672694
2026-08-22T03:25:00+00:00,22411526-3,Dew Point,CURRENT,°C,12.58765744877317
2026-08-22T03:25:00+00:00,22411527-1,Temperature,CURRENT,°C,17.951040039062498
2026-08-22T03:25:00+00:00,22411527-2,RH,CURRENT,%,73.08461127641718
2026-08-22T03:25:00+00:00,22411527-3,Dew Point,CURRENT,°C,13.077400299291808
2026-08-22T03:25:00+00:00,22411528-1,Temperature,CURRENT,°C,13.231997070312495
2026-08-22T03:25:00+00:00,22411528-2,RH,CURRENT,%,97.21980621042191
2026-08-22T03:25:00+00:00,22411528-3,Dew Point,CURRENT,°C,12.816399072091171
2026-08-22T03:25:00+00:00,22411529-1,Temperature,CURRENT,°C,13.425048828125
2026-08-22T03:25:00+00:00,22411529-2,RH,CURRENT,%,96.70862897688258
2026-08-22T03:25:00+00:00,22411529-3,Dew Point,CURRENT,°C,12.928400667479462
2026-08-22T03:25:00+00:00,22411530-1,Temperature,CURRENT,°C,16.1921240234375
2026-08-22T03:25:00+00:00,22411530-2,RH,CURRENT,%,82.04013122758832
2026-08-22T03:25:00+00:00,22411530-3,Dew Point,CURRENT,°C,13.141607275876355
2026-08-22T03:26:00+00:00,22411541-S,Battery,CURRENT,V,8.332008544921875
2026-08-22T03:30:00+00:00,22411189-1,Temperature,CURRENT,°C,13.768251953124995
2026-08-22T03:30:00+00:00,22411189-2,RH,CURRENT,%,95.06370641641871
2026-08-22T03:30:00+00:00,22411189-3,Dew Point,CURRENT,°C,13.00780088891314
2026-08-22T03:30:00+00:00,22411190-1,Temperature,CURRENT,°C,14.733510742187498
2026-08-22T03:30:00+00:00,22411190-2,RH,CURRENT,%,87.79430838483253
2026-08-22T03:30:00+00:00,22411190-3,Dew Point,CURRENT,°C,12.747199912753656
2026-08-22T03:30:00+00:00,22411191-1,Temperature,CURRENT,°C,17.3075341796875
2026-08-22T03:30:00+00:00,22411191-2,RH,CURRENT,%,77.36629282063019
2026-08-22T03:30:00+00:00,22411191-3,Dew Point,CURRENT,°C,13.328215191364922
2026-08-22T03:30:00+00:00,22411525-1,Temperature,CURRENT,°C,17.54348632812499
2026-08-22T03:30:00+00:00,22411525-2,RH,CURRENT,%,74.5464255741207
2026-08-22T03:30:00+00:00,22411525-3,Dew Point,CURRENT,°C,12.987486706905864
2026-08-22T03:30:00+00:00,22411526-1,Temperature,CURRENT,°C,13.29634765625
2026-08-22T03:30:00+00:00,22411526-2,RH,CURRENT,%,95.16594186312658
2026-08-22T03:30:00+00:00,22411526-3,Dew Point,CURRENT,°C,12.55445528646968
2026-08-22T03:30:00+00:00,22411527-1,Temperature,CURRENT,°C,17.75798828125
2026-08-22T03:30:00+00:00,22411527-2,RH,CURRENT,%,73.9330128938735
2026-08-22T03:30:00+00:00,22411527-3,Dew Point,CURRENT,°C,13.068052263464656
2026-08-22T03:30:00+00:00,22411528-1,Temperature,CURRENT,°C,13.167646484374998
2026-08-22T03:30:00+00:00,22411528-2,RH,CURRENT,%,97.45479514763103
2026-08-22T03:30:00+00:00,22411528-3,Dew Point,CURRENT,°C,12.789061526404414
2026-08-22T03:30:00+00:00,22411529-1,Temperature,CURRENT,°C,13.360698242187496
2026-08-22T03:30:00+00:00,22411529-2,RH,CURRENT,%,96.62928206301976
2026-08-22T03:30:00+00:00,22411529-3,Dew Point,CURRENT,°C,12.851657725589865
2026-08-22T03:30:00+00:00,22411530-1,Temperature,CURRENT,°C,16.38517578125
2026-08-22T03:30:00+00:00,22411530-2,RH,CURRENT,%,80.47608148317693
2026-08-22T03:30:00+00:00,22411530-3,Dew Point,CURRENT,°C,13.035184320668327
2026-08-22T03:31:00+00:00,22411541-S,Battery,CURRENT,V,8.332008544921875
2026-08-22T03:35:00+00:00,22411189-1,Temperature,CURRENT,°C,13.768251953124995
2026-08-22T03:35:00+00:00,22411189-2,RH,CURRENT,%,94.79362172884719
2026-08-22T03:35:00+00:00,22411189-3,Dew Point,CURRENT,°C,12.964245709453241
2026-08-22T03:35:00+00:00,22411190-1,Temperature,CURRENT,°C,14.9051123046875
2026-08-22T03:35:00+00:00,22411190-2,RH,CURRENT,%,86.76890211337454
2026-08-22T03:35:00+00:00,22411190-3,Dew Point,CURRENT,°C,12.736732203572206
2026-08-22T03:35:00+00:00,22411191-1,Temperature,CURRENT,°C,17.264633789062493
2026-08-22T03:35:00+00:00,22411191-2,RH,CURRENT,%,77.45937285420004
2026-08-22T03:35:00+00:00,22411191-3,Dew Point,CURRENT,°C,13.305036655460063
2026-08-22T03:35:00+00:00,22411525-1,Temperature,CURRENT,°C,17.45768554687499
2026-08-22T03:35:00+00:00,22411525-2,RH,CURRENT,%,74.84245059891661
2026-08-22T03:35:00+00:00,22411525-3,Dew Point,CURRENT,°C,12.965249864803951
2026-08-22T03:35:00+00:00,22411526-1,Temperature,CURRENT,°C,13.231997070312495
2026-08-22T03:35:00+00:00,22411526-2,RH,CURRENT,%,95.14152742809186
2026-08-22T03:35:00+00:00,22411526-3,Dew Point,CURRENT,°C,12.486478348844585
2026-08-22T03:35:00+00:00,22411527-1,Temperature,CURRENT,°C,17.629287109374992
2026-08-22T03:35:00+00:00,22411527-2,RH,CURRENT,%,74.46250095368887
2026-08-22T03:35:00+00:00,22411527-3,Dew Point,CURRENT,°C,13.053113665916927
2026-08-22T03:35:00+00:00,22411528-1,Temperature,CURRENT,°C,13.081845703124998
2026-08-22T03:35:00+00:00,22411528-2,RH,CURRENT,%,97.4212252994583
2026-08-22T03:35:00+00:00,22411528-3,Dew Point,CURRENT,°C,12.698131604522649
2026-08-22T03:35:00+00:00,22411529-1,Temperature,CURRENT,°C,13.317797851562496
2026-08-22T03:35:00+00:00,22411529-2,RH,CURRENT,%,96.6475928892958
2026-08-22T03:35:00+00:00,22411529-3,Dew Point,CURRENT,°C,12.811765041133382
2026-08-22T03:35:00+00:00,22411530-1,Temperature,CURRENT,°C,16.55677734375
2026-08-22T03:35:00+00:00,22411530-2,RH,CURRENT,%,79.7283894102388
2026-08-22T03:35:00+00:00,22411530-3,Dew Point,CURRENT,°C,13.059467206686453
2026-08-22T03:36:00+00:00,22411541-S,Battery,CURRENT,V,8.3352392578125
2026-08-22T03:40:00+00:00,22411189-1,Temperature,CURRENT,°C,13.768251953124995
2026-08-22T03:40:00+00:00,22411189-2,RH,CURRENT,%,96.28137636377508
2026-08-22T03:40:00+00:00,22411189-3,Dew Point,CURRENT,°C,13.20282945529602
2026-08-22T03:40:00+00:00,22411190-1,Temperature,CURRENT,°C,14.583359375
2026-08-22T03:40:00+00:00,22411190-2,RH,CURRENT,%,89.8512245365072
2026-08-22T03:40:00+00:00,22411190-3,Dew Point,CURRENT,°C,12.953120274667096
2026-08-22T03:40:00+00:00,22411191-1,Temperature,CURRENT,°C,16.942880859374995
2026-08-22T03:40:00+00:00,22411191-2,RH,CURRENT,%,79.43083848325323
2026-08-22T03:40:00+00:00,22411191-3,Dew Point,CURRENT,°C,13.378117711117815
2026-08-22T03:40:00+00:00,22411525-1,Temperature,CURRENT,°C,17.3933349609375
2026-08-22T03:40:00+00:00,22411525-2,RH,CURRENT,%,75.4314488441291
2026-08-22T03:40:00+00:00,22411525-3,Dew Point,CURRENT,°C,13.023040218566203
2026-08-22T03:40:00+00:00,22411526-1,Temperature,CURRENT,°C,13.231997070312495
2026-08-22T03:40:00+00:00,22411526-2,RH,CURRENT,%,95.50469214923324
2026-08-22T03:40:00+00:00,22411526-3,Dew Point,CURRENT,°C,12.544583037419537
2026-08-22T03:40:00+00:00,22411527-1,Temperature,CURRENT,°C,17.650737304687503
2026-08-22T03:40:00+00:00,22411527-2,RH,CURRENT,%,74.6822308690013
2026-08-22T03:40:00+00:00,22411527-3,Dew Point,CURRENT,°C,13.118978267300323
2026-08-22T03:40:00+00:00,22411528-1,Temperature,CURRENT,°C,12.996044921874997
2026-08-22T03:40:00+00:00,22411528-2,RH,CURRENT,%,97.55397878995956
2026-08-22T03:40:00+00:00,22411528-3,Dew Point,CURRENT,°C,12.633253569248126
2026-08-22T03:40:00+00:00,22411529-1,Temperature,CURRENT,°C,13.339248046875
2026-08-22T03:40:00+00:00,22411529-2,RH,CURRENT,%,96.9588769359884
2026-08-22T03:40:00+00:00,22411529-3,Dew Point,CURRENT,°C,12.882336911936115
2026-08-22T03:40:00+00:00,22411530-1,Temperature,CURRENT,°C,15.827470703125002
2026-08-22T03:40:00+00:00,22411530-2,RH,CURRENT,%,84.61280231937133
2026-08-22T03:40:00+00:00,22411530-3,Dew Point,CURRENT,°C,13.257968049347841
2026-08-22T03:41:00+00:00,22411541-S,Battery,CURRENT,V,8.325547119140625
2026-08-22T03:45:00+00:00,22411189-1,Temperature,CURRENT,°C,13.746801757812499
2026-08-22T03:45:00+00:00,22411189-2,RH,CURRENT,%,97.11909666590371
2026-08-22T03:45:00+00:00,22411189-3,Dew Point,CURRENT,°C,13.314342265008861
2026-08-22T03:45:00+00:00,22411190-1,Temperature,CURRENT,°C,14.476108398437496
2026-08-22T03:45:00+00:00,22411190-2,RH,CURRENT,%,90.84306095979248
2026-08-22T03:45:00+00:00,22411190-3,Dew Point,CURRENT,°C,13.015084346412182
2026-08-22T03:45:00+00:00,22411191-1,Temperature,CURRENT,°C,16.170673828124997
2026-08-22T03:45:00+00:00,22411191-2,RH,CURRENT,%,82.8198672465095
2026-08-22T03:45:00+00:00,22411191-3,Dew Point,CURRENT,°C,13.265690161062201
2026-08-22T03:45:00+00:00,22411525-1,Temperature,CURRENT,°C,16.9643310546875
2026-08-22T03:45:00+00:00,22411525-2,RH,CURRENT,%,77.15114061188677
2026-08-22T03:45:00+00:00,22411525-3,Dew Point,CURRENT,°C,12.95253354176825
2026-08-22T03:45:00+00:00,22411526-1,Temperature,CURRENT,°C,13.274897460937495
2026-08-22T03:45:00+00:00,22411526-2,RH,CURRENT,%,96.24933241779202
2026-08-22T03:45:00+00:00,22411526-3,Dew Point,CURRENT,°C,12.705886621181003
2026-08-22T03:45:00+00:00,22411527-1,Temperature,CURRENT,°C,17.436235351562495
2026-08-22T03:45:00+00:00,22411527-2,RH,CURRENT,%,75.55352101930266
2026-08-22T03:45:00+00:00,22411527-3,Dew Point,CURRENT,°C,13.089314021776538
2026-08-22T03:45:00+00:00,22411528-1,Temperature,CURRENT,°C,13.146196289062502
2026-08-22T03:45:00+00:00,22411528-2,RH,CURRENT,%,98.24673838406959
2026-08-22T03:45:00+00:00,22411528-3,Dew Point,CURRENT,°C,12.89138932183651
2026-08-22T03:45:00+00:00,22411529-1,Temperature,CURRENT,°C,13.29634765625
2026-08-22T03:45:00+00:00,22411529-2,RH,CURRENT,%,97.31288624399176
2026-08-22T03:45:00+00:00,22411529-3,Dew Point,CURRENT,°C,12.895269111535878
2026-08-22T03:45:00+00:00,22411530-1,Temperature,CURRENT,°C,15.334116210937495
2026-08-22T03:45:00+00:00,22411530-2,RH,CURRENT,%,86.6147859922179
2026-08-22T03:45:00+00:00,22411530-3,Dew Point,CURRENT,°C,13.131756800257275
2026-08-22T03:46:00+00:00,22411541-S,Battery,CURRENT,V,8.325547119140625
2026-08-22T03:50:00+00:00,22411189-1,Temperature,CURRENT,°C,13.896953124999996
2026-08-22T03:50:00+00:00,22411189-2,RH,CURRENT,%,95.54589150835432
2026-08-22T03:50:00+00:00,22411189-3,Dew Point,CURRENT,°C,13.213480930082136
2026-08-22T03:50:00+00:00,22411190-1,Temperature,CURRENT,°C,14.561909179687497
2026-08-22T03:50:00+00:00,22411190-2,RH,CURRENT,%,89.60708018616006
2026-08-22T03:50:00+00:00,22411190-3,Dew Point,CURRENT,°C,12.890287180452596
2026-08-22T03:50:00+00:00,22411191-1,Temperature,CURRENT,°C,16.621127929687496
2026-08-22T03:50:00+00:00,22411191-2,RH,CURRENT,%,81.15815976195925
2026-08-22T03:50:00+00:00,22411191-3,Dew Point,CURRENT,°C,13.394838170383114
2026-08-22T03:50:00+00:00,22411525-1,Temperature,CURRENT,°C,17.45768554687499
2026-08-22T03:50:00+00:00,22411525-2,RH,CURRENT,%,75.63591973754482
2026-08-22T03:50:00+00:00,22411525-3,Dew Point,CURRENT,°C,13.126772981343214
2026-08-22T03:50:00+00:00,22411526-1,Temperature,CURRENT,°C,13.3821484375
2026-08-22T03:50:00+00:00,22411526-2,RH,CURRENT,%,96.30884260318913
2026-08-22T03:50:00+00:00,22411526-3,Dew Point,CURRENT,°C,12.822257963634168
2026-08-22T03:50:00+00:00,22411527-1,Temperature,CURRENT,°C,17.736538085937504
2026-08-22T03:50:00+00:00,22411527-2,RH,CURRENT,%,74.65476462958725
2026-08-22T03:50:00+00:00,22411527-3,Dew Point,CURRENT,°C,13.19623632123234
2026-08-22T03:50:00+00:00,22411528-1,Temperature,CURRENT,°C,13.189096679687495
2026-08-22T03:50:00+00:00,22411528-2,RH,CURRENT,%,98.35965514610514
2026-08-22T03:50:00+00:00,22411528-3,Dew Point,CURRENT,°C,12.95184386785656
2026-08-22T03:50:00+00:00,22411529-1,Temperature,CURRENT,°C,13.29634765625
2026-08-22T03:50:00+00:00,22411529-2,RH,CURRENT,%,97.46395056076905
2026-08-22T03:50:00+00:00,22411529-3,Dew Point,CURRENT,°C,12.919000230051042
2026-08-22T03:50:00+00:00,22411530-1,Temperature,CURRENT,°C,15.484267578125
2026-08-22T03:50:00+00:00,22411530-2,RH,CURRENT,%,85.90829327840085
2026-08-22T03:50:00+00:00,22411530-3,Dew Point,CURRENT,°C,13.153906356305276
2026-08-22T03:51:00+00:00,22411541-S,Battery,CURRENT,V,8.325547119140625
2026-08-22T03:55:00+00:00,22411189-1,Temperature,CURRENT,°C,13.682451171875002
2026-08-22T03:55:00+00:00,22411189-2,RH,CURRENT,%,96.84901197833219
2026-08-22T03:55:00+00:00,22411189-3,Dew Point,CURRENT,°C,13.207404378934722
2026-08-22T03:55:00+00:00,22411190-1,Temperature,CURRENT,°C,14.325957031249999
2026-08-22T03:55:00+00:00,22411190-2,RH,CURRENT,%,91.20622568093385
2026-08-22T03:55:00+00:00,22411190-3,Dew Point,CURRENT,°C,12.927485980478162
2026-08-22T03:55:00+00:00,22411191-1,Temperature,CURRENT,°C,16.428076171875
2026-08-22T03:55:00+00:00,22411191-2,RH,CURRENT,%,82.4383916990921
2026-08-22T03:55:00+00:00,22411191-3,Dew Point,CURRENT,°C,13.44663651771989
2026-08-22T03:55:00+00:00,22411525-1,Temperature,CURRENT,°C,17.3933349609375
2026-08-22T03:55:00+00:00,22411525-2,RH,CURRENT,%,76.39734493018997
2026-08-22T03:55:00+00:00,22411525-3,Dew Point,CURRENT,°C,13.218031376481079
2026-08-22T03:55:00+00:00,22411526-1,Temperature,CURRENT,°C,13.253447265624999
2026-08-22T03:55:00+00:00,22411526-2,RH,CURRENT,%,95.9990844586862
2026-08-22T03:55:00+00:00,22411526-3,Dew Point,CURRENT,°C,12.644750090921443
2026-08-22T03:55:00+00:00,22411527-1,Temperature,CURRENT,°C,17.736538085937504
2026-08-22T03:55:00+00:00,22411527-2,RH,CURRENT,%,75.19798580910964
2026-08-22T03:55:00+00:00,22411527-3,Dew Point,CURRENT,°C,13.307461044341267
2026-08-22T03:55:00+00:00,22411528-1,Temperature,CURRENT,°C,13.060395507812501
2026-08-22T03:55:00+00:00,22411528-2,RH,CURRENT,%,98.1506065461204
2026-08-22T03:55:00+00:00,22411528-3,Dew Point,CURRENT,°C,12.790672949869546
2026-08-22T03:55:00+00:00,22411529-1,Temperature,CURRENT,°C,13.29634765625
2026-08-22T03:55:00+00:00,22411529-2,RH,CURRENT,%,97.45021744106202
2026-08-22T03:55:00+00:00,22411529-3,Dew Point,CURRENT,°C,12.916844190487403
2026-08-22T03:55:00+00:00,22411530-1,Temperature,CURRENT,°C,15.226865234374998
2026-08-22T03:55:00+00:00,22411530-2,RH,CURRENT,%,87.52880140383002
2026-08-22T03:55:00+00:00,22411530-3,Dew Point,CURRENT,°C,13.18706742913109
2026-08-22T03:56:00+00:00,22411541-S,Battery,CURRENT,V,8.32231640625
2026-08-22T04:00:00+00:00,22411189-1,Temperature,CURRENT,°C,13.982753906249997
2026-08-22T04:00:00+00:00,22411189-2,RH,CURRENT,%,96.1348897535668
2026-08-22T04:00:00+00:00,22411189-3,Dew Point,CURRENT,°C,13.393292508625663
2026-08-22T04:00:00+00:00,22411190-1,Temperature,CURRENT,°C,14.733510742187498
2026-08-22T04:00:00+00:00,22411190-2,RH,CURRENT,%,89.84206912336919
2026-08-22T04:00:00+00:00,22411190-3,Dew Point,CURRENT,°C,13.099990441212451
2026-08-22T04:00:00+00:00,22411191-1,Temperature,CURRENT,°C,16.2779248046875
2026-08-22T04:00:00+00:00,22411191-2,RH,CURRENT,%,83.41954680704967
2026-08-22T04:00:00+00:00,22411191-3,Dew Point,CURRENT,°C,13.481485263236312
2026-08-22T04:00:00+00:00,22411525-1,Temperature,CURRENT,°C,17.114482421874996
2026-08-22T04:00:00+00:00,22411525-2,RH,CURRENT,%,77.75082017242694
2026-08-22T04:00:00+00:00,22411525-3,Dew Point,CURRENT,°C,13.216889863449302
2026-08-22T04:00:00+00:00,22411526-1,Temperature,CURRENT,°C,13.29634765625
2026-08-22T04:00:00+00:00,22411526-2,RH,CURRENT,%,96.42023346303502
2026-08-22T04:00:00+00:00,22411526-3,Dew Point,CURRENT,°C,12.754375943808924
2026-08-22T04:00:00+00:00,22411527-1,Temperature,CURRENT,°C,17.479135742187502
2026-08-22T04:00:00+00:00,22411527-2,RH,CURRENT,%,76.36377508201724
2026-08-22T04:00:00+00:00,22411527-3,Dew Point,CURRENT,°C,13.294418465452159
2026-08-22T04:00:00+00:00,22411528-1,Temperature,CURRENT,°C,13.167646484374998
2026-08-22T04:00:00+00:00,22411528-2,RH,CURRENT,%,98.44815747310598
2026-08-22T04:00:00+00:00,22411528-3,Dew Point,CURRENT,°C,12.944165694511856
2026-08-22T04:00:00+00:00,22411529-1,Temperature,CURRENT,°C,13.317797851562496
2026-08-22T04:00:00+00:00,22411529-2,RH,CURRENT,%,97.67910276951247
2026-08-22T04:00:00+00:00,22411529-3,Dew Point,CURRENT,°C,12.97416629916967
2026-08-22T04:00:00+00:00,22411530-1,Temperature,CURRENT,°C,15.484267578125
2026-08-22T04:00:00+00:00,22411530-2,RH,CURRENT,%,86.25619897764554
2026-08-22T04:00:00+00:00,22411530-3,Dew Point,CURRENT,°C,13.215875320109582
2026-08-22T04:01:00+00:00,22411541-S,Battery,CURRENT,V,8.32231640625
2026-08-22T04:05:00+00:00,22411189-1,Temperature,CURRENT,°C,14.0900048828125
2026-08-22T04:05:00+00:00,22411189-2,RH,CURRENT,%,95.67406729228657
2026-08-22T04:05:00+00:00,22411189-3,Dew Point,CURRENT,°C,13.426358479112565
2026-08-22T04:05:00+00:00,22411190-1,Temperature,CURRENT,°C,14.862211914062499
2026-08-22T04:05:00+00:00,22411190-2,RH,CURRENT,%,89.20424200808728
2026-08-22T04:05:00+00:00,22411190-3,Dew Point,CURRENT,°C,13.11798230250579
2026-08-22T04:05:00+00:00,22411191-1,Temperature,CURRENT,°C,16.55677734375
2026-08-22T04:05:00+00:00,22411191-2,RH,CURRENT,%,82.7649347676814
2026-08-22T04:05:00+00:00,22411191-3,Dew Point,CURRENT,°C,13.63333111815782
2026-08-22T04:05:00+00:00,22411525-1,Temperature,CURRENT,°C,17.350434570312494
2026-08-22T04:05:00+00:00,22411525-2,RH,CURRENT,%,77.45021744106202
2026-08-22T04:05:00+00:00,22411525-3,Dew Point,CURRENT,°C,13.386495252064451
2026-08-22T04:05:00+00:00,22411526-1,Temperature,CURRENT,°C,13.339248046875
2026-08-22T04:05:00+00:00,22411526-2,RH,CURRENT,%,96.5972381170367
2026-08-22T04:05:00+00:00,22411526-3,Dew Point,CURRENT,°C,12.825192050010589
2026-08-22T04:05:00+00:00,22411527-1,Temperature,CURRENT,°C,17.6721875
2026-08-22T04:05:00+00:00,22411527-2,RH,CURRENT,%,76.06317235065232
2026-08-22T04:05:00+00:00,22411527-3,Dew Point,CURRENT,°C,13.42084722332757
2026-08-22T04:05:00+00:00,22411528-1,Temperature,CURRENT,°C,13.274897460937495
2026-08-22T04:05:00+00:00,22411528-2,RH,CURRENT,%,98.53971160448616
2026-08-22T04:05:00+00:00,22411528-3,Dew Point,CURRENT,°C,13.065621118000147
2026-08-22T04:05:00+00:00,22411529-1,Temperature,CURRENT,°C,13.253447265624999
2026-08-22T04:05:00+00:00,22411529-2,RH,CURRENT,%,97.61806668192568
2026-08-22T04:05:00+00:00,22411529-3,Dew Point,CURRENT,°C,12.900334989736901
2026-08-22T04:05:00+00:00,22411530-1,Temperature,CURRENT,°C,15.655869140625
2026-08-22T04:05:00+00:00,22411530-2,RH,CURRENT,%,85.8854047455558
2026-08-22T04:05:00+00:00,22411530-3,Dew Point,CURRENT,°C,13.318514848686815
2026-08-22T04:06:00+00:00,22411541-S,Battery,CURRENT,V,8.32231640625
2026-08-22T04:10:00+00:00,22411189-1,Temperature,CURRENT,°C,13.9184033203125
2026-08-22T04:10:00+00:00,22411189-2,RH,CURRENT,%,95.70611123826963
2026-08-22T04:10:00+00:00,22411189-3,Dew Point,CURRENT,°C,13.260548839072245
2026-08-22T04:10:00+00:00,22411190-1,Temperature,CURRENT,°C,14.561909179687497
2026-08-22T04:10:00+00:00,22411190-2,RH,CURRENT,%,89.75051499198901
2026-08-22T04:10:00+00:00,22411190-3,Dew Point,CURRENT,°C,12.914755966306602
2026-08-22T04:10:00+00:00,22411191-1,Temperature,CURRENT,°C,15.934721679687499
2026-08-22T04:10:00+00:00,22411191-2,RH,CURRENT,%,85.64888990615701
2026-08-22T04:10:00+00:00,22411191-3,Dew Point,CURRENT,°C,13.550223432075445
2026-08-22T04:10:00+00:00,22411525-1,Temperature,CURRENT,°C,16.9214306640625
2026-08-22T04:10:00+00:00,22411525-2,RH,CURRENT,%,78.88303959716183
2026-08-22T04:10:00+00:00,22411525-3,Dew Point,CURRENT,°C,13.25102253205804
2026-08-22T04:10:00+00:00,22411526-1,Temperature,CURRENT,°C,13.274897460937495
2026-08-22T04:10:00+00:00,22411526-2,RH,CURRENT,%,96.54383154039826
2026-08-22T04:10:00+00:00,22411526-3,Dew Point,CURRENT,°C,12.75256001695894
2026-08-22T04:10:00+00:00,22411527-1,Temperature,CURRENT,°C,17.564936523437503
2026-08-22T04:10:00+00:00,22411527-2,RH,CURRENT,%,76.47974364843213
2026-08-22T04:10:00+00:00,22411527-3,Dew Point,CURRENT,°C,13.400850551422026
2026-08-22T04:10:00+00:00,22411528-1,Temperature,CURRENT,°C,13.189096679687495
2026-08-22T04:10:00+00:00,22411528-2,RH,CURRENT,%,98.31387808041505
2026-08-22T04:10:00+00:00,22411528-3,Dew Point,CURRENT,°C,12.944719633782777
2026-08-22T04:10:00+00:00,22411529-1,Temperature,CURRENT,°C,13.317797851562496
2026-08-22T04:10:00+00:00,22411529-2,RH,CURRENT,%,97.8332188906691
2026-08-22T04:10:00+00:00,22411529-3,Dew Point,CURRENT,°C,12.998300986391984
2026-08-22T04:10:00+00:00,22411530-1,Temperature,CURRENT,°C,15.226865234374998
2026-08-22T04:10:00+00:00,22411530-2,RH,CURRENT,%,87.84466315709163
2026-08-22T04:10:00+00:00,22411530-3,Dew Point,CURRENT,°C,13.242312365564308
2026-08-22T04:11:00+00:00,22411541-S,Battery,CURRENT,V,8.32231640625
2026-08-22T04:15:00+00:00,22411189-1,Temperature,CURRENT,°C,13.682451171875002
2026-08-22T04:15:00+00:00,22411189-2,RH,CURRENT,%,96.57129777981231
2026-08-22T04:15:00+00:00,22411189-3,Dew Point,CURRENT,°C,13.163373868254299
2026-08-22T04:15:00+00:00,22411190-1,Temperature,CURRENT,°C,14.347407226562495
2026-08-22T04:15:00+00:00,22411190-2,RH,CURRENT,%,91.30083161669337
2026-08-22T04:15:00+00:00,22411190-3,Dew Point,CURRENT,°C,12.96459695370173
2026-08-22T04:15:00+00:00,22411191-1,Temperature,CURRENT,°C,15.870371093749995
2026-08-22T04:15:00+00:00,22411191-2,RH,CURRENT,%,86.18905928130008
2026-08-22T04:15:00+00:00,22411191-3,Dew Point,CURRENT,°C,13.583653891941879
2026-08-22T04:15:00+00:00,22411525-1,Temperature,CURRENT,°C,16.706928710937497
2026-08-22T04:15:00+00:00,22411525-2,RH,CURRENT,%,80.21972991531243
2026-08-22T04:15:00+00:00,22411525-3,Dew Point,CURRENT,°C,13.299976510072248
2026-08-22T04:15:00+00:00,22411526-1,Temperature,CURRENT,°C,13.210546874999999
2026-08-22T04:15:00+00:00,22411526-2,RH,CURRENT,%,96.5667200732433
2026-08-22T04:15:00+00:00,22411526-3,Dew Point,CURRENT,°C,12.692003309598721
2026-08-22T04:15:00+00:00,22411527-1,Temperature,CURRENT,°C,17.414785156249998
2026-08-22T04:15:00+00:00,22411527-2,RH,CURRENT,%,77.32509346150911
2026-08-22T04:15:00+00:00,22411527-3,Dew Point,CURRENT,°C,13.424108427649944
2026-08-22T04:15:00+00:00,22411528-1,Temperature,CURRENT,°C,13.103295898437501
2026-08-22T04:15:00+00:00,22411528-2,RH,CURRENT,%,98.36575875486382
2026-08-22T04:15:00+00:00,22411528-3,Dew Point,CURRENT,°C,12.867028520664173
2026-08-22T04:15:00+00:00,22411529-1,Temperature,CURRENT,°C,13.253447265624999
2026-08-22T04:15:00+00:00,22411529-2,RH,CURRENT,%,97.39375906004425
2026-08-22T04:15:00+00:00,22411529-3,Dew Point,CURRENT,°C,12.865147177883554
2026-08-22T04:15:00+00:00,22411530-1,Temperature,CURRENT,°C,15.012363281249996
2026-08-22T04:15:00+00:00,22411530-2,RH,CURRENT,%,89.50331883726253
2026-08-22T04:15:00+00:00,22411530-3,Dew Point,CURRENT,°C,13.317645514085081
2026-08-22T04:16:00+00:00,22411541-S,Battery,CURRENT,V,8.31585498046875
2026-08-22T04:20:00+00:00,22411189-1,Temperature,CURRENT,°C,14.068554687499997
2026-08-22T04:20:00+00:00,22411189-2,RH,CURRENT,%,96.3454642557412
2026-08-22T04:20:00+00:00,22411189-3,Dew Point,CURRENT,°C,13.51244815295418
2026-08-22T04:20:00+00:00,22411190-1,Temperature,CURRENT,°C,14.604809570312497
2026-08-22T04:20:00+00:00,22411190-2,RH,CURRENT,%,90.65690089265279
2026-08-22T04:20:00+00:00,22411190-3,Dew Point,CURRENT,°C,13.111044187946664
2026-08-22T04:20:00+00:00,22411191-1,Temperature,CURRENT,°C,15.655869140625
2026-08-22T04:20:00+00:00,22411191-2,RH,CURRENT,%,87.1274891279469
2026-08-22T04:20:00+00:00,22411191-3,Dew Point,CURRENT,°C,13.539101769194607
2026-08-22T04:20:00+00:00,22411525-1,Temperature,CURRENT,°C,16.1921240234375
2026-08-22T04:20:00+00:00,22411525-2,RH,CURRENT,%,82.46128023193714
2026-08-22T04:20:00+00:00,22411525-3,Dew Point,CURRENT,°C,13.220114356520181
2026-08-22T04:20:00+00:00,22411526-1,Temperature,CURRENT,°C,13.446499023437497
2026-08-22T04:20:00+00:00,22411526-2,RH,CURRENT,%,97.1297779812314
2026-08-22T04:20:00+00:00,22411526-3,Dew Point,CURRENT,°C,13.016317567104762
2026-08-22T04:20:00+00:00,22411527-1,Temperature,CURRENT,°C,17.114482421874996
2026-08-22T04:20:00+00:00,22411527-2,RH,CURRENT,%,78.85862516212711
2026-08-22T04:20:00+00:00,22411527-3,Dew Point,CURRENT,°C,13.43405734558461
2026-08-22T04:20:00+00:00,22411528-1,Temperature,CURRENT,°C,13.425048828125
2026-08-22T04:20:00+00:00,22411528-2,RH,CURRENT,%,98.68162050812543
2026-08-22T04:20:00+00:00,22411528-3,Dew Point,CURRENT,°C,13.237814815131093
2026-08-22T04:20:00+00:00,22411529-1,Temperature,CURRENT,°C,13.189096679687495
2026-08-22T04:20:00+00:00,22411529-2,RH,CURRENT,%,97.92477302204928
2026-08-22T04:20:00+00:00,22411529-3,Dew Point,CURRENT,°C,12.88404578424479
2026-08-22T04:20:00+00:00,22411530-1,Temperature,CURRENT,°C,15.1625146484375
2026-08-22T04:20:00+00:00,22411530-2,RH,CURRENT,%,88.32684824902724
2026-08-22T04:20:00+00:00,22411530-3,Dew Point,CURRENT,°C,13.262833608089032
2026-08-22T04:21:00+00:00,22411541-S,Battery,CURRENT,V,8.319085693359375
2026-08-22T04:25:00+00:00,22411189-1,Temperature,CURRENT,°C,14.0042041015625
2026-08-22T04:25:00+00:00,22411189-2,RH,CURRENT,%,96.3607232776379
2026-08-22T04:25:00+00:00,22411189-3,Dew Point,CURRENT,°C,13.450721461161216
2026-08-22T04:25:00+00:00,22411190-1,Temperature,CURRENT,°C,14.49755859375
2026-08-22T04:25:00+00:00,22411190-2,RH,CURRENT,%,90.96818493934539
2026-08-22T04:25:00+00:00,22411190-3,Dew Point,CURRENT,°C,13.057398798038069
2026-08-22T04:25:00+00:00,22411191-1,Temperature,CURRENT,°C,15.355566406249999
2026-08-22T04:25:00+00:00,22411191-2,RH,CURRENT,%,88.68238345922026
2026-08-22T04:25:00+00:00,22411191-3,Dew Point,CURRENT,°C,13.515010644768745
2026-08-22T04:25:00+00:00,22411525-1,Temperature,CURRENT,°C,15.784570312500001
2026-08-22T04:25:00+00:00,22411525-2,RH,CURRENT,%,84.34729533836881
2026-08-22T04:25:00+00:00,22411525-3,Dew Point,CURRENT,°C,13.167680803653464
2026-08-22T04:25:00+00:00,22411526-1,Temperature,CURRENT,°C,13.46794921875
2026-08-22T04:25:00+00:00,22411526-2,RH,CURRENT,%,97.02296482795452
2026-08-22T04:25:00+00:00,22411526-3,Dew Point,CURRENT,°C,13.020875730752659
2026-08-22T04:25:00+00:00,22411527-1,Temperature,CURRENT,°C,16.428076171875
2026-08-22T04:25:00+00:00,22411527-2,RH,CURRENT,%,81.9348439765011
2026-08-22T04:25:00+00:00,22411527-3,Dew Point,CURRENT,°C,13.352532202084863
2026-08-22T04:25:00+00:00,22411528-1,Temperature,CURRENT,°C,13.425048828125
2026-08-22T04:25:00+00:00,22411528-2,RH,CURRENT,%,98.41000991836424
2026-08-22T04:25:00+00:00,22411528-3,Dew Point,CURRENT,°C,13.195543619838041
2026-08-22T04:25:00+00:00,22411529-1,Temperature,CURRENT,°C,13.167646484374998
2026-08-22T04:25:00+00:00,22411529-2,RH,CURRENT,%,97.92172121766994
2026-08-22T04:25:00+00:00,22411529-3,Dew Point,CURRENT,°C,12.862139665615985
2026-08-22T04:25:00+00:00,22411530-1,Temperature,CURRENT,°C,14.9909130859375
2026-08-22T04:25:00+00:00,22411530-2,RH,CURRENT,%,89.4239719233997
2026-08-22T04:25:00+00:00,22411530-3,Dew Point,CURRENT,°C,13.282841018718953
2026-08-22T04:26:00+00:00,22411541-S,Battery,CURRENT,V,8.31585498046875
2026-08-22T04:30:00+00:00,22411189-1,Temperature,CURRENT,°C,13.703901367187498
2026-08-22T04:30:00+00:00,22411189-2,RH,CURRENT,%,96.27832455939574
2026-08-22T04:30:00+00:00,22411189-3,Dew Point,CURRENT,°C,13.138188452825295
2026-08-22T04:30:00+00:00,22411190-1,Temperature,CURRENT,°C,14.132905273437501
2026-08-22T04:30:00+00:00,22411190-2,RH,CURRENT,%,91.4351110093843
2026-08-22T04:30:00+00:00,22411190-3,Dew Point,CURRENT,°C,12.774591233354476
2026-08-22T04:30:00+00:00,22411191-1,Temperature,CURRENT,°C,14.733510742187498
2026-08-22T04:30:00+00:00,22411191-2,RH,CURRENT,%,90.91325246051728
2026-08-22T04:30:00+00:00,22411191-3,Dew Point,CURRENT,°C,13.281731940180151
2026-08-22T04:30:00+00:00,22411525-1,Temperature,CURRENT,°C,14.9051123046875
2026-08-22T04:30:00+00:00,22411525-2,RH,CURRENT,%,87.8309300373846
2026-08-22T04:30:00+00:00,22411525-3,Dew Point,CURRENT,°C,12.92273635773093
2026-08-22T04:30:00+00:00,22411526-1,Temperature,CURRENT,°C,13.274897460937495
2026-08-22T04:30:00+00:00,22411526-2,RH,CURRENT,%,96.51026169222553
2026-08-22T04:30:00+00:00,22411526-3,Dew Point,CURRENT,°C,12.747246050843257
2026-08-22T04:30:00+00:00,22411527-1,Temperature,CURRENT,°C,15.226865234374998
2026-08-22T04:30:00+00:00,22411527-2,RH,CURRENT,%,87.2831311512932
2026-08-22T04:30:00+00:00,22411527-3,Dew Point,CURRENT,°C,13.143978032119294
2026-08-22T04:30:00+00:00,22411528-1,Temperature,CURRENT,°C,13.231997070312495
2026-08-22T04:30:00+00:00,22411528-2,RH,CURRENT,%,97.87136644541084
2026-08-22T04:30:00+00:00,22411528-3,Dew Point,CURRENT,°C,12.91855760120833
2026-08-22T04:30:00+00:00,22411529-1,Temperature,CURRENT,°C,13.167646484374998
2026-08-22T04:30:00+00:00,22411529-2,RH,CURRENT,%,97.68368047608148
2026-08-22T04:30:00+00:00,22411529-3,Dew Point,CURRENT,°C,12.824922462856636
2026-08-22T04:30:00+00:00,22411530-1,Temperature,CURRENT,°C,14.454658203125
2026-08-22T04:30:00+00:00,22411530-2,RH,CURRENT,%,90.62943465323873
2026-08-22T04:30:00+00:00,22411530-3,Dew Point,CURRENT,°C,12.95781193285135
2026-08-22T04:31:00+00:00,22411541-S,Battery,CURRENT,V,8.31585498046875
2026-08-22T04:35:00+00:00,22411189-1,Temperature,CURRENT,°C,13.489399414062497
2026-08-22T04:35:00+00:00,22411189-2,RH,CURRENT,%,97.93087663080796
2026-08-22T04:35:00+00:00,22411189-3,Dew Point,CURRENT,°C,13.185013802755973
2026-08-22T04:35:00+00:00,22411190-1,Temperature,CURRENT,°C,13.8326025390625
2026-08-22T04:35:00+00:00,22411190-2,RH,CURRENT,%,93.33028152895399
2026-08-22T04:35:00+00:00,22411190-3,Dew Point,CURRENT,°C,12.790260219237235
2026-08-22T04:35:00+00:00,22411191-1,Temperature,CURRENT,°C,14.283056640624999
2026-08-22T04:35:00+00:00,22411191-2,RH,CURRENT,%,93.17311360341802
2026-08-22T04:35:00+00:00,22411191-3,Dew Point,CURRENT,°C,13.211787047900971
2026-08-22T04:35:00+00:00,22411525-1,Temperature,CURRENT,°C,14.476108398437496
2026-08-22T04:35:00+00:00,22411525-2,RH,CURRENT,%,90.0282291905089
2026-08-22T04:35:00+00:00,22411525-3,Dew Point,CURRENT,°C,12.877195245199168
2026-08-22T04:35:00+00:00,22411526-1,Temperature,CURRENT,°C,13.081845703124998
2026-08-22T04:35:00+00:00,22411526-2,RH,CURRENT,%,96.73914702067597
2026-08-22T04:35:00+00:00,22411526-3,Dew Point,CURRENT,°C,12.590866570815654
2026-08-22T04:35:00+00:00,22411527-1,Temperature,CURRENT,°C,14.797861328124995
2026-08-22T04:35:00+00:00,22411527-2,RH,CURRENT,%,89.4895857175555
2026-08-22T04:35:00+00:00,22411527-3,Dew Point,CURRENT,°C,13.10335241237143
2026-08-22T04:35:00+00:00,22411528-1,Temperature,CURRENT,°C,12.996044921874997
2026-08-22T04:35:00+00:00,22411528-2,RH,CURRENT,%,97.97665369649805
2026-08-22T04:35:00+00:00,22411528-3,Dew Point,CURRENT,°C,12.699269783608884
2026-08-22T04:35:00+00:00,22411529-1,Temperature,CURRENT,°C,13.103295898437501
2026-08-22T04:35:00+00:00,22411529-2,RH,CURRENT,%,96.96040283817807
2026-08-22T04:35:00+00:00,22411529-3,Dew Point,CURRENT,°C,12.647137934882613
2026-08-22T04:35:00+00:00,22411530-1,Temperature,CURRENT,°C,14.025654296874997
2026-08-22T04:35:00+00:00,22411530-2,RH,CURRENT,%,92.1034561684596
2026-08-22T04:35:00+00:00,22411530-3,Dew Point,CURRENT,°C,12.77959797774539
2026-08-22T04:36:00+00:00,22411541-S,Battery,CURRENT,V,8.32231640625
2026-08-22T04:40:00+00:00,22411189-1,Temperature,CURRENT,°C,13.403598632812496
2026-08-22T04:40:00+00:00,22411189-2,RH,CURRENT,%,98.06363012130923
2026-08-22T04:40:00+00:00,22411189-3,Dew Point,CURRENT,°C,13.120053999453146
2026-08-22T04:40:00+00:00,22411190-1,Temperature,CURRENT,°C,13.703901367187498
2026-08-22T04:40:00+00:00,22411190-2,RH,CURRENT,%,93.32112611581597
2026-08-22T04:40:00+00:00,22411190-3,Dew Point,CURRENT,°C,12.660938911319422
2026-08-22T04:40:00+00:00,22411191-1,Temperature,CURRENT,°C,14.111455078124997
2026-08-22T04:40:00+00:00,22411191-2,RH,CURRENT,%,93.75600823987182
2026-08-22T04:40:00+00:00,22411191-3,Dew Point,CURRENT,°C,13.136945221681202
2026-08-22T04:40:00+00:00,22411525-1,Temperature,CURRENT,°C,14.325957031249999
2026-08-22T04:40:00+00:00,22411525-2,RH,CURRENT,%,90.57450217441063
2026-08-22T04:40:00+00:00,22411525-3,Dew Point,CURRENT,°C,12.821179247737248
2026-08-22T04:40:00+00:00,22411526-1,Temperature,CURRENT,°C,12.953144531249997
2026-08-22T04:40:00+00:00,22411526-2,RH,CURRENT,%,96.99244678416113
2026-08-22T04:40:00+00:00,22411526-3,Dew Point,CURRENT,°C,12.50235106257816
2026-08-22T04:40:00+00:00,22411527-1,Temperature,CURRENT,°C,14.647709960937497
2026-08-22T04:40:00+00:00,22411527-2,RH,CURRENT,%,89.86495765621423
2026-08-22T04:40:00+00:00,22411527-3,Dew Point,CURRENT,°C,13.019074175090545
2026-08-22T04:40:00+00:00,22411528-1,Temperature,CURRENT,°C,12.8458935546875
2026-08-22T04:40:00+00:00,22411528-2,RH,CURRENT,%,98.3016708628977
2026-08-22T04:40:00+00:00,22411528-3,Dew Point,CURRENT,°C,12.599786152009571
2026-08-22T04:40:00+00:00,22411529-1,Temperature,CURRENT,°C,13.060395507812501
2026-08-22T04:40:00+00:00,22411529-2,RH,CURRENT,%,97.18776226443885
2026-08-22T04:40:00+00:00,22411529-3,Dew Point,CURRENT,°C,12.64008138634326
2026-08-22T04:40:00+00:00,22411530-1,Temperature,CURRENT,°C,13.8755029296875
2026-08-22T04:40:00+00:00,22411530-2,RH,CURRENT,%,93.11818112458991
2026-08-22T04:40:00+00:00,22411530-3,Dew Point,CURRENT,°C,12.798085559799167
2026-08-22T04:41:00+00:00,22411541-S,Battery,CURRENT,V,8.302932128906251
2026-08-22T04:45:00+00:00,22411189-1,Temperature,CURRENT,°C,13.274897460937495
2026-08-22T04:45:00+00:00,22411189-2,RH,CURRENT,%,98.74570840009156
2026-08-22T04:45:00+00:00,22411189-3,Dew Point,CURRENT,°C,13.097614761984458
2026-08-22T04:45:00+00:00,22411190-1,Temperature,CURRENT,°C,13.532299804687497
2026-08-22T04:45:00+00:00,22411190-2,RH,CURRENT,%,94.10696574349585
2026-08-22T04:45:00+00:00,22411190-3,Dew Point,CURRENT,°C,12.618438819268677
2026-08-22T04:45:00+00:00,22411191-1,Temperature,CURRENT,°C,13.939853515624996
2026-08-22T04:45:00+00:00,22411191-2,RH,CURRENT,%,94.99504081788358
2026-08-22T04:45:00+00:00,22411191-3,Dew Point,CURRENT,°C,13.167536887877644
2026-08-22T04:45:00+00:00,22411525-1,Temperature,CURRENT,°C,14.0900048828125
2026-08-22T04:45:00+00:00,22411525-2,RH,CURRENT,%,92.14007782101167
2026-08-22T04:45:00+00:00,22411525-3,Dew Point,CURRENT,°C,12.84948482186223
2026-08-22T04:45:00+00:00,22411526-1,Temperature,CURRENT,°C,12.9316943359375
2026-08-22T04:45:00+00:00,22411526-2,RH,CURRENT,%,97.46395056076905
2026-08-22T04:45:00+00:00,22411526-3,Dew Point,CURRENT,°C,12.554908270298624
2026-08-22T04:45:00+00:00,22411527-1,Temperature,CURRENT,°C,14.304506835937495
2026-08-22T04:45:00+00:00,22411527-2,RH,CURRENT,%,91.92950331883726
2026-08-22T04:45:00+00:00,22411527-3,Dew Point,CURRENT,°C,13.027144499988784
2026-08-22T04:45:00+00:00,22411528-1,Temperature,CURRENT,°C,12.8887939453125
2026-08-22T04:45:00+00:00,22411528-2,RH,CURRENT,%,98.80521858548867
2026-08-22T04:45:00+00:00,22411528-3,Dew Point,CURRENT,°C,12.720693549655124
2026-08-22T04:45:00+00:00,22411529-1,Temperature,CURRENT,°C,12.8887939453125
2026-08-22T04:45:00+00:00,22411529-2,RH,CURRENT,%,97.20607309071488
2026-08-22T04:45:00+00:00,22411529-3,Dew Point,CURRENT,°C,12.471675084215464
2026-08-22T04:45:00+00:00,22411530-1,Temperature,CURRENT,°C,13.746801757812499
2026-08-22T04:45:00+00:00,22411530-2,RH,CURRENT,%,94.33127336537729
2026-08-22T04:45:00+00:00,22411530-3,Dew Point,CURRENT,°C,12.868099974076927
2026-08-22T04:46:00+00:00,22411541-S,Battery,CURRENT,V,8.302932128906251
2026-08-22T04:50:00+00:00,22411189-1,Temperature,CURRENT,°C,13.274897460937495
2026-08-22T04:50:00+00:00,22411189-2,RH,CURRENT,%,99.23857480735485
2026-08-22T04:50:00+00:00,22411189-3,Dew Point,CURRENT,°C,13.17392538600829
2026-08-22T04:50:00+00:00,22411190-1,Temperature,CURRENT,°C,13.510849609375
2026-08-22T04:50:00+00:00,22411190-2,RH,CURRENT,%,94.85770962081331
2026-08-22T04:50:00+00:00,22411190-3,Dew Point,CURRENT,°C,12.71843596446806
2026-08-22T04:50:00+00:00,22411191-1,Temperature,CURRENT,°C,13.9613037109375
2026-08-22T04:50:00+00:00,22411191-2,RH,CURRENT,%,95.8434424353399
2026-08-22T04:50:00+00:00,22411191-3,Dew Point,CURRENT,°C,13.325296016325922
2026-08-22T04:50:00+00:00,22411525-1,Temperature,CURRENT,°C,14.0900048828125
2026-08-22T04:50:00+00:00,22411525-2,RH,CURRENT,%,92.88471808957046
2026-08-22T04:50:00+00:00,22411525-3,Dew Point,CURRENT,°C,12.972632447538452
2026-08-22T04:50:00+00:00,22411526-1,Temperature,CURRENT,°C,12.9745947265625
2026-08-22T04:50:00+00:00,22411526-2,RH,CURRENT,%,97.73708705271991
2026-08-22T04:50:00+00:00,22411526-3,Dew Point,CURRENT,°C,12.640458901612458
2026-08-22T04:50:00+00:00,22411527-1,Temperature,CURRENT,°C,14.261606445312495
2026-08-22T04:50:00+00:00,22411527-2,RH,CURRENT,%,92.59784847791256
2026-08-22T04:50:00+00:00,22411527-3,Dew Point,CURRENT,°C,13.095558158678559
2026-08-22T04:50:00+00:00,22411528-1,Temperature,CURRENT,°C,12.953144531249997
2026-08-22T04:50:00+00:00,22411528-2,RH,CURRENT,%,99.2309452964065
2026-08-22T04:50:00+00:00,22411528-3,Dew Point,CURRENT,°C,12.85078359817882
2026-08-22T04:50:00+00:00,22411529-1,Temperature,CURRENT,°C,12.8029931640625
2026-08-22T04:50:00+00:00,22411529-2,RH,CURRENT,%,97.74166475928892
2026-08-22T04:50:00+00:00,22411529-3,Dew Point,CURRENT,°C,12.46977658119951
2026-08-22T04:50:00+00:00,22411530-1,Temperature,CURRENT,°C,13.746801757812499
2026-08-22T04:50:00+00:00,22411530-2,RH,CURRENT,%,94.87296864271
2026-08-22T04:50:00+00:00,22411530-3,Dew Point,CURRENT,°C,12.955706290583464
2026-08-22T04:51:00+00:00,22411541-S,Battery,CURRENT,V,8.3093935546875
2026-08-22T04:55:00+00:00,22411189-1,Temperature,CURRENT,°C,13.253447265624999
2026-08-22T04:55:00+00:00,22411189-2,RH,CURRENT,%,99.13786526283666
2026-08-22T04:55:00+00:00,22411189-3,Dew Point,CURRENT,°C,13.13689786154519
2026-08-22T04:55:00+00:00,22411190-1,Temperature,CURRENT,°C,13.55375
2026-08-22T04:55:00+00:00,22411190-2,RH,CURRENT,%,94.9538414587625
2026-08-22T04:55:00+00:00,22411190-3,Dew Point,CURRENT,°C,12.776608105638868
2026-08-22T04:55:00+00:00,22411191-1,Temperature,CURRENT,°C,14.0900048828125
2026-08-22T04:55:00+00:00,22411191-2,RH,CURRENT,%,95.3307392996109
2026-08-22T04:55:00+00:00,22411191-3,Dew Point,CURRENT,°C,13.371142959644285
2026-08-22T04:55:00+00:00,22411525-1,Temperature,CURRENT,°C,14.240156249999998
2026-08-22T04:55:00+00:00,22411525-2,RH,CURRENT,%,92.30792706187533
2026-08-22T04:55:00+00:00,22411525-3,Dew Point,CURRENT,°C,13.026244334413878
2026-08-22T04:55:00+00:00,22411526-1,Temperature,CURRENT,°C,12.9316943359375
2026-08-22T04:55:00+00:00,22411526-2,RH,CURRENT,%,97.85763332570382
2026-08-22T04:55:00+00:00,22411526-3,Dew Point,CURRENT,°C,12.616422469986231
2026-08-22T04:55:00+00:00,22411527-1,Temperature,CURRENT,°C,14.4117578125
2026-08-22T04:55:00+00:00,22411527-2,RH,CURRENT,%,91.71740291447318
2026-08-22T04:55:00+00:00,22411527-3,Dew Point,CURRENT,°C,13.098067481360886
2026-08-22T04:55:00+00:00,22411528-1,Temperature,CURRENT,°C,12.8887939453125
2026-08-22T04:55:00+00:00,22411528-2,RH,CURRENT,%,99.26298924238957
2026-08-22T04:55:00+00:00,22411528-3,Dew Point,CURRENT,°C,12.791325880104397
2026-08-22T04:55:00+00:00,22411529-1,Temperature,CURRENT,°C,12.867343749999996
2026-08-22T04:55:00+00:00,22411529-2,RH,CURRENT,%,98.38254367895019
2026-08-22T04:55:00+00:00,22411529-3,Dew Point,CURRENT,°C,12.63377902792329
2026-08-22T04:55:00+00:00,22411530-1,Temperature,CURRENT,°C,13.896953124999996
2026-08-22T04:55:00+00:00,22411530-2,RH,CURRENT,%,94.30075532158389
2026-08-22T04:55:00+00:00,22411530-3,Dew Point,CURRENT,°C,13.012466722296722
2026-08-22T04:56:00+00:00,22411541-S,Battery,CURRENT,V,8.302932128906251
2026-08-22T05:00:00+00:00,22411189-1,Temperature,CURRENT,°C,13.146196289062502
2026-08-22T05:00:00+00:00,22411189-2,RH,CURRENT,%,98.94560158693828
2026-08-22T05:00:00+00:00,22411189-3,Dew Point,CURRENT,°C,12.99986462517163
2026-08-22T05:00:00+00:00,22411190-1,Temperature,CURRENT,°C,13.46794921875
2026-08-22T05:00:00+00:00,22411190-2,RH,CURRENT,%,94.37247272449837
2026-08-22T05:00:00+00:00,22411190-3,Dew Point,CURRENT,°C,12.59745092320682
2026-08-22T05:00:00+00:00,22411191-1,Temperature,CURRENT,°C,14.0900048828125
2026-08-22T05:00:00+00:00,22411191-2,RH,CURRENT,%,94.37705043106737
2026-08-22T05:00:00+00:00,22411191-3,Dew Point,CURRENT,°C,13.216845596359825
2026-08-22T05:00:00+00:00,22411525-1,Temperature,CURRENT,°C,14.218706054687502
2026-08-22T05:00:00+00:00,22411525-2,RH,CURRENT,%,91.4152742809186
2026-08-22T05:00:00+00:00,22411525-3,Dew Point,CURRENT,°C,12.856274248066379
2026-08-22T05:00:00+00:00,22411526-1,Temperature,CURRENT,°C,12.8029931640625
2026-08-22T05:00:00+00:00,22411526-2,RH,CURRENT,%,97.86984054322117
2026-08-22T05:00:00+00:00,22411526-3,Dew Point,CURRENT,°C,12.489757833086253
2026-08-22T05:00:00+00:00,22411527-1,Temperature,CURRENT,°C,14.368857421875
2026-08-22T05:00:00+00:00,22411527-2,RH,CURRENT,%,91.08262760357061
2026-08-22T05:00:00+00:00,22411527-3,Dew Point,CURRENT,°C,12.94921803507962
2026-08-22T05:00:00+00:00,22411528-1,Temperature,CURRENT,°C,12.7600927734375
2026-08-22T05:00:00+00:00,22411528-2,RH,CURRENT,%,99.2111085679408
2026-08-22T05:00:00+00:00,22411528-3,Dew Point,CURRENT,°C,12.654553032290885
2026-08-22T05:00:00+00:00,22411529-1,Temperature,CURRENT,°C,12.824443359374996
2026-08-22T05:00:00+00:00,22411529-2,RH,CURRENT,%,97.66079194323643
2026-08-22T05:00:00+00:00,22411529-3,Dew Point,CURRENT,°C,12.478580045556699
2026-08-22T05:00:00+00:00,22411530-1,Temperature,CURRENT,°C,13.8755029296875
2026-08-22T05:00:00+00:00,22411530-2,RH,CURRENT,%,93.43862058442053
2026-08-22T05:00:00+00:00,22411530-3,Dew Point,CURRENT,°C,12.850607635303788
2026-08-22T05:01:00+00:00,22411541-S,Battery,CURRENT,V,8.302932128906251
2026-08-22T05:05:00+00:00,22411189-1,Temperature,CURRENT,°C,12.9745947265625
2026-08-22T05:05:00+00:00,22411189-2,RH,CURRENT,%,99.34081025406272
2026-08-22T05:05:00+00:00,22411189-3,Dew Point,CURRENT,°C,12.889173400975862
2026-08-22T05:05:00+00:00,22411190-1,Temperature,CURRENT,°C,13.274897460937495
2026-08-22T05:05:00+00:00,22411190-2,RH,CURRENT,%,94.355687800412
2026-08-22T05:05:00+00:00,22411190-3,Dew Point,CURRENT,°C,12.402743233726165
2026-08-22T05:05:00+00:00,22411191-1,Temperature,CURRENT,°C,14.0042041015625
2026-08-22T05:05:00+00:00,22411191-2,RH,CURRENT,%,93.8017853055619
2026-08-22T05:05:00+00:00,22411191-3,Dew Point,CURRENT,°C,13.037843149024345
2026-08-22T05:05:00+00:00,22411525-1,Temperature,CURRENT,°C,14.154355468749998
2026-08-22T05:05:00+00:00,22411525-2,RH,CURRENT,%,90.87052719920653
2026-08-22T05:05:00+00:00,22411525-3,Dew Point,CURRENT,°C,12.701201865306281
2026-08-22T05:05:00+00:00,22411526-1,Temperature,CURRENT,°C,12.631391601562498
2026-08-22T05:05:00+00:00,22411526-2,RH,CURRENT,%,97.93087663080796
2026-08-22T05:05:00+00:00,22411526-3,Dew Point,CURRENT,°C,12.327826561919577
2026-08-22T05:05:00+00:00,22411527-1,Temperature,CURRENT,°C,14.304506835937495
2026-08-22T05:05:00+00:00,22411527-2,RH,CURRENT,%,90.67521171892882
2026-08-22T05:05:00+00:00,22411527-3,Dew Point,CURRENT,°C,12.816941702982524
2026-08-22T05:05:00+00:00,22411528-1,Temperature,CURRENT,°C,12.588491210937498
2026-08-22T05:05:00+00:00,22411528-2,RH,CURRENT,%,99.27977416647593
2026-08-22T05:05:00+00:00,22411528-3,Dew Point,CURRENT,°C,12.49339293639078
2026-08-22T05:05:00+00:00,22411529-1,Temperature,CURRENT,°C,12.8029931640625
2026-08-22T05:05:00+00:00,22411529-2,RH,CURRENT,%,97.61043717097733
2026-08-22T05:05:00+00:00,22411529-3,Dew Point,CURRENT,°C,12.44929573353036
2026-08-22T05:05:00+00:00,22411530-1,Temperature,CURRENT,°C,13.746801757812499
2026-08-22T05:05:00+00:00,22411530-2,RH,CURRENT,%,93.14717326619363
2026-08-22T05:05:00+00:00,22411530-3,Dew Point,CURRENT,°C,12.675051507969863
2026-08-22T05:06:00+00:00,22411541-S,Battery,CURRENT,V,8.299701416015626
2026-08-22T05:10:00+00:00,22411189-1,Temperature,CURRENT,°C,12.953144531249997
2026-08-22T05:10:00+00:00,22411189-2,RH,CURRENT,%,99.67040512703136
2026-08-22T05:10:00+00:00,22411189-3,Dew Point,CURRENT,°C,12.918375943129845
2026-08-22T05:10:00+00:00,22411190-1,Temperature,CURRENT,°C,13.253447265624999
2026-08-22T05:10:00+00:00,22411190-2,RH,CURRENT,%,94.94468604562448
2026-08-22T05:10:00+00:00,22411190-3,Dew Point,CURRENT,°C,12.476252028227854
2026-08-22T05:10:00+00:00,22411191-1,Temperature,CURRENT,°C,13.854052734374996
2026-08-22T05:10:00+00:00,22411191-2,RH,CURRENT,%,94.5418478675517
2026-08-22T05:10:00+00:00,22411191-3,Dew Point,CURRENT,°C,13.008894946036522
2026-08-22T05:10:00+00:00,22411525-1,Temperature,CURRENT,°C,13.982753906249997
2026-08-22T05:10:00+00:00,22411525-2,RH,CURRENT,%,91.6914625772488
2026-08-22T05:10:00+00:00,22411525-3,Dew Point,CURRENT,°C,12.668582597037878
2026-08-22T05:10:00+00:00,22411526-1,Temperature,CURRENT,°C,12.588491210937498
2026-08-22T05:10:00+00:00,22411526-2,RH,CURRENT,%,98.11245899137866
2026-08-22T05:10:00+00:00,22411526-3,Dew Point,CURRENT,°C,12.313170632947516
2026-08-22T05:10:00+00:00,22411527-1,Temperature,CURRENT,°C,14.132905273437501
2026-08-22T05:10:00+00:00,22411527-2,RH,CURRENT,%,91.6716258487831
2026-08-22T05:10:00+00:00,22411527-3,Dew Point,CURRENT,°C,12.814078475658977
2026-08-22T05:10:00+00:00,22411528-1,Temperature,CURRENT,°C,12.481240234375
2026-08-22T05:10:00+00:00,22411528-2,RH,CURRENT,%,99.3667505912871
2026-08-22T05:10:00+00:00,22411528-3,Dew Point,CURRENT,°C,12.399407482159003
2026-08-22T05:10:00+00:00,22411529-1,Temperature,CURRENT,°C,12.609941406250002
2026-08-22T05:10:00+00:00,22411529-2,RH,CURRENT,%,96.76356145571069
2026-08-22T05:10:00+00:00,22411529-3,Dew Point,CURRENT,°C,12.12395190719266
2026-08-22T05:10:00+00:00,22411530-1,Temperature,CURRENT,°C,13.639550781250001
2026-08-22T05:10:00+00:00,22411530-2,RH,CURRENT,%,93.5912108033875
2026-08-22T05:10:00+00:00,22411530-3,Dew Point,CURRENT,°C,12.64113978744194
2026-08-22T05:11:00+00:00,22411541-S,Battery,CURRENT,V,8.3093935546875
2026-08-22T05:15:00+00:00,22411189-1,Temperature,CURRENT,°C,12.717192382812499
2026-08-22T05:15:00+00:00,22411189-2,RH,CURRENT,%,98.74570840009156
2026-08-22T05:15:00+00:00,22411189-3,Dew Point,CURRENT,°C,12.539879042162973
2026-08-22T05:15:00+00:00,22411190-1,Temperature,CURRENT,°C,13.0174951171875
2026-08-22T05:15:00+00:00,22411190-2,RH,CURRENT,%,94.27176317998017
2026-08-22T05:15:00+00:00,22411190-3,Dew Point,CURRENT,°C,12.133220181252325
2026-08-22T05:15:00+00:00,22411191-1,Temperature,CURRENT,°C,13.682451171875002
2026-08-22T05:15:00+00:00,22411191-2,RH,CURRENT,%,96.21423666742962
2026-08-22T05:15:00+00:00,22411191-3,Dew Point,CURRENT,°C,13.106599605510194
2026-08-22T05:15:00+00:00,22411525-1,Temperature,CURRENT,°C,13.854052734374996
2026-08-22T05:15:00+00:00,22411525-2,RH,CURRENT,%,93.43404287785152
2026-08-22T05:15:00+00:00,22411525-3,Dew Point,CURRENT,°C,12.828551716869608
2026-08-22T05:15:00+00:00,22411526-1,Temperature,CURRENT,°C,12.459790039062497
2026-08-22T05:15:00+00:00,22411526-2,RH,CURRENT,%,98.0453192950332
2026-08-22T05:15:00+00:00,22411526-3,Dew Point,CURRENT,°C,12.174150631018412
2026-08-22T05:15:00+00:00,22411527-1,Temperature,CURRENT,°C,14.025654296874997
2026-08-22T05:15:00+00:00,22411527-2,RH,CURRENT,%,93.33791103990234
2026-08-22T05:15:00+00:00,22411527-3,Dew Point,CURRENT,°C,12.983245606122152
2026-08-22T05:15:00+00:00,22411528-1,Temperature,CURRENT,°C,12.3525390625
2026-08-22T05:15:00+00:00,22411528-2,RH,CURRENT,%,99.3667505912871
2026-08-22T05:15:00+00:00,22411528-3,Dew Point,CURRENT,°C,12.270600422932764
2026-08-22T05:15:00+00:00,22411529-1,Temperature,CURRENT,°C,12.588491210937498
2026-08-22T05:15:00+00:00,22411529-2,RH,CURRENT,%,97.441062027924
2026-08-22T05:15:00+00:00,22411529-3,Dew Point,CURRENT,°C,12.2086585969658
2026-08-22T05:15:00+00:00,22411530-1,Temperature,CURRENT,°C,13.425048828125
2026-08-22T05:15:00+00:00,22411530-2,RH,CURRENT,%,95.39330128938735
2026-08-22T05:15:00+00:00,22411530-3,Dew Point,CURRENT,°C,12.719031217563787
2026-08-22T05:16:00+00:00,22411541-S,Battery,CURRENT,V,8.299701416015626
2026-08-22T05:20:00+00:00,22411189-1,Temperature,CURRENT,°C,12.738642578124995
2026-08-22T05:20:00+00:00,22411189-2,RH,CURRENT,%,100
2026-08-22T05:20:00+00:00,22411189-3,Dew Point,CURRENT,°C,12.754054104765423
2026-08-22T05:20:00+00:00,22411190-1,Temperature,CURRENT,°C,12.996044921874997
2026-08-22T05:20:00+00:00,22411190-2,RH,CURRENT,%,95.94415197985809
2026-08-22T05:20:00+00:00,22411190-3,Dew Point,CURRENT,°C,12.379497923994318
2026-08-22T05:20:00+00:00,22411191-1,Temperature,CURRENT,°C,13.939853515624996
2026-08-22T05:20:00+00:00,22411191-2,RH,CURRENT,%,95.20256351567865
2026-08-22T05:20:00+00:00,22411191-3,Dew Point,CURRENT,°C,13.200995988538644
2026-08-22T05:20:00+00:00,22411525-1,Temperature,CURRENT,°C,14.111455078124997
2026-08-22T05:20:00+00:00,22411525-2,RH,CURRENT,%,91.796749828336
2026-08-22T05:20:00+00:00,22411525-3,Dew Point,CURRENT,°C,12.813671755081806
2026-08-22T05:20:00+00:00,22411526-1,Temperature,CURRENT,°C,12.309638671875
2026-08-22T05:20:00+00:00,22411526-2,RH,CURRENT,%,98.21316853589686
2026-08-22T05:20:00+00:00,22411526-3,Dew Point,CURRENT,°C,12.050107920118009
2026-08-22T05:20:00+00:00,22411527-1,Temperature,CURRENT,°C,14.304506835937495
2026-08-22T05:20:00+00:00,22411527-2,RH,CURRENT,%,91.29625391012436
2026-08-22T05:20:00+00:00,22411527-3,Dew Point,CURRENT,°C,12.92133709282325
2026-08-22T05:20:00+00:00,22411528-1,Temperature,CURRENT,°C,12.223837890625
2026-08-22T05:20:00+00:00,22411528-2,RH,CURRENT,%,99.3667505912871
2026-08-22T05:20:00+00:00,22411528-3,Dew Point,CURRENT,°C,12.141793303881377
2026-08-22T05:20:00+00:00,22411529-1,Temperature,CURRENT,°C,12.652841796874995
2026-08-22T05:20:00+00:00,22411529-2,RH,CURRENT,%,98.14145113298238
2026-08-22T05:20:00+00:00,22411529-3,Dew Point,CURRENT,°C,12.381975659780206
2026-08-22T05:20:00+00:00,22411530-1,Temperature,CURRENT,°C,13.639550781250001
2026-08-22T05:20:00+00:00,22411530-2,RH,CURRENT,%,94.56015869382773
2026-08-22T05:20:00+00:00,22411530-3,Dew Point,CURRENT,°C,12.798480414203247
2026-08-22T05:21:00+00:00,22411541-S,Battery,CURRENT,V,8.302932128906251
2026-08-22T05:25:00+00:00,22411189-1,Temperature,CURRENT,°C,12.8029931640625
2026-08-22T05:25:00+00:00,22411189-2,RH,CURRENT,%,100
2026-08-22T05:25:00+00:00,22411189-3,Dew Point,CURRENT,°C,12.81850749084056
2026-08-22T05:25:00+00:00,22411190-1,Temperature,CURRENT,°C,13.060395507812501
2026-08-22T05:25:00+00:00,22411190-2,RH,CURRENT,%,95.96093690394446
2026-08-22T05:25:00+00:00,22411190-3,Dew Point,CURRENT,°C,12.44629291537261
2026-08-22T05:25:00+00:00,22411191-1,Temperature,CURRENT,°C,14.025654296874997
2026-08-22T05:25:00+00:00,22411191-2,RH,CURRENT,%,95.01792935072862
2026-08-22T05:25:00+00:00,22411191-3,Dew Point,CURRENT,°C,13.256632131680796
2026-08-22T05:25:00+00:00,22411525-1,Temperature,CURRENT,°C,14.175805664062501
2026-08-22T05:25:00+00:00,22411525-2,RH,CURRENT,%,92.01495384145876
2026-08-22T05:25:00+00:00,22411525-3,Dew Point,CURRENT,°C,12.913773240945945
2026-08-22T05:25:00+00:00,22411526-1,Temperature,CURRENT,°C,12.373989257812497
2026-08-22T05:25:00+00:00,22411526-2,RH,CURRENT,%,98.41153582055391
2026-08-22T05:25:00+00:00,22411526-3,Dew Point,CURRENT,°C,12.145097985090423
2026-08-22T05:25:00+00:00,22411527-1,Temperature,CURRENT,°C,14.368857421875
2026-08-22T05:25:00+00:00,22411527-2,RH,CURRENT,%,91.6914625772488
2026-08-22T05:25:00+00:00,22411527-3,Dew Point,CURRENT,°C,13.051218617540897
2026-08-22T05:25:00+00:00,22411528-1,Temperature,CURRENT,°C,12.288188476562496
2026-08-22T05:25:00+00:00,22411528-2,RH,CURRENT,%,99.60021362630656
2026-08-22T05:25:00+00:00,22411528-3,Dew Point,CURRENT,°C,12.24190442726168
2026-08-22T05:25:00+00:00,22411529-1,Temperature,CURRENT,°C,12.674291992187499
2026-08-22T05:25:00+00:00,22411529-2,RH,CURRENT,%,98.33371480888076
2026-08-22T05:25:00+00:00,22411529-3,Dew Point,CURRENT,°C,12.433236518525407
2026-08-22T05:25:00+00:00,22411530-1,Temperature,CURRENT,°C,13.789702148437499
2026-08-22T05:25:00+00:00,22411530-2,RH,CURRENT,%,94.30075532158389
2026-08-22T05:25:00+00:00,22411530-3,Dew Point,CURRENT,°C,12.905812898833828
2026-08-22T05:26:00+00:00,22411541-S,Battery,CURRENT,V,8.293239990234376
2026-08-22T05:30:00+00:00,22411189-1,Temperature,CURRENT,°C,12.867343749999996
2026-08-22T05:30:00+00:00,22411189-2,RH,CURRENT,%,100
2026-08-22T05:30:00+00:00,22411189-3,Dew Point,CURRENT,°C,12.88296087480021
2026-08-22T05:30:00+00:00,22411190-1,Temperature,CURRENT,°C,13.146196289062502
2026-08-22T05:30:00+00:00,22411190-2,RH,CURRENT,%,96.06622415503166
2026-08-22T05:30:00+00:00,22411190-3,Dew Point,CURRENT,°C,12.548527021859504
2026-08-22T05:30:00+00:00,22411191-1,Temperature,CURRENT,°C,13.939853515624996
2026-08-22T05:30:00+00:00,22411191-2,RH,CURRENT,%,94.73411154345007
2026-08-22T05:30:00+00:00,22411191-3,Dew Point,CURRENT,°C,13.125375817392303
2026-08-22T05:30:00+00:00,22411525-1,Temperature,CURRENT,°C,14.025654296874997
2026-08-22T05:30:00+00:00,22411525-2,RH,CURRENT,%,91.83642328526741
2026-08-22T05:30:00+00:00,22411525-3,Dew Point,CURRENT,°C,12.735230615225483
2026-08-22T05:30:00+00:00,22411526-1,Temperature,CURRENT,°C,12.43833984375
2026-08-22T05:30:00+00:00,22411526-2,RH,CURRENT,%,98.59006637674526
2026-08-22T05:30:00+00:00,22411526-3,Dew Point,CURRENT,°C,12.237003805665045
2026-08-22T05:30:00+00:00,22411527-1,Temperature,CURRENT,°C,14.154355468749998
2026-08-22T05:30:00+00:00,22411527-2,RH,CURRENT,%,91.61211566338598
2026-08-22T05:30:00+00:00,22411527-3,Dew Point,CURRENT,°C,12.825406744580953
2026-08-22T05:30:00+00:00,22411528-1,Temperature,CURRENT,°C,12.309638671875
2026-08-22T05:30:00+00:00,22411528-2,RH,CURRENT,%,99.85656519417105
2026-08-22T05:30:00+00:00,22411528-3,Dew Point,CURRENT,°C,12.30250886552581
2026-08-22T05:30:00+00:00,22411529-1,Temperature,CURRENT,°C,12.588491210937498
2026-08-22T05:30:00+00:00,22411529-2,RH,CURRENT,%,97.59670405127031
2026-08-22T05:30:00+00:00,22411529-3,Dew Point,CURRENT,°C,12.232942569322685
2026-08-22T05:30:00+00:00,22411530-1,Temperature,CURRENT,°C,13.725351562499995
2026-08-22T05:30:00+00:00,22411530-2,RH,CURRENT,%,93.2188906691081
2026-08-22T05:30:00+00:00,22411530-3,Dew Point,CURRENT,°C,12.665504182112612
2026-08-22T05:31:00+00:00,22411541-S,Battery,CURRENT,V,8.302932128906251
2026-08-22T05:35:00+00:00,22411189-1,Temperature,CURRENT,°C,12.695742187499995
2026-08-22T05:35:00+00:00,22411189-2,RH,CURRENT,%,99.76501106279088
2026-08-22T05:35:00+00:00,22411189-3,Dew Point,CURRENT,°C,12.675153323574465
2026-08-22T05:35:00+00:00,22411190-1,Temperature,CURRENT,°C,12.9745947265625
2026-08-22T05:35:00+00:00,22411190-2,RH,CURRENT,%,95.2651255054551
2026-08-22T05:35:00+00:00,22411190-3,Dew Point,CURRENT,°C,12.249983206926656
2026-08-22T05:35:00+00:00,22411191-1,Temperature,CURRENT,°C,13.575200195312497
2026-08-22T05:35:00+00:00,22411191-2,RH,CURRENT,%,95.01945525291829
2026-08-22T05:35:00+00:00,22411191-3,Dew Point,CURRENT,°C,12.808516333608322
2026-08-22T05:35:00+00:00,22411525-1,Temperature,CURRENT,°C,13.682451171875002
2026-08-22T05:35:00+00:00,22411525-2,RH,CURRENT,%,92.63294422827497
2026-08-22T05:35:00+00:00,22411525-3,Dew Point,CURRENT,°C,12.526689578115365
2026-08-22T05:35:00+00:00,22411526-1,Temperature,CURRENT,°C,12.331088867187496
2026-08-22T05:35:00+00:00,22411526-2,RH,CURRENT,%,98.57022964827955
2026-08-22T05:35:00+00:00,22411526-3,Dew Point,CURRENT,°C,12.126707667795632
2026-08-22T05:35:00+00:00,22411527-1,Temperature,CURRENT,°C,13.811152343749995
2026-08-22T05:35:00+00:00,22411527-2,RH,CURRENT,%,92.85877775234607
2026-08-22T05:35:00+00:00,22411527-3,Dew Point,CURRENT,°C,12.691579295888404
2026-08-22T05:35:00+00:00,22411528-1,Temperature,CURRENT,°C,12.223837890625
2026-08-22T05:35:00+00:00,22411528-2,RH,CURRENT,%,99.91760128175784
2026-08-22T05:35:00+00:00,22411528-3,Dew Point,CURRENT,°C,12.225883392059302
2026-08-22T05:35:00+00:00,22411529-1,Temperature,CURRENT,°C,12.481240234375
2026-08-22T05:35:00+00:00,22411529-2,RH,CURRENT,%,97.33119707026779
2026-08-22T05:35:00+00:00,22411529-3,Dew Point,CURRENT,°C,12.08442753808311
2026-08-22T05:35:00+00:00,22411530-1,Temperature,CURRENT,°C,13.360698242187496
2026-08-22T05:35:00+00:00,22411530-2,RH,CURRENT,%,93.58205539024948
2026-08-22T05:35:00+00:00,22411530-3,Dew Point,CURRENT,°C,12.362602139406002
2026-08-22T05:36:00+00:00,22411541-S,Battery,CURRENT,V,8.293239990234376
2026-08-22T05:40:00+00:00,22411189-1,Temperature,CURRENT,°C,12.481240234375
2026-08-22T05:40:00+00:00,22411189-2,RH,CURRENT,%,99.9496452277409
2026-08-22T05:40:00+00:00,22411189-3,Dew Point,CURRENT,°C,12.488560297163103
2026-08-22T05:40:00+00:00,22411190-1,Temperature,CURRENT,°C,12.824443359374996
2026-08-22T05:40:00+00:00,22411190-2,RH,CURRENT,%,95.86175326161593
2026-08-22T05:40:00+00:00,22411190-3,Dew Point,CURRENT,°C,12.195417024090762
2026-08-22T05:40:00+00:00,22411191-1,Temperature,CURRENT,°C,13.55375
2026-08-22T05:40:00+00:00,22411191-2,RH,CURRENT,%,97.14198519874876
2026-08-22T05:40:00+00:00,22411191-3,Dew Point,CURRENT,°C,13.125283954135286
2026-08-22T05:40:00+00:00,22411525-1,Temperature,CURRENT,°C,13.639550781250001
2026-08-22T05:40:00+00:00,22411525-2,RH,CURRENT,%,94.17257953765164
2026-08-22T05:40:00+00:00,22411525-3,Dew Point,CURRENT,°C,12.735714794666242
2026-08-22T05:40:00+00:00,22411526-1,Temperature,CURRENT,°C,12.202387695312495
2026-08-22T05:40:00+00:00,22411526-2,RH,CURRENT,%,98.56107423514153
2026-08-22T05:40:00+00:00,22411526-3,Dew Point,CURRENT,°C,11.996615882783173
2026-08-22T05:40:00+00:00,22411527-1,Temperature,CURRENT,°C,13.703901367187498
2026-08-22T05:40:00+00:00,22411527-2,RH,CURRENT,%,94.38773174639506
2026-08-22T05:40:00+00:00,22411527-3,Dew Point,CURRENT,°C,12.834584883756126
2026-08-22T05:40:00+00:00,22411528-1,Temperature,CURRENT,°C,12.095136718749998
2026-08-22T05:40:00+00:00,22411528-2,RH,CURRENT,%,99.92217898832685
2026-08-22T05:40:00+00:00,22411528-3,Dew Point,CURRENT,°C,12.097685898048406
2026-08-22T05:40:00+00:00,22411529-1,Temperature,CURRENT,°C,12.395439453125
2026-08-22T05:40:00+00:00,22411529-2,RH,CURRENT,%,97.4715800717174
2026-08-22T05:40:00+00:00,22411529-3,Dew Point,CURRENT,°C,12.020664878605011
2026-08-22T05:40:00+00:00,22411530-1,Temperature,CURRENT,°C,13.231997070312495
2026-08-22T05:40:00+00:00,22411530-2,RH,CURRENT,%,95.61760891126879
2026-08-22T05:40:00+00:00,22411530-3,Dew Point,CURRENT,°C,12.562609662775724
2026-08-22T05:41:00+00:00,22411541-S,Battery,CURRENT,V,8.293239990234376
2026-08-22T05:45:00+00:00,22411189-1,Temperature,CURRENT,°C,12.567041015625001
2026-08-22T05:45:00+00:00,22411189-2,RH,CURRENT,%,100
2026-08-22T05:45:00+00:00,22411189-3,Dew Point,CURRENT,°C,12.58217839822274
2026-08-22T05:45:00+00:00,22411190-1,Temperature,CURRENT,°C,12.996044921874997
2026-08-22T05:45:00+00:00,22411190-2,RH,CURRENT,%,96.81239032578011
2026-08-22T05:45:00+00:00,22411190-3,Dew Point,CURRENT,°C,12.516818000282424
2026-08-22T05:45:00+00:00,22411191-1,Temperature,CURRENT,°C,13.639550781250001
2026-08-22T05:45:00+00:00,22411191-2,RH,CURRENT,%,97.40749217975127
2026-08-22T05:45:00+00:00,22411191-3,Dew Point,CURRENT,°C,13.252783751844216
2026-08-22T05:45:00+00:00,22411525-1,Temperature,CURRENT,°C,13.725351562499995
2026-08-22T05:45:00+00:00,22411525-2,RH,CURRENT,%,94.26413366903182
2026-08-22T05:45:00+00:00,22411525-3,Dew Point,CURRENT,°C,12.83588116319705
2026-08-22T05:45:00+00:00,22411526-1,Temperature,CURRENT,°C,12.116586914062495
2026-08-22T05:45:00+00:00,22411526-2,RH,CURRENT,%,98.70756084534982
2026-08-22T05:45:00+00:00,22411526-3,Dew Point,CURRENT,°C,11.933372492718465
2026-08-22T05:45:00+00:00,22411527-1,Temperature,CURRENT,°C,13.8326025390625
2026-08-22T05:45:00+00:00,22411527-2,RH,CURRENT,%,93.89333943694209
2026-08-22T05:45:00+00:00,22411527-3,Dew Point,CURRENT,°C,12.88222923136866
2026-08-22T05:45:00+00:00,22411528-1,Temperature,CURRENT,°C,11.9449853515625
2026-08-22T05:45:00+00:00,22411528-2,RH,CURRENT,%,100
2026-08-22T05:45:00+00:00,22411528-3,Dew Point,CURRENT,°C,11.95912883589946
2026-08-22T05:45:00+00:00,22411529-1,Temperature,CURRENT,°C,12.223837890625
2026-08-22T05:45:00+00:00,22411529-2,RH,CURRENT,%,97.09163042648966
2026-08-22T05:45:00+00:00,22411529-3,Dew Point,CURRENT,°C,11.790088534083006
2026-08-22T05:45:00+00:00,22411530-1,Temperature,CURRENT,°C,13.403598632812496
2026-08-22T05:45:00+00:00,22411530-2,RH,CURRENT,%,96.69794766155489
2026-08-22T05:45:00+00:00,22411530-3,Dew Point,CURRENT,°C,12.905314084701695
2026-08-22T05:46:00+00:00,22411541-S,Battery,CURRENT,V,8.293239990234376
2026-08-22T05:50:00+00:00,22411189-1,Temperature,CURRENT,°C,12.481240234375
2026-08-22T05:50:00+00:00,22411189-2,RH,CURRENT,%,100
2026-08-22T05:50:00+00:00,22411189-3,Dew Point,CURRENT,°C,12.496240539310111
2026-08-22T05:50:00+00:00,22411190-1,Temperature,CURRENT,°C,12.8458935546875
2026-08-22T05:50:00+00:00,22411190-2,RH,CURRENT,%,96.43701838712138
2026-08-22T05:50:00+00:00,22411190-3,Dew Point,CURRENT,°C,12.30785546862288
2026-08-22T05:50:00+00:00,22411191-1,Temperature,CURRENT,°C,13.661000976562498
2026-08-22T05:50:00+00:00,22411191-2,RH,CURRENT,%,96.98786907759212
2026-08-22T05:50:00+00:00,22411191-3,Dew Point,CURRENT,°C,13.207973890175246
2026-08-22T05:50:00+00:00,22411525-1,Temperature,CURRENT,°C,13.789702148437499
2026-08-22T05:50:00+00:00,22411525-2,RH,CURRENT,%,93.98031586175325
2026-08-22T05:50:00+00:00,22411525-3,Dew Point,CURRENT,°C,12.853748785919695
2026-08-22T05:50:00+00:00,22411526-1,Temperature,CURRENT,°C,12.138037109374999
2026-08-22T05:50:00+00:00,22411526-2,RH,CURRENT,%,98.78995956359198
2026-08-22T05:50:00+00:00,22411526-3,Dew Point,CURRENT,°C,11.96749271590809
2026-08-22T05:50:00+00:00,22411527-1,Temperature,CURRENT,°C,13.939853515624996
2026-08-22T05:50:00+00:00,22411527-2,RH,CURRENT,%,93.65987640192263
2026-08-22T05:50:00+00:00,22411527-3,Dew Point,CURRENT,°C,12.95071956868785
2026-08-22T05:50:00+00:00,22411528-1,Temperature,CURRENT,°C,11.9449853515625
2026-08-22T05:50:00+00:00,22411528-2,RH,CURRENT,%,100
2026-08-22T05:50:00+00:00,22411528-3,Dew Point,CURRENT,°C,11.95912883589946
2026-08-22T05:50:00+00:00,22411529-1,Temperature,CURRENT,°C,12.095136718749998
2026-08-22T05:50:00+00:00,22411529-2,RH,CURRENT,%,97.3708705271992
2026-08-22T05:50:00+00:00,22411529-3,Dew Point,CURRENT,°C,11.70515314073795
2026-08-22T05:50:00+00:00,22411530-1,Temperature,CURRENT,°C,13.446499023437497
2026-08-22T05:50:00+00:00,22411530-2,RH,CURRENT,%,95.86480506599527
2026-08-22T05:50:00+00:00,22411530-3,Dew Point,CURRENT,°C,12.815747261846118
2026-08-22T05:51:00+00:00,22411541-S,Battery,CURRENT,V,8.293239990234376
2026-08-22T05:55:00+00:00,22411189-1,Temperature,CURRENT,°C,12.652841796874995
2026-08-22T05:55:00+00:00,22411189-2,RH,CURRENT,%,100
2026-08-22T05:55:00+00:00,22411189-3,Dew Point,CURRENT,°C,12.668116253374503
2026-08-22T05:55:00+00:00,22411190-1,Temperature,CURRENT,°C,12.8887939453125
2026-08-22T05:55:00+00:00,22411190-2,RH,CURRENT,%,96.70862897688258
2026-08-22T05:55:00+00:00,22411190-3,Dew Point,CURRENT,°C,12.393479596093508
2026-08-22T05:55:00+00:00,22411191-1,Temperature,CURRENT,°C,13.725351562499995
2026-08-22T05:55:00+00:00,22411191-2,RH,CURRENT,%,95.48027771419852
2026-08-22T05:55:00+00:00,22411191-3,Dew Point,CURRENT,°C,13.032040243732782
2026-08-22T05:55:00+00:00,22411525-1,Temperature,CURRENT,°C,13.811152343749995
2026-08-22T05:55:00+00:00,22411525-2,RH,CURRENT,%,92.45441367208362
2026-08-22T05:55:00+00:00,22411525-3,Dew Point,CURRENT,°C,12.624945055571574
2026-08-22T05:55:00+00:00,22411526-1,Temperature,CURRENT,°C,12.202387695312495
2026-08-22T05:55:00+00:00,22411526-2,RH,CURRENT,%,99.11497672999161
2026-08-22T05:55:00+00:00,22411526-3,Dew Point,CURRENT,°C,12.08176113947925
2026-08-22T05:55:00+00:00,22411527-1,Temperature,CURRENT,°C,13.939853515624996
2026-08-22T05:55:00+00:00,22411527-2,RH,CURRENT,%,92.16601815823606
2026-08-22T05:55:00+00:00,22411527-3,Dew Point,CURRENT,°C,12.70489179157818
2026-08-22T05:55:00+00:00,22411528-1,Temperature,CURRENT,°C,12.116586914062495
2026-08-22T05:55:00+00:00,22411528-2,RH,CURRENT,%,100
2026-08-22T05:55:00+00:00,22411528-3,Dew Point,CURRENT,°C,12.131004596974481
2026-08-22T05:55:00+00:00,22411529-1,Temperature,CURRENT,°C,12.138037109374999
2026-08-22T05:55:00+00:00,22411529-2,RH,CURRENT,%,98.14602883955139
2026-08-22T05:55:00+00:00,22411529-3,Dew Point,CURRENT,°C,11.868232871635449
2026-08-22T05:55:00+00:00,22411530-1,Temperature,CURRENT,°C,13.510849609375
2026-08-22T05:55:00+00:00,22411530-2,RH,CURRENT,%,94.77988860914016
2026-08-22T05:55:00+00:00,22411530-3,Dew Point,CURRENT,°C,12.705899069634045
2026-08-22T05:56:00+00:00,22411541-S,Battery,CURRENT,V,8.290009277343751
2026-08-22T06:00:00+00:00,22411189-1,Temperature,CURRENT,°C,12.674291992187499
2026-08-22T06:00:00+00:00,22411189-2,RH,CURRENT,%,100
2026-08-22T06:00:00+00:00,22411189-3,Dew Point,CURRENT,°C,12.689600716574816
2026-08-22T06:00:00+00:00,22411190-1,Temperature,CURRENT,°C,12.910244140624997
2026-08-22T06:00:00+00:00,22411190-2,RH,CURRENT,%,96.41870756084535
2026-08-22T06:00:00+00:00,22411190-3,Dew Point,CURRENT,°C,12.369131581236035
2026-08-22T06:00:00+00:00,22411191-1,Temperature,CURRENT,°C,13.575200195312497
2026-08-22T06:00:00+00:00,22411191-2,RH,CURRENT,%,95.20561532005799
2026-08-22T06:00:00+00:00,22411191-3,Dew Point,CURRENT,°C,12.838440527094182
2026-08-22T06:00:00+00:00,22411525-1,Temperature,CURRENT,°C,13.639550781250001
2026-08-22T06:00:00+00:00,22411525-2,RH,CURRENT,%,92.43610284580758
2026-08-22T06:00:00+00:00,22411525-3,Dew Point,CURRENT,°C,12.45169014612541
2026-08-22T06:00:00+00:00,22411526-1,Temperature,CURRENT,°C,12.180937499999999
2026-08-22T06:00:00+00:00,22411526-2,RH,CURRENT,%,99.10734721904326
2026-08-22T06:00:00+00:00,22411526-3,Dew Point,CURRENT,°C,12.059130149092217
2026-08-22T06:00:00+00:00,22411527-1,Temperature,CURRENT,°C,13.746801757812499
2026-08-22T06:00:00+00:00,22411527-2,RH,CURRENT,%,92.30334935530632
2026-08-22T06:00:00+00:00,22411527-3,Dew Point,CURRENT,°C,12.536160362302995
2026-08-22T06:00:00+00:00,22411528-1,Temperature,CURRENT,°C,12.095136718749998
2026-08-22T06:00:00+00:00,22411528-2,RH,CURRENT,%,100
2026-08-22T06:00:00+00:00,22411528-3,Dew Point,CURRENT,°C,12.109520127662792
2026-08-22T06:00:00+00:00,22411529-1,Temperature,CURRENT,°C,12.202387695312495
2026-08-22T06:00:00+00:00,22411529-2,RH,CURRENT,%,98.42374303807127
2026-08-22T06:00:00+00:00,22411529-3,Dew Point,CURRENT,°C,11.97544047994045
2026-08-22T06:00:00+00:00,22411530-1,Temperature,CURRENT,°C,13.403598632812496
2026-08-22T06:00:00+00:00,22411530-2,RH,CURRENT,%,93.90554665445944
2026-08-22T06:00:00+00:00,22411530-3,Dew Point,CURRENT,°C,12.457818210030942
2026-08-22T06:01:00+00:00,22411541-S,Battery,CURRENT,V,8.290009277343751
2026-08-22T06:05:00+00:00,22411189-1,Temperature,CURRENT,°C,12.459790039062497
2026-08-22T06:05:00+00:00,22411189-2,RH,CURRENT,%,100
2026-08-22T06:05:00+00:00,22411189-3,Dew Point,CURRENT,°C,12.474756073994321
2026-08-22T06:05:00+00:00,22411190-1,Temperature,CURRENT,°C,12.717192382812499
2026-08-22T06:05:00+00:00,22411190-2,RH,CURRENT,%,95.95635919737545
2026-08-22T06:05:00+00:00,22411190-3,Dew Point,CURRENT,°C,12.103540248282558
2026-08-22T06:05:00+00:00,22411191-1,Temperature,CURRENT,°C,13.360698242187496
2026-08-22T06:05:00+00:00,22411191-2,RH,CURRENT,%,96.33325703822385
2026-08-22T06:05:00+00:00,22411191-3,Dew Point,CURRENT,°C,12.804746618806847
2026-08-22T06:05:00+00:00,22411525-1,Temperature,CURRENT,°C,13.510849609375
2026-08-22T06:05:00+00:00,22411525-2,RH,CURRENT,%,93.68276493476768
2026-08-22T06:05:00+00:00,22411525-3,Dew Point,CURRENT,°C,12.52818465726606
2026-08-22T06:05:00+00:00,22411526-1,Temperature,CURRENT,°C,11.987885742187501
2026-08-22T06:05:00+00:00,22411526-2,RH,CURRENT,%,98.99748226138705
2026-08-22T06:05:00+00:00,22411526-3,Dew Point,CURRENT,°C,11.849153536744238
2026-08-22T06:05:00+00:00,22411527-1,Temperature,CURRENT,°C,13.725351562499995
2026-08-22T06:05:00+00:00,22411527-2,RH,CURRENT,%,93.42641336690318
2026-08-22T06:05:00+00:00,22411527-3,Dew Point,CURRENT,°C,12.699463837867095
2026-08-22T06:05:00+00:00,22411528-1,Temperature,CURRENT,°C,11.9020849609375
2026-08-22T06:05:00+00:00,22411528-2,RH,CURRENT,%,100
2026-08-22T06:05:00+00:00,22411528-3,Dew Point,CURRENT,°C,11.916159893280167
2026-08-22T06:05:00+00:00,22411529-1,Temperature,CURRENT,°C,12.223837890625
2026-08-22T06:05:00+00:00,22411529-2,RH,CURRENT,%,98.31998168917373
2026-08-22T06:05:00+00:00,22411529-3,Dew Point,CURRENT,°C,11.980864281292959
2026-08-22T06:05:00+00:00,22411530-1,Temperature,CURRENT,°C,13.124746093749998
2026-08-22T06:05:00+00:00,22411530-2,RH,CURRENT,%,95.08812085145343
2026-08-22T06:05:00+00:00,22411530-3,Dew Point,CURRENT,°C,12.371153141641557
2026-08-22T06:06:00+00:00,22411541-S,Battery,CURRENT,V,8.290009277343751
2026-08-22T06:10:00+00:00,22411189-1,Temperature,CURRENT,°C,12.223837890625
2026-08-22T06:10:00+00:00,22411189-2,RH,CURRENT,%,100
2026-08-22T06:10:00+00:00,22411189-3,Dew Point,CURRENT,°C,12.238426940007148
2026-08-22T06:10:00+00:00,22411190-1,Temperature,CURRENT,°C,12.502690429687497
2026-08-22T06:10:00+00:00,22411190-2,RH,CURRENT,%,96.2905317769131
2026-08-22T06:10:00+00:00,22411190-3,Dew Point,CURRENT,°C,11.94254026719972
2026-08-22T06:10:00+00:00,22411191-1,Temperature,CURRENT,°C,13.167646484374998
2026-08-22T06:10:00+00:00,22411191-2,RH,CURRENT,%,96.45532921339742
2026-08-22T06:10:00+00:00,22411191-3,Dew Point,CURRENT,°C,12.631597094411502
2026-08-22T06:10:00+00:00,22411525-1,Temperature,CURRENT,°C,13.360698242187496
2026-08-22T06:10:00+00:00,22411525-2,RH,CURRENT,%,93.37148088807507
2026-08-22T06:10:00+00:00,22411525-3,Dew Point,CURRENT,°C,12.328292444134101
2026-08-22T06:10:00+00:00,22411526-1,Temperature,CURRENT,°C,11.8162841796875
2026-08-22T06:10:00+00:00,22411526-2,RH,CURRENT,%,99.12870984969864
2026-08-22T06:10:00+00:00,22411526-3,Dew Point,CURRENT,°C,11.697557811065366
2026-08-22T06:10:00+00:00,22411527-1,Temperature,CURRENT,°C,13.596650390625001
2026-08-22T06:10:00+00:00,22411527-2,RH,CURRENT,%,92.39642938887617
2026-08-22T06:10:00+00:00,22411527-3,Dew Point,CURRENT,°C,12.402590624399522
2026-08-22T06:10:00+00:00,22411528-1,Temperature,CURRENT,°C,11.7733837890625
2026-08-22T06:10:00+00:00,22411528-2,RH,CURRENT,%,100
2026-08-22T06:10:00+00:00,22411528-3,Dew Point,CURRENT,°C,11.787253059781015
2026-08-22T06:10:00+00:00,22411529-1,Temperature,CURRENT,°C,12.116586914062495
2026-08-22T06:10:00+00:00,22411529-2,RH,CURRENT,%,97.47310597390707
2026-08-22T06:10:00+00:00,22411529-3,Dew Point,CURRENT,°C,11.742473134164713
2026-08-22T06:10:00+00:00,22411530-1,Temperature,CURRENT,°C,12.8887939453125
2026-08-22T06:10:00+00:00,22411530-2,RH,CURRENT,%,95.4161898222324
2026-08-22T06:10:00+00:00,22411530-3,Dew Point,CURRENT,°C,12.188651858604285
2026-08-22T06:11:00+00:00,22411541-S,Battery,CURRENT,V,8.290009277343751
2026-08-22T06:15:00+00:00,22411189-1,Temperature,CURRENT,°C,12.073686523437502
2026-08-22T06:15:00+00:00,22411189-2,RH,CURRENT,%,100
2026-08-22T06:15:00+00:00,22411189-3,Dew Point,CURRENT,°C,12.088035658116047
2026-08-22T06:15:00+00:00,22411190-1,Temperature,CURRENT,°C,12.43833984375
2026-08-22T06:15:00+00:00,22411190-2,RH,CURRENT,%,96.79865720607309
2026-08-22T06:15:00+00:00,22411190-3,Dew Point,CURRENT,°C,11.958269348494273
2026-08-22T06:15:00+00:00,22411191-1,Temperature,CURRENT,°C,12.953144531249997
2026-08-22T06:15:00+00:00,22411191-2,RH,CURRENT,%,97.10078583962768
2026-08-22T06:15:00+00:00,22411191-3,Dew Point,CURRENT,°C,12.519376320432867
2026-08-22T06:15:00+00:00,22411525-1,Temperature,CURRENT,°C,13.103295898437501
2026-08-22T06:15:00+00:00,22411525-2,RH,CURRENT,%,94.17563134203098
2026-08-22T06:15:00+00:00,22411525-3,Dew Point,CURRENT,°C,12.203019767149572
2026-08-22T06:15:00+00:00,22411526-1,Temperature,CURRENT,°C,11.666132812499995
2026-08-22T06:15:00+00:00,22411526-2,RH,CURRENT,%,99.11497672999161
2026-08-22T06:15:00+00:00,22411526-3,Dew Point,CURRENT,°C,11.545229631747015
2026-08-22T06:15:00+00:00,22411527-1,Temperature,CURRENT,°C,13.29634765625
2026-08-22T06:15:00+00:00,22411527-2,RH,CURRENT,%,93.55764095521477
2026-08-22T06:15:00+00:00,22411527-3,Dew Point,CURRENT,°C,12.294696086129166
2026-08-22T06:15:00+00:00,22411528-1,Temperature,CURRENT,°C,11.601782226562499
2026-08-22T06:15:00+00:00,22411528-2,RH,CURRENT,%,100
2026-08-22T06:15:00+00:00,22411528-3,Dew Point,CURRENT,°C,11.615377268619168
2026-08-22T06:15:00+00:00,22411529-1,Temperature,CURRENT,°C,11.966435546874997
2026-08-22T06:15:00+00:00,22411529-2,RH,CURRENT,%,97.01838712138552
2026-08-22T06:15:00+00:00,22411529-3,Dew Point,CURRENT,°C,11.521779775796029
2026-08-22T06:15:00+00:00,22411530-1,Temperature,CURRENT,°C,12.695742187499995
2026-08-22T06:15:00+00:00,22411530-2,RH,CURRENT,%,95.75951781490807
2026-08-22T06:15:00+00:00,22411530-3,Dew Point,CURRENT,°C,12.05095788695806
2026-08-22T06:16:00+00:00,22411541-S,Battery,CURRENT,V,8.286778564453126
2026-08-22T06:20:00+00:00,22411189-1,Temperature,CURRENT,°C,11.987885742187501
2026-08-22T06:20:00+00:00,22411189-2,RH,CURRENT,%,100
2026-08-22T06:20:00+00:00,22411189-3,Dew Point,CURRENT,°C,12.002097777578534
2026-08-22T06:20:00+00:00,22411190-1,Temperature,CURRENT,°C,12.309638671875
2026-08-22T06:20:00+00:00,22411190-2,RH,CURRENT,%,96.91462577248798
2026-08-22T06:20:00+00:00,22411190-3,Dew Point,CURRENT,°C,11.848034101917047
2026-08-22T06:20:00+00:00,22411191-1,Temperature,CURRENT,°C,12.781542968749996
2026-08-22T06:20:00+00:00,22411191-2,RH,CURRENT,%,97.99038681620507
2026-08-22T06:20:00+00:00,22411191-3,Dew Point,CURRENT,°C,12.48709743849701
2026-08-22T06:20:00+00:00,22411525-1,Temperature,CURRENT,°C,12.910244140624997
2026-08-22T06:20:00+00:00,22411525-2,RH,CURRENT,%,95.39482719157702
2026-08-22T06:20:00+00:00,22411525-3,Dew Point,CURRENT,°C,12.206607172468216
2026-08-22T06:20:00+00:00,22411526-1,Temperature,CURRENT,°C,11.558881835937498
2026-08-22T06:20:00+00:00,22411526-2,RH,CURRENT,%,99.08903639276723
2026-08-22T06:20:00+00:00,22411526-3,Dew Point,CURRENT,°C,11.433965465049615
2026-08-22T06:20:00+00:00,22411527-1,Temperature,CURRENT,°C,13.103295898437501
2026-08-22T06:20:00+00:00,22411527-2,RH,CURRENT,%,94.9233234149691
2026-08-22T06:20:00+00:00,22411527-3,Dew Point,CURRENT,°C,12.323383243000322
2026-08-22T06:20:00+00:00,22411528-1,Temperature,CURRENT,°C,11.451630859375001
2026-08-22T06:20:00+00:00,22411528-2,RH,CURRENT,%,100
2026-08-22T06:20:00+00:00,22411528-3,Dew Point,CURRENT,°C,11.464985939012262
2026-08-22T06:20:00+00:00,22411529-1,Temperature,CURRENT,°C,11.966435546874997
2026-08-22T06:20:00+00:00,22411529-2,RH,CURRENT,%,97.8835736629282
2026-08-22T06:20:00+00:00,22411529-3,Dew Point,CURRENT,°C,11.656182852845447
2026-08-22T06:20:00+00:00,22411530-1,Temperature,CURRENT,°C,12.588491210937498
2026-08-22T06:20:00+00:00,22411530-2,RH,CURRENT,%,97.10231174181735
2026-08-22T06:20:00+00:00,22411530-3,Dew Point,CURRENT,°C,12.155687265766263
2026-08-22T06:21:00+00:00,22411541-S,Battery,CURRENT,V,8.286778564453126
2026-08-22T06:25:00+00:00,22411189-1,Temperature,CURRENT,°C,12.116586914062495
2026-08-22T06:25:00+00:00,22411189-2,RH,CURRENT,%,100
2026-08-22T06:25:00+00:00,22411189-3,Dew Point,CURRENT,°C,12.131004596974481
2026-08-22T06:25:00+00:00,22411190-1,Temperature,CURRENT,°C,12.288188476562496
2026-08-22T06:25:00+00:00,22411190-2,RH,CURRENT,%,97.10078583962768
2026-08-22T06:25:00+00:00,22411190-3,Dew Point,CURRENT,°C,11.855741372905134
2026-08-22T06:25:00+00:00,22411191-1,Temperature,CURRENT,°C,12.8458935546875
2026-08-22T06:25:00+00:00,22411191-2,RH,CURRENT,%,98.31845578698406
2026-08-22T06:25:00+00:00,22411191-3,Dew Point,CURRENT,°C,12.602391846934115
2026-08-22T06:25:00+00:00,22411525-1,Temperature,CURRENT,°C,12.910244140624997
2026-08-22T06:25:00+00:00,22411525-2,RH,CURRENT,%,95.55352101930266
2026-08-22T06:25:00+00:00,22411525-3,Dew Point,CURRENT,°C,12.23189725996496
2026-08-22T06:25:00+00:00,22411526-1,Temperature,CURRENT,°C,11.494531250000001
2026-08-22T06:25:00+00:00,22411526-2,RH,CURRENT,%,99.44151979858091
2026-08-22T06:25:00+00:00,22411526-3,Dew Point,CURRENT,°C,11.423256299116611
2026-08-22T06:25:00+00:00,22411527-1,Temperature,CURRENT,°C,13.081845703124998
2026-08-22T06:25:00+00:00,22411527-2,RH,CURRENT,%,95.10490577553979
2026-08-22T06:25:00+00:00,22411527-3,Dew Point,CURRENT,°C,12.33113538115604
2026-08-22T06:25:00+00:00,22411528-1,Temperature,CURRENT,°C,11.344379882812497
2026-08-22T06:25:00+00:00,22411528-2,RH,CURRENT,%,100
2026-08-22T06:25:00+00:00,22411528-3,Dew Point,CURRENT,°C,11.35756355367001
2026-08-22T06:25:00+00:00,22411529-1,Temperature,CURRENT,°C,12.009335937499998
2026-08-22T06:25:00+00:00,22411529-2,RH,CURRENT,%,98.37033646143283
2026-08-22T06:25:00+00:00,22411529-3,Dew Point,CURRENT,°C,11.774224478400726
2026-08-22T06:25:00+00:00,22411530-1,Temperature,CURRENT,°C,12.652841796874995
2026-08-22T06:25:00+00:00,22411530-2,RH,CURRENT,%,97.55550469214923
2026-08-22T06:25:00+00:00,22411530-3,Dew Point,CURRENT,°C,12.290777052871242
2026-08-22T06:26:00+00:00,22411541-S,Battery,CURRENT,V,8.280317138671876
2026-08-22T06:30:00+00:00,22411189-1,Temperature,CURRENT,°C,12.116586914062495
2026-08-22T06:30:00+00:00,22411189-2,RH,CURRENT,%,100
2026-08-22T06:30:00+00:00,22411189-3,Dew Point,CURRENT,°C,12.131004596974481
2026-08-22T06:30:00+00:00,22411190-1,Temperature,CURRENT,°C,12.245288085937496
2026-08-22T06:30:00+00:00,22411190-2,RH,CURRENT,%,97.39833676661326
2026-08-22T06:30:00+00:00,22411190-3,Dew Point,CURRENT,°C,11.859336629254061
2026-08-22T06:30:00+00:00,22411191-1,Temperature,CURRENT,°C,12.910244140624997
2026-08-22T06:30:00+00:00,22411191-2,RH,CURRENT,%,98.48020141908904
2026-08-22T06:30:00+00:00,22411191-3,Dew Point,CURRENT,°C,12.691814312966622
2026-08-22T06:30:00+00:00,22411525-1,Temperature,CURRENT,°C,13.038945312499997
2026-08-22T06:30:00+00:00,22411525-2,RH,CURRENT,%,95.61303120469978
2026-08-22T06:30:00+00:00,22411525-3,Dew Point,CURRENT,°C,12.369574883521224
2026-08-22T06:30:00+00:00,22411526-1,Temperature,CURRENT,°C,11.494531250000001
2026-08-22T06:30:00+00:00,22411526-2,RH,CURRENT,%,99.40947585259785
2026-08-22T06:30:00+00:00,22411526-3,Dew Point,CURRENT,°C,11.41838387647676
2026-08-22T06:30:00+00:00,22411527-1,Temperature,CURRENT,°C,13.253447265624999
2026-08-22T06:30:00+00:00,22411527-2,RH,CURRENT,%,95.36278324559396
2026-08-22T06:30:00+00:00,22411527-3,Dew Point,CURRENT,°C,12.543261666804415
2026-08-22T06:30:00+00:00,22411528-1,Temperature,CURRENT,°C,11.365830078125
2026-08-22T06:30:00+00:00,22411528-2,RH,CURRENT,%,100
2026-08-22T06:30:00+00:00,22411528-3,Dew Point,CURRENT,°C,11.379048031208567
2026-08-22T06:30:00+00:00,22411529-1,Temperature,CURRENT,°C,11.880634765624997
2026-08-22T06:30:00+00:00,22411529-2,RH,CURRENT,%,97.38155184252689
2026-08-22T06:30:00+00:00,22411529-3,Dew Point,CURRENT,°C,11.49266237896527
2026-08-22T06:30:00+00:00,22411530-1,Temperature,CURRENT,°C,12.738642578124995
2026-08-22T06:30:00+00:00,22411530-2,RH,CURRENT,%,97.1145189593347
2026-08-22T06:30:00+00:00,22411530-3,Dew Point,CURRENT,°C,12.307454497237183
2026-08-22T06:31:00+00:00,22411541-S,Battery,CURRENT,V,8.280317138671876
2026-08-22T06:35:00+00:00,22411189-1,Temperature,CURRENT,°C,12.138037109374999
2026-08-22T06:35:00+00:00,22411189-2,RH,CURRENT,%,100
2026-08-22T06:35:00+00:00,22411189-3,Dew Point,CURRENT,°C,12.152489066051121
2026-08-22T06:35:00+00:00,22411190-1,Temperature,CURRENT,°C,12.416889648437497
2026-08-22T06:35:00+00:00,22411190-2,RH,CURRENT,%,97.6775768673228
2026-08-22T06:35:00+00:00,22411190-3,Dew Point,CURRENT,°C,12.07416286084408
2026-08-22T06:35:00+00:00,22411191-1,Temperature,CURRENT,°C,13.060395507812501
2026-08-22T06:35:00+00:00,22411191-2,RH,CURRENT,%,98.43289845120928
2026-08-22T06:35:00+00:00,22411191-3,Dew Point,CURRENT,°C,12.834578311770487
2026-08-22T06:35:00+00:00,22411525-1,Temperature,CURRENT,°C,13.189096679687495
2026-08-22T06:35:00+00:00,22411525-2,RH,CURRENT,%,95.45738918135348
2026-08-22T06:35:00+00:00,22411525-3,Dew Point,CURRENT,°C,12.494300042400246
2026-08-22T06:35:00+00:00,22411526-1,Temperature,CURRENT,°C,11.666132812499995
2026-08-22T06:35:00+00:00,22411526-2,RH,CURRENT,%,99.59716182192722
2026-08-22T06:35:00+00:00,22411526-3,Dew Point,CURRENT,°C,11.618694315033128
2026-08-22T06:35:00+00:00,22411527-1,Temperature,CURRENT,°C,13.339248046875
2026-08-22T06:35:00+00:00,22411527-2,RH,CURRENT,%,95.0240329594873
2026-08-22T06:35:00+00:00,22411527-3,Dew Point,CURRENT,°C,12.57439299188991
2026-08-22T06:35:00+00:00,22411528-1,Temperature,CURRENT,°C,11.537431640625002
2026-08-22T06:35:00+00:00,22411528-2,RH,CURRENT,%,100
2026-08-22T06:35:00+00:00,22411528-3,Dew Point,CURRENT,°C,11.550923843055104
2026-08-22T06:35:00+00:00,22411529-1,Temperature,CURRENT,°C,11.8162841796875
2026-08-22T06:35:00+00:00,22411529-2,RH,CURRENT,%,97.6424811169604
2026-08-22T06:35:00+00:00,22411529-3,Dew Point,CURRENT,°C,11.468879449893493
2026-08-22T06:35:00+00:00,22411530-1,Temperature,CURRENT,°C,12.8458935546875
2026-08-22T06:35:00+00:00,22411530-2,RH,CURRENT,%,97.39528496223392
2026-08-22T06:35:00+00:00,22411530-3,Dew Point,CURRENT,°C,12.458495122781075
2026-08-22T06:36:00+00:00,22411541-S,Battery,CURRENT,V,8.290009277343751
2026-08-22T06:40:00+00:00,22411189-1,Temperature,CURRENT,°C,11.923535156249997
2026-08-22T06:40:00+00:00,22411189-2,RH,CURRENT,%,100
2026-08-22T06:40:00+00:00,22411189-3,Dew Point,CURRENT,°C,11.937644364707328
2026-08-22T06:40:00+00:00,22411190-1,Temperature,CURRENT,°C,12.373989257812497
2026-08-22T06:40:00+00:00,22411190-2,RH,CURRENT,%,97.50362401770046
2026-08-22T06:40:00+00:00,22411190-3,Dew Point,CURRENT,°C,12.004239778294554
2026-08-22T06:40:00+00:00,22411191-1,Temperature,CURRENT,°C,13.103295898437501
2026-08-22T06:40:00+00:00,22411191-2,RH,CURRENT,%,97.7981231403067
2026-08-22T06:40:00+00:00,22411191-3,Dew Point,CURRENT,°C,12.778546926867879
2026-08-22T06:40:00+00:00,22411525-1,Temperature,CURRENT,°C,13.253447265624999
2026-08-22T06:40:00+00:00,22411525-2,RH,CURRENT,%,94.82261387045091
2026-08-22T06:40:00+00:00,22411525-3,Dew Point,CURRENT,°C,12.456638299849553
2026-08-22T06:40:00+00:00,22411526-1,Temperature,CURRENT,°C,11.580332031249995
2026-08-22T06:40:00+00:00,22411526-2,RH,CURRENT,%,99.47356374456398
2026-08-22T06:40:00+00:00,22411526-3,Dew Point,CURRENT,°C,11.51401018780102
2026-08-22T06:40:00+00:00,22411527-1,Temperature,CURRENT,°C,13.403598632812496
2026-08-22T06:40:00+00:00,22411527-2,RH,CURRENT,%,94.57084000915542
2026-08-22T06:40:00+00:00,22411527-3,Dew Point,CURRENT,°C,12.565484502496544
2026-08-22T06:40:00+00:00,22411528-1,Temperature,CURRENT,°C,11.451630859375001
2026-08-22T06:40:00+00:00,22411528-2,RH,CURRENT,%,100
2026-08-22T06:40:00+00:00,22411528-3,Dew Point,CURRENT,°C,11.464985939012262
2026-08-22T06:40:00+00:00,22411529-1,Temperature,CURRENT,°C,11.666132812499995
2026-08-22T06:40:00+00:00,22411529-2,RH,CURRENT,%,97.68368047608148
2026-08-22T06:40:00+00:00,22411529-3,Dew Point,CURRENT,°C,11.32529579084048
2026-08-22T06:40:00+00:00,22411530-1,Temperature,CURRENT,°C,12.8458935546875
2026-08-22T06:40:00+00:00,22411530-2,RH,CURRENT,%,96.3408865491722
2026-08-22T06:40:00+00:00,22411530-3,Dew Point,CURRENT,°C,12.292671068648948
2026-08-22T06:41:00+00:00,22411541-S,Battery,CURRENT,V,8.283547851562501
2026-08-22T06:45:00+00:00,22411189-1,Temperature,CURRENT,°C,11.966435546874997
2026-08-22T06:45:00+00:00,22411189-2,RH,CURRENT,%,100
2026-08-22T06:45:00+00:00,22411189-3,Dew Point,CURRENT,°C,11.980613306856515
2026-08-22T06:45:00+00:00,22411190-1,Temperature,CURRENT,°C,12.331088867187496
2026-08-22T06:45:00+00:00,22411190-2,RH,CURRENT,%,97.5265125505455
2026-08-22T06:45:00+00:00,22411190-3,Dew Point,CURRENT,°C,11.964966837228586
2026-08-22T06:45:00+00:00,22411191-1,Temperature,CURRENT,°C,12.9316943359375
2026-08-22T06:45:00+00:00,22411191-2,RH,CURRENT,%,97.9339284351873
2026-08-22T06:45:00+00:00,22411191-3,Dew Point,CURRENT,°C,12.628318683641751
2026-08-22T06:45:00+00:00,22411525-1,Temperature,CURRENT,°C,13.060395507812501
2026-08-22T06:45:00+00:00,22411525-2,RH,CURRENT,%,94.89127946898604
2026-08-22T06:45:00+00:00,22411525-3,Dew Point,CURRENT,°C,12.275546997225186
2026-08-22T06:45:00+00:00,22411526-1,Temperature,CURRENT,°C,11.473081054687498
2026-08-22T06:45:00+00:00,22411526-2,RH,CURRENT,%,99.6780346379797
2026-08-22T06:45:00+00:00,22411526-3,Dew Point,CURRENT,°C,11.43770074469003
2026-08-22T06:45:00+00:00,22411527-1,Temperature,CURRENT,°C,13.167646484374998
2026-08-22T06:45:00+00:00,22411527-2,RH,CURRENT,%,94.4914930952926
2026-08-22T06:45:00+00:00,22411527-3,Dew Point,CURRENT,°C,12.317978568918159
2026-08-22T06:45:00+00:00,22411528-1,Temperature,CURRENT,°C,11.344379882812497
2026-08-22T06:45:00+00:00,22411528-2,RH,CURRENT,%,100
2026-08-22T06:45:00+00:00,22411528-3,Dew Point,CURRENT,°C,11.35756355367001
2026-08-22T06:45:00+00:00,22411529-1,Temperature,CURRENT,°C,11.644682617187499
2026-08-22T06:45:00+00:00,22411529-2,RH,CURRENT,%,98.10482948043031
2026-08-22T06:45:00+00:00,22411529-3,Dew Point,CURRENT,°C,11.368867586117586
2026-08-22T06:45:00+00:00,22411530-1,Temperature,CURRENT,°C,12.717192382812499
2026-08-22T06:45:00+00:00,22411530-2,RH,CURRENT,%,97.31136034180209
2026-08-22T06:45:00+00:00,22411530-3,Dew Point,CURRENT,°C,12.316875215527755
2026-08-22T06:46:00+00:00,22411541-S,Battery,CURRENT,V,8.280317138671876
2026-08-22T06:50:00+00:00,22411189-1,Temperature,CURRENT,°C,12.138037109374999
2026-08-22T06:50:00+00:00,22411189-2,RH,CURRENT,%,100
2026-08-22T06:50:00+00:00,22411189-3,Dew Point,CURRENT,°C,12.152489066051121
2026-08-22T06:50:00+00:00,22411190-1,Temperature,CURRENT,°C,12.416889648437497
2026-08-22T06:50:00+00:00,22411190-2,RH,CURRENT,%,97.77981231403066
2026-08-22T06:50:00+00:00,22411190-3,Dew Point,CURRENT,°C,12.090062189663053
2026-08-22T06:50:00+00:00,22411191-1,Temperature,CURRENT,°C,12.8458935546875
2026-08-22T06:50:00+00:00,22411191-2,RH,CURRENT,%,98.14602883955139
2026-08-22T06:50:00+00:00,22411191-3,Dew Point,CURRENT,°C,12.5756056290944
2026-08-22T06:50:00+00:00,22411525-1,Temperature,CURRENT,°C,12.953144531249997
2026-08-22T06:50:00+00:00,22411525-2,RH,CURRENT,%,95.30327306019684
2026-08-22T06:50:00+00:00,22411525-3,Dew Point,CURRENT,°C,12.234717533395418
2026-08-22T06:50:00+00:00,22411526-1,Temperature,CURRENT,°C,11.666132812499995
2026-08-22T06:50:00+00:00,22411526-2,RH,CURRENT,%,99.66430151827268
2026-08-22T06:50:00+00:00,22411526-3,Dew Point,CURRENT,°C,11.628898779419718
2026-08-22T06:50:00+00:00,22411527-1,Temperature,CURRENT,°C,13.081845703124998
2026-08-22T06:50:00+00:00,22411527-2,RH,CURRENT,%,95.22087434195468
2026-08-22T06:50:00+00:00,22411527-3,Dew Point,CURRENT,°C,12.349695032941232
2026-08-22T06:50:00+00:00,22411528-1,Temperature,CURRENT,°C,11.451630859375001
2026-08-22T06:50:00+00:00,22411528-2,RH,CURRENT,%,100
2026-08-22T06:50:00+00:00,22411528-3,Dew Point,CURRENT,°C,11.464985939012262
2026-08-22T06:50:00+00:00,22411529-1,Temperature,CURRENT,°C,11.623232421874995
2026-08-22T06:50:00+00:00,22411529-2,RH,CURRENT,%,98.00717174029145
2026-08-22T06:50:00+00:00,22411529-3,Dew Point,CURRENT,°C,11.332386060262186
2026-08-22T06:50:00+00:00,22411530-1,Temperature,CURRENT,°C,12.738642578124995
2026-08-22T06:50:00+00:00,22411530-2,RH,CURRENT,%,96.98329137102311
2026-08-22T06:50:00+00:00,22411530-3,Dew Point,CURRENT,°C,12.28686804972597
2026-08-22T06:51:00+00:00,22411541-S,Battery,CURRENT,V,8.273855712890626
2026-08-22T06:55:00+00:00,22411189-1,Temperature,CURRENT,°C,12.073686523437502
2026-08-22T06:55:00+00:00,22411189-2,RH,CURRENT,%,100
2026-08-22T06:55:00+00:00,22411189-3,Dew Point,CURRENT,°C,12.088035658116047
2026-08-22T06:55:00+00:00,22411190-1,Temperature,CURRENT,°C,12.288188476562496
2026-08-22T06:55:00+00:00,22411190-2,RH,CURRENT,%,97.6974135957885
2026-08-22T06:55:00+00:00,22411190-3,Dew Point,CURRENT,°C,11.948707221635948
2026-08-22T06:55:00+00:00,22411191-1,Temperature,CURRENT,°C,12.9316943359375
2026-08-22T06:55:00+00:00,22411191-2,RH,CURRENT,%,99.15159838254368
2026-08-22T06:55:00+00:00,22411191-3,Dew Point,CURRENT,°C,12.817089302040609
2026-08-22T06:55:00+00:00,22411525-1,Temperature,CURRENT,°C,13.038945312499997
2026-08-22T06:55:00+00:00,22411525-2,RH,CURRENT,%,96.47058823529412
2026-08-22T06:55:00+00:00,22411525-3,Dew Point,CURRENT,°C,12.505669280709057
2026-08-22T06:55:00+00:00,22411526-1,Temperature,CURRENT,°C,11.666132812499995
2026-08-22T06:55:00+00:00,22411526-2,RH,CURRENT,%,99.71160448615244
2026-08-22T06:55:00+00:00,22411526-3,Dew Point,CURRENT,°C,11.636084662662885
2026-08-22T06:55:00+00:00,22411527-1,Temperature,CURRENT,°C,13.167646484374998
2026-08-22T06:55:00+00:00,22411527-2,RH,CURRENT,%,96.34241245136187
2026-08-22T06:55:00+00:00,22411527-3,Dew Point,CURRENT,°C,12.613717258828668
2026-08-22T06:55:00+00:00,22411528-1,Temperature,CURRENT,°C,11.365830078125
2026-08-22T06:55:00+00:00,22411528-2,RH,CURRENT,%,100
2026-08-22T06:55:00+00:00,22411528-3,Dew Point,CURRENT,°C,11.379048031208567
2026-08-22T06:55:00+00:00,22411529-1,Temperature,CURRENT,°C,11.451630859375001
2026-08-22T06:55:00+00:00,22411529-2,RH,CURRENT,%,97.40749217975127
2026-08-22T06:55:00+00:00,22411529-3,Dew Point,CURRENT,°C,11.06836990798698
2026-08-22T06:55:00+00:00,22411530-1,Temperature,CURRENT,°C,12.717192382812499
2026-08-22T06:55:00+00:00,22411530-2,RH,CURRENT,%,97.75997558556496
2026-08-22T06:55:00+00:00,22411530-3,Dew Point,CURRENT,°C,12.386931698884148
2026-08-22T06:56:00+00:00,22411541-S,Battery,CURRENT,V,8.273855712890626
2026-08-22T07:00:00+00:00,22411189-1,Temperature,CURRENT,°C,11.987885742187501
2026-08-22T07:00:00+00:00,22411189-2,RH,CURRENT,%,100
2026-08-22T07:00:00+00:00,22411189-3,Dew Point,CURRENT,°C,12.002097777578534
2026-08-22T07:00:00+00:00,22411190-1,Temperature,CURRENT,°C,12.288188476562496
2026-08-22T07:00:00+00:00,22411190-2,RH,CURRENT,%,97.97512779430838
2026-08-22T07:00:00+00:00,22411190-3,Dew Point,CURRENT,°C,11.99181034958877
2026-08-22T07:00:00+00:00,22411191-1,Temperature,CURRENT,°C,13.253447265624999
2026-08-22T07:00:00+00:00,22411191-2,RH,CURRENT,%,99.27977416647593
2026-08-22T07:00:00+00:00,22411191-3,Dew Point,CURRENT,°C,13.15882373588981
2026-08-22T07:00:00+00:00,22411525-1,Temperature,CURRENT,°C,13.403598632812496
2026-08-22T07:00:00+00:00,22411525-2,RH,CURRENT,%,96.28747997253376
2026-08-22T07:00:00+00:00,22411525-3,Dew Point,CURRENT,°C,12.8402517598282
2026-08-22T07:00:00+00:00,22411526-1,Temperature,CURRENT,°C,11.644682617187499
2026-08-22T07:00:00+00:00,22411526-2,RH,CURRENT,%,99.75738155184253
2026-08-22T07:00:00+00:00,22411526-3,Dew Point,CURRENT,°C,11.621557757157309
2026-08-22T07:00:00+00:00,22411527-1,Temperature,CURRENT,°C,13.510849609375
2026-08-22T07:00:00+00:00,22411527-2,RH,CURRENT,%,96.1898222323949
2026-08-22T07:00:00+00:00,22411527-3,Dew Point,CURRENT,°C,12.931649826331364
2026-08-22T07:00:00+00:00,22411528-1,Temperature,CURRENT,°C,11.3229296875
2026-08-22T07:00:00+00:00,22411528-2,RH,CURRENT,%,100
2026-08-22T07:00:00+00:00,22411528-3,Dew Point,CURRENT,°C,11.336079075896397
2026-08-22T07:00:00+00:00,22411529-1,Temperature,CURRENT,°C,11.451630859375001
2026-08-22T07:00:00+00:00,22411529-2,RH,CURRENT,%,98.09872587167163
2026-08-22T07:00:00+00:00,22411529-3,Dew Point,CURRENT,°C,11.175017062976908
2026-08-22T07:00:00+00:00,22411530-1,Temperature,CURRENT,°C,13.0174951171875
2026-08-22T07:00:00+00:00,22411530-2,RH,CURRENT,%,97.94460975051499
2026-08-22T07:00:00+00:00,22411530-3,Dew Point,CURRENT,°C,12.715703773105883
2026-08-22T07:01:00+00:00,22411541-S,Battery,CURRENT,V,8.283547851562501
2026-08-22T07:05:00+00:00,22411189-1,Temperature,CURRENT,°C,12.202387695312495
2026-08-22T07:05:00+00:00,22411189-2,RH,CURRENT,%,100
2026-08-22T07:05:00+00:00,22411189-3,Dew Point,CURRENT,°C,12.216942471870716
2026-08-22T07:05:00+00:00,22411190-1,Temperature,CURRENT,°C,12.502690429687497
2026-08-22T07:05:00+00:00,22411190-2,RH,CURRENT,%,98.11703669794767
2026-08-22T07:05:00+00:00,22411190-3,Dew Point,CURRENT,°C,12.228142033388234
2026-08-22T07:05:00+00:00,22411191-1,Temperature,CURRENT,°C,13.253447265624999
2026-08-22T07:05:00+00:00,22411191-2,RH,CURRENT,%,98.83726253147174
2026-08-22T07:05:00+00:00,22411191-3,Dew Point,CURRENT,°C,13.09036159215963
2026-08-22T07:05:00+00:00,22411525-1,Temperature,CURRENT,°C,13.3821484375
2026-08-22T07:05:00+00:00,22411525-2,RH,CURRENT,%,95.893797207599
2026-08-22T07:05:00+00:00,22411525-3,Dew Point,CURRENT,°C,12.756246131078314
2026-08-22T07:05:00+00:00,22411526-1,Temperature,CURRENT,°C,11.794833984374996
2026-08-22T07:05:00+00:00,22411526-2,RH,CURRENT,%,99.78942549782559
2026-08-22T07:05:00+00:00,22411526-3,Dew Point,CURRENT,°C,11.776773909491856
2026-08-22T07:05:00+00:00,22411527-1,Temperature,CURRENT,°C,13.510849609375
2026-08-22T07:05:00+00:00,22411527-2,RH,CURRENT,%,95.75646601052873
2026-08-22T07:05:00+00:00,22411527-3,Dew Point,CURRENT,°C,12.862574197247406
2026-08-22T07:05:00+00:00,22411528-1,Temperature,CURRENT,°C,11.558881835937498
2026-08-22T07:05:00+00:00,22411528-2,RH,CURRENT,%,100
2026-08-22T07:05:00+00:00,22411528-3,Dew Point,CURRENT,°C,11.57240831847818
2026-08-22T07:05:00+00:00,22411529-1,Temperature,CURRENT,°C,11.537431640625002
2026-08-22T07:05:00+00:00,22411529-2,RH,CURRENT,%,98.75944151979859
2026-08-22T07:05:00+00:00,22411529-3,Dew Point,CURRENT,°C,11.362148052537338
2026-08-22T07:05:00+00:00,22411530-1,Temperature,CURRENT,°C,13.038945312499997
2026-08-22T07:05:00+00:00,22411530-2,RH,CURRENT,%,97.78744182497901
2026-08-22T07:05:00+00:00,22411530-3,Dew Point,CURRENT,°C,12.712600094463792
2026-08-22T07:06:00+00:00,22411541-S,Battery,CURRENT,V,8.280317138671876
2026-08-22T07:10:00+00:00,22411189-1,Temperature,CURRENT,°C,12.159487304687495
2026-08-22T07:10:00+00:00,22411189-2,RH,CURRENT,%,100
2026-08-22T07:10:00+00:00,22411189-3,Dew Point,CURRENT,°C,12.173973534892705
2026-08-22T07:10:00+00:00,22411190-1,Temperature,CURRENT,°C,12.395439453125
2026-08-22T07:10:00+00:00,22411190-2,RH,CURRENT,%,98.10940718699932
2026-08-22T07:10:00+00:00,22411190-3,Dew Point,CURRENT,°C,12.119785924492609
2026-08-22T07:10:00+00:00,22411191-1,Temperature,CURRENT,°C,13.231997070312495
2026-08-22T07:10:00+00:00,22411191-2,RH,CURRENT,%,98.96849011978333
2026-08-22T07:10:00+00:00,22411191-3,Dew Point,CURRENT,°C,13.08923493053416
2026-08-22T07:10:00+00:00,22411525-1,Temperature,CURRENT,°C,13.317797851562496
2026-08-22T07:10:00+00:00,22411525-2,RH,CURRENT,%,96.18677042801556
2026-08-22T07:10:00+00:00,22411525-3,Dew Point,CURRENT,°C,12.73872074321201
2026-08-22T07:10:00+00:00,22411526-1,Temperature,CURRENT,°C,11.794833984374996
2026-08-22T07:10:00+00:00,22411526-2,RH,CURRENT,%,99.81689173723964
2026-08-22T07:10:00+00:00,22411526-3,Dew Point,CURRENT,°C,11.780946435979606
2026-08-22T07:10:00+00:00,22411527-1,Temperature,CURRENT,°C,13.446499023437497
2026-08-22T07:10:00+00:00,22411527-2,RH,CURRENT,%,96.02655069810025
2026-08-22T07:10:00+00:00,22411527-3,Dew Point,CURRENT,°C,12.841522261807475
2026-08-22T07:10:00+00:00,22411528-1,Temperature,CURRENT,°C,11.623232421874995
2026-08-22T07:10:00+00:00,22411528-2,RH,CURRENT,%,100
2026-08-22T07:10:00+00:00,22411528-3,Dew Point,CURRENT,°C,11.636861743337086
2026-08-22T07:10:00+00:00,22411529-1,Temperature,CURRENT,°C,11.666132812499995
2026-08-22T07:10:00+00:00,22411529-2,RH,CURRENT,%,99.31792172121767
2026-08-22T07:10:00+00:00,22411529-3,Dew Point,CURRENT,°C,11.576188076869759
2026-08-22T07:10:00+00:00,22411530-1,Temperature,CURRENT,°C,13.0174951171875
2026-08-22T07:10:00+00:00,22411530-2,RH,CURRENT,%,97.08857862211032
2026-08-22T07:10:00+00:00,22411530-3,Dew Point,CURRENT,°C,12.581680220462204
2026-08-22T07:11:00+00:00,22411541-S,Battery,CURRENT,V,8.283547851562501
2026-08-22T07:15:00+00:00,22411189-1,Temperature,CURRENT,°C,12.202387695312495
2026-08-22T07:15:00+00:00,22411189-2,RH,CURRENT,%,100
2026-08-22T07:15:00+00:00,22411189-3,Dew Point,CURRENT,°C,12.216942471870716
2026-08-22T07:15:00+00:00,22411190-1,Temperature,CURRENT,°C,12.459790039062497
2026-08-22T07:15:00+00:00,22411190-2,RH,CURRENT,%,98.30472266727703
2026-08-22T07:15:00+00:00,22411190-3,Dew Point,CURRENT,°C,12.21434489362558
2026-08-22T07:15:00+00:00,22411191-1,Temperature,CURRENT,°C,13.189096679687495
2026-08-22T07:15:00+00:00,22411191-2,RH,CURRENT,%,98.71671625848784
2026-08-22T07:15:00+00:00,22411191-3,Dew Point,CURRENT,°C,13.007313215170795
2026-08-22T07:15:00+00:00,22411525-1,Temperature,CURRENT,°C,13.29634765625
2026-08-22T07:15:00+00:00,22411525-2,RH,CURRENT,%,95.61760891126879
2026-08-22T07:15:00+00:00,22411525-3,Dew Point,CURRENT,°C,12.626711297280849
2026-08-22T07:15:00+00:00,22411526-1,Temperature,CURRENT,°C,11.8162841796875
2026-08-22T07:15:00+00:00,22411526-2,RH,CURRENT,%,99.86266880292973
2026-08-22T07:15:00+00:00,22411526-3,Dew Point,CURRENT,°C,11.809379289824728
2026-08-22T07:15:00+00:00,22411527-1,Temperature,CURRENT,°C,13.403598632812496
2026-08-22T07:15:00+00:00,22411527-2,RH,CURRENT,%,95.41771572442207
2026-08-22T07:15:00+00:00,22411527-3,Dew Point,CURRENT,°C,12.701578763858599
2026-08-22T07:15:00+00:00,22411528-1,Temperature,CURRENT,°C,11.558881835937498
2026-08-22T07:15:00+00:00,22411528-2,RH,CURRENT,%,100
2026-08-22T07:15:00+00:00,22411528-3,Dew Point,CURRENT,°C,11.57240831847818
2026-08-22T07:15:00+00:00,22411529-1,Temperature,CURRENT,°C,11.537431640625002
2026-08-22T07:15:00+00:00,22411529-2,RH,CURRENT,%,98.62973983367667
2026-08-22T07:15:00+00:00,22411529-3,Dew Point,CURRENT,°C,11.342291225674098
2026-08-22T07:15:00+00:00,22411530-1,Temperature,CURRENT,°C,13.0174951171875
2026-08-22T07:15:00+00:00,22411530-2,RH,CURRENT,%,97.63637750820172
2026-08-22T07:15:00+00:00,22411530-3,Dew Point,CURRENT,°C,12.66756465893559
2026-08-22T07:16:00+00:00,22411541-S,Battery,CURRENT,V,8.273855712890626
2026-08-22T07:20:00+00:00,22411189-1,Temperature,CURRENT,°C,12.159487304687495
2026-08-22T07:20:00+00:00,22411189-2,RH,CURRENT,%,100
2026-08-22T07:20:00+00:00,22411189-3,Dew Point,CURRENT,°C,12.173973534892705
2026-08-22T07:20:00+00:00,22411190-1,Temperature,CURRENT,°C,12.373989257812497
2026-08-22T07:20:00+00:00,22411190-2,RH,CURRENT,%,98.35049973296712
2026-08-22T07:20:00+00:00,22411190-3,Dew Point,CURRENT,°C,12.135664387641233
2026-08-22T07:20:00+00:00,22411191-1,Temperature,CURRENT,°C,13.146196289062502
2026-08-22T07:20:00+00:00,22411191-2,RH,CURRENT,%,98.57175555046922
2026-08-22T07:20:00+00:00,22411191-3,Dew Point,CURRENT,°C,12.941921419076566
2026-08-22T07:20:00+00:00,22411525-1,Temperature,CURRENT,°C,13.210546874999999
2026-08-22T07:20:00+00:00,22411525-2,RH,CURRENT,%,95.71526665140765
2026-08-22T07:20:00+00:00,22411525-3,Dew Point,CURRENT,°C,12.556815298311982
2026-08-22T07:20:00+00:00,22411526-1,Temperature,CURRENT,°C,11.666132812499995
2026-08-22T07:20:00+00:00,22411526-2,RH,CURRENT,%,99.83367666132601
2026-08-22T07:20:00+00:00,22411526-3,Dew Point,CURRENT,°C,11.654615050078432
2026-08-22T07:20:00+00:00,22411527-1,Temperature,CURRENT,°C,13.317797851562496
2026-08-22T07:20:00+00:00,22411527-2,RH,CURRENT,%,95.4207675288014
2026-08-22T07:20:00+00:00,22411527-3,Dew Point,CURRENT,°C,12.616620092834486
2026-08-22T07:20:00+00:00,22411528-1,Temperature,CURRENT,°C,11.451630859375001
2026-08-22T07:20:00+00:00,22411528-2,RH,CURRENT,%,100
2026-08-22T07:20:00+00:00,22411528-3,Dew Point,CURRENT,°C,11.464985939012262
2026-08-22T07:20:00+00:00,22411529-1,Temperature,CURRENT,°C,11.580332031249995
2026-08-22T07:20:00+00:00,22411529-2,RH,CURRENT,%,98.87846189059282
2026-08-22T07:20:00+00:00,22411529-3,Dew Point,CURRENT,°C,11.423259614860726
2026-08-22T07:20:00+00:00,22411530-1,Temperature,CURRENT,°C,12.996044921874997
2026-08-22T07:20:00+00:00,22411530-2,RH,CURRENT,%,96.85969329365987
2026-08-22T07:20:00+00:00,22411530-3,Dew Point,CURRENT,°C,12.524268303983296
2026-08-22T07:21:00+00:00,22411541-S,Battery,CURRENT,V,8.273855712890626
2026-08-22T07:25:00+00:00,22411189-1,Temperature,CURRENT,°C,11.8591845703125
2026-08-22T07:25:00+00:00,22411189-2,RH,CURRENT,%,100
2026-08-22T07:25:00+00:00,22411189-3,Dew Point,CURRENT,°C,11.873190949720664
2026-08-22T07:25:00+00:00,22411190-1,Temperature,CURRENT,°C,12.138037109374999
2026-08-22T07:25:00+00:00,22411190-2,RH,CURRENT,%,98.05294880598154
2026-08-22T07:25:00+00:00,22411190-3,Dew Point,CURRENT,°C,11.853837593569734
2026-08-22T07:25:00+00:00,22411191-1,Temperature,CURRENT,°C,13.103295898437501
2026-08-22T07:25:00+00:00,22411191-2,RH,CURRENT,%,99.07377737087053
2026-08-22T07:25:00+00:00,22411191-3,Dew Point,CURRENT,°C,12.976766535894548
2026-08-22T07:25:00+00:00,22411525-1,Temperature,CURRENT,°C,13.253447265624999
2026-08-22T07:25:00+00:00,22411525-2,RH,CURRENT,%,96.23254749370565
2026-08-22T07:25:00+00:00,22411525-3,Dew Point,CURRENT,°C,12.681838779591628
2026-08-22T07:25:00+00:00,22411526-1,Temperature,CURRENT,°C,11.558881835937498
2026-08-22T07:25:00+00:00,22411526-2,RH,CURRENT,%,99.87182421606775
2026-08-22T07:25:00+00:00,22411526-3,Dew Point,CURRENT,°C,11.552996074528595
2026-08-22T07:25:00+00:00,22411527-1,Temperature,CURRENT,°C,13.360698242187496
2026-08-22T07:25:00+00:00,22411527-2,RH,CURRENT,%,96.07537956816968
2026-08-22T07:25:00+00:00,22411527-3,Dew Point,CURRENT,°C,12.763777496291786
2026-08-22T07:25:00+00:00,22411528-1,Temperature,CURRENT,°C,11.365830078125
2026-08-22T07:25:00+00:00,22411528-2,RH,CURRENT,%,100
2026-08-22T07:25:00+00:00,22411528-3,Dew Point,CURRENT,°C,11.379048031208567
2026-08-22T07:25:00+00:00,22411529-1,Temperature,CURRENT,°C,11.494531250000001
2026-08-22T07:25:00+00:00,22411529-2,RH,CURRENT,%,98.53360799572748
2026-08-22T07:25:00+00:00,22411529-3,Dew Point,CURRENT,°C,11.28466702260162
2026-08-22T07:25:00+00:00,22411530-1,Temperature,CURRENT,°C,12.824443359374996
2026-08-22T07:25:00+00:00,22411530-2,RH,CURRENT,%,97.96597238117036
2026-08-22T07:25:00+00:00,22411530-3,Dew Point,CURRENT,°C,12.52615937134916
2026-08-22T07:26:00+00:00,22411541-S,Battery,CURRENT,V,8.270625
2026-08-22T07:30:00+00:00,22411189-1,Temperature,CURRENT,°C,11.923535156249997
2026-08-22T07:30:00+00:00,22411189-2,RH,CURRENT,%,100
2026-08-22T07:30:00+00:00,22411189-3,Dew Point,CURRENT,°C,11.937644364707328
2026-08-22T07:30:00+00:00,22411190-1,Temperature,CURRENT,°C,12.309638671875
2026-08-22T07:30:00+00:00,22411190-2,RH,CURRENT,%,98.38406958113985
2026-08-22T07:30:00+00:00,22411190-3,Dew Point,CURRENT,°C,12.076527834293984
2026-08-22T07:30:00+00:00,22411191-1,Temperature,CURRENT,°C,12.9745947265625
2026-08-22T07:30:00+00:00,22411191-2,RH,CURRENT,%,98.77164873731594
2026-08-22T07:30:00+00:00,22411191-3,Dew Point,CURRENT,°C,12.801310827686219
2026-08-22T07:30:00+00:00,22411525-1,Temperature,CURRENT,°C,13.060395507812501
2026-08-22T07:30:00+00:00,22411525-2,RH,CURRENT,%,95.84191653315023
2026-08-22T07:30:00+00:00,22411525-3,Dew Point,CURRENT,°C,12.427376960527862
2026-08-22T07:30:00+00:00,22411526-1,Temperature,CURRENT,°C,11.494531250000001
2026-08-22T07:30:00+00:00,22411526-2,RH,CURRENT,%,99.86724650949874
2026-08-22T07:30:00+00:00,22411526-3,Dew Point,CURRENT,°C,11.487859344064763
2026-08-22T07:30:00+00:00,22411527-1,Temperature,CURRENT,°C,13.167646484374998
2026-08-22T07:30:00+00:00,22411527-2,RH,CURRENT,%,95.60997940032044
2026-08-22T07:30:00+00:00,22411527-3,Dew Point,CURRENT,°C,12.49729113355136
2026-08-22T07:30:00+00:00,22411528-1,Temperature,CURRENT,°C,11.258579101562496
2026-08-22T07:30:00+00:00,22411528-2,RH,CURRENT,%,100
2026-08-22T07:30:00+00:00,22411528-3,Dew Point,CURRENT,°C,11.271625641165238
2026-08-22T07:30:00+00:00,22411529-1,Temperature,CURRENT,°C,11.515981445312498
2026-08-22T07:30:00+00:00,22411529-2,RH,CURRENT,%,98.80064087891967
2026-08-22T07:30:00+00:00,22411529-3,Dew Point,CURRENT,°C,11.34699768845579
2026-08-22T07:30:00+00:00,22411530-1,Temperature,CURRENT,°C,12.8029931640625
2026-08-22T07:30:00+00:00,22411530-2,RH,CURRENT,%,97.40444037537193
2026-08-22T07:30:00+00:00,22411530-3,Dew Point,CURRENT,°C,12.41709674547849
2026-08-22T07:31:00+00:00,22411541-S,Battery,CURRENT,V,8.273855712890626
2026-08-22T07:35:00+00:00,22411189-1,Temperature,CURRENT,°C,11.558881835937498
2026-08-22T07:35:00+00:00,22411189-2,RH,CURRENT,%,100
2026-08-22T07:35:00+00:00,22411189-3,Dew Point,CURRENT,°C,11.57240831847818
2026-08-22T07:35:00+00:00,22411190-1,Temperature,CURRENT,°C,11.923535156249997
2026-08-22T07:35:00+00:00,22411190-2,RH,CURRENT,%,97.88052185854886
2026-08-22T07:35:00+00:00,22411190-3,Dew Point,CURRENT,°C,11.61285340937798
2026-08-22T07:35:00+00:00,22411191-1,Temperature,CURRENT,°C,12.652841796874995
2026-08-22T07:35:00+00:00,22411191-2,RH,CURRENT,%,98.78080415045396
2026-08-22T07:35:00+00:00,22411191-3,Dew Point,CURRENT,°C,12.480942735623485
2026-08-22T07:35:00+00:00,22411525-1,Temperature,CURRENT,°C,12.781542968749996
2026-08-22T07:35:00+00:00,22411525-2,RH,CURRENT,%,96.0540169375143
2026-08-22T07:35:00+00:00,22411525-3,Dew Point,CURRENT,°C,12.183141833111085
2026-08-22T07:35:00+00:00,22411526-1,Temperature,CURRENT,°C,11.23712890625
2026-08-22T07:35:00+00:00,22411526-2,RH,CURRENT,%,99.81536583504997
2026-08-22T07:35:00+00:00,22411526-3,Dew Point,CURRENT,°C,11.222243612160485
2026-08-22T07:35:00+00:00,22411527-1,Temperature,CURRENT,°C,12.9745947265625
2026-08-22T07:35:00+00:00,22411527-2,RH,CURRENT,%,95.87548638132296
2026-08-22T07:35:00+00:00,22411527-3,Dew Point,CURRENT,°C,12.347216950493152
2026-08-22T07:35:00+00:00,22411528-1,Temperature,CURRENT,°C,11.065527343749999
2026-08-22T07:35:00+00:00,22411528-2,RH,CURRENT,%,100
2026-08-22T07:35:00+00:00,22411528-3,Dew Point,CURRENT,°C,11.078265324278906
2026-08-22T07:35:00+00:00,22411529-1,Temperature,CURRENT,°C,11.558881835937498
2026-08-22T07:35:00+00:00,22411529-2,RH,CURRENT,%,98.95170519569696
2026-08-22T07:35:00+00:00,22411529-3,Dew Point,CURRENT,°C,11.412997767767731
2026-08-22T07:35:00+00:00,22411530-1,Temperature,CURRENT,°C,12.416889648437497
2026-08-22T07:35:00+00:00,22411530-2,RH,CURRENT,%,97.27626459143968
2026-08-22T07:35:00+00:00,22411530-3,Dew Point,CURRENT,°C,12.011610430718205
2026-08-22T07:36:00+00:00,22411541-S,Battery,CURRENT,V,8.270625
2026-08-22T07:40:00+00:00,22411189-1,Temperature,CURRENT,°C,11.40873046875
2026-08-22T07:40:00+00:00,22411189-2,RH,CURRENT,%,100
2026-08-22T07:40:00+00:00,22411189-3,Dew Point,CURRENT,°C,11.422016985580516
2026-08-22T07:40:00+00:00,22411190-1,Temperature,CURRENT,°C,11.794833984374996
2026-08-22T07:40:00+00:00,22411190-2,RH,CURRENT,%,98.19180590524148
2026-08-22T07:40:00+00:00,22411190-3,Dew Point,CURRENT,°C,11.53231833891143
2026-08-22T07:40:00+00:00,22411191-1,Temperature,CURRENT,°C,12.717192382812499
2026-08-22T07:40:00+00:00,22411191-2,RH,CURRENT,%,99.37590600442512
2026-08-22T07:40:00+00:00,22411191-3,Dew Point,CURRENT,°C,12.636960106257236
2026-08-22T07:40:00+00:00,22411525-1,Temperature,CURRENT,°C,12.867343749999996
2026-08-22T07:40:00+00:00,22411525-2,RH,CURRENT,%,96.36377508201724
2026-08-22T07:40:00+00:00,22411525-3,Dew Point,CURRENT,°C,12.317675250198569
2026-08-22T07:40:00+00:00,22411526-1,Temperature,CURRENT,°C,11.001176757812502
2026-08-22T07:40:00+00:00,22411526-2,RH,CURRENT,%,99.8489356832227
2026-08-22T07:40:00+00:00,22411526-3,Dew Point,CURRENT,°C,10.99103329084679
2026-08-22T07:40:00+00:00,22411527-1,Temperature,CURRENT,°C,13.0174951171875
2026-08-22T07:40:00+00:00,22411527-2,RH,CURRENT,%,95.95788509956512
2026-08-22T07:40:00+00:00,22411527-3,Dew Point,CURRENT,°C,12.40305500878792
2026-08-22T07:40:00+00:00,22411528-1,Temperature,CURRENT,°C,10.851025390624997
2026-08-22T07:40:00+00:00,22411528-2,RH,CURRENT,%,100
2026-08-22T07:40:00+00:00,22411528-3,Dew Point,CURRENT,°C,10.863420505408449
2026-08-22T07:40:00+00:00,22411529-1,Temperature,CURRENT,°C,11.40873046875
2026-08-22T07:40:00+00:00,22411529-2,RH,CURRENT,%,97.92477302204928
2026-08-22T07:40:00+00:00,22411529-3,Dew Point,CURRENT,°C,11.105381253659013
2026-08-22T07:40:00+00:00,22411530-1,Temperature,CURRENT,°C,12.416889648437497
2026-08-22T07:40:00+00:00,22411530-2,RH,CURRENT,%,97.82101167315174
2026-08-22T07:40:00+00:00,22411530-3,Dew Point,CURRENT,°C,12.096465254646926
2026-08-22T07:41:00+00:00,22411541-S,Battery,CURRENT,V,8.270625
2026-08-22T07:45:00+00:00,22411189-1,Temperature,CURRENT,°C,11.709033203124996
2026-08-22T07:45:00+00:00,22411189-2,RH,CURRENT,%,100
2026-08-22T07:45:00+00:00,22411189-3,Dew Point,CURRENT,°C,11.722799639858225
2026-08-22T07:45:00+00:00,22411190-1,Temperature,CURRENT,°C,11.987885742187501
2026-08-22T07:45:00+00:00,22411190-2,RH,CURRENT,%,98.67551689936676
2026-08-22T07:45:00+00:00,22411190-3,Dew Point,CURRENT,°C,11.799745787472363
2026-08-22T07:45:00+00:00,22411191-1,Temperature,CURRENT,°C,12.9745947265625
2026-08-22T07:45:00+00:00,22411191-2,RH,CURRENT,%,99.15159838254368
2026-08-22T07:45:00+00:00,22411191-3,Dew Point,CURRENT,°C,12.860013546220312
2026-08-22T07:45:00+00:00,22411525-1,Temperature,CURRENT,°C,13.081845703124998
2026-08-22T07:45:00+00:00,22411525-2,RH,CURRENT,%,96.18677042801556
2026-08-22T07:45:00+00:00,22411525-3,Dew Point,CURRENT,°C,12.50351092904448
2026-08-22T07:45:00+00:00,22411526-1,Temperature,CURRENT,°C,10.979726562499998
2026-08-22T07:45:00+00:00,22411526-2,RH,CURRENT,%,100
2026-08-22T07:45:00+00:00,22411526-3,Dew Point,CURRENT,°C,10.992327399551359
2026-08-22T07:45:00+00:00,22411527-1,Temperature,CURRENT,°C,13.231997070312495
2026-08-22T07:45:00+00:00,22411527-2,RH,CURRENT,%,95.8281834134432
2026-08-22T07:45:00+00:00,22411527-3,Dew Point,CURRENT,°C,12.596177008007606
2026-08-22T07:45:00+00:00,22411528-1,Temperature,CURRENT,°C,10.893925781249997
2026-08-22T07:45:00+00:00,22411528-2,RH,CURRENT,%,100
2026-08-22T07:45:00+00:00,22411528-3,Dew Point,CURRENT,°C,10.906389471062965
2026-08-22T07:45:00+00:00,22411529-1,Temperature,CURRENT,°C,11.40873046875
2026-08-22T07:45:00+00:00,22411529-2,RH,CURRENT,%,98.40543221179523
2026-08-22T07:45:00+00:00,22411529-3,Dew Point,CURRENT,°C,11.179240711827484
2026-08-22T07:45:00+00:00,22411530-1,Temperature,CURRENT,°C,12.652841796874995
2026-08-22T07:45:00+00:00,22411530-2,RH,CURRENT,%,98.3566033417258
2026-08-22T07:45:00+00:00,22411530-3,Dew Point,CURRENT,°C,12.415342657398405
2026-08-22T07:46:00+00:00,22411541-S,Battery,CURRENT,V,8.267394287109376
2026-08-22T07:50:00+00:00,22411189-1,Temperature,CURRENT,°C,11.494531250000001
2026-08-22T07:50:00+00:00,22411189-2,RH,CURRENT,%,100
2026-08-22T07:50:00+00:00,22411189-3,Dew Point,CURRENT,°C,11.507954891503791
2026-08-22T07:50:00+00:00,22411190-1,Temperature,CURRENT,°C,11.837734374999997
2026-08-22T07:50:00+00:00,22411190-2,RH,CURRENT,%,98.46952010376135
2026-08-22T07:50:00+00:00,22411190-3,Dew Point,CURRENT,°C,11.617950251003794
2026-08-22T07:50:00+00:00,22411191-1,Temperature,CURRENT,°C,12.8887939453125
2026-08-22T07:50:00+00:00,22411191-2,RH,CURRENT,%,99.12870984969864
2026-08-22T07:50:00+00:00,22411191-3,Dew Point,CURRENT,°C,12.770636754936413
2026-08-22T07:50:00+00:00,22411525-1,Temperature,CURRENT,°C,13.038945312499997
2026-08-22T07:50:00+00:00,22411525-2,RH,CURRENT,%,96.18066681925688
2026-08-22T07:50:00+00:00,22411525-3,Dew Point,CURRENT,°C,12.459778009391506
2026-08-22T07:50:00+00:00,22411526-1,Temperature,CURRENT,°C,11.044077148437495
2026-08-22T07:50:00+00:00,22411526-2,RH,CURRENT,%,99.98168917372396
2026-08-22T07:50:00+00:00,22411526-3,Dew Point,CURRENT,°C,11.054020459931223
2026-08-22T07:50:00+00:00,22411527-1,Temperature,CURRENT,°C,13.210546874999999
2026-08-22T07:50:00+00:00,22411527-2,RH,CURRENT,%,96.00366216525521
2026-08-22T07:50:00+00:00,22411527-3,Dew Point,CURRENT,°C,12.602722624562798
2026-08-22T07:50:00+00:00,22411528-1,Temperature,CURRENT,°C,10.979726562499998
2026-08-22T07:50:00+00:00,22411528-2,RH,CURRENT,%,100
2026-08-22T07:50:00+00:00,22411528-3,Dew Point,CURRENT,°C,10.992327399551359
2026-08-22T07:50:00+00:00,22411529-1,Temperature,CURRENT,°C,11.301479492187497
2026-08-22T07:50:00+00:00,22411529-2,RH,CURRENT,%,98.33218890669109
2026-08-22T07:50:00+00:00,22411529-3,Dew Point,CURRENT,°C,11.060802953403117
2026-08-22T07:50:00+00:00,22411530-1,Temperature,CURRENT,°C,12.481240234375
2026-08-22T07:50:00+00:00,22411530-2,RH,CURRENT,%,97.72945754177157
2026-08-22T07:50:00+00:00,22411530-3,Dew Point,CURRENT,°C,12.14650635733388
2026-08-22T07:51:00+00:00,22411541-S,Battery,CURRENT,V,8.267394287109376
2026-08-22T07:55:00+00:00,22411189-1,Temperature,CURRENT,°C,11.644682617187499
2026-08-22T07:55:00+00:00,22411189-2,RH,CURRENT,%,100
2026-08-22T07:55:00+00:00,22411189-3,Dew Point,CURRENT,°C,11.658346217819952
2026-08-22T07:55:00+00:00,22411190-1,Temperature,CURRENT,°C,11.966435546874997
2026-08-22T07:55:00+00:00,22411190-2,RH,CURRENT,%,98.97764553292134
2026-08-22T07:55:00+00:00,22411190-3,Dew Point,CURRENT,°C,11.824655902413122
2026-08-22T07:55:00+00:00,22411191-1,Temperature,CURRENT,°C,12.867343749999996
2026-08-22T07:55:00+00:00,22411191-2,RH,CURRENT,%,99.39421683070115
2026-08-22T07:55:00+00:00,22411191-3,Dew Point,CURRENT,°C,12.790052539322625
2026-08-22T07:55:00+00:00,22411525-1,Temperature,CURRENT,°C,12.9316943359375
2026-08-22T07:55:00+00:00,22411525-2,RH,CURRENT,%,96.47364003967346
2026-08-22T07:55:00+00:00,22411525-3,Dew Point,CURRENT,°C,12.39919889779246
2026-08-22T07:55:00+00:00,22411526-1,Temperature,CURRENT,°C,10.979726562499998
2026-08-22T07:55:00+00:00,22411526-2,RH,CURRENT,%,99.99542229343099
2026-08-22T07:55:00+00:00,22411526-3,Dew Point,CURRENT,°C,10.991637702859776
2026-08-22T07:55:00+00:00,22411527-1,Temperature,CURRENT,°C,13.038945312499997
2026-08-22T07:55:00+00:00,22411527-2,RH,CURRENT,%,96.09063859006638
2026-08-22T07:55:00+00:00,22411527-3,Dew Point,CURRENT,°C,12.445502844781721
2026-08-22T07:55:00+00:00,22411528-1,Temperature,CURRENT,°C,10.979726562499998
2026-08-22T07:55:00+00:00,22411528-2,RH,CURRENT,%,100
2026-08-22T07:55:00+00:00,22411528-3,Dew Point,CURRENT,°C,10.992327399551359
2026-08-22T07:55:00+00:00,22411529-1,Temperature,CURRENT,°C,11.40873046875
2026-08-22T07:55:00+00:00,22411529-2,RH,CURRENT,%,99.04325932707714
2026-08-22T07:55:00+00:00,22411529-3,Dew Point,CURRENT,°C,11.276763115298806
2026-08-22T07:55:00+00:00,22411530-1,Temperature,CURRENT,°C,12.631391601562498
2026-08-22T07:55:00+00:00,22411530-2,RH,CURRENT,%,98.57022964827955
2026-08-22T07:55:00+00:00,22411530-3,Dew Point,CURRENT,°C,12.42696288003672
2026-08-22T07:56:00+00:00,22411541-S,Battery,CURRENT,V,8.260932861328126
2026-08-22T08:00:00+00:00,22411189-1,Temperature,CURRENT,°C,11.558881835937498
2026-08-22T08:00:00+00:00,22411189-2,RH,CURRENT,%,100
2026-08-22T08:00:00+00:00,22411189-3,Dew Point,CURRENT,°C,11.57240831847818
2026-08-22T08:00:00+00:00,22411190-1,Temperature,CURRENT,°C,11.8162841796875
2026-08-22T08:00:00+00:00,22411190-2,RH,CURRENT,%,98.6984054322118
2026-08-22T08:00:00+00:00,22411190-3,Dew Point,CURRENT,°C,11.631660609015407
2026-08-22T08:00:00+00:00,22411191-1,Temperature,CURRENT,°C,12.738642578124995
2026-08-22T08:00:00+00:00,22411191-2,RH,CURRENT,%,98.54428931105517
2026-08-22T08:00:00+00:00,22411191-3,Dew Point,CURRENT,°C,12.530182048153499
2026-08-22T08:00:00+00:00,22411525-1,Temperature,CURRENT,°C,12.9316943359375
2026-08-22T08:00:00+00:00,22411525-2,RH,CURRENT,%,95.50469214923324
2026-08-22T08:00:00+00:00,22411525-3,Dew Point,CURRENT,°C,12.245483926748866
2026-08-22T08:00:00+00:00,22411526-1,Temperature,CURRENT,°C,11.001176757812502
2026-08-22T08:00:00+00:00,22411526-2,RH,CURRENT,%,100
2026-08-22T08:00:00+00:00,22411526-3,Dew Point,CURRENT,°C,11.013811881085832
2026-08-22T08:00:00+00:00,22411527-1,Temperature,CURRENT,°C,13.081845703124998
2026-08-22T08:00:00+00:00,22411527-2,RH,CURRENT,%,95.33379110399024
2026-08-22T08:00:00+00:00,22411527-3,Dew Point,CURRENT,°C,12.367747209366811
2026-08-22T08:00:00+00:00,22411528-1,Temperature,CURRENT,°C,10.936826171874998
2026-08-22T08:00:00+00:00,22411528-2,RH,CURRENT,%,100
2026-08-22T08:00:00+00:00,22411528-3,Dew Point,CURRENT,°C,10.94935843577727
2026-08-22T08:00:00+00:00,22411529-1,Temperature,CURRENT,°C,11.365830078125
2026-08-22T08:00:00+00:00,22411529-2,RH,CURRENT,%,98.47104600595102
2026-08-22T08:00:00+00:00,22411529-3,Dew Point,CURRENT,°C,11.146409790376106
2026-08-22T08:00:00+00:00,22411530-1,Temperature,CURRENT,°C,12.373989257812497
2026-08-22T08:00:00+00:00,22411530-2,RH,CURRENT,%,97.16182192721446
2026-08-22T08:00:00+00:00,22411530-3,Dew Point,CURRENT,°C,11.950912177731029
2026-08-22T08:01:00+00:00,22411541-S,Battery,CURRENT,V,8.267394287109376
2026-08-22T08:05:00+00:00,22411189-1,Temperature,CURRENT,°C,11.344379882812497
2026-08-22T08:05:00+00:00,22411189-2,RH,CURRENT,%,100
2026-08-22T08:05:00+00:00,22411189-3,Dew Point,CURRENT,°C,11.35756355367001
2026-08-22T08:05:00+00:00,22411190-1,Temperature,CURRENT,°C,11.623232421874995
2026-08-22T08:05:00+00:00,22411190-2,RH,CURRENT,%,98.59464408331426
2026-08-22T08:05:00+00:00,22411190-3,Dew Point,CURRENT,°C,11.422704621652342
2026-08-22T08:05:00+00:00,22411191-1,Temperature,CURRENT,°C,12.395439453125
2026-08-22T08:05:00+00:00,22411191-2,RH,CURRENT,%,98.53513389791715
2026-08-22T08:05:00+00:00,22411191-3,Dew Point,CURRENT,°C,12.18563117847911
2026-08-22T08:05:00+00:00,22411525-1,Temperature,CURRENT,°C,12.609941406250002
2026-08-22T08:05:00+00:00,22411525-2,RH,CURRENT,%,95.63591973754482
2026-08-22T08:05:00+00:00,22411525-3,Dew Point,CURRENT,°C,11.945862808480728
2026-08-22T08:05:00+00:00,22411526-1,Temperature,CURRENT,°C,10.958276367187501
2026-08-22T08:05:00+00:00,22411526-2,RH,CURRENT,%,100
2026-08-22T08:05:00+00:00,22411526-3,Dew Point,CURRENT,°C,10.970842917781852
2026-08-22T08:05:00+00:00,22411527-1,Temperature,CURRENT,°C,12.8029931640625
2026-08-22T08:05:00+00:00,22411527-2,RH,CURRENT,%,95.3154802777142
2026-08-22T08:05:00+00:00,22411527-3,Dew Point,CURRENT,°C,12.087152392694026
2026-08-22T08:05:00+00:00,22411528-1,Temperature,CURRENT,°C,10.8724755859375
2026-08-22T08:05:00+00:00,22411528-2,RH,CURRENT,%,100
2026-08-22T08:05:00+00:00,22411528-3,Dew Point,CURRENT,°C,10.884904988353242
2026-08-22T08:05:00+00:00,22411529-1,Temperature,CURRENT,°C,11.280029296875
2026-08-22T08:05:00+00:00,22411529-2,RH,CURRENT,%,98.25894560158694
2026-08-22T08:05:00+00:00,22411529-3,Dew Point,CURRENT,°C,11.02813223461651
2026-08-22T08:05:00+00:00,22411530-1,Temperature,CURRENT,°C,12.052236328124998
2026-08-22T08:05:00+00:00,22411530-2,RH,CURRENT,%,97.25185015640497
2026-08-22T08:05:00+00:00,22411530-3,Dew Point,CURRENT,°C,11.643797942342989
2026-08-22T08:06:00+00:00,22411541-S,Battery,CURRENT,V,8.260932861328126
2026-08-22T08:10:00+00:00,22411189-1,Temperature,CURRENT,°C,11.494531250000001
2026-08-22T08:10:00+00:00,22411189-2,RH,CURRENT,%,100
2026-08-22T08:10:00+00:00,22411189-3,Dew Point,CURRENT,°C,11.507954891503791
2026-08-22T08:10:00+00:00,22411190-1,Temperature,CURRENT,°C,11.709033203124996
2026-08-22T08:10:00+00:00,22411190-2,RH,CURRENT,%,98.79606317235066
2026-08-22T08:10:00+00:00,22411190-3,Dew Point,CURRENT,°C,11.53937371893953
2026-08-22T08:10:00+00:00,22411191-1,Temperature,CURRENT,°C,12.309638671875
2026-08-22T08:10:00+00:00,22411191-2,RH,CURRENT,%,99.55901426718547
2026-08-22T08:10:00+00:00,22411191-3,Dew Point,CURRENT,°C,12.257081344833209
2026-08-22T08:10:00+00:00,22411525-1,Temperature,CURRENT,°C,12.416889648437497
2026-08-22T08:10:00+00:00,22411525-2,RH,CURRENT,%,96.7223620965896
2026-08-22T08:10:00+00:00,22411525-3,Dew Point,CURRENT,°C,11.92490043518443
2026-08-22T08:10:00+00:00,22411526-1,Temperature,CURRENT,°C,11.151328125
2026-08-22T08:10:00+00:00,22411526-2,RH,CURRENT,%,100
2026-08-22T08:10:00+00:00,22411526-3,Dew Point,CURRENT,°C,11.164203245245586
2026-08-22T08:10:00+00:00,22411527-1,Temperature,CURRENT,°C,12.588491210937498
2026-08-22T08:10:00+00:00,22411527-2,RH,CURRENT,%,96.27374685282673
2026-08-22T08:10:00+00:00,22411527-3,Dew Point,CURRENT,°C,12.025435033486671
2026-08-22T08:10:00+00:00,22411528-1,Temperature,CURRENT,°C,11.065527343749999
2026-08-22T08:10:00+00:00,22411528-2,RH,CURRENT,%,100
2026-08-22T08:10:00+00:00,22411528-3,Dew Point,CURRENT,°C,11.078265324278906
2026-08-22T08:10:00+00:00,22411529-1,Temperature,CURRENT,°C,11.258579101562496
2026-08-22T08:10:00+00:00,22411529-2,RH,CURRENT,%,98.57480735484856
2026-08-22T08:10:00+00:00,22411529-3,Dew Point,CURRENT,°C,11.055062102182728
2026-08-22T08:10:00+00:00,22411530-1,Temperature,CURRENT,°C,12.052236328124998
2026-08-22T08:10:00+00:00,22411530-2,RH,CURRENT,%,98.11856260013734
2026-08-22T08:10:00+00:00,22411530-3,Dew Point,CURRENT,°C,11.778246769608906
2026-08-22T08:11:00+00:00,22411541-S,Battery,CURRENT,V,8.2577021484375
2026-08-22T08:15:00+00:00,22411189-1,Temperature,CURRENT,°C,11.666132812499995
2026-08-22T08:15:00+00:00,22411189-2,RH,CURRENT,%,100
2026-08-22T08:15:00+00:00,22411189-3,Dew Point,CURRENT,°C,11.679830692067767
2026-08-22T08:15:00+00:00,22411190-1,Temperature,CURRENT,°C,11.9449853515625
2026-08-22T08:15:00+00:00,22411190-2,RH,CURRENT,%,98.99595635919738
2026-08-22T08:15:00+00:00,22411190-3,Dew Point,CURRENT,°C,11.806003465534303
2026-08-22T08:15:00+00:00,22411191-1,Temperature,CURRENT,°C,12.459790039062497
2026-08-22T08:15:00+00:00,22411191-2,RH,CURRENT,%,99.69787136644541
2026-08-22T08:15:00+00:00,22411191-3,Dew Point,CURRENT,°C,12.428631501692866
2026-08-22T08:15:00+00:00,22411525-1,Temperature,CURRENT,°C,12.545590820312498
2026-08-22T08:15:00+00:00,22411525-2,RH,CURRENT,%,96.59418631265736
2026-08-22T08:15:00+00:00,22411525-3,Dew Point,CURRENT,°C,12.033137208249109
2026-08-22T08:15:00+00:00,22411526-1,Temperature,CURRENT,°C,11.194228515625
2026-08-22T08:15:00+00:00,22411526-2,RH,CURRENT,%,100
2026-08-22T08:15:00+00:00,22411526-3,Dew Point,CURRENT,°C,11.207172204318601
2026-08-22T08:15:00+00:00,22411527-1,Temperature,CURRENT,°C,12.695742187499995
2026-08-22T08:15:00+00:00,22411527-2,RH,CURRENT,%,96.27832455939574
2026-08-22T08:15:00+00:00,22411527-3,Dew Point,CURRENT,°C,12.133084448882652
2026-08-22T08:15:00+00:00,22411528-1,Temperature,CURRENT,°C,10.979726562499998
2026-08-22T08:15:00+00:00,22411528-2,RH,CURRENT,%,100
2026-08-22T08:15:00+00:00,22411528-3,Dew Point,CURRENT,°C,10.992327399551359
2026-08-22T08:15:00+00:00,22411529-1,Temperature,CURRENT,°C,11.215678710937496
2026-08-22T08:15:00+00:00,22411529-2,RH,CURRENT,%,98.33371480888076
2026-08-22T08:15:00+00:00,22411529-3,Dew Point,CURRENT,°C,10.975273852058988
2026-08-22T08:15:00+00:00,22411530-1,Temperature,CURRENT,°C,12.245288085937496
2026-08-22T08:15:00+00:00,22411530-2,RH,CURRENT,%,98.65720607309072
2026-08-22T08:15:00+00:00,22411530-3,Dew Point,CURRENT,°C,12.054321538352362
2026-08-22T08:16:00+00:00,22411541-S,Battery,CURRENT,V,8.2577021484375
2026-08-22T08:20:00+00:00,22411189-1,Temperature,CURRENT,°C,11.623232421874995
2026-08-22T08:20:00+00:00,22411189-2,RH,CURRENT,%,100
2026-08-22T08:20:00+00:00,22411189-3,Dew Point,CURRENT,°C,11.636861743337086
2026-08-22T08:20:00+00:00,22411190-1,Temperature,CURRENT,°C,11.9020849609375
2026-08-22T08:20:00+00:00,22411190-2,RH,CURRENT,%,98.91813534752423
2026-08-22T08:20:00+00:00,22411190-3,Dew Point,CURRENT,°C,11.751166046528716
2026-08-22T08:20:00+00:00,22411191-1,Temperature,CURRENT,°C,12.373989257812497
2026-08-22T08:20:00+00:00,22411191-2,RH,CURRENT,%,99.00205996795606
2026-08-22T08:20:00+00:00,22411191-3,Dew Point,CURRENT,°C,12.236103645058055
2026-08-22T08:20:00+00:00,22411525-1,Temperature,CURRENT,°C,12.43833984375
2026-08-22T08:20:00+00:00,22411525-2,RH,CURRENT,%,95.8480201419089
2026-08-22T08:20:00+00:00,22411525-3,Dew Point,CURRENT,°C,11.808509724577982
2026-08-22T08:20:00+00:00,22411526-1,Temperature,CURRENT,°C,11.151328125
2026-08-22T08:20:00+00:00,22411526-2,RH,CURRENT,%,100
2026-08-22T08:20:00+00:00,22411526-3,Dew Point,CURRENT,°C,11.164203245245586
2026-08-22T08:20:00+00:00,22411527-1,Temperature,CURRENT,°C,12.545590820312498
2026-08-22T08:20:00+00:00,22411527-2,RH,CURRENT,%,95.65575646601053
2026-08-22T08:20:00+00:00,22411527-3,Dew Point,CURRENT,°C,11.884905808441527
2026-08-22T08:20:00+00:00,22411528-1,Temperature,CURRENT,°C,10.893925781249997
2026-08-22T08:20:00+00:00,22411528-2,RH,CURRENT,%,100
2026-08-22T08:20:00+00:00,22411528-3,Dew Point,CURRENT,°C,10.906389471062965
2026-08-22T08:20:00+00:00,22411529-1,Temperature,CURRENT,°C,11.151328125
2026-08-22T08:20:00+00:00,22411529-2,RH,CURRENT,%,98.12314030670635
2026-08-22T08:20:00+00:00,22411529-3,Dew Point,CURRENT,°C,10.878679269293206
2026-08-22T08:20:00+00:00,22411530-1,Temperature,CURRENT,°C,12.202387695312495
2026-08-22T08:20:00+00:00,22411530-2,RH,CURRENT,%,97.48989089799343
2026-08-22T08:20:00+00:00,22411530-3,Dew Point,CURRENT,°C,11.83075553894689
2026-08-22T08:21:00+00:00,22411541-S,Battery,CURRENT,V,8.267394287109376
2026-08-22T08:25:00+00:00,22411189-1,Temperature,CURRENT,°C,11.387280273437497
2026-08-22T08:25:00+00:00,22411189-2,RH,CURRENT,%,100
2026-08-22T08:25:00+00:00,22411189-3,Dew Point,CURRENT,°C,11.400532508512063
2026-08-22T08:25:00+00:00,22411190-1,Temperature,CURRENT,°C,11.666132812499995
2026-08-22T08:25:00+00:00,22411190-2,RH,CURRENT,%,98.74570840009156
2026-08-22T08:25:00+00:00,22411190-3,Dew Point,CURRENT,°C,11.488756089029975
2026-08-22T08:25:00+00:00,22411191-1,Temperature,CURRENT,°C,12.030786132812501
2026-08-22T08:25:00+00:00,22411191-2,RH,CURRENT,%,98.73044937819486
2026-08-22T08:25:00+00:00,22411191-3,Dew Point,CURRENT,°C,11.851087779412307
2026-08-22T08:25:00+00:00,22411525-1,Temperature,CURRENT,°C,12.052236328124998
2026-08-22T08:25:00+00:00,22411525-2,RH,CURRENT,%,95.90295262073701
2026-08-22T08:25:00+00:00,22411525-3,Dew Point,CURRENT,°C,11.432441231415343
2026-08-22T08:25:00+00:00,22411526-1,Temperature,CURRENT,°C,11.001176757812502
2026-08-22T08:25:00+00:00,22411526-2,RH,CURRENT,%,100
2026-08-22T08:25:00+00:00,22411526-3,Dew Point,CURRENT,°C,11.013811881085832
2026-08-22T08:25:00+00:00,22411527-1,Temperature,CURRENT,°C,12.116586914062495
2026-08-22T08:25:00+00:00,22411527-2,RH,CURRENT,%,95.81902800030518
2026-08-22T08:25:00+00:00,22411527-3,Dew Point,CURRENT,°C,11.483324778927555
2026-08-22T08:25:00+00:00,22411528-1,Temperature,CURRENT,°C,10.808124999999997
2026-08-22T08:25:00+00:00,22411528-2,RH,CURRENT,%,100
2026-08-22T08:25:00+00:00,22411528-3,Dew Point,CURRENT,°C,10.820451538813717
2026-08-22T08:25:00+00:00,22411529-1,Temperature,CURRENT,°C,11.151328125
2026-08-22T08:25:00+00:00,22411529-2,RH,CURRENT,%,98.48477912565805
2026-08-22T08:25:00+00:00,22411529-3,Dew Point,CURRENT,°C,10.934065997448613
2026-08-22T08:25:00+00:00,22411530-1,Temperature,CURRENT,°C,11.923535156249997
2026-08-22T08:25:00+00:00,22411530-2,RH,CURRENT,%,97.37697413595788
2026-08-22T08:25:00+00:00,22411530-3,Dew Point,CURRENT,°C,11.534781665517762
2026-08-22T08:26:00+00:00,22411541-S,Battery,CURRENT,V,8.254471435546876
2026-08-22T08:30:00+00:00,22411189-1,Temperature,CURRENT,°C,11.258579101562496
2026-08-22T08:30:00+00:00,22411189-2,RH,CURRENT,%,100
2026-08-22T08:30:00+00:00,22411189-3,Dew Point,CURRENT,°C,11.271625641165238
2026-08-22T08:30:00+00:00,22411190-1,Temperature,CURRENT,°C,11.473081054687498
2026-08-22T08:30:00+00:00,22411190-2,RH,CURRENT,%,98.63584344243534
2026-08-22T08:30:00+00:00,22411190-3,Dew Point,CURRENT,°C,11.278880109058193
2026-08-22T08:30:00+00:00,22411191-1,Temperature,CURRENT,°C,11.8591845703125
2026-08-22T08:30:00+00:00,22411191-2,RH,CURRENT,%,99.2309452964065
2026-08-22T08:30:00+00:00,22411191-3,Dew Point,CURRENT,°C,11.756105927566502
2026-08-22T08:30:00+00:00,22411525-1,Temperature,CURRENT,°C,11.9020849609375
2026-08-22T08:30:00+00:00,22411525-2,RH,CURRENT,%,96.69794766155489
2026-08-22T08:30:00+00:00,22411525-3,Dew Point,CURRENT,°C,11.407542533219788
2026-08-22T08:30:00+00:00,22411526-1,Temperature,CURRENT,°C,10.936826171874998
2026-08-22T08:30:00+00:00,22411526-2,RH,CURRENT,%,100
2026-08-22T08:30:00+00:00,22411526-3,Dew Point,CURRENT,°C,10.94935843577727
2026-08-22T08:30:00+00:00,22411527-1,Temperature,CURRENT,°C,12.052236328124998
2026-08-22T08:30:00+00:00,22411527-2,RH,CURRENT,%,96.71320668345159
2026-08-22T08:30:00+00:00,22411527-3,Dew Point,CURRENT,°C,11.559709491293082
2026-08-22T08:30:00+00:00,22411528-1,Temperature,CURRENT,°C,10.8724755859375
2026-08-22T08:30:00+00:00,22411528-2,RH,CURRENT,%,100
2026-08-22T08:30:00+00:00,22411528-3,Dew Point,CURRENT,°C,10.884904988353242
2026-08-22T08:30:00+00:00,22411529-1,Temperature,CURRENT,°C,11.044077148437495
2026-08-22T08:30:00+00:00,22411529-2,RH,CURRENT,%,98.23758297093157
2026-08-22T08:30:00+00:00,22411529-3,Dew Point,CURRENT,°C,10.789034860184833
2026-08-22T08:30:00+00:00,22411530-1,Temperature,CURRENT,°C,11.7733837890625
2026-08-22T08:30:00+00:00,22411530-2,RH,CURRENT,%,97.95834287022201
2026-08-22T08:30:00+00:00,22411530-3,Dew Point,CURRENT,°C,11.474872726715303
2026-08-22T08:31:00+00:00,22411541-S,Battery,CURRENT,V,8.2577021484375
2026-08-22T08:35:00+00:00,22411189-1,Temperature,CURRENT,°C,11.3229296875
2026-08-22T08:35:00+00:00,22411189-2,RH,CURRENT,%,100
2026-08-22T08:35:00+00:00,22411189-3,Dew Point,CURRENT,°C,11.336079075896397
2026-08-22T08:35:00+00:00,22411190-1,Temperature,CURRENT,°C,11.623232421874995
2026-08-22T08:35:00+00:00,22411190-2,RH,CURRENT,%,98.82658121614405
2026-08-22T08:35:00+00:00,22411190-3,Dew Point,CURRENT,°C,11.458232712506744
2026-08-22T08:35:00+00:00,22411191-1,Temperature,CURRENT,°C,12.073686523437502
2026-08-22T08:35:00+00:00,22411191-2,RH,CURRENT,%,100
2026-08-22T08:35:00+00:00,22411191-3,Dew Point,CURRENT,°C,12.088035658116047
2026-08-22T08:35:00+00:00,22411525-1,Temperature,CURRENT,°C,12.180937499999999
2026-08-22T08:35:00+00:00,22411525-2,RH,CURRENT,%,97.54634927901121
2026-08-22T08:35:00+00:00,22411525-3,Dew Point,CURRENT,°C,11.818117701063471
2026-08-22T08:35:00+00:00,22411526-1,Temperature,CURRENT,°C,10.915375976562501
2026-08-22T08:35:00+00:00,22411526-2,RH,CURRENT,%,100
2026-08-22T08:35:00+00:00,22411526-3,Dew Point,CURRENT,°C,10.92787395353765
2026-08-22T08:35:00+00:00,22411527-1,Temperature,CURRENT,°C,12.331088867187496
2026-08-22T08:35:00+00:00,22411527-2,RH,CURRENT,%,97.73708705271991
2026-08-22T08:35:00+00:00,22411527-3,Dew Point,CURRENT,°C,11.997720775186211
2026-08-22T08:35:00+00:00,22411528-1,Temperature,CURRENT,°C,10.808124999999997
2026-08-22T08:35:00+00:00,22411528-2,RH,CURRENT,%,100
2026-08-22T08:35:00+00:00,22411528-3,Dew Point,CURRENT,°C,10.820451538813717
2026-08-22T08:35:00+00:00,22411529-1,Temperature,CURRENT,°C,11.022626953124998
2026-08-22T08:35:00+00:00,22411529-2,RH,CURRENT,%,98.34744792858778
2026-08-22T08:35:00+00:00,22411529-3,Dew Point,CURRENT,°C,10.78440724606761
2026-08-22T08:35:00+00:00,22411530-1,Temperature,CURRENT,°C,11.9449853515625
2026-08-22T08:35:00+00:00,22411530-2,RH,CURRENT,%,98.87846189059282
2026-08-22T08:35:00+00:00,22411530-3,Dew Point,CURRENT,°C,11.78799547918569
2026-08-22T08:36:00+00:00,22411541-S,Battery,CURRENT,V,8.2577021484375
2026-08-22T08:40:00+00:00,22411189-1,Temperature,CURRENT,°C,11.515981445312498
2026-08-22T08:40:00+00:00,22411189-2,RH,CURRENT,%,100
2026-08-22T08:40:00+00:00,22411189-3,Dew Point,CURRENT,°C,11.529439367396966
2026-08-22T08:40:00+00:00,22411190-1,Temperature,CURRENT,°C,11.837734374999997
2026-08-22T08:40:00+00:00,22411190-2,RH,CURRENT,%,99.03868162050813
2026-08-22T08:40:00+00:00,22411190-3,Dew Point,CURRENT,°C,11.70525088821772
2026-08-22T08:40:00+00:00,22411191-1,Temperature,CURRENT,°C,12.245288085937496
2026-08-22T08:40:00+00:00,22411191-2,RH,CURRENT,%,100
2026-08-22T08:40:00+00:00,22411191-3,Dew Point,CURRENT,°C,12.259911407908515
2026-08-22T08:40:00+00:00,22411525-1,Temperature,CURRENT,°C,12.331088867187496
2026-08-22T08:40:00+00:00,22411525-2,RH,CURRENT,%,97.77981231403066
2026-08-22T08:40:00+00:00,22411525-3,Dew Point,CURRENT,°C,12.004358936666167
2026-08-22T08:40:00+00:00,22411526-1,Temperature,CURRENT,°C,10.8724755859375
2026-08-22T08:40:00+00:00,22411526-2,RH,CURRENT,%,100
2026-08-22T08:40:00+00:00,22411526-3,Dew Point,CURRENT,°C,10.884904988353242
2026-08-22T08:40:00+00:00,22411527-1,Temperature,CURRENT,°C,12.416889648437497
2026-08-22T08:40:00+00:00,22411527-2,RH,CURRENT,%,97.76607919432364
2026-08-22T08:40:00+00:00,22411527-3,Dew Point,CURRENT,°C,12.087927308088377
2026-08-22T08:40:00+00:00,22411528-1,Temperature,CURRENT,°C,10.722324218749996
2026-08-22T08:40:00+00:00,22411528-2,RH,CURRENT,%,100
2026-08-22T08:40:00+00:00,22411528-3,Dew Point,CURRENT,°C,10.734513602803613
2026-08-22T08:40:00+00:00,22411529-1,Temperature,CURRENT,°C,10.979726562499998
2026-08-22T08:40:00+00:00,22411529-2,RH,CURRENT,%,98.44815747310598
2026-08-22T08:40:00+00:00,22411529-3,Dew Point,CURRENT,°C,10.756914864719645
2026-08-22T08:40:00+00:00,22411530-1,Temperature,CURRENT,°C,12.138037109374999
2026-08-22T08:40:00+00:00,22411530-2,RH,CURRENT,%,99.02800030518044
2026-08-22T08:40:00+00:00,22411530-3,Dew Point,CURRENT,°C,12.00404209773242
2026-08-22T08:41:00+00:00,22411541-S,Battery,CURRENT,V,8.254471435546876
2026-08-22T08:45:00+00:00,22411189-1,Temperature,CURRENT,°C,11.40873046875
2026-08-22T08:45:00+00:00,22411189-2,RH,CURRENT,%,100
2026-08-22T08:45:00+00:00,22411189-3,Dew Point,CURRENT,°C,11.422016985580516
2026-08-22T08:45:00+00:00,22411190-1,Temperature,CURRENT,°C,11.751933593749996
2026-08-22T08:45:00+00:00,22411190-2,RH,CURRENT,%,99.00053406576639
2026-08-22T08:45:00+00:00,22411190-3,Dew Point,CURRENT,°C,11.613580386821035
2026-08-22T08:45:00+00:00,22411191-1,Temperature,CURRENT,°C,12.245288085937496
2026-08-22T08:45:00+00:00,22411191-2,RH,CURRENT,%,100
2026-08-22T08:45:00+00:00,22411191-3,Dew Point,CURRENT,°C,12.259911407908515
2026-08-22T08:45:00+00:00,22411525-1,Temperature,CURRENT,°C,12.373989257812497
2026-08-22T08:45:00+00:00,22411525-2,RH,CURRENT,%,97.91561760891126
2026-08-22T08:45:00+00:00,22411525-3,Dew Point,CURRENT,°C,12.068300775346755
2026-08-22T08:45:00+00:00,22411526-1,Temperature,CURRENT,°C,10.808124999999997
2026-08-22T08:45:00+00:00,22411526-2,RH,CURRENT,%,100
2026-08-22T08:45:00+00:00,22411526-3,Dew Point,CURRENT,°C,10.820451538813717
2026-08-22T08:45:00+00:00,22411527-1,Temperature,CURRENT,°C,12.524140625000001
2026-08-22T08:45:00+00:00,22411527-2,RH,CURRENT,%,97.72945754177157
2026-08-22T08:45:00+00:00,22411527-3,Dew Point,CURRENT,°C,12.189355233600045
2026-08-22T08:45:00+00:00,22411528-1,Temperature,CURRENT,°C,10.6579736328125
2026-08-22T08:45:00+00:00,22411528-2,RH,CURRENT,%,100
2026-08-22T08:45:00+00:00,22411528-3,Dew Point,CURRENT,°C,10.670060148327975
2026-08-22T08:45:00+00:00,22411529-1,Temperature,CURRENT,°C,10.936826171874998
2026-08-22T08:45:00+00:00,22411529-2,RH,CURRENT,%,98.39627679865721
2026-08-22T08:45:00+00:00,22411529-3,Dew Point,CURRENT,°C,10.706103513245836
2026-08-22T08:45:00+00:00,22411530-1,Temperature,CURRENT,°C,12.073686523437502
2026-08-22T08:45:00+00:00,22411530-2,RH,CURRENT,%,98.9547570000763
2026-08-22T08:45:00+00:00,22411530-3,Dew Point,CURRENT,°C,11.92843330229329
2026-08-22T08:46:00+00:00,22411541-S,Battery,CURRENT,V,8.254471435546876
2026-08-22T08:50:00+00:00,22411189-1,Temperature,CURRENT,°C,11.280029296875
2026-08-22T08:50:00+00:00,22411189-2,RH,CURRENT,%,100
2026-08-22T08:50:00+00:00,22411189-3,Dew Point,CURRENT,°C,11.293110119644012
2026-08-22T08:50:00+00:00,22411190-1,Temperature,CURRENT,°C,11.751933593749996
2026-08-22T08:50:00+00:00,22411190-2,RH,CURRENT,%,99.05088883802549
2026-08-22T08:50:00+00:00,22411190-3,Dew Point,CURRENT,°C,11.621280101639208
2026-08-22T08:50:00+00:00,22411191-1,Temperature,CURRENT,°C,12.245288085937496
2026-08-22T08:50:00+00:00,22411191-2,RH,CURRENT,%,100
2026-08-22T08:50:00+00:00,22411191-3,Dew Point,CURRENT,°C,12.259911407908515
2026-08-22T08:50:00+00:00,22411525-1,Temperature,CURRENT,°C,12.373989257812497
2026-08-22T08:50:00+00:00,22411525-2,RH,CURRENT,%,97.81033035782406
2026-08-22T08:50:00+00:00,22411525-3,Dew Point,CURRENT,°C,12.051952184973286
2026-08-22T08:50:00+00:00,22411526-1,Temperature,CURRENT,°C,10.8295751953125
2026-08-22T08:50:00+00:00,22411526-2,RH,CURRENT,%,100
2026-08-22T08:50:00+00:00,22411526-3,Dew Point,CURRENT,°C,10.841936022228612
2026-08-22T08:50:00+00:00,22411527-1,Temperature,CURRENT,°C,12.502690429687497
2026-08-22T08:50:00+00:00,22411527-2,RH,CURRENT,%,97.61806668192568
2026-08-22T08:50:00+00:00,22411527-3,Dew Point,CURRENT,°C,12.150587197521089
2026-08-22T08:50:00+00:00,22411528-1,Temperature,CURRENT,°C,10.593623046874995
2026-08-22T08:50:00+00:00,22411528-2,RH,CURRENT,%,100
2026-08-22T08:50:00+00:00,22411528-3,Dew Point,CURRENT,°C,10.60560669173686
2026-08-22T08:50:00+00:00,22411529-1,Temperature,CURRENT,°C,10.808124999999997
2026-08-22T08:50:00+00:00,22411529-2,RH,CURRENT,%,98.0849927519646
2026-08-22T08:50:00+00:00,22411529-3,Dew Point,CURRENT,°C,10.529878546714357
2026-08-22T08:50:00+00:00,22411530-1,Temperature,CURRENT,°C,12.116586914062495
2026-08-22T08:50:00+00:00,22411530-2,RH,CURRENT,%,99.23399710078584
2026-08-22T08:50:00+00:00,22411530-3,Dew Point,CURRENT,°C,12.014144764164957
2026-08-22T08:51:00+00:00,22411541-S,Battery,CURRENT,V,8.25124072265625
2026-08-22T08:55:00+00:00,22411189-1,Temperature,CURRENT,°C,11.215678710937496
2026-08-22T08:55:00+00:00,22411189-2,RH,CURRENT,%,100
2026-08-22T08:55:00+00:00,22411189-3,Dew Point,CURRENT,°C,11.228656683502539
2026-08-22T08:55:00+00:00,22411190-1,Temperature,CURRENT,°C,11.623232421874995
2026-08-22T08:55:00+00:00,22411190-2,RH,CURRENT,%,99.0051117723354
2026-08-22T08:55:00+00:00,22411190-3,Dew Point,CURRENT,°C,11.485530129102631
2026-08-22T08:55:00+00:00,22411191-1,Temperature,CURRENT,°C,12.116586914062495
2026-08-22T08:55:00+00:00,22411191-2,RH,CURRENT,%,100
2026-08-22T08:55:00+00:00,22411191-3,Dew Point,CURRENT,°C,12.131004596974481
2026-08-22T08:55:00+00:00,22411525-1,Temperature,CURRENT,°C,12.223837890625
2026-08-22T08:55:00+00:00,22411525-2,RH,CURRENT,%,97.75692378118562
2026-08-22T08:55:00+00:00,22411525-3,Dew Point,CURRENT,°C,11.893676961387914
2026-08-22T08:55:00+00:00,22411526-1,Temperature,CURRENT,°C,10.808124999999997
2026-08-22T08:55:00+00:00,22411526-2,RH,CURRENT,%,100
2026-08-22T08:55:00+00:00,22411526-3,Dew Point,CURRENT,°C,10.820451538813717
2026-08-22T08:55:00+00:00,22411527-1,Temperature,CURRENT,°C,12.395439453125
2026-08-22T08:55:00+00:00,22411527-2,RH,CURRENT,%,97.53261615930418
2026-08-22T08:55:00+00:00,22411527-3,Dew Point,CURRENT,°C,12.030174756185518
2026-08-22T08:55:00+00:00,22411528-1,Temperature,CURRENT,°C,10.572172851562499
2026-08-22T08:55:00+00:00,22411528-2,RH,CURRENT,%,100
2026-08-22T08:55:00+00:00,22411528-3,Dew Point,CURRENT,°C,10.58412220573637
2026-08-22T08:55:00+00:00,22411529-1,Temperature,CURRENT,°C,10.8724755859375
2026-08-22T08:55:00+00:00,22411529-2,RH,CURRENT,%,98.78995956359198
2026-08-22T08:55:00+00:00,22411529-3,Dew Point,CURRENT,°C,10.70178028374954
2026-08-22T08:55:00+00:00,22411530-1,Temperature,CURRENT,°C,11.987885742187501
2026-08-22T08:55:00+00:00,22411530-2,RH,CURRENT,%,99.04325932707714
2026-08-22T08:55:00+00:00,22411530-3,Dew Point,CURRENT,°C,11.856166870389098
2026-08-22T08:56:00+00:00,22411541-S,Battery,CURRENT,V,8.25124072265625
2026-08-22T09:00:00+00:00,22411189-1,Temperature,CURRENT,°C,11.215678710937496
2026-08-22T09:00:00+00:00,22411189-2,RH,CURRENT,%,100
2026-08-22T09:00:00+00:00,22411189-3,Dew Point,CURRENT,°C,11.228656683502539
2026-08-22T09:00:00+00:00,22411190-1,Temperature,CURRENT,°C,11.580332031249995
2026-08-22T09:00:00+00:00,22411190-2,RH,CURRENT,%,99.03410391393912
2026-08-22T09:00:00+00:00,22411190-3,Dew Point,CURRENT,°C,11.447040623841026
2026-08-22T09:00:00+00:00,22411191-1,Temperature,CURRENT,°C,11.9020849609375
2026-08-22T09:00:00+00:00,22411191-2,RH,CURRENT,%,100
2026-08-22T09:00:00+00:00,22411191-3,Dew Point,CURRENT,°C,11.916159893280167
2026-08-22T09:00:00+00:00,22411525-1,Temperature,CURRENT,°C,11.966435546874997
2026-08-22T09:00:00+00:00,22411525-2,RH,CURRENT,%,97.50514991989013
2026-08-22T09:00:00+00:00,22411525-3,Dew Point,CURRENT,°C,11.597525263516932
2026-08-22T09:00:00+00:00,22411526-1,Temperature,CURRENT,°C,10.636523437499996
2026-08-22T09:00:00+00:00,22411526-2,RH,CURRENT,%,100
2026-08-22T09:00:00+00:00,22411526-3,Dew Point,CURRENT,°C,10.648575663032652
2026-08-22T09:00:00+00:00,22411527-1,Temperature,CURRENT,°C,12.073686523437502
2026-08-22T09:00:00+00:00,22411527-2,RH,CURRENT,%,97.33424887464713
2026-08-22T09:00:00+00:00,22411527-3,Dew Point,CURRENT,°C,11.678039232325405
2026-08-22T09:00:00+00:00,22411528-1,Temperature,CURRENT,°C,10.464921875000002
2026-08-22T09:00:00+00:00,22411528-2,RH,CURRENT,%,100
2026-08-22T09:00:00+00:00,22411528-3,Dew Point,CURRENT,°C,10.476699772208175
2026-08-22T09:00:00+00:00,22411529-1,Temperature,CURRENT,°C,10.893925781249997
2026-08-22T09:00:00+00:00,22411529-2,RH,CURRENT,%,98.87235828183414
2026-08-22T09:00:00+00:00,22411529-3,Dew Point,CURRENT,°C,10.735767697684873
2026-08-22T09:00:00+00:00,22411530-1,Temperature,CURRENT,°C,11.8162841796875
2026-08-22T09:00:00+00:00,22411530-2,RH,CURRENT,%,98.90897993438621
2026-08-22T09:00:00+00:00,22411530-3,Dew Point,CURRENT,°C,11.663939643306428
2026-08-22T09:01:00+00:00,22411541-S,Battery,CURRENT,V,8.2577021484375
2026-08-22T09:05:00+00:00,22411189-1,Temperature,CURRENT,°C,10.958276367187501
2026-08-22T09:05:00+00:00,22411189-2,RH,CURRENT,%,100
2026-08-22T09:05:00+00:00,22411189-3,Dew Point,CURRENT,°C,10.970842917781852
2026-08-22T09:05:00+00:00,22411190-1,Temperature,CURRENT,°C,11.280029296875
2026-08-22T09:05:00+00:00,22411190-2,RH,CURRENT,%,98.88151369497216
2026-08-22T09:05:00+00:00,22411190-3,Dew Point,CURRENT,°C,11.123353788657951
2026-08-22T09:05:00+00:00,22411191-1,Temperature,CURRENT,°C,11.794833984374996
2026-08-22T09:05:00+00:00,22411191-2,RH,CURRENT,%,100
2026-08-22T09:05:00+00:00,22411191-3,Dew Point,CURRENT,°C,11.808737532618508
2026-08-22T09:05:00+00:00,22411525-1,Temperature,CURRENT,°C,11.8162841796875
2026-08-22T09:05:00+00:00,22411525-2,RH,CURRENT,%,97.85610742351415
2026-08-22T09:05:00+00:00,22411525-3,Dew Point,CURRENT,°C,11.50193642937511
2026-08-22T09:05:00+00:00,22411526-1,Temperature,CURRENT,°C,10.6150732421875
2026-08-22T09:05:00+00:00,22411526-2,RH,CURRENT,%,100
2026-08-22T09:05:00+00:00,22411526-3,Dew Point,CURRENT,°C,10.627091177502281
2026-08-22T09:05:00+00:00,22411527-1,Temperature,CURRENT,°C,11.923535156249997
2026-08-22T09:05:00+00:00,22411527-2,RH,CURRENT,%,97.66536964980544
2026-08-22T09:05:00+00:00,22411527-3,Dew Point,CURRENT,°C,11.579538758378293
2026-08-22T09:05:00+00:00,22411528-1,Temperature,CURRENT,°C,10.507822265624995
2026-08-22T09:05:00+00:00,22411528-2,RH,CURRENT,%,100
2026-08-22T09:05:00+00:00,22411528-3,Dew Point,CURRENT,°C,10.519668746324612
2026-08-22T09:05:00+00:00,22411529-1,Temperature,CURRENT,°C,10.722324218749996
2026-08-22T09:05:00+00:00,22411529-2,RH,CURRENT,%,98.1811245899138
2026-08-22T09:05:00+00:00,22411529-3,Dew Point,CURRENT,°C,10.45883617442335
2026-08-22T09:05:00+00:00,22411530-1,Temperature,CURRENT,°C,11.644682617187499
2026-08-22T09:05:00+00:00,22411530-2,RH,CURRENT,%,99.11192492561227
2026-08-22T09:05:00+00:00,22411530-3,Dew Point,CURRENT,°C,11.523302457273509
2026-08-22T09:06:00+00:00,22411541-S,Battery,CURRENT,V,8.2577021484375
2026-08-22T09:10:00+00:00,22411189-1,Temperature,CURRENT,°C,11.086977539062495
2026-08-22T09:10:00+00:00,22411189-2,RH,CURRENT,%,100
2026-08-22T09:10:00+00:00,22411189-3,Dew Point,CURRENT,°C,11.099749804873156
2026-08-22T09:10:00+00:00,22411190-1,Temperature,CURRENT,°C,11.194228515625
2026-08-22T09:10:00+00:00,22411190-2,RH,CURRENT,%,98.98374914168002
2026-08-22T09:10:00+00:00,22411190-3,Dew Point,CURRENT,°C,11.05310872635788
2026-08-22T09:10:00+00:00,22411191-1,Temperature,CURRENT,°C,11.966435546874997
2026-08-22T09:10:00+00:00,22411191-2,RH,CURRENT,%,100
2026-08-22T09:10:00+00:00,22411191-3,Dew Point,CURRENT,°C,11.980613306856515
2026-08-22T09:10:00+00:00,22411525-1,Temperature,CURRENT,°C,12.009335937499998
2026-08-22T09:10:00+00:00,22411525-2,RH,CURRENT,%,98.31082627603571
2026-08-22T09:10:00+00:00,22411525-3,Dew Point,CURRENT,°C,11.765050227386096
2026-08-22T09:10:00+00:00,22411526-1,Temperature,CURRENT,°C,10.679423828124996
2026-08-22T09:10:00+00:00,22411526-2,RH,CURRENT,%,100
2026-08-22T09:10:00+00:00,22411526-3,Dew Point,CURRENT,°C,10.691544633388247
2026-08-22T09:10:00+00:00,22411527-1,Temperature,CURRENT,°C,12.138037109374999
2026-08-22T09:10:00+00:00,22411527-2,RH,CURRENT,%,98.29556725413902
2026-08-22T09:10:00+00:00,22411527-3,Dew Point,CURRENT,°C,11.891334622009522
2026-08-22T09:10:00+00:00,22411528-1,Temperature,CURRENT,°C,10.593623046874995
2026-08-22T09:10:00+00:00,22411528-2,RH,CURRENT,%,100
2026-08-22T09:10:00+00:00,22411528-3,Dew Point,CURRENT,°C,10.60560669173686
2026-08-22T09:10:00+00:00,22411529-1,Temperature,CURRENT,°C,10.7437744140625
2026-08-22T09:10:00+00:00,22411529-2,RH,CURRENT,%,98.72739757381552
2026-08-22T09:10:00+00:00,22411529-3,Dew Point,CURRENT,°C,10.56355156557776
2026-08-22T09:10:00+00:00,22411530-1,Temperature,CURRENT,°C,11.8162841796875
2026-08-22T09:10:00+00:00,22411530-2,RH,CURRENT,%,99.76958876935988
2026-08-22T09:10:00+00:00,22411530-3,Dew Point,CURRENT,°C,11.795238239768532
2026-08-22T09:11:00+00:00,22411541-S,Battery,CURRENT,V,8.2577021484375
2026-08-22T09:15:00+00:00,22411189-1,Temperature,CURRENT,°C,11.23712890625
2026-08-22T09:15:00+00:00,22411189-2,RH,CURRENT,%,100
2026-08-22T09:15:00+00:00,22411189-3,Dew Point,CURRENT,°C,11.250141162451419
2026-08-22T09:15:00+00:00,22411190-1,Temperature,CURRENT,°C,11.537431640625002
2026-08-22T09:15:00+00:00,22411190-2,RH,CURRENT,%,99.24315251392386
2026-08-22T09:15:00+00:00,22411190-3,Dew Point,CURRENT,°C,11.436000830939834
2026-08-22T09:15:00+00:00,22411191-1,Temperature,CURRENT,°C,12.116586914062495
2026-08-22T09:15:00+00:00,22411191-2,RH,CURRENT,%,100
2026-08-22T09:15:00+00:00,22411191-3,Dew Point,CURRENT,°C,12.131004596974481
2026-08-22T09:15:00+00:00,22411525-1,Temperature,CURRENT,°C,12.180937499999999
2026-08-22T09:15:00+00:00,22411525-2,RH,CURRENT,%,98.5626001373312
2026-08-22T09:15:00+00:00,22411525-3,Dew Point,CURRENT,°C,11.975404373721418
2026-08-22T09:15:00+00:00,22411526-1,Temperature,CURRENT,°C,10.722324218749996
2026-08-22T09:15:00+00:00,22411526-2,RH,CURRENT,%,100
2026-08-22T09:15:00+00:00,22411526-3,Dew Point,CURRENT,°C,10.734513602803613
2026-08-22T09:15:00+00:00,22411527-1,Temperature,CURRENT,°C,12.331088867187496
2026-08-22T09:15:00+00:00,22411527-2,RH,CURRENT,%,98.66788738841841
2026-08-22T09:15:00+00:00,22411527-3,Dew Point,CURRENT,°C,12.141764251345672
2026-08-22T09:15:00+00:00,22411528-1,Temperature,CURRENT,°C,10.529272460937499
2026-08-22T09:15:00+00:00,22411528-2,RH,CURRENT,%,100
2026-08-22T09:15:00+00:00,22411528-3,Dew Point,CURRENT,°C,10.541153233030256
2026-08-22T09:15:00+00:00,22411529-1,Temperature,CURRENT,°C,10.7008740234375
2026-08-22T09:15:00+00:00,22411529-2,RH,CURRENT,%,98.69993133440147
2026-08-22T09:15:00+00:00,22411529-3,Dew Point,CURRENT,°C,10.51647306629177
2026-08-22T09:15:00+00:00,22411530-1,Temperature,CURRENT,°C,12.052236328124998
2026-08-22T09:15:00+00:00,22411530-2,RH,CURRENT,%,99.7940032043946
2026-08-22T09:15:00+00:00,22411530-3,Dew Point,CURRENT,°C,12.035218409227804
2026-08-22T09:16:00+00:00,22411541-S,Battery,CURRENT,V,8.25124072265625
2026-08-22T09:20:00+00:00,22411189-1,Temperature,CURRENT,°C,11.3229296875
2026-08-22T09:20:00+00:00,22411189-2,RH,CURRENT,%,100
2026-08-22T09:20:00+00:00,22411189-3,Dew Point,CURRENT,°C,11.336079075896397
2026-08-22T09:20:00+00:00,22411190-1,Temperature,CURRENT,°C,11.666132812499995
2026-08-22T09:20:00+00:00,22411190-2,RH,CURRENT,%,99.32555123216602
2026-08-22T09:20:00+00:00,22411190-3,Dew Point,CURRENT,°C,11.577350843861234
2026-08-22T09:20:00+00:00,22411191-1,Temperature,CURRENT,°C,12.180937499999999
2026-08-22T09:20:00+00:00,22411191-2,RH,CURRENT,%,100
2026-08-22T09:20:00+00:00,22411191-3,Dew Point,CURRENT,°C,12.195458003499247
2026-08-22T09:20:00+00:00,22411525-1,Temperature,CURRENT,°C,12.223837890625
2026-08-22T09:20:00+00:00,22411525-2,RH,CURRENT,%,98.66788738841841
2026-08-22T09:20:00+00:00,22411525-3,Dew Point,CURRENT,°C,12.034517159186775
2026-08-22T09:20:00+00:00,22411526-1,Temperature,CURRENT,°C,10.808124999999997
2026-08-22T09:20:00+00:00,22411526-2,RH,CURRENT,%,100
2026-08-22T09:20:00+00:00,22411526-3,Dew Point,CURRENT,°C,10.820451538813717
2026-08-22T09:20:00+00:00,22411527-1,Temperature,CURRENT,°C,12.331088867187496
2026-08-22T09:20:00+00:00,22411527-2,RH,CURRENT,%,98.80979629205768
2026-08-22T09:20:00+00:00,22411527-3,Dew Point,CURRENT,°C,12.163620037799395
2026-08-22T09:20:00+00:00,22411528-1,Temperature,CURRENT,°C,10.529272460937499
2026-08-22T09:20:00+00:00,22411528-2,RH,CURRENT,%,100
2026-08-22T09:20:00+00:00,22411528-3,Dew Point,CURRENT,°C,10.541153233030256
2026-08-22T09:20:00+00:00,22411529-1,Temperature,CURRENT,°C,10.679423828124996
2026-08-22T09:20:00+00:00,22411529-2,RH,CURRENT,%,98.74418249790189
2026-08-22T09:20:00+00:00,22411529-3,Dew Point,CURRENT,°C,10.501749002836656
2026-08-22T09:20:00+00:00,22411530-1,Temperature,CURRENT,°C,12.073686523437502
2026-08-22T09:20:00+00:00,22411530-2,RH,CURRENT,%,99.86266880292973
2026-08-22T09:20:00+00:00,22411530-3,Dew Point,CURRENT,°C,12.067149853048173
2026-08-22T09:21:00+00:00,22411541-S,Battery,CURRENT,V,8.244779296875
2026-08-22T09:25:00+00:00,22411189-1,Temperature,CURRENT,°C,11.494531250000001
2026-08-22T09:25:00+00:00,22411189-2,RH,CURRENT,%,100
2026-08-22T09:25:00+00:00,22411189-3,Dew Point,CURRENT,°C,11.507954891503791
2026-08-22T09:25:00+00:00,22411190-1,Temperature,CURRENT,°C,11.8162841796875
2026-08-22T09:25:00+00:00,22411190-2,RH,CURRENT,%,99.3820096131838
2026-08-22T09:25:00+00:00,22411190-3,Dew Point,CURRENT,°C,11.736230953838865
2026-08-22T09:25:00+00:00,22411191-1,Temperature,CURRENT,°C,12.26673828125
2026-08-22T09:25:00+00:00,22411191-2,RH,CURRENT,%,100
2026-08-22T09:25:00+00:00,22411191-3,Dew Point,CURRENT,°C,12.281395875574843
2026-08-22T09:25:00+00:00,22411525-1,Temperature,CURRENT,°C,12.309638671875
2026-08-22T09:25:00+00:00,22411525-2,RH,CURRENT,%,98.78080415045396
2026-08-22T09:25:00+00:00,22411525-3,Dew Point,CURRENT,°C,12.137704720547283
2026-08-22T09:25:00+00:00,22411526-1,Temperature,CURRENT,°C,10.958276367187501
2026-08-22T09:25:00+00:00,22411526-2,RH,CURRENT,%,100
2026-08-22T09:25:00+00:00,22411526-3,Dew Point,CURRENT,°C,10.970842917781852
2026-08-22T09:25:00+00:00,22411527-1,Temperature,CURRENT,°C,12.43833984375
2026-08-22T09:25:00+00:00,22411527-2,RH,CURRENT,%,98.88303959716183
2026-08-22T09:25:00+00:00,22411527-3,Dew Point,CURRENT,°C,12.282165117515731
2026-08-22T09:25:00+00:00,22411528-1,Temperature,CURRENT,°C,10.679423828124996
2026-08-22T09:25:00+00:00,22411528-2,RH,CURRENT,%,100
2026-08-22T09:25:00+00:00,22411528-3,Dew Point,CURRENT,°C,10.691544633388247
2026-08-22T09:25:00+00:00,22411529-1,Temperature,CURRENT,°C,10.6150732421875
2026-08-22T09:25:00+00:00,22411529-2,RH,CURRENT,%,98.83573662928207
2026-08-22T09:25:00+00:00,22411529-3,Dew Point,CURRENT,°C,10.451295140490481
2026-08-22T09:25:00+00:00,22411530-1,Temperature,CURRENT,°C,12.159487304687495
2026-08-22T09:25:00+00:00,22411530-2,RH,CURRENT,%,99.81689173723964
2026-08-22T09:25:00+00:00,22411530-3,Dew Point,CURRENT,°C,12.146101020894976
2026-08-22T09:26:00+00:00,22411541-S,Battery,CURRENT,V,8.254471435546876
2026-08-22T09:30:00+00:00,22411189-1,Temperature,CURRENT,°C,11.558881835937498
2026-08-22T09:30:00+00:00,22411189-2,RH,CURRENT,%,100
2026-08-22T09:30:00+00:00,22411189-3,Dew Point,CURRENT,°C,11.57240831847818
2026-08-22T09:30:00+00:00,22411190-1,Temperature,CURRENT,°C,11.8162841796875
2026-08-22T09:30:00+00:00,22411190-2,RH,CURRENT,%,99.45525291828794
2026-08-22T09:30:00+00:00,22411190-3,Dew Point,CURRENT,°C,11.747397410081591
2026-08-22T09:30:00+00:00,22411191-1,Temperature,CURRENT,°C,12.180937499999999
2026-08-22T09:30:00+00:00,22411191-2,RH,CURRENT,%,100
2026-08-22T09:30:00+00:00,22411191-3,Dew Point,CURRENT,°C,12.195458003499247
2026-08-22T09:30:00+00:00,22411525-1,Temperature,CURRENT,°C,12.223837890625
2026-08-22T09:30:00+00:00,22411525-2,RH,CURRENT,%,98.7487602044709
2026-08-22T09:30:00+00:00,22411525-3,Dew Point,CURRENT,°C,12.046965294133539
2026-08-22T09:30:00+00:00,22411526-1,Temperature,CURRENT,°C,11.086977539062495
2026-08-22T09:30:00+00:00,22411526-2,RH,CURRENT,%,100
2026-08-22T09:30:00+00:00,22411526-3,Dew Point,CURRENT,°C,11.099749804873156
2026-08-22T09:30:00+00:00,22411527-1,Temperature,CURRENT,°C,12.331088867187496
2026-08-22T09:30:00+00:00,22411527-2,RH,CURRENT,%,98.77164873731594
2026-08-22T09:30:00+00:00,22411527-3,Dew Point,CURRENT,°C,12.157747537074219
2026-08-22T09:30:00+00:00,22411528-1,Temperature,CURRENT,°C,10.851025390624997
2026-08-22T09:30:00+00:00,22411528-2,RH,CURRENT,%,100
2026-08-22T09:30:00+00:00,22411528-3,Dew Point,CURRENT,°C,10.863420505408449
2026-08-22T09:30:00+00:00,22411529-1,Temperature,CURRENT,°C,10.636523437499996
2026-08-22T09:30:00+00:00,22411529-2,RH,CURRENT,%,99.1103990234226
2026-08-22T09:30:00+00:00,22411529-3,Dew Point,CURRENT,°C,10.514392041568845
2026-08-22T09:30:00+00:00,22411530-1,Temperature,CURRENT,°C,12.073686523437502
2026-08-22T09:30:00+00:00,22411530-2,RH,CURRENT,%,99.79705500877394
2026-08-22T09:30:00+00:00,22411530-3,Dew Point,CURRENT,°C,12.057162172377947
2026-08-22T09:31:00+00:00,22411541-S,Battery,CURRENT,V,8.254471435546876
2026-08-22T09:35:00+00:00,22411189-1,Temperature,CURRENT,°C,11.194228515625
2026-08-22T09:35:00+00:00,22411189-2,RH,CURRENT,%,100
2026-08-22T09:35:00+00:00,22411189-3,Dew Point,CURRENT,°C,11.207172204318601
2026-08-22T09:35:00+00:00,22411190-1,Temperature,CURRENT,°C,11.515981445312498
2026-08-22T09:35:00+00:00,22411190-2,RH,CURRENT,%,99.3865873197528
2026-08-22T09:35:00+00:00,22411190-3,Dew Point,CURRENT,°C,11.436371163593032
2026-08-22T09:35:00+00:00,22411191-1,Temperature,CURRENT,°C,11.987885742187501
2026-08-22T09:35:00+00:00,22411191-2,RH,CURRENT,%,100
2026-08-22T09:35:00+00:00,22411191-3,Dew Point,CURRENT,°C,12.002097777578534
2026-08-22T09:35:00+00:00,22411525-1,Temperature,CURRENT,°C,12.095136718749998
2026-08-22T09:35:00+00:00,22411525-2,RH,CURRENT,%,98.68619821469444
2026-08-22T09:35:00+00:00,22411525-3,Dew Point,CURRENT,°C,11.908636866874726
2026-08-22T09:35:00+00:00,22411526-1,Temperature,CURRENT,°C,10.808124999999997
2026-08-22T09:35:00+00:00,22411526-2,RH,CURRENT,%,100
2026-08-22T09:35:00+00:00,22411526-3,Dew Point,CURRENT,°C,10.820451538813717
2026-08-22T09:35:00+00:00,22411527-1,Temperature,CURRENT,°C,12.245288085937496
2026-08-22T09:35:00+00:00,22411527-2,RH,CURRENT,%,98.82658121614405
2026-08-22T09:35:00+00:00,22411527-3,Dew Point,CURRENT,°C,12.080388857010451
2026-08-22T09:35:00+00:00,22411528-1,Temperature,CURRENT,°C,10.593623046874995
2026-08-22T09:35:00+00:00,22411528-2,RH,CURRENT,%,100
2026-08-22T09:35:00+00:00,22411528-3,Dew Point,CURRENT,°C,10.60560669173686
2026-08-22T09:35:00+00:00,22411529-1,Temperature,CURRENT,°C,10.679423828124996
2026-08-22T09:35:00+00:00,22411529-2,RH,CURRENT,%,99.11497672999161
2026-08-22T09:35:00+00:00,22411529-3,Dew Point,CURRENT,°C,10.558008014801537
2026-08-22T09:35:00+00:00,22411530-1,Temperature,CURRENT,°C,11.8162841796875
2026-08-22T09:35:00+00:00,22411530-2,RH,CURRENT,%,99.67498283360037
2026-08-22T09:35:00+00:00,22411530-3,Dew Point,CURRENT,°C,11.780853488451918
2026-08-22T09:36:00+00:00,22411541-S,Battery,CURRENT,V,8.244779296875
2026-08-22T09:40:00+00:00,22411189-1,Temperature,CURRENT,°C,11.215678710937496
2026-08-22T09:40:00+00:00,22411189-2,RH,CURRENT,%,100
2026-08-22T09:40:00+00:00,22411189-3,Dew Point,CURRENT,°C,11.228656683502539
2026-08-22T09:40:00+00:00,22411190-1,Temperature,CURRENT,°C,11.473081054687498
2026-08-22T09:40:00+00:00,22411190-2,RH,CURRENT,%,99.35454337376974
2026-08-22T09:40:00+00:00,22411190-3,Dew Point,CURRENT,°C,11.388560345088344
2026-08-22T09:40:00+00:00,22411191-1,Temperature,CURRENT,°C,12.052236328124998
2026-08-22T09:40:00+00:00,22411191-2,RH,CURRENT,%,100
2026-08-22T09:40:00+00:00,22411191-3,Dew Point,CURRENT,°C,12.066551188334248
2026-08-22T09:40:00+00:00,22411525-1,Temperature,CURRENT,°C,12.159487304687495
2026-08-22T09:40:00+00:00,22411525-2,RH,CURRENT,%,98.81437399862669
2026-08-22T09:40:00+00:00,22411525-3,Dew Point,CURRENT,°C,11.99269823731047
2026-08-22T09:40:00+00:00,22411526-1,Temperature,CURRENT,°C,10.765224609374997
2026-08-22T09:40:00+00:00,22411526-2,RH,CURRENT,%,100
2026-08-22T09:40:00+00:00,22411526-3,Dew Point,CURRENT,°C,10.77748257127877
2026-08-22T09:40:00+00:00,22411527-1,Temperature,CURRENT,°C,12.3525390625
2026-08-22T09:40:00+00:00,22411527-2,RH,CURRENT,%,98.89219501029984
2026-08-22T09:40:00+00:00,22411527-3,Dew Point,CURRENT,°C,12.197753185764304
2026-08-22T09:40:00+00:00,22411528-1,Temperature,CURRENT,°C,10.443471679687498
2026-08-22T09:40:00+00:00,22411528-2,RH,CURRENT,%,100
2026-08-22T09:40:00+00:00,22411528-3,Dew Point,CURRENT,°C,10.455215284797367
2026-08-22T09:40:00+00:00,22411529-1,Temperature,CURRENT,°C,10.593623046874995
2026-08-22T09:40:00+00:00,22411529-2,RH,CURRENT,%,98.77622644388495
2026-08-22T09:40:00+00:00,22411529-3,Dew Point,CURRENT,°C,10.420808166621285
2026-08-22T09:40:00+00:00,22411530-1,Temperature,CURRENT,°C,11.8162841796875
2026-08-22T09:40:00+00:00,22411530-2,RH,CURRENT,%,99.72533760585947
2026-08-22T09:40:00+00:00,22411530-3,Dew Point,CURRENT,°C,11.788511380575626
2026-08-22T09:41:00+00:00,22411541-S,Battery,CURRENT,V,8.23831787109375
2026-08-22T09:45:00+00:00,22411189-1,Temperature,CURRENT,°C,11.022626953124998
2026-08-22T09:45:00+00:00,22411189-2,RH,CURRENT,%,100
2026-08-22T09:45:00+00:00,22411189-3,Dew Point,CURRENT,°C,11.03529636238524
2026-08-22T09:45:00+00:00,22411190-1,Temperature,CURRENT,°C,11.3229296875
2026-08-22T09:45:00+00:00,22411190-2,RH,CURRENT,%,99.43083848325323
2026-08-22T09:45:00+00:00,22411190-3,Dew Point,CURRENT,°C,11.249875505624123
2026-08-22T09:45:00+00:00,22411191-1,Temperature,CURRENT,°C,12.116586914062495
2026-08-22T09:45:00+00:00,22411191-2,RH,CURRENT,%,100
2026-08-22T09:45:00+00:00,22411191-3,Dew Point,CURRENT,°C,12.131004596974481
2026-08-22T09:45:00+00:00,22411525-1,Temperature,CURRENT,°C,12.202387695312495
2026-08-22T09:45:00+00:00,22411525-2,RH,CURRENT,%,98.97306782635233
2026-08-22T09:45:00+00:00,22411525-3,Dew Point,CURRENT,°C,12.059986964003462
2026-08-22T09:45:00+00:00,22411526-1,Temperature,CURRENT,°C,10.6150732421875
2026-08-22T09:45:00+00:00,22411526-2,RH,CURRENT,%,100
2026-08-22T09:45:00+00:00,22411526-3,Dew Point,CURRENT,°C,10.627091177502281
2026-08-22T09:45:00+00:00,22411527-1,Temperature,CURRENT,°C,12.309638671875
2026-08-22T09:45:00+00:00,22411527-2,RH,CURRENT,%,98.93797207598993
2026-08-22T09:45:00+00:00,22411527-3,Dew Point,CURRENT,°C,12.16188051542128
2026-08-22T09:45:00+00:00,22411528-1,Temperature,CURRENT,°C,10.400571289062498
2026-08-22T09:45:00+00:00,22411528-2,RH,CURRENT,%,100
2026-08-22T09:45:00+00:00,22411528-3,Dew Point,CURRENT,°C,10.412246309270603
2026-08-22T09:45:00+00:00,22411529-1,Temperature,CURRENT,°C,10.6150732421875
2026-08-22T09:45:00+00:00,22411529-2,RH,CURRENT,%,98.92729076066225
2026-08-22T09:45:00+00:00,22411529-3,Dew Point,CURRENT,°C,10.46518497125805
2026-08-22T09:45:00+00:00,22411530-1,Temperature,CURRENT,°C,11.880634765624997
2026-08-22T09:45:00+00:00,22411530-2,RH,CURRENT,%,99.97253376058595
2026-08-22T09:45:00+00:00,22411530-3,Dew Point,CURRENT,°C,11.890506738229762
2026-08-22T09:46:00+00:00,22411541-S,Battery,CURRENT,V,8.23831787109375
2026-08-22T09:50:00+00:00,22411189-1,Temperature,CURRENT,°C,11.108427734374999
2026-08-22T09:50:00+00:00,22411189-2,RH,CURRENT,%,100
2026-08-22T09:50:00+00:00,22411189-3,Dew Point,CURRENT,°C,11.121234285232353
2026-08-22T09:50:00+00:00,22411190-1,Temperature,CURRENT,°C,11.344379882812497
2026-08-22T09:50:00+00:00,22411190-2,RH,CURRENT,%,99.53612573434043
2026-08-22T09:50:00+00:00,22411190-3,Dew Point,CURRENT,°C,11.287327001786336
2026-08-22T09:50:00+00:00,22411191-1,Temperature,CURRENT,°C,11.9020849609375
2026-08-22T09:50:00+00:00,22411191-2,RH,CURRENT,%,100
2026-08-22T09:50:00+00:00,22411191-3,Dew Point,CURRENT,°C,11.916159893280167
2026-08-22T09:50:00+00:00,22411525-1,Temperature,CURRENT,°C,12.009335937499998
2026-08-22T09:50:00+00:00,22411525-2,RH,CURRENT,%,98.83115892271306
2026-08-22T09:50:00+00:00,22411525-3,Dew Point,CURRENT,°C,11.845101528542164
2026-08-22T09:50:00+00:00,22411526-1,Temperature,CURRENT,°C,10.6579736328125
2026-08-22T09:50:00+00:00,22411526-2,RH,CURRENT,%,100
2026-08-22T09:50:00+00:00,22411526-3,Dew Point,CURRENT,°C,10.670060148327975
2026-08-22T09:50:00+00:00,22411527-1,Temperature,CURRENT,°C,12.159487304687495
2026-08-22T09:50:00+00:00,22411527-2,RH,CURRENT,%,98.82200350957504
2026-08-22T09:50:00+00:00,22411527-3,Dew Point,CURRENT,°C,11.993870838196557
2026-08-22T09:50:00+00:00,22411528-1,Temperature,CURRENT,°C,10.529272460937499
2026-08-22T09:50:00+00:00,22411528-2,RH,CURRENT,%,100
2026-08-22T09:50:00+00:00,22411528-3,Dew Point,CURRENT,°C,10.541153233030256
2026-08-22T09:50:00+00:00,22411529-1,Temperature,CURRENT,°C,10.636523437499996
2026-08-22T09:50:00+00:00,22411529-2,RH,CURRENT,%,99.27672236209659
2026-08-22T09:50:00+00:00,22411529-3,Dew Point,CURRENT,°C,10.539559794953067
2026-08-22T09:50:00+00:00,22411530-1,Temperature,CURRENT,°C,11.7304833984375
2026-08-22T09:50:00+00:00,22411530-2,RH,CURRENT,%,99.79858091096361
2026-08-22T09:50:00+00:00,22411530-3,Dew Point,CURRENT,°C,11.713727236655956
2026-08-22T09:51:00+00:00,22411541-S,Battery,CURRENT,V,8.23831787109375
2026-08-22T09:55:00+00:00,22411189-1,Temperature,CURRENT,°C,10.979726562499998
2026-08-22T09:55:00+00:00,22411189-2,RH,CURRENT,%,100
2026-08-22T09:55:00+00:00,22411189-3,Dew Point,CURRENT,°C,10.992327399551359
2026-08-22T09:55:00+00:00,22411190-1,Temperature,CURRENT,°C,11.3229296875
2026-08-22T09:55:00+00:00,22411190-2,RH,CURRENT,%,99.45372701609827
2026-08-22T09:55:00+00:00,22411190-3,Dew Point,CURRENT,°C,11.253350494696004
2026-08-22T09:55:00+00:00,22411191-1,Temperature,CURRENT,°C,11.923535156249997
2026-08-22T09:55:00+00:00,22411191-2,RH,CURRENT,%,100
2026-08-22T09:55:00+00:00,22411191-3,Dew Point,CURRENT,°C,11.937644364707328
2026-08-22T09:55:00+00:00,22411525-1,Temperature,CURRENT,°C,12.009335937499998
2026-08-22T09:55:00+00:00,22411525-2,RH,CURRENT,%,98.95017929350729
2026-08-22T09:55:00+00:00,22411525-3,Dew Point,CURRENT,°C,11.86336034370215
2026-08-22T09:55:00+00:00,22411526-1,Temperature,CURRENT,°C,10.572172851562499
2026-08-22T09:55:00+00:00,22411526-2,RH,CURRENT,%,100
2026-08-22T09:55:00+00:00,22411526-3,Dew Point,CURRENT,°C,10.58412220573637
2026-08-22T09:55:00+00:00,22411527-1,Temperature,CURRENT,°C,12.138037109374999
2026-08-22T09:55:00+00:00,22411527-2,RH,CURRENT,%,98.93644617380026
2026-08-22T09:55:00+00:00,22411527-3,Dew Point,CURRENT,°C,11.989993784998736
2026-08-22T09:55:00+00:00,22411528-1,Temperature,CURRENT,°C,10.400571289062498
2026-08-22T09:55:00+00:00,22411528-2,RH,CURRENT,%,100
2026-08-22T09:55:00+00:00,22411528-3,Dew Point,CURRENT,°C,10.412246309270603
2026-08-22T09:55:00+00:00,22411529-1,Temperature,CURRENT,°C,10.679423828124996
2026-08-22T09:55:00+00:00,22411529-2,RH,CURRENT,%,99.2614633401999
2026-08-22T09:55:00+00:00,22411529-3,Dew Point,CURRENT,°C,10.580182825268357
2026-08-22T09:55:00+00:00,22411530-1,Temperature,CURRENT,°C,11.709033203124996
2026-08-22T09:55:00+00:00,22411530-2,RH,CURRENT,%,99.94048981460288
2026-08-22T09:55:00+00:00,22411530-3,Dew Point,CURRENT,°C,11.713778657490986
2026-08-22T09:56:00+00:00,22411541-S,Battery,CURRENT,V,8.23831787109375
2026-08-22T10:00:00+00:00,22411189-1,Temperature,CURRENT,°C,11.151328125
2026-08-22T10:00:00+00:00,22411189-2,RH,CURRENT,%,100
2026-08-22T10:00:00+00:00,22411189-3,Dew Point,CURRENT,°C,11.164203245245586
2026-08-22T10:00:00+00:00,22411190-1,Temperature,CURRENT,°C,11.537431640625002
2026-08-22T10:00:00+00:00,22411190-2,RH,CURRENT,%,99.56816968032349
2026-08-22T10:00:00+00:00,22411190-3,Dew Point,CURRENT,°C,11.485446859382312
2026-08-22T10:00:00+00:00,22411191-1,Temperature,CURRENT,°C,12.030786132812501
2026-08-22T10:00:00+00:00,22411191-2,RH,CURRENT,%,100
2026-08-22T10:00:00+00:00,22411191-3,Dew Point,CURRENT,°C,12.045066718317393
2026-08-22T10:00:00+00:00,22411525-1,Temperature,CURRENT,°C,12.116586914062495
2026-08-22T10:00:00+00:00,22411525-2,RH,CURRENT,%,98.90897993438621
2026-08-22T10:00:00+00:00,22411525-3,Dew Point,CURRENT,°C,11.964321255342668
2026-08-22T10:00:00+00:00,22411526-1,Temperature,CURRENT,°C,10.593623046874995
2026-08-22T10:00:00+00:00,22411526-2,RH,CURRENT,%,100
2026-08-22T10:00:00+00:00,22411526-3,Dew Point,CURRENT,°C,10.60560669173686
2026-08-22T10:00:00+00:00,22411527-1,Temperature,CURRENT,°C,12.245288085937496
2026-08-22T10:00:00+00:00,22411527-2,RH,CURRENT,%,98.8189517051957
2026-08-22T10:00:00+00:00,22411527-3,Dew Point,CURRENT,°C,12.079215497736671
2026-08-22T10:00:00+00:00,22411528-1,Temperature,CURRENT,°C,10.379121093750001
2026-08-22T10:00:00+00:00,22411528-2,RH,CURRENT,%,100
2026-08-22T10:00:00+00:00,22411528-3,Dew Point,CURRENT,°C,10.390761821154642
2026-08-22T10:00:00+00:00,22411529-1,Temperature,CURRENT,°C,10.722324218749996
2026-08-22T10:00:00+00:00,22411529-2,RH,CURRENT,%,99.40337224383917
2026-08-22T10:00:00+00:00,22411529-3,Dew Point,CURRENT,°C,10.644575124313327
2026-08-22T10:00:00+00:00,22411530-1,Temperature,CURRENT,°C,11.880634765624997
2026-08-22T10:00:00+00:00,22411530-2,RH,CURRENT,%,100
2026-08-22T10:00:00+00:00,22411530-3,Dew Point,CURRENT,°C,11.89467542161794
2026-08-22T10:01:00+00:00,22411541-S,Battery,CURRENT,V,8.235087158203125
2026-08-22T10:05:00+00:00,22411189-1,Temperature,CURRENT,°C,10.893925781249997
2026-08-22T10:05:00+00:00,22411189-2,RH,CURRENT,%,100
2026-08-22T10:05:00+00:00,22411189-3,Dew Point,CURRENT,°C,10.906389471062965
2026-08-22T10:05:00+00:00,22411190-1,Temperature,CURRENT,°C,11.23712890625
2026-08-22T10:05:00+00:00,22411190-2,RH,CURRENT,%,99.49034866865034
2026-08-22T10:05:00+00:00,22411190-3,Dew Point,CURRENT,°C,11.173024344926784
2026-08-22T10:05:00+00:00,22411191-1,Temperature,CURRENT,°C,11.666132812499995
2026-08-22T10:05:00+00:00,22411191-2,RH,CURRENT,%,100
2026-08-22T10:05:00+00:00,22411191-3,Dew Point,CURRENT,°C,11.679830692067767
2026-08-22T10:05:00+00:00,22411525-1,Temperature,CURRENT,°C,11.751933593749996
2026-08-22T10:05:00+00:00,22411525-2,RH,CURRENT,%,98.48783093003739
2026-08-22T10:05:00+00:00,22411525-3,Dew Point,CURRENT,°C,11.534986809720085
2026-08-22T10:05:00+00:00,22411526-1,Temperature,CURRENT,°C,10.464921875000002
2026-08-22T10:05:00+00:00,22411526-2,RH,CURRENT,%,100
2026-08-22T10:05:00+00:00,22411526-3,Dew Point,CURRENT,°C,10.476699772208175
2026-08-22T10:05:00+00:00,22411527-1,Temperature,CURRENT,°C,11.880634765624997
2026-08-22T10:05:00+00:00,22411527-2,RH,CURRENT,%,98.51682307164111
2026-08-22T10:05:00+00:00,22411527-3,Dew Point,CURRENT,°C,11.668113645836225
2026-08-22T10:05:00+00:00,22411528-1,Temperature,CURRENT,°C,10.250419921875
2026-08-22T10:05:00+00:00,22411528-2,RH,CURRENT,%,100
2026-08-22T10:05:00+00:00,22411528-3,Dew Point,CURRENT,°C,10.261854887522746
2026-08-22T10:05:00+00:00,22411529-1,Temperature,CURRENT,°C,10.679423828124996
2026-08-22T10:05:00+00:00,22411529-2,RH,CURRENT,%,99.04325932707714
2026-08-22T10:05:00+00:00,22411529-3,Dew Point,CURRENT,°C,10.547141090409674
2026-08-22T10:05:00+00:00,22411530-1,Temperature,CURRENT,°C,11.537431640625002
2026-08-22T10:05:00+00:00,22411530-2,RH,CURRENT,%,99.59105821316854
2026-08-22T10:05:00+00:00,22411530-3,Dew Point,CURRENT,°C,11.488923626567557
2026-08-22T10:06:00+00:00,22411541-S,Battery,CURRENT,V,8.23831787109375
2026-08-22T10:10:00+00:00,22411189-1,Temperature,CURRENT,°C,10.7866748046875
2026-08-22T10:10:00+00:00,22411189-2,RH,CURRENT,%,100
2026-08-22T10:10:00+00:00,22411189-3,Dew Point,CURRENT,°C,10.798967055163779
2026-08-22T10:10:00+00:00,22411190-1,Temperature,CURRENT,°C,11.129877929687495
2026-08-22T10:10:00+00:00,22411190-2,RH,CURRENT,%,99.58342870222019
2026-08-22T10:10:00+00:00,22411190-3,Dew Point,CURRENT,°C,11.079766383612869
2026-08-22T10:10:00+00:00,22411191-1,Temperature,CURRENT,°C,11.580332031249995
2026-08-22T10:10:00+00:00,22411191-2,RH,CURRENT,%,100
2026-08-22T10:10:00+00:00,22411191-3,Dew Point,CURRENT,°C,11.5938927936662
2026-08-22T10:10:00+00:00,22411525-1,Temperature,CURRENT,°C,11.666132812499995
2026-08-22T10:10:00+00:00,22411525-2,RH,CURRENT,%,98.53971160448616
2026-08-22T10:10:00+00:00,22411525-3,Dew Point,CURRENT,°C,11.4571715790069
2026-08-22T10:10:00+00:00,22411526-1,Temperature,CURRENT,°C,10.314770507812497
2026-08-22T10:10:00+00:00,22411526-2,RH,CURRENT,%,100
2026-08-22T10:10:00+00:00,22411526-3,Dew Point,CURRENT,°C,10.32630835539643
2026-08-22T10:10:00+00:00,22411527-1,Temperature,CURRENT,°C,11.794833984374996
2026-08-22T10:10:00+00:00,22411527-2,RH,CURRENT,%,98.53055619134814
2026-08-22T10:10:00+00:00,22411527-3,Dew Point,CURRENT,°C,11.584441719946646
2026-08-22T10:10:00+00:00,22411528-1,Temperature,CURRENT,°C,10.164619140625
2026-08-22T10:10:00+00:00,22411528-2,RH,CURRENT,%,100
2026-08-22T10:10:00+00:00,22411528-3,Dew Point,CURRENT,°C,10.175916927067073
2026-08-22T10:10:00+00:00,22411529-1,Temperature,CURRENT,°C,10.6150732421875
2026-08-22T10:10:00+00:00,22411529-2,RH,CURRENT,%,98.75944151979859
2026-08-22T10:10:00+00:00,22411529-3,Dew Point,CURRENT,°C,10.439711638517418
2026-08-22T10:10:00+00:00,22411530-1,Temperature,CURRENT,°C,11.40873046875
2026-08-22T10:10:00+00:00,22411530-2,RH,CURRENT,%,99.9450675211719
2026-08-22T10:10:00+00:00,22411530-3,Dew Point,CURRENT,°C,11.413710163048364
2026-08-22T10:11:00+00:00,22411541-S,Battery,CURRENT,V,8.244779296875
2026-08-22T10:15:00+00:00,22411189-1,Temperature,CURRENT,°C,10.958276367187501
2026-08-22T10:15:00+00:00,22411189-2,RH,CURRENT,%,100
2026-08-22T10:15:00+00:00,22411189-3,Dew Point,CURRENT,°C,10.970842917781852
2026-08-22T10:15:00+00:00,22411190-1,Temperature,CURRENT,°C,11.301479492187497
2026-08-22T10:15:00+00:00,22411190-2,RH,CURRENT,%,99.65056839856565
2026-08-22T10:15:00+00:00,22411190-3,Dew Point,CURRENT,°C,11.261731069656076
2026-08-22T10:15:00+00:00,22411191-1,Temperature,CURRENT,°C,11.6875830078125
2026-08-22T10:15:00+00:00,22411191-2,RH,CURRENT,%,100
2026-08-22T10:15:00+00:00,22411191-3,Dew Point,CURRENT,°C,11.701315166080525
2026-08-22T10:15:00+00:00,22411525-1,Temperature,CURRENT,°C,11.7733837890625
2026-08-22T10:15:00+00:00,22411525-2,RH,CURRENT,%,98.72587167162585
2026-08-22T10:15:00+00:00,22411525-3,Dew Point,CURRENT,°C,11.592972302798238
2026-08-22T10:15:00+00:00,22411526-1,Temperature,CURRENT,°C,10.464921875000002
2026-08-22T10:15:00+00:00,22411526-2,RH,CURRENT,%,100
2026-08-22T10:15:00+00:00,22411526-3,Dew Point,CURRENT,°C,10.476699772208175
2026-08-22T10:15:00+00:00,22411527-1,Temperature,CURRENT,°C,11.8591845703125
2026-08-22T10:15:00+00:00,22411527-2,RH,CURRENT,%,99.17906462195774
2026-08-22T10:15:00+00:00,22411527-3,Dew Point,CURRENT,°C,11.748178665820934
2026-08-22T10:15:00+00:00,22411528-1,Temperature,CURRENT,°C,10.271870117187497
2026-08-22T10:15:00+00:00,22411528-2,RH,CURRENT,%,100
2026-08-22T10:15:00+00:00,22411528-3,Dew Point,CURRENT,°C,10.283339377049026
2026-08-22T10:15:00+00:00,22411529-1,Temperature,CURRENT,°C,10.400571289062498
2026-08-22T10:15:00+00:00,22411529-2,RH,CURRENT,%,98.43442435339895
2026-08-22T10:15:00+00:00,22411529-3,Dew Point,CURRENT,°C,10.17584213871767
2026-08-22T10:15:00+00:00,22411530-1,Temperature,CURRENT,°C,11.580332031249995
2026-08-22T10:15:00+00:00,22411530-2,RH,CURRENT,%,100
2026-08-22T10:15:00+00:00,22411530-3,Dew Point,CURRENT,°C,11.5938927936662
2026-08-22T10:16:00+00:00,22411541-S,Battery,CURRENT,V,8.235087158203125
2026-08-22T10:20:00+00:00,22411189-1,Temperature,CURRENT,°C,10.979726562499998
2026-08-22T10:20:00+00:00,22411189-2,RH,CURRENT,%,100
2026-08-22T10:20:00+00:00,22411189-3,Dew Point,CURRENT,°C,10.992327399551359
2026-08-22T10:20:00+00:00,22411190-1,Temperature,CURRENT,°C,11.194228515625
2026-08-22T10:20:00+00:00,22411190-2,RH,CURRENT,%,99.53612573434043
2026-08-22T10:20:00+00:00,22411190-3,Dew Point,CURRENT,°C,11.137020438400482
2026-08-22T10:20:00+00:00,22411191-1,Temperature,CURRENT,°C,11.923535156249997
2026-08-22T10:20:00+00:00,22411191-2,RH,CURRENT,%,100
2026-08-22T10:20:00+00:00,22411191-3,Dew Point,CURRENT,°C,11.937644364707328
2026-08-22T10:20:00+00:00,22411525-1,Temperature,CURRENT,°C,12.288188476562496
2026-08-22T10:20:00+00:00,22411525-2,RH,CURRENT,%,98.98832684824903
2026-08-22T10:20:00+00:00,22411525-3,Dew Point,CURRENT,°C,12.14816114206692
2026-08-22T10:20:00+00:00,22411526-1,Temperature,CURRENT,°C,10.7437744140625
2026-08-22T10:20:00+00:00,22411526-2,RH,CURRENT,%,100
2026-08-22T10:20:00+00:00,22411526-3,Dew Point,CURRENT,°C,10.755998087158718
2026-08-22T10:20:00+00:00,22411527-1,Temperature,CURRENT,°C,12.545590820312498
2026-08-22T10:20:00+00:00,22411527-2,RH,CURRENT,%,98.84489204242008
2026-08-22T10:20:00+00:00,22411527-3,Dew Point,CURRENT,°C,12.383561744676577
2026-08-22T10:20:00+00:00,22411528-1,Temperature,CURRENT,°C,10.529272460937499
2026-08-22T10:20:00+00:00,22411528-2,RH,CURRENT,%,100
2026-08-22T10:20:00+00:00,22411528-3,Dew Point,CURRENT,°C,10.541153233030256
2026-08-22T10:20:00+00:00,22411529-1,Temperature,CURRENT,°C,10.379121093750001
2026-08-22T10:20:00+00:00,22411529-2,RH,CURRENT,%,98.94254978255894
2026-08-22T10:20:00+00:00,22411529-3,Dew Point,CURRENT,°C,10.231473009501679
2026-08-22T10:20:00+00:00,22411530-1,Temperature,CURRENT,°C,11.515981445312498
2026-08-22T10:20:00+00:00,22411530-2,RH,CURRENT,%,99.5925841153582
2026-08-22T10:20:00+00:00,22411530-3,Dew Point,CURRENT,°C,11.467681557057194
2026-08-22T10:21:00+00:00,22411541-S,Battery,CURRENT,V,8.23831787109375
2026-08-22T10:25:00+00:00,22411189-1,Temperature,CURRENT,°C,10.979726562499998
2026-08-22T10:25:00+00:00,22411189-2,RH,CURRENT,%,100
2026-08-22T10:25:00+00:00,22411189-3,Dew Point,CURRENT,°C,10.992327399551359
2026-08-22T10:25:00+00:00,22411190-1,Temperature,CURRENT,°C,11.365830078125
2026-08-22T10:25:00+00:00,22411190-2,RH,CURRENT,%,99.62462806134127
2026-08-22T10:25:00+00:00,22411190-3,Dew Point,CURRENT,°C,11.322224243628156
2026-08-22T10:25:00+00:00,22411191-1,Temperature,CURRENT,°C,12.202387695312495
2026-08-22T10:25:00+00:00,22411191-2,RH,CURRENT,%,100
2026-08-22T10:25:00+00:00,22411191-3,Dew Point,CURRENT,°C,12.216942471870716
2026-08-22T10:25:00+00:00,22411525-1,Temperature,CURRENT,°C,12.545590820312498
2026-08-22T10:25:00+00:00,22411525-2,RH,CURRENT,%,98.75944151979859
2026-08-22T10:25:00+00:00,22411525-3,Dew Point,CURRENT,°C,12.370386084831011
2026-08-22T10:25:00+00:00,22411526-1,Temperature,CURRENT,°C,10.7008740234375
2026-08-22T10:25:00+00:00,22411526-2,RH,CURRENT,%,100
2026-08-22T10:25:00+00:00,22411526-3,Dew Point,CURRENT,°C,10.713029118213454
2026-08-22T10:25:00+00:00,22411527-1,Temperature,CURRENT,°C,12.781542968749996
2026-08-22T10:25:00+00:00,22411527-2,RH,CURRENT,%,98.26962691691463
2026-08-22T10:25:00+00:00,22411527-3,Dew Point,CURRENT,°C,12.530494275248836
2026-08-22T10:25:00+00:00,22411528-1,Temperature,CURRENT,°C,10.507822265624995
2026-08-22T10:25:00+00:00,22411528-2,RH,CURRENT,%,100
2026-08-22T10:25:00+00:00,22411528-3,Dew Point,CURRENT,°C,10.519668746324612
2026-08-22T10:25:00+00:00,22411529-1,Temperature,CURRENT,°C,10.443471679687498
2026-08-22T10:25:00+00:00,22411529-2,RH,CURRENT,%,99.61547264820325
2026-08-22T10:25:00+00:00,22411529-3,Dew Point,CURRENT,°C,10.397434168176739
2026-08-22T10:25:00+00:00,22411530-1,Temperature,CURRENT,°C,11.794833984374996
2026-08-22T10:25:00+00:00,22411530-2,RH,CURRENT,%,99.92675669489586
2026-08-22T10:25:00+00:00,22411530-3,Dew Point,CURRENT,°C,11.797626462523848
2026-08-22T10:26:00+00:00,22411541-S,Battery,CURRENT,V,8.235087158203125
2026-08-22T10:30:00+00:00,22411189-1,Temperature,CURRENT,°C,11.044077148437495
2026-08-22T10:30:00+00:00,22411189-2,RH,CURRENT,%,100
2026-08-22T10:30:00+00:00,22411189-3,Dew Point,CURRENT,°C,11.056780843449594
2026-08-22T10:30:00+00:00,22411190-1,Temperature,CURRENT,°C,11.387280273437497
2026-08-22T10:30:00+00:00,22411190-2,RH,CURRENT,%,99.54680704966812
2026-08-22T10:30:00+00:00,22411190-3,Dew Point,CURRENT,°C,11.331892802847886
2026-08-22T10:30:00+00:00,22411191-1,Temperature,CURRENT,°C,12.395439453125
2026-08-22T10:30:00+00:00,22411191-2,RH,CURRENT,%,100
2026-08-22T10:30:00+00:00,22411191-3,Dew Point,CURRENT,°C,12.410302676636645
2026-08-22T10:30:00+00:00,22411525-1,Temperature,CURRENT,°C,12.717192382812499
2026-08-22T10:30:00+00:00,22411525-2,RH,CURRENT,%,97.30373083085374
2026-08-22T10:30:00+00:00,22411525-3,Dew Point,CURRENT,°C,12.315681327941235
2026-08-22T10:30:00+00:00,22411526-1,Temperature,CURRENT,°C,10.722324218749996
2026-08-22T10:30:00+00:00,22411526-2,RH,CURRENT,%,100
2026-08-22T10:30:00+00:00,22411526-3,Dew Point,CURRENT,°C,10.734513602803613
2026-08-22T10:30:00+00:00,22411527-1,Temperature,CURRENT,°C,12.9745947265625
2026-08-22T10:30:00+00:00,22411527-2,RH,CURRENT,%,96.33325703822385
2026-08-22T10:30:00+00:00,22411527-3,Dew Point,CURRENT,°C,12.419786158661614
2026-08-22T10:30:00+00:00,22411528-1,Temperature,CURRENT,°C,10.529272460937499
2026-08-22T10:30:00+00:00,22411528-2,RH,CURRENT,%,100
2026-08-22T10:30:00+00:00,22411528-3,Dew Point,CURRENT,°C,10.541153233030256
2026-08-22T10:30:00+00:00,22411529-1,Temperature,CURRENT,°C,10.550722656249995
2026-08-22T10:30:00+00:00,22411529-2,RH,CURRENT,%,100
2026-08-22T10:30:00+00:00,22411529-3,Dew Point,CURRENT,°C,10.56263771950084
2026-08-22T10:30:00+00:00,22411530-1,Temperature,CURRENT,°C,11.9020849609375
2026-08-22T10:30:00+00:00,22411530-2,RH,CURRENT,%,99.67040512703136
2026-08-22T10:30:00+00:00,22411530-3,Dew Point,CURRENT,°C,11.866060548970916
2026-08-22T10:31:00+00:00,22411541-S,Battery,CURRENT,V,8.235087158203125
2026-08-22T10:35:00+00:00,22411189-1,Temperature,CURRENT,°C,11.23712890625
2026-08-22T10:35:00+00:00,22411189-2,RH,CURRENT,%,100
2026-08-22T10:35:00+00:00,22411189-3,Dew Point,CURRENT,°C,11.250141162451419
2026-08-22T10:35:00+00:00,22411190-1,Temperature,CURRENT,°C,11.537431640625002
2026-08-22T10:35:00+00:00,22411190-2,RH,CURRENT,%,99.63225757228962
2026-08-22T10:35:00+00:00,22411190-3,Dew Point,CURRENT,°C,11.495180038742276
2026-08-22T10:35:00+00:00,22411191-1,Temperature,CURRENT,°C,12.331088867187496
2026-08-22T10:35:00+00:00,22411191-2,RH,CURRENT,%,100
2026-08-22T10:35:00+00:00,22411191-3,Dew Point,CURRENT,°C,12.345849277163483
2026-08-22T10:35:00+00:00,22411525-1,Temperature,CURRENT,°C,12.567041015625001
2026-08-22T10:35:00+00:00,22411525-2,RH,CURRENT,%,97.14198519874876
2026-08-22T10:35:00+00:00,22411525-3,Dew Point,CURRENT,°C,12.140490800621496
2026-08-22T10:35:00+00:00,22411526-1,Temperature,CURRENT,°C,10.8724755859375
2026-08-22T10:35:00+00:00,22411526-2,RH,CURRENT,%,100
2026-08-22T10:35:00+00:00,22411526-3,Dew Point,CURRENT,°C,10.884904988353242
2026-08-22T10:35:00+00:00,22411527-1,Temperature,CURRENT,°C,12.8029931640625
2026-08-22T10:35:00+00:00,22411527-2,RH,CURRENT,%,96.47821774624246
2026-08-22T10:35:00+00:00,22411527-3,Dew Point,CURRENT,°C,12.27157750689789
2026-08-22T10:35:00+00:00,22411528-1,Temperature,CURRENT,°C,10.636523437499996
2026-08-22T10:35:00+00:00,22411528-2,RH,CURRENT,%,100
2026-08-22T10:35:00+00:00,22411528-3,Dew Point,CURRENT,°C,10.648575663032652
2026-08-22T10:35:00+00:00,22411529-1,Temperature,CURRENT,°C,10.679423828124996
2026-08-22T10:35:00+00:00,22411529-2,RH,CURRENT,%,100
2026-08-22T10:35:00+00:00,22411529-3,Dew Point,CURRENT,°C,10.691544633388247
2026-08-22T10:35:00+00:00,22411530-1,Temperature,CURRENT,°C,12.009335937499998
2026-08-22T10:35:00+00:00,22411530-2,RH,CURRENT,%,99.54680704966812
2026-08-22T10:35:00+00:00,22411530-3,Dew Point,CURRENT,°C,11.954598797554452
2026-08-22T10:36:00+00:00,22411541-S,Battery,CURRENT,V,8.23831787109375
2026-08-22T10:40:00+00:00,22411189-1,Temperature,CURRENT,°C,11.108427734374999
2026-08-22T10:40:00+00:00,22411189-2,RH,CURRENT,%,100
2026-08-22T10:40:00+00:00,22411189-3,Dew Point,CURRENT,°C,11.121234285232353
2026-08-22T10:40:00+00:00,22411190-1,Temperature,CURRENT,°C,11.515981445312498
2026-08-22T10:40:00+00:00,22411190-2,RH,CURRENT,%,99.62462806134127
2026-08-22T10:40:00+00:00,22411190-3,Dew Point,CURRENT,°C,11.472546947714706
2026-08-22T10:40:00+00:00,22411191-1,Temperature,CURRENT,°C,12.223837890625
2026-08-22T10:40:00+00:00,22411191-2,RH,CURRENT,%,100
2026-08-22T10:40:00+00:00,22411191-3,Dew Point,CURRENT,°C,12.238426940007148
2026-08-22T10:40:00+00:00,22411525-1,Temperature,CURRENT,°C,12.416889648437497
2026-08-22T10:40:00+00:00,22411525-2,RH,CURRENT,%,96.72083619439994
2026-08-22T10:40:00+00:00,22411525-3,Dew Point,CURRENT,°C,11.924660962874814
2026-08-22T10:40:00+00:00,22411526-1,Temperature,CURRENT,°C,10.808124999999997
2026-08-22T10:40:00+00:00,22411526-2,RH,CURRENT,%,100
2026-08-22T10:40:00+00:00,22411526-3,Dew Point,CURRENT,°C,10.820451538813717
2026-08-22T10:40:00+00:00,22411527-1,Temperature,CURRENT,°C,12.609941406250002
2026-08-22T10:40:00+00:00,22411527-2,RH,CURRENT,%,96.09826810101472
2026-08-22T10:40:00+00:00,22411527-3,Dew Point,CURRENT,°C,12.019103667075042
2026-08-22T10:40:00+00:00,22411528-1,Temperature,CURRENT,°C,10.7008740234375
2026-08-22T10:40:00+00:00,22411528-2,RH,CURRENT,%,100
2026-08-22T10:40:00+00:00,22411528-3,Dew Point,CURRENT,°C,10.713029118213454
2026-08-22T10:40:00+00:00,22411529-1,Temperature,CURRENT,°C,10.765224609374997
2026-08-22T10:40:00+00:00,22411529-2,RH,CURRENT,%,100
2026-08-22T10:40:00+00:00,22411529-3,Dew Point,CURRENT,°C,10.77748257127877
2026-08-22T10:40:00+00:00,22411530-1,Temperature,CURRENT,°C,11.880634765624997
2026-08-22T10:40:00+00:00,22411530-2,RH,CURRENT,%,99.26298924238957
2026-08-22T10:40:00+00:00,22411530-3,Dew Point,CURRENT,°C,11.782465518379167
2026-08-22T10:41:00+00:00,22411541-S,Battery,CURRENT,V,8.228625732421875
2026-08-22T10:45:00+00:00,22411189-1,Temperature,CURRENT,°C,11.40873046875
2026-08-22T10:45:00+00:00,22411189-2,RH,CURRENT,%,100
2026-08-22T10:45:00+00:00,22411189-3,Dew Point,CURRENT,°C,11.422016985580516
2026-08-22T10:45:00+00:00,22411190-1,Temperature,CURRENT,°C,11.8162841796875
2026-08-22T10:45:00+00:00,22411190-2,RH,CURRENT,%,99.64141298542764
2026-08-22T10:45:00+00:00,22411190-3,Dew Point,CURRENT,°C,11.77574633878318
2026-08-22T10:45:00+00:00,22411191-1,Temperature,CURRENT,°C,12.245288085937496
2026-08-22T10:45:00+00:00,22411191-2,RH,CURRENT,%,99.7940032043946
2026-08-22T10:45:00+00:00,22411191-3,Dew Point,CURRENT,°C,12.228530099665125
2026-08-22T10:45:00+00:00,22411525-1,Temperature,CURRENT,°C,12.309638671875
2026-08-22T10:45:00+00:00,22411525-2,RH,CURRENT,%,96.22186617837797
2026-08-22T10:45:00+00:00,22411525-3,Dew Point,CURRENT,°C,11.739254941066914
2026-08-22T10:45:00+00:00,22411526-1,Temperature,CURRENT,°C,10.893925781249997
2026-08-22T10:45:00+00:00,22411526-2,RH,CURRENT,%,100
2026-08-22T10:45:00+00:00,22411526-3,Dew Point,CURRENT,°C,10.906389471062965
2026-08-22T10:45:00+00:00,22411527-1,Temperature,CURRENT,°C,12.481240234375
2026-08-22T10:45:00+00:00,22411527-2,RH,CURRENT,%,95.86175326161593
2026-08-22T10:45:00+00:00,22411527-3,Dew Point,CURRENT,°C,11.85343089639035
2026-08-22T10:45:00+00:00,22411528-1,Temperature,CURRENT,°C,10.765224609374997
2026-08-22T10:45:00+00:00,22411528-2,RH,CURRENT,%,100
2026-08-22T10:45:00+00:00,22411528-3,Dew Point,CURRENT,°C,10.77748257127877
2026-08-22T10:45:00+00:00,22411529-1,Temperature,CURRENT,°C,10.915375976562501
2026-08-22T10:45:00+00:00,22411529-2,RH,CURRENT,%,100
2026-08-22T10:45:00+00:00,22411529-3,Dew Point,CURRENT,°C,10.92787395353765
2026-08-22T10:45:00+00:00,22411530-1,Temperature,CURRENT,°C,12.052236328124998
2026-08-22T10:45:00+00:00,22411530-2,RH,CURRENT,%,98.61753261615931
2026-08-22T10:45:00+00:00,22411530-3,Dew Point,CURRENT,°C,11.855177043342264
2026-08-22T10:46:00+00:00,22411541-S,Battery,CURRENT,V,8.228625732421875
2026-08-22T10:50:00+00:00,22411189-1,Temperature,CURRENT,°C,11.7733837890625
2026-08-22T10:50:00+00:00,22411189-2,RH,CURRENT,%,100
2026-08-22T10:50:00+00:00,22411189-3,Dew Point,CURRENT,°C,11.787253059781015
2026-08-22T10:50:00+00:00,22411190-1,Temperature,CURRENT,°C,12.052236328124998
2026-08-22T10:50:00+00:00,22411190-2,RH,CURRENT,%,99.55596246280614
2026-08-22T10:50:00+00:00,22411190-3,Dew Point,CURRENT,°C,11.998940812731071
2026-08-22T10:50:00+00:00,22411191-1,Temperature,CURRENT,°C,12.3525390625
2026-08-22T10:50:00+00:00,22411191-2,RH,CURRENT,%,99.27214465552758
2026-08-22T10:50:00+00:00,22411191-3,Dew Point,CURRENT,°C,12.256102243098715
2026-08-22T10:50:00+00:00,22411525-1,Temperature,CURRENT,°C,12.395439453125
2026-08-22T10:50:00+00:00,22411525-2,RH,CURRENT,%,96.2050812542916
2026-08-22T10:50:00+00:00,22411525-3,Dew Point,CURRENT,°C,11.822145025677438
2026-08-22T10:50:00+00:00,22411526-1,Temperature,CURRENT,°C,11.086977539062495
2026-08-22T10:50:00+00:00,22411526-2,RH,CURRENT,%,100
2026-08-22T10:50:00+00:00,22411526-3,Dew Point,CURRENT,°C,11.099749804873156
2026-08-22T10:50:00+00:00,22411527-1,Temperature,CURRENT,°C,12.524140625000001
2026-08-22T10:50:00+00:00,22411527-2,RH,CURRENT,%,95.87396047913329
2026-08-22T10:50:00+00:00,22411527-3,Dew Point,CURRENT,°C,11.898111708995136
2026-08-22T10:50:00+00:00,22411528-1,Temperature,CURRENT,°C,11.044077148437495
2026-08-22T10:50:00+00:00,22411528-2,RH,CURRENT,%,100
2026-08-22T10:50:00+00:00,22411528-3,Dew Point,CURRENT,°C,11.056780843449594
2026-08-22T10:50:00+00:00,22411529-1,Temperature,CURRENT,°C,11.065527343749999
2026-08-22T10:50:00+00:00,22411529-2,RH,CURRENT,%,100
2026-08-22T10:50:00+00:00,22411529-3,Dew Point,CURRENT,°C,11.078265324278906
2026-08-22T10:50:00+00:00,22411530-1,Temperature,CURRENT,°C,12.159487304687495
2026-08-22T10:50:00+00:00,22411530-2,RH,CURRENT,%,98.14908064393073
2026-08-22T10:50:00+00:00,22411530-3,Dew Point,CURRENT,°C,11.890140334899664
2026-08-22T10:51:00+00:00,22411541-S,Battery,CURRENT,V,8.228625732421875
2026-08-22T10:55:00+00:00,22411189-1,Temperature,CURRENT,°C,11.9449853515625
2026-08-22T10:55:00+00:00,22411189-2,RH,CURRENT,%,100
2026-08-22T10:55:00+00:00,22411189-3,Dew Point,CURRENT,°C,11.95912883589946
2026-08-22T10:55:00+00:00,22411190-1,Temperature,CURRENT,°C,12.138037109374999
2026-08-22T10:55:00+00:00,22411190-2,RH,CURRENT,%,99.40947585259785
2026-08-22T10:55:00+00:00,22411190-3,Dew Point,CURRENT,°C,12.062454215044317
2026-08-22T10:55:00+00:00,22411191-1,Temperature,CURRENT,°C,12.26673828125
2026-08-22T10:55:00+00:00,22411191-2,RH,CURRENT,%,98.72587167162585
2026-08-22T10:55:00+00:00,22411191-3,Dew Point,CURRENT,°C,12.086345059326264
2026-08-22T10:55:00+00:00,22411525-1,Temperature,CURRENT,°C,12.245288085937496
2026-08-22T10:55:00+00:00,22411525-2,RH,CURRENT,%,95.92431525139239
2026-08-22T10:55:00+00:00,22411525-3,Dew Point,CURRENT,°C,11.628193288958162
2026-08-22T10:55:00+00:00,22411526-1,Temperature,CURRENT,°C,11.344379882812497
2026-08-22T10:55:00+00:00,22411526-2,RH,CURRENT,%,100
2026-08-22T10:55:00+00:00,22411526-3,Dew Point,CURRENT,°C,11.35756355367001
2026-08-22T10:55:00+00:00,22411527-1,Temperature,CURRENT,°C,12.3525390625
2026-08-22T10:55:00+00:00,22411527-2,RH,CURRENT,%,95.76104371709773
2026-08-22T10:55:00+00:00,22411527-3,Dew Point,CURRENT,°C,11.709256661085371
2026-08-22T10:55:00+00:00,22411528-1,Temperature,CURRENT,°C,11.344379882812497
2026-08-22T10:55:00+00:00,22411528-2,RH,CURRENT,%,100
2026-08-22T10:55:00+00:00,22411528-3,Dew Point,CURRENT,°C,11.35756355367001
2026-08-22T10:55:00+00:00,22411529-1,Temperature,CURRENT,°C,11.3229296875
2026-08-22T10:55:00+00:00,22411529-2,RH,CURRENT,%,100
2026-08-22T10:55:00+00:00,22411529-3,Dew Point,CURRENT,°C,11.336079075896397
2026-08-22T10:55:00+00:00,22411530-1,Temperature,CURRENT,°C,12.180937499999999
2026-08-22T10:55:00+00:00,22411530-2,RH,CURRENT,%,97.28389410238803
2026-08-22T10:55:00+00:00,22411530-3,Dew Point,CURRENT,°C,11.777263307569296
2026-08-22T10:56:00+00:00,22411541-S,Battery,CURRENT,V,8.235087158203125
2026-08-22T11:00:00+00:00,22411189-1,Temperature,CURRENT,°C,12.3525390625
2026-08-22T11:00:00+00:00,22411189-2,RH,CURRENT,%,100
2026-08-22T11:00:00+00:00,22411189-3,Dew Point,CURRENT,°C,12.36733374388959
2026-08-22T11:00:00+00:00,22411190-1,Temperature,CURRENT,°C,12.695742187499995
2026-08-22T11:00:00+00:00,22411190-2,RH,CURRENT,%,99.02800030518044
2026-08-22T11:00:00+00:00,22411190-3,Dew Point,CURRENT,°C,12.561973900447537
2026-08-22T11:00:00+00:00,22411191-1,Temperature,CURRENT,°C,12.545590820312498
2026-08-22T11:00:00+00:00,22411191-2,RH,CURRENT,%,98.69993133440147
2026-08-22T11:00:00+00:00,22411191-3,Dew Point,CURRENT,°C,12.361204263788785
2026-08-22T11:00:00+00:00,22411525-1,Temperature,CURRENT,°C,12.502690429687497
2026-08-22T11:00:00+00:00,22411525-2,RH,CURRENT,%,95.90142671854734
2026-08-22T11:00:00+00:00,22411525-3,Dew Point,CURRENT,°C,11.881083573137607
2026-08-22T11:00:00+00:00,22411526-1,Temperature,CURRENT,°C,11.751933593749996
2026-08-22T11:00:00+00:00,22411526-2,RH,CURRENT,%,100
2026-08-22T11:00:00+00:00,22411526-3,Dew Point,CURRENT,°C,11.765768586708475
2026-08-22T11:00:00+00:00,22411527-1,Temperature,CURRENT,°C,12.609941406250002
2026-08-22T11:00:00+00:00,22411527-2,RH,CURRENT,%,95.75188830395972
2026-08-22T11:00:00+00:00,22411527-3,Dew Point,CURRENT,°C,11.96426262555437
2026-08-22T11:00:00+00:00,22411528-1,Temperature,CURRENT,°C,11.473081054687498
2026-08-22T11:00:00+00:00,22411528-2,RH,CURRENT,%,100
2026-08-22T11:00:00+00:00,22411528-3,Dew Point,CURRENT,°C,11.486470415375543
2026-08-22T11:00:00+00:00,22411529-1,Temperature,CURRENT,°C,11.494531250000001
2026-08-22T11:00:00+00:00,22411529-2,RH,CURRENT,%,100
2026-08-22T11:00:00+00:00,22411529-3,Dew Point,CURRENT,°C,11.507954891503791
2026-08-22T11:00:00+00:00,22411530-1,Temperature,CURRENT,°C,12.481240234375
2026-08-22T11:00:00+00:00,22411530-2,RH,CURRENT,%,96.89631494621194
2026-08-22T11:00:00+00:00,22411530-3,Dew Point,CURRENT,°C,12.016384983328292
2026-08-22T11:01:00+00:00,22411541-S,Battery,CURRENT,V,8.235087158203125
2026-08-22T11:05:00+00:00,22411189-1,Temperature,CURRENT,°C,12.738642578124995
2026-08-22T11:05:00+00:00,22411189-2,RH,CURRENT,%,100
2026-08-22T11:05:00+00:00,22411189-3,Dew Point,CURRENT,°C,12.754054104765423
2026-08-22T11:05:00+00:00,22411190-1,Temperature,CURRENT,°C,12.996044921874997
2026-08-22T11:05:00+00:00,22411190-2,RH,CURRENT,%,97.97970550087739
2026-08-22T11:05:00+00:00,22411190-3,Dew Point,CURRENT,°C,12.699745525012105
2026-08-22T11:05:00+00:00,22411191-1,Temperature,CURRENT,°C,12.7600927734375
2026-08-22T11:05:00+00:00,22411191-2,RH,CURRENT,%,98.19943541618983
2026-08-22T11:05:00+00:00,22411191-3,Dew Point,CURRENT,°C,12.498159077071055
2026-08-22T11:05:00+00:00,22411525-1,Temperature,CURRENT,°C,12.717192382812499
2026-08-22T11:05:00+00:00,22411525-2,RH,CURRENT,%,95.51232166018158
2026-08-22T11:05:00+00:00,22411525-3,Dew Point,CURRENT,°C,12.033054061925531
2026-08-22T11:05:00+00:00,22411526-1,Temperature,CURRENT,°C,12.545590820312498
2026-08-22T11:05:00+00:00,22411526-2,RH,CURRENT,%,100
2026-08-22T11:05:00+00:00,22411526-3,Dew Point,CURRENT,°C,12.56069393384716
2026-08-22T11:05:00+00:00,22411527-1,Temperature,CURRENT,°C,12.8029931640625
2026-08-22T11:05:00+00:00,22411527-2,RH,CURRENT,%,95.54436560616465
2026-08-22T11:05:00+00:00,22411527-3,Dew Point,CURRENT,°C,12.123612156679721
2026-08-22T11:05:00+00:00,22411528-1,Temperature,CURRENT,°C,11.9449853515625
2026-08-22T11:05:00+00:00,22411528-2,RH,CURRENT,%,100
2026-08-22T11:05:00+00:00,22411528-3,Dew Point,CURRENT,°C,11.95912883589946
2026-08-22T11:05:00+00:00,22411529-1,Temperature,CURRENT,°C,11.837734374999997
2026-08-22T11:05:00+00:00,22411529-2,RH,CURRENT,%,100
2026-08-22T11:05:00+00:00,22411529-3,Dew Point,CURRENT,°C,11.85170647758833
2026-08-22T11:05:00+00:00,22411530-1,Temperature,CURRENT,°C,12.7600927734375
2026-08-22T11:05:00+00:00,22411530-2,RH,CURRENT,%,96.14404516670481
2026-08-22T11:05:00+00:00,22411530-3,Dew Point,CURRENT,°C,12.176010764847973
2026-08-22T11:06:00+00:00,22411541-S,Battery,CURRENT,V,8.235087158203125
2026-08-22T11:10:00+00:00,22411189-1,Temperature,CURRENT,°C,13.360698242187496
2026-08-22T11:10:00+00:00,22411189-2,RH,CURRENT,%,100
2026-08-22T11:10:00+00:00,22411189-3,Dew Point,CURRENT,°C,13.37710341487671
2026-08-22T11:10:00+00:00,22411190-1,Temperature,CURRENT,°C,13.639550781250001
2026-08-22T11:10:00+00:00,22411190-2,RH,CURRENT,%,96.38666361486229
2026-08-22T11:10:00+00:00,22411190-3,Dew Point,CURRENT,°C,13.091263399386001
2026-08-22T11:10:00+00:00,22411191-1,Temperature,CURRENT,°C,13.403598632812496
2026-08-22T11:10:00+00:00,22411191-2,RH,CURRENT,%,98.33829251544977
2026-08-22T11:10:00+00:00,22411191-3,Dew Point,CURRENT,°C,13.16292456032609
2026-08-22T11:10:00+00:00,22411525-1,Temperature,CURRENT,°C,13.339248046875
2026-08-22T11:10:00+00:00,22411525-2,RH,CURRENT,%,95.75646601052873
2026-08-22T11:10:00+00:00,22411525-3,Dew Point,CURRENT,°C,12.691606846689044
2026-08-22T11:10:00+00:00,22411526-1,Temperature,CURRENT,°C,12.9316943359375
2026-08-22T11:10:00+00:00,22411526-2,RH,CURRENT,%,100
2026-08-22T11:10:00+00:00,22411526-3,Dew Point,CURRENT,°C,12.94741425664439
2026-08-22T11:10:00+00:00,22411527-1,Temperature,CURRENT,°C,13.489399414062497
2026-08-22T11:10:00+00:00,22411527-2,RH,CURRENT,%,95.45281147478447
2026-08-22T11:10:00+00:00,22411527-3,Dew Point,CURRENT,°C,12.792646296549677
2026-08-22T11:10:00+00:00,22411528-1,Temperature,CURRENT,°C,12.373989257812497
2026-08-22T11:10:00+00:00,22411528-2,RH,CURRENT,%,100
2026-08-22T11:10:00+00:00,22411528-3,Dew Point,CURRENT,°C,12.388818210380645
2026-08-22T11:10:00+00:00,22411529-1,Temperature,CURRENT,°C,12.288188476562496
2026-08-22T11:10:00+00:00,22411529-2,RH,CURRENT,%,100
2026-08-22T11:10:00+00:00,22411529-3,Dew Point,CURRENT,°C,12.302880343006105
2026-08-22T11:10:00+00:00,22411530-1,Temperature,CURRENT,°C,13.29634765625
2026-08-22T11:10:00+00:00,22411530-2,RH,CURRENT,%,96.64454108491645
2026-08-22T11:10:00+00:00,22411530-3,Dew Point,CURRENT,°C,12.789887252978138
2026-08-22T11:11:00+00:00,22411541-S,Battery,CURRENT,V,8.23831787109375
2026-08-22T11:15:00+00:00,22411189-1,Temperature,CURRENT,°C,13.8755029296875
2026-08-22T11:15:00+00:00,22411189-2,RH,CURRENT,%,99.71160448615244
2026-08-22T11:15:00+00:00,22411189-3,Dew Point,CURRENT,°C,13.848204505458364
2026-08-22T11:15:00+00:00,22411190-1,Temperature,CURRENT,°C,14.261606445312495
2026-08-22T11:15:00+00:00,22411190-2,RH,CURRENT,%,94.56015869382773
2026-08-22T11:15:00+00:00,22411190-3,Dew Point,CURRENT,°C,13.417278322690574
2026-08-22T11:15:00+00:00,22411191-1,Temperature,CURRENT,°C,14.068554687499997
2026-08-22T11:15:00+00:00,22411191-2,RH,CURRENT,%,96.2600137331197
2026-08-22T11:15:00+00:00,22411191-3,Dew Point,CURRENT,°C,13.498808242311581
2026-08-22T11:15:00+00:00,22411525-1,Temperature,CURRENT,°C,13.982753906249997
2026-08-22T11:15:00+00:00,22411525-2,RH,CURRENT,%,93.60799572747386
2026-08-22T11:15:00+00:00,22411525-3,Dew Point,CURRENT,°C,12.984863006528114
2026-08-22T11:15:00+00:00,22411526-1,Temperature,CURRENT,°C,13.425048828125
2026-08-22T11:15:00+00:00,22411526-2,RH,CURRENT,%,100
2026-08-22T11:15:00+00:00,22411526-3,Dew Point,CURRENT,°C,13.44155678050223
2026-08-22T11:15:00+00:00,22411527-1,Temperature,CURRENT,°C,14.0900048828125
2026-08-22T11:15:00+00:00,22411527-2,RH,CURRENT,%,93.20515754940108
2026-08-22T11:15:00+00:00,22411527-3,Dew Point,CURRENT,°C,13.025359748063586
2026-08-22T11:15:00+00:00,22411528-1,Temperature,CURRENT,°C,12.9745947265625
2026-08-22T11:15:00+00:00,22411528-2,RH,CURRENT,%,100
2026-08-22T11:15:00+00:00,22411528-3,Dew Point,CURRENT,°C,12.990383176698584
2026-08-22T11:15:00+00:00,22411529-1,Temperature,CURRENT,°C,12.824443359374996
2026-08-22T11:15:00+00:00,22411529-2,RH,CURRENT,%,100
2026-08-22T11:15:00+00:00,22411529-3,Dew Point,CURRENT,°C,12.839991952395497
2026-08-22T11:15:00+00:00,22411530-1,Temperature,CURRENT,°C,13.9184033203125
2026-08-22T11:15:00+00:00,22411530-2,RH,CURRENT,%,94.64255741206989
2026-08-22T11:15:00+00:00,22411530-3,Dew Point,CURRENT,°C,13.089218156504657
2026-08-22T11:16:00+00:00,22411541-S,Battery,CURRENT,V,8.23831787109375
2026-08-22T11:20:00+00:00,22411189-1,Temperature,CURRENT,°C,14.240156249999998
2026-08-22T11:20:00+00:00,22411189-2,RH,CURRENT,%,97.81033035782406
2026-08-22T11:20:00+00:00,22411189-3,Dew Point,CURRENT,°C,13.916049064985787
2026-08-22T11:20:00+00:00,22411190-1,Temperature,CURRENT,°C,14.754960937500002
2026-08-22T11:20:00+00:00,22411190-2,RH,CURRENT,%,92.36285954070344
2026-08-22T11:20:00+00:00,22411190-3,Dew Point,CURRENT,°C,13.545984672433837
2026-08-22T11:20:00+00:00,22411191-1,Temperature,CURRENT,°C,14.433208007812496
2026-08-22T11:20:00+00:00,22411191-2,RH,CURRENT,%,94.83024338139926
2026-08-22T11:20:00+00:00,22411191-3,Dew Point,CURRENT,°C,13.631859479357958
2026-08-22T11:20:00+00:00,22411525-1,Temperature,CURRENT,°C,14.347407226562495
2026-08-22T11:20:00+00:00,22411525-2,RH,CURRENT,%,92.53223468375677
2026-08-22T11:20:00+00:00,22411525-3,Dew Point,CURRENT,°C,13.169822393771614
2026-08-22T11:20:00+00:00,22411526-1,Temperature,CURRENT,°C,13.982753906249997
2026-08-22T11:20:00+00:00,22411526-2,RH,CURRENT,%,100
2026-08-22T11:20:00+00:00,22411526-3,Dew Point,CURRENT,°C,14.000152527308416
2026-08-22T11:20:00+00:00,22411527-1,Temperature,CURRENT,°C,14.433208007812496
2026-08-22T11:20:00+00:00,22411527-2,RH,CURRENT,%,92.40405889982452
2026-08-22T11:20:00+00:00,22411527-3,Dew Point,CURRENT,°C,13.233682730901139
2026-08-22T11:20:00+00:00,22411528-1,Temperature,CURRENT,°C,13.3821484375
2026-08-22T11:20:00+00:00,22411528-2,RH,CURRENT,%,100
2026-08-22T11:20:00+00:00,22411528-3,Dew Point,CURRENT,°C,13.398587870320267
2026-08-22T11:20:00+00:00,22411529-1,Temperature,CURRENT,°C,13.317797851562496
2026-08-22T11:20:00+00:00,22411529-2,RH,CURRENT,%,100
2026-08-22T11:20:00+00:00,22411529-3,Dew Point,CURRENT,°C,13.334134503284432
2026-08-22T11:20:00+00:00,22411530-1,Temperature,CURRENT,°C,14.325957031249999
2026-08-22T11:20:00+00:00,22411530-2,RH,CURRENT,%,93.49813076981765
2026-08-22T11:20:00+00:00,22411530-3,Dew Point,CURRENT,°C,13.30781932936985
2026-08-22T11:21:00+00:00,22411541-S,Battery,CURRENT,V,8.244779296875
2026-08-22T11:25:00+00:00,22411189-1,Temperature,CURRENT,°C,14.776411132812498
2026-08-22T11:25:00+00:00,22411189-2,RH,CURRENT,%,96.6018158236057
2026-08-22T11:25:00+00:00,22411189-3,Dew Point,CURRENT,°C,14.25928942783253
2026-08-22T11:25:00+00:00,22411190-1,Temperature,CURRENT,°C,15.291215820312502
2026-08-22T11:25:00+00:00,22411190-2,RH,CURRENT,%,91.108567940795
2026-08-22T11:25:00+00:00,22411190-3,Dew Point,CURRENT,°C,13.866912550303564
2026-08-22T11:25:00+00:00,22411191-1,Temperature,CURRENT,°C,14.862211914062499
2026-08-22T11:25:00+00:00,22411191-2,RH,CURRENT,%,94.14053559166858
2026-08-22T11:25:00+00:00,22411191-3,Dew Point,CURRENT,°C,13.946101708266646
2026-08-22T11:25:00+00:00,22411525-1,Temperature,CURRENT,°C,14.754960937500002
2026-08-22T11:25:00+00:00,22411525-2,RH,CURRENT,%,91.96154726482033
2026-08-22T11:25:00+00:00,22411525-3,Dew Point,CURRENT,°C,13.479044088427148
2026-08-22T11:25:00+00:00,22411526-1,Temperature,CURRENT,°C,14.647709960937497
2026-08-22T11:25:00+00:00,22411526-2,RH,CURRENT,%,100
2026-08-22T11:25:00+00:00,22411526-3,Dew Point,CURRENT,°C,14.666170325446588
2026-08-22T11:25:00+00:00,22411527-1,Temperature,CURRENT,°C,14.819311523437499
2026-08-22T11:25:00+00:00,22411527-2,RH,CURRENT,%,91.96002136263066
2026-08-22T11:25:00+00:00,22411527-3,Dew Point,CURRENT,°C,13.542582910161272
2026-08-22T11:25:00+00:00,22411528-1,Temperature,CURRENT,°C,13.9184033203125
2026-08-22T11:25:00+00:00,22411528-2,RH,CURRENT,%,100
2026-08-22T11:25:00+00:00,22411528-3,Dew Point,CURRENT,°C,13.93569918001703
2026-08-22T11:25:00+00:00,22411529-1,Temperature,CURRENT,°C,14.0042041015625
2026-08-22T11:25:00+00:00,22411529-2,RH,CURRENT,%,100
2026-08-22T11:25:00+00:00,22411529-3,Dew Point,CURRENT,°C,14.021636975935445
2026-08-22T11:25:00+00:00,22411530-1,Temperature,CURRENT,°C,14.776411132812498
2026-08-22T11:25:00+00:00,22411530-2,RH,CURRENT,%,92.83588921950103
2026-08-22T11:25:00+00:00,22411530-3,Dew Point,CURRENT,°C,13.645850375596023
2026-08-22T11:26:00+00:00,22411541-S,Battery,CURRENT,V,8.244779296875
2026-08-22T11:30:00+00:00,22411189-1,Temperature,CURRENT,°C,15.291215820312502
2026-08-22T11:30:00+00:00,22411189-2,RH,CURRENT,%,95.40703440909438
2026-08-22T11:30:00+00:00,22411189-3,Dew Point,CURRENT,°C,14.579630449442597
2026-08-22T11:30:00+00:00,22411190-1,Temperature,CURRENT,°C,15.677319335937497
2026-08-22T11:30:00+00:00,22411190-2,RH,CURRENT,%,90.22049286640727
2026-08-22T11:30:00+00:00,22411190-3,Dew Point,CURRENT,°C,14.097851846186119
2026-08-22T11:30:00+00:00,22411191-1,Temperature,CURRENT,°C,15.141064453124997
2026-08-22T11:30:00+00:00,22411191-2,RH,CURRENT,%,93.60799572747386
2026-08-22T11:30:00+00:00,22411191-3,Dew Point,CURRENT,°C,14.135660841692689
2026-08-22T11:30:00+00:00,22411525-1,Temperature,CURRENT,°C,15.012363281249996
2026-08-22T11:30:00+00:00,22411525-2,RH,CURRENT,%,91.36034180209049
2026-08-22T11:30:00+00:00,22411525-3,Dew Point,CURRENT,°C,13.633249220825464
2026-08-22T11:30:00+00:00,22411526-1,Temperature,CURRENT,°C,15.1196142578125
2026-08-22T11:30:00+00:00,22411526-2,RH,CURRENT,%,99.71465629053178
2026-08-22T11:30:00+00:00,22411526-3,Dew Point,CURRENT,°C,15.09433654215314
2026-08-22T11:30:00+00:00,22411527-1,Temperature,CURRENT,°C,15.0767138671875
2026-08-22T11:30:00+00:00,22411527-2,RH,CURRENT,%,91.30235751888304
2026-08-22T11:30:00+00:00,22411527-3,Dew Point,CURRENT,°C,13.687217323677094
2026-08-22T11:30:00+00:00,22411528-1,Temperature,CURRENT,°C,14.325957031249999
2026-08-22T11:30:00+00:00,22411528-2,RH,CURRENT,%,100
2026-08-22T11:30:00+00:00,22411528-3,Dew Point,CURRENT,°C,14.343903677134453
2026-08-22T11:30:00+00:00,22411529-1,Temperature,CURRENT,°C,14.390307617187496
2026-08-22T11:30:00+00:00,22411529-2,RH,CURRENT,%,100
2026-08-22T11:30:00+00:00,22411529-3,Dew Point,CURRENT,°C,14.40835701102783
2026-08-22T11:30:00+00:00,22411530-1,Temperature,CURRENT,°C,15.055263671874997
2026-08-22T11:30:00+00:00,22411530-2,RH,CURRENT,%,92.29114213778897
2026-08-22T11:30:00+00:00,22411530-3,Dew Point,CURRENT,°C,13.831874854012826
2026-08-22T11:31:00+00:00,22411541-S,Battery,CURRENT,V,8.25124072265625
2026-08-22T11:35:00+00:00,22411189-1,Temperature,CURRENT,°C,15.827470703125002
2026-08-22T11:35:00+00:00,22411189-2,RH,CURRENT,%,92.72602426184481
2026-08-22T11:35:00+00:00,22411189-3,Dew Point,CURRENT,°C,14.670633376078298
2026-08-22T11:35:00+00:00,22411190-1,Temperature,CURRENT,°C,16.084873046874996
2026-08-22T11:35:00+00:00,22411190-2,RH,CURRENT,%,88.7052719920653
2026-08-22T11:35:00+00:00,22411190-3,Dew Point,CURRENT,°C,14.238757383248132
2026-08-22T11:35:00+00:00,22411191-1,Temperature,CURRENT,°C,15.4413671875
2026-08-22T11:35:00+00:00,22411191-2,RH,CURRENT,%,92.12634470130465
2026-08-22T11:35:00+00:00,22411191-3,Dew Point,CURRENT,°C,14.187173540804066
2026-08-22T11:35:00+00:00,22411525-1,Temperature,CURRENT,°C,15.312666015624998
2026-08-22T11:35:00+00:00,22411525-2,RH,CURRENT,%,89.83291371023117
2026-08-22T11:35:00+00:00,22411525-3,Dew Point,CURRENT,°C,13.670925409395872
2026-08-22T11:35:00+00:00,22411526-1,Temperature,CURRENT,°C,15.677319335937497
2026-08-22T11:35:00+00:00,22411526-2,RH,CURRENT,%,96.43396658274204
2026-08-22T11:35:00+00:00,22411526-3,Dew Point,CURRENT,°C,15.130720582670056
2026-08-22T11:35:00+00:00,22411527-1,Temperature,CURRENT,°C,15.334116210937495
2026-08-22T11:35:00+00:00,22411527-2,RH,CURRENT,%,89.91989013504234
2026-08-22T11:35:00+00:00,22411527-3,Dew Point,CURRENT,°C,13.707027805471785
2026-08-22T11:35:00+00:00,22411528-1,Temperature,CURRENT,°C,14.797861328124995
2026-08-22T11:35:00+00:00,22411528-2,RH,CURRENT,%,100
2026-08-22T11:35:00+00:00,22411528-3,Dew Point,CURRENT,°C,14.816561409893177
2026-08-22T11:35:00+00:00,22411529-1,Temperature,CURRENT,°C,15.398466796874999
2026-08-22T11:35:00+00:00,22411529-2,RH,CURRENT,%,100
2026-08-22T11:35:00+00:00,22411529-3,Dew Point,CURRENT,°C,15.418125632503743
2026-08-22T11:35:00+00:00,22411530-1,Temperature,CURRENT,°C,15.462817382812496
2026-08-22T11:35:00+00:00,22411530-2,RH,CURRENT,%,90.49210345616846
2026-08-22T11:35:00+00:00,22411530-3,Dew Point,CURRENT,°C,13.932067449964432
2026-08-22T11:36:00+00:00,22411541-S,Battery,CURRENT,V,8.2577021484375
2026-08-22T11:40:00+00:00,22411189-1,Temperature,CURRENT,°C,16.1492236328125
2026-08-22T11:40:00+00:00,22411189-2,RH,CURRENT,%,90.92545967803464
2026-08-22T11:40:00+00:00,22411189-3,Dew Point,CURRENT,°C,14.685272490853205
2026-08-22T11:40:00+00:00,22411190-1,Temperature,CURRENT,°C,16.3637255859375
2026-08-22T11:40:00+00:00,22411190-2,RH,CURRENT,%,86.97642481116961
2026-08-22T11:40:00+00:00,22411190-3,Dew Point,CURRENT,°C,14.209334993833533
2026-08-22T11:40:00+00:00,22411191-1,Temperature,CURRENT,°C,15.591518554687497
2026-08-22T11:40:00+00:00,22411191-2,RH,CURRENT,%,90.8720531013962
2026-08-22T11:40:00+00:00,22411191-3,Dew Point,CURRENT,°C,14.124108639622719
2026-08-22T11:40:00+00:00,22411525-1,Temperature,CURRENT,°C,15.419916992187495
2026-08-22T11:40:00+00:00,22411525-2,RH,CURRENT,%,88.69306477454795
2026-08-22T11:40:00+00:00,22411525-3,Dew Point,CURRENT,°C,13.580372295044944
2026-08-22T11:40:00+00:00,22411526-1,Temperature,CURRENT,°C,15.69876953125
2026-08-22T11:40:00+00:00,22411526-2,RH,CURRENT,%,93.48439765011062
2026-08-22T11:40:00+00:00,22411526-3,Dew Point,CURRENT,°C,14.669232402560846
2026-08-22T11:40:00+00:00,22411527-1,Temperature,CURRENT,°C,15.4413671875
2026-08-22T11:40:00+00:00,22411527-2,RH,CURRENT,%,88.64576180666819
2026-08-22T11:40:00+00:00,22411527-3,Dew Point,CURRENT,°C,13.59333560211028
2026-08-22T11:40:00+00:00,22411528-1,Temperature,CURRENT,°C,15.0767138671875
2026-08-22T11:40:00+00:00,22411528-2,RH,CURRENT,%,99.39116502632181
2026-08-22T11:40:00+00:00,22411528-3,Dew Point,CURRENT,°C,15.000825257400413
2026-08-22T11:40:00+00:00,22411529-1,Temperature,CURRENT,°C,16.342275390624998
2026-08-22T11:40:00+00:00,22411529-2,RH,CURRENT,%,98.42832074464027
2026-08-22T11:40:00+00:00,22411529-3,Dew Point,CURRENT,°C,16.11459210565066
2026-08-22T11:40:00+00:00,22411530-1,Temperature,CURRENT,°C,15.655869140625
2026-08-22T11:40:00+00:00,22411530-2,RH,CURRENT,%,88.88990615701533
2026-08-22T11:40:00+00:00,22411530-3,Dew Point,CURRENT,°C,13.847407331318752
2026-08-22T11:41:00+00:00,22411541-S,Battery,CURRENT,V,8.273855712890626
2026-08-22T11:45:00+00:00,22411189-1,Temperature,CURRENT,°C,16.256474609374997
2026-08-22T11:45:00+00:00,22411189-2,RH,CURRENT,%,90.32578011749447
2026-08-22T11:45:00+00:00,22411189-3,Dew Point,CURRENT,°C,14.688719547491186
2026-08-22T11:45:00+00:00,22411190-1,Temperature,CURRENT,°C,16.38517578125
2026-08-22T11:45:00+00:00,22411190-2,RH,CURRENT,%,86.17532616159305
2026-08-22T11:45:00+00:00,22411190-3,Dew Point,CURRENT,°C,14.087470299280948
2026-08-22T11:45:00+00:00,22411191-1,Temperature,CURRENT,°C,15.741669921875001
2026-08-22T11:45:00+00:00,22411191-2,RH,CURRENT,%,90.21133745326925
2026-08-22T11:45:00+00:00,22411191-3,Dew Point,CURRENT,°C,14.159925711898893
2026-08-22T11:45:00+00:00,22411525-1,Temperature,CURRENT,°C,15.61296875
2026-08-22T11:45:00+00:00,22411525-2,RH,CURRENT,%,88.032349126421
2026-08-22T11:45:00+00:00,22411525-3,Dew Point,CURRENT,°C,13.655767917853852
2026-08-22T11:45:00+00:00,22411526-1,Temperature,CURRENT,°C,15.956171874999995
2026-08-22T11:45:00+00:00,22411526-2,RH,CURRENT,%,91.46715495536736
2026-08-22T11:45:00+00:00,22411526-3,Dew Point,CURRENT,°C,14.586229829187731
2026-08-22T11:45:00+00:00,22411527-1,Temperature,CURRENT,°C,15.61296875
2026-08-22T11:45:00+00:00,22411527-2,RH,CURRENT,%,88.29022659647516
2026-08-22T11:45:00+00:00,22411527-3,Dew Point,CURRENT,°C,13.700794394886653
2026-08-22T11:45:00+00:00,22411528-1,Temperature,CURRENT,°C,15.312666015624998
2026-08-22T11:45:00+00:00,22411528-2,RH,CURRENT,%,96.09826810101472
2026-08-22T11:45:00+00:00,22411528-3,Dew Point,CURRENT,°C,14.7129819459247
2026-08-22T11:45:00+00:00,22411529-1,Temperature,CURRENT,°C,17.3075341796875
2026-08-22T11:45:00+00:00,22411529-2,RH,CURRENT,%,92.58411535820554
2026-08-22T11:45:00+00:00,22411529-3,Dew Point,CURRENT,°C,16.11524741368717
2026-08-22T11:45:00+00:00,22411530-1,Temperature,CURRENT,°C,15.784570312500001
2026-08-22T11:45:00+00:00,22411530-2,RH,CURRENT,%,88.72510872053101
2026-08-22T11:45:00+00:00,22411530-3,Dew Point,CURRENT,°C,13.945830584485412
2026-08-22T11:46:00+00:00,22411541-S,Battery,CURRENT,V,8.273855712890626
2026-08-22T11:50:00+00:00,22411189-1,Temperature,CURRENT,°C,16.599677734375
2026-08-22T11:50:00+00:00,22411189-2,RH,CURRENT,%,90.62943465323873
2026-08-22T11:50:00+00:00,22411189-3,Dew Point,CURRENT,°C,15.08040927331777
2026-08-22T11:50:00+00:00,22411190-1,Temperature,CURRENT,°C,16.706928710937497
2026-08-22T11:50:00+00:00,22411190-2,RH,CURRENT,%,86.77805752651255
2026-08-22T11:50:00+00:00,22411190-3,Dew Point,CURRENT,°C,14.511834212439727
2026-08-22T11:50:00+00:00,22411191-1,Temperature,CURRENT,°C,16.127773437499997
2026-08-22T11:50:00+00:00,22411191-2,RH,CURRENT,%,90.32578011749447
2026-08-22T11:50:00+00:00,22411191-3,Dew Point,CURRENT,°C,14.561420328833806
2026-08-22T11:50:00+00:00,22411525-1,Temperature,CURRENT,°C,15.9776220703125
2026-08-22T11:50:00+00:00,22411525-2,RH,CURRENT,%,88.41687647821774
2026-08-22T11:50:00+00:00,22411525-3,Dew Point,CURRENT,°C,14.082610219591949
2026-08-22T11:50:00+00:00,22411526-1,Temperature,CURRENT,°C,16.535327148437496
2026-08-22T11:50:00+00:00,22411526-2,RH,CURRENT,%,90.30289158464943
2026-08-22T11:50:00+00:00,22411526-3,Dew Point,CURRENT,°C,14.960590598779214
2026-08-22T11:50:00+00:00,22411527-1,Temperature,CURRENT,°C,15.999072265624996
2026-08-22T11:50:00+00:00,22411527-2,RH,CURRENT,%,88.59540703440909
2026-08-22T11:50:00+00:00,22411527-3,Dew Point,CURRENT,°C,14.134931178816682
2026-08-22T11:50:00+00:00,22411528-1,Temperature,CURRENT,°C,15.784570312500001
2026-08-22T11:50:00+00:00,22411528-2,RH,CURRENT,%,94.79514763103685
2026-08-22T11:50:00+00:00,22411528-3,Dew Point,CURRENT,°C,14.970815357442914
2026-08-22T11:50:00+00:00,22411529-1,Temperature,CURRENT,°C,18.551645507812502
2026-08-22T11:50:00+00:00,22411529-2,RH,CURRENT,%,88.34058136873426
2026-08-22T11:50:00+00:00,22411529-3,Dew Point,CURRENT,°C,16.608157666408065
2026-08-22T11:50:00+00:00,22411530-1,Temperature,CURRENT,°C,16.170673828124997
2026-08-22T11:50:00+00:00,22411530-2,RH,CURRENT,%,88.85786221103227
2026-08-22T11:50:00+00:00,22411530-3,Dew Point,CURRENT,°C,14.350030803814654
2026-08-22T11:51:00+00:00,22411541-S,Battery,CURRENT,V,8.290009277343751
2026-08-22T11:55:00+00:00,22411189-1,Temperature,CURRENT,°C,17.0930322265625
2026-08-22T11:55:00+00:00,22411189-2,RH,CURRENT,%,88.12390325780117
2026-08-22T11:55:00+00:00,22411189-3,Dew Point,CURRENT,°C,15.131262092772344
2026-08-22T11:55:00+00:00,22411190-1,Temperature,CURRENT,°C,17.2217333984375
2026-08-22T11:55:00+00:00,22411190-2,RH,CURRENT,%,84.97901884489204
2026-08-22T11:55:00+00:00,22411190-3,Dew Point,CURRENT,°C,14.69299625559996
2026-08-22T11:55:00+00:00,22411191-1,Temperature,CURRENT,°C,16.535327148437496
2026-08-22T11:55:00+00:00,22411191-2,RH,CURRENT,%,88.71900511177233
2026-08-22T11:55:00+00:00,22411191-3,Dew Point,CURRENT,°C,14.68571373897875
2026-08-22T11:55:00+00:00,22411525-1,Temperature,CURRENT,°C,16.3637255859375
2026-08-22T11:55:00+00:00,22411525-2,RH,CURRENT,%,86.84367132066835
2026-08-22T11:55:00+00:00,22411525-3,Dew Point,CURRENT,°C,14.185724746207912
2026-08-22T11:55:00+00:00,22411526-1,Temperature,CURRENT,°C,17.0930322265625
2026-08-22T11:55:00+00:00,22411526-2,RH,CURRENT,%,88.72510872053101
2026-08-22T11:55:00+00:00,22411526-3,Dew Point,CURRENT,°C,15.23718065506337
2026-08-22T11:55:00+00:00,22411527-1,Temperature,CURRENT,°C,16.3637255859375
2026-08-22T11:55:00+00:00,22411527-2,RH,CURRENT,%,87.02067597467003
2026-08-22T11:55:00+00:00,22411527-3,Dew Point,CURRENT,°C,14.21719805127076
2026-08-22T11:55:00+00:00,22411528-1,Temperature,CURRENT,°C,16.256474609374997
2026-08-22T11:55:00+00:00,22411528-2,RH,CURRENT,%,93.51644159609369
2026-08-22T11:55:00+00:00,22411528-3,Dew Point,CURRENT,°C,15.228545231871985
2026-08-22T11:55:00+00:00,22411529-1,Temperature,CURRENT,°C,19.795756835937503
2026-08-22T11:55:00+00:00,22411529-2,RH,CURRENT,%,84.81422140840772
2026-08-22T11:55:00+00:00,22411529-3,Dew Point,CURRENT,°C,17.188801519199096
2026-08-22T11:55:00+00:00,22411530-1,Temperature,CURRENT,°C,16.621127929687496
2026-08-22T11:55:00+00:00,22411530-2,RH,CURRENT,%,86.63767452506295
2026-08-22T11:55:00+00:00,22411530-3,Dew Point,CURRENT,°C,14.402318739189724
2026-08-22T11:56:00+00:00,22411541-S,Battery,CURRENT,V,8.302932128906251
2026-08-22T12:00:00+00:00,22411189-1,Temperature,CURRENT,°C,17.328984374999997
2026-08-22T12:00:00+00:00,22411189-2,RH,CURRENT,%,87.14122224765393
2026-08-22T12:00:00+00:00,22411189-3,Dew Point,CURRENT,°C,15.189103917334187
2026-08-22T12:00:00+00:00,22411190-1,Temperature,CURRENT,°C,17.350434570312494
2026-08-22T12:00:00+00:00,22411190-2,RH,CURRENT,%,84.19317921721218
2026-08-22T12:00:00+00:00,22411190-3,Dew Point,CURRENT,°C,14.675104895103434
2026-08-22T12:00:00+00:00,22411191-1,Temperature,CURRENT,°C,16.72837890625
2026-08-22T12:00:00+00:00,22411191-2,RH,CURRENT,%,88.02777141985199
2026-08-22T12:00:00+00:00,22411191-3,Dew Point,CURRENT,°C,14.754742062853879
2026-08-22T12:00:00+00:00,22411525-1,Temperature,CURRENT,°C,16.578227539062496
2026-08-22T12:00:00+00:00,22411525-2,RH,CURRENT,%,86.17074845502404
2026-08-22T12:00:00+00:00,22411525-3,Dew Point,CURRENT,°C,14.276494101420594
2026-08-22T12:00:00+00:00,22411526-1,Temperature,CURRENT,°C,17.479135742187502
2026-08-22T12:00:00+00:00,22411526-2,RH,CURRENT,%,86.56900892652781
2026-08-22T12:00:00+00:00,22411526-3,Dew Point,CURRENT,°C,15.234239848261982
2026-08-22T12:00:00+00:00,22411527-1,Temperature,CURRENT,°C,16.578227539062496
2026-08-22T12:00:00+00:00,22411527-2,RH,CURRENT,%,86.37064164187076
2026-08-22T12:00:00+00:00,22411527-3,Dew Point,CURRENT,°C,14.312336197592131
2026-08-22T12:00:00+00:00,22411528-1,Temperature,CURRENT,°C,16.749829101562497
2026-08-22T12:00:00+00:00,22411528-2,RH,CURRENT,%,91.61821927214466
2026-08-22T12:00:00+00:00,22411528-3,Dew Point,CURRENT,°C,15.398197663194054
2026-08-22T12:00:00+00:00,22411529-1,Temperature,CURRENT,°C,20.396362304687493
2026-08-22T12:00:00+00:00,22411529-2,RH,CURRENT,%,80.17853055619135
2026-08-22T12:00:00+00:00,22411529-3,Dew Point,CURRENT,°C,16.887552485255245
2026-08-22T12:00:00+00:00,22411530-1,Temperature,CURRENT,°C,16.771279296875
2026-08-22T12:00:00+00:00,22411530-2,RH,CURRENT,%,86.27145799954224
2026-08-22T12:00:00+00:00,22411530-3,Dew Point,CURRENT,°C,14.484429827497893
2026-08-22T12:01:00+00:00,22411541-S,Battery,CURRENT,V,8.31585498046875
2026-08-22T12:05:00+00:00,22411189-1,Temperature,CURRENT,°C,17.607836914062496
2026-08-22T12:05:00+00:00,22411189-2,RH,CURRENT,%,86.48508430609598
2026-08-22T12:05:00+00:00,22411189-3,Dew Point,CURRENT,°C,15.345734866615782
2026-08-22T12:05:00+00:00,22411190-1,Temperature,CURRENT,°C,17.629287109374992
2026-08-22T12:05:00+00:00,22411190-2,RH,CURRENT,%,83.55992980849928
2026-08-22T12:05:00+00:00,22411190-3,Dew Point,CURRENT,°C,14.831181998477012
2026-08-22T12:05:00+00:00,22411191-1,Temperature,CURRENT,°C,17.0501318359375
2026-08-22T12:05:00+00:00,22411191-2,RH,CURRENT,%,87.01304646372168
2026-08-22T12:05:00+00:00,22411191-3,Dew Point,CURRENT,°C,14.89164032120412
2026-08-22T12:05:00+00:00,22411525-1,Temperature,CURRENT,°C,16.89998046875
2026-08-22T12:05:00+00:00,22411525-2,RH,CURRENT,%,85.3727016098268
2026-08-22T12:05:00+00:00,22411525-3,Dew Point,CURRENT,°C,14.448708278215314
2026-08-22T12:05:00+00:00,22411526-1,Temperature,CURRENT,°C,17.436235351562495
2026-08-22T12:05:00+00:00,22411526-2,RH,CURRENT,%,86.78263523308156
2026-08-22T12:05:00+00:00,22411526-3,Dew Point,CURRENT,°C,15.230434682234806
2026-08-22T12:05:00+00:00,22411527-1,Temperature,CURRENT,°C,16.89998046875
2026-08-22T12:05:00+00:00,22411527-2,RH,CURRENT,%,85.5741206988632
2026-08-22T12:05:00+00:00,22411527-3,Dew Point,CURRENT,°C,14.485210797230748
2026-08-22T12:05:00+00:00,22411528-1,Temperature,CURRENT,°C,17.0072314453125
2026-08-22T12:05:00+00:00,22411528-2,RH,CURRENT,%,90.47837033646144
2026-08-22T12:05:00+00:00,22411528-3,Dew Point,CURRENT,°C,15.457630911334736
2026-08-22T12:05:00+00:00,22411529-1,Temperature,CURRENT,°C,20.417812500000004
2026-08-22T12:05:00+00:00,22411529-2,RH,CURRENT,%,78.00717174029145
2026-08-22T12:05:00+00:00,22411529-3,Dew Point,CURRENT,°C,16.47563443096478
2026-08-22T12:05:00+00:00,22411530-1,Temperature,CURRENT,°C,17.0930322265625
2026-08-22T12:05:00+00:00,22411530-2,RH,CURRENT,%,85.47951476310368
2026-08-22T12:05:00+00:00,22411530-3,Dew Point,CURRENT,°C,14.657724314081529
2026-08-22T12:06:00+00:00,22411541-S,Battery,CURRENT,V,8.3352392578125
2026-08-22T12:10:00+00:00,22411189-1,Temperature,CURRENT,°C,18.015390625000002
2026-08-22T12:10:00+00:00,22411189-2,RH,CURRENT,%,85.13466086823834
2026-08-22T12:10:00+00:00,22411189-3,Dew Point,CURRENT,°C,15.500638869072999
2026-08-22T12:10:00+00:00,22411190-1,Temperature,CURRENT,°C,18.07974121093749
2026-08-22T12:10:00+00:00,22411190-2,RH,CURRENT,%,82.21866178377967
2026-08-22T12:10:00+00:00,22411190-3,Dew Point,CURRENT,°C,15.020421776267714
2026-08-22T12:10:00+00:00,22411191-1,Temperature,CURRENT,°C,17.522036132812495
2026-08-22T12:10:00+00:00,22411191-2,RH,CURRENT,%,85.45510032806897
2026-08-22T12:10:00+00:00,22411191-3,Dew Point,CURRENT,°C,15.074710776648274
2026-08-22T12:10:00+00:00,22411525-1,Temperature,CURRENT,°C,17.371884765625005
2026-08-22T12:10:00+00:00,22411525-2,RH,CURRENT,%,83.4683756771191
2026-08-22T12:10:00+00:00,22411525-3,Dew Point,CURRENT,°C,14.562036553305468
2026-08-22T12:10:00+00:00,22411526-1,Temperature,CURRENT,°C,17.736538085937504
2026-08-22T12:10:00+00:00,22411526-2,RH,CURRENT,%,85.72671091783016
2026-08-22T12:10:00+00:00,22411526-3,Dew Point,CURRENT,°C,15.334899388602002
2026-08-22T12:10:00+00:00,22411527-1,Temperature,CURRENT,°C,17.371884765625005
2026-08-22T12:10:00+00:00,22411527-2,RH,CURRENT,%,83.66063935301747
2026-08-22T12:10:00+00:00,22411527-3,Dew Point,CURRENT,°C,14.59770773193995
2026-08-22T12:10:00+00:00,22411528-1,Temperature,CURRENT,°C,17.286083984375004
2026-08-22T12:10:00+00:00,22411528-2,RH,CURRENT,%,90.01144426642253
2026-08-22T12:10:00+00:00,22411528-3,Dew Point,CURRENT,°C,15.652563411119328
2026-08-22T12:10:00+00:00,22411529-1,Temperature,CURRENT,°C,19.5383544921875
2026-08-22T12:10:00+00:00,22411529-2,RH,CURRENT,%,82.27512016479744
2026-08-22T12:10:00+00:00,22411529-3,Dew Point,CURRENT,°C,16.457057960587143
2026-08-22T12:10:00+00:00,22411530-1,Temperature,CURRENT,°C,17.54348632812499
2026-08-22T12:10:00+00:00,22411530-2,RH,CURRENT,%,84.12756542305638
2026-08-22T12:10:00+00:00,22411530-3,Dew Point,CURRENT,°C,14.85228008261228
2026-08-22T12:11:00+00:00,22411541-S,Battery,CURRENT,V,8.338469970703125
2026-08-22T12:15:00+00:00,22411189-1,Temperature,CURRENT,°C,18.916298828125
2026-08-22T12:15:00+00:00,22411189-2,RH,CURRENT,%,83.63469901579309
2026-08-22T12:15:00+00:00,22411189-3,Dew Point,CURRENT,°C,16.105882244552447
2026-08-22T12:15:00+00:00,22411190-1,Temperature,CURRENT,°C,19.002099609375
2026-08-22T12:15:00+00:00,22411190-2,RH,CURRENT,%,80.341802090486
2026-08-22T12:15:00+00:00,22411190-3,Dew Point,CURRENT,°C,15.560750849300794
2026-08-22T12:15:00+00:00,22411191-1,Temperature,CURRENT,°C,18.2084423828125
2026-08-22T12:15:00+00:00,22411191-2,RH,CURRENT,%,83.60265506981003
2026-08-22T12:15:00+00:00,22411191-3,Dew Point,CURRENT,°C,15.406476343168862
2026-08-22T12:15:00+00:00,22411525-1,Temperature,CURRENT,°C,18.0368408203125
2026-08-22T12:15:00+00:00,22411525-2,RH,CURRENT,%,81.99893186846722
2026-08-22T12:15:00+00:00,22411525-3,Dew Point,CURRENT,°C,14.936868276518979
2026-08-22T12:15:00+00:00,22411526-1,Temperature,CURRENT,°C,18.358593750000004
2026-08-22T12:15:00+00:00,22411526-2,RH,CURRENT,%,85.34676127260242
2026-08-22T12:15:00+00:00,22411526-3,Dew Point,CURRENT,°C,15.876563554414256
2026-08-22T12:15:00+00:00,22411527-1,Temperature,CURRENT,°C,18.015390625000002
2026-08-22T12:15:00+00:00,22411527-2,RH,CURRENT,%,82.32547493705654
2026-08-22T12:15:00+00:00,22411527-3,Dew Point,CURRENT,°C,14.977703297815765
2026-08-22T12:15:00+00:00,22411528-1,Temperature,CURRENT,°C,17.800888671874993
2026-08-22T12:15:00+00:00,22411528-2,RH,CURRENT,%,89.20424200808728
2026-08-22T12:15:00+00:00,22411528-3,Dew Point,CURRENT,°C,16.02016581246805
2026-08-22T12:15:00+00:00,22411529-1,Temperature,CURRENT,°C,18.916298828125
2026-08-22T12:15:00+00:00,22411529-2,RH,CURRENT,%,85.84573128862439
2026-08-22T12:15:00+00:00,22411529-3,Dew Point,CURRENT,°C,16.516002680731315
2026-08-22T12:15:00+00:00,22411530-1,Temperature,CURRENT,°C,18.272792968750004
2026-08-22T12:15:00+00:00,22411530-2,RH,CURRENT,%,82.34836346990159
2026-08-22T12:15:00+00:00,22411530-3,Dew Point,CURRENT,°C,15.233709530538635
2026-08-22T12:16:00+00:00,22411541-S,Battery,CURRENT,V,8.351392822265625
2026-08-22T12:20:00+00:00,22411189-1,Temperature,CURRENT,°C,19.238051757812492
2026-08-22T12:20:00+00:00,22411189-2,RH,CURRENT,%,81.06202792401007
2026-08-22T12:20:00+00:00,22411189-3,Dew Point,CURRENT,°C,15.93051133588736
2026-08-22T12:20:00+00:00,22411190-1,Temperature,CURRENT,°C,19.323852539062493
2026-08-22T12:20:00+00:00,22411190-2,RH,CURRENT,%,77.9034103913939
2026-08-22T12:20:00+00:00,22411190-3,Dew Point,CURRENT,°C,15.39253134046268
2026-08-22T12:20:00+00:00,22411191-1,Temperature,CURRENT,°C,18.422944335937494
2026-08-22T12:20:00+00:00,22411191-2,RH,CURRENT,%,81.95315480277714
2026-08-22T12:20:00+00:00,22411191-3,Dew Point,CURRENT,°C,15.305483641326607
2026-08-22T12:20:00+00:00,22411525-1,Temperature,CURRENT,°C,18.229892578124996
2026-08-22T12:20:00+00:00,22411525-2,RH,CURRENT,%,80.53864347295338
2026-08-22T12:20:00+00:00,22411525-3,Dew Point,CURRENT,°C,14.846042652617985
2026-08-22T12:20:00+00:00,22411526-1,Temperature,CURRENT,°C,18.551645507812502
2026-08-22T12:20:00+00:00,22411526-2,RH,CURRENT,%,83.30052643625544
2026-08-22T12:20:00+00:00,22411526-3,Dew Point,CURRENT,°C,15.686035470802477
2026-08-22T12:20:00+00:00,22411527-1,Temperature,CURRENT,°C,18.186992187500003
2026-08-22T12:20:00+00:00,22411527-2,RH,CURRENT,%,80.67750057221332
2026-08-22T12:20:00+00:00,22411527-3,Dew Point,CURRENT,°C,14.830968146095115
2026-08-22T12:20:00+00:00,22411528-1,Temperature,CURRENT,°C,18.2942431640625
2026-08-22T12:20:00+00:00,22411528-2,RH,CURRENT,%,86.22110322728314
2026-08-22T12:20:00+00:00,22411528-3,Dew Point,CURRENT,°C,15.973038507309282
2026-08-22T12:20:00+00:00,22411529-1,Temperature,CURRENT,°C,18.723247070312503
2026-08-22T12:20:00+00:00,22411529-2,RH,CURRENT,%,86.25772487983521
2026-08-22T12:20:00+00:00,22411529-3,Dew Point,CURRENT,°C,16.401562006484344
2026-08-22T12:20:00+00:00,22411530-1,Temperature,CURRENT,°C,18.508745117187495
2026-08-22T12:20:00+00:00,22411530-2,RH,CURRENT,%,80.63630121309224
2026-08-22T12:20:00+00:00,22411530-3,Dew Point,CURRENT,°C,15.136817408062573
2026-08-22T12:21:00+00:00,22411541-S,Battery,CURRENT,V,8.36754638671875
2026-08-22T12:25:00+00:00,22411189-1,Temperature,CURRENT,°C,18.959199218749994
2026-08-22T12:25:00+00:00,22411189-2,RH,CURRENT,%,81.68917372396429
2026-08-22T12:25:00+00:00,22411189-3,Dew Point,CURRENT,°C,15.778977000556056
2026-08-22T12:25:00+00:00,22411190-1,Temperature,CURRENT,°C,19.002099609375
2026-08-22T12:25:00+00:00,22411190-2,RH,CURRENT,%,78.76707103074693
2026-08-22T12:25:00+00:00,22411190-3,Dew Point,CURRENT,°C,15.251836146666088
2026-08-22T12:25:00+00:00,22411191-1,Temperature,CURRENT,°C,18.2942431640625
2026-08-22T12:25:00+00:00,22411191-2,RH,CURRENT,%,82.33463035019456
2026-08-22T12:25:00+00:00,22411191-3,Dew Point,CURRENT,°C,15.252083201949178
2026-08-22T12:25:00+00:00,22411525-1,Temperature,CURRENT,°C,18.144091796874996
2026-08-22T12:25:00+00:00,22411525-2,RH,CURRENT,%,80.63477531090257
2026-08-22T12:25:00+00:00,22411525-3,Dew Point,CURRENT,°C,14.780900711540678
2026-08-22T12:25:00+00:00,22411526-1,Temperature,CURRENT,°C,19.002099609375
2026-08-22T12:25:00+00:00,22411526-2,RH,CURRENT,%,81.42671854734111
2026-08-22T12:25:00+00:00,22411526-3,Dew Point,CURRENT,°C,15.770505110674234
2026-08-22T12:25:00+00:00,22411527-1,Temperature,CURRENT,°C,18.1226416015625
2026-08-22T12:25:00+00:00,22411527-2,RH,CURRENT,%,80.89723048752575
2026-08-22T12:25:00+00:00,22411527-3,Dew Point,CURRENT,°C,14.810444633037037
2026-08-22T12:25:00+00:00,22411528-1,Temperature,CURRENT,°C,18.4658447265625
2026-08-22T12:25:00+00:00,22411528-2,RH,CURRENT,%,85.34981307698176
2026-08-22T12:25:00+00:00,22411528-3,Dew Point,CURRENT,°C,15.982453183544948
2026-08-22T12:25:00+00:00,22411529-1,Temperature,CURRENT,°C,18.701796874999992
2026-08-22T12:25:00+00:00,22411529-2,RH,CURRENT,%,86.3080796520943
2026-08-22T12:25:00+00:00,22411529-3,Dew Point,CURRENT,°C,16.389647042362316
2026-08-22T12:25:00+00:00,22411530-1,Temperature,CURRENT,°C,18.358593750000004
2026-08-22T12:25:00+00:00,22411530-2,RH,CURRENT,%,80.85145342183566
2026-08-22T12:25:00+00:00,22411530-3,Dew Point,CURRENT,°C,15.031839668486993
2026-08-22T12:26:00+00:00,22411541-S,Battery,CURRENT,V,8.383699951171875
2026-08-22T12:30:00+00:00,22411189-1,Temperature,CURRENT,°C,19.259501953125003
2026-08-22T12:30:00+00:00,22411189-2,RH,CURRENT,%,80.18310826276036
2026-08-22T12:30:00+00:00,22411189-3,Dew Point,CURRENT,°C,15.78069387802269
2026-08-22T12:30:00+00:00,22411190-1,Temperature,CURRENT,°C,19.2809521484375
2026-08-22T12:30:00+00:00,22411190-2,RH,CURRENT,%,77.25642786297398
2026-08-22T12:30:00+00:00,22411190-3,Dew Point,CURRENT,°C,15.220853841869218
2026-08-22T12:30:00+00:00,22411191-1,Temperature,CURRENT,°C,18.53019531249999
2026-08-22T12:30:00+00:00,22411191-2,RH,CURRENT,%,80.80567635614557
2026-08-22T12:30:00+00:00,22411191-3,Dew Point,CURRENT,°C,15.190420991562023
2026-08-22T12:30:00+00:00,22411525-1,Temperature,CURRENT,°C,18.358593750000004
2026-08-22T12:30:00+00:00,22411525-2,RH,CURRENT,%,79.50560769054704
2026-08-22T12:30:00+00:00,22411525-3,Dew Point,CURRENT,°C,14.770926858881493
2026-08-22T12:30:00+00:00,22411526-1,Temperature,CURRENT,°C,19.667055664062495
2026-08-22T12:30:00+00:00,22411526-2,RH,CURRENT,%,79.0096894789044
2026-08-22T12:30:00+00:00,22411526-3,Dew Point,CURRENT,°C,15.946572240861247
2026-08-22T12:30:00+00:00,22411527-1,Temperature,CURRENT,°C,18.315693359374997
2026-08-22T12:30:00+00:00,22411527-2,RH,CURRENT,%,79.82604715037766
2026-08-22T12:30:00+00:00,22411527-3,Dew Point,CURRENT,°C,14.791612309891605
2026-08-22T12:30:00+00:00,22411528-1,Temperature,CURRENT,°C,19.238051757812492
2026-08-22T12:30:00+00:00,22411528-2,RH,CURRENT,%,83.12962539101244
2026-08-22T12:30:00+00:00,22411528-3,Dew Point,CURRENT,°C,16.325808674662078
2026-08-22T12:30:00+00:00,22411529-1,Temperature,CURRENT,°C,19.216601562499996
2026-08-22T12:30:00+00:00,22411529-2,RH,CURRENT,%,86.6147859922179
2026-08-22T12:30:00+00:00,22411529-3,Dew Point,CURRENT,°C,16.951931438386897
2026-08-22T12:30:00+00:00,22411530-1,Temperature,CURRENT,°C,18.637446289062503
2026-08-22T12:30:00+00:00,22411530-2,RH,CURRENT,%,79.24315251392386
2026-08-22T12:30:00+00:00,22411530-3,Dew Point,CURRENT,°C,14.990954254217545
2026-08-22T12:31:00+00:00,22411541-S,Battery,CURRENT,V,8.396622802734376
2026-08-22T12:35:00+00:00,22411189-1,Temperature,CURRENT,°C,19.495454101562494
2026-08-22T12:35:00+00:00,22411189-2,RH,CURRENT,%,80.859082932784
2026-08-22T12:35:00+00:00,22411189-3,Dew Point,CURRENT,°C,16.142322518597723
2026-08-22T12:35:00+00:00,22411190-1,Temperature,CURRENT,°C,19.474003906249997
2026-08-22T12:35:00+00:00,22411190-2,RH,CURRENT,%,78.21469443808652
2026-08-22T12:35:00+00:00,22411190-3,Dew Point,CURRENT,°C,15.600638611106199
2026-08-22T12:35:00+00:00,22411191-1,Temperature,CURRENT,°C,18.744697265625
2026-08-22T12:35:00+00:00,22411191-2,RH,CURRENT,%,81.90737773708705
2026-08-22T12:35:00+00:00,22411191-3,Dew Point,CURRENT,°C,15.611153508642015
2026-08-22T12:35:00+00:00,22411525-1,Temperature,CURRENT,°C,18.551645507812502
2026-08-22T12:35:00+00:00,22411525-2,RH,CURRENT,%,80.2059967956054
2026-08-22T12:35:00+00:00,22411525-3,Dew Point,CURRENT,°C,15.095331583441082
2026-08-22T12:35:00+00:00,22411526-1,Temperature,CURRENT,°C,20.074609375
2026-08-22T12:35:00+00:00,22411526-2,RH,CURRENT,%,78.75944151979859
2026-08-22T12:35:00+00:00,22411526-3,Dew Point,CURRENT,°C,16.293104512095724
2026-08-22T12:35:00+00:00,22411527-1,Temperature,CURRENT,°C,18.551645507812502
2026-08-22T12:35:00+00:00,22411527-2,RH,CURRENT,%,80.64545662623026
2026-08-22T12:35:00+00:00,22411527-3,Dew Point,CURRENT,°C,15.180423089790404
2026-08-22T12:35:00+00:00,22411528-1,Temperature,CURRENT,°C,19.581254882812495
2026-08-22T12:35:00+00:00,22411528-2,RH,CURRENT,%,81.98062104219119
2026-08-22T12:35:00+00:00,22411528-3,Dew Point,CURRENT,°C,16.442563331160414
2026-08-22T12:35:00+00:00,22411529-1,Temperature,CURRENT,°C,19.68850585937499
2026-08-22T12:35:00+00:00,22411529-2,RH,CURRENT,%,83.70336461432822
2026-08-22T12:35:00+00:00,22411529-3,Dew Point,CURRENT,°C,16.87525349178146
2026-08-22T12:35:00+00:00,22411530-1,Temperature,CURRENT,°C,18.809047851562504
2026-08-22T12:35:00+00:00,22411530-2,RH,CURRENT,%,80.39826047150378
2026-08-22T12:35:00+00:00,22411530-3,Dew Point,CURRENT,°C,15.383536477152251
2026-08-22T12:36:00+00:00,22411541-S,Battery,CURRENT,V,8.409545654296876
2026-08-22T12:40:00+00:00,22411189-1,Temperature,CURRENT,°C,19.2809521484375
2026-08-22T12:40:00+00:00,22411189-2,RH,CURRENT,%,80.93690394445716
2026-08-22T12:40:00+00:00,22411189-3,Dew Point,CURRENT,°C,15.948159955760454
2026-08-22T12:40:00+00:00,22411190-1,Temperature,CURRENT,°C,19.259501953125003
2026-08-22T12:40:00+00:00,22411190-2,RH,CURRENT,%,78.73197528038453
2026-08-22T12:40:00+00:00,22411190-3,Dew Point,CURRENT,°C,15.495157711231338
2026-08-22T12:40:00+00:00,22411191-1,Temperature,CURRENT,°C,18.637446289062503
2026-08-22T12:40:00+00:00,22411191-2,RH,CURRENT,%,82.10421911955444
2026-08-22T12:40:00+00:00,22411191-3,Dew Point,CURRENT,°C,15.5438546328106
2026-08-22T12:40:00+00:00,22411525-1,Temperature,CURRENT,°C,18.487294921874998
2026-08-22T12:40:00+00:00,22411525-2,RH,CURRENT,%,80.41657129777981
2026-08-22T12:40:00+00:00,22411525-3,Dew Point,CURRENT,°C,15.073420851172022
2026-08-22T12:40:00+00:00,22411526-1,Temperature,CURRENT,°C,19.98880859375
2026-08-22T12:40:00+00:00,22411526-2,RH,CURRENT,%,78.91355764095522
2026-08-22T12:40:00+00:00,22411526-3,Dew Point,CURRENT,°C,16.240391968939914
2026-08-22T12:40:00+00:00,22411527-1,Temperature,CURRENT,°C,18.487294921874998
2026-08-22T12:40:00+00:00,22411527-2,RH,CURRENT,%,80.61646448462653
2026-08-22T12:40:00+00:00,22411527-3,Dew Point,CURRENT,°C,15.112068147744539
2026-08-22T12:40:00+00:00,22411528-1,Temperature,CURRENT,°C,19.216601562499996
2026-08-22T12:40:00+00:00,22411528-2,RH,CURRENT,%,83.076218814374
2026-08-22T12:40:00+00:00,22411528-3,Dew Point,CURRENT,°C,16.294712734338688
2026-08-22T12:40:00+00:00,22411529-1,Temperature,CURRENT,°C,19.559804687499998
2026-08-22T12:40:00+00:00,22411529-2,RH,CURRENT,%,83.14793621728847
2026-08-22T12:40:00+00:00,22411529-3,Dew Point,CURRENT,°C,16.644213512207276
2026-08-22T12:40:00+00:00,22411530-1,Temperature,CURRENT,°C,18.680346679687496
2026-08-22T12:40:00+00:00,22411530-2,RH,CURRENT,%,80.60730907148852
2026-08-22T12:40:00+00:00,22411530-3,Dew Point,CURRENT,°C,15.298557406747017
2026-08-22T12:41:00+00:00,22411541-S,Battery,CURRENT,V,8.422468505859376
2026-08-22T12:45:00+00:00,22411189-1,Temperature,CURRENT,°C,19.838657226562496
2026-08-22T12:45:00+00:00,22411189-2,RH,CURRENT,%,77.99954222934309
2026-08-22T12:45:00+00:00,22411189-3,Dew Point,CURRENT,°C,15.911708263765938
2026-08-22T12:45:00+00:00,22411190-1,Temperature,CURRENT,°C,19.81720703125
2026-08-22T12:45:00+00:00,22411190-2,RH,CURRENT,%,75.5916685740444
2026-08-22T12:45:00+00:00,22411190-3,Dew Point,CURRENT,°C,15.400607142956135
2026-08-22T12:45:00+00:00,22411191-1,Temperature,CURRENT,°C,18.980649414062505
2026-08-22T12:45:00+00:00,22411191-2,RH,CURRENT,%,79.6932936598764
2026-08-22T12:45:00+00:00,22411191-3,Dew Point,CURRENT,°C,15.413294413275022
2026-08-22T12:45:00+00:00,22411525-1,Temperature,CURRENT,°C,18.787597656249993
2026-08-22T12:45:00+00:00,22411525-2,RH,CURRENT,%,78.52140077821012
2026-08-22T12:45:00+00:00,22411525-3,Dew Point,CURRENT,°C,14.994662312079189
2026-08-22T12:45:00+00:00,22411526-1,Temperature,CURRENT,°C,20.589414062500005
2026-08-22T12:45:00+00:00,22411526-2,RH,CURRENT,%,75.48027771419852
2026-08-22T12:45:00+00:00,22411526-3,Dew Point,CURRENT,°C,16.124402555179163
2026-08-22T12:45:00+00:00,22411527-1,Temperature,CURRENT,°C,18.744697265625
2026-08-22T12:45:00+00:00,22411527-2,RH,CURRENT,%,78.8189517051957
2026-08-22T12:45:00+00:00,22411527-3,Dew Point,CURRENT,°C,15.011790227823667
2026-08-22T12:45:00+00:00,22411528-1,Temperature,CURRENT,°C,19.388203124999997
2026-08-22T12:45:00+00:00,22411528-2,RH,CURRENT,%,81.41908903639276
2026-08-22T12:45:00+00:00,22411528-3,Dew Point,CURRENT,°C,16.14599603505194
2026-08-22T12:45:00+00:00,22411529-1,Temperature,CURRENT,°C,19.881557617187504
2026-08-22T12:45:00+00:00,22411529-2,RH,CURRENT,%,82.58182650492104
2026-08-22T12:45:00+00:00,22411529-3,Dew Point,CURRENT,°C,16.851266639210348
2026-08-22T12:45:00+00:00,22411530-1,Temperature,CURRENT,°C,19.06645019531249
2026-08-22T12:45:00+00:00,22411530-2,RH,CURRENT,%,78.26962691691463
2026-08-22T12:45:00+00:00,22411530-3,Dew Point,CURRENT,°C,15.215649234751497
2026-08-22T12:46:00+00:00,22411541-S,Battery,CURRENT,V,8.438622070312501
2026-08-22T12:50:00+00:00,22411189-1,Temperature,CURRENT,°C,19.881557617187504
2026-08-22T12:50:00+00:00,22411189-2,RH,CURRENT,%,78.63431754024568
2026-08-22T12:50:00+00:00,22411189-3,Dew Point,CURRENT,°C,16.080466925150287
2026-08-22T12:50:00+00:00,22411190-1,Temperature,CURRENT,°C,19.860107421874993
2026-08-22T12:50:00+00:00,22411190-2,RH,CURRENT,%,76.17151140611887
2026-08-22T12:50:00+00:00,22411190-3,Dew Point,CURRENT,°C,15.561445963309023
2026-08-22T12:50:00+00:00,22411191-1,Temperature,CURRENT,°C,19.06645019531249
2026-08-22T12:50:00+00:00,22411191-2,RH,CURRENT,%,79.8947127489128
2026-08-22T12:50:00+00:00,22411191-3,Dew Point,CURRENT,°C,15.53626974622046
2026-08-22T12:50:00+00:00,22411525-1,Temperature,CURRENT,°C,18.894848632812504
2026-08-22T12:50:00+00:00,22411525-2,RH,CURRENT,%,78.54886701762418
2026-08-22T12:50:00+00:00,22411525-3,Dew Point,CURRENT,°C,15.104354316239217
2026-08-22T12:50:00+00:00,22411526-1,Temperature,CURRENT,°C,20.67521484374999
2026-08-22T12:50:00+00:00,22411526-2,RH,CURRENT,%,75.57335774776837
2026-08-22T12:50:00+00:00,22411526-3,Dew Point,CURRENT,°C,16.226732140329982
2026-08-22T12:50:00+00:00,22411527-1,Temperature,CURRENT,°C,18.873398437499993
2026-08-22T12:50:00+00:00,22411527-2,RH,CURRENT,%,78.90897993438621
2026-08-22T12:50:00+00:00,22411527-3,Dew Point,CURRENT,°C,15.15472399985477
2026-08-22T12:50:00+00:00,22411528-1,Temperature,CURRENT,°C,19.388203124999997
2026-08-22T12:50:00+00:00,22411528-2,RH,CURRENT,%,81.94552529182879
2026-08-22T12:50:00+00:00,22411528-3,Dew Point,CURRENT,°C,16.24720284400424
2026-08-22T12:50:00+00:00,22411529-1,Temperature,CURRENT,°C,20.846816406249992
2026-08-22T12:50:00+00:00,22411529-2,RH,CURRENT,%,79.7787441824979
2026-08-22T12:50:00+00:00,22411529-3,Dew Point,CURRENT,°C,17.247264772938923
2026-08-22T12:50:00+00:00,22411530-1,Temperature,CURRENT,°C,19.15225097656249
2026-08-22T12:50:00+00:00,22411530-2,RH,CURRENT,%,78.54886701762418
2026-08-22T12:50:00+00:00,22411530-3,Dew Point,CURRENT,°C,15.354553372567393
2026-08-22T12:51:00+00:00,22411541-S,Battery,CURRENT,V,8.467698486328125
2026-08-22T12:55:00+00:00,22411189-1,Temperature,CURRENT,°C,19.945908203124993
2026-08-22T12:55:00+00:00,22411189-2,RH,CURRENT,%,78.75791561760892
2026-08-22T12:55:00+00:00,22411189-3,Dew Point,CURRENT,°C,16.16767376694407
2026-08-22T12:55:00+00:00,22411190-1,Temperature,CURRENT,°C,19.860107421874993
2026-08-22T12:55:00+00:00,22411190-2,RH,CURRENT,%,76.25848783093004
2026-08-22T12:55:00+00:00,22411190-3,Dew Point,CURRENT,°C,15.57927823085536
2026-08-22T12:55:00+00:00,22411191-1,Temperature,CURRENT,°C,19.1093505859375
2026-08-22T12:55:00+00:00,22411191-2,RH,CURRENT,%,79.89776455329213
2026-08-22T12:55:00+00:00,22411191-3,Dew Point,CURRENT,°C,15.578653634045624
2026-08-22T12:55:00+00:00,22411525-1,Temperature,CURRENT,°C,18.937749023437497
2026-08-22T12:55:00+00:00,22411525-2,RH,CURRENT,%,78.4069581139849
2026-08-22T12:55:00+00:00,22411525-3,Dew Point,CURRENT,°C,15.117896602980398
2026-08-22T12:55:00+00:00,22411526-1,Temperature,CURRENT,°C,20.868266601562503
2026-08-22T12:55:00+00:00,22411526-2,RH,CURRENT,%,75.71984435797665
2026-08-22T12:55:00+00:00,22411526-3,Dew Point,CURRENT,°C,16.44391204071416
2026-08-22T12:55:00+00:00,22411527-1,Temperature,CURRENT,°C,18.916298828125
2026-08-22T12:55:00+00:00,22411527-2,RH,CURRENT,%,78.79911497673
2026-08-22T12:55:00+00:00,22411527-3,Dew Point,CURRENT,°C,15.174742953666042
2026-08-22T12:55:00+00:00,22411528-1,Temperature,CURRENT,°C,19.60270507812499
2026-08-22T12:55:00+00:00,22411528-2,RH,CURRENT,%,82.20950637064165
2026-08-22T12:55:00+00:00,22411528-3,Dew Point,CURRENT,°C,16.507403688737572
2026-08-22T12:55:00+00:00,22411529-1,Temperature,CURRENT,°C,21.318720703125003
2026-08-22T12:55:00+00:00,22411529-2,RH,CURRENT,%,78.12161440451668
2026-08-22T12:55:00+00:00,22411529-3,Dew Point,CURRENT,°C,17.373624328389017
2026-08-22T12:55:00+00:00,22411530-1,Temperature,CURRENT,°C,19.216601562499996
2026-08-22T12:55:00+00:00,22411530-2,RH,CURRENT,%,78.58854047455559
2026-08-22T12:55:00+00:00,22411530-3,Dew Point,CURRENT,°C,15.42498300567289
2026-08-22T12:56:00+00:00,22411541-S,Battery,CURRENT,V,8.48385205078125
2026-08-22T13:00:00+00:00,22411189-1,Temperature,CURRENT,°C,20.374912109374996
2026-08-22T13:00:00+00:00,22411189-2,RH,CURRENT,%,79.78484779125658
2026-08-22T13:00:00+00:00,22411189-3,Dew Point,CURRENT,°C,16.788973701627004
2026-08-22T13:00:00+00:00,22411190-1,Temperature,CURRENT,°C,20.332011718750003
2026-08-22T13:00:00+00:00,22411190-2,RH,CURRENT,%,77.15266651407644
2026-08-22T13:00:00+00:00,22411190-3,Dew Point,CURRENT,°C,16.219204768498287
2026-08-22T13:00:00+00:00,22411191-1,Temperature,CURRENT,°C,19.516904296875005
2026-08-22T13:00:00+00:00,22411191-2,RH,CURRENT,%,80.87281605249103
2026-08-22T13:00:00+00:00,22411191-3,Dew Point,CURRENT,°C,16.165912226079143
2026-08-22T13:00:00+00:00,22411525-1,Temperature,CURRENT,°C,19.323852539062493
2026-08-22T13:00:00+00:00,22411525-2,RH,CURRENT,%,79.30418860151065
2026-08-22T13:00:00+00:00,22411525-3,Dew Point,CURRENT,°C,15.670919083908556
2026-08-22T13:00:00+00:00,22411526-1,Temperature,CURRENT,°C,21.21146972656249
2026-08-22T13:00:00+00:00,22411526-2,RH,CURRENT,%,76.10894941634241
2026-08-22T13:00:00+00:00,22411526-3,Dew Point,CURRENT,°C,16.856800322770443
2026-08-22T13:00:00+00:00,22411527-1,Temperature,CURRENT,°C,19.302402343749996
2026-08-22T13:00:00+00:00,22411527-2,RH,CURRENT,%,79.50865949492638
2026-08-22T13:00:00+00:00,22411527-3,Dew Point,CURRENT,°C,15.69031357438049
2026-08-22T13:00:00+00:00,22411528-1,Temperature,CURRENT,°C,20.096059570312498
2026-08-22T13:00:00+00:00,22411528-2,RH,CURRENT,%,81.63729304951552
2026-08-22T13:00:00+00:00,22411528-3,Dew Point,CURRENT,°C,16.879294981098223
2026-08-22T13:00:00+00:00,22411529-1,Temperature,CURRENT,°C,20.889716796875
2026-08-22T13:00:00+00:00,22411529-2,RH,CURRENT,%,82.1866178377966
2026-08-22T13:00:00+00:00,22411529-3,Dew Point,CURRENT,°C,17.760877644020397
2026-08-22T13:00:00+00:00,22411530-1,Temperature,CURRENT,°C,19.581254882812495
2026-08-22T13:00:00+00:00,22411530-2,RH,CURRENT,%,79.78027008468757
2026-08-22T13:00:00+00:00,22411530-3,Dew Point,CURRENT,°C,16.015221093307353
2026-08-22T13:01:00+00:00,22411541-S,Battery,CURRENT,V,8.49677490234375
2026-08-22T13:05:00+00:00,22411189-1,Temperature,CURRENT,°C,20.6108642578125
2026-08-22T13:05:00+00:00,22411189-2,RH,CURRENT,%,79.65514610513466
2026-08-22T13:05:00+00:00,22411189-3,Dew Point,CURRENT,°C,16.99301602805091
2026-08-22T13:05:00+00:00,22411190-1,Temperature,CURRENT,°C,20.546513671874997
2026-08-22T13:05:00+00:00,22411190-2,RH,CURRENT,%,77.21980621042191
2026-08-22T13:05:00+00:00,22411190-3,Dew Point,CURRENT,°C,16.44089203102522
2026-08-22T13:05:00+00:00,22411191-1,Temperature,CURRENT,°C,19.709956054687503
2026-08-22T13:05:00+00:00,22411191-2,RH,CURRENT,%,81.51979858091096
2026-08-22T13:05:00+00:00,22411191-3,Dew Point,CURRENT,°C,16.47956977705457
2026-08-22T13:05:00+00:00,22411525-1,Temperature,CURRENT,°C,19.516904296875005
2026-08-22T13:05:00+00:00,22411525-2,RH,CURRENT,%,80.2410925459678
2026-08-22T13:05:00+00:00,22411525-3,Dew Point,CURRENT,°C,16.042856699799458
2026-08-22T13:05:00+00:00,22411526-1,Temperature,CURRENT,°C,21.5975732421875
2026-08-22T13:05:00+00:00,22411526-2,RH,CURRENT,%,75.20561532005799
2026-08-22T13:05:00+00:00,22411526-3,Dew Point,CURRENT,°C,17.041640148325634
2026-08-22T13:05:00+00:00,22411527-1,Temperature,CURRENT,°C,19.495454101562494
2026-08-22T13:05:00+00:00,22411527-2,RH,CURRENT,%,80.59510185397116
2026-08-22T13:05:00+00:00,22411527-3,Dew Point,CURRENT,°C,16.09100438946306
2026-08-22T13:05:00+00:00,22411528-1,Temperature,CURRENT,°C,20.310561523437492
2026-08-22T13:05:00+00:00,22411528-2,RH,CURRENT,%,81.07118333714809
2026-08-22T13:05:00+00:00,22411528-3,Dew Point,CURRENT,°C,16.97876956949152
2026-08-22T13:05:00+00:00,22411529-1,Temperature,CURRENT,°C,20.889716796875
2026-08-22T13:05:00+00:00,22411529-2,RH,CURRENT,%,80.71717402914473
2026-08-22T13:05:00+00:00,22411529-3,Dew Point,CURRENT,°C,17.474392743474276
2026-08-22T13:05:00+00:00,22411530-1,Temperature,CURRENT,°C,19.81720703125
2026-08-22T13:05:00+00:00,22411530-2,RH,CURRENT,%,80.16327153429465
2026-08-22T13:05:00+00:00,22411530-3,Dew Point,CURRENT,°C,16.320250930825516
2026-08-22T13:06:00+00:00,22411541-S,Battery,CURRENT,V,8.503236328125
2026-08-22T13:10:00+00:00,22411189-1,Temperature,CURRENT,°C,20.868266601562503
2026-08-22T13:10:00+00:00,22411189-2,RH,CURRENT,%,76.85511558709086
2026-08-22T13:10:00+00:00,22411189-3,Dew Point,CURRENT,°C,16.678275980668207
2026-08-22T13:10:00+00:00,22411190-1,Temperature,CURRENT,°C,20.846816406249992
2026-08-22T13:10:00+00:00,22411190-2,RH,CURRENT,%,74.60440985732815
2026-08-22T13:10:00+00:00,22411190-3,Dew Point,CURRENT,°C,16.1899123719536
2026-08-22T13:10:00+00:00,22411191-1,Temperature,CURRENT,°C,20.010258789062497
2026-08-22T13:10:00+00:00,22411191-2,RH,CURRENT,%,77.76913099870298
2026-08-22T13:10:00+00:00,22411191-3,Dew Point,CURRENT,°C,16.031940965431367
2026-08-22T13:10:00+00:00,22411525-1,Temperature,CURRENT,°C,19.838657226562496
2026-08-22T13:10:00+00:00,22411525-2,RH,CURRENT,%,76.4965285725185
2026-08-22T13:10:00+00:00,22411525-3,Dew Point,CURRENT,°C,15.607211472260488
2026-08-22T13:10:00+00:00,22411526-1,Temperature,CURRENT,°C,21.897875976562496
2026-08-22T13:10:00+00:00,22411526-2,RH,CURRENT,%,73.75448233768215
2026-08-22T13:10:00+00:00,22411526-3,Dew Point,CURRENT,°C,17.023538519722226
2026-08-22T13:10:00+00:00,22411527-1,Temperature,CURRENT,°C,19.81720703125
2026-08-22T13:10:00+00:00,22411527-2,RH,CURRENT,%,76.84901197833219
2026-08-22T13:10:00+00:00,22411527-3,Dew Point,CURRENT,°C,15.658297326176353
2026-08-22T13:10:00+00:00,22411528-1,Temperature,CURRENT,°C,21.039868164062504
2026-08-22T13:10:00+00:00,22411528-2,RH,CURRENT,%,78.89066910811017
2026-08-22T13:10:00+00:00,22411528-3,Dew Point,CURRENT,°C,17.257853658178856
2026-08-22T13:10:00+00:00,22411529-1,Temperature,CURRENT,°C,20.996967773437497
2026-08-22T13:10:00+00:00,22411529-2,RH,CURRENT,%,81.371786068513
2026-08-22T13:10:00+00:00,22411529-3,Dew Point,CURRENT,°C,17.707260774701492
2026-08-22T13:10:00+00:00,22411530-1,Temperature,CURRENT,°C,20.13895996093749
2026-08-22T13:10:00+00:00,22411530-2,RH,CURRENT,%,76.59418631265736
2026-08-22T13:10:00+00:00,22411530-3,Dew Point,CURRENT,°C,15.91811311234862
2026-08-22T13:11:00+00:00,22411541-S,Battery,CURRENT,V,8.512928466796875
2026-08-22T13:15:00+00:00,22411189-1,Temperature,CURRENT,°C,20.76101562499999
2026-08-22T13:15:00+00:00,22411189-2,RH,CURRENT,%,77.94766155489432
2026-08-22T13:15:00+00:00,22411189-3,Dew Point,CURRENT,°C,16.796844722273892
2026-08-22T13:15:00+00:00,22411190-1,Temperature,CURRENT,°C,20.718115234375
2026-08-22T13:15:00+00:00,22411190-2,RH,CURRENT,%,75.48943312733654
2026-08-22T13:15:00+00:00,22411190-3,Dew Point,CURRENT,°C,16.250767976931847
2026-08-22T13:15:00+00:00,22411191-1,Temperature,CURRENT,°C,19.924458007812497
2026-08-22T13:15:00+00:00,22411191-2,RH,CURRENT,%,79.27672236209659
2026-08-22T13:15:00+00:00,22411191-3,Dew Point,CURRENT,°C,16.24992460007665
2026-08-22T13:15:00+00:00,22411525-1,Temperature,CURRENT,°C,19.752856445312496
2026-08-22T13:15:00+00:00,22411525-2,RH,CURRENT,%,77.8988326848249
2026-08-22T13:15:00+00:00,22411525-3,Dew Point,CURRENT,°C,15.808160306588322
2026-08-22T13:15:00+00:00,22411526-1,Temperature,CURRENT,°C,21.704824218749998
2026-08-22T13:15:00+00:00,22411526-2,RH,CURRENT,%,73.74380102235446
2026-08-22T13:15:00+00:00,22411526-3,Dew Point,CURRENT,°C,16.83512690396771
2026-08-22T13:15:00+00:00,22411527-1,Temperature,CURRENT,°C,19.709956054687503
2026-08-22T13:15:00+00:00,22411527-2,RH,CURRENT,%,78.1857022964828
2026-08-22T13:15:00+00:00,22411527-3,Dew Point,CURRENT,°C,15.824046913273476
2026-08-22T13:15:00+00:00,22411528-1,Temperature,CURRENT,°C,21.061318359375
2026-08-22T13:15:00+00:00,22411528-2,RH,CURRENT,%,78.06363012130923
2026-08-22T13:15:00+00:00,22411528-3,Dew Point,CURRENT,°C,17.111913329262745
2026-08-22T13:15:00+00:00,22411529-1,Temperature,CURRENT,°C,20.825366210937496
2026-08-22T13:15:00+00:00,22411529-2,RH,CURRENT,%,80.20447089341573
2026-08-22T13:15:00+00:00,22411529-3,Dew Point,CURRENT,°C,17.310661490455043
2026-08-22T13:15:00+00:00,22411530-1,Temperature,CURRENT,°C,20.010258789062497
2026-08-22T13:15:00+00:00,22411530-2,RH,CURRENT,%,78.19943541618983
2026-08-22T13:15:00+00:00,22411530-3,Dew Point,CURRENT,°C,16.118506482995365
2026-08-22T13:16:00+00:00,22411541-S,Battery,CURRENT,V,8.532312744140626
2026-08-22T13:20:00+00:00,22411189-1,Temperature,CURRENT,°C,21.104218749999994
2026-08-22T13:20:00+00:00,22411189-2,RH,CURRENT,%,76.00671396963455
2026-08-22T13:20:00+00:00,22411189-3,Dew Point,CURRENT,°C,16.731785147941807
2026-08-22T13:20:00+00:00,22411190-1,Temperature,CURRENT,°C,20.996967773437497
2026-08-22T13:20:00+00:00,22411190-2,RH,CURRENT,%,74.05661097123675
2026-08-22T13:20:00+00:00,22411190-3,Dew Point,CURRENT,°C,16.219097392584516
2026-08-22T13:20:00+00:00,22411191-1,Temperature,CURRENT,°C,20.2676611328125
2026-08-22T13:20:00+00:00,22411191-2,RH,CURRENT,%,77.41664759288929
2026-08-22T13:20:00+00:00,22411191-3,Dew Point,CURRENT,°C,16.210435219525753
2026-08-22T13:20:00+00:00,22411525-1,Temperature,CURRENT,°C,20.096059570312498
2026-08-22T13:20:00+00:00,22411525-2,RH,CURRENT,%,76.08606088349737
2026-08-22T13:20:00+00:00,22411525-3,Dew Point,CURRENT,°C,15.77233191716492
2026-08-22T13:20:00+00:00,22411526-1,Temperature,CURRENT,°C,22.04802734375
2026-08-22T13:20:00+00:00,22411526-2,RH,CURRENT,%,72.60547798886091
2026-08-22T13:20:00+00:00,22411526-3,Dew Point,CURRENT,°C,16.92008698765351
2026-08-22T13:20:00+00:00,22411527-1,Temperature,CURRENT,°C,20.074609375
2026-08-22T13:20:00+00:00,22411527-2,RH,CURRENT,%,76.45532921339742
2026-08-22T13:20:00+00:00,22411527-3,Dew Point,CURRENT,°C,15.827351230850997
2026-08-22T13:20:00+00:00,22411528-1,Temperature,CURRENT,°C,21.490322265625004
2026-08-22T13:20:00+00:00,22411528-2,RH,CURRENT,%,77.27626459143968
2026-08-22T13:20:00+00:00,22411528-3,Dew Point,CURRENT,°C,17.36771752448837
2026-08-22T13:20:00+00:00,22411529-1,Temperature,CURRENT,°C,20.803916015625
2026-08-22T13:20:00+00:00,22411529-2,RH,CURRENT,%,82.09506370641643
2026-08-22T13:20:00+00:00,22411529-3,Dew Point,CURRENT,°C,17.659318930606993
2026-08-22T13:20:00+00:00,22411530-1,Temperature,CURRENT,°C,20.332011718750003
2026-08-22T13:20:00+00:00,22411530-2,RH,CURRENT,%,76.11657892729076
2026-08-22T13:20:00+00:00,22411530-3,Dew Point,CURRENT,°C,16.007035341178174
2026-08-22T13:21:00+00:00,22411541-S,Battery,CURRENT,V,8.5420048828125
2026-08-22T13:25:00+00:00,22411189-1,Temperature,CURRENT,°C,21.6833740234375
2026-08-22T13:25:00+00:00,22411189-2,RH,CURRENT,%,76.65674830243381
2026-08-22T13:25:00+00:00,22411189-3,Dew Point,CURRENT,°C,17.427238833617807
2026-08-22T13:25:00+00:00,22411190-1,Temperature,CURRENT,°C,21.619023437499997
2026-08-22T13:25:00+00:00,22411190-2,RH,CURRENT,%,74.50522621499962
2026-08-22T13:25:00+00:00,22411190-3,Dew Point,CURRENT,°C,16.914523766082077
2026-08-22T13:25:00+00:00,22411191-1,Temperature,CURRENT,°C,20.67521484374999
2026-08-22T13:25:00+00:00,22411191-2,RH,CURRENT,%,78.82810711833372
2026-08-22T13:25:00+00:00,22411191-3,Dew Point,CURRENT,°C,16.890762932957816
2026-08-22T13:25:00+00:00,22411525-1,Temperature,CURRENT,°C,20.460712890624997
2026-08-22T13:25:00+00:00,22411525-2,RH,CURRENT,%,77.75997558556496
2026-08-22T13:25:00+00:00,22411525-3,Dew Point,CURRENT,°C,16.467334511821203
2026-08-22T13:25:00+00:00,22411526-1,Temperature,CURRENT,°C,22.627182617187493
2026-08-22T13:25:00+00:00,22411526-2,RH,CURRENT,%,73.27840085450522
2026-08-22T13:25:00+00:00,22411526-3,Dew Point,CURRENT,°C,17.623752610080714
2026-08-22T13:25:00+00:00,22411527-1,Temperature,CURRENT,°C,20.396362304687493
2026-08-22T13:25:00+00:00,22411527-2,RH,CURRENT,%,77.8484779125658
2026-08-22T13:25:00+00:00,22411527-3,Dew Point,CURRENT,°C,16.42276619638912
2026-08-22T13:25:00+00:00,22411528-1,Temperature,CURRENT,°C,22.391230468750003
2026-08-22T13:25:00+00:00,22411528-2,RH,CURRENT,%,75.66033417257954
2026-08-22T13:25:00+00:00,22411528-3,Dew Point,CURRENT,°C,17.904559921394192
2026-08-22T13:25:00+00:00,22411529-1,Temperature,CURRENT,°C,21.039868164062504
2026-08-22T13:25:00+00:00,22411529-2,RH,CURRENT,%,83.25780117494469
2026-08-22T13:25:00+00:00,22411529-3,Dew Point,CURRENT,°C,18.113881108810887
2026-08-22T13:25:00+00:00,22411530-1,Temperature,CURRENT,°C,20.782465820312503
2026-08-22T13:25:00+00:00,22411530-2,RH,CURRENT,%,77.3357747768368
2026-08-22T13:25:00+00:00,22411530-3,Dew Point,CURRENT,°C,16.69336840538546
2026-08-22T13:26:00+00:00,22411541-S,Battery,CURRENT,V,8.551697021484376
2026-08-22T13:30:00+00:00,22411189-1,Temperature,CURRENT,°C,21.447421874999996
2026-08-22T13:30:00+00:00,22411189-2,RH,CURRENT,%,74.7981994354162
2026-08-22T13:30:00+00:00,22411189-3,Dew Point,CURRENT,°C,16.810775887736636
2026-08-22T13:30:00+00:00,22411190-1,Temperature,CURRENT,°C,21.29727050781249
2026-08-22T13:30:00+00:00,22411190-2,RH,CURRENT,%,72.79774166475929
2026-08-22T13:30:00+00:00,22411190-3,Dew Point,CURRENT,°C,16.23919345821378
2026-08-22T13:30:00+00:00,22411191-1,Temperature,CURRENT,°C,20.546513671874997
2026-08-22T13:30:00+00:00,22411191-2,RH,CURRENT,%,76.46906233310445
2026-08-22T13:30:00+00:00,22411191-3,Dew Point,CURRENT,°C,16.287272645920126
2026-08-22T13:30:00+00:00,22411525-1,Temperature,CURRENT,°C,20.3534619140625
2026-08-22T13:30:00+00:00,22411525-2,RH,CURRENT,%,75.39787899595636
2026-08-22T13:30:00+00:00,22411525-3,Dew Point,CURRENT,°C,15.879109974064251
2026-08-22T13:30:00+00:00,22411526-1,Temperature,CURRENT,°C,22.4984814453125
2026-08-22T13:30:00+00:00,22411526-2,RH,CURRENT,%,71.19554436560617
2026-08-22T13:30:00+00:00,22411526-3,Dew Point,CURRENT,°C,17.043126271891765
2026-08-22T13:30:00+00:00,22411527-1,Temperature,CURRENT,°C,20.310561523437492
2026-08-22T13:30:00+00:00,22411527-2,RH,CURRENT,%,75.90295262073701
2026-08-22T13:30:00+00:00,22411527-3,Dew Point,CURRENT,°C,15.942216004629643
2026-08-22T13:30:00+00:00,22411528-1,Temperature,CURRENT,°C,22.348330078124995
2026-08-22T13:30:00+00:00,22411528-2,RH,CURRENT,%,73.7819485770962
2026-08-22T13:30:00+00:00,22411528-3,Dew Point,CURRENT,°C,17.46371678187602
2026-08-22T13:30:00+00:00,22411529-1,Temperature,CURRENT,°C,21.3401708984375
2026-08-22T13:30:00+00:00,22411529-2,RH,CURRENT,%,82.04165712977799
2026-08-22T13:30:00+00:00,22411529-3,Dew Point,CURRENT,°C,18.17293307682515
2026-08-22T13:30:00+00:00,22411530-1,Temperature,CURRENT,°C,20.6108642578125
2026-08-22T13:30:00+00:00,22411530-2,RH,CURRENT,%,75.41313801785306
2026-08-22T13:30:00+00:00,22411530-3,Dew Point,CURRENT,°C,16.131178187689848
2026-08-22T13:31:00+00:00,22411541-S,Battery,CURRENT,V,8.567850585937501
2026-08-22T13:35:00+00:00,22411189-1,Temperature,CURRENT,°C,22.026577148437504
2026-08-22T13:35:00+00:00,22411189-2,RH,CURRENT,%,72.60852979324025
2026-08-22T13:35:00+00:00,22411189-3,Dew Point,CURRENT,°C,16.90011101548957
2026-08-22T13:35:00+00:00,22411190-1,Temperature,CURRENT,°C,21.87642578125
2026-08-22T13:35:00+00:00,22411190-2,RH,CURRENT,%,71.22148470283055
2026-08-22T13:35:00+00:00,22411190-3,Dew Point,CURRENT,°C,16.451775646328066
2026-08-22T13:35:00+00:00,22411191-1,Temperature,CURRENT,°C,20.932617187499993
2026-08-22T13:35:00+00:00,22411191-2,RH,CURRENT,%,75.28343633173114
2026-08-22T13:35:00+00:00,22411191-3,Dew Point,CURRENT,°C,16.415208465461735
2026-08-22T13:35:00+00:00,22411525-1,Temperature,CURRENT,°C,20.718115234375
2026-08-22T13:35:00+00:00,22411525-2,RH,CURRENT,%,74.31296253910125
2026-08-22T13:35:00+00:00,22411525-3,Dew Point,CURRENT,°C,16.004246257055456
2026-08-22T13:35:00+00:00,22411526-1,Temperature,CURRENT,°C,23.077636718749993
2026-08-22T13:35:00+00:00,22411526-2,RH,CURRENT,%,69.61623559929808
2026-08-22T13:35:00+00:00,22411526-3,Dew Point,CURRENT,°C,17.243307627372715
2026-08-22T13:35:00+00:00,22411527-1,Temperature,CURRENT,°C,20.653764648437495
2026-08-22T13:35:00+00:00,22411527-2,RH,CURRENT,%,74.96147096971085
2026-08-22T13:35:00+00:00,22411527-3,Dew Point,CURRENT,°C,16.07837978867416
2026-08-22T13:35:00+00:00,22411528-1,Temperature,CURRENT,°C,22.948935546875
2026-08-22T13:35:00+00:00,22411528-2,RH,CURRENT,%,72.45288776989395
2026-08-22T13:35:00+00:00,22411528-3,Dew Point,CURRENT,°C,17.753443672575596
2026-08-22T13:35:00+00:00,22411529-1,Temperature,CURRENT,°C,22.519931640624996
2026-08-22T13:35:00+00:00,22411529-2,RH,CURRENT,%,78.71213855191883
2026-08-22T13:35:00+00:00,22411529-3,Dew Point,CURRENT,°C,18.660538044700502
2026-08-22T13:35:00+00:00,22411530-1,Temperature,CURRENT,°C,21.061318359375
2026-08-22T13:35:00+00:00,22411530-2,RH,CURRENT,%,73.84451056687266
2026-08-22T13:35:00+00:00,22411530-3,Dew Point,CURRENT,°C,16.236116490067843
2026-08-22T13:36:00+00:00,22411541-S,Battery,CURRENT,V,8.577542724609375
2026-08-22T13:40:00+00:00,22411189-1,Temperature,CURRENT,°C,21.661923828125005
2026-08-22T13:40:00+00:00,22411189-2,RH,CURRENT,%,75.50316624704357
2026-08-22T13:40:00+00:00,22411189-3,Dew Point,CURRENT,°C,17.166300446612436
2026-08-22T13:40:00+00:00,22411190-1,Temperature,CURRENT,°C,21.5117724609375
2026-08-22T13:40:00+00:00,22411190-2,RH,CURRENT,%,73.7117570763714
2026-08-22T13:40:00+00:00,22411190-3,Dew Point,CURRENT,°C,16.642150003061175
2026-08-22T13:40:00+00:00,22411191-1,Temperature,CURRENT,°C,20.76101562499999
2026-08-22T13:40:00+00:00,22411191-2,RH,CURRENT,%,77.23353933012893
2026-08-22T13:40:00+00:00,22411191-3,Dew Point,CURRENT,°C,16.651713699833476
2026-08-22T13:40:00+00:00,22411525-1,Temperature,CURRENT,°C,20.567963867187494
2026-08-22T13:40:00+00:00,22411525-2,RH,CURRENT,%,75.90600442511635
2026-08-22T13:40:00+00:00,22411525-3,Dew Point,CURRENT,°C,16.191946466639514
2026-08-22T13:40:00+00:00,22411526-1,Temperature,CURRENT,°C,22.7558837890625
2026-08-22T13:40:00+00:00,22411526-2,RH,CURRENT,%,71.621271076524
2026-08-22T13:40:00+00:00,22411526-3,Dew Point,CURRENT,°C,17.384641413418745
2026-08-22T13:40:00+00:00,22411527-1,Temperature,CURRENT,°C,20.5250634765625
2026-08-22T13:40:00+00:00,22411527-2,RH,CURRENT,%,76.35461966887922
2026-08-22T13:40:00+00:00,22411527-3,Dew Point,CURRENT,°C,16.242965846008136
2026-08-22T13:40:00+00:00,22411528-1,Temperature,CURRENT,°C,22.5842822265625
2026-08-22T13:40:00+00:00,22411528-2,RH,CURRENT,%,73.9833676661326
2026-08-22T13:40:00+00:00,22411528-3,Dew Point,CURRENT,°C,17.734515468370734
2026-08-22T13:40:00+00:00,22411529-1,Temperature,CURRENT,°C,23.93564453125
2026-08-22T13:40:00+00:00,22411529-2,RH,CURRENT,%,72.94728007934691
2026-08-22T13:40:00+00:00,22411529-3,Dew Point,CURRENT,°C,18.81136882752307
2026-08-22T13:40:00+00:00,22411530-1,Temperature,CURRENT,°C,20.846816406249992
2026-08-22T13:40:00+00:00,22411530-2,RH,CURRENT,%,76.24933241779202
2026-08-22T13:40:00+00:00,22411530-3,Dew Point,CURRENT,°C,16.532830416223135
2026-08-22T13:41:00+00:00,22411541-S,Battery,CURRENT,V,8.584004150390625
2026-08-22T13:45:00+00:00,22411189-1,Temperature,CURRENT,°C,21.74772460937499
2026-08-22T13:45:00+00:00,22411189-2,RH,CURRENT,%,75.06828412298772
2026-08-22T13:45:00+00:00,22411189-3,Dew Point,CURRENT,°C,17.157835132486284
2026-08-22T13:45:00+00:00,22411190-1,Temperature,CURRENT,°C,21.5975732421875
2026-08-22T13:45:00+00:00,22411190-2,RH,CURRENT,%,73.48744945448996
2026-08-22T13:45:00+00:00,22411190-3,Dew Point,CURRENT,°C,16.67682080458939
2026-08-22T13:45:00+00:00,22411191-1,Temperature,CURRENT,°C,20.975517578125
2026-08-22T13:45:00+00:00,22411191-2,RH,CURRENT,%,76.67658503089952
2026-08-22T13:45:00+00:00,22411191-3,Dew Point,CURRENT,°C,16.74553733010166
2026-08-22T13:45:00+00:00,22411525-1,Temperature,CURRENT,°C,20.76101562499999
2026-08-22T13:45:00+00:00,22411525-2,RH,CURRENT,%,75.43450064850843
2026-08-22T13:45:00+00:00,22411525-3,Dew Point,CURRENT,°C,16.280815492547188
2026-08-22T13:45:00+00:00,22411526-1,Temperature,CURRENT,°C,22.6700830078125
2026-08-22T13:45:00+00:00,22411526-2,RH,CURRENT,%,71.64415960936904
2026-08-22T13:45:00+00:00,22411526-3,Dew Point,CURRENT,°C,17.307292742655818
2026-08-22T13:45:00+00:00,22411527-1,Temperature,CURRENT,°C,20.718115234375
2026-08-22T13:45:00+00:00,22411527-2,RH,CURRENT,%,76.02655069810025
2026-08-22T13:45:00+00:00,22411527-3,Dew Point,CURRENT,°C,16.362199737238722
2026-08-22T13:45:00+00:00,22411528-1,Temperature,CURRENT,°C,22.5842822265625
2026-08-22T13:45:00+00:00,22411528-2,RH,CURRENT,%,73.39131761654077
2026-08-22T13:45:00+00:00,22411528-3,Dew Point,CURRENT,°C,17.606875515024328
2026-08-22T13:45:00+00:00,22411529-1,Temperature,CURRENT,°C,25.05105468749999
2026-08-22T13:45:00+00:00,22411529-2,RH,CURRENT,%,69.60708018616006
2026-08-22T13:45:00+00:00,22411529-3,Dew Point,CURRENT,°C,19.129516417272722
2026-08-22T13:45:00+00:00,22411530-1,Temperature,CURRENT,°C,21.039868164062504
2026-08-22T13:45:00+00:00,22411530-2,RH,CURRENT,%,75.40398260471504
2026-08-22T13:45:00+00:00,22411530-3,Dew Point,CURRENT,°C,16.54407774791475
2026-08-22T13:46:00+00:00,22411541-S,Battery,CURRENT,V,8.596927001953125
2026-08-22T13:50:00+00:00,22411189-1,Temperature,CURRENT,°C,21.854975585937503
2026-08-22T13:50:00+00:00,22411189-2,RH,CURRENT,%,76.27374685282673
2026-08-22T13:50:00+00:00,22411189-3,Dew Point,CURRENT,°C,17.51398132798241
2026-08-22T13:50:00+00:00,22411190-1,Temperature,CURRENT,°C,21.661923828125005
2026-08-22T13:50:00+00:00,22411190-2,RH,CURRENT,%,74.05050736247807
2026-08-22T13:50:00+00:00,22411190-3,Dew Point,CURRENT,°C,16.859265210149566
2026-08-22T13:50:00+00:00,22411191-1,Temperature,CURRENT,°C,20.911166992187496
2026-08-22T13:50:00+00:00,22411191-2,RH,CURRENT,%,77.25337605859464
2026-08-22T13:50:00+00:00,22411191-3,Dew Point,CURRENT,°C,16.80137892693647
2026-08-22T13:50:00+00:00,22411525-1,Temperature,CURRENT,°C,20.739565429687495
2026-08-22T13:50:00+00:00,22411525-2,RH,CURRENT,%,76.38208590829328
2026-08-22T13:50:00+00:00,22411525-3,Dew Point,CURRENT,°C,16.4563547825188
2026-08-22T13:50:00+00:00,22411526-1,Temperature,CURRENT,°C,22.841684570312502
2026-08-22T13:50:00+00:00,22411526-2,RH,CURRENT,%,72.80994888227664
2026-08-22T13:50:00+00:00,22411526-3,Dew Point,CURRENT,°C,17.72839493597385
2026-08-22T13:50:00+00:00,22411527-1,Temperature,CURRENT,°C,20.739565429687495
2026-08-22T13:50:00+00:00,22411527-2,RH,CURRENT,%,76.65369649805447
2026-08-22T13:50:00+00:00,22411527-3,Dew Point,CURRENT,°C,16.512222154717332
2026-08-22T13:50:00+00:00,22411528-1,Temperature,CURRENT,°C,22.712983398437494
2026-08-22T13:50:00+00:00,22411528-2,RH,CURRENT,%,74.18020904859999
2026-08-22T13:50:00+00:00,22411528-3,Dew Point,CURRENT,°C,17.900911794801015
2026-08-22T13:50:00+00:00,22411529-1,Temperature,CURRENT,°C,25.866162109375004
2026-08-22T13:50:00+00:00,22411529-2,RH,CURRENT,%,69.91836423285267
2026-08-22T13:50:00+00:00,22411529-3,Dew Point,CURRENT,°C,19.98142750071246
2026-08-22T13:50:00+00:00,22411530-1,Temperature,CURRENT,°C,21.018417968749993
2026-08-22T13:50:00+00:00,22411530-2,RH,CURRENT,%,76.3057907988098
2026-08-22T13:50:00+00:00,22411530-3,Dew Point,CURRENT,°C,16.710648993608437
2026-08-22T13:51:00+00:00,22411541-S,Battery,CURRENT,V,8.61308056640625
2026-08-22T13:55:00+00:00,22411189-1,Temperature,CURRENT,°C,22.090927734374993
2026-08-22T13:55:00+00:00,22411189-2,RH,CURRENT,%,73.28297856107423
2026-08-22T13:55:00+00:00,22411189-3,Dew Point,CURRENT,°C,17.108182660641614
2026-08-22T13:55:00+00:00,22411190-1,Temperature,CURRENT,°C,21.87642578125
2026-08-22T13:55:00+00:00,22411190-2,RH,CURRENT,%,71.89135576409552
2026-08-22T13:55:00+00:00,22411190-3,Dew Point,CURRENT,°C,16.599163109438976
2026-08-22T13:55:00+00:00,22411191-1,Temperature,CURRENT,°C,21.125668945312505
2026-08-22T13:55:00+00:00,22411191-2,RH,CURRENT,%,74.80735484855421
2026-08-22T13:55:00+00:00,22411191-3,Dew Point,CURRENT,°C,16.501929023449467
2026-08-22T13:55:00+00:00,22411525-1,Temperature,CURRENT,°C,20.932617187499993
2026-08-22T13:55:00+00:00,22411525-2,RH,CURRENT,%,73.74380102235446
2026-08-22T13:55:00+00:00,22411525-3,Dew Point,CURRENT,°C,16.090584554530153
2026-08-22T13:55:00+00:00,22411526-1,Temperature,CURRENT,°C,23.120537109375
2026-08-22T13:55:00+00:00,22411526-2,RH,CURRENT,%,70.1838712138552
2026-08-22T13:55:00+00:00,22411526-3,Dew Point,CURRENT,°C,17.413046859930073
2026-08-22T13:55:00+00:00,22411527-1,Temperature,CURRENT,°C,20.911166992187496
2026-08-22T13:55:00+00:00,22411527-2,RH,CURRENT,%,74.17410543984131
2026-08-22T13:55:00+00:00,22411527-3,Dew Point,CURRENT,°C,16.16120764090164
2026-08-22T13:55:00+00:00,22411528-1,Temperature,CURRENT,°C,23.013286132812503
2026-08-22T13:55:00+00:00,22411528-2,RH,CURRENT,%,72.59937438010223
2026-08-22T13:55:00+00:00,22411528-3,Dew Point,CURRENT,°C,17.8474643951532
2026-08-22T13:55:00+00:00,22411529-1,Temperature,CURRENT,°C,26.724169921874996
2026-08-22T13:55:00+00:00,22411529-2,RH,CURRENT,%,65.74654764629587
2026-08-22T13:55:00+00:00,22411529-3,Dew Point,CURRENT,°C,19.804977538070908
2026-08-22T13:55:00+00:00,22411530-1,Temperature,CURRENT,°C,21.2543701171875
2026-08-22T13:55:00+00:00,22411530-2,RH,CURRENT,%,73.69497215228503
2026-08-22T13:55:00+00:00,22411530-3,Dew Point,CURRENT,°C,16.39040319838195
2026-08-22T13:56:00+00:00,22411541-S,Battery,CURRENT,V,8.61308056640625
2026-08-22T14:00:00+00:00,22411189-1,Temperature,CURRENT,°C,22.090927734374993
2026-08-22T14:00:00+00:00,22411189-2,RH,CURRENT,%,72.96711680781262
2026-08-22T14:00:00+00:00,22411189-3,Dew Point,CURRENT,°C,17.039882998988304
2026-08-22T14:00:00+00:00,22411190-1,Temperature,CURRENT,°C,21.897875976562496
2026-08-22T14:00:00+00:00,22411190-2,RH,CURRENT,%,71.37712672617685
2026-08-22T14:00:00+00:00,22411190-3,Dew Point,CURRENT,°C,16.50672510152529
2026-08-22T14:00:00+00:00,22411191-1,Temperature,CURRENT,°C,21.2543701171875
2026-08-22T14:00:00+00:00,22411191-2,RH,CURRENT,%,74.04287785152972
2026-08-22T14:00:00+00:00,22411191-3,Dew Point,CURRENT,°C,16.46449674734345
2026-08-22T14:00:00+00:00,22411525-1,Temperature,CURRENT,°C,21.082768554687497
2026-08-22T14:00:00+00:00,22411525-2,RH,CURRENT,%,72.74280918593118
2026-08-22T14:00:00+00:00,22411525-3,Dew Point,CURRENT,°C,16.020864198280588
2026-08-22T14:00:00+00:00,22411526-1,Temperature,CURRENT,°C,23.120537109375
2026-08-22T14:00:00+00:00,22411526-2,RH,CURRENT,%,69.81155107957579
2026-08-22T14:00:00+00:00,22411526-3,Dew Point,CURRENT,°C,17.32874596317906
2026-08-22T14:00:00+00:00,22411527-1,Temperature,CURRENT,°C,21.061318359375
2026-08-22T14:00:00+00:00,22411527-2,RH,CURRENT,%,73.23567559319447
2026-08-22T14:00:00+00:00,22411527-3,Dew Point,CURRENT,°C,16.10613510248448
2026-08-22T14:00:00+00:00,22411528-1,Temperature,CURRENT,°C,23.120537109375
2026-08-22T14:00:00+00:00,22411528-2,RH,CURRENT,%,72.13702601663233
2026-08-22T14:00:00+00:00,22411528-3,Dew Point,CURRENT,°C,17.848968812368593
2026-08-22T14:00:00+00:00,22411529-1,Temperature,CURRENT,°C,27.0459228515625
2026-08-22T14:00:00+00:00,22411529-2,RH,CURRENT,%,63.91699092088197
2026-08-22T14:00:00+00:00,22411529-3,Dew Point,CURRENT,°C,19.65436310324155
2026-08-22T14:00:00+00:00,22411530-1,Temperature,CURRENT,°C,21.361621093749996
2026-08-22T14:00:00+00:00,22411530-2,RH,CURRENT,%,72.91218432898451
2026-08-22T14:00:00+00:00,22411530-3,Dew Point,CURRENT,°C,16.325829358191296
2026-08-22T14:01:00+00:00,22411541-S,Battery,CURRENT,V,8.629234130859375
2026-08-22T14:05:00+00:00,22411189-1,Temperature,CURRENT,°C,22.7558837890625
2026-08-22T14:05:00+00:00,22411189-2,RH,CURRENT,%,71.73571374074922
2026-08-22T14:05:00+00:00,22411189-3,Dew Point,CURRENT,°C,17.409951147482673
2026-08-22T14:05:00+00:00,22411190-1,Temperature,CURRENT,°C,22.691533203124997
2026-08-22T14:05:00+00:00,22411190-2,RH,CURRENT,%,70.36087586785688
2026-08-22T14:05:00+00:00,22411190-3,Dew Point,CURRENT,°C,17.041857082109946
2026-08-22T14:05:00+00:00,22411191-1,Temperature,CURRENT,°C,21.769174804687502
2026-08-22T14:05:00+00:00,22411191-2,RH,CURRENT,%,73.02052338445105
2026-08-22T14:05:00+00:00,22411191-3,Dew Point,CURRENT,°C,16.74163031646278
2026-08-22T14:05:00+00:00,22411525-1,Temperature,CURRENT,°C,21.554672851562493
2026-08-22T14:05:00+00:00,22411525-2,RH,CURRENT,%,71.80895704585336
2026-08-22T14:05:00+00:00,22411525-3,Dew Point,CURRENT,°C,16.27191085127369
2026-08-22T14:05:00+00:00,22411526-1,Temperature,CURRENT,°C,23.721142578125004
2026-08-22T14:05:00+00:00,22411526-2,RH,CURRENT,%,69.03486686503395
2026-08-22T14:05:00+00:00,22411526-3,Dew Point,CURRENT,°C,17.725785564705788
2026-08-22T14:05:00+00:00,22411527-1,Temperature,CURRENT,°C,21.490322265625004
2026-08-22T14:05:00+00:00,22411527-2,RH,CURRENT,%,72.27130540932326
2026-08-22T14:05:00+00:00,22411527-3,Dew Point,CURRENT,°C,16.310905029431368
2026-08-22T14:05:00+00:00,22411528-1,Temperature,CURRENT,°C,23.93564453125
2026-08-22T14:05:00+00:00,22411528-2,RH,CURRENT,%,69.69253070878156
2026-08-22T14:05:00+00:00,22411528-3,Dew Point,CURRENT,°C,18.08185217193627
2026-08-22T14:05:00+00:00,22411529-1,Temperature,CURRENT,°C,27.667978515625002
2026-08-22T14:05:00+00:00,22411529-2,RH,CURRENT,%,63.32646677347982
2026-08-22T14:05:00+00:00,22411529-3,Dew Point,CURRENT,°C,20.09254374964413
2026-08-22T14:05:00+00:00,22411530-1,Temperature,CURRENT,°C,21.83352539062499
2026-08-22T14:05:00+00:00,22411530-2,RH,CURRENT,%,72.13244831006332
2026-08-22T14:05:00+00:00,22411530-3,Dew Point,CURRENT,°C,16.61066774761763
2026-08-22T14:06:00+00:00,22411541-S,Battery,CURRENT,V,8.62600341796875
2026-08-22T14:10:00+00:00,22411189-1,Temperature,CURRENT,°C,23.013286132812503
2026-08-22T14:10:00+00:00,22411189-2,RH,CURRENT,%,69.95345998321507
2026-08-22T14:10:00+00:00,22411189-3,Dew Point,CURRENT,°C,17.25821780035969
2026-08-22T14:10:00+00:00,22411190-1,Temperature,CURRENT,°C,22.863134765625
2026-08-22T14:10:00+00:00,22411190-2,RH,CURRENT,%,68.62745098039215
2026-08-22T14:10:00+00:00,22411190-3,Dew Point,CURRENT,°C,16.812086967586296
2026-08-22T14:10:00+00:00,22411191-1,Temperature,CURRENT,°C,21.812075195312495
2026-08-22T14:10:00+00:00,22411191-2,RH,CURRENT,%,72.42236972610056
2026-08-22T14:10:00+00:00,22411191-3,Dew Point,CURRENT,°C,16.653244770112185
2026-08-22T14:10:00+00:00,22411525-1,Temperature,CURRENT,°C,21.533222656249997
2026-08-22T14:10:00+00:00,22411525-2,RH,CURRENT,%,71.78149080643931
2026-08-22T14:10:00+00:00,22411525-3,Dew Point,CURRENT,°C,16.245287828417155
2026-08-22T14:10:00+00:00,22411526-1,Temperature,CURRENT,°C,23.999995117187503
2026-08-22T14:10:00+00:00,22411526-2,RH,CURRENT,%,66.53086137178607
2026-08-22T14:10:00+00:00,22411526-3,Dew Point,CURRENT,°C,17.405289783038512
2026-08-22T14:10:00+00:00,22411527-1,Temperature,CURRENT,°C,21.447421874999996
2026-08-22T14:10:00+00:00,22411527-2,RH,CURRENT,%,72.4299992370489
2026-08-22T14:10:00+00:00,22411527-3,Dew Point,CURRENT,°C,16.304113719218005
2026-08-22T14:10:00+00:00,22411528-1,Temperature,CURRENT,°C,24.171596679687504
2026-08-22T14:10:00+00:00,22411528-2,RH,CURRENT,%,67.82177462424659
2026-08-22T14:10:00+00:00,22411528-3,Dew Point,CURRENT,°C,17.873978111395314
2026-08-22T14:10:00+00:00,22411529-1,Temperature,CURRENT,°C,28.011181640625004
2026-08-22T14:10:00+00:00,22411529-2,RH,CURRENT,%,61.820401312275884
2026-08-22T14:10:00+00:00,22411529-3,Dew Point,CURRENT,°C,20.026782430982024
2026-08-22T14:10:00+00:00,22411530-1,Temperature,CURRENT,°C,21.9622265625
2026-08-22T14:10:00+00:00,22411530-2,RH,CURRENT,%,71.15434500648509
2026-08-22T14:10:00+00:00,22411530-3,Dew Point,CURRENT,°C,16.519290336057626
2026-08-22T14:11:00+00:00,22411541-S,Battery,CURRENT,V,8.629234130859375
2026-08-22T14:15:00+00:00,22411189-1,Temperature,CURRENT,°C,22.863134765625
2026-08-22T14:15:00+00:00,22411189-2,RH,CURRENT,%,70.86442359044786
2026-08-22T14:15:00+00:00,22411189-3,Dew Point,CURRENT,°C,17.319237659901894
2026-08-22T14:15:00+00:00,22411190-1,Temperature,CURRENT,°C,22.734433593750005
2026-08-22T14:15:00+00:00,22411190-2,RH,CURRENT,%,69.22713054093232
2026-08-22T14:15:00+00:00,22411190-3,Dew Point,CURRENT,°C,16.826353610474186
2026-08-22T14:15:00+00:00,22411191-1,Temperature,CURRENT,°C,21.854975585937503
2026-08-22T14:15:00+00:00,22411191-2,RH,CURRENT,%,72.62684061951629
2026-08-22T14:15:00+00:00,22411191-3,Dew Point,CURRENT,°C,16.738966855800324
2026-08-22T14:15:00+00:00,22411525-1,Temperature,CURRENT,°C,21.640473632812494
2026-08-22T14:15:00+00:00,22411525-2,RH,CURRENT,%,71.52819104295415
2026-08-22T14:15:00+00:00,22411525-3,Dew Point,CURRENT,°C,16.292782246547098
2026-08-22T14:15:00+00:00,22411526-1,Temperature,CURRENT,°C,23.97854492187499
2026-08-22T14:15:00+00:00,22411526-2,RH,CURRENT,%,67.12443732356756
2026-08-22T14:15:00+00:00,22411526-3,Dew Point,CURRENT,°C,17.52574661747059
2026-08-22T14:15:00+00:00,22411527-1,Temperature,CURRENT,°C,21.576123046875004
2026-08-22T14:15:00+00:00,22411527-2,RH,CURRENT,%,71.90508888380255
2026-08-22T14:15:00+00:00,22411527-3,Dew Point,CURRENT,°C,16.313549655856217
2026-08-22T14:15:00+00:00,22411528-1,Temperature,CURRENT,°C,23.999995117187503
2026-08-22T14:15:00+00:00,22411528-2,RH,CURRENT,%,68.74189364461738
2026-08-22T14:15:00+00:00,22411528-3,Dew Point,CURRENT,°C,17.924630371368284
2026-08-22T14:15:00+00:00,22411529-1,Temperature,CURRENT,°C,28.56888671875
2026-08-22T14:15:00+00:00,22411529-2,RH,CURRENT,%,60.236514839398794
2026-08-22T14:15:00+00:00,22411529-3,Dew Point,CURRENT,°C,20.131127272709225
2026-08-22T14:15:00+00:00,22411530-1,Temperature,CURRENT,°C,22.005126953124993
2026-08-22T14:15:00+00:00,22411530-2,RH,CURRENT,%,71.53276874952316
2026-08-22T14:15:00+00:00,22411530-3,Dew Point,CURRENT,°C,16.644027483015243
2026-08-22T14:16:00+00:00,22411541-S,Battery,CURRENT,V,8.642156982421875
2026-08-22T14:20:00+00:00,22411189-1,Temperature,CURRENT,°C,23.292138671875
2026-08-22T14:20:00+00:00,22411189-2,RH,CURRENT,%,71.8623636224918
2026-08-22T14:20:00+00:00,22411189-3,Dew Point,CURRENT,°C,17.953172764140852
2026-08-22T14:20:00+00:00,22411190-1,Temperature,CURRENT,°C,23.099086914062504
2026-08-22T14:20:00+00:00,22411190-2,RH,CURRENT,%,70.75608453498131
2026-08-22T14:20:00+00:00,22411190-3,Dew Point,CURRENT,°C,17.521277215691228
2026-08-22T14:20:00+00:00,22411191-1,Temperature,CURRENT,°C,22.3268798828125
2026-08-22T14:20:00+00:00,22411191-2,RH,CURRENT,%,74.1344319829099
2026-08-22T14:20:00+00:00,22411191-3,Dew Point,CURRENT,°C,17.518637537548894
2026-08-22T14:20:00+00:00,22411525-1,Temperature,CURRENT,°C,22.112377929687504
2026-08-22T14:20:00+00:00,22411525-2,RH,CURRENT,%,72.7870603494316
2026-08-22T14:20:00+00:00,22411525-3,Dew Point,CURRENT,°C,17.021478786066602
2026-08-22T14:20:00+00:00,22411526-1,Temperature,CURRENT,°C,24.42899902343749
2026-08-22T14:20:00+00:00,22411526-2,RH,CURRENT,%,68.54352635996032
2026-08-22T14:20:00+00:00,22411526-3,Dew Point,CURRENT,°C,18.288338764812163
2026-08-22T14:20:00+00:00,22411527-1,Temperature,CURRENT,°C,22.069477539062497
2026-08-22T14:20:00+00:00,22411527-2,RH,CURRENT,%,73.20820935378042
2026-08-22T14:20:00+00:00,22411527-3,Dew Point,CURRENT,°C,17.07137771464337
2026-08-22T14:20:00+00:00,22411528-1,Temperature,CURRENT,°C,24.622050781250003
2026-08-22T14:20:00+00:00,22411528-2,RH,CURRENT,%,69.46517128252079
2026-08-22T14:20:00+00:00,22411528-3,Dew Point,CURRENT,°C,18.68639032381567
2026-08-22T14:20:00+00:00,22411529-1,Temperature,CURRENT,°C,29.319643554687495
2026-08-22T14:20:00+00:00,22411529-2,RH,CURRENT,%,60.985732814526585
2026-08-22T14:20:00+00:00,22411529-3,Dew Point,CURRENT,°C,21.037324089953447
2026-08-22T14:20:00+00:00,22411530-1,Temperature,CURRENT,°C,22.391230468750003
2026-08-22T14:20:00+00:00,22411530-2,RH,CURRENT,%,72.85572594796673
2026-08-22T14:20:00+00:00,22411530-3,Dew Point,CURRENT,°C,17.304804675759417
2026-08-22T14:21:00+00:00,22411541-S,Battery,CURRENT,V,8.63892626953125
2026-08-22T14:25:00+00:00,22411189-1,Temperature,CURRENT,°C,23.506640624999996
2026-08-22T14:25:00+00:00,22411189-2,RH,CURRENT,%,68.66865033951323
2026-08-22T14:25:00+00:00,22411189-3,Dew Point,CURRENT,°C,17.43636105105656
2026-08-22T14:25:00+00:00,22411190-1,Temperature,CURRENT,°C,23.249238281249994
2026-08-22T14:25:00+00:00,22411190-2,RH,CURRENT,%,67.88891432059205
2026-08-22T14:25:00+00:00,22411190-3,Dew Point,CURRENT,°C,17.009837839160557
2026-08-22T14:25:00+00:00,22411191-1,Temperature,CURRENT,°C,22.562832031250004
2026-08-22T14:25:00+00:00,22411191-2,RH,CURRENT,%,71.14061188677806
2026-08-22T14:25:00+00:00,22411191-3,Dew Point,CURRENT,°C,17.09268279555425
2026-08-22T14:25:00+00:00,22411525-1,Temperature,CURRENT,°C,22.391230468750003
2026-08-22T14:25:00+00:00,22411525-2,RH,CURRENT,%,69.96261539635309
2026-08-22T14:25:00+00:00,22411525-3,Dew Point,CURRENT,°C,16.664550989112623
2026-08-22T14:25:00+00:00,22411526-1,Temperature,CURRENT,°C,24.536250000000003
2026-08-22T14:25:00+00:00,22411526-2,RH,CURRENT,%,65.82436865796902
2026-08-22T14:25:00+00:00,22411526-3,Dew Point,CURRENT,°C,17.74570292489942
2026-08-22T14:25:00+00:00,22411527-1,Temperature,CURRENT,°C,22.348330078124995
2026-08-22T14:25:00+00:00,22411527-2,RH,CURRENT,%,70.35629816128787
2026-08-22T14:25:00+00:00,22411527-3,Dew Point,CURRENT,°C,16.71190587022114
2026-08-22T14:25:00+00:00,22411528-1,Temperature,CURRENT,°C,24.536250000000003
2026-08-22T14:25:00+00:00,22411528-2,RH,CURRENT,%,67.86755168993668
2026-08-22T14:25:00+00:00,22411528-3,Dew Point,CURRENT,°C,18.232520984234025
2026-08-22T14:25:00+00:00,22411529-1,Temperature,CURRENT,°C,29.577045898437497
2026-08-22T14:25:00+00:00,22411529-2,RH,CURRENT,%,58.185702296482795
2026-08-22T14:25:00+00:00,22411529-3,Dew Point,CURRENT,°C,20.51367244985704
2026-08-22T14:25:00+00:00,22411530-1,Temperature,CURRENT,°C,22.648632812500004
2026-08-22T14:25:00+00:00,22411530-2,RH,CURRENT,%,69.74288548104066
2026-08-22T14:25:00+00:00,22411530-3,Dew Point,CURRENT,°C,16.861406177514358
2026-08-22T14:26:00+00:00,22411541-S,Battery,CURRENT,V,8.648618408203125
2026-08-22T14:30:00+00:00,22411189-1,Temperature,CURRENT,°C,24.257397460937504
2026-08-22T14:30:00+00:00,22411189-2,RH,CURRENT,%,68.74647135118639
2026-08-22T14:30:00+00:00,22411189-3,Dew Point,CURRENT,°C,18.171604798660073
2026-08-22T14:30:00+00:00,22411190-1,Temperature,CURRENT,°C,24.085795898437503
2026-08-22T14:30:00+00:00,22411190-2,RH,CURRENT,%,67.61577782864119
2026-08-22T14:30:00+00:00,22411190-3,Dew Point,CURRENT,°C,17.743783099726805
2026-08-22T14:30:00+00:00,22411191-1,Temperature,CURRENT,°C,23.227788085937497
2026-08-22T14:30:00+00:00,22411191-2,RH,CURRENT,%,70.8369573510338
2026-08-22T14:30:00+00:00,22411191-3,Dew Point,CURRENT,°C,17.662841590606543
2026-08-22T14:30:00+00:00,22411525-1,Temperature,CURRENT,°C,23.034736328125
2026-08-22T14:30:00+00:00,22411525-2,RH,CURRENT,%,69.76729991607537
2026-08-22T14:30:00+00:00,22411525-3,Dew Point,CURRENT,°C,17.23656332103495
2026-08-22T14:30:00+00:00,22411526-1,Temperature,CURRENT,°C,25.136855468749992
2026-08-22T14:30:00+00:00,22411526-2,RH,CURRENT,%,66.32944228274968
2026-08-22T14:30:00+00:00,22411526-3,Dew Point,CURRENT,°C,18.438432900748545
2026-08-22T14:30:00+00:00,22411527-1,Temperature,CURRENT,°C,22.991835937499992
2026-08-22T14:30:00+00:00,22411527-2,RH,CURRENT,%,70.24795910582132
2026-08-22T14:30:00+00:00,22411527-3,Dew Point,CURRENT,°C,17.304206882336853
2026-08-22T14:30:00+00:00,22411528-1,Temperature,CURRENT,°C,25.158305664062503
2026-08-22T14:30:00+00:00,22411528-2,RH,CURRENT,%,67.89959563591974
2026-08-22T14:30:00+00:00,22411528-3,Dew Point,CURRENT,°C,18.833350817978246
2026-08-22T14:30:00+00:00,22411529-1,Temperature,CURRENT,°C,29.512695312499993
2026-08-22T14:30:00+00:00,22411529-2,RH,CURRENT,%,60.570687418936444
2026-08-22T14:30:00+00:00,22411529-3,Dew Point,CURRENT,°C,21.107340502202558
2026-08-22T14:30:00+00:00,22411530-1,Temperature,CURRENT,°C,23.270688476562505
2026-08-22T14:30:00+00:00,22411530-2,RH,CURRENT,%,69.68947890440222
2026-08-22T14:30:00+00:00,22411530-3,Dew Point,CURRENT,°C,17.44473769575692
2026-08-22T14:31:00+00:00,22411541-S,Battery,CURRENT,V,8.642156982421875
2026-08-22T14:35:00+00:00,22411189-1,Temperature,CURRENT,°C,23.699692382812493
2026-08-22T14:35:00+00:00,22411189-2,RH,CURRENT,%,70.25711451895934
2026-08-22T14:35:00+00:00,22411189-3,Dew Point,CURRENT,°C,17.98446101096304
2026-08-22T14:35:00+00:00,22411190-1,Temperature,CURRENT,°C,23.4851904296875
2026-08-22T14:35:00+00:00,22411190-2,RH,CURRENT,%,68.77698939497978
2026-08-22T14:35:00+00:00,22411190-3,Dew Point,CURRENT,°C,17.44086519311941
2026-08-22T14:35:00+00:00,22411191-1,Temperature,CURRENT,°C,22.734433593750005
2026-08-22T14:35:00+00:00,22411191-2,RH,CURRENT,%,71.98138399328603
2026-08-22T14:35:00+00:00,22411191-3,Dew Point,CURRENT,°C,17.443548222276068
2026-08-22T14:35:00+00:00,22411525-1,Temperature,CURRENT,°C,22.541381835937493
2026-08-22T14:35:00+00:00,22411525-2,RH,CURRENT,%,70.60807202258336
2026-08-22T14:35:00+00:00,22411525-3,Dew Point,CURRENT,°C,16.9533443582426
2026-08-22T14:35:00+00:00,22411526-1,Temperature,CURRENT,°C,24.750751953124997
2026-08-22T14:35:00+00:00,22411526-2,RH,CURRENT,%,67.17174029144732
2026-08-22T14:35:00+00:00,22411526-3,Dew Point,CURRENT,°C,18.272510413116684
2026-08-22T14:35:00+00:00,22411527-1,Temperature,CURRENT,°C,22.477031250000003
2026-08-22T14:35:00+00:00,22411527-2,RH,CURRENT,%,71.13908598458839
2026-08-22T14:35:00+00:00,22411527-3,Dew Point,CURRENT,°C,17.00999994814171
2026-08-22T14:35:00+00:00,22411528-1,Temperature,CURRENT,°C,24.664951171874996
2026-08-22T14:35:00+00:00,22411528-2,RH,CURRENT,%,68.36041809719997
2026-08-22T14:35:00+00:00,22411528-3,Dew Point,CURRENT,°C,18.470891133197025
2026-08-22T14:35:00+00:00,22411529-1,Temperature,CURRENT,°C,29.448344726562503
2026-08-22T14:35:00+00:00,22411529-2,RH,CURRENT,%,58.811322194247346
2026-08-22T14:35:00+00:00,22411529-3,Dew Point,CURRENT,°C,20.56705404885045
2026-08-22T14:35:00+00:00,22411530-1,Temperature,CURRENT,°C,22.798784179687495
2026-08-22T14:35:00+00:00,22411530-2,RH,CURRENT,%,71.01701380941482
2026-08-22T14:35:00+00:00,22411530-3,Dew Point,CURRENT,°C,17.291577205012857
2026-08-22T14:36:00+00:00,22411541-S,Battery,CURRENT,V,8.648618408203125
2026-08-22T14:40:00+00:00,22411189-1,Temperature,CURRENT,°C,23.785493164062494
2026-08-22T14:40:00+00:00,22411189-2,RH,CURRENT,%,68.13153276874952
2026-08-22T14:40:00+00:00,22411189-3,Dew Point,CURRENT,°C,17.578035450779502
2026-08-22T14:40:00+00:00,22411190-1,Temperature,CURRENT,°C,23.5709912109375
2026-08-22T14:40:00+00:00,22411190-2,RH,CURRENT,%,66.89555199511712
2026-08-22T14:40:00+00:00,22411190-3,Dew Point,CURRENT,°C,17.083487339930596
2026-08-22T14:40:00+00:00,22411191-1,Temperature,CURRENT,°C,22.841684570312502
2026-08-22T14:40:00+00:00,22411191-2,RH,CURRENT,%,70.01449607080187
2026-08-22T14:40:00+00:00,22411191-3,Dew Point,CURRENT,°C,17.10767820678158
2026-08-22T14:40:00+00:00,22411525-1,Temperature,CURRENT,°C,22.605732421874997
2026-08-22T14:40:00+00:00,22411525-2,RH,CURRENT,%,69.3186846723125
2026-08-22T14:40:00+00:00,22411525-3,Dew Point,CURRENT,°C,16.72409677136225
2026-08-22T14:40:00+00:00,22411526-1,Temperature,CURRENT,°C,24.836552734374997
2026-08-22T14:40:00+00:00,22411526-2,RH,CURRENT,%,64.60669871061265
2026-08-22T14:40:00+00:00,22411526-3,Dew Point,CURRENT,°C,17.73390639486969
2026-08-22T14:40:00+00:00,22411527-1,Temperature,CURRENT,°C,22.562832031250004
2026-08-22T14:40:00+00:00,22411527-2,RH,CURRENT,%,69.87716487373159
2026-08-22T14:40:00+00:00,22411527-3,Dew Point,CURRENT,°C,16.80961359933411
2026-08-22T14:40:00+00:00,22411528-1,Temperature,CURRENT,°C,24.793652343750004
2026-08-22T14:40:00+00:00,22411528-2,RH,CURRENT,%,65.95254444190127
2026-08-22T14:40:00+00:00,22411528-3,Dew Point,CURRENT,°C,18.021250933207845
2026-08-22T14:40:00+00:00,22411529-1,Temperature,CURRENT,°C,29.812998046875002
2026-08-22T14:40:00+00:00,22411529-2,RH,CURRENT,%,53.73617151140612
2026-08-22T14:40:00+00:00,22411529-3,Dew Point,CURRENT,°C,19.44631766608465
2026-08-22T14:40:00+00:00,22411530-1,Temperature,CURRENT,°C,22.927485351562503
2026-08-22T14:40:00+00:00,22411530-2,RH,CURRENT,%,69.05317769130998
2026-08-22T14:40:00+00:00,22411530-3,Dew Point,CURRENT,°C,16.971235531055967
2026-08-22T14:41:00+00:00,22411541-S,Battery,CURRENT,V,8.655079833984376
2026-08-22T14:45:00+00:00,22411189-1,Temperature,CURRENT,°C,24.4718994140625
2026-08-22T14:45:00+00:00,22411189-2,RH,CURRENT,%,68.46570534828717
2026-08-22T14:45:00+00:00,22411189-3,Dew Point,CURRENT,°C,18.31116849240511
2026-08-22T14:45:00+00:00,22411190-1,Temperature,CURRENT,°C,24.257397460937504
2026-08-22T14:45:00+00:00,22411190-2,RH,CURRENT,%,67.32127870603495
2026-08-22T14:45:00+00:00,22411190-3,Dew Point,CURRENT,°C,17.83793384602138
2026-08-22T14:45:00+00:00,22411191-1,Temperature,CURRENT,°C,23.528090820312492
2026-08-22T14:45:00+00:00,22411191-2,RH,CURRENT,%,70.00076295109484
2026-08-22T14:45:00+00:00,22411191-3,Dew Point,CURRENT,°C,17.761933276263278
2026-08-22T14:45:00+00:00,22411525-1,Temperature,CURRENT,°C,23.335039062499995
2026-08-22T14:45:00+00:00,22411525-2,RH,CURRENT,%,69.09895475700007
2026-08-22T14:45:00+00:00,22411525-3,Dew Point,CURRENT,°C,17.37138767599501
2026-08-22T14:45:00+00:00,22411526-1,Temperature,CURRENT,°C,25.50150878906249
2026-08-22T14:45:00+00:00,22411526-2,RH,CURRENT,%,65.78774700541695
2026-08-22T14:45:00+00:00,22411526-3,Dew Point,CURRENT,°C,18.653839437771026
2026-08-22T14:45:00+00:00,22411527-1,Temperature,CURRENT,°C,23.270688476562505
2026-08-22T14:45:00+00:00,22411527-2,RH,CURRENT,%,69.41329060807202
2026-08-22T14:45:00+00:00,22411527-3,Dew Point,CURRENT,°C,17.38178087351911
2026-08-22T14:45:00+00:00,22411528-1,Temperature,CURRENT,°C,25.458608398437498
2026-08-22T14:45:00+00:00,22411528-2,RH,CURRENT,%,67.57915617608911
2026-08-22T14:45:00+00:00,22411528-3,Dew Point,CURRENT,°C,19.04376396931694
2026-08-22T14:45:00+00:00,22411529-1,Temperature,CURRENT,°C,30.585205078124993
2026-08-22T14:45:00+00:00,22411529-2,RH,CURRENT,%,60.47455558098726
2026-08-22T14:45:00+00:00,22411529-3,Dew Point,CURRENT,°C,22.088474922353743
2026-08-22T14:45:00+00:00,22411530-1,Temperature,CURRENT,°C,23.592441406249996
2026-08-22T14:45:00+00:00,22411530-2,RH,CURRENT,%,69.0928511482414
2026-08-22T14:45:00+00:00,22411530-3,Dew Point,CURRENT,°C,17.616085110382212
2026-08-22T14:46:00+00:00,22411541-S,Battery,CURRENT,V,8.642156982421875
2026-08-22T14:50:00+00:00,22411189-1,Temperature,CURRENT,°C,24.235947265624993
2026-08-22T14:50:00+00:00,22411189-2,RH,CURRENT,%,67.06034943160144
2026-08-22T14:50:00+00:00,22411189-3,Dew Point,CURRENT,°C,17.755746312446636
2026-08-22T14:50:00+00:00,22411190-1,Temperature,CURRENT,°C,24.0214453125
2026-08-22T14:50:00+00:00,22411190-2,RH,CURRENT,%,65.91287098496986
2026-08-22T14:50:00+00:00,22411190-3,Dew Point,CURRENT,°C,17.2778172413263
2026-08-22T14:50:00+00:00,22411191-1,Temperature,CURRENT,°C,23.120537109375
2026-08-22T14:50:00+00:00,22411191-2,RH,CURRENT,%,68.83344777599756
2026-08-22T14:50:00+00:00,22411191-3,Dew Point,CURRENT,°C,17.105392777707266
2026-08-22T14:50:00+00:00,22411525-1,Temperature,CURRENT,°C,22.927485351562503
2026-08-22T14:50:00+00:00,22411525-2,RH,CURRENT,%,68.01251239795529
2026-08-22T14:50:00+00:00,22411525-3,Dew Point,CURRENT,°C,16.73154648334434
2026-08-22T14:50:00+00:00,22411526-1,Temperature,CURRENT,°C,25.415708007812505
2026-08-22T14:50:00+00:00,22411526-2,RH,CURRENT,%,63.49431601434348
2026-08-22T14:50:00+00:00,22411526-3,Dew Point,CURRENT,°C,18.005912412214656
2026-08-22T14:50:00+00:00,22411527-1,Temperature,CURRENT,°C,22.863134765625
2026-08-22T14:50:00+00:00,22411527-2,RH,CURRENT,%,68.55420767528801
2026-08-22T14:50:00+00:00,22411527-3,Dew Point,CURRENT,°C,16.795238256776344
2026-08-22T14:50:00+00:00,22411528-1,Temperature,CURRENT,°C,25.136855468749992
2026-08-22T14:50:00+00:00,22411528-2,RH,CURRENT,%,66.13107499809263
2026-08-22T14:50:00+00:00,22411528-3,Dew Point,CURRENT,°C,18.39057441572759
2026-08-22T14:50:00+00:00,22411529-1,Temperature,CURRENT,°C,30.842607421874995
2026-08-22T14:50:00+00:00,22411529-2,RH,CURRENT,%,55.0591287098497
2026-08-22T14:50:00+00:00,22411529-3,Dew Point,CURRENT,°C,20.794014896622475
2026-08-22T14:50:00+00:00,22411530-1,Temperature,CURRENT,°C,23.292138671875
2026-08-22T14:50:00+00:00,22411530-2,RH,CURRENT,%,67.67833981841764
2026-08-22T14:50:00+00:00,22411530-3,Dew Point,CURRENT,°C,17.001663355567025
2026-08-22T14:51:00+00:00,22411541-S,Battery,CURRENT,V,8.648618408203125
2026-08-22T14:55:00+00:00,22411189-1,Temperature,CURRENT,°C,24.407548828124995
2026-08-22T14:55:00+00:00,22411189-2,RH,CURRENT,%,68.12390325780117
2026-08-22T14:55:00+00:00,22411189-3,Dew Point,CURRENT,°C,18.169881377043716
2026-08-22T14:55:00+00:00,22411190-1,Temperature,CURRENT,°C,24.214497070312497
2026-08-22T14:55:00+00:00,22411190-2,RH,CURRENT,%,66.84519722285802
2026-08-22T14:55:00+00:00,22411190-3,Dew Point,CURRENT,°C,17.684251371285107
2026-08-22T14:55:00+00:00,22411191-1,Temperature,CURRENT,°C,23.377939453125002
2026-08-22T14:55:00+00:00,22411191-2,RH,CURRENT,%,69.99160753795681
2026-08-22T14:55:00+00:00,22411191-3,Dew Point,CURRENT,°C,17.61606585879162
2026-08-22T14:55:00+00:00,22411525-1,Temperature,CURRENT,°C,23.184887695312504
2026-08-22T14:55:00+00:00,22411525-2,RH,CURRENT,%,69.12031738765545
2026-08-22T14:55:00+00:00,22411525-3,Dew Point,CURRENT,°C,17.23271776514831
2026-08-22T14:55:00+00:00,22411526-1,Temperature,CURRENT,°C,25.565859374999995
2026-08-22T14:55:00+00:00,22411526-2,RH,CURRENT,%,64.69520103761349
2026-08-22T14:55:00+00:00,22411526-3,Dew Point,CURRENT,°C,18.447026588315097
2026-08-22T14:55:00+00:00,22411527-1,Temperature,CURRENT,°C,23.120537109375
2026-08-22T14:55:00+00:00,22411527-2,RH,CURRENT,%,69.4193942168307
2026-08-22T14:55:00+00:00,22411527-3,Dew Point,CURRENT,°C,17.239526791916184
2026-08-22T14:55:00+00:00,22411528-1,Temperature,CURRENT,°C,25.093955078125
2026-08-22T14:55:00+00:00,22411528-2,RH,CURRENT,%,66.9367513542382
2026-08-22T14:55:00+00:00,22411528-3,Dew Point,CURRENT,°C,18.543336559311655
2026-08-22T14:55:00+00:00,22411529-1,Temperature,CURRENT,°C,30.885507812500002
2026-08-22T14:55:00+00:00,22411529-2,RH,CURRENT,%,54.36636911573968
2026-08-22T14:55:00+00:00,22411529-3,Dew Point,CURRENT,°C,20.62781559570482
2026-08-22T14:55:00+00:00,22411530-1,Temperature,CURRENT,°C,23.463740234375003
2026-08-22T14:55:00+00:00,22411530-2,RH,CURRENT,%,69.0119783321889
2026-08-22T14:55:00+00:00,22411530-3,Dew Point,CURRENT,°C,17.47445946569794
2026-08-22T14:56:00+00:00,22411541-S,Battery,CURRENT,V,8.648618408203125
2026-08-22T15:00:00+00:00,22411189-1,Temperature,CURRENT,°C,25.136855468749992
2026-08-22T15:00:00+00:00,22411189-2,RH,CURRENT,%,63.646906233310446
2026-08-22T15:00:00+00:00,22411189-3,Dew Point,CURRENT,°C,17.780348138780866
2026-08-22T15:00:00+00:00,22411190-1,Temperature,CURRENT,°C,25.115405273437496
2026-08-22T15:00:00+00:00,22411190-2,RH,CURRENT,%,62.13473716334783
2026-08-22T15:00:00+00:00,22411190-3,Dew Point,CURRENT,°C,17.37836805475839
2026-08-22T15:00:00+00:00,22411191-1,Temperature,CURRENT,°C,23.93564453125
2026-08-22T15:00:00+00:00,22411191-2,RH,CURRENT,%,65.37575341420614
2026-08-22T15:00:00+00:00,22411191-3,Dew Point,CURRENT,°C,17.066834760625664
2026-08-22T15:00:00+00:00,22411525-1,Temperature,CURRENT,°C,23.678242187499997
2026-08-22T15:00:00+00:00,22411525-2,RH,CURRENT,%,64.9103532463569
2026-08-22T15:00:00+00:00,22411525-3,Dew Point,CURRENT,°C,16.709744676232052
2026-08-22T15:00:00+00:00,22411526-1,Temperature,CURRENT,°C,25.994863281249998
2026-08-22T15:00:00+00:00,22411526-2,RH,CURRENT,%,61.2619211108568
2026-08-22T15:00:00+00:00,22411526-3,Dew Point,CURRENT,°C,17.98233645102969
2026-08-22T15:00:00+00:00,22411527-1,Temperature,CURRENT,°C,23.635341796875004
2026-08-22T15:00:00+00:00,22411527-2,RH,CURRENT,%,65.14839398794537
2026-08-22T15:00:00+00:00,22411527-3,Dew Point,CURRENT,°C,16.726755960415097
2026-08-22T15:00:00+00:00,22411528-1,Temperature,CURRENT,°C,25.308457031249993
2026-08-22T15:00:00+00:00,22411528-2,RH,CURRENT,%,64.76691844052796
2026-08-22T15:00:00+00:00,22411528-3,Dew Point,CURRENT,°C,18.220704300584668
2026-08-22T15:00:00+00:00,22411529-1,Temperature,CURRENT,°C,29.469794921875
2026-08-22T15:00:00+00:00,22411529-2,RH,CURRENT,%,54.35263599603265
2026-08-22T15:00:00+00:00,22411529-3,Dew Point,CURRENT,°C,19.31219578051097
2026-08-22T15:00:00+00:00,22411530-1,Temperature,CURRENT,°C,23.957094726562495
2026-08-22T15:00:00+00:00,22411530-2,RH,CURRENT,%,64.89662012664988
2026-08-22T15:00:00+00:00,22411530-3,Dew Point,CURRENT,°C,16.970930087465966
2026-08-22T15:01:00+00:00,22411541-S,Battery,CURRENT,V,8.63892626953125
2026-08-22T15:05:00+00:00,22411189-1,Temperature,CURRENT,°C,24.96525390624999
2026-08-22T15:05:00+00:00,22411189-2,RH,CURRENT,%,63.79797055008774
2026-08-22T15:05:00+00:00,22411189-3,Dew Point,CURRENT,°C,17.655651226577685
2026-08-22T15:05:00+00:00,22411190-1,Temperature,CURRENT,°C,24.836552734374997
2026-08-22T15:05:00+00:00,22411190-2,RH,CURRENT,%,62.661173418783854
2026-08-22T15:05:00+00:00,22411190-3,Dew Point,CURRENT,°C,17.248852255094103
2026-08-22T15:05:00+00:00,22411191-1,Temperature,CURRENT,°C,23.7425927734375
2026-08-22T15:05:00+00:00,22411191-2,RH,CURRENT,%,66.32486457618067
2026-08-22T15:05:00+00:00,22411191-3,Dew Point,CURRENT,°C,17.111305986380533
2026-08-22T15:05:00+00:00,22411525-1,Temperature,CURRENT,°C,23.506640624999996
2026-08-22T15:05:00+00:00,22411525-2,RH,CURRENT,%,65.85793850614175
2026-08-22T15:05:00+00:00,22411525-3,Dew Point,CURRENT,°C,16.775369076832053
2026-08-22T15:05:00+00:00,22411526-1,Temperature,CURRENT,°C,25.9734130859375
2026-08-22T15:05:00+00:00,22411526-2,RH,CURRENT,%,60.817883573662925
2026-08-22T15:05:00+00:00,22411526-3,Dew Point,CURRENT,°C,17.846366926333715
2026-08-22T15:05:00+00:00,22411527-1,Temperature,CURRENT,°C,23.44229003906249
2026-08-22T15:05:00+00:00,22411527-2,RH,CURRENT,%,66.42557412069887
2026-08-22T15:05:00+00:00,22411527-3,Dew Point,CURRENT,°C,16.849600148859192
2026-08-22T15:05:00+00:00,22411528-1,Temperature,CURRENT,°C,25.179755859375
2026-08-22T15:05:00+00:00,22411528-2,RH,CURRENT,%,63.947508964675364
2026-08-22T15:05:00+00:00,22411528-3,Dew Point,CURRENT,°C,17.89589748233852
2026-08-22T15:05:00+00:00,22411529-1,Temperature,CURRENT,°C,28.997890625000004
2026-08-22T15:05:00+00:00,22411529-2,RH,CURRENT,%,55.56725413900969
2026-08-22T15:05:00+00:00,22411529-3,Dew Point,CURRENT,°C,19.22981509205329
2026-08-22T15:05:00+00:00,22411530-1,Temperature,CURRENT,°C,23.849843749999998
2026-08-22T15:05:00+00:00,22411530-2,RH,CURRENT,%,65.34065766384374
2026-08-22T15:05:00+00:00,22411530-3,Dew Point,CURRENT,°C,16.97688599777369
2026-08-22T15:06:00+00:00,22411541-S,Battery,CURRENT,V,8.648618408203125
2026-08-22T15:10:00+00:00,22411189-1,Temperature,CURRENT,°C,25.115405273437496
2026-08-22T15:10:00+00:00,22411189-2,RH,CURRENT,%,63.569085221637295
2026-08-22T15:10:00+00:00,22411189-3,Dew Point,CURRENT,°C,17.74060701675642
2026-08-22T15:10:00+00:00,22411190-1,Temperature,CURRENT,°C,24.922353515624998
2026-08-22T15:10:00+00:00,22411190-2,RH,CURRENT,%,61.814297703517205
2026-08-22T15:10:00+00:00,22411190-3,Dew Point,CURRENT,°C,17.11446245350705
2026-08-22T15:10:00+00:00,22411191-1,Temperature,CURRENT,°C,23.97854492187499
2026-08-22T15:10:00+00:00,22411191-2,RH,CURRENT,%,64.64789806973373
2026-08-22T15:10:00+00:00,22411191-3,Dew Point,CURRENT,°C,16.93061380981873
2026-08-22T15:10:00+00:00,22411525-1,Temperature,CURRENT,°C,23.764042968749997
2026-08-22T15:10:00+00:00,22411525-2,RH,CURRENT,%,64.3228809033341
2026-08-22T15:10:00+00:00,22411525-3,Dew Point,CURRENT,°C,16.647781146252363
2026-08-22T15:10:00+00:00,22411526-1,Temperature,CURRENT,°C,26.0806640625
2026-08-22T15:10:00+00:00,22411526-2,RH,CURRENT,%,61.196307316701
2026-08-22T15:10:00+00:00,22411526-3,Dew Point,CURRENT,°C,18.046032359562837
2026-08-22T15:10:00+00:00,22411527-1,Temperature,CURRENT,°C,23.699692382812493
2026-08-22T15:10:00+00:00,22411527-2,RH,CURRENT,%,64.85084306095979
2026-08-22T15:10:00+00:00,22411527-3,Dew Point,CURRENT,°C,16.715630323061237
2026-08-22T15:10:00+00:00,22411528-1,Temperature,CURRENT,°C,25.329907226562504
2026-08-22T15:10:00+00:00,22411528-2,RH,CURRENT,%,64.71656366826886
2026-08-22T15:10:00+00:00,22411528-3,Dew Point,CURRENT,°C,18.228630176873597
2026-08-22T15:10:00+00:00,22411529-1,Temperature,CURRENT,°C,29.319643554687495
2026-08-22T15:10:00+00:00,22411529-2,RH,CURRENT,%,58.693827725642784
2026-08-22T15:10:00+00:00,22411529-3,Dew Point,CURRENT,°C,20.414152966671764
2026-08-22T15:10:00+00:00,22411530-1,Temperature,CURRENT,°C,24.085795898437503
2026-08-22T15:10:00+00:00,22411530-2,RH,CURRENT,%,63.93377584496834
2026-08-22T15:10:00+00:00,22411530-3,Dew Point,CURRENT,°C,16.856841800944068
2026-08-22T15:11:00+00:00,22411541-S,Battery,CURRENT,V,8.63246484375
2026-08-22T15:15:00+00:00,22411189-1,Temperature,CURRENT,°C,25.029604492187495
2026-08-22T15:15:00+00:00,22411189-2,RH,CURRENT,%,63.46227206836042
2026-08-22T15:15:00+00:00,22411189-3,Dew Point,CURRENT,°C,17.63273561638558
2026-08-22T15:15:00+00:00,22411190-1,Temperature,CURRENT,°C,24.879453125000005
2026-08-22T15:15:00+00:00,22411190-2,RH,CURRENT,%,62.13931486991684
2026-08-22T15:15:00+00:00,22411190-3,Dew Point,CURRENT,°C,17.156969405603704
2026-08-22T15:15:00+00:00,22411191-1,Temperature,CURRENT,°C,23.93564453125
2026-08-22T15:15:00+00:00,22411191-2,RH,CURRENT,%,65.60006103608758
2026-08-22T15:15:00+00:00,22411191-3,Dew Point,CURRENT,°C,17.121002178873667
2026-08-22T15:15:00+00:00,22411525-1,Temperature,CURRENT,°C,23.721142578125004
2026-08-22T15:15:00+00:00,22411525-2,RH,CURRENT,%,64.32440680552376
2026-08-22T15:15:00+00:00,22411525-3,Dew Point,CURRENT,°C,16.60750338968387
2026-08-22T15:15:00+00:00,22411526-1,Temperature,CURRENT,°C,25.9734130859375
2026-08-22T15:15:00+00:00,22411526-2,RH,CURRENT,%,61.71969176775769
2026-08-22T15:15:00+00:00,22411526-3,Dew Point,CURRENT,°C,18.080734192333438
2026-08-22T15:15:00+00:00,22411527-1,Temperature,CURRENT,°C,23.635341796875004
2026-08-22T15:15:00+00:00,22411527-2,RH,CURRENT,%,64.71808957045853
2026-08-22T15:15:00+00:00,22411527-3,Dew Point,CURRENT,°C,16.622299762660763
2026-08-22T15:15:00+00:00,22411528-1,Temperature,CURRENT,°C,25.329907226562504
2026-08-22T15:15:00+00:00,22411528-2,RH,CURRENT,%,64.98664835584039
2026-08-22T15:15:00+00:00,22411528-3,Dew Point,CURRENT,°C,18.29509732683807
2026-08-22T15:15:00+00:00,22411529-1,Temperature,CURRENT,°C,29.148041992187494
2026-08-22T15:15:00+00:00,22411529-2,RH,CURRENT,%,58.74876020447089
2026-08-22T15:15:00+00:00,22411529-3,Dew Point,CURRENT,°C,20.268763070270005
2026-08-22T15:15:00+00:00,22411530-1,Temperature,CURRENT,°C,23.999995117187503
2026-08-22T15:15:00+00:00,22411530-2,RH,CURRENT,%,64.69062333104448
2026-08-22T15:15:00+00:00,22411530-3,Dew Point,CURRENT,°C,16.961388117950715
2026-08-22T15:16:00+00:00,22411541-S,Battery,CURRENT,V,8.642156982421875
2026-08-22T15:20:00+00:00,22411189-1,Temperature,CURRENT,°C,25.673110351562492
2026-08-22T15:20:00+00:00,22411189-2,RH,CURRENT,%,60.0854505226215
2026-08-22T15:20:00+00:00,22411189-3,Dew Point,CURRENT,°C,17.371737054117908
2026-08-22T15:20:00+00:00,22411190-1,Temperature,CURRENT,°C,25.522958984375002
2026-08-22T15:20:00+00:00,22411190-2,RH,CURRENT,%,59.02189669642176
2026-08-22T15:20:00+00:00,22411190-3,Dew Point,CURRENT,°C,16.948289563202913
2026-08-22T15:20:00+00:00,22411191-1,Temperature,CURRENT,°C,24.51479980468749
2026-08-22T15:20:00+00:00,22411191-2,RH,CURRENT,%,61.768520637827116
2026-08-22T15:20:00+00:00,22411191-3,Dew Point,CURRENT,°C,16.718573646632525
2026-08-22T15:20:00+00:00,22411525-1,Temperature,CURRENT,°C,24.27884765625
2026-08-22T15:20:00+00:00,22411525-2,RH,CURRENT,%,61.264972915236136
2026-08-22T15:20:00+00:00,22411525-3,Dew Point,CURRENT,°C,16.36736340705877
2026-08-22T15:20:00+00:00,22411526-1,Temperature,CURRENT,°C,26.681269531250003
2026-08-22T15:20:00+00:00,22411526-2,RH,CURRENT,%,58.12466620889601
2026-08-22T15:20:00+00:00,22411526-3,Dew Point,CURRENT,°C,17.789826734750807
2026-08-22T15:20:00+00:00,22411527-1,Temperature,CURRENT,°C,24.150146484374993
2026-08-22T15:20:00+00:00,22411527-2,RH,CURRENT,%,61.78835736629282
2026-08-22T15:20:00+00:00,22411527-3,Dew Point,CURRENT,°C,16.379860261315805
2026-08-22T15:20:00+00:00,22411528-1,Temperature,CURRENT,°C,25.994863281249998
2026-08-22T15:20:00+00:00,22411528-2,RH,CURRENT,%,61.58236057068742
2026-08-22T15:20:00+00:00,22411528-3,Dew Point,CURRENT,°C,18.06544415853195
2026-08-22T15:20:00+00:00,22411529-1,Temperature,CURRENT,°C,29.619946289062504
2026-08-22T15:20:00+00:00,22411529-2,RH,CURRENT,%,57.87747005416953
2026-08-22T15:20:00+00:00,22411529-3,Dew Point,CURRENT,°C,20.467497413743036
2026-08-22T15:20:00+00:00,22411530-1,Temperature,CURRENT,°C,24.600600585937492
2026-08-22T15:20:00+00:00,22411530-2,RH,CURRENT,%,61.17494468604563
2026-08-22T15:20:00+00:00,22411530-3,Dew Point,CURRENT,°C,16.64719173634026
2026-08-22T15:21:00+00:00,22411541-S,Battery,CURRENT,V,8.63246484375
2026-08-22T15:25:00+00:00,22411189-1,Temperature,CURRENT,°C,25.737460937499996
2026-08-22T15:25:00+00:00,22411189-2,RH,CURRENT,%,61.34279392690929
2026-08-22T15:25:00+00:00,22411189-3,Dew Point,CURRENT,°C,17.760984897089394
2026-08-22T15:25:00+00:00,22411190-1,Temperature,CURRENT,°C,25.651660156249996
2026-08-22T15:25:00+00:00,22411190-2,RH,CURRENT,%,60.25024795910582
2026-08-22T15:25:00+00:00,22411190-3,Dew Point,CURRENT,°C,17.39500150911059
2026-08-22T15:25:00+00:00,22411191-1,Temperature,CURRENT,°C,24.579150390624996
2026-08-22T15:25:00+00:00,22411191-2,RH,CURRENT,%,63.26695658808271
2026-08-22T15:25:00+00:00,22411191-3,Dew Point,CURRENT,°C,17.157923870408712
2026-08-22T15:25:00+00:00,22411525-1,Temperature,CURRENT,°C,24.343198242187505
2026-08-22T15:25:00+00:00,22411525-2,RH,CURRENT,%,62.68558785381857
2026-08-22T15:25:00+00:00,22411525-3,Dew Point,CURRENT,°C,16.789105971212905
2026-08-22T15:25:00+00:00,22411526-1,Temperature,CURRENT,°C,26.57401855468749
2026-08-22T15:25:00+00:00,22411526-2,RH,CURRENT,%,58.86625467307545
2026-08-22T15:25:00+00:00,22411526-3,Dew Point,CURRENT,°C,17.891127761888903
2026-08-22T15:25:00+00:00,22411527-1,Temperature,CURRENT,°C,24.300297851562497
2026-08-22T15:25:00+00:00,22411527-2,RH,CURRENT,%,62.986190585183486
2026-08-22T15:25:00+00:00,22411527-3,Dew Point,CURRENT,°C,16.824062251532304
2026-08-22T15:25:00+00:00,22411528-1,Temperature,CURRENT,°C,23.999995117187503
2026-08-22T15:25:00+00:00,22411528-2,RH,CURRENT,%,61.66323338673991
2026-08-22T15:25:00+00:00,22411528-3,Dew Point,CURRENT,°C,16.206458413374854
2026-08-22T15:25:00+00:00,22411529-1,Temperature,CURRENT,°C,28.26858398437499
2026-08-22T15:25:00+00:00,22411529-2,RH,CURRENT,%,57.892729076066225
2026-08-22T15:25:00+00:00,22411529-3,Dew Point,CURRENT,°C,19.209501293289126
2026-08-22T15:25:00+00:00,22411530-1,Temperature,CURRENT,°C,24.600600585937492
2026-08-22T15:25:00+00:00,22411530-2,RH,CURRENT,%,62.905317769130995
2026-08-22T15:25:00+00:00,22411530-3,Dew Point,CURRENT,°C,17.08752042371722
2026-08-22T15:26:00+00:00,22411541-S,Battery,CURRENT,V,8.629234130859375
2026-08-22T15:30:00+00:00,22411189-1,Temperature,CURRENT,°C,25.58730957031249
2026-08-22T15:30:00+00:00,22411189-2,RH,CURRENT,%,64.20080872816052
2026-08-22T15:30:00+00:00,22411189-3,Dew Point,CURRENT,°C,18.344790104554235
2026-08-22T15:30:00+00:00,22411190-1,Temperature,CURRENT,°C,25.287006835937497
2026-08-22T15:30:00+00:00,22411190-2,RH,CURRENT,%,63.38902876325628
2026-08-22T15:30:00+00:00,22411190-3,Dew Point,CURRENT,°C,17.8577900317181
2026-08-22T15:30:00+00:00,22411191-1,Temperature,CURRENT,°C,24.386098632812498
2026-08-22T15:30:00+00:00,22411191-2,RH,CURRENT,%,66.4438849469749
2026-08-22T15:30:00+00:00,22411191-3,Dew Point,CURRENT,°C,17.75185917143347
2026-08-22T15:30:00+00:00,22411525-1,Temperature,CURRENT,°C,24.128696289062496
2026-08-22T15:30:00+00:00,22411525-2,RH,CURRENT,%,65.84267948424505
2026-08-22T15:30:00+00:00,22411525-3,Dew Point,CURRENT,°C,17.36286067017661
2026-08-22T15:30:00+00:00,22411526-1,Temperature,CURRENT,°C,26.65981933593749
2026-08-22T15:30:00+00:00,22411526-2,RH,CURRENT,%,61.095597772182806
2026-08-22T15:30:00+00:00,22411526-3,Dew Point,CURRENT,°C,18.56476970648331
2026-08-22T15:30:00+00:00,22411527-1,Temperature,CURRENT,°C,24.042895507812496
2026-08-22T15:30:00+00:00,22411527-2,RH,CURRENT,%,66.37064164187076
2026-08-22T15:30:00+00:00,22411527-3,Dew Point,CURRENT,°C,17.407879455306027
2026-08-22T15:30:00+00:00,22411528-1,Temperature,CURRENT,°C,26.059213867187502
2026-08-22T15:30:00+00:00,22411528-2,RH,CURRENT,%,64.03906309605554
2026-08-22T15:30:00+00:00,22411528-3,Dew Point,CURRENT,°C,18.751235287929212
2026-08-22T15:30:00+00:00,22411529-1,Temperature,CURRENT,°C,28.826289062500003
2026-08-22T15:30:00+00:00,22411529-2,RH,CURRENT,%,59.79705500877394
2026-08-22T15:30:00+00:00,22411529-3,Dew Point,CURRENT,°C,20.254033460583027
2026-08-22T15:30:00+00:00,22411530-1,Temperature,CURRENT,°C,24.493349609374995
2026-08-22T15:30:00+00:00,22411530-2,RH,CURRENT,%,65.68856336308842
2026-08-22T15:30:00+00:00,22411530-3,Dew Point,CURRENT,°C,17.672127338371432
2026-08-22T15:31:00+00:00,22411541-S,Battery,CURRENT,V,8.63246484375
2026-08-22T15:35:00+00:00,22411189-1,Temperature,CURRENT,°C,25.437158203125
2026-08-22T15:35:00+00:00,22411189-2,RH,CURRENT,%,62.740520332646675
2026-08-22T15:35:00+00:00,22411189-3,Dew Point,CURRENT,°C,17.8360843280797
2026-08-22T15:35:00+00:00,22411190-1,Temperature,CURRENT,°C,25.201206054687496
2026-08-22T15:35:00+00:00,22411190-2,RH,CURRENT,%,61.87075608453498
2026-08-22T15:35:00+00:00,22411190-3,Dew Point,CURRENT,°C,17.391790850824496
2026-08-22T15:35:00+00:00,22411191-1,Temperature,CURRENT,°C,24.5577001953125
2026-08-22T15:35:00+00:00,22411191-2,RH,CURRENT,%,64.1916533150225
2026-08-22T15:35:00+00:00,22411191-3,Dew Point,CURRENT,°C,17.36739733963867
2026-08-22T15:35:00+00:00,22411525-1,Temperature,CURRENT,°C,24.3646484375
2026-08-22T15:35:00+00:00,22411525-2,RH,CURRENT,%,63.109788662546734
2026-08-22T15:35:00+00:00,22411525-3,Dew Point,CURRENT,°C,16.915828555119575
2026-08-22T15:35:00+00:00,22411526-1,Temperature,CURRENT,°C,26.380966796874993
2026-08-22T15:35:00+00:00,22411526-2,RH,CURRENT,%,61.25581750209812
2026-08-22T15:35:00+00:00,22411526-3,Dew Point,CURRENT,°C,18.344201651057883
2026-08-22T15:35:00+00:00,22411527-1,Temperature,CURRENT,°C,24.300297851562497
2026-08-22T15:35:00+00:00,22411527-2,RH,CURRENT,%,63.54924849317159
2026-08-22T15:35:00+00:00,22411527-3,Dew Point,CURRENT,°C,16.964585386783394
2026-08-22T15:35:00+00:00,22411528-1,Temperature,CURRENT,°C,25.909062499999997
2026-08-22T15:35:00+00:00,22411528-2,RH,CURRENT,%,63.76440070191501
2026-08-22T15:35:00+00:00,22411528-3,Dew Point,CURRENT,°C,18.540334317823792
2026-08-22T15:35:00+00:00,22411529-1,Temperature,CURRENT,°C,28.740488281250002
2026-08-22T15:35:00+00:00,22411529-2,RH,CURRENT,%,61.44808117799649
2026-08-22T15:35:00+00:00,22411529-3,Dew Point,CURRENT,°C,20.61551679563098
2026-08-22T15:35:00+00:00,22411530-1,Temperature,CURRENT,°C,24.622050781250003
2026-08-22T15:35:00+00:00,22411530-2,RH,CURRENT,%,63.51415274280919
2026-08-22T15:35:00+00:00,22411530-3,Dew Point,CURRENT,°C,17.26021990384101
2026-08-22T15:36:00+00:00,22411541-S,Battery,CURRENT,V,8.63246484375
2026-08-22T15:40:00+00:00,22411189-1,Temperature,CURRENT,°C,25.780361328125004
2026-08-22T15:40:00+00:00,22411189-2,RH,CURRENT,%,57.78133821622034
2026-08-22T15:40:00+00:00,22411189-3,Dew Point,CURRENT,°C,16.85375423339246
2026-08-22T15:40:00+00:00,22411190-1,Temperature,CURRENT,°C,25.5444091796875
2026-08-22T15:40:00+00:00,22411190-2,RH,CURRENT,%,56.856641489280534
2026-08-22T15:40:00+00:00,22411190-3,Dew Point,CURRENT,°C,16.379266249580397
2026-08-22T15:40:00+00:00,22411191-1,Temperature,CURRENT,°C,24.750751953124997
2026-08-22T15:40:00+00:00,22411191-2,RH,CURRENT,%,59.092088197146566
2026-08-22T15:40:00+00:00,22411191-3,Dew Point,CURRENT,°C,16.243220178627105
2026-08-22T15:40:00+00:00,22411525-1,Temperature,CURRENT,°C,24.536250000000003
2026-08-22T15:40:00+00:00,22411525-2,RH,CURRENT,%,58.66636148622873
2026-08-22T15:40:00+00:00,22411525-3,Dew Point,CURRENT,°C,15.928772896399643
2026-08-22T15:40:00+00:00,22411526-1,Temperature,CURRENT,°C,26.681269531250003
2026-08-22T15:40:00+00:00,22411526-2,RH,CURRENT,%,55.43450064850843
2026-08-22T15:40:00+00:00,22411526-3,Dew Point,CURRENT,°C,17.038527415138127
2026-08-22T15:40:00+00:00,22411527-1,Temperature,CURRENT,°C,24.4718994140625
2026-08-22T15:40:00+00:00,22411527-2,RH,CURRENT,%,59.06919966430152
2026-08-22T15:40:00+00:00,22411527-3,Dew Point,CURRENT,°C,15.97572417311076
2026-08-22T15:40:00+00:00,22411528-1,Temperature,CURRENT,°C,26.16646484375
2026-08-22T15:40:00+00:00,22411528-2,RH,CURRENT,%,57.718776226443886
2026-08-22T15:40:00+00:00,22411528-3,Dew Point,CURRENT,°C,17.197447699246986
2026-08-22T15:40:00+00:00,22411529-1,Temperature,CURRENT,°C,28.461635742187504
2026-08-22T15:40:00+00:00,22411529-2,RH,CURRENT,%,54.64560921644922
2026-08-22T15:40:00+00:00,22411529-3,Dew Point,CURRENT,°C,18.463817591376895
2026-08-22T15:40:00+00:00,22411530-1,Temperature,CURRENT,°C,24.8151025390625
2026-08-22T15:40:00+00:00,22411530-2,RH,CURRENT,%,58.641947051194016
2026-08-22T15:40:00+00:00,22411530-3,Dew Point,CURRENT,°C,16.183421993157104
2026-08-22T15:41:00+00:00,22411541-S,Battery,CURRENT,V,8.629234130859375
2026-08-22T15:45:00+00:00,22411189-1,Temperature,CURRENT,°C,26.12356445312499
2026-08-22T15:45:00+00:00,22411189-2,RH,CURRENT,%,57.70046540016785
2026-08-22T15:45:00+00:00,22411189-3,Dew Point,CURRENT,°C,17.15234124539048
2026-08-22T15:45:00+00:00,22411190-1,Temperature,CURRENT,°C,25.951962890625005
2026-08-22T15:45:00+00:00,22411190-2,RH,CURRENT,%,55.83581292439155
2026-08-22T15:45:00+00:00,22411190-3,Dew Point,CURRENT,°C,16.473967617772036
2026-08-22T15:45:00+00:00,22411191-1,Temperature,CURRENT,°C,25.158305664062503
2026-08-22T15:45:00+00:00,22411191-2,RH,CURRENT,%,57.58602273594263
2026-08-22T15:45:00+00:00,22411191-3,Dew Point,CURRENT,°C,16.21913223989701
2026-08-22T15:45:00+00:00,22411525-1,Temperature,CURRENT,°C,24.943803710937495
2026-08-22T15:45:00+00:00,22411525-2,RH,CURRENT,%,56.4263370717937
2026-08-22T15:45:00+00:00,22411525-3,Dew Point,CURRENT,°C,15.700083983680347
2026-08-22T15:45:00+00:00,22411526-1,Temperature,CURRENT,°C,27.0459228515625
2026-08-22T15:45:00+00:00,22411526-2,RH,CURRENT,%,56.45075150682841
2026-08-22T15:45:00+00:00,22411526-3,Dew Point,CURRENT,°C,17.66574871824009
2026-08-22T15:45:00+00:00,22411527-1,Temperature,CURRENT,°C,24.879453125000005
2026-08-22T15:45:00+00:00,22411527-2,RH,CURRENT,%,56.83985656519417
2026-08-22T15:45:00+00:00,22411527-3,Dew Point,CURRENT,°C,15.754314396386789
2026-08-22T15:45:00+00:00,22411528-1,Temperature,CURRENT,°C,26.57401855468749
2026-08-22T15:45:00+00:00,22411528-2,RH,CURRENT,%,59.520866712443734
2026-08-22T15:45:00+00:00,22411528-3,Dew Point,CURRENT,°C,18.067236667128896
2026-08-22T15:45:00+00:00,22411529-1,Temperature,CURRENT,°C,28.354384765624992
2026-08-22T15:45:00+00:00,22411529-2,RH,CURRENT,%,59.23857480735485
2026-08-22T15:45:00+00:00,22411529-3,Dew Point,CURRENT,°C,19.65991707025717
2026-08-22T15:45:00+00:00,22411530-1,Temperature,CURRENT,°C,25.201206054687496
2026-08-22T15:45:00+00:00,22411530-2,RH,CURRENT,%,57.091630426489665
2026-08-22T15:45:00+00:00,22411530-3,Dew Point,CURRENT,°C,16.12382334559043
2026-08-22T15:46:00+00:00,22411541-S,Battery,CURRENT,V,8.62600341796875
2026-08-22T15:50:00+00:00,22411189-1,Temperature,CURRENT,°C,26.12356445312499
2026-08-22T15:50:00+00:00,22411189-2,RH,CURRENT,%,59.04173342488747
2026-08-22T15:50:00+00:00,22411189-3,Dew Point,CURRENT,°C,17.51643292336875
2026-08-22T15:50:00+00:00,22411190-1,Temperature,CURRENT,°C,25.823261718749997
2026-08-22T15:50:00+00:00,22411190-2,RH,CURRENT,%,57.87289234760052
2026-08-22T15:50:00+00:00,22411190-3,Dew Point,CURRENT,°C,16.918850677075188
2026-08-22T15:50:00+00:00,22411191-1,Temperature,CURRENT,°C,24.96525390624999
2026-08-22T15:50:00+00:00,22411191-2,RH,CURRENT,%,59.980163271534295
2026-08-22T15:50:00+00:00,22411191-3,Dew Point,CURRENT,°C,16.67922006124493
2026-08-22T15:50:00+00:00,22411525-1,Temperature,CURRENT,°C,24.7293017578125
2026-08-22T15:50:00+00:00,22411525-2,RH,CURRENT,%,59.82757305256733
2026-08-22T15:50:00+00:00,22411525-3,Dew Point,CURRENT,°C,16.417544013340756
2026-08-22T15:50:00+00:00,22411526-1,Temperature,CURRENT,°C,27.174624023437495
2026-08-22T15:50:00+00:00,22411526-2,RH,CURRENT,%,56.687266346227204
2026-08-22T15:50:00+00:00,22411526-3,Dew Point,CURRENT,°C,17.852142359854533
2026-08-22T15:50:00+00:00,22411527-1,Temperature,CURRENT,°C,24.664951171874996
2026-08-22T15:50:00+00:00,22411527-2,RH,CURRENT,%,60.317387655451284
2026-08-22T15:50:00+00:00,22411527-3,Dew Point,CURRENT,°C,16.485392225126425
2026-08-22T15:50:00+00:00,22411528-1,Temperature,CURRENT,°C,26.767070312500003
2026-08-22T15:50:00+00:00,22411528-2,RH,CURRENT,%,58.97611963073167
2026-08-22T15:50:00+00:00,22411528-3,Dew Point,CURRENT,°C,18.101651873969413
2026-08-22T15:50:00+00:00,22411529-1,Temperature,CURRENT,°C,28.890639648437492
2026-08-22T15:50:00+00:00,22411529-2,RH,CURRENT,%,56.752880140383
2026-08-22T15:50:00+00:00,22411529-3,Dew Point,CURRENT,°C,19.469834815831486
2026-08-22T15:50:00+00:00,22411530-1,Temperature,CURRENT,°C,25.115405273437496
2026-08-22T15:50:00+00:00,22411530-2,RH,CURRENT,%,59.33012893873503
2026-08-22T15:50:00+00:00,22411530-3,Dew Point,CURRENT,°C,16.648392979941477
2026-08-22T15:51:00+00:00,22411541-S,Battery,CURRENT,V,8.61308056640625
2026-08-22T15:55:00+00:00,22411189-1,Temperature,CURRENT,°C,26.016313476562495
2026-08-22T15:55:00+00:00,22411189-2,RH,CURRENT,%,63.187609674219885
2026-08-22T15:55:00+00:00,22411189-3,Dew Point,CURRENT,°C,18.496432976465847
2026-08-22T15:55:00+00:00,22411190-1,Temperature,CURRENT,°C,25.8018115234375
2026-08-22T15:55:00+00:00,22411190-2,RH,CURRENT,%,62.230869001297016
2026-08-22T15:55:00+00:00,22411190-3,Dew Point,CURRENT,°C,18.050390382607965
2026-08-22T15:55:00+00:00,22411191-1,Temperature,CURRENT,°C,25.029604492187495
2026-08-22T15:55:00+00:00,22411191-2,RH,CURRENT,%,64.75318532082093
2026-08-22T15:55:00+00:00,22411191-3,Dew Point,CURRENT,°C,17.952945937824012
2026-08-22T15:55:00+00:00,22411525-1,Temperature,CURRENT,°C,24.858002929687494
2026-08-22T15:55:00+00:00,22411525-2,RH,CURRENT,%,64.08178835736629
2026-08-22T15:55:00+00:00,22411525-3,Dew Point,CURRENT,°C,17.62462204251205
2026-08-22T15:55:00+00:00,22411526-1,Temperature,CURRENT,°C,26.938671875000004
2026-08-22T15:55:00+00:00,22411526-2,RH,CURRENT,%,61.04219119554437
2026-08-22T15:55:00+00:00,22411526-3,Dew Point,CURRENT,°C,18.813121334144697
2026-08-22T15:55:00+00:00,22411527-1,Temperature,CURRENT,°C,24.8151025390625
2026-08-22T15:55:00+00:00,22411527-2,RH,CURRENT,%,64.45563439383535
2026-08-22T15:55:00+00:00,22411527-3,Dew Point,CURRENT,°C,17.67637833719472
2026-08-22T15:55:00+00:00,22411528-1,Temperature,CURRENT,°C,26.466767578124994
2026-08-22T15:55:00+00:00,22411528-2,RH,CURRENT,%,62.96330205233844
2026-08-22T15:55:00+00:00,22411528-3,Dew Point,CURRENT,°C,18.865064747667983
2026-08-22T15:55:00+00:00,22411529-1,Temperature,CURRENT,°C,28.6546875
2026-08-22T15:55:00+00:00,22411529-2,RH,CURRENT,%,61.481651026169224
2026-08-22T15:55:00+00:00,22411529-3,Dew Point,CURRENT,°C,20.54363740264925
2026-08-22T15:55:00+00:00,22411530-1,Temperature,CURRENT,°C,25.05105468749999
2026-08-22T15:55:00+00:00,22411530-2,RH,CURRENT,%,63.95819028000305
2026-08-22T15:55:00+00:00,22411530-3,Dew Point,CURRENT,°C,17.77672246426626
2026-08-22T15:56:00+00:00,22411541-S,Battery,CURRENT,V,8.622772705078125
2026-08-22T16:00:00+00:00,22411189-1,Temperature,CURRENT,°C,26.145014648437503
2026-08-22T16:00:00+00:00,22411189-2,RH,CURRENT,%,61.75631342030976
2026-08-22T16:00:00+00:00,22411189-3,Dew Point,CURRENT,°C,18.251891066517025
2026-08-22T16:00:00+00:00,22411190-1,Temperature,CURRENT,°C,25.8876123046875
2026-08-22T16:00:00+00:00,22411190-2,RH,CURRENT,%,60.944533455405505
2026-08-22T16:00:00+00:00,22411190-3,Dew Point,CURRENT,°C,17.798743642987382
2026-08-22T16:00:00+00:00,22411191-1,Temperature,CURRENT,°C,25.029604492187495
2026-08-22T16:00:00+00:00,22411191-2,RH,CURRENT,%,63.477531090257116
2026-08-22T16:00:00+00:00,22411191-3,Dew Point,CURRENT,°C,17.6365537844993
2026-08-22T16:00:00+00:00,22411525-1,Temperature,CURRENT,°C,24.793652343750004
2026-08-22T16:00:00+00:00,22411525-2,RH,CURRENT,%,62.909895475700004
2026-08-22T16:00:00+00:00,22411525-3,Dew Point,CURRENT,°C,17.271062060379357
2026-08-22T16:00:00+00:00,22411526-1,Temperature,CURRENT,°C,27.260424804687496
2026-08-22T16:00:00+00:00,22411526-2,RH,CURRENT,%,58.857099259937435
2026-08-22T16:00:00+00:00,22411526-3,Dew Point,CURRENT,°C,18.531466263857904
2026-08-22T16:00:00+00:00,22411527-1,Temperature,CURRENT,°C,24.707851562500004
2026-08-22T16:00:00+00:00,22411527-2,RH,CURRENT,%,63.443961242084384
2026-08-22T16:00:00+00:00,22411527-3,Dew Point,CURRENT,°C,17.323859873905768
2026-08-22T16:00:00+00:00,22411528-1,Temperature,CURRENT,°C,26.831420898437493
2026-08-22T16:00:00+00:00,22411528-2,RH,CURRENT,%,62.063019760433356
2026-08-22T16:00:00+00:00,22411528-3,Dew Point,CURRENT,°C,18.978124264428782
2026-08-22T16:00:00+00:00,22411529-1,Temperature,CURRENT,°C,28.997890625000004
2026-08-22T16:00:00+00:00,22411529-2,RH,CURRENT,%,60.482185091935605
2026-08-22T16:00:00+00:00,22411529-3,Dew Point,CURRENT,°C,20.60000206064815
2026-08-22T16:00:00+00:00,22411530-1,Temperature,CURRENT,°C,25.158305664062503
2026-08-22T16:00:00+00:00,22411530-2,RH,CURRENT,%,62.70847638666361
2026-08-22T16:00:00+00:00,22411530-3,Dew Point,CURRENT,°C,17.56464476594171
2026-08-22T16:01:00+00:00,22411541-S,Battery,CURRENT,V,8.61308056640625
2026-08-22T16:05:00+00:00,22411189-1,Temperature,CURRENT,°C,25.694560546875003
2026-08-22T16:05:00+00:00,22411189-2,RH,CURRENT,%,61.142900740062565
2026-08-22T16:05:00+00:00,22411189-3,Dew Point,CURRENT,°C,17.66872850412549
2026-08-22T16:05:00+00:00,22411190-1,Temperature,CURRENT,°C,25.415708007812505
2026-08-22T16:05:00+00:00,22411190-2,RH,CURRENT,%,60.442511635004195
2026-08-22T16:05:00+00:00,22411190-3,Dew Point,CURRENT,°C,17.22374116607942
2026-08-22T16:05:00+00:00,22411191-1,Temperature,CURRENT,°C,24.686401367187493
2026-08-22T16:05:00+00:00,22411191-2,RH,CURRENT,%,62.58793011367971
2026-08-22T16:05:00+00:00,22411191-3,Dew Point,CURRENT,°C,17.08856787767101
2026-08-22T16:05:00+00:00,22411525-1,Temperature,CURRENT,°C,24.4718994140625
2026-08-22T16:05:00+00:00,22411525-2,RH,CURRENT,%,62.12710765239948
2026-08-22T16:05:00+00:00,22411525-3,Dew Point,CURRENT,°C,16.76940954854391
2026-08-22T16:05:00+00:00,22411526-1,Temperature,CURRENT,°C,26.9601220703125
2026-08-22T16:05:00+00:00,22411526-2,RH,CURRENT,%,58.45883878843366
2026-08-22T16:05:00+00:00,22411526-3,Dew Point,CURRENT,°C,18.14194454420849
2026-08-22T16:05:00+00:00,22411527-1,Temperature,CURRENT,°C,24.42899902343749
2026-08-22T16:05:00+00:00,22411527-2,RH,CURRENT,%,62.50553139543755
2026-08-22T16:05:00+00:00,22411527-3,Dew Point,CURRENT,°C,16.82473575191572
2026-08-22T16:05:00+00:00,22411528-1,Temperature,CURRENT,°C,26.57401855468749
2026-08-22T16:05:00+00:00,22411528-2,RH,CURRENT,%,60.697337300679024
2026-08-22T16:05:00+00:00,22411528-3,Dew Point,CURRENT,°C,18.37952168011529
2026-08-22T16:05:00+00:00,22411529-1,Temperature,CURRENT,°C,28.740488281250002
2026-08-22T16:05:00+00:00,22411529-2,RH,CURRENT,%,58.66483558403906
2026-08-22T16:05:00+00:00,22411529-3,Dew Point,CURRENT,°C,19.86427048119407
2026-08-22T16:05:00+00:00,22411530-1,Temperature,CURRENT,°C,24.793652343750004
2026-08-22T16:05:00+00:00,22411530-2,RH,CURRENT,%,61.74105439841306
2026-08-22T16:05:00+00:00,22411530-3,Dew Point,CURRENT,°C,16.974404464521925
2026-08-22T16:06:00+00:00,22411541-S,Battery,CURRENT,V,8.596927001953125
2026-08-22T16:10:00+00:00,22411189-1,Temperature,CURRENT,°C,25.6302099609375
2026-08-22T16:10:00+00:00,22411189-2,RH,CURRENT,%,63.0563820859083
2026-08-22T16:10:00+00:00,22411189-3,Dew Point,CURRENT,°C,18.09839965267635
2026-08-22T16:10:00+00:00,22411190-1,Temperature,CURRENT,°C,25.308457031249993
2026-08-22T16:10:00+00:00,22411190-2,RH,CURRENT,%,62.09048599984741
2026-08-22T16:10:00+00:00,22411190-3,Dew Point,CURRENT,°C,17.549149715122763
2026-08-22T16:10:00+00:00,22411191-1,Temperature,CURRENT,°C,24.622050781250003
2026-08-22T16:10:00+00:00,22411191-2,RH,CURRENT,%,63.91699092088197
2026-08-22T16:10:00+00:00,22411191-3,Dew Point,CURRENT,°C,17.36037627662244
2026-08-22T16:10:00+00:00,22411525-1,Temperature,CURRENT,°C,24.407548828124995
2026-08-22T16:10:00+00:00,22411525-2,RH,CURRENT,%,63.09758144502938
2026-08-22T16:10:00+00:00,22411525-3,Dew Point,CURRENT,°C,16.953322669939972
2026-08-22T16:10:00+00:00,22411526-1,Temperature,CURRENT,°C,26.767070312500003
2026-08-22T16:10:00+00:00,22411526-2,RH,CURRENT,%,60.479133287556266
2026-08-22T16:10:00+00:00,22411526-3,Dew Point,CURRENT,°C,18.5034200557512
2026-08-22T16:10:00+00:00,22411527-1,Temperature,CURRENT,°C,24.3646484375
2026-08-22T16:10:00+00:00,22411527-2,RH,CURRENT,%,63.57671473258564
2026-08-22T16:10:00+00:00,22411527-3,Dew Point,CURRENT,°C,17.03229366005236
2026-08-22T16:10:00+00:00,22411528-1,Temperature,CURRENT,°C,26.4238671875
2026-08-22T16:10:00+00:00,22411528-2,RH,CURRENT,%,62.88090333409628
2026-08-22T16:10:00+00:00,22411528-3,Dew Point,CURRENT,°C,18.80355455091392
2026-08-22T16:10:00+00:00,22411529-1,Temperature,CURRENT,°C,28.26858398437499
2026-08-22T16:10:00+00:00,22411529-2,RH,CURRENT,%,62.063019760433356
2026-08-22T16:10:00+00:00,22411529-3,Dew Point,CURRENT,°C,20.332765760388696
2026-08-22T16:10:00+00:00,22411530-1,Temperature,CURRENT,°C,24.7293017578125
2026-08-22T16:10:00+00:00,22411530-2,RH,CURRENT,%,63.38597695887694
2026-08-22T16:10:00+00:00,22411530-3,Dew Point,CURRENT,°C,17.329658963685546
2026-08-22T16:11:00+00:00,22411541-S,Battery,CURRENT,V,8.606619140625
2026-08-22T16:15:00+00:00,22411189-1,Temperature,CURRENT,°C,25.8018115234375
2026-08-22T16:15:00+00:00,22411189-2,RH,CURRENT,%,63.393606469825286
2026-08-22T16:15:00+00:00,22411189-3,Dew Point,CURRENT,°C,18.345688214358244
2026-08-22T16:15:00+00:00,22411190-1,Temperature,CURRENT,°C,25.522958984375002
2026-08-22T16:15:00+00:00,22411190-2,RH,CURRENT,%,62.47348744945449
2026-08-22T16:15:00+00:00,22411190-3,Dew Point,CURRENT,°C,17.849234860885574
2026-08-22T16:15:00+00:00,22411191-1,Temperature,CURRENT,°C,24.793652343750004
2026-08-22T16:15:00+00:00,22411191-2,RH,CURRENT,%,64.57465476462959
2026-08-22T16:15:00+00:00,22411191-3,Dew Point,CURRENT,°C,17.68535940142104
2026-08-22T16:15:00+00:00,22411525-1,Temperature,CURRENT,°C,24.536250000000003
2026-08-22T16:15:00+00:00,22411525-2,RH,CURRENT,%,63.732356755931946
2026-08-22T16:15:00+00:00,22411525-3,Dew Point,CURRENT,°C,17.23334452379722
2026-08-22T16:15:00+00:00,22411526-1,Temperature,CURRENT,°C,26.981572265624997
2026-08-22T16:15:00+00:00,22411526-2,RH,CURRENT,%,61.187151903562985
2026-08-22T16:15:00+00:00,22411526-3,Dew Point,CURRENT,°C,18.891516624204506
2026-08-22T16:15:00+00:00,22411527-1,Temperature,CURRENT,°C,24.4718994140625
2026-08-22T16:15:00+00:00,22411527-2,RH,CURRENT,%,64.23590447852293
2026-08-22T16:15:00+00:00,22411527-3,Dew Point,CURRENT,°C,17.297043212466594
2026-08-22T16:15:00+00:00,22411528-1,Temperature,CURRENT,°C,26.767070312500003
2026-08-22T16:15:00+00:00,22411528-2,RH,CURRENT,%,62.67032883192187
2026-08-22T16:15:00+00:00,22411528-3,Dew Point,CURRENT,°C,19.073763825765884
2026-08-22T16:15:00+00:00,22411529-1,Temperature,CURRENT,°C,28.011181640625004
2026-08-22T16:15:00+00:00,22411529-2,RH,CURRENT,%,64.53803311207751
2026-08-22T16:15:00+00:00,22411529-3,Dew Point,CURRENT,°C,20.724779727307716
2026-08-22T16:15:00+00:00,22411530-1,Temperature,CURRENT,°C,24.922353515624998
2026-08-22T16:15:00+00:00,22411530-2,RH,CURRENT,%,63.80254825665675
2026-08-22T16:15:00+00:00,22411530-3,Dew Point,CURRENT,°C,17.616190762171033
2026-08-22T16:16:00+00:00,22411541-S,Battery,CURRENT,V,8.606619140625
2026-08-22T16:20:00+00:00,22411189-1,Temperature,CURRENT,°C,26.03776367187499
2026-08-22T16:20:00+00:00,22411189-2,RH,CURRENT,%,61.21004043640803
2026-08-22T16:20:00+00:00,22411189-3,Dew Point,CURRENT,°C,18.00922653238203
2026-08-22T16:20:00+00:00,22411190-1,Temperature,CURRENT,°C,25.844711914062493
2026-08-22T16:20:00+00:00,22411190-2,RH,CURRENT,%,60.45471885252155
2026-08-22T16:20:00+00:00,22411190-3,Dew Point,CURRENT,°C,17.630165265347472
2026-08-22T16:20:00+00:00,22411191-1,Temperature,CURRENT,°C,25.029604492187495
2026-08-22T16:20:00+00:00,22411191-2,RH,CURRENT,%,62.67490653849088
2026-08-22T16:20:00+00:00,22411191-3,Dew Point,CURRENT,°C,17.434618730295846
2026-08-22T16:20:00+00:00,22411525-1,Temperature,CURRENT,°C,24.793652343750004
2026-08-22T16:20:00+00:00,22411525-2,RH,CURRENT,%,62.09964141298543
2026-08-22T16:20:00+00:00,22411525-3,Dew Point,CURRENT,°C,17.065934941054245
2026-08-22T16:20:00+00:00,22411526-1,Temperature,CURRENT,°C,27.131723632812502
2026-08-22T16:20:00+00:00,22411526-2,RH,CURRENT,%,59.24162661173419
2026-08-22T16:20:00+00:00,22411526-3,Dew Point,CURRENT,°C,18.515040472110748
2026-08-22T16:20:00+00:00,22411527-1,Temperature,CURRENT,°C,24.707851562500004
2026-08-22T16:20:00+00:00,22411527-2,RH,CURRENT,%,62.658121614404514
2026-08-22T16:20:00+00:00,22411527-3,Dew Point,CURRENT,°C,17.126549711570597
2026-08-22T16:20:00+00:00,22411528-1,Temperature,CURRENT,°C,26.852871093750004
2026-08-22T16:20:00+00:00,22411528-2,RH,CURRENT,%,61.399252307927064
2026-08-22T16:20:00+00:00,22411528-3,Dew Point,CURRENT,°C,18.825862842656377
2026-08-22T16:20:00+00:00,22411529-1,Temperature,CURRENT,°C,27.582177734375
2026-08-22T16:20:00+00:00,22411529-2,RH,CURRENT,%,63.485160601205465
2026-08-22T16:20:00+00:00,22411529-3,Dew Point,CURRENT,°C,20.051965140839034
2026-08-22T16:20:00+00:00,22411530-1,Temperature,CURRENT,°C,25.158305664062503
2026-08-22T16:20:00+00:00,22411530-2,RH,CURRENT,%,61.943999389639124
2026-08-22T16:20:00+00:00,22411530-3,Dew Point,CURRENT,°C,17.370097177715902
2026-08-22T16:21:00+00:00,22411541-S,Battery,CURRENT,V,8.606619140625
2026-08-22T16:25:00+00:00,22411189-1,Temperature,CURRENT,°C,25.8018115234375
2026-08-22T16:25:00+00:00,22411189-2,RH,CURRENT,%,63.15556572823682
2026-08-22T16:25:00+00:00,22411189-3,Dew Point,CURRENT,°C,18.285621729803857
2026-08-22T16:25:00+00:00,22411190-1,Temperature,CURRENT,°C,25.565859374999995
2026-08-22T16:25:00+00:00,22411190-2,RH,CURRENT,%,62.11642633707179
2026-08-22T16:25:00+00:00,22411190-3,Dew Point,CURRENT,°C,17.798543542757947
2026-08-22T16:25:00+00:00,22411191-1,Temperature,CURRENT,°C,25.029604492187495
2026-08-22T16:25:00+00:00,22411191-2,RH,CURRENT,%,63.51415274280919
2026-08-22T16:25:00+00:00,22411191-3,Dew Point,CURRENT,°C,17.645714110113325
2026-08-22T16:25:00+00:00,22411525-1,Temperature,CURRENT,°C,24.8151025390625
2026-08-22T16:25:00+00:00,22411525-2,RH,CURRENT,%,62.72220950637064
2026-08-22T16:25:00+00:00,22411525-3,Dew Point,CURRENT,°C,17.244011195659162
2026-08-22T16:25:00+00:00,22411526-1,Temperature,CURRENT,°C,26.809970703124996
2026-08-22T16:25:00+00:00,22411526-2,RH,CURRENT,%,61.21004043640803
2026-08-22T16:25:00+00:00,22411526-3,Dew Point,CURRENT,°C,18.736022677252482
2026-08-22T16:25:00+00:00,22411527-1,Temperature,CURRENT,°C,24.772202148437493
2026-08-22T16:25:00+00:00,22411527-2,RH,CURRENT,%,62.84428168154421
2026-08-22T16:25:00+00:00,22411527-3,Dew Point,CURRENT,°C,17.23427473422883
2026-08-22T16:25:00+00:00,22411528-1,Temperature,CURRENT,°C,26.7027197265625
2026-08-22T16:25:00+00:00,22411528-2,RH,CURRENT,%,62.236972610055695
2026-08-22T16:25:00+00:00,22411528-3,Dew Point,CURRENT,°C,18.90167753714618
2026-08-22T16:25:00+00:00,22411529-1,Temperature,CURRENT,°C,27.517827148437497
2026-08-22T16:25:00+00:00,22411529-2,RH,CURRENT,%,63.234912642099644
2026-08-22T16:25:00+00:00,22411529-3,Dew Point,CURRENT,°C,19.927262946448366
2026-08-22T16:25:00+00:00,22411530-1,Temperature,CURRENT,°C,25.115405273437496
2026-08-22T16:25:00+00:00,22411530-2,RH,CURRENT,%,63.04722667277028
2026-08-22T16:25:00+00:00,22411530-3,Dew Point,CURRENT,°C,17.609649796604728
2026-08-22T16:26:00+00:00,22411541-S,Battery,CURRENT,V,8.603388427734375
2026-08-22T16:30:00+00:00,22411189-1,Temperature,CURRENT,°C,25.565859374999995
2026-08-22T16:30:00+00:00,22411189-2,RH,CURRENT,%,61.63118944075685
2026-08-22T16:30:00+00:00,22411189-3,Dew Point,CURRENT,°C,17.673893966278946
2026-08-22T16:30:00+00:00,22411190-1,Temperature,CURRENT,°C,25.308457031249993
2026-08-22T16:30:00+00:00,22411190-2,RH,CURRENT,%,60.7888914320592
2026-08-22T16:30:00+00:00,22411190-3,Dew Point,CURRENT,°C,17.21335292858378
2026-08-22T16:30:00+00:00,22411191-1,Temperature,CURRENT,°C,24.750751953124997
2026-08-22T16:30:00+00:00,22411191-2,RH,CURRENT,%,62.5986114290074
2026-08-22T16:30:00+00:00,22411191-3,Dew Point,CURRENT,°C,17.152025717840544
2026-08-22T16:30:00+00:00,22411525-1,Temperature,CURRENT,°C,24.51479980468749
2026-08-22T16:30:00+00:00,22411525-2,RH,CURRENT,%,61.8295567254139
2026-08-22T16:30:00+00:00,22411525-3,Dew Point,CURRENT,°C,16.734147851996717
2026-08-22T16:30:00+00:00,22411526-1,Temperature,CURRENT,°C,26.65981933593749
2026-08-22T16:30:00+00:00,22411526-2,RH,CURRENT,%,59.20042725261311
2026-08-22T16:30:00+00:00,22411526-3,Dew Point,CURRENT,°C,18.06165852277795
2026-08-22T16:30:00+00:00,22411527-1,Temperature,CURRENT,°C,24.4718994140625
2026-08-22T16:30:00+00:00,22411527-2,RH,CURRENT,%,62.441443503471426
2026-08-22T16:30:00+00:00,22411527-3,Dew Point,CURRENT,°C,16.849043846397443
2026-08-22T16:30:00+00:00,22411528-1,Temperature,CURRENT,°C,26.57401855468749
2026-08-22T16:30:00+00:00,22411528-2,RH,CURRENT,%,60.740062561989774
2026-08-22T16:30:00+00:00,22411528-3,Dew Point,CURRENT,°C,18.390762752053647
2026-08-22T16:30:00+00:00,22411529-1,Temperature,CURRENT,°C,27.539277343749994
2026-08-22T16:30:00+00:00,22411529-2,RH,CURRENT,%,61.76394293125811
2026-08-22T16:30:00+00:00,22411529-3,Dew Point,CURRENT,°C,19.56748383319594
2026-08-22T16:30:00+00:00,22411530-1,Temperature,CURRENT,°C,24.858002929687494
2026-08-22T16:30:00+00:00,22411530-2,RH,CURRENT,%,61.727321278706036
2026-08-22T16:30:00+00:00,22411530-3,Dew Point,CURRENT,°C,17.031541954781677
2026-08-22T16:31:00+00:00,22411541-S,Battery,CURRENT,V,8.5936962890625
2026-08-22T16:35:00+00:00,22411189-1,Temperature,CURRENT,°C,25.565859374999995
2026-08-22T16:35:00+00:00,22411189-2,RH,CURRENT,%,60.5981536583505
2026-08-22T16:35:00+00:00,22411189-3,Dew Point,CURRENT,°C,17.405635487656028
2026-08-22T16:35:00+00:00,22411190-1,Temperature,CURRENT,°C,25.351357421875
2026-08-22T16:35:00+00:00,22411190-2,RH,CURRENT,%,59.78179598687724
2026-08-22T16:35:00+00:00,22411190-3,Dew Point,CURRENT,°C,16.9894543400728
2026-08-22T16:35:00+00:00,22411191-1,Temperature,CURRENT,°C,24.858002929687494
2026-08-22T16:35:00+00:00,22411191-2,RH,CURRENT,%,61.75173571374075
2026-08-22T16:35:00+00:00,22411191-3,Dew Point,CURRENT,°C,17.03779276285267
2026-08-22T16:35:00+00:00,22411525-1,Temperature,CURRENT,°C,24.664951171874996
2026-08-22T16:35:00+00:00,22411525-2,RH,CURRENT,%,61.399252307927064
2026-08-22T16:35:00+00:00,22411525-3,Dew Point,CURRENT,°C,16.76549704683378
2026-08-22T16:35:00+00:00,22411526-1,Temperature,CURRENT,°C,26.488217773437505
2026-08-22T16:35:00+00:00,22411526-2,RH,CURRENT,%,58.04226749065385
2026-08-22T16:35:00+00:00,22411526-3,Dew Point,CURRENT,°C,17.58677823809125
2026-08-22T16:35:00+00:00,22411527-1,Temperature,CURRENT,°C,24.6435009765625
2026-08-22T16:35:00+00:00,22411527-2,RH,CURRENT,%,61.809719996948196
2026-08-22T16:35:00+00:00,22411527-3,Dew Point,CURRENT,°C,16.85041895156677
2026-08-22T16:35:00+00:00,22411528-1,Temperature,CURRENT,°C,26.488217773437505
2026-08-22T16:35:00+00:00,22411528-2,RH,CURRENT,%,59.03562981612879
2026-08-22T16:35:00+00:00,22411528-3,Dew Point,CURRENT,°C,17.85646837937098
2026-08-22T16:35:00+00:00,22411529-1,Temperature,CURRENT,°C,27.410576171875
2026-08-22T16:35:00+00:00,22411529-2,RH,CURRENT,%,60.76142519264515
2026-08-22T16:35:00+00:00,22411529-3,Dew Point,CURRENT,°C,19.18291554019149
2026-08-22T16:35:00+00:00,22411530-1,Temperature,CURRENT,°C,24.943803710937495
2026-08-22T16:35:00+00:00,22411530-2,RH,CURRENT,%,60.903334096284425
2026-08-22T16:35:00+00:00,22411530-3,Dew Point,CURRENT,°C,16.900030099448553
2026-08-22T16:36:00+00:00,22411541-S,Battery,CURRENT,V,8.584004150390625
2026-08-22T16:40:00+00:00,22411189-1,Temperature,CURRENT,°C,26.7027197265625
2026-08-22T16:40:00+00:00,22411189-2,RH,CURRENT,%,55.43755245288777
2026-08-22T16:40:00+00:00,22411189-3,Dew Point,CURRENT,°C,17.05933774137681
2026-08-22T16:40:00+00:00,22411190-1,Temperature,CURRENT,°C,26.57401855468749
2026-08-22T16:40:00+00:00,22411190-2,RH,CURRENT,%,54.384679942015715
2026-08-22T16:40:00+00:00,22411190-3,Dew Point,CURRENT,°C,16.637184150227633
2026-08-22T16:40:00+00:00,22411191-1,Temperature,CURRENT,°C,25.8876123046875
2026-08-22T16:40:00+00:00,22411191-2,RH,CURRENT,%,55.43297474631876
2026-08-22T16:40:00+00:00,22411191-3,Dew Point,CURRENT,°C,16.300232576642102
2026-08-22T16:40:00+00:00,22411525-1,Temperature,CURRENT,°C,25.651660156249996
2026-08-22T16:40:00+00:00,22411525-2,RH,CURRENT,%,55.045395590142675
2026-08-22T16:40:00+00:00,22411525-3,Dew Point,CURRENT,°C,15.970805008406447
2026-08-22T16:40:00+00:00,22411526-1,Temperature,CURRENT,°C,27.474926757812504
2026-08-22T16:40:00+00:00,22411526-2,RH,CURRENT,%,55.03471427481499
2026-08-22T16:40:00+00:00,22411526-3,Dew Point,CURRENT,°C,17.66119970319595
2026-08-22T16:40:00+00:00,22411527-1,Temperature,CURRENT,°C,25.6302099609375
2026-08-22T16:40:00+00:00,22411527-2,RH,CURRENT,%,55.30937666895552
2026-08-22T16:40:00+00:00,22411527-3,Dew Point,CURRENT,°C,16.02588159782708
2026-08-22T16:40:00+00:00,22411528-1,Temperature,CURRENT,°C,27.410576171875
2026-08-22T16:40:00+00:00,22411528-2,RH,CURRENT,%,55.214770733196005
2026-08-22T16:40:00+00:00,22411528-3,Dew Point,CURRENT,°C,17.653318243242754
2026-08-22T16:40:00+00:00,22411529-1,Temperature,CURRENT,°C,27.625078124999995
2026-08-22T16:40:00+00:00,22411529-2,RH,CURRENT,%,60.14038300144961
2026-08-22T16:40:00+00:00,22411529-3,Dew Point,CURRENT,°C,19.219266645592572
2026-08-22T16:40:00+00:00,22411530-1,Temperature,CURRENT,°C,25.951962890625005
2026-08-22T16:40:00+00:00,22411530-2,RH,CURRENT,%,55.20408941786832
2026-08-22T16:40:00+00:00,22411530-3,Dew Point,CURRENT,°C,16.295024249931615
2026-08-22T16:41:00+00:00,22411541-S,Battery,CURRENT,V,8.596927001953125
2026-08-22T16:45:00+00:00,22411189-1,Temperature,CURRENT,°C,26.359516601562497
2026-08-22T16:45:00+00:00,22411189-2,RH,CURRENT,%,61.21614404516671
2026-08-22T16:45:00+00:00,22411189-3,Dew Point,CURRENT,°C,18.313666129684385
2026-08-22T16:45:00+00:00,22411190-1,Temperature,CURRENT,°C,26.145014648437503
2026-08-22T16:45:00+00:00,22411190-2,RH,CURRENT,%,60.25787747005417
2026-08-22T16:45:00+00:00,22411190-3,Dew Point,CURRENT,°C,17.860502235775545
2026-08-22T16:45:00+00:00,22411191-1,Temperature,CURRENT,°C,25.458608398437498
2026-08-22T16:45:00+00:00,22411191-2,RH,CURRENT,%,62.07980468451972
2026-08-22T16:45:00+00:00,22411191-3,Dew Point,CURRENT,°C,17.688023134407075
2026-08-22T16:45:00+00:00,22411525-1,Temperature,CURRENT,°C,25.179755859375
2026-08-22T16:45:00+00:00,22411525-2,RH,CURRENT,%,61.733424887464714
2026-08-22T16:45:00+00:00,22411525-3,Dew Point,CURRENT,°C,17.336355993159362
2026-08-22T16:45:00+00:00,22411526-1,Temperature,CURRENT,°C,27.389125976562504
2026-08-22T16:45:00+00:00,22411526-2,RH,CURRENT,%,58.70756084534981
2026-08-22T16:45:00+00:00,22411526-3,Dew Point,CURRENT,°C,18.61126344476851
2026-08-22T16:45:00+00:00,22411527-1,Temperature,CURRENT,°C,25.115405273437496
2026-08-22T16:45:00+00:00,22411527-2,RH,CURRENT,%,62.04013122758831
2026-08-22T16:45:00+00:00,22411527-3,Dew Point,CURRENT,°C,17.354219142079263
2026-08-22T16:45:00+00:00,22411528-1,Temperature,CURRENT,°C,27.453476562499993
2026-08-22T16:45:00+00:00,22411528-2,RH,CURRENT,%,60.51880674448768
2026-08-22T16:45:00+00:00,22411528-3,Dew Point,CURRENT,°C,19.15892749744198
2026-08-22T16:45:00+00:00,22411529-1,Temperature,CURRENT,°C,27.73232910156249
2026-08-22T16:45:00+00:00,22411529-2,RH,CURRENT,%,64.67231250476844
2026-08-22T16:45:00+00:00,22411529-3,Dew Point,CURRENT,°C,20.49441167505324
2026-08-22T16:45:00+00:00,22411530-1,Temperature,CURRENT,°C,25.608759765625003
2026-08-22T16:45:00+00:00,22411530-2,RH,CURRENT,%,61.53200579842832
2026-08-22T16:45:00+00:00,22411530-3,Dew Point,CURRENT,°C,17.688721348052095
2026-08-22T16:46:00+00:00,22411541-S,Battery,CURRENT,V,8.5936962890625
2026-08-22T16:50:00+00:00,22411189-1,Temperature,CURRENT,°C,25.844711914062493
2026-08-22T16:50:00+00:00,22411189-2,RH,CURRENT,%,60.43335622186618
2026-08-22T16:50:00+00:00,22411189-3,Dew Point,CURRENT,°C,17.624552554644673
2026-08-22T16:50:00+00:00,22411190-1,Temperature,CURRENT,°C,25.6302099609375
2026-08-22T16:50:00+00:00,22411190-2,RH,CURRENT,%,59.430838483253225
2026-08-22T16:50:00+00:00,22411190-3,Dew Point,CURRENT,°C,17.158000983683802
2026-08-22T16:50:00+00:00,22411191-1,Temperature,CURRENT,°C,24.96525390624999
2026-08-22T16:50:00+00:00,22411191-2,RH,CURRENT,%,60.57373922331578
2026-08-22T16:50:00+00:00,22411191-3,Dew Point,CURRENT,°C,16.834542274559567
2026-08-22T16:50:00+00:00,22411525-1,Temperature,CURRENT,°C,24.707851562500004
2026-08-22T16:50:00+00:00,22411525-2,RH,CURRENT,%,60.08392462043183
2026-08-22T16:50:00+00:00,22411525-3,Dew Point,CURRENT,°C,16.46467065363704
2026-08-22T16:50:00+00:00,22411526-1,Temperature,CURRENT,°C,26.981572265624997
2026-08-22T16:50:00+00:00,22411526-2,RH,CURRENT,%,58.10788128480964
2026-08-22T16:50:00+00:00,22411526-3,Dew Point,CURRENT,°C,18.066022857682718
2026-08-22T16:50:00+00:00,22411527-1,Temperature,CURRENT,°C,24.664951171874996
2026-08-22T16:50:00+00:00,22411527-2,RH,CURRENT,%,60.59357595178149
2026-08-22T16:50:00+00:00,22411527-3,Dew Point,CURRENT,°C,16.55731576735753
2026-08-22T16:50:00+00:00,22411528-1,Temperature,CURRENT,°C,26.981572265624997
2026-08-22T16:50:00+00:00,22411528-2,RH,CURRENT,%,60.0350957503624
2026-08-22T16:50:00+00:00,22411528-3,Dew Point,CURRENT,°C,18.58702175638375
2026-08-22T16:50:00+00:00,22411529-1,Temperature,CURRENT,°C,27.582177734375
2026-08-22T16:50:00+00:00,22411529-2,RH,CURRENT,%,61.815823605706875
2026-08-22T16:50:00+00:00,22411529-3,Dew Point,CURRENT,°C,19.621438662839164
2026-08-22T16:50:00+00:00,22411530-1,Temperature,CURRENT,°C,25.136855468749992
2026-08-22T16:50:00+00:00,22411530-2,RH,CURRENT,%,59.95574883649958
2026-08-22T16:50:00+00:00,22411530-3,Dew Point,CURRENT,°C,16.833950144546336
2026-08-22T16:51:00+00:00,22411541-S,Battery,CURRENT,V,8.584004150390625
2026-08-22T16:55:00+00:00,22411189-1,Temperature,CURRENT,°C,25.8876123046875
2026-08-22T16:55:00+00:00,22411189-2,RH,CURRENT,%,60.16174563210498
2026-08-22T16:55:00+00:00,22411189-3,Dew Point,CURRENT,°C,17.593335161304296
2026-08-22T16:55:00+00:00,22411190-1,Temperature,CURRENT,°C,25.673110351562492
2026-08-22T16:55:00+00:00,22411190-2,RH,CURRENT,%,59.429312581063556
2026-08-22T16:55:00+00:00,22411190-3,Dew Point,CURRENT,°C,17.197831633640696
2026-08-22T16:55:00+00:00,22411191-1,Temperature,CURRENT,°C,25.115405273437496
2026-08-22T16:55:00+00:00,22411191-2,RH,CURRENT,%,61.228351262684065
2026-08-22T16:55:00+00:00,22411191-3,Dew Point,CURRENT,°C,17.14566971276235
2026-08-22T16:55:00+00:00,22411525-1,Temperature,CURRENT,°C,24.9009033203125
2026-08-22T16:55:00+00:00,22411525-2,RH,CURRENT,%,60.79804684519722
2026-08-22T16:55:00+00:00,22411525-3,Dew Point,CURRENT,°C,16.832353715070948
2026-08-22T16:55:00+00:00,22411526-1,Temperature,CURRENT,°C,26.917221679687493
2026-08-22T16:55:00+00:00,22411526-2,RH,CURRENT,%,57.27016098268101
2026-08-22T16:55:00+00:00,22411526-3,Dew Point,CURRENT,°C,17.774766928065656
2026-08-22T16:55:00+00:00,22411527-1,Temperature,CURRENT,°C,24.858002929687494
2026-08-22T16:55:00+00:00,22411527-2,RH,CURRENT,%,61.315327687495234
2026-08-22T16:55:00+00:00,22411527-3,Dew Point,CURRENT,°C,16.925731616396963
2026-08-22T16:55:00+00:00,22411528-1,Temperature,CURRENT,°C,27.0459228515625
2026-08-22T16:55:00+00:00,22411528-2,RH,CURRENT,%,57.84237430380713
2026-08-22T16:55:00+00:00,22411528-3,Dew Point,CURRENT,°C,18.053196592267597
2026-08-22T16:55:00+00:00,22411529-1,Temperature,CURRENT,°C,27.303325195312503
2026-08-22T16:55:00+00:00,22411529-2,RH,CURRENT,%,60.96894789044022
2026-08-22T16:55:00+00:00,22411529-3,Dew Point,CURRENT,°C,19.1368631146762
2026-08-22T16:55:00+00:00,22411530-1,Temperature,CURRENT,°C,25.222656249999993
2026-08-22T16:55:00+00:00,22411530-2,RH,CURRENT,%,60.62867170214389
2026-08-22T16:55:00+00:00,22411530-3,Dew Point,CURRENT,°C,17.09090258076006
2026-08-22T16:56:00+00:00,22411541-S,Battery,CURRENT,V,8.590465576171875
2026-08-22T17:00:00+00:00,22411189-1,Temperature,CURRENT,°C,25.823261718749997
2026-08-22T17:00:00+00:00,22411189-2,RH,CURRENT,%,60.859082932784005
2026-08-22T17:00:00+00:00,22411189-3,Dew Point,CURRENT,°C,17.715902557829214
2026-08-22T17:00:00+00:00,22411190-1,Temperature,CURRENT,°C,25.58730957031249
2026-08-22T17:00:00+00:00,22411190-2,RH,CURRENT,%,59.938963912413215
2026-08-22T17:00:00+00:00,22411190-3,Dew Point,CURRENT,°C,17.252496761889752
2026-08-22T17:00:00+00:00,22411191-1,Temperature,CURRENT,°C,25.158305664062503
2026-08-22T17:00:00+00:00,22411191-2,RH,CURRENT,%,61.49996185244526
2026-08-22T17:00:00+00:00,22411191-3,Dew Point,CURRENT,°C,17.256129055946907
2026-08-22T17:00:00+00:00,22411525-1,Temperature,CURRENT,°C,24.96525390624999
2026-08-22T17:00:00+00:00,22411525-2,RH,CURRENT,%,60.689707789730676
2026-08-22T17:00:00+00:00,22411525-3,Dew Point,CURRENT,°C,16.864732207818257
2026-08-22T17:00:00+00:00,22411526-1,Temperature,CURRENT,°C,26.809970703124996
2026-08-22T17:00:00+00:00,22411526-2,RH,CURRENT,%,58.011749446860456
2026-08-22T17:00:00+00:00,22411526-3,Dew Point,CURRENT,°C,17.87922592636902
2026-08-22T17:00:00+00:00,22411527-1,Temperature,CURRENT,°C,24.943803710937495
2026-08-22T17:00:00+00:00,22411527-2,RH,CURRENT,%,60.907911802853434
2026-08-22T17:00:00+00:00,22411527-3,Dew Point,CURRENT,°C,16.901216923037357
2026-08-22T17:00:00+00:00,22411528-1,Temperature,CURRENT,°C,26.938671875000004
2026-08-22T17:00:00+00:00,22411528-2,RH,CURRENT,%,58.643472953383686
2026-08-22T17:00:00+00:00,22411528-3,Dew Point,CURRENT,°C,18.17215598201061
2026-08-22T17:00:00+00:00,22411529-1,Temperature,CURRENT,°C,27.303325195312503
2026-08-22T17:00:00+00:00,22411529-2,RH,CURRENT,%,60.81177996490425
2026-08-22T17:00:00+00:00,22411529-3,Dew Point,CURRENT,°C,19.095392845019084
2026-08-22T17:00:00+00:00,22411530-1,Temperature,CURRENT,°C,25.287006835937497
2026-08-22T17:00:00+00:00,22411530-2,RH,CURRENT,%,60.730907148851756
2026-08-22T17:00:00+00:00,22411530-3,Dew Point,CURRENT,°C,17.178073255871055
2026-08-22T17:01:00+00:00,22411541-S,Battery,CURRENT,V,8.577542724609375
2026-08-22T17:05:00+00:00,22411189-1,Temperature,CURRENT,°C,26.402416992187504
2026-08-22T17:05:00+00:00,22411189-2,RH,CURRENT,%,60.024414435034714
2026-08-22T17:05:00+00:00,22411189-3,Dew Point,CURRENT,°C,18.040440653925096
2026-08-22T17:05:00+00:00,22411190-1,Temperature,CURRENT,°C,26.102114257812495
2026-08-22T17:05:00+00:00,22411190-2,RH,CURRENT,%,59.16533150225071
2026-08-22T17:05:00+00:00,22411190-3,Dew Point,CURRENT,°C,17.52951343001689
2026-08-22T17:05:00+00:00,22411191-1,Temperature,CURRENT,°C,25.608759765625003
2026-08-22T17:05:00+00:00,22411191-2,RH,CURRENT,%,60.67444876783398
2026-08-22T17:05:00+00:00,22411191-3,Dew Point,CURRENT,°C,17.465925513768724
2026-08-22T17:05:00+00:00,22411525-1,Temperature,CURRENT,°C,25.351357421875
2026-08-22T17:05:00+00:00,22411525-2,RH,CURRENT,%,60.33722438391699
2026-08-22T17:05:00+00:00,22411525-3,Dew Point,CURRENT,°C,17.135671132828634
2026-08-22T17:05:00+00:00,22411526-1,Temperature,CURRENT,°C,27.346225585937496
2026-08-22T17:05:00+00:00,22411526-2,RH,CURRENT,%,57.79049362935836
2026-08-22T17:05:00+00:00,22411526-3,Dew Point,CURRENT,°C,18.319470038093048
2026-08-22T17:05:00+00:00,22411527-1,Temperature,CURRENT,°C,25.308457031249993
2026-08-22T17:05:00+00:00,22411527-2,RH,CURRENT,%,60.8392462043183
2026-08-22T17:05:00+00:00,22411527-3,Dew Point,CURRENT,°C,17.226460456257172
2026-08-22T17:05:00+00:00,22411528-1,Temperature,CURRENT,°C,27.517827148437497
2026-08-22T17:05:00+00:00,22411528-2,RH,CURRENT,%,58.7380788891432
2026-08-22T17:05:00+00:00,22411528-3,Dew Point,CURRENT,°C,18.740061524603938
2026-08-22T17:05:00+00:00,22411529-1,Temperature,CURRENT,°C,27.539277343749994
2026-08-22T17:05:00+00:00,22411529-2,RH,CURRENT,%,63.33104448004883
2026-08-22T17:05:00+00:00,22411529-3,Dew Point,CURRENT,°C,19.972095982326664
2026-08-22T17:05:00+00:00,22411530-1,Temperature,CURRENT,°C,25.758911132812493
2026-08-22T17:05:00+00:00,22411530-2,RH,CURRENT,%,60.09765774013886
2026-08-22T17:05:00+00:00,22411530-3,Dew Point,CURRENT,°C,17.455541133777686
2026-08-22T17:06:00+00:00,22411541-S,Battery,CURRENT,V,8.574312011718751
2026-08-22T17:10:00+00:00,22411189-1,Temperature,CURRENT,°C,26.852871093750004
2026-08-22T17:10:00+00:00,22411189-2,RH,CURRENT,%,57.95986877241169
2026-08-22T17:10:00+00:00,22411189-3,Dew Point,CURRENT,°C,17.905089846648142
2026-08-22T17:10:00+00:00,22411190-1,Temperature,CURRENT,°C,26.531118164062498
2026-08-22T17:10:00+00:00,22411190-2,RH,CURRENT,%,57.474631876096744
2026-08-22T17:10:00+00:00,22411190-3,Dew Point,CURRENT,°C,17.47091103675214
2026-08-22T17:10:00+00:00,22411191-1,Temperature,CURRENT,°C,25.8876123046875
2026-08-22T17:10:00+00:00,22411191-2,RH,CURRENT,%,59.4171053635462
2026-08-22T17:10:00+00:00,22411191-3,Dew Point,CURRENT,°C,17.395753269443222
2026-08-22T17:10:00+00:00,22411525-1,Temperature,CURRENT,°C,25.6302099609375
2026-08-22T17:10:00+00:00,22411525-2,RH,CURRENT,%,59.177538719768066
2026-08-22T17:10:00+00:00,22411525-3,Dew Point,CURRENT,°C,17.09043810331237
2026-08-22T17:10:00+00:00,22411526-1,Temperature,CURRENT,°C,27.710878906249995
2026-08-22T17:10:00+00:00,22411526-2,RH,CURRENT,%,55.759517814908065
2026-08-22T17:10:00+00:00,22411526-3,Dew Point,CURRENT,°C,18.08865185128109
2026-08-22T17:10:00+00:00,22411527-1,Temperature,CURRENT,°C,25.565859374999995
2026-08-22T17:10:00+00:00,22411527-2,RH,CURRENT,%,59.603265430685894
2026-08-22T17:10:00+00:00,22411527-3,Dew Point,CURRENT,°C,17.143470400510644
2026-08-22T17:10:00+00:00,22411528-1,Temperature,CURRENT,°C,27.7752294921875
2026-08-22T17:10:00+00:00,22411528-2,RH,CURRENT,%,56.560616464484625
2026-08-22T17:10:00+00:00,22411528-3,Dew Point,CURRENT,°C,18.376161904345995
2026-08-22T17:10:00+00:00,22411529-1,Temperature,CURRENT,°C,27.517827148437497
2026-08-22T17:10:00+00:00,22411529-2,RH,CURRENT,%,60.57984283207446
2026-08-22T17:10:00+00:00,22411529-3,Dew Point,CURRENT,°C,19.235602554337678
2026-08-22T17:10:00+00:00,22411530-1,Temperature,CURRENT,°C,26.03776367187499
2026-08-22T17:10:00+00:00,22411530-2,RH,CURRENT,%,58.77927824826428
2026-08-22T17:10:00+00:00,22411530-3,Dew Point,CURRENT,°C,17.36540730214545
2026-08-22T17:11:00+00:00,22411541-S,Battery,CURRENT,V,8.577542724609375
2026-08-22T17:15:00+00:00,22411189-1,Temperature,CURRENT,°C,26.16646484375
2026-08-22T17:15:00+00:00,22411189-2,RH,CURRENT,%,60.991836423285264
2026-08-22T17:15:00+00:00,22411189-3,Dew Point,CURRENT,°C,18.073443751147483
2026-08-22T17:15:00+00:00,22411190-1,Temperature,CURRENT,°C,25.866162109375004
2026-08-22T17:15:00+00:00,22411190-2,RH,CURRENT,%,60.358587014572365
2026-08-22T17:15:00+00:00,22411190-3,Dew Point,CURRENT,°C,17.62505066201187
2026-08-22T17:15:00+00:00,22411191-1,Temperature,CURRENT,°C,25.394257812499994
2026-08-22T17:15:00+00:00,22411191-2,RH,CURRENT,%,61.58693827725643
2026-08-22T17:15:00+00:00,22411191-3,Dew Point,CURRENT,°C,17.500814750709967
2026-08-22T17:15:00+00:00,22411525-1,Temperature,CURRENT,°C,25.158305664062503
2026-08-22T17:15:00+00:00,22411525-2,RH,CURRENT,%,61.017776760509655
2026-08-22T17:15:00+00:00,22411525-3,Dew Point,CURRENT,°C,17.13155076153761
2026-08-22T17:15:00+00:00,22411526-1,Temperature,CURRENT,°C,27.217524414062503
2026-08-22T17:15:00+00:00,22411526-2,RH,CURRENT,%,58.57022964827954
2026-08-22T17:15:00+00:00,22411526-3,Dew Point,CURRENT,°C,18.413199365929483
2026-08-22T17:15:00+00:00,22411527-1,Temperature,CURRENT,°C,25.115405273437496
2026-08-22T17:15:00+00:00,22411527-2,RH,CURRENT,%,61.48928053711757
2026-08-22T17:15:00+00:00,22411527-3,Dew Point,CURRENT,°C,17.212966194257977
2026-08-22T17:15:00+00:00,22411528-1,Temperature,CURRENT,°C,27.367675781249993
2026-08-22T17:15:00+00:00,22411528-2,RH,CURRENT,%,59.06462195773251
2026-08-22T17:15:00+00:00,22411528-3,Dew Point,CURRENT,°C,18.688244067743828
2026-08-22T17:15:00+00:00,22411529-1,Temperature,CURRENT,°C,27.324775390625
2026-08-22T17:15:00+00:00,22411529-2,RH,CURRENT,%,63.105210955977725
2026-08-22T17:15:00+00:00,22411529-3,Dew Point,CURRENT,°C,19.711718088811846
2026-08-22T17:15:00+00:00,22411530-1,Temperature,CURRENT,°C,25.522958984375002
2026-08-22T17:15:00+00:00,22411530-2,RH,CURRENT,%,61.07881284809644
2026-08-22T17:15:00+00:00,22411530-3,Dew Point,CURRENT,°C,17.49057201355373
2026-08-22T17:16:00+00:00,22411541-S,Battery,CURRENT,V,8.574312011718751
2026-08-22T17:20:00+00:00,22411189-1,Temperature,CURRENT,°C,26.273715820312496
2026-08-22T17:20:00+00:00,22411189-2,RH,CURRENT,%,60.87739375906004
2026-08-22T17:20:00+00:00,22411189-3,Dew Point,CURRENT,°C,18.144397068709683
2026-08-22T17:20:00+00:00,22411190-1,Temperature,CURRENT,°C,25.951962890625005
2026-08-22T17:20:00+00:00,22411190-2,RH,CURRENT,%,60.00762951094835
2026-08-22T17:20:00+00:00,22411190-3,Dew Point,CURRENT,°C,17.613042698017406
2026-08-22T17:20:00+00:00,22411191-1,Temperature,CURRENT,°C,25.565859374999995
2026-08-22T17:20:00+00:00,22411191-2,RH,CURRENT,%,61.147478446631574
2026-08-22T17:20:00+00:00,22411191-3,Dew Point,CURRENT,°C,17.548778172165758
2026-08-22T17:20:00+00:00,22411525-1,Temperature,CURRENT,°C,25.351357421875
2026-08-22T17:20:00+00:00,22411525-2,RH,CURRENT,%,60.43183031967651
2026-08-22T17:20:00+00:00,22411525-3,Dew Point,CURRENT,°C,17.160458600733556
2026-08-22T17:20:00+00:00,22411526-1,Temperature,CURRENT,°C,27.131723632812502
2026-08-22T17:20:00+00:00,22411526-2,RH,CURRENT,%,58.8387884336614
2026-08-22T17:20:00+00:00,22411526-3,Dew Point,CURRENT,°C,18.405975461301512
2026-08-22T17:20:00+00:00,22411527-1,Temperature,CURRENT,°C,25.308457031249993
2026-08-22T17:20:00+00:00,22411527-2,RH,CURRENT,%,60.71717402914473
2026-08-22T17:20:00+00:00,22411527-3,Dew Point,CURRENT,°C,17.194668205707103
2026-08-22T17:20:00+00:00,22411528-1,Temperature,CURRENT,°C,27.346225585937496
2026-08-22T17:20:00+00:00,22411528-2,RH,CURRENT,%,59.351491569390404
2026-08-22T17:20:00+00:00,22411528-3,Dew Point,CURRENT,°C,18.74574579056614
2026-08-22T17:20:00+00:00,22411529-1,Temperature,CURRENT,°C,27.346225585937496
2026-08-22T17:20:00+00:00,22411529-2,RH,CURRENT,%,61.79293507286183
2026-08-22T17:20:00+00:00,22411529-3,Dew Point,CURRENT,°C,19.393178709324076
2026-08-22T17:20:00+00:00,22411530-1,Temperature,CURRENT,°C,25.694560546875003
2026-08-22T17:20:00+00:00,22411530-2,RH,CURRENT,%,60.479133287556266
2026-08-22T17:20:00+00:00,22411530-3,Dew Point,CURRENT,°C,17.495445760966263
2026-08-22T17:21:00+00:00,22411541-S,Battery,CURRENT,V,8.577542724609375
2026-08-22T17:25:00+00:00,22411189-1,Temperature,CURRENT,°C,25.9734130859375
2026-08-22T17:25:00+00:00,22411189-2,RH,CURRENT,%,61.307698176546886
2026-08-22T17:25:00+00:00,22411189-3,Dew Point,CURRENT,°C,17.974037388414093
2026-08-22T17:25:00+00:00,22411190-1,Temperature,CURRENT,°C,25.7160107421875
2026-08-22T17:25:00+00:00,22411190-2,RH,CURRENT,%,60.62409399557488
2026-08-22T17:25:00+00:00,22411190-3,Dew Point,CURRENT,°C,17.553598757510795
2026-08-22T17:25:00+00:00,22411191-1,Temperature,CURRENT,°C,25.351357421875
2026-08-22T17:25:00+00:00,22411191-2,RH,CURRENT,%,62.029449912260624
2026-08-22T17:25:00+00:00,22411191-3,Dew Point,CURRENT,°C,17.573996138810926
2026-08-22T17:25:00+00:00,22411525-1,Temperature,CURRENT,°C,25.136855468749992
2026-08-22T17:25:00+00:00,22411525-2,RH,CURRENT,%,61.2619211108568
2026-08-22T17:25:00+00:00,22411525-3,Dew Point,CURRENT,°C,17.174538806885604
2026-08-22T17:25:00+00:00,22411526-1,Temperature,CURRENT,°C,26.895771484374997
2026-08-22T17:25:00+00:00,22411526-2,RH,CURRENT,%,59.145494773785
2026-08-22T17:25:00+00:00,22411526-3,Dew Point,CURRENT,°C,18.267976062825863
2026-08-22T17:25:00+00:00,22411527-1,Temperature,CURRENT,°C,25.115405273437496
2026-08-22T17:25:00+00:00,22411527-2,RH,CURRENT,%,61.820401312275884
2026-08-22T17:25:00+00:00,22411527-3,Dew Point,CURRENT,°C,17.298006671083115
2026-08-22T17:25:00+00:00,22411528-1,Temperature,CURRENT,°C,27.11027343749999
2026-08-22T17:25:00+00:00,22411528-2,RH,CURRENT,%,59.46593423361563
2026-08-22T17:25:00+00:00,22411528-3,Dew Point,CURRENT,°C,18.555376114292965
2026-08-22T17:25:00+00:00,22411529-1,Temperature,CURRENT,°C,27.217524414062503
2026-08-22T17:25:00+00:00,22411529-2,RH,CURRENT,%,62.46433203631647
2026-08-22T17:25:00+00:00,22411529-3,Dew Point,CURRENT,°C,19.44588014201417
2026-08-22T17:25:00+00:00,22411530-1,Temperature,CURRENT,°C,25.480058593749995
2026-08-22T17:25:00+00:00,22411530-2,RH,CURRENT,%,61.31990539406424
2026-08-22T17:25:00+00:00,22411530-3,Dew Point,CURRENT,°C,17.51268681530016
2026-08-22T17:26:00+00:00,22411541-S,Battery,CURRENT,V,8.574312011718751
2026-08-22T17:30:00+00:00,22411189-1,Temperature,CURRENT,°C,25.6302099609375
2026-08-22T17:30:00+00:00,22411189-2,RH,CURRENT,%,63.50804913405051
2026-08-22T17:30:00+00:00,22411189-3,Dew Point,CURRENT,°C,18.212215856797343
2026-08-22T17:30:00+00:00,22411190-1,Temperature,CURRENT,°C,25.458608398437498
2026-08-22T17:30:00+00:00,22411190-2,RH,CURRENT,%,62.484168764782176
2026-08-22T17:30:00+00:00,22411190-3,Dew Point,CURRENT,°C,17.791219600687473
2026-08-22T17:30:00+00:00,22411191-1,Temperature,CURRENT,°C,25.222656249999993
2026-08-22T17:30:00+00:00,22411191-2,RH,CURRENT,%,63.55840390630961
2026-08-22T17:30:00+00:00,22411191-3,Dew Point,CURRENT,°C,17.83938318376494
2026-08-22T17:30:00+00:00,22411525-1,Temperature,CURRENT,°C,25.072504882812503
2026-08-22T17:30:00+00:00,22411525-2,RH,CURRENT,%,62.818341344319826
2026-08-22T17:30:00+00:00,22411525-3,Dew Point,CURRENT,°C,17.511392342180912
2026-08-22T17:30:00+00:00,22411526-1,Temperature,CURRENT,°C,26.295166015624993
2026-08-22T17:30:00+00:00,22411526-2,RH,CURRENT,%,61.943999389639124
2026-08-22T17:30:00+00:00,22411526-3,Dew Point,CURRENT,°C,18.441865325924205
2026-08-22T17:30:00+00:00,22411527-1,Temperature,CURRENT,°C,25.093955078125
2026-08-22T17:30:00+00:00,22411527-2,RH,CURRENT,%,62.992294193942165
2026-08-22T17:30:00+00:00,22411527-3,Dew Point,CURRENT,°C,17.575542534384905
2026-08-22T17:30:00+00:00,22411528-1,Temperature,CURRENT,°C,26.4238671875
2026-08-22T17:30:00+00:00,22411528-2,RH,CURRENT,%,62.97398336766613
2026-08-22T17:30:00+00:00,22411528-3,Dew Point,CURRENT,°C,18.827263926809945
2026-08-22T17:30:00+00:00,22411529-1,Temperature,CURRENT,°C,26.7027197265625
2026-08-22T17:30:00+00:00,22411529-2,RH,CURRENT,%,65.24452582589456
2026-08-22T17:30:00+00:00,22411529-3,Dew Point,CURRENT,°C,19.660876227230098
2026-08-22T17:30:00+00:00,22411530-1,Temperature,CURRENT,°C,25.287006835937497
2026-08-22T17:30:00+00:00,22411530-2,RH,CURRENT,%,62.87632562752727
2026-08-22T17:30:00+00:00,22411530-3,Dew Point,CURRENT,°C,17.72865336446842
2026-08-22T17:31:00+00:00,22411541-S,Battery,CURRENT,V,8.567850585937501
2026-08-22T17:35:00+00:00,22411189-1,Temperature,CURRENT,°C,26.230815429687503
2026-08-22T17:35:00+00:00,22411189-2,RH,CURRENT,%,61.65407797360189
2026-08-22T17:35:00+00:00,22411189-3,Dew Point,CURRENT,°C,18.306285454323557
2026-08-22T17:35:00+00:00,22411190-1,Temperature,CURRENT,°C,25.9734130859375
2026-08-22T17:35:00+00:00,22411190-2,RH,CURRENT,%,60.81177996490425
2026-08-22T17:35:00+00:00,22411190-3,Dew Point,CURRENT,°C,17.844770346758484
2026-08-22T17:35:00+00:00,22411191-1,Temperature,CURRENT,°C,25.673110351562492
2026-08-22T17:35:00+00:00,22411191-2,RH,CURRENT,%,62.14084077210651
2026-08-22T17:35:00+00:00,22411191-3,Dew Point,CURRENT,°C,17.90594527751066
2026-08-22T17:35:00+00:00,22411525-1,Temperature,CURRENT,°C,25.50150878906249
2026-08-22T17:35:00+00:00,22411525-2,RH,CURRENT,%,61.768520637827116
2026-08-22T17:35:00+00:00,22411525-3,Dew Point,CURRENT,°C,17.648611709244683
2026-08-22T17:35:00+00:00,22411526-1,Temperature,CURRENT,°C,26.767070312500003
2026-08-22T17:35:00+00:00,22411526-2,RH,CURRENT,%,60.271610589761195
2026-08-22T17:35:00+00:00,22411526-3,Dew Point,CURRENT,°C,18.448471081974226
2026-08-22T17:35:00+00:00,22411527-1,Temperature,CURRENT,°C,25.480058593749995
2026-08-22T17:35:00+00:00,22411527-2,RH,CURRENT,%,62.22781719691768
2026-08-22T17:35:00+00:00,22411527-3,Dew Point,CURRENT,°C,17.746099766260688
2026-08-22T17:35:00+00:00,22411528-1,Temperature,CURRENT,°C,27.024472656250005
2026-08-22T17:35:00+00:00,22411528-2,RH,CURRENT,%,60.733958953231095
2026-08-22T17:35:00+00:00,22411528-3,Dew Point,CURRENT,°C,18.812671460745214
2026-08-22T17:35:00+00:00,22411529-1,Temperature,CURRENT,°C,26.745620117187492
2026-08-22T17:35:00+00:00,22411529-2,RH,CURRENT,%,64.35034714274815
2026-08-22T17:35:00+00:00,22411529-3,Dew Point,CURRENT,°C,19.47904054586369
2026-08-22T17:35:00+00:00,22411530-1,Temperature,CURRENT,°C,25.8018115234375
2026-08-22T17:35:00+00:00,22411530-2,RH,CURRENT,%,61.33363851377127
2026-08-22T17:35:00+00:00,22411530-3,Dew Point,CURRENT,°C,17.819202834106218
2026-08-22T17:36:00+00:00,22411541-S,Battery,CURRENT,V,8.564619873046876
2026-08-22T17:40:00+00:00,22411189-1,Temperature,CURRENT,°C,26.445317382812497
2026-08-22T17:40:00+00:00,22411189-2,RH,CURRENT,%,61.942473487449455
2026-08-22T17:40:00+00:00,22411189-3,Dew Point,CURRENT,°C,18.583004771522617
2026-08-22T17:40:00+00:00,22411190-1,Temperature,CURRENT,°C,26.230815429687503
2026-08-22T17:40:00+00:00,22411190-2,RH,CURRENT,%,60.981155107957576
2026-08-22T17:40:00+00:00,22411190-3,Dew Point,CURRENT,°C,18.13119390431479
2026-08-22T17:40:00+00:00,22411191-1,Temperature,CURRENT,°C,25.994863281249998
2026-08-22T17:40:00+00:00,22411191-2,RH,CURRENT,%,61.99893186846723
2026-08-22T17:40:00+00:00,22411191-3,Dew Point,CURRENT,°C,18.17292006735879
2026-08-22T17:40:00+00:00,22411525-1,Temperature,CURRENT,°C,25.8018115234375
2026-08-22T17:40:00+00:00,22411525-2,RH,CURRENT,%,61.08339055466545
2026-08-22T17:40:00+00:00,22411525-3,Dew Point,CURRENT,°C,17.754193970742147
2026-08-22T17:40:00+00:00,22411526-1,Temperature,CURRENT,°C,26.981572265624997
2026-08-22T17:40:00+00:00,22411526-2,RH,CURRENT,%,61.04219119554437
2026-08-22T17:40:00+00:00,22411526-3,Dew Point,CURRENT,°C,18.853480004977165
2026-08-22T17:40:00+00:00,22411527-1,Temperature,CURRENT,°C,25.823261718749997
2026-08-22T17:40:00+00:00,22411527-2,RH,CURRENT,%,61.46639200427253
2026-08-22T17:40:00+00:00,22411527-3,Dew Point,CURRENT,°C,17.873797188923103
2026-08-22T17:40:00+00:00,22411528-1,Temperature,CURRENT,°C,27.260424804687496
2026-08-22T17:40:00+00:00,22411528-2,RH,CURRENT,%,61.58236057068742
2026-08-22T17:40:00+00:00,22411528-3,Dew Point,CURRENT,°C,19.25742812562842
2026-08-22T17:40:00+00:00,22411529-1,Temperature,CURRENT,°C,26.852871093750004
2026-08-22T17:40:00+00:00,22411529-2,RH,CURRENT,%,66.81467917906463
2026-08-22T17:40:00+00:00,22411529-3,Dew Point,CURRENT,°C,20.188012825349887
2026-08-22T17:40:00+00:00,22411530-1,Temperature,CURRENT,°C,26.059213867187502
2026-08-22T17:40:00+00:00,22411530-2,RH,CURRENT,%,61.104753185320824
2026-08-22T17:40:00+00:00,22411530-3,Dew Point,CURRENT,°C,18.001993861526564
2026-08-22T17:41:00+00:00,22411541-S,Battery,CURRENT,V,8.561389160156251
2026-08-22T17:45:00+00:00,22411189-1,Temperature,CURRENT,°C,26.145014648437503
2026-08-22T17:45:00+00:00,22411189-2,RH,CURRENT,%,56.57740138857099
2026-08-22T17:45:00+00:00,22411189-3,Dew Point,CURRENT,°C,16.86172821035776
2026-08-22T17:45:00+00:00,22411190-1,Temperature,CURRENT,°C,25.9734130859375
2026-08-22T17:45:00+00:00,22411190-2,RH,CURRENT,%,55.45738918135348
2026-08-22T17:45:00+00:00,22411190-3,Dew Point,CURRENT,°C,16.38693392177449
2026-08-22T17:45:00+00:00,22411191-1,Temperature,CURRENT,°C,25.608759765625003
2026-08-22T17:45:00+00:00,22411191-2,RH,CURRENT,%,56.12115663385977
2026-08-22T17:45:00+00:00,22411191-3,Dew Point,CURRENT,°C,16.234606953225768
2026-08-22T17:45:00+00:00,22411525-1,Temperature,CURRENT,°C,25.458608398437498
2026-08-22T17:45:00+00:00,22411525-2,RH,CURRENT,%,55.64965285725185
2026-08-22T17:45:00+00:00,22411525-3,Dew Point,CURRENT,°C,15.962455869913125
2026-08-22T17:45:00+00:00,22411526-1,Temperature,CURRENT,°C,26.767070312500003
2026-08-22T17:45:00+00:00,22411526-2,RH,CURRENT,%,55.35515373464561
2026-08-22T17:45:00+00:00,22411526-3,Dew Point,CURRENT,°C,17.095631762362107
2026-08-22T17:45:00+00:00,22411527-1,Temperature,CURRENT,°C,25.458608398437498
2026-08-22T17:45:00+00:00,22411527-2,RH,CURRENT,%,55.91515983825437
2026-08-22T17:45:00+00:00,22411527-3,Dew Point,CURRENT,°C,16.03708293071284
2026-08-22T17:45:00+00:00,22411528-1,Temperature,CURRENT,°C,26.831420898437493
2026-08-22T17:45:00+00:00,22411528-2,RH,CURRENT,%,56.02960250247959
2026-08-22T17:45:00+00:00,22411528-3,Dew Point,CURRENT,°C,17.347195539449043
2026-08-22T17:45:00+00:00,22411529-1,Temperature,CURRENT,°C,26.981572265624997
2026-08-22T17:45:00+00:00,22411529-2,RH,CURRENT,%,60.51422903791867
2026-08-22T17:45:00+00:00,22411529-3,Dew Point,CURRENT,°C,18.714275140572436
2026-08-22T17:45:00+00:00,22411530-1,Temperature,CURRENT,°C,25.737460937499996
2026-08-22T17:45:00+00:00,22411530-2,RH,CURRENT,%,55.3658350499733
2026-08-22T17:45:00+00:00,22411530-3,Dew Point,CURRENT,°C,16.141594869535528
2026-08-22T17:46:00+00:00,22411541-S,Battery,CURRENT,V,8.558158447265626
2026-08-22T17:50:00+00:00,22411189-1,Temperature,CURRENT,°C,26.187915039062496
2026-08-22T17:50:00+00:00,22411189-2,RH,CURRENT,%,57.03212024109255
2026-08-22T17:50:00+00:00,22411189-3,Dew Point,CURRENT,°C,17.028181497996528
2026-08-22T17:50:00+00:00,22411190-1,Temperature,CURRENT,°C,26.12356445312499
2026-08-22T17:50:00+00:00,22411190-2,RH,CURRENT,%,55.99145494773785
2026-08-22T17:50:00+00:00,22411190-3,Dew Point,CURRENT,°C,16.677529032829653
2026-08-22T17:50:00+00:00,22411191-1,Temperature,CURRENT,°C,25.780361328125004
2026-08-22T17:50:00+00:00,22411191-2,RH,CURRENT,%,56.36377508201724
2026-08-22T17:50:00+00:00,22411191-3,Dew Point,CURRENT,°C,16.462278636324747
2026-08-22T17:50:00+00:00,22411525-1,Temperature,CURRENT,°C,25.651660156249996
2026-08-22T17:50:00+00:00,22411525-2,RH,CURRENT,%,55.44213015945678
2026-08-22T17:50:00+00:00,22411525-3,Dew Point,CURRENT,°C,16.083428526062434
2026-08-22T17:50:00+00:00,22411526-1,Temperature,CURRENT,°C,26.50966796875
2026-08-22T17:50:00+00:00,22411526-2,RH,CURRENT,%,56.3759822995346
2026-08-22T17:50:00+00:00,22411526-3,Dew Point,CURRENT,°C,17.145164939104607
2026-08-22T17:50:00+00:00,22411527-1,Temperature,CURRENT,°C,25.651660156249996
2026-08-22T17:50:00+00:00,22411527-2,RH,CURRENT,%,55.764095521477074
2026-08-22T17:50:00+00:00,22411527-3,Dew Point,CURRENT,°C,16.174308868774727
2026-08-22T17:50:00+00:00,22411528-1,Temperature,CURRENT,°C,26.488217773437505
2026-08-22T17:50:00+00:00,22411528-2,RH,CURRENT,%,57.28236820019837
2026-08-22T17:50:00+00:00,22411528-3,Dew Point,CURRENT,°C,17.377729391411496
2026-08-22T17:50:00+00:00,22411529-1,Temperature,CURRENT,°C,26.273715820312496
2026-08-22T17:50:00+00:00,22411529-2,RH,CURRENT,%,62.11642633707179
2026-08-22T17:50:00+00:00,22411529-3,Dew Point,CURRENT,°C,18.46607282119727
2026-08-22T17:50:00+00:00,22411530-1,Temperature,CURRENT,°C,25.8018115234375
2026-08-22T17:50:00+00:00,22411530-2,RH,CURRENT,%,56.25696192874037
2026-08-22T17:50:00+00:00,22411530-3,Dew Point,CURRENT,°C,16.452414101326635
2026-08-22T17:51:00+00:00,22411541-S,Battery,CURRENT,V,8.551697021484376
2026-08-22T17:55:00+00:00,22411189-1,Temperature,CURRENT,°C,26.145014648437503
2026-08-22T17:55:00+00:00,22411189-2,RH,CURRENT,%,54.10086213473716
2026-08-22T17:55:00+00:00,22411189-3,Dew Point,CURRENT,°C,16.157125153559292
2026-08-22T17:55:00+00:00,22411190-1,Temperature,CURRENT,°C,25.994863281249998
2026-08-22T17:55:00+00:00,22411190-2,RH,CURRENT,%,53.21889066910811
2026-08-22T17:55:00+00:00,22411190-3,Dew Point,CURRENT,°C,15.760455844743863
2026-08-22T17:55:00+00:00,22411191-1,Temperature,CURRENT,°C,25.608759765625003
2026-08-22T17:55:00+00:00,22411191-2,RH,CURRENT,%,54.11612115663386
2026-08-22T17:55:00+00:00,22411191-3,Dew Point,CURRENT,°C,15.664422096606188
2026-08-22T17:55:00+00:00,22411525-1,Temperature,CURRENT,°C,25.458608398437498
2026-08-22T17:55:00+00:00,22411525-2,RH,CURRENT,%,53.56679636835279
2026-08-22T17:55:00+00:00,22411525-3,Dew Point,CURRENT,°C,15.365942028148677
2026-08-22T17:55:00+00:00,22411526-1,Temperature,CURRENT,°C,26.65981933593749
2026-08-22T17:55:00+00:00,22411526-2,RH,CURRENT,%,53.36385137712673
2026-08-22T17:55:00+00:00,22411526-3,Dew Point,CURRENT,°C,16.418326545293443
2026-08-22T17:55:00+00:00,22411527-1,Temperature,CURRENT,°C,25.437158203125
2026-08-22T17:55:00+00:00,22411527-2,RH,CURRENT,%,53.89486533913176
2026-08-22T17:55:00+00:00,22411527-3,Dew Point,CURRENT,°C,15.44135510772723
2026-08-22T17:55:00+00:00,22411528-1,Temperature,CURRENT,°C,26.745620117187492
2026-08-22T17:55:00+00:00,22411528-2,RH,CURRENT,%,53.73159380483711
2026-08-22T17:55:00+00:00,22411528-3,Dew Point,CURRENT,°C,16.605856296743948
2026-08-22T17:55:00+00:00,22411529-1,Temperature,CURRENT,°C,26.402416992187504
2026-08-22T17:55:00+00:00,22411529-2,RH,CURRENT,%,59.0051117723354
2026-08-22T17:55:00+00:00,22411529-3,Dew Point,CURRENT,°C,17.767855988561355
2026-08-22T17:55:00+00:00,22411530-1,Temperature,CURRENT,°C,25.7160107421875
2026-08-22T17:55:00+00:00,22411530-2,RH,CURRENT,%,53.672083619439995
2026-08-22T17:55:00+00:00,22411530-3,Dew Point,CURRENT,°C,15.634979268254785
2026-08-22T17:56:00+00:00,22411541-S,Battery,CURRENT,V,8.558158447265626
2026-08-22T18:00:00+00:00,22411189-1,Temperature,CURRENT,°C,26.273715820312496
2026-08-22T18:00:00+00:00,22411189-2,RH,CURRENT,%,54.31754024567025
2026-08-22T18:00:00+00:00,22411189-3,Dew Point,CURRENT,°C,16.33924303879163
2026-08-22T18:00:00+00:00,22411190-1,Temperature,CURRENT,°C,26.209365234374992
2026-08-22T18:00:00+00:00,22411190-2,RH,CURRENT,%,53.20057984283208
2026-08-22T18:00:00+00:00,22411190-3,Dew Point,CURRENT,°C,15.95349086691373
2026-08-22T18:00:00+00:00,22411191-1,Temperature,CURRENT,°C,25.951962890625005
2026-08-22T18:00:00+00:00,22411191-2,RH,CURRENT,%,53.78194857709621
2026-08-22T18:00:00+00:00,22411191-3,Dew Point,CURRENT,°C,15.885525347411377
2026-08-22T18:00:00+00:00,22411525-1,Temperature,CURRENT,°C,25.8018115234375
2026-08-22T18:00:00+00:00,22411525-2,RH,CURRENT,%,53.296711680781264
2026-08-22T18:00:00+00:00,22411525-3,Dew Point,CURRENT,°C,15.604696167460483
2026-08-22T18:00:00+00:00,22411526-1,Temperature,CURRENT,°C,26.595468750000002
2026-08-22T18:00:00+00:00,22411526-2,RH,CURRENT,%,53.51949340047303
2026-08-22T18:00:00+00:00,22411526-3,Dew Point,CURRENT,°C,16.404587696480252
2026-08-22T18:00:00+00:00,22411527-1,Temperature,CURRENT,°C,25.780361328125004
2026-08-22T18:00:00+00:00,22411527-2,RH,CURRENT,%,53.588158999008165
2026-08-22T18:00:00+00:00,22411527-3,Dew Point,CURRENT,°C,15.670102164251363
2026-08-22T18:00:00+00:00,22411528-1,Temperature,CURRENT,°C,26.65981933593749
2026-08-22T18:00:00+00:00,22411528-2,RH,CURRENT,%,54.16189822232395
2026-08-22T18:00:00+00:00,22411528-3,Dew Point,CURRENT,°C,16.652049725572585
2026-08-22T18:00:00+00:00,22411529-1,Temperature,CURRENT,°C,26.209365234374992
2026-08-22T18:00:00+00:00,22411529-2,RH,CURRENT,%,59.03257801174945
2026-08-22T18:00:00+00:00,22411529-3,Dew Point,CURRENT,°C,17.594368904732843
2026-08-22T18:00:00+00:00,22411530-1,Temperature,CURRENT,°C,25.994863281249998
2026-08-22T18:00:00+00:00,22411530-2,RH,CURRENT,%,53.40962844281682
2026-08-22T18:00:00+00:00,22411530-3,Dew Point,CURRENT,°C,15.81645569153525
2026-08-22T18:01:00+00:00,22411541-S,Battery,CURRENT,V,8.548466308593751
2026-08-22T18:05:00+00:00,22411189-1,Temperature,CURRENT,°C,27.217524414062503
2026-08-22T18:05:00+00:00,22411189-2,RH,CURRENT,%,54.71122301060502
2026-08-22T18:05:00+00:00,22411189-3,Dew Point,CURRENT,°C,17.328741799685286
2026-08-22T18:05:00+00:00,22411190-1,Temperature,CURRENT,°C,27.067373046874998
2026-08-22T18:05:00+00:00,22411190-2,RH,CURRENT,%,53.87350270847639
2026-08-22T18:05:00+00:00,22411190-3,Dew Point,CURRENT,°C,16.94543886839167
2026-08-22T18:05:00+00:00,22411191-1,Temperature,CURRENT,°C,26.724169921874996
2026-08-22T18:05:00+00:00,22411191-2,RH,CURRENT,%,54.013885709925994
2026-08-22T18:05:00+00:00,22411191-3,Dew Point,CURRENT,°C,16.668557988911825
2026-08-22T18:05:00+00:00,22411525-1,Temperature,CURRENT,°C,26.552568359374995
2026-08-22T18:05:00+00:00,22411525-2,RH,CURRENT,%,52.800793469138625
2026-08-22T18:05:00+00:00,22411525-3,Dew Point,CURRENT,°C,16.1524718743835
2026-08-22T18:05:00+00:00,22411526-1,Temperature,CURRENT,°C,27.796679687499996
2026-08-22T18:05:00+00:00,22411526-2,RH,CURRENT,%,54.29312581063554
2026-08-22T18:05:00+00:00,22411526-3,Dew Point,CURRENT,°C,17.744125182255264
2026-08-22T18:05:00+00:00,22411527-1,Temperature,CURRENT,°C,26.50966796875
2026-08-22T18:05:00+00:00,22411527-2,RH,CURRENT,%,53.23262378881514
2026-08-22T18:05:00+00:00,22411527-3,Dew Point,CURRENT,°C,16.240716569884082
2026-08-22T18:05:00+00:00,22411528-1,Temperature,CURRENT,°C,28.075532226562494
2026-08-22T18:05:00+00:00,22411528-2,RH,CURRENT,%,54.52658884565499
2026-08-22T18:05:00+00:00,22411528-3,Dew Point,CURRENT,°C,18.070944632815575
2026-08-22T18:05:00+00:00,22411529-1,Temperature,CURRENT,°C,27.153173828125
2026-08-22T18:05:00+00:00,22411529-2,RH,CURRENT,%,61.19783321889067
2026-08-22T18:05:00+00:00,22411529-3,Dew Point,CURRENT,°C,19.055798246078893
2026-08-22T18:05:00+00:00,22411530-1,Temperature,CURRENT,°C,26.831420898437493
2026-08-22T18:05:00+00:00,22411530-2,RH,CURRENT,%,53.86892500190738
2026-08-22T18:05:00+00:00,22411530-3,Dew Point,CURRENT,°C,16.725551179915197
2026-08-22T18:06:00+00:00,22411541-S,Battery,CURRENT,V,8.564619873046876
2026-08-22T18:10:00+00:00,22411189-1,Temperature,CURRENT,°C,27.796679687499996
2026-08-22T18:10:00+00:00,22411189-2,RH,CURRENT,%,54.349584191653314
2026-08-22T18:10:00+00:00,22411189-3,Dew Point,CURRENT,°C,17.760646872427277
2026-08-22T18:10:00+00:00,22411190-1,Temperature,CURRENT,°C,27.64652832031249
2026-08-22T18:10:00+00:00,22411190-2,RH,CURRENT,%,53.377584496833755
2026-08-22T18:10:00+00:00,22411190-3,Dew Point,CURRENT,°C,17.335199165921786
2026-08-22T18:10:00+00:00,22411191-1,Temperature,CURRENT,°C,27.153173828125
2026-08-22T18:10:00+00:00,22411191-2,RH,CURRENT,%,54.718852521553366
2026-08-22T18:10:00+00:00,22411191-3,Dew Point,CURRENT,°C,17.2712358920962
2026-08-22T18:10:00+00:00,22411525-1,Temperature,CURRENT,°C,26.917221679687493
2026-08-22T18:10:00+00:00,22411525-2,RH,CURRENT,%,54.84245059891661
2026-08-22T18:10:00+00:00,22411525-3,Dew Point,CURRENT,°C,17.087945450332377
2026-08-22T18:10:00+00:00,22411526-1,Temperature,CURRENT,°C,28.56888671875
2026-08-22T18:10:00+00:00,22411526-2,RH,CURRENT,%,52.82978561074235
2026-08-22T18:10:00+00:00,22411526-3,Dew Point,CURRENT,°C,18.02381512547525
2026-08-22T18:10:00+00:00,22411527-1,Temperature,CURRENT,°C,26.8743212890625
2026-08-22T18:10:00+00:00,22411527-2,RH,CURRENT,%,55.1598382543679
2026-08-22T18:10:00+00:00,22411527-3,Dew Point,CURRENT,°C,17.139379493682167
2026-08-22T18:10:00+00:00,22411528-1,Temperature,CURRENT,°C,28.740488281250002
2026-08-22T18:10:00+00:00,22411528-2,RH,CURRENT,%,53.24177920195316
2026-08-22T18:10:00+00:00,22411528-3,Dew Point,CURRENT,°C,18.30625578427554
2026-08-22T18:10:00+00:00,22411529-1,Temperature,CURRENT,°C,27.710878906249995
2026-08-22T18:10:00+00:00,22411529-2,RH,CURRENT,%,58.40390630960555
2026-08-22T18:10:00+00:00,22411529-3,Dew Point,CURRENT,°C,18.829281096202468
2026-08-22T18:10:00+00:00,22411530-1,Temperature,CURRENT,°C,27.19607421874999
2026-08-22T18:10:00+00:00,22411530-2,RH,CURRENT,%,54.2397192339971
2026-08-22T18:10:00+00:00,22411530-3,Dew Point,CURRENT,°C,17.17179933962999
2026-08-22T18:11:00+00:00,22411541-S,Battery,CURRENT,V,8.567850585937501
2026-08-22T18:15:00+00:00,22411189-1,Temperature,CURRENT,°C,27.346225585937496
2026-08-22T18:15:00+00:00,22411189-2,RH,CURRENT,%,54.389257648584724
2026-08-22T18:15:00+00:00,22411189-3,Dew Point,CURRENT,°C,17.35460124927575
2026-08-22T18:15:00+00:00,22411190-1,Temperature,CURRENT,°C,27.11027343749999
2026-08-22T18:15:00+00:00,22411190-2,RH,CURRENT,%,53.32417792019532
2026-08-22T18:15:00+00:00,22411190-3,Dew Point,CURRENT,°C,16.823333326528253
2026-08-22T18:15:00+00:00,22411191-1,Temperature,CURRENT,°C,26.681269531250003
2026-08-22T18:15:00+00:00,22411191-2,RH,CURRENT,%,54.633401998931866
2026-08-22T18:15:00+00:00,22411191-3,Dew Point,CURRENT,°C,16.808628564599502
2026-08-22T18:15:00+00:00,22411525-1,Temperature,CURRENT,°C,26.466767578124994
2026-08-22T18:15:00+00:00,22411525-2,RH,CURRENT,%,54.24887464713512
2026-08-22T18:15:00+00:00,22411525-3,Dew Point,CURRENT,°C,16.498354044967105
2026-08-22T18:15:00+00:00,22411526-1,Temperature,CURRENT,°C,28.247133789062495
2026-08-22T18:15:00+00:00,22411526-2,RH,CURRENT,%,52.61921110856794
2026-08-22T18:15:00+00:00,22411526-3,Dew Point,CURRENT,°C,17.663187797261692
2026-08-22T18:15:00+00:00,22411527-1,Temperature,CURRENT,°C,26.402416992187504
2026-08-22T18:15:00+00:00,22411527-2,RH,CURRENT,%,54.87449454489967
2026-08-22T18:15:00+00:00,22411527-3,Dew Point,CURRENT,°C,16.61922192977602
2026-08-22T18:15:00+00:00,22411528-1,Temperature,CURRENT,°C,28.504536132812497
2026-08-22T18:15:00+00:00,22411528-2,RH,CURRENT,%,53.06782635233082
2026-08-22T18:15:00+00:00,22411528-3,Dew Point,CURRENT,°C,18.03598736505345
2026-08-22T18:15:00+00:00,22411529-1,Temperature,CURRENT,°C,28.0326318359375
2026-08-22T18:15:00+00:00,22411529-2,RH,CURRENT,%,58.45578698405432
2026-08-22T18:15:00+00:00,22411529-3,Dew Point,CURRENT,°C,19.144504852672437
2026-08-22T18:15:00+00:00,22411530-1,Temperature,CURRENT,°C,26.831420898437493
2026-08-22T18:15:00+00:00,22411530-2,RH,CURRENT,%,54.096284428168154
2026-08-22T18:15:00+00:00,22411530-3,Dew Point,CURRENT,°C,16.791982255089973
2026-08-22T18:16:00+00:00,22411541-S,Battery,CURRENT,V,8.567850585937501
2026-08-22T18:20:00+00:00,22411189-1,Temperature,CURRENT,°C,27.260424804687496
2026-08-22T18:20:00+00:00,22411189-2,RH,CURRENT,%,56.66590371557183
2026-08-22T18:20:00+00:00,22411189-3,Dew Point,CURRENT,°C,17.92611268809703
2026-08-22T18:20:00+00:00,22411190-1,Temperature,CURRENT,°C,27.067373046874998
2026-08-22T18:20:00+00:00,22411190-2,RH,CURRENT,%,55.168993667505916
2026-08-22T18:20:00+00:00,22411190-3,Dew Point,CURRENT,°C,17.321343905392784
2026-08-22T18:20:00+00:00,22411191-1,Temperature,CURRENT,°C,26.681269531250003
2026-08-22T18:20:00+00:00,22411191-2,RH,CURRENT,%,55.965514610513466
2026-08-22T18:20:00+00:00,22411191-3,Dew Point,CURRENT,°C,17.18931893821903
2026-08-22T18:20:00+00:00,22411525-1,Temperature,CURRENT,°C,26.466767578124994
2026-08-22T18:20:00+00:00,22411525-2,RH,CURRENT,%,56.04180971999695
2026-08-22T18:20:00+00:00,22411525-3,Dew Point,CURRENT,°C,17.011205339356952
2026-08-22T18:20:00+00:00,22411526-1,Temperature,CURRENT,°C,27.903930664062493
2026-08-22T18:20:00+00:00,22411526-2,RH,CURRENT,%,55.31090257114519
2026-08-22T18:20:00+00:00,22411526-3,Dew Point,CURRENT,°C,18.139320813513706
2026-08-22T18:20:00+00:00,22411527-1,Temperature,CURRENT,°C,26.4238671875
2026-08-22T18:20:00+00:00,22411527-2,RH,CURRENT,%,56.11505302510109
2026-08-22T18:20:00+00:00,22411527-3,Dew Point,CURRENT,°C,16.99190561156281
2026-08-22T18:20:00+00:00,22411528-1,Temperature,CURRENT,°C,28.139882812499998
2026-08-22T18:20:00+00:00,22411528-2,RH,CURRENT,%,55.9838254367895
2026-08-22T18:20:00+00:00,22411528-3,Dew Point,CURRENT,°C,18.551808116651546
2026-08-22T18:20:00+00:00,22411529-1,Temperature,CURRENT,°C,27.753779296875003
2026-08-22T18:20:00+00:00,22411529-2,RH,CURRENT,%,62.35141527428092
2026-08-22T18:20:00+00:00,22411529-3,Dew Point,CURRENT,°C,19.92250353913226
2026-08-22T18:20:00+00:00,22411530-1,Temperature,CURRENT,°C,26.724169921874996
2026-08-22T18:20:00+00:00,22411530-2,RH,CURRENT,%,55.83733882658122
2026-08-22T18:20:00+00:00,22411530-3,Dew Point,CURRENT,°C,17.192951759939362
2026-08-22T18:21:00+00:00,22411541-S,Battery,CURRENT,V,8.561389160156251
2026-08-22T18:25:00+00:00,22411189-1,Temperature,CURRENT,°C,28.011181640625004
2026-08-22T18:25:00+00:00,22411189-2,RH,CURRENT,%,51.116197451743346
2026-08-22T18:25:00+00:00,22411189-3,Dew Point,CURRENT,°C,16.986614426155647
2026-08-22T18:25:00+00:00,22411190-1,Temperature,CURRENT,°C,27.710878906249995
2026-08-22T18:25:00+00:00,22411190-2,RH,CURRENT,%,50.2738994430457
2026-08-22T18:25:00+00:00,22411190-3,Dew Point,CURRENT,°C,16.448641879615177
2026-08-22T18:25:00+00:00,22411191-1,Temperature,CURRENT,°C,27.174624023437495
2026-08-22T18:25:00+00:00,22411191-2,RH,CURRENT,%,51.18944075684749
2026-08-22T18:25:00+00:00,22411191-3,Dew Point,CURRENT,°C,16.23943320123675
2026-08-22T18:25:00+00:00,22411525-1,Temperature,CURRENT,°C,26.9601220703125
2026-08-22T18:25:00+00:00,22411525-2,RH,CURRENT,%,51.02006561379416
2026-08-22T18:25:00+00:00,22411525-3,Dew Point,CURRENT,°C,15.990042921808497
2026-08-22T18:25:00+00:00,22411526-1,Temperature,CURRENT,°C,28.7619384765625
2026-08-22T18:25:00+00:00,22411526-2,RH,CURRENT,%,49.82528419928283
2026-08-22T18:25:00+00:00,22411526-3,Dew Point,CURRENT,°C,17.271448434438117
2026-08-22T18:25:00+00:00,22411527-1,Temperature,CURRENT,°C,26.8743212890625
2026-08-22T18:25:00+00:00,22411527-2,RH,CURRENT,%,51.410696574349586
2026-08-22T18:25:00+00:00,22411527-3,Dew Point,CURRENT,°C,16.03066393774406
2026-08-22T18:25:00+00:00,22411528-1,Temperature,CURRENT,°C,29.040791015624997
2026-08-22T18:25:00+00:00,22411528-2,RH,CURRENT,%,49.84969863431754
2026-08-22T18:25:00+00:00,22411528-3,Dew Point,CURRENT,°C,17.5348593270547
2026-08-22T18:25:00+00:00,22411529-1,Temperature,CURRENT,°C,28.440185546874993
2026-08-22T18:25:00+00:00,22411529-2,RH,CURRENT,%,56.25848783093004
2026-08-22T18:25:00+00:00,22411529-3,Dew Point,CURRENT,°C,18.90966828491144
2026-08-22T18:25:00+00:00,22411530-1,Temperature,CURRENT,°C,27.346225585937496
2026-08-22T18:25:00+00:00,22411530-2,RH,CURRENT,%,50.86442359044785
2026-08-22T18:25:00+00:00,22411530-3,Dew Point,CURRENT,°C,16.29721753873699
2026-08-22T18:26:00+00:00,22411541-S,Battery,CURRENT,V,8.574312011718751
2026-08-22T18:30:00+00:00,22411189-1,Temperature,CURRENT,°C,26.273715820312496
2026-08-22T18:30:00+00:00,22411189-2,RH,CURRENT,%,53.626306553749906
2026-08-22T18:30:00+00:00,22411189-3,Dew Point,CURRENT,°C,16.138057311707275
2026-08-22T18:30:00+00:00,22411190-1,Temperature,CURRENT,°C,26.252265625
2026-08-22T18:30:00+00:00,22411190-2,RH,CURRENT,%,52.69092851148241
2026-08-22T18:30:00+00:00,22411190-3,Dew Point,CURRENT,°C,15.842345622359034
2026-08-22T18:30:00+00:00,22411191-1,Temperature,CURRENT,°C,25.694560546875003
2026-08-22T18:30:00+00:00,22411191-2,RH,CURRENT,%,53.800259403372245
2026-08-22T18:30:00+00:00,22411191-3,Dew Point,CURRENT,°C,15.65240414089374
2026-08-22T18:30:00+00:00,22411525-1,Temperature,CURRENT,°C,25.565859374999995
2026-08-22T18:30:00+00:00,22411525-2,RH,CURRENT,%,53.46913862821393
2026-08-22T18:30:00+00:00,22411525-3,Dew Point,CURRENT,°C,15.436766702111429
2026-08-22T18:30:00+00:00,22411526-1,Temperature,CURRENT,°C,26.831420898437493
2026-08-22T18:30:00+00:00,22411526-2,RH,CURRENT,%,52.16601815823606
2026-08-22T18:30:00+00:00,22411526-3,Dew Point,CURRENT,°C,16.220025084472468
2026-08-22T18:30:00+00:00,22411527-1,Temperature,CURRENT,°C,25.565859374999995
2026-08-22T18:30:00+00:00,22411527-2,RH,CURRENT,%,53.8277256427863
2026-08-22T18:30:00+00:00,22411527-3,Dew Point,CURRENT,°C,15.541143824225156
2026-08-22T18:30:00+00:00,22411528-1,Temperature,CURRENT,°C,26.7885205078125
2026-08-22T18:30:00+00:00,22411528-2,RH,CURRENT,%,52.764171816586554
2026-08-22T18:30:00+00:00,22411528-3,Dew Point,CURRENT,°C,16.35958401198994
2026-08-22T18:30:00+00:00,22411529-1,Temperature,CURRENT,°C,27.281874999999992
2026-08-22T18:30:00+00:00,22411529-2,RH,CURRENT,%,54.79667353322652
2026-08-22T18:30:00+00:00,22411529-3,Dew Point,CURRENT,°C,17.413194856509488
2026-08-22T18:30:00+00:00,22411530-1,Temperature,CURRENT,°C,25.737460937499996
2026-08-22T18:30:00+00:00,22411530-2,RH,CURRENT,%,53.424887464713514
2026-08-22T18:30:00+00:00,22411530-3,Dew Point,CURRENT,°C,15.582683432629262
2026-08-22T18:31:00+00:00,22411541-S,Battery,CURRENT,V,8.564619873046876
2026-08-22T18:35:00+00:00,22411189-1,Temperature,CURRENT,°C,27.410576171875
2026-08-22T18:35:00+00:00,22411189-2,RH,CURRENT,%,52.64057373922331
2026-08-22T18:35:00+00:00,22411189-3,Dew Point,CURRENT,°C,16.897209229888144
2026-08-22T18:35:00+00:00,22411190-1,Temperature,CURRENT,°C,27.153173828125
2026-08-22T18:35:00+00:00,22411190-2,RH,CURRENT,%,51.77996490424964
2026-08-22T18:35:00+00:00,22411190-3,Dew Point,CURRENT,°C,16.399969524106055
2026-08-22T18:35:00+00:00,22411191-1,Temperature,CURRENT,°C,26.809970703124996
2026-08-22T18:35:00+00:00,22411191-2,RH,CURRENT,%,52.715342946517126
2026-08-22T18:35:00+00:00,22411191-3,Dew Point,CURRENT,°C,16.364842791891437
2026-08-22T18:35:00+00:00,22411525-1,Temperature,CURRENT,°C,26.6169189453125
2026-08-22T18:35:00+00:00,22411525-2,RH,CURRENT,%,52.69550621805142
2026-08-22T18:35:00+00:00,22411525-3,Dew Point,CURRENT,°C,16.18058965977987
2026-08-22T18:35:00+00:00,22411526-1,Temperature,CURRENT,°C,27.9468310546875
2026-08-22T18:35:00+00:00,22411526-2,RH,CURRENT,%,51.9829098954757
2026-08-22T18:35:00+00:00,22411526-3,Dew Point,CURRENT,°C,17.19324398039734
2026-08-22T18:35:00+00:00,22411527-1,Temperature,CURRENT,°C,26.552568359374995
2026-08-22T18:35:00+00:00,22411527-2,RH,CURRENT,%,53.18074311436637
2026-08-22T18:35:00+00:00,22411527-3,Dew Point,CURRENT,°C,16.265077417022937
2026-08-22T18:35:00+00:00,22411528-1,Temperature,CURRENT,°C,28.22568359375
2026-08-22T18:35:00+00:00,22411528-2,RH,CURRENT,%,52.7367055771725
2026-08-22T18:35:00+00:00,22411528-3,Dew Point,CURRENT,°C,17.678815718065824
2026-08-22T18:35:00+00:00,22411529-1,Temperature,CURRENT,°C,27.818129882812492
2026-08-22T18:35:00+00:00,22411529-2,RH,CURRENT,%,57.06263828488594
2026-08-22T18:35:00+00:00,22411529-3,Dew Point,CURRENT,°C,18.557408895780455
2026-08-22T18:35:00+00:00,22411530-1,Temperature,CURRENT,°C,26.895771484374997
2026-08-22T18:35:00+00:00,22411530-2,RH,CURRENT,%,52.429999237048904
2026-08-22T18:35:00+00:00,22411530-3,Dew Point,CURRENT,°C,16.35873425123735
2026-08-22T18:36:00+00:00,22411541-S,Battery,CURRENT,V,8.567850585937501
2026-08-22T18:40:00+00:00,22411189-1,Temperature,CURRENT,°C,27.303325195312503
2026-08-22T18:40:00+00:00,22411189-2,RH,CURRENT,%,50.47226672770275
2026-08-22T18:40:00+00:00,22411189-3,Dew Point,CURRENT,°C,16.13622859513082
2026-08-22T18:40:00+00:00,22411190-1,Temperature,CURRENT,°C,26.938671875000004
2026-08-22T18:40:00+00:00,22411190-2,RH,CURRENT,%,50.22507057297627
2026-08-22T18:40:00+00:00,22411190-3,Dew Point,CURRENT,°C,15.724371352681935
2026-08-22T18:40:00+00:00,22411191-1,Temperature,CURRENT,°C,26.552568359374995
2026-08-22T18:40:00+00:00,22411191-2,RH,CURRENT,%,50.760662241550314
2026-08-22T18:40:00+00:00,22411191-3,Dew Point,CURRENT,°C,15.535410084624298
2026-08-22T18:40:00+00:00,22411525-1,Temperature,CURRENT,°C,26.33806640625
2026-08-22T18:40:00+00:00,22411525-2,RH,CURRENT,%,50.417334248874646
2026-08-22T18:40:00+00:00,22411525-3,Dew Point,CURRENT,°C,15.232348258107534
2026-08-22T18:40:00+00:00,22411526-1,Temperature,CURRENT,°C,28.096982421875005
2026-08-22T18:40:00+00:00,22411526-2,RH,CURRENT,%,49.39040207522698
2026-08-22T18:40:00+00:00,22411526-3,Dew Point,CURRENT,°C,16.523666612622225
2026-08-22T18:40:00+00:00,22411527-1,Temperature,CURRENT,°C,26.273715820312496
2026-08-22T18:40:00+00:00,22411527-2,RH,CURRENT,%,50.923933775844965
2026-08-22T18:40:00+00:00,22411527-3,Dew Point,CURRENT,°C,15.329053122269775
2026-08-22T18:40:00+00:00,22411528-1,Temperature,CURRENT,°C,28.354384765624992
2026-08-22T18:40:00+00:00,22411528-2,RH,CURRENT,%,49.77187762264439
2026-08-22T18:40:00+00:00,22411528-3,Dew Point,CURRENT,°C,16.88085019717525
2026-08-22T18:40:00+00:00,22411529-1,Temperature,CURRENT,°C,28.461635742187504
2026-08-22T18:40:00+00:00,22411529-2,RH,CURRENT,%,53.40962844281682
2026-08-22T18:40:00+00:00,22411529-3,Dew Point,CURRENT,°C,18.09863713671814
2026-08-22T18:40:00+00:00,22411530-1,Temperature,CURRENT,°C,26.7027197265625
2026-08-22T18:40:00+00:00,22411530-2,RH,CURRENT,%,50.255588616769664
2026-08-22T18:40:00+00:00,22411530-3,Dew Point,CURRENT,°C,15.517190313523985
2026-08-22T18:41:00+00:00,22411541-S,Battery,CURRENT,V,8.567850585937501
2026-08-22T18:45:00+00:00,22411189-1,Temperature,CURRENT,°C,27.64652832031249
2026-08-22T18:45:00+00:00,22411189-2,RH,CURRENT,%,50.13351644159609
2026-08-22T18:45:00+00:00,22411189-3,Dew Point,CURRENT,°C,16.345589925374913
2026-08-22T18:45:00+00:00,22411190-1,Temperature,CURRENT,°C,27.260424804687496
2026-08-22T18:45:00+00:00,22411190-2,RH,CURRENT,%,50.0328068970779
2026-08-22T18:45:00+00:00,22411190-3,Dew Point,CURRENT,°C,15.959671804540529
2026-08-22T18:45:00+00:00,22411191-1,Temperature,CURRENT,°C,27.003022460937494
2026-08-22T18:45:00+00:00,22411191-2,RH,CURRENT,%,50.40817883573663
2026-08-22T18:45:00+00:00,22411191-3,Dew Point,CURRENT,°C,15.840433088028052
2026-08-22T18:45:00+00:00,22411525-1,Temperature,CURRENT,°C,26.809970703124996
2026-08-22T18:45:00+00:00,22411525-2,RH,CURRENT,%,50.27847714961471
2026-08-22T18:45:00+00:00,22411525-3,Dew Point,CURRENT,°C,15.62280326238234
2026-08-22T18:45:00+00:00,22411526-1,Temperature,CURRENT,°C,28.375834960937503
2026-08-22T18:45:00+00:00,22411526-2,RH,CURRENT,%,49.030289158464946
2026-08-22T18:45:00+00:00,22411526-3,Dew Point,CURRENT,°C,16.663691398881525
2026-08-22T18:45:00+00:00,22411527-1,Temperature,CURRENT,°C,26.7885205078125
2026-08-22T18:45:00+00:00,22411527-2,RH,CURRENT,%,50.800335698481724
2026-08-22T18:45:00+00:00,22411527-3,Dew Point,CURRENT,°C,15.764599128310985
2026-08-22T18:45:00+00:00,22411528-1,Temperature,CURRENT,°C,28.590336914062497
2026-08-22T18:45:00+00:00,22411528-2,RH,CURRENT,%,49.61013199053941
2026-08-22T18:45:00+00:00,22411528-3,Dew Point,CURRENT,°C,17.045692415532617
2026-08-22T18:45:00+00:00,22411529-1,Temperature,CURRENT,°C,28.80483886718749
2026-08-22T18:45:00+00:00,22411529-2,RH,CURRENT,%,52.74586099031052
2026-08-22T18:45:00+00:00,22411529-3,Dew Point,CURRENT,°C,18.216353026164416
2026-08-22T18:45:00+00:00,22411530-1,Temperature,CURRENT,°C,27.11027343749999
2026-08-22T18:45:00+00:00,22411530-2,RH,CURRENT,%,49.93667505912871
2026-08-22T18:45:00+00:00,22411530-3,Dew Point,CURRENT,°C,15.791765081100875
2026-08-22T18:46:00+00:00,22411541-S,Battery,CURRENT,V,8.564619873046876
2026-08-22T18:50:00+00:00,22411189-1,Temperature,CURRENT,°C,28.26858398437499
2026-08-22T18:50:00+00:00,22411189-2,RH,CURRENT,%,49.02571145189594
2026-08-22T18:50:00+00:00,22411189-3,Dew Point,CURRENT,°C,16.56407631659438
2026-08-22T18:50:00+00:00,22411190-1,Temperature,CURRENT,°C,27.968281249999997
2026-08-22T18:50:00+00:00,22411190-2,RH,CURRENT,%,48.73731593804837
2026-08-22T18:50:00+00:00,22411190-3,Dew Point,CURRENT,°C,16.196574204805565
2026-08-22T18:50:00+00:00,22411191-1,Temperature,CURRENT,°C,27.238974609375
2026-08-22T18:50:00+00:00,22411191-2,RH,CURRENT,%,49.710841535057604
2026-08-22T18:50:00+00:00,22411191-3,Dew Point,CURRENT,°C,15.838853386978485
2026-08-22T18:50:00+00:00,22411525-1,Temperature,CURRENT,°C,26.917221679687493
2026-08-22T18:50:00+00:00,22411525-2,RH,CURRENT,%,49.68490119783322
2026-08-22T18:50:00+00:00,22411525-3,Dew Point,CURRENT,°C,15.535641900722181
2026-08-22T18:50:00+00:00,22411526-1,Temperature,CURRENT,°C,28.976440429687493
2026-08-22T18:50:00+00:00,22411526-2,RH,CURRENT,%,48.540474555580985
2026-08-22T18:50:00+00:00,22411526-3,Dew Point,CURRENT,°C,17.054405101675073
2026-08-22T18:50:00+00:00,22411527-1,Temperature,CURRENT,°C,26.852871093750004
2026-08-22T18:50:00+00:00,22411527-2,RH,CURRENT,%,50.18234531166552
2026-08-22T18:50:00+00:00,22411527-3,Dew Point,CURRENT,°C,15.632279257186234
2026-08-22T18:50:00+00:00,22411528-1,Temperature,CURRENT,°C,28.954990234374996
2026-08-22T18:50:00+00:00,22411528-2,RH,CURRENT,%,49.153887235828186
2026-08-22T18:50:00+00:00,22411528-3,Dew Point,CURRENT,°C,17.233464984253523
2026-08-22T18:50:00+00:00,22411529-1,Temperature,CURRENT,°C,29.812998046875002
2026-08-22T18:50:00+00:00,22411529-2,RH,CURRENT,%,51.82269016556039
2026-08-22T18:50:00+00:00,22411529-3,Dew Point,CURRENT,°C,18.86359872330072
2026-08-22T18:50:00+00:00,22411530-1,Temperature,CURRENT,°C,27.303325195312503
2026-08-22T18:50:00+00:00,22411530-2,RH,CURRENT,%,49.46517128252079
2026-08-22T18:50:00+00:00,22411530-3,Dew Point,CURRENT,°C,15.820270057577966
2026-08-22T18:51:00+00:00,22411541-S,Battery,CURRENT,V,8.567850585937501
2026-08-22T18:55:00+00:00,22411189-1,Temperature,CURRENT,°C,28.39728515625
2026-08-22T18:55:00+00:00,22411189-2,RH,CURRENT,%,49.21187151903563
2026-08-22T18:55:00+00:00,22411189-3,Dew Point,CURRENT,°C,16.74160528967249
2026-08-22T18:55:00+00:00,22411190-1,Temperature,CURRENT,°C,28.075532226562494
2026-08-22T18:55:00+00:00,22411190-2,RH,CURRENT,%,49.08827344167239
2026-08-22T18:55:00+00:00,22411190-3,Dew Point,CURRENT,°C,16.407467174247337
2026-08-22T18:55:00+00:00,22411191-1,Temperature,CURRENT,°C,27.389125976562504
2026-08-22T18:55:00+00:00,22411191-2,RH,CURRENT,%,50.540932326237886
2026-08-22T18:55:00+00:00,22411191-3,Dew Point,CURRENT,°C,16.236405749941923
2026-08-22T18:55:00+00:00,22411525-1,Temperature,CURRENT,°C,27.088823242187495
2026-08-22T18:55:00+00:00,22411525-2,RH,CURRENT,%,50.1884489204242
2026-08-22T18:55:00+00:00,22411525-3,Dew Point,CURRENT,°C,15.850819168024394
2026-08-22T18:55:00+00:00,22411526-1,Temperature,CURRENT,°C,29.25529296874999
2026-08-22T18:55:00+00:00,22411526-2,RH,CURRENT,%,47.867551689936676
2026-08-22T18:55:00+00:00,22411526-3,Dew Point,CURRENT,°C,17.088242156438547
2026-08-22T18:55:00+00:00,22411527-1,Temperature,CURRENT,°C,26.981572265624997
2026-08-22T18:55:00+00:00,22411527-2,RH,CURRENT,%,50.4798962386511
2026-08-22T18:55:00+00:00,22411527-3,Dew Point,CURRENT,°C,15.84298979345584
2026-08-22T18:55:00+00:00,22411528-1,Temperature,CURRENT,°C,29.276743164062502
2026-08-22T18:55:00+00:00,22411528-2,RH,CURRENT,%,48.621347371633476
2026-08-22T18:55:00+00:00,22411528-3,Dew Point,CURRENT,°C,17.355171734059784
2026-08-22T18:55:00+00:00,22411529-1,Temperature,CURRENT,°C,30.45650390625
2026-08-22T18:55:00+00:00,22411529-2,RH,CURRENT,%,51.578545815213246
2026-08-22T18:55:00+00:00,22411529-3,Dew Point,CURRENT,°C,19.38014857044678
2026-08-22T18:55:00+00:00,22411530-1,Temperature,CURRENT,°C,27.453476562499993
2026-08-22T18:55:00+00:00,22411530-2,RH,CURRENT,%,50.209811551079575
2026-08-22T18:55:00+00:00,22411530-3,Dew Point,CURRENT,°C,16.19227397944058
2026-08-22T18:56:00+00:00,22411541-S,Battery,CURRENT,V,8.567850585937501
2026-08-22T19:00:00+00:00,22411189-1,Temperature,CURRENT,°C,28.26858398437499
2026-08-22T19:00:00+00:00,22411189-2,RH,CURRENT,%,51.80437933928435
2026-08-22T19:00:00+00:00,22411189-3,Dew Point,CURRENT,°C,17.43527790067568
2026-08-22T19:00:00+00:00,22411190-1,Temperature,CURRENT,°C,27.989731445312493
2026-08-22T19:00:00+00:00,22411190-2,RH,CURRENT,%,51.200122072175176
2026-08-22T19:00:00+00:00,22411190-3,Dew Point,CURRENT,°C,16.992802106973837
2026-08-22T19:00:00+00:00,22411191-1,Temperature,CURRENT,°C,27.410576171875
2026-08-22T19:00:00+00:00,22411191-2,RH,CURRENT,%,52.15686274509804
2026-08-22T19:00:00+00:00,22411191-3,Dew Point,CURRENT,°C,16.751527945016623
2026-08-22T19:00:00+00:00,22411525-1,Temperature,CURRENT,°C,27.174624023437495
2026-08-22T19:00:00+00:00,22411525-2,RH,CURRENT,%,52.15686274509804
2026-08-22T19:00:00+00:00,22411525-3,Dew Point,CURRENT,°C,16.53387803490066
2026-08-22T19:00:00+00:00,22411526-1,Temperature,CURRENT,°C,28.9335400390625
2026-08-22T19:00:00+00:00,22411526-2,RH,CURRENT,%,51.14518959334707
2026-08-22T19:00:00+00:00,22411526-3,Dew Point,CURRENT,°C,17.84401183843549
2026-08-22T19:00:00+00:00,22411527-1,Temperature,CURRENT,°C,27.153173828125
2026-08-22T19:00:00+00:00,22411527-2,RH,CURRENT,%,52.50019073777371
2026-08-22T19:00:00+00:00,22411527-3,Dew Point,CURRENT,°C,16.61742048474498
2026-08-22T19:00:00+00:00,22411528-1,Temperature,CURRENT,°C,28.869189453124996
2026-08-22T19:00:00+00:00,22411528-2,RH,CURRENT,%,51.77996490424964
2026-08-22T19:00:00+00:00,22411528-3,Dew Point,CURRENT,°C,17.981105766837985
2026-08-22T19:00:00+00:00,22411529-1,Temperature,CURRENT,°C,30.1776513671875
2026-08-22T19:00:00+00:00,22411529-2,RH,CURRENT,%,51.64263370717937
2026-08-22T19:00:00+00:00,22411529-3,Dew Point,CURRENT,°C,19.14347531746273
2026-08-22T19:00:00+00:00,22411530-1,Temperature,CURRENT,°C,27.410576171875
2026-08-22T19:00:00+00:00,22411530-2,RH,CURRENT,%,51.92797741664759
2026-08-22T19:00:00+00:00,22411530-3,Dew Point,CURRENT,°C,16.68218063769407
2026-08-22T19:01:00+00:00,22411541-S,Battery,CURRENT,V,8.561389160156251
2026-08-22T19:05:00+00:00,22411189-1,Temperature,CURRENT,°C,28.56888671875
2026-08-22T19:05:00+00:00,22411189-2,RH,CURRENT,%,48.23224231326772
2026-08-22T19:05:00+00:00,22411189-3,Dew Point,CURRENT,°C,16.581598584944686
2026-08-22T19:05:00+00:00,22411190-1,Temperature,CURRENT,°C,28.161333007812495
2026-08-22T19:05:00+00:00,22411190-2,RH,CURRENT,%,48.26428625925078
2026-08-22T19:05:00+00:00,22411190-3,Dew Point,CURRENT,°C,16.219842383129436
2026-08-22T19:05:00+00:00,22411191-1,Temperature,CURRENT,°C,27.474926757812504
2026-08-22T19:05:00+00:00,22411191-2,RH,CURRENT,%,49.542992294193944
2026-08-22T19:05:00+00:00,22411191-3,Dew Point,CURRENT,°C,16.00216724477609
2026-08-22T19:05:00+00:00,22411525-1,Temperature,CURRENT,°C,27.174624023437495
2026-08-22T19:05:00+00:00,22411525-2,RH,CURRENT,%,49.31715877012284
2026-08-22T19:05:00+00:00,22411525-3,Dew Point,CURRENT,°C,15.655458527895581
2026-08-22T19:05:00+00:00,22411526-1,Temperature,CURRENT,°C,29.491245117187496
2026-08-22T19:05:00+00:00,22411526-2,RH,CURRENT,%,46.97489890897993
2026-08-22T19:05:00+00:00,22411526-3,Dew Point,CURRENT,°C,17.005601391913878
2026-08-22T19:05:00+00:00,22411527-1,Temperature,CURRENT,°C,27.088823242187495
2026-08-22T19:05:00+00:00,22411527-2,RH,CURRENT,%,49.84359502555886
2026-08-22T19:05:00+00:00,22411527-3,Dew Point,CURRENT,°C,15.74288734400357
2026-08-22T19:05:00+00:00,22411528-1,Temperature,CURRENT,°C,29.383994140625
2026-08-22T19:05:00+00:00,22411528-2,RH,CURRENT,%,47.63866636148623
2026-08-22T19:05:00+00:00,22411528-3,Dew Point,CURRENT,°C,17.129781641789393
2026-08-22T19:05:00+00:00,22411529-1,Temperature,CURRENT,°C,30.692456054687504
2026-08-22T19:05:00+00:00,22411529-2,RH,CURRENT,%,48.920424200808725
2026-08-22T19:05:00+00:00,22411529-3,Dew Point,CURRENT,°C,18.746817213104578
2026-08-22T19:05:00+00:00,22411530-1,Temperature,CURRENT,°C,27.560727539062505
2026-08-22T19:05:00+00:00,22411530-2,RH,CURRENT,%,49.06691081101702
2026-08-22T19:05:00+00:00,22411530-3,Dew Point,CURRENT,°C,15.929403852762201
2026-08-22T19:06:00+00:00,22411541-S,Battery,CURRENT,V,8.564619873046876
2026-08-22T19:10:00+00:00,22411189-1,Temperature,CURRENT,°C,28.525986328124993
2026-08-22T19:10:00+00:00,22411189-2,RH,CURRENT,%,49.35835812924392
2026-08-22T19:10:00+00:00,22411189-3,Dew Point,CURRENT,°C,16.9063537931327
2026-08-22T19:10:00+00:00,22411190-1,Temperature,CURRENT,°C,28.139882812499998
2026-08-22T19:10:00+00:00,22411190-2,RH,CURRENT,%,48.923476005188064
2026-08-22T19:10:00+00:00,22411190-3,Dew Point,CURRENT,°C,16.413458309349082
2026-08-22T19:10:00+00:00,22411191-1,Temperature,CURRENT,°C,27.496376953125
2026-08-22T19:10:00+00:00,22411191-2,RH,CURRENT,%,49.52773327229725
2026-08-22T19:10:00+00:00,22411191-3,Dew Point,CURRENT,°C,16.016996355534694
2026-08-22T19:10:00+00:00,22411525-1,Temperature,CURRENT,°C,27.19607421874999
2026-08-22T19:10:00+00:00,22411525-2,RH,CURRENT,%,49.033340962844285
2026-08-22T19:10:00+00:00,22411525-3,Dew Point,CURRENT,°C,15.584880438304692
2026-08-22T19:10:00+00:00,22411526-1,Temperature,CURRENT,°C,29.555595703125
2026-08-22T19:10:00+00:00,22411526-2,RH,CURRENT,%,48.36194399938964
2026-08-22T19:10:00+00:00,22411526-3,Dew Point,CURRENT,°C,17.525075629732513
2026-08-22T19:10:00+00:00,22411527-1,Temperature,CURRENT,°C,27.11027343749999
2026-08-22T19:10:00+00:00,22411527-2,RH,CURRENT,%,49.542992294193944
2026-08-22T19:10:00+00:00,22411527-3,Dew Point,CURRENT,°C,15.667932043816602
2026-08-22T19:10:00+00:00,22411528-1,Temperature,CURRENT,°C,29.534145507812504
2026-08-22T19:10:00+00:00,22411528-2,RH,CURRENT,%,49.112687876707106
2026-08-22T19:10:00+00:00,22411528-3,Dew Point,CURRENT,°C,17.750119214088823
2026-08-22T19:10:00+00:00,22411529-1,Temperature,CURRENT,°C,31.035659179687492
2026-08-22T19:10:00+00:00,22411529-2,RH,CURRENT,%,51.43816281376364
2026-08-22T19:10:00+00:00,22411529-3,Dew Point,CURRENT,°C,19.869018517459057
2026-08-22T19:10:00+00:00,22411530-1,Temperature,CURRENT,°C,27.560727539062505
2026-08-22T19:10:00+00:00,22411530-2,RH,CURRENT,%,49.369039444571605
2026-08-22T19:10:00+00:00,22411530-3,Dew Point,CURRENT,°C,16.02563377545678
2026-08-22T19:11:00+00:00,22411541-S,Battery,CURRENT,V,8.567850585937501
2026-08-22T19:15:00+00:00,22411189-1,Temperature,CURRENT,°C,28.204233398437502
2026-08-22T19:15:00+00:00,22411189-2,RH,CURRENT,%,49.89852750438697
2026-08-22T19:15:00+00:00,22411189-3,Dew Point,CURRENT,°C,16.783276134234743
2026-08-22T19:15:00+00:00,22411190-1,Temperature,CURRENT,°C,27.818129882812492
2026-08-22T19:15:00+00:00,22411190-2,RH,CURRENT,%,49.86648355840391
2026-08-22T19:15:00+00:00,22411190-3,Dew Point,CURRENT,°C,16.419044303817152
2026-08-22T19:15:00+00:00,22411191-1,Temperature,CURRENT,°C,27.260424804687496
2026-08-22T19:15:00+00:00,22411191-2,RH,CURRENT,%,50.499732967116806
2026-08-22T19:15:00+00:00,22411191-3,Dew Point,CURRENT,°C,16.105352991879602
2026-08-22T19:15:00+00:00,22411525-1,Temperature,CURRENT,°C,27.003022460937494
2026-08-22T19:15:00+00:00,22411525-2,RH,CURRENT,%,49.81612878614481
2026-08-22T19:15:00+00:00,22411525-3,Dew Point,CURRENT,°C,15.655559549714274
2026-08-22T19:15:00+00:00,22411526-1,Temperature,CURRENT,°C,29.233842773437495
2026-08-22T19:15:00+00:00,22411526-2,RH,CURRENT,%,47.913328755626765
2026-08-22T19:15:00+00:00,22411526-3,Dew Point,CURRENT,°C,17.083792169728024
2026-08-22T19:15:00+00:00,22411527-1,Temperature,CURRENT,°C,26.9601220703125
2026-08-22T19:15:00+00:00,22411527-2,RH,CURRENT,%,50.415808346684976
2026-08-22T19:15:00+00:00,22411527-3,Dew Point,CURRENT,°C,15.803392352377013
2026-08-22T19:15:00+00:00,22411528-1,Temperature,CURRENT,°C,29.362543945312503
2026-08-22T19:15:00+00:00,22411528-2,RH,CURRENT,%,49.034866865033955
2026-08-22T19:15:00+00:00,22411528-3,Dew Point,CURRENT,°C,17.567939459579314
2026-08-22T19:15:00+00:00,22411529-1,Temperature,CURRENT,°C,30.79970703125
2026-08-22T19:15:00+00:00,22411529-2,RH,CURRENT,%,49.16762035553521
2026-08-22T19:15:00+00:00,22411529-3,Dew Point,CURRENT,°C,18.92568967446386
2026-08-22T19:15:00+00:00,22411530-1,Temperature,CURRENT,°C,27.346225585937496
2026-08-22T19:15:00+00:00,22411530-2,RH,CURRENT,%,50.215915159838254
2026-08-22T19:15:00+00:00,22411530-3,Dew Point,CURRENT,°C,16.0957176441236
2026-08-22T19:16:00+00:00,22411541-S,Battery,CURRENT,V,8.561389160156251
2026-08-22T19:20:00+00:00,22411189-1,Temperature,CURRENT,°C,28.56888671875
2026-08-22T19:20:00+00:00,22411189-2,RH,CURRENT,%,47.85839627679866
2026-08-22T19:20:00+00:00,22411189-3,Dew Point,CURRENT,°C,16.45909715386175
2026-08-22T19:20:00+00:00,22411190-1,Temperature,CURRENT,°C,28.139882812499998
2026-08-22T19:20:00+00:00,22411190-2,RH,CURRENT,%,47.84924086366064
2026-08-22T19:20:00+00:00,22411190-3,Dew Point,CURRENT,°C,16.0646957889883
2026-08-22T19:20:00+00:00,22411191-1,Temperature,CURRENT,°C,27.410576171875
2026-08-22T19:20:00+00:00,22411191-2,RH,CURRENT,%,49.09437705043107
2026-08-22T19:20:00+00:00,22411191-3,Dew Point,CURRENT,°C,15.800710523083508
2026-08-22T19:20:00+00:00,22411525-1,Temperature,CURRENT,°C,27.153173828125
2026-08-22T19:20:00+00:00,22411525-2,RH,CURRENT,%,49.10658426794843
2026-08-22T19:20:00+00:00,22411525-3,Dew Point,CURRENT,°C,15.56892858584026
2026-08-22T19:20:00+00:00,22411526-1,Temperature,CURRENT,°C,29.662846679687497
2026-08-22T19:20:00+00:00,22411526-2,RH,CURRENT,%,46.44693675135424
2026-08-22T19:20:00+00:00,22411526-3,Dew Point,CURRENT,°C,16.983015070449166
2026-08-22T19:20:00+00:00,22411527-1,Temperature,CURRENT,°C,27.067373046874998
2026-08-22T19:20:00+00:00,22411527-2,RH,CURRENT,%,49.46822308690013
2026-08-22T19:20:00+00:00,22411527-3,Dew Point,CURRENT,°C,15.604998866179198
2026-08-22T19:20:00+00:00,22411528-1,Temperature,CURRENT,°C,29.87734863281249
2026-08-22T19:20:00+00:00,22411528-2,RH,CURRENT,%,47.11985961699855
2026-08-22T19:20:00+00:00,22411528-3,Dew Point,CURRENT,°C,17.40572329984224
2026-08-22T19:20:00+00:00,22411529-1,Temperature,CURRENT,°C,31.057109375000003
2026-08-22T19:20:00+00:00,22411529-2,RH,CURRENT,%,47.957579919127184
2026-08-22T19:20:00+00:00,22411529-3,Dew Point,CURRENT,°C,18.761246336324035
2026-08-22T19:20:00+00:00,22411530-1,Temperature,CURRENT,°C,27.560727539062505
2026-08-22T19:20:00+00:00,22411530-2,RH,CURRENT,%,48.796826123445484
2026-08-22T19:20:00+00:00,22411530-3,Dew Point,CURRENT,°C,15.842939504995384
2026-08-22T19:21:00+00:00,22411541-S,Battery,CURRENT,V,8.561389160156251
2026-08-22T19:25:00+00:00,22411189-1,Temperature,CURRENT,°C,28.1184326171875
2026-08-22T19:25:00+00:00,22411189-2,RH,CURRENT,%,49.88632028686961
2026-08-22T19:25:00+00:00,22411189-3,Dew Point,CURRENT,°C,16.70072781338971
2026-08-22T19:25:00+00:00,22411190-1,Temperature,CURRENT,°C,27.73232910156249
2026-08-22T19:25:00+00:00,22411190-2,RH,CURRENT,%,49.40108339055467
2026-08-22T19:25:00+00:00,22411190-3,Dew Point,CURRENT,°C,16.19302277972301
2026-08-22T19:25:00+00:00,22411191-1,Temperature,CURRENT,°C,27.324775390625
2026-08-22T19:25:00+00:00,22411191-2,RH,CURRENT,%,49.707789730678265
2026-08-22T19:25:00+00:00,22411191-3,Dew Point,CURRENT,°C,15.916568155428502
2026-08-22T19:25:00+00:00,22411525-1,Temperature,CURRENT,°C,27.088823242187495
2026-08-22T19:25:00+00:00,22411525-2,RH,CURRENT,%,49.63454642557412
2026-08-22T19:25:00+00:00,22411525-3,Dew Point,CURRENT,°C,15.677140568793043
2026-08-22T19:25:00+00:00,22411526-1,Temperature,CURRENT,°C,29.1051416015625
2026-08-22T19:25:00+00:00,22411526-2,RH,CURRENT,%,49.18898298619059
2026-08-22T19:25:00+00:00,22411526-3,Dew Point,CURRENT,°C,17.382190570686397
2026-08-22T19:25:00+00:00,22411527-1,Temperature,CURRENT,°C,27.024472656250005
2026-08-22T19:25:00+00:00,22411527-2,RH,CURRENT,%,50.03128099488823
2026-08-22T19:25:00+00:00,22411527-3,Dew Point,CURRENT,°C,15.74265116303608
2026-08-22T19:25:00+00:00,22411528-1,Temperature,CURRENT,°C,29.25529296874999
2026-08-22T19:25:00+00:00,22411528-2,RH,CURRENT,%,49.76729991607538
2026-08-22T19:25:00+00:00,22411528-3,Dew Point,CURRENT,°C,17.705208971455214
2026-08-22T19:25:00+00:00,22411529-1,Temperature,CURRENT,°C,30.284902343749998
2026-08-22T19:25:00+00:00,22411529-2,RH,CURRENT,%,50.47074082551308
2026-08-22T19:25:00+00:00,22411529-3,Dew Point,CURRENT,°C,18.873576276512512
2026-08-22T19:25:00+00:00,22411530-1,Temperature,CURRENT,°C,27.432026367187497
2026-08-22T19:25:00+00:00,22411530-2,RH,CURRENT,%,49.35072861829557
2026-08-22T19:25:00+00:00,22411530-3,Dew Point,CURRENT,°C,15.901915574507639
2026-08-22T19:26:00+00:00,22411541-S,Battery,CURRENT,V,8.567850585937501
2026-08-22T19:30:00+00:00,22411189-1,Temperature,CURRENT,°C,28.39728515625
2026-08-22T19:30:00+00:00,22411189-2,RH,CURRENT,%,49.62844281681544
2026-08-22T19:30:00+00:00,22411189-3,Dew Point,CURRENT,°C,16.87461020439353
2026-08-22T19:30:00+00:00,22411190-1,Temperature,CURRENT,°C,28.0326318359375
2026-08-22T19:30:00+00:00,22411190-2,RH,CURRENT,%,49.414816510261694
2026-08-22T19:30:00+00:00,22411190-3,Dew Point,CURRENT,°C,16.47249850121461
2026-08-22T19:30:00+00:00,22411191-1,Temperature,CURRENT,°C,27.474926757812504
2026-08-22T19:30:00+00:00,22411191-2,RH,CURRENT,%,50.339513237201494
2026-08-22T19:30:00+00:00,22411191-3,Dew Point,CURRENT,°C,16.252489987211717
2026-08-22T19:30:00+00:00,22411525-1,Temperature,CURRENT,°C,27.19607421874999
2026-08-22T19:30:00+00:00,22411525-2,RH,CURRENT,%,50.379186694132905
2026-08-22T19:30:00+00:00,22411525-3,Dew Point,CURRENT,°C,16.008749860980668
2026-08-22T19:30:00+00:00,22411526-1,Temperature,CURRENT,°C,29.25529296874999
2026-08-22T19:30:00+00:00,22411526-2,RH,CURRENT,%,48.291752498664835
2026-08-22T19:30:00+00:00,22411526-3,Dew Point,CURRENT,°C,17.227842448884868
2026-08-22T19:30:00+00:00,22411527-1,Temperature,CURRENT,°C,27.131723632812502
2026-08-22T19:30:00+00:00,22411527-2,RH,CURRENT,%,50.710307469291216
2026-08-22T19:30:00+00:00,22411527-3,Dew Point,CURRENT,°C,16.052357394742014
2026-08-22T19:30:00+00:00,22411528-1,Temperature,CURRENT,°C,29.276743164062502
2026-08-22T19:30:00+00:00,22411528-2,RH,CURRENT,%,50.32120241092546
2026-08-22T19:30:00+00:00,22411528-3,Dew Point,CURRENT,°C,17.900897815554266
2026-08-22T19:30:00+00:00,22411529-1,Temperature,CURRENT,°C,30.435053710937503
2026-08-22T19:30:00+00:00,22411529-2,RH,CURRENT,%,50.62333104448005
2026-08-22T19:30:00+00:00,22411529-3,Dew Point,CURRENT,°C,19.059853957039827
2026-08-22T19:30:00+00:00,22411530-1,Temperature,CURRENT,°C,27.539277343749994
2026-08-22T19:30:00+00:00,22411530-2,RH,CURRENT,%,50.09689478904402
2026-08-22T19:30:00+00:00,22411530-3,Dew Point,CURRENT,°C,16.235671753171566
2026-08-22T19:31:00+00:00,22411541-S,Battery,CURRENT,V,8.558158447265626
2026-08-22T19:35:00+00:00,22411189-1,Temperature,CURRENT,°C,27.989731445312493
2026-08-22T19:35:00+00:00,22411189-2,RH,CURRENT,%,51.22301060502022
2026-08-22T19:35:00+00:00,22411189-3,Dew Point,CURRENT,°C,16.999864826687805
2026-08-22T19:35:00+00:00,22411190-1,Temperature,CURRENT,°C,27.64652832031249
2026-08-22T19:35:00+00:00,22411190-2,RH,CURRENT,%,50.76981765468833
2026-08-22T19:35:00+00:00,22411190-3,Dew Point,CURRENT,°C,16.54403124002095
2026-08-22T19:35:00+00:00,22411191-1,Temperature,CURRENT,°C,27.217524414062503
2026-08-22T19:35:00+00:00,22411191-2,RH,CURRENT,%,51.72503242542153
2026-08-22T19:35:00+00:00,22411191-3,Dew Point,CURRENT,°C,16.442575646959288
2026-08-22T19:35:00+00:00,22411525-1,Temperature,CURRENT,°C,27.024472656250005
2026-08-22T19:35:00+00:00,22411525-2,RH,CURRENT,%,51.38170443274586
2026-08-22T19:35:00+00:00,22411525-3,Dew Point,CURRENT,°C,16.160080400523306
2026-08-22T19:35:00+00:00,22411526-1,Temperature,CURRENT,°C,28.912089843750003
2026-08-22T19:35:00+00:00,22411526-2,RH,CURRENT,%,50.28763256275273
2026-08-22T19:35:00+00:00,22411526-3,Dew Point,CURRENT,°C,17.555619806830713
2026-08-22T19:35:00+00:00,22411527-1,Temperature,CURRENT,°C,26.981572265624997
2026-08-22T19:35:00+00:00,22411527-2,RH,CURRENT,%,51.61974517433433
2026-08-22T19:35:00+00:00,22411527-3,Dew Point,CURRENT,°C,16.193136762670125
2026-08-22T19:35:00+00:00,22411528-1,Temperature,CURRENT,°C,28.9335400390625
2026-08-22T19:35:00+00:00,22411528-2,RH,CURRENT,%,50.257114518959334
2026-08-22T19:35:00+00:00,22411528-3,Dew Point,CURRENT,°C,17.565670468476142
2026-08-22T19:35:00+00:00,22411529-1,Temperature,CURRENT,°C,30.1776513671875
2026-08-22T19:35:00+00:00,22411529-2,RH,CURRENT,%,54.010833905546654
2026-08-22T19:35:00+00:00,22411529-3,Dew Point,CURRENT,°C,19.866030811548136
2026-08-22T19:35:00+00:00,22411530-1,Temperature,CURRENT,°C,27.303325195312503
2026-08-22T19:35:00+00:00,22411530-2,RH,CURRENT,%,51.081101701380945
2026-08-22T19:35:00+00:00,22411530-3,Dew Point,CURRENT,°C,16.32457028897895
2026-08-22T19:36:00+00:00,22411541-S,Battery,CURRENT,V,8.567850585937501
2026-08-22T19:40:00+00:00,22411189-1,Temperature,CURRENT,°C,27.11027343749999
2026-08-22T19:40:00+00:00,22411189-2,RH,CURRENT,%,52.19653620202945
2026-08-22T19:40:00+00:00,22411189-3,Dew Point,CURRENT,°C,16.486483228086115
2026-08-22T19:40:00+00:00,22411190-1,Temperature,CURRENT,°C,27.024472656250005
2026-08-22T19:40:00+00:00,22411190-2,RH,CURRENT,%,51.47783627069505
2026-08-22T19:40:00+00:00,22411190-3,Dew Point,CURRENT,°C,16.18942772401141
2026-08-22T19:40:00+00:00,22411191-1,Temperature,CURRENT,°C,26.57401855468749
2026-08-22T19:40:00+00:00,22411191-2,RH,CURRENT,%,52.45746547646296
2026-08-22T19:40:00+00:00,22411191-3,Dew Point,CURRENT,°C,16.069912315319822
2026-08-22T19:40:00+00:00,22411525-1,Temperature,CURRENT,°C,26.466767578124994
2026-08-22T19:40:00+00:00,22411525-2,RH,CURRENT,%,51.960021362630656
2026-08-22T19:40:00+00:00,22411525-3,Dew Point,CURRENT,°C,15.8216189209339
2026-08-22T19:40:00+00:00,22411526-1,Temperature,CURRENT,°C,27.7752294921875
2026-08-22T19:40:00+00:00,22411526-2,RH,CURRENT,%,50.84763866636148
2026-08-22T19:40:00+00:00,22411526-3,Dew Point,CURRENT,°C,16.686480633533908
2026-08-22T19:40:00+00:00,22411527-1,Temperature,CURRENT,°C,26.4238671875
2026-08-22T19:40:00+00:00,22411527-2,RH,CURRENT,%,52.44373235675593
2026-08-22T19:40:00+00:00,22411527-3,Dew Point,CURRENT,°C,15.927172902947468
2026-08-22T19:40:00+00:00,22411528-1,Temperature,CURRENT,°C,27.73232910156249
2026-08-22T19:40:00+00:00,22411528-2,RH,CURRENT,%,51.9127183947509
2026-08-22T19:40:00+00:00,22411528-3,Dew Point,CURRENT,°C,16.97414538979224
2026-08-22T19:40:00+00:00,22411529-1,Temperature,CURRENT,°C,29.276743164062502
2026-08-22T19:40:00+00:00,22411529-2,RH,CURRENT,%,50.543984130617226
2026-08-22T19:40:00+00:00,22411529-3,Dew Point,CURRENT,°C,17.971219596036843
2026-08-22T19:40:00+00:00,22411530-1,Temperature,CURRENT,°C,26.638369140624995
2026-08-22T19:40:00+00:00,22411530-2,RH,CURRENT,%,51.92645151445792
2026-08-22T19:40:00+00:00,22411530-3,Dew Point,CURRENT,°C,15.969740592271803
2026-08-22T19:41:00+00:00,22411541-S,Battery,CURRENT,V,8.558158447265626
2026-08-22T19:45:00+00:00,22411189-1,Temperature,CURRENT,°C,26.316616210937504
2026-08-22T19:45:00+00:00,22411189-2,RH,CURRENT,%,57.1602960250248
2026-08-22T19:45:00+00:00,22411189-3,Dew Point,CURRENT,°C,17.18378045135048
2026-08-22T19:45:00+00:00,22411190-1,Temperature,CURRENT,°C,26.273715820312496
2026-08-22T19:45:00+00:00,22411190-2,RH,CURRENT,%,56.137941557946135
2026-08-22T19:45:00+00:00,22411190-3,Dew Point,CURRENT,°C,16.858538285530244
2026-08-22T19:45:00+00:00,22411191-1,Temperature,CURRENT,°C,26.12356445312499
2026-08-22T19:45:00+00:00,22411191-2,RH,CURRENT,%,56.57740138857099
2026-08-22T19:45:00+00:00,22411191-3,Dew Point,CURRENT,°C,16.84173465050758
2026-08-22T19:45:00+00:00,22411525-1,Temperature,CURRENT,°C,26.03776367187499
2026-08-22T19:45:00+00:00,22411525-2,RH,CURRENT,%,55.892271305409324
2026-08-22T19:45:00+00:00,22411525-3,Dew Point,CURRENT,°C,16.56973024872494
2026-08-22T19:45:00+00:00,22411526-1,Temperature,CURRENT,°C,26.638369140624995
2026-08-22T19:45:00+00:00,22411526-2,RH,CURRENT,%,56.134889753566796
2026-08-22T19:45:00+00:00,22411526-3,Dew Point,CURRENT,°C,17.1972101758176
2026-08-22T19:45:00+00:00,22411527-1,Temperature,CURRENT,°C,26.03776367187499
2026-08-22T19:45:00+00:00,22411527-2,RH,CURRENT,%,56.28442816815442
2026-08-22T19:45:00+00:00,22411527-3,Dew Point,CURRENT,°C,16.679895100649457
2026-08-22T19:45:00+00:00,22411528-1,Temperature,CURRENT,°C,26.531118164062498
2026-08-22T19:45:00+00:00,22411528-2,RH,CURRENT,%,57.11451895933471
2026-08-22T19:45:00+00:00,22411528-3,Dew Point,CURRENT,°C,17.371256748460336
2026-08-22T19:45:00+00:00,22411529-1,Temperature,CURRENT,°C,27.346225585937496
2026-08-22T19:45:00+00:00,22411529-2,RH,CURRENT,%,57.03669794766156
2026-08-22T19:45:00+00:00,22411529-3,Dew Point,CURRENT,°C,18.11000461736773
2026-08-22T19:45:00+00:00,22411530-1,Temperature,CURRENT,°C,26.145014648437503
2026-08-22T19:45:00+00:00,22411530-2,RH,CURRENT,%,56.261539635309376
2026-08-22T19:45:00+00:00,22411530-3,Dew Point,CURRENT,°C,16.773383342213172
2026-08-22T19:46:00+00:00,22411541-S,Battery,CURRENT,V,8.548466308593751
2026-08-22T19:50:00+00:00,22411189-1,Temperature,CURRENT,°C,27.346225585937496
2026-08-22T19:50:00+00:00,22411189-2,RH,CURRENT,%,54.468604562447545
2026-08-22T19:50:00+00:00,22411189-3,Dew Point,CURRENT,°C,17.377705008878053
2026-08-22T19:50:00+00:00,22411190-1,Temperature,CURRENT,°C,27.088823242187495
2026-08-22T19:50:00+00:00,22411190-2,RH,CURRENT,%,53.9131761654078
2026-08-22T19:50:00+00:00,22411190-3,Dew Point,CURRENT,°C,16.97693667170752
2026-08-22T19:50:00+00:00,22411191-1,Temperature,CURRENT,°C,26.7885205078125
2026-08-22T19:50:00+00:00,22411191-2,RH,CURRENT,%,54.62882429236286
2026-08-22T19:50:00+00:00,22411191-3,Dew Point,CURRENT,°C,16.906824084145942
2026-08-22T19:50:00+00:00,22411525-1,Temperature,CURRENT,°C,26.595468750000002
2026-08-22T19:50:00+00:00,22411525-2,RH,CURRENT,%,54.31143663691157
2026-08-22T19:50:00+00:00,22411525-3,Dew Point,CURRENT,°C,16.63583956920021
2026-08-22T19:50:00+00:00,22411526-1,Temperature,CURRENT,°C,27.968281249999997
2026-08-22T19:50:00+00:00,22411526-2,RH,CURRENT,%,53.2448310063325
2026-08-22T19:50:00+00:00,22411526-3,Dew Point,CURRENT,°C,17.59326075822966
2026-08-22T19:50:00+00:00,22411527-1,Temperature,CURRENT,°C,26.552568359374995
2026-08-22T19:50:00+00:00,22411527-2,RH,CURRENT,%,54.73258564126039
2026-08-22T19:50:00+00:00,22411527-3,Dew Point,CURRENT,°C,16.717798446847265
2026-08-22T19:50:00+00:00,22411528-1,Temperature,CURRENT,°C,28.054082031249997
2026-08-22T19:50:00+00:00,22411528-2,RH,CURRENT,%,53.66140230411231
2026-08-22T19:50:00+00:00,22411528-3,Dew Point,CURRENT,°C,17.79645880578678
2026-08-22T19:50:00+00:00,22411529-1,Temperature,CURRENT,°C,28.39728515625
2026-08-22T19:50:00+00:00,22411529-2,RH,CURRENT,%,55.47417410543984
2026-08-22T19:50:00+00:00,22411529-3,Dew Point,CURRENT,°C,18.644800801264815
2026-08-22T19:50:00+00:00,22411530-1,Temperature,CURRENT,°C,26.8743212890625
2026-08-22T19:50:00+00:00,22411530-2,RH,CURRENT,%,54.31296253910124
2026-08-22T19:50:00+00:00,22411530-3,Dew Point,CURRENT,°C,16.894842295612143
2026-08-22T19:51:00+00:00,22411541-S,Battery,CURRENT,V,8.558158447265626
2026-08-22T19:55:00+00:00,22411189-1,Temperature,CURRENT,°C,27.389125976562504
2026-08-22T19:55:00+00:00,22411189-2,RH,CURRENT,%,56.98634317540245
2026-08-22T19:55:00+00:00,22411189-3,Dew Point,CURRENT,°C,18.135935573412112
2026-08-22T19:55:00+00:00,22411190-1,Temperature,CURRENT,°C,27.11027343749999
2026-08-22T19:55:00+00:00,22411190-2,RH,CURRENT,%,55.89532310978866
2026-08-22T19:55:00+00:00,22411190-3,Dew Point,CURRENT,°C,17.5686458408231
2026-08-22T19:55:00+00:00,22411191-1,Temperature,CURRENT,°C,26.8743212890625
2026-08-22T19:55:00+00:00,22411191-2,RH,CURRENT,%,56.03723201342794
2026-08-22T19:55:00+00:00,22411191-3,Dew Point,CURRENT,°C,17.389284894678454
2026-08-22T19:55:00+00:00,22411525-1,Temperature,CURRENT,°C,26.65981933593749
2026-08-22T19:55:00+00:00,22411525-2,RH,CURRENT,%,55.72594796673533
2026-08-22T19:55:00+00:00,22411525-3,Dew Point,CURRENT,°C,17.101492203691752
2026-08-22T19:55:00+00:00,22411526-1,Temperature,CURRENT,°C,27.989731445312493
2026-08-22T19:55:00+00:00,22411526-2,RH,CURRENT,%,55.65880827038987
2026-08-22T19:55:00+00:00,22411526-3,Dew Point,CURRENT,°C,18.31910903616578
2026-08-22T19:55:00+00:00,22411527-1,Temperature,CURRENT,°C,26.595468750000002
2026-08-22T19:55:00+00:00,22411527-2,RH,CURRENT,%,56.10742351415274
2026-08-22T19:55:00+00:00,22411527-3,Dew Point,CURRENT,°C,17.14952384229782
2026-08-22T19:55:00+00:00,22411528-1,Temperature,CURRENT,°C,28.011181640625004
2026-08-22T19:55:00+00:00,22411528-2,RH,CURRENT,%,56.48584725719081
2026-08-22T19:55:00+00:00,22411528-3,Dew Point,CURRENT,°C,18.574813947860633
2026-08-22T19:55:00+00:00,22411529-1,Temperature,CURRENT,°C,28.590336914062497
2026-08-22T19:55:00+00:00,22411529-2,RH,CURRENT,%,57.137407492179754
2026-08-22T19:55:00+00:00,22411529-3,Dew Point,CURRENT,°C,19.29861161721231
2026-08-22T19:55:00+00:00,22411530-1,Temperature,CURRENT,°C,26.895771484374997
2026-08-22T19:55:00+00:00,22411530-2,RH,CURRENT,%,56.07843137254902
2026-08-22T19:55:00+00:00,22411530-3,Dew Point,CURRENT,°C,17.42090266750011
2026-08-22T19:56:00+00:00,22411541-S,Battery,CURRENT,V,8.548466308593751
2026-08-22T20:00:00+00:00,22411189-1,Temperature,CURRENT,°C,26.8743212890625
2026-08-22T20:00:00+00:00,22411189-2,RH,CURRENT,%,58.19790951400015
2026-08-22T20:00:00+00:00,22411189-3,Dew Point,CURRENT,°C,17.990396807068468
2026-08-22T20:00:00+00:00,22411190-1,Temperature,CURRENT,°C,26.681269531250003
2026-08-22T20:00:00+00:00,22411190-2,RH,CURRENT,%,57.31441214618143
2026-08-22T20:00:00+00:00,22411190-3,Dew Point,CURRENT,°C,17.56680349092941
2026-08-22T20:00:00+00:00,22411191-1,Temperature,CURRENT,°C,26.380966796874993
2026-08-22T20:00:00+00:00,22411191-2,RH,CURRENT,%,58.03768978408484
2026-08-22T20:00:00+00:00,22411191-3,Dew Point,CURRENT,°C,17.485249359895985
2026-08-22T20:00:00+00:00,22411525-1,Temperature,CURRENT,°C,26.230815429687503
2026-08-22T20:00:00+00:00,22411525-2,RH,CURRENT,%,57.346456092164495
2026-08-22T20:00:00+00:00,22411525-3,Dew Point,CURRENT,°C,17.155142743882518
2026-08-22T20:00:00+00:00,22411526-1,Temperature,CURRENT,°C,27.474926757812504
2026-08-22T20:00:00+00:00,22411526-2,RH,CURRENT,%,57.33424887464714
2026-08-22T20:00:00+00:00,22411526-3,Dew Point,CURRENT,°C,18.313095196863557
2026-08-22T20:00:00+00:00,22411527-1,Temperature,CURRENT,°C,26.209365234374992
2026-08-22T20:00:00+00:00,22411527-2,RH,CURRENT,%,57.66689555199512
2026-08-22T20:00:00+00:00,22411527-3,Dew Point,CURRENT,°C,17.223296976149364
2026-08-22T20:00:00+00:00,22411528-1,Temperature,CURRENT,°C,27.496376953125
2026-08-22T20:00:00+00:00,22411528-2,RH,CURRENT,%,58.03768978408484
2026-08-22T20:00:00+00:00,22411528-3,Dew Point,CURRENT,°C,18.527992368901405
2026-08-22T20:00:00+00:00,22411529-1,Temperature,CURRENT,°C,28.161333007812495
2026-08-22T20:00:00+00:00,22411529-2,RH,CURRENT,%,61.9302662699321
2026-08-22T20:00:00+00:00,22411529-3,Dew Point,CURRENT,°C,20.196990231978695
2026-08-22T20:00:00+00:00,22411530-1,Temperature,CURRENT,°C,26.4238671875
2026-08-22T20:00:00+00:00,22411530-2,RH,CURRENT,%,57.7584496833753
2026-08-22T20:00:00+00:00,22411530-3,Dew Point,CURRENT,°C,17.448852067345644
2026-08-22T20:01:00+00:00,22411541-S,Battery,CURRENT,V,8.558158447265626
2026-08-22T20:05:00+00:00,22411189-1,Temperature,CURRENT,°C,26.16646484375
2026-08-22T20:05:00+00:00,22411189-2,RH,CURRENT,%,58.138399328603036
2026-08-22T20:05:00+00:00,22411189-3,Dew Point,CURRENT,°C,17.312149804635002
2026-08-22T20:05:00+00:00,22411190-1,Temperature,CURRENT,°C,26.059213867187502
2026-08-22T20:05:00+00:00,22411190-2,RH,CURRENT,%,57.31136034180209
2026-08-22T20:05:00+00:00,22411190-3,Dew Point,CURRENT,°C,16.985253104261474
2026-08-22T20:05:00+00:00,22411191-1,Temperature,CURRENT,°C,25.8876123046875
2026-08-22T20:05:00+00:00,22411191-2,RH,CURRENT,%,57.936980239566644
2026-08-22T20:05:00+00:00,22411191-3,Dew Point,CURRENT,°C,16.996492979137788
2026-08-22T20:05:00+00:00,22411525-1,Temperature,CURRENT,°C,25.780361328125004
2026-08-22T20:05:00+00:00,22411525-2,RH,CURRENT,%,57.347981994354164
2026-08-22T20:05:00+00:00,22411525-3,Dew Point,CURRENT,°C,16.734979476855415
2026-08-22T20:05:00+00:00,22411526-1,Temperature,CURRENT,°C,26.57401855468749
2026-08-22T20:05:00+00:00,22411526-2,RH,CURRENT,%,56.84290836957351
2026-08-22T20:05:00+00:00,22411526-3,Dew Point,CURRENT,°C,17.335734983037025
2026-08-22T20:05:00+00:00,22411527-1,Temperature,CURRENT,°C,25.780361328125004
2026-08-22T20:05:00+00:00,22411527-2,RH,CURRENT,%,57.73098344396124
2026-08-22T20:05:00+00:00,22411527-3,Dew Point,CURRENT,°C,16.839993088638018
2026-08-22T20:05:00+00:00,22411528-1,Temperature,CURRENT,°C,26.488217773437505
2026-08-22T20:05:00+00:00,22411528-2,RH,CURRENT,%,57.84237430380713
2026-08-22T20:05:00+00:00,22411528-3,Dew Point,CURRENT,°C,17.532020853132483
2026-08-22T20:05:00+00:00,22411529-1,Temperature,CURRENT,°C,27.0459228515625
2026-08-22T20:05:00+00:00,22411529-2,RH,CURRENT,%,58.79301136797131
2026-08-22T20:05:00+00:00,22411529-3,Dew Point,CURRENT,°C,18.313203054362706
2026-08-22T20:05:00+00:00,22411530-1,Temperature,CURRENT,°C,25.909062499999997
2026-08-22T20:05:00+00:00,22411530-2,RH,CURRENT,%,57.433432516975664
2026-08-22T20:05:00+00:00,22411530-3,Dew Point,CURRENT,°C,16.8786561336733
2026-08-22T20:06:00+00:00,22411541-S,Battery,CURRENT,V,8.5420048828125
2026-08-22T20:10:00+00:00,22411189-1,Temperature,CURRENT,°C,25.758911132812493
2026-08-22T20:10:00+00:00,22411189-2,RH,CURRENT,%,60.03051804379339
2026-08-22T20:10:00+00:00,22411189-3,Dew Point,CURRENT,°C,17.437814713193827
2026-08-22T20:10:00+00:00,22411190-1,Temperature,CURRENT,°C,25.694560546875003
2026-08-22T20:10:00+00:00,22411190-2,RH,CURRENT,%,58.98985275043869
2026-08-22T20:10:00+00:00,22411190-3,Dew Point,CURRENT,°C,17.10051248438146
2026-08-22T20:10:00+00:00,22411191-1,Temperature,CURRENT,°C,25.6302099609375
2026-08-22T20:10:00+00:00,22411191-2,RH,CURRENT,%,59.186694132906084
2026-08-22T20:10:00+00:00,22411191-3,Dew Point,CURRENT,°C,17.092884543254918
2026-08-22T20:10:00+00:00,22411525-1,Temperature,CURRENT,°C,25.565859374999995
2026-08-22T20:10:00+00:00,22411525-2,RH,CURRENT,%,58.30472266727703
2026-08-22T20:10:00+00:00,22411525-3,Dew Point,CURRENT,°C,16.795461127288494
2026-08-22T20:10:00+00:00,22411526-1,Temperature,CURRENT,°C,25.951962890625005
2026-08-22T20:10:00+00:00,22411526-2,RH,CURRENT,%,59.2965590905623
2026-08-22T20:10:00+00:00,22411526-3,Dew Point,CURRENT,°C,17.423898560002034
2026-08-22T20:10:00+00:00,22411527-1,Temperature,CURRENT,°C,25.565859374999995
2026-08-22T20:10:00+00:00,22411527-2,RH,CURRENT,%,58.648050659952695
2026-08-22T20:10:00+00:00,22411527-3,Dew Point,CURRENT,°C,16.888128063397946
2026-08-22T20:10:00+00:00,22411528-1,Temperature,CURRENT,°C,25.823261718749997
2026-08-22T20:10:00+00:00,22411528-2,RH,CURRENT,%,60.30518043793393
2026-08-22T20:10:00+00:00,22411528-3,Dew Point,CURRENT,°C,17.570685592591587
2026-08-22T20:10:00+00:00,22411529-1,Temperature,CURRENT,°C,26.016313476562495
2026-08-22T20:10:00+00:00,22411529-2,RH,CURRENT,%,63.05027847714962
2026-08-22T20:10:00+00:00,22411529-3,Dew Point,CURRENT,°C,18.461649456882967
2026-08-22T20:10:00+00:00,22411530-1,Temperature,CURRENT,°C,25.6302099609375
2026-08-22T20:10:00+00:00,22411530-2,RH,CURRENT,%,58.84031433585107
2026-08-22T20:10:00+00:00,22411530-3,Dew Point,CURRENT,°C,17.000095759463985
2026-08-22T20:11:00+00:00,22411541-S,Battery,CURRENT,V,8.548466308593751
2026-08-22T20:15:00+00:00,22411189-1,Temperature,CURRENT,°C,25.7160107421875
2026-08-22T20:15:00+00:00,22411189-2,RH,CURRENT,%,60.79346913862821
2026-08-22T20:15:00+00:00,22411189-3,Dew Point,CURRENT,°C,17.59788758853085
2026-08-22T20:15:00+00:00,22411190-1,Temperature,CURRENT,°C,25.694560546875003
2026-08-22T20:15:00+00:00,22411190-2,RH,CURRENT,%,59.562066071564814
2026-08-22T20:15:00+00:00,22411190-3,Dew Point,CURRENT,°C,17.25327623802947
2026-08-22T20:15:00+00:00,22411191-1,Temperature,CURRENT,°C,25.673110351562492
2026-08-22T20:15:00+00:00,22411191-2,RH,CURRENT,%,59.65514610513466
2026-08-22T20:15:00+00:00,22411191-3,Dew Point,CURRENT,°C,17.257876391448228
2026-08-22T20:15:00+00:00,22411525-1,Temperature,CURRENT,°C,25.608759765625003
2026-08-22T20:15:00+00:00,22411525-2,RH,CURRENT,%,58.898298619058515
2026-08-22T20:15:00+00:00,22411525-3,Dew Point,CURRENT,°C,16.995565760368812
2026-08-22T20:15:00+00:00,22411526-1,Temperature,CURRENT,°C,25.823261718749997
2026-08-22T20:15:00+00:00,22411526-2,RH,CURRENT,%,60.66224155031662
2026-08-22T20:15:00+00:00,22411526-3,Dew Point,CURRENT,°C,17.66442957850546
2026-08-22T20:15:00+00:00,22411527-1,Temperature,CURRENT,°C,25.6302099609375
2026-08-22T20:15:00+00:00,22411527-2,RH,CURRENT,%,59.177538719768066
2026-08-22T20:15:00+00:00,22411527-3,Dew Point,CURRENT,°C,17.09043810331237
2026-08-22T20:15:00+00:00,22411528-1,Temperature,CURRENT,°C,25.673110351562492
2026-08-22T20:15:00+00:00,22411528-2,RH,CURRENT,%,61.600671396963456
2026-08-22T20:15:00+00:00,22411528-3,Dew Point,CURRENT,°C,17.767068429441636
2026-08-22T20:15:00+00:00,22411529-1,Temperature,CURRENT,°C,25.565859374999995
2026-08-22T20:15:00+00:00,22411529-2,RH,CURRENT,%,64.78217746242466
2026-08-22T20:15:00+00:00,22411529-3,Dew Point,CURRENT,°C,18.46850140394099
2026-08-22T20:15:00+00:00,22411530-1,Temperature,CURRENT,°C,25.651660156249996
2026-08-22T20:15:00+00:00,22411530-2,RH,CURRENT,%,59.35759517814908
2026-08-22T20:15:00+00:00,22411530-3,Dew Point,CURRENT,°C,17.15860617672743
2026-08-22T20:16:00+00:00,22411541-S,Battery,CURRENT,V,8.538774169921876
2026-08-22T20:20:00+00:00,22411189-1,Temperature,CURRENT,°C,25.5444091796875
2026-08-22T20:20:00+00:00,22411189-2,RH,CURRENT,%,59.96185244525826
2026-08-22T20:20:00+00:00,22411189-3,Dew Point,CURRENT,°C,17.21825990250269
2026-08-22T20:20:00+00:00,22411190-1,Temperature,CURRENT,°C,25.5444091796875
2026-08-22T20:20:00+00:00,22411190-2,RH,CURRENT,%,58.72129396505684
2026-08-22T20:20:00+00:00,22411190-3,Dew Point,CURRENT,°C,16.887746459710524
2026-08-22T20:20:00+00:00,22411191-1,Temperature,CURRENT,°C,25.522958984375002
2026-08-22T20:20:00+00:00,22411191-2,RH,CURRENT,%,58.632791638056
2026-08-22T20:20:00+00:00,22411191-3,Dew Point,CURRENT,°C,16.843848984295143
2026-08-22T20:20:00+00:00,22411525-1,Temperature,CURRENT,°C,25.458608398437498
2026-08-22T20:20:00+00:00,22411525-2,RH,CURRENT,%,57.87747005416953
2026-08-22T20:20:00+00:00,22411525-3,Dew Point,CURRENT,°C,16.579206205422555
2026-08-22T20:20:00+00:00,22411526-1,Temperature,CURRENT,°C,25.58730957031249
2026-08-22T20:20:00+00:00,22411526-2,RH,CURRENT,%,60.42267490653849
2026-08-22T20:20:00+00:00,22411526-3,Dew Point,CURRENT,°C,17.379830142826197
2026-08-22T20:20:00+00:00,22411527-1,Temperature,CURRENT,°C,25.458608398437498
2026-08-22T20:20:00+00:00,22411527-2,RH,CURRENT,%,58.25436789501793
2026-08-22T20:20:00+00:00,22411527-3,Dew Point,CURRENT,°C,16.681482949607744
2026-08-22T20:20:00+00:00,22411528-1,Temperature,CURRENT,°C,25.458608398437498
2026-08-22T20:20:00+00:00,22411528-2,RH,CURRENT,%,61.857022964827955
2026-08-22T20:20:00+00:00,22411528-3,Dew Point,CURRENT,°C,17.630916015295757
2026-08-22T20:20:00+00:00,22411529-1,Temperature,CURRENT,°C,25.222656249999993
2026-08-22T20:20:00+00:00,22411529-2,RH,CURRENT,%,65.63668268863965
2026-08-22T20:20:00+00:00,22411529-3,Dew Point,CURRENT,°C,18.352230816910325
2026-08-22T20:20:00+00:00,22411530-1,Temperature,CURRENT,°C,25.522958984375002
2026-08-22T20:20:00+00:00,22411530-2,RH,CURRENT,%,58.34592202639811
2026-08-22T20:20:00+00:00,22411530-3,Dew Point,CURRENT,°C,16.76646013167349
2026-08-22T20:21:00+00:00,22411541-S,Battery,CURRENT,V,8.5420048828125
2026-08-22T20:25:00+00:00,22411189-1,Temperature,CURRENT,°C,25.737460937499996
2026-08-22T20:25:00+00:00,22411189-2,RH,CURRENT,%,60.30518043793393
2026-08-22T20:25:00+00:00,22411189-3,Dew Point,CURRENT,°C,17.490067878572436
2026-08-22T20:25:00+00:00,22411190-1,Temperature,CURRENT,°C,25.694560546875003
2026-08-22T20:25:00+00:00,22411190-2,RH,CURRENT,%,58.96849011978332
2026-08-22T20:25:00+00:00,22411190-3,Dew Point,CURRENT,°C,17.094784213031605
2026-08-22T20:25:00+00:00,22411191-1,Temperature,CURRENT,°C,25.673110351562492
2026-08-22T20:25:00+00:00,22411191-2,RH,CURRENT,%,59.095140001525905
2026-08-22T20:25:00+00:00,22411191-3,Dew Point,CURRENT,°C,17.108613953162042
2026-08-22T20:25:00+00:00,22411525-1,Temperature,CURRENT,°C,25.608759765625003
2026-08-22T20:25:00+00:00,22411525-2,RH,CURRENT,%,58.50461585412375
2026-08-22T20:25:00+00:00,22411525-3,Dew Point,CURRENT,°C,16.889631137340505
2026-08-22T20:25:00+00:00,22411526-1,Temperature,CURRENT,°C,25.7160107421875
2026-08-22T20:25:00+00:00,22411526-2,RH,CURRENT,%,60.34637979705501
2026-08-22T20:25:00+00:00,22411526-3,Dew Point,CURRENT,°C,17.480746012525774
2026-08-22T20:25:00+00:00,22411527-1,Temperature,CURRENT,°C,25.6302099609375
2026-08-22T20:25:00+00:00,22411527-2,RH,CURRENT,%,58.861676966506444
2026-08-22T20:25:00+00:00,22411527-3,Dew Point,CURRENT,°C,17.00583224102495
2026-08-22T20:25:00+00:00,22411528-1,Temperature,CURRENT,°C,25.6302099609375
2026-08-22T20:25:00+00:00,22411528-2,RH,CURRENT,%,61.6586556801709
2026-08-22T20:25:00+00:00,22411528-3,Dew Point,CURRENT,°C,17.741605549804046
2026-08-22T20:25:00+00:00,22411529-1,Temperature,CURRENT,°C,25.222656249999993
2026-08-22T20:25:00+00:00,22411529-2,RH,CURRENT,%,64.30151827267872
2026-08-22T20:25:00+00:00,22411529-3,Dew Point,CURRENT,°C,18.02442199829316
2026-08-22T20:25:00+00:00,22411530-1,Temperature,CURRENT,°C,25.673110351562492
2026-08-22T20:25:00+00:00,22411530-2,RH,CURRENT,%,58.75181200885023
2026-08-22T20:25:00+00:00,22411530-3,Dew Point,CURRENT,°C,17.016490558182106
2026-08-22T20:26:00+00:00,22411541-S,Battery,CURRENT,V,8.5420048828125
2026-08-22T20:30:00+00:00,22411189-1,Temperature,CURRENT,°C,27.131723632812502
2026-08-22T20:30:00+00:00,22411189-2,RH,CURRENT,%,56.52399481193255
2026-08-22T20:30:00+00:00,22411189-3,Dew Point,CURRENT,°C,17.76629241398593
2026-08-22T20:30:00+00:00,22411190-1,Temperature,CURRENT,°C,26.895771484374997
2026-08-22T20:30:00+00:00,22411190-2,RH,CURRENT,%,55.924315251392386
2026-08-22T20:30:00+00:00,22411190-3,Dew Point,CURRENT,°C,17.377276791188685
2026-08-22T20:30:00+00:00,22411191-1,Temperature,CURRENT,°C,26.7885205078125
2026-08-22T20:30:00+00:00,22411191-2,RH,CURRENT,%,55.89532310978866
2026-08-22T20:30:00+00:00,22411191-3,Dew Point,CURRENT,°C,17.269259948511685
2026-08-22T20:30:00+00:00,22411525-1,Temperature,CURRENT,°C,26.6169189453125
2026-08-22T20:30:00+00:00,22411525-2,RH,CURRENT,%,55.49858854047456
2026-08-22T20:30:00+00:00,22411525-3,Dew Point,CURRENT,°C,16.996964171237284
2026-08-22T20:30:00+00:00,22411526-1,Temperature,CURRENT,°C,27.324775390625
2026-08-22T20:30:00+00:00,22411526-2,RH,CURRENT,%,56.595712214847026
2026-08-22T20:30:00+00:00,22411526-3,Dew Point,CURRENT,°C,17.966349018249478
2026-08-22T20:30:00+00:00,22411527-1,Temperature,CURRENT,°C,26.595468750000002
2026-08-22T20:30:00+00:00,22411527-2,RH,CURRENT,%,55.53978789959564
2026-08-22T20:30:00+00:00,22411527-3,Dew Point,CURRENT,°C,16.98874616226483
2026-08-22T20:30:00+00:00,22411528-1,Temperature,CURRENT,°C,27.260424804687496
2026-08-22T20:30:00+00:00,22411528-2,RH,CURRENT,%,57.886625467307546
2026-08-22T20:30:00+00:00,22411528-3,Dew Point,CURRENT,°C,18.265833641512252
2026-08-22T20:30:00+00:00,22411529-1,Temperature,CURRENT,°C,26.745620117187492
2026-08-22T20:30:00+00:00,22411529-2,RH,CURRENT,%,63.26543068589304
2026-08-22T20:30:00+00:00,22411529-3,Dew Point,CURRENT,°C,19.205376444751344
2026-08-22T20:30:00+00:00,22411530-1,Temperature,CURRENT,°C,26.767070312500003
2026-08-22T20:30:00+00:00,22411530-2,RH,CURRENT,%,55.66338597695888
2026-08-22T20:30:00+00:00,22411530-3,Dew Point,CURRENT,°C,17.183478171157542
2026-08-22T20:31:00+00:00,22411541-S,Battery,CURRENT,V,8.5420048828125
2026-08-22T20:35:00+00:00,22411189-1,Temperature,CURRENT,°C,27.474926757812504
2026-08-22T20:35:00+00:00,22411189-2,RH,CURRENT,%,56.71473258564126
2026-08-22T20:35:00+00:00,22411189-3,Dew Point,CURRENT,°C,18.139753726224424
2026-08-22T20:35:00+00:00,22411190-1,Temperature,CURRENT,°C,27.238974609375
2026-08-22T20:35:00+00:00,22411190-2,RH,CURRENT,%,55.99603265430686
2026-08-22T20:35:00+00:00,22411190-3,Dew Point,CURRENT,°C,17.716997139091234
2026-08-22T20:35:00+00:00,22411191-1,Temperature,CURRENT,°C,27.003022460937494
2026-08-22T20:35:00+00:00,22411191-2,RH,CURRENT,%,55.973144121461814
2026-08-22T20:35:00+00:00,22411191-3,Dew Point,CURRENT,°C,17.490922790234855
2026-08-22T20:35:00+00:00,22411525-1,Temperature,CURRENT,°C,26.809970703124996
2026-08-22T20:35:00+00:00,22411525-2,RH,CURRENT,%,55.49706263828489
2026-08-22T20:35:00+00:00,22411525-3,Dew Point,CURRENT,°C,17.17601342104869
2026-08-22T20:35:00+00:00,22411526-1,Temperature,CURRENT,°C,28.0326318359375
2026-08-22T20:35:00+00:00,22411526-2,RH,CURRENT,%,56.11505302510109
2026-08-22T20:35:00+00:00,22411526-3,Dew Point,CURRENT,°C,18.48945161839413
2026-08-22T20:35:00+00:00,22411527-1,Temperature,CURRENT,°C,26.809970703124996
2026-08-22T20:35:00+00:00,22411527-2,RH,CURRENT,%,55.759517814908065
2026-08-22T20:35:00+00:00,22411527-3,Dew Point,CURRENT,°C,17.250696478195646
2026-08-22T20:35:00+00:00,22411528-1,Temperature,CURRENT,°C,27.882480468749996
2026-08-22T20:35:00+00:00,22411528-2,RH,CURRENT,%,57.66231784542611
2026-08-22T20:35:00+00:00,22411528-3,Dew Point,CURRENT,°C,18.784847612521677
2026-08-22T20:35:00+00:00,22411529-1,Temperature,CURRENT,°C,27.903930664062493
2026-08-22T20:35:00+00:00,22411529-2,RH,CURRENT,%,61.28328374151217
2026-08-22T20:35:00+00:00,22411529-3,Dew Point,CURRENT,°C,19.784739264027646
2026-08-22T20:35:00+00:00,22411530-1,Temperature,CURRENT,°C,27.003022460937494
2026-08-22T20:35:00+00:00,22411530-2,RH,CURRENT,%,55.79613946746014
2026-08-22T20:35:00+00:00,22411530-3,Dew Point,CURRENT,°C,17.440686888539023
2026-08-22T20:36:00+00:00,22411541-S,Battery,CURRENT,V,8.558158447265626
2026-08-22T20:40:00+00:00,22411189-1,Temperature,CURRENT,°C,27.625078124999995
2026-08-22T20:40:00+00:00,22411189-2,RH,CURRENT,%,54.303807125963225
2026-08-22T20:40:00+00:00,22411189-3,Dew Point,CURRENT,°C,17.588186117999665
2026-08-22T20:40:00+00:00,22411190-1,Temperature,CURRENT,°C,27.324775390625
2026-08-22T20:40:00+00:00,22411190-2,RH,CURRENT,%,53.84908827344167
2026-08-22T20:40:00+00:00,22411190-3,Dew Point,CURRENT,°C,17.1766641744937
2026-08-22T20:40:00+00:00,22411191-1,Temperature,CURRENT,°C,27.067373046874998
2026-08-22T20:40:00+00:00,22411191-2,RH,CURRENT,%,54.508278019378956
2026-08-22T20:40:00+00:00,22411191-3,Dew Point,CURRENT,°C,17.130605563921225
2026-08-22T20:40:00+00:00,22411525-1,Temperature,CURRENT,°C,26.852871093750004
2026-08-22T20:40:00+00:00,22411525-2,RH,CURRENT,%,54.22598611429007
2026-08-22T20:40:00+00:00,22411525-3,Dew Point,CURRENT,°C,16.849654359308246
2026-08-22T20:40:00+00:00,22411526-1,Temperature,CURRENT,°C,28.247133789062495
2026-08-22T20:40:00+00:00,22411526-2,RH,CURRENT,%,53.501182574196996
2026-08-22T20:40:00+00:00,22411526-3,Dew Point,CURRENT,°C,17.927512800019713
2026-08-22T20:40:00+00:00,22411527-1,Temperature,CURRENT,°C,26.809970703124996
2026-08-22T20:40:00+00:00,22411527-2,RH,CURRENT,%,54.595254444190125
2026-08-22T20:40:00+00:00,22411527-3,Dew Point,CURRENT,°C,16.917019272737026
2026-08-22T20:40:00+00:00,22411528-1,Temperature,CURRENT,°C,28.054082031249997
2026-08-22T20:40:00+00:00,22411528-2,RH,CURRENT,%,54.596780346379795
2026-08-22T20:40:00+00:00,22411528-3,Dew Point,CURRENT,°C,18.07155276207873
2026-08-22T20:40:00+00:00,22411529-1,Temperature,CURRENT,°C,28.290034179687503
2026-08-22T20:40:00+00:00,22411529-2,RH,CURRENT,%,57.5722896162356
2026-08-22T20:40:00+00:00,22411529-3,Dew Point,CURRENT,°C,19.140317086862616
2026-08-22T20:40:00+00:00,22411530-1,Temperature,CURRENT,°C,27.11027343749999
2026-08-22T20:40:00+00:00,22411530-2,RH,CURRENT,%,53.99099717708095
2026-08-22T20:40:00+00:00,22411530-3,Dew Point,CURRENT,°C,17.019601206033762
2026-08-22T20:41:00+00:00,22411541-S,Battery,CURRENT,V,8.548466308593751
2026-08-22T20:45:00+00:00,22411189-1,Temperature,CURRENT,°C,27.496376953125
2026-08-22T20:45:00+00:00,22411189-2,RH,CURRENT,%,55.58403906309606
2026-08-22T20:45:00+00:00,22411189-3,Dew Point,CURRENT,°C,17.839008066705727
2026-08-22T20:45:00+00:00,22411190-1,Temperature,CURRENT,°C,27.238974609375
2026-08-22T20:45:00+00:00,22411190-2,RH,CURRENT,%,54.929427023727776
2026-08-22T20:45:00+00:00,22411190-3,Dew Point,CURRENT,°C,17.411735009909588
2026-08-22T20:45:00+00:00,22411191-1,Temperature,CURRENT,°C,26.9601220703125
2026-08-22T20:45:00+00:00,22411191-2,RH,CURRENT,%,55.35667963683528
2026-08-22T20:45:00+00:00,22411191-3,Dew Point,CURRENT,°C,17.275487515460306
2026-08-22T20:45:00+00:00,22411525-1,Temperature,CURRENT,°C,26.745620117187492
2026-08-22T20:45:00+00:00,22411525-2,RH,CURRENT,%,55.10032806897078
2026-08-22T20:45:00+00:00,22411525-3,Dew Point,CURRENT,°C,17.002757509620203
2026-08-22T20:45:00+00:00,22411526-1,Temperature,CURRENT,°C,28.161333007812495
2026-08-22T20:45:00+00:00,22411526-2,RH,CURRENT,%,54.28397039749752
2026-08-22T20:45:00+00:00,22411526-3,Dew Point,CURRENT,°C,18.07941830027591
2026-08-22T20:45:00+00:00,22411527-1,Temperature,CURRENT,°C,26.724169921874996
2026-08-22T20:45:00+00:00,22411527-2,RH,CURRENT,%,55.51689936675059
2026-08-22T20:45:00+00:00,22411527-3,Dew Point,CURRENT,°C,17.10189596329528
2026-08-22T20:45:00+00:00,22411528-1,Temperature,CURRENT,°C,27.8610302734375
2026-08-22T20:45:00+00:00,22411528-2,RH,CURRENT,%,55.680170901045244
2026-08-22T20:45:00+00:00,22411528-3,Dew Point,CURRENT,°C,18.205571584669684
2026-08-22T20:45:00+00:00,22411529-1,Temperature,CURRENT,°C,28.204233398437502
2026-08-22T20:45:00+00:00,22411529-2,RH,CURRENT,%,57.970550087739376
2026-08-22T20:45:00+00:00,22411529-3,Dew Point,CURRENT,°C,19.170971859186896
2026-08-22T20:45:00+00:00,22411530-1,Temperature,CURRENT,°C,27.024472656250005
2026-08-22T20:45:00+00:00,22411530-2,RH,CURRENT,%,54.9935149156939
2026-08-22T20:45:00+00:00,22411530-3,Dew Point,CURRENT,°C,17.231045399754784
2026-08-22T20:46:00+00:00,22411541-S,Battery,CURRENT,V,8.567850585937501
2026-08-22T20:50:00+00:00,22411189-1,Temperature,CURRENT,°C,27.432026367187497
2026-08-22T20:50:00+00:00,22411189-2,RH,CURRENT,%,56.25238422217136
2026-08-22T20:50:00+00:00,22411189-3,Dew Point,CURRENT,°C,17.969360399090274
2026-08-22T20:50:00+00:00,22411190-1,Temperature,CURRENT,°C,27.19607421874999
2026-08-22T20:50:00+00:00,22411190-2,RH,CURRENT,%,55.672541390096896
2026-08-22T20:50:00+00:00,22411190-3,Dew Point,CURRENT,°C,17.585060522359015
2026-08-22T20:50:00+00:00,22411191-1,Temperature,CURRENT,°C,26.981572265624997
2026-08-22T20:50:00+00:00,22411191-2,RH,CURRENT,%,56.057068741893644
2026-08-22T20:50:00+00:00,22411191-3,Dew Point,CURRENT,°C,17.494726941794095
2026-08-22T20:50:00+00:00,22411525-1,Temperature,CURRENT,°C,26.809970703124996
2026-08-22T20:50:00+00:00,22411525-2,RH,CURRENT,%,55.799191271839476
2026-08-22T20:50:00+00:00,22411525-3,Dew Point,CURRENT,°C,17.261958979396777
2026-08-22T20:50:00+00:00,22411526-1,Temperature,CURRENT,°C,28.0326318359375
2026-08-22T20:50:00+00:00,22411526-2,RH,CURRENT,%,55.40703440909438
2026-08-22T20:50:00+00:00,22411526-3,Dew Point,CURRENT,°C,18.286601727276892
2026-08-22T20:50:00+00:00,22411527-1,Temperature,CURRENT,°C,26.7885205078125
2026-08-22T20:50:00+00:00,22411527-2,RH,CURRENT,%,56.226443884946974
2026-08-22T20:50:00+00:00,22411527-3,Dew Point,CURRENT,°C,17.362830553066612
2026-08-22T20:50:00+00:00,22411528-1,Temperature,CURRENT,°C,27.7752294921875
2026-08-22T20:50:00+00:00,22411528-2,RH,CURRENT,%,56.82917524986648
2026-08-22T20:50:00+00:00,22411528-3,Dew Point,CURRENT,°C,18.451852086210568
2026-08-22T20:50:00+00:00,22411529-1,Temperature,CURRENT,°C,27.839580078125003
2026-08-22T20:50:00+00:00,22411529-2,RH,CURRENT,%,59.07835507743954
2026-08-22T20:50:00+00:00,22411529-3,Dew Point,CURRENT,°C,19.13403257670937
2026-08-22T20:50:00+00:00,22411530-1,Temperature,CURRENT,°C,27.003022460937494
2026-08-22T20:50:00+00:00,22411530-2,RH,CURRENT,%,55.74883649958038
2026-08-22T20:50:00+00:00,22411530-3,Dew Point,CURRENT,°C,17.42723814760437
2026-08-22T20:51:00+00:00,22411541-S,Battery,CURRENT,V,8.574312011718751
2026-08-22T20:55:00+00:00,22411189-1,Temperature,CURRENT,°C,27.217524414062503
2026-08-22T20:55:00+00:00,22411189-2,RH,CURRENT,%,55.19035629816129
2026-08-22T20:55:00+00:00,22411189-3,Dew Point,CURRENT,°C,17.46696323984989
2026-08-22T20:55:00+00:00,22411190-1,Temperature,CURRENT,°C,27.003022460937494
2026-08-22T20:55:00+00:00,22411190-2,RH,CURRENT,%,54.7524223697261
2026-08-22T20:55:00+00:00,22411190-3,Dew Point,CURRENT,°C,17.141598657302524
2026-08-22T20:55:00+00:00,22411191-1,Temperature,CURRENT,°C,26.638369140624995
2026-08-22T20:55:00+00:00,22411191-2,RH,CURRENT,%,55.80987258716716
2026-08-22T20:55:00+00:00,22411191-3,Dew Point,CURRENT,°C,17.10533799548153
2026-08-22T20:55:00+00:00,22411525-1,Temperature,CURRENT,°C,26.466767578124994
2026-08-22T20:55:00+00:00,22411525-2,RH,CURRENT,%,55.52452887769894
2026-08-22T20:55:00+00:00,22411525-3,Dew Point,CURRENT,°C,16.8647351323016
2026-08-22T20:55:00+00:00,22411526-1,Temperature,CURRENT,°C,27.925380859375004
2026-08-22T20:55:00+00:00,22411526-2,RH,CURRENT,%,53.585107194628826
2026-08-22T20:55:00+00:00,22411526-3,Dew Point,CURRENT,°C,17.654743516337074
2026-08-22T20:55:00+00:00,22411527-1,Temperature,CURRENT,°C,26.4238671875
2026-08-22T20:55:00+00:00,22411527-2,RH,CURRENT,%,55.96093690394446
2026-08-22T20:55:00+00:00,22411527-3,Dew Point,CURRENT,°C,16.948454726611
2026-08-22T20:55:00+00:00,22411528-1,Temperature,CURRENT,°C,27.64652832031249
2026-08-22T20:55:00+00:00,22411528-2,RH,CURRENT,%,54.802777141985196
2026-08-22T20:55:00+00:00,22411528-3,Dew Point,CURRENT,°C,17.753384438672054
2026-08-22T20:55:00+00:00,22411529-1,Temperature,CURRENT,°C,27.6894287109375
2026-08-22T20:55:00+00:00,22411529-2,RH,CURRENT,%,56.641489280537115
2026-08-22T20:55:00+00:00,22411529-3,Dew Point,CURRENT,°C,18.319036800042788
2026-08-22T20:55:00+00:00,22411530-1,Temperature,CURRENT,°C,26.745620117187492
2026-08-22T20:55:00+00:00,22411530-2,RH,CURRENT,%,55.126268406195166
2026-08-22T20:55:00+00:00,22411530-3,Dew Point,CURRENT,°C,17.01019584716623
2026-08-22T20:56:00+00:00,22411541-S,Battery,CURRENT,V,8.577542724609375
2026-08-22T21:00:00+00:00,22411189-1,Temperature,CURRENT,°C,25.7160107421875
2026-08-22T21:00:00+00:00,22411189-2,RH,CURRENT,%,59.65972381170367
2026-08-22T21:00:00+00:00,22411189-3,Dew Point,CURRENT,°C,17.29934727349448
2026-08-22T21:00:00+00:00,22411190-1,Temperature,CURRENT,°C,25.694560546875003
2026-08-22T21:00:00+00:00,22411190-2,RH,CURRENT,%,58.41763942931258
2026-08-22T21:00:00+00:00,22411190-3,Dew Point,CURRENT,°C,16.94644528640948
2026-08-22T21:00:00+00:00,22411191-1,Temperature,CURRENT,°C,25.608759765625003
2026-08-22T21:00:00+00:00,22411191-2,RH,CURRENT,%,58.689250019073775
2026-08-22T21:00:00+00:00,22411191-3,Dew Point,CURRENT,°C,16.939391154589096
2026-08-22T21:00:00+00:00,22411525-1,Temperature,CURRENT,°C,25.5444091796875
2026-08-22T21:00:00+00:00,22411525-2,RH,CURRENT,%,57.933928435187305
2026-08-22T21:00:00+00:00,22411525-3,Dew Point,CURRENT,°C,16.67478694698453
2026-08-22T21:00:00+00:00,22411526-1,Temperature,CURRENT,°C,25.9734130859375
2026-08-22T21:00:00+00:00,22411526-2,RH,CURRENT,%,58.80827038986801
2026-08-22T21:00:00+00:00,22411526-3,Dew Point,CURRENT,°C,17.31295119913013
2026-08-22T21:00:00+00:00,22411527-1,Temperature,CURRENT,°C,25.565859374999995
2026-08-22T21:00:00+00:00,22411527-2,RH,CURRENT,%,58.307774471656366
2026-08-22T21:00:00+00:00,22411527-3,Dew Point,CURRENT,°C,16.796286936582035
2026-08-22T21:00:00+00:00,22411528-1,Temperature,CURRENT,°C,25.673110351562492
2026-08-22T21:00:00+00:00,22411528-2,RH,CURRENT,%,60.55085069047074
2026-08-22T21:00:00+00:00,22411528-3,Dew Point,CURRENT,°C,17.494083200779833
2026-08-22T21:00:00+00:00,22411529-1,Temperature,CURRENT,°C,25.930512695312494
2026-08-22T21:00:00+00:00,22411529-2,RH,CURRENT,%,61.646448462653545
2026-08-22T21:00:00+00:00,22411529-3,Dew Point,CURRENT,°C,18.021393779735057
2026-08-22T21:00:00+00:00,22411530-1,Temperature,CURRENT,°C,25.6302099609375
2026-08-22T21:00:00+00:00,22411530-2,RH,CURRENT,%,58.313878080415044
2026-08-22T21:00:00+00:00,22411530-3,Dew Point,CURRENT,°C,16.858152858519876
2026-08-22T21:01:00+00:00,22411541-S,Battery,CURRENT,V,8.564619873046876
2026-08-22T21:05:00+00:00,22411189-1,Temperature,CURRENT,°C,25.780361328125004
2026-08-22T21:05:00+00:00,22411189-2,RH,CURRENT,%,60.87739375906004
2026-08-22T21:05:00+00:00,22411189-3,Dew Point,CURRENT,°C,17.68032729727113
2026-08-22T21:05:00+00:00,22411190-1,Temperature,CURRENT,°C,25.758911132812493
2026-08-22T21:05:00+00:00,22411190-2,RH,CURRENT,%,59.690241855497064
2026-08-22T21:05:00+00:00,22411190-3,Dew Point,CURRENT,°C,17.347706122952406
2026-08-22T21:05:00+00:00,22411191-1,Temperature,CURRENT,°C,25.780361328125004
2026-08-22T21:05:00+00:00,22411191-2,RH,CURRENT,%,59.75585564965286
2026-08-22T21:05:00+00:00,22411191-3,Dew Point,CURRENT,°C,17.385247835521994
2026-08-22T21:05:00+00:00,22411525-1,Temperature,CURRENT,°C,25.694560546875003
2026-08-22T21:05:00+00:00,22411525-2,RH,CURRENT,%,59.04478522926681
2026-08-22T21:05:00+00:00,22411525-3,Dew Point,CURRENT,°C,17.115233986287443
2026-08-22T21:05:00+00:00,22411526-1,Temperature,CURRENT,°C,25.8018115234375
2026-08-22T21:05:00+00:00,22411526-2,RH,CURRENT,%,60.946059357595175
2026-08-22T21:05:00+00:00,22411526-3,Dew Point,CURRENT,°C,17.718419216151197
2026-08-22T21:05:00+00:00,22411527-1,Temperature,CURRENT,°C,25.694560546875003
2026-08-22T21:05:00+00:00,22411527-2,RH,CURRENT,%,59.140917067215995
2026-08-22T21:05:00+00:00,22411527-3,Dew Point,CURRENT,°C,17.140967773956078
2026-08-22T21:05:00+00:00,22411528-1,Temperature,CURRENT,°C,25.565859374999995
2026-08-22T21:05:00+00:00,22411528-2,RH,CURRENT,%,62.37888151369497
2026-08-22T21:05:00+00:00,22411528-3,Dew Point,CURRENT,°C,17.865609221046324
2026-08-22T21:05:00+00:00,22411529-1,Temperature,CURRENT,°C,25.222656249999993
2026-08-22T21:05:00+00:00,22411529-2,RH,CURRENT,%,64.98817425803006
2026-08-22T21:05:00+00:00,22411529-3,Dew Point,CURRENT,°C,18.193745774660876
2026-08-22T21:05:00+00:00,22411530-1,Temperature,CURRENT,°C,25.737460937499996
2026-08-22T21:05:00+00:00,22411530-2,RH,CURRENT,%,59.429312581063556
2026-08-22T21:05:00+00:00,22411530-3,Dew Point,CURRENT,°C,17.25818618601428
2026-08-22T21:06:00+00:00,22411541-S,Battery,CURRENT,V,8.548466308593751
2026-08-22T21:10:00+00:00,22411189-1,Temperature,CURRENT,°C,26.295166015624993
2026-08-22T21:10:00+00:00,22411189-2,RH,CURRENT,%,58.06515602349889
2026-08-22T21:10:00+00:00,22411189-3,Dew Point,CURRENT,°C,17.412526884484265
2026-08-22T21:10:00+00:00,22411190-1,Temperature,CURRENT,°C,26.209365234374992
2026-08-22T21:10:00+00:00,22411190-2,RH,CURRENT,%,57.1953917753872
2026-08-22T21:10:00+00:00,22411190-3,Dew Point,CURRENT,°C,17.09339536864649
2026-08-22T21:10:00+00:00,22411191-1,Temperature,CURRENT,°C,26.0806640625
2026-08-22T21:10:00+00:00,22411191-2,RH,CURRENT,%,57.607385366598
2026-08-22T21:10:00+00:00,22411191-3,Dew Point,CURRENT,°C,17.08672315654791
2026-08-22T21:10:00+00:00,22411525-1,Temperature,CURRENT,°C,25.9734130859375
2026-08-22T21:10:00+00:00,22411525-2,RH,CURRENT,%,57.013809414816514
2026-08-22T21:10:00+00:00,22411525-3,Dew Point,CURRENT,°C,16.82297687668928
2026-08-22T21:10:00+00:00,22411526-1,Temperature,CURRENT,°C,26.50966796875
2026-08-22T21:10:00+00:00,22411526-2,RH,CURRENT,%,57.61196307316701
2026-08-22T21:10:00+00:00,22411526-3,Dew Point,CURRENT,°C,17.488734266565313
2026-08-22T21:10:00+00:00,22411527-1,Temperature,CURRENT,°C,25.9734130859375
2026-08-22T21:10:00+00:00,22411527-2,RH,CURRENT,%,57.36934462500954
2026-08-22T21:10:00+00:00,22411527-3,Dew Point,CURRENT,°C,16.921117777606906
2026-08-22T21:10:00+00:00,22411528-1,Temperature,CURRENT,°C,26.295166015624993
2026-08-22T21:10:00+00:00,22411528-2,RH,CURRENT,%,58.92576485847257
2026-08-22T21:10:00+00:00,22411528-3,Dew Point,CURRENT,°C,17.64599575850692
2026-08-22T21:10:00+00:00,22411529-1,Temperature,CURRENT,°C,25.694560546875003
2026-08-22T21:10:00+00:00,22411529-2,RH,CURRENT,%,62.87632562752727
2026-08-22T21:10:00+00:00,22411529-3,Dew Point,CURRENT,°C,18.113607936603607
2026-08-22T21:10:00+00:00,22411530-1,Temperature,CURRENT,°C,26.0806640625
2026-08-22T21:10:00+00:00,22411530-2,RH,CURRENT,%,57.219806210421915
2026-08-22T21:10:00+00:00,22411530-3,Dew Point,CURRENT,°C,16.980015481428726
2026-08-22T21:11:00+00:00,22411541-S,Battery,CURRENT,V,8.551697021484376
2026-08-22T21:15:00+00:00,22411189-1,Temperature,CURRENT,°C,25.372807617187497
2026-08-22T21:15:00+00:00,22411189-2,RH,CURRENT,%,59.978637369344625
2026-08-22T21:15:00+00:00,22411189-3,Dew Point,CURRENT,°C,17.061551402863138
2026-08-22T21:15:00+00:00,22411190-1,Temperature,CURRENT,°C,25.372807617187497
2026-08-22T21:15:00+00:00,22411190-2,RH,CURRENT,%,58.75181200885023
2026-08-22T21:15:00+00:00,22411190-3,Dew Point,CURRENT,°C,16.73522374224708
2026-08-22T21:15:00+00:00,22411191-1,Temperature,CURRENT,°C,25.372807617187497
2026-08-22T21:15:00+00:00,22411191-2,RH,CURRENT,%,58.99137865262836
2026-08-22T21:15:00+00:00,22411191-3,Dew Point,CURRENT,°C,16.799412924758272
2026-08-22T21:15:00+00:00,22411525-1,Temperature,CURRENT,°C,25.329907226562504
2026-08-22T21:15:00+00:00,22411525-2,RH,CURRENT,%,58.355077439536124
2026-08-22T21:15:00+00:00,22411525-3,Dew Point,CURRENT,°C,16.588268167757594
2026-08-22T21:15:00+00:00,22411526-1,Temperature,CURRENT,°C,25.437158203125
2026-08-22T21:15:00+00:00,22411526-2,RH,CURRENT,%,59.49340047302968
2026-08-22T21:15:00+00:00,22411526-3,Dew Point,CURRENT,°C,16.99355382259174
2026-08-22T21:15:00+00:00,22411527-1,Temperature,CURRENT,°C,25.351357421875
2026-08-22T21:15:00+00:00,22411527-2,RH,CURRENT,%,58.69840543221179
2026-08-22T21:15:00+00:00,22411527-3,Dew Point,CURRENT,°C,16.70079376746381
2026-08-22T21:15:00+00:00,22411528-1,Temperature,CURRENT,°C,25.222656249999993
2026-08-22T21:15:00+00:00,22411528-2,RH,CURRENT,%,60.80262455176623
2026-08-22T21:15:00+00:00,22411528-3,Dew Point,CURRENT,°C,17.136218726109664
2026-08-22T21:15:00+00:00,22411529-1,Temperature,CURRENT,°C,24.986704101562502
2026-08-22T21:15:00+00:00,22411529-2,RH,CURRENT,%,63.0914778362707
2026-08-22T21:15:00+00:00,22411529-3,Dew Point,CURRENT,°C,17.499163073933723
2026-08-22T21:15:00+00:00,22411530-1,Temperature,CURRENT,°C,25.372807617187497
2026-08-22T21:15:00+00:00,22411530-2,RH,CURRENT,%,58.522926680399785
2026-08-22T21:15:00+00:00,22411530-3,Dew Point,CURRENT,°C,16.673681952619333
2026-08-22T21:16:00+00:00,22411541-S,Battery,CURRENT,V,8.548466308593751
2026-08-22T21:20:00+00:00,22411189-1,Temperature,CURRENT,°C,25.136855468749992
2026-08-22T21:20:00+00:00,22411189-2,RH,CURRENT,%,63.53246356908522
2026-08-22T21:20:00+00:00,22411189-3,Dew Point,CURRENT,°C,17.751736387281184
2026-08-22T21:20:00+00:00,22411190-1,Temperature,CURRENT,°C,25.201206054687496
2026-08-22T21:20:00+00:00,22411190-2,RH,CURRENT,%,61.66475928892958
2026-08-22T21:20:00+00:00,22411190-3,Dew Point,CURRENT,°C,17.33893675038887
2026-08-22T21:20:00+00:00,22411191-1,Temperature,CURRENT,°C,25.265556640625
2026-08-22T21:20:00+00:00,22411191-2,RH,CURRENT,%,61.6235599298085
2026-08-22T21:20:00+00:00,22411191-3,Dew Point,CURRENT,°C,17.388981205726363
2026-08-22T21:20:00+00:00,22411525-1,Temperature,CURRENT,°C,25.201206054687496
2026-08-22T21:20:00+00:00,22411525-2,RH,CURRENT,%,60.75684748607614
2026-08-22T21:20:00+00:00,22411525-3,Dew Point,CURRENT,°C,17.10412859505273
2026-08-22T21:20:00+00:00,22411526-1,Temperature,CURRENT,°C,25.072504882812503
2026-08-22T21:20:00+00:00,22411526-2,RH,CURRENT,%,63.42565041580835
2026-08-22T21:20:00+00:00,22411526-3,Dew Point,CURRENT,°C,17.664138059475516
2026-08-22T21:20:00+00:00,22411527-1,Temperature,CURRENT,°C,25.222656249999993
2026-08-22T21:20:00+00:00,22411527-2,RH,CURRENT,%,60.900282291905086
2026-08-22T21:20:00+00:00,22411527-3,Dew Point,CURRENT,°C,17.161609624291184
2026-08-22T21:20:00+00:00,22411528-1,Temperature,CURRENT,°C,24.879453125000005
2026-08-22T21:20:00+00:00,22411528-2,RH,CURRENT,%,64.63111314564736
2026-08-22T21:20:00+00:00,22411528-3,Dew Point,CURRENT,°C,17.780577791588314
2026-08-22T21:20:00+00:00,22411529-1,Temperature,CURRENT,°C,24.4718994140625
2026-08-22T21:20:00+00:00,22411529-2,RH,CURRENT,%,68.31616693369955
2026-08-22T21:20:00+00:00,22411529-3,Dew Point,CURRENT,°C,18.276263328183212
2026-08-22T21:20:00+00:00,22411530-1,Temperature,CURRENT,°C,25.222656249999993
2026-08-22T21:20:00+00:00,22411530-2,RH,CURRENT,%,61.23903257801175
2026-08-22T21:20:00+00:00,22411530-3,Dew Point,CURRENT,°C,17.24940879491197
2026-08-22T21:21:00+00:00,22411541-S,Battery,CURRENT,V,8.538774169921876
2026-08-22T21:25:00+00:00,22411189-1,Temperature,CURRENT,°C,25.565859374999995
2026-08-22T21:25:00+00:00,22411189-2,RH,CURRENT,%,61.00862134737164
2026-08-22T21:25:00+00:00,22411189-3,Dew Point,CURRENT,°C,17.51270155963408
2026-08-22T21:25:00+00:00,22411190-1,Temperature,CURRENT,°C,25.565859374999995
2026-08-22T21:25:00+00:00,22411190-2,RH,CURRENT,%,59.78179598687724
2026-08-22T21:25:00+00:00,22411190-3,Dew Point,CURRENT,°C,17.190796121254294
2026-08-22T21:25:00+00:00,22411191-1,Temperature,CURRENT,°C,25.522958984375002
2026-08-22T21:25:00+00:00,22411191-2,RH,CURRENT,%,60.227359426260776
2026-08-22T21:25:00+00:00,22411191-3,Dew Point,CURRENT,°C,17.26806576022652
2026-08-22T21:25:00+00:00,22411525-1,Temperature,CURRENT,°C,25.437158203125
2026-08-22T21:25:00+00:00,22411525-2,RH,CURRENT,%,59.59105821316854
2026-08-22T21:25:00+00:00,22411525-3,Dew Point,CURRENT,°C,17.019474029332812
2026-08-22T21:25:00+00:00,22411526-1,Temperature,CURRENT,°C,25.608759765625003
2026-08-22T21:25:00+00:00,22411526-2,RH,CURRENT,%,60.939955748836496
2026-08-22T21:25:00+00:00,22411526-3,Dew Point,CURRENT,°C,17.535198121865527
2026-08-22T21:25:00+00:00,22411527-1,Temperature,CURRENT,°C,25.458608398437498
2026-08-22T21:25:00+00:00,22411527-2,RH,CURRENT,%,59.92370489051652
2026-08-22T21:25:00+00:00,22411527-3,Dew Point,CURRENT,°C,17.127626567358607
2026-08-22T21:25:00+00:00,22411528-1,Temperature,CURRENT,°C,25.308457031249993
2026-08-22T21:25:00+00:00,22411528-2,RH,CURRENT,%,62.493324177920194
2026-08-22T21:25:00+00:00,22411528-3,Dew Point,CURRENT,°C,17.651828443535184
2026-08-22T21:25:00+00:00,22411529-1,Temperature,CURRENT,°C,24.600600585937492
2026-08-22T21:25:00+00:00,22411529-2,RH,CURRENT,%,66.56748302433815
2026-08-22T21:25:00+00:00,22411529-3,Dew Point,CURRENT,°C,17.985499430513272
2026-08-22T21:25:00+00:00,22411530-1,Temperature,CURRENT,°C,25.522958984375002
2026-08-22T21:25:00+00:00,22411530-2,RH,CURRENT,%,59.69176775768673
2026-08-22T21:25:00+00:00,22411530-3,Dew Point,CURRENT,°C,17.126686528950074
2026-08-22T21:26:00+00:00,22411541-S,Battery,CURRENT,V,8.5420048828125
2026-08-22T21:30:00+00:00,22411189-1,Temperature,CURRENT,°C,25.287006835937497
2026-08-22T21:30:00+00:00,22411189-2,RH,CURRENT,%,61.38551918822004
2026-08-22T21:30:00+00:00,22411189-3,Dew Point,CURRENT,°C,17.34784870181224
2026-08-22T21:30:00+00:00,22411190-1,Temperature,CURRENT,°C,25.287006835937497
2026-08-22T21:30:00+00:00,22411190-2,RH,CURRENT,%,60.189211871519035
2026-08-22T21:30:00+00:00,22411190-3,Dew Point,CURRENT,°C,17.036366846999204
2026-08-22T21:30:00+00:00,22411191-1,Temperature,CURRENT,°C,25.265556640625
2026-08-22T21:30:00+00:00,22411191-2,RH,CURRENT,%,60.692759594110015
2026-08-22T21:30:00+00:00,22411191-3,Dew Point,CURRENT,°C,17.147957342077436
2026-08-22T21:30:00+00:00,22411525-1,Temperature,CURRENT,°C,25.222656249999993
2026-08-22T21:30:00+00:00,22411525-2,RH,CURRENT,%,59.99694819562066
2026-08-22T21:30:00+00:00,22411525-3,Dew Point,CURRENT,°C,16.925369911699903
2026-08-22T21:30:00+00:00,22411526-1,Temperature,CURRENT,°C,25.351357421875
2026-08-22T21:30:00+00:00,22411526-2,RH,CURRENT,%,60.83619439993896
2026-08-22T21:30:00+00:00,22411526-3,Dew Point,CURRENT,°C,17.266023448286145
2026-08-22T21:30:00+00:00,22411527-1,Temperature,CURRENT,°C,25.222656249999993
2026-08-22T21:30:00+00:00,22411527-2,RH,CURRENT,%,60.35095750362402
2026-08-22T21:30:00+00:00,22411527-3,Dew Point,CURRENT,°C,17.018319169811637
2026-08-22T21:30:00+00:00,22411528-1,Temperature,CURRENT,°C,25.05105468749999
2026-08-22T21:30:00+00:00,22411528-2,RH,CURRENT,%,62.392614633402
2026-08-22T21:30:00+00:00,22411528-3,Dew Point,CURRENT,°C,17.383300762037248
2026-08-22T21:30:00+00:00,22411529-1,Temperature,CURRENT,°C,24.51479980468749
2026-08-22T21:30:00+00:00,22411529-2,RH,CURRENT,%,65.57259479667353
2026-08-22T21:30:00+00:00,22411529-3,Dew Point,CURRENT,°C,17.6644305972802
2026-08-22T21:30:00+00:00,22411530-1,Temperature,CURRENT,°C,25.265556640625
2026-08-22T21:30:00+00:00,22411530-2,RH,CURRENT,%,60.09460593575952
2026-08-22T21:30:00+00:00,22411530-3,Dew Point,CURRENT,°C,16.991355508022014
2026-08-22T21:31:00+00:00,22411541-S,Battery,CURRENT,V,8.5420048828125
2026-08-22T21:35:00+00:00,22411189-1,Temperature,CURRENT,°C,25.05105468749999
2026-08-22T21:35:00+00:00,22411189-2,RH,CURRENT,%,63.402761882963304
2026-08-22T21:35:00+00:00,22411189-3,Dew Point,CURRENT,°C,17.638120875789163
2026-08-22T21:35:00+00:00,22411190-1,Temperature,CURRENT,°C,25.115405273437496
2026-08-22T21:35:00+00:00,22411190-2,RH,CURRENT,%,61.818875410086214
2026-08-22T21:35:00+00:00,22411190-3,Dew Point,CURRENT,°C,17.297615695331217
2026-08-22T21:35:00+00:00,22411191-1,Temperature,CURRENT,°C,25.201206054687496
2026-08-22T21:35:00+00:00,22411191-2,RH,CURRENT,%,61.76546883344778
2026-08-22T21:35:00+00:00,22411191-3,Dew Point,CURRENT,°C,17.36479581937241
2026-08-22T21:35:00+00:00,22411525-1,Temperature,CURRENT,°C,25.179755859375
2026-08-22T21:35:00+00:00,22411525-2,RH,CURRENT,%,61.03761348897536
2026-08-22T21:35:00+00:00,22411525-3,Dew Point,CURRENT,°C,17.156880400939166
2026-08-22T21:35:00+00:00,22411526-1,Temperature,CURRENT,°C,24.943803710937495
2026-08-22T21:35:00+00:00,22411526-2,RH,CURRENT,%,63.404287785152974
2026-08-22T21:35:00+00:00,22411526-3,Dew Point,CURRENT,°C,17.537082857615065
2026-08-22T21:35:00+00:00,22411527-1,Temperature,CURRENT,°C,25.201206054687496
2026-08-22T21:35:00+00:00,22411527-2,RH,CURRENT,%,61.266498817425806
2026-08-22T21:35:00+00:00,22411527-3,Dew Point,CURRENT,°C,17.236312201071645
2026-08-22T21:35:00+00:00,22411528-1,Temperature,CURRENT,°C,24.750751953124997
2026-08-22T21:35:00+00:00,22411528-2,RH,CURRENT,%,64.51972228580148
2026-08-22T21:35:00+00:00,22411528-3,Dew Point,CURRENT,°C,17.631180606045938
2026-08-22T21:35:00+00:00,22411529-1,Temperature,CURRENT,°C,24.150146484374993
2026-08-22T21:35:00+00:00,22411529-2,RH,CURRENT,%,68.54810406652933
2026-08-22T21:35:00+00:00,22411529-3,Dew Point,CURRENT,°C,18.023101138443764
2026-08-22T21:35:00+00:00,22411530-1,Temperature,CURRENT,°C,25.179755859375
2026-08-22T21:35:00+00:00,22411530-2,RH,CURRENT,%,61.393148699168385
2026-08-22T21:35:00+00:00,22411530-3,Dew Point,CURRENT,°C,17.24880871863961
2026-08-22T21:36:00+00:00,22411541-S,Battery,CURRENT,V,8.5420048828125
2026-08-22T21:40:00+00:00,22411189-1,Temperature,CURRENT,°C,26.03776367187499
2026-08-22T21:40:00+00:00,22411189-2,RH,CURRENT,%,62.34988937209125
2026-08-22T21:40:00+00:00,22411189-3,Dew Point,CURRENT,°C,18.30345240797435
2026-08-22T21:40:00+00:00,22411190-1,Temperature,CURRENT,°C,26.03776367187499
2026-08-22T21:40:00+00:00,22411190-2,RH,CURRENT,%,61.15968566414893
2026-08-22T21:40:00+00:00,22411190-3,Dew Point,CURRENT,°C,17.9961183074767
2026-08-22T21:40:00+00:00,22411191-1,Temperature,CURRENT,°C,26.12356445312499
2026-08-22T21:40:00+00:00,22411191-2,RH,CURRENT,%,61.28023193713283
2026-08-22T21:40:00+00:00,22411191-3,Dew Point,CURRENT,°C,18.10825597249213
2026-08-22T21:40:00+00:00,22411525-1,Temperature,CURRENT,°C,26.016313476562495
2026-08-22T21:40:00+00:00,22411525-2,RH,CURRENT,%,60.37842374303807
2026-08-22T21:40:00+00:00,22411525-3,Dew Point,CURRENT,°C,17.77136586909928
2026-08-22T21:40:00+00:00,22411526-1,Temperature,CURRENT,°C,25.8876123046875
2026-08-22T21:40:00+00:00,22411526-2,RH,CURRENT,%,63.28984512092775
2026-08-22T21:40:00+00:00,22411526-3,Dew Point,CURRENT,°C,18.400632730921004
2026-08-22T21:40:00+00:00,22411527-1,Temperature,CURRENT,°C,26.03776367187499
2026-08-22T21:40:00+00:00,22411527-2,RH,CURRENT,%,60.71717402914473
2026-08-22T21:40:00+00:00,22411527-3,Dew Point,CURRENT,°C,17.880516691850787
2026-08-22T21:40:00+00:00,22411528-1,Temperature,CURRENT,°C,25.608759765625003
2026-08-22T21:40:00+00:00,22411528-2,RH,CURRENT,%,65.08430609597924
2026-08-22T21:40:00+00:00,22411528-3,Dew Point,CURRENT,°C,18.583598053648387
2026-08-22T21:40:00+00:00,22411529-1,Temperature,CURRENT,°C,24.407548828124995
2026-08-22T21:40:00+00:00,22411529-2,RH,CURRENT,%,72.06378271152819
2026-08-22T21:40:00+00:00,22411529-3,Dew Point,CURRENT,°C,19.069704348176217
2026-08-22T21:40:00+00:00,22411530-1,Temperature,CURRENT,°C,26.016313476562495
2026-08-22T21:40:00+00:00,22411530-2,RH,CURRENT,%,60.822461280231934
2026-08-22T21:40:00+00:00,22411530-3,Dew Point,CURRENT,°C,17.88791393164547
2026-08-22T21:41:00+00:00,22411541-S,Battery,CURRENT,V,8.532312744140626
2026-08-22T21:45:00+00:00,22411189-1,Temperature,CURRENT,°C,25.458608398437498
2026-08-22T21:45:00+00:00,22411189-2,RH,CURRENT,%,62.7893492027161
2026-08-22T21:45:00+00:00,22411189-3,Dew Point,CURRENT,°C,17.868717267563408
2026-08-22T21:45:00+00:00,22411190-1,Temperature,CURRENT,°C,25.50150878906249
2026-08-22T21:45:00+00:00,22411190-2,RH,CURRENT,%,61.46639200427253
2026-08-22T21:45:00+00:00,22411190-3,Dew Point,CURRENT,°C,17.57075424849035
2026-08-22T21:45:00+00:00,22411191-1,Temperature,CURRENT,°C,25.522958984375002
2026-08-22T21:45:00+00:00,22411191-2,RH,CURRENT,%,61.73800259403372
2026-08-22T21:45:00+00:00,22411191-3,Dew Point,CURRENT,°C,17.660977124315473
2026-08-22T21:45:00+00:00,22411525-1,Temperature,CURRENT,°C,25.480058593749995
2026-08-22T21:45:00+00:00,22411525-2,RH,CURRENT,%,60.903334096284425
2026-08-22T21:45:00+00:00,22411525-3,Dew Point,CURRENT,°C,17.404577174832745
2026-08-22T21:45:00+00:00,22411526-1,Temperature,CURRENT,°C,25.437158203125
2026-08-22T21:45:00+00:00,22411526-2,RH,CURRENT,%,62.607766842145416
2026-08-22T21:45:00+00:00,22411526-3,Dew Point,CURRENT,°C,17.80239583401408
2026-08-22T21:45:00+00:00,22411527-1,Temperature,CURRENT,°C,25.480058593749995
2026-08-22T21:45:00+00:00,22411527-2,RH,CURRENT,%,61.184100099183645
2026-08-22T21:45:00+00:00,22411527-3,Dew Point,CURRENT,°C,17.47751312543504
2026-08-22T21:45:00+00:00,22411528-1,Temperature,CURRENT,°C,25.179755859375
2026-08-22T21:45:00+00:00,22411528-2,RH,CURRENT,%,64.12603952086671
2026-08-22T21:45:00+00:00,22411528-3,Dew Point,CURRENT,°C,17.94027297891824
2026-08-22T21:45:00+00:00,22411529-1,Temperature,CURRENT,°C,24.386098632812498
2026-08-22T21:45:00+00:00,22411529-2,RH,CURRENT,%,68.56641489280537
2026-08-22T21:45:00+00:00,22411529-3,Dew Point,CURRENT,°C,18.252698201525035
2026-08-22T21:45:00+00:00,22411530-1,Temperature,CURRENT,°C,25.50150878906249
2026-08-22T21:45:00+00:00,22411530-2,RH,CURRENT,%,61.266498817425806
2026-08-22T21:45:00+00:00,22411530-3,Dew Point,CURRENT,°C,17.519058092245025
2026-08-22T21:46:00+00:00,22411541-S,Battery,CURRENT,V,8.52908203125
2026-08-22T21:50:00+00:00,22411189-1,Temperature,CURRENT,°C,25.522958984375002
2026-08-22T21:50:00+00:00,22411189-2,RH,CURRENT,%,62.781719691767755
2026-08-22T21:50:00+00:00,22411189-3,Dew Point,CURRENT,°C,17.927554753151146
2026-08-22T21:50:00+00:00,22411190-1,Temperature,CURRENT,°C,25.5444091796875
2026-08-22T21:50:00+00:00,22411190-2,RH,CURRENT,%,61.29854276340887
2026-08-22T21:50:00+00:00,22411190-3,Dew Point,CURRENT,°C,17.567748479787852
2026-08-22T21:50:00+00:00,22411191-1,Temperature,CURRENT,°C,25.50150878906249
2026-08-22T21:50:00+00:00,22411191-2,RH,CURRENT,%,61.6739147020676
2026-08-22T21:50:00+00:00,22411191-3,Dew Point,CURRENT,°C,17.62426802736786
2026-08-22T21:50:00+00:00,22411525-1,Temperature,CURRENT,°C,25.437158203125
2026-08-22T21:50:00+00:00,22411525-2,RH,CURRENT,%,60.907911802853434
2026-08-22T21:50:00+00:00,22411525-3,Dew Point,CURRENT,°C,17.365406904144656
2026-08-22T21:50:00+00:00,22411526-1,Temperature,CURRENT,°C,25.5444091796875
2026-08-22T21:50:00+00:00,22411526-2,RH,CURRENT,%,62.46585793850614
2026-08-22T21:50:00+00:00,22411526-3,Dew Point,CURRENT,°C,17.867536019642767
2026-08-22T21:50:00+00:00,22411527-1,Temperature,CURRENT,°C,25.458608398437498
2026-08-22T21:50:00+00:00,22411527-2,RH,CURRENT,%,61.269550621805145
2026-08-22T21:50:00+00:00,22411527-3,Dew Point,CURRENT,°C,17.479457143383687
2026-08-22T21:50:00+00:00,22411528-1,Temperature,CURRENT,°C,25.308457031249993
2026-08-22T21:50:00+00:00,22411528-2,RH,CURRENT,%,64.13214312962539
2026-08-22T21:50:00+00:00,22411528-3,Dew Point,CURRENT,°C,18.063659081839976
2026-08-22T21:50:00+00:00,22411529-1,Temperature,CURRENT,°C,24.407548828124995
2026-08-22T21:50:00+00:00,22411529-2,RH,CURRENT,%,69.30037384603646
2026-08-22T21:50:00+00:00,22411529-3,Dew Point,CURRENT,°C,18.44324263976722
2026-08-22T21:50:00+00:00,22411530-1,Temperature,CURRENT,°C,25.522958984375002
2026-08-22T21:50:00+00:00,22411530-2,RH,CURRENT,%,61.269550621805145
2026-08-22T21:50:00+00:00,22411530-3,Dew Point,CURRENT,°C,17.540043961446457
2026-08-22T21:51:00+00:00,22411541-S,Battery,CURRENT,V,8.538774169921876
2026-08-22T21:55:00+00:00,22411189-1,Temperature,CURRENT,°C,26.16646484375
2026-08-22T21:55:00+00:00,22411189-2,RH,CURRENT,%,60.611886778057524
2026-08-22T21:55:00+00:00,22411189-3,Dew Point,CURRENT,°C,17.973896538659996
2026-08-22T21:55:00+00:00,22411190-1,Temperature,CURRENT,°C,26.102114257812495
2026-08-22T21:55:00+00:00,22411190-2,RH,CURRENT,%,59.44914930952926
2026-08-22T21:55:00+00:00,22411190-3,Dew Point,CURRENT,°C,17.605476141368644
2026-08-22T21:55:00+00:00,22411191-1,Temperature,CURRENT,°C,25.994863281249998
2026-08-22T21:55:00+00:00,22411191-2,RH,CURRENT,%,59.67803463797971
2026-08-22T21:55:00+00:00,22411191-3,Dew Point,CURRENT,°C,17.56587075638544
2026-08-22T21:55:00+00:00,22411525-1,Temperature,CURRENT,°C,25.8876123046875
2026-08-22T21:55:00+00:00,22411525-2,RH,CURRENT,%,58.96849011978332
2026-08-22T21:55:00+00:00,22411525-3,Dew Point,CURRENT,°C,17.275669063928216
2026-08-22T21:55:00+00:00,22411526-1,Temperature,CURRENT,°C,25.994863281249998
2026-08-22T21:55:00+00:00,22411526-2,RH,CURRENT,%,60.71564812695506
2026-08-22T21:55:00+00:00,22411526-3,Dew Point,CURRENT,°C,17.83977616236346
2026-08-22T21:55:00+00:00,22411527-1,Temperature,CURRENT,°C,25.8876123046875
2026-08-22T21:55:00+00:00,22411527-2,RH,CURRENT,%,59.27519645990692
2026-08-22T21:55:00+00:00,22411527-3,Dew Point,CURRENT,°C,17.357853557722322
2026-08-22T21:55:00+00:00,22411528-1,Temperature,CURRENT,°C,25.823261718749997
2026-08-22T21:55:00+00:00,22411528-2,RH,CURRENT,%,61.91653315022507
2026-08-22T21:55:00+00:00,22411528-3,Dew Point,CURRENT,°C,17.989950672578903
2026-08-22T21:55:00+00:00,22411529-1,Temperature,CURRENT,°C,24.6435009765625
2026-08-22T21:55:00+00:00,22411529-2,RH,CURRENT,%,67.54711223010605
2026-08-22T21:55:00+00:00,22411529-3,Dew Point,CURRENT,°C,18.259258493295768
2026-08-22T21:55:00+00:00,22411530-1,Temperature,CURRENT,°C,25.9734130859375
2026-08-22T21:55:00+00:00,22411530-2,RH,CURRENT,%,59.40794995040818
2026-08-22T21:55:00+00:00,22411530-3,Dew Point,CURRENT,°C,17.473775197804073
2026-08-22T21:56:00+00:00,22411541-S,Battery,CURRENT,V,8.52908203125
2026-08-22T22:00:00+00:00,22411189-1,Temperature,CURRENT,°C,26.552568359374995
2026-08-22T22:00:00+00:00,22411189-2,RH,CURRENT,%,59.974059662775616
2026-08-22T22:00:00+00:00,22411189-3,Dew Point,CURRENT,°C,18.168030821978455
2026-08-22T22:00:00+00:00,22411190-1,Temperature,CURRENT,°C,26.488217773437505
2026-08-22T22:00:00+00:00,22411190-2,RH,CURRENT,%,58.34439612420844
2026-08-22T22:00:00+00:00,22411190-3,Dew Point,CURRENT,°C,17.66922872192146
2026-08-22T22:00:00+00:00,22411191-1,Temperature,CURRENT,°C,26.252265625
2026-08-22T22:00:00+00:00,22411191-2,RH,CURRENT,%,59.0905622949569
2026-08-22T22:00:00+00:00,22411191-3,Dew Point,CURRENT,°C,17.650159485535386
2026-08-22T22:00:00+00:00,22411525-1,Temperature,CURRENT,°C,26.12356445312499
2026-08-22T22:00:00+00:00,22411525-2,RH,CURRENT,%,58.55497062638285
2026-08-22T22:00:00+00:00,22411525-3,Dew Point,CURRENT,°C,17.385144875753607
2026-08-22T22:00:00+00:00,22411526-1,Temperature,CURRENT,°C,26.187915039062496
2026-08-22T22:00:00+00:00,22411526-2,RH,CURRENT,%,60.523384451056685
2026-08-22T22:00:00+00:00,22411526-3,Dew Point,CURRENT,°C,17.970791992034933
2026-08-22T22:00:00+00:00,22411527-1,Temperature,CURRENT,°C,26.12356445312499
2026-08-22T22:00:00+00:00,22411527-2,RH,CURRENT,%,58.97306782635233
2026-08-22T22:00:00+00:00,22411527-3,Dew Point,CURRENT,°C,17.497970219337454
2026-08-22T22:00:00+00:00,22411528-1,Temperature,CURRENT,°C,25.951962890625005
2026-08-22T22:00:00+00:00,22411528-2,RH,CURRENT,%,61.66933699549859
2026-08-22T22:00:00+00:00,22411528-3,Dew Point,CURRENT,°C,18.047517215193054
2026-08-22T22:00:00+00:00,22411529-1,Temperature,CURRENT,°C,25.008154296875
2026-08-22T22:00:00+00:00,22411529-2,RH,CURRENT,%,66.49729152361334
2026-08-22T22:00:00+00:00,22411529-3,Dew Point,CURRENT,°C,18.356404101625373
2026-08-22T22:00:00+00:00,22411530-1,Temperature,CURRENT,°C,26.295166015624993
2026-08-22T22:00:00+00:00,22411530-2,RH,CURRENT,%,58.62973983367666
2026-08-22T22:00:00+00:00,22411530-3,Dew Point,CURRENT,°C,17.566027962957296
2026-08-22T22:01:00+00:00,22411541-S,Battery,CURRENT,V,8.5420048828125
2026-08-22T22:05:00+00:00,22411189-1,Temperature,CURRENT,°C,26.552568359374995
2026-08-22T22:05:00+00:00,22411189-2,RH,CURRENT,%,58.52903028915846
2026-08-22T22:05:00+00:00,22411189-3,Dew Point,CURRENT,°C,17.779659136042273
2026-08-22T22:05:00+00:00,22411190-1,Temperature,CURRENT,°C,26.445317382812497
2026-08-22T22:05:00+00:00,22411190-2,RH,CURRENT,%,57.552452887769896
2026-08-22T22:05:00+00:00,22411190-3,Dew Point,CURRENT,°C,17.412238042759114
2026-08-22T22:05:00+00:00,22411191-1,Temperature,CURRENT,°C,26.209365234374992
2026-08-22T22:05:00+00:00,22411191-2,RH,CURRENT,%,58.55497062638285
2026-08-22T22:05:00+00:00,22411191-3,Dew Point,CURRENT,°C,17.465460306487977
2026-08-22T22:05:00+00:00,22411525-1,Temperature,CURRENT,°C,26.0806640625
2026-08-22T22:05:00+00:00,22411525-2,RH,CURRENT,%,57.969024185549706
2026-08-22T22:05:00+00:00,22411525-3,Dew Point,CURRENT,°C,17.185723395445464
2026-08-22T22:05:00+00:00,22411526-1,Temperature,CURRENT,°C,26.230815429687503
2026-08-22T22:05:00+00:00,22411526-2,RH,CURRENT,%,59.177538719768066
2026-08-22T22:05:00+00:00,22411526-3,Dew Point,CURRENT,°C,17.653418876582283
2026-08-22T22:05:00+00:00,22411527-1,Temperature,CURRENT,°C,26.0806640625
2026-08-22T22:05:00+00:00,22411527-2,RH,CURRENT,%,58.32150759136339
2026-08-22T22:05:00+00:00,22411527-3,Dew Point,CURRENT,°C,17.28169811398326
2026-08-22T22:05:00+00:00,22411528-1,Temperature,CURRENT,°C,25.8876123046875
2026-08-22T22:05:00+00:00,22411528-2,RH,CURRENT,%,61.014724956130316
2026-08-22T22:05:00+00:00,22411528-3,Dew Point,CURRENT,°C,17.817049292011674
2026-08-22T22:05:00+00:00,22411529-1,Temperature,CURRENT,°C,25.029604492187495
2026-08-22T22:05:00+00:00,22411529-2,RH,CURRENT,%,65.66567483024338
2026-08-22T22:05:00+00:00,22411529-3,Dew Point,CURRENT,°C,18.1759339351094
2026-08-22T22:05:00+00:00,22411530-1,Temperature,CURRENT,°C,26.252265625
2026-08-22T22:05:00+00:00,22411530-2,RH,CURRENT,%,58.03768978408484
2026-08-22T22:05:00+00:00,22411530-3,Dew Point,CURRENT,°C,17.364913621767073
2026-08-22T22:06:00+00:00,22411541-S,Battery,CURRENT,V,8.548466308593751
2026-08-22T22:10:00+00:00,22411189-1,Temperature,CURRENT,°C,26.531118164062498
2026-08-22T22:10:00+00:00,22411189-2,RH,CURRENT,%,59.06309605554284
2026-08-22T22:10:00+00:00,22411189-3,Dew Point,CURRENT,°C,17.904066082034813
2026-08-22T22:10:00+00:00,22411190-1,Temperature,CURRENT,°C,26.4238671875
2026-08-22T22:10:00+00:00,22411190-2,RH,CURRENT,%,57.979705500877394
2026-08-22T22:10:00+00:00,22411190-3,Dew Point,CURRENT,°C,17.50949997259681
2026-08-22T22:10:00+00:00,22411191-1,Temperature,CURRENT,°C,26.209365234374992
2026-08-22T22:10:00+00:00,22411191-2,RH,CURRENT,%,58.771648737315935
2026-08-22T22:10:00+00:00,22411191-3,Dew Point,CURRENT,°C,17.524056465533313
2026-08-22T22:10:00+00:00,22411525-1,Temperature,CURRENT,°C,26.059213867187502
2026-08-22T22:10:00+00:00,22411525-2,RH,CURRENT,%,58.28030823224231
2026-08-22T22:10:00+00:00,22411525-3,Dew Point,CURRENT,°C,17.25043892679544
2026-08-22T22:10:00+00:00,22411526-1,Temperature,CURRENT,°C,26.445317382812497
2026-08-22T22:10:00+00:00,22411526-2,RH,CURRENT,%,59.04173342488747
2026-08-22T22:10:00+00:00,22411526-3,Dew Point,CURRENT,°C,17.81791708091541
2026-08-22T22:10:00+00:00,22411527-1,Temperature,CURRENT,°C,26.059213867187502
2026-08-22T22:10:00+00:00,22411527-2,RH,CURRENT,%,58.70603494316014
2026-08-22T22:10:00+00:00,22411527-3,Dew Point,CURRENT,°C,17.365734388295063
2026-08-22T22:10:00+00:00,22411528-1,Temperature,CURRENT,°C,25.823261718749997
2026-08-22T22:10:00+00:00,22411528-2,RH,CURRENT,%,61.40688181887541
2026-08-22T22:10:00+00:00,22411528-3,Dew Point,CURRENT,°C,17.8583856131146
2026-08-22T22:10:00+00:00,22411529-1,Temperature,CURRENT,°C,24.922353515624998
2026-08-22T22:10:00+00:00,22411529-2,RH,CURRENT,%,66.41031509880217
2026-08-22T22:10:00+00:00,22411529-3,Dew Point,CURRENT,°C,18.253895612375548
2026-08-22T22:10:00+00:00,22411530-1,Temperature,CURRENT,°C,26.230815429687503
2026-08-22T22:10:00+00:00,22411530-2,RH,CURRENT,%,58.37796597238117
2026-08-22T22:10:00+00:00,22411530-3,Dew Point,CURRENT,°C,17.43752297413744
2026-08-22T22:11:00+00:00,22411541-S,Battery,CURRENT,V,8.538774169921876
2026-08-22T22:15:00+00:00,22411189-1,Temperature,CURRENT,°C,26.488217773437505
2026-08-22T22:15:00+00:00,22411189-2,RH,CURRENT,%,59.03715571831846
2026-08-22T22:15:00+00:00,22411189-3,Dew Point,CURRENT,°C,17.856879584023257
2026-08-22T22:15:00+00:00,22411190-1,Temperature,CURRENT,°C,26.402416992187504
2026-08-22T22:15:00+00:00,22411190-2,RH,CURRENT,%,58.07583733882658
2026-08-22T22:15:00+00:00,22411190-3,Dew Point,CURRENT,°C,17.515730208983566
2026-08-22T22:15:00+00:00,22411191-1,Temperature,CURRENT,°C,26.145014648437503
2026-08-22T22:15:00+00:00,22411191-2,RH,CURRENT,%,58.776226443884944
2026-08-22T22:15:00+00:00,22411191-3,Dew Point,CURRENT,°C,17.46502771228218
2026-08-22T22:15:00+00:00,22411525-1,Temperature,CURRENT,°C,26.03776367187499
2026-08-22T22:15:00+00:00,22411525-2,RH,CURRENT,%,58.19790951400015
2026-08-22T22:15:00+00:00,22411525-3,Dew Point,CURRENT,°C,17.207974315917035
2026-08-22T22:15:00+00:00,22411526-1,Temperature,CURRENT,°C,26.65981933593749
2026-08-22T22:15:00+00:00,22411526-2,RH,CURRENT,%,58.70145723659113
2026-08-22T22:15:00+00:00,22411526-3,Dew Point,CURRENT,°C,17.926853868370344
2026-08-22T22:15:00+00:00,22411527-1,Temperature,CURRENT,°C,26.016313476562495
2026-08-22T22:15:00+00:00,22411527-2,RH,CURRENT,%,58.568703746089874
2026-08-22T22:15:00+00:00,22411527-3,Dew Point,CURRENT,°C,17.288462341181205
2026-08-22T22:15:00+00:00,22411528-1,Temperature,CURRENT,°C,25.951962890625005
2026-08-22T22:15:00+00:00,22411528-2,RH,CURRENT,%,61.315327687495234
2026-08-22T22:15:00+00:00,22411528-3,Dew Point,CURRENT,°C,17.95582368073982
2026-08-22T22:15:00+00:00,22411529-1,Temperature,CURRENT,°C,24.858002929687494
2026-08-22T22:15:00+00:00,22411529-2,RH,CURRENT,%,66.58426794842451
2026-08-22T22:15:00+00:00,22411529-3,Dew Point,CURRENT,°C,18.234424186301343
2026-08-22T22:15:00+00:00,22411530-1,Temperature,CURRENT,°C,26.209365234374992
2026-08-22T22:15:00+00:00,22411530-2,RH,CURRENT,%,58.3260852979324
2026-08-22T22:15:00+00:00,22411530-3,Dew Point,CURRENT,°C,17.40335637106438
2026-08-22T22:16:00+00:00,22411541-S,Battery,CURRENT,V,8.538774169921876
2026-08-22T22:20:00+00:00,22411189-1,Temperature,CURRENT,°C,26.295166015624993
2026-08-22T22:20:00+00:00,22411189-2,RH,CURRENT,%,59.186694132906084
2026-08-22T22:20:00+00:00,22411189-3,Dew Point,CURRENT,°C,17.716191692477206
2026-08-22T22:20:00+00:00,22411190-1,Temperature,CURRENT,°C,26.230815429687503
2026-08-22T22:20:00+00:00,22411190-2,RH,CURRENT,%,58.20859082932784
2026-08-22T22:20:00+00:00,22411190-3,Dew Point,CURRENT,°C,17.391457193875407
2026-08-22T22:20:00+00:00,22411191-1,Temperature,CURRENT,°C,25.994863281249998
2026-08-22T22:20:00+00:00,22411191-2,RH,CURRENT,%,59.03562981612879
2026-08-22T22:20:00+00:00,22411191-3,Dew Point,CURRENT,°C,17.394193673639982
2026-08-22T22:20:00+00:00,22411525-1,Temperature,CURRENT,°C,25.8876123046875
2026-08-22T22:20:00+00:00,22411525-2,RH,CURRENT,%,58.53665980010681
2026-08-22T22:20:00+00:00,22411525-3,Dew Point,CURRENT,°C,17.159319670538324
2026-08-22T22:20:00+00:00,22411526-1,Temperature,CURRENT,°C,26.488217773437505
2026-08-22T22:20:00+00:00,22411526-2,RH,CURRENT,%,58.46952010376135
2026-08-22T22:20:00+00:00,22411526-3,Dew Point,CURRENT,°C,17.70326545108907
2026-08-22T22:20:00+00:00,22411527-1,Temperature,CURRENT,°C,25.8876123046875
2026-08-22T22:20:00+00:00,22411527-2,RH,CURRENT,%,58.84794384679942
2026-08-22T22:20:00+00:00,22411527-3,Dew Point,CURRENT,°C,17.243265183030207
2026-08-22T22:20:00+00:00,22411528-1,Temperature,CURRENT,°C,26.03776367187499
2026-08-22T22:20:00+00:00,22411528-2,RH,CURRENT,%,60.47302967879759
2026-08-22T22:20:00+00:00,22411528-3,Dew Point,CURRENT,°C,17.816420387874743
2026-08-22T22:20:00+00:00,22411529-1,Temperature,CURRENT,°C,24.793652343750004
2026-08-22T22:20:00+00:00,22411529-2,RH,CURRENT,%,65.986114290074
2026-08-22T22:20:00+00:00,22411529-3,Dew Point,CURRENT,°C,18.029357396250028
2026-08-22T22:20:00+00:00,22411530-1,Temperature,CURRENT,°C,26.016313476562495
2026-08-22T22:20:00+00:00,22411530-2,RH,CURRENT,%,58.5976958876936
2026-08-22T22:20:00+00:00,22411530-3,Dew Point,CURRENT,°C,17.296300937686627
2026-08-22T22:21:00+00:00,22411541-S,Battery,CURRENT,V,8.5420048828125
2026-08-22T22:25:00+00:00,22411189-1,Temperature,CURRENT,°C,26.252265625
2026-08-22T22:25:00+00:00,22411189-2,RH,CURRENT,%,59.685664148928055
2026-08-22T22:25:00+00:00,22411189-3,Dew Point,CURRENT,°C,17.80942257848647
2026-08-22T22:25:00+00:00,22411190-1,Temperature,CURRENT,°C,26.145014648437503
2026-08-22T22:25:00+00:00,22411190-2,RH,CURRENT,%,58.65720607309071
2026-08-22T22:25:00+00:00,22411190-3,Dew Point,CURRENT,°C,17.432881933194956
2026-08-22T22:25:00+00:00,22411191-1,Temperature,CURRENT,°C,25.930512695312494
2026-08-22T22:25:00+00:00,22411191-2,RH,CURRENT,%,59.45677882047761
2026-08-22T22:25:00+00:00,22411191-3,Dew Point,CURRENT,°C,17.44657136919497
2026-08-22T22:25:00+00:00,22411525-1,Temperature,CURRENT,°C,25.823261718749997
2026-08-22T22:25:00+00:00,22411525-2,RH,CURRENT,%,58.76554512855726
2026-08-22T22:25:00+00:00,22411525-3,Dew Point,CURRENT,°C,17.160814058849137
2026-08-22T22:25:00+00:00,22411526-1,Temperature,CURRENT,°C,26.295166015624993
2026-08-22T22:25:00+00:00,22411526-2,RH,CURRENT,%,59.50713359273671
2026-08-22T22:25:00+00:00,22411526-3,Dew Point,CURRENT,°C,17.802027473735553
2026-08-22T22:25:00+00:00,22411527-1,Temperature,CURRENT,°C,25.823261718749997
2026-08-22T22:25:00+00:00,22411527-2,RH,CURRENT,%,59.12413214312963
2026-08-22T22:25:00+00:00,22411527-3,Dew Point,CURRENT,°C,17.25710756196189
2026-08-22T22:25:00+00:00,22411528-1,Temperature,CURRENT,°C,25.866162109375004
2026-08-22T22:25:00+00:00,22411528-2,RH,CURRENT,%,61.24208438239109
2026-08-22T22:25:00+00:00,22411528-3,Dew Point,CURRENT,°C,17.856024695073803
2026-08-22T22:25:00+00:00,22411529-1,Temperature,CURRENT,°C,24.793652343750004
2026-08-22T22:25:00+00:00,22411529-2,RH,CURRENT,%,66.83299000534066
2026-08-22T22:25:00+00:00,22411529-3,Dew Point,CURRENT,°C,18.23267642262703
2026-08-22T22:25:00+00:00,22411530-1,Temperature,CURRENT,°C,25.951962890625005
2026-08-22T22:25:00+00:00,22411530-2,RH,CURRENT,%,58.97154192416266
2026-08-22T22:25:00+00:00,22411530-3,Dew Point,CURRENT,°C,17.33678206176475
2026-08-22T22:26:00+00:00,22411541-S,Battery,CURRENT,V,8.5420048828125
2026-08-22T22:30:00+00:00,22411189-1,Temperature,CURRENT,°C,26.209365234374992
2026-08-22T22:30:00+00:00,22411189-2,RH,CURRENT,%,60.20752269779507
2026-08-22T22:30:00+00:00,22411189-3,Dew Point,CURRENT,°C,17.907647628211404
2026-08-22T22:30:00+00:00,22411190-1,Temperature,CURRENT,°C,26.145014648437503
2026-08-22T22:30:00+00:00,22411190-2,RH,CURRENT,%,59.08598458838789
2026-08-22T22:30:00+00:00,22411190-3,Dew Point,CURRENT,°C,17.548422718585748
2026-08-22T22:30:00+00:00,22411191-1,Temperature,CURRENT,°C,25.909062499999997
2026-08-22T22:30:00+00:00,22411191-2,RH,CURRENT,%,60.07934691386282
2026-08-22T22:30:00+00:00,22411191-3,Dew Point,CURRENT,°C,17.591721754451555
2026-08-22T22:30:00+00:00,22411525-1,Temperature,CURRENT,°C,25.780361328125004
2026-08-22T22:30:00+00:00,22411525-2,RH,CURRENT,%,59.53612573434043
2026-08-22T22:30:00+00:00,22411525-3,Dew Point,CURRENT,°C,17.32686887105016
2026-08-22T22:30:00+00:00,22411526-1,Temperature,CURRENT,°C,26.16646484375
2026-08-22T22:30:00+00:00,22411526-2,RH,CURRENT,%,60.07171740291447
2026-08-22T22:30:00+00:00,22411526-3,Dew Point,CURRENT,°C,17.831427014067774
2026-08-22T22:30:00+00:00,22411527-1,Temperature,CURRENT,°C,25.780361328125004
2026-08-22T22:30:00+00:00,22411527-2,RH,CURRENT,%,59.893186846723125
2026-08-22T22:30:00+00:00,22411527-3,Dew Point,CURRENT,°C,17.421639296122322
2026-08-22T22:30:00+00:00,22411528-1,Temperature,CURRENT,°C,25.758911132812493
2026-08-22T22:30:00+00:00,22411528-2,RH,CURRENT,%,61.90737773708705
2026-08-22T22:30:00+00:00,22411528-3,Dew Point,CURRENT,°C,17.926934839041497
2026-08-22T22:30:00+00:00,22411529-1,Temperature,CURRENT,°C,24.772202148437493
2026-08-22T22:30:00+00:00,22411529-2,RH,CURRENT,%,66.38284885938812
2026-08-22T22:30:00+00:00,22411529-3,Dew Point,CURRENT,°C,18.104487378133992
2026-08-22T22:30:00+00:00,22411530-1,Temperature,CURRENT,°C,25.930512695312494
2026-08-22T22:30:00+00:00,22411530-2,RH,CURRENT,%,59.58037689784085
2026-08-22T22:30:00+00:00,22411530-3,Dew Point,CURRENT,°C,17.479507421164787
2026-08-22T22:31:00+00:00,22411541-S,Battery,CURRENT,V,8.532312744140626
2026-08-22T22:35:00+00:00,22411189-1,Temperature,CURRENT,°C,26.059213867187502
2026-08-22T22:35:00+00:00,22411189-2,RH,CURRENT,%,61.33974212252995
2026-08-22T22:35:00+00:00,22411189-3,Dew Point,CURRENT,°C,18.06314259083237
2026-08-22T22:35:00+00:00,22411190-1,Temperature,CURRENT,°C,25.994863281249998
2026-08-22T22:35:00+00:00,22411190-2,RH,CURRENT,%,60.1205462729839
2026-08-22T22:35:00+00:00,22411190-3,Dew Point,CURRENT,°C,17.683189318921666
2026-08-22T22:35:00+00:00,22411191-1,Temperature,CURRENT,°C,25.780361328125004
2026-08-22T22:35:00+00:00,22411191-2,RH,CURRENT,%,60.72022583352407
2026-08-22T22:35:00+00:00,22411191-3,Dew Point,CURRENT,°C,17.639264284575447
2026-08-22T22:35:00+00:00,22411525-1,Temperature,CURRENT,°C,25.673110351562492
2026-08-22T22:35:00+00:00,22411525-2,RH,CURRENT,%,60.0854505226215
2026-08-22T22:35:00+00:00,22411525-3,Dew Point,CURRENT,°C,17.371737054117908
2026-08-22T22:35:00+00:00,22411526-1,Temperature,CURRENT,°C,25.8018115234375
2026-08-22T22:35:00+00:00,22411526-2,RH,CURRENT,%,61.78225375753414
2026-08-22T22:35:00+00:00,22411526-3,Dew Point,CURRENT,°C,17.935164019653545
2026-08-22T22:35:00+00:00,22411527-1,Temperature,CURRENT,°C,25.694560546875003
2026-08-22T22:35:00+00:00,22411527-2,RH,CURRENT,%,60.36926832990005
2026-08-22T22:35:00+00:00,22411527-3,Dew Point,CURRENT,°C,17.466603996039176
2026-08-22T22:35:00+00:00,22411528-1,Temperature,CURRENT,°C,25.6302099609375
2026-08-22T22:35:00+00:00,22411528-2,RH,CURRENT,%,63.09758144502938
2026-08-22T22:35:00+00:00,22411528-3,Dew Point,CURRENT,°C,18.10881106332122
2026-08-22T22:35:00+00:00,22411529-1,Temperature,CURRENT,°C,24.7293017578125
2026-08-22T22:35:00+00:00,22411529-2,RH,CURRENT,%,67.68444342717632
2026-08-22T22:35:00+00:00,22411529-3,Dew Point,CURRENT,°C,18.373481320468468
2026-08-22T22:35:00+00:00,22411530-1,Temperature,CURRENT,°C,25.8018115234375
2026-08-22T22:35:00+00:00,22411530-2,RH,CURRENT,%,60.4272526131075
2026-08-22T22:35:00+00:00,22411530-3,Dew Point,CURRENT,°C,17.582630021843904
2026-08-22T22:36:00+00:00,22411541-S,Battery,CURRENT,V,8.532312744140626
2026-08-22T22:40:00+00:00,22411189-1,Temperature,CURRENT,°C,25.758911132812493
2026-08-22T22:40:00+00:00,22411189-2,RH,CURRENT,%,61.15663385976959
2026-08-22T22:40:00+00:00,22411189-3,Dew Point,CURRENT,°C,17.732865831469322
2026-08-22T22:40:00+00:00,22411190-1,Temperature,CURRENT,°C,25.7160107421875
2026-08-22T22:40:00+00:00,22411190-2,RH,CURRENT,%,59.90234225986114
2026-08-22T22:40:00+00:00,22411190-3,Dew Point,CURRENT,°C,17.3636493978961
2026-08-22T22:40:00+00:00,22411191-1,Temperature,CURRENT,°C,25.58730957031249
2026-08-22T22:40:00+00:00,22411191-2,RH,CURRENT,%,60.53864347295338
2026-08-22T22:40:00+00:00,22411191-3,Dew Point,CURRENT,°C,17.410225312582295
2026-08-22T22:40:00+00:00,22411525-1,Temperature,CURRENT,°C,25.50150878906249
2026-08-22T22:40:00+00:00,22411525-2,RH,CURRENT,%,59.91607537956817
2026-08-22T22:40:00+00:00,22411525-3,Dew Point,CURRENT,°C,17.165891780882543
2026-08-22T22:40:00+00:00,22411526-1,Temperature,CURRENT,°C,25.565859374999995
2026-08-22T22:40:00+00:00,22411526-2,RH,CURRENT,%,61.562523842221715
2026-08-22T22:40:00+00:00,22411526-3,Dew Point,CURRENT,°C,17.656185527759863
2026-08-22T22:40:00+00:00,22411527-1,Temperature,CURRENT,°C,25.522958984375002
2026-08-22T22:40:00+00:00,22411527-2,RH,CURRENT,%,60.21820401312276
2026-08-22T22:40:00+00:00,22411527-3,Dew Point,CURRENT,°C,17.265658287944497
2026-08-22T22:40:00+00:00,22411528-1,Temperature,CURRENT,°C,25.179755859375
2026-08-22T22:40:00+00:00,22411528-2,RH,CURRENT,%,63.0914778362707
2026-08-22T22:40:00+00:00,22411528-3,Dew Point,CURRENT,°C,17.681603845207977
2026-08-22T22:40:00+00:00,22411529-1,Temperature,CURRENT,°C,24.5577001953125
2026-08-22T22:40:00+00:00,22411529-2,RH,CURRENT,%,66.8863965819791
2026-08-22T22:40:00+00:00,22411529-3,Dew Point,CURRENT,°C,18.02079306716402
2026-08-22T22:40:00+00:00,22411530-1,Temperature,CURRENT,°C,25.608759765625003
2026-08-22T22:40:00+00:00,22411530-2,RH,CURRENT,%,60.03356984817273
2026-08-22T22:40:00+00:00,22411530-3,Dew Point,CURRENT,°C,17.297615706490294
2026-08-22T22:41:00+00:00,22411541-S,Battery,CURRENT,V,8.519389892578126
2026-08-22T22:45:00+00:00,22411189-1,Temperature,CURRENT,°C,25.673110351562492
2026-08-22T22:45:00+00:00,22411189-2,RH,CURRENT,%,62.107270923933775
2026-08-22T22:45:00+00:00,22411189-3,Dew Point,CURRENT,°C,17.897345374399052
2026-08-22T22:45:00+00:00,22411190-1,Temperature,CURRENT,°C,25.651660156249996
2026-08-22T22:45:00+00:00,22411190-2,RH,CURRENT,%,60.854505226215
2026-08-22T22:45:00+00:00,22411190-3,Dew Point,CURRENT,°C,17.55328815241582
2026-08-22T22:45:00+00:00,22411191-1,Temperature,CURRENT,°C,25.565859374999995
2026-08-22T22:45:00+00:00,22411191-2,RH,CURRENT,%,61.33516441596094
2026-08-22T22:45:00+00:00,22411191-3,Dew Point,CURRENT,°C,17.597427224723063
2026-08-22T22:45:00+00:00,22411525-1,Temperature,CURRENT,°C,25.458608398437498
2026-08-22T22:45:00+00:00,22411525-2,RH,CURRENT,%,60.8041504539559
2026-08-22T22:45:00+00:00,22411525-3,Dew Point,CURRENT,°C,17.358564791521598
2026-08-22T22:45:00+00:00,22411526-1,Temperature,CURRENT,°C,25.415708007812505
2026-08-22T22:45:00+00:00,22411526-2,RH,CURRENT,%,62.66575112535286
2026-08-22T22:45:00+00:00,22411526-3,Dew Point,CURRENT,°C,17.79686543951177
2026-08-22T22:45:00+00:00,22411527-1,Temperature,CURRENT,°C,25.458608398437498
2026-08-22T22:45:00+00:00,22411527-2,RH,CURRENT,%,61.104753185320824
2026-08-22T22:45:00+00:00,22411527-3,Dew Point,CURRENT,°C,17.436741606234033
2026-08-22T22:45:00+00:00,22411528-1,Temperature,CURRENT,°C,24.96525390624999
2026-08-22T22:45:00+00:00,22411528-2,RH,CURRENT,%,64.3778133821622
2026-08-22T22:45:00+00:00,22411528-3,Dew Point,CURRENT,°C,17.799448082675443
2026-08-22T22:45:00+00:00,22411529-1,Temperature,CURRENT,°C,24.4718994140625
2026-08-22T22:45:00+00:00,22411529-2,RH,CURRENT,%,68.73731593804837
2026-08-22T22:45:00+00:00,22411529-3,Dew Point,CURRENT,°C,18.3743973507063
2026-08-22T22:45:00+00:00,22411530-1,Temperature,CURRENT,°C,25.5444091796875
2026-08-22T22:45:00+00:00,22411530-2,RH,CURRENT,%,60.950637064164184
2026-08-22T22:45:00+00:00,22411530-3,Dew Point,CURRENT,°C,17.477433112648015
2026-08-22T22:46:00+00:00,22411541-S,Battery,CURRENT,V,8.519389892578126
2026-08-22T22:50:00+00:00,22411189-1,Temperature,CURRENT,°C,25.651660156249996
2026-08-22T22:50:00+00:00,22411189-2,RH,CURRENT,%,61.315327687495234
2026-08-22T22:50:00+00:00,22411189-3,Dew Point,CURRENT,°C,17.673079335883042
2026-08-22T22:50:00+00:00,22411190-1,Temperature,CURRENT,°C,25.6302099609375
2026-08-22T22:50:00+00:00,22411190-2,RH,CURRENT,%,60.21667811093309
2026-08-22T22:50:00+00:00,22411190-3,Dew Point,CURRENT,°C,17.366015685151666
2026-08-22T22:50:00+00:00,22411191-1,Temperature,CURRENT,°C,25.522958984375002
2026-08-22T22:50:00+00:00,22411191-2,RH,CURRENT,%,60.80720225833524
2026-08-22T22:50:00+00:00,22411191-3,Dew Point,CURRENT,°C,17.41988995964132
2026-08-22T22:50:00+00:00,22411525-1,Temperature,CURRENT,°C,25.415708007812505
2026-08-22T22:50:00+00:00,22411525-2,RH,CURRENT,%,60.17242694743267
2026-08-22T22:50:00+00:00,22411525-3,Dew Point,CURRENT,°C,17.152864045094613
2026-08-22T22:50:00+00:00,22411526-1,Temperature,CURRENT,°C,25.222656249999993
2026-08-22T22:50:00+00:00,22411526-2,RH,CURRENT,%,62.21408407721065
2026-08-22T22:50:00+00:00,22411526-3,Dew Point,CURRENT,°C,17.499774881338322
2026-08-22T22:50:00+00:00,22411527-1,Temperature,CURRENT,°C,25.437158203125
2026-08-22T22:50:00+00:00,22411527-2,RH,CURRENT,%,60.483710994125275
2026-08-22T22:50:00+00:00,22411527-3,Dew Point,CURRENT,°C,17.254692075760452
2026-08-22T22:50:00+00:00,22411528-1,Temperature,CURRENT,°C,25.093955078125
2026-08-22T22:50:00+00:00,22411528-2,RH,CURRENT,%,63.614862287327384
2026-08-22T22:50:00+00:00,22411528-3,Dew Point,CURRENT,°C,17.731757588035617
2026-08-22T22:50:00+00:00,22411529-1,Temperature,CURRENT,°C,24.4718994140625
2026-08-22T22:50:00+00:00,22411529-2,RH,CURRENT,%,67.38536659800107
2026-08-22T22:50:00+00:00,22411529-3,Dew Point,CURRENT,°C,18.057480463468373
2026-08-22T22:50:00+00:00,22411530-1,Temperature,CURRENT,°C,25.50150878906249
2026-08-22T22:50:00+00:00,22411530-2,RH,CURRENT,%,60.34943160143435
2026-08-22T22:50:00+00:00,22411530-3,Dew Point,CURRENT,°C,17.27997724249034
2026-08-22T22:51:00+00:00,22411541-S,Battery,CURRENT,V,8.519389892578126
2026-08-22T22:55:00+00:00,22411189-1,Temperature,CURRENT,°C,25.415708007812505
2026-08-22T22:55:00+00:00,22411189-2,RH,CURRENT,%,63.1967650873579
2026-08-22T22:55:00+00:00,22411189-3,Dew Point,CURRENT,°C,17.931116609269704
2026-08-22T22:55:00+00:00,22411190-1,Temperature,CURRENT,°C,25.5444091796875
2026-08-22T22:55:00+00:00,22411190-2,RH,CURRENT,%,61.62203402761883
2026-08-22T22:55:00+00:00,22411190-3,Dew Point,CURRENT,°C,17.651324119642158
2026-08-22T22:55:00+00:00,22411191-1,Temperature,CURRENT,°C,25.415708007812505
2026-08-22T22:55:00+00:00,22411191-2,RH,CURRENT,%,62.24612802319371
2026-08-22T22:55:00+00:00,22411191-3,Dew Point,CURRENT,°C,17.690069794528952
2026-08-22T22:55:00+00:00,22411525-1,Temperature,CURRENT,°C,25.308457031249993
2026-08-22T22:55:00+00:00,22411525-2,RH,CURRENT,%,61.51369497215229
2026-08-22T22:55:00+00:00,22411525-3,Dew Point,CURRENT,°C,17.401112188231508
2026-08-22T22:55:00+00:00,22411526-1,Temperature,CURRENT,°C,25.136855468749992
2026-08-22T22:55:00+00:00,22411526-2,RH,CURRENT,%,63.75219348439765
2026-08-22T22:55:00+00:00,22411526-3,Dew Point,CURRENT,°C,17.806631195962524
2026-08-22T22:55:00+00:00,22411527-1,Temperature,CURRENT,°C,25.351357421875
2026-08-22T22:55:00+00:00,22411527-2,RH,CURRENT,%,61.88296330205234
2026-08-22T22:55:00+00:00,22411527-3,Dew Point,CURRENT,°C,17.536469531712864
2026-08-22T22:55:00+00:00,22411528-1,Temperature,CURRENT,°C,25.136855468749992
2026-08-22T22:55:00+00:00,22411528-2,RH,CURRENT,%,64.60364690623331
2026-08-22T22:55:00+00:00,22411528-3,Dew Point,CURRENT,°C,18.017795953128488
2026-08-22T22:55:00+00:00,22411529-1,Temperature,CURRENT,°C,24.407548828124995
2026-08-22T22:55:00+00:00,22411529-2,RH,CURRENT,%,68.35278858625162
2026-08-22T22:55:00+00:00,22411529-3,Dew Point,CURRENT,°C,18.223386540520817
2026-08-22T22:55:00+00:00,22411530-1,Temperature,CURRENT,°C,25.394257812499994
2026-08-22T22:55:00+00:00,22411530-2,RH,CURRENT,%,61.879911497673
2026-08-22T22:55:00+00:00,22411530-3,Dew Point,CURRENT,°C,17.57612902796201
2026-08-22T22:56:00+00:00,22411541-S,Battery,CURRENT,V,8.503236328125
2026-08-22T23:00:00+00:00,22411189-1,Temperature,CURRENT,°C,25.008154296875
2026-08-22T23:00:00+00:00,22411189-2,RH,CURRENT,%,63.825436789501794
2026-08-22T23:00:00+00:00,22411189-3,Dew Point,CURRENT,°C,17.703090040099557
2026-08-22T23:00:00+00:00,22411190-1,Temperature,CURRENT,°C,25.201206054687496
2026-08-22T23:00:00+00:00,22411190-2,RH,CURRENT,%,61.942473487449455
2026-08-22T23:00:00+00:00,22411190-3,Dew Point,CURRENT,°C,17.410155746231283
2026-08-22T23:00:00+00:00,22411191-1,Temperature,CURRENT,°C,25.115405273437496
2026-08-22T23:00:00+00:00,22411191-2,RH,CURRENT,%,62.66575112535286
2026-08-22T23:00:00+00:00,22411191-3,Dew Point,CURRENT,°C,17.513318996513597
2026-08-22T23:00:00+00:00,22411525-1,Temperature,CURRENT,°C,25.05105468749999
2026-08-22T23:00:00+00:00,22411525-2,RH,CURRENT,%,61.9302662699321
2026-08-22T23:00:00+00:00,22411525-3,Dew Point,CURRENT,°C,17.265461416793038
2026-08-22T23:00:00+00:00,22411526-1,Temperature,CURRENT,°C,25.072504882812503
2026-08-22T23:00:00+00:00,22411526-2,RH,CURRENT,%,63.15556572823682
2026-08-22T23:00:00+00:00,22411526-3,Dew Point,CURRENT,°C,17.59636726483311
2026-08-22T23:00:00+00:00,22411527-1,Temperature,CURRENT,°C,25.072504882812503
2026-08-22T23:00:00+00:00,22411527-2,RH,CURRENT,%,62.149996185244525
2026-08-22T23:00:00+00:00,22411527-3,Dew Point,CURRENT,°C,17.341793437382456
2026-08-22T23:00:00+00:00,22411528-1,Temperature,CURRENT,°C,24.6435009765625
2026-08-22T23:00:00+00:00,22411528-2,RH,CURRENT,%,64.91340505073624
2026-08-22T23:00:00+00:00,22411528-3,Dew Point,CURRENT,°C,17.62610206976103
2026-08-22T23:00:00+00:00,22411529-1,Temperature,CURRENT,°C,24.343198242187505
2026-08-22T23:00:00+00:00,22411529-2,RH,CURRENT,%,67.71953917753872
2026-08-22T23:00:00+00:00,22411529-3,Dew Point,CURRENT,°C,18.013609162095953
2026-08-22T23:00:00+00:00,22411530-1,Temperature,CURRENT,°C,25.093955078125
2026-08-22T23:00:00+00:00,22411530-2,RH,CURRENT,%,62.25986114290074
2026-08-22T23:00:00+00:00,22411530-3,Dew Point,CURRENT,°C,17.390019845849697
2026-08-22T23:01:00+00:00,22411541-S,Battery,CURRENT,V,8.512928466796875
2026-08-22T23:05:00+00:00,22411189-1,Temperature,CURRENT,°C,24.600600585937492
2026-08-22T23:05:00+00:00,22411189-2,RH,CURRENT,%,65.05226214999618
2026-08-22T23:05:00+00:00,22411189-3,Dew Point,CURRENT,°C,17.619339704083234
2026-08-22T23:05:00+00:00,22411190-1,Temperature,CURRENT,°C,24.7293017578125
2026-08-22T23:05:00+00:00,22411190-2,RH,CURRENT,%,63.23796444647898
2026-08-22T23:05:00+00:00,22411190-3,Dew Point,CURRENT,°C,17.292624352681642
2026-08-22T23:05:00+00:00,22411191-1,Temperature,CURRENT,°C,24.750751953124997
2026-08-22T23:05:00+00:00,22411191-2,RH,CURRENT,%,63.66369115739681
2026-08-22T23:05:00+00:00,22411191-3,Dew Point,CURRENT,°C,17.419238169879076
2026-08-22T23:05:00+00:00,22411525-1,Temperature,CURRENT,°C,24.707851562500004
2026-08-22T23:05:00+00:00,22411525-2,RH,CURRENT,%,62.867170214389255
2026-08-22T23:05:00+00:00,22411525-3,Dew Point,CURRENT,°C,17.17924869714486
2026-08-22T23:05:00+00:00,22411526-1,Temperature,CURRENT,°C,24.600600585937492
2026-08-22T23:05:00+00:00,22411526-2,RH,CURRENT,%,64.67231250476844
2026-08-22T23:05:00+00:00,22411526-3,Dew Point,CURRENT,°C,17.526352982741653
2026-08-22T23:05:00+00:00,22411527-1,Temperature,CURRENT,°C,24.7293017578125
2026-08-22T23:05:00+00:00,22411527-2,RH,CURRENT,%,63.13725490196079
2026-08-22T23:05:00+00:00,22411527-3,Dew Point,CURRENT,°C,17.267382122499864
2026-08-22T23:05:00+00:00,22411528-1,Temperature,CURRENT,°C,24.257397460937504
2026-08-22T23:05:00+00:00,22411528-2,RH,CURRENT,%,66.29129472800794
2026-08-22T23:05:00+00:00,22411528-3,Dew Point,CURRENT,°C,17.59291890478864
2026-08-22T23:05:00+00:00,22411529-1,Temperature,CURRENT,°C,23.93564453125
2026-08-22T23:05:00+00:00,22411529-2,RH,CURRENT,%,69.0424963759823
2026-08-22T23:05:00+00:00,22411529-3,Dew Point,CURRENT,°C,17.932591298631987
2026-08-22T23:05:00+00:00,22411530-1,Temperature,CURRENT,°C,24.707851562500004
2026-08-22T23:05:00+00:00,22411530-2,RH,CURRENT,%,63.22423132677196
2026-08-22T23:05:00+00:00,22411530-3,Dew Point,CURRENT,°C,17.268906196028603
2026-08-22T23:06:00+00:00,22411541-S,Battery,CURRENT,V,8.503236328125
2026-08-22T23:10:00+00:00,22411189-1,Temperature,CURRENT,°C,24.10724609375
2026-08-22T23:10:00+00:00,22411189-2,RH,CURRENT,%,67.01152056153201
2026-08-22T23:10:00+00:00,22411189-3,Dew Point,CURRENT,°C,17.621602128303945
2026-08-22T23:10:00+00:00,22411190-1,Temperature,CURRENT,°C,24.235947265624993
2026-08-22T23:10:00+00:00,22411190-2,RH,CURRENT,%,64.90424963759823
2026-08-22T23:10:00+00:00,22411190-3,Dew Point,CURRENT,°C,17.23729760472433
2026-08-22T23:10:00+00:00,22411191-1,Temperature,CURRENT,°C,24.343198242187505
2026-08-22T23:10:00+00:00,22411191-2,RH,CURRENT,%,65.2124818799115
2026-08-22T23:10:00+00:00,22411191-3,Dew Point,CURRENT,°C,17.414120232353362
2026-08-22T23:10:00+00:00,22411525-1,Temperature,CURRENT,°C,24.321748046874994
2026-08-22T23:10:00+00:00,22411525-2,RH,CURRENT,%,64.14129854276341
2026-08-22T23:10:00+00:00,22411525-3,Dew Point,CURRENT,°C,17.131488916473458
2026-08-22T23:10:00+00:00,22411526-1,Temperature,CURRENT,°C,23.999995117187503
2026-08-22T23:10:00+00:00,22411526-2,RH,CURRENT,%,66.83604180972
2026-08-22T23:10:00+00:00,22411526-3,Dew Point,CURRENT,°C,17.477863358812744
2026-08-22T23:10:00+00:00,22411527-1,Temperature,CURRENT,°C,24.3646484375
2026-08-22T23:10:00+00:00,22411527-2,RH,CURRENT,%,64.36560616464484
2026-08-22T23:10:00+00:00,22411527-3,Dew Point,CURRENT,°C,17.22737497604821
2026-08-22T23:10:00+00:00,22411528-1,Temperature,CURRENT,°C,23.764042968749997
2026-08-22T23:10:00+00:00,22411528-2,RH,CURRENT,%,68.20019836728466
2026-08-22T23:10:00+00:00,22411528-3,Dew Point,CURRENT,°C,17.573553621917096
2026-08-22T23:10:00+00:00,22411529-1,Temperature,CURRENT,°C,23.377939453125002
2026-08-22T23:10:00+00:00,22411529-2,RH,CURRENT,%,70.9575036240177
2026-08-22T23:10:00+00:00,22411529-3,Dew Point,CURRENT,°C,17.8338910946614
2026-08-22T23:10:00+00:00,22411530-1,Temperature,CURRENT,°C,24.27884765625
2026-08-22T23:10:00+00:00,22411530-2,RH,CURRENT,%,64.77302204928664
2026-08-22T23:10:00+00:00,22411530-3,Dew Point,CURRENT,°C,17.245940807194117
2026-08-22T23:11:00+00:00,22411541-S,Battery,CURRENT,V,8.487082763671875
2026-08-22T23:15:00+00:00,22411189-1,Temperature,CURRENT,°C,23.93564453125
2026-08-22T23:15:00+00:00,22411189-2,RH,CURRENT,%,67.8309300373846
2026-08-22T23:15:00+00:00,22411189-3,Dew Point,CURRENT,°C,17.651077298899995
2026-08-22T23:15:00+00:00,22411190-1,Temperature,CURRENT,°C,24.064345703124992
2026-08-22T23:15:00+00:00,22411190-2,RH,CURRENT,%,65.69314106965743
2026-08-22T23:15:00+00:00,22411190-3,Dew Point,CURRENT,°C,17.26569949540549
2026-08-22T23:15:00+00:00,22411191-1,Temperature,CURRENT,°C,24.235947265624993
2026-08-22T23:15:00+00:00,22411191-2,RH,CURRENT,%,65.61379415579461
2026-08-22T23:15:00+00:00,22411191-3,Dew Point,CURRENT,°C,17.40955590361723
2026-08-22T23:15:00+00:00,22411525-1,Temperature,CURRENT,°C,24.257397460937504
2026-08-22T23:15:00+00:00,22411525-2,RH,CURRENT,%,64.48462653543908
2026-08-22T23:15:00+00:00,22411525-3,Dew Point,CURRENT,°C,17.154976693230175
2026-08-22T23:15:00+00:00,22411526-1,Temperature,CURRENT,°C,23.721142578125004
2026-08-22T23:15:00+00:00,22411526-2,RH,CURRENT,%,67.83550774395361
2026-08-22T23:15:00+00:00,22411526-3,Dew Point,CURRENT,°C,17.447549309518724
2026-08-22T23:15:00+00:00,22411527-1,Temperature,CURRENT,°C,24.321748046874994
2026-08-22T23:15:00+00:00,22411527-2,RH,CURRENT,%,64.60364690623331
2026-08-22T23:15:00+00:00,22411527-3,Dew Point,CURRENT,°C,17.2451593572841
2026-08-22T23:15:00+00:00,22411528-1,Temperature,CURRENT,°C,23.528090820312492
2026-08-22T23:15:00+00:00,22411528-2,RH,CURRENT,%,69.28511482413977
2026-08-22T23:15:00+00:00,22411528-3,Dew Point,CURRENT,°C,17.598674060209042
2026-08-22T23:15:00+00:00,22411529-1,Temperature,CURRENT,°C,22.927485351562503
2026-08-22T23:15:00+00:00,22411529-2,RH,CURRENT,%,72.58258945601587
2026-08-22T23:15:00+00:00,22411529-3,Dew Point,CURRENT,°C,17.761242458201355
2026-08-22T23:15:00+00:00,22411530-1,Temperature,CURRENT,°C,24.171596679687504
2026-08-22T23:15:00+00:00,22411530-2,RH,CURRENT,%,65.38948653391317
2026-08-22T23:15:00+00:00,22411530-3,Dew Point,CURRENT,°C,17.294181164639433
2026-08-22T23:16:00+00:00,22411541-S,Battery,CURRENT,V,8.48385205078125
2026-08-22T23:20:00+00:00,22411189-1,Temperature,CURRENT,°C,23.6567919921875
2026-08-22T23:20:00+00:00,22411189-2,RH,CURRENT,%,68.32074464026856
2026-08-22T23:20:00+00:00,22411189-3,Dew Point,CURRENT,°C,17.499197031697452
2026-08-22T23:20:00+00:00,22411190-1,Temperature,CURRENT,°C,23.806943359375005
2026-08-22T23:20:00+00:00,22411190-2,RH,CURRENT,%,66.32486457618067
2026-08-22T23:20:00+00:00,22411190-3,Dew Point,CURRENT,°C,17.17251505643901
2026-08-22T23:20:00+00:00,22411191-1,Temperature,CURRENT,°C,23.97854492187499
2026-08-22T23:20:00+00:00,22411191-2,RH,CURRENT,%,66.37827115281911
2026-08-22T23:20:00+00:00,22411191-3,Dew Point,CURRENT,°C,17.348489404144594
2026-08-22T23:20:00+00:00,22411525-1,Temperature,CURRENT,°C,23.97854492187499
2026-08-22T23:20:00+00:00,22411525-2,RH,CURRENT,%,65.22468909742885
2026-08-22T23:20:00+00:00,22411525-3,Dew Point,CURRENT,°C,17.070982780919547
2026-08-22T23:20:00+00:00,22411526-1,Temperature,CURRENT,°C,23.3993896484375
2026-08-22T23:20:00+00:00,22411526-2,RH,CURRENT,%,68.61829556725414
2026-08-22T23:20:00+00:00,22411526-3,Dew Point,CURRENT,°C,17.32227636473357
2026-08-22T23:20:00+00:00,22411527-1,Temperature,CURRENT,°C,24.042895507812496
2026-08-22T23:20:00+00:00,22411527-2,RH,CURRENT,%,65.42610818646524
2026-08-22T23:20:00+00:00,22411527-3,Dew Point,CURRENT,°C,17.180847059331892
2026-08-22T23:20:00+00:00,22411528-1,Temperature,CURRENT,°C,23.206337890625
2026-08-22T23:20:00+00:00,22411528-2,RH,CURRENT,%,69.88479438467994
2026-08-22T23:20:00+00:00,22411528-3,Dew Point,CURRENT,°C,17.42751387696819
2026-08-22T23:20:00+00:00,22411529-1,Temperature,CURRENT,°C,22.541381835937493
2026-08-22T23:20:00+00:00,22411529-2,RH,CURRENT,%,73.54390783550774
2026-08-22T23:20:00+00:00,22411529-3,Dew Point,CURRENT,°C,17.59851643451281
2026-08-22T23:20:00+00:00,22411530-1,Temperature,CURRENT,°C,23.914194335937502
2026-08-22T23:20:00+00:00,22411530-2,RH,CURRENT,%,65.9205004959182
2026-08-22T23:20:00+00:00,22411530-3,Dew Point,CURRENT,°C,17.1777165456228
2026-08-22T23:21:00+00:00,22411541-S,Battery,CURRENT,V,8.48385205078125
2026-08-22T23:25:00+00:00,22411189-1,Temperature,CURRENT,°C,23.613891601562493
2026-08-22T23:25:00+00:00,22411189-2,RH,CURRENT,%,68.56641489280537
2026-08-22T23:25:00+00:00,22411189-3,Dew Point,CURRENT,°C,17.515178745606743
2026-08-22T23:25:00+00:00,22411190-1,Temperature,CURRENT,°C,23.7425927734375
2026-08-22T23:25:00+00:00,22411190-2,RH,CURRENT,%,66.53391317616541
2026-08-22T23:25:00+00:00,22411190-3,Dew Point,CURRENT,°C,17.16108958380943
2026-08-22T23:25:00+00:00,22411191-1,Temperature,CURRENT,°C,23.914194335937502
2026-08-22T23:25:00+00:00,22411191-2,RH,CURRENT,%,66.70328831921874
2026-08-22T23:25:00+00:00,22411191-3,Dew Point,CURRENT,°C,17.364662690568434
2026-08-22T23:25:00+00:00,22411525-1,Temperature,CURRENT,°C,23.914194335937502
2026-08-22T23:25:00+00:00,22411525-2,RH,CURRENT,%,65.55428397039749
2026-08-22T23:25:00+00:00,22411525-3,Dew Point,CURRENT,°C,17.08958795687559
2026-08-22T23:25:00+00:00,22411526-1,Temperature,CURRENT,°C,23.335039062499995
2026-08-22T23:25:00+00:00,22411526-2,RH,CURRENT,%,68.79682612344548
2026-08-22T23:25:00+00:00,22411526-3,Dew Point,CURRENT,°C,17.30195665710612
2026-08-22T23:25:00+00:00,22411527-1,Temperature,CURRENT,°C,23.957094726562495
2026-08-22T23:25:00+00:00,22411527-2,RH,CURRENT,%,65.72365911345082
2026-08-22T23:25:00+00:00,22411527-3,Dew Point,CURRENT,°C,17.171159524170434
2026-08-22T23:25:00+00:00,22411528-1,Temperature,CURRENT,°C,23.184887695312504
2026-08-22T23:25:00+00:00,22411528-2,RH,CURRENT,%,70.02670328831923
2026-08-22T23:25:00+00:00,22411528-3,Dew Point,CURRENT,°C,17.439139161469402
2026-08-22T23:25:00+00:00,22411529-1,Temperature,CURRENT,°C,22.305429687500002
2026-08-22T23:25:00+00:00,22411529-2,RH,CURRENT,%,75.18272678721294
2026-08-22T23:25:00+00:00,22411529-3,Dew Point,CURRENT,°C,17.720902250792154
2026-08-22T23:25:00+00:00,22411530-1,Temperature,CURRENT,°C,23.849843749999998
2026-08-22T23:25:00+00:00,22411530-2,RH,CURRENT,%,66.06851300831617
2026-08-22T23:25:00+00:00,22411530-3,Dew Point,CURRENT,°C,17.152035197399698
2026-08-22T23:26:00+00:00,22411541-S,Battery,CURRENT,V,8.474159912109375
2026-08-22T23:30:00+00:00,22411189-1,Temperature,CURRENT,°C,23.35648925781249
2026-08-22T23:30:00+00:00,22411189-2,RH,CURRENT,%,69.25459678034638
2026-08-22T23:30:00+00:00,22411189-3,Dew Point,CURRENT,°C,17.42756598593717
2026-08-22T23:30:00+00:00,22411190-1,Temperature,CURRENT,°C,23.528090820312492
2026-08-22T23:30:00+00:00,22411190-2,RH,CURRENT,%,67.17936980239567
2026-08-22T23:30:00+00:00,22411190-3,Dew Point,CURRENT,°C,17.109580880257255
2026-08-22T23:30:00+00:00,22411191-1,Temperature,CURRENT,°C,23.7425927734375
2026-08-22T23:30:00+00:00,22411191-2,RH,CURRENT,%,67.32127870603495
2026-08-22T23:30:00+00:00,22411191-3,Dew Point,CURRENT,°C,17.347374313572622
2026-08-22T23:30:00+00:00,22411525-1,Temperature,CURRENT,°C,23.7425927734375
2026-08-22T23:30:00+00:00,22411525-2,RH,CURRENT,%,66.15854123750668
2026-08-22T23:30:00+00:00,22411525-3,Dew Point,CURRENT,°C,17.07159887241559
2026-08-22T23:30:00+00:00,22411526-1,Temperature,CURRENT,°C,23.099086914062504
2026-08-22T23:30:00+00:00,22411526-2,RH,CURRENT,%,69.4239719233997
2026-08-22T23:30:00+00:00,22411526-3,Dew Point,CURRENT,°C,17.22004922004737
2026-08-22T23:30:00+00:00,22411527-1,Temperature,CURRENT,°C,23.806943359375005
2026-08-22T23:30:00+00:00,22411527-2,RH,CURRENT,%,66.38284885938812
2026-08-22T23:30:00+00:00,22411527-3,Dew Point,CURRENT,°C,17.186344044594126
2026-08-22T23:30:00+00:00,22411528-1,Temperature,CURRENT,°C,22.927485351562503
2026-08-22T23:30:00+00:00,22411528-2,RH,CURRENT,%,70.66910811017014
2026-08-22T23:30:00+00:00,22411528-3,Dew Point,CURRENT,°C,17.337223225281626
2026-08-22T23:30:00+00:00,22411529-1,Temperature,CURRENT,°C,22.090927734374993
2026-08-22T23:30:00+00:00,22411529-2,RH,CURRENT,%,74.76462958724346
2026-08-22T23:30:00+00:00,22411529-3,Dew Point,CURRENT,°C,17.425163035324452
2026-08-22T23:30:00+00:00,22411530-1,Temperature,CURRENT,°C,23.6567919921875
2026-08-22T23:30:00+00:00,22411530-2,RH,CURRENT,%,66.80399786373694
2026-08-22T23:30:00+00:00,22411530-3,Dew Point,CURRENT,°C,17.143519838387107
2026-08-22T23:31:00+00:00,22411541-S,Battery,CURRENT,V,8.467698486328125
2026-08-22T23:35:00+00:00,22411189-1,Temperature,CURRENT,°C,23.227788085937497
2026-08-22T23:35:00+00:00,22411189-2,RH,CURRENT,%,69.90463111314564
2026-08-22T23:35:00+00:00,22411189-3,Dew Point,CURRENT,°C,17.452552806962967
2026-08-22T23:35:00+00:00,22411190-1,Temperature,CURRENT,°C,23.35648925781249
2026-08-22T23:35:00+00:00,22411190-2,RH,CURRENT,%,67.90875104905776
2026-08-22T23:35:00+00:00,22411190-3,Dew Point,CURRENT,°C,17.116778711781272
2026-08-22T23:35:00+00:00,22411191-1,Temperature,CURRENT,°C,23.5709912109375
2026-08-22T23:35:00+00:00,22411191-2,RH,CURRENT,%,67.85839627679866
2026-08-22T23:35:00+00:00,22411191-3,Dew Point,CURRENT,°C,17.309668563960138
2026-08-22T23:35:00+00:00,22411525-1,Temperature,CURRENT,°C,23.5709912109375
2026-08-22T23:35:00+00:00,22411525-2,RH,CURRENT,%,66.66208896009766
2026-08-22T23:35:00+00:00,22411525-3,Dew Point,CURRENT,°C,17.02821538335422
2026-08-22T23:35:00+00:00,22411526-1,Temperature,CURRENT,°C,22.90603515624999
2026-08-22T23:35:00+00:00,22411526-2,RH,CURRENT,%,70.25253681239033
2026-08-22T23:35:00+00:00,22411526-3,Dew Point,CURRENT,°C,17.223029439895363
2026-08-22T23:35:00+00:00,22411527-1,Temperature,CURRENT,°C,23.635341796875004
2026-08-22T23:35:00+00:00,22411527-2,RH,CURRENT,%,66.89250019073778
2026-08-22T23:35:00+00:00,22411527-3,Dew Point,CURRENT,°C,17.144041823872
2026-08-22T23:35:00+00:00,22411528-1,Temperature,CURRENT,°C,22.777333984374998
2026-08-22T23:35:00+00:00,22411528-2,RH,CURRENT,%,71.44274052033265
2026-08-22T23:35:00+00:00,22411528-3,Dew Point,CURRENT,°C,17.365683398597486
2026-08-22T23:35:00+00:00,22411529-1,Temperature,CURRENT,°C,21.897875976562496
2026-08-22T23:35:00+00:00,22411529-2,RH,CURRENT,%,75.5367360952163
2026-08-22T23:35:00+00:00,22411529-3,Dew Point,CURRENT,°C,17.40149750507382
2026-08-22T23:35:00+00:00,22411530-1,Temperature,CURRENT,°C,23.4851904296875
2026-08-22T23:35:00+00:00,22411530-2,RH,CURRENT,%,67.34416723887999
2026-08-22T23:35:00+00:00,22411530-3,Dew Point,CURRENT,°C,17.107452962745334
2026-08-22T23:36:00+00:00,22411541-S,Battery,CURRENT,V,8.4644677734375
2026-08-22T23:40:00+00:00,22411189-1,Temperature,CURRENT,°C,23.163437499999993
2026-08-22T23:40:00+00:00,22411189-2,RH,CURRENT,%,69.74898908979934
2026-08-22T23:40:00+00:00,22411189-3,Dew Point,CURRENT,°C,17.35560878792699
2026-08-22T23:40:00+00:00,22411190-1,Temperature,CURRENT,°C,23.292138671875
2026-08-22T23:40:00+00:00,22411190-2,RH,CURRENT,%,67.72869459067674
2026-08-22T23:40:00+00:00,22411190-3,Dew Point,CURRENT,°C,17.013417464502265
2026-08-22T23:40:00+00:00,22411191-1,Temperature,CURRENT,°C,23.506640624999996
2026-08-22T23:40:00+00:00,22411191-2,RH,CURRENT,%,67.8110933089189
2026-08-22T23:40:00+00:00,22411191-3,Dew Point,CURRENT,°C,17.23724198468641
2026-08-22T23:40:00+00:00,22411525-1,Temperature,CURRENT,°C,23.528090820312492
2026-08-22T23:40:00+00:00,22411525-2,RH,CURRENT,%,66.59342336156253
2026-08-22T23:40:00+00:00,22411525-3,Dew Point,CURRENT,°C,16.971098348243977
2026-08-22T23:40:00+00:00,22411526-1,Temperature,CURRENT,°C,22.841684570312502
2026-08-22T23:40:00+00:00,22411526-2,RH,CURRENT,%,70.26016632333868
2026-08-22T23:40:00+00:00,22411526-3,Dew Point,CURRENT,°C,17.16308970801047
2026-08-22T23:40:00+00:00,22411527-1,Temperature,CURRENT,°C,23.592441406249996
2026-08-22T23:40:00+00:00,22411527-2,RH,CURRENT,%,66.80552376592661
2026-08-22T23:40:00+00:00,22411527-3,Dew Point,CURRENT,°C,17.08261544804138
2026-08-22T23:40:00+00:00,22411528-1,Temperature,CURRENT,°C,22.712983398437494
2026-08-22T23:40:00+00:00,22411528-2,RH,CURRENT,%,71.40611886778058
2026-08-22T23:40:00+00:00,22411528-3,Dew Point,CURRENT,°C,17.295773536352588
2026-08-22T23:40:00+00:00,22411529-1,Temperature,CURRENT,°C,21.812075195312495
2026-08-22T23:40:00+00:00,22411529-2,RH,CURRENT,%,76.02044708934157
2026-08-22T23:40:00+00:00,22411529-3,Dew Point,CURRENT,°C,17.41969565921421
2026-08-22T23:40:00+00:00,22411530-1,Temperature,CURRENT,°C,23.44229003906249
2026-08-22T23:40:00+00:00,22411530-2,RH,CURRENT,%,67.22667277027543
2026-08-22T23:40:00+00:00,22411530-3,Dew Point,CURRENT,°C,17.03896065509704
2026-08-22T23:41:00+00:00,22411541-S,Battery,CURRENT,V,8.4644677734375
2026-08-22T23:45:00+00:00,22411189-1,Temperature,CURRENT,°C,23.163437499999993
2026-08-22T23:45:00+00:00,22411189-2,RH,CURRENT,%,69.7154192416266
2026-08-22T23:45:00+00:00,22411189-3,Dew Point,CURRENT,°C,17.347980107164833
2026-08-22T23:45:00+00:00,22411190-1,Temperature,CURRENT,°C,23.313588867187498
2026-08-22T23:45:00+00:00,22411190-2,RH,CURRENT,%,67.62340733958953
2026-08-22T23:45:00+00:00,22411190-3,Dew Point,CURRENT,°C,17.009285983889573
2026-08-22T23:45:00+00:00,22411191-1,Temperature,CURRENT,°C,23.5709912109375
2026-08-22T23:45:00+00:00,22411191-2,RH,CURRENT,%,67.50896467536431
2026-08-22T23:45:00+00:00,22411191-3,Dew Point,CURRENT,°C,17.22791063301618
2026-08-22T23:45:00+00:00,22411525-1,Temperature,CURRENT,°C,23.592441406249996
2026-08-22T23:45:00+00:00,22411525-2,RH,CURRENT,%,66.29587243457695
2026-08-22T23:45:00+00:00,22411525-3,Dew Point,CURRENT,°C,16.961574431177603
2026-08-22T23:45:00+00:00,22411526-1,Temperature,CURRENT,°C,22.82023437499999
2026-08-22T23:45:00+00:00,22411526-2,RH,CURRENT,%,69.94430457007705
2026-08-22T23:45:00+00:00,22411526-3,Dew Point,CURRENT,°C,17.07127346252962
2026-08-22T23:45:00+00:00,22411527-1,Temperature,CURRENT,°C,23.635341796875004
2026-08-22T23:45:00+00:00,22411527-2,RH,CURRENT,%,66.44846265354391
2026-08-22T23:45:00+00:00,22411527-3,Dew Point,CURRENT,°C,17.03871625295498
2026-08-22T23:45:00+00:00,22411528-1,Temperature,CURRENT,°C,22.691533203124997
2026-08-22T23:45:00+00:00,22411528-2,RH,CURRENT,%,71.1436636911574
2026-08-22T23:45:00+00:00,22411528-3,Dew Point,CURRENT,°C,17.216875475964418
2026-08-22T23:45:00+00:00,22411529-1,Temperature,CURRENT,°C,21.74772460937499
2026-08-22T23:45:00+00:00,22411529-2,RH,CURRENT,%,75.8831158922713
2026-08-22T23:45:00+00:00,22411529-3,Dew Point,CURRENT,°C,17.32876929514996
2026-08-22T23:45:00+00:00,22411530-1,Temperature,CURRENT,°C,23.4851904296875
2026-08-22T23:45:00+00:00,22411530-2,RH,CURRENT,%,66.97947661554895
2026-08-22T23:45:00+00:00,22411530-3,Dew Point,CURRENT,°C,17.02159950768448
2026-08-22T23:46:00+00:00,22411541-S,Battery,CURRENT,V,8.467698486328125
2026-08-22T23:50:00+00:00,22411189-1,Temperature,CURRENT,°C,22.948935546875
2026-08-22T23:50:00+00:00,22411189-2,RH,CURRENT,%,70.4402227817197
2026-08-22T23:50:00+00:00,22411189-3,Dew Point,CURRENT,°C,17.306391274535606
2026-08-22T23:50:00+00:00,22411190-1,Temperature,CURRENT,°C,23.120537109375
2026-08-22T23:50:00+00:00,22411190-2,RH,CURRENT,%,68.29175249866483
2026-08-22T23:50:00+00:00,22411190-3,Dew Point,CURRENT,°C,16.98049606328666
2026-08-22T23:50:00+00:00,22411191-1,Temperature,CURRENT,°C,23.313588867187498
2026-08-22T23:50:00+00:00,22411191-2,RH,CURRENT,%,68.30548561837186
2026-08-22T23:50:00+00:00,22411191-3,Dew Point,CURRENT,°C,17.167991798235338
2026-08-22T23:50:00+00:00,22411525-1,Temperature,CURRENT,°C,23.35648925781249
2026-08-22T23:50:00+00:00,22411525-2,RH,CURRENT,%,66.91386282139315
2026-08-22T23:50:00+00:00,22411525-3,Dew Point,CURRENT,°C,16.883548682236512
2026-08-22T23:50:00+00:00,22411526-1,Temperature,CURRENT,°C,22.605732421874997
2026-08-22T23:50:00+00:00,22411526-2,RH,CURRENT,%,70.96665903715572
2026-08-22T23:50:00+00:00,22411526-3,Dew Point,CURRENT,°C,17.095131169134753
2026-08-22T23:50:00+00:00,22411527-1,Temperature,CURRENT,°C,23.44229003906249
2026-08-22T23:50:00+00:00,22411527-2,RH,CURRENT,%,66.98863202868696
2026-08-22T23:50:00+00:00,22411527-3,Dew Point,CURRENT,°C,16.982900854812815
2026-08-22T23:50:00+00:00,22411528-1,Temperature,CURRENT,°C,22.477031250000003
2026-08-22T23:50:00+00:00,22411528-2,RH,CURRENT,%,72.35217822537575
2026-08-22T23:50:00+00:00,22411528-3,Dew Point,CURRENT,°C,17.277505778530802
2026-08-22T23:50:00+00:00,22411529-1,Temperature,CURRENT,°C,21.5975732421875
2026-08-22T23:50:00+00:00,22411529-2,RH,CURRENT,%,77.38155184252689
2026-08-22T23:50:00+00:00,22411529-3,Dew Point,CURRENT,°C,17.493322974780074
2026-08-22T23:50:00+00:00,22411530-1,Temperature,CURRENT,°C,23.249238281249994
2026-08-22T23:50:00+00:00,22411530-2,RH,CURRENT,%,67.81567101548791
2026-08-22T23:50:00+00:00,22411530-3,Dew Point,CURRENT,°C,16.99277927460901
2026-08-22T23:51:00+00:00,22411541-S,Battery,CURRENT,V,8.454775634765625
2026-08-22T23:55:00+00:00,22411189-1,Temperature,CURRENT,°C,22.90603515624999
2026-08-22T23:55:00+00:00,22411189-2,RH,CURRENT,%,70.39749752040895
2026-08-22T23:55:00+00:00,22411189-3,Dew Point,CURRENT,°C,17.255664996778833
2026-08-22T23:55:00+00:00,22411190-1,Temperature,CURRENT,°C,23.056186523437496
2026-08-22T23:55:00+00:00,22411190-2,RH,CURRENT,%,68.23682001983673
2026-08-22T23:55:00+00:00,22411190-3,Dew Point,CURRENT,°C,16.906348748864737
2026-08-22T23:55:00+00:00,22411191-1,Temperature,CURRENT,°C,23.335039062499995
2026-08-22T23:55:00+00:00,22411191-2,RH,CURRENT,%,68.09643701838712
2026-08-22T23:55:00+00:00,22411191-3,Dew Point,CURRENT,°C,17.13997015346954
2026-08-22T23:55:00+00:00,22411525-1,Temperature,CURRENT,°C,23.35648925781249
2026-08-22T23:55:00+00:00,22411525-2,RH,CURRENT,%,66.73685816739147
2026-08-22T23:55:00+00:00,22411525-3,Dew Point,CURRENT,°C,16.8417358439622
2026-08-22T23:55:00+00:00,22411526-1,Temperature,CURRENT,°C,22.519931640624996
2026-08-22T23:55:00+00:00,22411526-2,RH,CURRENT,%,70.81406881818876
2026-08-22T23:55:00+00:00,22411526-3,Dew Point,CURRENT,°C,16.97879873029495
2026-08-22T23:55:00+00:00,22411527-1,Temperature,CURRENT,°C,23.44229003906249
2026-08-22T23:55:00+00:00,22411527-2,RH,CURRENT,%,66.80399786373694
2026-08-22T23:55:00+00:00,22411527-3,Dew Point,CURRENT,°C,16.93929828900012
2026-08-22T23:55:00+00:00,22411528-1,Temperature,CURRENT,°C,22.391230468750003
2026-08-22T23:55:00+00:00,22411528-2,RH,CURRENT,%,72.12481879911498
2026-08-22T23:55:00+00:00,22411528-3,Dew Point,CURRENT,°C,17.145184555127656
2026-08-22T23:55:00+00:00,22411529-1,Temperature,CURRENT,°C,21.447421874999996
2026-08-22T23:55:00+00:00,22411529-2,RH,CURRENT,%,77.2854200045777
2026-08-22T23:55:00+00:00,22411529-3,Dew Point,CURRENT,°C,17.327991096995884
2026-08-22T23:55:00+00:00,22411530-1,Temperature,CURRENT,°C,23.249238281249994
2026-08-22T23:55:00+00:00,22411530-2,RH,CURRENT,%,67.71496147096971
2026-08-22T23:55:00+00:00,22411530-3,Dew Point,CURRENT,°C,16.969297379315726
2026-08-22T23:56:00+00:00,22411541-S,Battery,CURRENT,V,8.448314208984375
