timestamp_utc,sensor_sn,measurement_type,data_type,units,value
2026-07-16T00:00:00+00:00,22411189-1,Temperature,CURRENT,°C,22.991835937499992
2026-07-16T00:00:00+00:00,22411189-2,RH,CURRENT,%,72.1889066910811
2026-07-16T00:00:00+00:00,22411189-3,Dew Point,CURRENT,°C,17.73667645767548
2026-07-16T00:00:00+00:00,22411190-1,Temperature,CURRENT,°C,23.034736328125
2026-07-16T00:00:00+00:00,22411190-2,RH,CURRENT,%,70.35629816128787
2026-07-16T00:00:00+00:00,22411190-3,Dew Point,CURRENT,°C,17.36973228143447
2026-07-16T00:00:00+00:00,22411191-1,Temperature,CURRENT,°C,23.163437499999993
2026-07-16T00:00:00+00:00,22411191-2,RH,CURRENT,%,70.7362478065156
2026-07-16T00:00:00+00:00,22411191-3,Dew Point,CURRENT,°C,17.578536107971775
2026-07-16T00:00:00+00:00,22411525-1,Temperature,CURRENT,°C,23.141987304687497
2026-07-16T00:00:00+00:00,22411525-2,RH,CURRENT,%,69.37209124895094
2026-07-16T00:00:00+00:00,22411525-3,Dew Point,CURRENT,°C,17.249254734470703
2026-07-16T00:00:00+00:00,22411526-1,Temperature,CURRENT,°C,22.90603515624999
2026-07-16T00:00:00+00:00,22411526-2,RH,CURRENT,%,71.64873731593805
2026-07-16T00:00:00+00:00,22411526-3,Dew Point,CURRENT,°C,17.534940939877238
2026-07-16T00:00:00+00:00,22411527-1,Temperature,CURRENT,°C,23.184887695312504
2026-07-16T00:00:00+00:00,22411527-2,RH,CURRENT,%,69.5048447394522
2026-07-16T00:00:00+00:00,22411527-3,Dew Point,CURRENT,°C,17.320578284032152
2026-07-16T00:00:00+00:00,22411528-1,Temperature,CURRENT,°C,22.82023437499999
2026-07-16T00:00:00+00:00,22411528-2,RH,CURRENT,%,72.78400854505226
2026-07-16T00:00:00+00:00,22411528-3,Dew Point,CURRENT,°C,17.702088198956535
2026-07-16T00:00:00+00:00,22411529-1,Temperature,CURRENT,°C,22.519931640624996
2026-07-16T00:00:00+00:00,22411529-2,RH,CURRENT,%,74.28397039749753
2026-07-16T00:00:00+00:00,22411529-3,Dew Point,CURRENT,°C,17.736890028081472
2026-07-16T00:00:00+00:00,22411530-1,Temperature,CURRENT,°C,23.120537109375
2026-07-16T00:00:00+00:00,22411530-2,RH,CURRENT,%,69.83901731898985
2026-07-16T00:00:00+00:00,22411530-3,Dew Point,CURRENT,°C,17.33497831642578
2026-07-16T00:01:00+00:00,22411541-S,Battery,CURRENT,V,8.325547119140625
2026-07-16T00:05:00+00:00,22411189-1,Temperature,CURRENT,°C,23.120537109375
2026-07-16T00:05:00+00:00,22411189-2,RH,CURRENT,%,71.18638895246815
2026-07-16T00:05:00+00:00,22411189-3,Dew Point,CURRENT,°C,17.638105799639934
2026-07-16T00:05:00+00:00,22411190-1,Temperature,CURRENT,°C,23.184887695312504
2026-07-16T00:05:00+00:00,22411190-2,RH,CURRENT,%,69.41023880369268
2026-07-16T00:05:00+00:00,22411190-3,Dew Point,CURRENT,°C,17.299001364985834
2026-07-16T00:05:00+00:00,22411191-1,Temperature,CURRENT,°C,23.292138671875
2026-07-16T00:05:00+00:00,22411191-2,RH,CURRENT,%,69.85732814526588
2026-07-16T00:05:00+00:00,22411191-3,Dew Point,CURRENT,°C,17.503428936754567
2026-07-16T00:05:00+00:00,22411525-1,Temperature,CURRENT,°C,23.292138671875
2026-07-16T00:05:00+00:00,22411525-2,RH,CURRENT,%,68.65339131761654
2026-07-16T00:05:00+00:00,22411525-3,Dew Point,CURRENT,°C,17.227916104782107
2026-07-16T00:05:00+00:00,22411526-1,Temperature,CURRENT,°C,23.013286132812503
2026-07-16T00:05:00+00:00,22411526-2,RH,CURRENT,%,70.88426031891356
2026-07-16T00:05:00+00:00,22411526-3,Dew Point,CURRENT,°C,17.467699099204975
2026-07-16T00:05:00+00:00,22411527-1,Temperature,CURRENT,°C,23.313588867187498
2026-07-16T00:05:00+00:00,22411527-2,RH,CURRENT,%,68.76935988403143
2026-07-16T00:05:00+00:00,22411527-3,Dew Point,CURRENT,°C,17.275134841458723
2026-07-16T00:05:00+00:00,22411528-1,Temperature,CURRENT,°C,22.927485351562503
2026-07-16T00:05:00+00:00,22411528-2,RH,CURRENT,%,71.9829098954757
2026-07-16T00:05:00+00:00,22411528-3,Dew Point,CURRENT,°C,17.629419930960463
2026-07-16T00:05:00+00:00,22411529-1,Temperature,CURRENT,°C,22.562832031250004
2026-07-16T00:05:00+00:00,22411529-2,RH,CURRENT,%,73.62172884718089
2026-07-16T00:05:00+00:00,22411529-3,Dew Point,CURRENT,°C,17.635982942381244
2026-07-16T00:05:00+00:00,22411530-1,Temperature,CURRENT,°C,23.270688476562505
2026-07-16T00:05:00+00:00,22411530-2,RH,CURRENT,%,68.98451209277485
2026-07-16T00:05:00+00:00,22411530-3,Dew Point,CURRENT,°C,17.28360526850185
2026-07-16T00:06:00+00:00,22411541-S,Battery,CURRENT,V,8.32231640625
2026-07-16T00:10:00+00:00,22411189-1,Temperature,CURRENT,°C,23.141987304687497
2026-07-16T00:10:00+00:00,22411189-2,RH,CURRENT,%,70.937666895552
2026-07-16T00:10:00+00:00,22411189-3,Dew Point,CURRENT,°C,17.603105979773602
2026-07-16T00:10:00+00:00,22411190-1,Temperature,CURRENT,°C,23.184887695312504
2026-07-16T00:10:00+00:00,22411190-2,RH,CURRENT,%,69.0974288548104
2026-07-16T00:10:00+00:00,22411190-3,Dew Point,CURRENT,°C,17.22747448516035
2026-07-16T00:10:00+00:00,22411191-1,Temperature,CURRENT,°C,23.335039062499995
2026-07-16T00:10:00+00:00,22411191-2,RH,CURRENT,%,69.49111161974517
2026-07-16T00:10:00+00:00,22411191-3,Dew Point,CURRENT,°C,17.46111232856783
2026-07-16T00:10:00+00:00,22411525-1,Temperature,CURRENT,°C,23.313588867187498
2026-07-16T00:10:00+00:00,22411525-2,RH,CURRENT,%,68.34210727092393
2026-07-16T00:10:00+00:00,22411525-3,Dew Point,CURRENT,°C,17.176473591585093
2026-07-16T00:10:00+00:00,22411526-1,Temperature,CURRENT,°C,23.034736328125
2026-07-16T00:10:00+00:00,22411526-2,RH,CURRENT,%,70.49820706492714
2026-07-16T00:10:00+00:00,22411526-3,Dew Point,CURRENT,°C,17.4016710345211
2026-07-16T00:10:00+00:00,22411527-1,Temperature,CURRENT,°C,23.35648925781249
2026-07-16T00:10:00+00:00,22411527-2,RH,CURRENT,%,68.51148241397726
2026-07-16T00:10:00+00:00,22411527-3,Dew Point,CURRENT,°C,17.256624318927265
2026-07-16T00:10:00+00:00,22411528-1,Temperature,CURRENT,°C,22.970385742187496
2026-07-16T00:10:00+00:00,22411528-2,RH,CURRENT,%,71.58770122835126
2026-07-16T00:10:00+00:00,22411528-3,Dew Point,CURRENT,°C,17.583218992581976
2026-07-16T00:10:00+00:00,22411529-1,Temperature,CURRENT,°C,22.5842822265625
2026-07-16T00:10:00+00:00,22411529-2,RH,CURRENT,%,73.15022507057297
2026-07-16T00:10:00+00:00,22411529-3,Dew Point,CURRENT,°C,17.55463995565702
2026-07-16T00:10:00+00:00,22411530-1,Temperature,CURRENT,°C,23.292138671875
2026-07-16T00:10:00+00:00,22411530-2,RH,CURRENT,%,68.64423590447852
2026-07-16T00:10:00+00:00,22411530-3,Dew Point,CURRENT,°C,17.22580479097312
2026-07-16T00:11:00+00:00,22411541-S,Battery,CURRENT,V,8.325547119140625
2026-07-16T00:15:00+00:00,22411189-1,Temperature,CURRENT,°C,23.056186523437496
2026-07-16T00:15:00+00:00,22411189-2,RH,CURRENT,%,71.58464942397192
2026-07-16T00:15:00+00:00,22411189-3,Dew Point,CURRENT,°C,17.66494318735845
2026-07-16T00:15:00+00:00,22411190-1,Temperature,CURRENT,°C,23.099086914062504
2026-07-16T00:15:00+00:00,22411190-2,RH,CURRENT,%,69.79476615548943
2026-07-16T00:15:00+00:00,22411190-3,Dew Point,CURRENT,°C,17.30440107769494
2026-07-16T00:15:00+00:00,22411191-1,Temperature,CURRENT,°C,23.206337890625
2026-07-16T00:15:00+00:00,22411191-2,RH,CURRENT,%,70.17471580071718
2026-07-16T00:15:00+00:00,22411191-3,Dew Point,CURRENT,°C,17.493173947153924
2026-07-16T00:15:00+00:00,22411525-1,Temperature,CURRENT,°C,23.206337890625
2026-07-16T00:15:00+00:00,22411525-2,RH,CURRENT,%,68.88685435263599
2026-07-16T00:15:00+00:00,22411525-3,Dew Point,CURRENT,°C,17.19966629460937
2026-07-16T00:15:00+00:00,22411526-1,Temperature,CURRENT,°C,22.948935546875
2026-07-16T00:15:00+00:00,22411526-2,RH,CURRENT,%,70.86900129701687
2026-07-16T00:15:00+00:00,22411526-3,Dew Point,CURRENT,°C,17.402560562014884
2026-07-16T00:15:00+00:00,22411527-1,Temperature,CURRENT,°C,23.249238281249994
2026-07-16T00:15:00+00:00,22411527-2,RH,CURRENT,%,69.02876325627527
2026-07-16T00:15:00+00:00,22411527-3,Dew Point,CURRENT,°C,17.273255466603416
2026-07-16T00:15:00+00:00,22411528-1,Temperature,CURRENT,°C,22.884584960937495
2026-07-16T00:15:00+00:00,22411528-2,RH,CURRENT,%,71.9279774166476
2026-07-16T00:15:00+00:00,22411528-3,Dew Point,CURRENT,°C,17.5760708428004
2026-07-16T00:15:00+00:00,22411529-1,Temperature,CURRENT,°C,22.541381835937493
2026-07-16T00:15:00+00:00,22411529-2,RH,CURRENT,%,73.44167238879987
2026-07-16T00:15:00+00:00,22411529-3,Dew Point,CURRENT,°C,17.576431682480017
2026-07-16T00:15:00+00:00,22411530-1,Temperature,CURRENT,°C,23.184887695312504
2026-07-16T00:15:00+00:00,22411530-2,RH,CURRENT,%,69.35530632486457
2026-07-16T00:15:00+00:00,22411530-3,Dew Point,CURRENT,°C,17.286461009364874
2026-07-16T00:16:00+00:00,22411541-S,Battery,CURRENT,V,8.31585498046875
2026-07-16T00:20:00+00:00,22411189-1,Temperature,CURRENT,°C,22.841684570312502
2026-07-16T00:20:00+00:00,22411189-2,RH,CURRENT,%,72.76417181658655
2026-07-16T00:20:00+00:00,22411189-3,Dew Point,CURRENT,°C,17.718399728311443
2026-07-16T00:20:00+00:00,22411190-1,Temperature,CURRENT,°C,22.90603515624999
2026-07-16T00:20:00+00:00,22411190-2,RH,CURRENT,%,70.87968261234455
2026-07-16T00:20:00+00:00,22411190-3,Dew Point,CURRENT,°C,17.36379933230876
2026-07-16T00:20:00+00:00,22411191-1,Temperature,CURRENT,°C,22.991835937499992
2026-07-16T00:20:00+00:00,22411191-2,RH,CURRENT,%,71.43816281376364
2026-07-16T00:20:00+00:00,22411191-3,Dew Point,CURRENT,°C,17.57062212012977
2026-07-16T00:20:00+00:00,22411525-1,Temperature,CURRENT,°C,22.991835937499992
2026-07-16T00:20:00+00:00,22411525-2,RH,CURRENT,%,70.11062790875106
2026-07-16T00:20:00+00:00,22411525-3,Dew Point,CURRENT,°C,17.273212789032986
2026-07-16T00:20:00+00:00,22411526-1,Temperature,CURRENT,°C,22.7558837890625
2026-07-16T00:20:00+00:00,22411526-2,RH,CURRENT,%,72.02716105897612
2026-07-16T00:20:00+00:00,22411526-3,Dew Point,CURRENT,°C,17.474247276910663
2026-07-16T00:20:00+00:00,22411527-1,Temperature,CURRENT,°C,23.034736328125
2026-07-16T00:20:00+00:00,22411527-2,RH,CURRENT,%,70.17776760509652
2026-07-16T00:20:00+00:00,22411527-3,Dew Point,CURRENT,°C,17.329471040649672
2026-07-16T00:20:00+00:00,22411528-1,Temperature,CURRENT,°C,22.691533203124997
2026-07-16T00:20:00+00:00,22411528-2,RH,CURRENT,%,73.02662699320973
2026-07-16T00:20:00+00:00,22411528-3,Dew Point,CURRENT,°C,17.6310655625451
2026-07-16T00:20:00+00:00,22411529-1,Temperature,CURRENT,°C,22.434130859374996
2026-07-16T00:20:00+00:00,22411529-2,RH,CURRENT,%,74.30685893034257
2026-07-16T00:20:00+00:00,22411529-3,Dew Point,CURRENT,°C,17.658995570460107
2026-07-16T00:20:00+00:00,22411530-1,Temperature,CURRENT,°C,22.970385742187496
2026-07-16T00:20:00+00:00,22411530-2,RH,CURRENT,%,70.59891660944534
2026-07-16T00:20:00+00:00,22411530-3,Dew Point,CURRENT,°C,17.362608724807874
2026-07-16T00:21:00+00:00,22411541-S,Battery,CURRENT,V,8.31585498046875
2026-07-16T00:25:00+00:00,22411189-1,Temperature,CURRENT,°C,22.777333984374998
2026-07-16T00:25:00+00:00,22411189-2,RH,CURRENT,%,73.42793926909285
2026-07-16T00:25:00+00:00,22411189-3,Dew Point,CURRENT,°C,17.800795987382617
2026-07-16T00:25:00+00:00,22411190-1,Temperature,CURRENT,°C,22.863134765625
2026-07-16T00:25:00+00:00,22411190-2,RH,CURRENT,%,71.41374837872893
2026-07-16T00:25:00+00:00,22411190-3,Dew Point,CURRENT,°C,17.441629939863404
2026-07-16T00:25:00+00:00,22411191-1,Temperature,CURRENT,°C,22.948935546875
2026-07-16T00:25:00+00:00,22411191-2,RH,CURRENT,%,71.94476234073396
2026-07-16T00:25:00+00:00,22411191-3,Dew Point,CURRENT,°C,17.64161513711547
2026-07-16T00:25:00+00:00,22411525-1,Temperature,CURRENT,°C,22.948935546875
2026-07-16T00:25:00+00:00,22411525-2,RH,CURRENT,%,70.63553826199741
2026-07-16T00:25:00+00:00,22411525-3,Dew Point,CURRENT,°C,17.35026131729023
2026-07-16T00:25:00+00:00,22411526-1,Temperature,CURRENT,°C,22.691533203124997
2026-07-16T00:25:00+00:00,22411526-2,RH,CURRENT,%,72.78400854505226
2026-07-16T00:25:00+00:00,22411526-3,Dew Point,CURRENT,°C,17.57822601050021
2026-07-16T00:25:00+00:00,22411527-1,Temperature,CURRENT,°C,22.991835937499992
2026-07-16T00:25:00+00:00,22411527-2,RH,CURRENT,%,70.70420386053254
2026-07-16T00:25:00+00:00,22411527-3,Dew Point,CURRENT,°C,17.406796570320438
2026-07-16T00:25:00+00:00,22411528-1,Temperature,CURRENT,°C,22.627182617187493
2026-07-16T00:25:00+00:00,22411528-2,RH,CURRENT,%,73.83993286030365
2026-07-16T00:25:00+00:00,22411528-3,Dew Point,CURRENT,°C,17.745037079502925
2026-07-16T00:25:00+00:00,22411529-1,Temperature,CURRENT,°C,22.3268798828125
2026-07-16T00:25:00+00:00,22411529-2,RH,CURRENT,%,75.16136415655757
2026-07-16T00:25:00+00:00,22411529-3,Dew Point,CURRENT,°C,17.7371137172009
2026-07-16T00:25:00+00:00,22411530-1,Temperature,CURRENT,°C,22.927485351562503
2026-07-16T00:25:00+00:00,22411530-2,RH,CURRENT,%,71.02006561379416
2026-07-16T00:25:00+00:00,22411530-3,Dew Point,CURRENT,°C,17.415740688071228
2026-07-16T00:26:00+00:00,22411541-S,Battery,CURRENT,V,8.32231640625
2026-07-16T00:30:00+00:00,22411189-1,Temperature,CURRENT,°C,22.434130859374996
2026-07-16T00:30:00+00:00,22411189-2,RH,CURRENT,%,75.18730449378195
2026-07-16T00:30:00+00:00,22411189-3,Dew Point,CURRENT,°C,17.846240742877516
2026-07-16T00:30:00+00:00,22411190-1,Temperature,CURRENT,°C,22.4984814453125
2026-07-16T00:30:00+00:00,22411190-2,RH,CURRENT,%,73.08613717860685
2026-07-16T00:30:00+00:00,22411190-3,Dew Point,CURRENT,°C,17.45810916383727
2026-07-16T00:30:00+00:00,22411191-1,Temperature,CURRENT,°C,22.605732421874997
2026-07-16T00:30:00+00:00,22411191-2,RH,CURRENT,%,73.74074921797512
2026-07-16T00:30:00+00:00,22411191-3,Dew Point,CURRENT,°C,17.702995709114468
2026-07-16T00:30:00+00:00,22411525-1,Temperature,CURRENT,°C,22.605732421874997
2026-07-16T00:30:00+00:00,22411525-2,RH,CURRENT,%,72.3796444647898
2026-07-16T00:30:00+00:00,22411525-3,Dew Point,CURRENT,°C,17.407297410860455
2026-07-16T00:30:00+00:00,22411526-1,Temperature,CURRENT,°C,22.36978027343749
2026-07-16T00:30:00+00:00,22411526-2,RH,CURRENT,%,74.25345235370413
2026-07-16T00:30:00+00:00,22411526-3,Dew Point,CURRENT,°C,17.585486644570555
2026-07-16T00:30:00+00:00,22411527-1,Temperature,CURRENT,°C,22.6700830078125
2026-07-16T00:30:00+00:00,22411527-2,RH,CURRENT,%,72.41626611734188
2026-07-16T00:30:00+00:00,22411527-3,Dew Point,CURRENT,°C,17.477210137599283
2026-07-16T00:30:00+00:00,22411528-1,Temperature,CURRENT,°C,22.3268798828125
2026-07-16T00:30:00+00:00,22411528-2,RH,CURRENT,%,75.29716945143817
2026-07-16T00:30:00+00:00,22411528-3,Dew Point,CURRENT,°C,17.76580985551463
2026-07-16T00:30:00+00:00,22411529-1,Temperature,CURRENT,°C,22.090927734374993
2026-07-16T00:30:00+00:00,22411529-2,RH,CURRENT,%,76.38818951705196
2026-07-16T00:30:00+00:00,22411529-3,Dew Point,CURRENT,°C,17.7662477660294
2026-07-16T00:30:00+00:00,22411530-1,Temperature,CURRENT,°C,22.5842822265625
2026-07-16T00:30:00+00:00,22411530-2,RH,CURRENT,%,72.77790493629358
2026-07-16T00:30:00+00:00,22411530-3,Dew Point,CURRENT,°C,17.47367545532131
2026-07-16T00:31:00+00:00,22411541-S,Battery,CURRENT,V,8.3093935546875
2026-07-16T00:35:00+00:00,22411189-1,Temperature,CURRENT,°C,22.4984814453125
2026-07-16T00:35:00+00:00,22411189-2,RH,CURRENT,%,74.10696574349585
2026-07-16T00:35:00+00:00,22411189-3,Dew Point,CURRENT,°C,17.67828636054419
2026-07-16T00:35:00+00:00,22411190-1,Temperature,CURRENT,°C,22.541381835937493
2026-07-16T00:35:00+00:00,22411190-2,RH,CURRENT,%,72.02716105897612
2026-07-16T00:35:00+00:00,22411190-3,Dew Point,CURRENT,°C,17.268074998871473
2026-07-16T00:35:00+00:00,22411191-1,Temperature,CURRENT,°C,22.712983398437494
2026-07-16T00:35:00+00:00,22411191-2,RH,CURRENT,%,72.36285954070344
2026-07-16T00:35:00+00:00,22411191-3,Dew Point,CURRENT,°C,17.50676617621722
2026-07-16T00:35:00+00:00,22411525-1,Temperature,CURRENT,°C,22.712983398437494
2026-07-16T00:35:00+00:00,22411525-2,RH,CURRENT,%,70.90104524299993
2026-07-16T00:35:00+00:00,22411525-3,Dew Point,CURRENT,°C,17.18338786594886
2026-07-16T00:35:00+00:00,22411526-1,Temperature,CURRENT,°C,22.391230468750003
2026-07-16T00:35:00+00:00,22411526-2,RH,CURRENT,%,73.51186388952468
2026-07-16T00:35:00+00:00,22411526-3,Dew Point,CURRENT,°C,17.446906118413786
2026-07-16T00:35:00+00:00,22411527-1,Temperature,CURRENT,°C,22.777333984374998
2026-07-16T00:35:00+00:00,22411527-2,RH,CURRENT,%,71.01548790722515
2026-07-16T00:35:00+00:00,22411527-3,Dew Point,CURRENT,°C,17.2706563146144
2026-07-16T00:35:00+00:00,22411528-1,Temperature,CURRENT,°C,22.3268798828125
2026-07-16T00:35:00+00:00,22411528-2,RH,CURRENT,%,74.71122301060502
2026-07-16T00:35:00+00:00,22411528-3,Dew Point,CURRENT,°C,17.641671573120693
2026-07-16T00:35:00+00:00,22411529-1,Temperature,CURRENT,°C,22.005126953124993
2026-07-16T00:35:00+00:00,22411529-2,RH,CURRENT,%,76.10284580758373
2026-07-16T00:35:00+00:00,22411529-3,Dew Point,CURRENT,°C,17.62372170997191
2026-07-16T00:35:00+00:00,22411530-1,Temperature,CURRENT,°C,22.6700830078125
2026-07-16T00:35:00+00:00,22411530-2,RH,CURRENT,%,71.47936217288472
2026-07-16T00:35:00+00:00,22411530-3,Dew Point,CURRENT,°C,17.270818239428216
2026-07-16T00:36:00+00:00,22411541-S,Battery,CURRENT,V,8.3093935546875
2026-07-16T00:40:00+00:00,22411189-1,Temperature,CURRENT,°C,22.391230468750003
2026-07-16T00:40:00+00:00,22411189-2,RH,CURRENT,%,74.2351415274281
2026-07-16T00:40:00+00:00,22411189-3,Dew Point,CURRENT,°C,17.602266927908342
2026-07-16T00:40:00+00:00,22411190-1,Temperature,CURRENT,°C,22.455581054687492
2026-07-16T00:40:00+00:00,22411190-2,RH,CURRENT,%,72.15075913633936
2026-07-16T00:40:00+00:00,22411190-3,Dew Point,CURRENT,°C,17.21274081148883
2026-07-16T00:40:00+00:00,22411191-1,Temperature,CURRENT,°C,22.562832031250004
2026-07-16T00:40:00+00:00,22411191-2,RH,CURRENT,%,72.73823147936217
2026-07-16T00:40:00+00:00,22411191-3,Dew Point,CURRENT,°C,17.44438406281212
2026-07-16T00:40:00+00:00,22411525-1,Temperature,CURRENT,°C,22.562832031250004
2026-07-16T00:40:00+00:00,22411525-2,RH,CURRENT,%,71.37865262836652
2026-07-16T00:40:00+00:00,22411525-3,Dew Point,CURRENT,°C,17.14552108635895
2026-07-16T00:40:00+00:00,22411526-1,Temperature,CURRENT,°C,22.3268798828125
2026-07-16T00:40:00+00:00,22411526-2,RH,CURRENT,%,73.56679636835278
2026-07-16T00:40:00+00:00,22411526-3,Dew Point,CURRENT,°C,17.396735312846456
2026-07-16T00:40:00+00:00,22411527-1,Temperature,CURRENT,°C,22.605732421874997
2026-07-16T00:40:00+00:00,22411527-2,RH,CURRENT,%,71.49767299916076
2026-07-16T00:40:00+00:00,22411527-3,Dew Point,CURRENT,°C,17.2130794804802
2026-07-16T00:40:00+00:00,22411528-1,Temperature,CURRENT,°C,22.241079101562498
2026-07-16T00:40:00+00:00,22411528-2,RH,CURRENT,%,74.76920729381247
2026-07-16T00:40:00+00:00,22411528-3,Dew Point,CURRENT,°C,17.57113663659685
2026-07-16T00:40:00+00:00,22411529-1,Temperature,CURRENT,°C,21.919326171874992
2026-07-16T00:40:00+00:00,22411529-2,RH,CURRENT,%,76.14557106889448
2026-07-16T00:40:00+00:00,22411529-3,Dew Point,CURRENT,°C,17.54958575051055
2026-07-16T00:40:00+00:00,22411530-1,Temperature,CURRENT,°C,22.541381835937493
2026-07-16T00:40:00+00:00,22411530-2,RH,CURRENT,%,71.81658655680171
2026-07-16T00:40:00+00:00,22411530-3,Dew Point,CURRENT,°C,17.22171809488633
2026-07-16T00:41:00+00:00,22411541-S,Battery,CURRENT,V,8.3093935546875
2026-07-16T00:45:00+00:00,22411189-1,Temperature,CURRENT,°C,22.348330078124995
2026-07-16T00:45:00+00:00,22411189-2,RH,CURRENT,%,74.2198825055314
2026-07-16T00:45:00+00:00,22411189-3,Dew Point,CURRENT,°C,17.557612777791714
2026-07-16T00:45:00+00:00,22411190-1,Temperature,CURRENT,°C,22.4126806640625
2026-07-16T00:45:00+00:00,22411190-2,RH,CURRENT,%,72.2743572137026
2026-07-16T00:45:00+00:00,22411190-3,Dew Point,CURRENT,°C,17.19858340555167
2026-07-16T00:45:00+00:00,22411191-1,Temperature,CURRENT,°C,22.519931640624996
2026-07-16T00:45:00+00:00,22411191-2,RH,CURRENT,%,72.86945906767376
2026-07-16T00:45:00+00:00,22411191-3,Dew Point,CURRENT,°C,17.431676276182547
2026-07-16T00:45:00+00:00,22411525-1,Temperature,CURRENT,°C,22.519931640624996
2026-07-16T00:45:00+00:00,22411525-2,RH,CURRENT,%,71.44731822690166
2026-07-16T00:45:00+00:00,22411525-3,Dew Point,CURRENT,°C,17.11954043963836
2026-07-16T00:45:00+00:00,22411526-1,Temperature,CURRENT,°C,22.262529296874995
2026-07-16T00:45:00+00:00,22411526-2,RH,CURRENT,%,73.56679636835278
2026-07-16T00:45:00+00:00,22411526-3,Dew Point,CURRENT,°C,17.334717502084935
2026-07-16T00:45:00+00:00,22411527-1,Temperature,CURRENT,°C,22.562832031250004
2026-07-16T00:45:00+00:00,22411527-2,RH,CURRENT,%,71.54802777141985
2026-07-16T00:45:00+00:00,22411527-3,Dew Point,CURRENT,°C,17.183023667986298
2026-07-16T00:45:00+00:00,22411528-1,Temperature,CURRENT,°C,22.176728515624994
2026-07-16T00:45:00+00:00,22411528-2,RH,CURRENT,%,74.96604867627985
2026-07-16T00:45:00+00:00,22411528-3,Dew Point,CURRENT,°C,17.550714665748174
2026-07-16T00:45:00+00:00,22411529-1,Temperature,CURRENT,°C,21.854975585937503
2026-07-16T00:45:00+00:00,22411529-2,RH,CURRENT,%,76.24933241779202
2026-07-16T00:45:00+00:00,22411529-3,Dew Point,CURRENT,°C,17.508901861753817
2026-07-16T00:45:00+00:00,22411530-1,Temperature,CURRENT,°C,22.4984814453125
2026-07-16T00:45:00+00:00,22411530-2,RH,CURRENT,%,71.9279774166476
2026-07-16T00:45:00+00:00,22411530-3,Dew Point,CURRENT,°C,17.20502679901999
2026-07-16T00:46:00+00:00,22411541-S,Battery,CURRENT,V,8.302932128906251
2026-07-16T00:50:00+00:00,22411189-1,Temperature,CURRENT,°C,22.112377929687504
2026-07-16T00:50:00+00:00,22411189-2,RH,CURRENT,%,75.37651636530099
2026-07-16T00:50:00+00:00,22411189-3,Dew Point,CURRENT,°C,17.575201299178527
2026-07-16T00:50:00+00:00,22411190-1,Temperature,CURRENT,°C,22.198178710937505
2026-07-16T00:50:00+00:00,22411190-2,RH,CURRENT,%,73.25551232166018
2026-07-16T00:50:00+00:00,22411190-3,Dew Point,CURRENT,°C,17.2055646983257
2026-07-16T00:50:00+00:00,22411191-1,Temperature,CURRENT,°C,22.305429687500002
2026-07-16T00:50:00+00:00,22411191-2,RH,CURRENT,%,73.83535515373464
2026-07-16T00:50:00+00:00,22411191-3,Dew Point,CURRENT,°C,17.433829859636273
2026-07-16T00:50:00+00:00,22411525-1,Temperature,CURRENT,°C,22.305429687500002
2026-07-16T00:50:00+00:00,22411525-2,RH,CURRENT,%,72.35828183413443
2026-07-16T00:50:00+00:00,22411525-3,Dew Point,CURRENT,°C,17.113803288955644
2026-07-16T00:50:00+00:00,22411526-1,Temperature,CURRENT,°C,22.04802734375
2026-07-16T00:50:00+00:00,22411526-2,RH,CURRENT,%,74.6822308690013
2026-07-16T00:50:00+00:00,22411526-3,Dew Point,CURRENT,°C,17.36625604256985
2026-07-16T00:50:00+00:00,22411527-1,Temperature,CURRENT,°C,22.36978027343749
2026-07-16T00:50:00+00:00,22411527-2,RH,CURRENT,%,72.40711070420386
2026-07-16T00:50:00+00:00,22411527-3,Dew Point,CURRENT,°C,17.186368862894604
2026-07-16T00:50:00+00:00,22411528-1,Temperature,CURRENT,°C,21.940776367187503
2026-07-16T00:50:00+00:00,22411528-2,RH,CURRENT,%,75.92126344701305
2026-07-16T00:50:00+00:00,22411528-3,Dew Point,CURRENT,°C,17.523527473800723
2026-07-16T00:50:00+00:00,22411529-1,Temperature,CURRENT,°C,21.661923828125005
2026-07-16T00:50:00+00:00,22411529-2,RH,CURRENT,%,77.11146715495536
2026-07-16T00:50:00+00:00,22411529-3,Dew Point,CURRENT,°C,17.500255026606485
2026-07-16T00:50:00+00:00,22411530-1,Temperature,CURRENT,°C,22.262529296874995
2026-07-16T00:50:00+00:00,22411530-2,RH,CURRENT,%,72.88319218738079
2026-07-16T00:50:00+00:00,22411530-3,Dew Point,CURRENT,°C,17.186884296831344
2026-07-16T00:51:00+00:00,22411541-S,Battery,CURRENT,V,8.302932128906251
2026-07-16T00:55:00+00:00,22411189-1,Temperature,CURRENT,°C,21.919326171874992
2026-07-16T00:55:00+00:00,22411189-2,RH,CURRENT,%,76.37903410391394
2026-07-16T00:55:00+00:00,22411189-3,Dew Point,CURRENT,°C,17.59818146835936
2026-07-16T00:55:00+00:00,22411190-1,Temperature,CURRENT,°C,21.983676757812496
2026-07-16T00:55:00+00:00,22411190-2,RH,CURRENT,%,74.18783855954834
2026-07-16T00:55:00+00:00,22411190-3,Dew Point,CURRENT,°C,17.19895063959915
2026-07-16T00:55:00+00:00,22411191-1,Temperature,CURRENT,°C,22.112377929687504
2026-07-16T00:55:00+00:00,22411191-2,RH,CURRENT,%,74.76157778286412
2026-07-16T00:55:00+00:00,22411191-3,Dew Point,CURRENT,°C,17.44523042747359
2026-07-16T00:55:00+00:00,22411525-1,Temperature,CURRENT,°C,22.112377929687504
2026-07-16T00:55:00+00:00,22411525-2,RH,CURRENT,%,73.27229724574654
2026-07-16T00:55:00+00:00,22411525-3,Dew Point,CURRENT,°C,17.12654012486626
2026-07-16T00:55:00+00:00,22411526-1,Temperature,CURRENT,°C,21.83352539062499
2026-07-16T00:55:00+00:00,22411526-2,RH,CURRENT,%,75.5367360952163
2026-07-16T00:55:00+00:00,22411526-3,Dew Point,CURRENT,°C,17.33927193209143
2026-07-16T00:55:00+00:00,22411527-1,Temperature,CURRENT,°C,22.176728515624994
2026-07-16T00:55:00+00:00,22411527-2,RH,CURRENT,%,73.36385137712672
2026-07-16T00:55:00+00:00,22411527-3,Dew Point,CURRENT,°C,17.208292562148102
2026-07-16T00:55:00+00:00,22411528-1,Temperature,CURRENT,°C,21.726274414062495
2026-07-16T00:55:00+00:00,22411528-2,RH,CURRENT,%,76.84138246738384
2026-07-16T00:55:00+00:00,22411528-3,Dew Point,CURRENT,°C,17.506961810129432
2026-07-16T00:55:00+00:00,22411529-1,Temperature,CURRENT,°C,21.447421874999996
2026-07-16T00:55:00+00:00,22411529-2,RH,CURRENT,%,78.0498970016022
2026-07-16T00:55:00+00:00,22411529-3,Dew Point,CURRENT,°C,17.484034620335787
2026-07-16T00:55:00+00:00,22411530-1,Temperature,CURRENT,°C,22.069477539062497
2026-07-16T00:55:00+00:00,22411530-2,RH,CURRENT,%,73.8170443274586
2026-07-16T00:55:00+00:00,22411530-3,Dew Point,CURRENT,°C,17.202398854385617
2026-07-16T00:56:00+00:00,22411541-S,Battery,CURRENT,V,8.3093935546875
2026-07-16T01:00:00+00:00,22411189-1,Temperature,CURRENT,°C,21.897875976562496
2026-07-16T01:00:00+00:00,22411189-2,RH,CURRENT,%,76.4461738002594
2026-07-16T01:00:00+00:00,22411189-3,Dew Point,CURRENT,°C,17.591360001523032
2026-07-16T01:00:00+00:00,22411190-1,Temperature,CURRENT,°C,21.9622265625
2026-07-16T01:00:00+00:00,22411190-2,RH,CURRENT,%,74.40451667048143
2026-07-16T01:00:00+00:00,22411190-3,Dew Point,CURRENT,°C,17.22441589076434
2026-07-16T01:00:00+00:00,22411191-1,Temperature,CURRENT,°C,22.090927734374993
2026-07-16T01:00:00+00:00,22411191-2,RH,CURRENT,%,75.06828412298772
2026-07-16T01:00:00+00:00,22411191-3,Dew Point,CURRENT,°C,17.489445989120963
2026-07-16T01:00:00+00:00,22411525-1,Temperature,CURRENT,°C,22.090927734374993
2026-07-16T01:00:00+00:00,22411525-2,RH,CURRENT,%,73.51949340047302
2026-07-16T01:00:00+00:00,22411525-3,Dew Point,CURRENT,°C,17.159156305744666
2026-07-16T01:00:00+00:00,22411526-1,Temperature,CURRENT,°C,21.790625
2026-07-16T01:00:00+00:00,22411526-2,RH,CURRENT,%,75.87090867475395
2026-07-16T01:00:00+00:00,22411526-3,Dew Point,CURRENT,°C,17.36772738302345
2026-07-16T01:00:00+00:00,22411527-1,Temperature,CURRENT,°C,22.155278320312497
2026-07-16T01:00:00+00:00,22411527-2,RH,CURRENT,%,73.60799572747386
2026-07-16T01:00:00+00:00,22411527-3,Dew Point,CURRENT,°C,17.240217086118516
2026-07-16T01:00:00+00:00,22411528-1,Temperature,CURRENT,°C,21.6833740234375
2026-07-16T01:00:00+00:00,22411528-2,RH,CURRENT,%,77.19386587319752
2026-07-16T01:00:00+00:00,22411528-3,Dew Point,CURRENT,°C,17.537998267297997
2026-07-16T01:00:00+00:00,22411529-1,Temperature,CURRENT,°C,21.383071289062492
2026-07-16T01:00:00+00:00,22411529-2,RH,CURRENT,%,78.48935683222706
2026-07-16T01:00:00+00:00,22411529-3,Dew Point,CURRENT,°C,17.510605036047615
2026-07-16T01:00:00+00:00,22411530-1,Temperature,CURRENT,°C,22.04802734375
2026-07-16T01:00:00+00:00,22411530-2,RH,CURRENT,%,74.0337224383917
2026-07-16T01:00:00+00:00,22411530-3,Dew Point,CURRENT,°C,17.22811006900074
2026-07-16T01:01:00+00:00,22411541-S,Battery,CURRENT,V,8.3093935546875
2026-07-16T01:05:00+00:00,22411189-1,Temperature,CURRENT,°C,21.919326171874992
2026-07-16T01:05:00+00:00,22411189-2,RH,CURRENT,%,76.69947356374456
2026-07-16T01:05:00+00:00,22411189-3,Dew Point,CURRENT,°C,17.664670133953177
2026-07-16T01:05:00+00:00,22411190-1,Temperature,CURRENT,°C,21.983676757812496
2026-07-16T01:05:00+00:00,22411190-2,RH,CURRENT,%,74.55558098725872
2026-07-16T01:05:00+00:00,22411190-3,Dew Point,CURRENT,°C,17.27723644020631
2026-07-16T01:05:00+00:00,22411191-1,Temperature,CURRENT,°C,22.133828125
2026-07-16T01:05:00+00:00,22411191-2,RH,CURRENT,%,74.98588540474556
2026-07-16T01:05:00+00:00,22411191-3,Dew Point,CURRENT,°C,17.513469510479833
2026-07-16T01:05:00+00:00,22411525-1,Temperature,CURRENT,°C,22.155278320312497
2026-07-16T01:05:00+00:00,22411525-2,RH,CURRENT,%,73.39131761654077
2026-07-16T01:05:00+00:00,22411525-3,Dew Point,CURRENT,°C,17.193550726295967
2026-07-16T01:05:00+00:00,22411526-1,Temperature,CURRENT,°C,21.83352539062499
2026-07-16T01:05:00+00:00,22411526-2,RH,CURRENT,%,76.06317235065232
2026-07-16T01:05:00+00:00,22411526-3,Dew Point,CURRENT,°C,17.449364202000908
2026-07-16T01:05:00+00:00,22411527-1,Temperature,CURRENT,°C,22.198178710937505
2026-07-16T01:05:00+00:00,22411527-2,RH,CURRENT,%,73.46456092164492
2026-07-16T01:05:00+00:00,22411527-3,Dew Point,CURRENT,°C,17.250677540265475
2026-07-16T01:05:00+00:00,22411528-1,Temperature,CURRENT,°C,21.726274414062495
2026-07-16T01:05:00+00:00,22411528-2,RH,CURRENT,%,77.35408560311284
2026-07-16T01:05:00+00:00,22411528-3,Dew Point,CURRENT,°C,17.612514003350164
2026-07-16T01:05:00+00:00,22411529-1,Temperature,CURRENT,°C,21.404521484375003
2026-07-16T01:05:00+00:00,22411529-2,RH,CURRENT,%,78.62668802929733
2026-07-16T01:05:00+00:00,22411529-3,Dew Point,CURRENT,°C,17.559191357754663
2026-07-16T01:05:00+00:00,22411530-1,Temperature,CURRENT,°C,22.090927734374993
2026-07-16T01:05:00+00:00,22411530-2,RH,CURRENT,%,74.09781033035783
2026-07-16T01:05:00+00:00,22411530-3,Dew Point,CURRENT,°C,17.283192757264153
2026-07-16T01:06:00+00:00,22411541-S,Battery,CURRENT,V,8.293239990234376
2026-07-16T01:10:00+00:00,22411189-1,Temperature,CURRENT,°C,21.769174804687502
2026-07-16T01:10:00+00:00,22411189-2,RH,CURRENT,%,77.33119707026779
2026-07-16T01:10:00+00:00,22411189-3,Dew Point,CURRENT,°C,17.649420558383092
2026-07-16T01:10:00+00:00,22411190-1,Temperature,CURRENT,°C,21.854975585937503
2026-07-16T01:10:00+00:00,22411190-2,RH,CURRENT,%,75.1247425040055
2026-07-16T01:10:00+00:00,22411190-3,Dew Point,CURRENT,°C,17.273370905926356
2026-07-16T01:10:00+00:00,22411191-1,Temperature,CURRENT,°C,21.983676757812496
2026-07-16T01:10:00+00:00,22411191-2,RH,CURRENT,%,75.61913481345846
2026-07-16T01:10:00+00:00,22411191-3,Dew Point,CURRENT,°C,17.501759870691977
2026-07-16T01:10:00+00:00,22411525-1,Temperature,CURRENT,°C,22.005126953124993
2026-07-16T01:10:00+00:00,22411525-2,RH,CURRENT,%,74.06881818875411
2026-07-16T01:10:00+00:00,22411525-3,Dew Point,CURRENT,°C,17.194231504423485
2026-07-16T01:10:00+00:00,22411526-1,Temperature,CURRENT,°C,21.6833740234375
2026-07-16T01:10:00+00:00,22411526-2,RH,CURRENT,%,76.55298695353628
2026-07-16T01:10:00+00:00,22411526-3,Dew Point,CURRENT,°C,17.40576383764553
2026-07-16T01:10:00+00:00,22411527-1,Temperature,CURRENT,°C,22.069477539062497
2026-07-16T01:10:00+00:00,22411527-2,RH,CURRENT,%,74.14663920042726
2026-07-16T01:10:00+00:00,22411527-3,Dew Point,CURRENT,°C,17.272933211416756
2026-07-16T01:10:00+00:00,22411528-1,Temperature,CURRENT,°C,21.5975732421875
2026-07-16T01:10:00+00:00,22411528-2,RH,CURRENT,%,77.89730678263523
2026-07-16T01:10:00+00:00,22411528-3,Dew Point,CURRENT,°C,17.598751307634014
2026-07-16T01:10:00+00:00,22411529-1,Temperature,CURRENT,°C,21.318720703125003
2026-07-16T01:10:00+00:00,22411529-2,RH,CURRENT,%,79.1256580453193
2026-07-16T01:10:00+00:00,22411529-3,Dew Point,CURRENT,°C,17.576186295070446
2026-07-16T01:10:00+00:00,22411530-1,Temperature,CURRENT,°C,21.940776367187503
2026-07-16T01:10:00+00:00,22411530-2,RH,CURRENT,%,74.71885252155337
2026-07-16T01:10:00+00:00,22411530-3,Dew Point,CURRENT,°C,17.270458592239574
2026-07-16T01:11:00+00:00,22411541-S,Battery,CURRENT,V,8.290009277343751
2026-07-16T01:15:00+00:00,22411189-1,Temperature,CURRENT,°C,21.6833740234375
2026-07-16T01:15:00+00:00,22411189-2,RH,CURRENT,%,77.86221103227282
2026-07-16T01:15:00+00:00,22411189-3,Dew Point,CURRENT,°C,17.674879808924388
2026-07-16T01:15:00+00:00,22411190-1,Temperature,CURRENT,°C,21.74772460937499
2026-07-16T01:15:00+00:00,22411190-2,RH,CURRENT,%,75.68780041199359
2026-07-16T01:15:00+00:00,22411190-3,Dew Point,CURRENT,°C,17.28794332354475
2026-07-16T01:15:00+00:00,22411191-1,Temperature,CURRENT,°C,21.897875976562496
2026-07-16T01:15:00+00:00,22411191-2,RH,CURRENT,%,76.22339208056763
2026-07-16T01:15:00+00:00,22411191-3,Dew Point,CURRENT,°C,17.545033715394535
2026-07-16T01:15:00+00:00,22411525-1,Temperature,CURRENT,°C,21.919326171874992
2026-07-16T01:15:00+00:00,22411525-2,RH,CURRENT,%,74.62272068360419
2026-07-16T01:15:00+00:00,22411525-3,Dew Point,CURRENT,°C,17.229361973224197
2026-07-16T01:15:00+00:00,22411526-1,Temperature,CURRENT,°C,21.576123046875004
2026-07-16T01:15:00+00:00,22411526-2,RH,CURRENT,%,77.07484550240329
2026-07-16T01:15:00+00:00,22411526-3,Dew Point,CURRENT,°C,17.40954066784139
2026-07-16T01:15:00+00:00,22411527-1,Temperature,CURRENT,°C,21.983676757812496
2026-07-16T01:15:00+00:00,22411527-2,RH,CURRENT,%,74.64103150988022
2026-07-16T01:15:00+00:00,22411527-3,Dew Point,CURRENT,°C,17.29537890152543
2026-07-16T01:15:00+00:00,22411528-1,Temperature,CURRENT,°C,21.490322265625004
2026-07-16T01:15:00+00:00,22411528-2,RH,CURRENT,%,78.53513389791715
2026-07-16T01:15:00+00:00,22411528-3,Dew Point,CURRENT,°C,17.62407430517197
2026-07-16T01:15:00+00:00,22411529-1,Temperature,CURRENT,°C,21.190019531249995
2026-07-16T01:15:00+00:00,22411529-2,RH,CURRENT,%,79.70092317082475
2026-07-16T01:15:00+00:00,22411529-3,Dew Point,CURRENT,°C,17.56593818940019
2026-07-16T01:15:00+00:00,22411530-1,Temperature,CURRENT,°C,21.854975585937503
2026-07-16T01:15:00+00:00,22411530-2,RH,CURRENT,%,75.27580682078279
2026-07-16T01:15:00+00:00,22411530-3,Dew Point,CURRENT,°C,17.305188192114613
2026-07-16T01:16:00+00:00,22411541-S,Battery,CURRENT,V,8.293239990234376
2026-07-16T01:20:00+00:00,22411189-1,Temperature,CURRENT,°C,21.404521484375003
2026-07-16T01:20:00+00:00,22411189-2,RH,CURRENT,%,79.40794995040818
2026-07-16T01:20:00+00:00,22411189-3,Dew Point,CURRENT,°C,17.716222016657767
2026-07-16T01:20:00+00:00,22411190-1,Temperature,CURRENT,°C,21.5117724609375
2026-07-16T01:20:00+00:00,22411190-2,RH,CURRENT,%,77.09773403524834
2026-07-16T01:20:00+00:00,22411190-3,Dew Point,CURRENT,°C,17.35186148007727
2026-07-16T01:20:00+00:00,22411191-1,Temperature,CURRENT,°C,21.5975732421875
2026-07-16T01:20:00+00:00,22411191-2,RH,CURRENT,%,77.82558937972075
2026-07-16T01:20:00+00:00,22411191-3,Dew Point,CURRENT,°C,17.584127808803363
2026-07-16T01:20:00+00:00,22411525-1,Temperature,CURRENT,°C,21.619023437499997
2026-07-16T01:20:00+00:00,22411525-2,RH,CURRENT,%,76.19134813458457
2026-07-16T01:20:00+00:00,22411525-3,Dew Point,CURRENT,°C,17.268423281282907
2026-07-16T01:20:00+00:00,22411526-1,Temperature,CURRENT,°C,21.3401708984375
2026-07-16T01:20:00+00:00,22411526-2,RH,CURRENT,%,78.49698634317541
2026-07-16T01:20:00+00:00,22411526-3,Dew Point,CURRENT,°C,17.470462184612707
2026-07-16T01:20:00+00:00,22411527-1,Temperature,CURRENT,°C,21.6833740234375
2026-07-16T01:20:00+00:00,22411527-2,RH,CURRENT,%,76.22339208056763
2026-07-16T01:20:00+00:00,22411527-3,Dew Point,CURRENT,°C,17.33737964952118
2026-07-16T01:20:00+00:00,22411528-1,Temperature,CURRENT,°C,21.275820312499995
2026-07-16T01:20:00+00:00,22411528-2,RH,CURRENT,%,79.82604715037766
2026-07-16T01:20:00+00:00,22411528-3,Dew Point,CURRENT,°C,17.67438617772097
2026-07-16T01:20:00+00:00,22411529-1,Temperature,CURRENT,°C,21.018417968749993
2026-07-16T01:20:00+00:00,22411529-2,RH,CURRENT,%,80.77210650797284
2026-07-16T01:20:00+00:00,22411529-3,Dew Point,CURRENT,°C,17.610690179693997
2026-07-16T01:20:00+00:00,22411530-1,Temperature,CURRENT,°C,21.576123046875004
2026-07-16T01:20:00+00:00,22411530-2,RH,CURRENT,%,76.7727168688487
2026-07-16T01:20:00+00:00,22411530-3,Dew Point,CURRENT,°C,17.347288294353103
2026-07-16T01:21:00+00:00,22411541-S,Battery,CURRENT,V,8.286778564453126
2026-07-16T01:25:00+00:00,22411189-1,Temperature,CURRENT,°C,21.318720703125003
2026-07-16T01:25:00+00:00,22411189-2,RH,CURRENT,%,79.68261234454872
2026-07-16T01:25:00+00:00,22411189-3,Dew Point,CURRENT,°C,17.687581111244466
2026-07-16T01:25:00+00:00,22411190-1,Temperature,CURRENT,°C,21.4259716796875
2026-07-16T01:25:00+00:00,22411190-2,RH,CURRENT,%,77.22896162355993
2026-07-16T01:25:00+00:00,22411190-3,Dew Point,CURRENT,°C,17.29561320456147
2026-07-16T01:25:00+00:00,22411191-1,Temperature,CURRENT,°C,21.619023437499997
2026-07-16T01:25:00+00:00,22411191-2,RH,CURRENT,%,77.50057221332112
2026-07-16T01:25:00+00:00,22411191-3,Dew Point,CURRENT,°C,17.538515914597355
2026-07-16T01:25:00+00:00,22411525-1,Temperature,CURRENT,°C,21.640473632812494
2026-07-16T01:25:00+00:00,22411525-2,RH,CURRENT,%,75.80987258716716
2026-07-16T01:25:00+00:00,22411525-3,Dew Point,CURRENT,°C,17.20971215598499
2026-07-16T01:25:00+00:00,22411526-1,Temperature,CURRENT,°C,21.190019531249995
2026-07-16T01:25:00+00:00,22411526-2,RH,CURRENT,%,78.95628290226597
2026-07-16T01:25:00+00:00,22411526-3,Dew Point,CURRENT,°C,17.417026464224794
2026-07-16T01:25:00+00:00,22411527-1,Temperature,CURRENT,°C,21.726274414062495
2026-07-16T01:25:00+00:00,22411527-2,RH,CURRENT,%,75.79613946746014
2026-07-16T01:25:00+00:00,22411527-3,Dew Point,CURRENT,°C,17.28984930559941
2026-07-16T01:25:00+00:00,22411528-1,Temperature,CURRENT,°C,21.104218749999994
2026-07-16T01:25:00+00:00,22411528-2,RH,CURRENT,%,80.49897001602197
2026-07-16T01:25:00+00:00,22411528-3,Dew Point,CURRENT,°C,17.640550022109245
2026-07-16T01:25:00+00:00,22411529-1,Temperature,CURRENT,°C,20.846816406249992
2026-07-16T01:25:00+00:00,22411529-2,RH,CURRENT,%,81.63881895170519
2026-07-16T01:25:00+00:00,22411529-3,Dew Point,CURRENT,°C,17.612715069171397
2026-07-16T01:25:00+00:00,22411530-1,Temperature,CURRENT,°C,21.554672851562493
2026-07-16T01:25:00+00:00,22411530-2,RH,CURRENT,%,76.74525062943465
2026-07-16T01:25:00+00:00,22411530-3,Dew Point,CURRENT,°C,17.320834727822337
2026-07-16T01:26:00+00:00,22411541-S,Battery,CURRENT,V,8.286778564453126
2026-07-16T01:30:00+00:00,22411189-1,Temperature,CURRENT,°C,21.404521484375003
2026-07-16T01:30:00+00:00,22411189-2,RH,CURRENT,%,79.81994354161898
2026-07-16T01:30:00+00:00,22411189-3,Dew Point,CURRENT,°C,17.79848714270953
2026-07-16T01:30:00+00:00,22411190-1,Temperature,CURRENT,°C,21.490322265625004
2026-07-16T01:30:00+00:00,22411190-2,RH,CURRENT,%,77.45937285420004
2026-07-16T01:30:00+00:00,22411190-3,Dew Point,CURRENT,°C,17.405232039494383
2026-07-16T01:30:00+00:00,22411191-1,Temperature,CURRENT,°C,21.661923828125005
2026-07-16T01:30:00+00:00,22411191-2,RH,CURRENT,%,77.9034103913939
2026-07-16T01:30:00+00:00,22411191-3,Dew Point,CURRENT,°C,17.66246191357388
2026-07-16T01:30:00+00:00,22411525-1,Temperature,CURRENT,°C,21.6833740234375
2026-07-16T01:30:00+00:00,22411525-2,RH,CURRENT,%,76.23712520027466
2026-07-16T01:30:00+00:00,22411525-3,Dew Point,CURRENT,°C,17.340234155992086
2026-07-16T01:30:00+00:00,22411526-1,Temperature,CURRENT,°C,21.275820312499995
2026-07-16T01:30:00+00:00,22411526-2,RH,CURRENT,%,79.1760128175784
2026-07-16T01:30:00+00:00,22411526-3,Dew Point,CURRENT,°C,17.54455575678316
2026-07-16T01:30:00+00:00,22411527-1,Temperature,CURRENT,°C,21.74772460937499
2026-07-16T01:30:00+00:00,22411527-2,RH,CURRENT,%,76.25391012436103
2026-07-16T01:30:00+00:00,22411527-3,Dew Point,CURRENT,°C,17.40602231612864
2026-07-16T01:30:00+00:00,22411528-1,Temperature,CURRENT,°C,21.168569335937498
2026-07-16T01:30:00+00:00,22411528-2,RH,CURRENT,%,80.54322117952239
2026-07-16T01:30:00+00:00,22411528-3,Dew Point,CURRENT,°C,17.71200824860401
2026-07-16T01:30:00+00:00,22411529-1,Temperature,CURRENT,°C,20.846816406249992
2026-07-16T01:30:00+00:00,22411529-2,RH,CURRENT,%,81.84481574731059
2026-07-16T01:30:00+00:00,22411529-3,Dew Point,CURRENT,°C,17.652737738454597
2026-07-16T01:30:00+00:00,22411530-1,Temperature,CURRENT,°C,21.5975732421875
2026-07-16T01:30:00+00:00,22411530-2,RH,CURRENT,%,77.11909666590371
2026-07-16T01:30:00+00:00,22411530-3,Dew Point,CURRENT,°C,17.439436616870246
2026-07-16T01:31:00+00:00,22411541-S,Battery,CURRENT,V,8.293239990234376
2026-07-16T01:35:00+00:00,22411189-1,Temperature,CURRENT,°C,21.404521484375003
2026-07-16T01:35:00+00:00,22411189-2,RH,CURRENT,%,79.4674601358053
2026-07-16T01:35:00+00:00,22411189-3,Dew Point,CURRENT,°C,17.728127814767703
2026-07-16T01:35:00+00:00,22411190-1,Temperature,CURRENT,°C,21.490322265625004
2026-07-16T01:35:00+00:00,22411190-2,RH,CURRENT,%,77.04280155642023
2026-07-16T01:35:00+00:00,22411190-3,Dew Point,CURRENT,°C,17.319773454218936
2026-07-16T01:35:00+00:00,22411191-1,Temperature,CURRENT,°C,21.6833740234375
2026-07-16T01:35:00+00:00,22411191-2,RH,CURRENT,%,77.38155184252689
2026-07-16T01:35:00+00:00,22411191-3,Dew Point,CURRENT,°C,17.57654206546406
2026-07-16T01:35:00+00:00,22411525-1,Temperature,CURRENT,°C,21.726274414062495
2026-07-16T01:35:00+00:00,22411525-2,RH,CURRENT,%,75.64049744411383
2026-07-16T01:35:00+00:00,22411525-3,Dew Point,CURRENT,°C,17.257296151090895
2026-07-16T01:35:00+00:00,22411526-1,Temperature,CURRENT,°C,21.275820312499995
2026-07-16T01:35:00+00:00,22411526-2,RH,CURRENT,%,78.77164873731594
2026-07-16T01:35:00+00:00,22411526-3,Dew Point,CURRENT,°C,17.46332102891668
2026-07-16T01:35:00+00:00,22411527-1,Temperature,CURRENT,°C,21.812075195312495
2026-07-16T01:35:00+00:00,22411527-2,RH,CURRENT,%,75.49095902952621
2026-07-16T01:35:00+00:00,22411527-3,Dew Point,CURRENT,°C,17.308926550958912
2026-07-16T01:35:00+00:00,22411528-1,Temperature,CURRENT,°C,21.168569335937498
2026-07-16T01:35:00+00:00,22411528-2,RH,CURRENT,%,80.23804074158846
2026-07-16T01:35:00+00:00,22411528-3,Dew Point,CURRENT,°C,17.651695583966102
2026-07-16T01:35:00+00:00,22411529-1,Temperature,CURRENT,°C,20.868266601562503
2026-07-16T01:35:00+00:00,22411529-2,RH,CURRENT,%,81.538109407187
2026-07-16T01:35:00+00:00,22411529-3,Dew Point,CURRENT,°C,17.614058656625904
2026-07-16T01:35:00+00:00,22411530-1,Temperature,CURRENT,°C,21.619023437499997
2026-07-16T01:35:00+00:00,22411530-2,RH,CURRENT,%,76.56061646448462
2026-07-16T01:35:00+00:00,22411530-3,Dew Point,CURRENT,°C,17.345012213455373
2026-07-16T01:36:00+00:00,22411541-S,Battery,CURRENT,V,8.280317138671876
2026-07-16T01:40:00+00:00,22411189-1,Temperature,CURRENT,°C,21.533222656249997
2026-07-16T01:40:00+00:00,22411189-2,RH,CURRENT,%,78.77775234607462
2026-07-16T01:40:00+00:00,22411189-3,Dew Point,CURRENT,°C,17.714770077514235
2026-07-16T01:40:00+00:00,22411190-1,Temperature,CURRENT,°C,21.5975732421875
2026-07-16T01:40:00+00:00,22411190-2,RH,CURRENT,%,76.5514610513466
2026-07-16T01:40:00+00:00,22411190-3,Dew Point,CURRENT,°C,17.322340244532896
2026-07-16T01:40:00+00:00,22411191-1,Temperature,CURRENT,°C,21.769174804687502
2026-07-16T01:40:00+00:00,22411191-2,RH,CURRENT,%,76.96498054474708
2026-07-16T01:40:00+00:00,22411191-3,Dew Point,CURRENT,°C,17.57404478167068
2026-07-16T01:40:00+00:00,22411525-1,Temperature,CURRENT,°C,21.790625
2026-07-16T01:40:00+00:00,22411525-2,RH,CURRENT,%,75.37499046311132
2026-07-16T01:40:00+00:00,22411525-3,Dew Point,CURRENT,°C,17.26383856981923
2026-07-16T01:40:00+00:00,22411526-1,Temperature,CURRENT,°C,21.404521484375003
2026-07-16T01:40:00+00:00,22411526-2,RH,CURRENT,%,78.19638361181049
2026-07-16T01:40:00+00:00,22411526-3,Dew Point,CURRENT,°C,17.47211741242125
2026-07-16T01:40:00+00:00,22411527-1,Temperature,CURRENT,°C,21.83352539062499
2026-07-16T01:40:00+00:00,22411527-2,RH,CURRENT,%,75.45738918135348
2026-07-16T01:40:00+00:00,22411527-3,Dew Point,CURRENT,°C,17.322620082845457
2026-07-16T01:40:00+00:00,22411528-1,Temperature,CURRENT,°C,21.29727050781249
2026-07-16T01:40:00+00:00,22411528-2,RH,CURRENT,%,79.90844586861982
2026-07-16T01:40:00+00:00,22411528-3,Dew Point,CURRENT,°C,17.7116663426732
2026-07-16T01:40:00+00:00,22411529-1,Temperature,CURRENT,°C,20.975517578125
2026-07-16T01:40:00+00:00,22411529-2,RH,CURRENT,%,81.371786068513
2026-07-16T01:40:00+00:00,22411529-3,Dew Point,CURRENT,°C,17.686323943519547
2026-07-16T01:40:00+00:00,22411530-1,Temperature,CURRENT,°C,21.726274414062495
2026-07-16T01:40:00+00:00,22411530-2,RH,CURRENT,%,76.02655069810025
2026-07-16T01:40:00+00:00,22411530-3,Dew Point,CURRENT,°C,17.337933422603488
2026-07-16T01:41:00+00:00,22411541-S,Battery,CURRENT,V,8.273855712890626
2026-07-16T01:45:00+00:00,22411189-1,Temperature,CURRENT,°C,21.640473632812494
2026-07-16T01:45:00+00:00,22411189-2,RH,CURRENT,%,78.41611352712292
2026-07-16T01:45:00+00:00,22411189-3,Dew Point,CURRENT,°C,17.745867073350066
2026-07-16T01:45:00+00:00,22411190-1,Temperature,CURRENT,°C,21.704824218749998
2026-07-16T01:45:00+00:00,22411190-2,RH,CURRENT,%,76.11352712291142
2026-07-16T01:45:00+00:00,22411190-3,Dew Point,CURRENT,°C,17.3352893168644
2026-07-16T01:45:00+00:00,22411191-1,Temperature,CURRENT,°C,21.854975585937503
2026-07-16T01:45:00+00:00,22411191-2,RH,CURRENT,%,76.7223620965896
2026-07-16T01:45:00+00:00,22411191-3,Dew Point,CURRENT,°C,17.607064003349997
2026-07-16T01:45:00+00:00,22411525-1,Temperature,CURRENT,°C,21.87642578125
2026-07-16T01:45:00+00:00,22411525-2,RH,CURRENT,%,75.12016479743649
2026-07-16T01:45:00+00:00,22411525-3,Dew Point,CURRENT,°C,17.293133482052685
2026-07-16T01:45:00+00:00,22411526-1,Temperature,CURRENT,°C,21.533222656249997
2026-07-16T01:45:00+00:00,22411526-2,RH,CURRENT,%,77.79201953154802
2026-07-16T01:45:00+00:00,22411526-3,Dew Point,CURRENT,°C,17.51482274537801
2026-07-16T01:45:00+00:00,22411527-1,Temperature,CURRENT,°C,21.919326171874992
2026-07-16T01:45:00+00:00,22411527-2,RH,CURRENT,%,75.15678644998856
2026-07-16T01:45:00+00:00,22411527-3,Dew Point,CURRENT,°C,17.34231112038972
2026-07-16T01:45:00+00:00,22411528-1,Temperature,CURRENT,°C,21.4259716796875
2026-07-16T01:45:00+00:00,22411528-2,RH,CURRENT,%,79.29808499275197
2026-07-16T01:45:00+00:00,22411528-3,Dew Point,CURRENT,°C,17.715090280938533
2026-07-16T01:45:00+00:00,22411529-1,Temperature,CURRENT,°C,21.082768554687497
2026-07-16T01:45:00+00:00,22411529-2,RH,CURRENT,%,80.71717402914473
2026-07-16T01:45:00+00:00,22411529-3,Dew Point,CURRENT,°C,17.662634984866386
2026-07-16T01:45:00+00:00,22411530-1,Temperature,CURRENT,°C,21.812075195312495
2026-07-16T01:45:00+00:00,22411530-2,RH,CURRENT,%,75.75036240177005
2026-07-16T01:45:00+00:00,22411530-3,Dew Point,CURRENT,°C,17.363278557148746
2026-07-16T01:46:00+00:00,22411541-S,Battery,CURRENT,V,8.273855712890626
2026-07-16T01:50:00+00:00,22411189-1,Temperature,CURRENT,°C,21.6833740234375
2026-07-16T01:50:00+00:00,22411189-2,RH,CURRENT,%,77.89730678263523
2026-07-16T01:50:00+00:00,22411189-3,Dew Point,CURRENT,°C,17.682039184553947
2026-07-16T01:50:00+00:00,22411190-1,Temperature,CURRENT,°C,21.74772460937499
2026-07-16T01:50:00+00:00,22411190-2,RH,CURRENT,%,75.71984435797665
2026-07-16T01:50:00+00:00,22411190-3,Dew Point,CURRENT,°C,17.294647656620807
2026-07-16T01:50:00+00:00,22411191-1,Temperature,CURRENT,°C,21.897875976562496
2026-07-16T01:50:00+00:00,22411191-2,RH,CURRENT,%,76.5468833447776
2026-07-16T01:50:00+00:00,22411191-3,Dew Point,CURRENT,°C,17.61226323357864
2026-07-16T01:50:00+00:00,22411525-1,Temperature,CURRENT,°C,21.897875976562496
2026-07-16T01:50:00+00:00,22411525-2,RH,CURRENT,%,74.93095292591745
2026-07-16T01:50:00+00:00,22411525-3,Dew Point,CURRENT,°C,17.273914820404112
2026-07-16T01:50:00+00:00,22411526-1,Temperature,CURRENT,°C,21.5975732421875
2026-07-16T01:50:00+00:00,22411526-2,RH,CURRENT,%,77.22438391699092
2026-07-16T01:50:00+00:00,22411526-3,Dew Point,CURRENT,°C,17.46107307928265
2026-07-16T01:50:00+00:00,22411527-1,Temperature,CURRENT,°C,21.940776367187503
2026-07-16T01:50:00+00:00,22411527-2,RH,CURRENT,%,75.03318837262532
2026-07-16T01:50:00+00:00,22411527-3,Dew Point,CURRENT,°C,17.33695856510464
2026-07-16T01:50:00+00:00,22411528-1,Temperature,CURRENT,°C,21.5117724609375
2026-07-16T01:50:00+00:00,22411528-2,RH,CURRENT,%,78.65415426871138
2026-07-16T01:50:00+00:00,22411528-3,Dew Point,CURRENT,°C,17.668972481032952
2026-07-16T01:50:00+00:00,22411529-1,Temperature,CURRENT,°C,21.168569335937498
2026-07-16T01:50:00+00:00,22411529-2,RH,CURRENT,%,80.2563515678645
2026-07-16T01:50:00+00:00,22411529-3,Dew Point,CURRENT,°C,17.655320003109424
2026-07-16T01:50:00+00:00,22411530-1,Temperature,CURRENT,°C,21.854975585937503
2026-07-16T01:50:00+00:00,22411530-2,RH,CURRENT,%,75.48180361638819
2026-07-16T01:50:00+00:00,22411530-3,Dew Point,CURRENT,°C,17.348485404208482
2026-07-16T01:51:00+00:00,22411541-S,Battery,CURRENT,V,8.270625
2026-07-16T01:55:00+00:00,22411189-1,Temperature,CURRENT,°C,21.5975732421875
2026-07-16T01:55:00+00:00,22411189-2,RH,CURRENT,%,79.27061875333791
2026-07-16T01:55:00+00:00,22411189-3,Dew Point,CURRENT,°C,17.876525995972035
2026-07-16T01:55:00+00:00,22411190-1,Temperature,CURRENT,°C,21.661923828125005
2026-07-16T01:55:00+00:00,22411190-2,RH,CURRENT,%,77.0641641870756
2026-07-16T01:55:00+00:00,22411190-3,Dew Point,CURRENT,°C,17.490520272468085
2026-07-16T01:55:00+00:00,22411191-1,Temperature,CURRENT,°C,21.790625
2026-07-16T01:55:00+00:00,22411191-2,RH,CURRENT,%,77.63790341039139
2026-07-16T01:55:00+00:00,22411191-3,Dew Point,CURRENT,°C,17.733120638137613
2026-07-16T01:55:00+00:00,22411525-1,Temperature,CURRENT,°C,21.812075195312495
2026-07-16T01:55:00+00:00,22411525-2,RH,CURRENT,%,75.99450675211719
2026-07-16T01:55:00+00:00,22411525-3,Dew Point,CURRENT,°C,17.414284693865582
2026-07-16T01:55:00+00:00,22411526-1,Temperature,CURRENT,°C,21.533222656249997
2026-07-16T01:55:00+00:00,22411526-2,RH,CURRENT,%,78.49851224536508
2026-07-16T01:55:00+00:00,22411526-3,Dew Point,CURRENT,°C,17.658352061564404
2026-07-16T01:55:00+00:00,22411527-1,Temperature,CURRENT,°C,21.83352539062499
2026-07-16T01:55:00+00:00,22411527-2,RH,CURRENT,%,76.03570611123827
2026-07-16T01:55:00+00:00,22411527-3,Dew Point,CURRENT,°C,17.443636781043658
2026-07-16T01:55:00+00:00,22411528-1,Temperature,CURRENT,°C,21.4259716796875
2026-07-16T01:55:00+00:00,22411528-2,RH,CURRENT,%,79.78789959563592
2026-07-16T01:55:00+00:00,22411528-3,Dew Point,CURRENT,°C,17.812986831575945
2026-07-16T01:55:00+00:00,22411529-1,Temperature,CURRENT,°C,21.147119140625
2026-07-16T01:55:00+00:00,22411529-2,RH,CURRENT,%,81.18410009918364
2026-07-16T01:55:00+00:00,22411529-3,Dew Point,CURRENT,°C,17.817085868911896
2026-07-16T01:55:00+00:00,22411530-1,Temperature,CURRENT,°C,21.74772460937499
2026-07-16T01:55:00+00:00,22411530-2,RH,CURRENT,%,76.67963683527886
2026-07-16T01:55:00+00:00,22411530-3,Dew Point,CURRENT,°C,17.494315595079637
2026-07-16T01:56:00+00:00,22411541-S,Battery,CURRENT,V,8.280317138671876
2026-07-16T02:00:00+00:00,22411189-1,Temperature,CURRENT,°C,21.318720703125003
2026-07-16T02:00:00+00:00,22411189-2,RH,CURRENT,%,81.68764782177462
2026-07-16T02:00:00+00:00,22411189-3,Dew Point,CURRENT,°C,18.083037964912812
2026-07-16T02:00:00+00:00,22411190-1,Temperature,CURRENT,°C,21.383071289062492
2026-07-16T02:00:00+00:00,22411190-2,RH,CURRENT,%,79.25688563363089
2026-07-16T02:00:00+00:00,22411190-3,Dew Point,CURRENT,°C,17.665097044280717
2026-07-16T02:00:00+00:00,22411191-1,Temperature,CURRENT,°C,21.468872070312493
2026-07-16T02:00:00+00:00,22411191-2,RH,CURRENT,%,80.03662165255207
2026-07-16T02:00:00+00:00,22411191-3,Dew Point,CURRENT,°C,17.90428179143001
2026-07-16T02:00:00+00:00,22411525-1,Temperature,CURRENT,°C,21.468872070312493
2026-07-16T02:00:00+00:00,22411525-2,RH,CURRENT,%,78.29251544975968
2026-07-16T02:00:00+00:00,22411525-3,Dew Point,CURRENT,°C,17.554113190557434
2026-07-16T02:00:00+00:00,22411526-1,Temperature,CURRENT,°C,21.232919921875002
2026-07-16T02:00:00+00:00,22411526-2,RH,CURRENT,%,80.86518654154268
2026-07-16T02:00:00+00:00,22411526-3,Dew Point,CURRENT,°C,17.83818192663829
2026-07-16T02:00:00+00:00,22411527-1,Temperature,CURRENT,°C,21.533222656249997
2026-07-16T02:00:00+00:00,22411527-2,RH,CURRENT,%,78.2360570687419
2026-07-16T02:00:00+00:00,22411527-3,Dew Point,CURRENT,°C,17.605164864994254
2026-07-16T02:00:00+00:00,22411528-1,Temperature,CURRENT,°C,21.190019531249995
2026-07-16T02:00:00+00:00,22411528-2,RH,CURRENT,%,82.15609979400321
2026-07-16T02:00:00+00:00,22411528-3,Dew Point,CURRENT,°C,18.048437881206823
2026-07-16T02:00:00+00:00,22411529-1,Temperature,CURRENT,°C,20.954067382812504
2026-07-16T02:00:00+00:00,22411529-2,RH,CURRENT,%,83.51567864499886
2026-07-16T02:00:00+00:00,22411529-3,Dew Point,CURRENT,°C,18.07917111192624
2026-07-16T02:00:00+00:00,22411530-1,Temperature,CURRENT,°C,21.447421874999996
2026-07-16T02:00:00+00:00,22411530-2,RH,CURRENT,%,78.80979629205768
2026-07-16T02:00:00+00:00,22411530-3,Dew Point,CURRENT,°C,17.63782295839253
2026-07-16T02:01:00+00:00,22411541-S,Battery,CURRENT,V,8.270625
2026-07-16T02:05:00+00:00,22411189-1,Temperature,CURRENT,°C,21.168569335937498
2026-07-16T02:05:00+00:00,22411189-2,RH,CURRENT,%,82.14541847867552
2026-07-16T02:05:00+00:00,22411189-3,Dew Point,CURRENT,°C,18.025405132235754
2026-07-16T02:05:00+00:00,22411190-1,Temperature,CURRENT,°C,21.2543701171875
2026-07-16T02:05:00+00:00,22411190-2,RH,CURRENT,%,79.69176775768673
2026-07-16T02:05:00+00:00,22411190-3,Dew Point,CURRENT,°C,17.62676085852407
2026-07-16T02:05:00+00:00,22411191-1,Temperature,CURRENT,°C,21.383071289062492
2026-07-16T02:05:00+00:00,22411191-2,RH,CURRENT,%,80.41504539559014
2026-07-16T02:05:00+00:00,22411191-3,Dew Point,CURRENT,°C,17.895755491787938
2026-07-16T02:05:00+00:00,22411525-1,Temperature,CURRENT,°C,21.404521484375003
2026-07-16T02:05:00+00:00,22411525-2,RH,CURRENT,%,78.59922178988327
2026-07-16T02:05:00+00:00,22411525-3,Dew Point,CURRENT,°C,17.553645929252657
2026-07-16T02:05:00+00:00,22411526-1,Temperature,CURRENT,°C,21.061318359375
2026-07-16T02:05:00+00:00,22411526-2,RH,CURRENT,%,81.21766994735637
2026-07-16T02:05:00+00:00,22411526-3,Dew Point,CURRENT,°C,17.739934602671134
2026-07-16T02:05:00+00:00,22411527-1,Temperature,CURRENT,°C,21.447421874999996
2026-07-16T02:05:00+00:00,22411527-2,RH,CURRENT,%,78.59922178988327
2026-07-16T02:05:00+00:00,22411527-3,Dew Point,CURRENT,°C,17.595337418241797
2026-07-16T02:05:00+00:00,22411528-1,Temperature,CURRENT,°C,20.975517578125
2026-07-16T02:05:00+00:00,22411528-2,RH,CURRENT,%,82.72678721293966
2026-07-16T02:05:00+00:00,22411528-3,Dew Point,CURRENT,°C,17.948983443009396
2026-07-16T02:05:00+00:00,22411529-1,Temperature,CURRENT,°C,20.718115234375
2026-07-16T02:05:00+00:00,22411529-2,RH,CURRENT,%,83.99633783474479
2026-07-16T02:05:00+00:00,22411529-3,Dew Point,CURRENT,°C,17.939442990970566
2026-07-16T02:05:00+00:00,22411530-1,Temperature,CURRENT,°C,21.3401708984375
2026-07-16T02:05:00+00:00,22411530-2,RH,CURRENT,%,79.39421683070115
2026-07-16T02:05:00+00:00,22411530-3,Dew Point,CURRENT,°C,17.650857461048286
2026-07-16T02:06:00+00:00,22411541-S,Battery,CURRENT,V,8.273855712890626
2026-07-16T02:10:00+00:00,22411189-1,Temperature,CURRENT,°C,21.061318359375
2026-07-16T02:10:00+00:00,22411189-2,RH,CURRENT,%,82.10421911955444
2026-07-16T02:10:00+00:00,22411189-3,Dew Point,CURRENT,°C,17.912613971873704
2026-07-16T02:10:00+00:00,22411190-1,Temperature,CURRENT,°C,21.147119140625
2026-07-16T02:10:00+00:00,22411190-2,RH,CURRENT,%,79.38963912413215
2026-07-16T02:10:00+00:00,22411190-3,Dew Point,CURRENT,°C,17.462092405793534
2026-07-16T02:10:00+00:00,22411191-1,Temperature,CURRENT,°C,21.29727050781249
2026-07-16T02:10:00+00:00,22411191-2,RH,CURRENT,%,80.22735942626078
2026-07-16T02:10:00+00:00,22411191-3,Dew Point,CURRENT,°C,17.77497759242178
2026-07-16T02:10:00+00:00,22411525-1,Temperature,CURRENT,°C,21.318720703125003
2026-07-16T02:10:00+00:00,22411525-2,RH,CURRENT,%,78.62516212710766
2026-07-16T02:10:00+00:00,22411525-3,Dew Point,CURRENT,°C,17.47549629982856
2026-07-16T02:10:00+00:00,22411526-1,Temperature,CURRENT,°C,20.954067382812504
2026-07-16T02:10:00+00:00,22411526-2,RH,CURRENT,%,81.38246738384069
2026-07-16T02:10:00+00:00,22411526-3,Dew Point,CURRENT,°C,17.66747216649455
2026-07-16T02:10:00+00:00,22411527-1,Temperature,CURRENT,°C,21.361621093749996
2026-07-16T02:10:00+00:00,22411527-2,RH,CURRENT,%,78.54428931105517
2026-07-16T02:10:00+00:00,22411527-3,Dew Point,CURRENT,°C,17.50086190721578
2026-07-16T02:10:00+00:00,22411528-1,Temperature,CURRENT,°C,20.846816406249992
2026-07-16T02:10:00+00:00,22411528-2,RH,CURRENT,%,83.05180437933929
2026-07-16T02:10:00+00:00,22411528-3,Dew Point,CURRENT,°C,17.88548391891081
2026-07-16T02:10:00+00:00,22411529-1,Temperature,CURRENT,°C,20.567963867187494
2026-07-16T02:10:00+00:00,22411529-2,RH,CURRENT,%,84.30304417486839
2026-07-16T02:10:00+00:00,22411529-3,Dew Point,CURRENT,°C,17.850270046687818
2026-07-16T02:10:00+00:00,22411530-1,Temperature,CURRENT,°C,21.232919921875002
2026-07-16T02:10:00+00:00,22411530-2,RH,CURRENT,%,79.1607537956817
2026-07-16T02:10:00+00:00,22411530-3,Dew Point,CURRENT,°C,17.499767664213888
2026-07-16T02:11:00+00:00,22411541-S,Battery,CURRENT,V,8.273855712890626
2026-07-16T02:15:00+00:00,22411189-1,Temperature,CURRENT,°C,20.889716796875
2026-07-16T02:15:00+00:00,22411189-2,RH,CURRENT,%,83.37834744792859
2026-07-16T02:15:00+00:00,22411189-3,Dew Point,CURRENT,°C,17.989944109258552
2026-07-16T02:15:00+00:00,22411190-1,Temperature,CURRENT,°C,20.975517578125
2026-07-16T02:15:00+00:00,22411190-2,RH,CURRENT,%,80.84229800869764
2026-07-16T02:15:00+00:00,22411190-3,Dew Point,CURRENT,°C,17.582643998376923
2026-07-16T02:15:00+00:00,22411191-1,Temperature,CURRENT,°C,21.104218749999994
2026-07-16T02:15:00+00:00,22411191-2,RH,CURRENT,%,81.66018158236056
2026-07-16T02:15:00+00:00,22411191-3,Dew Point,CURRENT,°C,17.868222551762873
2026-07-16T02:15:00+00:00,22411525-1,Temperature,CURRENT,°C,21.125668945312505
2026-07-16T02:15:00+00:00,22411525-2,RH,CURRENT,%,79.73754482337682
2026-07-16T02:15:00+00:00,22411525-3,Dew Point,CURRENT,°C,17.510579183464248
2026-07-16T02:15:00+00:00,22411526-1,Temperature,CURRENT,°C,20.803916015625
2026-07-16T02:15:00+00:00,22411526-2,RH,CURRENT,%,82.3376821545739
2026-07-16T02:15:00+00:00,22411526-3,Dew Point,CURRENT,°C,17.706203038484812
2026-07-16T02:15:00+00:00,22411527-1,Temperature,CURRENT,°C,21.190019531249995
2026-07-16T02:15:00+00:00,22411527-2,RH,CURRENT,%,79.64141298542764
2026-07-16T02:15:00+00:00,22411527-3,Dew Point,CURRENT,°C,17.554082347871823
2026-07-16T02:15:00+00:00,22411528-1,Temperature,CURRENT,°C,20.718115234375
2026-07-16T02:15:00+00:00,22411528-2,RH,CURRENT,%,83.79797055008774
2026-07-16T02:15:00+00:00,22411528-3,Dew Point,CURRENT,°C,17.901808028484634
2026-07-16T02:15:00+00:00,22411529-1,Temperature,CURRENT,°C,20.417812500000004
2026-07-16T02:15:00+00:00,22411529-2,RH,CURRENT,%,84.94850080109865
2026-07-16T02:15:00+00:00,22411529-3,Dew Point,CURRENT,°C,17.824314227252497
2026-07-16T02:15:00+00:00,22411530-1,Temperature,CURRENT,°C,21.061318359375
2026-07-16T02:15:00+00:00,22411530-2,RH,CURRENT,%,80.53559166857404
2026-07-16T02:15:00+00:00,22411530-3,Dew Point,CURRENT,°C,17.60595454415373
2026-07-16T02:16:00+00:00,22411541-S,Battery,CURRENT,V,8.267394287109376
2026-07-16T02:20:00+00:00,22411189-1,Temperature,CURRENT,°C,20.803916015625
2026-07-16T02:20:00+00:00,22411189-2,RH,CURRENT,%,83.18608377203022
2026-07-16T02:20:00+00:00,22411189-3,Dew Point,CURRENT,°C,17.869204527685156
2026-07-16T02:20:00+00:00,22411190-1,Temperature,CURRENT,°C,20.889716796875
2026-07-16T02:20:00+00:00,22411190-2,RH,CURRENT,%,80.59967956054017
2026-07-16T02:20:00+00:00,22411190-3,Dew Point,CURRENT,°C,17.451289162977886
2026-07-16T02:20:00+00:00,22411191-1,Temperature,CURRENT,°C,21.039868164062504
2026-07-16T02:20:00+00:00,22411191-2,RH,CURRENT,%,81.22682536049439
2026-07-16T02:20:00+00:00,22411191-3,Dew Point,CURRENT,°C,17.72079423065728
2026-07-16T02:20:00+00:00,22411525-1,Temperature,CURRENT,°C,21.061318359375
2026-07-16T02:20:00+00:00,22411525-2,RH,CURRENT,%,79.34843976501107
2026-07-16T02:20:00+00:00,22411525-3,Dew Point,CURRENT,°C,17.370375406616628
2026-07-16T02:20:00+00:00,22411526-1,Temperature,CURRENT,°C,20.718115234375
2026-07-16T02:20:00+00:00,22411526-2,RH,CURRENT,%,82.19729915312429
2026-07-16T02:20:00+00:00,22411526-3,Dew Point,CURRENT,°C,17.595235495054215
2026-07-16T02:20:00+00:00,22411527-1,Temperature,CURRENT,°C,21.147119140625
2026-07-16T02:20:00+00:00,22411527-2,RH,CURRENT,%,79.24925612268254
2026-07-16T02:20:00+00:00,22411527-3,Dew Point,CURRENT,°C,17.434025394198507
2026-07-16T02:20:00+00:00,22411528-1,Temperature,CURRENT,°C,20.632314453124998
2026-07-16T02:20:00+00:00,22411528-2,RH,CURRENT,%,83.74914168001831
2026-07-16T02:20:00+00:00,22411528-3,Dew Point,CURRENT,°C,17.808481607024248
2026-07-16T02:20:00+00:00,22411529-1,Temperature,CURRENT,°C,20.332011718750003
2026-07-16T02:20:00+00:00,22411529-2,RH,CURRENT,%,84.79743648432135
2026-07-16T02:20:00+00:00,22411529-3,Dew Point,CURRENT,°C,17.711824941264936
2026-07-16T02:20:00+00:00,22411530-1,Temperature,CURRENT,°C,20.996967773437497
2026-07-16T02:20:00+00:00,22411530-2,RH,CURRENT,%,80.17853055619135
2026-07-16T02:20:00+00:00,22411530-3,Dew Point,CURRENT,°C,17.472725752249232
2026-07-16T02:21:00+00:00,22411541-S,Battery,CURRENT,V,8.260932861328126
2026-07-16T02:25:00+00:00,22411189-1,Temperature,CURRENT,°C,20.846816406249992
2026-07-16T02:25:00+00:00,22411189-2,RH,CURRENT,%,82.67185473411155
2026-07-16T02:25:00+00:00,22411189-3,Dew Point,CURRENT,°C,17.812538609719013
2026-07-16T02:25:00+00:00,22411190-1,Temperature,CURRENT,°C,20.954067382812504
2026-07-16T02:25:00+00:00,22411190-2,RH,CURRENT,%,80.07324330510414
2026-07-16T02:25:00+00:00,22411190-3,Dew Point,CURRENT,°C,17.410095013569325
2026-07-16T02:25:00+00:00,22411191-1,Temperature,CURRENT,°C,21.125668945312505
2026-07-16T02:25:00+00:00,22411191-2,RH,CURRENT,%,80.71412222476539
2026-07-16T02:25:00+00:00,22411191-3,Dew Point,CURRENT,°C,17.703865280233924
2026-07-16T02:25:00+00:00,22411525-1,Temperature,CURRENT,°C,21.168569335937498
2026-07-16T02:25:00+00:00,22411525-2,RH,CURRENT,%,78.74570840009156
2026-07-16T02:25:00+00:00,22411525-3,Dew Point,CURRENT,°C,17.35384197528386
2026-07-16T02:25:00+00:00,22411526-1,Temperature,CURRENT,°C,20.739565429687495
2026-07-16T02:25:00+00:00,22411526-2,RH,CURRENT,%,81.87075608453497
2026-07-16T02:25:00+00:00,22411526-3,Dew Point,CURRENT,°C,17.55300558458622
2026-07-16T02:25:00+00:00,22411527-1,Temperature,CURRENT,°C,21.2543701171875
2026-07-16T02:25:00+00:00,22411527-2,RH,CURRENT,%,78.70908674753949
2026-07-16T02:25:00+00:00,22411527-3,Dew Point,CURRENT,°C,17.429870279168686
2026-07-16T02:25:00+00:00,22411528-1,Temperature,CURRENT,°C,20.653764648437495
2026-07-16T02:25:00+00:00,22411528-2,RH,CURRENT,%,83.40581368734264
2026-07-16T02:25:00+00:00,22411528-3,Dew Point,CURRENT,°C,17.764170957774535
2026-07-16T02:25:00+00:00,22411529-1,Temperature,CURRENT,°C,20.332011718750003
2026-07-16T02:25:00+00:00,22411529-2,RH,CURRENT,%,84.78217746242466
2026-07-16T02:25:00+00:00,22411529-3,Dew Point,CURRENT,°C,17.708965133305238
2026-07-16T02:25:00+00:00,22411530-1,Temperature,CURRENT,°C,21.082768554687497
2026-07-16T02:25:00+00:00,22411530-2,RH,CURRENT,%,79.70092317082475
2026-07-16T02:25:00+00:00,22411530-3,Dew Point,CURRENT,°C,17.461525481559676
2026-07-16T02:26:00+00:00,22411541-S,Battery,CURRENT,V,8.270625
2026-07-16T02:30:00+00:00,22411189-1,Temperature,CURRENT,°C,20.825366210937496
2026-07-16T02:30:00+00:00,22411189-2,RH,CURRENT,%,82.9755092698558
2026-07-16T02:30:00+00:00,22411189-3,Dew Point,CURRENT,°C,17.849871689880842
2026-07-16T02:30:00+00:00,22411190-1,Temperature,CURRENT,°C,20.911166992187496
2026-07-16T02:30:00+00:00,22411190-2,RH,CURRENT,%,80.41504539559014
2026-07-16T02:30:00+00:00,22411190-3,Dew Point,CURRENT,°C,17.435830122258693
2026-07-16T02:30:00+00:00,22411191-1,Temperature,CURRENT,°C,21.061318359375
2026-07-16T02:30:00+00:00,22411191-2,RH,CURRENT,%,81.18410009918364
2026-07-16T02:30:00+00:00,22411191-3,Dew Point,CURRENT,°C,17.733363598855693
2026-07-16T02:30:00+00:00,22411525-1,Temperature,CURRENT,°C,21.061318359375
2026-07-16T02:30:00+00:00,22411525-2,RH,CURRENT,%,79.4369420920119
2026-07-16T02:30:00+00:00,22411525-3,Dew Point,CURRENT,°C,17.388043961089704
2026-07-16T02:30:00+00:00,22411526-1,Temperature,CURRENT,°C,20.696665039062502
2026-07-16T02:30:00+00:00,22411526-2,RH,CURRENT,%,82.17746242465859
2026-07-16T02:30:00+00:00,22411526-3,Dew Point,CURRENT,°C,17.570440461170527
2026-07-16T02:30:00+00:00,22411527-1,Temperature,CURRENT,°C,21.147119140625
2026-07-16T02:30:00+00:00,22411527-2,RH,CURRENT,%,79.38048371099413
2026-07-16T02:30:00+00:00,22411527-3,Dew Point,CURRENT,°C,17.460263273823124
2026-07-16T02:30:00+00:00,22411528-1,Temperature,CURRENT,°C,20.632314453124998
2026-07-16T02:30:00+00:00,22411528-2,RH,CURRENT,%,83.6392767223621
2026-07-16T02:30:00+00:00,22411528-3,Dew Point,CURRENT,°C,17.787607126003508
2026-07-16T02:30:00+00:00,22411529-1,Temperature,CURRENT,°C,20.310561523437492
2026-07-16T02:30:00+00:00,22411529-2,RH,CURRENT,%,84.93781948577096
2026-07-16T02:30:00+00:00,22411529-3,Dew Point,CURRENT,°C,17.71706392664057
2026-07-16T02:30:00+00:00,22411530-1,Temperature,CURRENT,°C,21.018417968749993
2026-07-16T02:30:00+00:00,22411530-2,RH,CURRENT,%,80.1358052948806
2026-07-16T02:30:00+00:00,22411530-3,Dew Point,CURRENT,°C,17.485168505527536
2026-07-16T02:31:00+00:00,22411541-S,Battery,CURRENT,V,8.270625
2026-07-16T02:35:00+00:00,22411189-1,Temperature,CURRENT,°C,20.889716796875
2026-07-16T02:35:00+00:00,22411189-2,RH,CURRENT,%,82.17746242465859
2026-07-16T02:35:00+00:00,22411189-3,Dew Point,CURRENT,°C,17.75910662388051
2026-07-16T02:35:00+00:00,22411190-1,Temperature,CURRENT,°C,20.975517578125
2026-07-16T02:35:00+00:00,22411190-2,RH,CURRENT,%,79.58190280003052
2026-07-16T02:35:00+00:00,22411190-3,Dew Point,CURRENT,°C,17.33343089363423
2026-07-16T02:35:00+00:00,22411191-1,Temperature,CURRENT,°C,21.168569335937498
2026-07-16T02:35:00+00:00,22411191-2,RH,CURRENT,%,80.00457770656901
2026-07-16T02:35:00+00:00,22411191-3,Dew Point,CURRENT,°C,17.60542064430869
2026-07-16T02:35:00+00:00,22411525-1,Temperature,CURRENT,°C,21.190019531249995
2026-07-16T02:35:00+00:00,22411525-2,RH,CURRENT,%,78.13229571984436
2026-07-16T02:35:00+00:00,22411525-3,Dew Point,CURRENT,°C,17.250806822493796
2026-07-16T02:35:00+00:00,22411526-1,Temperature,CURRENT,°C,20.739565429687495
2026-07-16T02:35:00+00:00,22411526-2,RH,CURRENT,%,81.57015335317006
2026-07-16T02:35:00+00:00,22411526-3,Dew Point,CURRENT,°C,17.49463665525487
2026-07-16T02:35:00+00:00,22411527-1,Temperature,CURRENT,°C,21.2543701171875
2026-07-16T02:35:00+00:00,22411527-2,RH,CURRENT,%,78.0804150453956
2026-07-16T02:35:00+00:00,22411527-3,Dew Point,CURRENT,°C,17.30277712564039
2026-07-16T02:35:00+00:00,22411528-1,Temperature,CURRENT,°C,20.653764648437495
2026-07-16T02:35:00+00:00,22411528-2,RH,CURRENT,%,83.18455786984055
2026-07-16T02:35:00+00:00,22411528-3,Dew Point,CURRENT,°C,17.721948846334097
2026-07-16T02:35:00+00:00,22411529-1,Temperature,CURRENT,°C,20.310561523437492
2026-07-16T02:35:00+00:00,22411529-2,RH,CURRENT,%,84.62195773250934
2026-07-16T02:35:00+00:00,22411529-3,Dew Point,CURRENT,°C,17.657869538036433
2026-07-16T02:35:00+00:00,22411530-1,Temperature,CURRENT,°C,21.104218749999994
2026-07-16T02:35:00+00:00,22411530-2,RH,CURRENT,%,79.15159838254368
2026-07-16T02:35:00+00:00,22411530-3,Dew Point,CURRENT,°C,17.372745586262965
2026-07-16T02:36:00+00:00,22411541-S,Battery,CURRENT,V,8.2577021484375
2026-07-16T02:40:00+00:00,22411189-1,Temperature,CURRENT,°C,20.846816406249992
2026-07-16T02:40:00+00:00,22411189-2,RH,CURRENT,%,83.08995193408103
2026-07-16T02:40:00+00:00,22411189-3,Dew Point,CURRENT,°C,17.892791596510584
2026-07-16T02:40:00+00:00,22411190-1,Temperature,CURRENT,°C,20.932617187499993
2026-07-16T02:40:00+00:00,22411190-2,RH,CURRENT,%,80.4974441138323
2026-07-16T02:40:00+00:00,22411190-3,Dew Point,CURRENT,°C,17.472979799682722
2026-07-16T02:40:00+00:00,22411191-1,Temperature,CURRENT,°C,21.104218749999994
2026-07-16T02:40:00+00:00,22411191-2,RH,CURRENT,%,81.0757610437171
2026-07-16T02:40:00+00:00,22411191-3,Dew Point,CURRENT,°C,17.753995206639708
2026-07-16T02:40:00+00:00,22411525-1,Temperature,CURRENT,°C,21.104218749999994
2026-07-16T02:40:00+00:00,22411525-2,RH,CURRENT,%,79.24773022049287
2026-07-16T02:40:00+00:00,22411525-3,Dew Point,CURRENT,°C,17.391984542637015
2026-07-16T02:40:00+00:00,22411526-1,Temperature,CURRENT,°C,20.739565429687495
2026-07-16T02:40:00+00:00,22411526-2,RH,CURRENT,%,82.19577325093462
2026-07-16T02:40:00+00:00,22411526-3,Dew Point,CURRENT,°C,17.615904374200046
2026-07-16T02:40:00+00:00,22411527-1,Temperature,CURRENT,°C,21.190019531249995
2026-07-16T02:40:00+00:00,22411527-2,RH,CURRENT,%,79.18516823071641
2026-07-16T02:40:00+00:00,22411527-3,Dew Point,CURRENT,°C,17.462928953705692
2026-07-16T02:40:00+00:00,22411528-1,Temperature,CURRENT,°C,20.653764648437495
2026-07-16T02:40:00+00:00,22411528-2,RH,CURRENT,%,83.72014953841459
2026-07-16T02:40:00+00:00,22411528-3,Dew Point,CURRENT,°C,17.823987162961238
2026-07-16T02:40:00+00:00,22411529-1,Temperature,CURRENT,°C,20.332011718750003
2026-07-16T02:40:00+00:00,22411529-2,RH,CURRENT,%,84.89662012664988
2026-07-16T02:40:00+00:00,22411529-3,Dew Point,CURRENT,°C,17.73040271788797
2026-07-16T02:40:00+00:00,22411530-1,Temperature,CURRENT,°C,21.039868164062504
2026-07-16T02:40:00+00:00,22411530-2,RH,CURRENT,%,80.00915541313802
2026-07-16T02:40:00+00:00,22411530-3,Dew Point,CURRENT,°C,17.48097329167597
2026-07-16T02:41:00+00:00,22411541-S,Battery,CURRENT,V,8.260932861328126
2026-07-16T02:45:00+00:00,22411189-1,Temperature,CURRENT,°C,20.825366210937496
2026-07-16T02:45:00+00:00,22411189-2,RH,CURRENT,%,82.50705729762723
2026-07-16T02:45:00+00:00,22411189-3,Dew Point,CURRENT,°C,17.75983511687442
2026-07-16T02:45:00+00:00,22411190-1,Temperature,CURRENT,°C,20.889716796875
2026-07-16T02:45:00+00:00,22411190-2,RH,CURRENT,%,79.95880064087892
2026-07-16T02:45:00+00:00,22411190-3,Dew Point,CURRENT,°C,17.324748001478792
2026-07-16T02:45:00+00:00,22411191-1,Temperature,CURRENT,°C,21.061318359375
2026-07-16T02:45:00+00:00,22411191-2,RH,CURRENT,%,80.48828870069428
2026-07-16T02:45:00+00:00,22411191-3,Dew Point,CURRENT,°C,17.596626065723136
2026-07-16T02:45:00+00:00,22411525-1,Temperature,CURRENT,°C,21.104218749999994
2026-07-16T02:45:00+00:00,22411525-2,RH,CURRENT,%,78.62211032272832
2026-07-16T02:45:00+00:00,22411525-3,Dew Point,CURRENT,°C,17.266410430491586
2026-07-16T02:45:00+00:00,22411526-1,Temperature,CURRENT,°C,20.718115234375
2026-07-16T02:45:00+00:00,22411526-2,RH,CURRENT,%,81.73952849622339
2026-07-16T02:45:00+00:00,22411526-3,Dew Point,CURRENT,°C,17.506598741689984
2026-07-16T02:45:00+00:00,22411527-1,Temperature,CURRENT,°C,21.190019531249995
2026-07-16T02:45:00+00:00,22411527-2,RH,CURRENT,%,78.52140077821012
2026-07-16T02:45:00+00:00,22411527-3,Dew Point,CURRENT,°C,17.329489765050297
2026-07-16T02:45:00+00:00,22411528-1,Temperature,CURRENT,°C,20.632314453124998
2026-07-16T02:45:00+00:00,22411528-2,RH,CURRENT,%,83.20897230487526
2026-07-16T02:45:00+00:00,22411528-3,Dew Point,CURRENT,°C,17.70561690165094
2026-07-16T02:45:00+00:00,22411529-1,Temperature,CURRENT,°C,20.3534619140625
2026-07-16T02:45:00+00:00,22411529-2,RH,CURRENT,%,84.35645075150683
2026-07-16T02:45:00+00:00,22411529-3,Dew Point,CURRENT,°C,17.65002634785843
2026-07-16T02:45:00+00:00,22411530-1,Temperature,CURRENT,°C,21.018417968749993
2026-07-16T02:45:00+00:00,22411530-2,RH,CURRENT,%,79.51934081025406
2026-07-16T02:45:00+00:00,22411530-3,Dew Point,CURRENT,°C,17.36272481803571
2026-07-16T02:46:00+00:00,22411541-S,Battery,CURRENT,V,8.2577021484375
2026-07-16T02:50:00+00:00,22411189-1,Temperature,CURRENT,°C,21.168569335937498
2026-07-16T02:50:00+00:00,22411189-2,RH,CURRENT,%,80.32501716639963
2026-07-16T02:50:00+00:00,22411189-3,Dew Point,CURRENT,°C,17.668905129514556
2026-07-16T02:50:00+00:00,22411190-1,Temperature,CURRENT,°C,21.232919921875002
2026-07-16T02:50:00+00:00,22411190-2,RH,CURRENT,%,77.953765163653
2026-07-16T02:50:00+00:00,22411190-3,Dew Point,CURRENT,°C,17.256240168975033
2026-07-16T02:50:00+00:00,22411191-1,Temperature,CURRENT,°C,21.4259716796875
2026-07-16T02:50:00+00:00,22411191-2,RH,CURRENT,%,78.37491416800184
2026-07-16T02:50:00+00:00,22411191-3,Dew Point,CURRENT,°C,17.52913300292156
2026-07-16T02:50:00+00:00,22411525-1,Temperature,CURRENT,°C,21.447421874999996
2026-07-16T02:50:00+00:00,22411525-2,RH,CURRENT,%,76.63080796520943
2026-07-16T02:50:00+00:00,22411525-3,Dew Point,CURRENT,°C,17.193294961864325
2026-07-16T02:50:00+00:00,22411526-1,Temperature,CURRENT,°C,21.018417968749993
2026-07-16T02:50:00+00:00,22411526-2,RH,CURRENT,%,79.85198748760205
2026-07-16T02:50:00+00:00,22411526-3,Dew Point,CURRENT,°C,17.428898752258956
2026-07-16T02:50:00+00:00,22411527-1,Temperature,CURRENT,°C,21.533222656249997
2026-07-16T02:50:00+00:00,22411527-2,RH,CURRENT,%,76.63538567177844
2026-07-16T02:50:00+00:00,22411527-3,Dew Point,CURRENT,°C,17.27736089766118
2026-07-16T02:50:00+00:00,22411528-1,Temperature,CURRENT,°C,20.911166992187496
2026-07-16T02:50:00+00:00,22411528-2,RH,CURRENT,%,81.35500114442664
2026-07-16T02:50:00+00:00,22411528-3,Dew Point,CURRENT,°C,17.620237187292467
2026-07-16T02:50:00+00:00,22411529-1,Temperature,CURRENT,°C,20.5250634765625
2026-07-16T02:50:00+00:00,22411529-2,RH,CURRENT,%,82.95262073701076
2026-07-16T02:50:00+00:00,22411529-3,Dew Point,CURRENT,°C,17.55165591907353
2026-07-16T02:50:00+00:00,22411530-1,Temperature,CURRENT,°C,21.383071289062492
2026-07-16T02:50:00+00:00,22411530-2,RH,CURRENT,%,77.50362401770046
2026-07-16T02:50:00+00:00,22411530-3,Dew Point,CURRENT,°C,17.310239532556498
2026-07-16T02:51:00+00:00,22411541-S,Battery,CURRENT,V,8.254471435546876
2026-07-16T02:55:00+00:00,22411189-1,Temperature,CURRENT,°C,21.2543701171875
2026-07-16T02:55:00+00:00,22411189-2,RH,CURRENT,%,80.3112840466926
2026-07-16T02:55:00+00:00,22411189-3,Dew Point,CURRENT,°C,17.749797710446558
2026-07-16T02:55:00+00:00,22411190-1,Temperature,CURRENT,°C,21.318720703125003
2026-07-16T02:55:00+00:00,22411190-2,RH,CURRENT,%,78.06363012130923
2026-07-16T02:55:00+00:00,22411190-3,Dew Point,CURRENT,°C,17.36185672402356
2026-07-16T02:55:00+00:00,22411191-1,Temperature,CURRENT,°C,21.447421874999996
2026-07-16T02:55:00+00:00,22411191-2,RH,CURRENT,%,78.83268482490273
2026-07-16T02:55:00+00:00,22411191-3,Dew Point,CURRENT,°C,17.64243496075821
2026-07-16T02:55:00+00:00,22411525-1,Temperature,CURRENT,°C,21.447421874999996
2026-07-16T02:55:00+00:00,22411525-2,RH,CURRENT,%,77.13435568780041
2026-07-16T02:55:00+00:00,22411525-3,Dew Point,CURRENT,°C,17.29699630653759
2026-07-16T02:55:00+00:00,22411526-1,Temperature,CURRENT,°C,21.147119140625
2026-07-16T02:55:00+00:00,22411526-2,RH,CURRENT,%,79.55138475623713
2026-07-16T02:55:00+00:00,22411526-3,Dew Point,CURRENT,°C,17.494376651057554
2026-07-16T02:55:00+00:00,22411527-1,Temperature,CURRENT,°C,21.5117724609375
2026-07-16T02:55:00+00:00,22411527-2,RH,CURRENT,%,77.15571831845578
2026-07-16T02:55:00+00:00,22411527-3,Dew Point,CURRENT,°C,17.36377552902154
2026-07-16T02:55:00+00:00,22411528-1,Temperature,CURRENT,°C,21.061318359375
2026-07-16T02:55:00+00:00,22411528-2,RH,CURRENT,%,81.07118333714809
2026-07-16T02:55:00+00:00,22411528-3,Dew Point,CURRENT,°C,17.711243658551417
2026-07-16T02:55:00+00:00,22411529-1,Temperature,CURRENT,°C,20.67521484374999
2026-07-16T02:55:00+00:00,22411529-2,RH,CURRENT,%,82.60776684214542
2026-07-16T02:55:00+00:00,22411529-3,Dew Point,CURRENT,°C,17.63239288649891
2026-07-16T02:55:00+00:00,22411530-1,Temperature,CURRENT,°C,21.404521484375003
2026-07-16T02:55:00+00:00,22411530-2,RH,CURRENT,%,77.73861295490958
2026-07-16T02:55:00+00:00,22411530-3,Dew Point,CURRENT,°C,17.379023722442287
2026-07-16T02:56:00+00:00,22411541-S,Battery,CURRENT,V,8.25124072265625
2026-07-16T03:00:00+00:00,22411189-1,Temperature,CURRENT,°C,20.932617187499993
2026-07-16T03:00:00+00:00,22411189-2,RH,CURRENT,%,82.36209658960861
2026-07-16T03:00:00+00:00,22411189-3,Dew Point,CURRENT,°C,17.836725914957338
2026-07-16T03:00:00+00:00,22411190-1,Temperature,CURRENT,°C,21.018417968749993
2026-07-16T03:00:00+00:00,22411190-2,RH,CURRENT,%,79.9847409781033
2026-07-16T03:00:00+00:00,22411190-3,Dew Point,CURRENT,°C,17.45524023947892
2026-07-16T03:00:00+00:00,22411191-1,Temperature,CURRENT,°C,21.104218749999994
2026-07-16T03:00:00+00:00,22411191-2,RH,CURRENT,%,80.8743419546807
2026-07-16T03:00:00+00:00,22411191-3,Dew Point,CURRENT,°C,17.714459957440155
2026-07-16T03:00:00+00:00,22411525-1,Temperature,CURRENT,°C,21.104218749999994
2026-07-16T03:00:00+00:00,22411525-2,RH,CURRENT,%,79.07988097962921
2026-07-16T03:00:00+00:00,22411525-3,Dew Point,CURRENT,°C,17.358379382362745
2026-07-16T03:00:00+00:00,22411526-1,Temperature,CURRENT,°C,20.911166992187496
2026-07-16T03:00:00+00:00,22411526-2,RH,CURRENT,%,81.17952239261463
2026-07-16T03:00:00+00:00,22411526-3,Dew Point,CURRENT,°C,17.585952679570813
2026-07-16T03:00:00+00:00,22411527-1,Temperature,CURRENT,°C,21.168569335937498
2026-07-16T03:00:00+00:00,22411527-2,RH,CURRENT,%,79.07072556649119
2026-07-16T03:00:00+00:00,22411527-3,Dew Point,CURRENT,°C,17.419130410746096
2026-07-16T03:00:00+00:00,22411528-1,Temperature,CURRENT,°C,20.825366210937496
2026-07-16T03:00:00+00:00,22411528-2,RH,CURRENT,%,82.57572289616236
2026-07-16T03:00:00+00:00,22411528-3,Dew Point,CURRENT,°C,17.773060610090774
2026-07-16T03:00:00+00:00,22411529-1,Temperature,CURRENT,°C,20.589414062500005
2026-07-16T03:00:00+00:00,22411529-2,RH,CURRENT,%,83.60570687418937
2026-07-16T03:00:00+00:00,22411529-3,Dew Point,CURRENT,°C,17.73920752179149
2026-07-16T03:00:00+00:00,22411530-1,Temperature,CURRENT,°C,21.061318359375
2026-07-16T03:00:00+00:00,22411530-2,RH,CURRENT,%,79.6383611810483
2026-07-16T03:00:00+00:00,22411530-3,Dew Point,CURRENT,°C,17.42819098260567
2026-07-16T03:01:00+00:00,22411541-S,Battery,CURRENT,V,8.2577021484375
2026-07-16T03:05:00+00:00,22411189-1,Temperature,CURRENT,°C,21.018417968749993
2026-07-16T03:05:00+00:00,22411189-2,RH,CURRENT,%,80.76295109483482
2026-07-16T03:05:00+00:00,22411189-3,Dew Point,CURRENT,°C,17.60889026148067
2026-07-16T03:05:00+00:00,22411190-1,Temperature,CURRENT,°C,21.082768554687497
2026-07-16T03:05:00+00:00,22411190-2,RH,CURRENT,%,78.40543221179523
2026-07-16T03:05:00+00:00,22411190-3,Dew Point,CURRENT,°C,17.201874675155985
2026-07-16T03:05:00+00:00,22411191-1,Temperature,CURRENT,°C,21.2543701171875
2026-07-16T03:05:00+00:00,22411191-2,RH,CURRENT,%,79.24010070954452
2026-07-16T03:05:00+00:00,22411191-3,Dew Point,CURRENT,°C,17.53653013646625
2026-07-16T03:05:00+00:00,22411525-1,Temperature,CURRENT,°C,21.2543701171875
2026-07-16T03:05:00+00:00,22411525-2,RH,CURRENT,%,77.54940108339055
2026-07-16T03:05:00+00:00,22411525-3,Dew Point,CURRENT,°C,17.194726506515494
2026-07-16T03:05:00+00:00,22411526-1,Temperature,CURRENT,°C,20.911166992187496
2026-07-16T03:05:00+00:00,22411526-2,RH,CURRENT,%,79.96337834744793
2026-07-16T03:05:00+00:00,22411526-3,Dew Point,CURRENT,°C,17.34654662500998
2026-07-16T03:05:00+00:00,22411527-1,Temperature,CURRENT,°C,21.3401708984375
2026-07-16T03:05:00+00:00,22411527-2,RH,CURRENT,%,77.5417715724422
2026-07-16T03:05:00+00:00,22411527-3,Dew Point,CURRENT,°C,17.27641334243392
2026-07-16T03:05:00+00:00,22411528-1,Temperature,CURRENT,°C,20.846816406249992
2026-07-16T03:05:00+00:00,22411528-2,RH,CURRENT,%,81.36873426413366
2026-07-16T03:05:00+00:00,22411528-3,Dew Point,CURRENT,°C,17.56010671687789
2026-07-16T03:05:00+00:00,22411529-1,Temperature,CURRENT,°C,20.5250634765625
2026-07-16T03:05:00+00:00,22411529-2,RH,CURRENT,%,82.54520485236897
2026-07-16T03:05:00+00:00,22411529-3,Dew Point,CURRENT,°C,17.47353678475488
2026-07-16T03:05:00+00:00,22411530-1,Temperature,CURRENT,°C,21.21146972656249
2026-07-16T03:05:00+00:00,22411530-2,RH,CURRENT,%,78.11703669794767
2026-07-16T03:05:00+00:00,22411530-3,Dew Point,CURRENT,°C,17.268544588851846
2026-07-16T03:06:00+00:00,22411541-S,Battery,CURRENT,V,8.254471435546876
2026-07-16T03:10:00+00:00,22411189-1,Temperature,CURRENT,°C,21.232919921875002
2026-07-16T03:10:00+00:00,22411189-2,RH,CURRENT,%,80.1052872510872
2026-07-16T03:10:00+00:00,22411189-3,Dew Point,CURRENT,°C,17.688083496390515
2026-07-16T03:10:00+00:00,22411190-1,Temperature,CURRENT,°C,21.29727050781249
2026-07-16T03:10:00+00:00,22411190-2,RH,CURRENT,%,77.86678873884183
2026-07-16T03:10:00+00:00,22411190-3,Dew Point,CURRENT,°C,17.301029832362417
2026-07-16T03:10:00+00:00,22411191-1,Temperature,CURRENT,°C,21.447421874999996
2026-07-16T03:10:00+00:00,22411191-2,RH,CURRENT,%,78.52140077821012
2026-07-16T03:10:00+00:00,22411191-3,Dew Point,CURRENT,°C,17.579611015008666
2026-07-16T03:10:00+00:00,22411525-1,Temperature,CURRENT,°C,21.447421874999996
2026-07-16T03:10:00+00:00,22411525-2,RH,CURRENT,%,76.90394445716029
2026-07-16T03:10:00+00:00,22411525-3,Dew Point,CURRENT,°C,17.24961889168683
2026-07-16T03:10:00+00:00,22411526-1,Temperature,CURRENT,°C,21.147119140625
2026-07-16T03:10:00+00:00,22411526-2,RH,CURRENT,%,79.27214465552758
2026-07-16T03:10:00+00:00,22411526-3,Dew Point,CURRENT,°C,17.43860450647092
2026-07-16T03:10:00+00:00,22411527-1,Temperature,CURRENT,°C,21.490322265625004
2026-07-16T03:10:00+00:00,22411527-2,RH,CURRENT,%,76.92683299000534
2026-07-16T03:10:00+00:00,22411527-3,Dew Point,CURRENT,°C,17.295910783902617
2026-07-16T03:10:00+00:00,22411528-1,Temperature,CURRENT,°C,21.061318359375
2026-07-16T03:10:00+00:00,22411528-2,RH,CURRENT,%,80.68055237659266
2026-07-16T03:10:00+00:00,22411528-3,Dew Point,CURRENT,°C,17.634511968214262
2026-07-16T03:10:00+00:00,22411529-1,Temperature,CURRENT,°C,20.653764648437495
2026-07-16T03:10:00+00:00,22411529-2,RH,CURRENT,%,82.2018768596933
2026-07-16T03:10:00+00:00,22411529-3,Dew Point,CURRENT,°C,17.533227991729873
2026-07-16T03:10:00+00:00,22411530-1,Temperature,CURRENT,°C,21.404521484375003
2026-07-16T03:10:00+00:00,22411530-2,RH,CURRENT,%,77.43495841916533
2026-07-16T03:10:00+00:00,22411530-3,Dew Point,CURRENT,°C,17.317006381910208
2026-07-16T03:11:00+00:00,22411541-S,Battery,CURRENT,V,8.244779296875
2026-07-16T03:15:00+00:00,22411189-1,Temperature,CURRENT,°C,20.996967773437497
2026-07-16T03:15:00+00:00,22411189-2,RH,CURRENT,%,81.07881284809643
2026-07-16T03:15:00+00:00,22411189-3,Dew Point,CURRENT,°C,17.64995705876286
2026-07-16T03:15:00+00:00,22411190-1,Temperature,CURRENT,°C,21.082768554687497
2026-07-16T03:15:00+00:00,22411190-2,RH,CURRENT,%,78.60837720302129
2026-07-16T03:15:00+00:00,22411190-3,Dew Point,CURRENT,°C,17.24279727176397
2026-07-16T03:15:00+00:00,22411191-1,Temperature,CURRENT,°C,21.190019531249995
2026-07-16T03:15:00+00:00,22411191-2,RH,CURRENT,%,79.482719157702
2026-07-16T03:15:00+00:00,22411191-3,Dew Point,CURRENT,°C,17.52242880375589
2026-07-16T03:15:00+00:00,22411525-1,Temperature,CURRENT,°C,21.21146972656249
2026-07-16T03:15:00+00:00,22411525-2,RH,CURRENT,%,77.75539787899595
2026-07-16T03:15:00+00:00,22411525-3,Dew Point,CURRENT,°C,17.195082843364265
2026-07-16T03:15:00+00:00,22411526-1,Temperature,CURRENT,°C,20.932617187499993
2026-07-16T03:15:00+00:00,22411526-2,RH,CURRENT,%,80.03662165255207
2026-07-16T03:15:00+00:00,22411526-3,Dew Point,CURRENT,°C,17.381948924816033
2026-07-16T03:15:00+00:00,22411527-1,Temperature,CURRENT,°C,21.275820312499995
2026-07-16T03:15:00+00:00,22411527-2,RH,CURRENT,%,77.76913099870298
2026-07-16T03:15:00+00:00,22411527-3,Dew Point,CURRENT,°C,17.26033410889073
2026-07-16T03:15:00+00:00,22411528-1,Temperature,CURRENT,°C,20.868266601562503
2026-07-16T03:15:00+00:00,22411528-2,RH,CURRENT,%,81.42671854734111
2026-07-16T03:15:00+00:00,22411528-3,Dew Point,CURRENT,°C,17.59235289871492
2026-07-16T03:15:00+00:00,22411529-1,Temperature,CURRENT,°C,20.567963867187494
2026-07-16T03:15:00+00:00,22411529-2,RH,CURRENT,%,82.66727702754254
2026-07-16T03:15:00+00:00,22411529-3,Dew Point,CURRENT,°C,17.538936412006233
2026-07-16T03:15:00+00:00,22411530-1,Temperature,CURRENT,°C,21.168569335937498
2026-07-16T03:15:00+00:00,22411530-2,RH,CURRENT,%,78.37796597238118
2026-07-16T03:15:00+00:00,22411530-3,Dew Point,CURRENT,°C,17.27968584912852
2026-07-16T03:16:00+00:00,22411541-S,Battery,CURRENT,V,8.23831787109375
2026-07-16T03:20:00+00:00,22411189-1,Temperature,CURRENT,°C,20.911166992187496
2026-07-16T03:20:00+00:00,22411189-2,RH,CURRENT,%,81.542687113756
2026-07-16T03:20:00+00:00,22411189-3,Dew Point,CURRENT,°C,17.656835113983504
2026-07-16T03:20:00+00:00,22411190-1,Temperature,CURRENT,°C,20.975517578125
2026-07-16T03:20:00+00:00,22411190-2,RH,CURRENT,%,79.14244296940566
2026-07-16T03:20:00+00:00,22411190-3,Dew Point,CURRENT,°C,17.245725101878875
2026-07-16T03:20:00+00:00,22411191-1,Temperature,CURRENT,°C,21.104218749999994
2026-07-16T03:20:00+00:00,22411191-2,RH,CURRENT,%,79.93133440146487
2026-07-16T03:20:00+00:00,22411191-3,Dew Point,CURRENT,°C,17.528208531924093
2026-07-16T03:20:00+00:00,22411525-1,Temperature,CURRENT,°C,21.104218749999994
2026-07-16T03:20:00+00:00,22411525-2,RH,CURRENT,%,78.21469443808652
2026-07-16T03:20:00+00:00,22411525-3,Dew Point,CURRENT,°C,17.18416279001966
2026-07-16T03:20:00+00:00,22411526-1,Temperature,CURRENT,°C,20.825366210937496
2026-07-16T03:20:00+00:00,22411526-2,RH,CURRENT,%,80.53406576638437
2026-07-16T03:20:00+00:00,22411526-3,Dew Point,CURRENT,°C,17.375643786581065
2026-07-16T03:20:00+00:00,22411527-1,Temperature,CURRENT,°C,21.168569335937498
2026-07-16T03:20:00+00:00,22411527-2,RH,CURRENT,%,78.286411841001
2026-07-16T03:20:00+00:00,22411527-3,Dew Point,CURRENT,°C,17.261176376217165
2026-07-16T03:20:00+00:00,22411528-1,Temperature,CURRENT,°C,20.76101562499999
2026-07-16T03:20:00+00:00,22411528-2,RH,CURRENT,%,81.95315480277714
2026-07-16T03:20:00+00:00,22411528-3,Dew Point,CURRENT,°C,17.589928284204127
2026-07-16T03:20:00+00:00,22411529-1,Temperature,CURRENT,°C,20.460712890624997
2026-07-16T03:20:00+00:00,22411529-2,RH,CURRENT,%,83.05333028152896
2026-07-16T03:20:00+00:00,22411529-3,Dew Point,CURRENT,°C,17.507941012584038
2026-07-16T03:20:00+00:00,22411530-1,Temperature,CURRENT,°C,21.061318359375
2026-07-16T03:20:00+00:00,22411530-2,RH,CURRENT,%,78.83268482490273
2026-07-16T03:20:00+00:00,22411530-3,Dew Point,CURRENT,°C,17.267065715793276
2026-07-16T03:21:00+00:00,22411541-S,Battery,CURRENT,V,8.25124072265625
2026-07-16T03:25:00+00:00,22411189-1,Temperature,CURRENT,°C,20.911166992187496
2026-07-16T03:25:00+00:00,22411189-2,RH,CURRENT,%,81.1810482948043
2026-07-16T03:25:00+00:00,22411189-3,Dew Point,CURRENT,°C,17.58625108529427
2026-07-16T03:25:00+00:00,22411190-1,Temperature,CURRENT,°C,20.996967773437497
2026-07-16T03:25:00+00:00,22411190-2,RH,CURRENT,%,78.88303959716183
2026-07-16T03:25:00+00:00,22411190-3,Dew Point,CURRENT,°C,17.214610075591064
2026-07-16T03:25:00+00:00,22411191-1,Temperature,CURRENT,°C,21.125668945312505
2026-07-16T03:25:00+00:00,22411191-2,RH,CURRENT,%,79.61852445258259
2026-07-16T03:25:00+00:00,22411191-3,Dew Point,CURRENT,°C,17.486880923155812
2026-07-16T03:25:00+00:00,22411525-1,Temperature,CURRENT,°C,21.147119140625
2026-07-16T03:25:00+00:00,22411525-2,RH,CURRENT,%,77.86678873884183
2026-07-16T03:25:00+00:00,22411525-3,Dew Point,CURRENT,°C,17.155275794785595
2026-07-16T03:25:00+00:00,22411526-1,Temperature,CURRENT,°C,20.825366210937496
2026-07-16T03:25:00+00:00,22411526-2,RH,CURRENT,%,80.27313649195086
2026-07-16T03:25:00+00:00,22411526-3,Dew Point,CURRENT,°C,17.324218728986708
2026-07-16T03:25:00+00:00,22411527-1,Temperature,CURRENT,°C,21.190019531249995
2026-07-16T03:25:00+00:00,22411527-2,RH,CURRENT,%,77.88967727168688
2026-07-16T03:25:00+00:00,22411527-3,Dew Point,CURRENT,°C,17.201571817404666
2026-07-16T03:25:00+00:00,22411528-1,Temperature,CURRENT,°C,20.718115234375
2026-07-16T03:25:00+00:00,22411528-2,RH,CURRENT,%,81.84023804074158
2026-07-16T03:25:00+00:00,22411528-3,Dew Point,CURRENT,°C,17.52613605430253
2026-07-16T03:25:00+00:00,22411529-1,Temperature,CURRENT,°C,20.396362304687493
2026-07-16T03:25:00+00:00,22411529-2,RH,CURRENT,%,83.01976043335623
2026-07-16T03:25:00+00:00,22411529-3,Dew Point,CURRENT,°C,17.438556276926484
2026-07-16T03:25:00+00:00,22411530-1,Temperature,CURRENT,°C,21.082768554687497
2026-07-16T03:25:00+00:00,22411530-2,RH,CURRENT,%,78.57022964827955
2026-07-16T03:25:00+00:00,22411530-3,Dew Point,CURRENT,°C,17.23511212160269
2026-07-16T03:26:00+00:00,22411541-S,Battery,CURRENT,V,8.23831787109375
2026-07-16T03:30:00+00:00,22411189-1,Temperature,CURRENT,°C,20.996967773437497
2026-07-16T03:30:00+00:00,22411189-2,RH,CURRENT,%,81.03456168459601
2026-07-16T03:30:00+00:00,22411189-3,Dew Point,CURRENT,°C,17.64128605514818
2026-07-16T03:30:00+00:00,22411190-1,Temperature,CURRENT,°C,21.061318359375
2026-07-16T03:30:00+00:00,22411190-2,RH,CURRENT,%,78.67246509498742
2026-07-16T03:30:00+00:00,22411190-3,Dew Point,CURRENT,°C,17.23485195999721
2026-07-16T03:30:00+00:00,22411191-1,Temperature,CURRENT,°C,21.190019531249995
2026-07-16T03:30:00+00:00,22411191-2,RH,CURRENT,%,79.49492637521935
2026-07-16T03:30:00+00:00,22411191-3,Dew Point,CURRENT,°C,17.52486565558104
2026-07-16T03:30:00+00:00,22411525-1,Temperature,CURRENT,°C,21.190019531249995
2026-07-16T03:30:00+00:00,22411525-2,RH,CURRENT,%,77.82558937972075
2026-07-16T03:30:00+00:00,22411525-3,Dew Point,CURRENT,°C,17.188543920142383
2026-07-16T03:30:00+00:00,22411526-1,Temperature,CURRENT,°C,20.911166992187496
2026-07-16T03:30:00+00:00,22411526-2,RH,CURRENT,%,80.24567025253681
2026-07-16T03:30:00+00:00,22411526-3,Dew Point,CURRENT,°C,17.40240039641157
2026-07-16T03:30:00+00:00,22411527-1,Temperature,CURRENT,°C,21.232919921875002
2026-07-16T03:30:00+00:00,22411527-2,RH,CURRENT,%,77.94460975051499
2026-07-16T03:30:00+00:00,22411527-3,Dew Point,CURRENT,°C,17.254380347916847
2026-07-16T03:30:00+00:00,22411528-1,Temperature,CURRENT,°C,20.803916015625
2026-07-16T03:30:00+00:00,22411528-2,RH,CURRENT,%,81.76089112687876
2026-07-16T03:30:00+00:00,22411528-3,Dew Point,CURRENT,°C,17.59454367935407
2026-07-16T03:30:00+00:00,22411529-1,Temperature,CURRENT,°C,20.482163085937493
2026-07-16T03:30:00+00:00,22411529-2,RH,CURRENT,%,83.06248569466698
2026-07-16T03:30:00+00:00,22411529-3,Dew Point,CURRENT,°C,17.530681393381702
2026-07-16T03:30:00+00:00,22411530-1,Temperature,CURRENT,°C,21.147119140625
2026-07-16T03:30:00+00:00,22411530-2,RH,CURRENT,%,78.4420538643473
2026-07-16T03:30:00+00:00,22411530-3,Dew Point,CURRENT,°C,17.271790005912376
2026-07-16T03:31:00+00:00,22411541-S,Battery,CURRENT,V,8.23831787109375
2026-07-16T03:35:00+00:00,22411189-1,Temperature,CURRENT,°C,21.061318359375
2026-07-16T03:35:00+00:00,22411189-2,RH,CURRENT,%,80.67292286564431
2026-07-16T03:35:00+00:00,22411189-3,Dew Point,CURRENT,°C,17.63301006640742
2026-07-16T03:35:00+00:00,22411190-1,Temperature,CURRENT,°C,21.104218749999994
2026-07-16T03:35:00+00:00,22411190-2,RH,CURRENT,%,78.38254367895019
2026-07-16T03:35:00+00:00,22411190-3,Dew Point,CURRENT,°C,17.21809292908505
2026-07-16T03:35:00+00:00,22411191-1,Temperature,CURRENT,°C,21.2543701171875
2026-07-16T03:35:00+00:00,22411191-2,RH,CURRENT,%,79.18364232852674
2026-07-16T03:35:00+00:00,22411191-3,Dew Point,CURRENT,°C,17.525219650514874
2026-07-16T03:35:00+00:00,22411525-1,Temperature,CURRENT,°C,21.2543701171875
2026-07-16T03:35:00+00:00,22411525-2,RH,CURRENT,%,77.5219348439765
2026-07-16T03:35:00+00:00,22411525-3,Dew Point,CURRENT,°C,17.189120075226093
2026-07-16T03:35:00+00:00,22411526-1,Temperature,CURRENT,°C,20.975517578125
2026-07-16T03:35:00+00:00,22411526-2,RH,CURRENT,%,79.75127794308385
2026-07-16T03:35:00+00:00,22411526-3,Dew Point,CURRENT,°C,17.367120961359994
2026-07-16T03:35:00+00:00,22411527-1,Temperature,CURRENT,°C,21.318720703125003
2026-07-16T03:35:00+00:00,22411527-2,RH,CURRENT,%,77.5417715724422
2026-07-16T03:35:00+00:00,22411527-3,Dew Point,CURRENT,°C,17.255602423703163
2026-07-16T03:35:00+00:00,22411528-1,Temperature,CURRENT,°C,20.889716796875
2026-07-16T03:35:00+00:00,22411528-2,RH,CURRENT,%,81.13527122911421
2026-07-16T03:35:00+00:00,22411528-3,Dew Point,CURRENT,°C,17.556367344590107
2026-07-16T03:35:00+00:00,22411529-1,Temperature,CURRENT,°C,20.546513671874997
2026-07-16T03:35:00+00:00,22411529-2,RH,CURRENT,%,82.47501335164417
2026-07-16T03:35:00+00:00,22411529-3,Dew Point,CURRENT,°C,17.481016816349694
2026-07-16T03:35:00+00:00,22411530-1,Temperature,CURRENT,°C,21.21146972656249
2026-07-16T03:35:00+00:00,22411530-2,RH,CURRENT,%,78.05905241474022
2026-07-16T03:35:00+00:00,22411530-3,Dew Point,CURRENT,°C,17.256785988549453
2026-07-16T03:36:00+00:00,22411541-S,Battery,CURRENT,V,8.23831787109375
2026-07-16T03:40:00+00:00,22411189-1,Temperature,CURRENT,°C,21.061318359375
2026-07-16T03:40:00+00:00,22411189-2,RH,CURRENT,%,79.9801632715343
2026-07-16T03:40:00+00:00,22411189-3,Dew Point,CURRENT,°C,17.496116237184193
2026-07-16T03:40:00+00:00,22411190-1,Temperature,CURRENT,°C,21.104218749999994
2026-07-16T03:40:00+00:00,22411190-2,RH,CURRENT,%,77.64553292133974
2026-07-16T03:40:00+00:00,22411190-3,Dew Point,CURRENT,°C,17.068632028081282
2026-07-16T03:40:00+00:00,22411191-1,Temperature,CURRENT,°C,21.2543701171875
2026-07-16T03:40:00+00:00,22411191-2,RH,CURRENT,%,78.48020141908904
2026-07-16T03:40:00+00:00,22411191-3,Dew Point,CURRENT,°C,17.383701752890044
2026-07-16T03:40:00+00:00,22411525-1,Temperature,CURRENT,°C,21.275820312499995
2026-07-16T03:40:00+00:00,22411525-2,RH,CURRENT,%,76.8184939345388
2026-07-16T03:40:00+00:00,22411525-3,Dew Point,CURRENT,°C,17.06572382429598
2026-07-16T03:40:00+00:00,22411526-1,Temperature,CURRENT,°C,20.975517578125
2026-07-16T03:40:00+00:00,22411526-2,RH,CURRENT,%,79.0096894789044
2026-07-16T03:40:00+00:00,22411526-3,Dew Point,CURRENT,°C,17.21914676101081
2026-07-16T03:40:00+00:00,22411527-1,Temperature,CURRENT,°C,21.3401708984375
2026-07-16T03:40:00+00:00,22411527-2,RH,CURRENT,%,76.82154573891813
2026-07-16T03:40:00+00:00,22411527-3,Dew Point,CURRENT,°C,17.12871256237005
2026-07-16T03:40:00+00:00,22411528-1,Temperature,CURRENT,°C,20.889716796875
2026-07-16T03:40:00+00:00,22411528-2,RH,CURRENT,%,80.512703135729
2026-07-16T03:40:00+00:00,22411528-3,Dew Point,CURRENT,°C,17.434167507987638
2026-07-16T03:40:00+00:00,22411529-1,Temperature,CURRENT,°C,20.567963867187494
2026-07-16T03:40:00+00:00,22411529-2,RH,CURRENT,%,81.74715800717173
2026-07-16T03:40:00+00:00,22411529-3,Dew Point,CURRENT,°C,17.36143288084971
2026-07-16T03:40:00+00:00,22411530-1,Temperature,CURRENT,°C,21.232919921875002
2026-07-16T03:40:00+00:00,22411530-2,RH,CURRENT,%,77.41817349507896
2026-07-16T03:40:00+00:00,22411530-3,Dew Point,CURRENT,°C,17.147117495418097
2026-07-16T03:41:00+00:00,22411541-S,Battery,CURRENT,V,8.244779296875
2026-07-16T03:45:00+00:00,22411189-1,Temperature,CURRENT,°C,21.082768554687497
2026-07-16T03:45:00+00:00,22411189-2,RH,CURRENT,%,80.05951018539712
2026-07-16T03:45:00+00:00,22411189-3,Dew Point,CURRENT,°C,17.5327425861337
2026-07-16T03:45:00+00:00,22411190-1,Temperature,CURRENT,°C,21.147119140625
2026-07-16T03:45:00+00:00,22411190-2,RH,CURRENT,%,77.81643396658274
2026-07-16T03:45:00+00:00,22411190-3,Dew Point,CURRENT,°C,17.14504108972842
2026-07-16T03:45:00+00:00,22411191-1,Temperature,CURRENT,°C,21.2543701171875
2026-07-16T03:45:00+00:00,22411191-2,RH,CURRENT,%,78.63431754024568
2026-07-16T03:45:00+00:00,22411191-3,Dew Point,CURRENT,°C,17.414801505517286
2026-07-16T03:45:00+00:00,22411525-1,Temperature,CURRENT,°C,21.275820312499995
2026-07-16T03:45:00+00:00,22411525-2,RH,CURRENT,%,76.96040283817807
2026-07-16T03:45:00+00:00,22411525-3,Dew Point,CURRENT,°C,17.094908269891707
2026-07-16T03:45:00+00:00,22411526-1,Temperature,CURRENT,°C,20.996967773437497
2026-07-16T03:45:00+00:00,22411526-2,RH,CURRENT,%,79.22026398107882
2026-07-16T03:45:00+00:00,22411526-3,Dew Point,CURRENT,°C,17.28215455759312
2026-07-16T03:45:00+00:00,22411527-1,Temperature,CURRENT,°C,21.318720703125003
2026-07-16T03:45:00+00:00,22411527-2,RH,CURRENT,%,76.9741359578851
2026-07-16T03:45:00+00:00,22411527-3,Dew Point,CURRENT,°C,17.13931411401844
2026-07-16T03:45:00+00:00,22411528-1,Temperature,CURRENT,°C,20.911166992187496
2026-07-16T03:45:00+00:00,22411528-2,RH,CURRENT,%,80.5981536583505
2026-07-16T03:45:00+00:00,22411528-3,Dew Point,CURRENT,°C,17.471901076459176
2026-07-16T03:45:00+00:00,22411529-1,Temperature,CURRENT,°C,20.589414062500005
2026-07-16T03:45:00+00:00,22411529-2,RH,CURRENT,%,81.80666819256885
2026-07-16T03:45:00+00:00,22411529-3,Dew Point,CURRENT,°C,17.39391754768073
2026-07-16T03:45:00+00:00,22411530-1,Temperature,CURRENT,°C,21.232919921875002
2026-07-16T03:45:00+00:00,22411530-2,RH,CURRENT,%,77.5768673228046
2026-07-16T03:45:00+00:00,22411530-3,Dew Point,CURRENT,°C,17.179518891776166
2026-07-16T03:46:00+00:00,22411541-S,Battery,CURRENT,V,8.235087158203125
2026-07-16T03:50:00+00:00,22411189-1,Temperature,CURRENT,°C,21.147119140625
2026-07-16T03:50:00+00:00,22411189-2,RH,CURRENT,%,79.63683527885863
2026-07-16T03:50:00+00:00,22411189-3,Dew Point,CURRENT,°C,17.511409280654814
2026-07-16T03:50:00+00:00,22411190-1,Temperature,CURRENT,°C,21.190019531249995
2026-07-16T03:50:00+00:00,22411190-2,RH,CURRENT,%,77.41359578850995
2026-07-16T03:50:00+00:00,22411190-3,Dew Point,CURRENT,°C,17.1045680854266
2026-07-16T03:50:00+00:00,22411191-1,Temperature,CURRENT,°C,21.29727050781249
2026-07-16T03:50:00+00:00,22411191-2,RH,CURRENT,%,78.24521248187992
2026-07-16T03:50:00+00:00,22411191-3,Dew Point,CURRENT,°C,17.377848061857517
2026-07-16T03:50:00+00:00,22411525-1,Temperature,CURRENT,°C,21.275820312499995
2026-07-16T03:50:00+00:00,22411525-2,RH,CURRENT,%,76.6475928892958
2026-07-16T03:50:00+00:00,22411525-3,Dew Point,CURRENT,°C,17.03051422140927
2026-07-16T03:50:00+00:00,22411526-1,Temperature,CURRENT,°C,21.061318359375
2026-07-16T03:50:00+00:00,22411526-2,RH,CURRENT,%,78.70298313878081
2026-07-16T03:50:00+00:00,22411526-3,Dew Point,CURRENT,°C,17.240992340424555
2026-07-16T03:50:00+00:00,22411527-1,Temperature,CURRENT,°C,21.3401708984375
2026-07-16T03:50:00+00:00,22411527-2,RH,CURRENT,%,76.73609521629663
2026-07-16T03:50:00+00:00,22411527-3,Dew Point,CURRENT,°C,17.111108344638954
2026-07-16T03:50:00+00:00,22411528-1,Temperature,CURRENT,°C,20.954067382812504
2026-07-16T03:50:00+00:00,22411528-2,RH,CURRENT,%,80.21057450217441
2026-07-16T03:50:00+00:00,22411528-3,Dew Point,CURRENT,°C,17.43726490177709
2026-07-16T03:50:00+00:00,22411529-1,Temperature,CURRENT,°C,20.653764648437495
2026-07-16T03:50:00+00:00,22411529-2,RH,CURRENT,%,81.36415655756466
2026-07-16T03:50:00+00:00,22411529-3,Dew Point,CURRENT,°C,17.37078001097519
2026-07-16T03:50:00+00:00,22411530-1,Temperature,CURRENT,°C,21.2543701171875
2026-07-16T03:50:00+00:00,22411530-2,RH,CURRENT,%,77.30220492866407
2026-07-16T03:50:00+00:00,22411530-3,Dew Point,CURRENT,°C,17.144205888096355
2026-07-16T03:51:00+00:00,22411541-S,Battery,CURRENT,V,8.228625732421875
2026-07-16T03:55:00+00:00,22411189-1,Temperature,CURRENT,°C,21.275820312499995
2026-07-16T03:55:00+00:00,22411189-2,RH,CURRENT,%,78.87235828183414
2026-07-16T03:55:00+00:00,22411189-3,Dew Point,CURRENT,°C,17.483587161872748
2026-07-16T03:55:00+00:00,22411190-1,Temperature,CURRENT,°C,21.3401708984375
2026-07-16T03:55:00+00:00,22411190-2,RH,CURRENT,%,76.6674296177615
2026-07-16T03:55:00+00:00,22411190-3,Dew Point,CURRENT,°C,17.09694965182305
2026-07-16T03:55:00+00:00,22411191-1,Temperature,CURRENT,°C,21.447421874999996
2026-07-16T03:55:00+00:00,22411191-2,RH,CURRENT,%,77.34340428778515
2026-07-16T03:55:00+00:00,22411191-3,Dew Point,CURRENT,°C,17.339873997816472
2026-07-16T03:55:00+00:00,22411525-1,Temperature,CURRENT,°C,21.447421874999996
2026-07-16T03:55:00+00:00,22411525-2,RH,CURRENT,%,75.8434424353399
2026-07-16T03:55:00+00:00,22411525-3,Dew Point,CURRENT,°C,17.029941314416927
2026-07-16T03:55:00+00:00,22411526-1,Temperature,CURRENT,°C,21.190019531249995
2026-07-16T03:55:00+00:00,22411526-2,RH,CURRENT,%,78.0956740672923
2026-07-16T03:55:00+00:00,22411526-3,Dew Point,CURRENT,°C,17.243383711215248
2026-07-16T03:55:00+00:00,22411527-1,Temperature,CURRENT,°C,21.490322265625004
2026-07-16T03:55:00+00:00,22411527-2,RH,CURRENT,%,75.98077363241016
2026-07-16T03:55:00+00:00,22411527-3,Dew Point,CURRENT,°C,17.10005597031385
2026-07-16T03:55:00+00:00,22411528-1,Temperature,CURRENT,°C,21.082768554687497
2026-07-16T03:55:00+00:00,22411528-2,RH,CURRENT,%,79.60631723506523
2026-07-16T03:55:00+00:00,22411528-3,Dew Point,CURRENT,°C,17.44268951463628
2026-07-16T03:55:00+00:00,22411529-1,Temperature,CURRENT,°C,20.76101562499999
2026-07-16T03:55:00+00:00,22411529-2,RH,CURRENT,%,80.84534981307698
2026-07-16T03:55:00+00:00,22411529-3,Dew Point,CURRENT,°C,17.374041413413135
2026-07-16T03:55:00+00:00,22411530-1,Temperature,CURRENT,°C,21.4259716796875
2026-07-16T03:55:00+00:00,22411530-2,RH,CURRENT,%,76.31494621194781
2026-07-16T03:55:00+00:00,22411530-3,Dew Point,CURRENT,°C,17.107171470121262
2026-07-16T03:56:00+00:00,22411541-S,Battery,CURRENT,V,8.228625732421875
2026-07-16T04:00:00+00:00,22411189-1,Temperature,CURRENT,°C,21.361621093749996
2026-07-16T04:00:00+00:00,22411189-2,RH,CURRENT,%,78.51682307164111
2026-07-16T04:00:00+00:00,22411189-3,Dew Point,CURRENT,°C,17.4953131969827
2026-07-16T04:00:00+00:00,22411190-1,Temperature,CURRENT,°C,21.404521484375003
2026-07-16T04:00:00+00:00,22411190-2,RH,CURRENT,%,76.36530098420691
2026-07-16T04:00:00+00:00,22411190-3,Dew Point,CURRENT,°C,17.09683316101378
2026-07-16T04:00:00+00:00,22411191-1,Temperature,CURRENT,°C,21.5117724609375
2026-07-16T04:00:00+00:00,22411191-2,RH,CURRENT,%,76.9741359578851
2026-07-16T04:00:00+00:00,22411191-3,Dew Point,CURRENT,°C,17.326439531396584
2026-07-16T04:00:00+00:00,22411525-1,Temperature,CURRENT,°C,21.5117724609375
2026-07-16T04:00:00+00:00,22411525-2,RH,CURRENT,%,75.45891508354315
2026-07-16T04:00:00+00:00,22411525-3,Dew Point,CURRENT,°C,17.011844301741004
2026-07-16T04:00:00+00:00,22411526-1,Temperature,CURRENT,°C,21.29727050781249
2026-07-16T04:00:00+00:00,22411526-2,RH,CURRENT,%,77.62264438849469
2026-07-16T04:00:00+00:00,22411526-3,Dew Point,CURRENT,°C,17.251295992489432
2026-07-16T04:00:00+00:00,22411527-1,Temperature,CURRENT,°C,21.554672851562493
2026-07-16T04:00:00+00:00,22411527-2,RH,CURRENT,%,75.61913481345846
2026-07-16T04:00:00+00:00,22411527-3,Dew Point,CURRENT,°C,17.086861120363796
2026-07-16T04:00:00+00:00,22411528-1,Temperature,CURRENT,°C,21.21146972656249
2026-07-16T04:00:00+00:00,22411528-2,RH,CURRENT,%,78.98374914168002
2026-07-16T04:00:00+00:00,22411528-3,Dew Point,CURRENT,°C,17.443399849047506
2026-07-16T04:00:00+00:00,22411529-1,Temperature,CURRENT,°C,20.911166992187496
2026-07-16T04:00:00+00:00,22411529-2,RH,CURRENT,%,80.26550698100252
2026-07-16T04:00:00+00:00,22411529-3,Dew Point,CURRENT,°C,17.406318782353367
2026-07-16T04:00:00+00:00,22411530-1,Temperature,CURRENT,°C,21.490322265625004
2026-07-16T04:00:00+00:00,22411530-2,RH,CURRENT,%,75.93499656672007
2026-07-16T04:00:00+00:00,22411530-3,Dew Point,CURRENT,°C,17.09052505578313
2026-07-16T04:01:00+00:00,22411541-S,Battery,CURRENT,V,8.228625732421875
2026-07-16T04:05:00+00:00,22411189-1,Temperature,CURRENT,°C,21.404521484375003
2026-07-16T04:05:00+00:00,22411189-2,RH,CURRENT,%,78.51529716945144
2026-07-16T04:05:00+00:00,22411189-3,Dew Point,CURRENT,°C,17.5366910444028
2026-07-16T04:05:00+00:00,22411190-1,Temperature,CURRENT,°C,21.447421874999996
2026-07-16T04:05:00+00:00,22411190-2,RH,CURRENT,%,76.36835278858625
2026-07-16T04:05:00+00:00,22411190-3,Dew Point,CURRENT,°C,17.13900775276046
2026-07-16T04:05:00+00:00,22411191-1,Temperature,CURRENT,°C,21.554672851562493
2026-07-16T04:05:00+00:00,22411191-2,RH,CURRENT,%,77.1648737315938
2026-07-16T04:05:00+00:00,22411191-3,Dew Point,CURRENT,°C,17.407251575838508
2026-07-16T04:05:00+00:00,22411525-1,Temperature,CURRENT,°C,21.554672851562493
2026-07-16T04:05:00+00:00,22411525-2,RH,CURRENT,%,75.6267643244068
2026-07-16T04:05:00+00:00,22411525-3,Dew Point,CURRENT,°C,17.08845654592985
2026-07-16T04:05:00+00:00,22411526-1,Temperature,CURRENT,°C,21.318720703125003
2026-07-16T04:05:00+00:00,22411526-2,RH,CURRENT,%,77.59670405127031
2026-07-16T04:05:00+00:00,22411526-3,Dew Point,CURRENT,°C,17.26681652808781
2026-07-16T04:05:00+00:00,22411527-1,Temperature,CURRENT,°C,21.5975732421875
2026-07-16T04:05:00+00:00,22411527-2,RH,CURRENT,%,75.73357747768368
2026-07-16T04:05:00+00:00,22411527-3,Dew Point,CURRENT,°C,17.15227645740578
2026-07-16T04:05:00+00:00,22411528-1,Temperature,CURRENT,°C,21.2543701171875
2026-07-16T04:05:00+00:00,22411528-2,RH,CURRENT,%,78.8693064774548
2026-07-16T04:05:00+00:00,22411528-3,Dew Point,CURRENT,°C,17.462118344296215
2026-07-16T04:05:00+00:00,22411529-1,Temperature,CURRENT,°C,20.954067382812504
2026-07-16T04:05:00+00:00,22411529-2,RH,CURRENT,%,80.0854505226215
2026-07-16T04:05:00+00:00,22411529-3,Dew Point,CURRENT,°C,17.412511766460938
2026-07-16T04:05:00+00:00,22411530-1,Temperature,CURRENT,°C,21.533222656249997
2026-07-16T04:05:00+00:00,22411530-2,RH,CURRENT,%,76.09369039444572
2026-07-16T04:05:00+00:00,22411530-3,Dew Point,CURRENT,°C,17.16506761967728
